unsigned char __pandas_datetime_cpython_311_x86_64_linux_gnu_so[] = {
  0x7f, 0x45, 0x4c, 0x46, 0x02, 0x01, 0x01, 0x00, 0x00, 0x00, 0x00, 0x00,
  0x00, 0x00, 0x00, 0x00, 0x03, 0x00, 0x3e, 0x00, 0x01, 0x00, 0x00, 0x00,
  0x30, 0x22, 0x00, 0x00, 0x00, 0x00, 0x00, 0x00, 0x40, 0x00, 0x00, 0x00,
  0x00, 0x00, 0x00, 0x00, 0xe0, 0x92, 0x00, 0x00, 0x00, 0x00, 0x00, 0x00,
  0x00, 0x00, 0x00, 0x00, 0x40, 0x00, 0x38, 0x00, 0x09, 0x00, 0x40, 0x00,
  0x1a, 0x00, 0x19, 0x00, 0x01, 0x00, 0x00, 0x00, 0x04, 0x00, 0x00, 0x00,
  0x00, 0x00, 0x00, 0x00, 0x00, 0x00, 0x00, 0x00, 0x00, 0x00, 0x00, 0x00,
  0x00, 0x00, 0x00, 0x00, 0x00, 0x00, 0x00, 0x00, 0x00, 0x00, 0x00, 0x00,
  0x10, 0x10, 0x00, 0x00, 0x00, 0x00, 0x00, 0x00, 0x10, 0x10, 0x00, 0x00,
  0x00, 0x00, 0x00, 0x00, 0x00, 0x10, 0x00, 0x00, 0x00, 0x00, 0x00, 0x00,
  0x01, 0x00, 0x00, 0x00, 0x05, 0x00, 0x00, 0x00, 0x00, 0x20, 0x00, 0x00,
  0x00, 0x00, 0x00, 0x00, 0x00, 0x20, 0x00, 0x00, 0x00, 0x00, 0x00, 0x00,
  0x00, 0x20, 0x00, 0x00, 0x00, 0x00, 0x00, 0x00, 0x5d, 0x4a, 0x00, 0x00,
  0x00, 0x00, 0x00, 0x00, 0x5d, 0x4a, 0x00, 0x00, 0x00, 0x00, 0x00, 0x00,
  0x00, 0x10, 0x00, 0x00, 0x00, 0x00, 0x00, 0x00, 0x01, 0x00, 0x00, 0x00,
  0x04, 0x00, 0x00, 0x00, 0x00, 0x70, 0x00, 0x00, 0x00, 0x00, 0x00, 0x00,
  0x00, 0x70, 0x00, 0x00, 0x00, 0x00, 0x00, 0x00, 0x00, 0x70, 0x00, 0x00,
  0x00, 0x00, 0x00, 0x00, 0x48, 0x10, 0x00, 0x00, 0x00, 0x00, 0x00, 0x00,
  0x48, 0x10, 0x00, 0x00, 0x00, 0x00, 0x00, 0x00, 0x00, 0x10, 0x00, 0x00,
  0x00, 0x00, 0x00, 0x00, 0x01, 0x00, 0x00, 0x00, 0x06, 0x00, 0x00, 0x00,
  0x78, 0x8d, 0x00, 0x00, 0x00, 0x00, 0x00, 0x00, 0x78, 0x9d, 0x00, 0x00,
  0x00, 0x00, 0x00, 0x00, 0x78, 0x9d, 0x00, 0x00, 0x00, 0x00, 0x00, 0x00,
  0x48, 0x04, 0x00, 0x00, 0x00, 0x00, 0x00, 0x00, 0x60, 0x04, 0x00, 0x00,
  0x00, 0x00, 0x00, 0x00, 0x00, 0x10, 0x00, 0x00, 0x00, 0x00, 0x00, 0x00,
  0x02, 0x00, 0x00, 0x00, 0x06, 0x00, 0x00, 0x00, 0x90, 0x8d, 0x00, 0x00,
  0x00, 0x00, 0x00, 0x00, 0x90, 0x9d, 0x00, 0x00, 0x00, 0x00, 0x00, 0x00,
  0x90, 0x9d, 0x00, 0x00, 0x00, 0x00, 0x00, 0x00, 0xc0, 0x01, 0x00, 0x00,
  0x00, 0x00, 0x00, 0x00, 0xc0, 0x01, 0x00, 0x00, 0x00, 0x00, 0x00, 0x00,
  0x08, 0x00, 0x00, 0x00, 0x00, 0x00, 0x00, 0x00, 0x04, 0x00, 0x00, 0x00,
  0x04, 0x00, 0x00, 0x00, 0x38, 0x02, 0x00, 0x00, 0x00, 0x00, 0x00, 0x00,
  0x38, 0x02, 0x00, 0x00, 0x00, 0x00, 0x00, 0x00, 0x38, 0x02, 0x00, 0x00,
  0x00, 0x00, 0x00, 0x00, 0x24, 0x00, 0x00, 0x00, 0x00, 0x00, 0x00, 0x00,
  0x24, 0x00, 0x00, 0x00, 0x00, 0x00, 0x00, 0x00, 0x04, 0x00, 0x00, 0x00,
  0x00, 0x00, 0x00, 0x00, 0x50, 0xe5, 0x74, 0x64, 0x04, 0x00, 0x00, 0x00,
  0x2c, 0x7a, 0x00, 0x00, 0x00, 0x00, 0x00, 0x00, 0x2c, 0x7a, 0x00, 0x00,
  0x00, 0x00, 0x00, 0x00, 0x2c, 0x7a, 0x00, 0x00, 0x00, 0x00, 0x00, 0x00,
  0xe4, 0x00, 0x00, 0x00, 0x00, 0x00, 0x00, 0x00, 0xe4, 0x00, 0x00, 0x00,
  0x00, 0x00, 0x00, 0x00, 0x04, 0x00, 0x00, 0x00, 0x00, 0x00, 0x00, 0x00,
  0x51, 0xe5, 0x74, 0x64, 0x06, 0x00, 0x00, 0x00, 0x00, 0x00, 0x00, 0x00,
  0x00, 0x00, 0x00, 0x00, 0x00, 0x00, 0x00, 0x00, 0x00, 0x00, 0x00, 0x00,
  0x00, 0x00, 0x00, 0x00, 0x00, 0x00, 0x00, 0x00, 0x00, 0x00, 0x00, 0x00,
  0x00, 0x00, 0x00, 0x00, 0x00, 0x00, 0x00, 0x00, 0x00, 0x00, 0x00, 0x00,
  0x10, 0x00, 0x00, 0x00, 0x00, 0x00, 0x00, 0x00, 0x52, 0xe5, 0x74, 0x64,
  0x04, 0x00, 0x00, 0x00, 0x78, 0x8d, 0x00, 0x00, 0x00, 0x00, 0x00, 0x00,
  0x78, 0x9d, 0x00, 0x00, 0x00, 0x00, 0x00, 0x00, 0x78, 0x9d, 0x00, 0x00,
  0x00, 0x00, 0x00, 0x00, 0x88, 0x02, 0x00, 0x00, 0x00, 0x00, 0x00, 0x00,
  0x88, 0x02, 0x00, 0x00, 0x00, 0x00, 0x00, 0x00, 0x01, 0x00, 0x00, 0x00,
  0x00, 0x00, 0x00, 0x00, 0x04, 0x00, 0x00, 0x00, 0x14, 0x00, 0x00, 0x00,
  0x03, 0x00, 0x00, 0x00, 0x47, 0x4e, 0x55, 0x00, 0x3d, 0xe5, 0xba, 0x0e,
  0x5e, 0x6e, 0x72, 0xd0, 0x41, 0x6e, 0x00, 0x9d, 0xe6, 0x50, 0x0f, 0x36,
  0xbf, 0x6d, 0xce, 0x4a, 0x00, 0x00, 0x00, 0x00, 0x05, 0x00, 0x00, 0x00,
  0x2a, 0x00, 0x00, 0x00, 0x01, 0x00, 0x00, 0x00, 0x06, 0x00, 0x00, 0x00,
  0x00, 0x80, 0x00, 0x00, 0x10, 0x04, 0x40, 0x01, 0x2a, 0x00, 0x00, 0x00,
  0x00, 0x00, 0x00, 0x00, 0x2b, 0x00, 0x00, 0x00, 0x2c, 0x00, 0x00, 0x00,
  0x00, 0x00, 0x00, 0x00, 0xb9, 0x8d, 0xf1, 0x0e, 0xa5, 0x2a, 0xa5, 0x9c,
  0xeb, 0xd3, 0xef, 0x0e, 0x00, 0x00, 0x00, 0x00, 0x00, 0x00, 0x00, 0x00,
  0x00, 0x00, 0x00, 0x00, 0x00, 0x00, 0x00, 0x00, 0x00, 0x00, 0x00, 0x00,
  0x00, 0x00, 0x00, 0x00, 0x14, 0x01, 0x00, 0x00, 0x12, 0x00, 0x00, 0x00,
  0x00, 0x00, 0x00, 0x00, 0x00, 0x00, 0x00, 0x00, 0x00, 0x00, 0x00, 0x00,
  0x00, 0x00, 0x00, 0x00, 0x1c, 0x00, 0x00, 0x00, 0x20, 0x00, 0x00, 0x00,
  0x00, 0x00, 0x00, 0x00, 0x00, 0x00, 0x00, 0x00, 0x00, 0x00, 0x00, 0x00,
  0x00, 0x00, 0x00, 0x00, 0xdd, 0x00, 0x00, 0x00, 0x10, 0x00, 0x00, 0x00,
  0x00, 0x00, 0x00, 0x00, 0x00, 0x00, 0x00, 0x00, 0x00, 0x00, 0x00, 0x00,
  0x00, 0x00, 0x00, 0x00, 0x7e, 0x02, 0x00, 0x00, 0x10, 0x00, 0x00, 0x00,
  0x00, 0x00, 0x00, 0x00, 0x00, 0x00, 0x00, 0x00, 0x00, 0x00, 0x00, 0x00,
  0x00, 0x00, 0x00, 0x00, 0x87, 0x00, 0x00, 0x00, 0x10, 0x00, 0x00, 0x00,
  0x00, 0x00, 0x00, 0x00, 0x00, 0x00, 0x00, 0x00, 0x00, 0x00, 0x00, 0x00,
  0x00, 0x00, 0x00, 0x00, 0x89, 0x01, 0x00, 0x00, 0x10, 0x00, 0x00, 0x00,
  0x00, 0x00, 0x00, 0x00, 0x00, 0x00, 0x00, 0x00, 0x00, 0x00, 0x00, 0x00,
  0x00, 0x00, 0x00, 0x00, 0x61, 0x00, 0x00, 0x00, 0x10, 0x00, 0x00, 0x00,
  0x00, 0x00, 0x00, 0x00, 0x00, 0x00, 0x00, 0x00, 0x00, 0x00, 0x00, 0x00,
  0x00, 0x00, 0x00, 0x00, 0x9b, 0x00, 0x00, 0x00, 0x10, 0x00, 0x00, 0x00,
  0x00, 0x00, 0x00, 0x00, 0x00, 0x00, 0x00, 0x00, 0x00, 0x00, 0x00, 0x00,
  0x00, 0x00, 0x00, 0x00, 0x09, 0x02, 0x00, 0x00, 0x10, 0x00, 0x00, 0x00,
  0x00, 0x00, 0x00, 0x00, 0x00, 0x00, 0x00, 0x00, 0x00, 0x00, 0x00, 0x00,
  0x00, 0x00, 0x00, 0x00, 0x65, 0x01, 0x00, 0x00, 0x10, 0x00, 0x00, 0x00,
  0x00, 0x00, 0x00, 0x00, 0x00, 0x00, 0x00, 0x00, 0x00, 0x00, 0x00, 0x00,
  0x00, 0x00, 0x00, 0x00, 0x50, 0x01, 0x00, 0x00, 0x12, 0x00, 0x00, 0x00,
  0x00, 0x00, 0x00, 0x00, 0x00, 0x00, 0x00, 0x00, 0x00, 0x00, 0x00, 0x00,
  0x00, 0x00, 0x00, 0x00, 0x01, 0x01, 0x00, 0x00, 0x10, 0x00, 0x00, 0x00,
  0x00, 0x00, 0x00, 0x00, 0x00, 0x00, 0x00, 0x00, 0x00, 0x00, 0x00, 0x00,
  0x00, 0x00, 0x00, 0x00, 0x3b, 0x02, 0x00, 0x00, 0x10, 0x00, 0x00, 0x00,
  0x00, 0x00, 0x00, 0x00, 0x00, 0x00, 0x00, 0x00, 0x00, 0x00, 0x00, 0x00,
  0x00, 0x00, 0x00, 0x00, 0xcd, 0x00, 0x00, 0x00, 0x10, 0x00, 0x00, 0x00,
  0x00, 0x00, 0x00, 0x00, 0x00, 0x00, 0x00, 0x00, 0x00, 0x00, 0x00, 0x00,
  0x00, 0x00, 0x00, 0x00, 0x37, 0x01, 0x00, 0x00, 0x12, 0x00, 0x00, 0x00,
  0x00, 0x00, 0x00, 0x00, 0x00, 0x00, 0x00, 0x00, 0x00, 0x00, 0x00, 0x00,
  0x00, 0x00, 0x00, 0x00, 0xf0, 0x00, 0x00, 0x00, 0x10, 0x00, 0x00, 0x00,
  0x00, 0x00, 0x00, 0x00, 0x00, 0x00, 0x00, 0x00, 0x00, 0x00, 0x00, 0x00,
  0x00, 0x00, 0x00, 0x00, 0x40, 0x01, 0x00, 0x00, 0x10, 0x00, 0x00, 0x00,
  0x00, 0x00, 0x00, 0x00, 0x00, 0x00, 0x00, 0x00, 0x00, 0x00, 0x00, 0x00,
  0x00, 0x00, 0x00, 0x00, 0xa7, 0x00, 0x00, 0x00, 0x10, 0x00, 0x00, 0x00,
  0x00, 0x00, 0x00, 0x00, 0x00, 0x00, 0x00, 0x00, 0x00, 0x00, 0x00, 0x00,
  0x00, 0x00, 0x00, 0x00, 0xc0, 0x02, 0x00, 0x00, 0x10, 0x00, 0x00, 0x00,
  0x00, 0x00, 0x00, 0x00, 0x00, 0x00, 0x00, 0x00, 0x00, 0x00, 0x00, 0x00,
  0x00, 0x00, 0x00, 0x00, 0xa9, 0x02, 0x00, 0x00, 0x10, 0x00, 0x00, 0x00,
  0x00, 0x00, 0x00, 0x00, 0x00, 0x00, 0x00, 0x00, 0x00, 0x00, 0x00, 0x00,
  0x00, 0x00, 0x00, 0x00, 0x57, 0x01, 0x00, 0x00, 0x10, 0x00, 0x00, 0x00,
  0x00, 0x00, 0x00, 0x00, 0x00, 0x00, 0x00, 0x00, 0x00, 0x00, 0x00, 0x00,
  0x00, 0x00, 0x00, 0x00, 0x94, 0x01, 0x00, 0x00, 0x10, 0x00, 0x00, 0x00,
  0x00, 0x00, 0x00, 0x00, 0x00, 0x00, 0x00, 0x00, 0x00, 0x00, 0x00, 0x00,
  0x00, 0x00, 0x00, 0x00, 0xcc, 0x02, 0x00, 0x00, 0x10, 0x00, 0x00, 0x00,
  0x00, 0x00, 0x00, 0x00, 0x00, 0x00, 0x00, 0x00, 0x00, 0x00, 0x00, 0x00,
  0x00, 0x00, 0x00, 0x00, 0x01, 0x00, 0x00, 0x00, 0x20, 0x00, 0x00, 0x00,
  0x00, 0x00, 0x00, 0x00, 0x00, 0x00, 0x00, 0x00, 0x00, 0x00, 0x00, 0x00,
  0x00, 0x00, 0x00, 0x00, 0xb9, 0x00, 0x00, 0x00, 0x10, 0x00, 0x00, 0x00,
  0x00, 0x00, 0x00, 0x00, 0x00, 0x00, 0x00, 0x00, 0x00, 0x00, 0x00, 0x00,
  0x00, 0x00, 0x00, 0x00, 0x49, 0x02, 0x00, 0x00, 0x10, 0x00, 0x00, 0x00,
  0x00, 0x00, 0x00, 0x00, 0x00, 0x00, 0x00, 0x00, 0x00, 0x00, 0x00, 0x00,
  0x00, 0x00, 0x00, 0x00, 0xfb, 0x01, 0x00, 0x00, 0x10, 0x00, 0x00, 0x00,
  0x00, 0x00, 0x00, 0x00, 0x00, 0x00, 0x00, 0x00, 0x00, 0x00, 0x00, 0x00,
  0x00, 0x00, 0x00, 0x00, 0xc0, 0x01, 0x00, 0x00, 0x10, 0x00, 0x00, 0x00,
  0x00, 0x00, 0x00, 0x00, 0x00, 0x00, 0x00, 0x00, 0x00, 0x00, 0x00, 0x00,
  0x00, 0x00, 0x00, 0x00, 0x20, 0x02, 0x00, 0x00, 0x10, 0x00, 0x00, 0x00,
  0x00, 0x00, 0x00, 0x00, 0x00, 0x00, 0x00, 0x00, 0x00, 0x00, 0x00, 0x00,
  0x00, 0x00, 0x00, 0x00, 0x78, 0x00, 0x00, 0x00, 0x10, 0x00, 0x00, 0x00,
  0x00, 0x00, 0x00, 0x00, 0x00, 0x00, 0x00, 0x00, 0x00, 0x00, 0x00, 0x00,
  0x00, 0x00, 0x00, 0x00, 0x8f, 0x02, 0x00, 0x00, 0x10, 0x00, 0x00, 0x00,
  0x00, 0x00, 0x00, 0x00, 0x00, 0x00, 0x00, 0x00, 0x00, 0x00, 0x00, 0x00,
  0x00, 0x00, 0x00, 0x00, 0x6f, 0x02, 0x00, 0x00, 0x10, 0x00, 0x00, 0x00,
  0x00, 0x00, 0x00, 0x00, 0x00, 0x00, 0x00, 0x00, 0x00, 0x00, 0x00, 0x00,
  0x00, 0x00, 0x00, 0x00, 0xd6, 0x01, 0x00, 0x00, 0x10, 0x00, 0x00, 0x00,
  0x00, 0x00, 0x00, 0x00, 0x00, 0x00, 0x00, 0x00, 0x00, 0x00, 0x00, 0x00,
  0x00, 0x00, 0x00, 0x00, 0xe9, 0x01, 0x00, 0x00, 0x10, 0x00, 0x00, 0x00,
  0x00, 0x00, 0x00, 0x00, 0x00, 0x00, 0x00, 0x00, 0x00, 0x00, 0x00, 0x00,
  0x00, 0x00, 0x00, 0x00, 0xb2, 0x01, 0x00, 0x00, 0x10, 0x00, 0x00, 0x00,
  0x00, 0x00, 0x00, 0x00, 0x00, 0x00, 0x00, 0x00, 0x00, 0x00, 0x00, 0x00,
  0x00, 0x00, 0x00, 0x00, 0x2a, 0x01, 0x00, 0x00, 0x10, 0x00, 0x00, 0x00,
  0x00, 0x00, 0x00, 0x00, 0x00, 0x00, 0x00, 0x00, 0x00, 0x00, 0x00, 0x00,
  0x00, 0x00, 0x00, 0x00, 0x74, 0x01, 0x00, 0x00, 0x10, 0x00, 0x00, 0x00,
  0x00, 0x00, 0x00, 0x00, 0x00, 0x00, 0x00, 0x00, 0x00, 0x00, 0x00, 0x00,
  0x00, 0x00, 0x00, 0x00, 0x38, 0x00, 0x00, 0x00, 0x20, 0x00, 0x00, 0x00,
  0x00, 0x00, 0x00, 0x00, 0x00, 0x00, 0x00, 0x00, 0x00, 0x00, 0x00, 0x00,
  0x00, 0x00, 0x00, 0x00, 0xa5, 0x01, 0x00, 0x00, 0x10, 0x00, 0x00, 0x00,
  0x00, 0x00, 0x00, 0x00, 0x00, 0x00, 0x00, 0x00, 0x00, 0x00, 0x00, 0x00,
  0x00, 0x00, 0x00, 0x00, 0x52, 0x00, 0x00, 0x00, 0x22, 0x00, 0x00, 0x00,
  0x00, 0x00, 0x00, 0x00, 0x00, 0x00, 0x00, 0x00, 0x00, 0x00, 0x00, 0x00,
  0x00, 0x00, 0x00, 0x00, 0x1c, 0x01, 0x00, 0x00, 0x12, 0x00, 0x00, 0x00,
  0x00, 0x00, 0x00, 0x00, 0x00, 0x00, 0x00, 0x00, 0x00, 0x00, 0x00, 0x00,
  0x00, 0x00, 0x00, 0x00, 0x10, 0x00, 0x00, 0x00, 0x12, 0x00, 0x09, 0x00,
  0x00, 0x20, 0x00, 0x00, 0x00, 0x00, 0x00, 0x00, 0x00, 0x00, 0x00, 0x00,
  0x00, 0x00, 0x00, 0x00, 0x58, 0x02, 0x00, 0x00, 0x12, 0x00, 0x0b, 0x00,
  0x30, 0x68, 0x00, 0x00, 0x00, 0x00, 0x00, 0x00, 0x22, 0x02, 0x00, 0x00,
  0x00, 0x00, 0x00, 0x00, 0x16, 0x00, 0x00, 0x00, 0x12, 0x00, 0x0c, 0x00,
  0x54, 0x6a, 0x00, 0x00, 0x00, 0x00, 0x00, 0x00, 0x00, 0x00, 0x00, 0x00,
  0x00, 0x00, 0x00, 0x00, 0x00, 0x5f, 0x5f, 0x67, 0x6d, 0x6f, 0x6e, 0x5f,
  0x73, 0x74, 0x61, 0x72, 0x74, 0x5f, 0x5f, 0x00, 0x5f, 0x69, 0x6e, 0x69,
  0x74, 0x00, 0x5f, 0x66, 0x69, 0x6e, 0x69, 0x00, 0x5f, 0x49, 0x54, 0x4d,
  0x5f, 0x64, 0x65, 0x72, 0x65, 0x67, 0x69, 0x73, 0x74, 0x65, 0x72, 0x54,
  0x4d, 0x43, 0x6c, 0x6f, 0x6e, 0x65, 0x54, 0x61, 0x62, 0x6c, 0x65, 0x00,
  0x5f, 0x49, 0x54, 0x4d, 0x5f, 0x72, 0x65, 0x67, 0x69, 0x73, 0x74, 0x65,
  0x72, 0x54, 0x4d, 0x43, 0x6c, 0x6f, 0x6e, 0x65, 0x54, 0x61, 0x62, 0x6c,
  0x65, 0x00, 0x5f, 0x5f, 0x63, 0x78, 0x61, 0x5f, 0x66, 0x69, 0x6e, 0x61,
  0x6c, 0x69, 0x7a, 0x65, 0x00, 0x50, 0x79, 0x4f, 0x62, 0x6a, 0x65, 0x63,
  0x74, 0x5f, 0x47, 0x65, 0x74, 0x41, 0x74, 0x74, 0x72, 0x53, 0x74, 0x72,
  0x69, 0x6e, 0x67, 0x00, 0x5f, 0x50, 0x79, 0x5f, 0x4e, 0x6f, 0x6e, 0x65,
  0x53, 0x74, 0x72, 0x75, 0x63, 0x74, 0x00, 0x50, 0x79, 0x4f, 0x62, 0x6a,
  0x65, 0x63, 0x74, 0x5f, 0x43, 0x61, 0x6c, 0x6c, 0x4d, 0x65, 0x74, 0x68,
  0x6f, 0x64, 0x00, 0x5f, 0x50, 0x79, 0x5f, 0x44, 0x65, 0x61, 0x6c, 0x6c,
  0x6f, 0x63, 0x00, 0x50, 0x79, 0x47, 0x49, 0x4c, 0x53, 0x74, 0x61, 0x74,
  0x65, 0x5f, 0x45, 0x6e, 0x73, 0x75, 0x72, 0x65, 0x00, 0x50, 0x79, 0x45,
  0x78, 0x63, 0x5f, 0x4f, 0x76, 0x65, 0x72, 0x66, 0x6c, 0x6f, 0x77, 0x45,
  0x72, 0x72, 0x6f, 0x72, 0x00, 0x50, 0x79, 0x45, 0x72, 0x72, 0x5f, 0x53,
  0x65, 0x74, 0x53, 0x74, 0x72, 0x69, 0x6e, 0x67, 0x00, 0x50, 0x79, 0x47,
  0x49, 0x4c, 0x53, 0x74, 0x61, 0x74, 0x65, 0x5f, 0x52, 0x65, 0x6c, 0x65,
  0x61, 0x73, 0x65, 0x00, 0x50, 0x79, 0x45, 0x78, 0x63, 0x5f, 0x56, 0x61,
  0x6c, 0x75, 0x65, 0x45, 0x72, 0x72, 0x6f, 0x72, 0x00, 0x50, 0x79, 0x45,
  0x78, 0x63, 0x5f, 0x52, 0x75, 0x6e, 0x74, 0x69, 0x6d, 0x65, 0x45, 0x72,
  0x72, 0x6f, 0x72, 0x00, 0x73, 0x74, 0x72, 0x6e, 0x63, 0x6d, 0x70, 0x00,
  0x5f, 0x5f, 0x63, 0x74, 0x79, 0x70, 0x65, 0x5f, 0x62, 0x5f, 0x6c, 0x6f,
  0x63, 0x00, 0x50, 0x79, 0x45, 0x72, 0x72, 0x5f, 0x46, 0x6f, 0x72, 0x6d,
  0x61, 0x74, 0x00, 0x73, 0x6e, 0x70, 0x72, 0x69, 0x6e, 0x74, 0x66, 0x00,
  0x50, 0x79, 0x4f, 0x62, 0x6a, 0x65, 0x63, 0x74, 0x5f, 0x4d, 0x61, 0x6c,
  0x6c, 0x6f, 0x63, 0x00, 0x73, 0x74, 0x72, 0x6c, 0x65, 0x6e, 0x00, 0x50,
  0x79, 0x4f, 0x62, 0x6a, 0x65, 0x63, 0x74, 0x5f, 0x46, 0x72, 0x65, 0x65,
  0x00, 0x50, 0x79, 0x45, 0x72, 0x72, 0x5f, 0x4e, 0x6f, 0x4d, 0x65, 0x6d,
  0x6f, 0x72, 0x79, 0x00, 0x50, 0x79, 0x43, 0x61, 0x70, 0x73, 0x75, 0x6c,
  0x65, 0x5f, 0x47, 0x65, 0x74, 0x50, 0x6f, 0x69, 0x6e, 0x74, 0x65, 0x72,
  0x00, 0x50, 0x79, 0x4d, 0x65, 0x6d, 0x5f, 0x46, 0x72, 0x65, 0x65, 0x00,
  0x50, 0x79, 0x43, 0x61, 0x70, 0x73, 0x75, 0x6c, 0x65, 0x5f, 0x49, 0x6d,
  0x70, 0x6f, 0x72, 0x74, 0x00, 0x50, 0x79, 0x4d, 0x65, 0x6d, 0x5f, 0x4d,
  0x61, 0x6c, 0x6c, 0x6f, 0x63, 0x00, 0x50, 0x79, 0x43, 0x61, 0x70, 0x73,
  0x75, 0x6c, 0x65, 0x5f, 0x4e, 0x65, 0x77, 0x00, 0x50, 0x79, 0x49, 0x6d,
  0x70, 0x6f, 0x72, 0x74, 0x5f, 0x49, 0x6d, 0x70, 0x6f, 0x72, 0x74, 0x4d,
  0x6f, 0x64, 0x75, 0x6c, 0x65, 0x00, 0x50, 0x79, 0x4d, 0x6f, 0x64, 0x75,
  0x6c, 0x65, 0x5f, 0x41, 0x64, 0x64, 0x4f, 0x62, 0x6a, 0x65, 0x63, 0x74,
  0x00, 0x50, 0x79, 0x45, 0x78, 0x63, 0x5f, 0x49, 0x6d, 0x70, 0x6f, 0x72,
  0x74, 0x45, 0x72, 0x72, 0x6f, 0x72, 0x00, 0x50, 0x79, 0x4c, 0x6f, 0x6e,
  0x67, 0x5f, 0x41, 0x73, 0x4c, 0x6f, 0x6e, 0x67, 0x00, 0x50, 0x79, 0x4f,
  0x62, 0x6a, 0x65, 0x63, 0x74, 0x5f, 0x48, 0x61, 0x73, 0x41, 0x74, 0x74,
  0x72, 0x53, 0x74, 0x72, 0x69, 0x6e, 0x67, 0x00, 0x5f, 0x50, 0x79, 0x4f,
  0x62, 0x6a, 0x65, 0x63, 0x74, 0x5f, 0x43, 0x61, 0x6c, 0x6c, 0x4d, 0x65,
  0x74, 0x68, 0x6f, 0x64, 0x5f, 0x53, 0x69, 0x7a, 0x65, 0x54, 0x00, 0x50,
  0x79, 0x4e, 0x75, 0x6d, 0x62, 0x65, 0x72, 0x5f, 0x4c, 0x6f, 0x6e, 0x67,
  0x00, 0x50, 0x79, 0x45, 0x72, 0x72, 0x5f, 0x4f, 0x63, 0x63, 0x75, 0x72,
  0x72, 0x65, 0x64, 0x00, 0x50, 0x79, 0x49, 0x6e, 0x69, 0x74, 0x5f, 0x70,
  0x61, 0x6e, 0x64, 0x61, 0x73, 0x5f, 0x64, 0x61, 0x74, 0x65, 0x74, 0x69,
  0x6d, 0x65, 0x00, 0x50, 0x79, 0x43, 0x61, 0x70, 0x73, 0x75, 0x6c, 0x65,
  0x5f, 0x54, 0x79, 0x70, 0x65, 0x00, 0x50, 0x79, 0x4d, 0x6f, 0x64, 0x75,
  0x6c, 0x65, 0x44, 0x65, 0x66, 0x5f, 0x49, 0x6e, 0x69, 0x74, 0x00, 0x50,
  0x79, 0x45, 0x78, 0x63, 0x5f, 0x4d, 0x6f, 0x64, 0x75, 0x6c, 0x65, 0x4e,
  0x6f, 0x74, 0x46, 0x6f, 0x75, 0x6e, 0x64, 0x45, 0x72, 0x72, 0x6f, 0x72,
  0x00, 0x50, 0x79, 0x45, 0x72, 0x72, 0x5f, 0x45, 0x78, 0x63, 0x65, 0x70,
  0x74, 0x69, 0x6f, 0x6e, 0x4d, 0x61, 0x74, 0x63, 0x68, 0x65, 0x73, 0x00,
  0x50, 0x79, 0x45, 0x72, 0x72, 0x5f, 0x50, 0x72, 0x69, 0x6e, 0x74, 0x00,
  0x50, 0x79, 0x45, 0x72, 0x72, 0x5f, 0x43, 0x6c, 0x65, 0x61, 0x72, 0x00,
  0x6c, 0x69, 0x62, 0x63, 0x2e, 0x73, 0x6f, 0x2e, 0x36, 0x00, 0x47, 0x4c,
  0x49, 0x42, 0x43, 0x5f, 0x32, 0x2e, 0x33, 0x00, 0x47, 0x4c, 0x49, 0x42,
  0x43, 0x5f, 0x32, 0x2e, 0x32, 0x2e, 0x35, 0x00, 0x00, 0x00, 0x02, 0x00,
  0x00, 0x00, 0x00, 0x00, 0x00, 0x00, 0x00, 0x00, 0x00, 0x00, 0x00, 0x00,
  0x00, 0x00, 0x00, 0x00, 0x00, 0x00, 0x02, 0x00, 0x00, 0x00, 0x00, 0x00,
  0x00, 0x00, 0x02, 0x00, 0x00, 0x00, 0x00, 0x00, 0x00, 0x00, 0x00, 0x00,
  0x00, 0x00, 0x00, 0x00, 0x00, 0x00, 0x00, 0x00, 0x00, 0x00, 0x00, 0x00,
  0x00, 0x00, 0x00, 0x00, 0x00, 0x00, 0x00, 0x00, 0x00, 0x00, 0x00, 0x00,
  0x00, 0x00, 0x00, 0x00, 0x00, 0x00, 0x00, 0x00, 0x00, 0x00, 0x00, 0x00,
  0x00, 0x00, 0x00, 0x00, 0x02, 0x00, 0x03, 0x00, 0x01, 0x00, 0x01, 0x00,
  0x01, 0x00, 0x00, 0x00, 0x00, 0x00, 0x00, 0x00, 0x01, 0x00, 0x02, 0x00,
  0xd8, 0x02, 0x00, 0x00, 0x10, 0x00, 0x00, 0x00, 0x00, 0x00, 0x00, 0x00,
  0x13, 0x69, 0x69, 0x0d, 0x00, 0x00, 0x03, 0x00, 0xe2, 0x02, 0x00, 0x00,
  0x10, 0x00, 0x00, 0x00, 0x75, 0x1a, 0x69, 0x09, 0x00, 0x00, 0x02, 0x00,
  0xec, 0x02, 0x00, 0x00, 0x00, 0x00, 0x00, 0x00, 0x78, 0x9d, 0x00, 0x00,
  0x00, 0x00, 0x00, 0x00, 0x08, 0x00, 0x00, 0x00, 0x00, 0x00, 0x00, 0x00,
  0xf0, 0x22, 0x00, 0x00, 0x00, 0x00, 0x00, 0x00, 0x80, 0x9d, 0x00, 0x00,
  0x00, 0x00, 0x00, 0x00, 0x08, 0x00, 0x00, 0x00, 0x00, 0x00, 0x00, 0x00,
  0xb0, 0x22, 0x00, 0x00, 0x00, 0x00, 0x00, 0x00, 0x88, 0x9d, 0x00, 0x00,
  0x00, 0x00, 0x00, 0x00, 0x08, 0x00, 0x00, 0x00, 0x00, 0x00, 0x00, 0x00,
  0x88, 0x9d, 0x00, 0x00, 0x00, 0x00, 0x00, 0x00, 0x58, 0x9f, 0x00, 0x00,
  0x00, 0x00, 0x00, 0x00, 0x08, 0x00, 0x00, 0x00, 0x00, 0x00, 0x00, 0x00,
  0x70, 0x2f, 0x00, 0x00, 0x00, 0x00, 0x00, 0x00, 0x60, 0x9f, 0x00, 0x00,
  0x00, 0x00, 0x00, 0x00, 0x08, 0x00, 0x00, 0x00, 0x00, 0x00, 0x00, 0x00,
  0x20, 0x45, 0x00, 0x00, 0x00, 0x00, 0x00, 0x00, 0x70, 0x9f, 0x00, 0x00,
  0x00, 0x00, 0x00, 0x00, 0x08, 0x00, 0x00, 0x00, 0x00, 0x00, 0x00, 0x00,
  0x70, 0x33, 0x00, 0x00, 0x00, 0x00, 0x00, 0x00, 0x80, 0x9f, 0x00, 0x00,
  0x00, 0x00, 0x00, 0x00, 0x08, 0x00, 0x00, 0x00, 0x00, 0x00, 0x00, 0x00,
  0x00, 0x61, 0x00, 0x00, 0x00, 0x00, 0x00, 0x00, 0x88, 0x9f, 0x00, 0x00,
  0x00, 0x00, 0x00, 0x00, 0x08, 0x00, 0x00, 0x00, 0x00, 0x00, 0x00, 0x00,
  0xd0, 0x56, 0x00, 0x00, 0x00, 0x00, 0x00, 0x00, 0x90, 0x9f, 0x00, 0x00,
  0x00, 0x00, 0x00, 0x00, 0x08, 0x00, 0x00, 0x00, 0x00, 0x00, 0x00, 0x00,
  0x50, 0x3b, 0x00, 0x00, 0x00, 0x00, 0x00, 0x00, 0xa8, 0x9f, 0x00, 0x00,
  0x00, 0x00, 0x00, 0x00, 0x08, 0x00, 0x00, 0x00, 0x00, 0x00, 0x00, 0x00,
  0x60, 0x60, 0x00, 0x00, 0x00, 0x00, 0x00, 0x00, 0xc8, 0x9f, 0x00, 0x00,
  0x00, 0x00, 0x00, 0x00, 0x08, 0x00, 0x00, 0x00, 0x00, 0x00, 0x00, 0x00,
  0xa0, 0x61, 0x00, 0x00, 0x00, 0x00, 0x00, 0x00, 0xd8, 0x9f, 0x00, 0x00,
  0x00, 0x00, 0x00, 0x00, 0x08, 0x00, 0x00, 0x00, 0x00, 0x00, 0x00, 0x00,
  0xd0, 0x55, 0x00, 0x00, 0x00, 0x00, 0x00, 0x00, 0xe8, 0x9f, 0x00, 0x00,
  0x00, 0x00, 0x00, 0x00, 0x08, 0x00, 0x00, 0x00, 0x00, 0x00, 0x00, 0x00,
  0xc0, 0x30, 0x00, 0x00, 0x00, 0x00, 0x00, 0x00, 0xf8, 0x9f, 0x00, 0x00,
  0x00, 0x00, 0x00, 0x00, 0x08, 0x00, 0x00, 0x00, 0x00, 0x00, 0x00, 0x00,
  0x50, 0x44, 0x00, 0x00, 0x00, 0x00, 0x00, 0x00, 0x48, 0xa1, 0x00, 0x00,
  0x00, 0x00, 0x00, 0x00, 0x08, 0x00, 0x00, 0x00, 0x00, 0x00, 0x00, 0x00,
  0xb5, 0x76, 0x00, 0x00, 0x00, 0x00, 0x00, 0x00, 0x50, 0xa1, 0x00, 0x00,
  0x00, 0x00, 0x00, 0x00, 0x08, 0x00, 0x00, 0x00, 0x00, 0x00, 0x00, 0x00,
  0xf0, 0x79, 0x00, 0x00, 0x00, 0x00, 0x00, 0x00, 0x68, 0xa1, 0x00, 0x00,
  0x00, 0x00, 0x00, 0x00, 0x08, 0x00, 0x00, 0x00, 0x00, 0x00, 0x00, 0x00,
  0xa0, 0xa1, 0x00, 0x00, 0x00, 0x00, 0x00, 0x00, 0xa8, 0xa1, 0x00, 0x00,
  0x00, 0x00, 0x00, 0x00, 0x08, 0x00, 0x00, 0x00, 0x00, 0x00, 0x00, 0x00,
  0x50, 0x62, 0x00, 0x00, 0x00, 0x00, 0x00, 0x00, 0x50, 0x9f, 0x00, 0x00,
  0x00, 0x00, 0x00, 0x00, 0x06, 0x00, 0x00, 0x00, 0x02, 0x00, 0x00, 0x00,
  0x00, 0x00, 0x00, 0x00, 0x00, 0x00, 0x00, 0x00, 0x68, 0x9f, 0x00, 0x00,
  0x00, 0x00, 0x00, 0x00, 0x06, 0x00, 0x00, 0x00, 0x0c, 0x00, 0x00, 0x00,
  0x00, 0x00, 0x00, 0x00, 0x00, 0x00, 0x00, 0x00, 0x78, 0x9f, 0x00, 0x00,
  0x00, 0x00, 0x00, 0x00, 0x06, 0x00, 0x00, 0x00, 0x10, 0x00, 0x00, 0x00,
  0x00, 0x00, 0x00, 0x00, 0x00, 0x00, 0x00, 0x00, 0x98, 0x9f, 0x00, 0x00,
  0x00, 0x00, 0x00, 0x00, 0x06, 0x00, 0x00, 0x00, 0x18, 0x00, 0x00, 0x00,
  0x00, 0x00, 0x00, 0x00, 0x00, 0x00, 0x00, 0x00, 0xa0, 0x9f, 0x00, 0x00,
  0x00, 0x00, 0x00, 0x00, 0x06, 0x00, 0x00, 0x00, 0x19, 0x00, 0x00, 0x00,
  0x00, 0x00, 0x00, 0x00, 0x00, 0x00, 0x00, 0x00, 0xb0, 0x9f, 0x00, 0x00,
  0x00, 0x00, 0x00, 0x00, 0x06, 0x00, 0x00, 0x00, 0x1e, 0x00, 0x00, 0x00,
  0x00, 0x00, 0x00, 0x00, 0x00, 0x00, 0x00, 0x00, 0xb8, 0x9f, 0x00, 0x00,
  0x00, 0x00, 0x00, 0x00, 0x06, 0x00, 0x00, 0x00, 0x1f, 0x00, 0x00, 0x00,
  0x00, 0x00, 0x00, 0x00, 0x00, 0x00, 0x00, 0x00, 0xc0, 0x9f, 0x00, 0x00,
  0x00, 0x00, 0x00, 0x00, 0x06, 0x00, 0x00, 0x00, 0x20, 0x00, 0x00, 0x00,
  0x00, 0x00, 0x00, 0x00, 0x00, 0x00, 0x00, 0x00, 0xd0, 0x9f, 0x00, 0x00,
  0x00, 0x00, 0x00, 0x00, 0x06, 0x00, 0x00, 0x00, 0x22, 0x00, 0x00, 0x00,
  0x00, 0x00, 0x00, 0x00, 0x00, 0x00, 0x00, 0x00, 0xe0, 0x9f, 0x00, 0x00,
  0x00, 0x00, 0x00, 0x00, 0x06, 0x00, 0x00, 0x00, 0x26, 0x00, 0x00, 0x00,
  0x00, 0x00, 0x00, 0x00, 0x00, 0x00, 0x00, 0x00, 0xf0, 0x9f, 0x00, 0x00,
  0x00, 0x00, 0x00, 0x00, 0x06, 0x00, 0x00, 0x00, 0x28, 0x00, 0x00, 0x00,
  0x00, 0x00, 0x00, 0x00, 0x00, 0x00, 0x00, 0x00, 0x18, 0xa0, 0x00, 0x00,
  0x00, 0x00, 0x00, 0x00, 0x07, 0x00, 0x00, 0x00, 0x01, 0x00, 0x00, 0x00,
  0x00, 0x00, 0x00, 0x00, 0x00, 0x00, 0x00, 0x00, 0x20, 0xa0, 0x00, 0x00,
  0x00, 0x00, 0x00, 0x00, 0x07, 0x00, 0x00, 0x00, 0x03, 0x00, 0x00, 0x00,
  0x00, 0x00, 0x00, 0x00, 0x00, 0x00, 0x00, 0x00, 0x28, 0xa0, 0x00, 0x00,
  0x00, 0x00, 0x00, 0x00, 0x07, 0x00, 0x00, 0x00, 0x04, 0x00, 0x00, 0x00,
  0x00, 0x00, 0x00, 0x00, 0x00, 0x00, 0x00, 0x00, 0x30, 0xa0, 0x00, 0x00,
  0x00, 0x00, 0x00, 0x00, 0x07, 0x00, 0x00, 0x00, 0x05, 0x00, 0x00, 0x00,
  0x00, 0x00, 0x00, 0x00, 0x00, 0x00, 0x00, 0x00, 0x38, 0xa0, 0x00, 0x00,
  0x00, 0x00, 0x00, 0x00, 0x07, 0x00, 0x00, 0x00, 0x06, 0x00, 0x00, 0x00,
  0x00, 0x00, 0x00, 0x00, 0x00, 0x00, 0x00, 0x00, 0x40, 0xa0, 0x00, 0x00,
  0x00, 0x00, 0x00, 0x00, 0x07, 0x00, 0x00, 0x00, 0x07, 0x00, 0x00, 0x00,
  0x00, 0x00, 0x00, 0x00, 0x00, 0x00, 0x00, 0x00, 0x48, 0xa0, 0x00, 0x00,
  0x00, 0x00, 0x00, 0x00, 0x07, 0x00, 0x00, 0x00, 0x08, 0x00, 0x00, 0x00,
  0x00, 0x00, 0x00, 0x00, 0x00, 0x00, 0x00, 0x00, 0x50, 0xa0, 0x00, 0x00,
  0x00, 0x00, 0x00, 0x00, 0x07, 0x00, 0x00, 0x00, 0x09, 0x00, 0x00, 0x00,
  0x00, 0x00, 0x00, 0x00, 0x00, 0x00, 0x00, 0x00, 0x58, 0xa0, 0x00, 0x00,
  0x00, 0x00, 0x00, 0x00, 0x07, 0x00, 0x00, 0x00, 0x0a, 0x00, 0x00, 0x00,
  0x00, 0x00, 0x00, 0x00, 0x00, 0x00, 0x00, 0x00, 0x60, 0xa0, 0x00, 0x00,
  0x00, 0x00, 0x00, 0x00, 0x07, 0x00, 0x00, 0x00, 0x0b, 0x00, 0x00, 0x00,
  0x00, 0x00, 0x00, 0x00, 0x00, 0x00, 0x00, 0x00, 0x68, 0xa0, 0x00, 0x00,
  0x00, 0x00, 0x00, 0x00, 0x07, 0x00, 0x00, 0x00, 0x0d, 0x00, 0x00, 0x00,
  0x00, 0x00, 0x00, 0x00, 0x00, 0x00, 0x00, 0x00, 0x70, 0xa0, 0x00, 0x00,
  0x00, 0x00, 0x00, 0x00, 0x07, 0x00, 0x00, 0x00, 0x0e, 0x00, 0x00, 0x00,
  0x00, 0x00, 0x00, 0x00, 0x00, 0x00, 0x00, 0x00, 0x78, 0xa0, 0x00, 0x00,
  0x00, 0x00, 0x00, 0x00, 0x07, 0x00, 0x00, 0x00, 0x0f, 0x00, 0x00, 0x00,
  0x00, 0x00, 0x00, 0x00, 0x00, 0x00, 0x00, 0x00, 0x80, 0xa0, 0x00, 0x00,
  0x00, 0x00, 0x00, 0x00, 0x07, 0x00, 0x00, 0x00, 0x11, 0x00, 0x00, 0x00,
  0x00, 0x00, 0x00, 0x00, 0x00, 0x00, 0x00, 0x00, 0x88, 0xa0, 0x00, 0x00,
  0x00, 0x00, 0x00, 0x00, 0x07, 0x00, 0x00, 0x00, 0x12, 0x00, 0x00, 0x00,
  0x00, 0x00, 0x00, 0x00, 0x00, 0x00, 0x00, 0x00, 0x90, 0xa0, 0x00, 0x00,
  0x00, 0x00, 0x00, 0x00, 0x07, 0x00, 0x00, 0x00, 0x13, 0x00, 0x00, 0x00,
  0x00, 0x00, 0x00, 0x00, 0x00, 0x00, 0x00, 0x00, 0x98, 0xa0, 0x00, 0x00,
  0x00, 0x00, 0x00, 0x00, 0x07, 0x00, 0x00, 0x00, 0x14, 0x00, 0x00, 0x00,
  0x00, 0x00, 0x00, 0x00, 0x00, 0x00, 0x00, 0x00, 0xa0, 0xa0, 0x00, 0x00,
  0x00, 0x00, 0x00, 0x00, 0x07, 0x00, 0x00, 0x00, 0x15, 0x00, 0x00, 0x00,
  0x00, 0x00, 0x00, 0x00, 0x00, 0x00, 0x00, 0x00, 0xa8, 0xa0, 0x00, 0x00,
  0x00, 0x00, 0x00, 0x00, 0x07, 0x00, 0x00, 0x00, 0x16, 0x00, 0x00, 0x00,
  0x00, 0x00, 0x00, 0x00, 0x00, 0x00, 0x00, 0x00, 0xb0, 0xa0, 0x00, 0x00,
  0x00, 0x00, 0x00, 0x00, 0x07, 0x00, 0x00, 0x00, 0x17, 0x00, 0x00, 0x00,
  0x00, 0x00, 0x00, 0x00, 0x00, 0x00, 0x00, 0x00, 0xb8, 0xa0, 0x00, 0x00,
  0x00, 0x00, 0x00, 0x00, 0x07, 0x00, 0x00, 0x00, 0x18, 0x00, 0x00, 0x00,
  0x00, 0x00, 0x00, 0x00, 0x00, 0x00, 0x00, 0x00, 0xc0, 0xa0, 0x00, 0x00,
  0x00, 0x00, 0x00, 0x00, 0x07, 0x00, 0x00, 0x00, 0x1a, 0x00, 0x00, 0x00,
  0x00, 0x00, 0x00, 0x00, 0x00, 0x00, 0x00, 0x00, 0xc8, 0xa0, 0x00, 0x00,
  0x00, 0x00, 0x00, 0x00, 0x07, 0x00, 0x00, 0x00, 0x1b, 0x00, 0x00, 0x00,
  0x00, 0x00, 0x00, 0x00, 0x00, 0x00, 0x00, 0x00, 0xd0, 0xa0, 0x00, 0x00,
  0x00, 0x00, 0x00, 0x00, 0x07, 0x00, 0x00, 0x00, 0x1c, 0x00, 0x00, 0x00,
  0x00, 0x00, 0x00, 0x00, 0x00, 0x00, 0x00, 0x00, 0xd8, 0xa0, 0x00, 0x00,
  0x00, 0x00, 0x00, 0x00, 0x07, 0x00, 0x00, 0x00, 0x1d, 0x00, 0x00, 0x00,
  0x00, 0x00, 0x00, 0x00, 0x00, 0x00, 0x00, 0x00, 0xe0, 0xa0, 0x00, 0x00,
  0x00, 0x00, 0x00, 0x00, 0x07, 0x00, 0x00, 0x00, 0x21, 0x00, 0x00, 0x00,
  0x00, 0x00, 0x00, 0x00, 0x00, 0x00, 0x00, 0x00, 0xe8, 0xa0, 0x00, 0x00,
  0x00, 0x00, 0x00, 0x00, 0x07, 0x00, 0x00, 0x00, 0x23, 0x00, 0x00, 0x00,
  0x00, 0x00, 0x00, 0x00, 0x00, 0x00, 0x00, 0x00, 0xf0, 0xa0, 0x00, 0x00,
  0x00, 0x00, 0x00, 0x00, 0x07, 0x00, 0x00, 0x00, 0x24, 0x00, 0x00, 0x00,
  0x00, 0x00, 0x00, 0x00, 0x00, 0x00, 0x00, 0x00, 0xf8, 0xa0, 0x00, 0x00,
  0x00, 0x00, 0x00, 0x00, 0x07, 0x00, 0x00, 0x00, 0x25, 0x00, 0x00, 0x00,
  0x00, 0x00, 0x00, 0x00, 0x00, 0x00, 0x00, 0x00, 0x00, 0xa1, 0x00, 0x00,
  0x00, 0x00, 0x00, 0x00, 0x07, 0x00, 0x00, 0x00, 0x27, 0x00, 0x00, 0x00,
  0x00, 0x00, 0x00, 0x00, 0x00, 0x00, 0x00, 0x00, 0x08, 0xa1, 0x00, 0x00,
  0x00, 0x00, 0x00, 0x00, 0x07, 0x00, 0x00, 0x00, 0x28, 0x00, 0x00, 0x00,
  0x00, 0x00, 0x00, 0x00, 0x00, 0x00, 0x00, 0x00, 0x10, 0xa1, 0x00, 0x00,
  0x00, 0x00, 0x00, 0x00, 0x07, 0x00, 0x00, 0x00, 0x29, 0x00, 0x00, 0x00,
  0x00, 0x00, 0x00, 0x00, 0x00, 0x00, 0x00, 0x00, 0x00, 0x00, 0x00, 0x00,
  0x00, 0x00, 0x00, 0x00, 0x00, 0x00, 0x00, 0x00, 0x00, 0x00, 0x00, 0x00,
  0x00, 0x00, 0x00, 0x00, 0x00, 0x00, 0x00, 0x00, 0x00, 0x00, 0x00, 0x00,
  0x00, 0x00, 0x00, 0x00, 0x00, 0x00, 0x00, 0x00, 0x00, 0x00, 0x00, 0x00,
  0x00, 0x00, 0x00, 0x00, 0x00, 0x00, 0x00, 0x00, 0x00, 0x00, 0x00, 0x00,
  0x00, 0x00, 0x00, 0x00, 0x00, 0x00, 0x00, 0x00, 0x00, 0x00, 0x00, 0x00,
  0x00, 0x00, 0x00, 0x00, 0x00, 0x00, 0x00, 0x00, 0x00, 0x00, 0x00, 0x00,
  0x00, 0x00, 0x00, 0x00, 0x00, 0x00, 0x00, 0x00, 0x00, 0x00, 0x00, 0x00,
  0x00, 0x00, 0x00, 0x00, 0x00, 0x00, 0x00, 0x00, 0x00, 0x00, 0x00, 0x00,
  0x00, 0x00, 0x00, 0x00, 0x00, 0x00, 0x00, 0x00, 0x00, 0x00, 0x00, 0x00,
  0x00, 0x00, 0x00, 0x00, 0x00, 0x00, 0x00, 0x00, 0x00, 0x00, 0x00, 0x00,
  0x00, 0x00, 0x00, 0x00, 0x00, 0x00, 0x00, 0x00, 0x00, 0x00, 0x00, 0x00,
  0x00, 0x00, 0x00, 0x00, 0x00, 0x00, 0x00, 0x00, 0x00, 0x00, 0x00, 0x00,
  0x00, 0x00, 0x00, 0x00, 0x00, 0x00, 0x00, 0x00, 0x00, 0x00, 0x00, 0x00,
  0x00, 0x00, 0x00, 0x00, 0x00, 0x00, 0x00, 0x00, 0x00, 0x00, 0x00, 0x00,
  0x00, 0x00, 0x00, 0x00, 0x00, 0x00, 0x00, 0x00, 0x00, 0x00, 0x00, 0x00,
  0x00, 0x00, 0x00, 0x00, 0x00, 0x00, 0x00, 0x00, 0x00, 0x00, 0x00, 0x00,
  0x00, 0x00, 0x00, 0x00, 0x00, 0x00, 0x00, 0x00, 0x00, 0x00, 0x00, 0x00,
  0x00, 0x00, 0x00, 0x00, 0x00, 0x00, 0x00, 0x00, 0x00, 0x00, 0x00, 0x00,
  0x00, 0x00, 0x00, 0x00, 0x00, 0x00, 0x00, 0x00, 0x00, 0x00, 0x00, 0x00,
  0x00, 0x00, 0x00, 0x00, 0x00, 0x00, 0x00, 0x00, 0x00, 0x00, 0x00, 0x00,
  0x00, 0x00, 0x00, 0x00, 0x00, 0x00, 0x00, 0x00, 0x00, 0x00, 0x00, 0x00,
  0x00, 0x00, 0x00, 0x00, 0x00, 0x00, 0x00, 0x00, 0x00, 0x00, 0x00, 0x00,
  0x00, 0x00, 0x00, 0x00, 0x00, 0x00, 0x00, 0x00, 0x00, 0x00, 0x00, 0x00,
  0x00, 0x00, 0x00, 0x00, 0x00, 0x00, 0x00, 0x00, 0x00, 0x00, 0x00, 0x00,
  0x00, 0x00, 0x00, 0x00, 0x00, 0x00, 0x00, 0x00, 0x00, 0x00, 0x00, 0x00,
  0x00, 0x00, 0x00, 0x00, 0x00, 0x00, 0x00, 0x00, 0x00, 0x00, 0x00, 0x00,
  0x00, 0x00, 0x00, 0x00, 0x00, 0x00, 0x00, 0x00, 0x00, 0x00, 0x00, 0x00,
  0x00, 0x00, 0x00, 0x00, 0x00, 0x00, 0x00, 0x00, 0x00, 0x00, 0x00, 0x00,
  0x00, 0x00, 0x00, 0x00, 0x00, 0x00, 0x00, 0x00, 0x00, 0x00, 0x00, 0x00,
  0x00, 0x00, 0x00, 0x00, 0x00, 0x00, 0x00, 0x00, 0x00, 0x00, 0x00, 0x00,
  0x00, 0x00, 0x00, 0x00, 0x00, 0x00, 0x00, 0x00, 0x00, 0x00, 0x00, 0x00,
  0x00, 0x00, 0x00, 0x00, 0x00, 0x00, 0x00, 0x00, 0x00, 0x00, 0x00, 0x00,
  0x00, 0x00, 0x00, 0x00, 0x00, 0x00, 0x00, 0x00, 0x00, 0x00, 0x00, 0x00,
  0x00, 0x00, 0x00, 0x00, 0x00, 0x00, 0x00, 0x00, 0x00, 0x00, 0x00, 0x00,
  0x00, 0x00, 0x00, 0x00, 0x00, 0x00, 0x00, 0x00, 0x00, 0x00, 0x00, 0x00,
  0x00, 0x00, 0x00, 0x00, 0x00, 0x00, 0x00, 0x00, 0x00, 0x00, 0x00, 0x00,
  0x00, 0x00, 0x00, 0x00, 0x00, 0x00, 0x00, 0x00, 0x00, 0x00, 0x00, 0x00,
  0x00, 0x00, 0x00, 0x00, 0x00, 0x00, 0x00, 0x00, 0x00, 0x00, 0x00, 0x00,
  0x00, 0x00, 0x00, 0x00, 0x00, 0x00, 0x00, 0x00, 0x00, 0x00, 0x00, 0x00,
  0x00, 0x00, 0x00, 0x00, 0x00, 0x00, 0x00, 0x00, 0x00, 0x00, 0x00, 0x00,
  0x00, 0x00, 0x00, 0x00, 0x00, 0x00, 0x00, 0x00, 0x00, 0x00, 0x00, 0x00,
  0x00, 0x00, 0x00, 0x00, 0x00, 0x00, 0x00, 0x00, 0x00, 0x00, 0x00, 0x00,
  0x00, 0x00, 0x00, 0x00, 0x00, 0x00, 0x00, 0x00, 0x00, 0x00, 0x00, 0x00,
  0x00, 0x00, 0x00, 0x00, 0x00, 0x00, 0x00, 0x00, 0x00, 0x00, 0x00, 0x00,
  0x00, 0x00, 0x00, 0x00, 0x00, 0x00, 0x00, 0x00, 0x00, 0x00, 0x00, 0x00,
  0x00, 0x00, 0x00, 0x00, 0x00, 0x00, 0x00, 0x00, 0x00, 0x00, 0x00, 0x00,
  0x00, 0x00, 0x00, 0x00, 0x00, 0x00, 0x00, 0x00, 0x00, 0x00, 0x00, 0x00,
  0x00, 0x00, 0x00, 0x00, 0x00, 0x00, 0x00, 0x00, 0x00, 0x00, 0x00, 0x00,
  0x00, 0x00, 0x00, 0x00, 0x00, 0x00, 0x00, 0x00, 0x00, 0x00, 0x00, 0x00,
  0x00, 0x00, 0x00, 0x00, 0x00, 0x00, 0x00, 0x00, 0x00, 0x00, 0x00, 0x00,
  0x00, 0x00, 0x00, 0x00, 0x00, 0x00, 0x00, 0x00, 0x00, 0x00, 0x00, 0x00,
  0x00, 0x00, 0x00, 0x00, 0x00, 0x00, 0x00, 0x00, 0x00, 0x00, 0x00, 0x00,
  0x00, 0x00, 0x00, 0x00, 0x00, 0x00, 0x00, 0x00, 0x00, 0x00, 0x00, 0x00,
  0x00, 0x00, 0x00, 0x00, 0x00, 0x00, 0x00, 0x00, 0x00, 0x00, 0x00, 0x00,
  0x00, 0x00, 0x00, 0x00, 0x00, 0x00, 0x00, 0x00, 0x00, 0x00, 0x00, 0x00,
  0x00, 0x00, 0x00, 0x00, 0x00, 0x00, 0x00, 0x00, 0x00, 0x00, 0x00, 0x00,
  0x00, 0x00, 0x00, 0x00, 0x00, 0x00, 0x00, 0x00, 0x00, 0x00, 0x00, 0x00,
  0x00, 0x00, 0x00, 0x00, 0x00, 0x00, 0x00, 0x00, 0x00, 0x00, 0x00, 0x00,
  0x00, 0x00, 0x00, 0x00, 0x00, 0x00, 0x00, 0x00, 0x00, 0x00, 0x00, 0x00,
  0x00, 0x00, 0x00, 0x00, 0x00, 0x00, 0x00, 0x00, 0x00, 0x00, 0x00, 0x00,
  0x00, 0x00, 0x00, 0x00, 0x00, 0x00, 0x00, 0x00, 0x00, 0x00, 0x00, 0x00,
  0x00, 0x00, 0x00, 0x00, 0x00, 0x00, 0x00, 0x00, 0x00, 0x00, 0x00, 0x00,
  0x00, 0x00, 0x00, 0x00, 0x00, 0x00, 0x00, 0x00, 0x00, 0x00, 0x00, 0x00,
  0x00, 0x00, 0x00, 0x00, 0x00, 0x00, 0x00, 0x00, 0x00, 0x00, 0x00, 0x00,
  0x00, 0x00, 0x00, 0x00, 0x00, 0x00, 0x00, 0x00, 0x00, 0x00, 0x00, 0x00,
  0x00, 0x00, 0x00, 0x00, 0x00, 0x00, 0x00, 0x00, 0x00, 0x00, 0x00, 0x00,
  0x00, 0x00, 0x00, 0x00, 0x00, 0x00, 0x00, 0x00, 0x00, 0x00, 0x00, 0x00,
  0x00, 0x00, 0x00, 0x00, 0x00, 0x00, 0x00, 0x00, 0x00, 0x00, 0x00, 0x00,
  0x00, 0x00, 0x00, 0x00, 0x00, 0x00, 0x00, 0x00, 0x00, 0x00, 0x00, 0x00,
  0x00, 0x00, 0x00, 0x00, 0x00, 0x00, 0x00, 0x00, 0x00, 0x00, 0x00, 0x00,
  0x00, 0x00, 0x00, 0x00, 0x00, 0x00, 0x00, 0x00, 0x00, 0x00, 0x00, 0x00,
  0x00, 0x00, 0x00, 0x00, 0x00, 0x00, 0x00, 0x00, 0x00, 0x00, 0x00, 0x00,
  0x00, 0x00, 0x00, 0x00, 0x00, 0x00, 0x00, 0x00, 0x00, 0x00, 0x00, 0x00,
  0x00, 0x00, 0x00, 0x00, 0x00, 0x00, 0x00, 0x00, 0x00, 0x00, 0x00, 0x00,
  0x00, 0x00, 0x00, 0x00, 0x00, 0x00, 0x00, 0x00, 0x00, 0x00, 0x00, 0x00,
  0x00, 0x00, 0x00, 0x00, 0x00, 0x00, 0x00, 0x00, 0x00, 0x00, 0x00, 0x00,
  0x00, 0x00, 0x00, 0x00, 0x00, 0x00, 0x00, 0x00, 0x00, 0x00, 0x00, 0x00,
  0x00, 0x00, 0x00, 0x00, 0x00, 0x00, 0x00, 0x00, 0x00, 0x00, 0x00, 0x00,
  0x00, 0x00, 0x00, 0x00, 0x00, 0x00, 0x00, 0x00, 0x00, 0x00, 0x00, 0x00,
  0x00, 0x00, 0x00, 0x00, 0x00, 0x00, 0x00, 0x00, 0x00, 0x00, 0x00, 0x00,
  0x00, 0x00, 0x00, 0x00, 0x00, 0x00, 0x00, 0x00, 0x00, 0x00, 0x00, 0x00,
  0x00, 0x00, 0x00, 0x00, 0x00, 0x00, 0x00, 0x00, 0x00, 0x00, 0x00, 0x00,
  0x00, 0x00, 0x00, 0x00, 0x00, 0x00, 0x00, 0x00, 0x00, 0x00, 0x00, 0x00,
  0x00, 0x00, 0x00, 0x00, 0x00, 0x00, 0x00, 0x00, 0x00, 0x00, 0x00, 0x00,
  0x00, 0x00, 0x00, 0x00, 0x00, 0x00, 0x00, 0x00, 0x00, 0x00, 0x00, 0x00,
  0x00, 0x00, 0x00, 0x00, 0x00, 0x00, 0x00, 0x00, 0x00, 0x00, 0x00, 0x00,
  0x00, 0x00, 0x00, 0x00, 0x00, 0x00, 0x00, 0x00, 0x00, 0x00, 0x00, 0x00,
  0x00, 0x00, 0x00, 0x00, 0x00, 0x00, 0x00, 0x00, 0x00, 0x00, 0x00, 0x00,
  0x00, 0x00, 0x00, 0x00, 0x00, 0x00, 0x00, 0x00, 0x00, 0x00, 0x00, 0x00,
  0x00, 0x00, 0x00, 0x00, 0x00, 0x00, 0x00, 0x00, 0x00, 0x00, 0x00, 0x00,
  0x00, 0x00, 0x00, 0x00, 0x00, 0x00, 0x00, 0x00, 0x00, 0x00, 0x00, 0x00,
  0x00, 0x00, 0x00, 0x00, 0x00, 0x00, 0x00, 0x00, 0x00, 0x00, 0x00, 0x00,
  0x00, 0x00, 0x00, 0x00, 0x00, 0x00, 0x00, 0x00, 0x00, 0x00, 0x00, 0x00,
  0x00, 0x00, 0x00, 0x00, 0x00, 0x00, 0x00, 0x00, 0x00, 0x00, 0x00, 0x00,
  0x00, 0x00, 0x00, 0x00, 0x00, 0x00, 0x00, 0x00, 0x00, 0x00, 0x00, 0x00,
  0x00, 0x00, 0x00, 0x00, 0x00, 0x00, 0x00, 0x00, 0x00, 0x00, 0x00, 0x00,
  0x00, 0x00, 0x00, 0x00, 0x00, 0x00, 0x00, 0x00, 0x00, 0x00, 0x00, 0x00,
  0x00, 0x00, 0x00, 0x00, 0x00, 0x00, 0x00, 0x00, 0x00, 0x00, 0x00, 0x00,
  0x00, 0x00, 0x00, 0x00, 0x00, 0x00, 0x00, 0x00, 0x00, 0x00, 0x00, 0x00,
  0x00, 0x00, 0x00, 0x00, 0x00, 0x00, 0x00, 0x00, 0x00, 0x00, 0x00, 0x00,
  0x00, 0x00, 0x00, 0x00, 0x00, 0x00, 0x00, 0x00, 0x00, 0x00, 0x00, 0x00,
  0x00, 0x00, 0x00, 0x00, 0x00, 0x00, 0x00, 0x00, 0x00, 0x00, 0x00, 0x00,
  0x00, 0x00, 0x00, 0x00, 0x00, 0x00, 0x00, 0x00, 0x00, 0x00, 0x00, 0x00,
  0x00, 0x00, 0x00, 0x00, 0x00, 0x00, 0x00, 0x00, 0x00, 0x00, 0x00, 0x00,
  0x00, 0x00, 0x00, 0x00, 0x00, 0x00, 0x00, 0x00, 0x00, 0x00, 0x00, 0x00,
  0x00, 0x00, 0x00, 0x00, 0x00, 0x00, 0x00, 0x00, 0x00, 0x00, 0x00, 0x00,
  0x00, 0x00, 0x00, 0x00, 0x00, 0x00, 0x00, 0x00, 0x00, 0x00, 0x00, 0x00,
  0x00, 0x00, 0x00, 0x00, 0x00, 0x00, 0x00, 0x00, 0x00, 0x00, 0x00, 0x00,
  0x00, 0x00, 0x00, 0x00, 0x00, 0x00, 0x00, 0x00, 0x00, 0x00, 0x00, 0x00,
  0x00, 0x00, 0x00, 0x00, 0x00, 0x00, 0x00, 0x00, 0x00, 0x00, 0x00, 0x00,
  0x00, 0x00, 0x00, 0x00, 0x00, 0x00, 0x00, 0x00, 0x00, 0x00, 0x00, 0x00,
  0x00, 0x00, 0x00, 0x00, 0x00, 0x00, 0x00, 0x00, 0x00, 0x00, 0x00, 0x00,
  0x00, 0x00, 0x00, 0x00, 0x00, 0x00, 0x00, 0x00, 0x00, 0x00, 0x00, 0x00,
  0x00, 0x00, 0x00, 0x00, 0x00, 0x00, 0x00, 0x00, 0x00, 0x00, 0x00, 0x00,
  0x00, 0x00, 0x00, 0x00, 0x00, 0x00, 0x00, 0x00, 0x00, 0x00, 0x00, 0x00,
  0x00, 0x00, 0x00, 0x00, 0x00, 0x00, 0x00, 0x00, 0x00, 0x00, 0x00, 0x00,
  0x00, 0x00, 0x00, 0x00, 0x00, 0x00, 0x00, 0x00, 0x00, 0x00, 0x00, 0x00,
  0x00, 0x00, 0x00, 0x00, 0x00, 0x00, 0x00, 0x00, 0x00, 0x00, 0x00, 0x00,
  0x00, 0x00, 0x00, 0x00, 0x00, 0x00, 0x00, 0x00, 0x00, 0x00, 0x00, 0x00,
  0x00, 0x00, 0x00, 0x00, 0x00, 0x00, 0x00, 0x00, 0x00, 0x00, 0x00, 0x00,
  0x00, 0x00, 0x00, 0x00, 0x00, 0x00, 0x00, 0x00, 0x00, 0x00, 0x00, 0x00,
  0x00, 0x00, 0x00, 0x00, 0x00, 0x00, 0x00, 0x00, 0x00, 0x00, 0x00, 0x00,
  0x00, 0x00, 0x00, 0x00, 0x00, 0x00, 0x00, 0x00, 0x00, 0x00, 0x00, 0x00,
  0x00, 0x00, 0x00, 0x00, 0x00, 0x00, 0x00, 0x00, 0x00, 0x00, 0x00, 0x00,
  0x00, 0x00, 0x00, 0x00, 0x00, 0x00, 0x00, 0x00, 0x00, 0x00, 0x00, 0x00,
  0x00, 0x00, 0x00, 0x00, 0x00, 0x00, 0x00, 0x00, 0x00, 0x00, 0x00, 0x00,
  0x00, 0x00, 0x00, 0x00, 0x00, 0x00, 0x00, 0x00, 0x00, 0x00, 0x00, 0x00,
  0x00, 0x00, 0x00, 0x00, 0x00, 0x00, 0x00, 0x00, 0x00, 0x00, 0x00, 0x00,
  0x00, 0x00, 0x00, 0x00, 0x00, 0x00, 0x00, 0x00, 0x00, 0x00, 0x00, 0x00,
  0x00, 0x00, 0x00, 0x00, 0x00, 0x00, 0x00, 0x00, 0x00, 0x00, 0x00, 0x00,
  0x00, 0x00, 0x00, 0x00, 0x00, 0x00, 0x00, 0x00, 0x00, 0x00, 0x00, 0x00,
  0x00, 0x00, 0x00, 0x00, 0x00, 0x00, 0x00, 0x00, 0x00, 0x00, 0x00, 0x00,
  0x00, 0x00, 0x00, 0x00, 0x00, 0x00, 0x00, 0x00, 0x00, 0x00, 0x00, 0x00,
  0x00, 0x00, 0x00, 0x00, 0x00, 0x00, 0x00, 0x00, 0x00, 0x00, 0x00, 0x00,
  0x00, 0x00, 0x00, 0x00, 0x00, 0x00, 0x00, 0x00, 0x00, 0x00, 0x00, 0x00,
  0x00, 0x00, 0x00, 0x00, 0x00, 0x00, 0x00, 0x00, 0x00, 0x00, 0x00, 0x00,
  0x00, 0x00, 0x00, 0x00, 0x00, 0x00, 0x00, 0x00, 0x00, 0x00, 0x00, 0x00,
  0x00, 0x00, 0x00, 0x00, 0x00, 0x00, 0x00, 0x00, 0x00, 0x00, 0x00, 0x00,
  0x00, 0x00, 0x00, 0x00, 0x00, 0x00, 0x00, 0x00, 0x00, 0x00, 0x00, 0x00,
  0x00, 0x00, 0x00, 0x00, 0x00, 0x00, 0x00, 0x00, 0x00, 0x00, 0x00, 0x00,
  0x00, 0x00, 0x00, 0x00, 0x00, 0x00, 0x00, 0x00, 0x00, 0x00, 0x00, 0x00,
  0x00, 0x00, 0x00, 0x00, 0x00, 0x00, 0x00, 0x00, 0x00, 0x00, 0x00, 0x00,
  0x00, 0x00, 0x00, 0x00, 0x00, 0x00, 0x00, 0x00, 0x00, 0x00, 0x00, 0x00,
  0x00, 0x00, 0x00, 0x00, 0x00, 0x00, 0x00, 0x00, 0x00, 0x00, 0x00, 0x00,
  0x00, 0x00, 0x00, 0x00, 0x00, 0x00, 0x00, 0x00, 0x00, 0x00, 0x00, 0x00,
  0x00, 0x00, 0x00, 0x00, 0x00, 0x00, 0x00, 0x00, 0x00, 0x00, 0x00, 0x00,
  0x00, 0x00, 0x00, 0x00, 0x00, 0x00, 0x00, 0x00, 0x00, 0x00, 0x00, 0x00,
  0x00, 0x00, 0x00, 0x00, 0x00, 0x00, 0x00, 0x00, 0x00, 0x00, 0x00, 0x00,
  0x00, 0x00, 0x00, 0x00, 0x00, 0x00, 0x00, 0x00, 0x00, 0x00, 0x00, 0x00,
  0x00, 0x00, 0x00, 0x00, 0x00, 0x00, 0x00, 0x00, 0x00, 0x00, 0x00, 0x00,
  0x00, 0x00, 0x00, 0x00, 0x00, 0x00, 0x00, 0x00, 0x00, 0x00, 0x00, 0x00,
  0x00, 0x00, 0x00, 0x00, 0x00, 0x00, 0x00, 0x00, 0x00, 0x00, 0x00, 0x00,
  0x00, 0x00, 0x00, 0x00, 0x00, 0x00, 0x00, 0x00, 0x00, 0x00, 0x00, 0x00,
  0x00, 0x00, 0x00, 0x00, 0x00, 0x00, 0x00, 0x00, 0x00, 0x00, 0x00, 0x00,
  0x00, 0x00, 0x00, 0x00, 0x00, 0x00, 0x00, 0x00, 0x00, 0x00, 0x00, 0x00,
  0x00, 0x00, 0x00, 0x00, 0x00, 0x00, 0x00, 0x00, 0x00, 0x00, 0x00, 0x00,
  0x00, 0x00, 0x00, 0x00, 0x00, 0x00, 0x00, 0x00, 0x00, 0x00, 0x00, 0x00,
  0x00, 0x00, 0x00, 0x00, 0x00, 0x00, 0x00, 0x00, 0x00, 0x00, 0x00, 0x00,
  0x00, 0x00, 0x00, 0x00, 0x00, 0x00, 0x00, 0x00, 0x00, 0x00, 0x00, 0x00,
  0x00, 0x00, 0x00, 0x00, 0x00, 0x00, 0x00, 0x00, 0x00, 0x00, 0x00, 0x00,
  0x00, 0x00, 0x00, 0x00, 0x00, 0x00, 0x00, 0x00, 0x00, 0x00, 0x00, 0x00,
  0x00, 0x00, 0x00, 0x00, 0x00, 0x00, 0x00, 0x00, 0x00, 0x00, 0x00, 0x00,
  0x00, 0x00, 0x00, 0x00, 0x00, 0x00, 0x00, 0x00, 0x00, 0x00, 0x00, 0x00,
  0x00, 0x00, 0x00, 0x00, 0x00, 0x00, 0x00, 0x00, 0x00, 0x00, 0x00, 0x00,
  0x00, 0x00, 0x00, 0x00, 0x00, 0x00, 0x00, 0x00, 0x00, 0x00, 0x00, 0x00,
  0x00, 0x00, 0x00, 0x00, 0x00, 0x00, 0x00, 0x00, 0x00, 0x00, 0x00, 0x00,
  0x00, 0x00, 0x00, 0x00, 0x00, 0x00, 0x00, 0x00, 0x00, 0x00, 0x00, 0x00,
  0x00, 0x00, 0x00, 0x00, 0x00, 0x00, 0x00, 0x00, 0x00, 0x00, 0x00, 0x00,
  0x00, 0x00, 0x00, 0x00, 0x00, 0x00, 0x00, 0x00, 0x00, 0x00, 0x00, 0x00,
  0x00, 0x00, 0x00, 0x00, 0x00, 0x00, 0x00, 0x00, 0x00, 0x00, 0x00, 0x00,
  0x00, 0x00, 0x00, 0x00, 0x00, 0x00, 0x00, 0x00, 0x00, 0x00, 0x00, 0x00,
  0x00, 0x00, 0x00, 0x00, 0x00, 0x00, 0x00, 0x00, 0x00, 0x00, 0x00, 0x00,
  0x00, 0x00, 0x00, 0x00, 0x00, 0x00, 0x00, 0x00, 0x00, 0x00, 0x00, 0x00,
  0x00, 0x00, 0x00, 0x00, 0x00, 0x00, 0x00, 0x00, 0x00, 0x00, 0x00, 0x00,
  0x00, 0x00, 0x00, 0x00, 0x00, 0x00, 0x00, 0x00, 0x00, 0x00, 0x00, 0x00,
  0x00, 0x00, 0x00, 0x00, 0x00, 0x00, 0x00, 0x00, 0x00, 0x00, 0x00, 0x00,
  0x00, 0x00, 0x00, 0x00, 0x00, 0x00, 0x00, 0x00, 0x00, 0x00, 0x00, 0x00,
  0x00, 0x00, 0x00, 0x00, 0x00, 0x00, 0x00, 0x00, 0x00, 0x00, 0x00, 0x00,
  0x00, 0x00, 0x00, 0x00, 0x00, 0x00, 0x00, 0x00, 0x00, 0x00, 0x00, 0x00,
  0x00, 0x00, 0x00, 0x00, 0x00, 0x00, 0x00, 0x00, 0x00, 0x00, 0x00, 0x00,
  0x00, 0x00, 0x00, 0x00, 0x00, 0x00, 0x00, 0x00, 0x00, 0x00, 0x00, 0x00,
  0x00, 0x00, 0x00, 0x00, 0x00, 0x00, 0x00, 0x00, 0x00, 0x00, 0x00, 0x00,
  0x00, 0x00, 0x00, 0x00, 0x00, 0x00, 0x00, 0x00, 0x00, 0x00, 0x00, 0x00,
  0x00, 0x00, 0x00, 0x00, 0x00, 0x00, 0x00, 0x00, 0x00, 0x00, 0x00, 0x00,
  0x00, 0x00, 0x00, 0x00, 0x00, 0x00, 0x00, 0x00, 0x00, 0x00, 0x00, 0x00,
  0x00, 0x00, 0x00, 0x00, 0x00, 0x00, 0x00, 0x00, 0x00, 0x00, 0x00, 0x00,
  0x00, 0x00, 0x00, 0x00, 0x00, 0x00, 0x00, 0x00, 0x00, 0x00, 0x00, 0x00,
  0x00, 0x00, 0x00, 0x00, 0x00, 0x00, 0x00, 0x00, 0x00, 0x00, 0x00, 0x00,
  0x00, 0x00, 0x00, 0x00, 0x00, 0x00, 0x00, 0x00, 0x00, 0x00, 0x00, 0x00,
  0x00, 0x00, 0x00, 0x00, 0x00, 0x00, 0x00, 0x00, 0x00, 0x00, 0x00, 0x00,
  0x00, 0x00, 0x00, 0x00, 0x00, 0x00, 0x00, 0x00, 0x00, 0x00, 0x00, 0x00,
  0x00, 0x00, 0x00, 0x00, 0x00, 0x00, 0x00, 0x00, 0x00, 0x00, 0x00, 0x00,
  0x00, 0x00, 0x00, 0x00, 0x00, 0x00, 0x00, 0x00, 0x00, 0x00, 0x00, 0x00,
  0x00, 0x00, 0x00, 0x00, 0x00, 0x00, 0x00, 0x00, 0x00, 0x00, 0x00, 0x00,
  0x00, 0x00, 0x00, 0x00, 0x00, 0x00, 0x00, 0x00, 0x00, 0x00, 0x00, 0x00,
  0x00, 0x00, 0x00, 0x00, 0x00, 0x00, 0x00, 0x00, 0x00, 0x00, 0x00, 0x00,
  0x00, 0x00, 0x00, 0x00, 0x00, 0x00, 0x00, 0x00, 0x00, 0x00, 0x00, 0x00,
  0x00, 0x00, 0x00, 0x00, 0x00, 0x00, 0x00, 0x00, 0x00, 0x00, 0x00, 0x00,
  0x00, 0x00, 0x00, 0x00, 0x00, 0x00, 0x00, 0x00, 0x00, 0x00, 0x00, 0x00,
  0x00, 0x00, 0x00, 0x00, 0x00, 0x00, 0x00, 0x00, 0x00, 0x00, 0x00, 0x00,
  0x00, 0x00, 0x00, 0x00, 0x00, 0x00, 0x00, 0x00, 0x00, 0x00, 0x00, 0x00,
  0x00, 0x00, 0x00, 0x00, 0x00, 0x00, 0x00, 0x00, 0x00, 0x00, 0x00, 0x00,
  0x00, 0x00, 0x00, 0x00, 0x00, 0x00, 0x00, 0x00, 0x00, 0x00, 0x00, 0x00,
  0x00, 0x00, 0x00, 0x00, 0x00, 0x00, 0x00, 0x00, 0x00, 0x00, 0x00, 0x00,
  0x00, 0x00, 0x00, 0x00, 0x00, 0x00, 0x00, 0x00, 0x00, 0x00, 0x00, 0x00,
  0x00, 0x00, 0x00, 0x00, 0x00, 0x00, 0x00, 0x00, 0x00, 0x00, 0x00, 0x00,
  0x00, 0x00, 0x00, 0x00, 0x00, 0x00, 0x00, 0x00, 0x00, 0x00, 0x00, 0x00,
  0x00, 0x00, 0x00, 0x00, 0x00, 0x00, 0x00, 0x00, 0x00, 0x00, 0x00, 0x00,
  0x00, 0x00, 0x00, 0x00, 0x00, 0x00, 0x00, 0x00, 0x00, 0x00, 0x00, 0x00,
  0x00, 0x00, 0x00, 0x00, 0x00, 0x00, 0x00, 0x00, 0x00, 0x00, 0x00, 0x00,
  0x00, 0x00, 0x00, 0x00, 0x00, 0x00, 0x00, 0x00, 0x00, 0x00, 0x00, 0x00,
  0x00, 0x00, 0x00, 0x00, 0x00, 0x00, 0x00, 0x00, 0x00, 0x00, 0x00, 0x00,
  0x00, 0x00, 0x00, 0x00, 0x00, 0x00, 0x00, 0x00, 0x00, 0x00, 0x00, 0x00,
  0x00, 0x00, 0x00, 0x00, 0x00, 0x00, 0x00, 0x00, 0x00, 0x00, 0x00, 0x00,
  0x00, 0x00, 0x00, 0x00, 0x00, 0x00, 0x00, 0x00, 0x00, 0x00, 0x00, 0x00,
  0x00, 0x00, 0x00, 0x00, 0x00, 0x00, 0x00, 0x00, 0x00, 0x00, 0x00, 0x00,
  0x00, 0x00, 0x00, 0x00, 0x00, 0x00, 0x00, 0x00, 0x00, 0x00, 0x00, 0x00,
  0x00, 0x00, 0x00, 0x00, 0x00, 0x00, 0x00, 0x00, 0x00, 0x00, 0x00, 0x00,
  0x00, 0x00, 0x00, 0x00, 0x00, 0x00, 0x00, 0x00, 0x00, 0x00, 0x00, 0x00,
  0x00, 0x00, 0x00, 0x00, 0x00, 0x00, 0x00, 0x00, 0x00, 0x00, 0x00, 0x00,
  0x00, 0x00, 0x00, 0x00, 0x00, 0x00, 0x00, 0x00, 0x00, 0x00, 0x00, 0x00,
  0x00, 0x00, 0x00, 0x00, 0x00, 0x00, 0x00, 0x00, 0x00, 0x00, 0x00, 0x00,
  0x00, 0x00, 0x00, 0x00, 0x00, 0x00, 0x00, 0x00, 0x00, 0x00, 0x00, 0x00,
  0x00, 0x00, 0x00, 0x00, 0x00, 0x00, 0x00, 0x00, 0x00, 0x00, 0x00, 0x00,
  0x00, 0x00, 0x00, 0x00, 0x00, 0x00, 0x00, 0x00, 0x00, 0x00, 0x00, 0x00,
  0x00, 0x00, 0x00, 0x00, 0x00, 0x00, 0x00, 0x00, 0x00, 0x00, 0x00, 0x00,
  0x00, 0x00, 0x00, 0x00, 0x00, 0x00, 0x00, 0x00, 0x00, 0x00, 0x00, 0x00,
  0x00, 0x00, 0x00, 0x00, 0x00, 0x00, 0x00, 0x00, 0x00, 0x00, 0x00, 0x00,
  0x00, 0x00, 0x00, 0x00, 0x00, 0x00, 0x00, 0x00, 0x00, 0x00, 0x00, 0x00,
  0x00, 0x00, 0x00, 0x00, 0x00, 0x00, 0x00, 0x00, 0x00, 0x00, 0x00, 0x00,
  0x00, 0x00, 0x00, 0x00, 0x00, 0x00, 0x00, 0x00, 0x00, 0x00, 0x00, 0x00,
  0x00, 0x00, 0x00, 0x00, 0x00, 0x00, 0x00, 0x00, 0x00, 0x00, 0x00, 0x00,
  0x00, 0x00, 0x00, 0x00, 0x00, 0x00, 0x00, 0x00, 0x00, 0x00, 0x00, 0x00,
  0x00, 0x00, 0x00, 0x00, 0x00, 0x00, 0x00, 0x00, 0x00, 0x00, 0x00, 0x00,
  0x00, 0x00, 0x00, 0x00, 0x00, 0x00, 0x00, 0x00, 0x00, 0x00, 0x00, 0x00,
  0x00, 0x00, 0x00, 0x00, 0x00, 0x00, 0x00, 0x00, 0x00, 0x00, 0x00, 0x00,
  0x00, 0x00, 0x00, 0x00, 0x00, 0x00, 0x00, 0x00, 0x00, 0x00, 0x00, 0x00,
  0x00, 0x00, 0x00, 0x00, 0x00, 0x00, 0x00, 0x00, 0x00, 0x00, 0x00, 0x00,
  0x00, 0x00, 0x00, 0x00, 0x00, 0x00, 0x00, 0x00, 0x00, 0x00, 0x00, 0x00,
  0x00, 0x00, 0x00, 0x00, 0x00, 0x00, 0x00, 0x00, 0x00, 0x00, 0x00, 0x00,
  0x00, 0x00, 0x00, 0x00, 0x00, 0x00, 0x00, 0x00, 0x00, 0x00, 0x00, 0x00,
  0x00, 0x00, 0x00, 0x00, 0x00, 0x00, 0x00, 0x00, 0x00, 0x00, 0x00, 0x00,
  0x00, 0x00, 0x00, 0x00, 0x00, 0x00, 0x00, 0x00, 0x00, 0x00, 0x00, 0x00,
  0x00, 0x00, 0x00, 0x00, 0x00, 0x00, 0x00, 0x00, 0x00, 0x00, 0x00, 0x00,
  0x00, 0x00, 0x00, 0x00, 0x00, 0x00, 0x00, 0x00, 0x00, 0x00, 0x00, 0x00,
  0x00, 0x00, 0x00, 0x00, 0x00, 0x00, 0x00, 0x00, 0x00, 0x00, 0x00, 0x00,
  0x00, 0x00, 0x00, 0x00, 0x00, 0x00, 0x00, 0x00, 0x00, 0x00, 0x00, 0x00,
  0x00, 0x00, 0x00, 0x00, 0x00, 0x00, 0x00, 0x00, 0x00, 0x00, 0x00, 0x00,
  0x00, 0x00, 0x00, 0x00, 0x00, 0x00, 0x00, 0x00, 0x00, 0x00, 0x00, 0x00,
  0x00, 0x00, 0x00, 0x00, 0x00, 0x00, 0x00, 0x00, 0x00, 0x00, 0x00, 0x00,
  0x00, 0x00, 0x00, 0x00, 0x00, 0x00, 0x00, 0x00, 0x00, 0x00, 0x00, 0x00,
  0x00, 0x00, 0x00, 0x00, 0x00, 0x00, 0x00, 0x00, 0x00, 0x00, 0x00, 0x00,
  0x00, 0x00, 0x00, 0x00, 0x00, 0x00, 0x00, 0x00, 0x00, 0x00, 0x00, 0x00,
  0x00, 0x00, 0x00, 0x00, 0x00, 0x00, 0x00, 0x00, 0x00, 0x00, 0x00, 0x00,
  0x00, 0x00, 0x00, 0x00, 0x00, 0x00, 0x00, 0x00, 0x00, 0x00, 0x00, 0x00,
  0x00, 0x00, 0x00, 0x00, 0x00, 0x00, 0x00, 0x00, 0x00, 0x00, 0x00, 0x00,
  0x00, 0x00, 0x00, 0x00, 0x00, 0x00, 0x00, 0x00, 0x00, 0x00, 0x00, 0x00,
  0x00, 0x00, 0x00, 0x00, 0x00, 0x00, 0x00, 0x00, 0x00, 0x00, 0x00, 0x00,
  0x00, 0x00, 0x00, 0x00, 0x00, 0x00, 0x00, 0x00, 0x00, 0x00, 0x00, 0x00,
  0x00, 0x00, 0x00, 0x00, 0x00, 0x00, 0x00, 0x00, 0x00, 0x00, 0x00, 0x00,
  0x00, 0x00, 0x00, 0x00, 0x00, 0x00, 0x00, 0x00, 0x00, 0x00, 0x00, 0x00,
  0x00, 0x00, 0x00, 0x00, 0x00, 0x00, 0x00, 0x00, 0x00, 0x00, 0x00, 0x00,
  0x00, 0x00, 0x00, 0x00, 0x00, 0x00, 0x00, 0x00, 0x00, 0x00, 0x00, 0x00,
  0x00, 0x00, 0x00, 0x00, 0x00, 0x00, 0x00, 0x00, 0x00, 0x00, 0x00, 0x00,
  0x00, 0x00, 0x00, 0x00, 0x00, 0x00, 0x00, 0x00, 0x00, 0x00, 0x00, 0x00,
  0x00, 0x00, 0x00, 0x00, 0x00, 0x00, 0x00, 0x00, 0x00, 0x00, 0x00, 0x00,
  0x00, 0x00, 0x00, 0x00, 0x00, 0x00, 0x00, 0x00, 0x00, 0x00, 0x00, 0x00,
  0x00, 0x00, 0x00, 0x00, 0x00, 0x00, 0x00, 0x00, 0x00, 0x00, 0x00, 0x00,
  0x00, 0x00, 0x00, 0x00, 0x00, 0x00, 0x00, 0x00, 0x00, 0x00, 0x00, 0x00,
  0x00, 0x00, 0x00, 0x00, 0x00, 0x00, 0x00, 0x00, 0x00, 0x00, 0x00, 0x00,
  0x00, 0x00, 0x00, 0x00, 0x00, 0x00, 0x00, 0x00, 0x00, 0x00, 0x00, 0x00,
  0x00, 0x00, 0x00, 0x00, 0x00, 0x00, 0x00, 0x00, 0x00, 0x00, 0x00, 0x00,
  0x00, 0x00, 0x00, 0x00, 0x00, 0x00, 0x00, 0x00, 0x00, 0x00, 0x00, 0x00,
  0x00, 0x00, 0x00, 0x00, 0x00, 0x00, 0x00, 0x00, 0x00, 0x00, 0x00, 0x00,
  0x00, 0x00, 0x00, 0x00, 0x00, 0x00, 0x00, 0x00, 0x00, 0x00, 0x00, 0x00,
  0x00, 0x00, 0x00, 0x00, 0x00, 0x00, 0x00, 0x00, 0x00, 0x00, 0x00, 0x00,
  0x00, 0x00, 0x00, 0x00, 0x00, 0x00, 0x00, 0x00, 0x00, 0x00, 0x00, 0x00,
  0x00, 0x00, 0x00, 0x00, 0x00, 0x00, 0x00, 0x00, 0x00, 0x00, 0x00, 0x00,
  0x00, 0x00, 0x00, 0x00, 0x00, 0x00, 0x00, 0x00, 0x00, 0x00, 0x00, 0x00,
  0x00, 0x00, 0x00, 0x00, 0x00, 0x00, 0x00, 0x00, 0x00, 0x00, 0x00, 0x00,
  0x00, 0x00, 0x00, 0x00, 0x00, 0x00, 0x00, 0x00, 0x00, 0x00, 0x00, 0x00,
  0x00, 0x00, 0x00, 0x00, 0x00, 0x00, 0x00, 0x00, 0x00, 0x00, 0x00, 0x00,
  0x00, 0x00, 0x00, 0x00, 0x00, 0x00, 0x00, 0x00, 0x00, 0x00, 0x00, 0x00,
  0x00, 0x00, 0x00, 0x00, 0x00, 0x00, 0x00, 0x00, 0x00, 0x00, 0x00, 0x00,
  0x00, 0x00, 0x00, 0x00, 0x00, 0x00, 0x00, 0x00, 0x00, 0x00, 0x00, 0x00,
  0x00, 0x00, 0x00, 0x00, 0x00, 0x00, 0x00, 0x00, 0x00, 0x00, 0x00, 0x00,
  0x00, 0x00, 0x00, 0x00, 0x00, 0x00, 0x00, 0x00, 0x00, 0x00, 0x00, 0x00,
  0x00, 0x00, 0x00, 0x00, 0x00, 0x00, 0x00, 0x00, 0x00, 0x00, 0x00, 0x00,
  0x00, 0x00, 0x00, 0x00, 0x00, 0x00, 0x00, 0x00, 0x00, 0x00, 0x00, 0x00,
  0x00, 0x00, 0x00, 0x00, 0x00, 0x00, 0x00, 0x00, 0x00, 0x00, 0x00, 0x00,
  0x00, 0x00, 0x00, 0x00, 0x00, 0x00, 0x00, 0x00, 0x00, 0x00, 0x00, 0x00,
  0x00, 0x00, 0x00, 0x00, 0x00, 0x00, 0x00, 0x00, 0x00, 0x00, 0x00, 0x00,
  0x00, 0x00, 0x00, 0x00, 0x00, 0x00, 0x00, 0x00, 0x00, 0x00, 0x00, 0x00,
  0x00, 0x00, 0x00, 0x00, 0x00, 0x00, 0x00, 0x00, 0x00, 0x00, 0x00, 0x00,
  0x00, 0x00, 0x00, 0x00, 0x00, 0x00, 0x00, 0x00, 0x00, 0x00, 0x00, 0x00,
  0x00, 0x00, 0x00, 0x00, 0x00, 0x00, 0x00, 0x00, 0x00, 0x00, 0x00, 0x00,
  0x00, 0x00, 0x00, 0x00, 0x00, 0x00, 0x00, 0x00, 0x00, 0x00, 0x00, 0x00,
  0x00, 0x00, 0x00, 0x00, 0x00, 0x00, 0x00, 0x00, 0x00, 0x00, 0x00, 0x00,
  0x00, 0x00, 0x00, 0x00, 0x00, 0x00, 0x00, 0x00, 0x00, 0x00, 0x00, 0x00,
  0x00, 0x00, 0x00, 0x00, 0x00, 0x00, 0x00, 0x00, 0x00, 0x00, 0x00, 0x00,
  0x00, 0x00, 0x00, 0x00, 0x00, 0x00, 0x00, 0x00, 0x00, 0x00, 0x00, 0x00,
  0x00, 0x00, 0x00, 0x00, 0x00, 0x00, 0x00, 0x00, 0x00, 0x00, 0x00, 0x00,
  0x00, 0x00, 0x00, 0x00, 0x00, 0x00, 0x00, 0x00, 0x00, 0x00, 0x00, 0x00,
  0x00, 0x00, 0x00, 0x00, 0x00, 0x00, 0x00, 0x00, 0x00, 0x00, 0x00, 0x00,
  0x00, 0x00, 0x00, 0x00, 0x00, 0x00, 0x00, 0x00, 0x00, 0x00, 0x00, 0x00,
  0x00, 0x00, 0x00, 0x00, 0x00, 0x00, 0x00, 0x00, 0x00, 0x00, 0x00, 0x00,
  0x00, 0x00, 0x00, 0x00, 0x00, 0x00, 0x00, 0x00, 0x00, 0x00, 0x00, 0x00,
  0x00, 0x00, 0x00, 0x00, 0x00, 0x00, 0x00, 0x00, 0x00, 0x00, 0x00, 0x00,
  0x00, 0x00, 0x00, 0x00, 0x00, 0x00, 0x00, 0x00, 0x00, 0x00, 0x00, 0x00,
  0x00, 0x00, 0x00, 0x00, 0x00, 0x00, 0x00, 0x00, 0x00, 0x00, 0x00, 0x00,
  0x00, 0x00, 0x00, 0x00, 0x00, 0x00, 0x00, 0x00, 0x00, 0x00, 0x00, 0x00,
  0x00, 0x00, 0x00, 0x00, 0x00, 0x00, 0x00, 0x00, 0x00, 0x00, 0x00, 0x00,
  0x00, 0x00, 0x00, 0x00, 0x00, 0x00, 0x00, 0x00, 0x00, 0x00, 0x00, 0x00,
  0x00, 0x00, 0x00, 0x00, 0x00, 0x00, 0x00, 0x00, 0x00, 0x00, 0x00, 0x00,
  0x00, 0x00, 0x00, 0x00, 0x00, 0x00, 0x00, 0x00, 0x00, 0x00, 0x00, 0x00,
  0x00, 0x00, 0x00, 0x00, 0x00, 0x00, 0x00, 0x00, 0x00, 0x00, 0x00, 0x00,
  0x00, 0x00, 0x00, 0x00, 0x00, 0x00, 0x00, 0x00, 0x00, 0x00, 0x00, 0x00,
  0x00, 0x00, 0x00, 0x00, 0x00, 0x00, 0x00, 0x00, 0x00, 0x00, 0x00, 0x00,
  0x00, 0x00, 0x00, 0x00, 0x00, 0x00, 0x00, 0x00, 0x00, 0x00, 0x00, 0x00,
  0x00, 0x00, 0x00, 0x00, 0x00, 0x00, 0x00, 0x00, 0x00, 0x00, 0x00, 0x00,
  0x00, 0x00, 0x00, 0x00, 0x00, 0x00, 0x00, 0x00, 0x00, 0x00, 0x00, 0x00,
  0x00, 0x00, 0x00, 0x00, 0x00, 0x00, 0x00, 0x00, 0x00, 0x00, 0x00, 0x00,
  0x00, 0x00, 0x00, 0x00, 0x00, 0x00, 0x00, 0x00, 0x00, 0x00, 0x00, 0x00,
  0x00, 0x00, 0x00, 0x00, 0x00, 0x00, 0x00, 0x00, 0x00, 0x00, 0x00, 0x00,
  0x00, 0x00, 0x00, 0x00, 0x00, 0x00, 0x00, 0x00, 0x00, 0x00, 0x00, 0x00,
  0x00, 0x00, 0x00, 0x00, 0x00, 0x00, 0x00, 0x00, 0x00, 0x00, 0x00, 0x00,
  0x00, 0x00, 0x00, 0x00, 0x00, 0x00, 0x00, 0x00, 0x00, 0x00, 0x00, 0x00,
  0x00, 0x00, 0x00, 0x00, 0x00, 0x00, 0x00, 0x00, 0x00, 0x00, 0x00, 0x00,
  0x00, 0x00, 0x00, 0x00, 0x00, 0x00, 0x00, 0x00, 0x00, 0x00, 0x00, 0x00,
  0x00, 0x00, 0x00, 0x00, 0x00, 0x00, 0x00, 0x00, 0x00, 0x00, 0x00, 0x00,
  0x00, 0x00, 0x00, 0x00, 0x00, 0x00, 0x00, 0x00, 0x00, 0x00, 0x00, 0x00,
  0x00, 0x00, 0x00, 0x00, 0x00, 0x00, 0x00, 0x00, 0x00, 0x00, 0x00, 0x00,
  0x00, 0x00, 0x00, 0x00, 0x00, 0x00, 0x00, 0x00, 0x00, 0x00, 0x00, 0x00,
  0x00, 0x00, 0x00, 0x00, 0x00, 0x00, 0x00, 0x00, 0x00, 0x00, 0x00, 0x00,
  0x00, 0x00, 0x00, 0x00, 0x00, 0x00, 0x00, 0x00, 0x00, 0x00, 0x00, 0x00,
  0x00, 0x00, 0x00, 0x00, 0x00, 0x00, 0x00, 0x00, 0x00, 0x00, 0x00, 0x00,
  0x00, 0x00, 0x00, 0x00, 0x00, 0x00, 0x00, 0x00, 0x00, 0x00, 0x00, 0x00,
  0x00, 0x00, 0x00, 0x00, 0x00, 0x00, 0x00, 0x00, 0x00, 0x00, 0x00, 0x00,
  0x00, 0x00, 0x00, 0x00, 0x00, 0x00, 0x00, 0x00, 0x00, 0x00, 0x00, 0x00,
  0x00, 0x00, 0x00, 0x00, 0x00, 0x00, 0x00, 0x00, 0x48, 0x83, 0xec, 0x08,
  0x48, 0x8b, 0x05, 0x8d, 0x7f, 0x00, 0x00, 0x48, 0x85, 0xc0, 0x74, 0x05,
  0xe8, 0x5b, 0x01, 0x00, 0x00, 0x48, 0x83, 0xc4, 0x08, 0xc3, 0x00, 0x00,
  0x00, 0x00, 0x00, 0x00, 0xff, 0x35, 0xe2, 0x7f, 0x00, 0x00, 0xff, 0x25,
  0xe4, 0x7f, 0x00, 0x00, 0x0f, 0x1f, 0x40, 0x00, 0xff, 0x25, 0xe2, 0x7f,
  0x00, 0x00, 0x68, 0x00, 0x00, 0x00, 0x00, 0xe9, 0xe0, 0xff, 0xff, 0xff,
  0xff, 0x25, 0xda, 0x7f, 0x00, 0x00, 0x68, 0x01, 0x00, 0x00, 0x00, 0xe9,
  0xd0, 0xff, 0xff, 0xff, 0xff, 0x25, 0xd2, 0x7f, 0x00, 0x00, 0x68, 0x02,
  0x00, 0x00, 0x00, 0xe9, 0xc0, 0xff, 0xff, 0xff, 0xff, 0x25, 0xca, 0x7f,
  0x00, 0x00, 0x68, 0x03, 0x00, 0x00, 0x00, 0xe9, 0xb0, 0xff, 0xff, 0xff,
  0xff, 0x25, 0xc2, 0x7f, 0x00, 0x00, 0x68, 0x04, 0x00, 0x00, 0x00, 0xe9,
  0xa0, 0xff, 0xff, 0xff, 0xff, 0x25, 0xba, 0x7f, 0x00, 0x00, 0x68, 0x05,
  0x00, 0x00, 0x00, 0xe9, 0x90, 0xff, 0xff, 0xff, 0xff, 0x25, 0xb2, 0x7f,
  0x00, 0x00, 0x68, 0x06, 0x00, 0x00, 0x00, 0xe9, 0x80, 0xff, 0xff, 0xff,
  0xff, 0x25, 0xaa, 0x7f, 0x00, 0x00, 0x68, 0x07, 0x00, 0x00, 0x00, 0xe9,
  0x70, 0xff, 0xff, 0xff, 0xff, 0x25, 0xa2, 0x7f, 0x00, 0x00, 0x68, 0x08,
  0x00, 0x00, 0x00, 0xe9, 0x60, 0xff, 0xff, 0xff, 0xff, 0x25, 0x9a, 0x7f,
  0x00, 0x00, 0x68, 0x09, 0x00, 0x00, 0x00, 0xe9, 0x50, 0xff, 0xff, 0xff,
  0xff, 0x25, 0x92, 0x7f, 0x00, 0x00, 0x68, 0x0a, 0x00, 0x00, 0x00, 0xe9,
  0x40, 0xff, 0xff, 0xff, 0xff, 0x25, 0x8a, 0x7f, 0x00, 0x00, 0x68, 0x0b,
  0x00, 0x00, 0x00, 0xe9, 0x30, 0xff, 0xff, 0xff, 0xff, 0x25, 0x82, 0x7f,
  0x00, 0x00, 0x68, 0x0c, 0x00, 0x00, 0x00, 0xe9, 0x20, 0xff, 0xff, 0xff,
  0xff, 0x25, 0x7a, 0x7f, 0x00, 0x00, 0x68, 0x0d, 0x00, 0x00, 0x00, 0xe9,
  0x10, 0xff, 0xff, 0xff, 0xff, 0x25, 0x72, 0x7f, 0x00, 0x00, 0x68, 0x0e,
  0x00, 0x00, 0x00, 0xe9, 0x00, 0xff, 0xff, 0xff, 0xff, 0x25, 0x6a, 0x7f,
  0x00, 0x00, 0x68, 0x0f, 0x00, 0x00, 0x00, 0xe9, 0xf0, 0xfe, 0xff, 0xff,
  0xff, 0x25, 0x62, 0x7f, 0x00, 0x00, 0x68, 0x10, 0x00, 0x00, 0x00, 0xe9,
  0xe0, 0xfe, 0xff, 0xff, 0xff, 0x25, 0x5a, 0x7f, 0x00, 0x00, 0x68, 0x11,
  0x00, 0x00, 0x00, 0xe9, 0xd0, 0xfe, 0xff, 0xff, 0xff, 0x25, 0x52, 0x7f,
  0x00, 0x00, 0x68, 0x12, 0x00, 0x00, 0x00, 0xe9, 0xc0, 0xfe, 0xff, 0xff,
  0xff, 0x25, 0x4a, 0x7f, 0x00, 0x00, 0x68, 0x13, 0x00, 0x00, 0x00, 0xe9,
  0xb0, 0xfe, 0xff, 0xff, 0xff, 0x25, 0x42, 0x7f, 0x00, 0x00, 0x68, 0x14,
  0x00, 0x00, 0x00, 0xe9, 0xa0, 0xfe, 0xff, 0xff, 0xff, 0x25, 0x3a, 0x7f,
  0x00, 0x00, 0x68, 0x15, 0x00, 0x00, 0x00, 0xe9, 0x90, 0xfe, 0xff, 0xff,
  0xff, 0x25, 0x32, 0x7f, 0x00, 0x00, 0x68, 0x16, 0x00, 0x00, 0x00, 0xe9,
  0x80, 0xfe, 0xff, 0xff, 0xff, 0x25, 0x2a, 0x7f, 0x00, 0x00, 0x68, 0x17,
  0x00, 0x00, 0x00, 0xe9, 0x70, 0xfe, 0xff, 0xff, 0xff, 0x25, 0x22, 0x7f,
  0x00, 0x00, 0x68, 0x18, 0x00, 0x00, 0x00, 0xe9, 0x60, 0xfe, 0xff, 0xff,
  0xff, 0x25, 0x1a, 0x7f, 0x00, 0x00, 0x68, 0x19, 0x00, 0x00, 0x00, 0xe9,
  0x50, 0xfe, 0xff, 0xff, 0xff, 0x25, 0x12, 0x7f, 0x00, 0x00, 0x68, 0x1a,
  0x00, 0x00, 0x00, 0xe9, 0x40, 0xfe, 0xff, 0xff, 0xff, 0x25, 0x0a, 0x7f,
  0x00, 0x00, 0x68, 0x1b, 0x00, 0x00, 0x00, 0xe9, 0x30, 0xfe, 0xff, 0xff,
  0xff, 0x25, 0x02, 0x7f, 0x00, 0x00, 0x68, 0x1c, 0x00, 0x00, 0x00, 0xe9,
  0x20, 0xfe, 0xff, 0xff, 0xff, 0x25, 0xfa, 0x7e, 0x00, 0x00, 0x68, 0x1d,
  0x00, 0x00, 0x00, 0xe9, 0x10, 0xfe, 0xff, 0xff, 0xff, 0x25, 0xf2, 0x7e,
  0x00, 0x00, 0x68, 0x1e, 0x00, 0x00, 0x00, 0xe9, 0x00, 0xfe, 0xff, 0xff,
  0xff, 0x25, 0xea, 0x7e, 0x00, 0x00, 0x68, 0x1f, 0x00, 0x00, 0x00, 0xe9,
  0xf0, 0xfd, 0xff, 0xff, 0x48, 0x8b, 0x04, 0x25, 0x20, 0x00, 0x00, 0x00,
  0x0f, 0x0b, 0x66, 0x0f, 0x1f, 0x44, 0x00, 0x00, 0x48, 0x8d, 0x3d, 0x79,
  0x7f, 0x00, 0x00, 0x48, 0x8d, 0x05, 0x72, 0x7f, 0x00, 0x00, 0x48, 0x39,
  0xf8, 0x74, 0x15, 0x48, 0x8b, 0x05, 0xf6, 0x7c, 0x00, 0x00, 0x48, 0x85,
  0xc0, 0x74, 0x09, 0xff, 0xe0, 0x0f, 0x1f, 0x80, 0x00, 0x00, 0x00, 0x00,
  0xc3, 0x0f, 0x1f, 0x80, 0x00, 0x00, 0x00, 0x00, 0x48, 0x8d, 0x3d, 0x49,
  0x7f, 0x00, 0x00, 0x48, 0x8d, 0x35, 0x42, 0x7f, 0x00, 0x00, 0x48, 0x29,
  0xfe, 0x48, 0x89, 0xf0, 0x48, 0xc1, 0xee, 0x3f, 0x48, 0xc1, 0xf8, 0x03,
  0x48, 0x01, 0xc6, 0x48, 0xd1, 0xfe, 0x74, 0x14, 0x48, 0x8b, 0x05, 0x45,
  0x7d, 0x00, 0x00, 0x48, 0x85, 0xc0, 0x74, 0x08, 0xff, 0xe0, 0x66, 0x0f,
  0x1f, 0x44, 0x00, 0x00, 0xc3, 0x0f, 0x1f, 0x80, 0x00, 0x00, 0x00, 0x00,
  0x80, 0x3d, 0x09, 0x7f, 0x00, 0x00, 0x00, 0x75, 0x2f, 0x55, 0x48, 0x83,
  0x3d, 0x2e, 0x7d, 0x00, 0x00, 0x00, 0x48, 0x89, 0xe5, 0x74, 0x0c, 0x48,
  0x8d, 0x3d, 0xba, 0x7a, 0x00, 0x00, 0xe8, 0x3d, 0xff, 0xff, 0xff, 0xe8,
  0x68, 0xff, 0xff, 0xff, 0xc6, 0x05, 0xe1, 0x7e, 0x00, 0x00, 0x01, 0x5d,
  0xc3, 0x0f, 0x1f, 0x80, 0x00, 0x00, 0x00, 0x00, 0xc3, 0x0f, 0x1f, 0x80,
  0x00, 0x00, 0x00, 0x00, 0xe9, 0x7b, 0xff, 0xff, 0xff, 0x66, 0x2e, 0x0f,
  0x1f, 0x84, 0x00, 0x00, 0x00, 0x00, 0x00, 0x90, 0x4c, 0x8d, 0x8f, 0x33,
  0xd5, 0xff, 0xff, 0x49, 0x89, 0xf0, 0x48, 0xbe, 0xed, 0x62, 0xf8, 0xc8,
  0xbc, 0x06, 0x6b, 0x39, 0x4c, 0x89, 0xc8, 0x48, 0xf7, 0xee, 0x4c, 0x89,
  0xc8, 0x48, 0xc1, 0xf8, 0x3f, 0x48, 0xc1, 0xfa, 0x0f, 0x48, 0x89, 0xd1,
  0x48, 0x29, 0xc1, 0x4c, 0x69, 0xd1, 0xb1, 0x3a, 0x02, 0x00, 0x4c, 0x89,
  0xc9, 0x4c, 0x29, 0xd1, 0x4d, 0x85, 0xc9, 0x0f, 0x88, 0xdf, 0x01, 0x00,
  0x00, 0x48, 0x29, 0xc2, 0x48, 0x8d, 0x04, 0x92, 0x48, 0x8d, 0x34, 0x80,
  0x48, 0xc1, 0xe6, 0x04, 0x48, 0x81, 0xf9, 0x6d, 0x01, 0x00, 0x00, 0x0f,
  0x8e, 0xa3, 0x00, 0x00, 0x00, 0x48, 0xba, 0xc9, 0x5a, 0x0e, 0x00, 0xfa,
  0x81, 0xac, 0xe5, 0x48, 0x83, 0xe9, 0x01, 0x48, 0x89, 0xc8, 0x48, 0xf7,
  0xe2, 0x48, 0xc1, 0xea, 0x0f, 0x48, 0x8d, 0x04, 0x92, 0x48, 0x69, 0xd2,
  0xac, 0x8e, 0x00, 0x00, 0x48, 0x8d, 0x04, 0x80, 0x48, 0x8d, 0x34, 0x86,
  0x48, 0x29, 0xd1, 0x48, 0x81, 0xf9, 0x6c, 0x01, 0x00, 0x00, 0x7e, 0x6c,
  0x48, 0xba, 0xc9, 0x68, 0x42, 0x91, 0x97, 0x83, 0x6d, 0xb3, 0x48, 0x83,
  0xc1, 0x01, 0x48, 0x89, 0xc8, 0x48, 0xf7, 0xe2, 0x48, 0xc1, 0xea, 0x0a,
  0x48, 0x8d, 0x34, 0x96, 0x48, 0x69, 0xd2, 0xb5, 0x05, 0x00, 0x00, 0x48,
  0x29, 0xd1, 0x48, 0x81, 0xf9, 0x6d, 0x01, 0x00, 0x00, 0x7e, 0x3d, 0x48,
  0xba, 0xe7, 0x33, 0xce, 0x02, 0x6c, 0x3e, 0xe3, 0x2c, 0x48, 0x83, 0xe9,
  0x01, 0x48, 0x89, 0xc8, 0x48, 0xf7, 0xea, 0x48, 0x89, 0xc8, 0x48, 0xc1,
  0xf8, 0x3f, 0x48, 0xc1, 0xfa, 0x06, 0x48, 0x29, 0xc2, 0x48, 0x8d, 0x04,
  0xd2, 0x48, 0x01, 0xd6, 0x48, 0x8d, 0x04, 0xc2, 0x48, 0x8d, 0x04, 0x80,
  0x48, 0x29, 0xc1, 0x66, 0x0f, 0x1f, 0x84, 0x00, 0x00, 0x00, 0x00, 0x00,
  0x48, 0x81, 0xc6, 0xd0, 0x07, 0x00, 0x00, 0x48, 0x8d, 0x05, 0x72, 0x4d,
  0x00, 0x00, 0x49, 0x89, 0x30, 0x40, 0xf6, 0xc6, 0x03, 0x0f, 0x84, 0xc5,
  0x00, 0x00, 0x00, 0x48, 0x63, 0x10, 0x48, 0x39, 0xd1, 0x0f, 0x8c, 0x14,
  0x02, 0x00, 0x00, 0x48, 0x29, 0xd1, 0x48, 0x63, 0x50, 0x04, 0x48, 0x39,
  0xca, 0x0f, 0x8f, 0xab, 0x01, 0x00, 0x00, 0x48, 0x29, 0xd1, 0x48, 0x63,
  0x50, 0x08, 0x48, 0x39, 0xca, 0x0f, 0x8f, 0xac, 0x01, 0x00, 0x00, 0x48,
  0x29, 0xd1, 0x48, 0x63, 0x50, 0x0c, 0x48, 0x39, 0xd1, 0x0f, 0x8c, 0xa3,
  0x01, 0x00, 0x00, 0x48, 0x29, 0xd1, 0x48, 0x63, 0x50, 0x10, 0x48, 0x39,
  0xca, 0x0f, 0x8f, 0x9a, 0x01, 0x00, 0x00, 0x48, 0x29, 0xd1, 0x48, 0x63,
  0x50, 0x14, 0x48, 0x39, 0xd1, 0x0f, 0x8c, 0x91, 0x01, 0x00, 0x00, 0x48,
  0x29, 0xd1, 0x48, 0x63, 0x50, 0x18, 0x48, 0x39, 0xd1, 0x0f, 0x8c, 0x88,
  0x01, 0x00, 0x00, 0x48, 0x29, 0xd1, 0x48, 0x63, 0x50, 0x1c, 0x48, 0x39,
  0xd1, 0x0f, 0x8c, 0x7f, 0x01, 0x00, 0x00, 0x48, 0x29, 0xd1, 0x48, 0x63,
  0x50, 0x20, 0x48, 0x39, 0xd1, 0x0f, 0x8c, 0x76, 0x01, 0x00, 0x00, 0x48,
  0x29, 0xd1, 0x48, 0x63, 0x50, 0x24, 0x48, 0x39, 0xd1, 0x0f, 0x8c, 0x6d,
  0x01, 0x00, 0x00, 0x48, 0x29, 0xd1, 0x48, 0x63, 0x50, 0x28, 0x48, 0x39,
  0xd1, 0x0f, 0x8c, 0x64, 0x01, 0x00, 0x00, 0x48, 0x63, 0x40, 0x2c, 0x48,
  0x29, 0xd1, 0x48, 0x39, 0xc8, 0x0f, 0x8f, 0x5b, 0x01, 0x00, 0x00, 0xc3,
  0x0f, 0x1f, 0x84, 0x00, 0x00, 0x00, 0x00, 0x00, 0x48, 0xb8, 0x29, 0x5c,
  0x8f, 0xc2, 0xf5, 0x28, 0x5c, 0x8f, 0x48, 0xba, 0xb8, 0x1e, 0x85, 0xeb,
  0x51, 0xb8, 0x1e, 0x05, 0x48, 0x0f, 0xaf, 0xc6, 0x48, 0x01, 0xd0, 0x48,
  0xba, 0x5c, 0x8f, 0xc2, 0xf5, 0x28, 0x5c, 0x8f, 0x02, 0x48, 0xc1, 0xc8,
  0x02, 0x48, 0x39, 0xd0, 0x0f, 0x86, 0x92, 0x00, 0x00, 0x00, 0x48, 0x8d,
  0x05, 0x97, 0x4c, 0x00, 0x00, 0xe9, 0xfd, 0xfe, 0xff, 0xff, 0x66, 0x90,
  0x48, 0x81, 0xef, 0x7d, 0x65, 0x02, 0x00, 0x48, 0x89, 0xf8, 0x48, 0xc1,
  0xff, 0x3f, 0x48, 0xf7, 0xee, 0x48, 0xc1, 0xfa, 0x0f, 0x48, 0x29, 0xfa,
  0x48, 0x8d, 0x04, 0x92, 0x48, 0x8d, 0x34, 0x80, 0x48, 0x89, 0xf0, 0x48,
  0xc1, 0xe0, 0x04, 0x48, 0x89, 0xc6, 0x48, 0x85, 0xc9, 0x74, 0x11, 0x48,
  0x81, 0xc1, 0xb1, 0x3a, 0x02, 0x00, 0xe9, 0xf5, 0xfd, 0xff, 0xff, 0x0f,
  0x1f, 0x44, 0x00, 0x00, 0x48, 0x8d, 0xb0, 0xd0, 0x07, 0x00, 0x00, 0x48,
  0xba, 0x0b, 0xd7, 0xa3, 0x70, 0x3d, 0x0a, 0xd7, 0xa3, 0x48, 0x89, 0xf0,
  0x49, 0x89, 0x30, 0x48, 0xf7, 0xea, 0x48, 0x89, 0xf0, 0x48, 0xc1, 0xf8,
  0x3f, 0x48, 0x8d, 0x0c, 0x32, 0x48, 0xc1, 0xf9, 0x06, 0x48, 0x29, 0xc1,
  0x48, 0x8d, 0x04, 0x89, 0x48, 0x89, 0xf1, 0x48, 0x8d, 0x04, 0x80, 0x48,
  0xc1, 0xe0, 0x02, 0x48, 0x29, 0xc1, 0x0f, 0x85, 0x95, 0x00, 0x00, 0x00,
  0x48, 0xb8, 0x29, 0x5c, 0x8f, 0xc2, 0xf5, 0x28, 0x5c, 0x8f, 0x48, 0x0f,
  0xaf, 0xf0, 0x48, 0xb8, 0xb0, 0x1e, 0x85, 0xeb, 0x51, 0xb8, 0x1e, 0x05,
  0x48, 0x01, 0xc6, 0x48, 0xb8, 0xd6, 0xa3, 0x70, 0x3d, 0x0a, 0xd7, 0xa3,
  0x00, 0x48, 0xc1, 0xce, 0x04, 0x48, 0x39, 0xc6, 0x0f, 0x86, 0x3c, 0xff,
  0xff, 0xff, 0x48, 0x8d, 0x05, 0xa3, 0x4b, 0x00, 0x00, 0xe9, 0x39, 0xfe,
  0xff, 0xff, 0xb8, 0x02, 0x00, 0x00, 0x00, 0x83, 0xc1, 0x01, 0x41, 0x89,
  0x40, 0x08, 0x41, 0x89, 0x48, 0x0c, 0xc3, 0xb8, 0x03, 0x00, 0x00, 0x00,
  0xeb, 0xed, 0xb8, 0x04, 0x00, 0x00, 0x00, 0xeb, 0xe6, 0xb8, 0x05, 0x00,
  0x00, 0x00, 0xeb, 0xdf, 0xb8, 0x06, 0x00, 0x00, 0x00, 0xeb, 0xd8, 0xb8,
  0x07, 0x00, 0x00, 0x00, 0xeb, 0xd1, 0xb8, 0x08, 0x00, 0x00, 0x00, 0xeb,
  0xca, 0xb8, 0x09, 0x00, 0x00, 0x00, 0xeb, 0xc3, 0xb8, 0x0a, 0x00, 0x00,
  0x00, 0xeb, 0xbc, 0xb8, 0x0b, 0x00, 0x00, 0x00, 0xeb, 0xb5, 0xb8, 0x0c,
  0x00, 0x00, 0x00, 0xeb, 0xae, 0x31, 0xc9, 0xb8, 0x01, 0x00, 0x00, 0x00,
  0xeb, 0xa5, 0x66, 0x66, 0x2e, 0x0f, 0x1f, 0x84, 0x00, 0x00, 0x00, 0x00,
  0x00, 0x0f, 0x1f, 0x00, 0x45, 0x31, 0xc0, 0x40, 0xf6, 0xc7, 0x03, 0x75,
  0x34, 0x48, 0xb8, 0x29, 0x5c, 0x8f, 0xc2, 0xf5, 0x28, 0x5c, 0x8f, 0x41,
  0xb8, 0x01, 0x00, 0x00, 0x00, 0x48, 0xba, 0x5c, 0x8f, 0xc2, 0xf5, 0x28,
  0x5c, 0x8f, 0x02, 0x48, 0x0f, 0xaf, 0xf8, 0x48, 0xb8, 0xb8, 0x1e, 0x85,
  0xeb, 0x51, 0xb8, 0x1e, 0x05, 0x48, 0x01, 0xf8, 0x48, 0xc1, 0xc8, 0x02,
  0x48, 0x39, 0xd0, 0x76, 0x0b, 0x44, 0x89, 0xc0, 0xc3, 0x0f, 0x1f, 0x80,
  0x00, 0x00, 0x00, 0x00, 0x48, 0xb8, 0xb0, 0x1e, 0x85, 0xeb, 0x51, 0xb8,
  0x1e, 0x05, 0x45, 0x31, 0xc0, 0x48, 0x01, 0xc7, 0x48, 0xb8, 0xd6, 0xa3,
  0x70, 0x3d, 0x0a, 0xd7, 0xa3, 0x00, 0x48, 0xc1, 0xcf, 0x04, 0x48, 0x39,
  0xc7, 0x41, 0x0f, 0x96, 0xc0, 0x44, 0x89, 0xc0, 0xc3, 0x66, 0x66, 0x2e,
  0x0f, 0x1f, 0x84, 0x00, 0x00, 0x00, 0x00, 0x00, 0x0f, 0x1f, 0x40, 0x00,
  0x03, 0x77, 0x14, 0x8b, 0x4f, 0x10, 0x89, 0x77, 0x14, 0x0f, 0x89, 0xe1,
  0x04, 0x00, 0x00, 0x41, 0x89, 0xf0, 0xb8, 0x89, 0x88, 0x88, 0x88, 0x41,
  0xf7, 0xd0, 0x4c, 0x0f, 0xaf, 0xc0, 0x49, 0xc1, 0xe8, 0x25, 0x41, 0x83,
  0xc0, 0x01, 0x81, 0xfe, 0x1f, 0xfe, 0xff, 0xff, 0x0f, 0x87, 0x95, 0x00,
  0x00, 0x00, 0x66, 0x0f, 0x6e, 0xe6, 0x66, 0x0f, 0x6e, 0xe9, 0x44, 0x89,
  0xc2, 0x31, 0xc0, 0x66, 0x0f, 0x70, 0xdc, 0x00, 0x66, 0x0f, 0x70, 0xd5,
  0x00, 0x66, 0x0f, 0xfe, 0x1d, 0xbf, 0x4a, 0x00, 0x00, 0x66, 0x0f, 0x6f,
  0x25, 0xd7, 0x4a, 0x00, 0x00, 0x66, 0x0f, 0xfe, 0x15, 0xbf, 0x4a, 0x00,
  0x00, 0x66, 0x0f, 0x6f, 0x3d, 0xd7, 0x4a, 0x00, 0x00, 0xc1, 0xea, 0x02,
  0x66, 0x0f, 0x76, 0xed, 0x66, 0x0f, 0x6f, 0x35, 0xd8, 0x4a, 0x00, 0x00,
  0x0f, 0x1f, 0x84, 0x00, 0x00, 0x00, 0x00, 0x00, 0x66, 0x0f, 0x6f, 0xca,
  0x66, 0x0f, 0x6f, 0xc3, 0x66, 0x0f, 0xfe, 0xd4, 0x83, 0xc0, 0x01, 0x66,
  0x0f, 0xfe, 0xdf, 0x66, 0x0f, 0xfe, 0xc6, 0x66, 0x0f, 0xfe, 0xcd, 0x39,
  0xd0, 0x75, 0xe1, 0x45, 0x89, 0xc1, 0x66, 0x0f, 0x70, 0xc9, 0xff, 0x66,
  0x0f, 0x70, 0xc0, 0xff, 0x41, 0x83, 0xe1, 0xfc, 0x66, 0x0f, 0x7e, 0xc8,
  0x66, 0x0f, 0x7e, 0xc2, 0x45, 0x6b, 0xd1, 0x3c, 0x44, 0x29, 0xc9, 0x44,
  0x01, 0xd6, 0x45, 0x39, 0xc8, 0x74, 0x5e, 0x89, 0xf2, 0x8d, 0x41, 0xff,
  0x83, 0xc2, 0x3c, 0x79, 0x54, 0x89, 0xf2, 0x8d, 0x41, 0xfe, 0x83, 0xc2,
  0x78, 0x79, 0x4a, 0x89, 0xf2, 0x8d, 0x41, 0xfd, 0x81, 0xc2, 0xb4, 0x00,
  0x00, 0x00, 0x79, 0x3d, 0x89, 0xf2, 0x8d, 0x41, 0xfc, 0x81, 0xc2, 0xf0,
  0x00, 0x00, 0x00, 0x79, 0x30, 0x89, 0xf2, 0x8d, 0x41, 0xfb, 0x81, 0xc2,
  0x2c, 0x01, 0x00, 0x00, 0x79, 0x23, 0x89, 0xf2, 0x8d, 0x41, 0xfa, 0x81,
  0xc2, 0x68, 0x01, 0x00, 0x00, 0x79, 0x16, 0x89, 0xf2, 0x8d, 0x41, 0xf9,
  0x81, 0xc2, 0xa4, 0x01, 0x00, 0x00, 0x79, 0x09, 0x8d, 0x96, 0xe0, 0x01,
  0x00, 0x00, 0x8d, 0x41, 0xf8, 0x66, 0x0f, 0x6e, 0xc0, 0x66, 0x0f, 0x6e,
  0xea, 0x66, 0x0f, 0x62, 0xc5, 0x66, 0x0f, 0xd6, 0x47, 0x10, 0x8b, 0x77,
  0x0c, 0x85, 0xc0, 0x0f, 0x89, 0xdf, 0x01, 0x00, 0x00, 0x41, 0x89, 0xc0,
  0xba, 0xab, 0xaa, 0xaa, 0xaa, 0x41, 0xf7, 0xd0, 0x4c, 0x0f, 0xaf, 0xc2,
  0x49, 0xc1, 0xe8, 0x24, 0x41, 0x83, 0xc0, 0x01, 0x3d, 0x3f, 0xff, 0xff,
  0xff, 0x0f, 0x87, 0x95, 0x00, 0x00, 0x00, 0x66, 0x0f, 0x6e, 0xe0, 0x66,
  0x0f, 0x6e, 0xee, 0x44, 0x89, 0xc1, 0x31, 0xd2, 0x66, 0x0f, 0x70, 0xdc,
  0x00, 0x66, 0x0f, 0x70, 0xd5, 0x00, 0x66, 0x0f, 0xfe, 0x1d, 0x3e, 0x4a,
  0x00, 0x00, 0x66, 0x0f, 0x6f, 0x25, 0xa6, 0x49, 0x00, 0x00, 0x66, 0x0f,
  0xfe, 0x15, 0x8e, 0x49, 0x00, 0x00, 0x66, 0x0f, 0x6f, 0x3d, 0x36, 0x4a,
  0x00, 0x00, 0xc1, 0xe9, 0x02, 0x66, 0x0f, 0x76, 0xed, 0x66, 0x0f, 0x6f,
  0x35, 0x37, 0x4a, 0x00, 0x00, 0x0f, 0x1f, 0x80, 0x00, 0x00, 0x00, 0x00,
  0x66, 0x0f, 0x6f, 0xca, 0x66, 0x0f, 0x6f, 0xc3, 0x66, 0x0f, 0xfe, 0xd4,
  0x83, 0xc2, 0x01, 0x66, 0x0f, 0xfe, 0xdf, 0x66, 0x0f, 0xfe, 0xc6, 0x66,
  0x0f, 0xfe, 0xcd, 0x39, 0xd1, 0x75, 0xe1, 0x45, 0x89, 0xc1, 0x66, 0x0f,
  0x70, 0xc9, 0xff, 0x66, 0x0f, 0x70, 0xc0, 0xff, 0x41, 0x83, 0xe1, 0xfc,
  0x66, 0x0f, 0x7e, 0xca, 0x66, 0x0f, 0x7e, 0xc1, 0x47, 0x8d, 0x14, 0x49,
  0x44, 0x29, 0xce, 0x42, 0x8d, 0x04, 0xd0, 0x45, 0x39, 0xc1, 0x74, 0x55,
  0x89, 0xc1, 0x8d, 0x56, 0xff, 0x83, 0xc1, 0x18, 0x79, 0x4b, 0x89, 0xc1,
  0x8d, 0x56, 0xfe, 0x83, 0xc1, 0x30, 0x79, 0x41, 0x89, 0xc1, 0x8d, 0x56,
  0xfd, 0x83, 0xc1, 0x48, 0x79, 0x37, 0x89, 0xc1, 0x8d, 0x56, 0xfc, 0x83,
  0xc1, 0x60, 0x79, 0x2d, 0x89, 0xc1, 0x8d, 0x56, 0xfb, 0x83, 0xc1, 0x78,
  0x79, 0x23, 0x89, 0xc1, 0x8d, 0x56, 0xfa, 0x81, 0xc1, 0x90, 0x00, 0x00,
  0x00, 0x79, 0x16, 0x89, 0xc1, 0x8d, 0x56, 0xf9, 0x81, 0xc1, 0xa8, 0x00,
  0x00, 0x00, 0x79, 0x09, 0x8d, 0x88, 0xc0, 0x00, 0x00, 0x00, 0x8d, 0x56,
  0xf8, 0x66, 0x0f, 0x6e, 0xc2, 0x66, 0x0f, 0x6e, 0xf9, 0x66, 0x0f, 0x62,
  0xc7, 0x66, 0x0f, 0xd6, 0x47, 0x0c, 0x85, 0xd2, 0x0f, 0x8e, 0x01, 0x02,
  0x00, 0x00, 0x66, 0x2e, 0x0f, 0x1f, 0x84, 0x00, 0x00, 0x00, 0x00, 0x00,
  0x83, 0xfa, 0x1c, 0x0f, 0x8e, 0x9f, 0x00, 0x00, 0x00, 0x4c, 0x8b, 0x07,
  0x31, 0xc0, 0x41, 0xf6, 0xc0, 0x03, 0x75, 0x57, 0x48, 0xb9, 0x29, 0x5c,
  0x8f, 0xc2, 0xf5, 0x28, 0x5c, 0x8f, 0xb8, 0x01, 0x00, 0x00, 0x00, 0x48,
  0xbe, 0xb8, 0x1e, 0x85, 0xeb, 0x51, 0xb8, 0x1e, 0x05, 0x49, 0xb9, 0x5c,
  0x8f, 0xc2, 0xf5, 0x28, 0x5c, 0x8f, 0x02, 0x49, 0x0f, 0xaf, 0xc8, 0x48,
  0x01, 0xce, 0x48, 0xc1, 0xce, 0x02, 0x4c, 0x39, 0xce, 0x77, 0x24, 0x48,
  0xb8, 0xb0, 0x1e, 0x85, 0xeb, 0x51, 0xb8, 0x1e, 0x05, 0x48, 0x01, 0xc1,
  0x48, 0xb8, 0xd6, 0xa3, 0x70, 0x3d, 0x0a, 0xd7, 0xa3, 0x00, 0x48, 0xc1,
  0xc9, 0x04, 0x48, 0x39, 0xc1, 0x0f, 0x96, 0xc0, 0x0f, 0xb6, 0xc0, 0x8b,
  0x4f, 0x08, 0x48, 0x8d, 0x04, 0x40, 0x8d, 0x71, 0xff, 0x48, 0x63, 0xf6,
  0x48, 0x8d, 0x34, 0x86, 0x48, 0x8d, 0x05, 0xbd, 0x47, 0x00, 0x00, 0x8b,
  0x04, 0xb0, 0x39, 0xd0, 0x7d, 0x1e, 0x29, 0xc2, 0x83, 0xc1, 0x01, 0x89,
  0x57, 0x0c, 0x89, 0x4f, 0x08, 0x83, 0xf9, 0x0c, 0x7e, 0x0e, 0x49, 0x83,
  0xc0, 0x01, 0xc7, 0x47, 0x08, 0x01, 0x00, 0x00, 0x00, 0x4c, 0x89, 0x07,
  0xc3, 0x0f, 0x1f, 0x80, 0x00, 0x00, 0x00, 0x00, 0x83, 0xf8, 0x17, 0x0f,
  0x8e, 0x42, 0x03, 0x00, 0x00, 0x44, 0x8d, 0x40, 0xe8, 0xba, 0xab, 0xaa,
  0xaa, 0xaa, 0x4c, 0x89, 0xc1, 0x4c, 0x0f, 0xaf, 0xc2, 0x49, 0xc1, 0xe8,
  0x24, 0x41, 0x83, 0xc0, 0x01, 0x81, 0xf9, 0xbf, 0x00, 0x00, 0x00, 0x0f,
  0x86, 0xa8, 0x00, 0x00, 0x00, 0x66, 0x0f, 0x6e, 0xf0, 0x66, 0x0f, 0x6e,
  0xfe, 0x44, 0x89, 0xc1, 0x31, 0xd2, 0x66, 0x0f, 0x70, 0xde, 0x00, 0x66,
  0x0f, 0x70, 0xd7, 0x00, 0x66, 0x0f, 0xfe, 0x1d, 0x84, 0x48, 0x00, 0x00,
  0x66, 0x0f, 0x6f, 0x2d, 0x0c, 0x48, 0x00, 0x00, 0x66, 0x0f, 0xfe, 0x15,
  0xf4, 0x47, 0x00, 0x00, 0x66, 0x0f, 0x6f, 0x25, 0x2c, 0x48, 0x00, 0x00,
  0xc1, 0xe9, 0x02, 0x66, 0x0f, 0x6f, 0x3d, 0x71, 0x48, 0x00, 0x00, 0x66,
  0x0f, 0x6f, 0x35, 0x79, 0x48, 0x00, 0x00, 0x66, 0x0f, 0x1f, 0x84, 0x00,
  0x00, 0x00, 0x00, 0x00, 0x66, 0x0f, 0x6f, 0xca, 0x66, 0x0f, 0x6f, 0xc3,
  0x66, 0x0f, 0xfe, 0xd5, 0x83, 0xc2, 0x01, 0x66, 0x0f, 0xfe, 0xdf, 0x66,
  0x0f, 0xfe, 0xc6, 0x66, 0x0f, 0xfe, 0xcc, 0x39, 0xca, 0x75, 0xe1, 0x45,
  0x89, 0xc1, 0x66, 0x0f, 0x70, 0xc9, 0xff, 0x66, 0x0f, 0x70, 0xc0, 0xff,
  0x41, 0x83, 0xe1, 0xfc, 0x66, 0x0f, 0x7e, 0xca, 0x66, 0x0f, 0x7e, 0xc1,
  0x46, 0x8d, 0x1c, 0x8d, 0x00, 0x00, 0x00, 0x00, 0x45, 0x89, 0xca, 0x44,
  0x01, 0xce, 0x45, 0x29, 0xda, 0x42, 0x8d, 0x04, 0xd0, 0x45, 0x39, 0xc8,
  0x74, 0x5c, 0x8d, 0x48, 0xe8, 0x8d, 0x56, 0x01, 0x83, 0xf9, 0x17, 0x7e,
  0x51, 0x8d, 0x48, 0xd0, 0x8d, 0x56, 0x02, 0x83, 0xf9, 0x17, 0x7e, 0x46,
  0x8d, 0x48, 0xb8, 0x8d, 0x56, 0x03, 0x83, 0xf9, 0x17, 0x7e, 0x3b, 0x8d,
  0x48, 0xa0, 0x8d, 0x56, 0x04, 0x83, 0xf9, 0x17, 0x7e, 0x30, 0x8d, 0x48,
  0x88, 0x8d, 0x56, 0x05, 0x83, 0xf9, 0x17, 0x7e, 0x25, 0x8d, 0x88, 0x70,
  0xff, 0xff, 0xff, 0x8d, 0x56, 0x06, 0x83, 0xf9, 0x17, 0x7e, 0x17, 0x8d,
  0x88, 0x58, 0xff, 0xff, 0xff, 0x8d, 0x56, 0x07, 0x83, 0xf9, 0x17, 0x7e,
  0x09, 0x8d, 0x88, 0x40, 0xff, 0xff, 0xff, 0x8d, 0x56, 0x08, 0x66, 0x0f,
  0x6e, 0xc2, 0x66, 0x0f, 0x6e, 0xf1, 0x66, 0x0f, 0x62, 0xc6, 0x66, 0x0f,
  0xd6, 0x47, 0x0c, 0x85, 0xd2, 0x0f, 0x8f, 0x09, 0xfe, 0xff, 0xff, 0x8b,
  0x47, 0x08, 0x48, 0x8b, 0x0f, 0x8d, 0x70, 0xff, 0x83, 0xe8, 0x02, 0x89,
  0x77, 0x08, 0x85, 0xf6, 0x7f, 0x13, 0x48, 0x83, 0xe9, 0x01, 0xc7, 0x47,
  0x08, 0x0c, 0x00, 0x00, 0x00, 0xb8, 0x0b, 0x00, 0x00, 0x00, 0x48, 0x89,
  0x0f, 0x31, 0xf6, 0xf6, 0xc1, 0x03, 0x75, 0x37, 0x48, 0xbe, 0x29, 0x5c,
  0x8f, 0xc2, 0xf5, 0x28, 0x5c, 0x8f, 0x49, 0xb8, 0xb8, 0x1e, 0x85, 0xeb,
  0x51, 0xb8, 0x1e, 0x05, 0x49, 0xb9, 0x5c, 0x8f, 0xc2, 0xf5, 0x28, 0x5c,
  0x8f, 0x02, 0x48, 0x0f, 0xaf, 0xce, 0xbe, 0x01, 0x00, 0x00, 0x00, 0x49,
  0x01, 0xc8, 0x49, 0xc1, 0xc8, 0x02, 0x4d, 0x39, 0xc8, 0x0f, 0x86, 0x75,
  0x01, 0x00, 0x00, 0x48, 0x63, 0xce, 0x48, 0x98, 0x48, 0x8d, 0x0c, 0x49,
  0x48, 0x8d, 0x0c, 0x88, 0x48, 0x8d, 0x05, 0xd1, 0x45, 0x00, 0x00, 0x03,
  0x14, 0x88, 0x89, 0x57, 0x0c, 0xc3, 0x66, 0x2e, 0x0f, 0x1f, 0x84, 0x00,
  0x00, 0x00, 0x00, 0x00, 0x83, 0xfe, 0x3b, 0x0f, 0x8e, 0x79, 0x01, 0x00,
  0x00, 0x44, 0x8d, 0x46, 0xc4, 0xb8, 0x89, 0x88, 0x88, 0x88, 0x4c, 0x89,
  0xc2, 0x4c, 0x0f, 0xaf, 0xc0, 0x49, 0xc1, 0xe8, 0x25, 0x41, 0x83, 0xc0,
  0x01, 0x81, 0xfa, 0xdf, 0x01, 0x00, 0x00, 0x0f, 0x86, 0xa7, 0x00, 0x00,
  0x00, 0x66, 0x0f, 0x6e, 0xf6, 0x66, 0x0f, 0x6e, 0xf9, 0x44, 0x89, 0xc2,
  0x31, 0xc0, 0x66, 0x0f, 0x70, 0xde, 0x00, 0x66, 0x0f, 0x70, 0xd7, 0x00,
  0x66, 0x0f, 0xfe, 0x1d, 0x24, 0x46, 0x00, 0x00, 0x66, 0x0f, 0x6f, 0x2d,
  0x3c, 0x46, 0x00, 0x00, 0x66, 0x0f, 0xfe, 0x15, 0x24, 0x46, 0x00, 0x00,
  0x66, 0x0f, 0x6f, 0x3d, 0x3c, 0x46, 0x00, 0x00, 0xc1, 0xea, 0x02, 0x66,
  0x0f, 0x6f, 0x35, 0x41, 0x46, 0x00, 0x00, 0x66, 0x0f, 0x6f, 0x25, 0x49,
  0x46, 0x00, 0x00, 0x66, 0x0f, 0x1f, 0x84, 0x00, 0x00, 0x00, 0x00, 0x00,
  0x66, 0x0f, 0x6f, 0xca, 0x66, 0x0f, 0x6f, 0xc3, 0x66, 0x0f, 0xfe, 0xd5,
  0x83, 0xc0, 0x01, 0x66, 0x0f, 0xfe, 0xdf, 0x66, 0x0f, 0xfe, 0xc6, 0x66,
  0x0f, 0xfe, 0xcc, 0x39, 0xd0, 0x75, 0xe1, 0x45, 0x89, 0xc1, 0x66, 0x0f,
  0x70, 0xc9, 0xff, 0x66, 0x0f, 0x70, 0xc0, 0xff, 0x41, 0x83, 0xe1, 0xfc,
  0x66, 0x0f, 0x7e, 0xc8, 0x66, 0x0f, 0x7e, 0xc2, 0x45, 0x89, 0xcb, 0x45,
  0x89, 0xca, 0x44, 0x01, 0xc9, 0x41, 0xc1, 0xe3, 0x04, 0x45, 0x29, 0xda,
  0x42, 0x8d, 0x34, 0x96, 0x45, 0x39, 0xc8, 0x74, 0x65, 0x8d, 0x56, 0xc4,
  0x8d, 0x41, 0x01, 0x83, 0xfa, 0x3b, 0x7e, 0x5a, 0x8d, 0x56, 0x88, 0x8d,
  0x41, 0x02, 0x83, 0xfa, 0x3b, 0x7e, 0x4f, 0x8d, 0x96, 0x4c, 0xff, 0xff,
  0xff, 0x8d, 0x41, 0x03, 0x83, 0xfa, 0x3b, 0x7e, 0x41, 0x8d, 0x96, 0x10,
  0xff, 0xff, 0xff, 0x8d, 0x41, 0x04, 0x83, 0xfa, 0x3b, 0x7e, 0x33, 0x8d,
  0x96, 0xd4, 0xfe, 0xff, 0xff, 0x8d, 0x41, 0x05, 0x83, 0xfa, 0x3b, 0x7e,
  0x25, 0x8d, 0x96, 0x98, 0xfe, 0xff, 0xff, 0x8d, 0x41, 0x06, 0x83, 0xfa,
  0x3b, 0x7e, 0x17, 0x8d, 0x96, 0x5c, 0xfe, 0xff, 0xff, 0x8d, 0x41, 0x07,
  0x83, 0xfa, 0x3b, 0x7e, 0x09, 0x8d, 0x96, 0x20, 0xfe, 0xff, 0xff, 0x8d,
  0x41, 0x08, 0x66, 0x0f, 0x6e, 0xc0, 0x66, 0x0f, 0x6e, 0xe2, 0x66, 0x0f,
  0x62, 0xc4, 0x66, 0x0f, 0xd6, 0x47, 0x10, 0xe9, 0xfa, 0xfa, 0xff, 0xff,
  0x0f, 0x1f, 0x40, 0x00, 0x48, 0xbe, 0xb0, 0x1e, 0x85, 0xeb, 0x51, 0xb8,
  0x1e, 0x05, 0x48, 0x01, 0xf1, 0x48, 0xbe, 0xd6, 0xa3, 0x70, 0x3d, 0x0a,
  0xd7, 0xa3, 0x00, 0x48, 0xc1, 0xc9, 0x04, 0x48, 0x39, 0xf1, 0x40, 0x0f,
  0x96, 0xc6, 0x40, 0x0f, 0xb6, 0xf6, 0xe9, 0x60, 0xfe, 0xff, 0xff, 0x89,
  0xf2, 0xe9, 0xec, 0xfb, 0xff, 0xff, 0x89, 0xc8, 0xe9, 0xbd, 0xfa, 0xff,
  0xff, 0x0f, 0x1f, 0x80, 0x00, 0x00, 0x00, 0x00, 0x48, 0x8b, 0x0f, 0x48,
  0x8d, 0x81, 0x4e, 0xf8, 0xff, 0xff, 0x48, 0x8d, 0x14, 0xc0, 0x48, 0x8d,
  0x04, 0xd0, 0x4c, 0x8d, 0x0c, 0x80, 0x4d, 0x85, 0xc9, 0x0f, 0x88, 0x99,
  0x01, 0x00, 0x00, 0x48, 0x89, 0xc8, 0x4c, 0x8d, 0x81, 0x52, 0xf8, 0xff,
  0xff, 0x48, 0xbe, 0x0b, 0xd7, 0xa3, 0x70, 0x3d, 0x0a, 0xd7, 0xa3, 0x48,
  0x2d, 0xb1, 0x07, 0x00, 0x00, 0x4c, 0x0f, 0x49, 0xc0, 0x49, 0xc1, 0xf8,
  0x02, 0x4d, 0x01, 0xc1, 0x4c, 0x8d, 0x81, 0x93, 0xf8, 0xff, 0xff, 0x4c,
  0x89, 0xc0, 0x48, 0xf7, 0xee, 0x4c, 0x01, 0xc2, 0x49, 0xc1, 0xf8, 0x3f,
  0x48, 0xc1, 0xfa, 0x06, 0x49, 0x29, 0xd0, 0x4d, 0x01, 0xc8, 0x4c, 0x8d,
  0x89, 0xbf, 0xf9, 0xff, 0xff, 0x4c, 0x89, 0xc8, 0x48, 0xf7, 0xee, 0x4c,
  0x01, 0xca, 0x49, 0xc1, 0xf9, 0x3f, 0x48, 0xc1, 0xfa, 0x08, 0x4c, 0x29,
  0xca, 0x4c, 0x01, 0xc2, 0x48, 0x8d, 0x35, 0xa9, 0x43, 0x00, 0x00, 0xf6,
  0xc1, 0x03, 0x75, 0x36, 0x48, 0xb8, 0x29, 0x5c, 0x8f, 0xc2, 0xf5, 0x28,
  0x5c, 0x8f, 0x48, 0x83, 0xc6, 0x30, 0x49, 0xb8, 0x5c, 0x8f, 0xc2, 0xf5,
  0x28, 0x5c, 0x8f, 0x02, 0x48, 0x0f, 0xaf, 0xc8, 0x48, 0xb8, 0xb8, 0x1e,
  0x85, 0xeb, 0x51, 0xb8, 0x1e, 0x05, 0x48, 0x01, 0xc8, 0x48, 0xc1, 0xc8,
  0x02, 0x4c, 0x39, 0xc0, 0x0f, 0x86, 0xc6, 0x00, 0x00, 0x00, 0x8b, 0x47,
  0x08, 0x44, 0x8d, 0x40, 0xff, 0x45, 0x85, 0xc0, 0x0f, 0x8e, 0xa5, 0x00,
  0x00, 0x00, 0x83, 0xe8, 0x02, 0x83, 0xf8, 0x02, 0x0f, 0x86, 0x32, 0x01,
  0x00, 0x00, 0x44, 0x89, 0xc1, 0x66, 0x0f, 0xef, 0xc9, 0x66, 0x0f, 0xef,
  0xe4, 0x48, 0x89, 0xf0, 0xc1, 0xe9, 0x02, 0x48, 0xc1, 0xe1, 0x04, 0x48,
  0x01, 0xf1, 0x66, 0x2e, 0x0f, 0x1f, 0x84, 0x00, 0x00, 0x00, 0x00, 0x00,
  0x66, 0x0f, 0x6f, 0x00, 0x66, 0x0f, 0x6f, 0xd4, 0x48, 0x83, 0xc0, 0x10,
  0x66, 0x0f, 0x66, 0xd0, 0x66, 0x0f, 0x6f, 0xd8, 0x66, 0x0f, 0x62, 0xda,
  0x66, 0x0f, 0x6a, 0xc2, 0x66, 0x0f, 0xd4, 0xcb, 0x66, 0x0f, 0xd4, 0xc8,
  0x48, 0x39, 0xc8, 0x75, 0xd7, 0x66, 0x0f, 0x6f, 0xc1, 0x66, 0x0f, 0x73,
  0xd8, 0x08, 0x66, 0x0f, 0xd4, 0xc1, 0x66, 0x48, 0x0f, 0x7e, 0xc0, 0x48,
  0x01, 0xc2, 0x44, 0x89, 0xc0, 0x83, 0xe0, 0xfc, 0x41, 0xf6, 0xc0, 0x03,
  0x74, 0x2d, 0x48, 0x63, 0xc8, 0x48, 0x63, 0x0c, 0x8e, 0x48, 0x01, 0xca,
  0x8d, 0x48, 0x01, 0x41, 0x39, 0xc8, 0x7e, 0x1b, 0x48, 0x63, 0xc9, 0x83,
  0xc0, 0x02, 0x48, 0x63, 0x0c, 0x8e, 0x48, 0x01, 0xca, 0x41, 0x39, 0xc0,
  0x7e, 0x09, 0x48, 0x98, 0x48, 0x63, 0x04, 0x86, 0x48, 0x01, 0xc2, 0x8b,
  0x47, 0x0c, 0x83, 0xe8, 0x01, 0x48, 0x98, 0x48, 0x01, 0xd0, 0xc3, 0x0f,
  0x1f, 0x44, 0x00, 0x00, 0x48, 0xb8, 0xb0, 0x1e, 0x85, 0xeb, 0x51, 0xb8,
  0x1e, 0x05, 0x48, 0x01, 0xc1, 0x48, 0xb8, 0xd6, 0xa3, 0x70, 0x3d, 0x0a,
  0xd7, 0xa3, 0x00, 0x48, 0xc1, 0xc9, 0x04, 0x48, 0x39, 0xc1, 0x48, 0x8d,
  0x46, 0xd0, 0x48, 0x0f, 0x47, 0xf0, 0xe9, 0x0f, 0xff, 0xff, 0xff, 0x0f,
  0x1f, 0x44, 0x00, 0x00, 0x48, 0x89, 0xc8, 0x48, 0x8d, 0xb1, 0x30, 0xf8,
  0xff, 0xff, 0x4c, 0x8d, 0x81, 0x4f, 0xf8, 0xff, 0xff, 0x48, 0xba, 0x0b,
  0xd7, 0xa3, 0x70, 0x3d, 0x0a, 0xd7, 0xa3, 0x48, 0x2d, 0xb4, 0x07, 0x00,
  0x00, 0x4c, 0x0f, 0x49, 0xc0, 0x48, 0x89, 0xf0, 0x48, 0xf7, 0xea, 0x49,
  0xc1, 0xf8, 0x02, 0x4d, 0x01, 0xc8, 0x48, 0x01, 0xf2, 0x48, 0xc1, 0xfe,
  0x3f, 0x49, 0x89, 0xd1, 0x48, 0x89, 0xf0, 0x48, 0xc1, 0xfa, 0x08, 0x49,
  0xc1, 0xf9, 0x06, 0x48, 0x29, 0xf2, 0x4c, 0x29, 0xc8, 0x49, 0x01, 0xc0,
  0x4c, 0x01, 0xc2, 0xe9, 0x70, 0xfe, 0xff, 0xff, 0x31, 0xc0, 0xe9, 0x33,
  0xff, 0xff, 0xff, 0x66, 0x0f, 0x1f, 0x84, 0x00, 0x00, 0x00, 0x00, 0x00,
  0x48, 0x8b, 0x16, 0xb8, 0x01, 0x00, 0x00, 0x00, 0x48, 0x39, 0x17, 0x0f,
  0x8f, 0xb8, 0x00, 0x00, 0x00, 0xb8, 0xff, 0xff, 0xff, 0xff, 0x0f, 0x8c,
  0xad, 0x00, 0x00, 0x00, 0x8b, 0x4e, 0x08, 0xb8, 0x01, 0x00, 0x00, 0x00,
  0x39, 0x4f, 0x08, 0x0f, 0x8f, 0x9c, 0x00, 0x00, 0x00, 0xb8, 0xff, 0xff,
  0xff, 0xff, 0x0f, 0x8c, 0x91, 0x00, 0x00, 0x00, 0x8b, 0x4e, 0x0c, 0xb8,
  0x01, 0x00, 0x00, 0x00, 0x39, 0x4f, 0x0c, 0x0f, 0x8f, 0x80, 0x00, 0x00,
  0x00, 0xb8, 0xff, 0xff, 0xff, 0xff, 0x7c, 0x79, 0x8b, 0x4e, 0x10, 0xb8,
  0x01, 0x00, 0x00, 0x00, 0x39, 0x4f, 0x10, 0x7f, 0x6c, 0xb8, 0xff, 0xff,
  0xff, 0xff, 0x7c, 0x65, 0x8b, 0x4e, 0x14, 0xb8, 0x01, 0x00, 0x00, 0x00,
  0x39, 0x4f, 0x14, 0x7f, 0x58, 0xb8, 0xff, 0xff, 0xff, 0xff, 0x7c, 0x51,
  0x8b, 0x4e, 0x18, 0xb8, 0x01, 0x00, 0x00, 0x00, 0x39, 0x4f, 0x18, 0x7f,
  0x44, 0xb8, 0xff, 0xff, 0xff, 0xff, 0x7c, 0x3d, 0x8b, 0x4e, 0x1c, 0xb8,
  0x01, 0x00, 0x00, 0x00, 0x39, 0x4f, 0x1c, 0x7f, 0x30, 0xb8, 0xff, 0xff,
  0xff, 0xff, 0x7c, 0x29, 0x8b, 0x4e, 0x20, 0xb8, 0x01, 0x00, 0x00, 0x00,
  0x39, 0x4f, 0x20, 0x7f, 0x1c, 0xb8, 0xff, 0xff, 0xff, 0xff, 0x7c, 0x15,
  0x8b, 0x4e, 0x24, 0xb8, 0x01, 0x00, 0x00, 0x00, 0x39, 0x4f, 0x24, 0x7f,
  0x08, 0x0f, 0x9c, 0xc0, 0x0f, 0xb6, 0xc0, 0xf7, 0xd8, 0xc3, 0x66, 0x0f,
  0x1f, 0x44, 0x00, 0x00, 0x41, 0x54, 0x48, 0x8d, 0x35, 0xb7, 0x3f, 0x00,
  0x00, 0x49, 0x89, 0xfc, 0x55, 0x48, 0x83, 0xec, 0x18, 0xe8, 0x2a, 0xf0,
  0xff, 0xff, 0x48, 0x85, 0xc0, 0x74, 0x3c, 0x48, 0x3b, 0x05, 0x4e, 0x6f,
  0x00, 0x00, 0x48, 0x89, 0xc5, 0x74, 0x20, 0x48, 0x89, 0xc7, 0x4c, 0x89,
  0xe1, 0x31, 0xc0, 0x48, 0x8d, 0x15, 0x91, 0x3f, 0x00, 0x00, 0x48, 0x8d,
  0x35, 0x8c, 0x3f, 0x00, 0x00, 0xe8, 0xde, 0xef, 0xff, 0xff, 0x48, 0x85,
  0xc0, 0x74, 0x09, 0x48, 0x83, 0xc4, 0x18, 0x5d, 0x41, 0x5c, 0xc3, 0x90,
  0x48, 0x83, 0x6d, 0x00, 0x01, 0x74, 0x11, 0x48, 0x83, 0xc4, 0x18, 0x31,
  0xc0, 0x5d, 0x41, 0x5c, 0xc3, 0x0f, 0x1f, 0x80, 0x00, 0x00, 0x00, 0x00,
  0x48, 0x89, 0xef, 0x48, 0x89, 0x44, 0x24, 0x08, 0xe8, 0xdb, 0xef, 0xff,
  0xff, 0x48, 0x8b, 0x44, 0x24, 0x08, 0xeb, 0xcb, 0x0f, 0x1f, 0x40, 0x00,
  0x41, 0x89, 0xfa, 0x55, 0x48, 0x89, 0xf7, 0x41, 0x83, 0xfa, 0x01, 0x0f,
  0x86, 0x2f, 0x01, 0x00, 0x00, 0xe8, 0x7a, 0xfc, 0xff, 0xff, 0x49, 0x89,
  0xc0, 0x41, 0x83, 0xfa, 0x04, 0x0f, 0x84, 0x10, 0x01, 0x00, 0x00, 0x41,
  0x83, 0xfa, 0x02, 0x0f, 0x84, 0x43, 0x01, 0x00, 0x00, 0x48, 0x6b, 0xc0,
  0x18, 0x0f, 0x80, 0xd1, 0x00, 0x00, 0x00, 0x48, 0x63, 0x57, 0x10, 0x48,
  0x01, 0xd0, 0x49, 0x89, 0xc0, 0x0f, 0x80, 0xc1, 0x00, 0x00, 0x00, 0x41,
  0x83, 0xfa, 0x05, 0x0f, 0x84, 0xe2, 0x00, 0x00, 0x00, 0x48, 0x6b, 0xc0,
  0x3c, 0x0f, 0x80, 0xad, 0x00, 0x00, 0x00, 0x48, 0x63, 0x57, 0x14, 0x48,
  0x01, 0xd0, 0x49, 0x89, 0xc0, 0x0f, 0x80, 0x9d, 0x00, 0x00, 0x00, 0x41,
  0x83, 0xfa, 0x06, 0x0f, 0x84, 0xbe, 0x00, 0x00, 0x00, 0x48, 0x6b, 0xc0,
  0x3c, 0x0f, 0x80, 0x89, 0x00, 0x00, 0x00, 0x4c, 0x63, 0x47, 0x18, 0x4c,
  0x01, 0xc0, 0x49, 0x89, 0xc0, 0x70, 0x7d, 0x41, 0x83, 0xfa, 0x07, 0x0f,
  0x84, 0x9e, 0x00, 0x00, 0x00, 0x41, 0x83, 0xfa, 0x08, 0x0f, 0x84, 0x01,
  0x01, 0x00, 0x00, 0x4c, 0x69, 0xc0, 0x40, 0x42, 0x0f, 0x00, 0x70, 0x60,
  0x48, 0x63, 0x47, 0x1c, 0x49, 0x01, 0xc0, 0x70, 0x57, 0x41, 0x83, 0xfa,
  0x09, 0x74, 0x7c, 0x41, 0x83, 0xfa, 0x0a, 0x0f, 0x84, 0x17, 0x01, 0x00,
  0x00, 0x49, 0x69, 0xc0, 0x40, 0x42, 0x0f, 0x00, 0x70, 0x3e, 0x48, 0x63,
  0x57, 0x20, 0x48, 0x01, 0xd0, 0x49, 0x89, 0xc0, 0x70, 0x32, 0x41, 0x83,
  0xfa, 0x0b, 0x74, 0x57, 0x41, 0x83, 0xfa, 0x0c, 0x0f, 0x84, 0x1a, 0x01,
  0x00, 0x00, 0x41, 0x83, 0xfa, 0x0d, 0x0f, 0x85, 0x82, 0x01, 0x00, 0x00,
  0x48, 0x69, 0xc0, 0x40, 0x42, 0x0f, 0x00, 0x70, 0x0f, 0x4c, 0x63, 0x47,
  0x24, 0x4c, 0x01, 0xc0, 0x49, 0x89, 0xc0, 0x71, 0x2e, 0x0f, 0x1f, 0x00,
  0xe8, 0x43, 0xef, 0xff, 0xff, 0x48, 0x8d, 0x35, 0x44, 0x3e, 0x00, 0x00,
  0x89, 0xc5, 0x48, 0x8b, 0x05, 0xc3, 0x6d, 0x00, 0x00, 0x48, 0x8b, 0x38,
  0xe8, 0xfb, 0xee, 0xff, 0xff, 0x89, 0xef, 0xe8, 0x54, 0xee, 0xff, 0xff,
  0x49, 0xc7, 0xc0, 0xff, 0xff, 0xff, 0xff, 0x4c, 0x89, 0xc0, 0x5d, 0xc3,
  0x0f, 0x1f, 0x84, 0x00, 0x00, 0x00, 0x00, 0x00, 0x4c, 0x8b, 0x06, 0x49,
  0x81, 0xe8, 0xb2, 0x07, 0x00, 0x00, 0x70, 0xbc, 0x45, 0x85, 0xd2, 0x74,
  0xe2, 0x4d, 0x6b, 0xc0, 0x0c, 0x70, 0xb1, 0x48, 0x63, 0x46, 0x08, 0x48,
  0x83, 0xe8, 0x01, 0x49, 0x01, 0xc0, 0x70, 0xa4, 0x4c, 0x89, 0xc0, 0x5d,
  0xc3, 0x0f, 0x1f, 0x80, 0x00, 0x00, 0x00, 0x00, 0x48, 0x85, 0xc0, 0x79,
  0x06, 0x49, 0x83, 0xe8, 0x06, 0x70, 0x8d, 0x48, 0xba, 0x25, 0x49, 0x92,
  0x24, 0x49, 0x92, 0x24, 0x49, 0x4c, 0x89, 0xc0, 0x5d, 0x48, 0xf7, 0xea,
  0x4c, 0x89, 0xc0, 0x48, 0xc1, 0xf8, 0x3f, 0x48, 0xd1, 0xfa, 0x48, 0x29,
  0xc2, 0x49, 0x89, 0xd0, 0x4c, 0x89, 0xc0, 0xc3, 0x4c, 0x69, 0xc0, 0xe8,
  0x03, 0x00, 0x00, 0x0f, 0x80, 0x5b, 0xff, 0xff, 0xff, 0x48, 0x63, 0x57,
  0x1c, 0x48, 0x89, 0xd0, 0x48, 0x69, 0xd2, 0xd3, 0x4d, 0x62, 0x10, 0xc1,
  0xf8, 0x1f, 0x48, 0xc1, 0xfa, 0x26, 0x29, 0xc2, 0x48, 0x63, 0xd2, 0x49,
  0x01, 0xd0, 0x0f, 0x81, 0x63, 0xff, 0xff, 0xff, 0xe9, 0x33, 0xff, 0xff,
  0xff, 0x0f, 0x1f, 0x00, 0x48, 0xb8, 0x08, 0xac, 0x1c, 0x5a, 0x64, 0x3b,
  0xdf, 0xff, 0x49, 0x39, 0xc0, 0x74, 0x51, 0x4d, 0x69, 0xc0, 0xe8, 0x03,
  0x00, 0x00, 0x0f, 0x80, 0x14, 0xff, 0xff, 0xff, 0x48, 0x63, 0x57, 0x20,
  0xeb, 0xb7, 0x66, 0x0f, 0x1f, 0x44, 0x00, 0x00, 0x4c, 0x69, 0xc0, 0xe8,
  0x03, 0x00, 0x00, 0x0f, 0x80, 0xfb, 0xfe, 0xff, 0xff, 0x48, 0x63, 0x47,
  0x24, 0x48, 0x89, 0xc2, 0x48, 0x69, 0xc0, 0xd3, 0x4d, 0x62, 0x10, 0xc1,
  0xfa, 0x1f, 0x48, 0xc1, 0xf8, 0x26, 0x29, 0xd0, 0x48, 0x98, 0x49, 0x01,
  0xc0, 0x0f, 0x81, 0x04, 0xff, 0xff, 0xff, 0xe9, 0xd4, 0xfe, 0xff, 0xff,
  0x0f, 0x1f, 0x40, 0x00, 0x8b, 0x57, 0x20, 0x81, 0xea, 0xe8, 0xf1, 0x02,
  0x00, 0x48, 0x63, 0xc2, 0xc1, 0xfa, 0x1f, 0x48, 0x69, 0xc0, 0xd3, 0x4d,
  0x62, 0x10, 0x48, 0xc1, 0xf8, 0x26, 0x29, 0xd0, 0x48, 0xba, 0x01, 0x00,
  0x00, 0x00, 0x00, 0x00, 0x00, 0x80, 0x48, 0x98, 0x4c, 0x8d, 0x04, 0x10,
  0x48, 0x01, 0xd0, 0x0f, 0x81, 0xc6, 0xfe, 0xff, 0xff, 0xe9, 0x96, 0xfe,
  0xff, 0xff, 0xe8, 0xd9, 0xed, 0xff, 0xff, 0x48, 0x8d, 0x35, 0x12, 0x3d,
  0x00, 0x00, 0x89, 0xc5, 0x48, 0x8b, 0x05, 0x31, 0x6c, 0x00, 0x00, 0xe9,
  0x91, 0xfe, 0xff, 0xff, 0x0f, 0x1f, 0x40, 0x00, 0x48, 0x8b, 0x07, 0x48,
  0x99, 0x48, 0xf7, 0xfe, 0x48, 0x85, 0xd2, 0x79, 0x07, 0x48, 0x01, 0xf2,
  0x48, 0x83, 0xe8, 0x01, 0x48, 0x89, 0x17, 0xc3, 0x0f, 0x1f, 0x84, 0x00,
  0x00, 0x00, 0x00, 0x00, 0x48, 0x8b, 0x05, 0x89, 0x3f, 0x00, 0x00, 0x66,
  0x0f, 0xef, 0xc0, 0x53, 0x48, 0xc7, 0x42, 0x20, 0x00, 0x00, 0x00, 0x00,
  0x48, 0xc7, 0x02, 0xb2, 0x07, 0x00, 0x00, 0x48, 0x89, 0x42, 0x08, 0x0f,
  0x11, 0x42, 0x10, 0x83, 0xfe, 0x0d, 0x0f, 0x87, 0xc4, 0x06, 0x00, 0x00,
  0x49, 0x89, 0xd3, 0x89, 0xf6, 0x48, 0x8d, 0x15, 0x58, 0x3d, 0x00, 0x00,
  0x48, 0x63, 0x04, 0xb2, 0x48, 0x01, 0xd0, 0xff, 0xe0, 0x0f, 0x1f, 0x80,
  0x00, 0x00, 0x00, 0x00, 0x48, 0xba, 0xa1, 0xab, 0x43, 0xd2, 0xd1, 0x5d,
  0x72, 0x12, 0x48, 0x89, 0xf8, 0x48, 0xb9, 0x00, 0x00, 0x64, 0xa7, 0xb3,
  0xb6, 0xe0, 0x0d, 0x48, 0xf7, 0xea, 0x48, 0x89, 0xf8, 0x48, 0xc1, 0xf8,
  0x3f, 0x48, 0xc1, 0xfa, 0x38, 0x48, 0x29, 0xc2, 0x48, 0x89, 0xd0, 0x48,
  0x0f, 0xaf, 0xc1, 0x48, 0x29, 0xc7, 0x0f, 0x88, 0x50, 0x07, 0x00, 0x00,
  0x41, 0x89, 0x53, 0x18, 0x48, 0x85, 0xd2, 0x0f, 0x88, 0x83, 0x06, 0x00,
  0x00, 0x48, 0xba, 0x33, 0x22, 0xd4, 0x5b, 0x02, 0x33, 0x2f, 0x23, 0x48,
  0x89, 0xf8, 0x48, 0xf7, 0xe2, 0x48, 0xb8, 0x00, 0x10, 0xa5, 0xd4, 0xe8,
  0x00, 0x00, 0x00, 0x48, 0x89, 0xd1, 0x48, 0xc1, 0xea, 0x25, 0x48, 0xc1,
  0xe9, 0x25, 0x41, 0x89, 0x53, 0x1c, 0x48, 0xba, 0xdb, 0x34, 0xb6, 0xd7,
  0x82, 0xde, 0x1b, 0x43, 0x48, 0x0f, 0xaf, 0xc1, 0x48, 0x29, 0xc7, 0x48,
  0x89, 0xf8, 0x48, 0x89, 0xf9, 0x48, 0xf7, 0xe2, 0x48, 0xc1, 0xea, 0x12,
  0x41, 0x89, 0x53, 0x20, 0x48, 0x69, 0xd2, 0x40, 0x42, 0x0f, 0x00, 0x48,
  0x29, 0xd1, 0x41, 0x89, 0x4b, 0x24, 0x5b, 0xc3, 0x0f, 0x1f, 0x84, 0x00,
  0x00, 0x00, 0x00, 0x00, 0x48, 0x81, 0xc7, 0xb2, 0x07, 0x00, 0x00, 0x49,
  0x89, 0x3b, 0x5b, 0xc3, 0x0f, 0x1f, 0x40, 0x00, 0x4c, 0x8d, 0x04, 0xfd,
  0x00, 0x00, 0x00, 0x00, 0x4c, 0x89, 0xde, 0x5b, 0x49, 0x29, 0xf8, 0x4c,
  0x89, 0xc7, 0xe9, 0x79, 0xee, 0xff, 0xff, 0x66, 0x0f, 0x1f, 0x84, 0x00,
  0x00, 0x00, 0x00, 0x00, 0x4c, 0x89, 0xde, 0x5b, 0xe9, 0x67, 0xee, 0xff,
  0xff, 0x0f, 0x1f, 0x80, 0x00, 0x00, 0x00, 0x00, 0x48, 0xba, 0xab, 0xaa,
  0xaa, 0xaa, 0xaa, 0xaa, 0xaa, 0x2a, 0x48, 0x89, 0xf8, 0x48, 0xf7, 0xea,
  0x48, 0x89, 0xf8, 0x48, 0xc1, 0xf8, 0x3f, 0x48, 0xd1, 0xfa, 0x48, 0x29,
  0xc2, 0x48, 0x8d, 0x04, 0x52, 0x48, 0xc1, 0xe0, 0x02, 0x48, 0x29, 0xc7,
  0x0f, 0x88, 0x62, 0x06, 0x00, 0x00, 0x48, 0x81, 0xc2, 0xb2, 0x07, 0x00,
  0x00, 0x83, 0xc7, 0x01, 0x49, 0x89, 0x13, 0x41, 0x89, 0x7b, 0x08, 0x5b,
  0xc3, 0x0f, 0x1f, 0x80, 0x00, 0x00, 0x00, 0x00, 0x48, 0xba, 0xab, 0xaa,
  0xaa, 0xaa, 0xaa, 0xaa, 0xaa, 0x2a, 0x48, 0x89, 0xf8, 0x48, 0x89, 0xfb,
  0x48, 0xf7, 0xea, 0x48, 0x89, 0xf8, 0x48, 0xc1, 0xf8, 0x3f, 0x48, 0xc1,
  0xfa, 0x02, 0x48, 0x29, 0xc2, 0x48, 0x8d, 0x04, 0x52, 0x49, 0x89, 0xd0,
  0x48, 0xc1, 0xe0, 0x03, 0x48, 0x29, 0xc3, 0x0f, 0x88, 0x03, 0x06, 0x00,
  0x00, 0x4c, 0x89, 0xde, 0x4c, 0x89, 0xc7, 0xe8, 0xd8, 0xed, 0xff, 0xff,
  0x41, 0x89, 0x5b, 0x10, 0x5b, 0xc3, 0x66, 0x90, 0x48, 0xba, 0x97, 0xb8,
  0xa1, 0x56, 0xb9, 0x3f, 0xe7, 0x32, 0x48, 0x89, 0xf8, 0x48, 0x89, 0xfb,
  0x48, 0xf7, 0xea, 0x48, 0x89, 0xf8, 0x48, 0xc1, 0xf8, 0x3f, 0x48, 0xc1,
  0xfa, 0x22, 0x48, 0x29, 0xc2, 0x49, 0x89, 0xd0, 0x48, 0xba, 0x00, 0x60,
  0xd7, 0x1d, 0x14, 0x00, 0x00, 0x00, 0x4c, 0x89, 0xc0, 0x48, 0x0f, 0xaf,
  0xc2, 0x48, 0x29, 0xc3, 0x0f, 0x88, 0xa2, 0x05, 0x00, 0x00, 0x4c, 0x89,
  0xde, 0x4c, 0x89, 0xc7, 0xe8, 0x87, 0xed, 0xff, 0xff, 0x48, 0x89, 0xd8,
  0x48, 0xba, 0xc5, 0x29, 0xe5, 0x03, 0x2c, 0xbf, 0xb5, 0x98, 0x48, 0xb9,
  0xaf, 0x4d, 0x87, 0x72, 0xc6, 0x54, 0x1e, 0x01, 0x48, 0xf7, 0xe2, 0xb8,
  0x00, 0xa4, 0x93, 0xd6, 0x48, 0x89, 0xd6, 0x48, 0xc1, 0xea, 0x1f, 0x48,
  0xc1, 0xee, 0x1f, 0x41, 0x89, 0x53, 0x10, 0x48, 0x0f, 0xaf, 0xc6, 0x48,
  0x29, 0xc3, 0x48, 0x89, 0xda, 0x48, 0xc1, 0xea, 0x08, 0x48, 0x89, 0xd0,
  0x48, 0xf7, 0xe1, 0x48, 0x89, 0xd1, 0x48, 0xc1, 0xea, 0x0a, 0x48, 0xc1,
  0xe9, 0x0a, 0x41, 0x89, 0x53, 0x14, 0x48, 0xba, 0xdb, 0x34, 0xb6, 0xd7,
  0x82, 0xde, 0x1b, 0x43, 0x48, 0x69, 0xc1, 0x00, 0x87, 0x93, 0x03, 0x48,
  0x89, 0xd9, 0x48, 0x29, 0xc1, 0x48, 0x89, 0xc8, 0x48, 0xf7, 0xe2, 0x48,
  0xc1, 0xea, 0x12, 0x41, 0x89, 0x53, 0x18, 0x48, 0x69, 0xd2, 0x40, 0x42,
  0x0f, 0x00, 0x48, 0x29, 0xd1, 0x41, 0x89, 0x4b, 0x1c, 0x5b, 0xc3, 0x90,
  0x48, 0xba, 0x57, 0x29, 0x51, 0xce, 0xa0, 0xc8, 0x45, 0x18, 0x48, 0x89,
  0xf8, 0x48, 0x89, 0xfb, 0x48, 0xf7, 0xea, 0x48, 0x89, 0xf8, 0x48, 0xc1,
  0xf8, 0x3f, 0x48, 0xc1, 0xfa, 0x0d, 0x48, 0x29, 0xc2, 0x48, 0x69, 0xc2,
  0x80, 0x51, 0x01, 0x00, 0x49, 0x89, 0xd0, 0x48, 0x29, 0xc3, 0x0f, 0x88,
  0xcc, 0x04, 0x00, 0x00, 0x4c, 0x89, 0xde, 0x4c, 0x89, 0xc7, 0xe8, 0xc1,
  0xec, 0xff, 0xff, 0x48, 0x89, 0xda, 0x48, 0xb9, 0x81, 0x6f, 0x5e, 0x4d,
  0x3c, 0x2b, 0x1a, 0x09, 0x48, 0xc1, 0xea, 0x04, 0x48, 0x89, 0xd0, 0x48,
  0xf7, 0xe1, 0x48, 0x89, 0xd1, 0x48, 0xc1, 0xea, 0x03, 0x48, 0xc1, 0xe9,
  0x03, 0x41, 0x89, 0x53, 0x10, 0x48, 0xba, 0x89, 0x88, 0x88, 0x88, 0x88,
  0x88, 0x88, 0x88, 0x48, 0x69, 0xc1, 0x10, 0x0e, 0x00, 0x00, 0x48, 0x29,
  0xc3, 0x48, 0x89, 0xd8, 0x48, 0x89, 0xd9, 0x48, 0xf7, 0xe2, 0x48, 0xc1,
  0xea, 0x05, 0x48, 0x89, 0xd0, 0x41, 0x89, 0x53, 0x14, 0x48, 0xc1, 0xe0,
  0x04, 0x48, 0x29, 0xd0, 0x48, 0xc1, 0xe0, 0x02, 0x48, 0x29, 0xc1, 0x41,
  0x89, 0x4b, 0x18, 0x5b, 0xc3, 0x0f, 0x1f, 0x80, 0x00, 0x00, 0x00, 0x00,
  0x48, 0xba, 0x55, 0xe8, 0x6f, 0x3e, 0x7e, 0x82, 0xc0, 0x6a, 0x48, 0x89,
  0xf8, 0x48, 0xf7, 0xea, 0x48, 0x89, 0xf8, 0x48, 0xc1, 0xf8, 0x3f, 0x48,
  0xc1, 0xfa, 0x37, 0x48, 0x29, 0xc2, 0x49, 0x89, 0xd0, 0x48, 0xba, 0x00,
  0x00, 0x98, 0x9c, 0x57, 0xf4, 0x32, 0x01, 0x4c, 0x89, 0xc0, 0x48, 0x89,
  0xfb, 0x48, 0x0f, 0xaf, 0xc2, 0x48, 0x29, 0xc3, 0x79, 0x07, 0x48, 0x01,
  0xd3, 0x49, 0x83, 0xe8, 0x01, 0x4c, 0x89, 0xde, 0x4c, 0x89, 0xc7, 0xe8,
  0x0c, 0xec, 0xff, 0xff, 0x48, 0x89, 0xd8, 0x48, 0xba, 0x55, 0xed, 0x75,
  0xed, 0x26, 0xff, 0x5f, 0x9c, 0x48, 0xbe, 0xe9, 0xe9, 0x47, 0xf3, 0x9f,
  0x29, 0x09, 0x00, 0x48, 0xf7, 0xe2, 0x48, 0xb8, 0x00, 0xa0, 0xb8, 0x30,
  0x46, 0x03, 0x00, 0x00, 0x48, 0x89, 0xd1, 0x48, 0xc1, 0xea, 0x29, 0x48,
  0xc1, 0xe9, 0x29, 0x41, 0x89, 0x53, 0x10, 0x48, 0x0f, 0xaf, 0xc1, 0x48,
  0x29, 0xc3, 0x48, 0x89, 0xda, 0x48, 0x89, 0xd9, 0x48, 0xc1, 0xea, 0x0b,
  0x48, 0x89, 0xd0, 0x48, 0xf7, 0xe6, 0x48, 0xb8, 0x00, 0x58, 0x47, 0xf8,
  0x0d, 0x00, 0x00, 0x00, 0x48, 0x89, 0xd6, 0x48, 0xc1, 0xea, 0x0c, 0x48,
  0xc1, 0xee, 0x0c, 0x41, 0x89, 0x53, 0x14, 0x48, 0x0f, 0xaf, 0xc6, 0x48,
  0x29, 0xc1, 0x48, 0x89, 0xca, 0x48, 0x89, 0xce, 0x48, 0xb9, 0x53, 0x5a,
  0x9b, 0xa0, 0x2f, 0xb8, 0x44, 0x00, 0x48, 0xc1, 0xea, 0x09, 0x48, 0x89,
  0xd0, 0x48, 0xf7, 0xe1, 0x48, 0x89, 0xd1, 0x48, 0xc1, 0xea, 0x0b, 0x48,
  0xc1, 0xe9, 0x0b, 0x41, 0x89, 0x53, 0x18, 0x48, 0x69, 0xc1, 0x00, 0xca,
  0x9a, 0x3b, 0x48, 0x89, 0xf1, 0x48, 0xbe, 0xcf, 0xf7, 0x53, 0xe3, 0xa5,
  0x9b, 0xc4, 0x20, 0x48, 0x29, 0xc1, 0x48, 0x89, 0xca, 0x48, 0xc1, 0xea,
  0x03, 0x48, 0x89, 0xd0, 0x48, 0xf7, 0xe6, 0x48, 0xc1, 0xea, 0x04, 0x41,
  0x89, 0x53, 0x1c, 0x48, 0x69, 0xd2, 0xe8, 0x03, 0x00, 0x00, 0x48, 0x29,
  0xd1, 0x69, 0xc9, 0xe8, 0x03, 0x00, 0x00, 0x41, 0x89, 0x4b, 0x20, 0x5b,
  0xc3, 0x0f, 0x1f, 0x80, 0x00, 0x00, 0x00, 0x00, 0x48, 0xba, 0x83, 0x2d,
  0xd8, 0x82, 0x2d, 0xd8, 0x82, 0x2d, 0x48, 0x89, 0xf8, 0x48, 0x89, 0xfb,
  0x48, 0xf7, 0xea, 0x48, 0x89, 0xf8, 0x48, 0xc1, 0xf8, 0x3f, 0x48, 0xc1,
  0xfa, 0x08, 0x48, 0x29, 0xc2, 0x48, 0x69, 0xc2, 0xa0, 0x05, 0x00, 0x00,
  0x49, 0x89, 0xd0, 0x48, 0x29, 0xc3, 0x0f, 0x88, 0xec, 0x02, 0x00, 0x00,
  0x4c, 0x89, 0xde, 0x4c, 0x89, 0xc7, 0xe8, 0xf1, 0xea, 0xff, 0xff, 0x48,
  0x89, 0xd8, 0x48, 0xba, 0x89, 0x88, 0x88, 0x88, 0x88, 0x88, 0x88, 0x88,
  0x48, 0xf7, 0xe2, 0x48, 0xc1, 0xea, 0x05, 0x48, 0x89, 0xd0, 0x41, 0x89,
  0x53, 0x10, 0x48, 0xc1, 0xe0, 0x04, 0x48, 0x29, 0xd0, 0x48, 0xc1, 0xe0,
  0x02, 0x48, 0x29, 0xc3, 0x41, 0x89, 0x5b, 0x14, 0x5b, 0xc3, 0x66, 0x90,
  0x48, 0xba, 0x87, 0xdc, 0x33, 0xfd, 0x75, 0xa8, 0x6b, 0x63, 0x48, 0x89,
  0xf8, 0x48, 0x89, 0xfb, 0x48, 0xf7, 0xea, 0x48, 0x89, 0xf8, 0x48, 0xc1,
  0xf8, 0x3f, 0x48, 0xc1, 0xfa, 0x19, 0x48, 0x29, 0xc2, 0x48, 0x69, 0xc2,
  0x00, 0x5c, 0x26, 0x05, 0x49, 0x89, 0xd0, 0x48, 0x29, 0xc3, 0x0f, 0x88,
  0x64, 0x02, 0x00, 0x00, 0x4c, 0x89, 0xde, 0x4c, 0x89, 0xc7, 0xe8, 0x81,
  0xea, 0xff, 0xff, 0x48, 0x89, 0xd8, 0x48, 0xba, 0x65, 0xe5, 0xe6, 0x7d,
  0x58, 0xbe, 0x90, 0x4a, 0x48, 0xb9, 0x71, 0x87, 0x60, 0x2f, 0x27, 0x7b,
  0x5e, 0x04, 0x48, 0xf7, 0xe2, 0x48, 0x89, 0xd6, 0x48, 0xc1, 0xea, 0x14,
  0x48, 0xc1, 0xee, 0x14, 0x41, 0x89, 0x53, 0x10, 0x48, 0x69, 0xc6, 0x80,
  0xee, 0x36, 0x00, 0x48, 0xbe, 0xcf, 0xf7, 0x53, 0xe3, 0xa5, 0x9b, 0xc4,
  0x20, 0x48, 0x29, 0xc3, 0x48, 0x89, 0xda, 0x48, 0xc1, 0xea, 0x05, 0x48,
  0x89, 0xd0, 0x48, 0xf7, 0xe1, 0x48, 0x89, 0xd1, 0x48, 0xc1, 0xea, 0x05,
  0x48, 0xc1, 0xe9, 0x05, 0x41, 0x89, 0x53, 0x14, 0x48, 0x69, 0xc1, 0x60,
  0xea, 0x00, 0x00, 0x48, 0x89, 0xd9, 0x48, 0x29, 0xc1, 0x48, 0x89, 0xca,
  0x48, 0xc1, 0xea, 0x03, 0x48, 0x89, 0xd0, 0x48, 0xf7, 0xe6, 0x48, 0xc1,
  0xea, 0x04, 0x41, 0x89, 0x53, 0x18, 0x48, 0x69, 0xd2, 0xe8, 0x03, 0x00,
  0x00, 0x48, 0x29, 0xd1, 0x69, 0xc9, 0xe8, 0x03, 0x00, 0x00, 0x41, 0x89,
  0x4b, 0x1c, 0x5b, 0xc3, 0x48, 0xba, 0xe3, 0x48, 0xf9, 0x48, 0x6f, 0xff,
  0x3f, 0x68, 0x48, 0x89, 0xf8, 0x48, 0xf7, 0xea, 0x48, 0x89, 0xf8, 0x48,
  0xc1, 0xf8, 0x3f, 0x48, 0xc1, 0xfa, 0x2d, 0x48, 0x29, 0xc2, 0x49, 0x89,
  0xd0, 0x48, 0xba, 0x00, 0x00, 0x4f, 0x91, 0x94, 0x4e, 0x00, 0x00, 0xe9,
  0x93, 0xfd, 0xff, 0xff, 0x48, 0xba, 0x21, 0x50, 0x10, 0x8a, 0xa4, 0x4b,
  0xfc, 0x51, 0x48, 0x89, 0xf8, 0x48, 0xb9, 0x00, 0x00, 0x68, 0x27, 0xed,
  0xc4, 0xf5, 0x31, 0x48, 0xf7, 0xea, 0x48, 0x89, 0xf8, 0x48, 0xc1, 0xf8,
  0x3f, 0x48, 0xc1, 0xfa, 0x3c, 0x48, 0x29, 0xc2, 0x48, 0x89, 0xd0, 0x48,
  0x0f, 0xaf, 0xc1, 0x48, 0x29, 0xc7, 0x0f, 0x88, 0x50, 0x01, 0x00, 0x00,
  0x41, 0x89, 0x53, 0x10, 0x48, 0x85, 0xd2, 0x0f, 0x88, 0x1b, 0x01, 0x00,
  0x00, 0x48, 0xba, 0x3d, 0x96, 0xde, 0x82, 0xd4, 0x0d, 0xb9, 0x99, 0x48,
  0x89, 0xf8, 0x48, 0xbe, 0xc3, 0xea, 0xdc, 0xf3, 0x75, 0x40, 0x02, 0x00,
  0x48, 0xf7, 0xe2, 0x48, 0xb8, 0x00, 0x00, 0x86, 0x9e, 0xae, 0x29, 0xd5,
  0x00, 0x48, 0x89, 0xd1, 0x48, 0xc1, 0xea, 0x37, 0x48, 0xc1, 0xe9, 0x37,
  0x41, 0x89, 0x53, 0x14, 0x48, 0x0f, 0xaf, 0xc1, 0x48, 0x29, 0xc7, 0x48,
  0x89, 0xfa, 0x48, 0x89, 0xf9, 0x48, 0xc1, 0xea, 0x0f, 0x48, 0x89, 0xd0,
  0x48, 0xf7, 0xe6, 0x48, 0xb8, 0x00, 0x80, 0xc6, 0xa4, 0x7e, 0x8d, 0x03,
  0x00, 0x48, 0x89, 0xd6, 0x48, 0xc1, 0xea, 0x14, 0x48, 0xc1, 0xee, 0x14,
  0x41, 0x89, 0x53, 0x18, 0x48, 0x0f, 0xaf, 0xc6, 0x48, 0x29, 0xc1, 0x48,
  0x89, 0xca, 0x48, 0x89, 0xce, 0x48, 0xb9, 0x53, 0x5a, 0x9b, 0xa0, 0x2f,
  0xb8, 0x44, 0x00, 0x48, 0xc1, 0xea, 0x09, 0x48, 0x89, 0xd0, 0x48, 0xf7,
  0xe1, 0x48, 0x89, 0xd1, 0x48, 0xc1, 0xea, 0x0b, 0x48, 0xc1, 0xe9, 0x0b,
  0x41, 0x89, 0x53, 0x1c, 0x48, 0x69, 0xc1, 0x00, 0xca, 0x9a, 0x3b, 0x48,
  0x89, 0xf1, 0x48, 0xbe, 0xcf, 0xf7, 0x53, 0xe3, 0xa5, 0x9b, 0xc4, 0x20,
  0x48, 0x29, 0xc1, 0x48, 0x89, 0xca, 0x48, 0xc1, 0xea, 0x03, 0x48, 0x89,
  0xd0, 0x48, 0xf7, 0xe6, 0x48, 0xc1, 0xea, 0x04, 0x41, 0x89, 0x53, 0x20,
  0x48, 0x69, 0xd2, 0xe8, 0x03, 0x00, 0x00, 0x48, 0x29, 0xd1, 0x69, 0xc9,
  0xe8, 0x03, 0x00, 0x00, 0x41, 0x89, 0x4b, 0x24, 0x5b, 0xc3, 0x66, 0x0f,
  0x1f, 0x44, 0x00, 0x00, 0x48, 0x8b, 0x05, 0x01, 0x65, 0x00, 0x00, 0x48,
  0x8d, 0x35, 0x12, 0x36, 0x00, 0x00, 0x5b, 0x48, 0x8b, 0x38, 0xe9, 0x69,
  0xe6, 0xff, 0xff, 0x66, 0x0f, 0x1f, 0x84, 0x00, 0x00, 0x00, 0x00, 0x00,
  0x66, 0x0f, 0x6f, 0x05, 0x68, 0x38, 0x00, 0x00, 0x83, 0xc2, 0x3c, 0x49,
  0xc7, 0x03, 0xb1, 0x07, 0x00, 0x00, 0x41, 0x89, 0x53, 0x18, 0x41, 0x0f,
  0x11, 0x43, 0x08, 0xe9, 0x5d, 0xf9, 0xff, 0xff, 0x48, 0xb8, 0x0c, 0x00,
  0x00, 0x00, 0x1f, 0x00, 0x00, 0x00, 0x83, 0xc2, 0x18, 0x49, 0xc7, 0x03,
  0xb1, 0x07, 0x00, 0x00, 0x49, 0x89, 0x43, 0x08, 0x41, 0x89, 0x53, 0x10,
  0xe9, 0xc4, 0xfe, 0xff, 0xff, 0x0f, 0x1f, 0x80, 0x00, 0x00, 0x00, 0x00,
  0x48, 0x01, 0xcf, 0x48, 0x83, 0xea, 0x01, 0xe9, 0xa4, 0xfe, 0xff, 0xff,
  0x0f, 0x1f, 0x40, 0x00, 0x48, 0x81, 0xc3, 0x00, 0x5c, 0x26, 0x05, 0x49,
  0x83, 0xe8, 0x01, 0xe9, 0x8c, 0xfd, 0xff, 0xff, 0x0f, 0x1f, 0x84, 0x00,
  0x00, 0x00, 0x00, 0x00, 0x48, 0x81, 0xc3, 0xa0, 0x05, 0x00, 0x00, 0x49,
  0x83, 0xe8, 0x01, 0xe9, 0x04, 0xfd, 0xff, 0xff, 0x48, 0x81, 0xc3, 0x80,
  0x51, 0x01, 0x00, 0x49, 0x83, 0xe8, 0x01, 0xe9, 0x24, 0xfb, 0xff, 0xff,
  0x48, 0x01, 0xd3, 0x49, 0x83, 0xe8, 0x01, 0xe9, 0x52, 0xfa, 0xff, 0xff,
  0x0f, 0x1f, 0x40, 0x00, 0x48, 0x83, 0xc3, 0x18, 0x49, 0x83, 0xe8, 0x01,
  0xe9, 0xf0, 0xf9, 0xff, 0xff, 0x0f, 0x1f, 0x00, 0x48, 0x83, 0xc7, 0x0c,
  0x48, 0x83, 0xea, 0x01, 0xe9, 0x91, 0xf9, 0xff, 0xff, 0x0f, 0x1f, 0x00,
  0x48, 0x01, 0xcf, 0x48, 0x83, 0xea, 0x01, 0xe9, 0xa4, 0xf8, 0xff, 0xff,
  0x0f, 0x1f, 0x40, 0x00, 0x55, 0x66, 0x0f, 0xef, 0xc0, 0x53, 0x48, 0x89,
  0xd3, 0x48, 0x83, 0xec, 0x08, 0x0f, 0x11, 0x02, 0x0f, 0x11, 0x42, 0x10,
  0x0f, 0x11, 0x42, 0x20, 0x83, 0xfe, 0x0a, 0x0f, 0x87, 0x97, 0x06, 0x00,
  0x00, 0x48, 0x8d, 0x15, 0xc0, 0x35, 0x00, 0x00, 0x89, 0xf6, 0x48, 0x63,
  0x04, 0xb2, 0x48, 0x01, 0xd0, 0xff, 0xe0, 0x0f, 0x1f, 0x44, 0x00, 0x00,
  0x48, 0x89, 0xf8, 0x45, 0x31, 0xc0, 0x41, 0xb9, 0x01, 0x00, 0x00, 0x00,
  0x48, 0xba, 0xb3, 0x94, 0xd6, 0x26, 0xe8, 0x0b, 0x2e, 0x11, 0x48, 0xf7,
  0xea, 0x48, 0x89, 0xf8, 0x48, 0xc1, 0xf8, 0x3f, 0x48, 0xc1, 0xfa, 0x1a,
  0x48, 0x89, 0xd1, 0x48, 0x29, 0xc1, 0x48, 0x85, 0xff, 0x0f, 0x88, 0x05,
  0x08, 0x00, 0x00, 0x48, 0x81, 0xf9, 0x7f, 0x51, 0x01, 0x00, 0x7e, 0x2e,
  0x48, 0xba, 0x57, 0x29, 0x51, 0xce, 0xa0, 0xc8, 0x45, 0x18, 0x48, 0x89,
  0xc8, 0x48, 0xf7, 0xea, 0x48, 0x89, 0xc8, 0x48, 0xc1, 0xf8, 0x3f, 0x48,
  0xc1, 0xfa, 0x0d, 0x48, 0x29, 0xc2, 0x49, 0x01, 0xd0, 0x49, 0x69, 0xc0,
  0x80, 0xae, 0xfe, 0xff, 0x4c, 0x89, 0x03, 0x48, 0x01, 0xc1, 0x48, 0x81,
  0xf9, 0x0f, 0x0e, 0x00, 0x00, 0x0f, 0x8e, 0x51, 0x06, 0x00, 0x00, 0x48,
  0xba, 0x05, 0x7c, 0xf3, 0x6a, 0xe2, 0x59, 0xd1, 0x48, 0x48, 0x89, 0xc8,
  0x48, 0xf7, 0xea, 0x48, 0x89, 0xc8, 0x48, 0xc1, 0xf8, 0x3f, 0x48, 0x89,
  0xd6, 0x48, 0xc1, 0xfe, 0x0a, 0x48, 0x29, 0xc6, 0x48, 0x69, 0xc6, 0xf0,
  0xf1, 0xff, 0xff, 0x89, 0x73, 0x08, 0x4c, 0x69, 0xd6, 0x10, 0x0e, 0x00,
  0x00, 0x69, 0xf6, 0x10, 0x0e, 0x00, 0x00, 0x48, 0x01, 0xc1, 0x48, 0x83,
  0xf9, 0x3b, 0x7e, 0x41, 0x48, 0xba, 0x89, 0x88, 0x88, 0x88, 0x88, 0x88,
  0x88, 0x88, 0x48, 0x89, 0xc8, 0x48, 0xf7, 0xea, 0x48, 0x89, 0xc8, 0x48,
  0xc1, 0xf8, 0x3f, 0x48, 0x01, 0xca, 0x48, 0xc1, 0xfa, 0x05, 0x48, 0x29,
  0xc2, 0x48, 0x89, 0xd0, 0x49, 0x89, 0xd3, 0x89, 0x53, 0x0c, 0x48, 0xc1,
  0xe0, 0x04, 0x49, 0x29, 0xc3, 0x48, 0x29, 0xd0, 0x6b, 0xd2, 0x3c, 0x4a,
  0x8d, 0x0c, 0x99, 0x4d, 0x8d, 0x14, 0x82, 0x01, 0xd6, 0x48, 0x85, 0xc9,
  0x78, 0x0b, 0x89, 0x4b, 0x10, 0x48, 0x63, 0xc1, 0x01, 0xce, 0x49, 0x01,
  0xc2, 0x49, 0x69, 0xd2, 0x00, 0xca, 0x9a, 0x3b, 0x41, 0x83, 0xf9, 0xff,
  0x75, 0x06, 0x49, 0xf7, 0xd8, 0x4c, 0x89, 0x03, 0x48, 0xb8, 0x00, 0x00,
  0x4f, 0x91, 0x94, 0x4e, 0x00, 0x00, 0x49, 0x0f, 0xaf, 0xc0, 0x48, 0x01,
  0xd0, 0x48, 0x29, 0xc7, 0x0f, 0x84, 0x82, 0x05, 0x00, 0x00, 0x48, 0xba,
  0xdb, 0x34, 0xb6, 0xd7, 0x82, 0xde, 0x1b, 0x43, 0x48, 0x89, 0xf8, 0x48,
  0xf7, 0xea, 0x48, 0x89, 0xf8, 0x48, 0xc1, 0xf8, 0x3f, 0x48, 0xc1, 0xfa,
  0x12, 0x48, 0x89, 0xd1, 0x48, 0xba, 0xcf, 0xf7, 0x53, 0xe3, 0xa5, 0x9b,
  0xc4, 0x20, 0x48, 0x29, 0xc1, 0x4c, 0x63, 0xc1, 0x89, 0x4b, 0x14, 0x69,
  0xc9, 0xe8, 0x03, 0x00, 0x00, 0x4d, 0x69, 0xc0, 0xc0, 0xbd, 0xf0, 0xff,
  0x49, 0x01, 0xf8, 0x4c, 0x89, 0xc0, 0x48, 0xf7, 0xea, 0x4c, 0x89, 0xc0,
  0x48, 0xc1, 0xf8, 0x3f, 0x48, 0x89, 0xd7, 0x48, 0xc1, 0xff, 0x07, 0x48,
  0x29, 0xc7, 0x48, 0x63, 0xc7, 0x89, 0x7b, 0x18, 0x01, 0xcf, 0x48, 0x69,
  0xc0, 0x18, 0xfc, 0xff, 0xff, 0x49, 0x01, 0xc0, 0x44, 0x89, 0x43, 0x1c,
  0x44, 0x89, 0xc0, 0xeb, 0x1b, 0x0f, 0x1f, 0x80, 0x00, 0x00, 0x00, 0x00,
  0x48, 0x8d, 0x04, 0xfd, 0x00, 0x00, 0x00, 0x00, 0x31, 0xf6, 0x48, 0x29,
  0xf8, 0x31, 0xff, 0x48, 0x89, 0x03, 0x31, 0xc0, 0x66, 0x0f, 0x6e, 0xc6,
  0x66, 0x0f, 0x6e, 0xcf, 0x89, 0x43, 0x28, 0x66, 0x0f, 0x62, 0xc1, 0x66,
  0x0f, 0xd6, 0x43, 0x20, 0x48, 0x83, 0xc4, 0x08, 0x5b, 0x5d, 0xc3, 0x66,
  0x0f, 0x1f, 0x84, 0x00, 0x00, 0x00, 0x00, 0x00, 0x48, 0xba, 0x83, 0x2d,
  0xd8, 0x82, 0x2d, 0xd8, 0x82, 0x2d, 0x48, 0x89, 0xf8, 0x48, 0xf7, 0xea,
  0x48, 0x89, 0xf8, 0x48, 0xc1, 0xf8, 0x3f, 0x48, 0xc1, 0xfa, 0x08, 0x48,
  0x29, 0xc2, 0x48, 0x89, 0x13, 0x48, 0x69, 0xd2, 0x60, 0xfa, 0xff, 0xff,
  0x48, 0x01, 0xd7, 0x48, 0xba, 0x89, 0x88, 0x88, 0x88, 0x88, 0x88, 0x88,
  0x88, 0x48, 0x89, 0xf8, 0x48, 0xf7, 0xea, 0x48, 0x89, 0xf8, 0x48, 0xc1,
  0xf8, 0x3f, 0x48, 0x01, 0xfa, 0x48, 0xc1, 0xfa, 0x05, 0x48, 0x29, 0xc2,
  0x48, 0x63, 0xc2, 0x89, 0x53, 0x08, 0x69, 0xd2, 0x10, 0x0e, 0x00, 0x00,
  0x48, 0x89, 0xc1, 0x48, 0xc1, 0xe1, 0x04, 0x48, 0x29, 0xc8, 0x48, 0x8d,
  0x34, 0x87, 0x31, 0xc0, 0x31, 0xff, 0x89, 0x73, 0x0c, 0x6b, 0xf6, 0x3c,
  0x01, 0xd6, 0xe9, 0x65, 0xff, 0xff, 0xff, 0x66, 0x0f, 0x1f, 0x84, 0x00,
  0x00, 0x00, 0x00, 0x00, 0x31, 0xf6, 0xb9, 0x01, 0x00, 0x00, 0x00, 0x48,
  0x85, 0xff, 0x0f, 0x88, 0x70, 0x05, 0x00, 0x00, 0x48, 0x81, 0xff, 0x7f,
  0x51, 0x01, 0x00, 0x7e, 0x2f, 0x48, 0xba, 0x57, 0x29, 0x51, 0xce, 0xa0,
  0xc8, 0x45, 0x18, 0x48, 0x89, 0xf8, 0x48, 0xf7, 0xea, 0x48, 0x89, 0xf8,
  0x48, 0xc1, 0xf8, 0x3f, 0x48, 0xc1, 0xfa, 0x0d, 0x48, 0x29, 0xc2, 0x48,
  0x8d, 0x04, 0x32, 0x48, 0x89, 0x03, 0x48, 0x69, 0xc0, 0x80, 0xae, 0xfe,
  0xff, 0x48, 0x01, 0xc7, 0x31, 0xf6, 0x48, 0x81, 0xff, 0x0f, 0x0e, 0x00,
  0x00, 0x7e, 0x37, 0x48, 0xba, 0x05, 0x7c, 0xf3, 0x6a, 0xe2, 0x59, 0xd1,
  0x48, 0x48, 0x89, 0xf8, 0x48, 0xf7, 0xea, 0x48, 0x89, 0xf8, 0x48, 0xc1,
  0xf8, 0x3f, 0x48, 0x89, 0xd6, 0x48, 0xc1, 0xfe, 0x0a, 0x48, 0x29, 0xc6,
  0x48, 0x63, 0xc6, 0x89, 0x73, 0x08, 0x69, 0xf6, 0x10, 0x0e, 0x00, 0x00,
  0x48, 0x69, 0xc0, 0xf0, 0xf1, 0xff, 0xff, 0x48, 0x01, 0xc7, 0x48, 0x83,
  0xff, 0x3b, 0x7e, 0x3a, 0x48, 0xba, 0x89, 0x88, 0x88, 0x88, 0x88, 0x88,
  0x88, 0x88, 0x48, 0x89, 0xf8, 0x48, 0xf7, 0xea, 0x48, 0x89, 0xf8, 0x48,
  0xc1, 0xf8, 0x3f, 0x48, 0x01, 0xfa, 0x48, 0xc1, 0xfa, 0x05, 0x48, 0x29,
  0xc2, 0x48, 0x63, 0xc2, 0x89, 0x53, 0x0c, 0x6b, 0xd2, 0x3c, 0x49, 0x89,
  0xc0, 0x49, 0xc1, 0xe0, 0x04, 0x4c, 0x29, 0xc0, 0x01, 0xd6, 0x48, 0x8d,
  0x3c, 0x87, 0x48, 0x85, 0xff, 0x78, 0x05, 0x89, 0x7b, 0x10, 0x01, 0xfe,
  0x31, 0xc0, 0x31, 0xff, 0x83, 0xf9, 0xff, 0x0f, 0x85, 0x7b, 0xfe, 0xff,
  0xff, 0x48, 0xf7, 0x1b, 0xe9, 0x73, 0xfe, 0xff, 0xff, 0x0f, 0x1f, 0x80,
  0x00, 0x00, 0x00, 0x00, 0x48, 0x89, 0xf8, 0x45, 0x31, 0xc0, 0x41, 0xb9,
  0x01, 0x00, 0x00, 0x00, 0x48, 0xba, 0xcf, 0xf7, 0x53, 0xe3, 0xa5, 0x9b,
  0xc4, 0x20, 0x48, 0xf7, 0xea, 0x48, 0x89, 0xf8, 0x48, 0xc1, 0xf8, 0x3f,
  0x48, 0xc1, 0xfa, 0x07, 0x48, 0x89, 0xd1, 0x48, 0x29, 0xc1, 0x48, 0x85,
  0xff, 0x0f, 0x88, 0xe5, 0x03, 0x00, 0x00, 0x48, 0x81, 0xf9, 0x7f, 0x51,
  0x01, 0x00, 0x7e, 0x2e, 0x48, 0xba, 0x57, 0x29, 0x51, 0xce, 0xa0, 0xc8,
  0x45, 0x18, 0x48, 0x89, 0xc8, 0x48, 0xf7, 0xea, 0x48, 0x89, 0xc8, 0x48,
  0xc1, 0xf8, 0x3f, 0x48, 0xc1, 0xfa, 0x0d, 0x48, 0x29, 0xc2, 0x49, 0x01,
  0xd0, 0x49, 0x69, 0xc0, 0x80, 0xae, 0xfe, 0xff, 0x4c, 0x89, 0x03, 0x48,
  0x01, 0xc1, 0x48, 0x81, 0xf9, 0x0f, 0x0e, 0x00, 0x00, 0x0f, 0x8e, 0x19,
  0x03, 0x00, 0x00, 0x48, 0xba, 0x05, 0x7c, 0xf3, 0x6a, 0xe2, 0x59, 0xd1,
  0x48, 0x48, 0x89, 0xc8, 0x48, 0xf7, 0xea, 0x48, 0x89, 0xc8, 0x48, 0xc1,
  0xf8, 0x3f, 0x48, 0x89, 0xd6, 0x48, 0xc1, 0xfe, 0x0a, 0x48, 0x29, 0xc6,
  0x48, 0x63, 0xc6, 0x89, 0x73, 0x08, 0x69, 0xf6, 0x10, 0x0e, 0x00, 0x00,
  0x48, 0x69, 0xd0, 0xf0, 0xf1, 0xff, 0xff, 0x4c, 0x69, 0xd0, 0x10, 0x0e,
  0x00, 0x00, 0x48, 0x01, 0xd1, 0x48, 0x83, 0xf9, 0x3b, 0x7e, 0x44, 0x48,
  0xba, 0x89, 0x88, 0x88, 0x88, 0x88, 0x88, 0x88, 0x88, 0x48, 0x89, 0xc8,
  0x48, 0xf7, 0xea, 0x48, 0x89, 0xc8, 0x48, 0xc1, 0xf8, 0x3f, 0x48, 0x01,
  0xca, 0x48, 0xc1, 0xfa, 0x05, 0x48, 0x29, 0xc2, 0x4c, 0x63, 0xda, 0x89,
  0x53, 0x0c, 0x6b, 0xd2, 0x3c, 0x4c, 0x89, 0xd8, 0x4c, 0x89, 0xdd, 0x48,
  0xc1, 0xe0, 0x04, 0x48, 0x29, 0xc5, 0x4c, 0x29, 0xd8, 0x01, 0xd6, 0x48,
  0x8d, 0x0c, 0xa9, 0x4d, 0x8d, 0x14, 0x82, 0x48, 0x85, 0xc9, 0x78, 0x0b,
  0x89, 0x4b, 0x10, 0x48, 0x63, 0xc1, 0x01, 0xce, 0x49, 0x01, 0xc2, 0x49,
  0x69, 0xc2, 0xe8, 0x03, 0x00, 0x00, 0x41, 0x83, 0xf9, 0xff, 0x75, 0x06,
  0x49, 0xf7, 0xd8, 0x4c, 0x89, 0x03, 0x4d, 0x69, 0xc0, 0x00, 0x5c, 0x26,
  0x05, 0x4c, 0x01, 0xc0, 0x48, 0x29, 0xc7, 0x0f, 0x84, 0x2b, 0x02, 0x00,
  0x00, 0x89, 0x7b, 0x14, 0x31, 0xc0, 0x69, 0xff, 0xe8, 0x03, 0x00, 0x00,
  0xe9, 0x27, 0xfd, 0xff, 0xff, 0x0f, 0x1f, 0x00, 0x48, 0x89, 0xf8, 0x45,
  0x31, 0xc9, 0x41, 0xba, 0x01, 0x00, 0x00, 0x00, 0x48, 0xba, 0xdb, 0x34,
  0xb6, 0xd7, 0x82, 0xde, 0x1b, 0x43, 0x48, 0xf7, 0xea, 0x48, 0x89, 0xf8,
  0x48, 0xc1, 0xf8, 0x3f, 0x48, 0xc1, 0xfa, 0x12, 0x48, 0x89, 0xd1, 0x48,
  0x29, 0xc1, 0x48, 0x85, 0xff, 0x0f, 0x88, 0x25, 0x02, 0x00, 0x00, 0x48,
  0x81, 0xf9, 0x7f, 0x51, 0x01, 0x00, 0x7e, 0x2e, 0x48, 0xba, 0x57, 0x29,
  0x51, 0xce, 0xa0, 0xc8, 0x45, 0x18, 0x48, 0x89, 0xc8, 0x48, 0xf7, 0xea,
  0x48, 0x89, 0xc8, 0x48, 0xc1, 0xf8, 0x3f, 0x48, 0xc1, 0xfa, 0x0d, 0x48,
  0x29, 0xc2, 0x49, 0x01, 0xd1, 0x49, 0x69, 0xc1, 0x80, 0xae, 0xfe, 0xff,
  0x4c, 0x89, 0x0b, 0x48, 0x01, 0xc1, 0x48, 0x81, 0xf9, 0x0f, 0x0e, 0x00,
  0x00, 0x0f, 0x8e, 0xc1, 0x01, 0x00, 0x00, 0x48, 0xba, 0x05, 0x7c, 0xf3,
  0x6a, 0xe2, 0x59, 0xd1, 0x48, 0x48, 0x89, 0xc8, 0x48, 0xf7, 0xea, 0x48,
  0x89, 0xc8, 0x48, 0xc1, 0xf8, 0x3f, 0x48, 0x89, 0xd6, 0x48, 0xc1, 0xfe,
  0x0a, 0x48, 0x29, 0xc6, 0x4c, 0x63, 0xc6, 0x89, 0x73, 0x08, 0x69, 0xf6,
  0x10, 0x0e, 0x00, 0x00, 0x49, 0x69, 0xc0, 0xf0, 0xf1, 0xff, 0xff, 0x4d,
  0x69, 0xc0, 0x10, 0x0e, 0x00, 0x00, 0x48, 0x01, 0xc1, 0x48, 0x83, 0xf9,
  0x3b, 0x7e, 0x44, 0x48, 0xba, 0x89, 0x88, 0x88, 0x88, 0x88, 0x88, 0x88,
  0x88, 0x48, 0x89, 0xc8, 0x48, 0xf7, 0xea, 0x48, 0x89, 0xc8, 0x48, 0xc1,
  0xf8, 0x3f, 0x48, 0x01, 0xca, 0x48, 0xc1, 0xfa, 0x05, 0x48, 0x29, 0xc2,
  0x4c, 0x63, 0xda, 0x89, 0x53, 0x0c, 0x6b, 0xd2, 0x3c, 0x4c, 0x89, 0xd8,
  0x4c, 0x89, 0xdd, 0x48, 0xc1, 0xe0, 0x04, 0x48, 0x29, 0xc5, 0x4c, 0x29,
  0xd8, 0x01, 0xd6, 0x48, 0x8d, 0x0c, 0xa9, 0x4d, 0x8d, 0x04, 0x80, 0x48,
  0x85, 0xc9, 0x78, 0x0b, 0x89, 0x4b, 0x10, 0x48, 0x63, 0xc1, 0x01, 0xce,
  0x49, 0x01, 0xc0, 0x49, 0x69, 0xc0, 0x40, 0x42, 0x0f, 0x00, 0x41, 0x83,
  0xfa, 0xff, 0x75, 0x06, 0x49, 0xf7, 0xd9, 0x4c, 0x89, 0x0b, 0x49, 0xb8,
  0x00, 0x60, 0xd7, 0x1d, 0x14, 0x00, 0x00, 0x00, 0x4d, 0x0f, 0xaf, 0xc1,
  0x49, 0x01, 0xc0, 0x4c, 0x29, 0xc7, 0x0f, 0x84, 0xdc, 0x00, 0x00, 0x00,
  0x48, 0xba, 0xcf, 0xf7, 0x53, 0xe3, 0xa5, 0x9b, 0xc4, 0x20, 0x48, 0x89,
  0xf8, 0x48, 0xf7, 0xea, 0x48, 0x89, 0xf8, 0x48, 0xc1, 0xf8, 0x3f, 0x48,
  0xc1, 0xfa, 0x07, 0x48, 0x29, 0xc2, 0x48, 0x63, 0xca, 0x89, 0x53, 0x14,
  0x48, 0x69, 0xc9, 0x18, 0xfc, 0xff, 0xff, 0x48, 0x01, 0xf9, 0x48, 0x63,
  0xc1, 0x48, 0x89, 0xcf, 0x89, 0x4b, 0x18, 0x48, 0x29, 0xc7, 0x89, 0x7b,
  0x1c, 0x89, 0xf8, 0x69, 0xfa, 0xe8, 0x03, 0x00, 0x00, 0x01, 0xcf, 0xe9,
  0x9c, 0xfb, 0xff, 0xff, 0x48, 0x89, 0x3b, 0x31, 0xc0, 0x31, 0xff, 0x31,
  0xf6, 0xe9, 0x8e, 0xfb, 0xff, 0xff, 0x66, 0x90, 0x48, 0xba, 0xab, 0xaa,
  0xaa, 0xaa, 0xaa, 0xaa, 0xaa, 0x2a, 0x48, 0x89, 0xf8, 0x48, 0xf7, 0xea,
  0x48, 0x89, 0xf8, 0x48, 0xc1, 0xf8, 0x3f, 0x48, 0xc1, 0xfa, 0x02, 0x48,
  0x29, 0xc2, 0x48, 0x8d, 0x04, 0x95, 0x00, 0x00, 0x00, 0x00, 0x48, 0x89,
  0x13, 0x48, 0x29, 0xc2, 0x31, 0xc0, 0x48, 0x8d, 0x34, 0xd7, 0x31, 0xff,
  0x89, 0x73, 0x08, 0x69, 0xf6, 0x10, 0x0e, 0x00, 0x00, 0xe9, 0x4a, 0xfb,
  0xff, 0xff, 0x66, 0x0f, 0x1f, 0x44, 0x00, 0x00, 0x48, 0x8b, 0x05, 0x59,
  0x5d, 0x00, 0x00, 0x48, 0x8d, 0x35, 0xaa, 0x2e, 0x00, 0x00, 0x48, 0x8b,
  0x38, 0xe8, 0xc2, 0xde, 0xff, 0xff, 0x6b, 0x43, 0x0c, 0x3c, 0x69, 0x73,
  0x08, 0x10, 0x0e, 0x00, 0x00, 0x69, 0x7b, 0x14, 0xe8, 0x03, 0x00, 0x00,
  0x03, 0x7b, 0x18, 0x01, 0xc6, 0x8b, 0x43, 0x1c, 0x03, 0x73, 0x10, 0xe9,
  0x0c, 0xfb, 0xff, 0xff, 0x31, 0xc0, 0x31, 0xff, 0xe9, 0x03, 0xfb, 0xff,
  0xff, 0x0f, 0x1f, 0x80, 0x00, 0x00, 0x00, 0x00, 0x31, 0xf6, 0x45, 0x31,
  0xd2, 0xe9, 0xe0, 0xf9, 0xff, 0xff, 0x66, 0x0f, 0x1f, 0x44, 0x00, 0x00,
  0x31, 0xf6, 0x45, 0x31, 0xc0, 0xe9, 0x73, 0xfe, 0xff, 0xff, 0x66, 0x0f,
  0x1f, 0x44, 0x00, 0x00, 0x31, 0xf6, 0x45, 0x31, 0xd2, 0xe9, 0x1b, 0xfd,
  0xff, 0xff, 0x66, 0x0f, 0x1f, 0x44, 0x00, 0x00, 0x48, 0x69, 0xc1, 0x40,
  0x42, 0x0f, 0x00, 0x49, 0x89, 0xf9, 0x48, 0x8d, 0x71, 0xff, 0x49, 0x29,
  0xc1, 0x75, 0x10, 0x48, 0x81, 0xff, 0xc1, 0xbd, 0xf0, 0xff, 0x0f, 0x8d,
  0xf2, 0xfd, 0xff, 0xff, 0x48, 0x89, 0xce, 0x48, 0x89, 0xf1, 0x41, 0xba,
  0xff, 0xff, 0xff, 0xff, 0x48, 0xba, 0xb7, 0x4a, 0x89, 0x72, 0x06, 0x45,
  0x2e, 0xc2, 0x48, 0xf7, 0xd9, 0x48, 0x89, 0xc8, 0x48, 0xf7, 0xe2, 0x49,
  0x89, 0xd1, 0x49, 0xc1, 0xe9, 0x10, 0x49, 0x69, 0xc1, 0x80, 0x51, 0x01,
  0x00, 0x49, 0x89, 0xc9, 0x49, 0x29, 0xc1, 0x0f, 0x84, 0x82, 0xfd, 0xff,
  0xff, 0x48, 0xc1, 0xea, 0x10, 0x4c, 0x8d, 0x4a, 0x01, 0x49, 0x69, 0xc9,
  0x80, 0x51, 0x01, 0x00, 0x4c, 0x89, 0x0b, 0x48, 0x01, 0xf1, 0xe9, 0x68,
  0xfd, 0xff, 0xff, 0x0f, 0x1f, 0x44, 0x00, 0x00, 0x48, 0x69, 0xc1, 0xe8,
  0x03, 0x00, 0x00, 0x49, 0x89, 0xf8, 0x48, 0x8d, 0x71, 0xff, 0x49, 0x29,
  0xc0, 0x75, 0x10, 0x48, 0x81, 0xff, 0x19, 0xfc, 0xff, 0xff, 0x0f, 0x8d,
  0x32, 0xfc, 0xff, 0xff, 0x48, 0x89, 0xce, 0x48, 0x89, 0xf1, 0x41, 0xb9,
  0xff, 0xff, 0xff, 0xff, 0x48, 0xba, 0xb7, 0x4a, 0x89, 0x72, 0x06, 0x45,
  0x2e, 0xc2, 0x48, 0xf7, 0xd9, 0x48, 0x89, 0xc8, 0x48, 0xf7, 0xe2, 0x49,
  0x89, 0xd0, 0x49, 0xc1, 0xe8, 0x10, 0x49, 0x69, 0xc0, 0x80, 0x51, 0x01,
  0x00, 0x49, 0x89, 0xc8, 0x49, 0x29, 0xc0, 0x0f, 0x84, 0xc2, 0xfb, 0xff,
  0xff, 0x48, 0xc1, 0xea, 0x10, 0x4c, 0x8d, 0x42, 0x01, 0x49, 0x69, 0xd0,
  0x80, 0x51, 0x01, 0x00, 0x4c, 0x89, 0x03, 0x48, 0x8d, 0x0c, 0x32, 0xe9,
  0xa7, 0xfb, 0xff, 0xff, 0x0f, 0x1f, 0x40, 0x00, 0x48, 0xba, 0xb7, 0x4a,
  0x89, 0x72, 0x06, 0x45, 0x2e, 0xc2, 0x48, 0x89, 0xf9, 0x48, 0xf7, 0xd9,
  0x48, 0x89, 0xc8, 0x48, 0xf7, 0xe2, 0x48, 0x89, 0xd6, 0x48, 0xc1, 0xee,
  0x10, 0x48, 0x69, 0xc6, 0x80, 0x51, 0x01, 0x00, 0x48, 0x89, 0xce, 0x48,
  0x29, 0xc6, 0x0f, 0x84, 0x98, 0x00, 0x00, 0x00, 0x48, 0xc1, 0xea, 0x10,
  0xb9, 0xff, 0xff, 0xff, 0xff, 0x48, 0x8d, 0x72, 0x01, 0x48, 0x69, 0xc6,
  0x80, 0x51, 0x01, 0x00, 0x48, 0x89, 0x33, 0x48, 0x01, 0xc7, 0xe9, 0x41,
  0xfa, 0xff, 0xff, 0x90, 0x48, 0x69, 0xc1, 0x00, 0xca, 0x9a, 0x3b, 0x49,
  0x89, 0xf8, 0x48, 0x8d, 0x71, 0xff, 0x49, 0x29, 0xc0, 0x75, 0x10, 0x48,
  0x81, 0xff, 0x01, 0x36, 0x65, 0xc4, 0x0f, 0x8d, 0x12, 0xf8, 0xff, 0xff,
  0x48, 0x89, 0xce, 0x48, 0x89, 0xf1, 0x41, 0xb9, 0xff, 0xff, 0xff, 0xff,
  0x48, 0xba, 0xb7, 0x4a, 0x89, 0x72, 0x06, 0x45, 0x2e, 0xc2, 0x48, 0xf7,
  0xd9, 0x48, 0x89, 0xc8, 0x48, 0xf7, 0xe2, 0x49, 0x89, 0xd0, 0x49, 0xc1,
  0xe8, 0x10, 0x49, 0x69, 0xc0, 0x80, 0x51, 0x01, 0x00, 0x49, 0x89, 0xc8,
  0x49, 0x29, 0xc0, 0x0f, 0x84, 0xa2, 0xf7, 0xff, 0xff, 0x48, 0xc1, 0xea,
  0x10, 0x4c, 0x8d, 0x42, 0x01, 0x49, 0x69, 0xc8, 0x80, 0x51, 0x01, 0x00,
  0x4c, 0x89, 0x03, 0x48, 0x01, 0xf1, 0xe9, 0x88, 0xf7, 0xff, 0xff, 0x0f,
  0x1f, 0x44, 0x00, 0x00, 0x48, 0x89, 0xcf, 0xb9, 0xff, 0xff, 0xff, 0xff,
  0xe9, 0xbb, 0xf9, 0xff, 0xff, 0x66, 0x66, 0x2e, 0x0f, 0x1f, 0x84, 0x00,
  0x00, 0x00, 0x00, 0x00, 0x81, 0x7f, 0x1c, 0x07, 0x08, 0x00, 0x00, 0x0f,
  0x87, 0xd3, 0xdd, 0xff, 0xff, 0x83, 0x3d, 0x64, 0x5d, 0x00, 0x00, 0x11,
  0x7f, 0x0a, 0x48, 0x8b, 0x47, 0x50, 0x48, 0x8b, 0x40, 0x20, 0xc3, 0x90,
  0x48, 0x8b, 0x47, 0x70, 0x48, 0x8b, 0x40, 0x20, 0xc3, 0x0f, 0x1f, 0x80,
  0x00, 0x00, 0x00, 0x00, 0x41, 0x57, 0x41, 0x56, 0x45, 0x31, 0xf6, 0x41,
  0x55, 0x41, 0x54, 0x55, 0x53, 0x48, 0x83, 0xec, 0x18, 0x41, 0x83, 0xf8,
  0x02, 0x74, 0x50, 0x44, 0x8b, 0x2e, 0x48, 0x89, 0xf5, 0x45, 0x85, 0xed,
  0x78, 0x5e, 0x45, 0x09, 0xe8, 0x74, 0x69, 0x89, 0xcb, 0x41, 0xbe, 0x02,
  0x00, 0x00, 0x00, 0x41, 0x39, 0xcd, 0x7c, 0x33, 0x4c, 0x8b, 0x3f, 0x49,
  0x89, 0xfc, 0x48, 0x89, 0xd6, 0x48, 0x63, 0xd1, 0x48, 0x89, 0x54, 0x24,
  0x08, 0x4c, 0x89, 0xff, 0xe8, 0x63, 0xdb, 0xff, 0xff, 0x85, 0xc0, 0x75,
  0x16, 0x48, 0x8b, 0x54, 0x24, 0x08, 0x41, 0x29, 0xdd, 0x45, 0x31, 0xf6,
  0x49, 0x01, 0xd7, 0x4d, 0x89, 0x3c, 0x24, 0x44, 0x89, 0x6d, 0x00, 0x48,
  0x83, 0xc4, 0x18, 0x44, 0x89, 0xf0, 0x5b, 0x5d, 0x41, 0x5c, 0x41, 0x5d,
  0x41, 0x5e, 0x41, 0x5f, 0xc3, 0x0f, 0x1f, 0x80, 0x00, 0x00, 0x00, 0x00,
  0x41, 0xbe, 0x02, 0x00, 0x00, 0x00, 0xeb, 0xdf, 0x0f, 0x1f, 0x84, 0x00,
  0x00, 0x00, 0x00, 0x00, 0x41, 0xbe, 0x01, 0x00, 0x00, 0x00, 0xeb, 0xcf,
  0x0f, 0x1f, 0x84, 0x00, 0x00, 0x00, 0x00, 0x00, 0x41, 0x57, 0x41, 0x56,
  0x49, 0x89, 0xfe, 0x41, 0x55, 0x41, 0x89, 0xd5, 0x41, 0x54, 0x55, 0x53,
  0x48, 0x83, 0xec, 0x48, 0x4c, 0x89, 0x04, 0x24, 0x44, 0x8b, 0xbc, 0x24,
  0x90, 0x00, 0x00, 0x00, 0x4c, 0x89, 0x4c, 0x24, 0x08, 0x44, 0x8b, 0x84,
  0x24, 0x98, 0x00, 0x00, 0x00, 0x85, 0xf6, 0x0f, 0x88, 0xf3, 0x00, 0x00,
  0x00, 0x45, 0x85, 0xff, 0x0f, 0x88, 0xea, 0x00, 0x00, 0x00, 0x48, 0x8b,
  0x05, 0x9b, 0x2d, 0x00, 0x00, 0x66, 0x0f, 0xef, 0xc0, 0x89, 0xf3, 0x49,
  0x89, 0xcc, 0x0f, 0x11, 0x01, 0xc6, 0x44, 0x24, 0x3a, 0x00, 0xc7, 0x44,
  0x24, 0x3b, 0x2d, 0x2e, 0x2f, 0x5c, 0xc6, 0x44, 0x24, 0x3f, 0x20, 0x48,
  0xc7, 0x41, 0x20, 0x00, 0x00, 0x00, 0x00, 0x48, 0x89, 0x41, 0x08, 0x0f,
  0x11, 0x41, 0x10, 0x85, 0xf6, 0x0f, 0x84, 0x95, 0x00, 0x00, 0x00, 0xe8,
  0x80, 0xdc, 0xff, 0xff, 0x44, 0x8b, 0x84, 0x24, 0x98, 0x00, 0x00, 0x00,
  0x48, 0x8b, 0x30, 0x41, 0x83, 0xf8, 0x02, 0x0f, 0x84, 0xeb, 0x00, 0x00,
  0x00, 0x48, 0x8b, 0x84, 0x24, 0x88, 0x00, 0x00, 0x00, 0x4c, 0x89, 0xf5,
  0xeb, 0x2c, 0x66, 0x0f, 0x1f, 0x44, 0x00, 0x00, 0x45, 0x85, 0xff, 0x74,
  0x7b, 0x80, 0x38, 0x20, 0x75, 0x76, 0x48, 0x83, 0xc0, 0x01, 0x41, 0x83,
  0xef, 0x01, 0x48, 0x89, 0x84, 0x24, 0x88, 0x00, 0x00, 0x00, 0x44, 0x89,
  0xbc, 0x24, 0x90, 0x00, 0x00, 0x00, 0x85, 0xdb, 0x74, 0x4a, 0x48, 0x0f,
  0xbe, 0x4d, 0x00, 0xf6, 0x44, 0x4e, 0x01, 0x20, 0x0f, 0x84, 0xe2, 0x00,
  0x00, 0x00, 0x44, 0x89, 0xc7, 0x48, 0x83, 0xc5, 0x01, 0x83, 0xeb, 0x01,
  0x44, 0x09, 0xff, 0x75, 0xbb, 0x41, 0xb9, 0x0e, 0x00, 0x00, 0x00, 0x48,
  0x8b, 0x34, 0x24, 0x31, 0xc0, 0x48, 0x85, 0xf6, 0x74, 0x34, 0x44, 0x89,
  0x0e, 0x48, 0x83, 0xc4, 0x48, 0x5b, 0x5d, 0x41, 0x5c, 0x41, 0x5d, 0x41,
  0x5e, 0x41, 0x5f, 0xc3, 0x48, 0x89, 0xfd, 0x0f, 0x1f, 0x44, 0x00, 0x00,
  0x80, 0x7d, 0x00, 0x2d, 0x0f, 0x84, 0x8e, 0x01, 0x00, 0x00, 0x66, 0x0f,
  0x1f, 0x44, 0x00, 0x00, 0x45, 0x85, 0xed, 0x75, 0x1b, 0xb8, 0xff, 0xff,
  0xff, 0xff, 0x48, 0x83, 0xc4, 0x48, 0x5b, 0x5d, 0x41, 0x5c, 0x41, 0x5d,
  0x41, 0x5e, 0x41, 0x5f, 0xc3, 0x0f, 0x1f, 0x80, 0x00, 0x00, 0x00, 0x00,
  0x48, 0x8b, 0x05, 0x09, 0x59, 0x00, 0x00, 0x48, 0x89, 0xe9, 0x4c, 0x89,
  0xf2, 0x48, 0x8d, 0x35, 0xfc, 0x2d, 0x00, 0x00, 0x4c, 0x29, 0xf1, 0x48,
  0x8b, 0x38, 0x31, 0xc0, 0xe8, 0x57, 0xdb, 0xff, 0xff, 0x48, 0x83, 0xc4,
  0x48, 0xb8, 0xff, 0xff, 0xff, 0xff, 0x5b, 0x5d, 0x41, 0x5c, 0x41, 0x5d,
  0x41, 0x5e, 0x41, 0x5f, 0xc3, 0x0f, 0x1f, 0x00, 0x4c, 0x89, 0xf5, 0xeb,
  0x0c, 0x0f, 0x1f, 0x00, 0x48, 0x83, 0xc5, 0x01, 0x83, 0xeb, 0x01, 0x74,
  0x87, 0x48, 0x0f, 0xbe, 0x55, 0x00, 0xf6, 0x44, 0x56, 0x01, 0x20, 0x75,
  0xeb, 0x80, 0xfa, 0x2d, 0x75, 0x77, 0x48, 0x83, 0xc5, 0x01, 0x83, 0xeb,
  0x01, 0x0f, 0x84, 0x79, 0xff, 0xff, 0xff, 0x41, 0x83, 0xf8, 0x02, 0x74,
  0x64, 0xeb, 0x0e, 0x66, 0x0f, 0x1f, 0x84, 0x00, 0x00, 0x00, 0x00, 0x00,
  0x80, 0xf9, 0x2d, 0x74, 0xdd, 0x8b, 0x84, 0x24, 0x90, 0x00, 0x00, 0x00,
  0x85, 0xc0, 0x0f, 0x88, 0x54, 0xff, 0xff, 0xff, 0x44, 0x89, 0xc6, 0x09,
  0xc6, 0x0f, 0x84, 0x0e, 0xff, 0xff, 0xff, 0x83, 0xf8, 0x01, 0x0f, 0x8e,
  0x40, 0xff, 0xff, 0xff, 0x48, 0x8b, 0x94, 0x24, 0x88, 0x00, 0x00, 0x00,
  0x80, 0x3a, 0x25, 0x0f, 0x85, 0x2f, 0xff, 0xff, 0xff, 0x80, 0x7a, 0x01,
  0x59, 0x0f, 0x85, 0x25, 0xff, 0xff, 0xff, 0x48, 0x83, 0xc2, 0x02, 0x83,
  0xe8, 0x02, 0x48, 0x89, 0x94, 0x24, 0x88, 0x00, 0x00, 0x00, 0x89, 0x84,
  0x24, 0x90, 0x00, 0x00, 0x00, 0x83, 0xfb, 0x03, 0x0f, 0x8e, 0xa6, 0x00,
  0x00, 0x00, 0x44, 0x89, 0x84, 0x24, 0x98, 0x00, 0x00, 0x00, 0xe8, 0xd1,
  0xda, 0xff, 0xff, 0x48, 0x0f, 0xbe, 0x55, 0x00, 0x44, 0x8b, 0x84, 0x24,
  0x98, 0x00, 0x00, 0x00, 0x48, 0x8b, 0x38, 0x48, 0x89, 0xd0, 0xf6, 0x44,
  0x57, 0x01, 0x08, 0x74, 0x7f, 0x48, 0x0f, 0xbe, 0x55, 0x01, 0x48, 0x89,
  0xd6, 0xf6, 0x44, 0x57, 0x01, 0x08, 0x74, 0x70, 0x48, 0x0f, 0xbe, 0x4d,
  0x02, 0x48, 0x89, 0xca, 0xf6, 0x44, 0x4f, 0x01, 0x08, 0x74, 0x61, 0x4c,
  0x0f, 0xbe, 0x4d, 0x03, 0x42, 0xf6, 0x44, 0x4f, 0x01, 0x08, 0x74, 0x54,
  0x83, 0xe8, 0x30, 0x83, 0xee, 0x30, 0x8d, 0x94, 0x92, 0x10, 0xff, 0xff,
  0xff, 0x83, 0xeb, 0x04, 0x69, 0xc0, 0xe8, 0x03, 0x00, 0x00, 0x48, 0x83,
  0xc5, 0x04, 0x6b, 0xf6, 0x64, 0x01, 0xf0, 0x8d, 0x04, 0x50, 0x42, 0x8d,
  0x7c, 0x08, 0xd0, 0x48, 0x63, 0xff, 0x49, 0x89, 0x3c, 0x24, 0x41, 0x80,
  0x3e, 0x2d, 0x75, 0x2c, 0x48, 0xf7, 0xdf, 0xeb, 0x23, 0x0f, 0x1f, 0x00,
  0x48, 0x83, 0xc5, 0x01, 0xbb, 0xff, 0xff, 0xff, 0xff, 0x41, 0x83, 0xf8,
  0x02, 0x0f, 0x85, 0x02, 0xff, 0xff, 0xff, 0x0f, 0x1f, 0x44, 0x00, 0x00,
  0x41, 0x80, 0x3e, 0x2d, 0x75, 0x48, 0x31, 0xff, 0x49, 0x89, 0x3c, 0x24,
  0x44, 0x89, 0x84, 0x24, 0x98, 0x00, 0x00, 0x00, 0xe8, 0x4f, 0xde, 0xff,
  0xff, 0x85, 0xdb, 0x44, 0x8b, 0x84, 0x24, 0x98, 0x00, 0x00, 0x00, 0x41,
  0x89, 0xc7, 0x75, 0x40, 0x48, 0x8b, 0x44, 0x24, 0x08, 0x48, 0x85, 0xc0,
  0x74, 0x06, 0xc7, 0x00, 0x00, 0x00, 0x00, 0x00, 0x44, 0x8b, 0x8c, 0x24,
  0x90, 0x00, 0x00, 0x00, 0x45, 0x85, 0xc9, 0x0f, 0x85, 0x17, 0xfe, 0xff,
  0xff, 0xe9, 0xdd, 0xfd, 0xff, 0xff, 0x31, 0xff, 0x44, 0x89, 0x84, 0x24,
  0x98, 0x00, 0x00, 0x00, 0xe8, 0x0b, 0xde, 0xff, 0xff, 0x44, 0x8b, 0x84,
  0x24, 0x98, 0x00, 0x00, 0x00, 0x41, 0x89, 0xc7, 0x44, 0x89, 0x84, 0x24,
  0x98, 0x00, 0x00, 0x00, 0xe8, 0xc3, 0xd9, 0xff, 0xff, 0x48, 0x0f, 0xbe,
  0x55, 0x00, 0x44, 0x8b, 0x84, 0x24, 0x98, 0x00, 0x00, 0x00, 0x48, 0x8b,
  0x08, 0x49, 0x89, 0xc2, 0x48, 0x89, 0xd0, 0xf6, 0x44, 0x51, 0x01, 0x08,
  0x0f, 0x85, 0x72, 0x01, 0x00, 0x00, 0x0f, 0xb6, 0x54, 0x24, 0x3b, 0x38,
  0xd0, 0x74, 0x28, 0x0f, 0xb6, 0x54, 0x24, 0x3c, 0x38, 0xd0, 0x74, 0x1f,
  0x0f, 0xb6, 0x54, 0x24, 0x3d, 0x38, 0xd0, 0x74, 0x16, 0x0f, 0xb6, 0x54,
  0x24, 0x3e, 0x38, 0xd0, 0x74, 0x0d, 0x0f, 0xb6, 0x54, 0x24, 0x3f, 0x38,
  0xd0, 0x0f, 0x85, 0x99, 0xfd, 0xff, 0xff, 0x88, 0x54, 0x24, 0x3a, 0x48,
  0x8d, 0x75, 0x01, 0x41, 0x83, 0xf8, 0x02, 0x74, 0x48, 0x8b, 0x84, 0x24,
  0x90, 0x00, 0x00, 0x00, 0x85, 0xc0, 0x0f, 0x88, 0x2c, 0x01, 0x00, 0x00,
  0x44, 0x89, 0xc7, 0x09, 0xc7, 0x0f, 0x84, 0x36, 0xfd, 0xff, 0xff, 0x85,
  0xc0, 0x0f, 0x84, 0x19, 0x01, 0x00, 0x00, 0x48, 0x8b, 0xbc, 0x24, 0x88,
  0x00, 0x00, 0x00, 0x3a, 0x17, 0x0f, 0x85, 0x09, 0x01, 0x00, 0x00, 0x48,
  0x83, 0xc7, 0x01, 0x83, 0xe8, 0x01, 0x48, 0x89, 0xbc, 0x24, 0x88, 0x00,
  0x00, 0x00, 0x89, 0x84, 0x24, 0x90, 0x00, 0x00, 0x00, 0x83, 0xeb, 0x01,
  0x0f, 0x84, 0xea, 0x00, 0x00, 0x00, 0x48, 0x0f, 0xbe, 0x55, 0x01, 0x41,
  0xb9, 0x01, 0x00, 0x00, 0x00, 0x48, 0x89, 0xf5, 0x48, 0x89, 0xd0, 0xf6,
  0x44, 0x51, 0x01, 0x08, 0x0f, 0x84, 0x1e, 0xfd, 0xff, 0xff, 0x41, 0x83,
  0xf8, 0x02, 0x74, 0x54, 0x8b, 0x94, 0x24, 0x90, 0x00, 0x00, 0x00, 0x85,
  0xd2, 0x0f, 0x88, 0x09, 0xfd, 0xff, 0xff, 0x44, 0x89, 0xc6, 0x09, 0xd6,
  0x0f, 0x84, 0xc3, 0xfc, 0xff, 0xff, 0x83, 0xfa, 0x01, 0x0f, 0x8e, 0xf5,
  0xfc, 0xff, 0xff, 0x48, 0x8b, 0xb4, 0x24, 0x88, 0x00, 0x00, 0x00, 0x80,
  0x3e, 0x25, 0x0f, 0x85, 0xe4, 0xfc, 0xff, 0xff, 0x80, 0x7e, 0x01, 0x6d,
  0x0f, 0x85, 0xda, 0xfc, 0xff, 0xff, 0x48, 0x83, 0xc6, 0x02, 0x83, 0xea,
  0x02, 0x48, 0x89, 0xb4, 0x24, 0x88, 0x00, 0x00, 0x00, 0x89, 0x94, 0x24,
  0x90, 0x00, 0x00, 0x00, 0x83, 0xe8, 0x30, 0x41, 0x89, 0x44, 0x24, 0x08,
  0x48, 0x0f, 0xbe, 0x75, 0x01, 0xf6, 0x44, 0x71, 0x01, 0x08, 0x74, 0x68,
  0x8d, 0x04, 0x80, 0x48, 0x83, 0xc5, 0x02, 0x83, 0xeb, 0x02, 0x8d, 0x44,
  0x46, 0xd0, 0x41, 0x89, 0x44, 0x24, 0x08, 0x83, 0xe8, 0x01, 0x83, 0xf8,
  0x0b, 0x0f, 0x87, 0x62, 0x03, 0x00, 0x00, 0x85, 0xdb, 0x75, 0x57, 0x45,
  0x85, 0xc9, 0x0f, 0x84, 0x84, 0xfc, 0xff, 0xff, 0x8b, 0x84, 0x24, 0x90,
  0x00, 0x00, 0x00, 0x85, 0xc0, 0x0f, 0x85, 0x75, 0xfc, 0xff, 0xff, 0x48,
  0x8b, 0x44, 0x24, 0x08, 0x48, 0x85, 0xc0, 0x0f, 0x84, 0x32, 0xfc, 0xff,
  0xff, 0xc7, 0x00, 0x00, 0x00, 0x00, 0x00, 0xe9, 0x27, 0xfc, 0xff, 0xff,
  0x0f, 0x1f, 0x40, 0x00, 0x45, 0x31, 0xc9, 0xe9, 0x32, 0xff, 0xff, 0xff,
  0x48, 0x89, 0xf5, 0xe9, 0x48, 0xfc, 0xff, 0xff, 0x48, 0x83, 0xc5, 0x01,
  0x45, 0x85, 0xc9, 0x0f, 0x84, 0x3b, 0xfc, 0xff, 0xff, 0x83, 0xeb, 0x01,
  0xeb, 0x99, 0x45, 0x85, 0xc9, 0x74, 0x73, 0x4c, 0x89, 0x54, 0x24, 0x18,
  0x0f, 0xb6, 0x44, 0x24, 0x3a, 0x44, 0x89, 0x4c, 0x24, 0x10, 0x38, 0x45,
  0x00, 0x0f, 0x85, 0x19, 0xfc, 0xff, 0xff, 0x83, 0xfb, 0x01, 0x0f, 0x84,
  0x10, 0xfc, 0xff, 0xff, 0x48, 0x8d, 0x54, 0x24, 0x3a, 0xb9, 0x01, 0x00,
  0x00, 0x00, 0x48, 0x83, 0xc5, 0x01, 0x44, 0x89, 0x84, 0x24, 0x98, 0x00,
  0x00, 0x00, 0x48, 0x8d, 0xb4, 0x24, 0x90, 0x00, 0x00, 0x00, 0x48, 0x8d,
  0xbc, 0x24, 0x88, 0x00, 0x00, 0x00, 0xe8, 0x1d, 0xfa, 0xff, 0xff, 0x83,
  0xf8, 0x02, 0x0f, 0x84, 0xdc, 0xfb, 0xff, 0xff, 0x83, 0xe8, 0x01, 0x0f,
  0x84, 0x98, 0xfb, 0xff, 0xff, 0x4c, 0x8b, 0x54, 0x24, 0x18, 0x44, 0x8b,
  0x4c, 0x24, 0x10, 0x83, 0xeb, 0x01, 0x44, 0x8b, 0x84, 0x24, 0x98, 0x00,
  0x00, 0x00, 0x41, 0x83, 0xf8, 0x02, 0x0f, 0x84, 0x90, 0x00, 0x00, 0x00,
  0x8b, 0x8c, 0x24, 0x90, 0x00, 0x00, 0x00, 0x85, 0xc9, 0x0f, 0x88, 0xa5,
  0xfb, 0xff, 0xff, 0x44, 0x89, 0xc0, 0x09, 0xc8, 0x0f, 0x84, 0x5f, 0xfb,
  0xff, 0xff, 0x83, 0xf9, 0x01, 0x0f, 0x8e, 0x91, 0xfb, 0xff, 0xff, 0xba,
  0x02, 0x00, 0x00, 0x00, 0x48, 0x8b, 0xbc, 0x24, 0x88, 0x00, 0x00, 0x00,
  0x89, 0x4c, 0x24, 0x28, 0x48, 0x8d, 0x35, 0x5c, 0x2a, 0x00, 0x00, 0x44,
  0x89, 0x84, 0x24, 0x98, 0x00, 0x00, 0x00, 0x4c, 0x89, 0x54, 0x24, 0x20,
  0x44, 0x89, 0x4c, 0x24, 0x18, 0x48, 0x89, 0x7c, 0x24, 0x10, 0xe8, 0x45,
  0xd5, 0xff, 0xff, 0x85, 0xc0, 0x0f, 0x85, 0x55, 0xfb, 0xff, 0xff, 0x48,
  0x8b, 0x7c, 0x24, 0x10, 0x8b, 0x4c, 0x24, 0x28, 0x44, 0x8b, 0x84, 0x24,
  0x98, 0x00, 0x00, 0x00, 0x4c, 0x8b, 0x54, 0x24, 0x20, 0x48, 0x83, 0xc7,
  0x02, 0x83, 0xe9, 0x02, 0x44, 0x8b, 0x4c, 0x24, 0x18, 0x48, 0x89, 0xbc,
  0x24, 0x88, 0x00, 0x00, 0x00, 0x89, 0x8c, 0x24, 0x90, 0x00, 0x00, 0x00,
  0x48, 0x0f, 0xbe, 0x4d, 0x00, 0x49, 0x8b, 0x12, 0x48, 0x89, 0xc8, 0xf6,
  0x44, 0x4a, 0x01, 0x08, 0x0f, 0x84, 0x0e, 0xfb, 0xff, 0xff, 0x83, 0xe8,
  0x30, 0x41, 0x89, 0x44, 0x24, 0x0c, 0x48, 0x0f, 0xbe, 0x75, 0x01, 0xf6,
  0x44, 0x72, 0x01, 0x08, 0x0f, 0x84, 0x89, 0x01, 0x00, 0x00, 0x6b, 0xc0,
  0x0a, 0x48, 0x83, 0xc5, 0x02, 0x83, 0xeb, 0x02, 0x8d, 0x44, 0x30, 0xd0,
  0x41, 0x89, 0x44, 0x24, 0x0c, 0x41, 0x8b, 0x4c, 0x24, 0x0c, 0x85, 0xc9,
  0x0f, 0x8e, 0x7e, 0x01, 0x00, 0x00, 0x41, 0x8b, 0x44, 0x24, 0x08, 0x83,
  0xe8, 0x01, 0x48, 0x63, 0xd0, 0x49, 0x63, 0xc7, 0x48, 0x6b, 0xc0, 0x0c,
  0x48, 0x01, 0xd0, 0x48, 0x8d, 0x15, 0xf2, 0x25, 0x00, 0x00, 0x3b, 0x0c,
  0x82, 0x0f, 0x8f, 0x59, 0x01, 0x00, 0x00, 0x85, 0xdb, 0x75, 0x29, 0x48,
  0x8b, 0x44, 0x24, 0x08, 0x48, 0x85, 0xc0, 0x74, 0x06, 0xc7, 0x00, 0x00,
  0x00, 0x00, 0x00, 0x83, 0xbc, 0x24, 0x90, 0x00, 0x00, 0x00, 0x00, 0x41,
  0xb9, 0x04, 0x00, 0x00, 0x00, 0x0f, 0x84, 0x54, 0xfa, 0xff, 0xff, 0xe9,
  0x84, 0xfa, 0xff, 0xff, 0x0f, 0xb6, 0x45, 0x00, 0x4c, 0x89, 0x54, 0x24,
  0x20, 0x3c, 0x54, 0x0f, 0x95, 0xc2, 0x3c, 0x20, 0x0f, 0x95, 0xc0, 0x84,
  0xc2, 0x0f, 0x85, 0x69, 0xfa, 0xff, 0xff, 0x83, 0xfb, 0x01, 0x0f, 0x84,
  0x60, 0xfa, 0xff, 0xff, 0x48, 0x8d, 0x84, 0x24, 0x90, 0x00, 0x00, 0x00,
  0x48, 0x8d, 0xbc, 0x24, 0x88, 0x00, 0x00, 0x00, 0xb9, 0x01, 0x00, 0x00,
  0x00, 0x48, 0x89, 0xea, 0x48, 0x89, 0xc6, 0x44, 0x89, 0x84, 0x24, 0x98,
  0x00, 0x00, 0x00, 0x48, 0x89, 0x44, 0x24, 0x10, 0x48, 0x89, 0x7c, 0x24,
  0x18, 0xe8, 0x66, 0xf8, 0xff, 0xff, 0x83, 0xf8, 0x02, 0x0f, 0x84, 0x25,
  0xfa, 0xff, 0xff, 0x83, 0xe8, 0x01, 0x0f, 0x84, 0xe1, 0xf9, 0xff, 0xff,
  0x48, 0x8b, 0x74, 0x24, 0x10, 0x48, 0x8b, 0x7c, 0x24, 0x18, 0x4c, 0x8d,
  0x7d, 0x01, 0xb9, 0x02, 0x00, 0x00, 0x00, 0x44, 0x8b, 0x84, 0x24, 0x98,
  0x00, 0x00, 0x00, 0x48, 0x8d, 0x15, 0xb6, 0x28, 0x00, 0x00, 0xe8, 0x2d,
  0xf8, 0xff, 0xff, 0x83, 0xf8, 0x02, 0x0f, 0x84, 0x1c, 0x09, 0x00, 0x00,
  0x83, 0xe8, 0x01, 0x0f, 0x84, 0xa8, 0xf9, 0xff, 0xff, 0x4c, 0x8b, 0x54,
  0x24, 0x20, 0x48, 0x0f, 0xbe, 0x4d, 0x01, 0x49, 0x8b, 0x02, 0x48, 0x89,
  0xca, 0xf6, 0x44, 0x48, 0x01, 0x08, 0x0f, 0x84, 0xf8, 0x08, 0x00, 0x00,
  0x83, 0xea, 0x30, 0x44, 0x8b, 0x84, 0x24, 0x98, 0x00, 0x00, 0x00, 0x41,
  0x89, 0x54, 0x24, 0x10, 0x48, 0x0f, 0xbe, 0x75, 0x02, 0xf6, 0x44, 0x70,
  0x01, 0x08, 0x0f, 0x84, 0xbe, 0x08, 0x00, 0x00, 0x6b, 0xd2, 0x0a, 0x48,
  0x83, 0xc5, 0x03, 0x44, 0x8d, 0x7b, 0xfd, 0x8d, 0x54, 0x32, 0xd0, 0x41,
  0x89, 0x54, 0x24, 0x10, 0x83, 0xfa, 0x17, 0x0f, 0x8f, 0x29, 0x01, 0x00,
  0x00, 0x45, 0x85, 0xff, 0x75, 0x6c, 0x83, 0xbc, 0x24, 0x90, 0x00, 0x00,
  0x00, 0x00, 0x0f, 0x85, 0x78, 0xf9, 0xff, 0xff, 0x41, 0xb9, 0x05, 0x00,
  0x00, 0x00, 0xe9, 0x38, 0xf9, 0xff, 0xff, 0x48, 0x83, 0xc5, 0x01, 0x45,
  0x85, 0xc9, 0x0f, 0x84, 0x60, 0xf9, 0xff, 0xff, 0x83, 0xeb, 0x01, 0xe9,
  0x75, 0xfe, 0xff, 0xff, 0x4c, 0x89, 0xf2, 0x48, 0x8d, 0x35, 0x3e, 0x26,
  0x00, 0x00, 0x45, 0x85, 0xed, 0x0f, 0x84, 0x4a, 0xf9, 0xff, 0xff, 0x48,
  0x8b, 0x05, 0x6e, 0x52, 0x00, 0x00, 0x48, 0x8b, 0x38, 0x31, 0xc0, 0xe8,
  0xcc, 0xd4, 0xff, 0xff, 0xe9, 0x34, 0xf9, 0xff, 0xff, 0x45, 0x85, 0xed,
  0x0f, 0x84, 0x2b, 0xf9, 0xff, 0xff, 0x4c, 0x89, 0xf2, 0x48, 0x8d, 0x35,
  0xdc, 0x25, 0x00, 0x00, 0xeb, 0xd5, 0x48, 0x89, 0xeb, 0xb9, 0x01, 0x00,
  0x00, 0x00, 0x48, 0x0f, 0xbe, 0x55, 0x00, 0x80, 0xfa, 0x3a, 0x0f, 0x84,
  0x90, 0x04, 0x00, 0x00, 0xf6, 0x44, 0x50, 0x01, 0x08, 0x0f, 0x85, 0xd5,
  0x03, 0x00, 0x00, 0x41, 0xb9, 0x05, 0x00, 0x00, 0x00, 0x85, 0xc9, 0x0f,
  0x84, 0xeb, 0xf8, 0xff, 0xff, 0x44, 0x89, 0x6c, 0x24, 0x20, 0x48, 0x89,
  0xdd, 0x4d, 0x89, 0xd4, 0x45, 0x89, 0xcd, 0x48, 0x8d, 0x1d, 0xa2, 0x27,
  0x00, 0x00, 0xeb, 0x4d, 0x48, 0x0f, 0xbe, 0x55, 0x00, 0x49, 0x8b, 0x04,
  0x24, 0xf6, 0x44, 0x50, 0x01, 0x20, 0x0f, 0x84, 0x88, 0x00, 0x00, 0x00,
  0x48, 0x8b, 0x74, 0x24, 0x10, 0x48, 0x89, 0xda, 0x48, 0x83, 0xc5, 0x01,
  0x41, 0x83, 0xef, 0x01, 0x48, 0x8b, 0x7c, 0x24, 0x18, 0xb9, 0x01, 0x00,
  0x00, 0x00, 0x44, 0x89, 0x84, 0x24, 0x98, 0x00, 0x00, 0x00, 0xe8, 0xd1,
  0xf6, 0xff, 0xff, 0x83, 0xf8, 0x02, 0x74, 0x52, 0x83, 0xe8, 0x01, 0x44,
  0x8b, 0x84, 0x24, 0x98, 0x00, 0x00, 0x00, 0x74, 0x3d, 0x45, 0x85, 0xff,
  0x7f, 0xae, 0x45, 0x89, 0xe9, 0x4d, 0x89, 0xe2, 0x44, 0x8b, 0x6c, 0x24,
  0x20, 0x75, 0x48, 0x83, 0xbc, 0x24, 0x90, 0x00, 0x00, 0x00, 0x00, 0x0f,
  0x8f, 0x67, 0xf8, 0xff, 0xff, 0xe9, 0x2d, 0xf8, 0xff, 0xff, 0x4c, 0x89,
  0xf2, 0x48, 0x8d, 0x35, 0x78, 0x25, 0x00, 0x00, 0x45, 0x85, 0xed, 0x0f,
  0x84, 0x54, 0xf8, 0xff, 0xff, 0xe9, 0x05, 0xff, 0xff, 0xff, 0x45, 0x89,
  0xe9, 0xe9, 0x0d, 0xf8, 0xff, 0xff, 0x44, 0x8b, 0x6c, 0x24, 0x20, 0xe9,
  0x38, 0xf8, 0xff, 0xff, 0x45, 0x89, 0xe9, 0x44, 0x8b, 0x6c, 0x24, 0x20,
  0x4d, 0x89, 0xe2, 0x0f, 0xb6, 0x45, 0x00, 0x3c, 0x5a, 0x0f, 0x84, 0x6c,
  0x02, 0x00, 0x00, 0x83, 0xe8, 0x2b, 0x48, 0x89, 0xe9, 0xa8, 0xfd, 0x0f,
  0x84, 0x8e, 0x00, 0x00, 0x00, 0x44, 0x89, 0x6c, 0x24, 0x08, 0x48, 0x89,
  0xcd, 0x48, 0x8d, 0x1d, 0xd0, 0x26, 0x00, 0x00, 0x4d, 0x89, 0xd4, 0x45,
  0x89, 0xcd, 0xeb, 0x4d, 0x48, 0x0f, 0xbe, 0x55, 0x00, 0x49, 0x8b, 0x04,
  0x24, 0xf6, 0x44, 0x50, 0x01, 0x20, 0x74, 0x5d, 0x48, 0x8b, 0x74, 0x24,
  0x10, 0x48, 0x89, 0xda, 0x48, 0x83, 0xc5, 0x01, 0x41, 0x83, 0xef, 0x01,
  0x48, 0x8b, 0x7c, 0x24, 0x18, 0xb9, 0x01, 0x00, 0x00, 0x00, 0x44, 0x89,
  0x84, 0x24, 0x98, 0x00, 0x00, 0x00, 0xe8, 0xfd, 0xf5, 0xff, 0xff, 0x83,
  0xf8, 0x02, 0x74, 0x31, 0x83, 0xe8, 0x01, 0x44, 0x8b, 0x84, 0x24, 0x98,
  0x00, 0x00, 0x00, 0x0f, 0x84, 0x65, 0xff, 0xff, 0xff, 0x45, 0x85, 0xff,
  0x7f, 0xae, 0x44, 0x0b, 0xbc, 0x24, 0x90, 0x00, 0x00, 0x00, 0x45, 0x89,
  0xe9, 0x44, 0x8b, 0x6c, 0x24, 0x08, 0x0f, 0x84, 0x5f, 0xf7, 0xff, 0xff,
  0xe9, 0x8f, 0xf7, 0xff, 0xff, 0x44, 0x8b, 0x6c, 0x24, 0x08, 0xe9, 0x85,
  0xf7, 0xff, 0xff, 0x48, 0x8b, 0x74, 0x24, 0x10, 0x48, 0x8b, 0x7c, 0x24,
  0x18, 0xb9, 0x02, 0x00, 0x00, 0x00, 0x48, 0x8d, 0x15, 0x3d, 0x26, 0x00,
  0x00, 0x4c, 0x89, 0x54, 0x24, 0x28, 0x44, 0x89, 0x4c, 0x24, 0x20, 0x44,
  0x89, 0x84, 0x24, 0x98, 0x00, 0x00, 0x00, 0xe8, 0x90, 0xf5, 0xff, 0xff,
  0x83, 0xf8, 0x02, 0x0f, 0x84, 0x4f, 0xf7, 0xff, 0xff, 0x83, 0xe8, 0x01,
  0x44, 0x8b, 0x4c, 0x24, 0x20, 0x0f, 0x84, 0x0c, 0xf7, 0xff, 0xff, 0x41,
  0x8d, 0x47, 0xff, 0x44, 0x8b, 0x84, 0x24, 0x98, 0x00, 0x00, 0x00, 0x4c,
  0x8b, 0x54, 0x24, 0x28, 0x48, 0x8d, 0x55, 0x01, 0x83, 0xe8, 0x01, 0x0f,
  0x8e, 0x42, 0x01, 0x00, 0x00, 0x48, 0x0f, 0xbe, 0x4d, 0x01, 0x49, 0x8b,
  0x32, 0x48, 0x89, 0xc8, 0xf6, 0x44, 0x4e, 0x01, 0x08, 0x0f, 0x84, 0x50,
  0x01, 0x00, 0x00, 0x48, 0x0f, 0xbe, 0x4d, 0x02, 0xf6, 0x44, 0x4e, 0x01,
  0x08, 0x0f, 0x84, 0x30, 0x01, 0x00, 0x00, 0x83, 0xe8, 0x30, 0x41, 0x83,
  0xef, 0x03, 0x6b, 0xc0, 0x0a, 0x8d, 0x44, 0x08, 0xd0, 0x48, 0x8d, 0x4d,
  0x03, 0x83, 0xf8, 0x17, 0x0f, 0x8f, 0xe9, 0x00, 0x00, 0x00, 0x45, 0x85,
  0xff, 0x0f, 0x8e, 0xd9, 0x00, 0x00, 0x00, 0x80, 0x39, 0x3a, 0x0f, 0x84,
  0x8d, 0x00, 0x00, 0x00, 0x41, 0x83, 0xff, 0x01, 0x0f, 0x84, 0x9a, 0x00,
  0x00, 0x00, 0x48, 0x0f, 0xbe, 0x39, 0x48, 0x89, 0xfa, 0xf6, 0x44, 0x7e,
  0x01, 0x08, 0x0f, 0x84, 0xac, 0x00, 0x00, 0x00, 0x48, 0x0f, 0xbe, 0x59,
  0x01, 0xf6, 0x44, 0x5e, 0x01, 0x08, 0x0f, 0x84, 0x8c, 0x00, 0x00, 0x00,
  0x83, 0xea, 0x30, 0x48, 0x83, 0xc1, 0x02, 0x41, 0x83, 0xef, 0x02, 0x6b,
  0xd2, 0x0a, 0x8d, 0x54, 0x1a, 0xd0, 0x83, 0xfa, 0x3b, 0x7f, 0x32, 0x80,
  0x7d, 0x00, 0x2d, 0x75, 0x04, 0xf7, 0xd8, 0xf7, 0xda, 0x48, 0x8b, 0x74,
  0x24, 0x08, 0x48, 0x85, 0xf6, 0x0f, 0x84, 0x62, 0xfe, 0xff, 0xff, 0x6b,
  0xc0, 0x3c, 0xc7, 0x06, 0x01, 0x00, 0x00, 0x00, 0x01, 0xc2, 0x48, 0x8b,
  0x84, 0x24, 0x80, 0x00, 0x00, 0x00, 0x89, 0x10, 0xe9, 0x48, 0xfe, 0xff,
  0xff, 0x4c, 0x89, 0xf2, 0x48, 0x8d, 0x35, 0x41, 0x24, 0x00, 0x00, 0x45,
  0x85, 0xed, 0x0f, 0x84, 0x4d, 0xf6, 0xff, 0xff, 0xe9, 0xfe, 0xfc, 0xff,
  0xff, 0x41, 0x83, 0xef, 0x01, 0x48, 0x83, 0xc1, 0x01, 0x41, 0x83, 0xff,
  0x01, 0x0f, 0x8f, 0x6b, 0xff, 0xff, 0xff, 0x45, 0x85, 0xff, 0x74, 0x24,
  0x48, 0x0f, 0xbe, 0x39, 0x48, 0x89, 0xfa, 0xf6, 0x44, 0x7e, 0x01, 0x08,
  0x74, 0x16, 0x41, 0xbf, 0x01, 0x00, 0x00, 0x00, 0x83, 0xea, 0x30, 0x48,
  0x83, 0xc1, 0x01, 0x41, 0x83, 0xef, 0x01, 0xe9, 0x7b, 0xff, 0xff, 0xff,
  0x48, 0x89, 0xcd, 0xe9, 0x00, 0xf6, 0xff, 0xff, 0x31, 0xd2, 0xe9, 0x6c,
  0xff, 0xff, 0xff, 0x4c, 0x89, 0xf2, 0x48, 0x8d, 0x35, 0x9f, 0x23, 0x00,
  0x00, 0x45, 0x85, 0xed, 0x0f, 0x84, 0xeb, 0xf5, 0xff, 0xff, 0xe9, 0x9c,
  0xfc, 0xff, 0xff, 0x75, 0x22, 0x48, 0x0f, 0xbe, 0x4d, 0x01, 0x49, 0x8b,
  0x32, 0x48, 0x89, 0xc8, 0xf6, 0x44, 0x4e, 0x01, 0x08, 0x74, 0x10, 0x83,
  0xe8, 0x30, 0x48, 0x8d, 0x4d, 0x02, 0x41, 0x83, 0xef, 0x02, 0xe9, 0xdb,
  0xfe, 0xff, 0xff, 0x48, 0x89, 0xd5, 0xe9, 0xb5, 0xf5, 0xff, 0xff, 0x48,
  0x8b, 0x74, 0x24, 0x10, 0x48, 0x8b, 0x7c, 0x24, 0x18, 0xb9, 0x02, 0x00,
  0x00, 0x00, 0x48, 0x8d, 0x15, 0x6d, 0x24, 0x00, 0x00, 0x4c, 0x89, 0x54,
  0x24, 0x28, 0x44, 0x89, 0x4c, 0x24, 0x20, 0x44, 0x89, 0x84, 0x24, 0x98,
  0x00, 0x00, 0x00, 0xe8, 0xc0, 0xf3, 0xff, 0xff, 0x83, 0xf8, 0x02, 0x0f,
  0x84, 0x7f, 0xf5, 0xff, 0xff, 0x83, 0xe8, 0x01, 0x44, 0x8b, 0x4c, 0x24,
  0x20, 0x0f, 0x84, 0x3c, 0xf5, 0xff, 0xff, 0x48, 0x8b, 0x44, 0x24, 0x08,
  0x44, 0x8b, 0x84, 0x24, 0x98, 0x00, 0x00, 0x00, 0x4c, 0x8b, 0x54, 0x24,
  0x28, 0x48, 0x85, 0xc0, 0x74, 0x06, 0xc7, 0x00, 0x01, 0x00, 0x00, 0x00,
  0x48, 0x83, 0xbc, 0x24, 0x80, 0x00, 0x00, 0x00, 0x00, 0x74, 0x0e, 0x48,
  0x8b, 0x84, 0x24, 0x80, 0x00, 0x00, 0x00, 0xc7, 0x00, 0x00, 0x00, 0x00,
  0x00, 0x41, 0x83, 0xff, 0x01, 0x0f, 0x84, 0xbc, 0xfc, 0xff, 0xff, 0x48,
  0x8d, 0x4d, 0x01, 0x41, 0x83, 0xef, 0x01, 0xe9, 0x11, 0xfd, 0xff, 0xff,
  0xc7, 0x44, 0x24, 0x20, 0x00, 0x00, 0x00, 0x00, 0x48, 0x8b, 0x74, 0x24,
  0x10, 0x48, 0x8b, 0x7c, 0x24, 0x18, 0xb9, 0x02, 0x00, 0x00, 0x00, 0x48,
  0x8d, 0x15, 0xc7, 0x23, 0x00, 0x00, 0x4c, 0x89, 0x54, 0x24, 0x28, 0x44,
  0x89, 0x84, 0x24, 0x98, 0x00, 0x00, 0x00, 0xe8, 0x2c, 0xf3, 0xff, 0xff,
  0x83, 0xf8, 0x02, 0x0f, 0x84, 0xeb, 0xf4, 0xff, 0xff, 0x83, 0xe8, 0x01,
  0x0f, 0x84, 0x6a, 0xfb, 0xff, 0xff, 0x0f, 0xbe, 0x45, 0x00, 0x4c, 0x8b,
  0x54, 0x24, 0x28, 0x44, 0x8b, 0x84, 0x24, 0x98, 0x00, 0x00, 0x00, 0x83,
  0xe8, 0x30, 0x49, 0x8b, 0x12, 0x41, 0x89, 0x44, 0x24, 0x14, 0x48, 0x0f,
  0xbe, 0x75, 0x01, 0xf6, 0x44, 0x72, 0x01, 0x08, 0x0f, 0x84, 0x25, 0x03,
  0x00, 0x00, 0x6b, 0xc0, 0x0a, 0x48, 0x8d, 0x5d, 0x02, 0x41, 0x83, 0xef,
  0x02, 0x8d, 0x44, 0x30, 0xd0, 0x41, 0x89, 0x44, 0x24, 0x14, 0x83, 0xf8,
  0x3b, 0x0f, 0x8f, 0xf0, 0x02, 0x00, 0x00, 0x45, 0x85, 0xff, 0x0f, 0x85,
  0x8e, 0x00, 0x00, 0x00, 0x48, 0x89, 0xdd, 0x83, 0xbc, 0x24, 0x90, 0x00,
  0x00, 0x00, 0x00, 0x0f, 0x85, 0x7f, 0xf4, 0xff, 0xff, 0x41, 0xb9, 0x06,
  0x00, 0x00, 0x00, 0xe9, 0x3f, 0xf4, 0xff, 0xff, 0x4c, 0x89, 0x54, 0x24,
  0x28, 0x48, 0x83, 0xc5, 0x01, 0x41, 0x83, 0xef, 0x01, 0x0f, 0x84, 0x61,
  0xf4, 0xff, 0xff, 0x48, 0x0f, 0xbe, 0x53, 0x01, 0xf6, 0x44, 0x50, 0x01,
  0x08, 0x0f, 0x84, 0x51, 0xf4, 0xff, 0xff, 0x48, 0x8b, 0x74, 0x24, 0x10,
  0x48, 0x8b, 0x7c, 0x24, 0x18, 0xb9, 0x01, 0x00, 0x00, 0x00, 0x48, 0x8d,
  0x15, 0xfa, 0x22, 0x00, 0x00, 0x44, 0x89, 0x84, 0x24, 0x98, 0x00, 0x00,
  0x00, 0xe8, 0x66, 0xf2, 0xff, 0xff, 0x83, 0xf8, 0x02, 0x0f, 0x84, 0x25,
  0xf4, 0xff, 0xff, 0x83, 0xe8, 0x01, 0x0f, 0x84, 0xa4, 0xfa, 0xff, 0xff,
  0xc7, 0x44, 0x24, 0x20, 0x01, 0x00, 0x00, 0x00, 0x44, 0x8b, 0x84, 0x24,
  0x98, 0x00, 0x00, 0x00, 0x4c, 0x8b, 0x54, 0x24, 0x28, 0xe9, 0xe6, 0xfe,
  0xff, 0xff, 0x83, 0x7c, 0x24, 0x20, 0x00, 0x0f, 0x85, 0x82, 0x02, 0x00,
  0x00, 0x48, 0x0f, 0xbe, 0x45, 0x02, 0xf6, 0x44, 0x42, 0x01, 0x08, 0x0f,
  0x84, 0xea, 0x02, 0x00, 0x00, 0x48, 0x89, 0xdd, 0x48, 0x8b, 0x74, 0x24,
  0x10, 0x48, 0x8b, 0x7c, 0x24, 0x18, 0xb9, 0x02, 0x00, 0x00, 0x00, 0x48,
  0x8d, 0x15, 0x92, 0x22, 0x00, 0x00, 0x4c, 0x89, 0x54, 0x24, 0x28, 0x44,
  0x89, 0x84, 0x24, 0x98, 0x00, 0x00, 0x00, 0xe8, 0xf4, 0xf1, 0xff, 0xff,
  0x83, 0xf8, 0x02, 0x0f, 0x84, 0xb3, 0xf3, 0xff, 0xff, 0x83, 0xe8, 0x01,
  0x0f, 0x84, 0x2b, 0xff, 0xff, 0xff, 0x0f, 0xbe, 0x45, 0x00, 0x4c, 0x8b,
  0x54, 0x24, 0x28, 0x44, 0x8b, 0x84, 0x24, 0x98, 0x00, 0x00, 0x00, 0x83,
  0xe8, 0x30, 0x49, 0x8b, 0x0a, 0x41, 0x89, 0x44, 0x24, 0x18, 0x48, 0x0f,
  0xbe, 0x75, 0x01, 0xf6, 0x44, 0x71, 0x01, 0x08, 0x0f, 0x84, 0xb6, 0x02,
  0x00, 0x00, 0x6b, 0xc0, 0x0a, 0x48, 0x8d, 0x5d, 0x02, 0x41, 0x83, 0xef,
  0x02, 0x8d, 0x44, 0x30, 0xd0, 0x41, 0x89, 0x44, 0x24, 0x18, 0x83, 0xf8,
  0x3b, 0x0f, 0x8f, 0xa0, 0x01, 0x00, 0x00, 0x41, 0xb9, 0x07, 0x00, 0x00,
  0x00, 0x45, 0x85, 0xff, 0x0f, 0x8e, 0x67, 0xfa, 0xff, 0xff, 0x80, 0x3b,
  0x2e, 0x0f, 0x85, 0x5e, 0xfa, 0xff, 0xff, 0x48, 0x8d, 0x6b, 0x01, 0x48,
  0x8b, 0x5c, 0x24, 0x18, 0x48, 0x8b, 0x74, 0x24, 0x10, 0xb9, 0x01, 0x00,
  0x00, 0x00, 0x48, 0x8d, 0x15, 0xf6, 0x21, 0x00, 0x00, 0x4c, 0x89, 0x54,
  0x24, 0x20, 0x48, 0x89, 0xdf, 0x44, 0x89, 0x84, 0x24, 0x98, 0x00, 0x00,
  0x00, 0xe8, 0x52, 0xf1, 0xff, 0xff, 0x83, 0xf8, 0x02, 0x0f, 0x84, 0x11,
  0xf3, 0xff, 0xff, 0x83, 0xe8, 0x01, 0x0f, 0x84, 0x89, 0xfe, 0xff, 0xff,
  0x44, 0x8b, 0x84, 0x24, 0x98, 0x00, 0x00, 0x00, 0x48, 0x8b, 0x74, 0x24,
  0x10, 0xb9, 0x02, 0x00, 0x00, 0x00, 0x48, 0x89, 0xdf, 0x48, 0x8d, 0x15,
  0xb5, 0x21, 0x00, 0x00, 0xe8, 0x1f, 0xf1, 0xff, 0xff, 0x83, 0xf8, 0x02,
  0x0f, 0x84, 0xde, 0xf2, 0xff, 0xff, 0x83, 0xe8, 0x01, 0x0f, 0x84, 0x56,
  0xfe, 0xff, 0xff, 0x4c, 0x8b, 0x54, 0x24, 0x20, 0x41, 0x83, 0xef, 0x01,
  0x48, 0x89, 0xeb, 0x31, 0xd2, 0x44, 0x8b, 0x84, 0x24, 0x98, 0x00, 0x00,
  0x00, 0xb9, 0x06, 0x00, 0x00, 0x00, 0x41, 0x6b, 0x74, 0x24, 0x1c, 0x0a,
  0x41, 0x89, 0x74, 0x24, 0x1c, 0x45, 0x85, 0xff, 0x74, 0x24, 0x4c, 0x0f,
  0xbe, 0x0b, 0x49, 0x8b, 0x3a, 0x42, 0xf6, 0x44, 0x4f, 0x01, 0x08, 0x74,
  0x15, 0x42, 0x8d, 0x44, 0x0e, 0xd0, 0x48, 0x83, 0xc3, 0x01, 0x41, 0x83,
  0xef, 0x01, 0x83, 0xc2, 0x01, 0x41, 0x89, 0x44, 0x24, 0x1c, 0x83, 0xe9,
  0x01, 0x75, 0xc7, 0x45, 0x85, 0xff, 0x0f, 0x84, 0xcb, 0x01, 0x00, 0x00,
  0x49, 0x8b, 0x02, 0x48, 0x0f, 0xbe, 0x0b, 0xf6, 0x44, 0x48, 0x01, 0x08,
  0x0f, 0x84, 0xb9, 0x01, 0x00, 0x00, 0x41, 0xb9, 0x06, 0x00, 0x00, 0x00,
  0x31, 0xff, 0x41, 0x6b, 0x4c, 0x24, 0x20, 0x0a, 0x41, 0x89, 0x4c, 0x24,
  0x20, 0x45, 0x85, 0xff, 0x74, 0x1f, 0x48, 0x0f, 0xbe, 0x33, 0xf6, 0x44,
  0x70, 0x01, 0x08, 0x74, 0x14, 0x8d, 0x54, 0x31, 0xd0, 0x48, 0x83, 0xc3,
  0x01, 0x41, 0x83, 0xef, 0x01, 0x83, 0xc7, 0x01, 0x41, 0x89, 0x54, 0x24,
  0x20, 0x41, 0x83, 0xe9, 0x01, 0x75, 0xcb, 0x45, 0x85, 0xff, 0x0f, 0x84,
  0x86, 0x01, 0x00, 0x00, 0x48, 0x0f, 0xbe, 0x13, 0xf6, 0x44, 0x50, 0x01,
  0x08, 0x0f, 0x84, 0x77, 0x01, 0x00, 0x00, 0x41, 0xb9, 0x06, 0x00, 0x00,
  0x00, 0x31, 0xff, 0x41, 0x6b, 0x4c, 0x24, 0x24, 0x0a, 0x41, 0x89, 0x4c,
  0x24, 0x24, 0x45, 0x85, 0xff, 0x74, 0x1f, 0x48, 0x0f, 0xbe, 0x33, 0xf6,
  0x44, 0x70, 0x01, 0x08, 0x74, 0x14, 0x8d, 0x54, 0x31, 0xd0, 0x48, 0x83,
  0xc3, 0x01, 0x41, 0x83, 0xef, 0x01, 0x83, 0xc7, 0x01, 0x41, 0x89, 0x54,
  0x24, 0x24, 0x41, 0x83, 0xe9, 0x01, 0x75, 0xcb, 0x45, 0x31, 0xc9, 0x83,
  0xff, 0x03, 0x41, 0x0f, 0x9f, 0xc1, 0x41, 0x83, 0xc1, 0x0c, 0xe9, 0xd6,
  0xf8, 0xff, 0xff, 0x4c, 0x89, 0xf2, 0x48, 0x8d, 0x35, 0x37, 0x1f, 0x00,
  0x00, 0x45, 0x85, 0xed, 0x0f, 0x84, 0xb3, 0xf1, 0xff, 0xff, 0xe9, 0x64,
  0xf8, 0xff, 0xff, 0x4c, 0x89, 0xf2, 0x48, 0x8d, 0x35, 0xef, 0x1e, 0x00,
  0x00, 0x45, 0x85, 0xed, 0x0f, 0x84, 0x9b, 0xf1, 0xff, 0xff, 0xe9, 0x4c,
  0xf8, 0xff, 0xff, 0x48, 0x83, 0xc5, 0x01, 0x83, 0x7c, 0x24, 0x20, 0x00,
  0x0f, 0x84, 0x82, 0xf1, 0xff, 0xff, 0x41, 0x83, 0xef, 0x01, 0x48, 0x89,
  0xeb, 0x0f, 0x84, 0xe8, 0xfc, 0xff, 0xff, 0x80, 0x3b, 0x3a, 0x41, 0xb9,
  0x06, 0x00, 0x00, 0x00, 0x0f, 0x85, 0x7b, 0xf8, 0xff, 0xff, 0x48, 0x8b,
  0x74, 0x24, 0x10, 0x48, 0x8b, 0x7c, 0x24, 0x18, 0xb9, 0x01, 0x00, 0x00,
  0x00, 0x48, 0x8d, 0x15, 0x0f, 0x20, 0x00, 0x00, 0x4c, 0x89, 0x54, 0x24,
  0x28, 0x44, 0x89, 0x84, 0x24, 0x98, 0x00, 0x00, 0x00, 0xe8, 0x76, 0xef,
  0xff, 0xff, 0x83, 0xf8, 0x02, 0x74, 0x47, 0x83, 0xe8, 0x01, 0x0f, 0x84,
  0xb1, 0xfc, 0xff, 0xff, 0x48, 0x8d, 0x6b, 0x01, 0x41, 0x83, 0xef, 0x01,
  0x0f, 0x84, 0x22, 0xf1, 0xff, 0xff, 0x4c, 0x8b, 0x54, 0x24, 0x28, 0x48,
  0x0f, 0xbe, 0x53, 0x01, 0x44, 0x8b, 0x84, 0x24, 0x98, 0x00, 0x00, 0x00,
  0x49, 0x8b, 0x02, 0xf6, 0x44, 0x50, 0x01, 0x08, 0x0f, 0x85, 0x1e, 0xfd,
  0xff, 0xff, 0xe9, 0xfd, 0xf0, 0xff, 0xff, 0x41, 0xb9, 0x06, 0x00, 0x00,
  0x00, 0xe9, 0x07, 0xf8, 0xff, 0xff, 0x48, 0x89, 0xdd, 0xe9, 0xea, 0xf0,
  0xff, 0xff, 0x48, 0x83, 0xc5, 0x02, 0x83, 0xeb, 0x02, 0x41, 0x89, 0xdf,
  0x0f, 0x84, 0xda, 0xf0, 0xff, 0xff, 0x48, 0x89, 0xeb, 0x31, 0xc9, 0xe9,
  0xbe, 0xf7, 0xff, 0xff, 0x4c, 0x89, 0xfd, 0xe9, 0xc8, 0xf0, 0xff, 0xff,
  0x48, 0x83, 0xc5, 0x01, 0x83, 0x7c, 0x24, 0x20, 0x00, 0x0f, 0x84, 0xb9,
  0xf0, 0xff, 0xff, 0x41, 0x83, 0xef, 0x01, 0x48, 0x89, 0xeb, 0xe9, 0x4c,
  0xfd, 0xff, 0xff, 0x45, 0x31, 0xc9, 0x83, 0xfa, 0x03, 0x41, 0x0f, 0x9f,
  0xc1, 0x41, 0x83, 0xc1, 0x08, 0xe9, 0xaf, 0xf7, 0xff, 0xff, 0x45, 0x31,
  0xc9, 0x83, 0xff, 0x03, 0x41, 0x0f, 0x9f, 0xc1, 0x41, 0x83, 0xc1, 0x0a,
  0xe9, 0x9c, 0xf7, 0xff, 0xff, 0x66, 0x66, 0x2e, 0x0f, 0x1f, 0x84, 0x00,
  0x00, 0x00, 0x00, 0x00, 0x0f, 0x1f, 0x40, 0x00, 0x83, 0xfe, 0x0d, 0x0f,
  0x87, 0xe7, 0x00, 0x00, 0x00, 0x48, 0x8d, 0x0d, 0x70, 0x1f, 0x00, 0x00,
  0x89, 0xf2, 0x48, 0x63, 0x04, 0x91, 0x48, 0x01, 0xc8, 0xff, 0xe0, 0x0f,
  0x1f, 0x44, 0x00, 0x00, 0xb8, 0x1b, 0x00, 0x00, 0x00, 0x0f, 0x1f, 0x00,
  0x83, 0xfe, 0x04, 0x7e, 0x0b, 0x8d, 0x50, 0x05, 0x83, 0xc0, 0x01, 0x85,
  0xff, 0x0f, 0x45, 0xc2, 0x83, 0xc0, 0x01, 0xc3, 0x0f, 0x1f, 0x40, 0x00,
  0xb8, 0x1e, 0x00, 0x00, 0x00, 0xeb, 0xe1, 0x66, 0x0f, 0x1f, 0x84, 0x00,
  0x00, 0x00, 0x00, 0x00, 0xb8, 0x21, 0x00, 0x00, 0x00, 0xeb, 0xd1, 0x66,
  0x0f, 0x1f, 0x84, 0x00, 0x00, 0x00, 0x00, 0x00, 0xb8, 0x24, 0x00, 0x00,
  0x00, 0xeb, 0xc1, 0x66, 0x0f, 0x1f, 0x84, 0x00, 0x00, 0x00, 0x00, 0x00,
  0xb8, 0x28, 0x00, 0x00, 0x00, 0xeb, 0xb1, 0x66, 0x0f, 0x1f, 0x84, 0x00,
  0x00, 0x00, 0x00, 0x00, 0xb8, 0x2b, 0x00, 0x00, 0x00, 0xeb, 0xa1, 0x66,
  0x0f, 0x1f, 0x84, 0x00, 0x00, 0x00, 0x00, 0x00, 0xb8, 0x2e, 0x00, 0x00,
  0x00, 0xeb, 0x91, 0x66, 0x0f, 0x1f, 0x84, 0x00, 0x00, 0x00, 0x00, 0x00,
  0xb8, 0x31, 0x00, 0x00, 0x00, 0xeb, 0x81, 0x66, 0x0f, 0x1f, 0x84, 0x00,
  0x00, 0x00, 0x00, 0x00, 0xb8, 0x34, 0x00, 0x00, 0x00, 0xe9, 0x6e, 0xff,
  0xff, 0xff, 0x66, 0x0f, 0x1f, 0x44, 0x00, 0x00, 0xb8, 0x15, 0x00, 0x00,
  0x00, 0xe9, 0x5e, 0xff, 0xff, 0xff, 0x66, 0x0f, 0x1f, 0x44, 0x00, 0x00,
  0xb8, 0x18, 0x00, 0x00, 0x00, 0xe9, 0x4e, 0xff, 0xff, 0xff, 0x66, 0x0f,
  0x1f, 0x44, 0x00, 0x00, 0xb8, 0x37, 0x00, 0x00, 0x00, 0xe9, 0x3e, 0xff,
  0xff, 0xff, 0x66, 0x0f, 0x1f, 0x44, 0x00, 0x00, 0xb8, 0x03, 0x00, 0x00,
  0x00, 0xe9, 0x2e, 0xff, 0xff, 0xff, 0x66, 0x0f, 0x1f, 0x44, 0x00, 0x00,
  0x41, 0x56, 0x41, 0x83, 0xf8, 0x02, 0x49, 0x89, 0xf6, 0xb8, 0x04, 0x00,
  0x00, 0x00, 0x41, 0x55, 0x49, 0x89, 0xd5, 0x48, 0x8d, 0x15, 0x2f, 0x1e,
  0x00, 0x00, 0x41, 0x54, 0x41, 0x89, 0xcc, 0x4c, 0x89, 0xee, 0x55, 0x44,
  0x89, 0xc5, 0x53, 0x48, 0x8b, 0x0f, 0x0f, 0x44, 0xe8, 0x48, 0x89, 0xfb,
  0x31, 0xc0, 0x4c, 0x89, 0xf7, 0xe8, 0xe6, 0xc9, 0xff, 0xff, 0x85, 0xc0,
  0x0f, 0x88, 0x8e, 0x07, 0x00, 0x00, 0x48, 0x98, 0x4c, 0x39, 0xe8, 0x0f,
  0x87, 0x83, 0x07, 0x00, 0x00, 0x4c, 0x89, 0xea, 0x49, 0x8d, 0x34, 0x06,
  0x48, 0x29, 0xc2, 0x85, 0xed, 0x0f, 0x84, 0x29, 0x07, 0x00, 0x00, 0x48,
  0x85, 0xd2, 0x0f, 0x84, 0x68, 0x07, 0x00, 0x00, 0xc6, 0x06, 0x2d, 0x48,
  0x83, 0xfa, 0x01, 0x0f, 0x84, 0x5b, 0x07, 0x00, 0x00, 0x48, 0x63, 0x43,
  0x08, 0x48, 0x89, 0xc1, 0x48, 0x69, 0xc0, 0x67, 0x66, 0x66, 0x66, 0xc1,
  0xf9, 0x1f, 0x48, 0xc1, 0xf8, 0x22, 0x29, 0xc8, 0x83, 0xc0, 0x30, 0x88,
  0x46, 0x01, 0x48, 0x83, 0xfa, 0x02, 0x0f, 0x84, 0x34, 0x07, 0x00, 0x00,
  0x48, 0x63, 0x43, 0x08, 0x48, 0x89, 0xc1, 0x48, 0x69, 0xc0, 0x67, 0x66,
  0x66, 0x66, 0x89, 0xcf, 0xc1, 0xff, 0x1f, 0x48, 0xc1, 0xf8, 0x22, 0x29,
  0xf8, 0x48, 0x8d, 0x7a, 0xfd, 0x8d, 0x04, 0x80, 0x01, 0xc0, 0x29, 0xc1,
  0x83, 0xc1, 0x30, 0x88, 0x4e, 0x02, 0x83, 0xfd, 0x01, 0x0f, 0x84, 0x29,
  0x07, 0x00, 0x00, 0x48, 0x85, 0xff, 0x0f, 0x84, 0xf8, 0x06, 0x00, 0x00,
  0xc6, 0x46, 0x03, 0x2d, 0x48, 0x83, 0xff, 0x01, 0x0f, 0x84, 0xea, 0x06,
  0x00, 0x00, 0x48, 0x63, 0x43, 0x0c, 0x48, 0x89, 0xc1, 0x48, 0x69, 0xc0,
  0x67, 0x66, 0x66, 0x66, 0xc1, 0xf9, 0x1f, 0x48, 0xc1, 0xf8, 0x22, 0x29,
  0xc8, 0x83, 0xc0, 0x30, 0x88, 0x46, 0x04, 0x48, 0x83, 0xff, 0x02, 0x0f,
  0x84, 0xc3, 0x06, 0x00, 0x00, 0x48, 0x63, 0x43, 0x0c, 0x48, 0x89, 0xc1,
  0x48, 0x69, 0xc0, 0x67, 0x66, 0x66, 0x66, 0x89, 0xcf, 0xc1, 0xff, 0x1f,
  0x48, 0xc1, 0xf8, 0x22, 0x29, 0xf8, 0x48, 0x8d, 0x7a, 0xfa, 0x8d, 0x04,
  0x80, 0x01, 0xc0, 0x29, 0xc1, 0x83, 0xc1, 0x30, 0x88, 0x4e, 0x05, 0x83,
  0xfd, 0x04, 0x0f, 0x84, 0xc8, 0x06, 0x00, 0x00, 0x48, 0x85, 0xff, 0x0f,
  0x84, 0x87, 0x06, 0x00, 0x00, 0xc6, 0x46, 0x06, 0x54, 0x48, 0x83, 0xff,
  0x01, 0x0f, 0x84, 0x79, 0x06, 0x00, 0x00, 0x48, 0x63, 0x43, 0x10, 0x48,
  0x89, 0xc1, 0x48, 0x69, 0xc0, 0x67, 0x66, 0x66, 0x66, 0xc1, 0xf9, 0x1f,
  0x48, 0xc1, 0xf8, 0x22, 0x29, 0xc8, 0x83, 0xc0, 0x30, 0x88, 0x46, 0x07,
  0x48, 0x83, 0xff, 0x02, 0x0f, 0x84, 0x52, 0x06, 0x00, 0x00, 0x48, 0x63,
  0x43, 0x10, 0x48, 0x89, 0xc1, 0x48, 0x69, 0xc0, 0x67, 0x66, 0x66, 0x66,
  0x89, 0xcf, 0xc1, 0xff, 0x1f, 0x48, 0xc1, 0xf8, 0x22, 0x29, 0xf8, 0x8d,
  0x04, 0x80, 0x01, 0xc0, 0x29, 0xc1, 0x48, 0x8d, 0x42, 0xf7, 0x83, 0xc1,
  0x30, 0x88, 0x4e, 0x08, 0x83, 0xfd, 0x05, 0x0f, 0x84, 0xef, 0x05, 0x00,
  0x00, 0x48, 0x85, 0xc0, 0x0f, 0x84, 0x16, 0x06, 0x00, 0x00, 0xc6, 0x46,
  0x09, 0x3a, 0x48, 0x83, 0xf8, 0x01, 0x0f, 0x84, 0x08, 0x06, 0x00, 0x00,
  0x48, 0x63, 0x4b, 0x14, 0x48, 0x89, 0xcf, 0x48, 0x69, 0xc9, 0x67, 0x66,
  0x66, 0x66, 0xc1, 0xff, 0x1f, 0x48, 0xc1, 0xf9, 0x22, 0x29, 0xf9, 0x83,
  0xc1, 0x30, 0x88, 0x4e, 0x0a, 0x48, 0x83, 0xf8, 0x02, 0x0f, 0x84, 0xe1,
  0x05, 0x00, 0x00, 0x48, 0x63, 0x43, 0x14, 0x48, 0x89, 0xc1, 0x48, 0x69,
  0xc0, 0x67, 0x66, 0x66, 0x66, 0x89, 0xcf, 0xc1, 0xff, 0x1f, 0x48, 0xc1,
  0xf8, 0x22, 0x29, 0xf8, 0x8d, 0x04, 0x80, 0x01, 0xc0, 0x29, 0xc1, 0x48,
  0x8d, 0x42, 0xf4, 0x83, 0xc1, 0x30, 0x88, 0x4e, 0x0b, 0x83, 0xfd, 0x06,
  0x0f, 0x84, 0xfe, 0x05, 0x00, 0x00, 0x48, 0x85, 0xc0, 0x0f, 0x84, 0xa5,
  0x05, 0x00, 0x00, 0xc6, 0x46, 0x0c, 0x3a, 0x48, 0x83, 0xf8, 0x01, 0x0f,
  0x84, 0x97, 0x05, 0x00, 0x00, 0x48, 0x63, 0x4b, 0x18, 0x48, 0x89, 0xcf,
  0x48, 0x69, 0xc9, 0x67, 0x66, 0x66, 0x66, 0xc1, 0xff, 0x1f, 0x48, 0xc1,
  0xf9, 0x22, 0x29, 0xf9, 0x83, 0xc1, 0x30, 0x88, 0x4e, 0x0d, 0x48, 0x83,
  0xf8, 0x02, 0x0f, 0x84, 0x70, 0x05, 0x00, 0x00, 0x48, 0x63, 0x43, 0x18,
  0x48, 0x89, 0xc1, 0x48, 0x69, 0xc0, 0x67, 0x66, 0x66, 0x66, 0x89, 0xcf,
  0xc1, 0xff, 0x1f, 0x48, 0xc1, 0xf8, 0x22, 0x29, 0xf8, 0x8d, 0x04, 0x80,
  0x01, 0xc0, 0x29, 0xc1, 0x48, 0x8d, 0x42, 0xf1, 0x83, 0xc1, 0x30, 0x88,
  0x4e, 0x0e, 0x83, 0xfd, 0x07, 0x0f, 0x84, 0x9d, 0x05, 0x00, 0x00, 0x48,
  0x85, 0xc0, 0x0f, 0x84, 0x34, 0x05, 0x00, 0x00, 0xc6, 0x46, 0x0f, 0x2e,
  0x48, 0x83, 0xf8, 0x01, 0x0f, 0x84, 0x26, 0x05, 0x00, 0x00, 0x48, 0x63,
  0x4b, 0x1c, 0x48, 0x89, 0xcf, 0x48, 0x69, 0xc9, 0x89, 0xb5, 0xf8, 0x14,
  0xc1, 0xff, 0x1f, 0x48, 0xc1, 0xf9, 0x2d, 0x29, 0xf9, 0x48, 0x63, 0xf9,
  0x41, 0x89, 0xc8, 0x48, 0x69, 0xff, 0x67, 0x66, 0x66, 0x66, 0x41, 0xc1,
  0xf8, 0x1f, 0x48, 0xc1, 0xff, 0x22, 0x44, 0x29, 0xc7, 0x8d, 0x3c, 0xbf,
  0x01, 0xff, 0x29, 0xf9, 0x83, 0xc1, 0x30, 0x88, 0x4e, 0x10, 0x48, 0x83,
  0xf8, 0x02, 0x0f, 0x84, 0xe0, 0x04, 0x00, 0x00, 0x48, 0x63, 0x4b, 0x1c,
  0x48, 0x89, 0xcf, 0x48, 0x69, 0xc9, 0xad, 0x8b, 0xdb, 0x68, 0xc1, 0xff,
  0x1f, 0x48, 0xc1, 0xf9, 0x2c, 0x29, 0xf9, 0x48, 0x63, 0xf9, 0x41, 0x89,
  0xc8, 0x48, 0x69, 0xff, 0x67, 0x66, 0x66, 0x66, 0x41, 0xc1, 0xf8, 0x1f,
  0x48, 0xc1, 0xff, 0x22, 0x44, 0x29, 0xc7, 0x8d, 0x3c, 0xbf, 0x01, 0xff,
  0x29, 0xf9, 0x83, 0xc1, 0x30, 0x88, 0x4e, 0x11, 0x48, 0x83, 0xf8, 0x03,
  0x0f, 0x84, 0x9a, 0x04, 0x00, 0x00, 0x48, 0x63, 0x43, 0x1c, 0x48, 0x89,
  0xc1, 0x48, 0x69, 0xc0, 0xd3, 0x4d, 0x62, 0x10, 0xc1, 0xf9, 0x1f, 0x48,
  0xc1, 0xf8, 0x26, 0x29, 0xc8, 0x48, 0x63, 0xc8, 0x89, 0xc7, 0x48, 0x69,
  0xc9, 0x67, 0x66, 0x66, 0x66, 0xc1, 0xff, 0x1f, 0x48, 0xc1, 0xf9, 0x22,
  0x29, 0xf9, 0x8d, 0x0c, 0x89, 0x01, 0xc9, 0x29, 0xc8, 0x83, 0xc0, 0x30,
  0x88, 0x46, 0x12, 0x48, 0x8d, 0x42, 0xed, 0x83, 0xfd, 0x08, 0x0f, 0x84,
  0xd4, 0x04, 0x00, 0x00, 0x48, 0x85, 0xc0, 0x0f, 0x84, 0x4b, 0x04, 0x00,
  0x00, 0x48, 0x63, 0x4b, 0x1c, 0x48, 0x89, 0xcf, 0x48, 0x69, 0xc9, 0x1f,
  0x85, 0xeb, 0x51, 0xc1, 0xff, 0x1f, 0x48, 0xc1, 0xf9, 0x25, 0x29, 0xf9,
  0x48, 0x63, 0xf9, 0x41, 0x89, 0xc8, 0x48, 0x69, 0xff, 0x67, 0x66, 0x66,
  0x66, 0x41, 0xc1, 0xf8, 0x1f, 0x48, 0xc1, 0xff, 0x22, 0x44, 0x29, 0xc7,
  0x8d, 0x3c, 0xbf, 0x01, 0xff, 0x29, 0xf9, 0x83, 0xc1, 0x30, 0x88, 0x4e,
  0x13, 0x48, 0x83, 0xf8, 0x01, 0x0f, 0x84, 0x05, 0x04, 0x00, 0x00, 0x48,
  0x63, 0x4b, 0x1c, 0x48, 0x89, 0xcf, 0x48, 0x69, 0xc9, 0x67, 0x66, 0x66,
  0x66, 0xc1, 0xff, 0x1f, 0x48, 0xc1, 0xf9, 0x22, 0x29, 0xf9, 0x48, 0x63,
  0xf9, 0x41, 0x89, 0xc8, 0x48, 0x69, 0xff, 0x67, 0x66, 0x66, 0x66, 0x41,
  0xc1, 0xf8, 0x1f, 0x48, 0xc1, 0xff, 0x22, 0x44, 0x29, 0xc7, 0x8d, 0x3c,
  0xbf, 0x01, 0xff, 0x29, 0xf9, 0x83, 0xc1, 0x30, 0x88, 0x4e, 0x14, 0x48,
  0x83, 0xf8, 0x02, 0x0f, 0x84, 0xbf, 0x03, 0x00, 0x00, 0x48, 0x63, 0x43,
  0x1c, 0x48, 0x89, 0xc1, 0x48, 0x69, 0xc0, 0x67, 0x66, 0x66, 0x66, 0x89,
  0xcf, 0xc1, 0xff, 0x1f, 0x48, 0xc1, 0xf8, 0x22, 0x29, 0xf8, 0x8d, 0x04,
  0x80, 0x01, 0xc0, 0x29, 0xc1, 0x48, 0x8d, 0x42, 0xea, 0x83, 0xc1, 0x30,
  0x88, 0x4e, 0x15, 0x83, 0xfd, 0x09, 0x0f, 0x84, 0x1c, 0x04, 0x00, 0x00,
  0x48, 0x85, 0xc0, 0x0f, 0x84, 0x83, 0x03, 0x00, 0x00, 0x48, 0x63, 0x4b,
  0x20, 0x48, 0x89, 0xcf, 0x48, 0x69, 0xc9, 0x89, 0xb5, 0xf8, 0x14, 0xc1,
  0xff, 0x1f, 0x48, 0xc1, 0xf9, 0x2d, 0x29, 0xf9, 0x48, 0x63, 0xf9, 0x41,
  0x89, 0xc8, 0x48, 0x69, 0xff, 0x67, 0x66, 0x66, 0x66, 0x41, 0xc1, 0xf8,
  0x1f, 0x48, 0xc1, 0xff, 0x22, 0x44, 0x29, 0xc7, 0x8d, 0x3c, 0xbf, 0x01,
  0xff, 0x29, 0xf9, 0x83, 0xc1, 0x30, 0x88, 0x4e, 0x16, 0x48, 0x83, 0xf8,
  0x01, 0x0f, 0x84, 0x3d, 0x03, 0x00, 0x00, 0x48, 0x63, 0x4b, 0x20, 0x48,
  0x89, 0xcf, 0x48, 0x69, 0xc9, 0xad, 0x8b, 0xdb, 0x68, 0xc1, 0xff, 0x1f,
  0x48, 0xc1, 0xf9, 0x2c, 0x29, 0xf9, 0x48, 0x63, 0xf9, 0x41, 0x89, 0xc8,
  0x48, 0x69, 0xff, 0x67, 0x66, 0x66, 0x66, 0x41, 0xc1, 0xf8, 0x1f, 0x48,
  0xc1, 0xff, 0x22, 0x44, 0x29, 0xc7, 0x8d, 0x3c, 0xbf, 0x01, 0xff, 0x29,
  0xf9, 0x83, 0xc1, 0x30, 0x88, 0x4e, 0x17, 0x48, 0x83, 0xf8, 0x02, 0x0f,
  0x84, 0xf7, 0x02, 0x00, 0x00, 0x48, 0x63, 0x43, 0x20, 0x48, 0x89, 0xc1,
  0x48, 0x69, 0xc0, 0xd3, 0x4d, 0x62, 0x10, 0xc1, 0xf9, 0x1f, 0x48, 0xc1,
  0xf8, 0x26, 0x29, 0xc8, 0x48, 0x63, 0xc8, 0x89, 0xc7, 0x48, 0x69, 0xc9,
  0x67, 0x66, 0x66, 0x66, 0xc1, 0xff, 0x1f, 0x48, 0xc1, 0xf9, 0x22, 0x29,
  0xf9, 0x8d, 0x0c, 0x89, 0x01, 0xc9, 0x29, 0xc8, 0x83, 0xc0, 0x30, 0x88,
  0x46, 0x18, 0x48, 0x8d, 0x42, 0xe7, 0x83, 0xfd, 0x0a, 0x0f, 0x84, 0x51,
  0x03, 0x00, 0x00, 0x48, 0x85, 0xc0, 0x0f, 0x84, 0xa8, 0x02, 0x00, 0x00,
  0x48, 0x63, 0x4b, 0x20, 0x48, 0x89, 0xcf, 0x48, 0x69, 0xc9, 0x1f, 0x85,
  0xeb, 0x51, 0xc1, 0xff, 0x1f, 0x48, 0xc1, 0xf9, 0x25, 0x29, 0xf9, 0x48,
  0x63, 0xf9, 0x41, 0x89, 0xc8, 0x48, 0x69, 0xff, 0x67, 0x66, 0x66, 0x66,
  0x41, 0xc1, 0xf8, 0x1f, 0x48, 0xc1, 0xff, 0x22, 0x44, 0x29, 0xc7, 0x8d,
  0x3c, 0xbf, 0x01, 0xff, 0x29, 0xf9, 0x83, 0xc1, 0x30, 0x88, 0x4e, 0x19,
  0x48, 0x83, 0xf8, 0x01, 0x0f, 0x84, 0x62, 0x02, 0x00, 0x00, 0x48, 0x63,
  0x4b, 0x20, 0x48, 0x89, 0xcf, 0x48, 0x69, 0xc9, 0x67, 0x66, 0x66, 0x66,
  0xc1, 0xff, 0x1f, 0x48, 0xc1, 0xf9, 0x22, 0x29, 0xf9, 0x48, 0x63, 0xf9,
  0x41, 0x89, 0xc8, 0x48, 0x69, 0xff, 0x67, 0x66, 0x66, 0x66, 0x41, 0xc1,
  0xf8, 0x1f, 0x48, 0xc1, 0xff, 0x22, 0x44, 0x29, 0xc7, 0x8d, 0x3c, 0xbf,
  0x01, 0xff, 0x29, 0xf9, 0x83, 0xc1, 0x30, 0x88, 0x4e, 0x1a, 0x48, 0x83,
  0xf8, 0x02, 0x0f, 0x84, 0x1c, 0x02, 0x00, 0x00, 0x48, 0x63, 0x43, 0x20,
  0x48, 0x89, 0xc1, 0x48, 0x69, 0xc0, 0x67, 0x66, 0x66, 0x66, 0x89, 0xcf,
  0xc1, 0xff, 0x1f, 0x48, 0xc1, 0xf8, 0x22, 0x29, 0xf8, 0x8d, 0x04, 0x80,
  0x01, 0xc0, 0x29, 0xc1, 0x48, 0x8d, 0x42, 0xe4, 0x83, 0xc1, 0x30, 0x88,
  0x4e, 0x1b, 0x83, 0xfd, 0x0b, 0x0f, 0x84, 0x99, 0x02, 0x00, 0x00, 0x48,
  0x85, 0xc0, 0x0f, 0x84, 0xe0, 0x01, 0x00, 0x00, 0x48, 0x63, 0x4b, 0x24,
  0x48, 0x89, 0xcf, 0x48, 0x69, 0xc9, 0x89, 0xb5, 0xf8, 0x14, 0xc1, 0xff,
  0x1f, 0x48, 0xc1, 0xf9, 0x2d, 0x29, 0xf9, 0x48, 0x63, 0xf9, 0x41, 0x89,
  0xc8, 0x48, 0x69, 0xff, 0x67, 0x66, 0x66, 0x66, 0x41, 0xc1, 0xf8, 0x1f,
  0x48, 0xc1, 0xff, 0x22, 0x44, 0x29, 0xc7, 0x8d, 0x3c, 0xbf, 0x01, 0xff,
  0x29, 0xf9, 0x83, 0xc1, 0x30, 0x88, 0x4e, 0x1c, 0x48, 0x83, 0xf8, 0x01,
  0x0f, 0x84, 0x9a, 0x01, 0x00, 0x00, 0x48, 0x63, 0x4b, 0x24, 0x48, 0x89,
  0xcf, 0x48, 0x69, 0xc9, 0xad, 0x8b, 0xdb, 0x68, 0xc1, 0xff, 0x1f, 0x48,
  0xc1, 0xf9, 0x2c, 0x29, 0xf9, 0x48, 0x63, 0xf9, 0x41, 0x89, 0xc8, 0x48,
  0x69, 0xff, 0x67, 0x66, 0x66, 0x66, 0x41, 0xc1, 0xf8, 0x1f, 0x48, 0xc1,
  0xff, 0x22, 0x44, 0x29, 0xc7, 0x8d, 0x3c, 0xbf, 0x01, 0xff, 0x29, 0xf9,
  0x83, 0xc1, 0x30, 0x88, 0x4e, 0x1d, 0x48, 0x83, 0xf8, 0x02, 0x0f, 0x84,
  0x54, 0x01, 0x00, 0x00, 0x48, 0x63, 0x43, 0x24, 0x48, 0x89, 0xc1, 0x48,
  0x69, 0xc0, 0xd3, 0x4d, 0x62, 0x10, 0xc1, 0xf9, 0x1f, 0x48, 0xc1, 0xf8,
  0x26, 0x29, 0xc8, 0x48, 0x63, 0xc8, 0x89, 0xc7, 0x48, 0x69, 0xc9, 0x67,
  0x66, 0x66, 0x66, 0xc1, 0xff, 0x1f, 0x48, 0xc1, 0xf9, 0x22, 0x29, 0xf9,
  0x8d, 0x0c, 0x89, 0x01, 0xc9, 0x29, 0xc8, 0x83, 0xc0, 0x30, 0x88, 0x46,
  0x1e, 0x48, 0x8d, 0x42, 0xe1, 0x83, 0xfd, 0x0c, 0x0f, 0x84, 0x7e, 0x01,
  0x00, 0x00, 0x48, 0x85, 0xc0, 0x0f, 0x84, 0x05, 0x01, 0x00, 0x00, 0x48,
  0x63, 0x4b, 0x24, 0x48, 0x89, 0xcf, 0x48, 0x69, 0xc9, 0x1f, 0x85, 0xeb,
  0x51, 0xc1, 0xff, 0x1f, 0x48, 0xc1, 0xf9, 0x25, 0x29, 0xf9, 0x48, 0x63,
  0xf9, 0x41, 0x89, 0xc8, 0x48, 0x69, 0xff, 0x67, 0x66, 0x66, 0x66, 0x41,
  0xc1, 0xf8, 0x1f, 0x48, 0xc1, 0xff, 0x22, 0x44, 0x29, 0xc7, 0x8d, 0x3c,
  0xbf, 0x01, 0xff, 0x29, 0xf9, 0x83, 0xc1, 0x30, 0x88, 0x4e, 0x1f, 0x48,
  0x83, 0xf8, 0x01, 0x0f, 0x84, 0xbf, 0x00, 0x00, 0x00, 0x48, 0x63, 0x4b,
  0x24, 0x48, 0x89, 0xcf, 0x48, 0x69, 0xc9, 0x67, 0x66, 0x66, 0x66, 0xc1,
  0xff, 0x1f, 0x48, 0xc1, 0xf9, 0x22, 0x29, 0xf9, 0x48, 0x63, 0xf9, 0x41,
  0x89, 0xc8, 0x48, 0x69, 0xff, 0x67, 0x66, 0x66, 0x66, 0x41, 0xc1, 0xf8,
  0x1f, 0x48, 0xc1, 0xff, 0x22, 0x44, 0x29, 0xc7, 0x8d, 0x3c, 0xbf, 0x01,
  0xff, 0x29, 0xf9, 0x83, 0xc1, 0x30, 0x88, 0x4e, 0x20, 0x48, 0x83, 0xf8,
  0x02, 0x74, 0x7d, 0x48, 0x63, 0x43, 0x24, 0x48, 0x83, 0xc6, 0x22, 0x48,
  0x89, 0xc1, 0x48, 0x69, 0xc0, 0x67, 0x66, 0x66, 0x66, 0x89, 0xcf, 0xc1,
  0xff, 0x1f, 0x48, 0xc1, 0xf8, 0x22, 0x29, 0xf8, 0x8d, 0x04, 0x80, 0x01,
  0xc0, 0x29, 0xc1, 0x48, 0x8d, 0x42, 0xde, 0x83, 0xc1, 0x30, 0x88, 0x4e,
  0xff, 0xeb, 0x21, 0x0f, 0x1f, 0x44, 0x00, 0x00, 0x48, 0x85, 0xd2, 0x75,
  0x31, 0x31, 0xc0, 0x5b, 0x5d, 0x41, 0x5c, 0x41, 0x5d, 0x41, 0x5e, 0xc3,
  0x0f, 0x1f, 0x84, 0x00, 0x00, 0x00, 0x00, 0x00, 0x48, 0x83, 0xc6, 0x09,
  0x45, 0x85, 0xe4, 0x74, 0x10, 0x48, 0x85, 0xc0, 0x74, 0x22, 0xc6, 0x06,
  0x5a, 0x48, 0x83, 0xe8, 0x01, 0x48, 0x83, 0xc6, 0x01, 0x48, 0x85, 0xc0,
  0x74, 0xcf, 0xc6, 0x06, 0x00, 0x31, 0xc0, 0x5b, 0x5d, 0x41, 0x5c, 0x41,
  0x5d, 0x41, 0x5e, 0xc3, 0x0f, 0x1f, 0x40, 0x00, 0x48, 0x8b, 0x05, 0xc1,
  0x40, 0x00, 0x00, 0x4c, 0x89, 0xea, 0x48, 0x8d, 0x35, 0xff, 0x15, 0x00,
  0x00, 0x48, 0x8b, 0x38, 0x31, 0xc0, 0xe8, 0x25, 0xc3, 0xff, 0xff, 0xb8,
  0xff, 0xff, 0xff, 0xff, 0xeb, 0x9d, 0x66, 0x0f, 0x1f, 0x44, 0x00, 0x00,
  0x48, 0x85, 0xff, 0x74, 0x90, 0xc6, 0x46, 0x03, 0x00, 0x31, 0xc0, 0xeb,
  0x8a, 0x0f, 0x1f, 0x00, 0x48, 0x85, 0xff, 0x74, 0x80, 0xc6, 0x46, 0x06,
  0x00, 0xe9, 0x77, 0xff, 0xff, 0xff, 0x66, 0x2e, 0x0f, 0x1f, 0x84, 0x00,
  0x00, 0x00, 0x00, 0x00, 0x48, 0x83, 0xc6, 0x0c, 0xe9, 0x7b, 0xff, 0xff,
  0xff, 0x0f, 0x1f, 0x80, 0x00, 0x00, 0x00, 0x00, 0x48, 0x83, 0xc6, 0x0f,
  0xe9, 0x6b, 0xff, 0xff, 0xff, 0x0f, 0x1f, 0x80, 0x00, 0x00, 0x00, 0x00,
  0x48, 0x83, 0xc6, 0x1f, 0xe9, 0x5b, 0xff, 0xff, 0xff, 0x0f, 0x1f, 0x80,
  0x00, 0x00, 0x00, 0x00, 0x48, 0x83, 0xc6, 0x13, 0xe9, 0x4b, 0xff, 0xff,
  0xff, 0x0f, 0x1f, 0x80, 0x00, 0x00, 0x00, 0x00, 0x48, 0x83, 0xc6, 0x16,
  0xe9, 0x3b, 0xff, 0xff, 0xff, 0x0f, 0x1f, 0x80, 0x00, 0x00, 0x00, 0x00,
  0x48, 0x83, 0xc6, 0x19, 0xe9, 0x2b, 0xff, 0xff, 0xff, 0x0f, 0x1f, 0x80,
  0x00, 0x00, 0x00, 0x00, 0x48, 0x83, 0xc6, 0x1c, 0xe9, 0x1b, 0xff, 0xff,
  0xff, 0x0f, 0x1f, 0x80, 0x00, 0x00, 0x00, 0x00, 0x41, 0x54, 0x49, 0x89,
  0xf4, 0xbe, 0x3c, 0x00, 0x00, 0x00, 0x55, 0x48, 0x89, 0xd5, 0x53, 0x8b,
  0x47, 0x10, 0x48, 0x89, 0xfb, 0x48, 0xc7, 0x02, 0x00, 0x00, 0x00, 0x00,
  0x48, 0x8b, 0x0f, 0x48, 0x8d, 0x15, 0x99, 0x15, 0x00, 0x00, 0x48, 0x83,
  0xec, 0x08, 0x50, 0x44, 0x8b, 0x4f, 0x0c, 0x31, 0xc0, 0x44, 0x8b, 0x47,
  0x08, 0x4c, 0x89, 0xe7, 0xe8, 0x53, 0xc1, 0xff, 0xff, 0x44, 0x8b, 0x4b,
  0x1c, 0x5a, 0x48, 0x98, 0x48, 0x03, 0x45, 0x00, 0x59, 0x48, 0x89, 0x45,
  0x00, 0x49, 0x8d, 0x3c, 0x04, 0x45, 0x85, 0xc9, 0x75, 0x5a, 0x44, 0x8b,
  0x43, 0x18, 0x8b, 0x4b, 0x14, 0x45, 0x85, 0xc0, 0x75, 0x2e, 0x85, 0xc9,
  0x74, 0x7a, 0x48, 0x8d, 0x15, 0x7b, 0x15, 0x00, 0x00, 0xbe, 0x06, 0x00,
  0x00, 0x00, 0x31, 0xc0, 0xe8, 0x17, 0xc1, 0xff, 0xff, 0x5b, 0x48, 0x98,
  0x48, 0x01, 0x45, 0x00, 0x31, 0xc0, 0x5d, 0x41, 0x5c, 0xc3, 0x66, 0x2e,
  0x0f, 0x1f, 0x84, 0x00, 0x00, 0x00, 0x00, 0x00, 0x48, 0x8d, 0x15, 0x46,
  0x15, 0x00, 0x00, 0xbe, 0x09, 0x00, 0x00, 0x00, 0x31, 0xc0, 0xe8, 0xed,
  0xc0, 0xff, 0xff, 0x5b, 0x48, 0x98, 0x48, 0x01, 0x45, 0x00, 0x31, 0xc0,
  0x5d, 0x41, 0x5c, 0xc3, 0x8b, 0x4b, 0x14, 0x44, 0x8b, 0x43, 0x18, 0x48,
  0x8d, 0x15, 0x10, 0x15, 0x00, 0x00, 0x31, 0xc0, 0xbe, 0x0c, 0x00, 0x00,
  0x00, 0xe8, 0xc6, 0xc0, 0xff, 0xff, 0x5b, 0x48, 0x98, 0x48, 0x01, 0x45,
  0x00, 0x31, 0xc0, 0x5d, 0x41, 0x5c, 0xc3, 0x66, 0x0f, 0x1f, 0x84, 0x00,
  0x00, 0x00, 0x00, 0x00, 0xb8, 0x53, 0x00, 0x00, 0x00, 0x66, 0x89, 0x07,
  0x31, 0xc0, 0x5b, 0x48, 0x83, 0x45, 0x00, 0x01, 0x5d, 0x41, 0x5c, 0xc3,
  0x66, 0x2e, 0x0f, 0x1f, 0x84, 0x00, 0x00, 0x00, 0x00, 0x00, 0x66, 0x90,
  0x83, 0xfe, 0x09, 0x74, 0x4b, 0x7f, 0x39, 0x83, 0xfe, 0x07, 0x74, 0x6c,
  0x83, 0xfe, 0x08, 0x0f, 0x85, 0x87, 0x00, 0x00, 0x00, 0x48, 0xba, 0xdb,
  0x34, 0xb6, 0xd7, 0x82, 0xde, 0x1b, 0x43, 0x48, 0x8b, 0x0f, 0x48, 0x89,
  0xc8, 0x48, 0xc1, 0xf9, 0x3f, 0x48, 0xf7, 0xea, 0x31, 0xc0, 0x48, 0xc1,
  0xfa, 0x12, 0x48, 0x29, 0xca, 0x48, 0x89, 0x17, 0xc3, 0x0f, 0x1f, 0x80,
  0x00, 0x00, 0x00, 0x00, 0x31, 0xc0, 0x83, 0xfe, 0x0a, 0x0f, 0x95, 0xc0,
  0xf7, 0xd8, 0xc3, 0x0f, 0x1f, 0x44, 0x00, 0x00, 0x48, 0xba, 0xcf, 0xf7,
  0x53, 0xe3, 0xa5, 0x9b, 0xc4, 0x20, 0x48, 0x8b, 0x0f, 0x48, 0x89, 0xc8,
  0x48, 0xc1, 0xf9, 0x3f, 0x48, 0xf7, 0xea, 0x31, 0xc0, 0x48, 0xc1, 0xfa,
  0x07, 0x48, 0x29, 0xca, 0x48, 0x89, 0x17, 0xc3, 0x0f, 0x1f, 0x40, 0x00,
  0x48, 0xba, 0xb3, 0x94, 0xd6, 0x26, 0xe8, 0x0b, 0x2e, 0x11, 0x48, 0x8b,
  0x0f, 0x48, 0x89, 0xc8, 0x48, 0xc1, 0xf9, 0x3f, 0x48, 0xf7, 0xea, 0x31,
  0xc0, 0x48, 0xc1, 0xfa, 0x1a, 0x48, 0x29, 0xca, 0x48, 0x89, 0x17, 0xc3,
  0x83, 0xc8, 0xff, 0xc3, 0x41, 0x55, 0x41, 0x54, 0x55, 0x89, 0xd5, 0x53,
  0x48, 0x89, 0xcb, 0x48, 0x83, 0xec, 0x38, 0x49, 0x89, 0xe5, 0x4c, 0x89,
  0xea, 0xe8, 0x56, 0xd2, 0xff, 0xff, 0x89, 0xee, 0x31, 0xff, 0xe8, 0xad,
  0xf4, 0xff, 0xff, 0x48, 0x63, 0xf8, 0x48, 0x89, 0x3b, 0xe8, 0xd2, 0xbf,
  0xff, 0xff, 0x49, 0x89, 0xc4, 0x48, 0x85, 0xc0, 0x74, 0x5a, 0x48, 0x8b,
  0x13, 0x31, 0xc9, 0x41, 0x89, 0xe8, 0x48, 0x89, 0xc6, 0x4c, 0x89, 0xef,
  0xe8, 0x87, 0xf5, 0xff, 0xff, 0x85, 0xc0, 0x75, 0x23, 0x4c, 0x89, 0xe7,
  0xe8, 0x6b, 0xbf, 0xff, 0xff, 0x48, 0x89, 0x03, 0x48, 0x83, 0xc4, 0x38,
  0x4c, 0x89, 0xe0, 0x5b, 0x5d, 0x41, 0x5c, 0x41, 0x5d, 0xc3, 0x66, 0x2e,
  0x0f, 0x1f, 0x84, 0x00, 0x00, 0x00, 0x00, 0x00, 0x48, 0x8b, 0x05, 0x01,
  0x3e, 0x00, 0x00, 0x48, 0x8d, 0x35, 0x0a, 0x14, 0x00, 0x00, 0x48, 0x8b,
  0x38, 0xe8, 0x5a, 0xbf, 0xff, 0xff, 0x4c, 0x89, 0xe7, 0xe8, 0xb2, 0xbf,
  0xff, 0xff, 0xeb, 0xbd, 0xe8, 0x1b, 0xbf, 0xff, 0xff, 0xeb, 0xc1, 0x66,
  0x0f, 0x1f, 0x84, 0x00, 0x00, 0x00, 0x00, 0x00, 0x41, 0x55, 0x49, 0x89,
  0xf5, 0xbe, 0x0a, 0x00, 0x00, 0x00, 0x41, 0x54, 0x55, 0x48, 0x83, 0xec,
  0x30, 0x48, 0x89, 0xe5, 0x48, 0x89, 0xea, 0xe8, 0x94, 0xd9, 0xff, 0xff,
  0xbf, 0x47, 0x00, 0x00, 0x00, 0xe8, 0x3a, 0xbf, 0xff, 0xff, 0x49, 0x89,
  0xc4, 0x48, 0x85, 0xc0, 0x74, 0x22, 0x4c, 0x89, 0xea, 0x48, 0x89, 0xc6,
  0x48, 0x89, 0xef, 0xe8, 0x84, 0xfd, 0xff, 0xff, 0x83, 0xf8, 0xff, 0x74,
  0x1f, 0x48, 0x83, 0xc4, 0x30, 0x4c, 0x89, 0xe0, 0x5d, 0x41, 0x5c, 0x41,
  0x5d, 0xc3, 0x66, 0x90, 0xe8, 0xbb, 0xbe, 0xff, 0xff, 0xeb, 0xea, 0x66,
  0x0f, 0x1f, 0x84, 0x00, 0x00, 0x00, 0x00, 0x00, 0x48, 0x8b, 0x05, 0x71,
  0x3d, 0x00, 0x00, 0x48, 0x8d, 0x35, 0xaa, 0x13, 0x00, 0x00, 0x48, 0x8b,
  0x38, 0xe8, 0xca, 0xbe, 0xff, 0xff, 0x4c, 0x89, 0xe7, 0x45, 0x31, 0xe4,
  0xe8, 0x1f, 0xbf, 0xff, 0xff, 0xeb, 0xbe, 0x66, 0x2e, 0x0f, 0x1f, 0x84,
  0x00, 0x00, 0x00, 0x00, 0x00, 0x0f, 0x1f, 0x00, 0x48, 0x83, 0xec, 0x08,
  0x48, 0x8d, 0x35, 0xa9, 0x13, 0x00, 0x00, 0xe8, 0xb0, 0xbf, 0xff, 0xff,
  0x48, 0x83, 0xc4, 0x08, 0x48, 0x89, 0xc7, 0xe9, 0x24, 0xbe, 0xff, 0xff,
  0x0f, 0x1f, 0x40, 0x00, 0x41, 0x54, 0x31, 0xf6, 0x48, 0x8d, 0x3d, 0xa6,
  0x13, 0x00, 0x00, 0x55, 0x48, 0x83, 0xec, 0x08, 0xe8, 0xeb, 0xbe, 0xff,
  0xff, 0xbf, 0x78, 0x00, 0x00, 0x00, 0xe8, 0x91, 0xbf, 0xff, 0xff, 0x48,
  0x85, 0xc0, 0x0f, 0x84, 0x36, 0x01, 0x00, 0x00, 0xf3, 0x0f, 0x7e, 0x05,
  0x68, 0x3d, 0x00, 0x00, 0x48, 0x89, 0xc5, 0x48, 0x8d, 0x15, 0xa6, 0xff,
  0xff, 0xff, 0x48, 0x8d, 0x35, 0x53, 0x13, 0x00, 0x00, 0x48, 0x89, 0xef,
  0x0f, 0x16, 0x05, 0x0d, 0x3d, 0x00, 0x00, 0x0f, 0x11, 0x00, 0x48, 0x8d,
  0x05, 0xab, 0x03, 0x00, 0x00, 0xf3, 0x0f, 0x7e, 0x05, 0xd3, 0x3c, 0x00,
  0x00, 0x66, 0x48, 0x0f, 0x6e, 0xc8, 0x48, 0x8d, 0x05, 0xd7, 0x04, 0x00,
  0x00, 0x66, 0x0f, 0x6c, 0xc1, 0x0f, 0x11, 0x45, 0x10, 0x66, 0x48, 0x0f,
  0x6e, 0xc0, 0x48, 0x8d, 0x05, 0xf3, 0x00, 0x00, 0x00, 0x0f, 0x16, 0x05,
  0xf4, 0x3c, 0x00, 0x00, 0x0f, 0x11, 0x45, 0x20, 0xf3, 0x0f, 0x7e, 0x05,
  0x90, 0x3c, 0x00, 0x00, 0x0f, 0x16, 0x05, 0xa9, 0x3c, 0x00, 0x00, 0x0f,
  0x11, 0x45, 0x30, 0x66, 0x48, 0x0f, 0x6e, 0xc0, 0x48, 0x8d, 0x05, 0x69,
  0xfc, 0xff, 0xff, 0x0f, 0x16, 0x05, 0x5a, 0x3c, 0x00, 0x00, 0x0f, 0x11,
  0x45, 0x40, 0xf3, 0x0f, 0x7e, 0x05, 0xee, 0x3c, 0x00, 0x00, 0x48, 0x89,
  0x45, 0x70, 0x0f, 0x16, 0x05, 0x4b, 0x3c, 0x00, 0x00, 0x0f, 0x11, 0x45,
  0x50, 0xf3, 0x0f, 0x7e, 0x05, 0xb7, 0x3c, 0x00, 0x00, 0x0f, 0x16, 0x05,
  0x60, 0x3c, 0x00, 0x00, 0x0f, 0x11, 0x45, 0x60, 0xe8, 0x9f, 0xbe, 0xff,
  0xff, 0x49, 0x89, 0xc4, 0x48, 0x85, 0xc0, 0x74, 0x66, 0x48, 0x8d, 0x3d,
  0xd8, 0x12, 0x00, 0x00, 0xe8, 0x5b, 0xbe, 0xff, 0xff, 0x48, 0x89, 0xc7,
  0x48, 0x85, 0xc0, 0x74, 0x2b, 0x4c, 0x89, 0xe2, 0x48, 0x8d, 0x35, 0x94,
  0x12, 0x00, 0x00, 0xe8, 0x64, 0xbe, 0xff, 0xff, 0x85, 0xc0, 0x78, 0x0a,
  0x31, 0xc0, 0x48, 0x83, 0xc4, 0x08, 0x5d, 0x41, 0x5c, 0xc3, 0x49, 0x83,
  0x2c, 0x24, 0x01, 0x74, 0x24, 0xb8, 0xff, 0xff, 0xff, 0xff, 0xeb, 0xea,
  0x48, 0x8b, 0x05, 0x51, 0x3c, 0x00, 0x00, 0x48, 0x8d, 0x35, 0x52, 0x13,
  0x00, 0x00, 0x48, 0x8b, 0x38, 0xe8, 0x52, 0xbd, 0xff, 0xff, 0x49, 0x83,
  0x2c, 0x24, 0x01, 0x75, 0xdc, 0x4c, 0x89, 0xe7, 0xe8, 0xf3, 0xbc, 0xff,
  0xff, 0xeb, 0xd2, 0x48, 0x89, 0xef, 0xe8, 0xc9, 0xbc, 0xff, 0xff, 0xb8,
  0xff, 0xff, 0xff, 0xff, 0xeb, 0xb4, 0xe8, 0xfd, 0xbc, 0xff, 0xff, 0xb8,
  0xff, 0xff, 0xff, 0xff, 0xeb, 0xa8, 0x66, 0x0f, 0x1f, 0x44, 0x00, 0x00,
  0x48, 0x8b, 0x05, 0x39, 0x0f, 0x00, 0x00, 0x66, 0x0f, 0xef, 0xc0, 0x41,
  0x56, 0x41, 0x55, 0x41, 0x54, 0x49, 0x89, 0xfc, 0x55, 0x48, 0x89, 0xf5,
  0x53, 0x0f, 0x11, 0x06, 0x48, 0xc7, 0x46, 0x20, 0x00, 0x00, 0x00, 0x00,
  0x48, 0x89, 0x46, 0x08, 0x0f, 0x11, 0x46, 0x10, 0x48, 0x8d, 0x35, 0x2c,
  0x12, 0x00, 0x00, 0xe8, 0x88, 0xbc, 0xff, 0xff, 0x48, 0x89, 0xc7, 0xe8,
  0x90, 0xbd, 0xff, 0xff, 0x48, 0x8d, 0x35, 0x1d, 0x12, 0x00, 0x00, 0x4c,
  0x89, 0xe7, 0x48, 0x89, 0x45, 0x00, 0xe8, 0x6d, 0xbc, 0xff, 0xff, 0x48,
  0x89, 0xc7, 0xe8, 0x75, 0xbd, 0xff, 0xff, 0x48, 0x8d, 0x35, 0x08, 0x12,
  0x00, 0x00, 0x4c, 0x89, 0xe7, 0x89, 0x45, 0x08, 0xe8, 0x53, 0xbc, 0xff,
  0xff, 0x48, 0x89, 0xc7, 0xe8, 0x5b, 0xbd, 0xff, 0xff, 0x48, 0x8d, 0x35,
  0xf2, 0x11, 0x00, 0x00, 0x4c, 0x89, 0xe7, 0x89, 0x45, 0x0c, 0xe8, 0x59,
  0xbc, 0xff, 0xff, 0x85, 0xc0, 0x75, 0x15, 0x45, 0x31, 0xe4, 0x5b, 0x44,
  0x89, 0xe0, 0x5d, 0x41, 0x5c, 0x41, 0x5d, 0x41, 0x5e, 0xc3, 0x66, 0x0f,
  0x1f, 0x44, 0x00, 0x00, 0x48, 0x8d, 0x35, 0xcc, 0x11, 0x00, 0x00, 0x4c,
  0x89, 0xe7, 0xe8, 0x31, 0xbc, 0xff, 0xff, 0x85, 0xc0, 0x74, 0xd8, 0x48,
  0x8d, 0x35, 0xc5, 0x11, 0x00, 0x00, 0x4c, 0x89, 0xe7, 0xe8, 0x1e, 0xbc,
  0xff, 0xff, 0x85, 0xc0, 0x74, 0xc5, 0x48, 0x8d, 0x35, 0xad, 0x11, 0x00,
  0x00, 0x4c, 0x89, 0xe7, 0xe8, 0x0b, 0xbc, 0xff, 0xff, 0x85, 0xc0, 0x74,
  0xb2, 0x48, 0x8d, 0x35, 0x8e, 0x11, 0x00, 0x00, 0x4c, 0x89, 0xe7, 0xe8,
  0xd8, 0xbb, 0xff, 0xff, 0x48, 0x89, 0xc7, 0xe8, 0xe0, 0xbc, 0xff, 0xff,
  0x48, 0x8d, 0x35, 0x7c, 0x11, 0x00, 0x00, 0x4c, 0x89, 0xe7, 0x89, 0x45,
  0x10, 0xe8, 0xbe, 0xbb, 0xff, 0xff, 0x48, 0x89, 0xc7, 0xe8, 0xc6, 0xbc,
  0xff, 0xff, 0x48, 0x8d, 0x35, 0x6e, 0x11, 0x00, 0x00, 0x4c, 0x89, 0xe7,
  0x89, 0x45, 0x14, 0xe8, 0xa4, 0xbb, 0xff, 0xff, 0x48, 0x89, 0xc7, 0xe8,
  0xac, 0xbc, 0xff, 0xff, 0x48, 0x8d, 0x35, 0x4f, 0x11, 0x00, 0x00, 0x4c,
  0x89, 0xe7, 0x89, 0x45, 0x18, 0xe8, 0x8a, 0xbb, 0xff, 0xff, 0x48, 0x89,
  0xc7, 0xe8, 0x92, 0xbc, 0xff, 0xff, 0x48, 0x8d, 0x35, 0xfb, 0x0a, 0x00,
  0x00, 0x4c, 0x89, 0xe7, 0x89, 0x45, 0x1c, 0xe8, 0x90, 0xbb, 0xff, 0xff,
  0x85, 0xc0, 0x0f, 0x84, 0x33, 0xff, 0xff, 0xff, 0x4c, 0x89, 0xe7, 0xe8,
  0x20, 0xcb, 0xff, 0xff, 0x49, 0x89, 0xc4, 0x48, 0x85, 0xc0, 0x0f, 0x84,
  0x1f, 0xff, 0xff, 0xff, 0x48, 0x3b, 0x05, 0x7d, 0x3a, 0x00, 0x00, 0x0f,
  0x84, 0x86, 0x00, 0x00, 0x00, 0x48, 0x89, 0xc7, 0x48, 0x8d, 0x15, 0xd2,
  0x0f, 0x00, 0x00, 0x31, 0xc0, 0x48, 0x8d, 0x35, 0xfa, 0x10, 0x00, 0x00,
  0xe8, 0x5f, 0xbc, 0xff, 0xff, 0x49, 0x83, 0x2c, 0x24, 0x01, 0x49, 0x89,
  0xc5, 0x74, 0x7e, 0x4d, 0x85, 0xed, 0x0f, 0x84, 0xad, 0x00, 0x00, 0x00,
  0x4c, 0x89, 0xef, 0xe8, 0x64, 0xbb, 0xff, 0xff, 0x49, 0x89, 0xc6, 0x48,
  0x85, 0xc0, 0x0f, 0x84, 0xa2, 0x00, 0x00, 0x00, 0x48, 0x89, 0xc7, 0xe8,
  0x10, 0xbc, 0xff, 0xff, 0x48, 0x89, 0xc3, 0x41, 0x89, 0xc4, 0x83, 0xf8,
  0xff, 0x74, 0x6f, 0x49, 0x83, 0x2e, 0x01, 0x74, 0x5f, 0x49, 0x83, 0x6d,
  0x00, 0x01, 0x74, 0x4e, 0x48, 0x63, 0xc3, 0x89, 0xde, 0x48, 0x89, 0xef,
  0x48, 0x69, 0xc0, 0x89, 0x88, 0x88, 0x88, 0xc1, 0xfe, 0x1f, 0x48, 0xc1,
  0xe8, 0x20, 0x01, 0xd8, 0xc1, 0xf8, 0x05, 0x29, 0xc6, 0xe8, 0x16, 0xc1,
  0xff, 0xff, 0xe9, 0x8c, 0xfe, 0xff, 0xff, 0x48, 0x83, 0x28, 0x01, 0x0f,
  0x85, 0x82, 0xfe, 0xff, 0xff, 0x48, 0x89, 0xc7, 0x45, 0x31, 0xe4, 0xe8,
  0xbc, 0xba, 0xff, 0xff, 0xe9, 0x75, 0xfe, 0xff, 0xff, 0x4c, 0x89, 0xe7,
  0xe8, 0xaf, 0xba, 0xff, 0xff, 0xe9, 0x75, 0xff, 0xff, 0xff, 0x4c, 0x89,
  0xef, 0xe8, 0xa2, 0xba, 0xff, 0xff, 0xeb, 0xa8, 0x4c, 0x89, 0xf7, 0xe8,
  0x98, 0xba, 0xff, 0xff, 0xeb, 0x97, 0xe8, 0x81, 0xbb, 0xff, 0xff, 0x48,
  0x85, 0xc0, 0x74, 0x87, 0x49, 0x83, 0x2e, 0x01, 0x74, 0x2e, 0x49, 0x83,
  0x6d, 0x00, 0x01, 0x74, 0x1a, 0x41, 0x83, 0xcc, 0xff, 0xe9, 0x34, 0xfe,
  0xff, 0xff, 0x49, 0x83, 0x6d, 0x00, 0x01, 0x75, 0xf0, 0x4c, 0x89, 0xef,
  0xe8, 0x67, 0xba, 0xff, 0xff, 0xeb, 0xe6, 0x4c, 0x89, 0xef, 0xe8, 0x5d,
  0xba, 0xff, 0xff, 0xe9, 0x16, 0xfe, 0xff, 0xff, 0x4c, 0x89, 0xf7, 0xe8,
  0x50, 0xba, 0xff, 0xff, 0xeb, 0xc8, 0x66, 0x66, 0x2e, 0x0f, 0x1f, 0x84,
  0x00, 0x00, 0x00, 0x00, 0x00, 0x0f, 0x1f, 0x00, 0x41, 0x56, 0x41, 0x55,
  0x41, 0x89, 0xf5, 0x41, 0x54, 0x55, 0x48, 0x89, 0xfd, 0x53, 0x48, 0x89,
  0xd3, 0x48, 0x83, 0xec, 0x40, 0x4c, 0x8d, 0x74, 0x24, 0x10, 0x4c, 0x89,
  0xf6, 0xe8, 0x4e, 0xfd, 0xff, 0xff, 0x85, 0xc0, 0x0f, 0x85, 0x9e, 0x00,
  0x00, 0x00, 0x44, 0x89, 0xee, 0x31, 0xff, 0xe8, 0x4c, 0xef, 0xff, 0xff,
  0x48, 0x63, 0xf8, 0x48, 0x89, 0x3b, 0xe8, 0x71, 0xba, 0xff, 0xff, 0x48,
  0x8d, 0x35, 0x6a, 0x09, 0x00, 0x00, 0x48, 0x89, 0xef, 0x49, 0x89, 0xc4,
  0xe8, 0xff, 0xb9, 0xff, 0xff, 0x89, 0xc1, 0x85, 0xc0, 0x75, 0x39, 0x48,
  0x8b, 0x13, 0x45, 0x89, 0xe8, 0x4c, 0x89, 0xe6, 0x4c, 0x89, 0xf7, 0xe8,
  0x18, 0xf0, 0xff, 0xff, 0x85, 0xc0, 0x0f, 0x85, 0x80, 0x00, 0x00, 0x00,
  0x4c, 0x89, 0xe7, 0xe8, 0xf8, 0xb9, 0xff, 0xff, 0x48, 0x89, 0x03, 0x48,
  0x83, 0xc4, 0x40, 0x4c, 0x89, 0xe0, 0x5b, 0x5d, 0x41, 0x5c, 0x41, 0x5d,
  0x41, 0x5e, 0xc3, 0x0f, 0x1f, 0x44, 0x00, 0x00, 0x48, 0x89, 0xef, 0xe8,
  0x58, 0xc9, 0xff, 0xff, 0x48, 0x89, 0xc7, 0x48, 0x85, 0xc0, 0x74, 0x66,
  0x31, 0xc9, 0x48, 0x3b, 0x05, 0xb7, 0x38, 0x00, 0x00, 0x0f, 0x95, 0xc1,
  0x48, 0x83, 0x28, 0x01, 0x75, 0xa5, 0x89, 0x4c, 0x24, 0x0c, 0xe8, 0x85,
  0xb9, 0xff, 0xff, 0x8b, 0x4c, 0x24, 0x0c, 0xeb, 0x96, 0x0f, 0x1f, 0x80,
  0x00, 0x00, 0x00, 0x00, 0xe8, 0x63, 0xba, 0xff, 0xff, 0x49, 0x89, 0xc4,
  0x48, 0x85, 0xc0, 0x74, 0x4b, 0x48, 0x83, 0xc4, 0x40, 0x45, 0x31, 0xe4,
  0x5b, 0x4c, 0x89, 0xe0, 0x5d, 0x41, 0x5c, 0x41, 0x5d, 0x41, 0x5e, 0xc3,
  0x0f, 0x1f, 0x84, 0x00, 0x00, 0x00, 0x00, 0x00, 0x48, 0x8b, 0x05, 0x31,
  0x38, 0x00, 0x00, 0x48, 0x8d, 0x35, 0x3a, 0x0e, 0x00, 0x00, 0x48, 0x8b,
  0x38, 0xe8, 0x8a, 0xb9, 0xff, 0xff, 0x4c, 0x89, 0xe7, 0x45, 0x31, 0xe4,
  0xe8, 0xdf, 0xb9, 0xff, 0xff, 0xe9, 0x65, 0xff, 0xff, 0xff, 0x66, 0x2e,
  0x0f, 0x1f, 0x84, 0x00, 0x00, 0x00, 0x00, 0x00, 0x48, 0x8b, 0x05, 0x01,
  0x38, 0x00, 0x00, 0x48, 0x8d, 0x35, 0x8a, 0x0f, 0x00, 0x00, 0x48, 0x8b,
  0x38, 0xe8, 0x5a, 0xb9, 0xff, 0xff, 0xe9, 0x40, 0xff, 0xff, 0xff, 0x0f,
  0x1f, 0x44, 0x00, 0x00, 0x41, 0x54, 0x41, 0x89, 0xf4, 0x55, 0x48, 0x83,
  0xec, 0x48, 0x48, 0x8d, 0x6c, 0x24, 0x10, 0x48, 0x89, 0xee, 0xe8, 0x19,
  0xfc, 0xff, 0xff, 0x85, 0xc0, 0x74, 0x0a, 0xe8, 0xd0, 0xb9, 0xff, 0xff,
  0x48, 0x85, 0xc0, 0x74, 0x31, 0x48, 0x89, 0xee, 0xbf, 0x0a, 0x00, 0x00,
  0x00, 0xe8, 0xfe, 0xc8, 0xff, 0xff, 0x48, 0x8d, 0x7c, 0x24, 0x08, 0x44,
  0x89, 0xe6, 0x48, 0x89, 0x44, 0x24, 0x08, 0xe8, 0x8c, 0xf8, 0xff, 0xff,
  0x83, 0xf8, 0xff, 0x74, 0x2c, 0x48, 0x8b, 0x44, 0x24, 0x08, 0x48, 0x83,
  0xc4, 0x48, 0x5d, 0x41, 0x5c, 0xc3, 0x48, 0x8b, 0x05, 0x8b, 0x37, 0x00,
  0x00, 0x48, 0x8d, 0x35, 0x14, 0x0f, 0x00, 0x00, 0x48, 0x8b, 0x38, 0xe8,
  0xe4, 0xb8, 0xff, 0xff, 0x48, 0xc7, 0xc0, 0xff, 0xff, 0xff, 0xff, 0xeb,
  0xd9, 0x48, 0x8b, 0x05, 0x6c, 0x37, 0x00, 0x00, 0x48, 0x8b, 0x54, 0x24,
  0x08, 0x44, 0x89, 0xe1, 0x48, 0x8d, 0x35, 0x1d, 0x0f, 0x00, 0x00, 0x48,
  0x8b, 0x38, 0x31, 0xc0, 0xe8, 0xbb, 0xb9, 0xff, 0xff, 0x48, 0xc7, 0xc0,
  0xff, 0xff, 0xff, 0xff, 0xeb, 0xb0, 0x66, 0x90, 0x41, 0x54, 0x31, 0xf6,
  0x48, 0x8d, 0x3d, 0xc6, 0x0d, 0x00, 0x00, 0x55, 0x48, 0x83, 0xec, 0x08,
  0xe8, 0x0b, 0xb9, 0xff, 0xff, 0x48, 0x8d, 0x3d, 0x08, 0x0e, 0x00, 0x00,
  0xe8, 0x4f, 0xb9, 0xff, 0xff, 0x49, 0x89, 0xc4, 0x48, 0x85, 0xc0, 0x0f,
  0x84, 0xdb, 0x00, 0x00, 0x00, 0x48, 0x8d, 0x35, 0x2b, 0x0e, 0x00, 0x00,
  0x4c, 0x89, 0xe7, 0xe8, 0x14, 0xb8, 0xff, 0xff, 0x49, 0x83, 0x2c, 0x24,
  0x01, 0x48, 0x89, 0xc5, 0x0f, 0x84, 0x96, 0x00, 0x00, 0x00, 0x48, 0x85,
  0xed, 0x0f, 0x84, 0xc8, 0x00, 0x00, 0x00, 0x48, 0x8b, 0x05, 0x36, 0x37,
  0x00, 0x00, 0x48, 0x39, 0x45, 0x08, 0x0f, 0x85, 0xfc, 0x00, 0x00, 0x00,
  0x31, 0xf6, 0x48, 0x89, 0xef, 0xe8, 0x52, 0xb9, 0xff, 0xff, 0x48, 0x89,
  0x05, 0x2b, 0x39, 0x00, 0x00, 0x48, 0x83, 0x6d, 0x00, 0x01, 0x74, 0x74,
  0x48, 0x85, 0xc0, 0x0f, 0x84, 0x82, 0x01, 0x00, 0x00, 0xff, 0x10, 0x3d,
  0x00, 0x00, 0x00, 0x02, 0x48, 0x8b, 0x05, 0x0d, 0x39, 0x00, 0x00, 0x0f,
  0x87, 0xee, 0x00, 0x00, 0x00, 0xff, 0x90, 0x98, 0x06, 0x00, 0x00, 0x89,
  0x05, 0xf3, 0x38, 0x00, 0x00, 0x83, 0xf8, 0x0d, 0x0f, 0x8e, 0x35, 0x01,
  0x00, 0x00, 0x48, 0x8b, 0x05, 0xeb, 0x38, 0x00, 0x00, 0xff, 0x90, 0x90,
  0x06, 0x00, 0x00, 0x85, 0xc0, 0x0f, 0x84, 0x05, 0x01, 0x00, 0x00, 0x83,
  0xf8, 0x01, 0x0f, 0x85, 0xe1, 0x00, 0x00, 0x00, 0x48, 0x83, 0xc4, 0x08,
  0x48, 0x8d, 0x3d, 0x19, 0x38, 0x00, 0x00, 0x5d, 0x41, 0x5c, 0xe9, 0x41,
  0xb7, 0xff, 0xff, 0x90, 0x4c, 0x89, 0xe7, 0xe8, 0x78, 0xb7, 0xff, 0xff,
  0xe9, 0x5d, 0xff, 0xff, 0xff, 0x0f, 0x1f, 0x00, 0x48, 0x89, 0xef, 0xe8,
  0x68, 0xb7, 0xff, 0xff, 0x48, 0x8b, 0x05, 0xa1, 0x38, 0x00, 0x00, 0xe9,
  0x78, 0xff, 0xff, 0xff, 0x0f, 0x1f, 0x40, 0x00, 0x48, 0x8b, 0x05, 0x79,
  0x36, 0x00, 0x00, 0x48, 0x8b, 0x38, 0xe8, 0xe9, 0xb7, 0xff, 0xff, 0x85,
  0xc0, 0x75, 0x25, 0xe8, 0xd0, 0xb7, 0xff, 0xff, 0x48, 0x8b, 0x05, 0x79,
  0x36, 0x00, 0x00, 0x48, 0x8d, 0x35, 0x6a, 0x10, 0x00, 0x00, 0x48, 0x8b,
  0x38, 0xe8, 0x7a, 0xb7, 0xff, 0xff, 0x48, 0x83, 0xc4, 0x08, 0x31, 0xc0,
  0x5d, 0x41, 0x5c, 0xc3, 0xe8, 0xeb, 0xb7, 0xff, 0xff, 0x48, 0x8d, 0x3d,
  0xf6, 0x0c, 0x00, 0x00, 0xe8, 0x1f, 0xb8, 0xff, 0xff, 0x49, 0x89, 0xc4,
  0x48, 0x85, 0xc0, 0x0f, 0x85, 0xd0, 0xfe, 0xff, 0xff, 0xeb, 0xbc, 0x90,
  0x48, 0x8b, 0x05, 0xd1, 0x35, 0x00, 0x00, 0x48, 0x8d, 0x35, 0xda, 0x0d,
  0x00, 0x00, 0x48, 0x8b, 0x38, 0xe8, 0x3a, 0xb7, 0xff, 0xff, 0x48, 0x83,
  0x6d, 0x00, 0x01, 0x75, 0x9e, 0x48, 0x89, 0xef, 0xe8, 0xdb, 0xb6, 0xff,
  0xff, 0xeb, 0x94, 0xff, 0x10, 0xba, 0x00, 0x00, 0x00, 0x02, 0x48, 0x8d,
  0x35, 0xdb, 0x0d, 0x00, 0x00, 0x89, 0xc1, 0x48, 0x8b, 0x05, 0x9a, 0x35,
  0x00, 0x00, 0x48, 0x8b, 0x38, 0x31, 0xc0, 0xe8, 0x08, 0xb8, 0xff, 0xff,
  0xe9, 0x6e, 0xff, 0xff, 0xff, 0x48, 0x8b, 0x05, 0x84, 0x35, 0x00, 0x00,
  0x48, 0x8d, 0x35, 0x85, 0x0f, 0x00, 0x00, 0x48, 0x8b, 0x38, 0xe8, 0xed,
  0xb6, 0xff, 0xff, 0xe9, 0x53, 0xff, 0xff, 0xff, 0x48, 0x8b, 0x05, 0x69,
  0x35, 0x00, 0x00, 0x48, 0x8d, 0x35, 0x3a, 0x0f, 0x00, 0x00, 0x48, 0x8b,
  0x38, 0xe8, 0xd2, 0xb6, 0xff, 0xff, 0xe9, 0x38, 0xff, 0xff, 0xff, 0x89,
  0xc1, 0x48, 0x8b, 0x05, 0x4c, 0x35, 0x00, 0x00, 0xba, 0x0e, 0x00, 0x00,
  0x00, 0x48, 0x8d, 0x35, 0xc8, 0x0d, 0x00, 0x00, 0x48, 0x8b, 0x38, 0x31,
  0xc0, 0xe8, 0xae, 0xb7, 0xff, 0xff, 0xe9, 0x14, 0xff, 0xff, 0xff, 0x48,
  0x8b, 0x05, 0x2a, 0x35, 0x00, 0x00, 0x48, 0x8d, 0x35, 0x55, 0x0c, 0x00,
  0x00, 0x48, 0x8b, 0x38, 0xe8, 0x93, 0xb6, 0xff, 0xff, 0xe9, 0xf9, 0xfe,
  0xff, 0xff, 0x00, 0x00, 0x48, 0x83, 0xec, 0x08, 0x48, 0x83, 0xc4, 0x08,
  0xc3, 0x00, 0x00, 0x00, 0x00, 0x00, 0x00, 0x00, 0x00, 0x00, 0x00, 0x00,
  0x00, 0x00, 0x00, 0x00, 0x00, 0x00, 0x00, 0x00, 0x00, 0x00, 0x00, 0x00,
  0x00, 0x00, 0x00, 0x00, 0x00, 0x00, 0x00, 0x00, 0x00, 0x00, 0x00, 0x00,
  0x00, 0x00, 0x00, 0x00, 0x00, 0x00, 0x00, 0x00, 0x00, 0x00, 0x00, 0x00,
  0x00, 0x00, 0x00, 0x00, 0x00, 0x00, 0x00, 0x00, 0x00, 0x00, 0x00, 0x00,
  0x00, 0x00, 0x00, 0x00, 0x00, 0x00, 0x00, 0x00, 0x00, 0x00, 0x00, 0x00,
  0x00, 0x00, 0x00, 0x00, 0x00, 0x00, 0x00, 0x00, 0x00, 0x00, 0x00, 0x00,
  0x00, 0x00, 0x00, 0x00, 0x00, 0x00, 0x00, 0x00, 0x00, 0x00, 0x00, 0x00,
  0x00, 0x00, 0x00, 0x00, 0x00, 0x00, 0x00, 0x00, 0x00, 0x00, 0x00, 0x00,
  0x00, 0x00, 0x00, 0x00, 0x00, 0x00, 0x00, 0x00, 0x00, 0x00, 0x00, 0x00,
  0x00, 0x00, 0x00, 0x00, 0x00, 0x00, 0x00, 0x00, 0x00, 0x00, 0x00, 0x00,
  0x00, 0x00, 0x00, 0x00, 0x00, 0x00, 0x00, 0x00, 0x00, 0x00, 0x00, 0x00,
  0x00, 0x00, 0x00, 0x00, 0x00, 0x00, 0x00, 0x00, 0x00, 0x00, 0x00, 0x00,
  0x00, 0x00, 0x00, 0x00, 0x00, 0x00, 0x00, 0x00, 0x00, 0x00, 0x00, 0x00,
  0x00, 0x00, 0x00, 0x00, 0x00, 0x00, 0x00, 0x00, 0x00, 0x00, 0x00, 0x00,
  0x00, 0x00, 0x00, 0x00, 0x00, 0x00, 0x00, 0x00, 0x00, 0x00, 0x00, 0x00,
  0x00, 0x00, 0x00, 0x00, 0x00, 0x00, 0x00, 0x00, 0x00, 0x00, 0x00, 0x00,
  0x00, 0x00, 0x00, 0x00, 0x00, 0x00, 0x00, 0x00, 0x00, 0x00, 0x00, 0x00,
  0x00, 0x00, 0x00, 0x00, 0x00, 0x00, 0x00, 0x00, 0x00, 0x00, 0x00, 0x00,
  0x00, 0x00, 0x00, 0x00, 0x00, 0x00, 0x00, 0x00, 0x00, 0x00, 0x00, 0x00,
  0x00, 0x00, 0x00, 0x00, 0x00, 0x00, 0x00, 0x00, 0x00, 0x00, 0x00, 0x00,
  0x00, 0x00, 0x00, 0x00, 0x00, 0x00, 0x00, 0x00, 0x00, 0x00, 0x00, 0x00,
  0x00, 0x00, 0x00, 0x00, 0x00, 0x00, 0x00, 0x00, 0x00, 0x00, 0x00, 0x00,
  0x00, 0x00, 0x00, 0x00, 0x00, 0x00, 0x00, 0x00, 0x00, 0x00, 0x00, 0x00,
  0x00, 0x00, 0x00, 0x00, 0x00, 0x00, 0x00, 0x00, 0x00, 0x00, 0x00, 0x00,
  0x00, 0x00, 0x00, 0x00, 0x00, 0x00, 0x00, 0x00, 0x00, 0x00, 0x00, 0x00,
  0x00, 0x00, 0x00, 0x00, 0x00, 0x00, 0x00, 0x00, 0x00, 0x00, 0x00, 0x00,
  0x00, 0x00, 0x00, 0x00, 0x00, 0x00, 0x00, 0x00, 0x00, 0x00, 0x00, 0x00,
  0x00, 0x00, 0x00, 0x00, 0x00, 0x00, 0x00, 0x00, 0x00, 0x00, 0x00, 0x00,
  0x00, 0x00, 0x00, 0x00, 0x00, 0x00, 0x00, 0x00, 0x00, 0x00, 0x00, 0x00,
  0x00, 0x00, 0x00, 0x00, 0x00, 0x00, 0x00, 0x00, 0x00, 0x00, 0x00, 0x00,
  0x00, 0x00, 0x00, 0x00, 0x00, 0x00, 0x00, 0x00, 0x00, 0x00, 0x00, 0x00,
  0x00, 0x00, 0x00, 0x00, 0x00, 0x00, 0x00, 0x00, 0x00, 0x00, 0x00, 0x00,
  0x00, 0x00, 0x00, 0x00, 0x00, 0x00, 0x00, 0x00, 0x00, 0x00, 0x00, 0x00,
  0x00, 0x00, 0x00, 0x00, 0x00, 0x00, 0x00, 0x00, 0x00, 0x00, 0x00, 0x00,
  0x00, 0x00, 0x00, 0x00, 0x00, 0x00, 0x00, 0x00, 0x00, 0x00, 0x00, 0x00,
  0x00, 0x00, 0x00, 0x00, 0x00, 0x00, 0x00, 0x00, 0x00, 0x00, 0x00, 0x00,
  0x00, 0x00, 0x00, 0x00, 0x00, 0x00, 0x00, 0x00, 0x00, 0x00, 0x00, 0x00,
  0x00, 0x00, 0x00, 0x00, 0x00, 0x00, 0x00, 0x00, 0x00, 0x00, 0x00, 0x00,
  0x00, 0x00, 0x00, 0x00, 0x00, 0x00, 0x00, 0x00, 0x00, 0x00, 0x00, 0x00,
  0x00, 0x00, 0x00, 0x00, 0x00, 0x00, 0x00, 0x00, 0x00, 0x00, 0x00, 0x00,
  0x00, 0x00, 0x00, 0x00, 0x00, 0x00, 0x00, 0x00, 0x00, 0x00, 0x00, 0x00,
  0x00, 0x00, 0x00, 0x00, 0x00, 0x00, 0x00, 0x00, 0x00, 0x00, 0x00, 0x00,
  0x00, 0x00, 0x00, 0x00, 0x00, 0x00, 0x00, 0x00, 0x00, 0x00, 0x00, 0x00,
  0x00, 0x00, 0x00, 0x00, 0x00, 0x00, 0x00, 0x00, 0x00, 0x00, 0x00, 0x00,
  0x00, 0x00, 0x00, 0x00, 0x00, 0x00, 0x00, 0x00, 0x00, 0x00, 0x00, 0x00,
  0x00, 0x00, 0x00, 0x00, 0x00, 0x00, 0x00, 0x00, 0x00, 0x00, 0x00, 0x00,
  0x00, 0x00, 0x00, 0x00, 0x00, 0x00, 0x00, 0x00, 0x00, 0x00, 0x00, 0x00,
  0x00, 0x00, 0x00, 0x00, 0x00, 0x00, 0x00, 0x00, 0x00, 0x00, 0x00, 0x00,
  0x00, 0x00, 0x00, 0x00, 0x00, 0x00, 0x00, 0x00, 0x00, 0x00, 0x00, 0x00,
  0x00, 0x00, 0x00, 0x00, 0x00, 0x00, 0x00, 0x00, 0x00, 0x00, 0x00, 0x00,
  0x00, 0x00, 0x00, 0x00, 0x00, 0x00, 0x00, 0x00, 0x00, 0x00, 0x00, 0x00,
  0x00, 0x00, 0x00, 0x00, 0x00, 0x00, 0x00, 0x00, 0x00, 0x00, 0x00, 0x00,
  0x00, 0x00, 0x00, 0x00, 0x00, 0x00, 0x00, 0x00, 0x00, 0x00, 0x00, 0x00,
  0x00, 0x00, 0x00, 0x00, 0x00, 0x00, 0x00, 0x00, 0x00, 0x00, 0x00, 0x00,
  0x00, 0x00, 0x00, 0x00, 0x00, 0x00, 0x00, 0x00, 0x00, 0x00, 0x00, 0x00,
  0x00, 0x00, 0x00, 0x00, 0x00, 0x00, 0x00, 0x00, 0x00, 0x00, 0x00, 0x00,
  0x00, 0x00, 0x00, 0x00, 0x00, 0x00, 0x00, 0x00, 0x00, 0x00, 0x00, 0x00,
  0x00, 0x00, 0x00, 0x00, 0x00, 0x00, 0x00, 0x00, 0x00, 0x00, 0x00, 0x00,
  0x00, 0x00, 0x00, 0x00, 0x00, 0x00, 0x00, 0x00, 0x00, 0x00, 0x00, 0x00,
  0x00, 0x00, 0x00, 0x00, 0x00, 0x00, 0x00, 0x00, 0x00, 0x00, 0x00, 0x00,
  0x00, 0x00, 0x00, 0x00, 0x00, 0x00, 0x00, 0x00, 0x00, 0x00, 0x00, 0x00,
  0x00, 0x00, 0x00, 0x00, 0x00, 0x00, 0x00, 0x00, 0x00, 0x00, 0x00, 0x00,
  0x00, 0x00, 0x00, 0x00, 0x00, 0x00, 0x00, 0x00, 0x00, 0x00, 0x00, 0x00,
  0x00, 0x00, 0x00, 0x00, 0x00, 0x00, 0x00, 0x00, 0x00, 0x00, 0x00, 0x00,
  0x00, 0x00, 0x00, 0x00, 0x00, 0x00, 0x00, 0x00, 0x00, 0x00, 0x00, 0x00,
  0x00, 0x00, 0x00, 0x00, 0x00, 0x00, 0x00, 0x00, 0x00, 0x00, 0x00, 0x00,
  0x00, 0x00, 0x00, 0x00, 0x00, 0x00, 0x00, 0x00, 0x00, 0x00, 0x00, 0x00,
  0x00, 0x00, 0x00, 0x00, 0x00, 0x00, 0x00, 0x00, 0x00, 0x00, 0x00, 0x00,
  0x00, 0x00, 0x00, 0x00, 0x00, 0x00, 0x00, 0x00, 0x00, 0x00, 0x00, 0x00,
  0x00, 0x00, 0x00, 0x00, 0x00, 0x00, 0x00, 0x00, 0x00, 0x00, 0x00, 0x00,
  0x00, 0x00, 0x00, 0x00, 0x00, 0x00, 0x00, 0x00, 0x00, 0x00, 0x00, 0x00,
  0x00, 0x00, 0x00, 0x00, 0x00, 0x00, 0x00, 0x00, 0x00, 0x00, 0x00, 0x00,
  0x00, 0x00, 0x00, 0x00, 0x00, 0x00, 0x00, 0x00, 0x00, 0x00, 0x00, 0x00,
  0x00, 0x00, 0x00, 0x00, 0x00, 0x00, 0x00, 0x00, 0x00, 0x00, 0x00, 0x00,
  0x00, 0x00, 0x00, 0x00, 0x00, 0x00, 0x00, 0x00, 0x00, 0x00, 0x00, 0x00,
  0x00, 0x00, 0x00, 0x00, 0x00, 0x00, 0x00, 0x00, 0x00, 0x00, 0x00, 0x00,
  0x00, 0x00, 0x00, 0x00, 0x00, 0x00, 0x00, 0x00, 0x00, 0x00, 0x00, 0x00,
  0x00, 0x00, 0x00, 0x00, 0x00, 0x00, 0x00, 0x00, 0x00, 0x00, 0x00, 0x00,
  0x00, 0x00, 0x00, 0x00, 0x00, 0x00, 0x00, 0x00, 0x00, 0x00, 0x00, 0x00,
  0x00, 0x00, 0x00, 0x00, 0x00, 0x00, 0x00, 0x00, 0x00, 0x00, 0x00, 0x00,
  0x00, 0x00, 0x00, 0x00, 0x00, 0x00, 0x00, 0x00, 0x00, 0x00, 0x00, 0x00,
  0x00, 0x00, 0x00, 0x00, 0x00, 0x00, 0x00, 0x00, 0x00, 0x00, 0x00, 0x00,
  0x00, 0x00, 0x00, 0x00, 0x00, 0x00, 0x00, 0x00, 0x00, 0x00, 0x00, 0x00,
  0x00, 0x00, 0x00, 0x00, 0x00, 0x00, 0x00, 0x00, 0x00, 0x00, 0x00, 0x00,
  0x00, 0x00, 0x00, 0x00, 0x00, 0x00, 0x00, 0x00, 0x00, 0x00, 0x00, 0x00,
  0x00, 0x00, 0x00, 0x00, 0x00, 0x00, 0x00, 0x00, 0x00, 0x00, 0x00, 0x00,
  0x00, 0x00, 0x00, 0x00, 0x00, 0x00, 0x00, 0x00, 0x00, 0x00, 0x00, 0x00,
  0x00, 0x00, 0x00, 0x00, 0x00, 0x00, 0x00, 0x00, 0x00, 0x00, 0x00, 0x00,
  0x00, 0x00, 0x00, 0x00, 0x00, 0x00, 0x00, 0x00, 0x00, 0x00, 0x00, 0x00,
  0x00, 0x00, 0x00, 0x00, 0x00, 0x00, 0x00, 0x00, 0x00, 0x00, 0x00, 0x00,
  0x00, 0x00, 0x00, 0x00, 0x00, 0x00, 0x00, 0x00, 0x00, 0x00, 0x00, 0x00,
  0x00, 0x00, 0x00, 0x00, 0x00, 0x00, 0x00, 0x00, 0x00, 0x00, 0x00, 0x00,
  0x00, 0x00, 0x00, 0x00, 0x00, 0x00, 0x00, 0x00, 0x00, 0x00, 0x00, 0x00,
  0x00, 0x00, 0x00, 0x00, 0x00, 0x00, 0x00, 0x00, 0x00, 0x00, 0x00, 0x00,
  0x00, 0x00, 0x00, 0x00, 0x00, 0x00, 0x00, 0x00, 0x00, 0x00, 0x00, 0x00,
  0x00, 0x00, 0x00, 0x00, 0x00, 0x00, 0x00, 0x00, 0x00, 0x00, 0x00, 0x00,
  0x00, 0x00, 0x00, 0x00, 0x00, 0x00, 0x00, 0x00, 0x00, 0x00, 0x00, 0x00,
  0x00, 0x00, 0x00, 0x00, 0x00, 0x00, 0x00, 0x00, 0x00, 0x00, 0x00, 0x00,
  0x00, 0x00, 0x00, 0x00, 0x00, 0x00, 0x00, 0x00, 0x00, 0x00, 0x00, 0x00,
  0x00, 0x00, 0x00, 0x00, 0x00, 0x00, 0x00, 0x00, 0x00, 0x00, 0x00, 0x00,
  0x00, 0x00, 0x00, 0x00, 0x00, 0x00, 0x00, 0x00, 0x00, 0x00, 0x00, 0x00,
  0x00, 0x00, 0x00, 0x00, 0x00, 0x00, 0x00, 0x00, 0x00, 0x00, 0x00, 0x00,
  0x00, 0x00, 0x00, 0x00, 0x00, 0x00, 0x00, 0x00, 0x00, 0x00, 0x00, 0x00,
  0x00, 0x00, 0x00, 0x00, 0x00, 0x00, 0x00, 0x00, 0x00, 0x00, 0x00, 0x00,
  0x00, 0x00, 0x00, 0x00, 0x00, 0x00, 0x00, 0x00, 0x00, 0x00, 0x00, 0x00,
  0x00, 0x00, 0x00, 0x00, 0x00, 0x00, 0x00, 0x00, 0x00, 0x00, 0x00, 0x00,
  0x00, 0x00, 0x00, 0x00, 0x00, 0x00, 0x00, 0x00, 0x00, 0x00, 0x00, 0x00,
  0x00, 0x00, 0x00, 0x00, 0x00, 0x00, 0x00, 0x00, 0x00, 0x00, 0x00, 0x00,
  0x00, 0x00, 0x00, 0x00, 0x00, 0x00, 0x00, 0x00, 0x00, 0x00, 0x00, 0x00,
  0x00, 0x00, 0x00, 0x00, 0x00, 0x00, 0x00, 0x00, 0x00, 0x00, 0x00, 0x00,
  0x00, 0x00, 0x00, 0x00, 0x00, 0x00, 0x00, 0x00, 0x00, 0x00, 0x00, 0x00,
  0x00, 0x00, 0x00, 0x00, 0x00, 0x00, 0x00, 0x00, 0x00, 0x00, 0x00, 0x00,
  0x00, 0x00, 0x00, 0x00, 0x00, 0x00, 0x00, 0x00, 0x00, 0x00, 0x00, 0x00,
  0x00, 0x00, 0x00, 0x00, 0x00, 0x00, 0x00, 0x00, 0x00, 0x00, 0x00, 0x00,
  0x00, 0x00, 0x00, 0x00, 0x00, 0x00, 0x00, 0x00, 0x00, 0x00, 0x00, 0x00,
  0x00, 0x00, 0x00, 0x00, 0x00, 0x00, 0x00, 0x00, 0x00, 0x00, 0x00, 0x00,
  0x00, 0x00, 0x00, 0x00, 0x00, 0x00, 0x00, 0x00, 0x00, 0x00, 0x00, 0x00,
  0x00, 0x00, 0x00, 0x00, 0x00, 0x00, 0x00, 0x00, 0x00, 0x00, 0x00, 0x00,
  0x00, 0x00, 0x00, 0x00, 0x00, 0x00, 0x00, 0x00, 0x00, 0x00, 0x00, 0x00,
  0x00, 0x00, 0x00, 0x00, 0x74, 0x7a, 0x69, 0x6e, 0x66, 0x6f, 0x00, 0x4f,
  0x00, 0x75, 0x74, 0x63, 0x6f, 0x66, 0x66, 0x73, 0x65, 0x74, 0x00, 0x00,
  0x00, 0x00, 0x00, 0x00, 0x4f, 0x76, 0x65, 0x72, 0x66, 0x6c, 0x6f, 0x77,
  0x20, 0x6f, 0x63, 0x63, 0x75, 0x72, 0x72, 0x65, 0x64, 0x20, 0x69, 0x6e,
  0x20, 0x6e, 0x70, 0x79, 0x5f, 0x64, 0x61, 0x74, 0x65, 0x74, 0x69, 0x6d,
  0x65, 0x73, 0x74, 0x72, 0x75, 0x63, 0x74, 0x5f, 0x74, 0x6f, 0x5f, 0x64,
  0x61, 0x74, 0x65, 0x74, 0x69, 0x6d, 0x65, 0x00, 0x00, 0x00, 0x00, 0x00,
  0x4e, 0x75, 0x6d, 0x50, 0x79, 0x20, 0x64, 0x61, 0x74, 0x65, 0x74, 0x69,
  0x6d, 0x65, 0x20, 0x6d, 0x65, 0x74, 0x61, 0x64, 0x61, 0x74, 0x61, 0x20,
  0x77, 0x69, 0x74, 0x68, 0x20, 0x63, 0x6f, 0x72, 0x72, 0x75, 0x70, 0x74,
  0x20, 0x75, 0x6e, 0x69, 0x74, 0x20, 0x76, 0x61, 0x6c, 0x75, 0x65, 0x00,
  0x4e, 0x75, 0x6d, 0x50, 0x79, 0x20, 0x64, 0x61, 0x74, 0x65, 0x74, 0x69,
  0x6d, 0x65, 0x20, 0x6d, 0x65, 0x74, 0x61, 0x64, 0x61, 0x74, 0x61, 0x20,
  0x69, 0x73, 0x20, 0x63, 0x6f, 0x72, 0x72, 0x75, 0x70, 0x74, 0x65, 0x64,
  0x20, 0x77, 0x69, 0x74, 0x68, 0x20, 0x69, 0x6e, 0x76, 0x61, 0x6c, 0x69,
  0x64, 0x20, 0x62, 0x61, 0x73, 0x65, 0x20, 0x75, 0x6e, 0x69, 0x74, 0x00,
  0x00, 0x00, 0x00, 0x00, 0x4e, 0x75, 0x6d, 0x50, 0x79, 0x20, 0x74, 0x69,
  0x6d, 0x65, 0x64, 0x65, 0x6c, 0x74, 0x61, 0x20, 0x6d, 0x65, 0x74, 0x61,
  0x64, 0x61, 0x74, 0x61, 0x20, 0x69, 0x73, 0x20, 0x63, 0x6f, 0x72, 0x72,
  0x75, 0x70, 0x74, 0x65, 0x64, 0x20, 0x77, 0x69, 0x74, 0x68, 0x20, 0x69,
  0x6e, 0x76, 0x61, 0x6c, 0x69, 0x64, 0x20, 0x62, 0x61, 0x73, 0x65, 0x20,
  0x75, 0x6e, 0x69, 0x74, 0x00, 0x00, 0x00, 0x00, 0x60, 0xc3, 0xff, 0xff,
  0xa0, 0xc3, 0xff, 0xff, 0x70, 0xc3, 0xff, 0xff, 0x60, 0xc9, 0xff, 0xff,
  0x90, 0xc3, 0xff, 0xff, 0xe8, 0xc3, 0xff, 0xff, 0xd0, 0xc6, 0xff, 0xff,
  0x00, 0xc5, 0xff, 0xff, 0x40, 0xc7, 0xff, 0xff, 0x30, 0xc4, 0xff, 0xff,
  0x10, 0xc8, 0xff, 0xff, 0xa8, 0xc5, 0xff, 0xff, 0x40, 0xc8, 0xff, 0xff,
  0xb8, 0xc2, 0xff, 0xff, 0xd0, 0xd0, 0xff, 0xff, 0xd0, 0xd0, 0xff, 0xff,
  0x00, 0xcc, 0xff, 0xff, 0xd0, 0xd0, 0xff, 0xff, 0x78, 0xd0, 0xff, 0xff,
  0x88, 0xd0, 0xff, 0xff, 0x38, 0xcc, 0xff, 0xff, 0xb8, 0xcc, 0xff, 0xff,
  0xa8, 0xcd, 0xff, 0xff, 0xf0, 0xce, 0xff, 0xff, 0x50, 0xca, 0xff, 0xff,
  0x00, 0x00, 0x00, 0x00, 0x00, 0x00, 0x00, 0x00, 0x00, 0x00, 0x00, 0x00,
  0x00, 0x00, 0x00, 0x00, 0x00, 0x00, 0x00, 0x00, 0x00, 0x00, 0x00, 0x00,
  0x00, 0x00, 0x00, 0x00, 0x1f, 0x00, 0x00, 0x00, 0x1c, 0x00, 0x00, 0x00,
  0x1f, 0x00, 0x00, 0x00, 0x1e, 0x00, 0x00, 0x00, 0x1f, 0x00, 0x00, 0x00,
  0x1e, 0x00, 0x00, 0x00, 0x1f, 0x00, 0x00, 0x00, 0x1f, 0x00, 0x00, 0x00,
  0x1e, 0x00, 0x00, 0x00, 0x1f, 0x00, 0x00, 0x00, 0x1e, 0x00, 0x00, 0x00,
  0x1f, 0x00, 0x00, 0x00, 0x1f, 0x00, 0x00, 0x00, 0x1d, 0x00, 0x00, 0x00,
  0x1f, 0x00, 0x00, 0x00, 0x1e, 0x00, 0x00, 0x00, 0x1f, 0x00, 0x00, 0x00,
  0x1e, 0x00, 0x00, 0x00, 0x1f, 0x00, 0x00, 0x00, 0x1f, 0x00, 0x00, 0x00,
  0x1e, 0x00, 0x00, 0x00, 0x1f, 0x00, 0x00, 0x00, 0x1e, 0x00, 0x00, 0x00,
  0x1f, 0x00, 0x00, 0x00, 0x00, 0x00, 0x00, 0x00, 0x3c, 0x00, 0x00, 0x00,
  0x78, 0x00, 0x00, 0x00, 0xb4, 0x00, 0x00, 0x00, 0x00, 0x00, 0x00, 0x00,
  0xff, 0xff, 0xff, 0xff, 0xfe, 0xff, 0xff, 0xff, 0xfd, 0xff, 0xff, 0xff,
  0xfc, 0xff, 0xff, 0xff, 0xfc, 0xff, 0xff, 0xff, 0xfc, 0xff, 0xff, 0xff,
  0xfc, 0xff, 0xff, 0xff, 0xf0, 0x00, 0x00, 0x00, 0xf0, 0x00, 0x00, 0x00,
  0xf0, 0x00, 0x00, 0x00, 0xf0, 0x00, 0x00, 0x00, 0x3c, 0x00, 0x00, 0x00,
  0x3c, 0x00, 0x00, 0x00, 0x3c, 0x00, 0x00, 0x00, 0x3c, 0x00, 0x00, 0x00,
  0x00, 0x00, 0x00, 0x00, 0xc4, 0xff, 0xff, 0xff, 0x88, 0xff, 0xff, 0xff,
  0x4c, 0xff, 0xff, 0xff, 0x00, 0x00, 0x00, 0x00, 0x01, 0x00, 0x00, 0x00,
  0x02, 0x00, 0x00, 0x00, 0x03, 0x00, 0x00, 0x00, 0x04, 0x00, 0x00, 0x00,
  0x04, 0x00, 0x00, 0x00, 0x04, 0x00, 0x00, 0x00, 0x04, 0x00, 0x00, 0x00,
  0x10, 0xff, 0xff, 0xff, 0x10, 0xff, 0xff, 0xff, 0x10, 0xff, 0xff, 0xff,
  0x10, 0xff, 0xff, 0xff, 0xc4, 0xff, 0xff, 0xff, 0xc4, 0xff, 0xff, 0xff,
  0xc4, 0xff, 0xff, 0xff, 0xc4, 0xff, 0xff, 0xff, 0x01, 0x00, 0x00, 0x00,
  0x01, 0x00, 0x00, 0x00, 0x01, 0x00, 0x00, 0x00, 0x01, 0x00, 0x00, 0x00,
  0x00, 0x00, 0x00, 0x00, 0x18, 0x00, 0x00, 0x00, 0x30, 0x00, 0x00, 0x00,
  0x48, 0x00, 0x00, 0x00, 0x60, 0x00, 0x00, 0x00, 0x60, 0x00, 0x00, 0x00,
  0x60, 0x00, 0x00, 0x00, 0x60, 0x00, 0x00, 0x00, 0x18, 0x00, 0x00, 0x00,
  0x18, 0x00, 0x00, 0x00, 0x18, 0x00, 0x00, 0x00, 0x18, 0x00, 0x00, 0x00,
  0x00, 0x00, 0x00, 0x00, 0xe8, 0xff, 0xff, 0xff, 0xd0, 0xff, 0xff, 0xff,
  0xb8, 0xff, 0xff, 0xff, 0xa0, 0xff, 0xff, 0xff, 0xa0, 0xff, 0xff, 0xff,
  0xa0, 0xff, 0xff, 0xff, 0xa0, 0xff, 0xff, 0xff, 0xe8, 0xff, 0xff, 0xff,
  0xe8, 0xff, 0xff, 0xff, 0xe8, 0xff, 0xff, 0xff, 0xe8, 0xff, 0xff, 0xff,
  0x0c, 0x00, 0x00, 0x00, 0x1f, 0x00, 0x00, 0x00, 0x17, 0x00, 0x00, 0x00,
  0x3b, 0x00, 0x00, 0x00, 0x01, 0x00, 0x00, 0x00, 0x01, 0x00, 0x00, 0x00,
  0x4d, 0x6f, 0x6e, 0x74, 0x68, 0x20, 0x6f, 0x75, 0x74, 0x20, 0x6f, 0x66,
  0x20, 0x72, 0x61, 0x6e, 0x67, 0x65, 0x20, 0x69, 0x6e, 0x20, 0x64, 0x61,
  0x74, 0x65, 0x74, 0x69, 0x6d, 0x65, 0x20, 0x73, 0x74, 0x72, 0x69, 0x6e,
  0x67, 0x20, 0x22, 0x25, 0x73, 0x22, 0x00, 0x00, 0x00, 0x00, 0x00, 0x00,
  0x44, 0x61, 0x79, 0x20, 0x6f, 0x75, 0x74, 0x20, 0x6f, 0x66, 0x20, 0x72,
  0x61, 0x6e, 0x67, 0x65, 0x20, 0x69, 0x6e, 0x20, 0x64, 0x61, 0x74, 0x65,
  0x74, 0x69, 0x6d, 0x65, 0x20, 0x73, 0x74, 0x72, 0x69, 0x6e, 0x67, 0x20,
  0x22, 0x25, 0x73, 0x22, 0x00, 0x00, 0x00, 0x00, 0x00, 0x00, 0x00, 0x00,
  0x48, 0x6f, 0x75, 0x72, 0x73, 0x20, 0x6f, 0x75, 0x74, 0x20, 0x6f, 0x66,
  0x20, 0x72, 0x61, 0x6e, 0x67, 0x65, 0x20, 0x69, 0x6e, 0x20, 0x64, 0x61,
  0x74, 0x65, 0x74, 0x69, 0x6d, 0x65, 0x20, 0x73, 0x74, 0x72, 0x69, 0x6e,
  0x67, 0x20, 0x22, 0x25, 0x73, 0x22, 0x00, 0x00, 0x00, 0x00, 0x00, 0x00,
  0x4d, 0x69, 0x6e, 0x75, 0x74, 0x65, 0x73, 0x20, 0x6f, 0x75, 0x74, 0x20,
  0x6f, 0x66, 0x20, 0x72, 0x61, 0x6e, 0x67, 0x65, 0x20, 0x69, 0x6e, 0x20,
  0x64, 0x61, 0x74, 0x65, 0x74, 0x69, 0x6d, 0x65, 0x20, 0x73, 0x74, 0x72,
  0x69, 0x6e, 0x67, 0x20, 0x22, 0x25, 0x73, 0x22, 0x00, 0x00, 0x00, 0x00,
  0x53, 0x65, 0x63, 0x6f, 0x6e, 0x64, 0x73, 0x20, 0x6f, 0x75, 0x74, 0x20,
  0x6f, 0x66, 0x20, 0x72, 0x61, 0x6e, 0x67, 0x65, 0x20, 0x69, 0x6e, 0x20,
  0x64, 0x61, 0x74, 0x65, 0x74, 0x69, 0x6d, 0x65, 0x20, 0x73, 0x74, 0x72,
  0x69, 0x6e, 0x67, 0x20, 0x22, 0x25, 0x73, 0x22, 0x00, 0x00, 0x00, 0x00,
  0x54, 0x69, 0x6d, 0x65, 0x7a, 0x6f, 0x6e, 0x65, 0x20, 0x68, 0x6f, 0x75,
  0x72, 0x73, 0x20, 0x6f, 0x66, 0x66, 0x73, 0x65, 0x74, 0x20, 0x6f, 0x75,
  0x74, 0x20, 0x6f, 0x66, 0x20, 0x72, 0x61, 0x6e, 0x67, 0x65, 0x20, 0x69,
  0x6e, 0x20, 0x64, 0x61, 0x74, 0x65, 0x74, 0x69, 0x6d, 0x65, 0x20, 0x73,
  0x74, 0x72, 0x69, 0x6e, 0x67, 0x20, 0x22, 0x25, 0x73, 0x22, 0x00, 0x00,
  0x00, 0x00, 0x00, 0x00, 0x54, 0x69, 0x6d, 0x65, 0x7a, 0x6f, 0x6e, 0x65,
  0x20, 0x6d, 0x69, 0x6e, 0x75, 0x74, 0x65, 0x73, 0x20, 0x6f, 0x66, 0x66,
  0x73, 0x65, 0x74, 0x20, 0x6f, 0x75, 0x74, 0x20, 0x6f, 0x66, 0x20, 0x72,
  0x61, 0x6e, 0x67, 0x65, 0x20, 0x69, 0x6e, 0x20, 0x64, 0x61, 0x74, 0x65,
  0x74, 0x69, 0x6d, 0x65, 0x20, 0x73, 0x74, 0x72, 0x69, 0x6e, 0x67, 0x20,
  0x22, 0x25, 0x73, 0x22, 0x00, 0x00, 0x00, 0x00, 0x45, 0x72, 0x72, 0x6f,
  0x72, 0x20, 0x70, 0x61, 0x72, 0x73, 0x69, 0x6e, 0x67, 0x20, 0x64, 0x61,
  0x74, 0x65, 0x74, 0x69, 0x6d, 0x65, 0x20, 0x73, 0x74, 0x72, 0x69, 0x6e,
  0x67, 0x20, 0x22, 0x25, 0x73, 0x22, 0x20, 0x61, 0x74, 0x20, 0x70, 0x6f,
  0x73, 0x69, 0x74, 0x69, 0x6f, 0x6e, 0x20, 0x25, 0x64, 0x00, 0x00, 0x00,
  0x00, 0x00, 0x00, 0x00, 0x54, 0x68, 0x65, 0x20, 0x73, 0x74, 0x72, 0x69,
  0x6e, 0x67, 0x20, 0x70, 0x72, 0x6f, 0x76, 0x69, 0x64, 0x65, 0x64, 0x20,
  0x66, 0x6f, 0x72, 0x20, 0x4e, 0x75, 0x6d, 0x50, 0x79, 0x20, 0x49, 0x53,
  0x4f, 0x20, 0x64, 0x61, 0x74, 0x65, 0x74, 0x69, 0x6d, 0x65, 0x20, 0x66,
  0x6f, 0x72, 0x6d, 0x61, 0x74, 0x74, 0x69, 0x6e, 0x67, 0x20, 0x77, 0x61,
  0x73, 0x20, 0x74, 0x6f, 0x6f, 0x20, 0x73, 0x68, 0x6f, 0x72, 0x74, 0x2c,
  0x20, 0x77, 0x69, 0x74, 0x68, 0x20, 0x6c, 0x65, 0x6e, 0x67, 0x74, 0x68,
  0x20, 0x25, 0x64, 0x00, 0x25, 0x48, 0x00, 0x3a, 0x00, 0x25, 0x4d, 0x00,
  0x25, 0x53, 0x00, 0x2e, 0x00, 0x25, 0x66, 0x00, 0x20, 0x00, 0x25, 0x7a,
  0x00, 0x25, 0x30, 0x34, 0x6c, 0x64, 0x00, 0x50, 0x25, 0x6c, 0x64, 0x44,
  0x54, 0x25, 0x64, 0x48, 0x25, 0x64, 0x4d, 0x25, 0x64, 0x00, 0x2e, 0x25,
  0x30, 0x33, 0x64, 0x25, 0x30, 0x33, 0x64, 0x25, 0x30, 0x33, 0x64, 0x53,
  0x00, 0x2e, 0x25, 0x30, 0x33, 0x64, 0x25, 0x30, 0x33, 0x64, 0x53, 0x00,
  0x2e, 0x25, 0x30, 0x33, 0x64, 0x53, 0x00, 0x00, 0x40, 0xe1, 0xff, 0xff,
  0x50, 0xe1, 0xff, 0xff, 0xa0, 0xe0, 0xff, 0xff, 0x70, 0xe1, 0xff, 0xff,
  0xa0, 0xe0, 0xff, 0xff, 0xc0, 0xe0, 0xff, 0xff, 0xd0, 0xe0, 0xff, 0xff,
  0xe0, 0xe0, 0xff, 0xff, 0xf0, 0xe0, 0xff, 0xff, 0x00, 0xe1, 0xff, 0xff,
  0x10, 0xe1, 0xff, 0xff, 0x20, 0xe1, 0xff, 0xff, 0x30, 0xe1, 0xff, 0xff,
  0x60, 0xe1, 0xff, 0xff, 0x43, 0x6f, 0x75, 0x6c, 0x64, 0x20, 0x6e, 0x6f,
  0x74, 0x20, 0x63, 0x6f, 0x6e, 0x76, 0x65, 0x72, 0x74, 0x20, 0x64, 0x61,
  0x74, 0x65, 0x74, 0x69, 0x6d, 0x65, 0x20, 0x76, 0x61, 0x6c, 0x75, 0x65,
  0x20, 0x74, 0x6f, 0x20, 0x73, 0x74, 0x72, 0x69, 0x6e, 0x67, 0x00, 0x00,
  0x00, 0x00, 0x00, 0x00, 0x43, 0x6f, 0x75, 0x6c, 0x64, 0x20, 0x6e, 0x6f,
  0x74, 0x20, 0x63, 0x6f, 0x6e, 0x76, 0x65, 0x72, 0x74, 0x20, 0x74, 0x69,
  0x6d, 0x65, 0x64, 0x65, 0x6c, 0x74, 0x61, 0x20, 0x76, 0x61, 0x6c, 0x75,
  0x65, 0x20, 0x74, 0x6f, 0x20, 0x73, 0x74, 0x72, 0x69, 0x6e, 0x67, 0x00,
  0x70, 0x61, 0x6e, 0x64, 0x61, 0x73, 0x2e, 0x5f, 0x70, 0x61, 0x6e, 0x64,
  0x61, 0x73, 0x5f, 0x64, 0x61, 0x74, 0x65, 0x74, 0x69, 0x6d, 0x65, 0x5f,
  0x43, 0x41, 0x50, 0x49, 0x00, 0x64, 0x61, 0x74, 0x65, 0x74, 0x69, 0x6d,
  0x65, 0x2e, 0x64, 0x61, 0x74, 0x65, 0x74, 0x69, 0x6d, 0x65, 0x5f, 0x43,
  0x41, 0x50, 0x49, 0x00, 0x70, 0x61, 0x6e, 0x64, 0x61, 0x73, 0x00, 0x79,
  0x65, 0x61, 0x72, 0x00, 0x6d, 0x6f, 0x6e, 0x74, 0x68, 0x00, 0x64, 0x61,
  0x79, 0x00, 0x68, 0x6f, 0x75, 0x72, 0x00, 0x6d, 0x69, 0x6e, 0x75, 0x74,
  0x65, 0x00, 0x6d, 0x69, 0x63, 0x72, 0x6f, 0x73, 0x65, 0x63, 0x6f, 0x6e,
  0x64, 0x00, 0x74, 0x6f, 0x74, 0x61, 0x6c, 0x5f, 0x73, 0x65, 0x63, 0x6f,
  0x6e, 0x64, 0x73, 0x00, 0x6e, 0x75, 0x6d, 0x70, 0x79, 0x2e, 0x5f, 0x63,
  0x6f, 0x72, 0x65, 0x2e, 0x5f, 0x6d, 0x75, 0x6c, 0x74, 0x69, 0x61, 0x72,
  0x72, 0x61, 0x79, 0x5f, 0x75, 0x6d, 0x61, 0x74, 0x68, 0x00, 0x6e, 0x75,
  0x6d, 0x70, 0x79, 0x2e, 0x63, 0x6f, 0x72, 0x65, 0x2e, 0x5f, 0x6d, 0x75,
  0x6c, 0x74, 0x69, 0x61, 0x72, 0x72, 0x61, 0x79, 0x5f, 0x75, 0x6d, 0x61,
  0x74, 0x68, 0x00, 0x5f, 0x41, 0x52, 0x52, 0x41, 0x59, 0x5f, 0x41, 0x50,
  0x49, 0x00, 0x5f, 0x41, 0x52, 0x52, 0x41, 0x59, 0x5f, 0x41, 0x50, 0x49,
  0x20, 0x69, 0x73, 0x20, 0x4e, 0x55, 0x4c, 0x4c, 0x20, 0x70, 0x6f, 0x69,
  0x6e, 0x74, 0x65, 0x72, 0x00, 0x70, 0x61, 0x6e, 0x64, 0x61, 0x73, 0x2e,
  0x5f, 0x6c, 0x69, 0x62, 0x73, 0x2e, 0x70, 0x61, 0x6e, 0x64, 0x61, 0x73,
  0x5f, 0x64, 0x61, 0x74, 0x65, 0x74, 0x69, 0x6d, 0x65, 0x00, 0x00, 0x00,
  0x00, 0x00, 0x00, 0x00, 0x70, 0x64, 0x5f, 0x64, 0x61, 0x74, 0x65, 0x74,
  0x69, 0x6d, 0x65, 0x2e, 0x63, 0x20, 0x63, 0x6f, 0x75, 0x6c, 0x64, 0x20,
  0x6e, 0x6f, 0x74, 0x20, 0x69, 0x6d, 0x70, 0x6f, 0x72, 0x74, 0x20, 0x6d,
  0x6f, 0x64, 0x75, 0x6c, 0x65, 0x20, 0x70, 0x61, 0x6e, 0x64, 0x61, 0x73,
  0x00, 0x00, 0x00, 0x00, 0x43, 0x6f, 0x75, 0x6c, 0x64, 0x20, 0x6e, 0x6f,
  0x74, 0x20, 0x63, 0x6f, 0x6e, 0x76, 0x65, 0x72, 0x74, 0x20, 0x50, 0x79,
  0x44, 0x61, 0x74, 0x65, 0x54, 0x69, 0x6d, 0x65, 0x20, 0x74, 0x6f, 0x20,
  0x6e, 0x75, 0x6d, 0x70, 0x79, 0x20, 0x64, 0x61, 0x74, 0x65, 0x74, 0x69,
  0x6d, 0x65, 0x00, 0x00, 0x43, 0x61, 0x6c, 0x6c, 0x20, 0x74, 0x6f, 0x20,
  0x73, 0x63, 0x61, 0x6c, 0x65, 0x4e, 0x61, 0x6e, 0x6f, 0x73, 0x65, 0x63,
  0x54, 0x6f, 0x55, 0x6e, 0x69, 0x74, 0x20, 0x77, 0x69, 0x74, 0x68, 0x20,
  0x76, 0x61, 0x6c, 0x75, 0x65, 0x20, 0x25, 0x6c, 0x64, 0x20, 0x61, 0x6e,
  0x64, 0x20, 0x62, 0x61, 0x73, 0x65, 0x20, 0x25, 0x64, 0x20, 0x66, 0x61,
  0x69, 0x6c, 0x65, 0x64, 0x00, 0x00, 0x00, 0x00, 0x5f, 0x41, 0x52, 0x52,
  0x41, 0x59, 0x5f, 0x41, 0x50, 0x49, 0x20, 0x69, 0x73, 0x20, 0x6e, 0x6f,
  0x74, 0x20, 0x50, 0x79, 0x43, 0x61, 0x70, 0x73, 0x75, 0x6c, 0x65, 0x20,
  0x6f, 0x62, 0x6a, 0x65, 0x63, 0x74, 0x00, 0x00, 0x00, 0x00, 0x00, 0x00,
  0x6d, 0x6f, 0x64, 0x75, 0x6c, 0x65, 0x20, 0x63, 0x6f, 0x6d, 0x70, 0x69,
  0x6c, 0x65, 0x64, 0x20, 0x61, 0x67, 0x61, 0x69, 0x6e, 0x73, 0x74, 0x20,
  0x41, 0x42, 0x49, 0x20, 0x76, 0x65, 0x72, 0x73, 0x69, 0x6f, 0x6e, 0x20,
  0x30, 0x78, 0x25, 0x78, 0x20, 0x62, 0x75, 0x74, 0x20, 0x74, 0x68, 0x69,
  0x73, 0x20, 0x76, 0x65, 0x72, 0x73, 0x69, 0x6f, 0x6e, 0x20, 0x6f, 0x66,
  0x20, 0x6e, 0x75, 0x6d, 0x70, 0x79, 0x20, 0x69, 0x73, 0x20, 0x30, 0x78,
  0x25, 0x78, 0x00, 0x00, 0x00, 0x00, 0x00, 0x00, 0x6d, 0x6f, 0x64, 0x75,
  0x6c, 0x65, 0x20, 0x77, 0x61, 0x73, 0x20, 0x63, 0x6f, 0x6d, 0x70, 0x69,
  0x6c, 0x65, 0x64, 0x20, 0x61, 0x67, 0x61, 0x69, 0x6e, 0x73, 0x74, 0x20,
  0x4e, 0x75, 0x6d, 0x50, 0x79, 0x20, 0x43, 0x2d, 0x41, 0x50, 0x49, 0x20,
  0x76, 0x65, 0x72, 0x73, 0x69, 0x6f, 0x6e, 0x20, 0x30, 0x78, 0x25, 0x78,
  0x20, 0x28, 0x4e, 0x75, 0x6d, 0x50, 0x79, 0x20, 0x31, 0x2e, 0x32, 0x30,
  0x29, 0x20, 0x62, 0x75, 0x74, 0x20, 0x74, 0x68, 0x65, 0x20, 0x72, 0x75,
  0x6e, 0x6e, 0x69, 0x6e, 0x67, 0x20, 0x4e, 0x75, 0x6d, 0x50, 0x79, 0x20,
  0x68, 0x61, 0x73, 0x20, 0x43, 0x2d, 0x41, 0x50, 0x49, 0x20, 0x76, 0x65,
  0x72, 0x73, 0x69, 0x6f, 0x6e, 0x20, 0x30, 0x78, 0x25, 0x78, 0x2e, 0x20,
  0x43, 0x68, 0x65, 0x63, 0x6b, 0x20, 0x74, 0x68, 0x65, 0x20, 0x73, 0x65,
  0x63, 0x74, 0x69, 0x6f, 0x6e, 0x20, 0x43, 0x2d, 0x41, 0x50, 0x49, 0x20,
  0x69, 0x6e, 0x63, 0x6f, 0x6d, 0x70, 0x61, 0x74, 0x69, 0x62, 0x69, 0x6c,
  0x69, 0x74, 0x79, 0x20, 0x61, 0x74, 0x20, 0x74, 0x68, 0x65, 0x20, 0x54,
  0x72, 0x6f, 0x75, 0x62, 0x6c, 0x65, 0x73, 0x68, 0x6f, 0x6f, 0x74, 0x69,
  0x6e, 0x67, 0x20, 0x49, 0x6d, 0x70, 0x6f, 0x72, 0x74, 0x45, 0x72, 0x72,
  0x6f, 0x72, 0x20, 0x73, 0x65, 0x63, 0x74, 0x69, 0x6f, 0x6e, 0x20, 0x61,
  0x74, 0x20, 0x68, 0x74, 0x74, 0x70, 0x73, 0x3a, 0x2f, 0x2f, 0x6e, 0x75,
  0x6d, 0x70, 0x79, 0x2e, 0x6f, 0x72, 0x67, 0x2f, 0x64, 0x65, 0x76, 0x64,
  0x6f, 0x63, 0x73, 0x2f, 0x75, 0x73, 0x65, 0x72, 0x2f, 0x74, 0x72, 0x6f,
  0x75, 0x62, 0x6c, 0x65, 0x73, 0x68, 0x6f, 0x6f, 0x74, 0x69, 0x6e, 0x67,
  0x2d, 0x69, 0x6d, 0x70, 0x6f, 0x72, 0x74, 0x65, 0x72, 0x72, 0x6f, 0x72,
  0x2e, 0x68, 0x74, 0x6d, 0x6c, 0x23, 0x63, 0x2d, 0x61, 0x70, 0x69, 0x2d,
  0x69, 0x6e, 0x63, 0x6f, 0x6d, 0x70, 0x61, 0x74, 0x69, 0x62, 0x69, 0x6c,
  0x69, 0x74, 0x79, 0x20, 0x66, 0x6f, 0x72, 0x20, 0x69, 0x6e, 0x64, 0x69,
  0x63, 0x61, 0x74, 0x69, 0x6f, 0x6e, 0x73, 0x20, 0x6f, 0x6e, 0x20, 0x68,
  0x6f, 0x77, 0x20, 0x74, 0x6f, 0x20, 0x73, 0x6f, 0x6c, 0x76, 0x65, 0x20,
  0x74, 0x68, 0x69, 0x73, 0x20, 0x70, 0x72, 0x6f, 0x62, 0x6c, 0x65, 0x6d,
  0x2e, 0x00, 0x00, 0x00, 0x00, 0x00, 0x00, 0x00, 0x46, 0x41, 0x54, 0x41,
  0x4c, 0x3a, 0x20, 0x6d, 0x6f, 0x64, 0x75, 0x6c, 0x65, 0x20, 0x63, 0x6f,
  0x6d, 0x70, 0x69, 0x6c, 0x65, 0x64, 0x20, 0x61, 0x73, 0x20, 0x75, 0x6e,
  0x6b, 0x6e, 0x6f, 0x77, 0x6e, 0x20, 0x65, 0x6e, 0x64, 0x69, 0x61, 0x6e,
  0x00, 0x00, 0x00, 0x00, 0x00, 0x00, 0x00, 0x00, 0x46, 0x41, 0x54, 0x41,
  0x4c, 0x3a, 0x20, 0x6d, 0x6f, 0x64, 0x75, 0x6c, 0x65, 0x20, 0x63, 0x6f,
  0x6d, 0x70, 0x69, 0x6c, 0x65, 0x64, 0x20, 0x61, 0x73, 0x20, 0x6c, 0x69,
  0x74, 0x74, 0x6c, 0x65, 0x20, 0x65, 0x6e, 0x64, 0x69, 0x61, 0x6e, 0x2c,
  0x20, 0x62, 0x75, 0x74, 0x20, 0x64, 0x65, 0x74, 0x65, 0x63, 0x74, 0x65,
  0x64, 0x20, 0x64, 0x69, 0x66, 0x66, 0x65, 0x72, 0x65, 0x6e, 0x74, 0x20,
  0x65, 0x6e, 0x64, 0x69, 0x61, 0x6e, 0x6e, 0x65, 0x73, 0x73, 0x20, 0x61,
  0x74, 0x20, 0x72, 0x75, 0x6e, 0x74, 0x69, 0x6d, 0x65, 0x00, 0x00, 0x00,
  0x6e, 0x75, 0x6d, 0x70, 0x79, 0x2e, 0x5f, 0x63, 0x6f, 0x72, 0x65, 0x2e,
  0x6d, 0x75, 0x6c, 0x74, 0x69, 0x61, 0x72, 0x72, 0x61, 0x79, 0x20, 0x66,
  0x61, 0x69, 0x6c, 0x65, 0x64, 0x20, 0x74, 0x6f, 0x20, 0x69, 0x6d, 0x70,
  0x6f, 0x72, 0x74, 0x00, 0x49, 0x6e, 0x74, 0x65, 0x72, 0x6e, 0x61, 0x6c,
  0x20, 0x6d, 0x6f, 0x64, 0x75, 0x6c, 0x65, 0x20, 0x77, 0x69, 0x74, 0x68,
  0x20, 0x64, 0x61, 0x74, 0x65, 0x74, 0x69, 0x6d, 0x65, 0x20, 0x73, 0x75,
  0x70, 0x70, 0x6f, 0x72, 0x74, 0x20, 0x66, 0x6f, 0x72, 0x20, 0x6f, 0x74,
  0x68, 0x65, 0x72, 0x20, 0x65, 0x78, 0x74, 0x65, 0x6e, 0x73, 0x69, 0x6f,
  0x6e, 0x73, 0x00, 0x00, 0x01, 0x1b, 0x03, 0x3b, 0xe0, 0x00, 0x00, 0x00,
  0x1b, 0x00, 0x00, 0x00, 0xf4, 0xa5, 0xff, 0xff, 0xfc, 0x00, 0x00, 0x00,
  0x04, 0xa8, 0xff, 0xff, 0xb0, 0x02, 0x00, 0x00, 0xd4, 0xa8, 0xff, 0xff,
  0x24, 0x01, 0x00, 0x00, 0x24, 0xac, 0xff, 0xff, 0x38, 0x01, 0x00, 0x00,
  0xa4, 0xac, 0xff, 0xff, 0x4c, 0x01, 0x00, 0x00, 0x24, 0xb3, 0xff, 0xff,
  0x60, 0x01, 0x00, 0x00, 0x44, 0xb5, 0xff, 0xff, 0x74, 0x01, 0x00, 0x00,
  0x14, 0xb6, 0xff, 0xff, 0x88, 0x01, 0x00, 0x00, 0x94, 0xb6, 0xff, 0xff,
  0xc0, 0x01, 0x00, 0x00, 0x24, 0xb9, 0xff, 0xff, 0xec, 0x01, 0x00, 0x00,
  0x44, 0xb9, 0xff, 0xff, 0x00, 0x02, 0x00, 0x00, 0x24, 0xc1, 0xff, 0xff,
  0x70, 0x02, 0x00, 0x00, 0x24, 0xca, 0xff, 0xff, 0x9c, 0x02, 0x00, 0x00,
  0x54, 0xca, 0xff, 0xff, 0xc4, 0x02, 0x00, 0x00, 0xf4, 0xca, 0xff, 0xff,
  0x10, 0x03, 0x00, 0x00, 0xa4, 0xdb, 0xff, 0xff, 0x8c, 0x03, 0x00, 0x00,
  0xa4, 0xdc, 0xff, 0xff, 0xa0, 0x03, 0x00, 0x00, 0x34, 0xe5, 0xff, 0xff,
  0xf0, 0x03, 0x00, 0x00, 0x34, 0xe6, 0xff, 0xff, 0x4c, 0x04, 0x00, 0x00,
  0xd4, 0xe6, 0xff, 0xff, 0x60, 0x04, 0x00, 0x00, 0x74, 0xe7, 0xff, 0xff,
  0x9c, 0x04, 0x00, 0x00, 0x04, 0xe8, 0xff, 0xff, 0xd4, 0x04, 0x00, 0x00,
  0x24, 0xe8, 0xff, 0xff, 0xec, 0x04, 0x00, 0x00, 0x94, 0xe9, 0xff, 0xff,
  0x18, 0x05, 0x00, 0x00, 0x24, 0xec, 0xff, 0xff, 0x58, 0x05, 0x00, 0x00,
  0x64, 0xed, 0xff, 0xff, 0xb4, 0x05, 0x00, 0x00, 0x04, 0xee, 0xff, 0xff,
  0xe0, 0x05, 0x00, 0x00, 0x14, 0x00, 0x00, 0x00, 0x00, 0x00, 0x00, 0x00,
  0x01, 0x7a, 0x52, 0x00, 0x01, 0x78, 0x10, 0x01, 0x1b, 0x0c, 0x07, 0x08,
  0x90, 0x01, 0x00, 0x00, 0x24, 0x00, 0x00, 0x00, 0x1c, 0x00, 0x00, 0x00,
  0xf0, 0xa4, 0xff, 0xff, 0x10, 0x02, 0x00, 0x00, 0x00, 0x0e, 0x10, 0x46,
  0x0e, 0x18, 0x4a, 0x0f, 0x0b, 0x77, 0x08, 0x80, 0x00, 0x3f, 0x1a, 0x3b,
  0x2a, 0x33, 0x24, 0x22, 0x00, 0x00, 0x00, 0x00, 0x10, 0x00, 0x00, 0x00,
  0x44, 0x00, 0x00, 0x00, 0xa8, 0xa7, 0xff, 0xff, 0x42, 0x03, 0x00, 0x00,
  0x00, 0x00, 0x00, 0x00, 0x10, 0x00, 0x00, 0x00, 0x58, 0x00, 0x00, 0x00,
  0xe4, 0xaa, 0xff, 0xff, 0x71, 0x00, 0x00, 0x00, 0x00, 0x00, 0x00, 0x00,
  0x10, 0x00, 0x00, 0x00, 0x6c, 0x00, 0x00, 0x00, 0x50, 0xab, 0xff, 0xff,
  0x79, 0x06, 0x00, 0x00, 0x00, 0x00, 0x00, 0x00, 0x10, 0x00, 0x00, 0x00,
  0x80, 0x00, 0x00, 0x00, 0xbc, 0xb1, 0xff, 0xff, 0x17, 0x02, 0x00, 0x00,
  0x00, 0x00, 0x00, 0x00, 0x10, 0x00, 0x00, 0x00, 0x94, 0x00, 0x00, 0x00,
  0xc8, 0xb3, 0xff, 0xff, 0xca, 0x00, 0x00, 0x00, 0x00, 0x00, 0x00, 0x00,
  0x34, 0x00, 0x00, 0x00, 0xa8, 0x00, 0x00, 0x00, 0x84, 0xb4, 0xff, 0xff,
  0x7c, 0x00, 0x00, 0x00, 0x00, 0x42, 0x0e, 0x10, 0x8c, 0x02, 0x4b, 0x0e,
  0x18, 0x86, 0x03, 0x44, 0x0e, 0x30, 0x7a, 0x0a, 0x0e, 0x18, 0x41, 0x0e,
  0x10, 0x42, 0x0e, 0x08, 0x42, 0x0b, 0x4b, 0x0a, 0x0e, 0x18, 0x43, 0x0e,
  0x10, 0x42, 0x0e, 0x08, 0x48, 0x0b, 0x00, 0x00, 0x28, 0x00, 0x00, 0x00,
  0xe0, 0x00, 0x00, 0x00, 0xcc, 0xb4, 0xff, 0xff, 0x8c, 0x02, 0x00, 0x00,
  0x00, 0x44, 0x0e, 0x10, 0x86, 0x02, 0x03, 0x33, 0x01, 0x0a, 0x0e, 0x08,
  0x49, 0x0b, 0x68, 0x0a, 0x0e, 0x08, 0x48, 0x0b, 0x59, 0x0a, 0x0e, 0x08,
  0x57, 0x0b, 0x00, 0x00, 0x10, 0x00, 0x00, 0x00, 0x0c, 0x01, 0x00, 0x00,
  0x30, 0xb7, 0xff, 0xff, 0x18, 0x00, 0x00, 0x00, 0x00, 0x00, 0x00, 0x00,
  0x6c, 0x00, 0x00, 0x00, 0x20, 0x01, 0x00, 0x00, 0x3c, 0xb7, 0xff, 0xff,
  0xdc, 0x07, 0x00, 0x00, 0x00, 0x4c, 0x0e, 0x10, 0x83, 0x02, 0x02, 0xdb,
  0x0a, 0x0e, 0x08, 0x49, 0x0b, 0x4b, 0x0a, 0x0e, 0x08, 0x45, 0x0b, 0x4c,
  0x0a, 0x0e, 0x08, 0x54, 0x0b, 0x44, 0x0a, 0x0e, 0x08, 0x4c, 0x0b, 0x02,
  0x40, 0x0a, 0x0e, 0x08, 0x48, 0x0b, 0x02, 0x45, 0x0a, 0x0e, 0x08, 0x43,
  0x0b, 0x02, 0xce, 0x0a, 0x0e, 0x08, 0x42, 0x0b, 0x02, 0xa0, 0x0a, 0x0e,
  0x08, 0x48, 0x0b, 0x03, 0x20, 0x01, 0x0a, 0x0e, 0x08, 0x48, 0x0b, 0x02,
  0x6d, 0x0a, 0x0e, 0x08, 0x43, 0x0b, 0x02, 0xcf, 0x0a, 0x0e, 0x08, 0x41,
  0x0b, 0x03, 0x49, 0x01, 0x0a, 0x0e, 0x08, 0x47, 0x0b, 0x4f, 0x0a, 0x0e,
  0x08, 0x51, 0x0b, 0x00, 0x28, 0x00, 0x00, 0x00, 0x90, 0x01, 0x00, 0x00,
  0xac, 0xbe, 0xff, 0xff, 0xf5, 0x08, 0x00, 0x00, 0x00, 0x41, 0x0e, 0x10,
  0x86, 0x02, 0x45, 0x0e, 0x18, 0x83, 0x03, 0x47, 0x0e, 0x20, 0x03, 0x07,
  0x02, 0x0a, 0x0e, 0x18, 0x41, 0x0e, 0x10, 0x41, 0x0e, 0x08, 0x4a, 0x0b,
  0x10, 0x00, 0x00, 0x00, 0xbc, 0x01, 0x00, 0x00, 0x80, 0xc7, 0xff, 0xff,
  0x29, 0x00, 0x00, 0x00, 0x00, 0x00, 0x00, 0x00, 0x10, 0x00, 0x00, 0x00,
  0xd0, 0x01, 0x00, 0x00, 0x4c, 0xa5, 0xff, 0xff, 0x0a, 0x00, 0x00, 0x00,
  0x00, 0x00, 0x00, 0x00, 0x48, 0x00, 0x00, 0x00, 0xe4, 0x01, 0x00, 0x00,
  0x88, 0xc7, 0xff, 0xff, 0x98, 0x00, 0x00, 0x00, 0x00, 0x42, 0x0e, 0x10,
  0x8f, 0x02, 0x42, 0x0e, 0x18, 0x8e, 0x03, 0x45, 0x0e, 0x20, 0x8d, 0x04,
  0x42, 0x0e, 0x28, 0x8c, 0x05, 0x41, 0x0e, 0x30, 0x86, 0x06, 0x41, 0x0e,
  0x38, 0x83, 0x07, 0x44, 0x0e, 0x50, 0x02, 0x5a, 0x0a, 0x0e, 0x38, 0x44,
  0x0e, 0x30, 0x41, 0x0e, 0x28, 0x42, 0x0e, 0x20, 0x42, 0x0e, 0x18, 0x42,
  0x0e, 0x10, 0x42, 0x0e, 0x08, 0x48, 0x0b, 0x00, 0x78, 0x00, 0x00, 0x00,
  0x30, 0x02, 0x00, 0x00, 0xdc, 0xc7, 0xff, 0xff, 0xa1, 0x10, 0x00, 0x00,
  0x00, 0x42, 0x0e, 0x10, 0x8f, 0x02, 0x42, 0x0e, 0x18, 0x8e, 0x03, 0x45,
  0x0e, 0x20, 0x8d, 0x04, 0x45, 0x0e, 0x28, 0x8c, 0x05, 0x41, 0x0e, 0x30,
  0x86, 0x06, 0x41, 0x0e, 0x38, 0x83, 0x07, 0x44, 0x0e, 0x80, 0x01, 0x02,
  0xf1, 0x0a, 0x0e, 0x38, 0x41, 0x0e, 0x30, 0x41, 0x0e, 0x28, 0x42, 0x0e,
  0x20, 0x42, 0x0e, 0x18, 0x42, 0x0e, 0x10, 0x42, 0x0e, 0x08, 0x41, 0x0b,
  0x66, 0x0a, 0x0e, 0x38, 0x41, 0x0e, 0x30, 0x41, 0x0e, 0x28, 0x42, 0x0e,
  0x20, 0x42, 0x0e, 0x18, 0x42, 0x0e, 0x10, 0x42, 0x0e, 0x08, 0x48, 0x0b,
  0x65, 0x0a, 0x0e, 0x38, 0x46, 0x0e, 0x30, 0x41, 0x0e, 0x28, 0x42, 0x0e,
  0x20, 0x42, 0x0e, 0x18, 0x42, 0x0e, 0x10, 0x42, 0x0e, 0x08, 0x44, 0x0b,
  0x10, 0x00, 0x00, 0x00, 0xac, 0x02, 0x00, 0x00, 0x10, 0xd8, 0xff, 0xff,
  0xfa, 0x00, 0x00, 0x00, 0x00, 0x00, 0x00, 0x00, 0x4c, 0x00, 0x00, 0x00,
  0xc0, 0x02, 0x00, 0x00, 0xfc, 0xd8, 0xff, 0xff, 0x89, 0x08, 0x00, 0x00,
  0x00, 0x42, 0x0e, 0x10, 0x8e, 0x02, 0x4e, 0x0e, 0x18, 0x8d, 0x03, 0x4c,
  0x0e, 0x20, 0x8c, 0x04, 0x47, 0x0e, 0x28, 0x86, 0x05, 0x44, 0x0e, 0x30,
  0x83, 0x06, 0x03, 0x69, 0x07, 0x0a, 0x0e, 0x28, 0x41, 0x0e, 0x20, 0x42,
  0x0e, 0x18, 0x42, 0x0e, 0x10, 0x42, 0x0e, 0x08, 0x49, 0x0b, 0x64, 0x0a,
  0x0e, 0x28, 0x41, 0x0e, 0x20, 0x42, 0x0e, 0x18, 0x42, 0x0e, 0x10, 0x42,
  0x0e, 0x08, 0x45, 0x0b, 0x58, 0x00, 0x00, 0x00, 0x10, 0x03, 0x00, 0x00,
  0x3c, 0xe1, 0xff, 0xff, 0xf4, 0x00, 0x00, 0x00, 0x00, 0x42, 0x0e, 0x10,
  0x8c, 0x02, 0x49, 0x0e, 0x18, 0x86, 0x03, 0x44, 0x0e, 0x20, 0x83, 0x04,
  0x5b, 0x0e, 0x28, 0x41, 0x0e, 0x30, 0x57, 0x0e, 0x28, 0x47, 0x0e, 0x20,
  0x71, 0x0a, 0x0e, 0x18, 0x49, 0x0e, 0x10, 0x42, 0x0e, 0x08, 0x4b, 0x0b,
  0x54, 0x0a, 0x0e, 0x18, 0x49, 0x0e, 0x10, 0x42, 0x0e, 0x08, 0x41, 0x0b,
  0x5b, 0x0a, 0x0e, 0x18, 0x49, 0x0e, 0x10, 0x42, 0x0e, 0x08, 0x4a, 0x0b,
  0x4b, 0x0e, 0x18, 0x46, 0x0e, 0x10, 0x42, 0x0e, 0x08, 0x00, 0x00, 0x00,
  0x10, 0x00, 0x00, 0x00, 0x6c, 0x03, 0x00, 0x00, 0xe0, 0xe1, 0xff, 0xff,
  0xa0, 0x00, 0x00, 0x00, 0x00, 0x00, 0x00, 0x00, 0x38, 0x00, 0x00, 0x00,
  0x80, 0x03, 0x00, 0x00, 0x6c, 0xe2, 0xff, 0xff, 0x97, 0x00, 0x00, 0x00,
  0x00, 0x42, 0x0e, 0x10, 0x8d, 0x02, 0x42, 0x0e, 0x18, 0x8c, 0x03, 0x41,
  0x0e, 0x20, 0x86, 0x04, 0x43, 0x0e, 0x28, 0x83, 0x05, 0x47, 0x0e, 0x60,
  0x02, 0x4d, 0x0a, 0x0e, 0x28, 0x44, 0x0e, 0x20, 0x41, 0x0e, 0x18, 0x42,
  0x0e, 0x10, 0x42, 0x0e, 0x08, 0x4b, 0x0b, 0x00, 0x34, 0x00, 0x00, 0x00,
  0xbc, 0x03, 0x00, 0x00, 0xd0, 0xe2, 0xff, 0xff, 0x83, 0x00, 0x00, 0x00,
  0x00, 0x42, 0x0e, 0x10, 0x8d, 0x02, 0x4a, 0x0e, 0x18, 0x8c, 0x03, 0x41,
  0x0e, 0x20, 0x86, 0x04, 0x44, 0x0e, 0x50, 0x74, 0x0a, 0x0e, 0x20, 0x44,
  0x0e, 0x18, 0x42, 0x0e, 0x10, 0x42, 0x0e, 0x08, 0x43, 0x0b, 0x00, 0x00,
  0x00, 0x00, 0x00, 0x00, 0x14, 0x00, 0x00, 0x00, 0xf4, 0x03, 0x00, 0x00,
  0x28, 0xe3, 0xff, 0xff, 0x1c, 0x00, 0x00, 0x00, 0x00, 0x44, 0x0e, 0x10,
  0x50, 0x0e, 0x08, 0x00, 0x28, 0x00, 0x00, 0x00, 0x0c, 0x04, 0x00, 0x00,
  0x30, 0xe3, 0xff, 0xff, 0x6a, 0x01, 0x00, 0x00, 0x00, 0x42, 0x0e, 0x10,
  0x8c, 0x02, 0x4a, 0x0e, 0x18, 0x86, 0x03, 0x44, 0x0e, 0x20, 0x03, 0x06,
  0x01, 0x0a, 0x0e, 0x18, 0x41, 0x0e, 0x10, 0x42, 0x0e, 0x08, 0x41, 0x0b,
  0x3c, 0x00, 0x00, 0x00, 0x38, 0x04, 0x00, 0x00, 0x74, 0xe4, 0xff, 0xff,
  0x82, 0x02, 0x00, 0x00, 0x00, 0x4d, 0x0e, 0x10, 0x8e, 0x02, 0x42, 0x0e,
  0x18, 0x8d, 0x03, 0x42, 0x0e, 0x20, 0x8c, 0x04, 0x44, 0x0e, 0x28, 0x86,
  0x05, 0x44, 0x0e, 0x30, 0x83, 0x06, 0x02, 0x76, 0x0a, 0x0e, 0x28, 0x44,
  0x0e, 0x20, 0x42, 0x0e, 0x18, 0x42, 0x0e, 0x10, 0x42, 0x0e, 0x08, 0x47,
  0x0b, 0x00, 0x00, 0x00, 0x58, 0x00, 0x00, 0x00, 0x78, 0x04, 0x00, 0x00,
  0xc4, 0xe6, 0xff, 0xff, 0x3b, 0x01, 0x00, 0x00, 0x00, 0x42, 0x0e, 0x10,
  0x8e, 0x02, 0x42, 0x0e, 0x18, 0x8d, 0x03, 0x45, 0x0e, 0x20, 0x8c, 0x04,
  0x41, 0x0e, 0x28, 0x86, 0x05, 0x44, 0x0e, 0x30, 0x83, 0x06, 0x47, 0x0e,
  0x70, 0x02, 0x6a, 0x0a, 0x0e, 0x30, 0x44, 0x0e, 0x28, 0x41, 0x0e, 0x20,
  0x42, 0x0e, 0x18, 0x42, 0x0e, 0x10, 0x42, 0x0e, 0x08, 0x46, 0x0b, 0x02,
  0x49, 0x0a, 0x0e, 0x30, 0x44, 0x0e, 0x28, 0x44, 0x0e, 0x20, 0x42, 0x0e,
  0x18, 0x42, 0x0e, 0x10, 0x42, 0x0e, 0x08, 0x49, 0x0b, 0x00, 0x00, 0x00,
  0x28, 0x00, 0x00, 0x00, 0xd4, 0x04, 0x00, 0x00, 0xa8, 0xe7, 0xff, 0xff,
  0x9e, 0x00, 0x00, 0x00, 0x00, 0x42, 0x0e, 0x10, 0x8c, 0x02, 0x44, 0x0e,
  0x18, 0x86, 0x03, 0x44, 0x0e, 0x60, 0x02, 0x48, 0x0a, 0x0e, 0x18, 0x41,
  0x0e, 0x10, 0x42, 0x0e, 0x08, 0x41, 0x0b, 0x00, 0x34, 0x00, 0x00, 0x00,
  0x00, 0x05, 0x00, 0x00, 0x1c, 0xe8, 0xff, 0xff, 0x22, 0x02, 0x00, 0x00,
  0x00, 0x42, 0x0e, 0x10, 0x8c, 0x02, 0x4a, 0x0e, 0x18, 0x86, 0x03, 0x44,
  0x0e, 0x20, 0x02, 0xc0, 0x0a, 0x0e, 0x18, 0x48, 0x0e, 0x10, 0x42, 0x0e,
  0x08, 0x46, 0x0b, 0x02, 0x5a, 0x0a, 0x0e, 0x18, 0x43, 0x0e, 0x10, 0x42,
  0x0e, 0x08, 0x41, 0x0b, 0x00, 0x00, 0x00, 0x00, 0x00, 0x00, 0x00, 0x00,
  0x00, 0x00, 0x00, 0x00, 0x00, 0x00, 0x00, 0x00, 0x00, 0x00, 0x00, 0x00,
  0x00, 0x00, 0x00, 0x00, 0x00, 0x00, 0x00, 0x00, 0x00, 0x00, 0x00, 0x00,
  0x00, 0x00, 0x00, 0x00, 0x00, 0x00, 0x00, 0x00, 0x00, 0x00, 0x00, 0x00,
  0x00, 0x00, 0x00, 0x00, 0x00, 0x00, 0x00, 0x00, 0x00, 0x00, 0x00, 0x00,
  0x00, 0x00, 0x00, 0x00, 0x00, 0x00, 0x00, 0x00, 0x00, 0x00, 0x00, 0x00,
  0x00, 0x00, 0x00, 0x00, 0x00, 0x00, 0x00, 0x00, 0x00, 0x00, 0x00, 0x00,
  0x00, 0x00, 0x00, 0x00, 0x00, 0x00, 0x00, 0x00, 0x00, 0x00, 0x00, 0x00,
  0x00, 0x00, 0x00, 0x00, 0x00, 0x00, 0x00, 0x00, 0x00, 0x00, 0x00, 0x00,
  0x00, 0x00, 0x00, 0x00, 0x00, 0x00, 0x00, 0x00, 0x00, 0x00, 0x00, 0x00,
  0x00, 0x00, 0x00, 0x00, 0x00, 0x00, 0x00, 0x00, 0x00, 0x00, 0x00, 0x00,
  0x00, 0x00, 0x00, 0x00, 0x00, 0x00, 0x00, 0x00, 0x00, 0x00, 0x00, 0x00,
  0x00, 0x00, 0x00, 0x00, 0x00, 0x00, 0x00, 0x00, 0x00, 0x00, 0x00, 0x00,
  0x00, 0x00, 0x00, 0x00, 0x00, 0x00, 0x00, 0x00, 0x00, 0x00, 0x00, 0x00,
  0x00, 0x00, 0x00, 0x00, 0x00, 0x00, 0x00, 0x00, 0x00, 0x00, 0x00, 0x00,
  0x00, 0x00, 0x00, 0x00, 0x00, 0x00, 0x00, 0x00, 0x00, 0x00, 0x00, 0x00,
  0x00, 0x00, 0x00, 0x00, 0x00, 0x00, 0x00, 0x00, 0x00, 0x00, 0x00, 0x00,
  0x00, 0x00, 0x00, 0x00, 0x00, 0x00, 0x00, 0x00, 0x00, 0x00, 0x00, 0x00,
  0x00, 0x00, 0x00, 0x00, 0x00, 0x00, 0x00, 0x00, 0x00, 0x00, 0x00, 0x00,
  0x00, 0x00, 0x00, 0x00, 0x00, 0x00, 0x00, 0x00, 0x00, 0x00, 0x00, 0x00,
  0x00, 0x00, 0x00, 0x00, 0x00, 0x00, 0x00, 0x00, 0x00, 0x00, 0x00, 0x00,
  0x00, 0x00, 0x00, 0x00, 0x00, 0x00, 0x00, 0x00, 0x00, 0x00, 0x00, 0x00,
  0x00, 0x00, 0x00, 0x00, 0x00, 0x00, 0x00, 0x00, 0x00, 0x00, 0x00, 0x00,
  0x00, 0x00, 0x00, 0x00, 0x00, 0x00, 0x00, 0x00, 0x00, 0x00, 0x00, 0x00,
  0x00, 0x00, 0x00, 0x00, 0x00, 0x00, 0x00, 0x00, 0x00, 0x00, 0x00, 0x00,
  0x00, 0x00, 0x00, 0x00, 0x00, 0x00, 0x00, 0x00, 0x00, 0x00, 0x00, 0x00,
  0x00, 0x00, 0x00, 0x00, 0x00, 0x00, 0x00, 0x00, 0x00, 0x00, 0x00, 0x00,
  0x00, 0x00, 0x00, 0x00, 0x00, 0x00, 0x00, 0x00, 0x00, 0x00, 0x00, 0x00,
  0x00, 0x00, 0x00, 0x00, 0x00, 0x00, 0x00, 0x00, 0x00, 0x00, 0x00, 0x00,
  0x00, 0x00, 0x00, 0x00, 0x00, 0x00, 0x00, 0x00, 0x00, 0x00, 0x00, 0x00,
  0x00, 0x00, 0x00, 0x00, 0x00, 0x00, 0x00, 0x00, 0x00, 0x00, 0x00, 0x00,
  0x00, 0x00, 0x00, 0x00, 0x00, 0x00, 0x00, 0x00, 0x00, 0x00, 0x00, 0x00,
  0x00, 0x00, 0x00, 0x00, 0x00, 0x00, 0x00, 0x00, 0x00, 0x00, 0x00, 0x00,
  0x00, 0x00, 0x00, 0x00, 0x00, 0x00, 0x00, 0x00, 0x00, 0x00, 0x00, 0x00,
  0x00, 0x00, 0x00, 0x00, 0x00, 0x00, 0x00, 0x00, 0x00, 0x00, 0x00, 0x00,
  0x00, 0x00, 0x00, 0x00, 0x00, 0x00, 0x00, 0x00, 0x00, 0x00, 0x00, 0x00,
  0x00, 0x00, 0x00, 0x00, 0x00, 0x00, 0x00, 0x00, 0x00, 0x00, 0x00, 0x00,
  0x00, 0x00, 0x00, 0x00, 0x00, 0x00, 0x00, 0x00, 0x00, 0x00, 0x00, 0x00,
  0x00, 0x00, 0x00, 0x00, 0x00, 0x00, 0x00, 0x00, 0x00, 0x00, 0x00, 0x00,
  0x00, 0x00, 0x00, 0x00, 0x00, 0x00, 0x00, 0x00, 0x00, 0x00, 0x00, 0x00,
  0x00, 0x00, 0x00, 0x00, 0x00, 0x00, 0x00, 0x00, 0x00, 0x00, 0x00, 0x00,
  0x00, 0x00, 0x00, 0x00, 0x00, 0x00, 0x00, 0x00, 0x00, 0x00, 0x00, 0x00,
  0x00, 0x00, 0x00, 0x00, 0x00, 0x00, 0x00, 0x00, 0x00, 0x00, 0x00, 0x00,
  0x00, 0x00, 0x00, 0x00, 0x00, 0x00, 0x00, 0x00, 0x00, 0x00, 0x00, 0x00,
  0x00, 0x00, 0x00, 0x00, 0x00, 0x00, 0x00, 0x00, 0x00, 0x00, 0x00, 0x00,
  0x00, 0x00, 0x00, 0x00, 0x00, 0x00, 0x00, 0x00, 0x00, 0x00, 0x00, 0x00,
  0x00, 0x00, 0x00, 0x00, 0x00, 0x00, 0x00, 0x00, 0x00, 0x00, 0x00, 0x00,
  0x00, 0x00, 0x00, 0x00, 0x00, 0x00, 0x00, 0x00, 0x00, 0x00, 0x00, 0x00,
  0x00, 0x00, 0x00, 0x00, 0x00, 0x00, 0x00, 0x00, 0x00, 0x00, 0x00, 0x00,
  0x00, 0x00, 0x00, 0x00, 0x00, 0x00, 0x00, 0x00, 0x00, 0x00, 0x00, 0x00,
  0x00, 0x00, 0x00, 0x00, 0x00, 0x00, 0x00, 0x00, 0x00, 0x00, 0x00, 0x00,
  0x00, 0x00, 0x00, 0x00, 0x00, 0x00, 0x00, 0x00, 0x00, 0x00, 0x00, 0x00,
  0x00, 0x00, 0x00, 0x00, 0x00, 0x00, 0x00, 0x00, 0x00, 0x00, 0x00, 0x00,
  0x00, 0x00, 0x00, 0x00, 0x00, 0x00, 0x00, 0x00, 0x00, 0x00, 0x00, 0x00,
  0x00, 0x00, 0x00, 0x00, 0x00, 0x00, 0x00, 0x00, 0x00, 0x00, 0x00, 0x00,
  0x00, 0x00, 0x00, 0x00, 0x00, 0x00, 0x00, 0x00, 0x00, 0x00, 0x00, 0x00,
  0x00, 0x00, 0x00, 0x00, 0x00, 0x00, 0x00, 0x00, 0x00, 0x00, 0x00, 0x00,
  0x00, 0x00, 0x00, 0x00, 0x00, 0x00, 0x00, 0x00, 0x00, 0x00, 0x00, 0x00,
  0x00, 0x00, 0x00, 0x00, 0x00, 0x00, 0x00, 0x00, 0x00, 0x00, 0x00, 0x00,
  0x00, 0x00, 0x00, 0x00, 0x00, 0x00, 0x00, 0x00, 0x00, 0x00, 0x00, 0x00,
  0x00, 0x00, 0x00, 0x00, 0x00, 0x00, 0x00, 0x00, 0x00, 0x00, 0x00, 0x00,
  0x00, 0x00, 0x00, 0x00, 0x00, 0x00, 0x00, 0x00, 0x00, 0x00, 0x00, 0x00,
  0x00, 0x00, 0x00, 0x00, 0x00, 0x00, 0x00, 0x00, 0x00, 0x00, 0x00, 0x00,
  0x00, 0x00, 0x00, 0x00, 0x00, 0x00, 0x00, 0x00, 0x00, 0x00, 0x00, 0x00,
  0x00, 0x00, 0x00, 0x00, 0x00, 0x00, 0x00, 0x00, 0x00, 0x00, 0x00, 0x00,
  0x00, 0x00, 0x00, 0x00, 0x00, 0x00, 0x00, 0x00, 0x00, 0x00, 0x00, 0x00,
  0x00, 0x00, 0x00, 0x00, 0x00, 0x00, 0x00, 0x00, 0x00, 0x00, 0x00, 0x00,
  0x00, 0x00, 0x00, 0x00, 0x00, 0x00, 0x00, 0x00, 0x00, 0x00, 0x00, 0x00,
  0x00, 0x00, 0x00, 0x00, 0x00, 0x00, 0x00, 0x00, 0x00, 0x00, 0x00, 0x00,
  0x00, 0x00, 0x00, 0x00, 0x00, 0x00, 0x00, 0x00, 0x00, 0x00, 0x00, 0x00,
  0x00, 0x00, 0x00, 0x00, 0x00, 0x00, 0x00, 0x00, 0x00, 0x00, 0x00, 0x00,
  0x00, 0x00, 0x00, 0x00, 0x00, 0x00, 0x00, 0x00, 0x00, 0x00, 0x00, 0x00,
  0x00, 0x00, 0x00, 0x00, 0x00, 0x00, 0x00, 0x00, 0x00, 0x00, 0x00, 0x00,
  0x00, 0x00, 0x00, 0x00, 0x00, 0x00, 0x00, 0x00, 0x00, 0x00, 0x00, 0x00,
  0x00, 0x00, 0x00, 0x00, 0x00, 0x00, 0x00, 0x00, 0x00, 0x00, 0x00, 0x00,
  0x00, 0x00, 0x00, 0x00, 0x00, 0x00, 0x00, 0x00, 0x00, 0x00, 0x00, 0x00,
  0x00, 0x00, 0x00, 0x00, 0x00, 0x00, 0x00, 0x00, 0x00, 0x00, 0x00, 0x00,
  0x00, 0x00, 0x00, 0x00, 0x00, 0x00, 0x00, 0x00, 0x00, 0x00, 0x00, 0x00,
  0x00, 0x00, 0x00, 0x00, 0x00, 0x00, 0x00, 0x00, 0x00, 0x00, 0x00, 0x00,
  0x00, 0x00, 0x00, 0x00, 0x00, 0x00, 0x00, 0x00, 0x00, 0x00, 0x00, 0x00,
  0x00, 0x00, 0x00, 0x00, 0x00, 0x00, 0x00, 0x00, 0x00, 0x00, 0x00, 0x00,
  0x00, 0x00, 0x00, 0x00, 0x00, 0x00, 0x00, 0x00, 0x00, 0x00, 0x00, 0x00,
  0x00, 0x00, 0x00, 0x00, 0x00, 0x00, 0x00, 0x00, 0x00, 0x00, 0x00, 0x00,
  0x00, 0x00, 0x00, 0x00, 0x00, 0x00, 0x00, 0x00, 0x00, 0x00, 0x00, 0x00,
  0x00, 0x00, 0x00, 0x00, 0x00, 0x00, 0x00, 0x00, 0x00, 0x00, 0x00, 0x00,
  0x00, 0x00, 0x00, 0x00, 0x00, 0x00, 0x00, 0x00, 0x00, 0x00, 0x00, 0x00,
  0x00, 0x00, 0x00, 0x00, 0x00, 0x00, 0x00, 0x00, 0x00, 0x00, 0x00, 0x00,
  0x00, 0x00, 0x00, 0x00, 0x00, 0x00, 0x00, 0x00, 0x00, 0x00, 0x00, 0x00,
  0x00, 0x00, 0x00, 0x00, 0x00, 0x00, 0x00, 0x00, 0x00, 0x00, 0x00, 0x00,
  0x00, 0x00, 0x00, 0x00, 0x00, 0x00, 0x00, 0x00, 0x00, 0x00, 0x00, 0x00,
  0x00, 0x00, 0x00, 0x00, 0x00, 0x00, 0x00, 0x00, 0x00, 0x00, 0x00, 0x00,
  0x00, 0x00, 0x00, 0x00, 0x00, 0x00, 0x00, 0x00, 0x00, 0x00, 0x00, 0x00,
  0x00, 0x00, 0x00, 0x00, 0x00, 0x00, 0x00, 0x00, 0x00, 0x00, 0x00, 0x00,
  0x00, 0x00, 0x00, 0x00, 0x00, 0x00, 0x00, 0x00, 0x00, 0x00, 0x00, 0x00,
  0x00, 0x00, 0x00, 0x00, 0x00, 0x00, 0x00, 0x00, 0x00, 0x00, 0x00, 0x00,
  0x00, 0x00, 0x00, 0x00, 0x00, 0x00, 0x00, 0x00, 0x00, 0x00, 0x00, 0x00,
  0x00, 0x00, 0x00, 0x00, 0x00, 0x00, 0x00, 0x00, 0x00, 0x00, 0x00, 0x00,
  0x00, 0x00, 0x00, 0x00, 0x00, 0x00, 0x00, 0x00, 0x00, 0x00, 0x00, 0x00,
  0x00, 0x00, 0x00, 0x00, 0x00, 0x00, 0x00, 0x00, 0x00, 0x00, 0x00, 0x00,
  0x00, 0x00, 0x00, 0x00, 0x00, 0x00, 0x00, 0x00, 0x00, 0x00, 0x00, 0x00,
  0x00, 0x00, 0x00, 0x00, 0x00, 0x00, 0x00, 0x00, 0x00, 0x00, 0x00, 0x00,
  0x00, 0x00, 0x00, 0x00, 0x00, 0x00, 0x00, 0x00, 0x00, 0x00, 0x00, 0x00,
  0x00, 0x00, 0x00, 0x00, 0x00, 0x00, 0x00, 0x00, 0x00, 0x00, 0x00, 0x00,
  0x00, 0x00, 0x00, 0x00, 0x00, 0x00, 0x00, 0x00, 0x00, 0x00, 0x00, 0x00,
  0x00, 0x00, 0x00, 0x00, 0x00, 0x00, 0x00, 0x00, 0x00, 0x00, 0x00, 0x00,
  0x00, 0x00, 0x00, 0x00, 0x00, 0x00, 0x00, 0x00, 0x00, 0x00, 0x00, 0x00,
  0x00, 0x00, 0x00, 0x00, 0x00, 0x00, 0x00, 0x00, 0x00, 0x00, 0x00, 0x00,
  0x00, 0x00, 0x00, 0x00, 0x00, 0x00, 0x00, 0x00, 0x00, 0x00, 0x00, 0x00,
  0x00, 0x00, 0x00, 0x00, 0x00, 0x00, 0x00, 0x00, 0x00, 0x00, 0x00, 0x00,
  0x00, 0x00, 0x00, 0x00, 0x00, 0x00, 0x00, 0x00, 0x00, 0x00, 0x00, 0x00,
  0x00, 0x00, 0x00, 0x00, 0x00, 0x00, 0x00, 0x00, 0x00, 0x00, 0x00, 0x00,
  0x00, 0x00, 0x00, 0x00, 0x00, 0x00, 0x00, 0x00, 0x00, 0x00, 0x00, 0x00,
  0x00, 0x00, 0x00, 0x00, 0x00, 0x00, 0x00, 0x00, 0x00, 0x00, 0x00, 0x00,
  0x00, 0x00, 0x00, 0x00, 0x00, 0x00, 0x00, 0x00, 0x00, 0x00, 0x00, 0x00,
  0x00, 0x00, 0x00, 0x00, 0x00, 0x00, 0x00, 0x00, 0x00, 0x00, 0x00, 0x00,
  0x00, 0x00, 0x00, 0x00, 0x00, 0x00, 0x00, 0x00, 0x00, 0x00, 0x00, 0x00,
  0x00, 0x00, 0x00, 0x00, 0x00, 0x00, 0x00, 0x00, 0x00, 0x00, 0x00, 0x00,
  0x00, 0x00, 0x00, 0x00, 0x00, 0x00, 0x00, 0x00, 0x00, 0x00, 0x00, 0x00,
  0x00, 0x00, 0x00, 0x00, 0x00, 0x00, 0x00, 0x00, 0x00, 0x00, 0x00, 0x00,
  0x00, 0x00, 0x00, 0x00, 0x00, 0x00, 0x00, 0x00, 0x00, 0x00, 0x00, 0x00,
  0x00, 0x00, 0x00, 0x00, 0x00, 0x00, 0x00, 0x00, 0x00, 0x00, 0x00, 0x00,
  0x00, 0x00, 0x00, 0x00, 0x00, 0x00, 0x00, 0x00, 0x00, 0x00, 0x00, 0x00,
  0x00, 0x00, 0x00, 0x00, 0x00, 0x00, 0x00, 0x00, 0x00, 0x00, 0x00, 0x00,
  0x00, 0x00, 0x00, 0x00, 0x00, 0x00, 0x00, 0x00, 0x00, 0x00, 0x00, 0x00,
  0x00, 0x00, 0x00, 0x00, 0x00, 0x00, 0x00, 0x00, 0x00, 0x00, 0x00, 0x00,
  0x00, 0x00, 0x00, 0x00, 0x00, 0x00, 0x00, 0x00, 0x00, 0x00, 0x00, 0x00,
  0x00, 0x00, 0x00, 0x00, 0x00, 0x00, 0x00, 0x00, 0x00, 0x00, 0x00, 0x00,
  0x00, 0x00, 0x00, 0x00, 0x00, 0x00, 0x00, 0x00, 0x00, 0x00, 0x00, 0x00,
  0x00, 0x00, 0x00, 0x00, 0x00, 0x00, 0x00, 0x00, 0x00, 0x00, 0x00, 0x00,
  0x00, 0x00, 0x00, 0x00, 0x00, 0x00, 0x00, 0x00, 0x00, 0x00, 0x00, 0x00,
  0x00, 0x00, 0x00, 0x00, 0x00, 0x00, 0x00, 0x00, 0x00, 0x00, 0x00, 0x00,
  0x00, 0x00, 0x00, 0x00, 0x00, 0x00, 0x00, 0x00, 0x00, 0x00, 0x00, 0x00,
  0x00, 0x00, 0x00, 0x00, 0x00, 0x00, 0x00, 0x00, 0x00, 0x00, 0x00, 0x00,
  0x00, 0x00, 0x00, 0x00, 0x00, 0x00, 0x00, 0x00, 0x00, 0x00, 0x00, 0x00,
  0x00, 0x00, 0x00, 0x00, 0x00, 0x00, 0x00, 0x00, 0x00, 0x00, 0x00, 0x00,
  0x00, 0x00, 0x00, 0x00, 0x00, 0x00, 0x00, 0x00, 0x00, 0x00, 0x00, 0x00,
  0x00, 0x00, 0x00, 0x00, 0x00, 0x00, 0x00, 0x00, 0x00, 0x00, 0x00, 0x00,
  0x00, 0x00, 0x00, 0x00, 0x00, 0x00, 0x00, 0x00, 0x00, 0x00, 0x00, 0x00,
  0x00, 0x00, 0x00, 0x00, 0x00, 0x00, 0x00, 0x00, 0x00, 0x00, 0x00, 0x00,
  0x00, 0x00, 0x00, 0x00, 0x00, 0x00, 0x00, 0x00, 0x00, 0x00, 0x00, 0x00,
  0x00, 0x00, 0x00, 0x00, 0x00, 0x00, 0x00, 0x00, 0x00, 0x00, 0x00, 0x00,
  0x00, 0x00, 0x00, 0x00, 0x00, 0x00, 0x00, 0x00, 0x00, 0x00, 0x00, 0x00,
  0x00, 0x00, 0x00, 0x00, 0x00, 0x00, 0x00, 0x00, 0x00, 0x00, 0x00, 0x00,
  0x00, 0x00, 0x00, 0x00, 0x00, 0x00, 0x00, 0x00, 0x00, 0x00, 0x00, 0x00,
  0x00, 0x00, 0x00, 0x00, 0x00, 0x00, 0x00, 0x00, 0x00, 0x00, 0x00, 0x00,
  0x00, 0x00, 0x00, 0x00, 0x00, 0x00, 0x00, 0x00, 0x00, 0x00, 0x00, 0x00,
  0x00, 0x00, 0x00, 0x00, 0x00, 0x00, 0x00, 0x00, 0x00, 0x00, 0x00, 0x00,
  0x00, 0x00, 0x00, 0x00, 0x00, 0x00, 0x00, 0x00, 0x00, 0x00, 0x00, 0x00,
  0x00, 0x00, 0x00, 0x00, 0x00, 0x00, 0x00, 0x00, 0x00, 0x00, 0x00, 0x00,
  0x00, 0x00, 0x00, 0x00, 0x00, 0x00, 0x00, 0x00, 0x00, 0x00, 0x00, 0x00,
  0x00, 0x00, 0x00, 0x00, 0x00, 0x00, 0x00, 0x00, 0x00, 0x00, 0x00, 0x00,
  0x00, 0x00, 0x00, 0x00, 0x00, 0x00, 0x00, 0x00, 0x00, 0x00, 0x00, 0x00,
  0x00, 0x00, 0x00, 0x00, 0x00, 0x00, 0x00, 0x00, 0x00, 0x00, 0x00, 0x00,
  0x00, 0x00, 0x00, 0x00, 0x00, 0x00, 0x00, 0x00, 0x00, 0x00, 0x00, 0x00,
  0x00, 0x00, 0x00, 0x00, 0x00, 0x00, 0x00, 0x00, 0x00, 0x00, 0x00, 0x00,
  0x00, 0x00, 0x00, 0x00, 0x00, 0x00, 0x00, 0x00, 0x00, 0x00, 0x00, 0x00,
  0x00, 0x00, 0x00, 0x00, 0x00, 0x00, 0x00, 0x00, 0x00, 0x00, 0x00, 0x00,
  0x00, 0x00, 0x00, 0x00, 0x00, 0x00, 0x00, 0x00, 0x00, 0x00, 0x00, 0x00,
  0x00, 0x00, 0x00, 0x00, 0x00, 0x00, 0x00, 0x00, 0x00, 0x00, 0x00, 0x00,
  0x00, 0x00, 0x00, 0x00, 0x00, 0x00, 0x00, 0x00, 0x00, 0x00, 0x00, 0x00,
  0x00, 0x00, 0x00, 0x00, 0x00, 0x00, 0x00, 0x00, 0x00, 0x00, 0x00, 0x00,
  0x00, 0x00, 0x00, 0x00, 0x00, 0x00, 0x00, 0x00, 0x00, 0x00, 0x00, 0x00,
  0x00, 0x00, 0x00, 0x00, 0x00, 0x00, 0x00, 0x00, 0x00, 0x00, 0x00, 0x00,
  0x00, 0x00, 0x00, 0x00, 0x00, 0x00, 0x00, 0x00, 0x00, 0x00, 0x00, 0x00,
  0x00, 0x00, 0x00, 0x00, 0x00, 0x00, 0x00, 0x00, 0x00, 0x00, 0x00, 0x00,
  0x00, 0x00, 0x00, 0x00, 0x00, 0x00, 0x00, 0x00, 0x00, 0x00, 0x00, 0x00,
  0x00, 0x00, 0x00, 0x00, 0x00, 0x00, 0x00, 0x00, 0x00, 0x00, 0x00, 0x00,
  0x00, 0x00, 0x00, 0x00, 0x00, 0x00, 0x00, 0x00, 0x00, 0x00, 0x00, 0x00,
  0x00, 0x00, 0x00, 0x00, 0x00, 0x00, 0x00, 0x00, 0x00, 0x00, 0x00, 0x00,
  0x00, 0x00, 0x00, 0x00, 0x00, 0x00, 0x00, 0x00, 0x00, 0x00, 0x00, 0x00,
  0x00, 0x00, 0x00, 0x00, 0x00, 0x00, 0x00, 0x00, 0x00, 0x00, 0x00, 0x00,
  0x00, 0x00, 0x00, 0x00, 0x00, 0x00, 0x00, 0x00, 0x00, 0x00, 0x00, 0x00,
  0x00, 0x00, 0x00, 0x00, 0x00, 0x00, 0x00, 0x00, 0x00, 0x00, 0x00, 0x00,
  0x00, 0x00, 0x00, 0x00, 0x00, 0x00, 0x00, 0x00, 0x00, 0x00, 0x00, 0x00,
  0x00, 0x00, 0x00, 0x00, 0x00, 0x00, 0x00, 0x00, 0x00, 0x00, 0x00, 0x00,
  0x00, 0x00, 0x00, 0x00, 0x00, 0x00, 0x00, 0x00, 0x00, 0x00, 0x00, 0x00,
  0x00, 0x00, 0x00, 0x00, 0x00, 0x00, 0x00, 0x00, 0x00, 0x00, 0x00, 0x00,
  0x00, 0x00, 0x00, 0x00, 0x00, 0x00, 0x00, 0x00, 0x00, 0x00, 0x00, 0x00,
  0x00, 0x00, 0x00, 0x00, 0x00, 0x00, 0x00, 0x00, 0x00, 0x00, 0x00, 0x00,
  0x00, 0x00, 0x00, 0x00, 0x00, 0x00, 0x00, 0x00, 0x00, 0x00, 0x00, 0x00,
  0x00, 0x00, 0x00, 0x00, 0x00, 0x00, 0x00, 0x00, 0x00, 0x00, 0x00, 0x00,
  0x00, 0x00, 0x00, 0x00, 0x00, 0x00, 0x00, 0x00, 0x00, 0x00, 0x00, 0x00,
  0x00, 0x00, 0x00, 0x00, 0x00, 0x00, 0x00, 0x00, 0x00, 0x00, 0x00, 0x00,
  0x00, 0x00, 0x00, 0x00, 0x00, 0x00, 0x00, 0x00, 0x00, 0x00, 0x00, 0x00,
  0x00, 0x00, 0x00, 0x00, 0x00, 0x00, 0x00, 0x00, 0x00, 0x00, 0x00, 0x00,
  0x00, 0x00, 0x00, 0x00, 0x00, 0x00, 0x00, 0x00, 0x00, 0x00, 0x00, 0x00,
  0x00, 0x00, 0x00, 0x00, 0x00, 0x00, 0x00, 0x00, 0x00, 0x00, 0x00, 0x00,
  0x00, 0x00, 0x00, 0x00, 0x00, 0x00, 0x00, 0x00, 0x00, 0x00, 0x00, 0x00,
  0x00, 0x00, 0x00, 0x00, 0x00, 0x00, 0x00, 0x00, 0x00, 0x00, 0x00, 0x00,
  0x00, 0x00, 0x00, 0x00, 0x00, 0x00, 0x00, 0x00, 0x00, 0x00, 0x00, 0x00,
  0x00, 0x00, 0x00, 0x00, 0x00, 0x00, 0x00, 0x00, 0x00, 0x00, 0x00, 0x00,
  0x00, 0x00, 0x00, 0x00, 0x00, 0x00, 0x00, 0x00, 0x00, 0x00, 0x00, 0x00,
  0x00, 0x00, 0x00, 0x00, 0x00, 0x00, 0x00, 0x00, 0x00, 0x00, 0x00, 0x00,
  0x00, 0x00, 0x00, 0x00, 0x00, 0x00, 0x00, 0x00, 0x00, 0x00, 0x00, 0x00,
  0x00, 0x00, 0x00, 0x00, 0x00, 0x00, 0x00, 0x00, 0x00, 0x00, 0x00, 0x00,
  0x00, 0x00, 0x00, 0x00, 0x00, 0x00, 0x00, 0x00, 0x00, 0x00, 0x00, 0x00,
  0x00, 0x00, 0x00, 0x00, 0x00, 0x00, 0x00, 0x00, 0x00, 0x00, 0x00, 0x00,
  0x00, 0x00, 0x00, 0x00, 0x00, 0x00, 0x00, 0x00, 0x00, 0x00, 0x00, 0x00,
  0x00, 0x00, 0x00, 0x00, 0x00, 0x00, 0x00, 0x00, 0x00, 0x00, 0x00, 0x00,
  0x00, 0x00, 0x00, 0x00, 0x00, 0x00, 0x00, 0x00, 0x00, 0x00, 0x00, 0x00,
  0x00, 0x00, 0x00, 0x00, 0x00, 0x00, 0x00, 0x00, 0x00, 0x00, 0x00, 0x00,
  0x00, 0x00, 0x00, 0x00, 0x00, 0x00, 0x00, 0x00, 0x00, 0x00, 0x00, 0x00,
  0x00, 0x00, 0x00, 0x00, 0x00, 0x00, 0x00, 0x00, 0x00, 0x00, 0x00, 0x00,
  0x00, 0x00, 0x00, 0x00, 0x00, 0x00, 0x00, 0x00, 0x00, 0x00, 0x00, 0x00,
  0x00, 0x00, 0x00, 0x00, 0x00, 0x00, 0x00, 0x00, 0x00, 0x00, 0x00, 0x00,
  0x00, 0x00, 0x00, 0x00, 0x00, 0x00, 0x00, 0x00, 0x00, 0x00, 0x00, 0x00,
  0x00, 0x00, 0x00, 0x00, 0x00, 0x00, 0x00, 0x00, 0x00, 0x00, 0x00, 0x00,
  0x00, 0x00, 0x00, 0x00, 0x00, 0x00, 0x00, 0x00, 0x00, 0x00, 0x00, 0x00,
  0x00, 0x00, 0x00, 0x00, 0x00, 0x00, 0x00, 0x00, 0x00, 0x00, 0x00, 0x00,
  0x00, 0x00, 0x00, 0x00, 0x00, 0x00, 0x00, 0x00, 0x00, 0x00, 0x00, 0x00,
  0x00, 0x00, 0x00, 0x00, 0x00, 0x00, 0x00, 0x00, 0x00, 0x00, 0x00, 0x00,
  0x00, 0x00, 0x00, 0x00, 0x00, 0x00, 0x00, 0x00, 0x00, 0x00, 0x00, 0x00,
  0x00, 0x00, 0x00, 0x00, 0x00, 0x00, 0x00, 0x00, 0x00, 0x00, 0x00, 0x00,
  0x00, 0x00, 0x00, 0x00, 0x00, 0x00, 0x00, 0x00, 0x00, 0x00, 0x00, 0x00,
  0x00, 0x00, 0x00, 0x00, 0x00, 0x00, 0x00, 0x00, 0x00, 0x00, 0x00, 0x00,
  0x00, 0x00, 0x00, 0x00, 0x00, 0x00, 0x00, 0x00, 0x00, 0x00, 0x00, 0x00,
  0x00, 0x00, 0x00, 0x00, 0x00, 0x00, 0x00, 0x00, 0x00, 0x00, 0x00, 0x00,
  0x00, 0x00, 0x00, 0x00, 0x00, 0x00, 0x00, 0x00, 0x00, 0x00, 0x00, 0x00,
  0x00, 0x00, 0x00, 0x00, 0x00, 0x00, 0x00, 0x00, 0x00, 0x00, 0x00, 0x00,
  0x00, 0x00, 0x00, 0x00, 0x00, 0x00, 0x00, 0x00, 0x00, 0x00, 0x00, 0x00,
  0x00, 0x00, 0x00, 0x00, 0x00, 0x00, 0x00, 0x00, 0x00, 0x00, 0x00, 0x00,
  0x00, 0x00, 0x00, 0x00, 0x00, 0x00, 0x00, 0x00, 0x00, 0x00, 0x00, 0x00,
  0x00, 0x00, 0x00, 0x00, 0x00, 0x00, 0x00, 0x00, 0x00, 0x00, 0x00, 0x00,
  0x00, 0x00, 0x00, 0x00, 0x00, 0x00, 0x00, 0x00, 0x00, 0x00, 0x00, 0x00,
  0x00, 0x00, 0x00, 0x00, 0x00, 0x00, 0x00, 0x00, 0x00, 0x00, 0x00, 0x00,
  0x00, 0x00, 0x00, 0x00, 0x00, 0x00, 0x00, 0x00, 0x00, 0x00, 0x00, 0x00,
  0x00, 0x00, 0x00, 0x00, 0x00, 0x00, 0x00, 0x00, 0x00, 0x00, 0x00, 0x00,
  0x00, 0x00, 0x00, 0x00, 0x00, 0x00, 0x00, 0x00, 0x00, 0x00, 0x00, 0x00,
  0x00, 0x00, 0x00, 0x00, 0x00, 0x00, 0x00, 0x00, 0x00, 0x00, 0x00, 0x00,
  0x00, 0x00, 0x00, 0x00, 0x00, 0x00, 0x00, 0x00, 0x00, 0x00, 0x00, 0x00,
  0x00, 0x00, 0x00, 0x00, 0x00, 0x00, 0x00, 0x00, 0x00, 0x00, 0x00, 0x00,
  0x00, 0x00, 0x00, 0x00, 0x00, 0x00, 0x00, 0x00, 0x00, 0x00, 0x00, 0x00,
  0x00, 0x00, 0x00, 0x00, 0x00, 0x00, 0x00, 0x00, 0x00, 0x00, 0x00, 0x00,
  0x00, 0x00, 0x00, 0x00, 0x00, 0x00, 0x00, 0x00, 0x00, 0x00, 0x00, 0x00,
  0x00, 0x00, 0x00, 0x00, 0x00, 0x00, 0x00, 0x00, 0x00, 0x00, 0x00, 0x00,
  0x00, 0x00, 0x00, 0x00, 0x00, 0x00, 0x00, 0x00, 0x00, 0x00, 0x00, 0x00,
  0x00, 0x00, 0x00, 0x00, 0x00, 0x00, 0x00, 0x00, 0x00, 0x00, 0x00, 0x00,
  0x00, 0x00, 0x00, 0x00, 0x00, 0x00, 0x00, 0x00, 0x00, 0x00, 0x00, 0x00,
  0x00, 0x00, 0x00, 0x00, 0x00, 0x00, 0x00, 0x00, 0x00, 0x00, 0x00, 0x00,
  0x00, 0x00, 0x00, 0x00, 0x00, 0x00, 0x00, 0x00, 0x00, 0x00, 0x00, 0x00,
  0x00, 0x00, 0x00, 0x00, 0x00, 0x00, 0x00, 0x00, 0x00, 0x00, 0x00, 0x00,
  0x00, 0x00, 0x00, 0x00, 0x00, 0x00, 0x00, 0x00, 0x00, 0x00, 0x00, 0x00,
  0x00, 0x00, 0x00, 0x00, 0x00, 0x00, 0x00, 0x00, 0x00, 0x00, 0x00, 0x00,
  0x00, 0x00, 0x00, 0x00, 0x00, 0x00, 0x00, 0x00, 0x00, 0x00, 0x00, 0x00,
  0x00, 0x00, 0x00, 0x00, 0x00, 0x00, 0x00, 0x00, 0x00, 0x00, 0x00, 0x00,
  0x00, 0x00, 0x00, 0x00, 0x00, 0x00, 0x00, 0x00, 0x00, 0x00, 0x00, 0x00,
  0x00, 0x00, 0x00, 0x00, 0x00, 0x00, 0x00, 0x00, 0x00, 0x00, 0x00, 0x00,
  0x00, 0x00, 0x00, 0x00, 0x00, 0x00, 0x00, 0x00, 0x00, 0x00, 0x00, 0x00,
  0x00, 0x00, 0x00, 0x00, 0x00, 0x00, 0x00, 0x00, 0x00, 0x00, 0x00, 0x00,
  0x00, 0x00, 0x00, 0x00, 0x00, 0x00, 0x00, 0x00, 0x00, 0x00, 0x00, 0x00,
  0x00, 0x00, 0x00, 0x00, 0x00, 0x00, 0x00, 0x00, 0x00, 0x00, 0x00, 0x00,
  0x00, 0x00, 0x00, 0x00, 0x00, 0x00, 0x00, 0x00, 0x00, 0x00, 0x00, 0x00,
  0x00, 0x00, 0x00, 0x00, 0x00, 0x00, 0x00, 0x00, 0x00, 0x00, 0x00, 0x00,
  0x00, 0x00, 0x00, 0x00, 0x00, 0x00, 0x00, 0x00, 0x00, 0x00, 0x00, 0x00,
  0x00, 0x00, 0x00, 0x00, 0x00, 0x00, 0x00, 0x00, 0x00, 0x00, 0x00, 0x00,
  0x00, 0x00, 0x00, 0x00, 0x00, 0x00, 0x00, 0x00, 0x00, 0x00, 0x00, 0x00,
  0x00, 0x00, 0x00, 0x00, 0x00, 0x00, 0x00, 0x00, 0x00, 0x00, 0x00, 0x00,
  0x00, 0x00, 0x00, 0x00, 0x00, 0x00, 0x00, 0x00, 0x00, 0x00, 0x00, 0x00,
  0x00, 0x00, 0x00, 0x00, 0x00, 0x00, 0x00, 0x00, 0x00, 0x00, 0x00, 0x00,
  0x00, 0x00, 0x00, 0x00, 0x00, 0x00, 0x00, 0x00, 0x00, 0x00, 0x00, 0x00,
  0x00, 0x00, 0x00, 0x00, 0x00, 0x00, 0x00, 0x00, 0x00, 0x00, 0x00, 0x00,
  0x00, 0x00, 0x00, 0x00, 0x00, 0x00, 0x00, 0x00, 0x00, 0x00, 0x00, 0x00,
  0x00, 0x00, 0x00, 0x00, 0x00, 0x00, 0x00, 0x00, 0x00, 0x00, 0x00, 0x00,
  0x00, 0x00, 0x00, 0x00, 0x00, 0x00, 0x00, 0x00, 0x00, 0x00, 0x00, 0x00,
  0x00, 0x00, 0x00, 0x00, 0x00, 0x00, 0x00, 0x00, 0x00, 0x00, 0x00, 0x00,
  0x00, 0x00, 0x00, 0x00, 0x00, 0x00, 0x00, 0x00, 0x00, 0x00, 0x00, 0x00,
  0x00, 0x00, 0x00, 0x00, 0x00, 0x00, 0x00, 0x00, 0x00, 0x00, 0x00, 0x00,
  0x00, 0x00, 0x00, 0x00, 0x00, 0x00, 0x00, 0x00, 0x00, 0x00, 0x00, 0x00,
  0x00, 0x00, 0x00, 0x00, 0x00, 0x00, 0x00, 0x00, 0x00, 0x00, 0x00, 0x00,
  0x00, 0x00, 0x00, 0x00, 0x00, 0x00, 0x00, 0x00, 0x00, 0x00, 0x00, 0x00,
  0x00, 0x00, 0x00, 0x00, 0x00, 0x00, 0x00, 0x00, 0x00, 0x00, 0x00, 0x00,
  0x00, 0x00, 0x00, 0x00, 0x00, 0x00, 0x00, 0x00, 0x00, 0x00, 0x00, 0x00,
  0x00, 0x00, 0x00, 0x00, 0x00, 0x00, 0x00, 0x00, 0x00, 0x00, 0x00, 0x00,
  0x00, 0x00, 0x00, 0x00, 0x00, 0x00, 0x00, 0x00, 0x00, 0x00, 0x00, 0x00,
  0x00, 0x00, 0x00, 0x00, 0x00, 0x00, 0x00, 0x00, 0x00, 0x00, 0x00, 0x00,
  0x00, 0x00, 0x00, 0x00, 0x00, 0x00, 0x00, 0x00, 0x00, 0x00, 0x00, 0x00,
  0x00, 0x00, 0x00, 0x00, 0x00, 0x00, 0x00, 0x00, 0x00, 0x00, 0x00, 0x00,
  0x00, 0x00, 0x00, 0x00, 0x00, 0x00, 0x00, 0x00, 0x00, 0x00, 0x00, 0x00,
  0x00, 0x00, 0x00, 0x00, 0x00, 0x00, 0x00, 0x00, 0x00, 0x00, 0x00, 0x00,
  0x00, 0x00, 0x00, 0x00, 0x00, 0x00, 0x00, 0x00, 0x00, 0x00, 0x00, 0x00,
  0x00, 0x00, 0x00, 0x00, 0x00, 0x00, 0x00, 0x00, 0x00, 0x00, 0x00, 0x00,
  0x00, 0x00, 0x00, 0x00, 0x00, 0x00, 0x00, 0x00, 0x00, 0x00, 0x00, 0x00,
  0xf0, 0x22, 0x00, 0x00, 0x00, 0x00, 0x00, 0x00, 0xb0, 0x22, 0x00, 0x00,
  0x00, 0x00, 0x00, 0x00, 0x88, 0x9d, 0x00, 0x00, 0x00, 0x00, 0x00, 0x00,
  0x01, 0x00, 0x00, 0x00, 0x00, 0x00, 0x00, 0x00, 0xd8, 0x02, 0x00, 0x00,
  0x00, 0x00, 0x00, 0x00, 0x0c, 0x00, 0x00, 0x00, 0x00, 0x00, 0x00, 0x00,
  0x00, 0x20, 0x00, 0x00, 0x00, 0x00, 0x00, 0x00, 0x0d, 0x00, 0x00, 0x00,
  0x00, 0x00, 0x00, 0x00, 0x54, 0x6a, 0x00, 0x00, 0x00, 0x00, 0x00, 0x00,
  0x19, 0x00, 0x00, 0x00, 0x00, 0x00, 0x00, 0x00, 0x78, 0x9d, 0x00, 0x00,
  0x00, 0x00, 0x00, 0x00, 0x1b, 0x00, 0x00, 0x00, 0x00, 0x00, 0x00, 0x00,
  0x08, 0x00, 0x00, 0x00, 0x00, 0x00, 0x00, 0x00, 0x1a, 0x00, 0x00, 0x00,
  0x00, 0x00, 0x00, 0x00, 0x80, 0x9d, 0x00, 0x00, 0x00, 0x00, 0x00, 0x00,
  0x1c, 0x00, 0x00, 0x00, 0x00, 0x00, 0x00, 0x00, 0x08, 0x00, 0x00, 0x00,
  0x00, 0x00, 0x00, 0x00, 0xf5, 0xfe, 0xff, 0x6f, 0x00, 0x00, 0x00, 0x00,
  0x60, 0x02, 0x00, 0x00, 0x00, 0x00, 0x00, 0x00, 0x05, 0x00, 0x00, 0x00,
  0x00, 0x00, 0x00, 0x00, 0xd0, 0x06, 0x00, 0x00, 0x00, 0x00, 0x00, 0x00,
  0x06, 0x00, 0x00, 0x00, 0x00, 0x00, 0x00, 0x00, 0x98, 0x02, 0x00, 0x00,
  0x00, 0x00, 0x00, 0x00, 0x0a, 0x00, 0x00, 0x00, 0x00, 0x00, 0x00, 0x00,
  0xf8, 0x02, 0x00, 0x00, 0x00, 0x00, 0x00, 0x00, 0x0b, 0x00, 0x00, 0x00,
  0x00, 0x00, 0x00, 0x00, 0x18, 0x00, 0x00, 0x00, 0x00, 0x00, 0x00, 0x00,
  0x03, 0x00, 0x00, 0x00, 0x00, 0x00, 0x00, 0x00, 0x00, 0xa0, 0x00, 0x00,
  0x00, 0x00, 0x00, 0x00, 0x02, 0x00, 0x00, 0x00, 0x00, 0x00, 0x00, 0x00,
  0x00, 0x03, 0x00, 0x00, 0x00, 0x00, 0x00, 0x00, 0x14, 0x00, 0x00, 0x00,
  0x00, 0x00, 0x00, 0x00, 0x07, 0x00, 0x00, 0x00, 0x00, 0x00, 0x00, 0x00,
  0x17, 0x00, 0x00, 0x00, 0x00, 0x00, 0x00, 0x00, 0x10, 0x0d, 0x00, 0x00,
  0x00, 0x00, 0x00, 0x00, 0x07, 0x00, 0x00, 0x00, 0x00, 0x00, 0x00, 0x00,
  0x58, 0x0a, 0x00, 0x00, 0x00, 0x00, 0x00, 0x00, 0x08, 0x00, 0x00, 0x00,
  0x00, 0x00, 0x00, 0x00, 0xb8, 0x02, 0x00, 0x00, 0x00, 0x00, 0x00, 0x00,
  0x09, 0x00, 0x00, 0x00, 0x00, 0x00, 0x00, 0x00, 0x18, 0x00, 0x00, 0x00,
  0x00, 0x00, 0x00, 0x00, 0xfe, 0xff, 0xff, 0x6f, 0x00, 0x00, 0x00, 0x00,
  0x28, 0x0a, 0x00, 0x00, 0x00, 0x00, 0x00, 0x00, 0xff, 0xff, 0xff, 0x6f,
  0x00, 0x00, 0x00, 0x00, 0x01, 0x00, 0x00, 0x00, 0x00, 0x00, 0x00, 0x00,
  0xf0, 0xff, 0xff, 0x6f, 0x00, 0x00, 0x00, 0x00, 0xc8, 0x09, 0x00, 0x00,
  0x00, 0x00, 0x00, 0x00, 0xf9, 0xff, 0xff, 0x6f, 0x00, 0x00, 0x00, 0x00,
  0x12, 0x00, 0x00, 0x00, 0x00, 0x00, 0x00, 0x00, 0x00, 0x00, 0x00, 0x00,
  0x00, 0x00, 0x00, 0x00, 0x00, 0x00, 0x00, 0x00, 0x00, 0x00, 0x00, 0x00,
  0x00, 0x00, 0x00, 0x00, 0x00, 0x00, 0x00, 0x00, 0x00, 0x00, 0x00, 0x00,
  0x00, 0x00, 0x00, 0x00, 0x00, 0x00, 0x00, 0x00, 0x00, 0x00, 0x00, 0x00,
  0x00, 0x00, 0x00, 0x00, 0x00, 0x00, 0x00, 0x00, 0x00, 0x00, 0x00, 0x00,
  0x00, 0x00, 0x00, 0x00, 0x00, 0x00, 0x00, 0x00, 0x00, 0x00, 0x00, 0x00,
  0x00, 0x00, 0x00, 0x00, 0x00, 0x00, 0x00, 0x00, 0x00, 0x00, 0x00, 0x00,
  0x00, 0x00, 0x00, 0x00, 0x00, 0x00, 0x00, 0x00, 0x00, 0x00, 0x00, 0x00,
  0x70, 0x2f, 0x00, 0x00, 0x00, 0x00, 0x00, 0x00, 0x20, 0x45, 0x00, 0x00,
  0x00, 0x00, 0x00, 0x00, 0x00, 0x00, 0x00, 0x00, 0x00, 0x00, 0x00, 0x00,
  0x70, 0x33, 0x00, 0x00, 0x00, 0x00, 0x00, 0x00, 0x00, 0x00, 0x00, 0x00,
  0x00, 0x00, 0x00, 0x00, 0x00, 0x61, 0x00, 0x00, 0x00, 0x00, 0x00, 0x00,
  0xd0, 0x56, 0x00, 0x00, 0x00, 0x00, 0x00, 0x00, 0x50, 0x3b, 0x00, 0x00,
  0x00, 0x00, 0x00, 0x00, 0x00, 0x00, 0x00, 0x00, 0x00, 0x00, 0x00, 0x00,
  0x00, 0x00, 0x00, 0x00, 0x00, 0x00, 0x00, 0x00, 0x60, 0x60, 0x00, 0x00,
  0x00, 0x00, 0x00, 0x00, 0x00, 0x00, 0x00, 0x00, 0x00, 0x00, 0x00, 0x00,
  0x00, 0x00, 0x00, 0x00, 0x00, 0x00, 0x00, 0x00, 0x00, 0x00, 0x00, 0x00,
  0x00, 0x00, 0x00, 0x00, 0xa0, 0x61, 0x00, 0x00, 0x00, 0x00, 0x00, 0x00,
  0x00, 0x00, 0x00, 0x00, 0x00, 0x00, 0x00, 0x00, 0xd0, 0x55, 0x00, 0x00,
  0x00, 0x00, 0x00, 0x00, 0x00, 0x00, 0x00, 0x00, 0x00, 0x00, 0x00, 0x00,
  0xc0, 0x30, 0x00, 0x00, 0x00, 0x00, 0x00, 0x00, 0x00, 0x00, 0x00, 0x00,
  0x00, 0x00, 0x00, 0x00, 0x50, 0x44, 0x00, 0x00, 0x00, 0x00, 0x00, 0x00,
  0x90, 0x9d, 0x00, 0x00, 0x00, 0x00, 0x00, 0x00, 0x00, 0x00, 0x00, 0x00,
  0x00, 0x00, 0x00, 0x00, 0x00, 0x00, 0x00, 0x00, 0x00, 0x00, 0x00, 0x00,
  0x36, 0x20, 0x00, 0x00, 0x00, 0x00, 0x00, 0x00, 0x46, 0x20, 0x00, 0x00,
  0x00, 0x00, 0x00, 0x00, 0x56, 0x20, 0x00, 0x00, 0x00, 0x00, 0x00, 0x00,
  0x66, 0x20, 0x00, 0x00, 0x00, 0x00, 0x00, 0x00, 0x76, 0x20, 0x00, 0x00,
  0x00, 0x00, 0x00, 0x00, 0x86, 0x20, 0x00, 0x00, 0x00, 0x00, 0x00, 0x00,
  0x96, 0x20, 0x00, 0x00, 0x00, 0x00, 0x00, 0x00, 0xa6, 0x20, 0x00, 0x00,
  0x00, 0x00, 0x00, 0x00, 0xb6, 0x20, 0x00, 0x00, 0x00, 0x00, 0x00, 0x00,
  0xc6, 0x20, 0x00, 0x00, 0x00, 0x00, 0x00, 0x00, 0xd6, 0x20, 0x00, 0x00,
  0x00, 0x00, 0x00, 0x00, 0xe6, 0x20, 0x00, 0x00, 0x00, 0x00, 0x00, 0x00,
  0xf6, 0x20, 0x00, 0x00, 0x00, 0x00, 0x00, 0x00, 0x06, 0x21, 0x00, 0x00,
  0x00, 0x00, 0x00, 0x00, 0x16, 0x21, 0x00, 0x00, 0x00, 0x00, 0x00, 0x00,
  0x26, 0x21, 0x00, 0x00, 0x00, 0x00, 0x00, 0x00, 0x36, 0x21, 0x00, 0x00,
  0x00, 0x00, 0x00, 0x00, 0x46, 0x21, 0x00, 0x00, 0x00, 0x00, 0x00, 0x00,
  0x56, 0x21, 0x00, 0x00, 0x00, 0x00, 0x00, 0x00, 0x66, 0x21, 0x00, 0x00,
  0x00, 0x00, 0x00, 0x00, 0x76, 0x21, 0x00, 0x00, 0x00, 0x00, 0x00, 0x00,
  0x86, 0x21, 0x00, 0x00, 0x00, 0x00, 0x00, 0x00, 0x96, 0x21, 0x00, 0x00,
  0x00, 0x00, 0x00, 0x00, 0xa6, 0x21, 0x00, 0x00, 0x00, 0x00, 0x00, 0x00,
  0xb6, 0x21, 0x00, 0x00, 0x00, 0x00, 0x00, 0x00, 0xc6, 0x21, 0x00, 0x00,
  0x00, 0x00, 0x00, 0x00, 0xd6, 0x21, 0x00, 0x00, 0x00, 0x00, 0x00, 0x00,
  0xe6, 0x21, 0x00, 0x00, 0x00, 0x00, 0x00, 0x00, 0xf6, 0x21, 0x00, 0x00,
  0x00, 0x00, 0x00, 0x00, 0x06, 0x22, 0x00, 0x00, 0x00, 0x00, 0x00, 0x00,
  0x16, 0x22, 0x00, 0x00, 0x00, 0x00, 0x00, 0x00, 0x26, 0x22, 0x00, 0x00,
  0x00, 0x00, 0x00, 0x00, 0x00, 0x00, 0x00, 0x00, 0x00, 0x00, 0x00, 0x00,
  0x01, 0x00, 0x00, 0x00, 0x00, 0x00, 0x00, 0x00, 0x00, 0x00, 0x00, 0x00,
  0x00, 0x00, 0x00, 0x00, 0x00, 0x00, 0x00, 0x00, 0x00, 0x00, 0x00, 0x00,
  0x00, 0x00, 0x00, 0x00, 0x00, 0x00, 0x00, 0x00, 0x00, 0x00, 0x00, 0x00,
  0x00, 0x00, 0x00, 0x00, 0xb5, 0x76, 0x00, 0x00, 0x00, 0x00, 0x00, 0x00,
  0xf0, 0x79, 0x00, 0x00, 0x00, 0x00, 0x00, 0x00, 0x00, 0x00, 0x00, 0x00,
  0x00, 0x00, 0x00, 0x00, 0x00, 0x00, 0x00, 0x00, 0x00, 0x00, 0x00, 0x00,
  0xa0, 0xa1, 0x00, 0x00, 0x00, 0x00, 0x00, 0x00, 0x00, 0x00, 0x00, 0x00,
  0x00, 0x00, 0x00, 0x00, 0x00, 0x00, 0x00, 0x00, 0x00, 0x00, 0x00, 0x00,
  0x00, 0x00, 0x00, 0x00, 0x00, 0x00, 0x00, 0x00, 0x00, 0x00, 0x00, 0x00,
  0x00, 0x00, 0x00, 0x00, 0x00, 0x00, 0x00, 0x00, 0x00, 0x00, 0x00, 0x00,
  0x00, 0x00, 0x00, 0x00, 0x00, 0x00, 0x00, 0x00, 0x02, 0x00, 0x00, 0x00,
  0x00, 0x00, 0x00, 0x00, 0x50, 0x62, 0x00, 0x00, 0x00, 0x00, 0x00, 0x00,
  0x00, 0x00, 0x00, 0x00, 0x00, 0x00, 0x00, 0x00, 0x00, 0x00, 0x00, 0x00,
  0x00, 0x00, 0x00, 0x00, 0x47, 0x43, 0x43, 0x3a, 0x20, 0x28, 0x47, 0x4e,
  0x55, 0x29, 0x20, 0x31, 0x30, 0x2e, 0x32, 0x2e, 0x31, 0x20, 0x32, 0x30,
  0x32, 0x31, 0x30, 0x31, 0x33, 0x30, 0x20, 0x28, 0x52, 0x65, 0x64, 0x20,
  0x48, 0x61, 0x74, 0x20, 0x31, 0x30, 0x2e, 0x32, 0x2e, 0x31, 0x2d, 0x31,
  0x31, 0x29, 0x00, 0x00, 0x2e, 0x73, 0x68, 0x73, 0x74, 0x72, 0x74, 0x61,
  0x62, 0x00, 0x2e, 0x6e, 0x6f, 0x74, 0x65, 0x2e, 0x67, 0x6e, 0x75, 0x2e,
  0x62, 0x75, 0x69, 0x6c, 0x64, 0x2d, 0x69, 0x64, 0x00, 0x2e, 0x67, 0x6e,
  0x75, 0x2e, 0x68, 0x61, 0x73, 0x68, 0x00, 0x2e, 0x64, 0x79, 0x6e, 0x73,
  0x79, 0x6d, 0x00, 0x2e, 0x64, 0x79, 0x6e, 0x73, 0x74, 0x72, 0x00, 0x2e,
  0x67, 0x6e, 0x75, 0x2e, 0x76, 0x65, 0x72, 0x73, 0x69, 0x6f, 0x6e, 0x00,
  0x2e, 0x67, 0x6e, 0x75, 0x2e, 0x76, 0x65, 0x72, 0x73, 0x69, 0x6f, 0x6e,
  0x5f, 0x72, 0x00, 0x2e, 0x72, 0x65, 0x6c, 0x61, 0x2e, 0x64, 0x79, 0x6e,
  0x00, 0x2e, 0x72, 0x65, 0x6c, 0x61, 0x2e, 0x70, 0x6c, 0x74, 0x00, 0x2e,
  0x69, 0x6e, 0x69, 0x74, 0x00, 0x2e, 0x74, 0x65, 0x78, 0x74, 0x00, 0x2e,
  0x66, 0x69, 0x6e, 0x69, 0x00, 0x2e, 0x72, 0x6f, 0x64, 0x61, 0x74, 0x61,
  0x00, 0x2e, 0x65, 0x68, 0x5f, 0x66, 0x72, 0x61, 0x6d, 0x65, 0x5f, 0x68,
  0x64, 0x72, 0x00, 0x2e, 0x65, 0x68, 0x5f, 0x66, 0x72, 0x61, 0x6d, 0x65,
  0x00, 0x2e, 0x69, 0x6e, 0x69, 0x74, 0x5f, 0x61, 0x72, 0x72, 0x61, 0x79,
  0x00, 0x2e, 0x66, 0x69, 0x6e, 0x69, 0x5f, 0x61, 0x72, 0x72, 0x61, 0x79,
  0x00, 0x2e, 0x64, 0x61, 0x74, 0x61, 0x2e, 0x72, 0x65, 0x6c, 0x2e, 0x72,
  0x6f, 0x00, 0x2e, 0x64, 0x79, 0x6e, 0x61, 0x6d, 0x69, 0x63, 0x00, 0x2e,
  0x67, 0x6f, 0x74, 0x00, 0x2e, 0x67, 0x6f, 0x74, 0x2e, 0x70, 0x6c, 0x74,
  0x00, 0x2e, 0x64, 0x61, 0x74, 0x61, 0x00, 0x2e, 0x62, 0x73, 0x73, 0x00,
  0x2e, 0x63, 0x6f, 0x6d, 0x6d, 0x65, 0x6e, 0x74, 0x00, 0x00, 0x00, 0x00,
  0x00, 0x00, 0x00, 0x00, 0x00, 0x00, 0x00, 0x00, 0x00, 0x00, 0x00, 0x00,
  0x00, 0x00, 0x00, 0x00, 0x00, 0x00, 0x00, 0x00, 0x00, 0x00, 0x00, 0x00,
  0x00, 0x00, 0x00, 0x00, 0x00, 0x00, 0x00, 0x00, 0x00, 0x00, 0x00, 0x00,
  0x00, 0x00, 0x00, 0x00, 0x00, 0x00, 0x00, 0x00, 0x00, 0x00, 0x00, 0x00,
  0x00, 0x00, 0x00, 0x00, 0x00, 0x00, 0x00, 0x00, 0x00, 0x00, 0x00, 0x00,
  0x00, 0x00, 0x00, 0x00, 0x00, 0x00, 0x00, 0x00, 0x0b, 0x00, 0x00, 0x00,
  0x07, 0x00, 0x00, 0x00, 0x02, 0x00, 0x00, 0x00, 0x00, 0x00, 0x00, 0x00,
  0x38, 0x02, 0x00, 0x00, 0x00, 0x00, 0x00, 0x00, 0x38, 0x02, 0x00, 0x00,
  0x00, 0x00, 0x00, 0x00, 0x24, 0x00, 0x00, 0x00, 0x00, 0x00, 0x00, 0x00,
  0x00, 0x00, 0x00, 0x00, 0x00, 0x00, 0x00, 0x00, 0x04, 0x00, 0x00, 0x00,
  0x00, 0x00, 0x00, 0x00, 0x00, 0x00, 0x00, 0x00, 0x00, 0x00, 0x00, 0x00,
  0x1e, 0x00, 0x00, 0x00, 0xf6, 0xff, 0xff, 0x6f, 0x02, 0x00, 0x00, 0x00,
  0x00, 0x00, 0x00, 0x00, 0x60, 0x02, 0x00, 0x00, 0x00, 0x00, 0x00, 0x00,
  0x60, 0x02, 0x00, 0x00, 0x00, 0x00, 0x00, 0x00, 0x38, 0x00, 0x00, 0x00,
  0x00, 0x00, 0x00, 0x00, 0x03, 0x00, 0x00, 0x00, 0x00, 0x00, 0x00, 0x00,
  0x08, 0x00, 0x00, 0x00, 0x00, 0x00, 0x00, 0x00, 0x00, 0x00, 0x00, 0x00,
  0x00, 0x00, 0x00, 0x00, 0x28, 0x00, 0x00, 0x00, 0x0b, 0x00, 0x00, 0x00,
  0x02, 0x00, 0x00, 0x00, 0x00, 0x00, 0x00, 0x00, 0x98, 0x02, 0x00, 0x00,
  0x00, 0x00, 0x00, 0x00, 0x98, 0x02, 0x00, 0x00, 0x00, 0x00, 0x00, 0x00,
  0x38, 0x04, 0x00, 0x00, 0x00, 0x00, 0x00, 0x00, 0x04, 0x00, 0x00, 0x00,
  0x01, 0x00, 0x00, 0x00, 0x08, 0x00, 0x00, 0x00, 0x00, 0x00, 0x00, 0x00,
  0x18, 0x00, 0x00, 0x00, 0x00, 0x00, 0x00, 0x00, 0x30, 0x00, 0x00, 0x00,
  0x03, 0x00, 0x00, 0x00, 0x02, 0x00, 0x00, 0x00, 0x00, 0x00, 0x00, 0x00,
  0xd0, 0x06, 0x00, 0x00, 0x00, 0x00, 0x00, 0x00, 0xd0, 0x06, 0x00, 0x00,
  0x00, 0x00, 0x00, 0x00, 0xf8, 0x02, 0x00, 0x00, 0x00, 0x00, 0x00, 0x00,
  0x00, 0x00, 0x00, 0x00, 0x00, 0x00, 0x00, 0x00, 0x01, 0x00, 0x00, 0x00,
  0x00, 0x00, 0x00, 0x00, 0x00, 0x00, 0x00, 0x00, 0x00, 0x00, 0x00, 0x00,
  0x38, 0x00, 0x00, 0x00, 0xff, 0xff, 0xff, 0x6f, 0x02, 0x00, 0x00, 0x00,
  0x00, 0x00, 0x00, 0x00, 0xc8, 0x09, 0x00, 0x00, 0x00, 0x00, 0x00, 0x00,
  0xc8, 0x09, 0x00, 0x00, 0x00, 0x00, 0x00, 0x00, 0x5a, 0x00, 0x00, 0x00,
  0x00, 0x00, 0x00, 0x00, 0x03, 0x00, 0x00, 0x00, 0x00, 0x00, 0x00, 0x00,
  0x02, 0x00, 0x00, 0x00, 0x00, 0x00, 0x00, 0x00, 0x02, 0x00, 0x00, 0x00,
  0x00, 0x00, 0x00, 0x00, 0x45, 0x00, 0x00, 0x00, 0xfe, 0xff, 0xff, 0x6f,
  0x02, 0x00, 0x00, 0x00, 0x00, 0x00, 0x00, 0x00, 0x28, 0x0a, 0x00, 0x00,
  0x00, 0x00, 0x00, 0x00, 0x28, 0x0a, 0x00, 0x00, 0x00, 0x00, 0x00, 0x00,
  0x30, 0x00, 0x00, 0x00, 0x00, 0x00, 0x00, 0x00, 0x04, 0x00, 0x00, 0x00,
  0x01, 0x00, 0x00, 0x00, 0x08, 0x00, 0x00, 0x00, 0x00, 0x00, 0x00, 0x00,
  0x00, 0x00, 0x00, 0x00, 0x00, 0x00, 0x00, 0x00, 0x54, 0x00, 0x00, 0x00,
  0x04, 0x00, 0x00, 0x00, 0x02, 0x00, 0x00, 0x00, 0x00, 0x00, 0x00, 0x00,
  0x58, 0x0a, 0x00, 0x00, 0x00, 0x00, 0x00, 0x00, 0x58, 0x0a, 0x00, 0x00,
  0x00, 0x00, 0x00, 0x00, 0xb8, 0x02, 0x00, 0x00, 0x00, 0x00, 0x00, 0x00,
  0x03, 0x00, 0x00, 0x00, 0x00, 0x00, 0x00, 0x00, 0x08, 0x00, 0x00, 0x00,
  0x00, 0x00, 0x00, 0x00, 0x18, 0x00, 0x00, 0x00, 0x00, 0x00, 0x00, 0x00,
  0x5e, 0x00, 0x00, 0x00, 0x04, 0x00, 0x00, 0x00, 0x42, 0x00, 0x00, 0x00,
  0x00, 0x00, 0x00, 0x00, 0x10, 0x0d, 0x00, 0x00, 0x00, 0x00, 0x00, 0x00,
  0x10, 0x0d, 0x00, 0x00, 0x00, 0x00, 0x00, 0x00, 0x00, 0x03, 0x00, 0x00,
  0x00, 0x00, 0x00, 0x00, 0x03, 0x00, 0x00, 0x00, 0x15, 0x00, 0x00, 0x00,
  0x08, 0x00, 0x00, 0x00, 0x00, 0x00, 0x00, 0x00, 0x18, 0x00, 0x00, 0x00,
  0x00, 0x00, 0x00, 0x00, 0x68, 0x00, 0x00, 0x00, 0x01, 0x00, 0x00, 0x00,
  0x06, 0x00, 0x00, 0x00, 0x00, 0x00, 0x00, 0x00, 0x00, 0x20, 0x00, 0x00,
  0x00, 0x00, 0x00, 0x00, 0x00, 0x20, 0x00, 0x00, 0x00, 0x00, 0x00, 0x00,
  0x1a, 0x00, 0x00, 0x00, 0x00, 0x00, 0x00, 0x00, 0x00, 0x00, 0x00, 0x00,
  0x00, 0x00, 0x00, 0x00, 0x04, 0x00, 0x00, 0x00, 0x00, 0x00, 0x00, 0x00,
  0x00, 0x00, 0x00, 0x00, 0x00, 0x00, 0x00, 0x00, 0x63, 0x00, 0x00, 0x00,
  0x01, 0x00, 0x00, 0x00, 0x06, 0x00, 0x00, 0x00, 0x00, 0x00, 0x00, 0x00,
  0x20, 0x20, 0x00, 0x00, 0x00, 0x00, 0x00, 0x00, 0x20, 0x20, 0x00, 0x00,
  0x00, 0x00, 0x00, 0x00, 0x10, 0x02, 0x00, 0x00, 0x00, 0x00, 0x00, 0x00,
  0x00, 0x00, 0x00, 0x00, 0x00, 0x00, 0x00, 0x00, 0x10, 0x00, 0x00, 0x00,
  0x00, 0x00, 0x00, 0x00, 0x10, 0x00, 0x00, 0x00, 0x00, 0x00, 0x00, 0x00,
  0x6e, 0x00, 0x00, 0x00, 0x01, 0x00, 0x00, 0x00, 0x06, 0x00, 0x00, 0x00,
  0x00, 0x00, 0x00, 0x00, 0x30, 0x22, 0x00, 0x00, 0x00, 0x00, 0x00, 0x00,
  0x30, 0x22, 0x00, 0x00, 0x00, 0x00, 0x00, 0x00, 0x22, 0x48, 0x00, 0x00,
  0x00, 0x00, 0x00, 0x00, 0x00, 0x00, 0x00, 0x00, 0x00, 0x00, 0x00, 0x00,
  0x10, 0x00, 0x00, 0x00, 0x00, 0x00, 0x00, 0x00, 0x00, 0x00, 0x00, 0x00,
  0x00, 0x00, 0x00, 0x00, 0x74, 0x00, 0x00, 0x00, 0x01, 0x00, 0x00, 0x00,
  0x06, 0x00, 0x00, 0x00, 0x00, 0x00, 0x00, 0x00, 0x54, 0x6a, 0x00, 0x00,
  0x00, 0x00, 0x00, 0x00, 0x54, 0x6a, 0x00, 0x00, 0x00, 0x00, 0x00, 0x00,
  0x09, 0x00, 0x00, 0x00, 0x00, 0x00, 0x00, 0x00, 0x00, 0x00, 0x00, 0x00,
  0x00, 0x00, 0x00, 0x00, 0x04, 0x00, 0x00, 0x00, 0x00, 0x00, 0x00, 0x00,
  0x00, 0x00, 0x00, 0x00, 0x00, 0x00, 0x00, 0x00, 0x7a, 0x00, 0x00, 0x00,
  0x01, 0x00, 0x00, 0x00, 0x02, 0x00, 0x00, 0x00, 0x00, 0x00, 0x00, 0x00,
  0x00, 0x70, 0x00, 0x00, 0x00, 0x00, 0x00, 0x00, 0x00, 0x70, 0x00, 0x00,
  0x00, 0x00, 0x00, 0x00, 0x2b, 0x0a, 0x00, 0x00, 0x00, 0x00, 0x00, 0x00,
  0x00, 0x00, 0x00, 0x00, 0x00, 0x00, 0x00, 0x00, 0x20, 0x00, 0x00, 0x00,
  0x00, 0x00, 0x00, 0x00, 0x00, 0x00, 0x00, 0x00, 0x00, 0x00, 0x00, 0x00,
  0x82, 0x00, 0x00, 0x00, 0x01, 0x00, 0x00, 0x00, 0x02, 0x00, 0x00, 0x00,
  0x00, 0x00, 0x00, 0x00, 0x2c, 0x7a, 0x00, 0x00, 0x00, 0x00, 0x00, 0x00,
  0x2c, 0x7a, 0x00, 0x00, 0x00, 0x00, 0x00, 0x00, 0xe4, 0x00, 0x00, 0x00,
  0x00, 0x00, 0x00, 0x00, 0x00, 0x00, 0x00, 0x00, 0x00, 0x00, 0x00, 0x00,
  0x04, 0x00, 0x00, 0x00, 0x00, 0x00, 0x00, 0x00, 0x00, 0x00, 0x00, 0x00,
  0x00, 0x00, 0x00, 0x00, 0x90, 0x00, 0x00, 0x00, 0x01, 0x00, 0x00, 0x00,
  0x02, 0x00, 0x00, 0x00, 0x00, 0x00, 0x00, 0x00, 0x10, 0x7b, 0x00, 0x00,
  0x00, 0x00, 0x00, 0x00, 0x10, 0x7b, 0x00, 0x00, 0x00, 0x00, 0x00, 0x00,
  0x38, 0x05, 0x00, 0x00, 0x00, 0x00, 0x00, 0x00, 0x00, 0x00, 0x00, 0x00,
  0x00, 0x00, 0x00, 0x00, 0x08, 0x00, 0x00, 0x00, 0x00, 0x00, 0x00, 0x00,
  0x00, 0x00, 0x00, 0x00, 0x00, 0x00, 0x00, 0x00, 0x9a, 0x00, 0x00, 0x00,
  0x0e, 0x00, 0x00, 0x00, 0x03, 0x00, 0x00, 0x00, 0x00, 0x00, 0x00, 0x00,
  0x78, 0x9d, 0x00, 0x00, 0x00, 0x00, 0x00, 0x00, 0x78, 0x8d, 0x00, 0x00,
  0x00, 0x00, 0x00, 0x00, 0x08, 0x00, 0x00, 0x00, 0x00, 0x00, 0x00, 0x00,
  0x00, 0x00, 0x00, 0x00, 0x00, 0x00, 0x00, 0x00, 0x08, 0x00, 0x00, 0x00,
  0x00, 0x00, 0x00, 0x00, 0x08, 0x00, 0x00, 0x00, 0x00, 0x00, 0x00, 0x00,
  0xa6, 0x00, 0x00, 0x00, 0x0f, 0x00, 0x00, 0x00, 0x03, 0x00, 0x00, 0x00,
  0x00, 0x00, 0x00, 0x00, 0x80, 0x9d, 0x00, 0x00, 0x00, 0x00, 0x00, 0x00,
  0x80, 0x8d, 0x00, 0x00, 0x00, 0x00, 0x00, 0x00, 0x08, 0x00, 0x00, 0x00,
  0x00, 0x00, 0x00, 0x00, 0x00, 0x00, 0x00, 0x00, 0x00, 0x00, 0x00, 0x00,
  0x08, 0x00, 0x00, 0x00, 0x00, 0x00, 0x00, 0x00, 0x08, 0x00, 0x00, 0x00,
  0x00, 0x00, 0x00, 0x00, 0xb2, 0x00, 0x00, 0x00, 0x01, 0x00, 0x00, 0x00,
  0x03, 0x00, 0x00, 0x00, 0x00, 0x00, 0x00, 0x00, 0x88, 0x9d, 0x00, 0x00,
  0x00, 0x00, 0x00, 0x00, 0x88, 0x8d, 0x00, 0x00, 0x00, 0x00, 0x00, 0x00,
  0x08, 0x00, 0x00, 0x00, 0x00, 0x00, 0x00, 0x00, 0x00, 0x00, 0x00, 0x00,
  0x00, 0x00, 0x00, 0x00, 0x08, 0x00, 0x00, 0x00, 0x00, 0x00, 0x00, 0x00,
  0x00, 0x00, 0x00, 0x00, 0x00, 0x00, 0x00, 0x00, 0xbf, 0x00, 0x00, 0x00,
  0x06, 0x00, 0x00, 0x00, 0x03, 0x00, 0x00, 0x00, 0x00, 0x00, 0x00, 0x00,
  0x90, 0x9d, 0x00, 0x00, 0x00, 0x00, 0x00, 0x00, 0x90, 0x8d, 0x00, 0x00,
  0x00, 0x00, 0x00, 0x00, 0xc0, 0x01, 0x00, 0x00, 0x00, 0x00, 0x00, 0x00,
  0x04, 0x00, 0x00, 0x00, 0x00, 0x00, 0x00, 0x00, 0x08, 0x00, 0x00, 0x00,
  0x00, 0x00, 0x00, 0x00, 0x10, 0x00, 0x00, 0x00, 0x00, 0x00, 0x00, 0x00,
  0xc8, 0x00, 0x00, 0x00, 0x01, 0x00, 0x00, 0x00, 0x03, 0x00, 0x00, 0x00,
  0x00, 0x00, 0x00, 0x00, 0x50, 0x9f, 0x00, 0x00, 0x00, 0x00, 0x00, 0x00,
  0x50, 0x8f, 0x00, 0x00, 0x00, 0x00, 0x00, 0x00, 0xb0, 0x00, 0x00, 0x00,
  0x00, 0x00, 0x00, 0x00, 0x00, 0x00, 0x00, 0x00, 0x00, 0x00, 0x00, 0x00,
  0x08, 0x00, 0x00, 0x00, 0x00, 0x00, 0x00, 0x00, 0x08, 0x00, 0x00, 0x00,
  0x00, 0x00, 0x00, 0x00, 0xcd, 0x00, 0x00, 0x00, 0x01, 0x00, 0x00, 0x00,
  0x03, 0x00, 0x00, 0x00, 0x00, 0x00, 0x00, 0x00, 0x00, 0xa0, 0x00, 0x00,
  0x00, 0x00, 0x00, 0x00, 0x00, 0x90, 0x00, 0x00, 0x00, 0x00, 0x00, 0x00,
  0x18, 0x01, 0x00, 0x00, 0x00, 0x00, 0x00, 0x00, 0x00, 0x00, 0x00, 0x00,
  0x00, 0x00, 0x00, 0x00, 0x08, 0x00, 0x00, 0x00, 0x00, 0x00, 0x00, 0x00,
  0x08, 0x00, 0x00, 0x00, 0x00, 0x00, 0x00, 0x00, 0xd6, 0x00, 0x00, 0x00,
  0x01, 0x00, 0x00, 0x00, 0x03, 0x00, 0x00, 0x00, 0x00, 0x00, 0x00, 0x00,
  0x20, 0xa1, 0x00, 0x00, 0x00, 0x00, 0x00, 0x00, 0x20, 0x91, 0x00, 0x00,
  0x00, 0x00, 0x00, 0x00, 0xa0, 0x00, 0x00, 0x00, 0x00, 0x00, 0x00, 0x00,
  0x00, 0x00, 0x00, 0x00, 0x00, 0x00, 0x00, 0x00, 0x20, 0x00, 0x00, 0x00,
  0x00, 0x00, 0x00, 0x00, 0x00, 0x00, 0x00, 0x00, 0x00, 0x00, 0x00, 0x00,
  0xdc, 0x00, 0x00, 0x00, 0x08, 0x00, 0x00, 0x00, 0x03, 0x00, 0x00, 0x00,
  0x00, 0x00, 0x00, 0x00, 0xc0, 0xa1, 0x00, 0x00, 0x00, 0x00, 0x00, 0x00,
  0xc0, 0x91, 0x00, 0x00, 0x00, 0x00, 0x00, 0x00, 0x18, 0x00, 0x00, 0x00,
  0x00, 0x00, 0x00, 0x00, 0x00, 0x00, 0x00, 0x00, 0x00, 0x00, 0x00, 0x00,
  0x08, 0x00, 0x00, 0x00, 0x00, 0x00, 0x00, 0x00, 0x00, 0x00, 0x00, 0x00,
  0x00, 0x00, 0x00, 0x00, 0xe1, 0x00, 0x00, 0x00, 0x01, 0x00, 0x00, 0x00,
  0x30, 0x00, 0x00, 0x00, 0x00, 0x00, 0x00, 0x00, 0x00, 0x00, 0x00, 0x00,
  0x00, 0x00, 0x00, 0x00, 0xc0, 0x91, 0x00, 0x00, 0x00, 0x00, 0x00, 0x00,
  0x2f, 0x00, 0x00, 0x00, 0x00, 0x00, 0x00, 0x00, 0x00, 0x00, 0x00, 0x00,
  0x00, 0x00, 0x00, 0x00, 0x01, 0x00, 0x00, 0x00, 0x00, 0x00, 0x00, 0x00,
  0x01, 0x00, 0x00, 0x00, 0x00, 0x00, 0x00, 0x00, 0x01, 0x00, 0x00, 0x00,
  0x03, 0x00, 0x00, 0x00, 0x00, 0x00, 0x00, 0x00, 0x00, 0x00, 0x00, 0x00,
  0x00, 0x00, 0x00, 0x00, 0x00, 0x00, 0x00, 0x00, 0xef, 0x91, 0x00, 0x00,
  0x00, 0x00, 0x00, 0x00, 0xea, 0x00, 0x00, 0x00, 0x00, 0x00, 0x00, 0x00,
  0x00, 0x00, 0x00, 0x00, 0x00, 0x00, 0x00, 0x00, 0x01, 0x00, 0x00, 0x00,
  0x00, 0x00, 0x00, 0x00, 0x00, 0x00, 0x00, 0x00, 0x00, 0x00, 0x00, 0x00
};
unsigned int __pandas_datetime_cpython_311_x86_64_linux_gnu_so_len = 39264;
