unsigned char ___philox_cpython_311_x86_64_linux_gnu_so[] = {
  0x7f, 0x45, 0x4c, 0x46, 0x02, 0x01, 0x01, 0x00, 0x00, 0x00, 0x00, 0x00,
  0x00, 0x00, 0x00, 0x00, 0x03, 0x00, 0x3e, 0x00, 0x01, 0x00, 0x00, 0x00,
  0xd0, 0x35, 0x00, 0x00, 0x00, 0x00, 0x00, 0x00, 0x40, 0x00, 0x00, 0x00,
  0x00, 0x00, 0x00, 0x00, 0x90, 0x85, 0x01, 0x00, 0x00, 0x00, 0x00, 0x00,
  0x00, 0x00, 0x00, 0x00, 0x40, 0x00, 0x38, 0x00, 0x09, 0x00, 0x40, 0x00,
  0x1c, 0x00, 0x1b, 0x00, 0x01, 0x00, 0x00, 0x00, 0x04, 0x00, 0x00, 0x00,
  0x00, 0x00, 0x00, 0x00, 0x00, 0x00, 0x00, 0x00, 0x00, 0x00, 0x00, 0x00,
  0x00, 0x00, 0x00, 0x00, 0x00, 0x00, 0x00, 0x00, 0x00, 0x00, 0x00, 0x00,
  0xe0, 0x2f, 0x00, 0x00, 0x00, 0x00, 0x00, 0x00, 0xe0, 0x2f, 0x00, 0x00,
  0x00, 0x00, 0x00, 0x00, 0x00, 0x10, 0x00, 0x00, 0x00, 0x00, 0x00, 0x00,
  0x01, 0x00, 0x00, 0x00, 0x05, 0x00, 0x00, 0x00, 0x00, 0x30, 0x00, 0x00,
  0x00, 0x00, 0x00, 0x00, 0x00, 0x30, 0x00, 0x00, 0x00, 0x00, 0x00, 0x00,
  0x00, 0x30, 0x00, 0x00, 0x00, 0x00, 0x00, 0x00, 0xe9, 0xb0, 0x00, 0x00,
  0x00, 0x00, 0x00, 0x00, 0xe9, 0xb0, 0x00, 0x00, 0x00, 0x00, 0x00, 0x00,
  0x00, 0x10, 0x00, 0x00, 0x00, 0x00, 0x00, 0x00, 0x01, 0x00, 0x00, 0x00,
  0x04, 0x00, 0x00, 0x00, 0x00, 0xf0, 0x00, 0x00, 0x00, 0x00, 0x00, 0x00,
  0x00, 0xf0, 0x00, 0x00, 0x00, 0x00, 0x00, 0x00, 0x00, 0xf0, 0x00, 0x00,
  0x00, 0x00, 0x00, 0x00, 0xfc, 0x2e, 0x00, 0x00, 0x00, 0x00, 0x00, 0x00,
  0xfc, 0x2e, 0x00, 0x00, 0x00, 0x00, 0x00, 0x00, 0x00, 0x10, 0x00, 0x00,
  0x00, 0x00, 0x00, 0x00, 0x01, 0x00, 0x00, 0x00, 0x06, 0x00, 0x00, 0x00,
  0x20, 0x2d, 0x01, 0x00, 0x00, 0x00, 0x00, 0x00, 0x20, 0x3d, 0x01, 0x00,
  0x00, 0x00, 0x00, 0x00, 0x20, 0x3d, 0x01, 0x00, 0x00, 0x00, 0x00, 0x00,
  0x20, 0x19, 0x00, 0x00, 0x00, 0x00, 0x00, 0x00, 0xc8, 0x1c, 0x00, 0x00,
  0x00, 0x00, 0x00, 0x00, 0x00, 0x10, 0x00, 0x00, 0x00, 0x00, 0x00, 0x00,
  0x02, 0x00, 0x00, 0x00, 0x06, 0x00, 0x00, 0x00, 0x38, 0x2d, 0x01, 0x00,
  0x00, 0x00, 0x00, 0x00, 0x38, 0x3d, 0x01, 0x00, 0x00, 0x00, 0x00, 0x00,
  0x38, 0x3d, 0x01, 0x00, 0x00, 0x00, 0x00, 0x00, 0xe0, 0x01, 0x00, 0x00,
  0x00, 0x00, 0x00, 0x00, 0xe0, 0x01, 0x00, 0x00, 0x00, 0x00, 0x00, 0x00,
  0x08, 0x00, 0x00, 0x00, 0x00, 0x00, 0x00, 0x00, 0x04, 0x00, 0x00, 0x00,
  0x04, 0x00, 0x00, 0x00, 0x38, 0x02, 0x00, 0x00, 0x00, 0x00, 0x00, 0x00,
  0x38, 0x02, 0x00, 0x00, 0x00, 0x00, 0x00, 0x00, 0x38, 0x02, 0x00, 0x00,
  0x00, 0x00, 0x00, 0x00, 0x24, 0x00, 0x00, 0x00, 0x00, 0x00, 0x00, 0x00,
  0x24, 0x00, 0x00, 0x00, 0x00, 0x00, 0x00, 0x00, 0x04, 0x00, 0x00, 0x00,
  0x00, 0x00, 0x00, 0x00, 0x50, 0xe5, 0x74, 0x64, 0x04, 0x00, 0x00, 0x00,
  0xb8, 0x14, 0x01, 0x00, 0x00, 0x00, 0x00, 0x00, 0xb8, 0x14, 0x01, 0x00,
  0x00, 0x00, 0x00, 0x00, 0xb8, 0x14, 0x01, 0x00, 0x00, 0x00, 0x00, 0x00,
  0x44, 0x01, 0x00, 0x00, 0x00, 0x00, 0x00, 0x00, 0x44, 0x01, 0x00, 0x00,
  0x00, 0x00, 0x00, 0x00, 0x04, 0x00, 0x00, 0x00, 0x00, 0x00, 0x00, 0x00,
  0x51, 0xe5, 0x74, 0x64, 0x06, 0x00, 0x00, 0x00, 0x00, 0x00, 0x00, 0x00,
  0x00, 0x00, 0x00, 0x00, 0x00, 0x00, 0x00, 0x00, 0x00, 0x00, 0x00, 0x00,
  0x00, 0x00, 0x00, 0x00, 0x00, 0x00, 0x00, 0x00, 0x00, 0x00, 0x00, 0x00,
  0x00, 0x00, 0x00, 0x00, 0x00, 0x00, 0x00, 0x00, 0x00, 0x00, 0x00, 0x00,
  0x10, 0x00, 0x00, 0x00, 0x00, 0x00, 0x00, 0x00, 0x52, 0xe5, 0x74, 0x64,
  0x04, 0x00, 0x00, 0x00, 0x20, 0x2d, 0x01, 0x00, 0x00, 0x00, 0x00, 0x00,
  0x20, 0x3d, 0x01, 0x00, 0x00, 0x00, 0x00, 0x00, 0x20, 0x3d, 0x01, 0x00,
  0x00, 0x00, 0x00, 0x00, 0xe0, 0x02, 0x00, 0x00, 0x00, 0x00, 0x00, 0x00,
  0xe0, 0x02, 0x00, 0x00, 0x00, 0x00, 0x00, 0x00, 0x01, 0x00, 0x00, 0x00,
  0x00, 0x00, 0x00, 0x00, 0x04, 0x00, 0x00, 0x00, 0x14, 0x00, 0x00, 0x00,
  0x03, 0x00, 0x00, 0x00, 0x47, 0x4e, 0x55, 0x00, 0x54, 0xc6, 0x79, 0xb7,
  0x6c, 0x34, 0x6c, 0x84, 0x2b, 0x80, 0xdb, 0x00, 0x0c, 0xdc, 0x50, 0xb3,
  0x1f, 0x3d, 0xc3, 0x0e, 0x00, 0x00, 0x00, 0x00, 0x03, 0x00, 0x00, 0x00,
  0x74, 0x00, 0x00, 0x00, 0x01, 0x00, 0x00, 0x00, 0x06, 0x00, 0x00, 0x00,
  0x00, 0x80, 0x51, 0x20, 0x00, 0x44, 0x70, 0x01, 0x74, 0x00, 0x00, 0x00,
  0x76, 0x00, 0x00, 0x00, 0x78, 0x00, 0x00, 0x00, 0x90, 0x65, 0xd3, 0x4e,
  0x6b, 0xf7, 0x03, 0xb2, 0x94, 0x6b, 0x79, 0x12, 0xb9, 0x8d, 0xf1, 0x0e,
  0xea, 0xd3, 0xef, 0x0e, 0x75, 0xcd, 0x72, 0xda, 0x00, 0x00, 0x00, 0x00,
  0x00, 0x00, 0x00, 0x00, 0x00, 0x00, 0x00, 0x00, 0x00, 0x00, 0x00, 0x00,
  0x00, 0x00, 0x00, 0x00, 0x00, 0x00, 0x00, 0x00, 0x00, 0x00, 0x00, 0x00,
  0x67, 0x04, 0x00, 0x00, 0x10, 0x00, 0x00, 0x00, 0x00, 0x00, 0x00, 0x00,
  0x00, 0x00, 0x00, 0x00, 0x00, 0x00, 0x00, 0x00, 0x00, 0x00, 0x00, 0x00,
  0xf4, 0x07, 0x00, 0x00, 0x10, 0x00, 0x00, 0x00, 0x00, 0x00, 0x00, 0x00,
  0x00, 0x00, 0x00, 0x00, 0x00, 0x00, 0x00, 0x00, 0x00, 0x00, 0x00, 0x00,
  0x79, 0x06, 0x00, 0x00, 0x10, 0x00, 0x00, 0x00, 0x00, 0x00, 0x00, 0x00,
  0x00, 0x00, 0x00, 0x00, 0x00, 0x00, 0x00, 0x00, 0x00, 0x00, 0x00, 0x00,
  0x4f, 0x07, 0x00, 0x00, 0x10, 0x00, 0x00, 0x00, 0x00, 0x00, 0x00, 0x00,
  0x00, 0x00, 0x00, 0x00, 0x00, 0x00, 0x00, 0x00, 0x00, 0x00, 0x00, 0x00,
  0xad, 0x01, 0x00, 0x00, 0x10, 0x00, 0x00, 0x00, 0x00, 0x00, 0x00, 0x00,
  0x00, 0x00, 0x00, 0x00, 0x00, 0x00, 0x00, 0x00, 0x00, 0x00, 0x00, 0x00,
  0xb0, 0x06, 0x00, 0x00, 0x10, 0x00, 0x00, 0x00, 0x00, 0x00, 0x00, 0x00,
  0x00, 0x00, 0x00, 0x00, 0x00, 0x00, 0x00, 0x00, 0x00, 0x00, 0x00, 0x00,
  0xb1, 0x07, 0x00, 0x00, 0x10, 0x00, 0x00, 0x00, 0x00, 0x00, 0x00, 0x00,
  0x00, 0x00, 0x00, 0x00, 0x00, 0x00, 0x00, 0x00, 0x00, 0x00, 0x00, 0x00,
  0xf9, 0x06, 0x00, 0x00, 0x10, 0x00, 0x00, 0x00, 0x00, 0x00, 0x00, 0x00,
  0x00, 0x00, 0x00, 0x00, 0x00, 0x00, 0x00, 0x00, 0x00, 0x00, 0x00, 0x00,
  0x43, 0x08, 0x00, 0x00, 0x10, 0x00, 0x00, 0x00, 0x00, 0x00, 0x00, 0x00,
  0x00, 0x00, 0x00, 0x00, 0x00, 0x00, 0x00, 0x00, 0x00, 0x00, 0x00, 0x00,
  0x81, 0x07, 0x00, 0x00, 0x10, 0x00, 0x00, 0x00, 0x00, 0x00, 0x00, 0x00,
  0x00, 0x00, 0x00, 0x00, 0x00, 0x00, 0x00, 0x00, 0x00, 0x00, 0x00, 0x00,
  0x1c, 0x00, 0x00, 0x00, 0x20, 0x00, 0x00, 0x00, 0x00, 0x00, 0x00, 0x00,
  0x00, 0x00, 0x00, 0x00, 0x00, 0x00, 0x00, 0x00, 0x00, 0x00, 0x00, 0x00,
  0x05, 0x08, 0x00, 0x00, 0x10, 0x00, 0x00, 0x00, 0x00, 0x00, 0x00, 0x00,
  0x00, 0x00, 0x00, 0x00, 0x00, 0x00, 0x00, 0x00, 0x00, 0x00, 0x00, 0x00,
  0x2c, 0x04, 0x00, 0x00, 0x10, 0x00, 0x00, 0x00, 0x00, 0x00, 0x00, 0x00,
  0x00, 0x00, 0x00, 0x00, 0x00, 0x00, 0x00, 0x00, 0x00, 0x00, 0x00, 0x00,
  0x6c, 0x08, 0x00, 0x00, 0x10, 0x00, 0x00, 0x00, 0x00, 0x00, 0x00, 0x00,
  0x00, 0x00, 0x00, 0x00, 0x00, 0x00, 0x00, 0x00, 0x00, 0x00, 0x00, 0x00,
  0x23, 0x07, 0x00, 0x00, 0x10, 0x00, 0x00, 0x00, 0x00, 0x00, 0x00, 0x00,
  0x00, 0x00, 0x00, 0x00, 0x00, 0x00, 0x00, 0x00, 0x00, 0x00, 0x00, 0x00,
  0x3a, 0x04, 0x00, 0x00, 0x10, 0x00, 0x00, 0x00, 0x00, 0x00, 0x00, 0x00,
  0x00, 0x00, 0x00, 0x00, 0x00, 0x00, 0x00, 0x00, 0x00, 0x00, 0x00, 0x00,
  0x86, 0x01, 0x00, 0x00, 0x10, 0x00, 0x00, 0x00, 0x00, 0x00, 0x00, 0x00,
  0x00, 0x00, 0x00, 0x00, 0x00, 0x00, 0x00, 0x00, 0x00, 0x00, 0x00, 0x00,
  0xd4, 0x00, 0x00, 0x00, 0x10, 0x00, 0x00, 0x00, 0x00, 0x00, 0x00, 0x00,
  0x00, 0x00, 0x00, 0x00, 0x00, 0x00, 0x00, 0x00, 0x00, 0x00, 0x00, 0x00,
  0x1f, 0x05, 0x00, 0x00, 0x10, 0x00, 0x00, 0x00, 0x00, 0x00, 0x00, 0x00,
  0x00, 0x00, 0x00, 0x00, 0x00, 0x00, 0x00, 0x00, 0x00, 0x00, 0x00, 0x00,
  0xe9, 0x04, 0x00, 0x00, 0x10, 0x00, 0x00, 0x00, 0x00, 0x00, 0x00, 0x00,
  0x00, 0x00, 0x00, 0x00, 0x00, 0x00, 0x00, 0x00, 0x00, 0x00, 0x00, 0x00,
  0xe6, 0x02, 0x00, 0x00, 0x10, 0x00, 0x00, 0x00, 0x00, 0x00, 0x00, 0x00,
  0x00, 0x00, 0x00, 0x00, 0x00, 0x00, 0x00, 0x00, 0x00, 0x00, 0x00, 0x00,
  0x32, 0x05, 0x00, 0x00, 0x10, 0x00, 0x00, 0x00, 0x00, 0x00, 0x00, 0x00,
  0x00, 0x00, 0x00, 0x00, 0x00, 0x00, 0x00, 0x00, 0x00, 0x00, 0x00, 0x00,
  0x0a, 0x01, 0x00, 0x00, 0x10, 0x00, 0x00, 0x00, 0x00, 0x00, 0x00, 0x00,
  0x00, 0x00, 0x00, 0x00, 0x00, 0x00, 0x00, 0x00, 0x00, 0x00, 0x00, 0x00,
  0xc8, 0x00, 0x00, 0x00, 0x10, 0x00, 0x00, 0x00, 0x00, 0x00, 0x00, 0x00,
  0x00, 0x00, 0x00, 0x00, 0x00, 0x00, 0x00, 0x00, 0x00, 0x00, 0x00, 0x00,
  0x29, 0x02, 0x00, 0x00, 0x10, 0x00, 0x00, 0x00, 0x00, 0x00, 0x00, 0x00,
  0x00, 0x00, 0x00, 0x00, 0x00, 0x00, 0x00, 0x00, 0x00, 0x00, 0x00, 0x00,
  0x83, 0x02, 0x00, 0x00, 0x10, 0x00, 0x00, 0x00, 0x00, 0x00, 0x00, 0x00,
  0x00, 0x00, 0x00, 0x00, 0x00, 0x00, 0x00, 0x00, 0x00, 0x00, 0x00, 0x00,
  0xe0, 0x06, 0x00, 0x00, 0x10, 0x00, 0x00, 0x00, 0x00, 0x00, 0x00, 0x00,
  0x00, 0x00, 0x00, 0x00, 0x00, 0x00, 0x00, 0x00, 0x00, 0x00, 0x00, 0x00,
  0x6f, 0x07, 0x00, 0x00, 0x10, 0x00, 0x00, 0x00, 0x00, 0x00, 0x00, 0x00,
  0x00, 0x00, 0x00, 0x00, 0x00, 0x00, 0x00, 0x00, 0x00, 0x00, 0x00, 0x00,
  0x12, 0x08, 0x00, 0x00, 0x10, 0x00, 0x00, 0x00, 0x00, 0x00, 0x00, 0x00,
  0x00, 0x00, 0x00, 0x00, 0x00, 0x00, 0x00, 0x00, 0x00, 0x00, 0x00, 0x00,
  0xd1, 0x05, 0x00, 0x00, 0x10, 0x00, 0x00, 0x00, 0x00, 0x00, 0x00, 0x00,
  0x00, 0x00, 0x00, 0x00, 0x00, 0x00, 0x00, 0x00, 0x00, 0x00, 0x00, 0x00,
  0x1b, 0x03, 0x00, 0x00, 0x10, 0x00, 0x00, 0x00, 0x00, 0x00, 0x00, 0x00,
  0x00, 0x00, 0x00, 0x00, 0x00, 0x00, 0x00, 0x00, 0x00, 0x00, 0x00, 0x00,
  0xc8, 0x04, 0x00, 0x00, 0x10, 0x00, 0x00, 0x00, 0x00, 0x00, 0x00, 0x00,
  0x00, 0x00, 0x00, 0x00, 0x00, 0x00, 0x00, 0x00, 0x00, 0x00, 0x00, 0x00,
  0x61, 0x07, 0x00, 0x00, 0x10, 0x00, 0x00, 0x00, 0x00, 0x00, 0x00, 0x00,
  0x00, 0x00, 0x00, 0x00, 0x00, 0x00, 0x00, 0x00, 0x00, 0x00, 0x00, 0x00,
  0x19, 0x02, 0x00, 0x00, 0x10, 0x00, 0x00, 0x00, 0x00, 0x00, 0x00, 0x00,
  0x00, 0x00, 0x00, 0x00, 0x00, 0x00, 0x00, 0x00, 0x00, 0x00, 0x00, 0x00,
  0x68, 0x06, 0x00, 0x00, 0x10, 0x00, 0x00, 0x00, 0x00, 0x00, 0x00, 0x00,
  0x00, 0x00, 0x00, 0x00, 0x00, 0x00, 0x00, 0x00, 0x00, 0x00, 0x00, 0x00,
  0xd0, 0x06, 0x00, 0x00, 0x10, 0x00, 0x00, 0x00, 0x00, 0x00, 0x00, 0x00,
  0x00, 0x00, 0x00, 0x00, 0x00, 0x00, 0x00, 0x00, 0x00, 0x00, 0x00, 0x00,
  0xeb, 0x00, 0x00, 0x00, 0x10, 0x00, 0x00, 0x00, 0x00, 0x00, 0x00, 0x00,
  0x00, 0x00, 0x00, 0x00, 0x00, 0x00, 0x00, 0x00, 0x00, 0x00, 0x00, 0x00,
  0x81, 0x00, 0x00, 0x00, 0x10, 0x00, 0x00, 0x00, 0x00, 0x00, 0x00, 0x00,
  0x00, 0x00, 0x00, 0x00, 0x00, 0x00, 0x00, 0x00, 0x00, 0x00, 0x00, 0x00,
  0xab, 0x00, 0x00, 0x00, 0x10, 0x00, 0x00, 0x00, 0x00, 0x00, 0x00, 0x00,
  0x00, 0x00, 0x00, 0x00, 0x00, 0x00, 0x00, 0x00, 0x00, 0x00, 0x00, 0x00,
  0x00, 0x02, 0x00, 0x00, 0x10, 0x00, 0x00, 0x00, 0x00, 0x00, 0x00, 0x00,
  0x00, 0x00, 0x00, 0x00, 0x00, 0x00, 0x00, 0x00, 0x00, 0x00, 0x00, 0x00,
  0x9e, 0x04, 0x00, 0x00, 0x10, 0x00, 0x00, 0x00, 0x00, 0x00, 0x00, 0x00,
  0x00, 0x00, 0x00, 0x00, 0x00, 0x00, 0x00, 0x00, 0x00, 0x00, 0x00, 0x00,
  0xd7, 0x01, 0x00, 0x00, 0x10, 0x00, 0x00, 0x00, 0x00, 0x00, 0x00, 0x00,
  0x00, 0x00, 0x00, 0x00, 0x00, 0x00, 0x00, 0x00, 0x00, 0x00, 0x00, 0x00,
  0xfc, 0x00, 0x00, 0x00, 0x10, 0x00, 0x00, 0x00, 0x00, 0x00, 0x00, 0x00,
  0x00, 0x00, 0x00, 0x00, 0x00, 0x00, 0x00, 0x00, 0x00, 0x00, 0x00, 0x00,
  0x46, 0x04, 0x00, 0x00, 0x10, 0x00, 0x00, 0x00, 0x00, 0x00, 0x00, 0x00,
  0x00, 0x00, 0x00, 0x00, 0x00, 0x00, 0x00, 0x00, 0x00, 0x00, 0x00, 0x00,
  0x45, 0x03, 0x00, 0x00, 0x10, 0x00, 0x00, 0x00, 0x00, 0x00, 0x00, 0x00,
  0x00, 0x00, 0x00, 0x00, 0x00, 0x00, 0x00, 0x00, 0x00, 0x00, 0x00, 0x00,
  0x1f, 0x04, 0x00, 0x00, 0x10, 0x00, 0x00, 0x00, 0x00, 0x00, 0x00, 0x00,
  0x00, 0x00, 0x00, 0x00, 0x00, 0x00, 0x00, 0x00, 0x00, 0x00, 0x00, 0x00,
  0xe1, 0x07, 0x00, 0x00, 0x10, 0x00, 0x00, 0x00, 0x00, 0x00, 0x00, 0x00,
  0x00, 0x00, 0x00, 0x00, 0x00, 0x00, 0x00, 0x00, 0x00, 0x00, 0x00, 0x00,
  0xfe, 0x05, 0x00, 0x00, 0x10, 0x00, 0x00, 0x00, 0x00, 0x00, 0x00, 0x00,
  0x00, 0x00, 0x00, 0x00, 0x00, 0x00, 0x00, 0x00, 0x00, 0x00, 0x00, 0x00,
  0x83, 0x05, 0x00, 0x00, 0x10, 0x00, 0x00, 0x00, 0x00, 0x00, 0x00, 0x00,
  0x00, 0x00, 0x00, 0x00, 0x00, 0x00, 0x00, 0x00, 0x00, 0x00, 0x00, 0x00,
  0x23, 0x01, 0x00, 0x00, 0x10, 0x00, 0x00, 0x00, 0x00, 0x00, 0x00, 0x00,
  0x00, 0x00, 0x00, 0x00, 0x00, 0x00, 0x00, 0x00, 0x00, 0x00, 0x00, 0x00,
  0x51, 0x01, 0x00, 0x00, 0x10, 0x00, 0x00, 0x00, 0x00, 0x00, 0x00, 0x00,
  0x00, 0x00, 0x00, 0x00, 0x00, 0x00, 0x00, 0x00, 0x00, 0x00, 0x00, 0x00,
  0x17, 0x01, 0x00, 0x00, 0x10, 0x00, 0x00, 0x00, 0x00, 0x00, 0x00, 0x00,
  0x00, 0x00, 0x00, 0x00, 0x00, 0x00, 0x00, 0x00, 0x00, 0x00, 0x00, 0x00,
  0x74, 0x01, 0x00, 0x00, 0x10, 0x00, 0x00, 0x00, 0x00, 0x00, 0x00, 0x00,
  0x00, 0x00, 0x00, 0x00, 0x00, 0x00, 0x00, 0x00, 0x00, 0x00, 0x00, 0x00,
  0x74, 0x02, 0x00, 0x00, 0x10, 0x00, 0x00, 0x00, 0x00, 0x00, 0x00, 0x00,
  0x00, 0x00, 0x00, 0x00, 0x00, 0x00, 0x00, 0x00, 0x00, 0x00, 0x00, 0x00,
  0x00, 0x04, 0x00, 0x00, 0x10, 0x00, 0x00, 0x00, 0x00, 0x00, 0x00, 0x00,
  0x00, 0x00, 0x00, 0x00, 0x00, 0x00, 0x00, 0x00, 0x00, 0x00, 0x00, 0x00,
  0x01, 0x00, 0x00, 0x00, 0x20, 0x00, 0x00, 0x00, 0x00, 0x00, 0x00, 0x00,
  0x00, 0x00, 0x00, 0x00, 0x00, 0x00, 0x00, 0x00, 0x00, 0x00, 0x00, 0x00,
  0x85, 0x03, 0x00, 0x00, 0x10, 0x00, 0x00, 0x00, 0x00, 0x00, 0x00, 0x00,
  0x00, 0x00, 0x00, 0x00, 0x00, 0x00, 0x00, 0x00, 0x00, 0x00, 0x00, 0x00,
  0xce, 0x02, 0x00, 0x00, 0x10, 0x00, 0x00, 0x00, 0x00, 0x00, 0x00, 0x00,
  0x00, 0x00, 0x00, 0x00, 0x00, 0x00, 0x00, 0x00, 0x00, 0x00, 0x00, 0x00,
  0xee, 0x01, 0x00, 0x00, 0x10, 0x00, 0x00, 0x00, 0x00, 0x00, 0x00, 0x00,
  0x00, 0x00, 0x00, 0x00, 0x00, 0x00, 0x00, 0x00, 0x00, 0x00, 0x00, 0x00,
  0xa0, 0x02, 0x00, 0x00, 0x10, 0x00, 0x00, 0x00, 0x00, 0x00, 0x00, 0x00,
  0x00, 0x00, 0x00, 0x00, 0x00, 0x00, 0x00, 0x00, 0x00, 0x00, 0x00, 0x00,
  0x49, 0x06, 0x00, 0x00, 0x10, 0x00, 0x00, 0x00, 0x00, 0x00, 0x00, 0x00,
  0x00, 0x00, 0x00, 0x00, 0x00, 0x00, 0x00, 0x00, 0x00, 0x00, 0x00, 0x00,
  0x58, 0x06, 0x00, 0x00, 0x10, 0x00, 0x00, 0x00, 0x00, 0x00, 0x00, 0x00,
  0x00, 0x00, 0x00, 0x00, 0x00, 0x00, 0x00, 0x00, 0x00, 0x00, 0x00, 0x00,
  0x8d, 0x04, 0x00, 0x00, 0x10, 0x00, 0x00, 0x00, 0x00, 0x00, 0x00, 0x00,
  0x00, 0x00, 0x00, 0x00, 0x00, 0x00, 0x00, 0x00, 0x00, 0x00, 0x00, 0x00,
  0x65, 0x02, 0x00, 0x00, 0x10, 0x00, 0x00, 0x00, 0x00, 0x00, 0x00, 0x00,
  0x00, 0x00, 0x00, 0x00, 0x00, 0x00, 0x00, 0x00, 0x00, 0x00, 0x00, 0x00,
  0xb4, 0x02, 0x00, 0x00, 0x10, 0x00, 0x00, 0x00, 0x00, 0x00, 0x00, 0x00,
  0x00, 0x00, 0x00, 0x00, 0x00, 0x00, 0x00, 0x00, 0x00, 0x00, 0x00, 0x00,
  0xe8, 0x05, 0x00, 0x00, 0x10, 0x00, 0x00, 0x00, 0x00, 0x00, 0x00, 0x00,
  0x00, 0x00, 0x00, 0x00, 0x00, 0x00, 0x00, 0x00, 0x00, 0x00, 0x00, 0x00,
  0xaf, 0x03, 0x00, 0x00, 0x10, 0x00, 0x00, 0x00, 0x00, 0x00, 0x00, 0x00,
  0x00, 0x00, 0x00, 0x00, 0x00, 0x00, 0x00, 0x00, 0x00, 0x00, 0x00, 0x00,
  0x39, 0x07, 0x00, 0x00, 0x10, 0x00, 0x00, 0x00, 0x00, 0x00, 0x00, 0x00,
  0x00, 0x00, 0x00, 0x00, 0x00, 0x00, 0x00, 0x00, 0x00, 0x00, 0x00, 0x00,
  0x3c, 0x01, 0x00, 0x00, 0x10, 0x00, 0x00, 0x00, 0x00, 0x00, 0x00, 0x00,
  0x00, 0x00, 0x00, 0x00, 0x00, 0x00, 0x00, 0x00, 0x00, 0x00, 0x00, 0x00,
  0x61, 0x00, 0x00, 0x00, 0x10, 0x00, 0x00, 0x00, 0x00, 0x00, 0x00, 0x00,
  0x00, 0x00, 0x00, 0x00, 0x00, 0x00, 0x00, 0x00, 0x00, 0x00, 0x00, 0x00,
  0x33, 0x08, 0x00, 0x00, 0x10, 0x00, 0x00, 0x00, 0x00, 0x00, 0x00, 0x00,
  0x00, 0x00, 0x00, 0x00, 0x00, 0x00, 0x00, 0x00, 0x00, 0x00, 0x00, 0x00,
  0x28, 0x06, 0x00, 0x00, 0x10, 0x00, 0x00, 0x00, 0x00, 0x00, 0x00, 0x00,
  0x00, 0x00, 0x00, 0x00, 0x00, 0x00, 0x00, 0x00, 0x00, 0x00, 0x00, 0x00,
  0x8f, 0x06, 0x00, 0x00, 0x10, 0x00, 0x00, 0x00, 0x00, 0x00, 0x00, 0x00,
  0x00, 0x00, 0x00, 0x00, 0x00, 0x00, 0x00, 0x00, 0x00, 0x00, 0x00, 0x00,
  0x75, 0x05, 0x00, 0x00, 0x10, 0x00, 0x00, 0x00, 0x00, 0x00, 0x00, 0x00,
  0x00, 0x00, 0x00, 0x00, 0x00, 0x00, 0x00, 0x00, 0x00, 0x00, 0x00, 0x00,
  0x73, 0x03, 0x00, 0x00, 0x10, 0x00, 0x00, 0x00, 0x00, 0x00, 0x00, 0x00,
  0x00, 0x00, 0x00, 0x00, 0x00, 0x00, 0x00, 0x00, 0x00, 0x00, 0x00, 0x00,
  0x10, 0x04, 0x00, 0x00, 0x10, 0x00, 0x00, 0x00, 0x00, 0x00, 0x00, 0x00,
  0x00, 0x00, 0x00, 0x00, 0x00, 0x00, 0x00, 0x00, 0x00, 0x00, 0x00, 0x00,
  0x84, 0x06, 0x00, 0x00, 0x10, 0x00, 0x00, 0x00, 0x00, 0x00, 0x00, 0x00,
  0x00, 0x00, 0x00, 0x00, 0x00, 0x00, 0x00, 0x00, 0x00, 0x00, 0x00, 0x00,
  0x2d, 0x03, 0x00, 0x00, 0x10, 0x00, 0x00, 0x00, 0x00, 0x00, 0x00, 0x00,
  0x00, 0x00, 0x00, 0x00, 0x00, 0x00, 0x00, 0x00, 0x00, 0x00, 0x00, 0x00,
  0xc9, 0x03, 0x00, 0x00, 0x10, 0x00, 0x00, 0x00, 0x00, 0x00, 0x00, 0x00,
  0x00, 0x00, 0x00, 0x00, 0x00, 0x00, 0x00, 0x00, 0x00, 0x00, 0x00, 0x00,
  0x27, 0x08, 0x00, 0x00, 0x10, 0x00, 0x00, 0x00, 0x00, 0x00, 0x00, 0x00,
  0x00, 0x00, 0x00, 0x00, 0x00, 0x00, 0x00, 0x00, 0x00, 0x00, 0x00, 0x00,
  0x67, 0x03, 0x00, 0x00, 0x10, 0x00, 0x00, 0x00, 0x00, 0x00, 0x00, 0x00,
  0x00, 0x00, 0x00, 0x00, 0x00, 0x00, 0x00, 0x00, 0x00, 0x00, 0x00, 0x00,
  0x37, 0x06, 0x00, 0x00, 0x10, 0x00, 0x00, 0x00, 0x00, 0x00, 0x00, 0x00,
  0x00, 0x00, 0x00, 0x00, 0x00, 0x00, 0x00, 0x00, 0x00, 0x00, 0x00, 0x00,
  0xbd, 0x07, 0x00, 0x00, 0x10, 0x00, 0x00, 0x00, 0x00, 0x00, 0x00, 0x00,
  0x00, 0x00, 0x00, 0x00, 0x00, 0x00, 0x00, 0x00, 0x00, 0x00, 0x00, 0x00,
  0x7c, 0x04, 0x00, 0x00, 0x10, 0x00, 0x00, 0x00, 0x00, 0x00, 0x00, 0x00,
  0x00, 0x00, 0x00, 0x00, 0x00, 0x00, 0x00, 0x00, 0x00, 0x00, 0x00, 0x00,
  0xc2, 0x02, 0x00, 0x00, 0x10, 0x00, 0x00, 0x00, 0x00, 0x00, 0x00, 0x00,
  0x00, 0x00, 0x00, 0x00, 0x00, 0x00, 0x00, 0x00, 0x00, 0x00, 0x00, 0x00,
  0xc1, 0x06, 0x00, 0x00, 0x10, 0x00, 0x00, 0x00, 0x00, 0x00, 0x00, 0x00,
  0x00, 0x00, 0x00, 0x00, 0x00, 0x00, 0x00, 0x00, 0x00, 0x00, 0x00, 0x00,
  0xeb, 0x03, 0x00, 0x00, 0x10, 0x00, 0x00, 0x00, 0x00, 0x00, 0x00, 0x00,
  0x00, 0x00, 0x00, 0x00, 0x00, 0x00, 0x00, 0x00, 0x00, 0x00, 0x00, 0x00,
  0xdf, 0x03, 0x00, 0x00, 0x10, 0x00, 0x00, 0x00, 0x00, 0x00, 0x00, 0x00,
  0x00, 0x00, 0x00, 0x00, 0x00, 0x00, 0x00, 0x00, 0x00, 0x00, 0x00, 0x00,
  0x49, 0x05, 0x00, 0x00, 0x10, 0x00, 0x00, 0x00, 0x00, 0x00, 0x00, 0x00,
  0x00, 0x00, 0x00, 0x00, 0x00, 0x00, 0x00, 0x00, 0x00, 0x00, 0x00, 0x00,
  0x62, 0x01, 0x00, 0x00, 0x10, 0x00, 0x00, 0x00, 0x00, 0x00, 0x00, 0x00,
  0x00, 0x00, 0x00, 0x00, 0x00, 0x00, 0x00, 0x00, 0x00, 0x00, 0x00, 0x00,
  0x19, 0x06, 0x00, 0x00, 0x10, 0x00, 0x00, 0x00, 0x00, 0x00, 0x00, 0x00,
  0x00, 0x00, 0x00, 0x00, 0x00, 0x00, 0x00, 0x00, 0x00, 0x00, 0x00, 0x00,
  0xc2, 0x01, 0x00, 0x00, 0x10, 0x00, 0x00, 0x00, 0x00, 0x00, 0x00, 0x00,
  0x00, 0x00, 0x00, 0x00, 0x00, 0x00, 0x00, 0x00, 0x00, 0x00, 0x00, 0x00,
  0x91, 0x03, 0x00, 0x00, 0x10, 0x00, 0x00, 0x00, 0x00, 0x00, 0x00, 0x00,
  0x00, 0x00, 0x00, 0x00, 0x00, 0x00, 0x00, 0x00, 0x00, 0x00, 0x00, 0x00,
  0x0b, 0x06, 0x00, 0x00, 0x10, 0x00, 0x00, 0x00, 0x00, 0x00, 0x00, 0x00,
  0x00, 0x00, 0x00, 0x00, 0x00, 0x00, 0x00, 0x00, 0x00, 0x00, 0x00, 0x00,
  0xa0, 0x07, 0x00, 0x00, 0x10, 0x00, 0x00, 0x00, 0x00, 0x00, 0x00, 0x00,
  0x00, 0x00, 0x00, 0x00, 0x00, 0x00, 0x00, 0x00, 0x00, 0x00, 0x00, 0x00,
  0x64, 0x05, 0x00, 0x00, 0x10, 0x00, 0x00, 0x00, 0x00, 0x00, 0x00, 0x00,
  0x00, 0x00, 0x00, 0x00, 0x00, 0x00, 0x00, 0x00, 0x00, 0x00, 0x00, 0x00,
  0xbb, 0x00, 0x00, 0x00, 0x10, 0x00, 0x00, 0x00, 0x00, 0x00, 0x00, 0x00,
  0x00, 0x00, 0x00, 0x00, 0x00, 0x00, 0x00, 0x00, 0x00, 0x00, 0x00, 0x00,
  0x98, 0x01, 0x00, 0x00, 0x10, 0x00, 0x00, 0x00, 0x00, 0x00, 0x00, 0x00,
  0x00, 0x00, 0x00, 0x00, 0x00, 0x00, 0x00, 0x00, 0x00, 0x00, 0x00, 0x00,
  0x9f, 0x03, 0x00, 0x00, 0x10, 0x00, 0x00, 0x00, 0x00, 0x00, 0x00, 0x00,
  0x00, 0x00, 0x00, 0x00, 0x00, 0x00, 0x00, 0x00, 0x00, 0x00, 0x00, 0x00,
  0x03, 0x05, 0x00, 0x00, 0x10, 0x00, 0x00, 0x00, 0x00, 0x00, 0x00, 0x00,
  0x00, 0x00, 0x00, 0x00, 0x00, 0x00, 0x00, 0x00, 0x00, 0x00, 0x00, 0x00,
  0x3c, 0x02, 0x00, 0x00, 0x10, 0x00, 0x00, 0x00, 0x00, 0x00, 0x00, 0x00,
  0x00, 0x00, 0x00, 0x00, 0x00, 0x00, 0x00, 0x00, 0x00, 0x00, 0x00, 0x00,
  0x38, 0x00, 0x00, 0x00, 0x20, 0x00, 0x00, 0x00, 0x00, 0x00, 0x00, 0x00,
  0x00, 0x00, 0x00, 0x00, 0x00, 0x00, 0x00, 0x00, 0x00, 0x00, 0x00, 0x00,
  0x70, 0x00, 0x00, 0x00, 0x10, 0x00, 0x00, 0x00, 0x00, 0x00, 0x00, 0x00,
  0x00, 0x00, 0x00, 0x00, 0x00, 0x00, 0x00, 0x00, 0x00, 0x00, 0x00, 0x00,
  0x8f, 0x07, 0x00, 0x00, 0x10, 0x00, 0x00, 0x00, 0x00, 0x00, 0x00, 0x00,
  0x00, 0x00, 0x00, 0x00, 0x00, 0x00, 0x00, 0x00, 0x00, 0x00, 0x00, 0x00,
  0x93, 0x05, 0x00, 0x00, 0x10, 0x00, 0x00, 0x00, 0x00, 0x00, 0x00, 0x00,
  0x00, 0x00, 0x00, 0x00, 0x00, 0x00, 0x00, 0x00, 0x00, 0x00, 0x00, 0x00,
  0x12, 0x07, 0x00, 0x00, 0x10, 0x00, 0x00, 0x00, 0x00, 0x00, 0x00, 0x00,
  0x00, 0x00, 0x00, 0x00, 0x00, 0x00, 0x00, 0x00, 0x00, 0x00, 0x00, 0x00,
  0xac, 0x04, 0x00, 0x00, 0x10, 0x00, 0x00, 0x00, 0x00, 0x00, 0x00, 0x00,
  0x00, 0x00, 0x00, 0x00, 0x00, 0x00, 0x00, 0x00, 0x00, 0x00, 0x00, 0x00,
  0x9a, 0x00, 0x00, 0x00, 0x10, 0x00, 0x00, 0x00, 0x00, 0x00, 0x00, 0x00,
  0x00, 0x00, 0x00, 0x00, 0x00, 0x00, 0x00, 0x00, 0x00, 0x00, 0x00, 0x00,
  0x52, 0x00, 0x00, 0x00, 0x22, 0x00, 0x00, 0x00, 0x00, 0x00, 0x00, 0x00,
  0x00, 0x00, 0x00, 0x00, 0x00, 0x00, 0x00, 0x00, 0x00, 0x00, 0x00, 0x00,
  0x93, 0x02, 0x00, 0x00, 0x10, 0x00, 0x00, 0x00, 0x00, 0x00, 0x00, 0x00,
  0x00, 0x00, 0x00, 0x00, 0x00, 0x00, 0x00, 0x00, 0x00, 0x00, 0x00, 0x00,
  0xdb, 0x04, 0x00, 0x00, 0x10, 0x00, 0x00, 0x00, 0x00, 0x00, 0x00, 0x00,
  0x00, 0x00, 0x00, 0x00, 0x00, 0x00, 0x00, 0x00, 0x00, 0x00, 0x00, 0x00,
  0x57, 0x04, 0x00, 0x00, 0x10, 0x00, 0x00, 0x00, 0x00, 0x00, 0x00, 0x00,
  0x00, 0x00, 0x00, 0x00, 0x00, 0x00, 0x00, 0x00, 0x00, 0x00, 0x00, 0x00,
  0x07, 0x03, 0x00, 0x00, 0x10, 0x00, 0x00, 0x00, 0x00, 0x00, 0x00, 0x00,
  0x00, 0x00, 0x00, 0x00, 0x00, 0x00, 0x00, 0x00, 0x00, 0x00, 0x00, 0x00,
  0x4d, 0x02, 0x00, 0x00, 0x10, 0x00, 0x00, 0x00, 0x00, 0x00, 0x00, 0x00,
  0x00, 0x00, 0x00, 0x00, 0x00, 0x00, 0x00, 0x00, 0x00, 0x00, 0x00, 0x00,
  0xd5, 0x07, 0x00, 0x00, 0x10, 0x00, 0x00, 0x00, 0x00, 0x00, 0x00, 0x00,
  0x00, 0x00, 0x00, 0x00, 0x00, 0x00, 0x00, 0x00, 0x00, 0x00, 0x00, 0x00,
  0xa5, 0x05, 0x00, 0x00, 0x11, 0x00, 0x17, 0x00, 0x60, 0x56, 0x01, 0x00,
  0x00, 0x00, 0x00, 0x00, 0x04, 0x00, 0x00, 0x00, 0x00, 0x00, 0x00, 0x00,
  0xb9, 0x04, 0x00, 0x00, 0x12, 0x00, 0x0b, 0x00, 0x30, 0xe0, 0x00, 0x00,
  0x00, 0x00, 0x00, 0x00, 0xb0, 0x00, 0x00, 0x00, 0x00, 0x00, 0x00, 0x00,
  0x5d, 0x08, 0x00, 0x00, 0x12, 0x00, 0x0b, 0x00, 0xb0, 0x51, 0x00, 0x00,
  0x00, 0x00, 0x00, 0x00, 0x0c, 0x00, 0x00, 0x00, 0x00, 0x00, 0x00, 0x00,
  0x10, 0x00, 0x00, 0x00, 0x12, 0x00, 0x09, 0x00, 0x00, 0x30, 0x00, 0x00,
  0x00, 0x00, 0x00, 0x00, 0x00, 0x00, 0x00, 0x00, 0x00, 0x00, 0x00, 0x00,
  0x16, 0x00, 0x00, 0x00, 0x12, 0x00, 0x0c, 0x00, 0xe0, 0xe0, 0x00, 0x00,
  0x00, 0x00, 0x00, 0x00, 0x00, 0x00, 0x00, 0x00, 0x00, 0x00, 0x00, 0x00,
  0x7d, 0x08, 0x00, 0x00, 0x12, 0x00, 0x0b, 0x00, 0x10, 0xe0, 0x00, 0x00,
  0x00, 0x00, 0x00, 0x00, 0x18, 0x00, 0x00, 0x00, 0x00, 0x00, 0x00, 0x00,
  0x00, 0x5f, 0x5f, 0x67, 0x6d, 0x6f, 0x6e, 0x5f, 0x73, 0x74, 0x61, 0x72,
  0x74, 0x5f, 0x5f, 0x00, 0x5f, 0x69, 0x6e, 0x69, 0x74, 0x00, 0x5f, 0x66,
  0x69, 0x6e, 0x69, 0x00, 0x5f, 0x49, 0x54, 0x4d, 0x5f, 0x64, 0x65, 0x72,
  0x65, 0x67, 0x69, 0x73, 0x74, 0x65, 0x72, 0x54, 0x4d, 0x43, 0x6c, 0x6f,
  0x6e, 0x65, 0x54, 0x61, 0x62, 0x6c, 0x65, 0x00, 0x5f, 0x49, 0x54, 0x4d,
  0x5f, 0x72, 0x65, 0x67, 0x69, 0x73, 0x74, 0x65, 0x72, 0x54, 0x4d, 0x43,
  0x6c, 0x6f, 0x6e, 0x65, 0x54, 0x61, 0x62, 0x6c, 0x65, 0x00, 0x5f, 0x5f,
  0x63, 0x78, 0x61, 0x5f, 0x66, 0x69, 0x6e, 0x61, 0x6c, 0x69, 0x7a, 0x65,
  0x00, 0x5f, 0x50, 0x79, 0x5f, 0x4e, 0x6f, 0x6e, 0x65, 0x53, 0x74, 0x72,
  0x75, 0x63, 0x74, 0x00, 0x50, 0x79, 0x4f, 0x62, 0x6a, 0x65, 0x63, 0x74,
  0x5f, 0x47, 0x65, 0x74, 0x41, 0x74, 0x74, 0x72, 0x00, 0x50, 0x79, 0x45,
  0x78, 0x63, 0x5f, 0x44, 0x65, 0x70, 0x72, 0x65, 0x63, 0x61, 0x74, 0x69,
  0x6f, 0x6e, 0x57, 0x61, 0x72, 0x6e, 0x69, 0x6e, 0x67, 0x00, 0x50, 0x79,
  0x45, 0x72, 0x72, 0x5f, 0x57, 0x61, 0x72, 0x6e, 0x46, 0x6f, 0x72, 0x6d,
  0x61, 0x74, 0x00, 0x50, 0x79, 0x45, 0x78, 0x63, 0x5f, 0x54, 0x79, 0x70,
  0x65, 0x45, 0x72, 0x72, 0x6f, 0x72, 0x00, 0x50, 0x79, 0x45, 0x72, 0x72,
  0x5f, 0x46, 0x6f, 0x72, 0x6d, 0x61, 0x74, 0x00, 0x5f, 0x50, 0x79, 0x5f,
  0x44, 0x65, 0x61, 0x6c, 0x6c, 0x6f, 0x63, 0x00, 0x50, 0x79, 0x4f, 0x62,
  0x6a, 0x65, 0x63, 0x74, 0x5f, 0x47, 0x65, 0x74, 0x41, 0x74, 0x74, 0x72,
  0x53, 0x74, 0x72, 0x69, 0x6e, 0x67, 0x00, 0x50, 0x79, 0x45, 0x78, 0x63,
  0x5f, 0x56, 0x61, 0x6c, 0x75, 0x65, 0x45, 0x72, 0x72, 0x6f, 0x72, 0x00,
  0x50, 0x79, 0x4f, 0x53, 0x5f, 0x73, 0x6e, 0x70, 0x72, 0x69, 0x6e, 0x74,
  0x66, 0x00, 0x50, 0x79, 0x45, 0x72, 0x72, 0x5f, 0x57, 0x61, 0x72, 0x6e,
  0x45, 0x78, 0x00, 0x50, 0x79, 0x45, 0x72, 0x72, 0x5f, 0x43, 0x6c, 0x65,
  0x61, 0x72, 0x00, 0x50, 0x79, 0x4f, 0x62, 0x6a, 0x65, 0x63, 0x74, 0x5f,
  0x52, 0x69, 0x63, 0x68, 0x43, 0x6f, 0x6d, 0x70, 0x61, 0x72, 0x65, 0x42,
  0x6f, 0x6f, 0x6c, 0x00, 0x50, 0x79, 0x44, 0x69, 0x63, 0x74, 0x5f, 0x47,
  0x65, 0x74, 0x49, 0x74, 0x65, 0x6d, 0x53, 0x74, 0x72, 0x69, 0x6e, 0x67,
  0x00, 0x50, 0x79, 0x4d, 0x6f, 0x64, 0x75, 0x6c, 0x65, 0x5f, 0x47, 0x65,
  0x74, 0x4e, 0x61, 0x6d, 0x65, 0x00, 0x50, 0x79, 0x45, 0x78, 0x63, 0x5f,
  0x49, 0x6d, 0x70, 0x6f, 0x72, 0x74, 0x45, 0x72, 0x72, 0x6f, 0x72, 0x00,
  0x50, 0x79, 0x43, 0x61, 0x70, 0x73, 0x75, 0x6c, 0x65, 0x5f, 0x49, 0x73,
  0x56, 0x61, 0x6c, 0x69, 0x64, 0x00, 0x50, 0x79, 0x43, 0x61, 0x70, 0x73,
  0x75, 0x6c, 0x65, 0x5f, 0x47, 0x65, 0x74, 0x4e, 0x61, 0x6d, 0x65, 0x00,
  0x50, 0x79, 0x43, 0x61, 0x70, 0x73, 0x75, 0x6c, 0x65, 0x5f, 0x47, 0x65,
  0x74, 0x50, 0x6f, 0x69, 0x6e, 0x74, 0x65, 0x72, 0x00, 0x50, 0x79, 0x44,
  0x69, 0x63, 0x74, 0x5f, 0x53, 0x65, 0x74, 0x49, 0x74, 0x65, 0x6d, 0x53,
  0x74, 0x72, 0x69, 0x6e, 0x67, 0x00, 0x50, 0x79, 0x45, 0x78, 0x63, 0x5f,
  0x41, 0x74, 0x74, 0x72, 0x69, 0x62, 0x75, 0x74, 0x65, 0x45, 0x72, 0x72,
  0x6f, 0x72, 0x00, 0x50, 0x79, 0x45, 0x72, 0x72, 0x5f, 0x45, 0x78, 0x63,
  0x65, 0x70, 0x74, 0x69, 0x6f, 0x6e, 0x4d, 0x61, 0x74, 0x63, 0x68, 0x65,
  0x73, 0x00, 0x50, 0x79, 0x54, 0x68, 0x72, 0x65, 0x61, 0x64, 0x53, 0x74,
  0x61, 0x74, 0x65, 0x5f, 0x47, 0x65, 0x74, 0x00, 0x50, 0x79, 0x49, 0x6e,
  0x74, 0x65, 0x72, 0x70, 0x72, 0x65, 0x74, 0x65, 0x72, 0x53, 0x74, 0x61,
  0x74, 0x65, 0x5f, 0x47, 0x65, 0x74, 0x49, 0x44, 0x00, 0x50, 0x79, 0x45,
  0x72, 0x72, 0x5f, 0x53, 0x65, 0x74, 0x53, 0x74, 0x72, 0x69, 0x6e, 0x67,
  0x00, 0x50, 0x79, 0x4d, 0x6f, 0x64, 0x75, 0x6c, 0x65, 0x5f, 0x4e, 0x65,
  0x77, 0x4f, 0x62, 0x6a, 0x65, 0x63, 0x74, 0x00, 0x50, 0x79, 0x4d, 0x6f,
  0x64, 0x75, 0x6c, 0x65, 0x5f, 0x47, 0x65, 0x74, 0x44, 0x69, 0x63, 0x74,
  0x00, 0x50, 0x79, 0x44, 0x69, 0x63, 0x74, 0x5f, 0x47, 0x65, 0x74, 0x49,
  0x74, 0x65, 0x6d, 0x57, 0x69, 0x74, 0x68, 0x45, 0x72, 0x72, 0x6f, 0x72,
  0x00, 0x50, 0x79, 0x45, 0x72, 0x72, 0x5f, 0x4f, 0x63, 0x63, 0x75, 0x72,
  0x72, 0x65, 0x64, 0x00, 0x50, 0x79, 0x45, 0x78, 0x63, 0x5f, 0x4b, 0x65,
  0x79, 0x45, 0x72, 0x72, 0x6f, 0x72, 0x00, 0x50, 0x79, 0x45, 0x72, 0x72,
  0x5f, 0x53, 0x65, 0x74, 0x4f, 0x62, 0x6a, 0x65, 0x63, 0x74, 0x00, 0x50,
  0x79, 0x54, 0x75, 0x70, 0x6c, 0x65, 0x5f, 0x50, 0x61, 0x63, 0x6b, 0x00,
  0x50, 0x79, 0x45, 0x78, 0x63, 0x5f, 0x4f, 0x76, 0x65, 0x72, 0x66, 0x6c,
  0x6f, 0x77, 0x45, 0x72, 0x72, 0x6f, 0x72, 0x00, 0x50, 0x79, 0x4c, 0x6f,
  0x6e, 0x67, 0x5f, 0x41, 0x73, 0x4c, 0x6f, 0x6e, 0x67, 0x00, 0x50, 0x79,
  0x4c, 0x6f, 0x6e, 0x67, 0x5f, 0x54, 0x79, 0x70, 0x65, 0x00, 0x50, 0x79,
  0x4f, 0x62, 0x6a, 0x65, 0x63, 0x74, 0x5f, 0x47, 0x65, 0x6e, 0x65, 0x72,
  0x69, 0x63, 0x47, 0x65, 0x74, 0x41, 0x74, 0x74, 0x72, 0x00, 0x5f, 0x50,
  0x79, 0x4f, 0x62, 0x6a, 0x65, 0x63, 0x74, 0x5f, 0x47, 0x65, 0x6e, 0x65,
  0x72, 0x69, 0x63, 0x47, 0x65, 0x74, 0x41, 0x74, 0x74, 0x72, 0x57, 0x69,
  0x74, 0x68, 0x44, 0x69, 0x63, 0x74, 0x00, 0x50, 0x79, 0x4f, 0x62, 0x6a,
  0x65, 0x63, 0x74, 0x5f, 0x47, 0x43, 0x5f, 0x55, 0x6e, 0x54, 0x72, 0x61,
  0x63, 0x6b, 0x00, 0x50, 0x79, 0x4f, 0x62, 0x6a, 0x65, 0x63, 0x74, 0x5f,
  0x47, 0x43, 0x5f, 0x54, 0x72, 0x61, 0x63, 0x6b, 0x00, 0x50, 0x79, 0x4f,
  0x62, 0x6a, 0x65, 0x63, 0x74, 0x5f, 0x47, 0x43, 0x5f, 0x49, 0x73, 0x46,
  0x69, 0x6e, 0x61, 0x6c, 0x69, 0x7a, 0x65, 0x64, 0x00, 0x50, 0x79, 0x4f,
  0x62, 0x6a, 0x65, 0x63, 0x74, 0x5f, 0x43, 0x61, 0x6c, 0x6c, 0x46, 0x69,
  0x6e, 0x61, 0x6c, 0x69, 0x7a, 0x65, 0x72, 0x46, 0x72, 0x6f, 0x6d, 0x44,
  0x65, 0x61, 0x6c, 0x6c, 0x6f, 0x63, 0x00, 0x50, 0x79, 0x44, 0x69, 0x63,
  0x74, 0x5f, 0x4e, 0x65, 0x78, 0x74, 0x00, 0x50, 0x79, 0x55, 0x6e, 0x69,
  0x63, 0x6f, 0x64, 0x65, 0x5f, 0x43, 0x6f, 0x6d, 0x70, 0x61, 0x72, 0x65,
  0x00, 0x50, 0x79, 0x54, 0x75, 0x70, 0x6c, 0x65, 0x5f, 0x4e, 0x65, 0x77,
  0x00, 0x50, 0x79, 0x4f, 0x62, 0x6a, 0x65, 0x63, 0x74, 0x5f, 0x43, 0x61,
  0x6c, 0x6c, 0x00, 0x50, 0x79, 0x45, 0x78, 0x63, 0x5f, 0x4e, 0x61, 0x6d,
  0x65, 0x45, 0x72, 0x72, 0x6f, 0x72, 0x00, 0x5f, 0x50, 0x79, 0x44, 0x69,
  0x63, 0x74, 0x5f, 0x47, 0x65, 0x74, 0x49, 0x74, 0x65, 0x6d, 0x5f, 0x4b,
  0x6e, 0x6f, 0x77, 0x6e, 0x48, 0x61, 0x73, 0x68, 0x00, 0x50, 0x79, 0x4c,
  0x6f, 0x6e, 0x67, 0x5f, 0x41, 0x73, 0x55, 0x6e, 0x73, 0x69, 0x67, 0x6e,
  0x65, 0x64, 0x4c, 0x6f, 0x6e, 0x67, 0x00, 0x50, 0x79, 0x45, 0x72, 0x72,
  0x5f, 0x46, 0x65, 0x74, 0x63, 0x68, 0x00, 0x5f, 0x50, 0x79, 0x4f, 0x62,
  0x6a, 0x65, 0x63, 0x74, 0x5f, 0x47, 0x65, 0x74, 0x44, 0x69, 0x63, 0x74,
  0x50, 0x74, 0x72, 0x00, 0x5f, 0x50, 0x79, 0x5f, 0x46, 0x61, 0x6c, 0x73,
  0x65, 0x53, 0x74, 0x72, 0x75, 0x63, 0x74, 0x00, 0x5f, 0x50, 0x79, 0x5f,
  0x54, 0x72, 0x75, 0x65, 0x53, 0x74, 0x72, 0x75, 0x63, 0x74, 0x00, 0x50,
  0x79, 0x4f, 0x62, 0x6a, 0x65, 0x63, 0x74, 0x5f, 0x4e, 0x6f, 0x74, 0x00,
  0x50, 0x79, 0x45, 0x72, 0x72, 0x5f, 0x52, 0x65, 0x73, 0x74, 0x6f, 0x72,
  0x65, 0x00, 0x50, 0x79, 0x46, 0x72, 0x61, 0x6d, 0x65, 0x5f, 0x4e, 0x65,
  0x77, 0x00, 0x50, 0x79, 0x54, 0x72, 0x61, 0x63, 0x65, 0x42, 0x61, 0x63,
  0x6b, 0x5f, 0x48, 0x65, 0x72, 0x65, 0x00, 0x50, 0x79, 0x43, 0x6f, 0x64,
  0x65, 0x5f, 0x4e, 0x65, 0x77, 0x45, 0x6d, 0x70, 0x74, 0x79, 0x00, 0x50,
  0x79, 0x55, 0x6e, 0x69, 0x63, 0x6f, 0x64, 0x65, 0x5f, 0x46, 0x72, 0x6f,
  0x6d, 0x46, 0x6f, 0x72, 0x6d, 0x61, 0x74, 0x00, 0x50, 0x79, 0x55, 0x6e,
  0x69, 0x63, 0x6f, 0x64, 0x65, 0x5f, 0x41, 0x73, 0x55, 0x54, 0x46, 0x38,
  0x00, 0x50, 0x79, 0x4f, 0x62, 0x6a, 0x65, 0x63, 0x74, 0x5f, 0x53, 0x65,
  0x74, 0x41, 0x74, 0x74, 0x72, 0x00, 0x50, 0x79, 0x4d, 0x65, 0x6d, 0x5f,
  0x52, 0x65, 0x61, 0x6c, 0x6c, 0x6f, 0x63, 0x00, 0x50, 0x79, 0x4d, 0x65,
  0x6d, 0x5f, 0x4d, 0x61, 0x6c, 0x6c, 0x6f, 0x63, 0x00, 0x70, 0x68, 0x69,
  0x6c, 0x6f, 0x78, 0x5f, 0x61, 0x64, 0x76, 0x61, 0x6e, 0x63, 0x65, 0x00,
  0x50, 0x79, 0x45, 0x78, 0x63, 0x5f, 0x52, 0x75, 0x6e, 0x74, 0x69, 0x6d,
  0x65, 0x45, 0x72, 0x72, 0x6f, 0x72, 0x00, 0x50, 0x79, 0x5f, 0x47, 0x65,
  0x74, 0x56, 0x65, 0x72, 0x73, 0x69, 0x6f, 0x6e, 0x00, 0x50, 0x79, 0x42,
  0x79, 0x74, 0x65, 0x73, 0x5f, 0x46, 0x72, 0x6f, 0x6d, 0x53, 0x74, 0x72,
  0x69, 0x6e, 0x67, 0x41, 0x6e, 0x64, 0x53, 0x69, 0x7a, 0x65, 0x00, 0x50,
  0x79, 0x55, 0x6e, 0x69, 0x63, 0x6f, 0x64, 0x65, 0x5f, 0x46, 0x72, 0x6f,
  0x6d, 0x53, 0x74, 0x72, 0x69, 0x6e, 0x67, 0x41, 0x6e, 0x64, 0x53, 0x69,
  0x7a, 0x65, 0x00, 0x50, 0x79, 0x49, 0x6d, 0x70, 0x6f, 0x72, 0x74, 0x5f,
  0x41, 0x64, 0x64, 0x4d, 0x6f, 0x64, 0x75, 0x6c, 0x65, 0x00, 0x50, 0x79,
  0x4f, 0x62, 0x6a, 0x65, 0x63, 0x74, 0x5f, 0x53, 0x65, 0x74, 0x41, 0x74,
  0x74, 0x72, 0x53, 0x74, 0x72, 0x69, 0x6e, 0x67, 0x00, 0x50, 0x79, 0x55,
  0x6e, 0x69, 0x63, 0x6f, 0x64, 0x65, 0x5f, 0x49, 0x6e, 0x74, 0x65, 0x72,
  0x6e, 0x46, 0x72, 0x6f, 0x6d, 0x53, 0x74, 0x72, 0x69, 0x6e, 0x67, 0x00,
  0x50, 0x79, 0x55, 0x6e, 0x69, 0x63, 0x6f, 0x64, 0x65, 0x5f, 0x44, 0x65,
  0x63, 0x6f, 0x64, 0x65, 0x00, 0x50, 0x79, 0x4f, 0x62, 0x6a, 0x65, 0x63,
  0x74, 0x5f, 0x48, 0x61, 0x73, 0x68, 0x00, 0x50, 0x79, 0x4c, 0x6f, 0x6e,
  0x67, 0x5f, 0x46, 0x72, 0x6f, 0x6d, 0x4c, 0x6f, 0x6e, 0x67, 0x00, 0x50,
  0x79, 0x4c, 0x6f, 0x6e, 0x67, 0x5f, 0x46, 0x72, 0x6f, 0x6d, 0x53, 0x74,
  0x72, 0x69, 0x6e, 0x67, 0x00, 0x5f, 0x5f, 0x70, 0x79, 0x78, 0x5f, 0x6d,
  0x6f, 0x64, 0x75, 0x6c, 0x65, 0x5f, 0x69, 0x73, 0x5f, 0x6d, 0x61, 0x69,
  0x6e, 0x5f, 0x6e, 0x75, 0x6d, 0x70, 0x79, 0x5f, 0x5f, 0x72, 0x61, 0x6e,
  0x64, 0x6f, 0x6d, 0x5f, 0x5f, 0x5f, 0x70, 0x68, 0x69, 0x6c, 0x6f, 0x78,
  0x00, 0x50, 0x79, 0x49, 0x6d, 0x70, 0x6f, 0x72, 0x74, 0x5f, 0x47, 0x65,
  0x74, 0x4d, 0x6f, 0x64, 0x75, 0x6c, 0x65, 0x44, 0x69, 0x63, 0x74, 0x00,
  0x50, 0x79, 0x49, 0x6d, 0x70, 0x6f, 0x72, 0x74, 0x5f, 0x49, 0x6d, 0x70,
  0x6f, 0x72, 0x74, 0x4d, 0x6f, 0x64, 0x75, 0x6c, 0x65, 0x00, 0x50, 0x79,
  0x54, 0x79, 0x70, 0x65, 0x5f, 0x52, 0x65, 0x61, 0x64, 0x79, 0x00, 0x50,
  0x79, 0x43, 0x61, 0x70, 0x73, 0x75, 0x6c, 0x65, 0x5f, 0x4e, 0x65, 0x77,
  0x00, 0x50, 0x79, 0x44, 0x69, 0x63, 0x74, 0x5f, 0x53, 0x65, 0x74, 0x49,
  0x74, 0x65, 0x6d, 0x00, 0x5f, 0x50, 0x79, 0x54, 0x79, 0x70, 0x65, 0x5f,
  0x4c, 0x6f, 0x6f, 0x6b, 0x75, 0x70, 0x00, 0x50, 0x79, 0x42, 0x61, 0x73,
  0x65, 0x4f, 0x62, 0x6a, 0x65, 0x63, 0x74, 0x5f, 0x54, 0x79, 0x70, 0x65,
  0x00, 0x50, 0x79, 0x44, 0x69, 0x63, 0x74, 0x5f, 0x44, 0x65, 0x6c, 0x49,
  0x74, 0x65, 0x6d, 0x00, 0x50, 0x79, 0x54, 0x79, 0x70, 0x65, 0x5f, 0x4d,
  0x6f, 0x64, 0x69, 0x66, 0x69, 0x65, 0x64, 0x00, 0x50, 0x79, 0x4f, 0x62,
  0x6a, 0x65, 0x63, 0x74, 0x5f, 0x47, 0x65, 0x74, 0x49, 0x74, 0x65, 0x6d,
  0x00, 0x50, 0x79, 0x4c, 0x69, 0x73, 0x74, 0x5f, 0x4e, 0x65, 0x77, 0x00,
  0x50, 0x79, 0x44, 0x69, 0x63, 0x74, 0x5f, 0x4e, 0x65, 0x77, 0x00, 0x50,
  0x79, 0x49, 0x6d, 0x70, 0x6f, 0x72, 0x74, 0x5f, 0x49, 0x6d, 0x70, 0x6f,
  0x72, 0x74, 0x4d, 0x6f, 0x64, 0x75, 0x6c, 0x65, 0x4c, 0x65, 0x76, 0x65,
  0x6c, 0x4f, 0x62, 0x6a, 0x65, 0x63, 0x74, 0x00, 0x50, 0x79, 0x45, 0x72,
  0x72, 0x5f, 0x47, 0x65, 0x74, 0x45, 0x78, 0x63, 0x49, 0x6e, 0x66, 0x6f,
  0x00, 0x50, 0x79, 0x43, 0x61, 0x70, 0x73, 0x75, 0x6c, 0x65, 0x5f, 0x54,
  0x79, 0x70, 0x65, 0x00, 0x50, 0x79, 0x45, 0x78, 0x63, 0x5f, 0x45, 0x78,
  0x63, 0x65, 0x70, 0x74, 0x69, 0x6f, 0x6e, 0x00, 0x50, 0x79, 0x45, 0x72,
  0x72, 0x5f, 0x4e, 0x6f, 0x72, 0x6d, 0x61, 0x6c, 0x69, 0x7a, 0x65, 0x45,
  0x78, 0x63, 0x65, 0x70, 0x74, 0x69, 0x6f, 0x6e, 0x00, 0x50, 0x79, 0x45,
  0x78, 0x63, 0x65, 0x70, 0x74, 0x69, 0x6f, 0x6e, 0x5f, 0x53, 0x65, 0x74,
  0x54, 0x72, 0x61, 0x63, 0x65, 0x62, 0x61, 0x63, 0x6b, 0x00, 0x50, 0x79,
  0x45, 0x72, 0x72, 0x5f, 0x53, 0x65, 0x74, 0x45, 0x78, 0x63, 0x49, 0x6e,
  0x66, 0x6f, 0x00, 0x50, 0x79, 0x5f, 0x45, 0x6e, 0x74, 0x65, 0x72, 0x52,
  0x65, 0x63, 0x75, 0x72, 0x73, 0x69, 0x76, 0x65, 0x43, 0x61, 0x6c, 0x6c,
  0x00, 0x50, 0x79, 0x5f, 0x4c, 0x65, 0x61, 0x76, 0x65, 0x52, 0x65, 0x63,
  0x75, 0x72, 0x73, 0x69, 0x76, 0x65, 0x43, 0x61, 0x6c, 0x6c, 0x00, 0x50,
  0x79, 0x45, 0x78, 0x63, 0x5f, 0x53, 0x79, 0x73, 0x74, 0x65, 0x6d, 0x45,
  0x72, 0x72, 0x6f, 0x72, 0x00, 0x50, 0x79, 0x4e, 0x75, 0x6d, 0x62, 0x65,
  0x72, 0x5f, 0x4c, 0x6f, 0x6e, 0x67, 0x00, 0x50, 0x79, 0x4e, 0x75, 0x6d,
  0x62, 0x65, 0x72, 0x5f, 0x4d, 0x75, 0x6c, 0x74, 0x69, 0x70, 0x6c, 0x79,
  0x00, 0x50, 0x79, 0x4d, 0x65, 0x74, 0x68, 0x6f, 0x64, 0x5f, 0x54, 0x79,
  0x70, 0x65, 0x00, 0x50, 0x79, 0x43, 0x46, 0x75, 0x6e, 0x63, 0x74, 0x69,
  0x6f, 0x6e, 0x5f, 0x54, 0x79, 0x70, 0x65, 0x00, 0x50, 0x79, 0x54, 0x79,
  0x70, 0x65, 0x5f, 0x49, 0x73, 0x53, 0x75, 0x62, 0x74, 0x79, 0x70, 0x65,
  0x00, 0x50, 0x79, 0x44, 0x69, 0x63, 0x74, 0x5f, 0x53, 0x69, 0x7a, 0x65,
  0x00, 0x50, 0x79, 0x4c, 0x6f, 0x6e, 0x67, 0x5f, 0x46, 0x72, 0x6f, 0x6d,
  0x55, 0x6e, 0x73, 0x69, 0x67, 0x6e, 0x65, 0x64, 0x4c, 0x6f, 0x6e, 0x67,
  0x00, 0x50, 0x79, 0x4c, 0x69, 0x73, 0x74, 0x5f, 0x54, 0x79, 0x70, 0x65,
  0x00, 0x50, 0x79, 0x4c, 0x6f, 0x6e, 0x67, 0x5f, 0x46, 0x72, 0x6f, 0x6d,
  0x53, 0x73, 0x69, 0x7a, 0x65, 0x5f, 0x74, 0x00, 0x50, 0x79, 0x4f, 0x62,
  0x6a, 0x65, 0x63, 0x74, 0x5f, 0x53, 0x65, 0x74, 0x49, 0x74, 0x65, 0x6d,
  0x00, 0x50, 0x79, 0x54, 0x75, 0x70, 0x6c, 0x65, 0x5f, 0x54, 0x79, 0x70,
  0x65, 0x00, 0x50, 0x79, 0x4f, 0x62, 0x6a, 0x65, 0x63, 0x74, 0x5f, 0x52,
  0x69, 0x63, 0x68, 0x43, 0x6f, 0x6d, 0x70, 0x61, 0x72, 0x65, 0x00, 0x50,
  0x79, 0x44, 0x69, 0x63, 0x74, 0x5f, 0x54, 0x79, 0x70, 0x65, 0x00, 0x50,
  0x79, 0x4f, 0x62, 0x6a, 0x65, 0x63, 0x74, 0x5f, 0x49, 0x73, 0x54, 0x72,
  0x75, 0x65, 0x00, 0x50, 0x79, 0x45, 0x78, 0x63, 0x5f, 0x4e, 0x6f, 0x74,
  0x49, 0x6d, 0x70, 0x6c, 0x65, 0x6d, 0x65, 0x6e, 0x74, 0x65, 0x64, 0x45,
  0x72, 0x72, 0x6f, 0x72, 0x00, 0x50, 0x79, 0x49, 0x6e, 0x69, 0x74, 0x5f,
  0x5f, 0x70, 0x68, 0x69, 0x6c, 0x6f, 0x78, 0x00, 0x50, 0x79, 0x4d, 0x6f,
  0x64, 0x75, 0x6c, 0x65, 0x44, 0x65, 0x66, 0x5f, 0x49, 0x6e, 0x69, 0x74,
  0x00, 0x70, 0x68, 0x69, 0x6c, 0x6f, 0x78, 0x5f, 0x6a, 0x75, 0x6d, 0x70,
  0x00, 0x6c, 0x69, 0x62, 0x6d, 0x2e, 0x73, 0x6f, 0x2e, 0x36, 0x00, 0x6c,
  0x69, 0x62, 0x70, 0x74, 0x68, 0x72, 0x65, 0x61, 0x64, 0x2e, 0x73, 0x6f,
  0x2e, 0x30, 0x00, 0x6c, 0x69, 0x62, 0x63, 0x2e, 0x73, 0x6f, 0x2e, 0x36,
  0x00, 0x47, 0x4c, 0x49, 0x42, 0x43, 0x5f, 0x32, 0x2e, 0x32, 0x2e, 0x35,
  0x00, 0x00, 0x00, 0x00, 0x00, 0x00, 0x00, 0x00, 0x00, 0x00, 0x00, 0x00,
  0x00, 0x00, 0x00, 0x00, 0x00, 0x00, 0x00, 0x00, 0x00, 0x00, 0x00, 0x00,
  0x00, 0x00, 0x00, 0x00, 0x00, 0x00, 0x00, 0x00, 0x00, 0x00, 0x00, 0x00,
  0x00, 0x00, 0x00, 0x00, 0x00, 0x00, 0x00, 0x00, 0x00, 0x00, 0x00, 0x00,
  0x00, 0x00, 0x00, 0x00, 0x00, 0x00, 0x00, 0x00, 0x00, 0x00, 0x00, 0x00,
  0x00, 0x00, 0x00, 0x00, 0x00, 0x00, 0x00, 0x00, 0x00, 0x00, 0x00, 0x00,
  0x00, 0x00, 0x00, 0x00, 0x00, 0x00, 0x00, 0x00, 0x00, 0x00, 0x00, 0x00,
  0x00, 0x00, 0x00, 0x00, 0x00, 0x00, 0x00, 0x00, 0x00, 0x00, 0x00, 0x00,
  0x00, 0x00, 0x00, 0x00, 0x00, 0x00, 0x00, 0x00, 0x00, 0x00, 0x00, 0x00,
  0x00, 0x00, 0x00, 0x00, 0x00, 0x00, 0x00, 0x00, 0x00, 0x00, 0x00, 0x00,
  0x00, 0x00, 0x00, 0x00, 0x00, 0x00, 0x00, 0x00, 0x00, 0x00, 0x00, 0x00,
  0x00, 0x00, 0x00, 0x00, 0x00, 0x00, 0x00, 0x00, 0x00, 0x00, 0x00, 0x00,
  0x00, 0x00, 0x00, 0x00, 0x00, 0x00, 0x00, 0x00, 0x00, 0x00, 0x00, 0x00,
  0x00, 0x00, 0x00, 0x00, 0x00, 0x00, 0x00, 0x00, 0x00, 0x00, 0x00, 0x00,
  0x00, 0x00, 0x00, 0x00, 0x00, 0x00, 0x00, 0x00, 0x00, 0x00, 0x00, 0x00,
  0x00, 0x00, 0x00, 0x00, 0x00, 0x00, 0x00, 0x00, 0x00, 0x00, 0x00, 0x00,
  0x00, 0x00, 0x00, 0x00, 0x00, 0x00, 0x00, 0x00, 0x00, 0x00, 0x00, 0x00,
  0x00, 0x00, 0x00, 0x00, 0x00, 0x00, 0x00, 0x00, 0x00, 0x00, 0x00, 0x00,
  0x00, 0x00, 0x00, 0x00, 0x02, 0x00, 0x00, 0x00, 0x00, 0x00, 0x00, 0x00,
  0x00, 0x00, 0x00, 0x00, 0x00, 0x00, 0x01, 0x00, 0x01, 0x00, 0x01, 0x00,
  0x01, 0x00, 0x01, 0x00, 0x01, 0x00, 0x00, 0x00, 0x01, 0x00, 0x01, 0x00,
  0xa3, 0x08, 0x00, 0x00, 0x10, 0x00, 0x00, 0x00, 0x00, 0x00, 0x00, 0x00,
  0x75, 0x1a, 0x69, 0x09, 0x00, 0x00, 0x02, 0x00, 0xad, 0x08, 0x00, 0x00,
  0x00, 0x00, 0x00, 0x00, 0x20, 0x3d, 0x01, 0x00, 0x00, 0x00, 0x00, 0x00,
  0x08, 0x00, 0x00, 0x00, 0x00, 0x00, 0x00, 0x00, 0x70, 0x52, 0x00, 0x00,
  0x00, 0x00, 0x00, 0x00, 0x28, 0x3d, 0x01, 0x00, 0x00, 0x00, 0x00, 0x00,
  0x08, 0x00, 0x00, 0x00, 0x00, 0x00, 0x00, 0x00, 0x30, 0x52, 0x00, 0x00,
  0x00, 0x00, 0x00, 0x00, 0x30, 0x3d, 0x01, 0x00, 0x00, 0x00, 0x00, 0x00,
  0x08, 0x00, 0x00, 0x00, 0x00, 0x00, 0x00, 0x00, 0x30, 0x3d, 0x01, 0x00,
  0x00, 0x00, 0x00, 0x00, 0x80, 0x4a, 0x01, 0x00, 0x00, 0x00, 0x00, 0x00,
  0x08, 0x00, 0x00, 0x00, 0x00, 0x00, 0x00, 0x00, 0x80, 0x58, 0x01, 0x00,
  0x00, 0x00, 0x00, 0x00, 0xa0, 0x4a, 0x01, 0x00, 0x00, 0x00, 0x00, 0x00,
  0x08, 0x00, 0x00, 0x00, 0x00, 0x00, 0x00, 0x00, 0x10, 0x58, 0x01, 0x00,
  0x00, 0x00, 0x00, 0x00, 0xa8, 0x4a, 0x01, 0x00, 0x00, 0x00, 0x00, 0x00,
  0x08, 0x00, 0x00, 0x00, 0x00, 0x00, 0x00, 0x00, 0xd8, 0x58, 0x01, 0x00,
  0x00, 0x00, 0x00, 0x00, 0xb0, 0x4a, 0x01, 0x00, 0x00, 0x00, 0x00, 0x00,
  0x08, 0x00, 0x00, 0x00, 0x00, 0x00, 0x00, 0x00, 0x78, 0x58, 0x01, 0x00,
  0x00, 0x00, 0x00, 0x00, 0xc0, 0x4a, 0x01, 0x00, 0x00, 0x00, 0x00, 0x00,
  0x08, 0x00, 0x00, 0x00, 0x00, 0x00, 0x00, 0x00, 0x40, 0x59, 0x01, 0x00,
  0x00, 0x00, 0x00, 0x00, 0xc8, 0x4a, 0x01, 0x00, 0x00, 0x00, 0x00, 0x00,
  0x08, 0x00, 0x00, 0x00, 0x00, 0x00, 0x00, 0x00, 0x28, 0x13, 0x01, 0x00,
  0x00, 0x00, 0x00, 0x00, 0xe8, 0x4a, 0x01, 0x00, 0x00, 0x00, 0x00, 0x00,
  0x08, 0x00, 0x00, 0x00, 0x00, 0x00, 0x00, 0x00, 0x38, 0x59, 0x01, 0x00,
  0x00, 0x00, 0x00, 0x00, 0xf0, 0x4a, 0x01, 0x00, 0x00, 0x00, 0x00, 0x00,
  0x08, 0x00, 0x00, 0x00, 0x00, 0x00, 0x00, 0x00, 0x09, 0x14, 0x01, 0x00,
  0x00, 0x00, 0x00, 0x00, 0x10, 0x4b, 0x01, 0x00, 0x00, 0x00, 0x00, 0x00,
  0x08, 0x00, 0x00, 0x00, 0x00, 0x00, 0x00, 0x00, 0x30, 0x59, 0x01, 0x00,
  0x00, 0x00, 0x00, 0x00, 0x18, 0x4b, 0x01, 0x00, 0x00, 0x00, 0x00, 0x00,
  0x08, 0x00, 0x00, 0x00, 0x00, 0x00, 0x00, 0x00, 0x09, 0x14, 0x01, 0x00,
  0x00, 0x00, 0x00, 0x00, 0x38, 0x4b, 0x01, 0x00, 0x00, 0x00, 0x00, 0x00,
  0x08, 0x00, 0x00, 0x00, 0x00, 0x00, 0x00, 0x00, 0x28, 0x59, 0x01, 0x00,
  0x00, 0x00, 0x00, 0x00, 0x40, 0x4b, 0x01, 0x00, 0x00, 0x00, 0x00, 0x00,
  0x08, 0x00, 0x00, 0x00, 0x00, 0x00, 0x00, 0x00, 0x88, 0x13, 0x01, 0x00,
  0x00, 0x00, 0x00, 0x00, 0x60, 0x4b, 0x01, 0x00, 0x00, 0x00, 0x00, 0x00,
  0x08, 0x00, 0x00, 0x00, 0x00, 0x00, 0x00, 0x00, 0x20, 0x59, 0x01, 0x00,
  0x00, 0x00, 0x00, 0x00, 0x68, 0x4b, 0x01, 0x00, 0x00, 0x00, 0x00, 0x00,
  0x08, 0x00, 0x00, 0x00, 0x00, 0x00, 0x00, 0x00, 0x68, 0x13, 0x01, 0x00,
  0x00, 0x00, 0x00, 0x00, 0x88, 0x4b, 0x01, 0x00, 0x00, 0x00, 0x00, 0x00,
  0x08, 0x00, 0x00, 0x00, 0x00, 0x00, 0x00, 0x00, 0x18, 0x59, 0x01, 0x00,
  0x00, 0x00, 0x00, 0x00, 0x90, 0x4b, 0x01, 0x00, 0x00, 0x00, 0x00, 0x00,
  0x08, 0x00, 0x00, 0x00, 0x00, 0x00, 0x00, 0x00, 0xa3, 0x14, 0x01, 0x00,
  0x00, 0x00, 0x00, 0x00, 0xb0, 0x4b, 0x01, 0x00, 0x00, 0x00, 0x00, 0x00,
  0x08, 0x00, 0x00, 0x00, 0x00, 0x00, 0x00, 0x00, 0x10, 0x59, 0x01, 0x00,
  0x00, 0x00, 0x00, 0x00, 0xb8, 0x4b, 0x01, 0x00, 0x00, 0x00, 0x00, 0x00,
  0x08, 0x00, 0x00, 0x00, 0x00, 0x00, 0x00, 0x00, 0xd0, 0x13, 0x01, 0x00,
  0x00, 0x00, 0x00, 0x00, 0xd8, 0x4b, 0x01, 0x00, 0x00, 0x00, 0x00, 0x00,
  0x08, 0x00, 0x00, 0x00, 0x00, 0x00, 0x00, 0x00, 0x08, 0x59, 0x01, 0x00,
  0x00, 0x00, 0x00, 0x00, 0xe0, 0x4b, 0x01, 0x00, 0x00, 0x00, 0x00, 0x00,
  0x08, 0x00, 0x00, 0x00, 0x00, 0x00, 0x00, 0x00, 0x98, 0x14, 0x01, 0x00,
  0x00, 0x00, 0x00, 0x00, 0x00, 0x4c, 0x01, 0x00, 0x00, 0x00, 0x00, 0x00,
  0x08, 0x00, 0x00, 0x00, 0x00, 0x00, 0x00, 0x00, 0x00, 0x59, 0x01, 0x00,
  0x00, 0x00, 0x00, 0x00, 0x08, 0x4c, 0x01, 0x00, 0x00, 0x00, 0x00, 0x00,
  0x08, 0x00, 0x00, 0x00, 0x00, 0x00, 0x00, 0x00, 0x18, 0x13, 0x01, 0x00,
  0x00, 0x00, 0x00, 0x00, 0x28, 0x4c, 0x01, 0x00, 0x00, 0x00, 0x00, 0x00,
  0x08, 0x00, 0x00, 0x00, 0x00, 0x00, 0x00, 0x00, 0xf8, 0x58, 0x01, 0x00,
  0x00, 0x00, 0x00, 0x00, 0x30, 0x4c, 0x01, 0x00, 0x00, 0x00, 0x00, 0x00,
  0x08, 0x00, 0x00, 0x00, 0x00, 0x00, 0x00, 0x00, 0x02, 0x14, 0x01, 0x00,
  0x00, 0x00, 0x00, 0x00, 0x50, 0x4c, 0x01, 0x00, 0x00, 0x00, 0x00, 0x00,
  0x08, 0x00, 0x00, 0x00, 0x00, 0x00, 0x00, 0x00, 0xf0, 0x58, 0x01, 0x00,
  0x00, 0x00, 0x00, 0x00, 0x58, 0x4c, 0x01, 0x00, 0x00, 0x00, 0x00, 0x00,
  0x08, 0x00, 0x00, 0x00, 0x00, 0x00, 0x00, 0x00, 0x58, 0x13, 0x01, 0x00,
  0x00, 0x00, 0x00, 0x00, 0x78, 0x4c, 0x01, 0x00, 0x00, 0x00, 0x00, 0x00,
  0x08, 0x00, 0x00, 0x00, 0x00, 0x00, 0x00, 0x00, 0xe8, 0x58, 0x01, 0x00,
  0x00, 0x00, 0x00, 0x00, 0x80, 0x4c, 0x01, 0x00, 0x00, 0x00, 0x00, 0x00,
  0x08, 0x00, 0x00, 0x00, 0x00, 0x00, 0x00, 0x00, 0x38, 0x14, 0x01, 0x00,
  0x00, 0x00, 0x00, 0x00, 0xa0, 0x4c, 0x01, 0x00, 0x00, 0x00, 0x00, 0x00,
  0x08, 0x00, 0x00, 0x00, 0x00, 0x00, 0x00, 0x00, 0xe0, 0x58, 0x01, 0x00,
  0x00, 0x00, 0x00, 0x00, 0xa8, 0x4c, 0x01, 0x00, 0x00, 0x00, 0x00, 0x00,
  0x08, 0x00, 0x00, 0x00, 0x00, 0x00, 0x00, 0x00, 0xb0, 0x12, 0x01, 0x00,
  0x00, 0x00, 0x00, 0x00, 0xc8, 0x4c, 0x01, 0x00, 0x00, 0x00, 0x00, 0x00,
  0x08, 0x00, 0x00, 0x00, 0x00, 0x00, 0x00, 0x00, 0xd8, 0x58, 0x01, 0x00,
  0x00, 0x00, 0x00, 0x00, 0xd0, 0x4c, 0x01, 0x00, 0x00, 0x00, 0x00, 0x00,
  0x08, 0x00, 0x00, 0x00, 0x00, 0x00, 0x00, 0x00, 0xc8, 0x13, 0x01, 0x00,
  0x00, 0x00, 0x00, 0x00, 0xf0, 0x4c, 0x01, 0x00, 0x00, 0x00, 0x00, 0x00,
  0x08, 0x00, 0x00, 0x00, 0x00, 0x00, 0x00, 0x00, 0xd0, 0x58, 0x01, 0x00,
  0x00, 0x00, 0x00, 0x00, 0xf8, 0x4c, 0x01, 0x00, 0x00, 0x00, 0x00, 0x00,
  0x08, 0x00, 0x00, 0x00, 0x00, 0x00, 0x00, 0x00, 0xc8, 0x13, 0x01, 0x00,
  0x00, 0x00, 0x00, 0x00, 0x18, 0x4d, 0x01, 0x00, 0x00, 0x00, 0x00, 0x00,
  0x08, 0x00, 0x00, 0x00, 0x00, 0x00, 0x00, 0x00, 0xc8, 0x58, 0x01, 0x00,
  0x00, 0x00, 0x00, 0x00, 0x20, 0x4d, 0x01, 0x00, 0x00, 0x00, 0x00, 0x00,
  0x08, 0x00, 0x00, 0x00, 0x00, 0x00, 0x00, 0x00, 0x2e, 0x14, 0x01, 0x00,
  0x00, 0x00, 0x00, 0x00, 0x40, 0x4d, 0x01, 0x00, 0x00, 0x00, 0x00, 0x00,
  0x08, 0x00, 0x00, 0x00, 0x00, 0x00, 0x00, 0x00, 0xc0, 0x58, 0x01, 0x00,
  0x00, 0x00, 0x00, 0x00, 0x48, 0x4d, 0x01, 0x00, 0x00, 0x00, 0x00, 0x00,
  0x08, 0x00, 0x00, 0x00, 0x00, 0x00, 0x00, 0x00, 0x28, 0x14, 0x01, 0x00,
  0x00, 0x00, 0x00, 0x00, 0x68, 0x4d, 0x01, 0x00, 0x00, 0x00, 0x00, 0x00,
  0x08, 0x00, 0x00, 0x00, 0x00, 0x00, 0x00, 0x00, 0xb8, 0x58, 0x01, 0x00,
  0x00, 0x00, 0x00, 0x00, 0x70, 0x4d, 0x01, 0x00, 0x00, 0x00, 0x00, 0x00,
  0x08, 0x00, 0x00, 0x00, 0x00, 0x00, 0x00, 0x00, 0xfb, 0x13, 0x01, 0x00,
  0x00, 0x00, 0x00, 0x00, 0x90, 0x4d, 0x01, 0x00, 0x00, 0x00, 0x00, 0x00,
  0x08, 0x00, 0x00, 0x00, 0x00, 0x00, 0x00, 0x00, 0xb0, 0x58, 0x01, 0x00,
  0x00, 0x00, 0x00, 0x00, 0x98, 0x4d, 0x01, 0x00, 0x00, 0x00, 0x00, 0x00,
  0x08, 0x00, 0x00, 0x00, 0x00, 0x00, 0x00, 0x00, 0xe8, 0x12, 0x01, 0x00,
  0x00, 0x00, 0x00, 0x00, 0xb8, 0x4d, 0x01, 0x00, 0x00, 0x00, 0x00, 0x00,
  0x08, 0x00, 0x00, 0x00, 0x00, 0x00, 0x00, 0x00, 0xa8, 0x58, 0x01, 0x00,
  0x00, 0x00, 0x00, 0x00, 0xc0, 0x4d, 0x01, 0x00, 0x00, 0x00, 0x00, 0x00,
  0x08, 0x00, 0x00, 0x00, 0x00, 0x00, 0x00, 0x00, 0x8d, 0x14, 0x01, 0x00,
  0x00, 0x00, 0x00, 0x00, 0xe0, 0x4d, 0x01, 0x00, 0x00, 0x00, 0x00, 0x00,
  0x08, 0x00, 0x00, 0x00, 0x00, 0x00, 0x00, 0x00, 0xa0, 0x58, 0x01, 0x00,
  0x00, 0x00, 0x00, 0x00, 0xe8, 0x4d, 0x01, 0x00, 0x00, 0x00, 0x00, 0x00,
  0x08, 0x00, 0x00, 0x00, 0x00, 0x00, 0x00, 0x00, 0xb8, 0x13, 0x01, 0x00,
  0x00, 0x00, 0x00, 0x00, 0x08, 0x4e, 0x01, 0x00, 0x00, 0x00, 0x00, 0x00,
  0x08, 0x00, 0x00, 0x00, 0x00, 0x00, 0x00, 0x00, 0x98, 0x58, 0x01, 0x00,
  0x00, 0x00, 0x00, 0x00, 0x10, 0x4e, 0x01, 0x00, 0x00, 0x00, 0x00, 0x00,
  0x08, 0x00, 0x00, 0x00, 0x00, 0x00, 0x00, 0x00, 0x48, 0x13, 0x01, 0x00,
  0x00, 0x00, 0x00, 0x00, 0x30, 0x4e, 0x01, 0x00, 0x00, 0x00, 0x00, 0x00,
  0x08, 0x00, 0x00, 0x00, 0x00, 0x00, 0x00, 0x00, 0x90, 0x58, 0x01, 0x00,
  0x00, 0x00, 0x00, 0x00, 0x38, 0x4e, 0x01, 0x00, 0x00, 0x00, 0x00, 0x00,
  0x08, 0x00, 0x00, 0x00, 0x00, 0x00, 0x00, 0x00, 0xf0, 0x13, 0x01, 0x00,
  0x00, 0x00, 0x00, 0x00, 0x58, 0x4e, 0x01, 0x00, 0x00, 0x00, 0x00, 0x00,
  0x08, 0x00, 0x00, 0x00, 0x00, 0x00, 0x00, 0x00, 0x88, 0x58, 0x01, 0x00,
  0x00, 0x00, 0x00, 0x00, 0x60, 0x4e, 0x01, 0x00, 0x00, 0x00, 0x00, 0x00,
  0x08, 0x00, 0x00, 0x00, 0x00, 0x00, 0x00, 0x00, 0x80, 0x14, 0x01, 0x00,
  0x00, 0x00, 0x00, 0x00, 0x80, 0x4e, 0x01, 0x00, 0x00, 0x00, 0x00, 0x00,
  0x08, 0x00, 0x00, 0x00, 0x00, 0x00, 0x00, 0x00, 0x80, 0x58, 0x01, 0x00,
  0x00, 0x00, 0x00, 0x00, 0x88, 0x4e, 0x01, 0x00, 0x00, 0x00, 0x00, 0x00,
  0x08, 0x00, 0x00, 0x00, 0x00, 0x00, 0x00, 0x00, 0x22, 0x14, 0x01, 0x00,
  0x00, 0x00, 0x00, 0x00, 0xa8, 0x4e, 0x01, 0x00, 0x00, 0x00, 0x00, 0x00,
  0x08, 0x00, 0x00, 0x00, 0x00, 0x00, 0x00, 0x00, 0x78, 0x58, 0x01, 0x00,
  0x00, 0x00, 0x00, 0x00, 0xb0, 0x4e, 0x01, 0x00, 0x00, 0x00, 0x00, 0x00,
  0x08, 0x00, 0x00, 0x00, 0x00, 0x00, 0x00, 0x00, 0x89, 0x14, 0x01, 0x00,
  0x00, 0x00, 0x00, 0x00, 0xd0, 0x4e, 0x01, 0x00, 0x00, 0x00, 0x00, 0x00,
  0x08, 0x00, 0x00, 0x00, 0x00, 0x00, 0x00, 0x00, 0x70, 0x58, 0x01, 0x00,
  0x00, 0x00, 0x00, 0x00, 0xd8, 0x4e, 0x01, 0x00, 0x00, 0x00, 0x00, 0x00,
  0x08, 0x00, 0x00, 0x00, 0x00, 0x00, 0x00, 0x00, 0x89, 0x14, 0x01, 0x00,
  0x00, 0x00, 0x00, 0x00, 0xf8, 0x4e, 0x01, 0x00, 0x00, 0x00, 0x00, 0x00,
  0x08, 0x00, 0x00, 0x00, 0x00, 0x00, 0x00, 0x00, 0x68, 0x58, 0x01, 0x00,
  0x00, 0x00, 0x00, 0x00, 0x00, 0x4f, 0x01, 0x00, 0x00, 0x00, 0x00, 0x00,
  0x08, 0x00, 0x00, 0x00, 0x00, 0x00, 0x00, 0x00, 0x70, 0x14, 0x01, 0x00,
  0x00, 0x00, 0x00, 0x00, 0x20, 0x4f, 0x01, 0x00, 0x00, 0x00, 0x00, 0x00,
  0x08, 0x00, 0x00, 0x00, 0x00, 0x00, 0x00, 0x00, 0x60, 0x58, 0x01, 0x00,
  0x00, 0x00, 0x00, 0x00, 0x28, 0x4f, 0x01, 0x00, 0x00, 0x00, 0x00, 0x00,
  0x08, 0x00, 0x00, 0x00, 0x00, 0x00, 0x00, 0x00, 0x60, 0x14, 0x01, 0x00,
  0x00, 0x00, 0x00, 0x00, 0x48, 0x4f, 0x01, 0x00, 0x00, 0x00, 0x00, 0x00,
  0x08, 0x00, 0x00, 0x00, 0x00, 0x00, 0x00, 0x00, 0x58, 0x58, 0x01, 0x00,
  0x00, 0x00, 0x00, 0x00, 0x50, 0x4f, 0x01, 0x00, 0x00, 0x00, 0x00, 0x00,
  0x08, 0x00, 0x00, 0x00, 0x00, 0x00, 0x00, 0x00, 0xa0, 0x14, 0x01, 0x00,
  0x00, 0x00, 0x00, 0x00, 0x70, 0x4f, 0x01, 0x00, 0x00, 0x00, 0x00, 0x00,
  0x08, 0x00, 0x00, 0x00, 0x00, 0x00, 0x00, 0x00, 0x50, 0x58, 0x01, 0x00,
  0x00, 0x00, 0x00, 0x00, 0x78, 0x4f, 0x01, 0x00, 0x00, 0x00, 0x00, 0x00,
  0x08, 0x00, 0x00, 0x00, 0x00, 0x00, 0x00, 0x00, 0x1c, 0x14, 0x01, 0x00,
  0x00, 0x00, 0x00, 0x00, 0x98, 0x4f, 0x01, 0x00, 0x00, 0x00, 0x00, 0x00,
  0x08, 0x00, 0x00, 0x00, 0x00, 0x00, 0x00, 0x00, 0x48, 0x58, 0x01, 0x00,
  0x00, 0x00, 0x00, 0x00, 0xa0, 0x4f, 0x01, 0x00, 0x00, 0x00, 0x00, 0x00,
  0x08, 0x00, 0x00, 0x00, 0x00, 0x00, 0x00, 0x00, 0x40, 0x12, 0x01, 0x00,
  0x00, 0x00, 0x00, 0x00, 0xc0, 0x4f, 0x01, 0x00, 0x00, 0x00, 0x00, 0x00,
  0x08, 0x00, 0x00, 0x00, 0x00, 0x00, 0x00, 0x00, 0x40, 0x58, 0x01, 0x00,
  0x00, 0x00, 0x00, 0x00, 0xc8, 0x4f, 0x01, 0x00, 0x00, 0x00, 0x00, 0x00,
  0x08, 0x00, 0x00, 0x00, 0x00, 0x00, 0x00, 0x00, 0x00, 0x12, 0x01, 0x00,
  0x00, 0x00, 0x00, 0x00, 0xe8, 0x4f, 0x01, 0x00, 0x00, 0x00, 0x00, 0x00,
  0x08, 0x00, 0x00, 0x00, 0x00, 0x00, 0x00, 0x00, 0x38, 0x58, 0x01, 0x00,
  0x00, 0x00, 0x00, 0x00, 0xf0, 0x4f, 0x01, 0x00, 0x00, 0x00, 0x00, 0x00,
  0x08, 0x00, 0x00, 0x00, 0x00, 0x00, 0x00, 0x00, 0x38, 0x13, 0x01, 0x00,
  0x00, 0x00, 0x00, 0x00, 0x10, 0x50, 0x01, 0x00, 0x00, 0x00, 0x00, 0x00,
  0x08, 0x00, 0x00, 0x00, 0x00, 0x00, 0x00, 0x00, 0x30, 0x58, 0x01, 0x00,
  0x00, 0x00, 0x00, 0x00, 0x18, 0x50, 0x01, 0x00, 0x00, 0x00, 0x00, 0x00,
  0x08, 0x00, 0x00, 0x00, 0x00, 0x00, 0x00, 0x00, 0x16, 0x14, 0x01, 0x00,
  0x00, 0x00, 0x00, 0x00, 0x38, 0x50, 0x01, 0x00, 0x00, 0x00, 0x00, 0x00,
  0x08, 0x00, 0x00, 0x00, 0x00, 0x00, 0x00, 0x00, 0x28, 0x58, 0x01, 0x00,
  0x00, 0x00, 0x00, 0x00, 0x40, 0x50, 0x01, 0x00, 0x00, 0x00, 0x00, 0x00,
  0x08, 0x00, 0x00, 0x00, 0x00, 0x00, 0x00, 0x00, 0xe0, 0x13, 0x01, 0x00,
  0x00, 0x00, 0x00, 0x00, 0x60, 0x50, 0x01, 0x00, 0x00, 0x00, 0x00, 0x00,
  0x08, 0x00, 0x00, 0x00, 0x00, 0x00, 0x00, 0x00, 0x20, 0x58, 0x01, 0x00,
  0x00, 0x00, 0x00, 0x00, 0x68, 0x50, 0x01, 0x00, 0x00, 0x00, 0x00, 0x00,
  0x08, 0x00, 0x00, 0x00, 0x00, 0x00, 0x00, 0x00, 0x00, 0x13, 0x01, 0x00,
  0x00, 0x00, 0x00, 0x00, 0x88, 0x50, 0x01, 0x00, 0x00, 0x00, 0x00, 0x00,
  0x08, 0x00, 0x00, 0x00, 0x00, 0x00, 0x00, 0x00, 0x18, 0x58, 0x01, 0x00,
  0x00, 0x00, 0x00, 0x00, 0x90, 0x50, 0x01, 0x00, 0x00, 0x00, 0x00, 0x00,
  0x08, 0x00, 0x00, 0x00, 0x00, 0x00, 0x00, 0x00, 0x78, 0x13, 0x01, 0x00,
  0x00, 0x00, 0x00, 0x00, 0xb0, 0x50, 0x01, 0x00, 0x00, 0x00, 0x00, 0x00,
  0x08, 0x00, 0x00, 0x00, 0x00, 0x00, 0x00, 0x00, 0x10, 0x58, 0x01, 0x00,
  0x00, 0x00, 0x00, 0x00, 0xb8, 0x50, 0x01, 0x00, 0x00, 0x00, 0x00, 0x00,
  0x08, 0x00, 0x00, 0x00, 0x00, 0x00, 0x00, 0x00, 0x56, 0x14, 0x01, 0x00,
  0x00, 0x00, 0x00, 0x00, 0xd8, 0x50, 0x01, 0x00, 0x00, 0x00, 0x00, 0x00,
  0x08, 0x00, 0x00, 0x00, 0x00, 0x00, 0x00, 0x00, 0x08, 0x58, 0x01, 0x00,
  0x00, 0x00, 0x00, 0x00, 0xe0, 0x50, 0x01, 0x00, 0x00, 0x00, 0x00, 0x00,
  0x08, 0x00, 0x00, 0x00, 0x00, 0x00, 0x00, 0x00, 0xc0, 0x11, 0x01, 0x00,
  0x00, 0x00, 0x00, 0x00, 0x00, 0x51, 0x01, 0x00, 0x00, 0x00, 0x00, 0x00,
  0x08, 0x00, 0x00, 0x00, 0x00, 0x00, 0x00, 0x00, 0x00, 0x58, 0x01, 0x00,
  0x00, 0x00, 0x00, 0x00, 0x08, 0x51, 0x01, 0x00, 0x00, 0x00, 0x00, 0x00,
  0x08, 0x00, 0x00, 0x00, 0x00, 0x00, 0x00, 0x00, 0x60, 0x11, 0x01, 0x00,
  0x00, 0x00, 0x00, 0x00, 0x28, 0x51, 0x01, 0x00, 0x00, 0x00, 0x00, 0x00,
  0x08, 0x00, 0x00, 0x00, 0x00, 0x00, 0x00, 0x00, 0xf8, 0x57, 0x01, 0x00,
  0x00, 0x00, 0x00, 0x00, 0x30, 0x51, 0x01, 0x00, 0x00, 0x00, 0x00, 0x00,
  0x08, 0x00, 0x00, 0x00, 0x00, 0x00, 0x00, 0x00, 0xa8, 0x13, 0x01, 0x00,
  0x00, 0x00, 0x00, 0x00, 0x50, 0x51, 0x01, 0x00, 0x00, 0x00, 0x00, 0x00,
  0x08, 0x00, 0x00, 0x00, 0x00, 0x00, 0x00, 0x00, 0xf0, 0x57, 0x01, 0x00,
  0x00, 0x00, 0x00, 0x00, 0x58, 0x51, 0x01, 0x00, 0x00, 0x00, 0x00, 0x00,
  0x08, 0x00, 0x00, 0x00, 0x00, 0x00, 0x00, 0x00, 0xd0, 0x12, 0x01, 0x00,
  0x00, 0x00, 0x00, 0x00, 0x78, 0x51, 0x01, 0x00, 0x00, 0x00, 0x00, 0x00,
  0x08, 0x00, 0x00, 0x00, 0x00, 0x00, 0x00, 0x00, 0xe8, 0x57, 0x01, 0x00,
  0x00, 0x00, 0x00, 0x00, 0x80, 0x51, 0x01, 0x00, 0x00, 0x00, 0x00, 0x00,
  0x08, 0x00, 0x00, 0x00, 0x00, 0x00, 0x00, 0x00, 0x10, 0x14, 0x01, 0x00,
  0x00, 0x00, 0x00, 0x00, 0xa0, 0x51, 0x01, 0x00, 0x00, 0x00, 0x00, 0x00,
  0x08, 0x00, 0x00, 0x00, 0x00, 0x00, 0x00, 0x00, 0xe0, 0x57, 0x01, 0x00,
  0x00, 0x00, 0x00, 0x00, 0xa8, 0x51, 0x01, 0x00, 0x00, 0x00, 0x00, 0x00,
  0x08, 0x00, 0x00, 0x00, 0x00, 0x00, 0x00, 0x00, 0x10, 0x14, 0x01, 0x00,
  0x00, 0x00, 0x00, 0x00, 0xc8, 0x51, 0x01, 0x00, 0x00, 0x00, 0x00, 0x00,
  0x08, 0x00, 0x00, 0x00, 0x00, 0x00, 0x00, 0x00, 0xd8, 0x57, 0x01, 0x00,
  0x00, 0x00, 0x00, 0x00, 0xd0, 0x51, 0x01, 0x00, 0x00, 0x00, 0x00, 0x00,
  0x08, 0x00, 0x00, 0x00, 0x00, 0x00, 0x00, 0x00, 0x90, 0x12, 0x01, 0x00,
  0x00, 0x00, 0x00, 0x00, 0xf0, 0x51, 0x01, 0x00, 0x00, 0x00, 0x00, 0x00,
  0x08, 0x00, 0x00, 0x00, 0x00, 0x00, 0x00, 0x00, 0xd0, 0x57, 0x01, 0x00,
  0x00, 0x00, 0x00, 0x00, 0xf8, 0x51, 0x01, 0x00, 0x00, 0x00, 0x00, 0x00,
  0x08, 0x00, 0x00, 0x00, 0x00, 0x00, 0x00, 0x00, 0x70, 0x12, 0x01, 0x00,
  0x00, 0x00, 0x00, 0x00, 0x18, 0x52, 0x01, 0x00, 0x00, 0x00, 0x00, 0x00,
  0x08, 0x00, 0x00, 0x00, 0x00, 0x00, 0x00, 0x00, 0xc8, 0x57, 0x01, 0x00,
  0x00, 0x00, 0x00, 0x00, 0x20, 0x52, 0x01, 0x00, 0x00, 0x00, 0x00, 0x00,
  0x08, 0x00, 0x00, 0x00, 0x00, 0x00, 0x00, 0x00, 0x51, 0x14, 0x01, 0x00,
  0x00, 0x00, 0x00, 0x00, 0x40, 0x52, 0x01, 0x00, 0x00, 0x00, 0x00, 0x00,
  0x08, 0x00, 0x00, 0x00, 0x00, 0x00, 0x00, 0x00, 0xc0, 0x57, 0x01, 0x00,
  0x00, 0x00, 0x00, 0x00, 0x48, 0x52, 0x01, 0x00, 0x00, 0x00, 0x00, 0x00,
  0x08, 0x00, 0x00, 0x00, 0x00, 0x00, 0x00, 0x00, 0x48, 0x14, 0x01, 0x00,
  0x00, 0x00, 0x00, 0x00, 0x68, 0x52, 0x01, 0x00, 0x00, 0x00, 0x00, 0x00,
  0x08, 0x00, 0x00, 0x00, 0x00, 0x00, 0x00, 0x00, 0xb8, 0x57, 0x01, 0x00,
  0x00, 0x00, 0x00, 0x00, 0x70, 0x52, 0x01, 0x00, 0x00, 0x00, 0x00, 0x00,
  0x08, 0x00, 0x00, 0x00, 0x00, 0x00, 0x00, 0x00, 0xd8, 0x13, 0x01, 0x00,
  0x00, 0x00, 0x00, 0x00, 0x90, 0x52, 0x01, 0x00, 0x00, 0x00, 0x00, 0x00,
  0x08, 0x00, 0x00, 0x00, 0x00, 0x00, 0x00, 0x00, 0xb0, 0x57, 0x01, 0x00,
  0x00, 0x00, 0x00, 0x00, 0x98, 0x52, 0x01, 0x00, 0x00, 0x00, 0x00, 0x00,
  0x08, 0x00, 0x00, 0x00, 0x00, 0x00, 0x00, 0x00, 0x98, 0x13, 0x01, 0x00,
  0x00, 0x00, 0x00, 0x00, 0x08, 0x53, 0x01, 0x00, 0x00, 0x00, 0x00, 0x00,
  0x08, 0x00, 0x00, 0x00, 0x00, 0x00, 0x00, 0x00, 0x30, 0x10, 0x01, 0x00,
  0x00, 0x00, 0x00, 0x00, 0x20, 0x53, 0x01, 0x00, 0x00, 0x00, 0x00, 0x00,
  0x08, 0x00, 0x00, 0x00, 0x00, 0x00, 0x00, 0x00, 0x00, 0x57, 0x01, 0x00,
  0x00, 0x00, 0x00, 0x00, 0x28, 0x53, 0x01, 0x00, 0x00, 0x00, 0x00, 0x00,
  0x08, 0x00, 0x00, 0x00, 0x00, 0x00, 0x00, 0x00, 0x60, 0x53, 0x01, 0x00,
  0x00, 0x00, 0x00, 0x00, 0x68, 0x53, 0x01, 0x00, 0x00, 0x00, 0x00, 0x00,
  0x08, 0x00, 0x00, 0x00, 0x00, 0x00, 0x00, 0x00, 0x8e, 0x39, 0x00, 0x00,
  0x00, 0x00, 0x00, 0x00, 0x78, 0x53, 0x01, 0x00, 0x00, 0x00, 0x00, 0x00,
  0x08, 0x00, 0x00, 0x00, 0x00, 0x00, 0x00, 0x00, 0x4f, 0x3b, 0x00, 0x00,
  0x00, 0x00, 0x00, 0x00, 0xb8, 0x53, 0x01, 0x00, 0x00, 0x00, 0x00, 0x00,
  0x08, 0x00, 0x00, 0x00, 0x00, 0x00, 0x00, 0x00, 0x82, 0x10, 0x01, 0x00,
  0x00, 0x00, 0x00, 0x00, 0xd0, 0x53, 0x01, 0x00, 0x00, 0x00, 0x00, 0x00,
  0x08, 0x00, 0x00, 0x00, 0x00, 0x00, 0x00, 0x00, 0xd0, 0x56, 0x00, 0x00,
  0x00, 0x00, 0x00, 0x00, 0x50, 0x54, 0x01, 0x00, 0x00, 0x00, 0x00, 0x00,
  0x08, 0x00, 0x00, 0x00, 0x00, 0x00, 0x00, 0x00, 0xe0, 0xfa, 0x00, 0x00,
  0x00, 0x00, 0x00, 0x00, 0x58, 0x54, 0x01, 0x00, 0x00, 0x00, 0x00, 0x00,
  0x08, 0x00, 0x00, 0x00, 0x00, 0x00, 0x00, 0x00, 0x50, 0x56, 0x00, 0x00,
  0x00, 0x00, 0x00, 0x00, 0x60, 0x54, 0x01, 0x00, 0x00, 0x00, 0x00, 0x00,
  0x08, 0x00, 0x00, 0x00, 0x00, 0x00, 0x00, 0x00, 0xd0, 0x55, 0x00, 0x00,
  0x00, 0x00, 0x00, 0x00, 0x88, 0x54, 0x01, 0x00, 0x00, 0x00, 0x00, 0x00,
  0x08, 0x00, 0x00, 0x00, 0x00, 0x00, 0x00, 0x00, 0xa0, 0x55, 0x01, 0x00,
  0x00, 0x00, 0x00, 0x00, 0x98, 0x54, 0x01, 0x00, 0x00, 0x00, 0x00, 0x00,
  0x08, 0x00, 0x00, 0x00, 0x00, 0x00, 0x00, 0x00, 0x40, 0x55, 0x01, 0x00,
  0x00, 0x00, 0x00, 0x00, 0xc8, 0x54, 0x01, 0x00, 0x00, 0x00, 0x00, 0x00,
  0x08, 0x00, 0x00, 0x00, 0x00, 0x00, 0x00, 0x00, 0xd0, 0x95, 0x00, 0x00,
  0x00, 0x00, 0x00, 0x00, 0xd8, 0x54, 0x01, 0x00, 0x00, 0x00, 0x00, 0x00,
  0x08, 0x00, 0x00, 0x00, 0x00, 0x00, 0x00, 0x00, 0xb0, 0x52, 0x00, 0x00,
  0x00, 0x00, 0x00, 0x00, 0x40, 0x55, 0x01, 0x00, 0x00, 0x00, 0x00, 0x00,
  0x08, 0x00, 0x00, 0x00, 0x00, 0x00, 0x00, 0x00, 0x9e, 0x10, 0x01, 0x00,
  0x00, 0x00, 0x00, 0x00, 0x48, 0x55, 0x01, 0x00, 0x00, 0x00, 0x00, 0x00,
  0x08, 0x00, 0x00, 0x00, 0x00, 0x00, 0x00, 0x00, 0x90, 0x7e, 0x00, 0x00,
  0x00, 0x00, 0x00, 0x00, 0x50, 0x55, 0x01, 0x00, 0x00, 0x00, 0x00, 0x00,
  0x08, 0x00, 0x00, 0x00, 0x00, 0x00, 0x00, 0x00, 0x20, 0xb4, 0x00, 0x00,
  0x00, 0x00, 0x00, 0x00, 0x58, 0x55, 0x01, 0x00, 0x00, 0x00, 0x00, 0x00,
  0x08, 0x00, 0x00, 0x00, 0x00, 0x00, 0x00, 0x00, 0xd0, 0x0c, 0x01, 0x00,
  0x00, 0x00, 0x00, 0x00, 0xa0, 0x55, 0x01, 0x00, 0x00, 0x00, 0x00, 0x00,
  0x08, 0x00, 0x00, 0x00, 0x00, 0x00, 0x00, 0x00, 0x56, 0x10, 0x01, 0x00,
  0x00, 0x00, 0x00, 0x00, 0xa8, 0x55, 0x01, 0x00, 0x00, 0x00, 0x00, 0x00,
  0x08, 0x00, 0x00, 0x00, 0x00, 0x00, 0x00, 0x00, 0xd0, 0x76, 0x00, 0x00,
  0x00, 0x00, 0x00, 0x00, 0xb8, 0x55, 0x01, 0x00, 0x00, 0x00, 0x00, 0x00,
  0x08, 0x00, 0x00, 0x00, 0x00, 0x00, 0x00, 0x00, 0x80, 0x48, 0x01, 0x00,
  0x00, 0x00, 0x00, 0x00, 0xc0, 0x55, 0x01, 0x00, 0x00, 0x00, 0x00, 0x00,
  0x08, 0x00, 0x00, 0x00, 0x00, 0x00, 0x00, 0x00, 0xa4, 0x10, 0x01, 0x00,
  0x00, 0x00, 0x00, 0x00, 0xc8, 0x55, 0x01, 0x00, 0x00, 0x00, 0x00, 0x00,
  0x08, 0x00, 0x00, 0x00, 0x00, 0x00, 0x00, 0x00, 0xd0, 0x6e, 0x00, 0x00,
  0x00, 0x00, 0x00, 0x00, 0xd8, 0x55, 0x01, 0x00, 0x00, 0x00, 0x00, 0x00,
  0x08, 0x00, 0x00, 0x00, 0x00, 0x00, 0x00, 0x00, 0x20, 0x43, 0x01, 0x00,
  0x00, 0x00, 0x00, 0x00, 0xe0, 0x55, 0x01, 0x00, 0x00, 0x00, 0x00, 0x00,
  0x08, 0x00, 0x00, 0x00, 0x00, 0x00, 0x00, 0x00, 0xac, 0x10, 0x01, 0x00,
  0x00, 0x00, 0x00, 0x00, 0xe8, 0x55, 0x01, 0x00, 0x00, 0x00, 0x00, 0x00,
  0x08, 0x00, 0x00, 0x00, 0x00, 0x00, 0x00, 0x00, 0x30, 0x71, 0x00, 0x00,
  0x00, 0x00, 0x00, 0x00, 0x00, 0x56, 0x01, 0x00, 0x00, 0x00, 0x00, 0x00,
  0x08, 0x00, 0x00, 0x00, 0x00, 0x00, 0x00, 0x00, 0xbe, 0x10, 0x01, 0x00,
  0x00, 0x00, 0x00, 0x00, 0x08, 0x56, 0x01, 0x00, 0x00, 0x00, 0x00, 0x00,
  0x08, 0x00, 0x00, 0x00, 0x00, 0x00, 0x00, 0x00, 0x50, 0x70, 0x00, 0x00,
  0x00, 0x00, 0x00, 0x00, 0x18, 0x3f, 0x01, 0x00, 0x00, 0x00, 0x00, 0x00,
  0x06, 0x00, 0x00, 0x00, 0x04, 0x00, 0x00, 0x00, 0x00, 0x00, 0x00, 0x00,
  0x00, 0x00, 0x00, 0x00, 0x20, 0x3f, 0x01, 0x00, 0x00, 0x00, 0x00, 0x00,
  0x06, 0x00, 0x00, 0x00, 0x09, 0x00, 0x00, 0x00, 0x00, 0x00, 0x00, 0x00,
  0x00, 0x00, 0x00, 0x00, 0x28, 0x3f, 0x01, 0x00, 0x00, 0x00, 0x00, 0x00,
  0x06, 0x00, 0x00, 0x00, 0x0a, 0x00, 0x00, 0x00, 0x00, 0x00, 0x00, 0x00,
  0x00, 0x00, 0x00, 0x00, 0x30, 0x3f, 0x01, 0x00, 0x00, 0x00, 0x00, 0x00,
  0x06, 0x00, 0x00, 0x00, 0x0b, 0x00, 0x00, 0x00, 0x00, 0x00, 0x00, 0x00,
  0x00, 0x00, 0x00, 0x00, 0x38, 0x3f, 0x01, 0x00, 0x00, 0x00, 0x00, 0x00,
  0x06, 0x00, 0x00, 0x00, 0x0c, 0x00, 0x00, 0x00, 0x00, 0x00, 0x00, 0x00,
  0x00, 0x00, 0x00, 0x00, 0x40, 0x3f, 0x01, 0x00, 0x00, 0x00, 0x00, 0x00,
  0x06, 0x00, 0x00, 0x00, 0x74, 0x00, 0x00, 0x00, 0x00, 0x00, 0x00, 0x00,
  0x00, 0x00, 0x00, 0x00, 0x48, 0x3f, 0x01, 0x00, 0x00, 0x00, 0x00, 0x00,
  0x06, 0x00, 0x00, 0x00, 0x20, 0x00, 0x00, 0x00, 0x00, 0x00, 0x00, 0x00,
  0x00, 0x00, 0x00, 0x00, 0x50, 0x3f, 0x01, 0x00, 0x00, 0x00, 0x00, 0x00,
  0x06, 0x00, 0x00, 0x00, 0x24, 0x00, 0x00, 0x00, 0x00, 0x00, 0x00, 0x00,
  0x00, 0x00, 0x00, 0x00, 0x58, 0x3f, 0x01, 0x00, 0x00, 0x00, 0x00, 0x00,
  0x06, 0x00, 0x00, 0x00, 0x25, 0x00, 0x00, 0x00, 0x00, 0x00, 0x00, 0x00,
  0x00, 0x00, 0x00, 0x00, 0x60, 0x3f, 0x01, 0x00, 0x00, 0x00, 0x00, 0x00,
  0x06, 0x00, 0x00, 0x00, 0x26, 0x00, 0x00, 0x00, 0x00, 0x00, 0x00, 0x00,
  0x00, 0x00, 0x00, 0x00, 0x68, 0x3f, 0x01, 0x00, 0x00, 0x00, 0x00, 0x00,
  0x06, 0x00, 0x00, 0x00, 0x27, 0x00, 0x00, 0x00, 0x00, 0x00, 0x00, 0x00,
  0x00, 0x00, 0x00, 0x00, 0x70, 0x3f, 0x01, 0x00, 0x00, 0x00, 0x00, 0x00,
  0x06, 0x00, 0x00, 0x00, 0x36, 0x00, 0x00, 0x00, 0x00, 0x00, 0x00, 0x00,
  0x00, 0x00, 0x00, 0x00, 0x78, 0x3f, 0x01, 0x00, 0x00, 0x00, 0x00, 0x00,
  0x06, 0x00, 0x00, 0x00, 0x37, 0x00, 0x00, 0x00, 0x00, 0x00, 0x00, 0x00,
  0x00, 0x00, 0x00, 0x00, 0x80, 0x3f, 0x01, 0x00, 0x00, 0x00, 0x00, 0x00,
  0x06, 0x00, 0x00, 0x00, 0x38, 0x00, 0x00, 0x00, 0x00, 0x00, 0x00, 0x00,
  0x00, 0x00, 0x00, 0x00, 0x88, 0x3f, 0x01, 0x00, 0x00, 0x00, 0x00, 0x00,
  0x06, 0x00, 0x00, 0x00, 0x3a, 0x00, 0x00, 0x00, 0x00, 0x00, 0x00, 0x00,
  0x00, 0x00, 0x00, 0x00, 0x90, 0x3f, 0x01, 0x00, 0x00, 0x00, 0x00, 0x00,
  0x06, 0x00, 0x00, 0x00, 0x3c, 0x00, 0x00, 0x00, 0x00, 0x00, 0x00, 0x00,
  0x00, 0x00, 0x00, 0x00, 0x98, 0x3f, 0x01, 0x00, 0x00, 0x00, 0x00, 0x00,
  0x06, 0x00, 0x00, 0x00, 0x46, 0x00, 0x00, 0x00, 0x00, 0x00, 0x00, 0x00,
  0x00, 0x00, 0x00, 0x00, 0xa0, 0x3f, 0x01, 0x00, 0x00, 0x00, 0x00, 0x00,
  0x06, 0x00, 0x00, 0x00, 0x4c, 0x00, 0x00, 0x00, 0x00, 0x00, 0x00, 0x00,
  0x00, 0x00, 0x00, 0x00, 0xa8, 0x3f, 0x01, 0x00, 0x00, 0x00, 0x00, 0x00,
  0x06, 0x00, 0x00, 0x00, 0x50, 0x00, 0x00, 0x00, 0x00, 0x00, 0x00, 0x00,
  0x00, 0x00, 0x00, 0x00, 0xb0, 0x3f, 0x01, 0x00, 0x00, 0x00, 0x00, 0x00,
  0x06, 0x00, 0x00, 0x00, 0x52, 0x00, 0x00, 0x00, 0x00, 0x00, 0x00, 0x00,
  0x00, 0x00, 0x00, 0x00, 0xb8, 0x3f, 0x01, 0x00, 0x00, 0x00, 0x00, 0x00,
  0x06, 0x00, 0x00, 0x00, 0x55, 0x00, 0x00, 0x00, 0x00, 0x00, 0x00, 0x00,
  0x00, 0x00, 0x00, 0x00, 0xc0, 0x3f, 0x01, 0x00, 0x00, 0x00, 0x00, 0x00,
  0x06, 0x00, 0x00, 0x00, 0x56, 0x00, 0x00, 0x00, 0x00, 0x00, 0x00, 0x00,
  0x00, 0x00, 0x00, 0x00, 0xc8, 0x3f, 0x01, 0x00, 0x00, 0x00, 0x00, 0x00,
  0x06, 0x00, 0x00, 0x00, 0x5a, 0x00, 0x00, 0x00, 0x00, 0x00, 0x00, 0x00,
  0x00, 0x00, 0x00, 0x00, 0xd0, 0x3f, 0x01, 0x00, 0x00, 0x00, 0x00, 0x00,
  0x06, 0x00, 0x00, 0x00, 0x5c, 0x00, 0x00, 0x00, 0x00, 0x00, 0x00, 0x00,
  0x00, 0x00, 0x00, 0x00, 0xd8, 0x3f, 0x01, 0x00, 0x00, 0x00, 0x00, 0x00,
  0x06, 0x00, 0x00, 0x00, 0x63, 0x00, 0x00, 0x00, 0x00, 0x00, 0x00, 0x00,
  0x00, 0x00, 0x00, 0x00, 0xe0, 0x3f, 0x01, 0x00, 0x00, 0x00, 0x00, 0x00,
  0x06, 0x00, 0x00, 0x00, 0x66, 0x00, 0x00, 0x00, 0x00, 0x00, 0x00, 0x00,
  0x00, 0x00, 0x00, 0x00, 0xe8, 0x3f, 0x01, 0x00, 0x00, 0x00, 0x00, 0x00,
  0x06, 0x00, 0x00, 0x00, 0x68, 0x00, 0x00, 0x00, 0x00, 0x00, 0x00, 0x00,
  0x00, 0x00, 0x00, 0x00, 0xf0, 0x3f, 0x01, 0x00, 0x00, 0x00, 0x00, 0x00,
  0x06, 0x00, 0x00, 0x00, 0x6d, 0x00, 0x00, 0x00, 0x00, 0x00, 0x00, 0x00,
  0x00, 0x00, 0x00, 0x00, 0xf8, 0x3f, 0x01, 0x00, 0x00, 0x00, 0x00, 0x00,
  0x06, 0x00, 0x00, 0x00, 0x73, 0x00, 0x00, 0x00, 0x00, 0x00, 0x00, 0x00,
  0x00, 0x00, 0x00, 0x00, 0x18, 0x40, 0x01, 0x00, 0x00, 0x00, 0x00, 0x00,
  0x07, 0x00, 0x00, 0x00, 0x01, 0x00, 0x00, 0x00, 0x00, 0x00, 0x00, 0x00,
  0x00, 0x00, 0x00, 0x00, 0x20, 0x40, 0x01, 0x00, 0x00, 0x00, 0x00, 0x00,
  0x07, 0x00, 0x00, 0x00, 0x02, 0x00, 0x00, 0x00, 0x00, 0x00, 0x00, 0x00,
  0x00, 0x00, 0x00, 0x00, 0x28, 0x40, 0x01, 0x00, 0x00, 0x00, 0x00, 0x00,
  0x07, 0x00, 0x00, 0x00, 0x03, 0x00, 0x00, 0x00, 0x00, 0x00, 0x00, 0x00,
  0x00, 0x00, 0x00, 0x00, 0x30, 0x40, 0x01, 0x00, 0x00, 0x00, 0x00, 0x00,
  0x07, 0x00, 0x00, 0x00, 0x05, 0x00, 0x00, 0x00, 0x00, 0x00, 0x00, 0x00,
  0x00, 0x00, 0x00, 0x00, 0x38, 0x40, 0x01, 0x00, 0x00, 0x00, 0x00, 0x00,
  0x07, 0x00, 0x00, 0x00, 0x06, 0x00, 0x00, 0x00, 0x00, 0x00, 0x00, 0x00,
  0x00, 0x00, 0x00, 0x00, 0x40, 0x40, 0x01, 0x00, 0x00, 0x00, 0x00, 0x00,
  0x07, 0x00, 0x00, 0x00, 0x07, 0x00, 0x00, 0x00, 0x00, 0x00, 0x00, 0x00,
  0x00, 0x00, 0x00, 0x00, 0x48, 0x40, 0x01, 0x00, 0x00, 0x00, 0x00, 0x00,
  0x07, 0x00, 0x00, 0x00, 0x08, 0x00, 0x00, 0x00, 0x00, 0x00, 0x00, 0x00,
  0x00, 0x00, 0x00, 0x00, 0x50, 0x40, 0x01, 0x00, 0x00, 0x00, 0x00, 0x00,
  0x07, 0x00, 0x00, 0x00, 0x0d, 0x00, 0x00, 0x00, 0x00, 0x00, 0x00, 0x00,
  0x00, 0x00, 0x00, 0x00, 0x58, 0x40, 0x01, 0x00, 0x00, 0x00, 0x00, 0x00,
  0x07, 0x00, 0x00, 0x00, 0x0e, 0x00, 0x00, 0x00, 0x00, 0x00, 0x00, 0x00,
  0x00, 0x00, 0x00, 0x00, 0x60, 0x40, 0x01, 0x00, 0x00, 0x00, 0x00, 0x00,
  0x07, 0x00, 0x00, 0x00, 0x0f, 0x00, 0x00, 0x00, 0x00, 0x00, 0x00, 0x00,
  0x00, 0x00, 0x00, 0x00, 0x68, 0x40, 0x01, 0x00, 0x00, 0x00, 0x00, 0x00,
  0x07, 0x00, 0x00, 0x00, 0x10, 0x00, 0x00, 0x00, 0x00, 0x00, 0x00, 0x00,
  0x00, 0x00, 0x00, 0x00, 0x70, 0x40, 0x01, 0x00, 0x00, 0x00, 0x00, 0x00,
  0x07, 0x00, 0x00, 0x00, 0x11, 0x00, 0x00, 0x00, 0x00, 0x00, 0x00, 0x00,
  0x00, 0x00, 0x00, 0x00, 0x78, 0x40, 0x01, 0x00, 0x00, 0x00, 0x00, 0x00,
  0x07, 0x00, 0x00, 0x00, 0x12, 0x00, 0x00, 0x00, 0x00, 0x00, 0x00, 0x00,
  0x00, 0x00, 0x00, 0x00, 0x80, 0x40, 0x01, 0x00, 0x00, 0x00, 0x00, 0x00,
  0x07, 0x00, 0x00, 0x00, 0x13, 0x00, 0x00, 0x00, 0x00, 0x00, 0x00, 0x00,
  0x00, 0x00, 0x00, 0x00, 0x88, 0x40, 0x01, 0x00, 0x00, 0x00, 0x00, 0x00,
  0x07, 0x00, 0x00, 0x00, 0x14, 0x00, 0x00, 0x00, 0x00, 0x00, 0x00, 0x00,
  0x00, 0x00, 0x00, 0x00, 0x90, 0x40, 0x01, 0x00, 0x00, 0x00, 0x00, 0x00,
  0x07, 0x00, 0x00, 0x00, 0x15, 0x00, 0x00, 0x00, 0x00, 0x00, 0x00, 0x00,
  0x00, 0x00, 0x00, 0x00, 0x98, 0x40, 0x01, 0x00, 0x00, 0x00, 0x00, 0x00,
  0x07, 0x00, 0x00, 0x00, 0x16, 0x00, 0x00, 0x00, 0x00, 0x00, 0x00, 0x00,
  0x00, 0x00, 0x00, 0x00, 0xa0, 0x40, 0x01, 0x00, 0x00, 0x00, 0x00, 0x00,
  0x07, 0x00, 0x00, 0x00, 0x17, 0x00, 0x00, 0x00, 0x00, 0x00, 0x00, 0x00,
  0x00, 0x00, 0x00, 0x00, 0xa8, 0x40, 0x01, 0x00, 0x00, 0x00, 0x00, 0x00,
  0x07, 0x00, 0x00, 0x00, 0x18, 0x00, 0x00, 0x00, 0x00, 0x00, 0x00, 0x00,
  0x00, 0x00, 0x00, 0x00, 0xb0, 0x40, 0x01, 0x00, 0x00, 0x00, 0x00, 0x00,
  0x07, 0x00, 0x00, 0x00, 0x19, 0x00, 0x00, 0x00, 0x00, 0x00, 0x00, 0x00,
  0x00, 0x00, 0x00, 0x00, 0xb8, 0x40, 0x01, 0x00, 0x00, 0x00, 0x00, 0x00,
  0x07, 0x00, 0x00, 0x00, 0x1a, 0x00, 0x00, 0x00, 0x00, 0x00, 0x00, 0x00,
  0x00, 0x00, 0x00, 0x00, 0xc0, 0x40, 0x01, 0x00, 0x00, 0x00, 0x00, 0x00,
  0x07, 0x00, 0x00, 0x00, 0x1b, 0x00, 0x00, 0x00, 0x00, 0x00, 0x00, 0x00,
  0x00, 0x00, 0x00, 0x00, 0xc8, 0x40, 0x01, 0x00, 0x00, 0x00, 0x00, 0x00,
  0x07, 0x00, 0x00, 0x00, 0x75, 0x00, 0x00, 0x00, 0x00, 0x00, 0x00, 0x00,
  0x00, 0x00, 0x00, 0x00, 0xd0, 0x40, 0x01, 0x00, 0x00, 0x00, 0x00, 0x00,
  0x07, 0x00, 0x00, 0x00, 0x1c, 0x00, 0x00, 0x00, 0x00, 0x00, 0x00, 0x00,
  0x00, 0x00, 0x00, 0x00, 0xd8, 0x40, 0x01, 0x00, 0x00, 0x00, 0x00, 0x00,
  0x07, 0x00, 0x00, 0x00, 0x1d, 0x00, 0x00, 0x00, 0x00, 0x00, 0x00, 0x00,
  0x00, 0x00, 0x00, 0x00, 0xe0, 0x40, 0x01, 0x00, 0x00, 0x00, 0x00, 0x00,
  0x07, 0x00, 0x00, 0x00, 0x1e, 0x00, 0x00, 0x00, 0x00, 0x00, 0x00, 0x00,
  0x00, 0x00, 0x00, 0x00, 0xe8, 0x40, 0x01, 0x00, 0x00, 0x00, 0x00, 0x00,
  0x07, 0x00, 0x00, 0x00, 0x1f, 0x00, 0x00, 0x00, 0x00, 0x00, 0x00, 0x00,
  0x00, 0x00, 0x00, 0x00, 0xf0, 0x40, 0x01, 0x00, 0x00, 0x00, 0x00, 0x00,
  0x07, 0x00, 0x00, 0x00, 0x21, 0x00, 0x00, 0x00, 0x00, 0x00, 0x00, 0x00,
  0x00, 0x00, 0x00, 0x00, 0xf8, 0x40, 0x01, 0x00, 0x00, 0x00, 0x00, 0x00,
  0x07, 0x00, 0x00, 0x00, 0x22, 0x00, 0x00, 0x00, 0x00, 0x00, 0x00, 0x00,
  0x00, 0x00, 0x00, 0x00, 0x00, 0x41, 0x01, 0x00, 0x00, 0x00, 0x00, 0x00,
  0x07, 0x00, 0x00, 0x00, 0x23, 0x00, 0x00, 0x00, 0x00, 0x00, 0x00, 0x00,
  0x00, 0x00, 0x00, 0x00, 0x08, 0x41, 0x01, 0x00, 0x00, 0x00, 0x00, 0x00,
  0x07, 0x00, 0x00, 0x00, 0x28, 0x00, 0x00, 0x00, 0x00, 0x00, 0x00, 0x00,
  0x00, 0x00, 0x00, 0x00, 0x10, 0x41, 0x01, 0x00, 0x00, 0x00, 0x00, 0x00,
  0x07, 0x00, 0x00, 0x00, 0x29, 0x00, 0x00, 0x00, 0x00, 0x00, 0x00, 0x00,
  0x00, 0x00, 0x00, 0x00, 0x18, 0x41, 0x01, 0x00, 0x00, 0x00, 0x00, 0x00,
  0x07, 0x00, 0x00, 0x00, 0x2a, 0x00, 0x00, 0x00, 0x00, 0x00, 0x00, 0x00,
  0x00, 0x00, 0x00, 0x00, 0x20, 0x41, 0x01, 0x00, 0x00, 0x00, 0x00, 0x00,
  0x07, 0x00, 0x00, 0x00, 0x2b, 0x00, 0x00, 0x00, 0x00, 0x00, 0x00, 0x00,
  0x00, 0x00, 0x00, 0x00, 0x28, 0x41, 0x01, 0x00, 0x00, 0x00, 0x00, 0x00,
  0x07, 0x00, 0x00, 0x00, 0x2c, 0x00, 0x00, 0x00, 0x00, 0x00, 0x00, 0x00,
  0x00, 0x00, 0x00, 0x00, 0x30, 0x41, 0x01, 0x00, 0x00, 0x00, 0x00, 0x00,
  0x07, 0x00, 0x00, 0x00, 0x2d, 0x00, 0x00, 0x00, 0x00, 0x00, 0x00, 0x00,
  0x00, 0x00, 0x00, 0x00, 0x38, 0x41, 0x01, 0x00, 0x00, 0x00, 0x00, 0x00,
  0x07, 0x00, 0x00, 0x00, 0x2e, 0x00, 0x00, 0x00, 0x00, 0x00, 0x00, 0x00,
  0x00, 0x00, 0x00, 0x00, 0x40, 0x41, 0x01, 0x00, 0x00, 0x00, 0x00, 0x00,
  0x07, 0x00, 0x00, 0x00, 0x2f, 0x00, 0x00, 0x00, 0x00, 0x00, 0x00, 0x00,
  0x00, 0x00, 0x00, 0x00, 0x48, 0x41, 0x01, 0x00, 0x00, 0x00, 0x00, 0x00,
  0x07, 0x00, 0x00, 0x00, 0x30, 0x00, 0x00, 0x00, 0x00, 0x00, 0x00, 0x00,
  0x00, 0x00, 0x00, 0x00, 0x50, 0x41, 0x01, 0x00, 0x00, 0x00, 0x00, 0x00,
  0x07, 0x00, 0x00, 0x00, 0x31, 0x00, 0x00, 0x00, 0x00, 0x00, 0x00, 0x00,
  0x00, 0x00, 0x00, 0x00, 0x58, 0x41, 0x01, 0x00, 0x00, 0x00, 0x00, 0x00,
  0x07, 0x00, 0x00, 0x00, 0x32, 0x00, 0x00, 0x00, 0x00, 0x00, 0x00, 0x00,
  0x00, 0x00, 0x00, 0x00, 0x60, 0x41, 0x01, 0x00, 0x00, 0x00, 0x00, 0x00,
  0x07, 0x00, 0x00, 0x00, 0x33, 0x00, 0x00, 0x00, 0x00, 0x00, 0x00, 0x00,
  0x00, 0x00, 0x00, 0x00, 0x68, 0x41, 0x01, 0x00, 0x00, 0x00, 0x00, 0x00,
  0x07, 0x00, 0x00, 0x00, 0x34, 0x00, 0x00, 0x00, 0x00, 0x00, 0x00, 0x00,
  0x00, 0x00, 0x00, 0x00, 0x70, 0x41, 0x01, 0x00, 0x00, 0x00, 0x00, 0x00,
  0x07, 0x00, 0x00, 0x00, 0x35, 0x00, 0x00, 0x00, 0x00, 0x00, 0x00, 0x00,
  0x00, 0x00, 0x00, 0x00, 0x78, 0x41, 0x01, 0x00, 0x00, 0x00, 0x00, 0x00,
  0x07, 0x00, 0x00, 0x00, 0x38, 0x00, 0x00, 0x00, 0x00, 0x00, 0x00, 0x00,
  0x00, 0x00, 0x00, 0x00, 0x80, 0x41, 0x01, 0x00, 0x00, 0x00, 0x00, 0x00,
  0x07, 0x00, 0x00, 0x00, 0x39, 0x00, 0x00, 0x00, 0x00, 0x00, 0x00, 0x00,
  0x00, 0x00, 0x00, 0x00, 0x88, 0x41, 0x01, 0x00, 0x00, 0x00, 0x00, 0x00,
  0x07, 0x00, 0x00, 0x00, 0x3b, 0x00, 0x00, 0x00, 0x00, 0x00, 0x00, 0x00,
  0x00, 0x00, 0x00, 0x00, 0x90, 0x41, 0x01, 0x00, 0x00, 0x00, 0x00, 0x00,
  0x07, 0x00, 0x00, 0x00, 0x3d, 0x00, 0x00, 0x00, 0x00, 0x00, 0x00, 0x00,
  0x00, 0x00, 0x00, 0x00, 0x98, 0x41, 0x01, 0x00, 0x00, 0x00, 0x00, 0x00,
  0x07, 0x00, 0x00, 0x00, 0x3e, 0x00, 0x00, 0x00, 0x00, 0x00, 0x00, 0x00,
  0x00, 0x00, 0x00, 0x00, 0xa0, 0x41, 0x01, 0x00, 0x00, 0x00, 0x00, 0x00,
  0x07, 0x00, 0x00, 0x00, 0x3f, 0x00, 0x00, 0x00, 0x00, 0x00, 0x00, 0x00,
  0x00, 0x00, 0x00, 0x00, 0xa8, 0x41, 0x01, 0x00, 0x00, 0x00, 0x00, 0x00,
  0x07, 0x00, 0x00, 0x00, 0x40, 0x00, 0x00, 0x00, 0x00, 0x00, 0x00, 0x00,
  0x00, 0x00, 0x00, 0x00, 0xb0, 0x41, 0x01, 0x00, 0x00, 0x00, 0x00, 0x00,
  0x07, 0x00, 0x00, 0x00, 0x41, 0x00, 0x00, 0x00, 0x00, 0x00, 0x00, 0x00,
  0x00, 0x00, 0x00, 0x00, 0xb8, 0x41, 0x01, 0x00, 0x00, 0x00, 0x00, 0x00,
  0x07, 0x00, 0x00, 0x00, 0x42, 0x00, 0x00, 0x00, 0x00, 0x00, 0x00, 0x00,
  0x00, 0x00, 0x00, 0x00, 0xc0, 0x41, 0x01, 0x00, 0x00, 0x00, 0x00, 0x00,
  0x07, 0x00, 0x00, 0x00, 0x43, 0x00, 0x00, 0x00, 0x00, 0x00, 0x00, 0x00,
  0x00, 0x00, 0x00, 0x00, 0xc8, 0x41, 0x01, 0x00, 0x00, 0x00, 0x00, 0x00,
  0x07, 0x00, 0x00, 0x00, 0x44, 0x00, 0x00, 0x00, 0x00, 0x00, 0x00, 0x00,
  0x00, 0x00, 0x00, 0x00, 0xd0, 0x41, 0x01, 0x00, 0x00, 0x00, 0x00, 0x00,
  0x07, 0x00, 0x00, 0x00, 0x45, 0x00, 0x00, 0x00, 0x00, 0x00, 0x00, 0x00,
  0x00, 0x00, 0x00, 0x00, 0xd8, 0x41, 0x01, 0x00, 0x00, 0x00, 0x00, 0x00,
  0x07, 0x00, 0x00, 0x00, 0x47, 0x00, 0x00, 0x00, 0x00, 0x00, 0x00, 0x00,
  0x00, 0x00, 0x00, 0x00, 0xe0, 0x41, 0x01, 0x00, 0x00, 0x00, 0x00, 0x00,
  0x07, 0x00, 0x00, 0x00, 0x48, 0x00, 0x00, 0x00, 0x00, 0x00, 0x00, 0x00,
  0x00, 0x00, 0x00, 0x00, 0xe8, 0x41, 0x01, 0x00, 0x00, 0x00, 0x00, 0x00,
  0x07, 0x00, 0x00, 0x00, 0x49, 0x00, 0x00, 0x00, 0x00, 0x00, 0x00, 0x00,
  0x00, 0x00, 0x00, 0x00, 0xf0, 0x41, 0x01, 0x00, 0x00, 0x00, 0x00, 0x00,
  0x07, 0x00, 0x00, 0x00, 0x4a, 0x00, 0x00, 0x00, 0x00, 0x00, 0x00, 0x00,
  0x00, 0x00, 0x00, 0x00, 0xf8, 0x41, 0x01, 0x00, 0x00, 0x00, 0x00, 0x00,
  0x07, 0x00, 0x00, 0x00, 0x4b, 0x00, 0x00, 0x00, 0x00, 0x00, 0x00, 0x00,
  0x00, 0x00, 0x00, 0x00, 0x00, 0x42, 0x01, 0x00, 0x00, 0x00, 0x00, 0x00,
  0x07, 0x00, 0x00, 0x00, 0x4d, 0x00, 0x00, 0x00, 0x00, 0x00, 0x00, 0x00,
  0x00, 0x00, 0x00, 0x00, 0x08, 0x42, 0x01, 0x00, 0x00, 0x00, 0x00, 0x00,
  0x07, 0x00, 0x00, 0x00, 0x4e, 0x00, 0x00, 0x00, 0x00, 0x00, 0x00, 0x00,
  0x00, 0x00, 0x00, 0x00, 0x10, 0x42, 0x01, 0x00, 0x00, 0x00, 0x00, 0x00,
  0x07, 0x00, 0x00, 0x00, 0x4f, 0x00, 0x00, 0x00, 0x00, 0x00, 0x00, 0x00,
  0x00, 0x00, 0x00, 0x00, 0x18, 0x42, 0x01, 0x00, 0x00, 0x00, 0x00, 0x00,
  0x07, 0x00, 0x00, 0x00, 0x51, 0x00, 0x00, 0x00, 0x00, 0x00, 0x00, 0x00,
  0x00, 0x00, 0x00, 0x00, 0x20, 0x42, 0x01, 0x00, 0x00, 0x00, 0x00, 0x00,
  0x07, 0x00, 0x00, 0x00, 0x53, 0x00, 0x00, 0x00, 0x00, 0x00, 0x00, 0x00,
  0x00, 0x00, 0x00, 0x00, 0x28, 0x42, 0x01, 0x00, 0x00, 0x00, 0x00, 0x00,
  0x07, 0x00, 0x00, 0x00, 0x54, 0x00, 0x00, 0x00, 0x00, 0x00, 0x00, 0x00,
  0x00, 0x00, 0x00, 0x00, 0x30, 0x42, 0x01, 0x00, 0x00, 0x00, 0x00, 0x00,
  0x07, 0x00, 0x00, 0x00, 0x57, 0x00, 0x00, 0x00, 0x00, 0x00, 0x00, 0x00,
  0x00, 0x00, 0x00, 0x00, 0x38, 0x42, 0x01, 0x00, 0x00, 0x00, 0x00, 0x00,
  0x07, 0x00, 0x00, 0x00, 0x58, 0x00, 0x00, 0x00, 0x00, 0x00, 0x00, 0x00,
  0x00, 0x00, 0x00, 0x00, 0x40, 0x42, 0x01, 0x00, 0x00, 0x00, 0x00, 0x00,
  0x07, 0x00, 0x00, 0x00, 0x59, 0x00, 0x00, 0x00, 0x00, 0x00, 0x00, 0x00,
  0x00, 0x00, 0x00, 0x00, 0x48, 0x42, 0x01, 0x00, 0x00, 0x00, 0x00, 0x00,
  0x07, 0x00, 0x00, 0x00, 0x5b, 0x00, 0x00, 0x00, 0x00, 0x00, 0x00, 0x00,
  0x00, 0x00, 0x00, 0x00, 0x50, 0x42, 0x01, 0x00, 0x00, 0x00, 0x00, 0x00,
  0x07, 0x00, 0x00, 0x00, 0x5d, 0x00, 0x00, 0x00, 0x00, 0x00, 0x00, 0x00,
  0x00, 0x00, 0x00, 0x00, 0x58, 0x42, 0x01, 0x00, 0x00, 0x00, 0x00, 0x00,
  0x07, 0x00, 0x00, 0x00, 0x5e, 0x00, 0x00, 0x00, 0x00, 0x00, 0x00, 0x00,
  0x00, 0x00, 0x00, 0x00, 0x60, 0x42, 0x01, 0x00, 0x00, 0x00, 0x00, 0x00,
  0x07, 0x00, 0x00, 0x00, 0x5f, 0x00, 0x00, 0x00, 0x00, 0x00, 0x00, 0x00,
  0x00, 0x00, 0x00, 0x00, 0x68, 0x42, 0x01, 0x00, 0x00, 0x00, 0x00, 0x00,
  0x07, 0x00, 0x00, 0x00, 0x60, 0x00, 0x00, 0x00, 0x00, 0x00, 0x00, 0x00,
  0x00, 0x00, 0x00, 0x00, 0x70, 0x42, 0x01, 0x00, 0x00, 0x00, 0x00, 0x00,
  0x07, 0x00, 0x00, 0x00, 0x61, 0x00, 0x00, 0x00, 0x00, 0x00, 0x00, 0x00,
  0x00, 0x00, 0x00, 0x00, 0x78, 0x42, 0x01, 0x00, 0x00, 0x00, 0x00, 0x00,
  0x07, 0x00, 0x00, 0x00, 0x62, 0x00, 0x00, 0x00, 0x00, 0x00, 0x00, 0x00,
  0x00, 0x00, 0x00, 0x00, 0x80, 0x42, 0x01, 0x00, 0x00, 0x00, 0x00, 0x00,
  0x07, 0x00, 0x00, 0x00, 0x64, 0x00, 0x00, 0x00, 0x00, 0x00, 0x00, 0x00,
  0x00, 0x00, 0x00, 0x00, 0x88, 0x42, 0x01, 0x00, 0x00, 0x00, 0x00, 0x00,
  0x07, 0x00, 0x00, 0x00, 0x65, 0x00, 0x00, 0x00, 0x00, 0x00, 0x00, 0x00,
  0x00, 0x00, 0x00, 0x00, 0x90, 0x42, 0x01, 0x00, 0x00, 0x00, 0x00, 0x00,
  0x07, 0x00, 0x00, 0x00, 0x67, 0x00, 0x00, 0x00, 0x00, 0x00, 0x00, 0x00,
  0x00, 0x00, 0x00, 0x00, 0x98, 0x42, 0x01, 0x00, 0x00, 0x00, 0x00, 0x00,
  0x07, 0x00, 0x00, 0x00, 0x69, 0x00, 0x00, 0x00, 0x00, 0x00, 0x00, 0x00,
  0x00, 0x00, 0x00, 0x00, 0xa0, 0x42, 0x01, 0x00, 0x00, 0x00, 0x00, 0x00,
  0x07, 0x00, 0x00, 0x00, 0x6a, 0x00, 0x00, 0x00, 0x00, 0x00, 0x00, 0x00,
  0x00, 0x00, 0x00, 0x00, 0xa8, 0x42, 0x01, 0x00, 0x00, 0x00, 0x00, 0x00,
  0x07, 0x00, 0x00, 0x00, 0x6b, 0x00, 0x00, 0x00, 0x00, 0x00, 0x00, 0x00,
  0x00, 0x00, 0x00, 0x00, 0xb0, 0x42, 0x01, 0x00, 0x00, 0x00, 0x00, 0x00,
  0x07, 0x00, 0x00, 0x00, 0x6c, 0x00, 0x00, 0x00, 0x00, 0x00, 0x00, 0x00,
  0x00, 0x00, 0x00, 0x00, 0xb8, 0x42, 0x01, 0x00, 0x00, 0x00, 0x00, 0x00,
  0x07, 0x00, 0x00, 0x00, 0x6d, 0x00, 0x00, 0x00, 0x00, 0x00, 0x00, 0x00,
  0x00, 0x00, 0x00, 0x00, 0xc0, 0x42, 0x01, 0x00, 0x00, 0x00, 0x00, 0x00,
  0x07, 0x00, 0x00, 0x00, 0x6e, 0x00, 0x00, 0x00, 0x00, 0x00, 0x00, 0x00,
  0x00, 0x00, 0x00, 0x00, 0xc8, 0x42, 0x01, 0x00, 0x00, 0x00, 0x00, 0x00,
  0x07, 0x00, 0x00, 0x00, 0x6f, 0x00, 0x00, 0x00, 0x00, 0x00, 0x00, 0x00,
  0x00, 0x00, 0x00, 0x00, 0xd0, 0x42, 0x01, 0x00, 0x00, 0x00, 0x00, 0x00,
  0x07, 0x00, 0x00, 0x00, 0x70, 0x00, 0x00, 0x00, 0x00, 0x00, 0x00, 0x00,
  0x00, 0x00, 0x00, 0x00, 0xd8, 0x42, 0x01, 0x00, 0x00, 0x00, 0x00, 0x00,
  0x07, 0x00, 0x00, 0x00, 0x71, 0x00, 0x00, 0x00, 0x00, 0x00, 0x00, 0x00,
  0x00, 0x00, 0x00, 0x00, 0xe0, 0x42, 0x01, 0x00, 0x00, 0x00, 0x00, 0x00,
  0x07, 0x00, 0x00, 0x00, 0x72, 0x00, 0x00, 0x00, 0x00, 0x00, 0x00, 0x00,
  0x00, 0x00, 0x00, 0x00, 0x00, 0x00, 0x00, 0x00, 0x00, 0x00, 0x00, 0x00,
  0x00, 0x00, 0x00, 0x00, 0x00, 0x00, 0x00, 0x00, 0x00, 0x00, 0x00, 0x00,
  0x00, 0x00, 0x00, 0x00, 0x00, 0x00, 0x00, 0x00, 0x00, 0x00, 0x00, 0x00,
  0x48, 0x83, 0xec, 0x08, 0x48, 0x8b, 0x05, 0x75, 0x0f, 0x01, 0x00, 0x48,
  0x85, 0xc0, 0x74, 0x05, 0xe8, 0xdb, 0x02, 0x00, 0x00, 0x48, 0x83, 0xc4,
  0x08, 0xc3, 0x00, 0x00, 0x00, 0x00, 0x00, 0x00, 0xff, 0x35, 0xe2, 0x0f,
  0x01, 0x00, 0xff, 0x25, 0xe4, 0x0f, 0x01, 0x00, 0x0f, 0x1f, 0x40, 0x00,
  0xff, 0x25, 0xe2, 0x0f, 0x01, 0x00, 0x68, 0x00, 0x00, 0x00, 0x00, 0xe9,
  0xe0, 0xff, 0xff, 0xff, 0xff, 0x25, 0xda, 0x0f, 0x01, 0x00, 0x68, 0x01,
  0x00, 0x00, 0x00, 0xe9, 0xd0, 0xff, 0xff, 0xff, 0xff, 0x25, 0xd2, 0x0f,
  0x01, 0x00, 0x68, 0x02, 0x00, 0x00, 0x00, 0xe9, 0xc0, 0xff, 0xff, 0xff,
  0xff, 0x25, 0xca, 0x0f, 0x01, 0x00, 0x68, 0x03, 0x00, 0x00, 0x00, 0xe9,
  0xb0, 0xff, 0xff, 0xff, 0xff, 0x25, 0xc2, 0x0f, 0x01, 0x00, 0x68, 0x04,
  0x00, 0x00, 0x00, 0xe9, 0xa0, 0xff, 0xff, 0xff, 0xff, 0x25, 0xba, 0x0f,
  0x01, 0x00, 0x68, 0x05, 0x00, 0x00, 0x00, 0xe9, 0x90, 0xff, 0xff, 0xff,
  0xff, 0x25, 0xb2, 0x0f, 0x01, 0x00, 0x68, 0x06, 0x00, 0x00, 0x00, 0xe9,
  0x80, 0xff, 0xff, 0xff, 0xff, 0x25, 0xaa, 0x0f, 0x01, 0x00, 0x68, 0x07,
  0x00, 0x00, 0x00, 0xe9, 0x70, 0xff, 0xff, 0xff, 0xff, 0x25, 0xa2, 0x0f,
  0x01, 0x00, 0x68, 0x08, 0x00, 0x00, 0x00, 0xe9, 0x60, 0xff, 0xff, 0xff,
  0xff, 0x25, 0x9a, 0x0f, 0x01, 0x00, 0x68, 0x09, 0x00, 0x00, 0x00, 0xe9,
  0x50, 0xff, 0xff, 0xff, 0xff, 0x25, 0x92, 0x0f, 0x01, 0x00, 0x68, 0x0a,
  0x00, 0x00, 0x00, 0xe9, 0x40, 0xff, 0xff, 0xff, 0xff, 0x25, 0x8a, 0x0f,
  0x01, 0x00, 0x68, 0x0b, 0x00, 0x00, 0x00, 0xe9, 0x30, 0xff, 0xff, 0xff,
  0xff, 0x25, 0x82, 0x0f, 0x01, 0x00, 0x68, 0x0c, 0x00, 0x00, 0x00, 0xe9,
  0x20, 0xff, 0xff, 0xff, 0xff, 0x25, 0x7a, 0x0f, 0x01, 0x00, 0x68, 0x0d,
  0x00, 0x00, 0x00, 0xe9, 0x10, 0xff, 0xff, 0xff, 0xff, 0x25, 0x72, 0x0f,
  0x01, 0x00, 0x68, 0x0e, 0x00, 0x00, 0x00, 0xe9, 0x00, 0xff, 0xff, 0xff,
  0xff, 0x25, 0x6a, 0x0f, 0x01, 0x00, 0x68, 0x0f, 0x00, 0x00, 0x00, 0xe9,
  0xf0, 0xfe, 0xff, 0xff, 0xff, 0x25, 0x62, 0x0f, 0x01, 0x00, 0x68, 0x10,
  0x00, 0x00, 0x00, 0xe9, 0xe0, 0xfe, 0xff, 0xff, 0xff, 0x25, 0x5a, 0x0f,
  0x01, 0x00, 0x68, 0x11, 0x00, 0x00, 0x00, 0xe9, 0xd0, 0xfe, 0xff, 0xff,
  0xff, 0x25, 0x52, 0x0f, 0x01, 0x00, 0x68, 0x12, 0x00, 0x00, 0x00, 0xe9,
  0xc0, 0xfe, 0xff, 0xff, 0xff, 0x25, 0x4a, 0x0f, 0x01, 0x00, 0x68, 0x13,
  0x00, 0x00, 0x00, 0xe9, 0xb0, 0xfe, 0xff, 0xff, 0xff, 0x25, 0x42, 0x0f,
  0x01, 0x00, 0x68, 0x14, 0x00, 0x00, 0x00, 0xe9, 0xa0, 0xfe, 0xff, 0xff,
  0xff, 0x25, 0x3a, 0x0f, 0x01, 0x00, 0x68, 0x15, 0x00, 0x00, 0x00, 0xe9,
  0x90, 0xfe, 0xff, 0xff, 0xff, 0x25, 0x32, 0x0f, 0x01, 0x00, 0x68, 0x16,
  0x00, 0x00, 0x00, 0xe9, 0x80, 0xfe, 0xff, 0xff, 0xff, 0x25, 0x2a, 0x0f,
  0x01, 0x00, 0x68, 0x17, 0x00, 0x00, 0x00, 0xe9, 0x70, 0xfe, 0xff, 0xff,
  0xff, 0x25, 0x22, 0x0f, 0x01, 0x00, 0x68, 0x18, 0x00, 0x00, 0x00, 0xe9,
  0x60, 0xfe, 0xff, 0xff, 0xff, 0x25, 0x1a, 0x0f, 0x01, 0x00, 0x68, 0x19,
  0x00, 0x00, 0x00, 0xe9, 0x50, 0xfe, 0xff, 0xff, 0xff, 0x25, 0x12, 0x0f,
  0x01, 0x00, 0x68, 0x1a, 0x00, 0x00, 0x00, 0xe9, 0x40, 0xfe, 0xff, 0xff,
  0xff, 0x25, 0x0a, 0x0f, 0x01, 0x00, 0x68, 0x1b, 0x00, 0x00, 0x00, 0xe9,
  0x30, 0xfe, 0xff, 0xff, 0xff, 0x25, 0x02, 0x0f, 0x01, 0x00, 0x68, 0x1c,
  0x00, 0x00, 0x00, 0xe9, 0x20, 0xfe, 0xff, 0xff, 0xff, 0x25, 0xfa, 0x0e,
  0x01, 0x00, 0x68, 0x1d, 0x00, 0x00, 0x00, 0xe9, 0x10, 0xfe, 0xff, 0xff,
  0xff, 0x25, 0xf2, 0x0e, 0x01, 0x00, 0x68, 0x1e, 0x00, 0x00, 0x00, 0xe9,
  0x00, 0xfe, 0xff, 0xff, 0xff, 0x25, 0xea, 0x0e, 0x01, 0x00, 0x68, 0x1f,
  0x00, 0x00, 0x00, 0xe9, 0xf0, 0xfd, 0xff, 0xff, 0xff, 0x25, 0xe2, 0x0e,
  0x01, 0x00, 0x68, 0x20, 0x00, 0x00, 0x00, 0xe9, 0xe0, 0xfd, 0xff, 0xff,
  0xff, 0x25, 0xda, 0x0e, 0x01, 0x00, 0x68, 0x21, 0x00, 0x00, 0x00, 0xe9,
  0xd0, 0xfd, 0xff, 0xff, 0xff, 0x25, 0xd2, 0x0e, 0x01, 0x00, 0x68, 0x22,
  0x00, 0x00, 0x00, 0xe9, 0xc0, 0xfd, 0xff, 0xff, 0xff, 0x25, 0xca, 0x0e,
  0x01, 0x00, 0x68, 0x23, 0x00, 0x00, 0x00, 0xe9, 0xb0, 0xfd, 0xff, 0xff,
  0xff, 0x25, 0xc2, 0x0e, 0x01, 0x00, 0x68, 0x24, 0x00, 0x00, 0x00, 0xe9,
  0xa0, 0xfd, 0xff, 0xff, 0xff, 0x25, 0xba, 0x0e, 0x01, 0x00, 0x68, 0x25,
  0x00, 0x00, 0x00, 0xe9, 0x90, 0xfd, 0xff, 0xff, 0xff, 0x25, 0xb2, 0x0e,
  0x01, 0x00, 0x68, 0x26, 0x00, 0x00, 0x00, 0xe9, 0x80, 0xfd, 0xff, 0xff,
  0xff, 0x25, 0xaa, 0x0e, 0x01, 0x00, 0x68, 0x27, 0x00, 0x00, 0x00, 0xe9,
  0x70, 0xfd, 0xff, 0xff, 0xff, 0x25, 0xa2, 0x0e, 0x01, 0x00, 0x68, 0x28,
  0x00, 0x00, 0x00, 0xe9, 0x60, 0xfd, 0xff, 0xff, 0xff, 0x25, 0x9a, 0x0e,
  0x01, 0x00, 0x68, 0x29, 0x00, 0x00, 0x00, 0xe9, 0x50, 0xfd, 0xff, 0xff,
  0xff, 0x25, 0x92, 0x0e, 0x01, 0x00, 0x68, 0x2a, 0x00, 0x00, 0x00, 0xe9,
  0x40, 0xfd, 0xff, 0xff, 0xff, 0x25, 0x8a, 0x0e, 0x01, 0x00, 0x68, 0x2b,
  0x00, 0x00, 0x00, 0xe9, 0x30, 0xfd, 0xff, 0xff, 0xff, 0x25, 0x82, 0x0e,
  0x01, 0x00, 0x68, 0x2c, 0x00, 0x00, 0x00, 0xe9, 0x20, 0xfd, 0xff, 0xff,
  0xff, 0x25, 0x7a, 0x0e, 0x01, 0x00, 0x68, 0x2d, 0x00, 0x00, 0x00, 0xe9,
  0x10, 0xfd, 0xff, 0xff, 0xff, 0x25, 0x72, 0x0e, 0x01, 0x00, 0x68, 0x2e,
  0x00, 0x00, 0x00, 0xe9, 0x00, 0xfd, 0xff, 0xff, 0xff, 0x25, 0x6a, 0x0e,
  0x01, 0x00, 0x68, 0x2f, 0x00, 0x00, 0x00, 0xe9, 0xf0, 0xfc, 0xff, 0xff,
  0xff, 0x25, 0x62, 0x0e, 0x01, 0x00, 0x68, 0x30, 0x00, 0x00, 0x00, 0xe9,
  0xe0, 0xfc, 0xff, 0xff, 0xff, 0x25, 0x5a, 0x0e, 0x01, 0x00, 0x68, 0x31,
  0x00, 0x00, 0x00, 0xe9, 0xd0, 0xfc, 0xff, 0xff, 0xff, 0x25, 0x52, 0x0e,
  0x01, 0x00, 0x68, 0x32, 0x00, 0x00, 0x00, 0xe9, 0xc0, 0xfc, 0xff, 0xff,
  0xff, 0x25, 0x4a, 0x0e, 0x01, 0x00, 0x68, 0x33, 0x00, 0x00, 0x00, 0xe9,
  0xb0, 0xfc, 0xff, 0xff, 0xff, 0x25, 0x42, 0x0e, 0x01, 0x00, 0x68, 0x34,
  0x00, 0x00, 0x00, 0xe9, 0xa0, 0xfc, 0xff, 0xff, 0xff, 0x25, 0x3a, 0x0e,
  0x01, 0x00, 0x68, 0x35, 0x00, 0x00, 0x00, 0xe9, 0x90, 0xfc, 0xff, 0xff,
  0xff, 0x25, 0x32, 0x0e, 0x01, 0x00, 0x68, 0x36, 0x00, 0x00, 0x00, 0xe9,
  0x80, 0xfc, 0xff, 0xff, 0xff, 0x25, 0x2a, 0x0e, 0x01, 0x00, 0x68, 0x37,
  0x00, 0x00, 0x00, 0xe9, 0x70, 0xfc, 0xff, 0xff, 0xff, 0x25, 0x22, 0x0e,
  0x01, 0x00, 0x68, 0x38, 0x00, 0x00, 0x00, 0xe9, 0x60, 0xfc, 0xff, 0xff,
  0xff, 0x25, 0x1a, 0x0e, 0x01, 0x00, 0x68, 0x39, 0x00, 0x00, 0x00, 0xe9,
  0x50, 0xfc, 0xff, 0xff, 0xff, 0x25, 0x12, 0x0e, 0x01, 0x00, 0x68, 0x3a,
  0x00, 0x00, 0x00, 0xe9, 0x40, 0xfc, 0xff, 0xff, 0xff, 0x25, 0x0a, 0x0e,
  0x01, 0x00, 0x68, 0x3b, 0x00, 0x00, 0x00, 0xe9, 0x30, 0xfc, 0xff, 0xff,
  0xff, 0x25, 0x02, 0x0e, 0x01, 0x00, 0x68, 0x3c, 0x00, 0x00, 0x00, 0xe9,
  0x20, 0xfc, 0xff, 0xff, 0xff, 0x25, 0xfa, 0x0d, 0x01, 0x00, 0x68, 0x3d,
  0x00, 0x00, 0x00, 0xe9, 0x10, 0xfc, 0xff, 0xff, 0xff, 0x25, 0xf2, 0x0d,
  0x01, 0x00, 0x68, 0x3e, 0x00, 0x00, 0x00, 0xe9, 0x00, 0xfc, 0xff, 0xff,
  0xff, 0x25, 0xea, 0x0d, 0x01, 0x00, 0x68, 0x3f, 0x00, 0x00, 0x00, 0xe9,
  0xf0, 0xfb, 0xff, 0xff, 0xff, 0x25, 0xe2, 0x0d, 0x01, 0x00, 0x68, 0x40,
  0x00, 0x00, 0x00, 0xe9, 0xe0, 0xfb, 0xff, 0xff, 0xff, 0x25, 0xda, 0x0d,
  0x01, 0x00, 0x68, 0x41, 0x00, 0x00, 0x00, 0xe9, 0xd0, 0xfb, 0xff, 0xff,
  0xff, 0x25, 0xd2, 0x0d, 0x01, 0x00, 0x68, 0x42, 0x00, 0x00, 0x00, 0xe9,
  0xc0, 0xfb, 0xff, 0xff, 0xff, 0x25, 0xca, 0x0d, 0x01, 0x00, 0x68, 0x43,
  0x00, 0x00, 0x00, 0xe9, 0xb0, 0xfb, 0xff, 0xff, 0xff, 0x25, 0xc2, 0x0d,
  0x01, 0x00, 0x68, 0x44, 0x00, 0x00, 0x00, 0xe9, 0xa0, 0xfb, 0xff, 0xff,
  0xff, 0x25, 0xba, 0x0d, 0x01, 0x00, 0x68, 0x45, 0x00, 0x00, 0x00, 0xe9,
  0x90, 0xfb, 0xff, 0xff, 0xff, 0x25, 0xb2, 0x0d, 0x01, 0x00, 0x68, 0x46,
  0x00, 0x00, 0x00, 0xe9, 0x80, 0xfb, 0xff, 0xff, 0xff, 0x25, 0xaa, 0x0d,
  0x01, 0x00, 0x68, 0x47, 0x00, 0x00, 0x00, 0xe9, 0x70, 0xfb, 0xff, 0xff,
  0xff, 0x25, 0xa2, 0x0d, 0x01, 0x00, 0x68, 0x48, 0x00, 0x00, 0x00, 0xe9,
  0x60, 0xfb, 0xff, 0xff, 0xff, 0x25, 0x9a, 0x0d, 0x01, 0x00, 0x68, 0x49,
  0x00, 0x00, 0x00, 0xe9, 0x50, 0xfb, 0xff, 0xff, 0xff, 0x25, 0x92, 0x0d,
  0x01, 0x00, 0x68, 0x4a, 0x00, 0x00, 0x00, 0xe9, 0x40, 0xfb, 0xff, 0xff,
  0xff, 0x25, 0x8a, 0x0d, 0x01, 0x00, 0x68, 0x4b, 0x00, 0x00, 0x00, 0xe9,
  0x30, 0xfb, 0xff, 0xff, 0xff, 0x25, 0x82, 0x0d, 0x01, 0x00, 0x68, 0x4c,
  0x00, 0x00, 0x00, 0xe9, 0x20, 0xfb, 0xff, 0xff, 0xff, 0x25, 0x7a, 0x0d,
  0x01, 0x00, 0x68, 0x4d, 0x00, 0x00, 0x00, 0xe9, 0x10, 0xfb, 0xff, 0xff,
  0xff, 0x25, 0x72, 0x0d, 0x01, 0x00, 0x68, 0x4e, 0x00, 0x00, 0x00, 0xe9,
  0x00, 0xfb, 0xff, 0xff, 0xff, 0x25, 0x6a, 0x0d, 0x01, 0x00, 0x68, 0x4f,
  0x00, 0x00, 0x00, 0xe9, 0xf0, 0xfa, 0xff, 0xff, 0xff, 0x25, 0x62, 0x0d,
  0x01, 0x00, 0x68, 0x50, 0x00, 0x00, 0x00, 0xe9, 0xe0, 0xfa, 0xff, 0xff,
  0xff, 0x25, 0x5a, 0x0d, 0x01, 0x00, 0x68, 0x51, 0x00, 0x00, 0x00, 0xe9,
  0xd0, 0xfa, 0xff, 0xff, 0xff, 0x25, 0x52, 0x0d, 0x01, 0x00, 0x68, 0x52,
  0x00, 0x00, 0x00, 0xe9, 0xc0, 0xfa, 0xff, 0xff, 0xff, 0x25, 0x4a, 0x0d,
  0x01, 0x00, 0x68, 0x53, 0x00, 0x00, 0x00, 0xe9, 0xb0, 0xfa, 0xff, 0xff,
  0xff, 0x25, 0x42, 0x0d, 0x01, 0x00, 0x68, 0x54, 0x00, 0x00, 0x00, 0xe9,
  0xa0, 0xfa, 0xff, 0xff, 0xff, 0x25, 0x3a, 0x0d, 0x01, 0x00, 0x68, 0x55,
  0x00, 0x00, 0x00, 0xe9, 0x90, 0xfa, 0xff, 0xff, 0xff, 0x25, 0x32, 0x0d,
  0x01, 0x00, 0x68, 0x56, 0x00, 0x00, 0x00, 0xe9, 0x80, 0xfa, 0xff, 0xff,
  0xff, 0x25, 0x2a, 0x0d, 0x01, 0x00, 0x68, 0x57, 0x00, 0x00, 0x00, 0xe9,
  0x70, 0xfa, 0xff, 0xff, 0xff, 0x25, 0x22, 0x0d, 0x01, 0x00, 0x68, 0x58,
  0x00, 0x00, 0x00, 0xe9, 0x60, 0xfa, 0xff, 0xff, 0xff, 0x25, 0x1a, 0x0d,
  0x01, 0x00, 0x68, 0x59, 0x00, 0x00, 0x00, 0xe9, 0x50, 0xfa, 0xff, 0xff,
  0x41, 0x56, 0x49, 0x89, 0xf6, 0x48, 0x89, 0xd6, 0x41, 0x55, 0x49, 0x89,
  0xd5, 0x41, 0x54, 0x55, 0x44, 0x89, 0xc5, 0x53, 0x48, 0x89, 0xcb, 0x48,
  0x81, 0xec, 0xd0, 0x00, 0x00, 0x00, 0xe8, 0xfd, 0xfa, 0xff, 0xff, 0x48,
  0x85, 0xc0, 0x0f, 0x84, 0xad, 0x00, 0x00, 0x00, 0x49, 0x89, 0xc4, 0x48,
  0x8b, 0x40, 0x08, 0xf6, 0x80, 0xab, 0x00, 0x00, 0x00, 0x80, 0x75, 0x20,
  0x48, 0x8b, 0x05, 0x55, 0x09, 0x01, 0x00, 0x4c, 0x89, 0xe9, 0x4c, 0x89,
  0xf2, 0x48, 0x8d, 0x35, 0xb8, 0xba, 0x00, 0x00, 0x48, 0x8b, 0x38, 0x31,
  0xc0, 0xe8, 0xb6, 0xfe, 0xff, 0xff, 0xeb, 0x6f, 0x4d, 0x8b, 0x4c, 0x24,
  0x20, 0x49, 0x39, 0xd9, 0x73, 0x23, 0x48, 0x8b, 0x05, 0x1b, 0x09, 0x01,
  0x00, 0x49, 0x89, 0xd8, 0x4c, 0x89, 0xe9, 0x4c, 0x89, 0xf2, 0x48, 0x8d,
  0x35, 0xb3, 0xba, 0x00, 0x00, 0x48, 0x8b, 0x38, 0x31, 0xc0, 0xe8, 0x89,
  0xfe, 0xff, 0xff, 0xeb, 0x42, 0xff, 0xcd, 0x75, 0x4f, 0x49, 0x39, 0xd9,
  0x76, 0x4a, 0x48, 0x8d, 0x6c, 0x24, 0x08, 0x50, 0x4c, 0x89, 0xf1, 0x4d,
  0x89, 0xe8, 0x41, 0x51, 0x48, 0x8d, 0x15, 0x01, 0xbb, 0x00, 0x00, 0x49,
  0x89, 0xd9, 0x48, 0x89, 0xef, 0xbe, 0xc8, 0x00, 0x00, 0x00, 0x31, 0xc0,
  0xe8, 0xb7, 0xfb, 0xff, 0xff, 0x31, 0xd2, 0x48, 0x89, 0xee, 0x31, 0xff,
  0xe8, 0xab, 0xfa, 0xff, 0xff, 0x5a, 0x59, 0x85, 0xc0, 0x79, 0x11, 0x49,
  0xff, 0x0c, 0x24, 0x75, 0x08, 0x4c, 0x89, 0xe7, 0xe8, 0xa7, 0xfa, 0xff,
  0xff, 0x45, 0x31, 0xe4, 0x48, 0x81, 0xc4, 0xd0, 0x00, 0x00, 0x00, 0x4c,
  0x89, 0xe0, 0x5b, 0x5d, 0x41, 0x5c, 0x41, 0x5d, 0x41, 0x5e, 0xc3, 0x41,
  0x54, 0x49, 0x89, 0xf4, 0x55, 0x51, 0x48, 0x8b, 0x35, 0x93, 0x21, 0x01,
  0x00, 0xe8, 0x0e, 0x1c, 0x00, 0x00, 0x48, 0x89, 0xc5, 0x48, 0x85, 0xc0,
  0x75, 0x0f, 0xe8, 0xf1, 0xfb, 0xff, 0xff, 0x45, 0x31, 0xe4, 0x48, 0x85,
  0xed, 0x74, 0x27, 0xeb, 0x17, 0x4c, 0x89, 0xe6, 0xba, 0x02, 0x00, 0x00,
  0x00, 0x48, 0x89, 0xc7, 0xe8, 0xb7, 0xfb, 0xff, 0xff, 0x41, 0x89, 0xc4,
  0x85, 0xc0, 0x78, 0xda, 0x48, 0xff, 0x4d, 0x00, 0x75, 0x08, 0x48, 0x89,
  0xef, 0xe8, 0x42, 0xfa, 0xff, 0xff, 0x44, 0x89, 0xe0, 0x5a, 0x5d, 0x41,
  0x5c, 0xc3, 0x41, 0x57, 0x49, 0x89, 0xff, 0x41, 0x56, 0x49, 0x89, 0xf6,
  0x48, 0x8d, 0x35, 0x74, 0xd6, 0x00, 0x00, 0x41, 0x55, 0x49, 0x89, 0xcd,
  0x41, 0x54, 0x55, 0x53, 0x48, 0x89, 0xd3, 0x41, 0x50, 0xe8, 0xb6, 0xf9,
  0xff, 0xff, 0x48, 0x85, 0xc0, 0x0f, 0x84, 0xbd, 0x00, 0x00, 0x00, 0x4c,
  0x89, 0xf6, 0x48, 0x89, 0xc7, 0x48, 0x89, 0xc5, 0xe8, 0x4f, 0xfc, 0xff,
  0xff, 0x49, 0x89, 0xc4, 0x48, 0x85, 0xc0, 0x75, 0x28, 0x4c, 0x89, 0xff,
  0xe8, 0x5f, 0xfb, 0xff, 0xff, 0x4c, 0x89, 0xf1, 0x48, 0x8d, 0x35, 0x7d,
  0xba, 0x00, 0x00, 0x48, 0x89, 0xc2, 0x48, 0x8b, 0x05, 0x53, 0x08, 0x01,
  0x00, 0x48, 0x8b, 0x38, 0x31, 0xc0, 0xe8, 0x61, 0xfd, 0xff, 0xff, 0xeb,
  0x71, 0x4c, 0x89, 0xee, 0x48, 0x89, 0xc7, 0xe8, 0x54, 0xfb, 0xff, 0xff,
  0x85, 0xc0, 0x75, 0x39, 0x4c, 0x89, 0xe7, 0xe8, 0x48, 0xf9, 0xff, 0xff,
  0x4c, 0x89, 0xff, 0x48, 0x89, 0xc3, 0xe8, 0x1d, 0xfb, 0xff, 0xff, 0x49,
  0x89, 0xd9, 0x4d, 0x89, 0xe8, 0x4c, 0x89, 0xf1, 0x48, 0x89, 0xc2, 0x48,
  0x8b, 0x05, 0xb2, 0x07, 0x01, 0x00, 0x48, 0x8d, 0x35, 0x63, 0xba, 0x00,
  0x00, 0x48, 0x8b, 0x38, 0x31, 0xc0, 0xe8, 0x19, 0xfd, 0xff, 0xff, 0xeb,
  0x29, 0x4c, 0x89, 0xee, 0x4c, 0x89, 0xe7, 0xe8, 0x1c, 0xfd, 0xff, 0xff,
  0x48, 0x89, 0x03, 0x48, 0x85, 0xc0, 0x74, 0x16, 0x48, 0xff, 0x4d, 0x00,
  0x41, 0xbc, 0x00, 0x00, 0x00, 0x00, 0x75, 0x1c, 0x48, 0x89, 0xef, 0xe8,
  0x60, 0xf9, 0xff, 0xff, 0xeb, 0x12, 0x48, 0xff, 0x4d, 0x00, 0x75, 0x08,
  0x48, 0x89, 0xef, 0xe8, 0x50, 0xf9, 0xff, 0xff, 0x41, 0x83, 0xcc, 0xff,
  0x5a, 0x44, 0x89, 0xe0, 0x5b, 0x5d, 0x41, 0x5c, 0x41, 0x5d, 0x41, 0x5e,
  0x41, 0x5f, 0xc3, 0x41, 0x57, 0x49, 0x89, 0xff, 0x41, 0x56, 0x49, 0x89,
  0xf6, 0x48, 0x8d, 0x35, 0x77, 0xd5, 0x00, 0x00, 0x41, 0x55, 0x49, 0x89,
  0xcd, 0x41, 0x54, 0x55, 0x53, 0x48, 0x89, 0xd3, 0x41, 0x50, 0xe8, 0xb9,
  0xf8, 0xff, 0xff, 0x48, 0x85, 0xc0, 0x0f, 0x84, 0xbd, 0x00, 0x00, 0x00,
  0x4c, 0x89, 0xf6, 0x48, 0x89, 0xc7, 0x48, 0x89, 0xc5, 0xe8, 0x52, 0xfb,
  0xff, 0xff, 0x49, 0x89, 0xc4, 0x48, 0x85, 0xc0, 0x75, 0x28, 0x4c, 0x89,
  0xff, 0xe8, 0x62, 0xfa, 0xff, 0xff, 0x4c, 0x89, 0xf1, 0x48, 0x8d, 0x35,
  0x08, 0xba, 0x00, 0x00, 0x48, 0x89, 0xc2, 0x48, 0x8b, 0x05, 0x56, 0x07,
  0x01, 0x00, 0x48, 0x8b, 0x38, 0x31, 0xc0, 0xe8, 0x64, 0xfc, 0xff, 0xff,
  0xeb, 0x71, 0x4c, 0x89, 0xee, 0x48, 0x89, 0xc7, 0xe8, 0x57, 0xfa, 0xff,
  0xff, 0x85, 0xc0, 0x75, 0x39, 0x4c, 0x89, 0xe7, 0xe8, 0x4b, 0xf8, 0xff,
  0xff, 0x4c, 0x89, 0xff, 0x48, 0x89, 0xc3, 0xe8, 0x20, 0xfa, 0xff, 0xff,
  0x49, 0x89, 0xd9, 0x4d, 0x89, 0xe8, 0x4c, 0x89, 0xf1, 0x48, 0x89, 0xc2,
  0x48, 0x8b, 0x05, 0xb5, 0x06, 0x01, 0x00, 0x48, 0x8d, 0x35, 0xee, 0xb9,
  0x00, 0x00, 0x48, 0x8b, 0x38, 0x31, 0xc0, 0xe8, 0x1c, 0xfc, 0xff, 0xff,
  0xeb, 0x29, 0x4c, 0x89, 0xee, 0x4c, 0x89, 0xe7, 0xe8, 0x1f, 0xfc, 0xff,
  0xff, 0x48, 0x89, 0x03, 0x48, 0x85, 0xc0, 0x74, 0x16, 0x48, 0xff, 0x4d,
  0x00, 0x41, 0xbc, 0x00, 0x00, 0x00, 0x00, 0x75, 0x1c, 0x48, 0x89, 0xef,
  0xe8, 0x63, 0xf8, 0xff, 0xff, 0xeb, 0x12, 0x48, 0xff, 0x4d, 0x00, 0x75,
  0x08, 0x48, 0x89, 0xef, 0xe8, 0x53, 0xf8, 0xff, 0xff, 0x41, 0x83, 0xcc,
  0xff, 0x5a, 0x44, 0x89, 0xe0, 0x5b, 0x5d, 0x41, 0x5c, 0x41, 0x5d, 0x41,
  0x5e, 0x41, 0x5f, 0xc3, 0x41, 0x56, 0x49, 0x89, 0xce, 0x41, 0x55, 0x49,
  0x89, 0xf5, 0x48, 0x89, 0xd6, 0x41, 0x54, 0x55, 0x53, 0x44, 0x89, 0xc3,
  0xe8, 0xc7, 0xf7, 0xff, 0xff, 0x48, 0x85, 0xc0, 0x74, 0x35, 0x48, 0x3b,
  0x05, 0x63, 0x06, 0x01, 0x00, 0x48, 0x89, 0xc5, 0x75, 0x08, 0x45, 0x31,
  0xe4, 0x80, 0xe3, 0x01, 0x74, 0x11, 0x48, 0x89, 0xea, 0x4c, 0x89, 0xf6,
  0x4c, 0x89, 0xef, 0xe8, 0x10, 0xf7, 0xff, 0xff, 0x41, 0x89, 0xc4, 0x48,
  0xff, 0x4d, 0x00, 0x75, 0x29, 0x48, 0x89, 0xef, 0xe8, 0xef, 0xf7, 0xff,
  0xff, 0xeb, 0x1f, 0x48, 0x8b, 0x05, 0x66, 0x06, 0x01, 0x00, 0x41, 0x83,
  0xcc, 0xff, 0x48, 0x8b, 0x38, 0xe8, 0xba, 0xf8, 0xff, 0xff, 0x85, 0xc0,
  0x74, 0x08, 0xe8, 0x51, 0xf9, 0xff, 0xff, 0x45, 0x31, 0xe4, 0x5b, 0x44,
  0x89, 0xe0, 0x5d, 0x41, 0x5c, 0x41, 0x5d, 0x41, 0x5e, 0xc3, 0x41, 0x56,
  0x41, 0x55, 0x49, 0x89, 0xfd, 0x41, 0x54, 0x55, 0x51, 0xe8, 0x72, 0xf9,
  0xff, 0xff, 0x48, 0x8b, 0x78, 0x10, 0xe8, 0x69, 0xf8, 0xff, 0xff, 0x48,
  0x8b, 0x15, 0x52, 0x09, 0x01, 0x00, 0x48, 0x83, 0xfa, 0xff, 0x75, 0x0e,
  0x48, 0x89, 0x05, 0x45, 0x09, 0x01, 0x00, 0x48, 0xff, 0xc0, 0x74, 0x1d,
  0xeb, 0x23, 0x48, 0x39, 0xd0, 0x74, 0x1e, 0x48, 0x8b, 0x05, 0xfa, 0x05,
  0x01, 0x00, 0x48, 0x8d, 0x35, 0x23, 0xb9, 0x00, 0x00, 0x48, 0x8b, 0x38,
  0xe8, 0x13, 0xf8, 0xff, 0xff, 0x45, 0x31, 0xe4, 0xe9, 0xfd, 0x00, 0x00,
  0x00, 0x4c, 0x8b, 0x25, 0xec, 0x1f, 0x01, 0x00, 0x4d, 0x85, 0xe4, 0x74,
  0x09, 0x49, 0xff, 0x04, 0x24, 0xe9, 0xe8, 0x00, 0x00, 0x00, 0x48, 0x8d,
  0x35, 0xa7, 0xd3, 0x00, 0x00, 0x4c, 0x89, 0xef, 0xe8, 0xe7, 0xf6, 0xff,
  0xff, 0x49, 0x89, 0xc6, 0x48, 0x85, 0xc0, 0x74, 0xcc, 0x48, 0x89, 0xc7,
  0xe8, 0x47, 0xf7, 0xff, 0xff, 0x49, 0xff, 0x0e, 0x48, 0x89, 0xc5, 0x75,
  0x08, 0x4c, 0x89, 0xf7, 0xe8, 0x27, 0xf7, 0xff, 0xff, 0x48, 0x85, 0xed,
  0x74, 0xaf, 0x48, 0x89, 0xef, 0xe8, 0xda, 0xfa, 0xff, 0xff, 0x49, 0x89,
  0xc6, 0x48, 0x85, 0xc0, 0x0f, 0x84, 0x8e, 0x00, 0x00, 0x00, 0x41, 0xb8,
  0x01, 0x00, 0x00, 0x00, 0x48, 0x8d, 0x0d, 0x5e, 0xd3, 0x00, 0x00, 0x48,
  0x89, 0xc6, 0x4c, 0x89, 0xef, 0x48, 0x8d, 0x15, 0x5c, 0xd3, 0x00, 0x00,
  0xe8, 0xaf, 0xfe, 0xff, 0xff, 0x85, 0xc0, 0x78, 0x6b, 0x41, 0xb8, 0x01,
  0x00, 0x00, 0x00, 0x48, 0x8d, 0x0d, 0x4d, 0xd3, 0x00, 0x00, 0x4c, 0x89,
  0xf6, 0x4c, 0x89, 0xef, 0x48, 0x8d, 0x15, 0x49, 0xd3, 0x00, 0x00, 0xe8,
  0x8c, 0xfe, 0xff, 0xff, 0x85, 0xc0, 0x78, 0x48, 0x41, 0xb8, 0x01, 0x00,
  0x00, 0x00, 0x48, 0x8d, 0x0d, 0x3a, 0xd3, 0x00, 0x00, 0x4c, 0x89, 0xf6,
  0x4c, 0x89, 0xef, 0x48, 0x8d, 0x15, 0x39, 0xd3, 0x00, 0x00, 0xe8, 0x69,
  0xfe, 0xff, 0xff, 0x85, 0xc0, 0x78, 0x25, 0x45, 0x31, 0xc0, 0x48, 0x8d,
  0x0d, 0x2d, 0xd3, 0x00, 0x00, 0x4c, 0x89, 0xf6, 0x4c, 0x89, 0xef, 0x48,
  0x8d, 0x15, 0x29, 0xd3, 0x00, 0x00, 0xe8, 0x49, 0xfe, 0xff, 0xff, 0x85,
  0xc0, 0x78, 0x05, 0x49, 0x89, 0xec, 0xeb, 0x12, 0x48, 0xff, 0x4d, 0x00,
  0x0f, 0x85, 0x03, 0xff, 0xff, 0xff, 0x48, 0x89, 0xef, 0xe8, 0x6e, 0xf6,
  0xff, 0xff, 0x5a, 0x4c, 0x89, 0xe0, 0x5d, 0x41, 0x5c, 0x41, 0x5d, 0x41,
  0x5e, 0xc3, 0x48, 0x8b, 0x05, 0xb3, 0x18, 0x01, 0x00, 0x48, 0x8b, 0x15,
  0x8c, 0x04, 0x01, 0x00, 0x48, 0x89, 0xfe, 0x48, 0x39, 0x90, 0x90, 0x00,
  0x00, 0x00, 0x75, 0x13, 0xb9, 0x01, 0x00, 0x00, 0x00, 0x31, 0xd2, 0x48,
  0x8d, 0x3d, 0x8a, 0x18, 0x01, 0x00, 0xe9, 0x05, 0xf6, 0xff, 0xff, 0x41,
  0x54, 0x48, 0x8d, 0x3d, 0x7c, 0x18, 0x01, 0x00, 0xe8, 0xb7, 0x17, 0x00,
  0x00, 0x49, 0x89, 0xc4, 0x48, 0x85, 0xc0, 0x75, 0x18, 0x48, 0x8b, 0x05,
  0x98, 0x04, 0x01, 0x00, 0x48, 0x8b, 0x38, 0xe8, 0xf0, 0xf6, 0xff, 0xff,
  0x85, 0xc0, 0x74, 0x05, 0xe8, 0x87, 0xf7, 0xff, 0xff, 0x4c, 0x89, 0xe0,
  0x41, 0x5c, 0xc3, 0x41, 0x57, 0x41, 0x56, 0x41, 0x55, 0x41, 0x54, 0x55,
  0x48, 0x89, 0xfd, 0x53, 0x48, 0x81, 0xec, 0x18, 0x01, 0x00, 0x00, 0x48,
  0x8b, 0x15, 0x6e, 0x1e, 0x01, 0x00, 0x48, 0x85, 0xd2, 0x74, 0x29, 0x31,
  0xc0, 0x48, 0x39, 0xfa, 0x0f, 0x84, 0x24, 0x16, 0x00, 0x00, 0x48, 0x8b,
  0x05, 0xc7, 0x03, 0x01, 0x00, 0x48, 0x8d, 0x35, 0xc0, 0xb9, 0x00, 0x00,
  0x48, 0x8b, 0x38, 0xe8, 0x60, 0xf6, 0xff, 0xff, 0x83, 0xc8, 0xff, 0xe9,
  0x06, 0x16, 0x00, 0x00, 0xe8, 0xf3, 0xf9, 0xff, 0xff, 0x4c, 0x8d, 0x64,
  0x24, 0x38, 0x41, 0xb8, 0x0b, 0x00, 0x00, 0x00, 0xb9, 0x03, 0x00, 0x00,
  0x00, 0x48, 0x89, 0xc3, 0x48, 0x8d, 0x15, 0xad, 0xd2, 0x00, 0x00, 0x4c,
  0x89, 0xe7, 0x31, 0xc0, 0xbe, 0x05, 0x00, 0x00, 0x00, 0xe8, 0x7a, 0xf6,
  0xff, 0xff, 0x31, 0xc0, 0x41, 0x8a, 0x0c, 0x04, 0x8a, 0x14, 0x03, 0x84,
  0xc9, 0x75, 0x0d, 0x83, 0xea, 0x30, 0x80, 0xfa, 0x09, 0x76, 0x14, 0xe9,
  0x8e, 0x00, 0x00, 0x00, 0x38, 0xd1, 0x75, 0x0b, 0x48, 0xff, 0xc0, 0x48,
  0x83, 0xf8, 0x04, 0x75, 0xdb, 0xeb, 0x7f, 0xc7, 0x44, 0x24, 0x40, 0x00,
  0x00, 0x00, 0x00, 0x31, 0xc0, 0x31, 0xc9, 0xc6, 0x44, 0x24, 0x44, 0x00,
  0x8a, 0x14, 0x03, 0x4c, 0x8d, 0x4c, 0x24, 0x40, 0x80, 0xfa, 0x2e, 0x75,
  0x42, 0x85, 0xc9, 0x74, 0x49, 0x4c, 0x8d, 0x6c, 0x24, 0x48, 0xbe, 0xc8,
  0x00, 0x00, 0x00, 0x31, 0xc0, 0x4c, 0x89, 0xe1, 0x48, 0x8d, 0x15, 0x71,
  0xb9, 0x00, 0x00, 0x4c, 0x89, 0xef, 0x4c, 0x8d, 0x05, 0xf2, 0xd3, 0x00,
  0x00, 0xe8, 0x0a, 0xf6, 0xff, 0xff, 0x31, 0xff, 0xba, 0x01, 0x00, 0x00,
  0x00, 0x4c, 0x89, 0xee, 0xe8, 0xfb, 0xf4, 0xff, 0xff, 0x85, 0xc0, 0x0f,
  0x88, 0x84, 0x01, 0x00, 0x00, 0xeb, 0x1f, 0x8d, 0x72, 0xd0, 0x40, 0x80,
  0xfe, 0x09, 0x76, 0x07, 0xeb, 0xb7, 0xb9, 0x01, 0x00, 0x00, 0x00, 0x41,
  0x88, 0x14, 0x01, 0x48, 0xff, 0xc0, 0x48, 0x83, 0xf8, 0x04, 0x75, 0x94,
  0xeb, 0xa3, 0x31, 0xff, 0xe8, 0x8b, 0xf6, 0xff, 0xff, 0x48, 0x89, 0x05,
  0x3c, 0x1d, 0x01, 0x00, 0x48, 0x85, 0xc0, 0x0f, 0x84, 0x5d, 0x01, 0x00,
  0x00, 0x31, 0xf6, 0x48, 0x8d, 0x3d, 0xc9, 0xd1, 0x00, 0x00, 0xe8, 0x7d,
  0xf4, 0xff, 0xff, 0x48, 0x85, 0xc0, 0x0f, 0x84, 0x54, 0x01, 0x00, 0x00,
  0x31, 0xf6, 0x48, 0x8d, 0x3d, 0xb2, 0xd1, 0x00, 0x00, 0xe8, 0x56, 0xf8,
  0xff, 0xff, 0x48, 0x85, 0xc0, 0x0f, 0x84, 0x4b, 0x01, 0x00, 0x00, 0x48,
  0xff, 0x45, 0x00, 0x48, 0x89, 0xef, 0x48, 0x89, 0x2d, 0x17, 0x1d, 0x01,
  0x00, 0xe8, 0x4a, 0xf8, 0xff, 0xff, 0x48, 0x89, 0x05, 0x03, 0x1d, 0x01,
  0x00, 0x48, 0x85, 0xc0, 0x0f, 0x84, 0x36, 0x01, 0x00, 0x00, 0x48, 0xff,
  0x00, 0x48, 0x8d, 0x3d, 0x8a, 0xd1, 0x00, 0x00, 0xe8, 0x1b, 0xf4, 0xff,
  0xff, 0x48, 0x89, 0x05, 0xdc, 0x1c, 0x01, 0x00, 0x48, 0x85, 0xc0, 0x0f,
  0x84, 0x25, 0x01, 0x00, 0x00, 0x48, 0xff, 0x00, 0x48, 0x8d, 0x3d, 0x74,
  0xd1, 0x00, 0x00, 0xe8, 0xfc, 0xf3, 0xff, 0xff, 0x48, 0x89, 0x05, 0xb5,
  0x1c, 0x01, 0x00, 0x48, 0x85, 0xc0, 0x0f, 0x84, 0x14, 0x01, 0x00, 0x00,
  0x48, 0xff, 0x00, 0x48, 0x8b, 0x15, 0xaa, 0x1c, 0x01, 0x00, 0x48, 0x8d,
  0x35, 0x5d, 0xd1, 0x00, 0x00, 0x41, 0xbd, 0xd9, 0x16, 0x00, 0x00, 0x48,
  0x8b, 0x3d, 0xa6, 0x1c, 0x01, 0x00, 0x41, 0xbc, 0x01, 0x00, 0x00, 0x00,
  0x48, 0x8d, 0x1d, 0x81, 0x0d, 0x01, 0x00, 0xe8, 0xec, 0xf3, 0xff, 0xff,
  0x85, 0xc0, 0x0f, 0x88, 0x23, 0x01, 0x00, 0x00, 0x4c, 0x8b, 0x3b, 0x4d,
  0x85, 0xff, 0x0f, 0x84, 0xde, 0x00, 0x00, 0x00, 0x8a, 0x43, 0x20, 0x0a,
  0x43, 0x21, 0x48, 0x8b, 0x7b, 0x08, 0x74, 0x37, 0x80, 0x7b, 0x22, 0x00,
  0x74, 0x0a, 0xe8, 0x11, 0xf7, 0xff, 0xff, 0x49, 0x89, 0x07, 0xeb, 0x37,
  0x48, 0x8b, 0x43, 0x10, 0x48, 0x8b, 0x53, 0x18, 0x48, 0x8d, 0x70, 0xff,
  0x48, 0x85, 0xd2, 0x74, 0x0c, 0x31, 0xc9, 0xe8, 0x44, 0xf7, 0xff, 0xff,
  0x49, 0x89, 0x07, 0xeb, 0x1a, 0xe8, 0x6a, 0xf7, 0xff, 0xff, 0x49, 0x89,
  0x07, 0xeb, 0x10, 0x48, 0x8b, 0x43, 0x10, 0x48, 0x8d, 0x70, 0xff, 0xe8,
  0x68, 0xf3, 0xff, 0xff, 0x49, 0x89, 0x07, 0x48, 0x8b, 0x03, 0x48, 0x8b,
  0x38, 0x48, 0x85, 0xff, 0x0f, 0x84, 0xa9, 0x00, 0x00, 0x00, 0xe8, 0x21,
  0xf6, 0xff, 0xff, 0x48, 0xff, 0xc0, 0x0f, 0x84, 0x9b, 0x00, 0x00, 0x00,
  0x48, 0x83, 0xc3, 0x28, 0xe9, 0x7b, 0xff, 0xff, 0xff, 0x41, 0xbd, 0xa9,
  0x16, 0x00, 0x00, 0x41, 0xbc, 0x01, 0x00, 0x00, 0x00, 0xe9, 0x8d, 0x00,
  0x00, 0x00, 0x41, 0xbd, 0xad, 0x16, 0x00, 0x00, 0x41, 0xbc, 0x01, 0x00,
  0x00, 0x00, 0xeb, 0x7f, 0x41, 0xbd, 0xae, 0x16, 0x00, 0x00, 0x41, 0xbc,
  0x01, 0x00, 0x00, 0x00, 0xeb, 0x71, 0x41, 0xbd, 0xaf, 0x16, 0x00, 0x00,
  0x41, 0xbc, 0x01, 0x00, 0x00, 0x00, 0xeb, 0x63, 0x41, 0xbd, 0xd3, 0x16,
  0x00, 0x00, 0x41, 0xbc, 0x01, 0x00, 0x00, 0x00, 0xeb, 0x55, 0x41, 0xbd,
  0xd5, 0x16, 0x00, 0x00, 0x41, 0xbc, 0x01, 0x00, 0x00, 0x00, 0xeb, 0x47,
  0x41, 0xbd, 0xd7, 0x16, 0x00, 0x00, 0x41, 0xbc, 0x01, 0x00, 0x00, 0x00,
  0xeb, 0x39, 0x31, 0xff, 0xe8, 0x63, 0xf4, 0xff, 0xff, 0x48, 0x89, 0x05,
  0x64, 0x19, 0x01, 0x00, 0x48, 0x85, 0xc0, 0x74, 0x1a, 0xbf, 0x01, 0x00,
  0x00, 0x00, 0xe8, 0x4d, 0xf4, 0xff, 0xff, 0x48, 0x89, 0x05, 0x46, 0x19,
  0x01, 0x00, 0x48, 0x85, 0xc0, 0x0f, 0x85, 0x90, 0x00, 0x00, 0x00, 0x41,
  0xbd, 0xdb, 0x16, 0x00, 0x00, 0x41, 0xbc, 0x01, 0x00, 0x00, 0x00, 0x48,
  0x83, 0x3d, 0x61, 0x1b, 0x01, 0x00, 0x00, 0x74, 0x46, 0x48, 0x83, 0x3d,
  0x4f, 0x1b, 0x01, 0x00, 0x00, 0x74, 0x19, 0x48, 0x8d, 0x0d, 0xce, 0xcf,
  0x00, 0x00, 0x44, 0x89, 0xe2, 0x44, 0x89, 0xee, 0x48, 0x8d, 0x3d, 0x87,
  0xd1, 0x00, 0x00, 0xe8, 0xa4, 0x29, 0x00, 0x00, 0x48, 0x8b, 0x3d, 0x35,
  0x1b, 0x01, 0x00, 0x48, 0x85, 0xff, 0x74, 0x37, 0x48, 0xff, 0x0f, 0x48,
  0xc7, 0x05, 0x22, 0x1b, 0x01, 0x00, 0x00, 0x00, 0x00, 0x00, 0x75, 0x27,
  0xe8, 0x93, 0xf2, 0xff, 0xff, 0xeb, 0x20, 0xe8, 0x8c, 0xf4, 0xff, 0xff,
  0x48, 0x85, 0xc0, 0x75, 0x16, 0x48, 0x8b, 0x05, 0xf8, 0x00, 0x01, 0x00,
  0x48, 0x8d, 0x35, 0x47, 0xd1, 0x00, 0x00, 0x48, 0x8b, 0x38, 0xe8, 0x11,
  0xf3, 0xff, 0xff, 0x31, 0xc0, 0x48, 0x83, 0x3d, 0xef, 0x1a, 0x01, 0x00,
  0x00, 0x0f, 0x94, 0xc0, 0xf7, 0xd8, 0xe9, 0xab, 0x12, 0x00, 0x00, 0xbf,
  0x02, 0x00, 0x00, 0x00, 0xe8, 0xa3, 0xf3, 0xff, 0xff, 0x48, 0x89, 0x05,
  0x94, 0x18, 0x01, 0x00, 0x48, 0x85, 0xc0, 0x0f, 0x84, 0x56, 0xff, 0xff,
  0xff, 0xbf, 0x04, 0x00, 0x00, 0x00, 0xe8, 0x89, 0xf3, 0xff, 0xff, 0x48,
  0x89, 0x05, 0x72, 0x18, 0x01, 0x00, 0x48, 0x85, 0xc0, 0x0f, 0x84, 0x3c,
  0xff, 0xff, 0xff, 0xbf, 0x40, 0x00, 0x00, 0x00, 0xe8, 0x6f, 0xf3, 0xff,
  0xff, 0x48, 0x89, 0x05, 0x50, 0x18, 0x01, 0x00, 0x48, 0x85, 0xc0, 0x0f,
  0x84, 0x22, 0xff, 0xff, 0xff, 0xbf, 0x80, 0x00, 0x00, 0x00, 0xe8, 0x55,
  0xf3, 0xff, 0xff, 0x48, 0x89, 0x05, 0x2e, 0x18, 0x01, 0x00, 0x48, 0x85,
  0xc0, 0x0f, 0x84, 0x08, 0xff, 0xff, 0xff, 0xbf, 0x00, 0x01, 0x00, 0x00,
  0xe8, 0x3b, 0xf3, 0xff, 0xff, 0x48, 0x89, 0x05, 0x0c, 0x18, 0x01, 0x00,
  0x48, 0x85, 0xc0, 0x0f, 0x84, 0xee, 0xfe, 0xff, 0xff, 0x31, 0xd2, 0x31,
  0xf6, 0x48, 0x8d, 0x3d, 0x68, 0xb6, 0x00, 0x00, 0xe8, 0xab, 0xf5, 0xff,
  0xff, 0x48, 0x89, 0x05, 0xe4, 0x17, 0x01, 0x00, 0x48, 0x85, 0xc0, 0x0f,
  0x84, 0xce, 0xfe, 0xff, 0xff, 0x48, 0x8b, 0x05, 0xa4, 0xff, 0x00, 0x00,
  0x83, 0x38, 0x00, 0x75, 0x13, 0xe8, 0x1a, 0xf2, 0xff, 0xff, 0x48, 0x89,
  0xc5, 0x48, 0x85, 0xc0, 0x0f, 0x84, 0x9c, 0x0b, 0x00, 0x00, 0xeb, 0x2f,
  0x48, 0x8b, 0x15, 0xad, 0x18, 0x01, 0x00, 0x48, 0x8b, 0x35, 0x9e, 0x18,
  0x01, 0x00, 0x48, 0x8b, 0x3d, 0x0f, 0x1a, 0x01, 0x00, 0xe8, 0x72, 0xf3,
  0xff, 0xff, 0x85, 0xc0, 0x79, 0xcf, 0x41, 0xbd, 0xe0, 0x16, 0x00, 0x00,
  0x41, 0xbc, 0x01, 0x00, 0x00, 0x00, 0xe9, 0x8c, 0xfe, 0xff, 0xff, 0x48,
  0x8d, 0x35, 0x39, 0xd0, 0x00, 0x00, 0x48, 0x89, 0xc7, 0xe8, 0xae, 0xf3,
  0xff, 0xff, 0x48, 0x85, 0xc0, 0x74, 0x1a, 0x48, 0x8b, 0x3d, 0x22, 0x19,
  0x01, 0x00, 0xe8, 0x1d, 0x1e, 0x00, 0x00, 0x48, 0x89, 0x05, 0x4e, 0x19,
  0x01, 0x00, 0x48, 0x85, 0xc0, 0x74, 0x3e, 0xeb, 0x2b, 0x48, 0x8b, 0x15,
  0xc0, 0x19, 0x01, 0x00, 0x48, 0x8d, 0x35, 0x04, 0xd0, 0x00, 0x00, 0x48,
  0x89, 0xef, 0xe8, 0x39, 0xf0, 0xff, 0xff, 0x85, 0xc0, 0x79, 0xcc, 0x41,
  0xbd, 0xe6, 0x16, 0x00, 0x00, 0x41, 0xbc, 0x01, 0x00, 0x00, 0x00, 0xe9,
  0x33, 0xfe, 0xff, 0xff, 0x48, 0x8b, 0x3d, 0xed, 0x17, 0x01, 0x00, 0xe8,
  0xd8, 0x1d, 0x00, 0x00, 0x48, 0x85, 0xc0, 0x75, 0x11, 0x41, 0xbd, 0xeb,
  0x16, 0x00, 0x00, 0x41, 0xbc, 0x01, 0x00, 0x00, 0x00, 0xe9, 0x11, 0xfe,
  0xff, 0xff, 0x48, 0x8b, 0x3d, 0xc3, 0x18, 0x01, 0x00, 0xe8, 0xb6, 0x1d,
  0x00, 0x00, 0x48, 0x89, 0x05, 0xdf, 0x18, 0x01, 0x00, 0x48, 0x85, 0xc0,
  0x74, 0xd7, 0x48, 0x8b, 0x3d, 0xc3, 0x18, 0x01, 0x00, 0xe8, 0x9e, 0x1d,
  0x00, 0x00, 0x48, 0x89, 0x05, 0xbf, 0x18, 0x01, 0x00, 0x48, 0x85, 0xc0,
  0x74, 0xbf, 0x48, 0x8b, 0x35, 0x73, 0x17, 0x01, 0x00, 0xbf, 0x01, 0x00,
  0x00, 0x00, 0x31, 0xc0, 0xe8, 0xdf, 0xf4, 0xff, 0xff, 0x48, 0x89, 0x05,
  0xc0, 0x16, 0x01, 0x00, 0x48, 0x85, 0xc0, 0x75, 0x11, 0x41, 0xbd, 0xed,
  0x16, 0x00, 0x00, 0x41, 0xbc, 0x01, 0x00, 0x00, 0x00, 0xe9, 0xb1, 0xfd,
  0xff, 0xff, 0x48, 0x8b, 0x35, 0xcb, 0x16, 0x01, 0x00, 0xbf, 0x01, 0x00,
  0x00, 0x00, 0x31, 0xc0, 0xe8, 0xaf, 0xf4, 0xff, 0xff, 0x48, 0x89, 0x05,
  0x88, 0x16, 0x01, 0x00, 0x48, 0x85, 0xc0, 0x74, 0xd0, 0x48, 0x8b, 0x35,
  0xb4, 0x16, 0x01, 0x00, 0xbf, 0x01, 0x00, 0x00, 0x00, 0x31, 0xc0, 0xe8,
  0x90, 0xf4, 0xff, 0xff, 0x48, 0x89, 0x05, 0x61, 0x16, 0x01, 0x00, 0x48,
  0x85, 0xc0, 0x74, 0xb1, 0x48, 0x8b, 0x35, 0xd5, 0x16, 0x01, 0x00, 0xbf,
  0x01, 0x00, 0x00, 0x00, 0x31, 0xc0, 0xe8, 0x71, 0xf4, 0xff, 0xff, 0x48,
  0x89, 0x05, 0x3a, 0x16, 0x01, 0x00, 0x48, 0x85, 0xc0, 0x74, 0x92, 0x48,
  0x8b, 0x15, 0xf6, 0x17, 0x01, 0x00, 0x48, 0x8b, 0x35, 0xd7, 0x17, 0x01,
  0x00, 0xbf, 0x02, 0x00, 0x00, 0x00, 0x31, 0xc0, 0xe8, 0x4b, 0xf4, 0xff,
  0xff, 0x48, 0x89, 0x05, 0x0c, 0x16, 0x01, 0x00, 0x48, 0x85, 0xc0, 0x0f,
  0x84, 0x68, 0xff, 0xff, 0xff, 0x48, 0x8b, 0x35, 0xb4, 0x16, 0x01, 0x00,
  0xbf, 0x01, 0x00, 0x00, 0x00, 0x31, 0xc0, 0xe8, 0x28, 0xf4, 0xff, 0xff,
  0x48, 0x89, 0x05, 0xe1, 0x15, 0x01, 0x00, 0x48, 0x85, 0xc0, 0x0f, 0x84,
  0x45, 0xff, 0xff, 0xff, 0x48, 0x8b, 0x35, 0x91, 0x16, 0x01, 0x00, 0xbf,
  0x01, 0x00, 0x00, 0x00, 0x31, 0xc0, 0xe8, 0x05, 0xf4, 0xff, 0xff, 0x48,
  0x89, 0x05, 0xb6, 0x15, 0x01, 0x00, 0x48, 0x85, 0xc0, 0x0f, 0x84, 0x22,
  0xff, 0xff, 0xff, 0x48, 0x8b, 0x35, 0xb6, 0x16, 0x01, 0x00, 0xbf, 0x01,
  0x00, 0x00, 0x00, 0x31, 0xc0, 0xe8, 0xe2, 0xf3, 0xff, 0xff, 0x48, 0x89,
  0x05, 0x8b, 0x15, 0x01, 0x00, 0x48, 0x85, 0xc0, 0x0f, 0x84, 0xff, 0xfe,
  0xff, 0xff, 0x48, 0x8b, 0x35, 0x8b, 0x16, 0x01, 0x00, 0x31, 0xc0, 0xbf,
  0x01, 0x00, 0x00, 0x00, 0xe8, 0xbf, 0xf3, 0xff, 0xff, 0x48, 0x85, 0xc0,
  0x0f, 0x84, 0xe3, 0xfe, 0xff, 0xff, 0x48, 0x8d, 0x3d, 0xbe, 0xcc, 0x00,
  0x00, 0xe8, 0x9a, 0xf1, 0xff, 0xff, 0x48, 0x89, 0xc3, 0x48, 0x85, 0xc0,
  0x0f, 0x84, 0xac, 0x09, 0x00, 0x00, 0x41, 0xb8, 0x01, 0x00, 0x00, 0x00,
  0xb9, 0x60, 0x00, 0x00, 0x00, 0x48, 0x89, 0xc7, 0x48, 0x8d, 0x15, 0xb3,
  0xcc, 0x00, 0x00, 0x48, 0x8d, 0x35, 0x91, 0xcc, 0x00, 0x00, 0xe8, 0xcd,
  0xf3, 0xff, 0xff, 0x48, 0x89, 0x05, 0x86, 0x17, 0x01, 0x00, 0x48, 0x85,
  0xc0, 0x0f, 0x84, 0x5d, 0x09, 0x00, 0x00, 0x48, 0x8d, 0x0d, 0x06, 0x15,
  0x01, 0x00, 0x48, 0x8d, 0x15, 0xef, 0x2f, 0x00, 0x00, 0x48, 0x89, 0x05,
  0x78, 0x12, 0x01, 0x00, 0x48, 0x89, 0x0d, 0x81, 0x17, 0x01, 0x00, 0x48,
  0x8d, 0x0d, 0x4a, 0x10, 0x00, 0x00, 0x66, 0x48, 0x0f, 0x6e, 0xca, 0x48,
  0x8d, 0x3d, 0x5e, 0x11, 0x01, 0x00, 0x66, 0x48, 0x0f, 0x6e, 0xc1, 0x66,
  0x0f, 0x6c, 0xc1, 0x0f, 0x29, 0x05, 0xce, 0x14, 0x01, 0x00, 0xe8, 0x39,
  0xf0, 0xff, 0xff, 0x85, 0xc0, 0x0f, 0x88, 0x11, 0x09, 0x00, 0x00, 0x48,
  0x8b, 0x3d, 0x4a, 0x17, 0x01, 0x00, 0x31, 0xd2, 0x31, 0xf6, 0x4c, 0x8b,
  0x25, 0x37, 0x12, 0x01, 0x00, 0xe8, 0x3a, 0xf2, 0xff, 0xff, 0x48, 0x89,
  0xc5, 0x48, 0x85, 0xc0, 0x0f, 0x84, 0xee, 0x08, 0x00, 0x00, 0x48, 0x8b,
  0x35, 0xaf, 0x15, 0x01, 0x00, 0x48, 0x89, 0xc2, 0x4c, 0x89, 0xe7, 0xe8,
  0xfc, 0xf1, 0xff, 0xff, 0x85, 0xc0, 0x48, 0x8b, 0x45, 0x00, 0x0f, 0x88,
  0xbf, 0x08, 0x00, 0x00, 0x48, 0xff, 0xc8, 0x48, 0x89, 0x45, 0x00, 0x75,
  0x08, 0x48, 0x89, 0xef, 0xe8, 0x9f, 0xee, 0xff, 0xff, 0x48, 0x8b, 0x35,
  0x80, 0x16, 0x01, 0x00, 0x48, 0x8b, 0x3d, 0x19, 0x17, 0x01, 0x00, 0x48,
  0x8d, 0x15, 0xda, 0x10, 0x01, 0x00, 0xe8, 0x75, 0xf0, 0xff, 0xff, 0x85,
  0xc0, 0x0f, 0x88, 0x9d, 0x08, 0x00, 0x00, 0x48, 0x8b, 0x35, 0xc6, 0x15,
  0x01, 0x00, 0x48, 0x8d, 0x3d, 0xbf, 0x10, 0x01, 0x00, 0xe8, 0xda, 0xf0,
  0xff, 0xff, 0x4c, 0x8b, 0x25, 0xc3, 0xfc, 0x00, 0x00, 0x48, 0x85, 0xc0,
  0x48, 0x89, 0xc5, 0x75, 0x1d, 0x48, 0x8b, 0x35, 0x1c, 0x15, 0x01, 0x00,
  0x4c, 0x89, 0xe7, 0xe8, 0xbc, 0xf0, 0xff, 0xff, 0x48, 0x89, 0xc5, 0x48,
  0x85, 0xc0, 0x0f, 0x84, 0xb1, 0x01, 0x00, 0x00, 0xeb, 0x22, 0x48, 0x8b,
  0x35, 0x87, 0x15, 0x01, 0x00, 0x4c, 0x89, 0xe7, 0xe8, 0x9f, 0xf0, 0xff,
  0xff, 0xc7, 0x44, 0x24, 0x0c, 0x00, 0x00, 0x00, 0x00, 0x48, 0x39, 0xc5,
  0x0f, 0x85, 0x77, 0x02, 0x00, 0x00, 0xeb, 0xc1, 0x48, 0x8b, 0x35, 0xdd,
  0x14, 0x01, 0x00, 0x48, 0x8d, 0x3d, 0x5e, 0x10, 0x01, 0x00, 0xe8, 0x99,
  0x0f, 0x00, 0x00, 0x48, 0x89, 0x44, 0x24, 0x10, 0x48, 0x85, 0xc0, 0x0f,
  0x84, 0x6c, 0x01, 0x00, 0x00, 0x48, 0x39, 0xc5, 0x0f, 0x85, 0xe0, 0x01,
  0x00, 0x00, 0x48, 0x8b, 0x35, 0xc3, 0x14, 0x01, 0x00, 0x4c, 0x89, 0xe7,
  0xe8, 0x53, 0xf0, 0xff, 0xff, 0x48, 0x89, 0xc5, 0x48, 0x85, 0xc0, 0x0f,
  0x84, 0x5e, 0x01, 0x00, 0x00, 0x48, 0x8b, 0x35, 0xa8, 0x14, 0x01, 0x00,
  0x48, 0x8d, 0x3d, 0x19, 0x10, 0x01, 0x00, 0xe8, 0x54, 0x0f, 0x00, 0x00,
  0x49, 0x89, 0xc6, 0x48, 0x85, 0xc0, 0x0f, 0x84, 0x4a, 0x01, 0x00, 0x00,
  0x48, 0x8b, 0x35, 0x81, 0x14, 0x01, 0x00, 0x48, 0x39, 0xc5, 0x75, 0x16,
  0x48, 0x8b, 0x3d, 0x75, 0x14, 0x01, 0x00, 0xe8, 0x3e, 0xf7, 0xff, 0xff,
  0x49, 0x89, 0xc5, 0x48, 0x85, 0xc0, 0x75, 0x1f, 0xeb, 0x5c, 0x48, 0x89,
  0xc7, 0xe8, 0xfd, 0xf2, 0xff, 0xff, 0x89, 0x44, 0x24, 0x0c, 0x85, 0xc0,
  0x75, 0xda, 0x45, 0x31, 0xe4, 0x31, 0xed, 0x45, 0x31, 0xed, 0xe9, 0x50,
  0x01, 0x00, 0x00, 0x48, 0x8b, 0x35, 0x4a, 0x14, 0x01, 0x00, 0x48, 0x8b,
  0x3d, 0xc3, 0x10, 0x01, 0x00, 0x48, 0x89, 0xc2, 0xe8, 0xa3, 0xf0, 0xff,
  0xff, 0x85, 0xc0, 0x0f, 0x88, 0xf7, 0x00, 0x00, 0x00, 0x48, 0x8b, 0x35,
  0x24, 0x14, 0x01, 0x00, 0x48, 0x8b, 0x3d, 0xa5, 0x10, 0x01, 0x00, 0xe8,
  0x18, 0xef, 0xff, 0xff, 0x89, 0x44, 0x24, 0x0c, 0x85, 0xc0, 0x0f, 0x88,
  0xd8, 0x00, 0x00, 0x00, 0xeb, 0x1f, 0x4c, 0x39, 0xf5, 0x0f, 0x84, 0xcd,
  0x00, 0x00, 0x00, 0xe8, 0x2c, 0xef, 0xff, 0xff, 0x48, 0x85, 0xc0, 0x0f,
  0x85, 0xbf, 0x00, 0x00, 0x00, 0xc7, 0x44, 0x24, 0x0c, 0x00, 0x00, 0x00,
  0x00, 0x48, 0x8b, 0x35, 0xbc, 0x13, 0x01, 0x00, 0x48, 0x8d, 0x3d, 0x5d,
  0x0f, 0x01, 0x00, 0xe8, 0x98, 0x0e, 0x00, 0x00, 0x48, 0x89, 0xc5, 0x48,
  0x85, 0xc0, 0x0f, 0x85, 0x2b, 0x0d, 0x00, 0x00, 0xe8, 0x77, 0xee, 0xff,
  0xff, 0x48, 0x8b, 0x3d, 0x90, 0x13, 0x01, 0x00, 0xe8, 0x89, 0xf6, 0xff,
  0xff, 0x49, 0x89, 0xc4, 0x48, 0x85, 0xc0, 0x74, 0x37, 0x48, 0x8b, 0x35,
  0x84, 0x13, 0x01, 0x00, 0x48, 0x8b, 0x3d, 0x2d, 0x10, 0x01, 0x00, 0x48,
  0x89, 0xc2, 0xe8, 0x0d, 0xf0, 0xff, 0xff, 0x85, 0xc0, 0x78, 0x6a, 0x48,
  0x8b, 0x35, 0x62, 0x13, 0x01, 0x00, 0x48, 0x8b, 0x3d, 0x13, 0x10, 0x01,
  0x00, 0xe8, 0x86, 0xee, 0xff, 0xff, 0x89, 0x44, 0x24, 0x0c, 0x85, 0xc0,
  0x78, 0x4f, 0xeb, 0x0f, 0x48, 0x85, 0xed, 0x74, 0x48, 0xe8, 0xa2, 0xee,
  0xff, 0xff, 0x48, 0x85, 0xc0, 0x75, 0x3e, 0x48, 0x8d, 0x3d, 0xe6, 0x0e,
  0x01, 0x00, 0xe8, 0x71, 0xee, 0xff, 0xff, 0xeb, 0x66, 0x45, 0x31, 0xe4,
  0x31, 0xed, 0x45, 0x31, 0xed, 0x45, 0x31, 0xf6, 0x48, 0xc7, 0x44, 0x24,
  0x10, 0x00, 0x00, 0x00, 0x00, 0xeb, 0x1a, 0x45, 0x31, 0xe4, 0x45, 0x31,
  0xed, 0x45, 0x31, 0xf6, 0xeb, 0x0f, 0x45, 0x31, 0xe4, 0x31, 0xed, 0x45,
  0x31, 0xed, 0xeb, 0x05, 0x45, 0x31, 0xe4, 0x31, 0xed, 0xe8, 0x5a, 0xee,
  0xff, 0xff, 0x48, 0x85, 0xc0, 0x75, 0x1f, 0x48, 0x8b, 0x05, 0x46, 0xfa,
  0x00, 0x00, 0x48, 0x8b, 0x15, 0xaf, 0x0e, 0x01, 0x00, 0x48, 0x8d, 0x35,
  0x00, 0xb1, 0x00, 0x00, 0x48, 0x8b, 0x38, 0x31, 0xc0, 0xe8, 0xc6, 0xef,
  0xff, 0xff, 0xc7, 0x44, 0x24, 0x0c, 0xff, 0xff, 0xff, 0xff, 0x4d, 0x85,
  0xf6, 0x74, 0x0d, 0x49, 0xff, 0x0e, 0x75, 0x08, 0x4c, 0x89, 0xf7, 0xe8,
  0x1c, 0xec, 0xff, 0xff, 0x48, 0x83, 0x7c, 0x24, 0x10, 0x00, 0x74, 0x34,
  0xeb, 0x10, 0xc7, 0x44, 0x24, 0x0c, 0x00, 0x00, 0x00, 0x00, 0x45, 0x31,
  0xe4, 0x31, 0xed, 0x45, 0x31, 0xed, 0x48, 0x8b, 0x44, 0x24, 0x10, 0x48,
  0x8b, 0x4c, 0x24, 0x10, 0x48, 0x8b, 0x00, 0x48, 0x89, 0x44, 0x24, 0x18,
  0x48, 0xff, 0xc8, 0x48, 0x89, 0x01, 0x75, 0x08, 0x48, 0x89, 0xcf, 0xe8,
  0xe0, 0xeb, 0xff, 0xff, 0x4d, 0x85, 0xed, 0x74, 0x0e, 0x49, 0xff, 0x4d,
  0x00, 0x75, 0x08, 0x4c, 0x89, 0xef, 0xe8, 0xcd, 0xeb, 0xff, 0xff, 0x48,
  0x85, 0xed, 0x74, 0x0e, 0x48, 0xff, 0x4d, 0x00, 0x75, 0x08, 0x48, 0x89,
  0xef, 0xe8, 0xba, 0xeb, 0xff, 0xff, 0x4d, 0x85, 0xe4, 0x74, 0x0e, 0x49,
  0xff, 0x0c, 0x24, 0x75, 0x08, 0x4c, 0x89, 0xe7, 0xe8, 0xa7, 0xeb, 0xff,
  0xff, 0x48, 0x8b, 0x03, 0x48, 0xff, 0xc8, 0x83, 0x7c, 0x24, 0x0c, 0xff,
  0x0f, 0x84, 0xb6, 0x05, 0x00, 0x00, 0x48, 0x8d, 0x0d, 0xdf, 0x0d, 0x01,
  0x00, 0x48, 0x89, 0x03, 0x48, 0x89, 0x0d, 0x95, 0x13, 0x01, 0x00, 0x48,
  0x85, 0xc0, 0x75, 0x08, 0x48, 0x89, 0xdf, 0xe8, 0x78, 0xeb, 0xff, 0xff,
  0x48, 0x8d, 0x3d, 0x8b, 0xc8, 0x00, 0x00, 0xe8, 0x8c, 0xed, 0xff, 0xff,
  0x48, 0x89, 0xc5, 0x48, 0x85, 0xc0, 0x0f, 0x84, 0xba, 0x03, 0x00, 0x00,
  0x41, 0xb8, 0x01, 0x00, 0x00, 0x00, 0xb9, 0x88, 0x03, 0x00, 0x00, 0x48,
  0x89, 0xc7, 0x48, 0x8d, 0x15, 0xb9, 0xc8, 0x00, 0x00, 0x48, 0x8d, 0x35,
  0x5e, 0xc8, 0x00, 0x00, 0xe8, 0xbf, 0xef, 0xff, 0xff, 0x48, 0x85, 0xc0,
  0x0f, 0x84, 0x82, 0x03, 0x00, 0x00, 0x48, 0xff, 0x4d, 0x00, 0x75, 0x08,
  0x48, 0x89, 0xef, 0xe8, 0x28, 0xeb, 0xff, 0xff, 0x48, 0x8d, 0x3d, 0x88,
  0xc8, 0x00, 0x00, 0xe8, 0x3c, 0xed, 0xff, 0xff, 0x48, 0x89, 0xc5, 0x48,
  0x85, 0xc0, 0x0f, 0x84, 0x6a, 0x03, 0x00, 0x00, 0x41, 0xb8, 0x02, 0x00,
  0x00, 0x00, 0xb9, 0x60, 0x00, 0x00, 0x00, 0x48, 0x89, 0xc7, 0x48, 0x8d,
  0x15, 0x68, 0xc8, 0x00, 0x00, 0x48, 0x8d, 0x35, 0x5b, 0xc8, 0x00, 0x00,
  0xe8, 0x6f, 0xef, 0xff, 0xff, 0x48, 0x85, 0xc0, 0x0f, 0x84, 0x32, 0x03,
  0x00, 0x00, 0x41, 0xb8, 0x02, 0x00, 0x00, 0x00, 0xb9, 0x48, 0x0a, 0x00,
  0x00, 0x48, 0x89, 0xef, 0x48, 0x8d, 0x15, 0x44, 0xc8, 0x00, 0x00, 0x48,
  0x8d, 0x35, 0x31, 0xc8, 0x00, 0x00, 0xe8, 0x45, 0xef, 0xff, 0xff, 0x48,
  0x85, 0xc0, 0x0f, 0x84, 0x08, 0x03, 0x00, 0x00, 0x41, 0xb8, 0x02, 0x00,
  0x00, 0x00, 0xb9, 0x30, 0x02, 0x00, 0x00, 0x48, 0x89, 0xef, 0x48, 0x8d,
  0x15, 0x23, 0xc8, 0x00, 0x00, 0x48, 0x8d, 0x35, 0x07, 0xc8, 0x00, 0x00,
  0xe8, 0x1b, 0xef, 0xff, 0xff, 0x48, 0x85, 0xc0, 0x0f, 0x84, 0xde, 0x02,
  0x00, 0x00, 0x41, 0xb8, 0x02, 0x00, 0x00, 0x00, 0xb9, 0x60, 0x00, 0x00,
  0x00, 0x48, 0x89, 0xef, 0x48, 0x8d, 0x15, 0x03, 0xc8, 0x00, 0x00, 0x48,
  0x8d, 0x35, 0xdd, 0xc7, 0x00, 0x00, 0xe8, 0xf1, 0xee, 0xff, 0xff, 0x48,
  0x85, 0xc0, 0x0f, 0x84, 0xb4, 0x02, 0x00, 0x00, 0x41, 0xb8, 0x01, 0x00,
  0x00, 0x00, 0xb9, 0x10, 0x00, 0x00, 0x00, 0x48, 0x89, 0xef, 0x48, 0x8d,
  0x15, 0xe1, 0xc7, 0x00, 0x00, 0x48, 0x8d, 0x35, 0xb3, 0xc7, 0x00, 0x00,
  0xe8, 0xc7, 0xee, 0xff, 0xff, 0x48, 0x85, 0xc0, 0x0f, 0x84, 0x8a, 0x02,
  0x00, 0x00, 0x41, 0xb8, 0x01, 0x00, 0x00, 0x00, 0xb9, 0x10, 0x00, 0x00,
  0x00, 0x48, 0x89, 0xef, 0x48, 0x8d, 0x15, 0xbf, 0xc7, 0x00, 0x00, 0x48,
  0x8d, 0x35, 0x89, 0xc7, 0x00, 0x00, 0xe8, 0x9d, 0xee, 0xff, 0xff, 0x48,
  0x85, 0xc0, 0x0f, 0x84, 0x60, 0x02, 0x00, 0x00, 0x41, 0xb8, 0x01, 0x00,
  0x00, 0x00, 0xb9, 0x10, 0x00, 0x00, 0x00, 0x48, 0x89, 0xef, 0x48, 0x8d,
  0x15, 0xa4, 0xc7, 0x00, 0x00, 0x48, 0x8d, 0x35, 0x5f, 0xc7, 0x00, 0x00,
  0xe8, 0x73, 0xee, 0xff, 0xff, 0x48, 0x85, 0xc0, 0x0f, 0x84, 0x36, 0x02,
  0x00, 0x00, 0x41, 0xb8, 0x01, 0x00, 0x00, 0x00, 0xb9, 0x10, 0x00, 0x00,
  0x00, 0x48, 0x89, 0xef, 0x48, 0x8d, 0x15, 0x74, 0xc7, 0x00, 0x00, 0x48,
  0x8d, 0x35, 0x35, 0xc7, 0x00, 0x00, 0xe8, 0x49, 0xee, 0xff, 0xff, 0x48,
  0x85, 0xc0, 0x0f, 0x84, 0x0c, 0x02, 0x00, 0x00, 0x41, 0xb8, 0x01, 0x00,
  0x00, 0x00, 0xb9, 0x10, 0x00, 0x00, 0x00, 0x48, 0x89, 0xef, 0x48, 0x8d,
  0x15, 0x48, 0xc7, 0x00, 0x00, 0x48, 0x8d, 0x35, 0x0b, 0xc7, 0x00, 0x00,
  0xe8, 0x1f, 0xee, 0xff, 0xff, 0x48, 0x85, 0xc0, 0x0f, 0x84, 0xe2, 0x01,
  0x00, 0x00, 0x41, 0xb8, 0x01, 0x00, 0x00, 0x00, 0xb9, 0x10, 0x00, 0x00,
  0x00, 0x48, 0x89, 0xef, 0x48, 0x8d, 0x15, 0x2e, 0xc7, 0x00, 0x00, 0x48,
  0x8d, 0x35, 0xe1, 0xc6, 0x00, 0x00, 0xe8, 0xf5, 0xed, 0xff, 0xff, 0x48,
  0x85, 0xc0, 0x0f, 0x84, 0xb8, 0x01, 0x00, 0x00, 0x41, 0xb8, 0x01, 0x00,
  0x00, 0x00, 0xb9, 0x10, 0x00, 0x00, 0x00, 0x48, 0x89, 0xef, 0x48, 0x8d,
  0x15, 0x13, 0xc7, 0x00, 0x00, 0x48, 0x8d, 0x35, 0xb7, 0xc6, 0x00, 0x00,
  0xe8, 0xcb, 0xed, 0xff, 0xff, 0x48, 0x85, 0xc0, 0x0f, 0x84, 0x8e, 0x01,
  0x00, 0x00, 0x41, 0xb8, 0x01, 0x00, 0x00, 0x00, 0xb9, 0x10, 0x00, 0x00,
  0x00, 0x48, 0x89, 0xef, 0x48, 0x8d, 0x15, 0xe2, 0xc6, 0x00, 0x00, 0x48,
  0x8d, 0x35, 0x8d, 0xc6, 0x00, 0x00, 0xe8, 0xa1, 0xed, 0xff, 0xff, 0x48,
  0x85, 0xc0, 0x0f, 0x84, 0x64, 0x01, 0x00, 0x00, 0x41, 0xb8, 0x01, 0x00,
  0x00, 0x00, 0xb9, 0x10, 0x00, 0x00, 0x00, 0x48, 0x89, 0xef, 0x48, 0x8d,
  0x15, 0xc8, 0xc6, 0x00, 0x00, 0x48, 0x8d, 0x35, 0x63, 0xc6, 0x00, 0x00,
  0xe8, 0x77, 0xed, 0xff, 0xff, 0x48, 0x85, 0xc0, 0x0f, 0x84, 0x3a, 0x01,
  0x00, 0x00, 0x41, 0xb8, 0x01, 0x00, 0x00, 0x00, 0xb9, 0x10, 0x00, 0x00,
  0x00, 0x48, 0x89, 0xef, 0x48, 0x8d, 0x15, 0xa7, 0xc6, 0x00, 0x00, 0x48,
  0x8d, 0x35, 0x39, 0xc6, 0x00, 0x00, 0xe8, 0x4d, 0xed, 0xff, 0xff, 0x48,
  0x85, 0xc0, 0x0f, 0x84, 0x10, 0x01, 0x00, 0x00, 0x41, 0xb8, 0x02, 0x00,
  0x00, 0x00, 0xb9, 0xe8, 0x00, 0x00, 0x00, 0x48, 0x89, 0xef, 0x48, 0x8d,
  0x15, 0x87, 0xc6, 0x00, 0x00, 0x48, 0x8d, 0x35, 0x0f, 0xc6, 0x00, 0x00,
  0xe8, 0x23, 0xed, 0xff, 0xff, 0x48, 0x85, 0xc0, 0x0f, 0x84, 0xe6, 0x00,
  0x00, 0x00, 0x48, 0xff, 0x4d, 0x00, 0x75, 0x08, 0x48, 0x89, 0xef, 0xe8,
  0x8c, 0xe8, 0xff, 0xff, 0x48, 0x8d, 0x3d, 0xc4, 0xc5, 0x00, 0x00, 0xe8,
  0xa0, 0xea, 0xff, 0xff, 0x48, 0x89, 0xc5, 0x48, 0x85, 0xc0, 0x0f, 0x84,
  0xce, 0x00, 0x00, 0x00, 0x41, 0xb8, 0x01, 0x00, 0x00, 0x00, 0xb9, 0x40,
  0x00, 0x00, 0x00, 0x48, 0x89, 0xc7, 0x48, 0x8d, 0x15, 0x3d, 0xc6, 0x00,
  0x00, 0x48, 0x8d, 0x35, 0x97, 0xc5, 0x00, 0x00, 0xe8, 0xd3, 0xec, 0xff,
  0xff, 0x48, 0x85, 0xc0, 0x0f, 0x84, 0x96, 0x00, 0x00, 0x00, 0x48, 0x8b,
  0xb8, 0x08, 0x01, 0x00, 0x00, 0x48, 0x8b, 0x35, 0x24, 0x0f, 0x01, 0x00,
  0xe8, 0xe7, 0xe8, 0xff, 0xff, 0x49, 0x89, 0xc4, 0x48, 0x85, 0xc0, 0x74,
  0x7b, 0x31, 0xf6, 0x48, 0x89, 0xc7, 0xe8, 0xc5, 0xeb, 0xff, 0xff, 0x48,
  0x89, 0xc3, 0x48, 0x85, 0xc0, 0x75, 0x20, 0xe8, 0x18, 0xea, 0xff, 0xff,
  0x48, 0x85, 0xc0, 0x75, 0x16, 0x48, 0x8b, 0x05, 0x04, 0xf6, 0x00, 0x00,
  0x48, 0x8d, 0x35, 0xed, 0xac, 0x00, 0x00, 0x48, 0x8b, 0x38, 0xe8, 0x9d,
  0xe8, 0xff, 0xff, 0x49, 0xff, 0x0c, 0x24, 0x75, 0x08, 0x4c, 0x89, 0xe7,
  0xe8, 0xef, 0xe7, 0xff, 0xff, 0x48, 0x85, 0xdb, 0x74, 0x36, 0x41, 0xb8,
  0x01, 0x00, 0x00, 0x00, 0xb9, 0x10, 0x00, 0x00, 0x00, 0x48, 0x89, 0xef,
  0x48, 0x8d, 0x15, 0xc0, 0xc5, 0x00, 0x00, 0x48, 0x8d, 0x35, 0x0d, 0xc5,
  0x00, 0x00, 0xe8, 0x49, 0xec, 0xff, 0xff, 0x48, 0x85, 0xc0, 0x74, 0x10,
  0x48, 0xff, 0x4d, 0x00, 0x75, 0x29, 0x48, 0x89, 0xef, 0xe8, 0xb6, 0xe7,
  0xff, 0xff, 0xeb, 0x1f, 0x48, 0xff, 0x4d, 0x00, 0x75, 0x08, 0x48, 0x89,
  0xef, 0xe8, 0xa6, 0xe7, 0xff, 0xff, 0x41, 0xbd, 0xf3, 0x16, 0x00, 0x00,
  0x41, 0xbc, 0x01, 0x00, 0x00, 0x00, 0xe9, 0xb4, 0xf4, 0xff, 0xff, 0x48,
  0x8d, 0x3d, 0x8a, 0xc5, 0x00, 0x00, 0xe8, 0xa9, 0xe9, 0xff, 0xff, 0x48,
  0x89, 0xc5, 0x48, 0x85, 0xc0, 0x0f, 0x84, 0x81, 0x00, 0x00, 0x00, 0x48,
  0x8d, 0x0d, 0x87, 0xc5, 0x00, 0x00, 0x48, 0x8d, 0x15, 0xa7, 0x0f, 0x01,
  0x00, 0x48, 0x89, 0xc7, 0x48, 0x8d, 0x35, 0x84, 0xc5, 0x00, 0x00, 0xe8,
  0x26, 0xed, 0xff, 0xff, 0x85, 0xc0, 0x78, 0x52, 0x48, 0x8d, 0x0d, 0x66,
  0xc5, 0x00, 0x00, 0x48, 0x8d, 0x15, 0x7e, 0x0f, 0x01, 0x00, 0x48, 0x89,
  0xef, 0x48, 0x8d, 0x35, 0x5c, 0xc5, 0x00, 0x00, 0xe8, 0x05, 0xed, 0xff,
  0xff, 0x85, 0xc0, 0x78, 0x31, 0x48, 0x8d, 0x0d, 0x63, 0xc5, 0x00, 0x00,
  0x48, 0x8d, 0x15, 0x55, 0x0f, 0x01, 0x00, 0x48, 0x89, 0xef, 0x48, 0x8d,
  0x35, 0x5b, 0xc5, 0x00, 0x00, 0xe8, 0xe4, 0xec, 0xff, 0xff, 0x85, 0xc0,
  0x78, 0x10, 0x48, 0xff, 0x4d, 0x00, 0x75, 0x29, 0x48, 0x89, 0xef, 0xe8,
  0x0c, 0xe7, 0xff, 0xff, 0xeb, 0x1f, 0x48, 0xff, 0x4d, 0x00, 0x75, 0x08,
  0x48, 0x89, 0xef, 0xe8, 0xfc, 0xe6, 0xff, 0xff, 0x41, 0xbd, 0xf4, 0x16,
  0x00, 0x00, 0x41, 0xbc, 0x01, 0x00, 0x00, 0x00, 0xe9, 0x0a, 0xf4, 0xff,
  0xff, 0x48, 0x8d, 0x3d, 0xe0, 0xc4, 0x00, 0x00, 0xe8, 0xff, 0xe8, 0xff,
  0xff, 0x48, 0x89, 0xc5, 0x48, 0x85, 0xc0, 0x74, 0x60, 0x48, 0x8d, 0x0d,
  0xe0, 0xab, 0x00, 0x00, 0x48, 0x8d, 0x15, 0xe9, 0x0e, 0x01, 0x00, 0x48,
  0x89, 0xc7, 0x48, 0x8d, 0x35, 0xff, 0xc4, 0x00, 0x00, 0xe8, 0x7d, 0xed,
  0xff, 0xff, 0x85, 0xc0, 0x78, 0x31, 0x48, 0x8d, 0x0d, 0xe7, 0xab, 0x00,
  0x00, 0x48, 0x8d, 0x15, 0xc0, 0x0e, 0x01, 0x00, 0x48, 0x89, 0xef, 0x48,
  0x8d, 0x35, 0xe7, 0xc4, 0x00, 0x00, 0xe8, 0x5c, 0xed, 0xff, 0xff, 0x85,
  0xc0, 0x78, 0x10, 0x48, 0xff, 0x4d, 0x00, 0x75, 0x29, 0x48, 0x89, 0xef,
  0xe8, 0x87, 0xe6, 0xff, 0xff, 0xeb, 0x1f, 0x48, 0xff, 0x4d, 0x00, 0x75,
  0x08, 0x48, 0x89, 0xef, 0xe8, 0x77, 0xe6, 0xff, 0xff, 0x41, 0xbd, 0xf5,
  0x16, 0x00, 0x00, 0x41, 0xbc, 0x01, 0x00, 0x00, 0x00, 0xe9, 0x85, 0xf3,
  0xff, 0xff, 0x31, 0xff, 0x4c, 0x8b, 0x35, 0x5d, 0x0d, 0x01, 0x00, 0xe8,
  0x58, 0xe5, 0xff, 0xff, 0x49, 0x89, 0xc5, 0x48, 0x85, 0xc0, 0x75, 0x11,
  0x41, 0xbd, 0x02, 0x17, 0x00, 0x00, 0x41, 0xbc, 0x03, 0x00, 0x00, 0x00,
  0xe9, 0x5e, 0xf3, 0xff, 0xff, 0x48, 0x8b, 0x3d, 0xc0, 0x0e, 0x01, 0x00,
  0x45, 0x31, 0xe4, 0xe8, 0xf0, 0xe9, 0xff, 0xff, 0x48, 0x89, 0xc5, 0x48,
  0x85, 0xc0, 0x74, 0x79, 0xe8, 0xd3, 0xe8, 0xff, 0xff, 0x49, 0x89, 0xc4,
  0x48, 0x85, 0xc0, 0x74, 0x6a, 0x48, 0x89, 0xee, 0x45, 0x31, 0xc0, 0x4c,
  0x89, 0xe9, 0x48, 0x89, 0xc2, 0x4c, 0x89, 0xf7, 0xe8, 0x87, 0xe8, 0xff,
  0xff, 0x48, 0x89, 0xc5, 0xeb, 0x53, 0x41, 0xbd, 0xe4, 0x16, 0x00, 0x00,
  0x41, 0xbc, 0x01, 0x00, 0x00, 0x00, 0xe9, 0x10, 0xf3, 0xff, 0xff, 0x48,
  0xff, 0xc8, 0x48, 0x89, 0x45, 0x00, 0x75, 0x08, 0x48, 0x89, 0xef, 0xe8,
  0xe0, 0xe5, 0xff, 0xff, 0x48, 0xff, 0x0b, 0x75, 0x19, 0x48, 0x89, 0xdf,
  0x41, 0xbd, 0xf2, 0x16, 0x00, 0x00, 0x41, 0xbc, 0x01, 0x00, 0x00, 0x00,
  0xe8, 0xc7, 0xe5, 0xff, 0xff, 0xe9, 0xe1, 0xf2, 0xff, 0xff, 0x41, 0xbd,
  0xf2, 0x16, 0x00, 0x00, 0x41, 0xbc, 0x01, 0x00, 0x00, 0x00, 0xe9, 0xd0,
  0xf2, 0xff, 0xff, 0x31, 0xed, 0x49, 0xff, 0x4d, 0x00, 0x75, 0x08, 0x4c,
  0x89, 0xef, 0xe8, 0xa1, 0xe5, 0xff, 0xff, 0x4d, 0x85, 0xe4, 0x74, 0x0e,
  0x49, 0xff, 0x0c, 0x24, 0x75, 0x08, 0x4c, 0x89, 0xe7, 0xe8, 0x8e, 0xe5,
  0xff, 0xff, 0x48, 0x85, 0xed, 0x0f, 0x84, 0x35, 0xff, 0xff, 0xff, 0x48,
  0x8b, 0x35, 0x86, 0x0c, 0x01, 0x00, 0x48, 0x8b, 0x3d, 0xf7, 0x0d, 0x01,
  0x00, 0x48, 0x89, 0xea, 0xe8, 0xaf, 0xe8, 0xff, 0xff, 0x85, 0xc0, 0x0f,
  0x88, 0x1e, 0x05, 0x00, 0x00, 0x48, 0xff, 0x4d, 0x00, 0x75, 0x08, 0x48,
  0x89, 0xef, 0xe8, 0x59, 0xe5, 0xff, 0xff, 0xbf, 0x01, 0x00, 0x00, 0x00,
  0xe8, 0x4f, 0xe4, 0xff, 0xff, 0x48, 0x89, 0xc5, 0x48, 0x85, 0xc0, 0x0f,
  0x84, 0xde, 0x04, 0x00, 0x00, 0x48, 0x8b, 0x05, 0x1c, 0x0d, 0x01, 0x00,
  0x48, 0x8b, 0x3d, 0xb5, 0x0d, 0x01, 0x00, 0x48, 0xff, 0x00, 0x48, 0x8b,
  0x15, 0x0b, 0x0d, 0x01, 0x00, 0x48, 0x8b, 0x45, 0x18, 0x48, 0x89, 0x10,
  0x48, 0x8b, 0x35, 0xd5, 0x0c, 0x01, 0x00, 0x48, 0x89, 0xea, 0xe8, 0x55,
  0xe8, 0xff, 0xff, 0x85, 0xc0, 0x0f, 0x88, 0xd2, 0x04, 0x00, 0x00, 0x48,
  0xff, 0x4d, 0x00, 0x75, 0x08, 0x48, 0x89, 0xef, 0xe8, 0xff, 0xe4, 0xff,
  0xff, 0x48, 0x8d, 0x54, 0x24, 0x30, 0x48, 0x8d, 0x74, 0x24, 0x28, 0x48,
  0xc7, 0x44, 0x24, 0x20, 0x00, 0x00, 0x00, 0x00, 0x48, 0xc7, 0x44, 0x24,
  0x28, 0x00, 0x00, 0x00, 0x00, 0x48, 0x8d, 0x7c, 0x24, 0x20, 0x48, 0xc7,
  0x44, 0x24, 0x30, 0x00, 0x00, 0x00, 0x00, 0xe8, 0xf0, 0xe3, 0xff, 0xff,
  0x48, 0x8d, 0x3d, 0x1f, 0xc3, 0x00, 0x00, 0xe8, 0xe4, 0xe6, 0xff, 0xff,
  0x49, 0x89, 0xc4, 0x48, 0x85, 0xc0, 0x0f, 0x84, 0x7d, 0x01, 0x00, 0x00,
  0x48, 0x8d, 0x35, 0x24, 0xc3, 0x00, 0x00, 0x48, 0x89, 0xc7, 0xe8, 0x49,
  0xe4, 0xff, 0xff, 0x49, 0xff, 0x0c, 0x24, 0x48, 0x89, 0xc5, 0x75, 0x08,
  0x4c, 0x89, 0xe7, 0xe8, 0x98, 0xe4, 0xff, 0xff, 0x48, 0x85, 0xed, 0x75,
  0x1b, 0x48, 0x8b, 0x05, 0x0c, 0xf3, 0x00, 0x00, 0x48, 0x8d, 0x35, 0x03,
  0xc3, 0x00, 0x00, 0x48, 0x8b, 0x38, 0xe8, 0x1d, 0xe5, 0xff, 0xff, 0xe9,
  0x3d, 0x01, 0x00, 0x00, 0x48, 0x8b, 0x05, 0xe1, 0xf2, 0x00, 0x00, 0x48,
  0x39, 0x45, 0x08, 0x74, 0x2d, 0x48, 0x8b, 0x05, 0x5c, 0xf2, 0x00, 0x00,
  0x48, 0x8d, 0x35, 0xd5, 0xa9, 0x00, 0x00, 0x48, 0x8b, 0x38, 0xe8, 0xf5,
  0xe4, 0xff, 0xff, 0x48, 0xff, 0x4d, 0x00, 0x0f, 0x85, 0x10, 0x01, 0x00,
  0x00, 0x48, 0x89, 0xef, 0xe8, 0x43, 0xe4, 0xff, 0xff, 0xe9, 0x03, 0x01,
  0x00, 0x00, 0x31, 0xf6, 0x48, 0x89, 0xef, 0xe8, 0xd4, 0xe7, 0xff, 0xff,
  0x48, 0xff, 0x4d, 0x00, 0x48, 0x89, 0x05, 0xb9, 0x0c, 0x01, 0x00, 0x75,
  0x08, 0x48, 0x89, 0xef, 0xe8, 0x1f, 0xe4, 0xff, 0xff, 0x48, 0x8b, 0x05,
  0xa8, 0x0c, 0x01, 0x00, 0x48, 0x85, 0xc0, 0x75, 0x1b, 0x48, 0x8b, 0x05,
  0x04, 0xf2, 0x00, 0x00, 0x48, 0x8d, 0x35, 0x98, 0xc2, 0x00, 0x00, 0x48,
  0x8b, 0x38, 0xe8, 0x9d, 0xe4, 0xff, 0xff, 0xe9, 0xbd, 0x00, 0x00, 0x00,
  0xff, 0x10, 0x3d, 0x09, 0x00, 0x00, 0x01, 0x48, 0x8b, 0x05, 0x7a, 0x0c,
  0x01, 0x00, 0x74, 0x26, 0xff, 0x10, 0xba, 0x09, 0x00, 0x00, 0x01, 0x48,
  0x8d, 0x35, 0x7a, 0xa9, 0x00, 0x00, 0x89, 0xc1, 0x48, 0x8b, 0x05, 0xc9,
  0xf1, 0x00, 0x00, 0x48, 0x8b, 0x38, 0x31, 0xc0, 0xe8, 0x57, 0xe7, 0xff,
  0xff, 0xe9, 0x87, 0x00, 0x00, 0x00, 0xff, 0x90, 0x98, 0x06, 0x00, 0x00,
  0x83, 0xf8, 0x0f, 0x48, 0x8b, 0x05, 0x42, 0x0c, 0x01, 0x00, 0x77, 0x27,
  0xff, 0x90, 0x98, 0x06, 0x00, 0x00, 0xba, 0x10, 0x00, 0x00, 0x00, 0x48,
  0x8d, 0x35, 0x8e, 0xa9, 0x00, 0x00, 0x89, 0xc1, 0x48, 0x8b, 0x05, 0x8d,
  0xf1, 0x00, 0x00, 0x48, 0x8b, 0x38, 0x31, 0xc0, 0xe8, 0x1b, 0xe7, 0xff,
  0xff, 0xeb, 0x4e, 0xff, 0x90, 0x90, 0x06, 0x00, 0x00, 0x41, 0x89, 0xc4,
  0x85, 0xc0, 0x75, 0x18, 0x48, 0x8b, 0x05, 0x6d, 0xf1, 0x00, 0x00, 0x48,
  0x8d, 0x35, 0x86, 0xaa, 0x00, 0x00, 0x48, 0x8b, 0x38, 0xe8, 0x06, 0xe4,
  0xff, 0xff, 0xeb, 0x29, 0x83, 0xf8, 0x01, 0x74, 0x18, 0x48, 0x8b, 0x05,
  0x50, 0xf1, 0x00, 0x00, 0x48, 0x8d, 0x35, 0x99, 0xaa, 0x00, 0x00, 0x48,
  0x8b, 0x38, 0xe8, 0xe9, 0xe3, 0xff, 0xff, 0xeb, 0x0c, 0x48, 0x8b, 0x7c,
  0x24, 0x20, 0x48, 0x85, 0xff, 0x75, 0x2b, 0xeb, 0x33, 0x48, 0x8b, 0x05,
  0x34, 0xf1, 0x00, 0x00, 0x48, 0x8b, 0x38, 0xe8, 0x0c, 0xe4, 0xff, 0xff,
  0x85, 0xc0, 0x75, 0x67, 0x45, 0x31, 0xed, 0x45, 0x31, 0xe4, 0xbd, 0xe9,
  0x11, 0x00, 0x00, 0x41, 0xbe, 0xae, 0x03, 0x00, 0x00, 0xe9, 0x16, 0x02,
  0x00, 0x00, 0x48, 0xff, 0x0f, 0x75, 0x05, 0xe8, 0x08, 0xe3, 0xff, 0xff,
  0x48, 0xc7, 0x44, 0x24, 0x20, 0x00, 0x00, 0x00, 0x00, 0x48, 0x8b, 0x7c,
  0x24, 0x28, 0x48, 0x85, 0xff, 0x74, 0x0a, 0x48, 0xff, 0x0f, 0x75, 0x05,
  0xe8, 0xeb, 0xe2, 0xff, 0xff, 0x48, 0xc7, 0x44, 0x24, 0x28, 0x00, 0x00,
  0x00, 0x00, 0x48, 0x8b, 0x7c, 0x24, 0x30, 0x48, 0x85, 0xff, 0x0f, 0x84,
  0x31, 0x02, 0x00, 0x00, 0x48, 0xff, 0x0f, 0x0f, 0x85, 0x28, 0x02, 0x00,
  0x00, 0xe8, 0xc6, 0xe2, 0xff, 0xff, 0xe9, 0x1e, 0x02, 0x00, 0x00, 0xba,
  0xae, 0x03, 0x00, 0x00, 0x48, 0x8d, 0x0d, 0x63, 0xc1, 0x00, 0x00, 0xbe,
  0xe9, 0x11, 0x00, 0x00, 0x48, 0x8d, 0x3d, 0x64, 0xc1, 0x00, 0x00, 0x4c,
  0x8d, 0x6c, 0x24, 0x48, 0xe8, 0x8f, 0x19, 0x00, 0x00, 0x4c, 0x8d, 0x64,
  0x24, 0x40, 0x48, 0x8d, 0x6c, 0x24, 0x38, 0x4c, 0x89, 0xea, 0x4c, 0x89,
  0xe6, 0x48, 0x89, 0xef, 0xe8, 0xa7, 0xe5, 0xff, 0xff, 0x4c, 0x89, 0xea,
  0x4c, 0x89, 0xe6, 0x48, 0x89, 0xef, 0xe8, 0xa9, 0xe2, 0xff, 0xff, 0xe8,
  0x74, 0xe4, 0xff, 0xff, 0x48, 0x85, 0xc0, 0x0f, 0x85, 0x80, 0x00, 0x00,
  0x00, 0x48, 0x8b, 0x74, 0x24, 0x48, 0x48, 0x85, 0xf6, 0x75, 0x0f, 0x48,
  0x8b, 0x44, 0x24, 0x48, 0x48, 0x85, 0xc0, 0x74, 0x15, 0x48, 0xff, 0x00,
  0xeb, 0x10, 0x48, 0x8b, 0x7c, 0x24, 0x40, 0xe8, 0x88, 0xe1, 0xff, 0xff,
  0x85, 0xc0, 0x78, 0x59, 0xeb, 0xe1, 0x48, 0x8b, 0x44, 0x24, 0x38, 0x48,
  0x85, 0xc0, 0x74, 0x03, 0x48, 0xff, 0x00, 0x48, 0x8b, 0x44, 0x24, 0x40,
  0x48, 0x85, 0xc0, 0x74, 0x03, 0x48, 0xff, 0x00, 0x4c, 0x8b, 0x7c, 0x24,
  0x38, 0x4c, 0x8b, 0x64, 0x24, 0x40, 0x4c, 0x8b, 0x6c, 0x24, 0x48, 0x4c,
  0x89, 0xe6, 0x4c, 0x89, 0xff, 0x4c, 0x89, 0xea, 0xe8, 0xfb, 0xe5, 0xff,
  0xff, 0x48, 0x8b, 0x2d, 0xfc, 0x09, 0x01, 0x00, 0x4c, 0x8b, 0x35, 0xdd,
  0x07, 0x01, 0x00, 0x48, 0x8b, 0x45, 0x08, 0x48, 0x8b, 0x98, 0x80, 0x00,
  0x00, 0x00, 0x48, 0x85, 0xdb, 0x74, 0x4b, 0xeb, 0x60, 0x48, 0x8b, 0x7c,
  0x24, 0x38, 0x48, 0x85, 0xff, 0x74, 0x0a, 0x48, 0xff, 0x0f, 0x75, 0x05,
  0xe8, 0xd7, 0xe1, 0xff, 0xff, 0x48, 0x8b, 0x7c, 0x24, 0x40, 0x48, 0x85,
  0xff, 0x74, 0x0a, 0x48, 0xff, 0x0f, 0x75, 0x05, 0xe8, 0xc3, 0xe1, 0xff,
  0xff, 0x48, 0x8b, 0x7c, 0x24, 0x48, 0x48, 0x85, 0xff, 0x0f, 0x84, 0xce,
  0x01, 0x00, 0x00, 0x48, 0xff, 0x0f, 0x0f, 0x85, 0xc5, 0x01, 0x00, 0x00,
  0xe8, 0xa7, 0xe1, 0xff, 0xff, 0xe9, 0xbb, 0x01, 0x00, 0x00, 0x48, 0x89,
  0xef, 0x31, 0xd2, 0x4c, 0x89, 0xf6, 0xe8, 0xe5, 0xe4, 0xff, 0xff, 0x48,
  0x89, 0xc5, 0x48, 0x85, 0xc0, 0x74, 0x79, 0xeb, 0x54, 0x48, 0x8d, 0x3d,
  0x24, 0xa9, 0x00, 0x00, 0xe8, 0xef, 0xe0, 0xff, 0xff, 0x85, 0xc0, 0x75,
  0x67, 0x31, 0xd2, 0x48, 0x89, 0xef, 0x4c, 0x89, 0xf6, 0xff, 0xd3, 0x48,
  0x89, 0xc5, 0xe8, 0xa9, 0xe3, 0xff, 0xff, 0x48, 0x85, 0xed, 0x75, 0x2d,
  0xe8, 0x5f, 0xe3, 0xff, 0xff, 0x48, 0x85, 0xc0, 0x75, 0x46, 0x48, 0x8b,
  0x05, 0x1b, 0xef, 0x00, 0x00, 0x48, 0x8d, 0x35, 0x0c, 0xa9, 0x00, 0x00,
  0xbd, 0x0f, 0x12, 0x00, 0x00, 0x41, 0xbe, 0xb0, 0x03, 0x00, 0x00, 0x48,
  0x8b, 0x38, 0xe8, 0xd9, 0xe1, 0xff, 0xff, 0xeb, 0x3b, 0x48, 0x89, 0xef,
  0xe8, 0xcf, 0x09, 0x00, 0x00, 0x48, 0xff, 0x4d, 0x00, 0x75, 0x22, 0x48,
  0x89, 0xef, 0x41, 0xbe, 0xb0, 0x03, 0x00, 0x00, 0xbd, 0x13, 0x12, 0x00,
  0x00, 0xe8, 0x16, 0xe1, 0xff, 0xff, 0xeb, 0x18, 0xbd, 0x0f, 0x12, 0x00,
  0x00, 0x41, 0xbe, 0xb0, 0x03, 0x00, 0x00, 0xeb, 0x0b, 0xbd, 0x13, 0x12,
  0x00, 0x00, 0x41, 0xbe, 0xb0, 0x03, 0x00, 0x00, 0x48, 0x8b, 0x54, 0x24,
  0x30, 0x48, 0x8b, 0x74, 0x24, 0x28, 0x48, 0x8b, 0x7c, 0x24, 0x20, 0xe8,
  0xd8, 0xe4, 0xff, 0xff, 0x4d, 0x85, 0xff, 0x74, 0x0d, 0x49, 0xff, 0x0f,
  0x75, 0x08, 0x4c, 0x89, 0xff, 0xe8, 0xd6, 0xe0, 0xff, 0xff, 0x4d, 0x85,
  0xe4, 0x74, 0x0e, 0x49, 0xff, 0x0c, 0x24, 0x75, 0x08, 0x4c, 0x89, 0xe7,
  0xe8, 0xc3, 0xe0, 0xff, 0xff, 0x4d, 0x85, 0xed, 0x0f, 0x84, 0xaa, 0x00,
  0x00, 0x00, 0x49, 0xff, 0x4d, 0x00, 0x0f, 0x85, 0xa0, 0x00, 0x00, 0x00,
  0x4c, 0x89, 0xef, 0xe8, 0xa8, 0xe0, 0xff, 0xff, 0xe9, 0x93, 0x00, 0x00,
  0x00, 0xe8, 0x4e, 0xe3, 0xff, 0xff, 0x48, 0x89, 0xc5, 0x48, 0x85, 0xc0,
  0x74, 0x42, 0x48, 0x8b, 0x35, 0xff, 0x06, 0x01, 0x00, 0x48, 0x8b, 0x3d,
  0x08, 0x09, 0x01, 0x00, 0x48, 0x89, 0xc2, 0xe8, 0xc0, 0xe3, 0xff, 0xff,
  0x85, 0xc0, 0x78, 0x4f, 0x48, 0xff, 0x4d, 0x00, 0x0f, 0x85, 0x01, 0xee,
  0xff, 0xff, 0x48, 0x89, 0xef, 0xe8, 0x6a, 0xe0, 0xff, 0xff, 0xe9, 0xf4,
  0xed, 0xff, 0xff, 0x41, 0xbd, 0x0e, 0x17, 0x00, 0x00, 0x41, 0xbc, 0x0a,
  0x00, 0x00, 0x00, 0xe9, 0x73, 0xed, 0xff, 0xff, 0x41, 0xbd, 0x24, 0x17,
  0x00, 0x00, 0xe9, 0x68, 0xed, 0xff, 0xff, 0x41, 0xbd, 0x04, 0x17, 0x00,
  0x00, 0x41, 0xbc, 0x03, 0x00, 0x00, 0x00, 0xeb, 0x14, 0x41, 0xbd, 0x13,
  0x17, 0x00, 0x00, 0x41, 0xbc, 0x0a, 0x00, 0x00, 0x00, 0xeb, 0x06, 0x41,
  0xbd, 0x26, 0x17, 0x00, 0x00, 0x48, 0xff, 0x4d, 0x00, 0x0f, 0x85, 0x3c,
  0xed, 0xff, 0xff, 0x48, 0x89, 0xef, 0xe8, 0x15, 0xe0, 0xff, 0xff, 0xe9,
  0x2f, 0xed, 0xff, 0xff, 0x48, 0x8d, 0x0d, 0xb7, 0xbe, 0x00, 0x00, 0x44,
  0x89, 0xf2, 0x89, 0xee, 0x41, 0xbd, 0x1d, 0x17, 0x00, 0x00, 0x48, 0x8d,
  0x3d, 0xb2, 0xbe, 0x00, 0x00, 0x41, 0xbc, 0x0c, 0x00, 0x00, 0x00, 0xe8,
  0xdc, 0x16, 0x00, 0x00, 0xe9, 0x06, 0xed, 0xff, 0xff, 0x45, 0x31, 0xed,
  0x45, 0x31, 0xe4, 0xbd, 0x03, 0x12, 0x00, 0x00, 0x41, 0xbe, 0xaf, 0x03,
  0x00, 0x00, 0xe9, 0xd5, 0xfe, 0xff, 0xff, 0x48, 0x8b, 0x35, 0x6a, 0x06,
  0x01, 0x00, 0x48, 0x89, 0xc7, 0x45, 0x31, 0xe4, 0xe8, 0x2e, 0xe5, 0xff,
  0xff, 0x85, 0xc0, 0x0f, 0x85, 0xc0, 0xf2, 0xff, 0xff, 0xe9, 0x15, 0xf3,
  0xff, 0xff, 0x48, 0x81, 0xc4, 0x18, 0x01, 0x00, 0x00, 0x5b, 0x5d, 0x41,
  0x5c, 0x41, 0x5d, 0x41, 0x5e, 0x41, 0x5f, 0xc3, 0x48, 0x8d, 0x3d, 0x29,
  0x01, 0x01, 0x00, 0xe9, 0xf4, 0xde, 0xff, 0xff, 0x0f, 0x1f, 0x40, 0x00,
  0x48, 0x8d, 0x3d, 0x79, 0x04, 0x01, 0x00, 0x48, 0x8d, 0x05, 0x72, 0x04,
  0x01, 0x00, 0x48, 0x39, 0xf8, 0x74, 0x15, 0x48, 0x8b, 0x05, 0x56, 0xed,
  0x00, 0x00, 0x48, 0x85, 0xc0, 0x74, 0x09, 0xff, 0xe0, 0x0f, 0x1f, 0x80,
  0x00, 0x00, 0x00, 0x00, 0xc3, 0x0f, 0x1f, 0x80, 0x00, 0x00, 0x00, 0x00,
  0x48, 0x8d, 0x3d, 0x49, 0x04, 0x01, 0x00, 0x48, 0x8d, 0x35, 0x42, 0x04,
  0x01, 0x00, 0x48, 0x29, 0xfe, 0x48, 0x89, 0xf0, 0x48, 0xc1, 0xee, 0x3f,
  0x48, 0xc1, 0xf8, 0x03, 0x48, 0x01, 0xc6, 0x48, 0xd1, 0xfe, 0x74, 0x14,
  0x48, 0x8b, 0x05, 0xc5, 0xed, 0x00, 0x00, 0x48, 0x85, 0xc0, 0x74, 0x08,
  0xff, 0xe0, 0x66, 0x0f, 0x1f, 0x44, 0x00, 0x00, 0xc3, 0x0f, 0x1f, 0x80,
  0x00, 0x00, 0x00, 0x00, 0x80, 0x3d, 0x09, 0x04, 0x01, 0x00, 0x00, 0x75,
  0x2f, 0x55, 0x48, 0x83, 0x3d, 0xae, 0xed, 0x00, 0x00, 0x00, 0x48, 0x89,
  0xe5, 0x74, 0x0c, 0x48, 0x8d, 0x3d, 0xe2, 0xea, 0x00, 0x00, 0xe8, 0x1d,
  0xe3, 0xff, 0xff, 0xe8, 0x68, 0xff, 0xff, 0xff, 0xc6, 0x05, 0xe1, 0x03,
  0x01, 0x00, 0x01, 0x5d, 0xc3, 0x0f, 0x1f, 0x80, 0x00, 0x00, 0x00, 0x00,
  0xc3, 0x0f, 0x1f, 0x80, 0x00, 0x00, 0x00, 0x00, 0xe9, 0x7b, 0xff, 0xff,
  0xff, 0x66, 0x2e, 0x0f, 0x1f, 0x84, 0x00, 0x00, 0x00, 0x00, 0x00, 0x90,
  0x48, 0x8b, 0x05, 0x11, 0xed, 0x00, 0x00, 0x66, 0x0f, 0xef, 0xc0, 0xc7,
  0x47, 0x78, 0x04, 0x00, 0x00, 0x00, 0x48, 0xc7, 0x87, 0xa0, 0x00, 0x00,
  0x00, 0x00, 0x00, 0x00, 0x00, 0x48, 0x83, 0x00, 0x01, 0x0f, 0x11, 0x87,
  0x80, 0x00, 0x00, 0x00, 0x0f, 0x11, 0x87, 0x90, 0x00, 0x00, 0x00, 0xc3,
  0x48, 0x83, 0xec, 0x08, 0x48, 0x8b, 0x05, 0xd5, 0x06, 0x01, 0x00, 0xff,
  0x90, 0x38, 0x01, 0x00, 0x00, 0x48, 0x85, 0xc0, 0x74, 0x0b, 0x48, 0x8b,
  0x15, 0xe3, 0x06, 0x01, 0x00, 0x48, 0x89, 0x50, 0x60, 0x48, 0x83, 0xc4,
  0x08, 0xc3, 0x66, 0x2e, 0x0f, 0x1f, 0x84, 0x00, 0x00, 0x00, 0x00, 0x00,
  0x48, 0x8b, 0x47, 0x08, 0x48, 0x8b, 0x80, 0x90, 0x00, 0x00, 0x00, 0x48,
  0x85, 0xc0, 0x74, 0x08, 0xff, 0xe0, 0x66, 0x0f, 0x1f, 0x44, 0x00, 0x00,
  0xe9, 0x23, 0xe2, 0xff, 0xff, 0x0f, 0x1f, 0x00, 0x55, 0x48, 0x8b, 0x47,
  0x08, 0x48, 0x89, 0xfd, 0x4c, 0x8b, 0x40, 0x18, 0xf6, 0x80, 0xab, 0x00,
  0x00, 0x00, 0x01, 0x74, 0x33, 0x48, 0x8b, 0x05, 0x44, 0xec, 0x00, 0x00,
  0x4c, 0x89, 0xc1, 0xbe, 0x01, 0x00, 0x00, 0x00, 0x48, 0x8d, 0x15, 0xd5,
  0x9c, 0x00, 0x00, 0x48, 0x8b, 0x38, 0x31, 0xc0, 0xe8, 0x2b, 0xe2, 0xff,
  0xff, 0x41, 0x89, 0xc0, 0x48, 0x89, 0xe8, 0x45, 0x85, 0xc0, 0x75, 0x26,
  0x5d, 0xc3, 0x66, 0x0f, 0x1f, 0x44, 0x00, 0x00, 0x48, 0x8b, 0x05, 0x19,
  0xec, 0x00, 0x00, 0x48, 0x89, 0xf2, 0x48, 0x89, 0xf1, 0x48, 0x8d, 0x35,
  0x4c, 0x9d, 0x00, 0x00, 0x48, 0x8b, 0x38, 0x31, 0xc0, 0xe8, 0x7a, 0xe1,
  0xff, 0xff, 0x48, 0x83, 0x6d, 0x00, 0x01, 0x74, 0x0b, 0x31, 0xc0, 0x5d,
  0xc3, 0x0f, 0x1f, 0x80, 0x00, 0x00, 0x00, 0x00, 0x48, 0x89, 0xef, 0xe8,
  0xd0, 0xdd, 0xff, 0xff, 0x31, 0xc0, 0xeb, 0xeb, 0x66, 0x66, 0x2e, 0x0f,
  0x1f, 0x84, 0x00, 0x00, 0x00, 0x00, 0x00, 0x90, 0x41, 0x54, 0x55, 0x48,
  0x89, 0xf5, 0x48, 0x83, 0xec, 0x08, 0xe8, 0x21, 0xe2, 0xff, 0xff, 0x49,
  0x89, 0xc4, 0x48, 0x85, 0xc0, 0x74, 0x19, 0x48, 0x83, 0x00, 0x01, 0x48,
  0x83, 0xc4, 0x08, 0x4c, 0x89, 0xe0, 0x5d, 0x41, 0x5c, 0xc3, 0x66, 0x2e,
  0x0f, 0x1f, 0x84, 0x00, 0x00, 0x00, 0x00, 0x00, 0xe8, 0x8b, 0xdf, 0xff,
  0xff, 0x48, 0x85, 0xc0, 0x75, 0xe1, 0x48, 0x8b, 0x45, 0x08, 0x48, 0x89,
  0xee, 0xf6, 0x80, 0xab, 0x00, 0x00, 0x00, 0x04, 0x75, 0x11, 0x48, 0x8b,
  0x05, 0x8f, 0xeb, 0x00, 0x00, 0x48, 0x8b, 0x38, 0xe8, 0x87, 0xdd, 0xff,
  0xff, 0xeb, 0xc0, 0xbf, 0x01, 0x00, 0x00, 0x00, 0x31, 0xc0, 0xe8, 0x89,
  0xe1, 0xff, 0xff, 0x48, 0x89, 0xc5, 0x48, 0x85, 0xc0, 0x74, 0xac, 0x48,
  0x89, 0xc6, 0x48, 0x8b, 0x05, 0x67, 0xeb, 0x00, 0x00, 0x48, 0x8b, 0x38,
  0xe8, 0x5f, 0xdd, 0xff, 0xff, 0x48, 0x83, 0x6d, 0x00, 0x01, 0x75, 0x93,
  0x48, 0x89, 0xef, 0xe8, 0x30, 0xdd, 0xff, 0xff, 0xeb, 0x89, 0x66, 0x66,
  0x2e, 0x0f, 0x1f, 0x84, 0x00, 0x00, 0x00, 0x00, 0x00, 0x0f, 0x1f, 0x00,
  0x55, 0x48, 0x83, 0xec, 0x10, 0x48, 0x8b, 0x47, 0x08, 0xf6, 0x80, 0xab,
  0x00, 0x00, 0x00, 0x01, 0x0f, 0x84, 0xea, 0x00, 0x00, 0x00, 0x48, 0x8b,
  0x47, 0x10, 0x48, 0x83, 0xc0, 0x02, 0x48, 0x83, 0xf8, 0x04, 0x0f, 0x87,
  0xa3, 0x00, 0x00, 0x00, 0x48, 0x8d, 0x15, 0x81, 0xbc, 0x00, 0x00, 0x48,
  0x63, 0x04, 0x82, 0x48, 0x01, 0xd0, 0xff, 0xe0, 0x0f, 0x1f, 0x84, 0x00,
  0x00, 0x00, 0x00, 0x00, 0x31, 0xc0, 0x48, 0x83, 0xc4, 0x10, 0x5d, 0xc3,
  0x0f, 0x1f, 0x84, 0x00, 0x00, 0x00, 0x00, 0x00, 0x8b, 0x47, 0x18, 0x48,
  0x83, 0xc4, 0x10, 0x5d, 0xc3, 0x0f, 0x1f, 0x80, 0x00, 0x00, 0x00, 0x00,
  0x8b, 0x57, 0x1c, 0x8b, 0x47, 0x18, 0x48, 0xc1, 0xe2, 0x1e, 0x48, 0x09,
  0xc2, 0x48, 0x63, 0xca, 0x89, 0xd0, 0x48, 0x39, 0xd1, 0x74, 0xcb, 0x48,
  0x8b, 0x05, 0xe2, 0xea, 0x00, 0x00, 0x48, 0x8d, 0x35, 0xa3, 0x9e, 0x00,
  0x00, 0x48, 0x8b, 0x38, 0xe8, 0x33, 0xdd, 0xff, 0xff, 0xb8, 0xff, 0xff,
  0xff, 0xff, 0xeb, 0xae, 0x0f, 0x1f, 0x40, 0x00, 0x8b, 0x57, 0x1c, 0x8b,
  0x47, 0x18, 0x48, 0xc1, 0xe2, 0x1e, 0x48, 0x09, 0xc2, 0x48, 0xf7, 0xda,
  0x48, 0x63, 0xca, 0x89, 0xd0, 0x48, 0x39, 0xd1, 0x75, 0xc5, 0x48, 0x83,
  0xc4, 0x10, 0x5d, 0xc3, 0x0f, 0x1f, 0x84, 0x00, 0x00, 0x00, 0x00, 0x00,
  0x8b, 0x47, 0x18, 0x48, 0x83, 0xc4, 0x10, 0x5d, 0xf7, 0xd8, 0xc3, 0xe8,
  0x60, 0xde, 0xff, 0xff, 0x48, 0x63, 0xc8, 0x48, 0x39, 0xc8, 0x0f, 0x84,
  0x66, 0xff, 0xff, 0xff, 0x48, 0x83, 0xf8, 0xff, 0x75, 0x95, 0xe8, 0x39,
  0xde, 0xff, 0xff, 0x48, 0x85, 0xc0, 0x74, 0x8b, 0xb8, 0xff, 0xff, 0xff,
  0xff, 0xe9, 0x4c, 0xff, 0xff, 0xff, 0x66, 0x2e, 0x0f, 0x1f, 0x84, 0x00,
  0x00, 0x00, 0x00, 0x00, 0x48, 0x8b, 0x40, 0x60, 0x48, 0x85, 0xc0, 0x74,
  0x6b, 0x48, 0x8b, 0x80, 0x80, 0x00, 0x00, 0x00, 0x48, 0x85, 0xc0, 0x74,
  0x5f, 0xff, 0xd0, 0x48, 0x89, 0xc5, 0x48, 0x85, 0xc0, 0x74, 0x55, 0x48,
  0x8b, 0x05, 0x62, 0xea, 0x00, 0x00, 0x48, 0x39, 0x45, 0x08, 0x75, 0x2c,
  0x0f, 0x1f, 0x40, 0x00, 0x48, 0x89, 0xef, 0xe8, 0xc8, 0xfe, 0xff, 0xff,
  0x48, 0x83, 0x6d, 0x00, 0x01, 0x0f, 0x85, 0xff, 0xfe, 0xff, 0xff, 0x48,
  0x89, 0xef, 0x89, 0x44, 0x24, 0x0c, 0xe8, 0xd1, 0xdb, 0xff, 0xff, 0x8b,
  0x44, 0x24, 0x0c, 0xe9, 0xea, 0xfe, 0xff, 0xff, 0x48, 0x89, 0xef, 0x48,
  0x8d, 0x35, 0x03, 0xba, 0x00, 0x00, 0xe8, 0x69, 0xfd, 0xff, 0xff, 0x48,
  0x89, 0xc5, 0x48, 0x85, 0xc0, 0x75, 0xc1, 0xe9, 0x78, 0xff, 0xff, 0xff,
  0xe8, 0xa7, 0xdd, 0xff, 0xff, 0x48, 0x85, 0xc0, 0x0f, 0x85, 0x6a, 0xff,
  0xff, 0xff, 0x48, 0x8b, 0x05, 0xaf, 0xe9, 0x00, 0x00, 0x48, 0x8d, 0x35,
  0x46, 0xb8, 0x00, 0x00, 0x48, 0x8b, 0x38, 0xe8, 0x28, 0xdc, 0xff, 0xff,
  0xe9, 0x4f, 0xff, 0xff, 0xff, 0x0f, 0x1f, 0x00, 0x48, 0x83, 0xec, 0x08,
  0x48, 0x8b, 0x05, 0xb5, 0x03, 0x01, 0x00, 0x48, 0x85, 0xc0, 0x74, 0x18,
  0x48, 0x8b, 0x80, 0xc0, 0x00, 0x00, 0x00, 0x48, 0x85, 0xc0, 0x74, 0x02,
  0xff, 0xd0, 0x31, 0xc0, 0x48, 0x83, 0xc4, 0x08, 0xc3, 0x0f, 0x1f, 0x00,
  0x48, 0x8b, 0x47, 0x08, 0x48, 0x8d, 0x0d, 0xcd, 0xff, 0xff, 0xff, 0x48,
  0x85, 0xc0, 0x75, 0x0d, 0xeb, 0xe4, 0x66, 0x0f, 0x1f, 0x44, 0x00, 0x00,
  0x48, 0x85, 0xc0, 0x74, 0xd9, 0x48, 0x8b, 0xb0, 0xc0, 0x00, 0x00, 0x00,
  0x48, 0x89, 0xc2, 0x48, 0x8b, 0x80, 0x00, 0x01, 0x00, 0x00, 0x48, 0x39,
  0xce, 0x75, 0xe5, 0x0f, 0x1f, 0x44, 0x00, 0x00, 0x48, 0x8b, 0x92, 0x00,
  0x01, 0x00, 0x00, 0x48, 0x85, 0xd2, 0x74, 0xb2, 0x48, 0x8b, 0x82, 0xc0,
  0x00, 0x00, 0x00, 0x48, 0x39, 0xc8, 0x74, 0xe8, 0x48, 0x85, 0xc0, 0x75,
  0x9f, 0xeb, 0x9f, 0x90, 0x48, 0x8b, 0x05, 0x39, 0x03, 0x01, 0x00, 0x49,
  0x89, 0xd0, 0x48, 0x85, 0xc0, 0x74, 0x11, 0x48, 0x8b, 0x80, 0xb8, 0x00,
  0x00, 0x00, 0x48, 0x85, 0xc0, 0x74, 0x5a, 0x4c, 0x89, 0xc2, 0xff, 0xe0,
  0x48, 0x8b, 0x47, 0x08, 0x48, 0x8d, 0x0d, 0xd5, 0xff, 0xff, 0xff, 0x48,
  0x85, 0xc0, 0x75, 0x0d, 0xeb, 0x43, 0x66, 0x0f, 0x1f, 0x44, 0x00, 0x00,
  0x48, 0x85, 0xc0, 0x74, 0x38, 0x4c, 0x8b, 0x88, 0xb8, 0x00, 0x00, 0x00,
  0x48, 0x89, 0xc2, 0x48, 0x8b, 0x80, 0x00, 0x01, 0x00, 0x00, 0x49, 0x39,
  0xc9, 0x75, 0xe5, 0x0f, 0x1f, 0x44, 0x00, 0x00, 0x48, 0x8b, 0x92, 0x00,
  0x01, 0x00, 0x00, 0x48, 0x85, 0xd2, 0x74, 0x11, 0x48, 0x8b, 0x82, 0xb8,
  0x00, 0x00, 0x00, 0x48, 0x39, 0xc8, 0x74, 0xe8, 0x48, 0x85, 0xc0, 0x75,
  0xa6, 0x31, 0xc0, 0xc3, 0x0f, 0x1f, 0x84, 0x00, 0x00, 0x00, 0x00, 0x00,
  0x55, 0x48, 0x8b, 0x47, 0x08, 0x48, 0x89, 0xfd, 0xf6, 0x80, 0xa8, 0x00,
  0x00, 0x00, 0x01, 0x75, 0x2f, 0x48, 0x89, 0xef, 0xe8, 0xc7, 0xde, 0xff,
  0xff, 0x48, 0x89, 0xef, 0xe8, 0xdf, 0xda, 0xff, 0xff, 0x48, 0x8b, 0x05,
  0x98, 0x02, 0x01, 0x00, 0x48, 0x85, 0xc0, 0x74, 0x3b, 0x48, 0x89, 0xef,
  0x48, 0x8b, 0x40, 0x30, 0x5d, 0xff, 0xe0, 0x66, 0x0f, 0x1f, 0x84, 0x00,
  0x00, 0x00, 0x00, 0x00, 0x48, 0x83, 0xb8, 0x88, 0x01, 0x00, 0x00, 0x00,
  0x74, 0xc7, 0xe8, 0xf1, 0xdc, 0xff, 0xff, 0x85, 0xc0, 0x75, 0xbe, 0x48,
  0x89, 0xef, 0xe8, 0x35, 0xdb, 0xff, 0xff, 0x85, 0xc0, 0x74, 0xb2, 0x5d,
  0xc3, 0x0f, 0x1f, 0x80, 0x00, 0x00, 0x00, 0x00, 0x48, 0x8b, 0x45, 0x08,
  0x48, 0x8d, 0x0d, 0x8d, 0xff, 0xff, 0xff, 0x48, 0x85, 0xc0, 0x75, 0x0d,
  0xeb, 0xe5, 0x66, 0x0f, 0x1f, 0x44, 0x00, 0x00, 0x48, 0x85, 0xc0, 0x74,
  0xda, 0x48, 0x8b, 0x70, 0x30, 0x48, 0x89, 0xc2, 0x48, 0x8b, 0x80, 0x00,
  0x01, 0x00, 0x00, 0x48, 0x39, 0xce, 0x75, 0xe8, 0x0f, 0x1f, 0x84, 0x00,
  0x00, 0x00, 0x00, 0x00, 0x48, 0x8b, 0x92, 0x00, 0x01, 0x00, 0x00, 0x48,
  0x85, 0xd2, 0x74, 0xb3, 0x48, 0x8b, 0x42, 0x30, 0x48, 0x39, 0xc8, 0x74,
  0xeb, 0x48, 0x89, 0xef, 0x5d, 0xff, 0xe0, 0x0f, 0x1f, 0x44, 0x00, 0x00,
  0x41, 0x57, 0x41, 0x56, 0x41, 0x55, 0x41, 0x54, 0x49, 0x89, 0xfc, 0x55,
  0x48, 0x89, 0xf5, 0x53, 0x48, 0x8d, 0x1c, 0xce, 0x48, 0x83, 0xec, 0x48,
  0x48, 0x89, 0x54, 0x24, 0x08, 0x4c, 0x8d, 0x7c, 0x24, 0x30, 0x4c, 0x8d,
  0x74, 0x24, 0x28, 0x4c, 0x89, 0x44, 0x24, 0x18, 0x4c, 0x8d, 0x6c, 0x24,
  0x38, 0x48, 0xc7, 0x44, 0x24, 0x28, 0x00, 0x00, 0x00, 0x00, 0x48, 0xc7,
  0x44, 0x24, 0x30, 0x00, 0x00, 0x00, 0x00, 0x48, 0xc7, 0x44, 0x24, 0x38,
  0x00, 0x00, 0x00, 0x00, 0x0f, 0x1f, 0x40, 0x00, 0x4c, 0x89, 0xf9, 0x4c,
  0x89, 0xf2, 0x4c, 0x89, 0xee, 0x4c, 0x89, 0xe7, 0xe8, 0x3f, 0xdc, 0xff,
  0xff, 0x85, 0xc0, 0x0f, 0x84, 0x13, 0x01, 0x00, 0x00, 0x48, 0x8b, 0x0b,
  0x48, 0x8b, 0x74, 0x24, 0x28, 0x48, 0x85, 0xc9, 0x0f, 0x84, 0x8c, 0x01,
  0x00, 0x00, 0x48, 0x89, 0xca, 0x48, 0x89, 0xd8, 0xeb, 0x13, 0x66, 0x0f,
  0x1f, 0x44, 0x00, 0x00, 0x48, 0x8b, 0x50, 0x08, 0x48, 0x83, 0xc0, 0x08,
  0x48, 0x85, 0xd2, 0x74, 0x1b, 0x48, 0x39, 0x32, 0x75, 0xee, 0x48, 0x8b,
  0x54, 0x24, 0x30, 0x48, 0x8b, 0x7c, 0x24, 0x08, 0x48, 0x29, 0xe8, 0x48,
  0x89, 0x14, 0x07, 0xeb, 0xa3, 0x0f, 0x1f, 0x00, 0x48, 0x8b, 0x46, 0x08,
  0xf6, 0x80, 0xab, 0x00, 0x00, 0x00, 0x10, 0x0f, 0x84, 0x56, 0x01, 0x00,
  0x00, 0x48, 0x89, 0xda, 0xeb, 0x25, 0x66, 0x2e, 0x0f, 0x1f, 0x84, 0x00,
  0x00, 0x00, 0x00, 0x00, 0x48, 0x8b, 0x46, 0x10, 0x48, 0x39, 0x47, 0x10,
  0x0f, 0x84, 0xb2, 0x00, 0x00, 0x00, 0x48, 0x8b, 0x4a, 0x08, 0x48, 0x83,
  0xc2, 0x08, 0x48, 0x85, 0xc9, 0x74, 0x35, 0x48, 0x8b, 0x39, 0x48, 0x39,
  0xf7, 0x75, 0xdd, 0x48, 0x8b, 0x4c, 0x24, 0x30, 0x48, 0x8b, 0x7c, 0x24,
  0x08, 0x48, 0x89, 0xd0, 0x48, 0x29, 0xe8, 0x48, 0x89, 0x0c, 0x07, 0x48,
  0x83, 0x3a, 0x00, 0x0f, 0x85, 0x3f, 0xff, 0xff, 0xff, 0x48, 0x8b, 0x74,
  0x24, 0x28, 0x66, 0x2e, 0x0f, 0x1f, 0x84, 0x00, 0x00, 0x00, 0x00, 0x00,
  0x48, 0x39, 0xdd, 0x75, 0x26, 0xe9, 0xc8, 0x00, 0x00, 0x00, 0x66, 0x0f,
  0x1f, 0x44, 0x00, 0x00, 0x48, 0x8b, 0x46, 0x10, 0x48, 0x39, 0x47, 0x10,
  0x0f, 0x84, 0x93, 0x00, 0x00, 0x00, 0x48, 0x83, 0xc5, 0x08, 0x48, 0x39,
  0xeb, 0x0f, 0x84, 0xa7, 0x00, 0x00, 0x00, 0x48, 0x8b, 0x45, 0x00, 0x48,
  0x8b, 0x38, 0x48, 0x39, 0xf7, 0x75, 0xd9, 0x48, 0x8b, 0x54, 0x24, 0x18,
  0x48, 0x89, 0xf1, 0x48, 0x8d, 0x35, 0x8a, 0x9a, 0x00, 0x00, 0x48, 0x8b,
  0x05, 0x6b, 0xe6, 0x00, 0x00, 0x48, 0x8b, 0x38, 0x31, 0xc0, 0xe8, 0xd9,
  0xdb, 0xff, 0xff, 0xb8, 0xff, 0xff, 0xff, 0xff, 0x48, 0x83, 0xc4, 0x48,
  0x5b, 0x5d, 0x41, 0x5c, 0x41, 0x5d, 0x41, 0x5e, 0x41, 0x5f, 0xc3, 0x0f,
  0x1f, 0x44, 0x00, 0x00, 0x48, 0x89, 0x54, 0x24, 0x10, 0xe8, 0xc6, 0xda,
  0xff, 0xff, 0x48, 0x8b, 0x54, 0x24, 0x10, 0x85, 0xc0, 0x78, 0x15, 0x0f,
  0x84, 0x4a, 0xff, 0xff, 0xff, 0x48, 0x8b, 0x74, 0x24, 0x28, 0xe9, 0x2b,
  0xff, 0xff, 0xff, 0x0f, 0x1f, 0x44, 0x00, 0x00, 0xe8, 0x03, 0xda, 0xff,
  0xff, 0x48, 0x85, 0xc0, 0x75, 0xb5, 0x48, 0x8b, 0x74, 0x24, 0x28, 0x48,
  0x8b, 0x54, 0x24, 0x10, 0xe9, 0x0d, 0xff, 0xff, 0xff, 0xe8, 0x8a, 0xda,
  0xff, 0xff, 0x85, 0xc0, 0x78, 0x6e, 0x48, 0x8b, 0x74, 0x24, 0x28, 0x0f,
  0x84, 0x72, 0xff, 0xff, 0xff, 0x48, 0x83, 0xc5, 0x08, 0x48, 0x39, 0xeb,
  0x0f, 0x85, 0x59, 0xff, 0xff, 0xff, 0x48, 0x89, 0xf1, 0x48, 0x8b, 0x54,
  0x24, 0x18, 0x48, 0x8d, 0x35, 0x4f, 0x9a, 0x00, 0x00, 0xe9, 0x60, 0xff,
  0xff, 0xff, 0x48, 0x8b, 0x46, 0x08, 0xf6, 0x80, 0xab, 0x00, 0x00, 0x00,
  0x10, 0x0f, 0x85, 0x09, 0xff, 0xff, 0xff, 0x48, 0x8b, 0x05, 0xba, 0xe5,
  0x00, 0x00, 0x48, 0x8b, 0x54, 0x24, 0x18, 0x48, 0x8d, 0x35, 0xfe, 0x99,
  0x00, 0x00, 0x48, 0x8b, 0x38, 0x31, 0xc0, 0xe8, 0x1c, 0xdb, 0xff, 0xff,
  0x48, 0x83, 0xc4, 0x48, 0xb8, 0xff, 0xff, 0xff, 0xff, 0x5b, 0x5d, 0x41,
  0x5c, 0x41, 0x5d, 0x41, 0x5e, 0x41, 0x5f, 0xc3, 0xe8, 0x73, 0xd9, 0xff,
  0xff, 0x48, 0x85, 0xc0, 0x0f, 0x85, 0x21, 0xff, 0xff, 0xff, 0x48, 0x8b,
  0x74, 0x24, 0x28, 0xe9, 0xde, 0xfe, 0xff, 0xff, 0x41, 0x55, 0x41, 0x54,
  0x55, 0x48, 0x89, 0xfd, 0x48, 0x8b, 0x7f, 0x08, 0x48, 0x8b, 0x87, 0xa8,
  0x00, 0x00, 0x00, 0xa9, 0x00, 0x00, 0x00, 0x40, 0x75, 0x76, 0xa9, 0x00,
  0x00, 0x00, 0x80, 0x74, 0x7f, 0xf6, 0x85, 0xab, 0x00, 0x00, 0x00, 0x40,
  0x74, 0x76, 0x31, 0xff, 0xe8, 0xdf, 0xd8, 0xff, 0xff, 0x49, 0x89, 0xc5,
  0x48, 0x85, 0xc0, 0x74, 0x4f, 0x31, 0xd2, 0x48, 0x89, 0xc6, 0x48, 0x89,
  0xef, 0xe8, 0x6a, 0xda, 0xff, 0xff, 0x49, 0x83, 0x6d, 0x00, 0x01, 0x49,
  0x89, 0xc4, 0x74, 0x70, 0x4d, 0x85, 0xe4, 0x74, 0x33, 0x49, 0x8b, 0x4c,
  0x24, 0x08, 0xf6, 0x81, 0xab, 0x00, 0x00, 0x00, 0x40, 0x74, 0x6d, 0x4c,
  0x89, 0xe6, 0x48, 0x89, 0xef, 0xe8, 0x12, 0xd7, 0xff, 0xff, 0x66, 0x90,
  0x49, 0x83, 0x2c, 0x24, 0x01, 0x75, 0x11, 0x5d, 0x4c, 0x89, 0xe7, 0x41,
  0x5c, 0x41, 0x5d, 0xe9, 0xdc, 0xd6, 0xff, 0xff, 0x0f, 0x1f, 0x40, 0x00,
  0x5d, 0x41, 0x5c, 0x41, 0x5d, 0xc3, 0x66, 0x90, 0x48, 0x89, 0xee, 0x5d,
  0x41, 0x5c, 0x41, 0x5d, 0xe9, 0xe3, 0xd6, 0xff, 0xff, 0x0f, 0x1f, 0x00,
  0x48, 0x8b, 0x05, 0xd1, 0xe4, 0x00, 0x00, 0x5d, 0x48, 0x8d, 0x35, 0xb9,
  0x99, 0x00, 0x00, 0x41, 0x5c, 0x41, 0x5d, 0x48, 0x8b, 0x38, 0xe9, 0x45,
  0xd7, 0xff, 0xff, 0x0f, 0x1f, 0x44, 0x00, 0x00, 0x4c, 0x89, 0xef, 0xe8,
  0x98, 0xd6, 0xff, 0xff, 0xeb, 0x86, 0x66, 0x0f, 0x1f, 0x44, 0x00, 0x00,
  0x48, 0x8b, 0x05, 0xa1, 0xe4, 0x00, 0x00, 0x48, 0x89, 0xea, 0x48, 0x8d,
  0x35, 0x3f, 0x99, 0x00, 0x00, 0x48, 0x8b, 0x38, 0x31, 0xc0, 0xe8, 0x05,
  0xda, 0xff, 0xff, 0xeb, 0x83, 0x0f, 0x1f, 0x00, 0x8b, 0x47, 0x38, 0x85,
  0xc0, 0x0f, 0x85, 0x85, 0x00, 0x00, 0x00, 0x8b, 0x47, 0x10, 0x41, 0x57,
  0x41, 0x56, 0x41, 0x55, 0x41, 0x54, 0x55, 0x53, 0x83, 0xf8, 0x03, 0x7e,
  0x43, 0x48, 0x8b, 0x07, 0x48, 0x83, 0x00, 0x01, 0x4c, 0x8b, 0x17, 0x49,
  0x8b, 0x1a, 0x48, 0x85, 0xdb, 0x75, 0x7c, 0x49, 0x83, 0x42, 0x08, 0x01,
  0x4c, 0x8b, 0x17, 0x4d, 0x8b, 0x42, 0x08, 0x4d, 0x85, 0xc0, 0x0f, 0x85,
  0xe4, 0x02, 0x00, 0x00, 0x49, 0x83, 0x42, 0x10, 0x01, 0x4c, 0x8b, 0x17,
  0x4d, 0x8b, 0x72, 0x10, 0x4d, 0x85, 0xf6, 0x74, 0x4b, 0x49, 0x8b, 0x1a,
  0x4d, 0x8b, 0x42, 0x08, 0xeb, 0x55, 0x66, 0x90, 0x48, 0x63, 0xd0, 0x83,
  0xc0, 0x01, 0x4c, 0x8b, 0x74, 0xd7, 0x18, 0x89, 0x47, 0x10, 0x4c, 0x89,
  0xf0, 0x5b, 0x5d, 0xc7, 0x47, 0x38, 0x01, 0x00, 0x00, 0x00, 0x48, 0xc1,
  0xe8, 0x20, 0x41, 0x5c, 0x41, 0x5d, 0x89, 0x47, 0x3c, 0x44, 0x89, 0xf0,
  0x41, 0x5e, 0x41, 0x5f, 0xc3, 0x0f, 0x1f, 0x00, 0xc7, 0x47, 0x38, 0x00,
  0x00, 0x00, 0x00, 0x8b, 0x47, 0x3c, 0xc3, 0x0f, 0x1f, 0x44, 0x00, 0x00,
  0x49, 0x83, 0x42, 0x18, 0x01, 0x4c, 0x8b, 0x17, 0x49, 0x8b, 0x1a, 0x4d,
  0x8b, 0x42, 0x08, 0x4d, 0x8b, 0x72, 0x10, 0x48, 0x8b, 0x57, 0x08, 0x48,
  0x89, 0xd8, 0x48, 0xbd, 0x93, 0x6c, 0x4c, 0xe1, 0x0e, 0x47, 0xe7, 0xd2,
  0x48, 0xbb, 0x57, 0x11, 0x12, 0x95, 0x63, 0x82, 0x5a, 0xca, 0x48, 0x8b,
  0x0a, 0x48, 0x8b, 0x72, 0x08, 0x48, 0xf7, 0xe5, 0x49, 0x31, 0xc8, 0x49,
  0x89, 0xc4, 0x4c, 0x89, 0xf0, 0x49, 0x89, 0xd5, 0x48, 0xf7, 0xe3, 0x49,
  0x31, 0xd0, 0x49, 0x89, 0xc6, 0x4c, 0x89, 0xc0, 0x48, 0xf7, 0xe5, 0x49,
  0x89, 0xc0, 0x49, 0x8b, 0x42, 0x18, 0x49, 0x89, 0xd1, 0xc7, 0x47, 0x10,
  0x01, 0x00, 0x00, 0x00, 0x48, 0x31, 0xf0, 0x49, 0x89, 0xc2, 0x4d, 0x31,
  0xea, 0x4c, 0x89, 0xd0, 0x48, 0xf7, 0xe3, 0x49, 0x89, 0xc2, 0x48, 0xb8,
  0x15, 0x7c, 0x4a, 0x7f, 0xb9, 0x79, 0x37, 0x9e, 0x48, 0x01, 0xc8, 0x49,
  0x31, 0xc6, 0x49, 0x31, 0xd6, 0x4c, 0x89, 0xf0, 0x48, 0xf7, 0xe5, 0x49,
  0x89, 0xc6, 0x49, 0x89, 0xd7, 0x48, 0xb8, 0x3b, 0xa7, 0xca, 0x84, 0x85,
  0xae, 0x67, 0xbb, 0x48, 0x01, 0xf0, 0x49, 0x31, 0xc4, 0x4d, 0x31, 0xcc,
  0x4c, 0x89, 0xe0, 0x48, 0xf7, 0xe3, 0x49, 0x89, 0xc4, 0x48, 0xb8, 0x2a,
  0xf8, 0x94, 0xfe, 0x72, 0xf3, 0x6e, 0x3c, 0x48, 0x01, 0xc8, 0x49, 0x31,
  0xc2, 0x49, 0x31, 0xd2, 0x4c, 0x89, 0xd0, 0x48, 0xf7, 0xe5, 0x49, 0x89,
  0xc2, 0x49, 0x89, 0xd3, 0x48, 0xb8, 0x76, 0x4e, 0x95, 0x09, 0x0b, 0x5d,
  0xcf, 0x76, 0x48, 0x01, 0xf0, 0x49, 0x31, 0xc0, 0x4d, 0x31, 0xf8, 0x4c,
  0x89, 0xc0, 0x48, 0xf7, 0xe3, 0x49, 0x89, 0xc0, 0x48, 0xb8, 0x3f, 0x74,
  0xdf, 0x7d, 0x2c, 0x6d, 0xa6, 0xda, 0x48, 0x01, 0xc8, 0x49, 0x31, 0xc4,
  0x49, 0x31, 0xd4, 0x4c, 0x89, 0xe0, 0x48, 0xf7, 0xe5, 0x49, 0x89, 0xc4,
  0x49, 0x89, 0xd5, 0x48, 0xb8, 0xb1, 0xf5, 0x5f, 0x8e, 0x90, 0x0b, 0x37,
  0x32, 0x48, 0x01, 0xf0, 0x49, 0x31, 0xc6, 0x4d, 0x31, 0xde, 0x4c, 0x89,
  0xf0, 0x48, 0xf7, 0xe3, 0x49, 0x89, 0xc6, 0x48, 0xb8, 0x54, 0xf0, 0x29,
  0xfd, 0xe5, 0xe6, 0xdd, 0x78, 0x48, 0x01, 0xc8, 0x49, 0x31, 0xc0, 0x49,
  0x31, 0xd0, 0x4c, 0x89, 0xc0, 0x48, 0xf7, 0xe5, 0x49, 0x89, 0xc0, 0x49,
  0x89, 0xd1, 0x48, 0xb8, 0xec, 0x9c, 0x2a, 0x13, 0x16, 0xba, 0x9e, 0xed,
  0x48, 0x01, 0xf0, 0x49, 0x31, 0xc2, 0x4d, 0x31, 0xea, 0x4c, 0x89, 0xd0,
  0x48, 0xf7, 0xe3, 0x49, 0x89, 0xc2, 0x48, 0xb8, 0x69, 0x6c, 0x74, 0x7c,
  0x9f, 0x60, 0x15, 0x17, 0x48, 0x01, 0xc8, 0x49, 0x31, 0xc6, 0x49, 0x31,
  0xd6, 0x4c, 0x89, 0xf0, 0x48, 0xf7, 0xe5, 0x49, 0x89, 0xc6, 0x49, 0x89,
  0xd7, 0x48, 0xb8, 0x27, 0x44, 0xf5, 0x97, 0x9b, 0x68, 0x06, 0xa9, 0x48,
  0x01, 0xf0, 0x49, 0x31, 0xc4, 0x4d, 0x31, 0xcc, 0x4c, 0x89, 0xe0, 0x48,
  0xf7, 0xe3, 0x49, 0x89, 0xc4, 0x48, 0xb8, 0x7e, 0xe8, 0xbe, 0xfb, 0x58,
  0xda, 0x4c, 0xb5, 0x48, 0x01, 0xc8, 0x49, 0x31, 0xc2, 0x49, 0x31, 0xd2,
  0x4c, 0x89, 0xd0, 0x48, 0xf7, 0xe5, 0x49, 0x89, 0xc2, 0x49, 0x89, 0xd3,
  0x48, 0xb8, 0x62, 0xeb, 0xbf, 0x1c, 0x21, 0x17, 0x6e, 0x64, 0x48, 0x01,
  0xf0, 0x49, 0x31, 0xc0, 0x4d, 0x31, 0xf8, 0x4c, 0x89, 0xc0, 0x48, 0xf7,
  0xe3, 0x49, 0x89, 0xc0, 0x48, 0xb8, 0x93, 0x64, 0x09, 0x7b, 0x12, 0x54,
  0x84, 0x53, 0x48, 0x01, 0xc8, 0x49, 0x31, 0xc4, 0x49, 0x31, 0xd4, 0x4c,
  0x89, 0xe0, 0x48, 0xf7, 0xe5, 0x49, 0x89, 0xc4, 0x49, 0x89, 0xd5, 0x48,
  0xb8, 0x9d, 0x92, 0x8a, 0xa1, 0xa6, 0xc5, 0xd5, 0x1f, 0x48, 0x01, 0xf0,
  0x49, 0x31, 0xc6, 0x4d, 0x31, 0xde, 0x4c, 0x89, 0xf0, 0x48, 0xf7, 0xe3,
  0x49, 0x89, 0xc6, 0x48, 0xb8, 0xa8, 0xe0, 0x53, 0xfa, 0xcb, 0xcd, 0xbb,
  0xf1, 0x48, 0x01, 0xc8, 0x49, 0x31, 0xc0, 0x49, 0x31, 0xd0, 0x4c, 0x89,
  0xc0, 0x48, 0xf7, 0xe5, 0x49, 0x89, 0xc0, 0x49, 0x89, 0xd1, 0x48, 0xb8,
  0xd8, 0x39, 0x55, 0x26, 0x2c, 0x74, 0x3d, 0xdb, 0x48, 0x01, 0xf0, 0x4c,
  0x89, 0x47, 0x30, 0x4c, 0x31, 0xd0, 0x49, 0xba, 0xbd, 0x5c, 0x9e, 0x79,
  0x85, 0x47, 0xf3, 0x8f, 0x4c, 0x31, 0xe8, 0x4c, 0x01, 0xd1, 0x48, 0xf7,
  0xe3, 0x49, 0x31, 0xce, 0x48, 0x89, 0x47, 0x20, 0x49, 0x31, 0xd6, 0x48,
  0xb8, 0x13, 0xe1, 0x1f, 0xab, 0xb1, 0x22, 0xa5, 0x96, 0x48, 0x01, 0xc6,
  0x4c, 0x89, 0x77, 0x18, 0x49, 0x31, 0xf4, 0x4d, 0x31, 0xcc, 0x4c, 0x89,
  0x67, 0x28, 0xe9, 0x4b, 0xfd, 0xff, 0xff, 0x0f, 0x1f, 0x44, 0x00, 0x00,
  0x49, 0x8b, 0x1a, 0x4d, 0x8b, 0x72, 0x10, 0xe9, 0x7f, 0xfd, 0xff, 0xff,
  0x66, 0x66, 0x2e, 0x0f, 0x1f, 0x84, 0x00, 0x00, 0x00, 0x00, 0x00, 0x90,
  0x41, 0x55, 0x49, 0x89, 0xfd, 0x41, 0x54, 0x4c, 0x89, 0xee, 0x48, 0x83,
  0xec, 0x08, 0x48, 0x8b, 0x3d, 0x93, 0xfb, 0x00, 0x00, 0x48, 0x8b, 0x47,
  0x08, 0x48, 0x8b, 0x80, 0x90, 0x00, 0x00, 0x00, 0x48, 0x85, 0xc0, 0x74,
  0x1b, 0xff, 0xd0, 0x49, 0x89, 0xc4, 0x4d, 0x85, 0xe4, 0x74, 0x1e, 0x48,
  0x83, 0xc4, 0x08, 0x4c, 0x89, 0xe0, 0x41, 0x5c, 0x41, 0x5d, 0xc3, 0x0f,
  0x1f, 0x44, 0x00, 0x00, 0xe8, 0xbb, 0xd6, 0xff, 0xff, 0x49, 0x89, 0xc4,
  0x4d, 0x85, 0xe4, 0x75, 0xe2, 0x48, 0x8b, 0x05, 0x64, 0xe1, 0x00, 0x00,
  0x4c, 0x89, 0xea, 0x48, 0x8d, 0x35, 0x9f, 0xaf, 0x00, 0x00, 0x48, 0x8b,
  0x38, 0x31, 0xc0, 0xe8, 0x58, 0xd6, 0xff, 0xff, 0x48, 0x83, 0xc4, 0x08,
  0x4c, 0x89, 0xe0, 0x41, 0x5c, 0x41, 0x5d, 0xc3, 0x66, 0x66, 0x2e, 0x0f,
  0x1f, 0x84, 0x00, 0x00, 0x00, 0x00, 0x00, 0x90, 0x41, 0x55, 0x49, 0x89,
  0xfd, 0x41, 0x54, 0x55, 0x48, 0x89, 0xf5, 0x48, 0x89, 0xfe, 0x53, 0x48,
  0x89, 0xd3, 0x48, 0x83, 0xec, 0x08, 0x48, 0x8b, 0x57, 0x18, 0x48, 0x8b,
  0x3d, 0x0f, 0xfb, 0x00, 0x00, 0xe8, 0xba, 0xd4, 0xff, 0xff, 0x49, 0x89,
  0xc4, 0x48, 0x8b, 0x05, 0x00, 0xfb, 0x00, 0x00, 0x48, 0x8b, 0x40, 0x18,
  0x48, 0x89, 0x45, 0x00, 0x4c, 0x89, 0x23, 0x4d, 0x85, 0xe4, 0x74, 0x18,
  0x49, 0x83, 0x04, 0x24, 0x01, 0x48, 0x83, 0xc4, 0x08, 0x4c, 0x89, 0xe0,
  0x5b, 0x5d, 0x41, 0x5c, 0x41, 0x5d, 0xc3, 0x0f, 0x1f, 0x44, 0x00, 0x00,
  0xe8, 0x53, 0xd4, 0xff, 0xff, 0x48, 0x85, 0xc0, 0x75, 0xe3, 0x48, 0x8b,
  0x3d, 0xbf, 0xfa, 0x00, 0x00, 0x4c, 0x89, 0xee, 0x48, 0x8b, 0x47, 0x08,
  0x48, 0x8b, 0x80, 0x90, 0x00, 0x00, 0x00, 0x48, 0x85, 0xc0, 0x74, 0x27,
  0xff, 0xd0, 0x49, 0x89, 0xc4, 0x4d, 0x85, 0xe4, 0x75, 0xbf, 0x48, 0x8b,
  0x05, 0xab, 0xe0, 0x00, 0x00, 0x4c, 0x89, 0xea, 0x48, 0x8d, 0x35, 0xe6,
  0xae, 0x00, 0x00, 0x48, 0x8b, 0x38, 0x31, 0xc0, 0xe8, 0x9f, 0xd5, 0xff,
  0xff, 0xeb, 0xa2, 0xe8, 0xd8, 0xd5, 0xff, 0xff, 0x49, 0x89, 0xc4, 0xeb,
  0xd4, 0x0f, 0x1f, 0x00, 0x55, 0x48, 0x83, 0xec, 0x10, 0x48, 0x8b, 0x47,
  0x08, 0xf6, 0x80, 0xab, 0x00, 0x00, 0x00, 0x01, 0x74, 0x7e, 0x48, 0x8b,
  0x47, 0x10, 0x48, 0x83, 0xf8, 0x01, 0x74, 0x3c, 0x48, 0x83, 0xf8, 0x02,
  0x74, 0x1e, 0x48, 0x85, 0xc0, 0x74, 0x11, 0x78, 0x3f, 0x48, 0x83, 0xc4,
  0x10, 0x5d, 0xe9, 0x9d, 0xd4, 0xff, 0xff, 0x0f, 0x1f, 0x44, 0x00, 0x00,
  0x31, 0xc0, 0x48, 0x83, 0xc4, 0x10, 0x5d, 0xc3, 0x8b, 0x47, 0x1c, 0x8b,
  0x57, 0x18, 0x48, 0x83, 0xc4, 0x10, 0x5d, 0x48, 0xc1, 0xe0, 0x1e, 0x48,
  0x09, 0xd0, 0xc3, 0x0f, 0x1f, 0x44, 0x00, 0x00, 0x8b, 0x47, 0x18, 0x48,
  0x83, 0xc4, 0x10, 0x5d, 0xc3, 0x0f, 0x1f, 0x80, 0x00, 0x00, 0x00, 0x00,
  0x48, 0x8b, 0x05, 0xd1, 0xdf, 0x00, 0x00, 0x48, 0x8d, 0x35, 0xd2, 0x94,
  0x00, 0x00, 0x48, 0x8b, 0x38, 0xe8, 0x22, 0xd2, 0xff, 0xff, 0x48, 0xc7,
  0xc0, 0xff, 0xff, 0xff, 0xff, 0xeb, 0xb3, 0x66, 0x0f, 0x1f, 0x84, 0x00,
  0x00, 0x00, 0x00, 0x00, 0x48, 0x8b, 0x40, 0x60, 0x48, 0x85, 0xc0, 0x74,
  0x74, 0x48, 0x8b, 0x80, 0x80, 0x00, 0x00, 0x00, 0x48, 0x85, 0xc0, 0x74,
  0x68, 0xff, 0xd0, 0x48, 0x89, 0xc5, 0x48, 0x85, 0xc0, 0x74, 0x5e, 0x48,
  0x8b, 0x05, 0xb2, 0xdf, 0x00, 0x00, 0x48, 0x39, 0x45, 0x08, 0x75, 0x2e,
  0x0f, 0x1f, 0x40, 0x00, 0x48, 0x89, 0xef, 0xe8, 0x38, 0xff, 0xff, 0xff,
  0x48, 0x83, 0x6d, 0x00, 0x01, 0x0f, 0x85, 0x67, 0xff, 0xff, 0xff, 0x48,
  0x89, 0xef, 0x48, 0x89, 0x44, 0x24, 0x08, 0xe8, 0x20, 0xd1, 0xff, 0xff,
  0x48, 0x8b, 0x44, 0x24, 0x08, 0xe9, 0x50, 0xff, 0xff, 0xff, 0x48, 0x89,
  0xef, 0x48, 0x8d, 0x35, 0x51, 0xaf, 0x00, 0x00, 0xe8, 0xb7, 0xf2, 0xff,
  0xff, 0x48, 0x89, 0xc5, 0x48, 0x85, 0xc0, 0x75, 0xbf, 0x48, 0xc7, 0xc0,
  0xff, 0xff, 0xff, 0xff, 0xe9, 0x2d, 0xff, 0xff, 0xff, 0xe8, 0xee, 0xd2,
  0xff, 0xff, 0x48, 0x85, 0xc0, 0x75, 0xea, 0x48, 0x8b, 0x05, 0xfa, 0xde,
  0x00, 0x00, 0x48, 0x8d, 0x35, 0x91, 0xad, 0x00, 0x00, 0x48, 0x8b, 0x38,
  0xe8, 0x73, 0xd1, 0xff, 0xff, 0xeb, 0xd2, 0x90, 0x8b, 0x47, 0x10, 0x41,
  0x57, 0x41, 0x56, 0x41, 0x55, 0x41, 0x54, 0x55, 0x53, 0x83, 0xf8, 0x03,
  0x0f, 0x8e, 0xca, 0x02, 0x00, 0x00, 0x48, 0x8b, 0x07, 0x48, 0x83, 0x00,
  0x01, 0x4c, 0x8b, 0x17, 0x49, 0x8b, 0x1a, 0x48, 0x85, 0xdb, 0x0f, 0x84,
  0x84, 0x02, 0x00, 0x00, 0x4d, 0x8b, 0x42, 0x08, 0x4d, 0x8b, 0x72, 0x10,
  0x48, 0x8b, 0x57, 0x08, 0x48, 0x89, 0xd8, 0x48, 0xbd, 0x93, 0x6c, 0x4c,
  0xe1, 0x0e, 0x47, 0xe7, 0xd2, 0x48, 0xbb, 0x57, 0x11, 0x12, 0x95, 0x63,
  0x82, 0x5a, 0xca, 0x48, 0x8b, 0x0a, 0x48, 0x8b, 0x72, 0x08, 0x48, 0xf7,
  0xe5, 0x49, 0x31, 0xc8, 0x49, 0x89, 0xc4, 0x4c, 0x89, 0xf0, 0x49, 0x89,
  0xd5, 0x48, 0xf7, 0xe3, 0x49, 0x31, 0xd0, 0x49, 0x89, 0xc6, 0x4c, 0x89,
  0xc0, 0x48, 0xf7, 0xe5, 0x49, 0x89, 0xc0, 0x49, 0x8b, 0x42, 0x18, 0x49,
  0x89, 0xd1, 0xc7, 0x47, 0x10, 0x01, 0x00, 0x00, 0x00, 0x48, 0x31, 0xf0,
  0x49, 0x89, 0xc2, 0x4d, 0x31, 0xea, 0x4c, 0x89, 0xd0, 0x48, 0xf7, 0xe3,
  0x49, 0x89, 0xc2, 0x48, 0xb8, 0x15, 0x7c, 0x4a, 0x7f, 0xb9, 0x79, 0x37,
  0x9e, 0x48, 0x01, 0xc8, 0x49, 0x31, 0xc6, 0x49, 0x31, 0xd6, 0x4c, 0x89,
  0xf0, 0x48, 0xf7, 0xe5, 0x49, 0x89, 0xc6, 0x49, 0x89, 0xd7, 0x48, 0xb8,
  0x3b, 0xa7, 0xca, 0x84, 0x85, 0xae, 0x67, 0xbb, 0x48, 0x01, 0xf0, 0x49,
  0x31, 0xc4, 0x4d, 0x31, 0xcc, 0x4c, 0x89, 0xe0, 0x48, 0xf7, 0xe3, 0x49,
  0x89, 0xc4, 0x48, 0xb8, 0x2a, 0xf8, 0x94, 0xfe, 0x72, 0xf3, 0x6e, 0x3c,
  0x48, 0x01, 0xc8, 0x49, 0x31, 0xc2, 0x49, 0x31, 0xd2, 0x4c, 0x89, 0xd0,
  0x48, 0xf7, 0xe5, 0x49, 0x89, 0xc2, 0x49, 0x89, 0xd3, 0x48, 0xb8, 0x76,
  0x4e, 0x95, 0x09, 0x0b, 0x5d, 0xcf, 0x76, 0x48, 0x01, 0xf0, 0x49, 0x31,
  0xc0, 0x4d, 0x31, 0xf8, 0x4c, 0x89, 0xc0, 0x48, 0xf7, 0xe3, 0x49, 0x89,
  0xc0, 0x48, 0xb8, 0x3f, 0x74, 0xdf, 0x7d, 0x2c, 0x6d, 0xa6, 0xda, 0x48,
  0x01, 0xc8, 0x49, 0x31, 0xc4, 0x49, 0x31, 0xd4, 0x4c, 0x89, 0xe0, 0x48,
  0xf7, 0xe5, 0x49, 0x89, 0xc4, 0x49, 0x89, 0xd5, 0x48, 0xb8, 0xb1, 0xf5,
  0x5f, 0x8e, 0x90, 0x0b, 0x37, 0x32, 0x48, 0x01, 0xf0, 0x49, 0x31, 0xc6,
  0x4d, 0x31, 0xde, 0x4c, 0x89, 0xf0, 0x48, 0xf7, 0xe3, 0x49, 0x89, 0xc6,
  0x48, 0xb8, 0x54, 0xf0, 0x29, 0xfd, 0xe5, 0xe6, 0xdd, 0x78, 0x48, 0x01,
  0xc8, 0x49, 0x31, 0xc0, 0x49, 0x31, 0xd0, 0x4c, 0x89, 0xc0, 0x48, 0xf7,
  0xe5, 0x49, 0x89, 0xc0, 0x49, 0x89, 0xd1, 0x48, 0xb8, 0xec, 0x9c, 0x2a,
  0x13, 0x16, 0xba, 0x9e, 0xed, 0x48, 0x01, 0xf0, 0x49, 0x31, 0xc2, 0x4d,
  0x31, 0xea, 0x4c, 0x89, 0xd0, 0x48, 0xf7, 0xe3, 0x49, 0x89, 0xc2, 0x48,
  0xb8, 0x69, 0x6c, 0x74, 0x7c, 0x9f, 0x60, 0x15, 0x17, 0x48, 0x01, 0xc8,
  0x49, 0x31, 0xc6, 0x49, 0x31, 0xd6, 0x4c, 0x89, 0xf0, 0x48, 0xf7, 0xe5,
  0x49, 0x89, 0xc6, 0x49, 0x89, 0xd7, 0x48, 0xb8, 0x27, 0x44, 0xf5, 0x97,
  0x9b, 0x68, 0x06, 0xa9, 0x48, 0x01, 0xf0, 0x49, 0x31, 0xc4, 0x4d, 0x31,
  0xcc, 0x4c, 0x89, 0xe0, 0x48, 0xf7, 0xe3, 0x49, 0x89, 0xc4, 0x48, 0xb8,
  0x7e, 0xe8, 0xbe, 0xfb, 0x58, 0xda, 0x4c, 0xb5, 0x48, 0x01, 0xc8, 0x49,
  0x31, 0xc2, 0x49, 0x31, 0xd2, 0x4c, 0x89, 0xd0, 0x48, 0xf7, 0xe5, 0x49,
  0x89, 0xc2, 0x49, 0x89, 0xd3, 0x48, 0xb8, 0x62, 0xeb, 0xbf, 0x1c, 0x21,
  0x17, 0x6e, 0x64, 0x48, 0x01, 0xf0, 0x49, 0x31, 0xc0, 0x4d, 0x31, 0xf8,
  0x4c, 0x89, 0xc0, 0x48, 0xf7, 0xe3, 0x49, 0x89, 0xc0, 0x48, 0xb8, 0x93,
  0x64, 0x09, 0x7b, 0x12, 0x54, 0x84, 0x53, 0x48, 0x01, 0xc8, 0x49, 0x31,
  0xc4, 0x49, 0x31, 0xd4, 0x4c, 0x89, 0xe0, 0x48, 0xf7, 0xe5, 0x49, 0x89,
  0xc4, 0x49, 0x89, 0xd5, 0x48, 0xb8, 0x9d, 0x92, 0x8a, 0xa1, 0xa6, 0xc5,
  0xd5, 0x1f, 0x48, 0x01, 0xf0, 0x49, 0x31, 0xc6, 0x4d, 0x31, 0xde, 0x4c,
  0x89, 0xf0, 0x48, 0xf7, 0xe3, 0x49, 0x89, 0xc6, 0x48, 0xb8, 0xa8, 0xe0,
  0x53, 0xfa, 0xcb, 0xcd, 0xbb, 0xf1, 0x48, 0x01, 0xc8, 0x49, 0x31, 0xc0,
  0x49, 0x31, 0xd0, 0x4c, 0x89, 0xc0, 0x48, 0xf7, 0xe5, 0x49, 0x89, 0xc0,
  0x49, 0x89, 0xd1, 0x48, 0xb8, 0xd8, 0x39, 0x55, 0x26, 0x2c, 0x74, 0x3d,
  0xdb, 0x48, 0x01, 0xf0, 0x4c, 0x89, 0x47, 0x30, 0x4c, 0x31, 0xd0, 0x49,
  0xba, 0xbd, 0x5c, 0x9e, 0x79, 0x85, 0x47, 0xf3, 0x8f, 0x4c, 0x31, 0xe8,
  0x4c, 0x01, 0xd1, 0x48, 0xf7, 0xe3, 0x49, 0x31, 0xce, 0x5b, 0x5d, 0x48,
  0x89, 0x47, 0x20, 0x49, 0x31, 0xd6, 0x48, 0xb8, 0x13, 0xe1, 0x1f, 0xab,
  0xb1, 0x22, 0xa5, 0x96, 0x48, 0x01, 0xc6, 0x4c, 0x89, 0x77, 0x18, 0x4c,
  0x89, 0xf0, 0x49, 0x31, 0xf4, 0x4d, 0x31, 0xcc, 0x4c, 0x89, 0x67, 0x28,
  0x41, 0x5c, 0x41, 0x5d, 0x41, 0x5e, 0x41, 0x5f, 0xc3, 0x0f, 0x1f, 0x00,
  0x49, 0x83, 0x42, 0x08, 0x01, 0x4c, 0x8b, 0x17, 0x4d, 0x8b, 0x42, 0x08,
  0x4d, 0x85, 0xc0, 0x75, 0x3f, 0x49, 0x83, 0x42, 0x10, 0x01, 0x4c, 0x8b,
  0x17, 0x4d, 0x8b, 0x72, 0x10, 0x4d, 0x85, 0xf6, 0x74, 0x3e, 0x49, 0x8b,
  0x1a, 0x4d, 0x8b, 0x42, 0x08, 0xe9, 0x56, 0xfd, 0xff, 0xff, 0x66, 0x90,
  0x48, 0x63, 0xd0, 0x83, 0xc0, 0x01, 0x5b, 0x5d, 0x4c, 0x8b, 0x74, 0xd7,
  0x18, 0x41, 0x5c, 0x89, 0x47, 0x10, 0x41, 0x5d, 0x4c, 0x89, 0xf0, 0x41,
  0x5e, 0x41, 0x5f, 0xc3, 0x0f, 0x1f, 0x40, 0x00, 0x49, 0x8b, 0x1a, 0x4d,
  0x8b, 0x72, 0x10, 0xe9, 0x28, 0xfd, 0xff, 0xff, 0x0f, 0x1f, 0x40, 0x00,
  0x49, 0x83, 0x42, 0x18, 0x01, 0x4c, 0x8b, 0x17, 0x49, 0x8b, 0x1a, 0xe9,
  0x0c, 0xfd, 0xff, 0xff, 0x8b, 0x47, 0x10, 0x41, 0x57, 0x41, 0x56, 0x41,
  0x55, 0x41, 0x54, 0x55, 0x53, 0x83, 0xf8, 0x03, 0x0f, 0x8e, 0xda, 0x02,
  0x00, 0x00, 0x48, 0x8b, 0x07, 0x48, 0x83, 0x00, 0x01, 0x4c, 0x8b, 0x17,
  0x49, 0x8b, 0x1a, 0x48, 0x85, 0xdb, 0x0f, 0x84, 0x94, 0x02, 0x00, 0x00,
  0x4d, 0x8b, 0x42, 0x08, 0x4d, 0x8b, 0x72, 0x10, 0x48, 0x8b, 0x57, 0x08,
  0x48, 0x89, 0xd8, 0x48, 0xbd, 0x93, 0x6c, 0x4c, 0xe1, 0x0e, 0x47, 0xe7,
  0xd2, 0x48, 0xbb, 0x57, 0x11, 0x12, 0x95, 0x63, 0x82, 0x5a, 0xca, 0x48,
  0x8b, 0x0a, 0x48, 0x8b, 0x72, 0x08, 0x48, 0xf7, 0xe5, 0x49, 0x31, 0xc8,
  0x49, 0x89, 0xc4, 0x4c, 0x89, 0xf0, 0x49, 0x89, 0xd5, 0x48, 0xf7, 0xe3,
  0x49, 0x31, 0xd0, 0x49, 0x89, 0xc6, 0x4c, 0x89, 0xc0, 0x48, 0xf7, 0xe5,
  0x49, 0x89, 0xc0, 0x49, 0x8b, 0x42, 0x18, 0x49, 0x89, 0xd1, 0xc7, 0x47,
  0x10, 0x01, 0x00, 0x00, 0x00, 0x48, 0x31, 0xf0, 0x49, 0x89, 0xc2, 0x4d,
  0x31, 0xea, 0x4c, 0x89, 0xd0, 0x48, 0xf7, 0xe3, 0x49, 0x89, 0xc2, 0x48,
  0xb8, 0x15, 0x7c, 0x4a, 0x7f, 0xb9, 0x79, 0x37, 0x9e, 0x48, 0x01, 0xc8,
  0x49, 0x31, 0xc6, 0x49, 0x31, 0xd6, 0x4c, 0x89, 0xf0, 0x48, 0xf7, 0xe5,
  0x49, 0x89, 0xc6, 0x49, 0x89, 0xd7, 0x48, 0xb8, 0x3b, 0xa7, 0xca, 0x84,
  0x85, 0xae, 0x67, 0xbb, 0x48, 0x01, 0xf0, 0x49, 0x31, 0xc4, 0x4d, 0x31,
  0xcc, 0x4c, 0x89, 0xe0, 0x48, 0xf7, 0xe3, 0x49, 0x89, 0xc4, 0x48, 0xb8,
  0x2a, 0xf8, 0x94, 0xfe, 0x72, 0xf3, 0x6e, 0x3c, 0x48, 0x01, 0xc8, 0x49,
  0x31, 0xc2, 0x49, 0x31, 0xd2, 0x4c, 0x89, 0xd0, 0x48, 0xf7, 0xe5, 0x49,
  0x89, 0xc2, 0x49, 0x89, 0xd3, 0x48, 0xb8, 0x76, 0x4e, 0x95, 0x09, 0x0b,
  0x5d, 0xcf, 0x76, 0x48, 0x01, 0xf0, 0x49, 0x31, 0xc0, 0x4d, 0x31, 0xf8,
  0x4c, 0x89, 0xc0, 0x48, 0xf7, 0xe3, 0x49, 0x89, 0xc0, 0x48, 0xb8, 0x3f,
  0x74, 0xdf, 0x7d, 0x2c, 0x6d, 0xa6, 0xda, 0x48, 0x01, 0xc8, 0x49, 0x31,
  0xc4, 0x49, 0x31, 0xd4, 0x4c, 0x89, 0xe0, 0x48, 0xf7, 0xe5, 0x49, 0x89,
  0xc4, 0x49, 0x89, 0xd5, 0x48, 0xb8, 0xb1, 0xf5, 0x5f, 0x8e, 0x90, 0x0b,
  0x37, 0x32, 0x48, 0x01, 0xf0, 0x49, 0x31, 0xc6, 0x4d, 0x31, 0xde, 0x4c,
  0x89, 0xf0, 0x48, 0xf7, 0xe3, 0x49, 0x89, 0xc6, 0x48, 0xb8, 0x54, 0xf0,
  0x29, 0xfd, 0xe5, 0xe6, 0xdd, 0x78, 0x48, 0x01, 0xc8, 0x49, 0x31, 0xc0,
  0x49, 0x31, 0xd0, 0x4c, 0x89, 0xc0, 0x48, 0xf7, 0xe5, 0x49, 0x89, 0xc0,
  0x49, 0x89, 0xd1, 0x48, 0xb8, 0xec, 0x9c, 0x2a, 0x13, 0x16, 0xba, 0x9e,
  0xed, 0x48, 0x01, 0xf0, 0x49, 0x31, 0xc2, 0x4d, 0x31, 0xea, 0x4c, 0x89,
  0xd0, 0x48, 0xf7, 0xe3, 0x49, 0x89, 0xc2, 0x48, 0xb8, 0x69, 0x6c, 0x74,
  0x7c, 0x9f, 0x60, 0x15, 0x17, 0x48, 0x01, 0xc8, 0x49, 0x31, 0xc6, 0x49,
  0x31, 0xd6, 0x4c, 0x89, 0xf0, 0x48, 0xf7, 0xe5, 0x49, 0x89, 0xc6, 0x49,
  0x89, 0xd7, 0x48, 0xb8, 0x27, 0x44, 0xf5, 0x97, 0x9b, 0x68, 0x06, 0xa9,
  0x48, 0x01, 0xf0, 0x49, 0x31, 0xc4, 0x4d, 0x31, 0xcc, 0x4c, 0x89, 0xe0,
  0x48, 0xf7, 0xe3, 0x49, 0x89, 0xc4, 0x48, 0xb8, 0x7e, 0xe8, 0xbe, 0xfb,
  0x58, 0xda, 0x4c, 0xb5, 0x48, 0x01, 0xc8, 0x49, 0x31, 0xc2, 0x49, 0x31,
  0xd2, 0x4c, 0x89, 0xd0, 0x48, 0xf7, 0xe5, 0x49, 0x89, 0xc2, 0x49, 0x89,
  0xd3, 0x48, 0xb8, 0x62, 0xeb, 0xbf, 0x1c, 0x21, 0x17, 0x6e, 0x64, 0x48,
  0x01, 0xf0, 0x49, 0x31, 0xc0, 0x4d, 0x31, 0xf8, 0x4c, 0x89, 0xc0, 0x48,
  0xf7, 0xe3, 0x49, 0x89, 0xc0, 0x48, 0xb8, 0x93, 0x64, 0x09, 0x7b, 0x12,
  0x54, 0x84, 0x53, 0x48, 0x01, 0xc8, 0x49, 0x31, 0xc4, 0x49, 0x31, 0xd4,
  0x4c, 0x89, 0xe0, 0x48, 0xf7, 0xe5, 0x49, 0x89, 0xc4, 0x49, 0x89, 0xd5,
  0x48, 0xb8, 0x9d, 0x92, 0x8a, 0xa1, 0xa6, 0xc5, 0xd5, 0x1f, 0x48, 0x01,
  0xf0, 0x49, 0x31, 0xc6, 0x4d, 0x31, 0xde, 0x4c, 0x89, 0xf0, 0x48, 0xf7,
  0xe3, 0x49, 0x89, 0xc6, 0x48, 0xb8, 0xa8, 0xe0, 0x53, 0xfa, 0xcb, 0xcd,
  0xbb, 0xf1, 0x48, 0x01, 0xc8, 0x49, 0x31, 0xc0, 0x49, 0x31, 0xd0, 0x4c,
  0x89, 0xc0, 0x48, 0xf7, 0xe5, 0x49, 0x89, 0xc0, 0x49, 0x89, 0xd1, 0x48,
  0xb8, 0xd8, 0x39, 0x55, 0x26, 0x2c, 0x74, 0x3d, 0xdb, 0x48, 0x01, 0xf0,
  0x4c, 0x89, 0x47, 0x30, 0x4c, 0x31, 0xd0, 0x49, 0xba, 0xbd, 0x5c, 0x9e,
  0x79, 0x85, 0x47, 0xf3, 0x8f, 0x4c, 0x31, 0xe8, 0x4c, 0x01, 0xd1, 0x48,
  0xf7, 0xe3, 0x49, 0x31, 0xce, 0x48, 0x89, 0x47, 0x20, 0x49, 0x31, 0xd6,
  0x48, 0xb8, 0x13, 0xe1, 0x1f, 0xab, 0xb1, 0x22, 0xa5, 0x96, 0x48, 0x01,
  0xc6, 0x4c, 0x89, 0x77, 0x18, 0x49, 0x31, 0xf4, 0x4d, 0x31, 0xcc, 0x4c,
  0x89, 0x67, 0x28, 0x49, 0xc1, 0xee, 0x0b, 0x66, 0x0f, 0xef, 0xc0, 0x5b,
  0x5d, 0xf2, 0x49, 0x0f, 0x2a, 0xc6, 0xf2, 0x0f, 0x59, 0x05, 0x52, 0xae,
  0x00, 0x00, 0x41, 0x5c, 0x41, 0x5d, 0x41, 0x5e, 0x41, 0x5f, 0xc3, 0x90,
  0x49, 0x83, 0x42, 0x08, 0x01, 0x4c, 0x8b, 0x17, 0x4d, 0x8b, 0x42, 0x08,
  0x4d, 0x85, 0xc0, 0x75, 0x2f, 0x49, 0x83, 0x42, 0x10, 0x01, 0x4c, 0x8b,
  0x17, 0x4d, 0x8b, 0x72, 0x10, 0x4d, 0x85, 0xf6, 0x74, 0x2e, 0x49, 0x8b,
  0x1a, 0x4d, 0x8b, 0x42, 0x08, 0xe9, 0x46, 0xfd, 0xff, 0xff, 0x66, 0x90,
  0x48, 0x63, 0xd0, 0x83, 0xc0, 0x01, 0x4c, 0x8b, 0x74, 0xd7, 0x18, 0x89,
  0x47, 0x10, 0xeb, 0x9f, 0x49, 0x8b, 0x1a, 0x4d, 0x8b, 0x72, 0x10, 0xe9,
  0x28, 0xfd, 0xff, 0xff, 0x0f, 0x1f, 0x40, 0x00, 0x49, 0x83, 0x42, 0x18,
  0x01, 0x4c, 0x8b, 0x17, 0x49, 0x8b, 0x1a, 0xe9, 0x0c, 0xfd, 0xff, 0xff,
  0x41, 0x54, 0x55, 0x48, 0x83, 0xec, 0x08, 0x48, 0x8b, 0x47, 0x08, 0xf6,
  0x80, 0xab, 0x00, 0x00, 0x00, 0x01, 0x0f, 0x84, 0xc8, 0x00, 0x00, 0x00,
  0x48, 0x8b, 0x47, 0x10, 0x48, 0x83, 0xf8, 0x01, 0x74, 0x66, 0x48, 0x83,
  0xf8, 0x02, 0x74, 0x28, 0x45, 0x31, 0xe4, 0x48, 0x85, 0xc0, 0x74, 0x15,
  0x78, 0x6e, 0xe8, 0x29, 0xcd, 0xff, 0xff, 0x89, 0xc2, 0x41, 0x89, 0xc4,
  0x48, 0x39, 0xd0, 0x0f, 0x85, 0x83, 0x00, 0x00, 0x00, 0x48, 0x83, 0xc4,
  0x08, 0x44, 0x89, 0xe0, 0x5d, 0x41, 0x5c, 0xc3, 0x8b, 0x47, 0x1c, 0x8b,
  0x57, 0x18, 0x48, 0xc1, 0xe0, 0x1e, 0x48, 0x09, 0xd0, 0x89, 0xc2, 0x41,
  0x89, 0xc4, 0x48, 0x39, 0xd0, 0x74, 0xde, 0x48, 0x8b, 0x05, 0x62, 0xd8,
  0x00, 0x00, 0x48, 0x8d, 0x35, 0xc3, 0x8d, 0x00, 0x00, 0x48, 0x8b, 0x38,
  0xe8, 0xb3, 0xca, 0xff, 0xff, 0x41, 0xbc, 0xff, 0xff, 0xff, 0xff, 0xeb,
  0xc0, 0x0f, 0x1f, 0x00, 0x44, 0x8b, 0x67, 0x18, 0x48, 0x83, 0xc4, 0x08,
  0x5d, 0x44, 0x89, 0xe0, 0x41, 0x5c, 0xc3, 0x66, 0x0f, 0x1f, 0x84, 0x00,
  0x00, 0x00, 0x00, 0x00, 0x48, 0x8b, 0x05, 0x29, 0xd8, 0x00, 0x00, 0x48,
  0x8d, 0x35, 0x5a, 0x8d, 0x00, 0x00, 0x41, 0xbc, 0xff, 0xff, 0xff, 0xff,
  0x48, 0x8b, 0x38, 0xe8, 0x74, 0xca, 0xff, 0xff, 0xe9, 0x84, 0xff, 0xff,
  0xff, 0x0f, 0x1f, 0x80, 0x00, 0x00, 0x00, 0x00, 0x48, 0x83, 0xf8, 0xff,
  0x75, 0x99, 0xe8, 0xbd, 0xcb, 0xff, 0xff, 0x48, 0x85, 0xc0, 0x74, 0x8f,
  0xeb, 0xa3, 0x66, 0x0f, 0x1f, 0x44, 0x00, 0x00, 0x48, 0x8b, 0x40, 0x60,
  0x48, 0x85, 0xc0, 0x74, 0x66, 0x48, 0x8b, 0x80, 0x80, 0x00, 0x00, 0x00,
  0x48, 0x85, 0xc0, 0x74, 0x5a, 0xff, 0xd0, 0x48, 0x89, 0xc5, 0x48, 0x85,
  0xc0, 0x74, 0x50, 0x48, 0x8b, 0x05, 0xf2, 0xd7, 0x00, 0x00, 0x48, 0x39,
  0x45, 0x08, 0x75, 0x27, 0x0f, 0x1f, 0x40, 0x00, 0x48, 0x89, 0xef, 0xe8,
  0xe8, 0xfe, 0xff, 0xff, 0x48, 0x83, 0x6d, 0x00, 0x01, 0x41, 0x89, 0xc4,
  0x0f, 0x85, 0x1f, 0xff, 0xff, 0xff, 0x48, 0x89, 0xef, 0xe8, 0x62, 0xc9,
  0xff, 0xff, 0xe9, 0x12, 0xff, 0xff, 0xff, 0x48, 0x89, 0xef, 0x48, 0x8d,
  0x35, 0x98, 0xa7, 0x00, 0x00, 0xe8, 0xfe, 0xea, 0xff, 0xff, 0x48, 0x89,
  0xc5, 0x48, 0x85, 0xc0, 0x75, 0xc6, 0xe9, 0x2e, 0xff, 0xff, 0xff, 0xe8,
  0x3c, 0xcb, 0xff, 0xff, 0x48, 0x85, 0xc0, 0x0f, 0x85, 0x20, 0xff, 0xff,
  0xff, 0x48, 0x8b, 0x05, 0x44, 0xd7, 0x00, 0x00, 0x48, 0x8d, 0x35, 0xdb,
  0xa5, 0x00, 0x00, 0x41, 0x83, 0xcc, 0xff, 0x48, 0x8b, 0x38, 0xe8, 0xb9,
  0xc9, 0xff, 0xff, 0xe9, 0xc9, 0xfe, 0xff, 0xff, 0x0f, 0x1f, 0x40, 0x00,
  0x41, 0x57, 0x41, 0x56, 0x49, 0x89, 0xfe, 0x41, 0x55, 0x49, 0x89, 0xcd,
  0x41, 0x54, 0x41, 0x89, 0xf4, 0x55, 0x53, 0x89, 0xd3, 0x48, 0x83, 0xec,
  0x48, 0xe8, 0xb2, 0xca, 0xff, 0xff, 0x48, 0x83, 0x3d, 0x5a, 0xf1, 0x00,
  0x00, 0x00, 0x48, 0x89, 0xc5, 0x0f, 0x84, 0x1d, 0x01, 0x00, 0x00, 0x48,
  0x8d, 0x44, 0x24, 0x28, 0x4c, 0x8d, 0x7c, 0x24, 0x38, 0x48, 0x8d, 0x74,
  0x24, 0x30, 0x48, 0x89, 0xc7, 0x4c, 0x89, 0xfa, 0x48, 0x89, 0x04, 0x24,
  0x48, 0x89, 0x74, 0x24, 0x08, 0xe8, 0xde, 0xcb, 0xff, 0xff, 0x48, 0x8b,
  0x3d, 0x27, 0xf1, 0x00, 0x00, 0xe8, 0xc2, 0xcb, 0xff, 0xff, 0x48, 0x89,
  0xc1, 0x48, 0x85, 0xc0, 0x74, 0x66, 0x48, 0x8b, 0x38, 0x48, 0x8b, 0x05,
  0xc0, 0xed, 0x00, 0x00, 0x48, 0x39, 0x47, 0x18, 0x0f, 0x85, 0x04, 0x05,
  0x00, 0x00, 0x4c, 0x8b, 0x05, 0xa7, 0xed, 0x00, 0x00, 0x4d, 0x85, 0xc0,
  0x0f, 0x84, 0x46, 0x03, 0x00, 0x00, 0x48, 0x8b, 0x05, 0xa7, 0xd6, 0x00,
  0x00, 0x49, 0x39, 0xc0, 0x74, 0x1d, 0x4c, 0x3b, 0x05, 0xc3, 0xd6, 0x00,
  0x00, 0x0f, 0x84, 0x95, 0x00, 0x00, 0x00, 0x4c, 0x89, 0xc7, 0xe8, 0x85,
  0xc9, 0xff, 0xff, 0x85, 0xc0, 0x0f, 0x84, 0x85, 0x00, 0x00, 0x00, 0x48,
  0x8b, 0x54, 0x24, 0x38, 0x48, 0x8b, 0x74, 0x24, 0x30, 0x48, 0x8b, 0x7c,
  0x24, 0x28, 0xe8, 0x99, 0xc7, 0xff, 0xff, 0xe9, 0x32, 0x03, 0x00, 0x00,
  0x48, 0x8b, 0x3d, 0xad, 0xf0, 0x00, 0x00, 0x48, 0x8b, 0x35, 0xc6, 0xef,
  0x00, 0x00, 0x48, 0x8b, 0x47, 0x08, 0x48, 0x8b, 0x80, 0x90, 0x00, 0x00,
  0x00, 0x48, 0x85, 0xc0, 0x0f, 0x84, 0x87, 0x05, 0x00, 0x00, 0xff, 0xd0,
  0x48, 0x89, 0xc7, 0x48, 0x85, 0xff, 0x0f, 0x84, 0xce, 0x02, 0x00, 0x00,
  0x48, 0x89, 0x7c, 0x24, 0x10, 0xe8, 0x2a, 0xc9, 0xff, 0xff, 0x48, 0x8b,
  0x7c, 0x24, 0x10, 0x85, 0xc0, 0x48, 0x8b, 0x07, 0x0f, 0x85, 0x00, 0x05,
  0x00, 0x00, 0x48, 0x83, 0xe8, 0x01, 0x48, 0x89, 0x07, 0x0f, 0x84, 0x42,
  0x05, 0x00, 0x00, 0x48, 0x8b, 0x05, 0x0e, 0xd6, 0x00, 0x00, 0x48, 0x39,
  0x05, 0x2f, 0xd6, 0x00, 0x00, 0x74, 0x80, 0x0f, 0x1f, 0x44, 0x00, 0x00,
  0x48, 0x8b, 0x54, 0x24, 0x38, 0x48, 0x8b, 0x74, 0x24, 0x30, 0x48, 0x8b,
  0x7c, 0x24, 0x28, 0xe8, 0x14, 0xc7, 0xff, 0xff, 0x48, 0x8b, 0x0d, 0x15,
  0xf0, 0x00, 0x00, 0x45, 0x89, 0xe7, 0x41, 0xf7, 0xdf, 0x48, 0x85, 0xc9,
  0x0f, 0x84, 0xf4, 0x01, 0x00, 0x00, 0x44, 0x8b, 0x05, 0xf7, 0xef, 0x00,
  0x00, 0x44, 0x89, 0xc7, 0x83, 0xef, 0x01, 0x0f, 0x88, 0xb2, 0x02, 0x00,
  0x00, 0x48, 0x63, 0xc7, 0x48, 0xc1, 0xe0, 0x04, 0x44, 0x39, 0x7c, 0x01,
  0x08, 0x0f, 0x8c, 0xf9, 0x00, 0x00, 0x00, 0x85, 0xff, 0x0f, 0x8e, 0x98,
  0x02, 0x00, 0x00, 0x31, 0xf6, 0xeb, 0x0e, 0x0f, 0x1f, 0x44, 0x00, 0x00,
  0x7d, 0x37, 0x8d, 0x70, 0x01, 0x39, 0xfe, 0x7d, 0x25, 0x89, 0xfa, 0x29,
  0xf2, 0x89, 0xd0, 0xc1, 0xe8, 0x1f, 0x01, 0xd0, 0xd1, 0xf8, 0x01, 0xf0,
  0x48, 0x63, 0xd0, 0x48, 0xc1, 0xe2, 0x04, 0x8b, 0x54, 0x11, 0x08, 0x44,
  0x39, 0xfa, 0x7e, 0xd8, 0x89, 0xc7, 0x39, 0xfe, 0x7c, 0xdb, 0x41, 0x39,
  0xd7, 0x0f, 0x9f, 0xc2, 0x0f, 0xb6, 0xd2, 0x01, 0xd0, 0x41, 0x39, 0xc0,
  0x0f, 0x8e, 0xa6, 0x00, 0x00, 0x00, 0x48, 0x98, 0x48, 0xc1, 0xe0, 0x04,
  0x48, 0x01, 0xc8, 0x44, 0x39, 0x78, 0x08, 0x0f, 0x85, 0x93, 0x00, 0x00,
  0x00, 0x4c, 0x8b, 0x28, 0x49, 0x83, 0x45, 0x00, 0x01, 0x48, 0x8b, 0x15,
  0x94, 0xef, 0x00, 0x00, 0x48, 0x89, 0xef, 0x31, 0xc9, 0x4c, 0x89, 0xee,
  0xe8, 0x87, 0xc6, 0xff, 0xff, 0x48, 0x89, 0xc5, 0x48, 0x85, 0xc0, 0x74,
  0x37, 0x89, 0x58, 0x28, 0x48, 0x89, 0xc7, 0xe8, 0xf4, 0xc7, 0xff, 0xff,
  0x49, 0x83, 0x6d, 0x00, 0x01, 0x75, 0x08, 0x4c, 0x89, 0xef, 0xe8, 0xe5,
  0xc6, 0xff, 0xff, 0x48, 0x83, 0x6d, 0x00, 0x01, 0x74, 0x2e, 0x48, 0x83,
  0xc4, 0x48, 0x5b, 0x5d, 0x41, 0x5c, 0x41, 0x5d, 0x41, 0x5e, 0x41, 0x5f,
  0xc3, 0x0f, 0x1f, 0x80, 0x00, 0x00, 0x00, 0x00, 0x49, 0x83, 0x6d, 0x00,
  0x01, 0x75, 0xe3, 0x4c, 0x89, 0xef, 0xe8, 0xb9, 0xc6, 0xff, 0xff, 0xeb,
  0xd9, 0x0f, 0x1f, 0x80, 0x00, 0x00, 0x00, 0x00, 0x48, 0x89, 0xef, 0xe8,
  0xa8, 0xc6, 0xff, 0xff, 0x48, 0x83, 0xc4, 0x48, 0x5b, 0x5d, 0x41, 0x5c,
  0x41, 0x5d, 0x41, 0x5e, 0x41, 0x5f, 0xc3, 0x66, 0x0f, 0x1f, 0x84, 0x00,
  0x00, 0x00, 0x00, 0x00, 0x48, 0x8d, 0x54, 0x24, 0x38, 0x48, 0x8d, 0x74,
  0x24, 0x30, 0x48, 0x8d, 0x7c, 0x24, 0x28, 0xe8, 0x9c, 0xc9, 0xff, 0xff,
  0x45, 0x85, 0xe4, 0x0f, 0x85, 0xcd, 0x00, 0x00, 0x00, 0x4c, 0x89, 0xef,
  0x89, 0xda, 0x4c, 0x89, 0xf6, 0xe8, 0xb6, 0xca, 0xff, 0xff, 0x49, 0x89,
  0xc5, 0x48, 0x8b, 0x7c, 0x24, 0x28, 0x4d, 0x85, 0xed, 0x0f, 0x84, 0x1a,
  0x02, 0x00, 0x00, 0x48, 0x8b, 0x54, 0x24, 0x38, 0x48, 0x8b, 0x74, 0x24,
  0x30, 0xe8, 0x96, 0xc5, 0xff, 0xff, 0x48, 0x8b, 0x3d, 0x97, 0xee, 0x00,
  0x00, 0x45, 0x85, 0xff, 0x0f, 0x84, 0x1b, 0xff, 0xff, 0xff, 0x48, 0x85,
  0xff, 0x0f, 0x84, 0xeb, 0x02, 0x00, 0x00, 0x8b, 0x15, 0x77, 0xee, 0x00,
  0x00, 0x8d, 0x72, 0xff, 0x41, 0x89, 0xf0, 0x85, 0xf6, 0x0f, 0x88, 0x3a,
  0x01, 0x00, 0x00, 0x48, 0x63, 0xc6, 0x48, 0xc1, 0xe0, 0x04, 0x44, 0x3b,
  0x7c, 0x07, 0x08, 0x0f, 0x8f, 0x08, 0x02, 0x00, 0x00, 0x85, 0xf6, 0x0f,
  0x8e, 0x20, 0x01, 0x00, 0x00, 0x31, 0xc9, 0xeb, 0x17, 0x0f, 0x1f, 0x00,
  0x0f, 0x8e, 0x2e, 0x01, 0x00, 0x00, 0x41, 0x8d, 0x4c, 0x24, 0x01, 0x41,
  0x39, 0xc8, 0x0f, 0x8e, 0x14, 0x01, 0x00, 0x00, 0x44, 0x89, 0xc0, 0x29,
  0xc8, 0x41, 0x89, 0xc4, 0x41, 0xc1, 0xec, 0x1f, 0x41, 0x01, 0xc4, 0x41,
  0xd1, 0xfc, 0x41, 0x01, 0xcc, 0x49, 0x63, 0xc4, 0x48, 0xc1, 0xe0, 0x04,
  0x8b, 0x44, 0x07, 0x08, 0x41, 0x39, 0xc7, 0x7d, 0xc7, 0x45, 0x89, 0xe0,
  0xeb, 0xcd, 0x48, 0x8d, 0x54, 0x24, 0x38, 0x48, 0x8d, 0x74, 0x24, 0x30,
  0x48, 0x8d, 0x7c, 0x24, 0x28, 0xe8, 0xc6, 0xc8, 0xff, 0xff, 0x44, 0x89,
  0xe1, 0x48, 0x8d, 0x15, 0x82, 0xa2, 0x00, 0x00, 0x4c, 0x89, 0xf6, 0x31,
  0xc0, 0x48, 0x8d, 0x3d, 0x8d, 0xa2, 0x00, 0x00, 0xe8, 0x6b, 0xc4, 0xff,
  0xff, 0x49, 0x89, 0xc4, 0x48, 0x85, 0xc0, 0x0f, 0x84, 0x3f, 0x01, 0x00,
  0x00, 0x48, 0x89, 0xc7, 0xe8, 0x77, 0xc8, 0xff, 0xff, 0x48, 0x89, 0xc6,
  0x48, 0x85, 0xc0, 0x0f, 0x84, 0x18, 0x01, 0x00, 0x00, 0x4c, 0x89, 0xef,
  0x89, 0xda, 0xe8, 0xb1, 0xc9, 0xff, 0xff, 0x49, 0x83, 0x2c, 0x24, 0x01,
  0x49, 0x89, 0xc5, 0x0f, 0x85, 0xf0, 0xfe, 0xff, 0xff, 0x4c, 0x89, 0xe7,
  0xe8, 0x4b, 0xc5, 0xff, 0xff, 0xe9, 0xe3, 0xfe, 0xff, 0xff, 0xe8, 0xc1,
  0xc6, 0xff, 0xff, 0x90, 0x48, 0x8b, 0x15, 0x61, 0xd3, 0x00, 0x00, 0x48,
  0x8b, 0x35, 0xc2, 0xec, 0x00, 0x00, 0x48, 0x8b, 0x3d, 0x9b, 0xed, 0x00,
  0x00, 0xe8, 0x16, 0xc7, 0xff, 0xff, 0x48, 0x8b, 0x54, 0x24, 0x38, 0x48,
  0x8b, 0x74, 0x24, 0x30, 0x48, 0x8b, 0x7c, 0x24, 0x28, 0xe8, 0x62, 0xc4,
  0xff, 0xff, 0x48, 0x8b, 0x0d, 0x63, 0xed, 0x00, 0x00, 0x48, 0x85, 0xc9,
  0x0f, 0x84, 0xa7, 0x01, 0x00, 0x00, 0x44, 0x8b, 0x05, 0x4b, 0xed, 0x00,
  0x00, 0x41, 0x89, 0xdf, 0x45, 0x31, 0xe4, 0x44, 0x89, 0xc7, 0x83, 0xef,
  0x01, 0x0f, 0x89, 0x4e, 0xfd, 0xff, 0xff, 0x8b, 0x51, 0x08, 0x31, 0xc0,
  0xe9, 0x95, 0xfd, 0xff, 0xff, 0x8b, 0x47, 0x08, 0x45, 0x31, 0xe4, 0x66,
  0x0f, 0x1f, 0x84, 0x00, 0x00, 0x00, 0x00, 0x00, 0x41, 0x39, 0xc7, 0x0f,
  0x9f, 0xc0, 0x0f, 0xb6, 0xc0, 0x41, 0x01, 0xc4, 0x44, 0x39, 0xe2, 0x0f,
  0x8e, 0xbf, 0x00, 0x00, 0x00, 0x4d, 0x63, 0xc4, 0x49, 0xc1, 0xe0, 0x04,
  0x49, 0x01, 0xf8, 0x45, 0x3b, 0x78, 0x08, 0x0f, 0x84, 0xe2, 0x01, 0x00,
  0x00, 0x8b, 0x05, 0xf5, 0xec, 0x00, 0x00, 0x39, 0xc2, 0x0f, 0x84, 0xab,
  0x00, 0x00, 0x00, 0x48, 0x63, 0xf6, 0x89, 0xd1, 0x48, 0xc1, 0xe6, 0x04,
  0x48, 0x01, 0xfe, 0x0f, 0x1f, 0x44, 0x00, 0x00, 0xf3, 0x0f, 0x6f, 0x06,
  0x48, 0x63, 0xc1, 0x83, 0xe9, 0x01, 0x48, 0x83, 0xee, 0x10, 0x48, 0xc1,
  0xe0, 0x04, 0x0f, 0x11, 0x04, 0x07, 0x44, 0x39, 0xe1, 0x7f, 0xe5, 0x83,
  0xc2, 0x01, 0x45, 0x89, 0x78, 0x08, 0x4d, 0x89, 0x28, 0x89, 0x15, 0xad,
  0xec, 0x00, 0x00, 0x49, 0x83, 0x45, 0x00, 0x01, 0xe9, 0x38, 0xfd, 0xff,
  0xff, 0x49, 0x83, 0x2c, 0x24, 0x01, 0x75, 0x0c, 0x4c, 0x89, 0xe7, 0xe8,
  0x44, 0xc4, 0xff, 0xff, 0x0f, 0x1f, 0x40, 0x00, 0x48, 0x8b, 0x7c, 0x24,
  0x28, 0x48, 0x85, 0xff, 0x74, 0x0a, 0x48, 0x83, 0x2f, 0x01, 0x0f, 0x84,
  0x90, 0x00, 0x00, 0x00, 0x48, 0x8b, 0x7c, 0x24, 0x30, 0x48, 0x85, 0xff,
  0x74, 0x06, 0x48, 0x83, 0x2f, 0x01, 0x74, 0x79, 0x48, 0x8b, 0x7c, 0x24,
  0x38, 0x48, 0x85, 0xff, 0x0f, 0x84, 0x30, 0xfd, 0xff, 0xff, 0x48, 0x83,
  0x2f, 0x01, 0x0f, 0x85, 0x26, 0xfd, 0xff, 0xff, 0xe9, 0x52, 0xfd, 0xff,
  0xff, 0x41, 0x89, 0xd4, 0x8b, 0x05, 0x4a, 0xec, 0x00, 0x00, 0x39, 0xc2,
  0x0f, 0x85, 0xe5, 0x00, 0x00, 0x00, 0x44, 0x8d, 0x70, 0x40, 0x49, 0x63,
  0xf6, 0x48, 0xc1, 0xe6, 0x04, 0xe8, 0xae, 0xc4, 0xff, 0xff, 0x48, 0x89,
  0xc7, 0x48, 0x85, 0xc0, 0x0f, 0x84, 0xb7, 0xfc, 0xff, 0xff, 0x4d, 0x63,
  0xc4, 0x8b, 0x15, 0x19, 0xec, 0x00, 0x00, 0x48, 0x89, 0x05, 0x1a, 0xec,
  0x00, 0x00, 0x49, 0xc1, 0xe0, 0x04, 0x44, 0x89, 0x35, 0x0b, 0xec, 0x00,
  0x00, 0x49, 0x01, 0xc0, 0x44, 0x39, 0xe2, 0x0f, 0x8e, 0x3e, 0xff, 0xff,
  0xff, 0x8d, 0x72, 0xff, 0xe9, 0x0a, 0xff, 0xff, 0xff, 0xe8, 0x9e, 0xc3,
  0xff, 0xff, 0xeb, 0x80, 0xe8, 0x97, 0xc3, 0xff, 0xff, 0xe9, 0x66, 0xff,
  0xff, 0xff, 0x48, 0x8b, 0x35, 0x1b, 0xeb, 0x00, 0x00, 0x48, 0x89, 0x4c,
  0x24, 0x10, 0x48, 0x8b, 0x56, 0x18, 0xe8, 0xad, 0xc5, 0xff, 0xff, 0x48,
  0x8b, 0x4c, 0x24, 0x10, 0x48, 0x89, 0x05, 0x89, 0xe8, 0x00, 0x00, 0x49,
  0x89, 0xc0, 0x48, 0x8b, 0x01, 0x48, 0x8b, 0x40, 0x18, 0x48, 0x89, 0x05,
  0x80, 0xe8, 0x00, 0x00, 0xe9, 0xcc, 0xfa, 0xff, 0xff, 0x48, 0x8b, 0x74,
  0x24, 0x08, 0x48, 0x8b, 0x3c, 0x24, 0x4c, 0x89, 0xfa, 0x41, 0x89, 0xdf,
  0xe8, 0x67, 0xc6, 0xff, 0xff, 0xe9, 0xcf, 0xfc, 0xff, 0xff, 0xbf, 0x00,
  0x04, 0x00, 0x00, 0xe8, 0x38, 0xc7, 0xff, 0xff, 0x48, 0x85, 0xc0, 0x0f,
  0x84, 0x14, 0xfc, 0xff, 0xff, 0x48, 0x8b, 0x15, 0x88, 0xa6, 0x00, 0x00,
  0x48, 0x89, 0x05, 0x79, 0xeb, 0x00, 0x00, 0x44, 0x89, 0x78, 0x08, 0x48,
  0x89, 0x15, 0x66, 0xeb, 0x00, 0x00, 0x4c, 0x89, 0x28, 0x49, 0x83, 0x45,
  0x00, 0x01, 0xe9, 0xee, 0xfb, 0xff, 0xff, 0x4d, 0x63, 0xc4, 0x49, 0xc1,
  0xe0, 0x04, 0x49, 0x01, 0xf8, 0xe9, 0x8d, 0xfe, 0xff, 0xff, 0x48, 0x83,
  0xe8, 0x01, 0x48, 0x89, 0x07, 0x0f, 0x85, 0x90, 0xfa, 0xff, 0xff, 0x48,
  0x8b, 0x05, 0x0e, 0xd1, 0x00, 0x00, 0x49, 0x89, 0xc0, 0x48, 0x89, 0x44,
  0x24, 0x18, 0x4c, 0x89, 0x44, 0x24, 0x10, 0xe8, 0xd4, 0xc2, 0xff, 0xff,
  0x4c, 0x8b, 0x44, 0x24, 0x10, 0x48, 0x8b, 0x44, 0x24, 0x18, 0xe9, 0x46,
  0xfa, 0xff, 0xff, 0x49, 0x8b, 0x38, 0x4d, 0x89, 0x28, 0x48, 0x83, 0x2f,
  0x01, 0x0f, 0x85, 0x9a, 0xfb, 0xff, 0xff, 0xe8, 0xb0, 0xc2, 0xff, 0xff,
  0xe9, 0x90, 0xfb, 0xff, 0xff, 0x4c, 0x8b, 0x05, 0xf4, 0xd0, 0x00, 0x00,
  0x48, 0x8b, 0x05, 0xc5, 0xd0, 0x00, 0x00, 0xeb, 0xb8, 0xe8, 0x66, 0xc6,
  0xff, 0xff, 0x48, 0x89, 0xc7, 0xe9, 0x71, 0xfa, 0xff, 0xff, 0x66, 0x66,
  0x2e, 0x0f, 0x1f, 0x84, 0x00, 0x00, 0x00, 0x00, 0x00, 0x0f, 0x1f, 0x00,
  0x41, 0x55, 0x41, 0x54, 0x55, 0x48, 0x89, 0xf5, 0x53, 0x48, 0x89, 0xfb,
  0x48, 0x89, 0xef, 0x48, 0x83, 0xec, 0x08, 0x48, 0x83, 0x06, 0x01, 0x48,
  0x8b, 0x35, 0x8a, 0xe8, 0x00, 0x00, 0xff, 0x15, 0x7c, 0xea, 0x00, 0x00,
  0x48, 0x85, 0xc0, 0x0f, 0x84, 0xdb, 0x00, 0x00, 0x00, 0x48, 0x83, 0x6d,
  0x00, 0x01, 0x49, 0x89, 0xc5, 0x0f, 0x84, 0xbd, 0x00, 0x00, 0x00, 0x48,
  0x8b, 0x0d, 0x76, 0xe8, 0x00, 0x00, 0x48, 0x8b, 0x15, 0x5f, 0xe8, 0x00,
  0x00, 0x4c, 0x89, 0xef, 0x48, 0x8b, 0x35, 0xa5, 0xe8, 0x00, 0x00, 0xff,
  0x15, 0x3f, 0xea, 0x00, 0x00, 0x48, 0x89, 0xc5, 0x48, 0x85, 0xc0, 0x0f,
  0x84, 0xdb, 0x00, 0x00, 0x00, 0x48, 0x8b, 0x78, 0x10, 0x48, 0x8d, 0x73,
  0x68, 0xe8, 0x4e, 0xc2, 0xff, 0xff, 0x48, 0x8b, 0x43, 0x60, 0x48, 0x89,
  0xdf, 0xff, 0x10, 0x49, 0x89, 0xc4, 0x48, 0x85, 0xc0, 0x0f, 0x84, 0xc8,
  0x00, 0x00, 0x00, 0x48, 0x83, 0x28, 0x01, 0x74, 0x23, 0x48, 0x83, 0x03,
  0x01, 0x49, 0x89, 0xdc, 0x48, 0x83, 0x6d, 0x00, 0x01, 0x74, 0x45, 0x49,
  0x83, 0x6d, 0x00, 0x01, 0x74, 0x1e, 0x48, 0x83, 0xc4, 0x08, 0x4c, 0x89,
  0xe0, 0x5b, 0x5d, 0x41, 0x5c, 0x41, 0x5d, 0xc3, 0x48, 0x89, 0xc7, 0xe8,
  0xc8, 0xc1, 0xff, 0xff, 0xeb, 0xd3, 0x66, 0x0f, 0x1f, 0x44, 0x00, 0x00,
  0x4c, 0x89, 0xef, 0xe8, 0xb8, 0xc1, 0xff, 0xff, 0x48, 0x83, 0xc4, 0x08,
  0x4c, 0x89, 0xe0, 0x5b, 0x5d, 0x41, 0x5c, 0x41, 0x5d, 0xc3, 0x66, 0x2e,
  0x0f, 0x1f, 0x84, 0x00, 0x00, 0x00, 0x00, 0x00, 0x48, 0x89, 0xef, 0xe8,
  0x98, 0xc1, 0xff, 0xff, 0x49, 0x83, 0x6d, 0x00, 0x01, 0x75, 0xb3, 0xeb,
  0xcf, 0x0f, 0x1f, 0x80, 0x00, 0x00, 0x00, 0x00, 0x48, 0x89, 0xef, 0xe8,
  0x80, 0xc1, 0xff, 0xff, 0xe9, 0x36, 0xff, 0xff, 0xff, 0x0f, 0x1f, 0x00,
  0xbe, 0x47, 0x0f, 0x00, 0x00, 0xba, 0x46, 0x01, 0x00, 0x00, 0x48, 0x8d,
  0x0d, 0x6f, 0x9e, 0x00, 0x00, 0x48, 0x8d, 0x3d, 0x30, 0x85, 0x00, 0x00,
  0x49, 0x89, 0xed, 0x45, 0x31, 0xe4, 0xe8, 0x45, 0xf8, 0xff, 0xff, 0x49,
  0x83, 0x6d, 0x00, 0x01, 0x0f, 0x85, 0x6c, 0xff, 0xff, 0xff, 0xeb, 0x88,
  0x0f, 0x1f, 0x84, 0x00, 0x00, 0x00, 0x00, 0x00, 0x4c, 0x89, 0xed, 0xbe,
  0x53, 0x0f, 0x00, 0x00, 0xba, 0x49, 0x01, 0x00, 0x00, 0xeb, 0xc3, 0x48,
  0x8d, 0x0d, 0x32, 0x9e, 0x00, 0x00, 0xba, 0x4b, 0x01, 0x00, 0x00, 0xbe,
  0x67, 0x0f, 0x00, 0x00, 0x48, 0x8d, 0x3d, 0xe9, 0x84, 0x00, 0x00, 0xe8,
  0x04, 0xf8, 0xff, 0xff, 0xe9, 0x23, 0xff, 0xff, 0xff, 0x66, 0x66, 0x2e,
  0x0f, 0x1f, 0x84, 0x00, 0x00, 0x00, 0x00, 0x00, 0x0f, 0x1f, 0x40, 0x00,
  0x41, 0x54, 0x4c, 0x8b, 0x25, 0xdf, 0xe6, 0x00, 0x00, 0x55, 0x48, 0x8b,
  0x2d, 0xef, 0xe8, 0x00, 0x00, 0x53, 0x48, 0x8b, 0x45, 0x08, 0x48, 0x8b,
  0x98, 0x80, 0x00, 0x00, 0x00, 0x48, 0x85, 0xdb, 0x74, 0x6e, 0x48, 0x8d,
  0x3d, 0x77, 0x88, 0x00, 0x00, 0xe8, 0x42, 0xc0, 0xff, 0xff, 0x85, 0xc0,
  0x75, 0x76, 0x31, 0xd2, 0x48, 0x89, 0xef, 0x4c, 0x89, 0xe6, 0xff, 0xd3,
  0x48, 0x89, 0xc5, 0xe8, 0xfc, 0xc2, 0xff, 0xff, 0x48, 0x85, 0xed, 0x74,
  0x67, 0x48, 0x89, 0xef, 0x41, 0xbc, 0xe8, 0x0f, 0x00, 0x00, 0xe8, 0x49,
  0xe9, 0xff, 0xff, 0x48, 0x83, 0x6d, 0x00, 0x01, 0x74, 0x22, 0x44, 0x89,
  0xe6, 0x48, 0x8d, 0x0d, 0x80, 0x9f, 0x00, 0x00, 0xba, 0x04, 0x00, 0x00,
  0x00, 0x48, 0x8d, 0x3d, 0x7c, 0x88, 0x00, 0x00, 0xe8, 0x77, 0xf7, 0xff,
  0xff, 0x5b, 0x31, 0xc0, 0x5d, 0x41, 0x5c, 0xc3, 0x48, 0x89, 0xef, 0xe8,
  0x78, 0xc0, 0xff, 0xff, 0xeb, 0xd4, 0x66, 0x0f, 0x1f, 0x44, 0x00, 0x00,
  0x48, 0x89, 0xef, 0x31, 0xd2, 0x4c, 0x89, 0xe6, 0xe8, 0xb3, 0xc3, 0xff,
  0xff, 0x48, 0x89, 0xc5, 0x48, 0x85, 0xc0, 0x75, 0xa4, 0x0f, 0x1f, 0x00,
  0x41, 0xbc, 0xe4, 0x0f, 0x00, 0x00, 0xeb, 0xae, 0xe8, 0x4b, 0xc2, 0xff,
  0xff, 0x48, 0x85, 0xc0, 0x75, 0xee, 0x48, 0x8b, 0x05, 0x07, 0xce, 0x00,
  0x00, 0x48, 0x8d, 0x35, 0xf8, 0x87, 0x00, 0x00, 0x48, 0x8b, 0x38, 0xe8,
  0xd0, 0xc0, 0xff, 0xff, 0xeb, 0xd6, 0x66, 0x66, 0x2e, 0x0f, 0x1f, 0x84,
  0x00, 0x00, 0x00, 0x00, 0x00, 0x0f, 0x1f, 0x00, 0x41, 0x54, 0x4c, 0x8b,
  0x25, 0x07, 0xe6, 0x00, 0x00, 0x55, 0x48, 0x8b, 0x2d, 0x0f, 0xe8, 0x00,
  0x00, 0x53, 0x48, 0x8b, 0x45, 0x08, 0x48, 0x8b, 0x98, 0x80, 0x00, 0x00,
  0x00, 0x48, 0x85, 0xdb, 0x74, 0x6e, 0x48, 0x8d, 0x3d, 0x97, 0x87, 0x00,
  0x00, 0xe8, 0x62, 0xbf, 0xff, 0xff, 0x85, 0xc0, 0x75, 0x76, 0x31, 0xd2,
  0x48, 0x89, 0xef, 0x4c, 0x89, 0xe6, 0xff, 0xd3, 0x48, 0x89, 0xc5, 0xe8,
  0x1c, 0xc2, 0xff, 0xff, 0x48, 0x85, 0xed, 0x74, 0x67, 0x48, 0x89, 0xef,
  0x41, 0xbc, 0xb0, 0x0f, 0x00, 0x00, 0xe8, 0x69, 0xe8, 0xff, 0xff, 0x48,
  0x83, 0x6d, 0x00, 0x01, 0x74, 0x22, 0x44, 0x89, 0xe6, 0x48, 0x8d, 0x0d,
  0xa0, 0x9e, 0x00, 0x00, 0xba, 0x02, 0x00, 0x00, 0x00, 0x48, 0x8d, 0x3d,
  0xcc, 0x87, 0x00, 0x00, 0xe8, 0x97, 0xf6, 0xff, 0xff, 0x5b, 0x31, 0xc0,
  0x5d, 0x41, 0x5c, 0xc3, 0x48, 0x89, 0xef, 0xe8, 0x98, 0xbf, 0xff, 0xff,
  0xeb, 0xd4, 0x66, 0x0f, 0x1f, 0x44, 0x00, 0x00, 0x48, 0x89, 0xef, 0x31,
  0xd2, 0x4c, 0x89, 0xe6, 0xe8, 0xd3, 0xc2, 0xff, 0xff, 0x48, 0x89, 0xc5,
  0x48, 0x85, 0xc0, 0x75, 0xa4, 0x0f, 0x1f, 0x00, 0x41, 0xbc, 0xac, 0x0f,
  0x00, 0x00, 0xeb, 0xae, 0xe8, 0x6b, 0xc1, 0xff, 0xff, 0x48, 0x85, 0xc0,
  0x75, 0xee, 0x48, 0x8b, 0x05, 0x27, 0xcd, 0x00, 0x00, 0x48, 0x8d, 0x35,
  0x18, 0x87, 0x00, 0x00, 0x48, 0x8b, 0x38, 0xe8, 0xf0, 0xbf, 0xff, 0xff,
  0xeb, 0xd6, 0x66, 0x66, 0x2e, 0x0f, 0x1f, 0x84, 0x00, 0x00, 0x00, 0x00,
  0x00, 0x0f, 0x1f, 0x00, 0x41, 0x57, 0x41, 0x56, 0x41, 0x55, 0x49, 0x89,
  0xf5, 0x41, 0x54, 0x55, 0x48, 0x83, 0xec, 0x10, 0x48, 0x8b, 0x47, 0x08,
  0x48, 0x8b, 0x35, 0xe5, 0xe6, 0x00, 0x00, 0x48, 0x8b, 0x80, 0x90, 0x00,
  0x00, 0x00, 0x48, 0x85, 0xc0, 0x0f, 0x84, 0xe5, 0x02, 0x00, 0x00, 0xff,
  0xd0, 0x48, 0x89, 0xc5, 0x48, 0x85, 0xed, 0x0f, 0x84, 0xef, 0x02, 0x00,
  0x00, 0x4c, 0x8b, 0x25, 0x20, 0xe5, 0x00, 0x00, 0x48, 0x8b, 0x05, 0x61,
  0xcd, 0x00, 0x00, 0x49, 0x39, 0x44, 0x24, 0x08, 0x0f, 0x84, 0x46, 0x01,
  0x00, 0x00, 0x4c, 0x89, 0xe7, 0xe8, 0x76, 0xbf, 0xff, 0xff, 0x49, 0x89,
  0xc4, 0x48, 0x85, 0xc0, 0x0f, 0x84, 0xf2, 0x02, 0x00, 0x00, 0x4c, 0x89,
  0xef, 0x4c, 0x89, 0xe6, 0xe8, 0x1f, 0xbf, 0xff, 0xff, 0x49, 0x89, 0xc5,
  0x48, 0x85, 0xc0, 0x0f, 0x84, 0x03, 0x03, 0x00, 0x00, 0x49, 0x83, 0x2c,
  0x24, 0x01, 0x0f, 0x84, 0xa8, 0x01, 0x00, 0x00, 0x48, 0x8b, 0x7d, 0x08,
  0x48, 0x3b, 0x3d, 0x85, 0xcc, 0x00, 0x00, 0x0f, 0x85, 0x0f, 0x01, 0x00,
  0x00, 0x4c, 0x8b, 0x7d, 0x18, 0x4d, 0x85, 0xff, 0x0f, 0x84, 0x02, 0x01,
  0x00, 0x00, 0x4c, 0x8b, 0x65, 0x10, 0x49, 0x83, 0x07, 0x01, 0x49, 0x83,
  0x04, 0x24, 0x01, 0x48, 0x83, 0x6d, 0x00, 0x01, 0x0f, 0x84, 0x22, 0x02,
  0x00, 0x00, 0xbf, 0x02, 0x00, 0x00, 0x00, 0xe8, 0x28, 0xc0, 0xff, 0xff,
  0x48, 0x89, 0xc5, 0x48, 0x85, 0xc0, 0x0f, 0x84, 0x4c, 0x03, 0x00, 0x00,
  0x49, 0x83, 0x07, 0x01, 0x4c, 0x89, 0x7d, 0x18, 0x49, 0x83, 0x45, 0x00,
  0x01, 0x4c, 0x89, 0x6d, 0x20, 0x49, 0x8b, 0x44, 0x24, 0x08, 0x49, 0x83,
  0x04, 0x24, 0x01, 0x4c, 0x8b, 0xb0, 0x80, 0x00, 0x00, 0x00, 0x4d, 0x85,
  0xf6, 0x0f, 0x84, 0x31, 0x03, 0x00, 0x00, 0x48, 0x8d, 0x3d, 0xda, 0x85,
  0x00, 0x00, 0xe8, 0xa5, 0xbd, 0xff, 0xff, 0x85, 0xc0, 0x0f, 0x85, 0xdd,
  0x02, 0x00, 0x00, 0x31, 0xd2, 0x48, 0x89, 0xee, 0x4c, 0x89, 0xe7, 0x41,
  0xff, 0xd6, 0x49, 0x89, 0xc6, 0xe8, 0x5a, 0xc0, 0xff, 0xff, 0x4d, 0x85,
  0xf6, 0x0f, 0x84, 0x19, 0x03, 0x00, 0x00, 0x48, 0x83, 0x6d, 0x00, 0x01,
  0x0f, 0x84, 0xc6, 0x01, 0x00, 0x00, 0x49, 0x83, 0x2c, 0x24, 0x01, 0x0f,
  0x84, 0xab, 0x01, 0x00, 0x00, 0x49, 0x83, 0x2f, 0x01, 0x0f, 0x84, 0x81,
  0x01, 0x00, 0x00, 0x49, 0x83, 0x6d, 0x00, 0x01, 0x0f, 0x84, 0xc9, 0x00,
  0x00, 0x00, 0x4d, 0x85, 0xf6, 0x0f, 0x84, 0x0d, 0x03, 0x00, 0x00, 0x49,
  0x83, 0x2c, 0x24, 0x01, 0x0f, 0x84, 0xd2, 0x00, 0x00, 0x00, 0x49, 0x83,
  0x2e, 0x01, 0x0f, 0x84, 0xda, 0x00, 0x00, 0x00, 0x48, 0x8b, 0x05, 0x09,
  0xcc, 0x00, 0x00, 0x48, 0x83, 0x00, 0x01, 0x48, 0x83, 0xc4, 0x10, 0x5d,
  0x41, 0x5c, 0x41, 0x5d, 0x41, 0x5e, 0x41, 0x5f, 0xc3, 0x0f, 0x1f, 0x80,
  0x00, 0x00, 0x00, 0x00, 0x49, 0x83, 0x04, 0x24, 0x01, 0xe9, 0xc4, 0xfe,
  0xff, 0xff, 0x66, 0x0f, 0x1f, 0x44, 0x00, 0x00, 0x48, 0x8b, 0x35, 0x29,
  0xcc, 0x00, 0x00, 0x48, 0x39, 0xf7, 0x74, 0x0d, 0xe8, 0xf7, 0xc0, 0xff,
  0xff, 0x85, 0xc0, 0x0f, 0x84, 0x9f, 0x00, 0x00, 0x00, 0x48, 0x8b, 0x55,
  0x10, 0x8b, 0x42, 0x10, 0xa8, 0x08, 0x0f, 0x84, 0x90, 0x00, 0x00, 0x00,
  0x4c, 0x8b, 0x62, 0x08, 0xa8, 0x20, 0x0f, 0x85, 0x0c, 0x02, 0x00, 0x00,
  0x4c, 0x8b, 0x75, 0x18, 0x48, 0x8d, 0x3d, 0xf9, 0x84, 0x00, 0x00, 0xe8,
  0xc4, 0xbc, 0xff, 0xff, 0x85, 0xc0, 0x0f, 0x85, 0xdc, 0x01, 0x00, 0x00,
  0x4c, 0x89, 0xf7, 0x4c, 0x89, 0xee, 0x41, 0xff, 0xd4, 0x49, 0x89, 0xc6,
  0xe8, 0x7b, 0xbf, 0xff, 0xff, 0x4d, 0x85, 0xf6, 0x0f, 0x84, 0xa2, 0x01,
  0x00, 0x00, 0x49, 0x8b, 0x45, 0x00, 0x49, 0x89, 0xec, 0x48, 0x83, 0xe8,
  0x01, 0x49, 0x89, 0x45, 0x00, 0x0f, 0x85, 0x40, 0xff, 0xff, 0xff, 0x4c,
  0x89, 0xef, 0xe8, 0x15, 0xbd, 0xff, 0xff, 0xe9, 0x2a, 0xff, 0xff, 0xff,
  0x4c, 0x89, 0xe7, 0xe8, 0x08, 0xbd, 0xff, 0xff, 0xe9, 0x4b, 0xfe, 0xff,
  0xff, 0x0f, 0x1f, 0x00, 0x4c, 0x89, 0xe7, 0xe8, 0xf8, 0xbc, 0xff, 0xff,
  0x49, 0x83, 0x2e, 0x01, 0x0f, 0x85, 0x26, 0xff, 0xff, 0xff, 0x4c, 0x89,
  0xf7, 0xe8, 0xe6, 0xbc, 0xff, 0xff, 0xe9, 0x19, 0xff, 0xff, 0xff, 0x90,
  0xbf, 0x01, 0x00, 0x00, 0x00, 0xe8, 0x86, 0xbe, 0xff, 0xff, 0x49, 0x89,
  0xc7, 0x48, 0x85, 0xc0, 0x0f, 0x84, 0x5a, 0x01, 0x00, 0x00, 0x49, 0x83,
  0x45, 0x00, 0x01, 0x4c, 0x89, 0x68, 0x18, 0x48, 0x8b, 0x45, 0x08, 0x4c,
  0x8b, 0xa0, 0x80, 0x00, 0x00, 0x00, 0x4d, 0x85, 0xe4, 0x0f, 0x84, 0xe5,
  0x01, 0x00, 0x00, 0x48, 0x8d, 0x3d, 0x46, 0x84, 0x00, 0x00, 0xe8, 0x11,
  0xbc, 0xff, 0xff, 0x85, 0xc0, 0x0f, 0x85, 0x71, 0x01, 0x00, 0x00, 0x31,
  0xd2, 0x4c, 0x89, 0xfe, 0x48, 0x89, 0xef, 0x41, 0xff, 0xd4, 0x49, 0x89,
  0xc6, 0xe8, 0xc6, 0xbe, 0xff, 0xff, 0x4d, 0x85, 0xf6, 0x0f, 0x84, 0x48,
  0x01, 0x00, 0x00, 0x49, 0x83, 0x2f, 0x01, 0x49, 0x89, 0xec, 0x0f, 0x85,
  0x7f, 0xfe, 0xff, 0xff, 0x4c, 0x89, 0xff, 0xe8, 0x68, 0xbc, 0xff, 0xff,
  0xe9, 0x72, 0xfe, 0xff, 0xff, 0x0f, 0x1f, 0x00, 0x48, 0x89, 0xef, 0xe8,
  0x58, 0xbc, 0xff, 0xff, 0xe9, 0xd1, 0xfd, 0xff, 0xff, 0x0f, 0x1f, 0x00,
  0x4c, 0x89, 0xe7, 0xe8, 0x48, 0xbc, 0xff, 0xff, 0xe9, 0x48, 0xfe, 0xff,
  0xff, 0x0f, 0x1f, 0x00, 0x48, 0x89, 0xef, 0xe8, 0x38, 0xbc, 0xff, 0xff,
  0xe9, 0x2d, 0xfe, 0xff, 0xff, 0x0f, 0x1f, 0x00, 0xe8, 0xfb, 0xbf, 0xff,
  0xff, 0x48, 0x89, 0xc5, 0x48, 0x85, 0xed, 0x0f, 0x85, 0x18, 0xfd, 0xff,
  0xff, 0x0f, 0x1f, 0x80, 0x00, 0x00, 0x00, 0x00, 0xbe, 0x49, 0x0e, 0x00,
  0x00, 0x48, 0x8d, 0x0d, 0x14, 0x99, 0x00, 0x00, 0xba, 0x05, 0x01, 0x00,
  0x00, 0x48, 0x8d, 0x3d, 0x50, 0x84, 0x00, 0x00, 0xe8, 0xeb, 0xf2, 0xff,
  0xff, 0x48, 0x83, 0xc4, 0x10, 0x31, 0xc0, 0x5d, 0x41, 0x5c, 0x41, 0x5d,
  0x41, 0x5e, 0x41, 0x5f, 0xc3, 0x0f, 0x1f, 0x00, 0xbe, 0x4b, 0x0e, 0x00,
  0x00, 0x48, 0x83, 0x6d, 0x00, 0x01, 0x75, 0xc9, 0x48, 0x89, 0xef, 0x89,
  0x74, 0x24, 0x0c, 0xe8, 0xd0, 0xbb, 0xff, 0xff, 0x8b, 0x74, 0x24, 0x0c,
  0xeb, 0xb7, 0x66, 0x2e, 0x0f, 0x1f, 0x84, 0x00, 0x00, 0x00, 0x00, 0x00,
  0x48, 0x83, 0x6d, 0x00, 0x01, 0x0f, 0x84, 0x1d, 0x01, 0x00, 0x00, 0x49,
  0x83, 0x2c, 0x24, 0x01, 0xbe, 0x4d, 0x0e, 0x00, 0x00, 0x75, 0x96, 0x4c,
  0x89, 0xe7, 0xe8, 0xa1, 0xbb, 0xff, 0xff, 0xbe, 0x4d, 0x0e, 0x00, 0x00,
  0xeb, 0x87, 0x66, 0x2e, 0x0f, 0x1f, 0x84, 0x00, 0x00, 0x00, 0x00, 0x00,
  0xe8, 0x8b, 0xbd, 0xff, 0xff, 0x48, 0x85, 0xc0, 0x75, 0x16, 0x48, 0x8b,
  0x05, 0x47, 0xc9, 0x00, 0x00, 0x48, 0x8d, 0x35, 0x38, 0x83, 0x00, 0x00,
  0x48, 0x8b, 0x38, 0xe8, 0x10, 0xbc, 0xff, 0xff, 0x49, 0x83, 0x6d, 0x00,
  0x01, 0x74, 0x29, 0xbe, 0x5d, 0x0e, 0x00, 0x00, 0xe9, 0x7c, 0xff, 0xff,
  0xff, 0x0f, 0x1f, 0x80, 0x00, 0x00, 0x00, 0x00, 0x45, 0x31, 0xf6, 0xe9,
  0xf0, 0xfd, 0xff, 0xff, 0x45, 0x31, 0xf6, 0xe9, 0x37, 0xfd, 0xff, 0xff,
  0x0f, 0x1f, 0x84, 0x00, 0x00, 0x00, 0x00, 0x00, 0x49, 0x89, 0xec, 0x45,
  0x31, 0xf6, 0xe9, 0x18, 0xfe, 0xff, 0xff, 0xe8, 0x30, 0xbd, 0xff, 0xff,
  0x49, 0x89, 0xc6, 0x48, 0x85, 0xc0, 0x74, 0x75, 0x45, 0x31, 0xf6, 0xe9,
  0xa3, 0xfe, 0xff, 0xff, 0x45, 0x31, 0xf6, 0xe9, 0x1d, 0xfd, 0xff, 0xff,
  0x0f, 0x1f, 0x84, 0x00, 0x00, 0x00, 0x00, 0x00, 0x31, 0xd2, 0x48, 0x89,
  0xee, 0x4c, 0x89, 0xe7, 0xe8, 0x53, 0xbe, 0xff, 0xff, 0x49, 0x89, 0xc6,
  0xe9, 0xea, 0xfc, 0xff, 0xff, 0x0f, 0x1f, 0x00, 0xe8, 0xf3, 0xbc, 0xff,
  0xff, 0x49, 0x89, 0xc6, 0x48, 0x85, 0xc0, 0x75, 0x9b, 0x48, 0x8b, 0x05,
  0xac, 0xc8, 0x00, 0x00, 0x48, 0x8d, 0x35, 0x9d, 0x82, 0x00, 0x00, 0x48,
  0x8b, 0x38, 0xe8, 0x75, 0xbb, 0xff, 0xff, 0xe9, 0xbf, 0xfc, 0xff, 0xff,
  0x4c, 0x89, 0xe5, 0xe9, 0x5f, 0xff, 0xff, 0xff, 0x31, 0xd2, 0x4c, 0x89,
  0xfe, 0x48, 0x89, 0xef, 0xe8, 0x0b, 0xbe, 0xff, 0xff, 0x49, 0x89, 0xc6,
  0xe9, 0x36, 0xfe, 0xff, 0xff, 0x48, 0x8b, 0x05, 0x74, 0xc8, 0x00, 0x00,
  0x48, 0x8d, 0x35, 0x65, 0x82, 0x00, 0x00, 0x48, 0x8b, 0x38, 0xe8, 0x3d,
  0xbb, 0xff, 0xff, 0xe9, 0x1b, 0xfe, 0xff, 0xff, 0x48, 0x89, 0xef, 0xe8,
  0x90, 0xba, 0xff, 0xff, 0xe9, 0xd6, 0xfe, 0xff, 0xff, 0x66, 0x66, 0x2e,
  0x0f, 0x1f, 0x84, 0x00, 0x00, 0x00, 0x00, 0x00, 0x41, 0x57, 0x41, 0x56,
  0x41, 0x55, 0x49, 0x89, 0xfd, 0x41, 0x54, 0x55, 0x53, 0x48, 0x83, 0xec,
  0x18, 0x4c, 0x8b, 0x35, 0xb8, 0xe0, 0x00, 0x00, 0x4c, 0x8b, 0x66, 0x10,
  0x4c, 0x89, 0x74, 0x24, 0x08, 0x48, 0x85, 0xd2, 0x0f, 0x85, 0x06, 0x04,
  0x00, 0x00, 0x4d, 0x85, 0xe4, 0x0f, 0x84, 0xa1, 0x00, 0x00, 0x00, 0x49,
  0x83, 0xfc, 0x01, 0x0f, 0x84, 0x93, 0x00, 0x00, 0x00, 0x4d, 0x85, 0xe4,
  0x48, 0x8d, 0x05, 0x37, 0x99, 0x00, 0x00, 0x48, 0x8d, 0x0d, 0x27, 0x99,
  0x00, 0x00, 0x48, 0x0f, 0x49, 0xc8, 0x4c, 0x89, 0xe0, 0x48, 0x8d, 0x15,
  0x2b, 0x97, 0x00, 0x00, 0x48, 0xc1, 0xf8, 0x3f, 0x4c, 0x8d, 0x0d, 0x3a,
  0x97, 0x00, 0x00, 0x4d, 0x85, 0xe4, 0x4c, 0x0f, 0x49, 0xca, 0x4c, 0x8d,
  0x40, 0x01, 0x48, 0x83, 0xec, 0x08, 0x48, 0x8b, 0x05, 0x1b, 0xc8, 0x00,
  0x00, 0x41, 0x54, 0x48, 0x8d, 0x15, 0x00, 0x99, 0x00, 0x00, 0x48, 0x8d,
  0x35, 0xbb, 0x82, 0x00, 0x00, 0x48, 0x8b, 0x38, 0x31, 0xc0, 0xe8, 0x79,
  0xbd, 0xff, 0xff, 0x58, 0xbe, 0xb1, 0x0e, 0x00, 0x00, 0x5a, 0x48, 0x8d,
  0x0d, 0xe3, 0x96, 0x00, 0x00, 0xba, 0x07, 0x01, 0x00, 0x00, 0x48, 0x8d,
  0x3d, 0x4f, 0x82, 0x00, 0x00, 0x45, 0x31, 0xe4, 0xe8, 0xb7, 0xf0, 0xff,
  0xff, 0x48, 0x83, 0xc4, 0x18, 0x4c, 0x89, 0xe0, 0x5b, 0x5d, 0x41, 0x5c,
  0x41, 0x5d, 0x41, 0x5e, 0x41, 0x5f, 0xc3, 0x0f, 0x1f, 0x44, 0x00, 0x00,
  0x4c, 0x8b, 0x76, 0x18, 0x49, 0x8b, 0x45, 0x08, 0x48, 0x8b, 0x35, 0x39,
  0xe1, 0x00, 0x00, 0x4c, 0x89, 0xef, 0x48, 0x8b, 0x80, 0x90, 0x00, 0x00,
  0x00, 0x48, 0x85, 0xc0, 0x0f, 0x84, 0x8e, 0x03, 0x00, 0x00, 0xff, 0xd0,
  0x49, 0x89, 0xc4, 0x4d, 0x85, 0xe4, 0x0f, 0x84, 0x90, 0x03, 0x00, 0x00,
  0x49, 0x8b, 0x7c, 0x24, 0x08, 0x48, 0x3b, 0x3d, 0x4c, 0xc7, 0x00, 0x00,
  0x0f, 0x85, 0x5e, 0x01, 0x00, 0x00, 0x49, 0x8b, 0x5c, 0x24, 0x18, 0x48,
  0x85, 0xdb, 0x0f, 0x84, 0x50, 0x01, 0x00, 0x00, 0x4d, 0x8b, 0x7c, 0x24,
  0x10, 0x48, 0x83, 0x03, 0x01, 0x49, 0x83, 0x07, 0x01, 0x49, 0x83, 0x2c,
  0x24, 0x01, 0x0f, 0x84, 0xd0, 0x02, 0x00, 0x00, 0x49, 0x8b, 0x7f, 0x08,
  0x48, 0x8b, 0x35, 0xd5, 0xc7, 0x00, 0x00, 0x48, 0x39, 0xf7, 0x0f, 0x84,
  0x84, 0x00, 0x00, 0x00, 0xe8, 0x9f, 0xbc, 0xff, 0xff, 0x85, 0xc0, 0x75,
  0x7b, 0xbf, 0x01, 0x00, 0x00, 0x00, 0xe8, 0xd1, 0xba, 0xff, 0xff, 0x49,
  0x89, 0xc4, 0x48, 0x85, 0xc0, 0x0f, 0x84, 0xf5, 0x04, 0x00, 0x00, 0x48,
  0x83, 0x03, 0x01, 0x48, 0x89, 0x58, 0x18, 0x49, 0x8b, 0x47, 0x08, 0x48,
  0x8b, 0xa8, 0x80, 0x00, 0x00, 0x00, 0x48, 0x85, 0xed, 0x0f, 0x84, 0x7c,
  0x04, 0x00, 0x00, 0x48, 0x8d, 0x3d, 0x92, 0x80, 0x00, 0x00, 0xe8, 0x5d,
  0xb8, 0xff, 0xff, 0x85, 0xc0, 0x0f, 0x85, 0x82, 0x05, 0x00, 0x00, 0x31,
  0xd2, 0x4c, 0x89, 0xe6, 0x4c, 0x89, 0xff, 0xff, 0xd5, 0x48, 0x89, 0xc5,
  0xe8, 0x13, 0xbb, 0xff, 0xff, 0x48, 0x85, 0xed, 0x0f, 0x84, 0x8a, 0x05,
  0x00, 0x00, 0x49, 0x83, 0x2c, 0x24, 0x01, 0x0f, 0x84, 0x4f, 0x05, 0x00,
  0x00, 0x48, 0x83, 0x2b, 0x01, 0x75, 0x67, 0xeb, 0x5d, 0x0f, 0x1f, 0x80,
  0x00, 0x00, 0x00, 0x00, 0x49, 0x8b, 0x57, 0x10, 0x8b, 0x42, 0x10, 0xa8,
  0x08, 0x0f, 0x84, 0x76, 0xff, 0xff, 0xff, 0x48, 0x8b, 0x6a, 0x08, 0xa8,
  0x20, 0x0f, 0x85, 0xf5, 0x03, 0x00, 0x00, 0x4d, 0x8b, 0x67, 0x18, 0x48,
  0x8d, 0x3d, 0x2a, 0x80, 0x00, 0x00, 0xe8, 0xf5, 0xb7, 0xff, 0xff, 0x85,
  0xc0, 0x0f, 0x85, 0x5d, 0x04, 0x00, 0x00, 0x48, 0x89, 0xde, 0x4c, 0x89,
  0xe7, 0xff, 0xd5, 0x48, 0x89, 0xc5, 0xe8, 0xad, 0xba, 0xff, 0xff, 0x48,
  0x85, 0xed, 0x0f, 0x84, 0xb4, 0x04, 0x00, 0x00, 0x48, 0x83, 0x2b, 0x01,
  0x0f, 0x85, 0x0e, 0x01, 0x00, 0x00, 0x48, 0x89, 0xdf, 0xe8, 0x52, 0xb8,
  0xff, 0xff, 0x48, 0x85, 0xed, 0x0f, 0x85, 0xfd, 0x00, 0x00, 0x00, 0x66,
  0x0f, 0x1f, 0x84, 0x00, 0x00, 0x00, 0x00, 0x00, 0x49, 0x83, 0x2f, 0x01,
  0x0f, 0x84, 0x26, 0x02, 0x00, 0x00, 0x48, 0x8d, 0x0d, 0x37, 0x95, 0x00,
  0x00, 0xba, 0x1c, 0x01, 0x00, 0x00, 0xbe, 0xdf, 0x0e, 0x00, 0x00, 0x45,
  0x31, 0xe4, 0x48, 0x8d, 0x3d, 0x9b, 0x80, 0x00, 0x00, 0xe8, 0x06, 0xef,
  0xff, 0xff, 0xe9, 0x4a, 0xfe, 0xff, 0xff, 0x90, 0x48, 0x8b, 0x35, 0xa1,
  0xc6, 0x00, 0x00, 0x48, 0x39, 0xf7, 0x74, 0x74, 0xe8, 0x6f, 0xbb, 0xff,
  0xff, 0x85, 0xc0, 0x75, 0x6b, 0x49, 0x8b, 0x44, 0x24, 0x08, 0x48, 0x8b,
  0x2d, 0x57, 0xe0, 0x00, 0x00, 0x48, 0x8b, 0x98, 0x80, 0x00, 0x00, 0x00,
  0x48, 0x85, 0xdb, 0x0f, 0x84, 0x87, 0x04, 0x00, 0x00, 0x48, 0x8d, 0x3d,
  0x78, 0x7f, 0x00, 0x00, 0xe8, 0x43, 0xb7, 0xff, 0xff, 0x85, 0xc0, 0x75,
  0x2d, 0x31, 0xd2, 0x48, 0x89, 0xee, 0x4c, 0x89, 0xe7, 0xff, 0xd3, 0x48,
  0x89, 0xc5, 0xe8, 0xfd, 0xb9, 0xff, 0xff, 0x48, 0x85, 0xed, 0x75, 0x69,
  0x0f, 0x1f, 0x84, 0x00, 0x00, 0x00, 0x00, 0x00, 0xe8, 0xab, 0xb9, 0xff,
  0xff, 0x48, 0x85, 0xc0, 0x0f, 0x84, 0xc2, 0x04, 0x00, 0x00, 0x4d, 0x89,
  0xe7, 0xe9, 0x5a, 0xff, 0xff, 0xff, 0x66, 0x2e, 0x0f, 0x1f, 0x84, 0x00,
  0x00, 0x00, 0x00, 0x00, 0x49, 0x8b, 0x54, 0x24, 0x10, 0x8b, 0x42, 0x10,
  0xa8, 0x04, 0x74, 0x89, 0x48, 0x8b, 0x5a, 0x08, 0xa8, 0x20, 0x0f, 0x85,
  0x70, 0x03, 0x00, 0x00, 0x49, 0x8b, 0x6c, 0x24, 0x18, 0x48, 0x8d, 0x3d,
  0x0c, 0x7f, 0x00, 0x00, 0xe8, 0xd7, 0xb6, 0xff, 0xff, 0x85, 0xc0, 0x75,
  0xc1, 0x31, 0xf6, 0x48, 0x89, 0xef, 0xff, 0xd3, 0x48, 0x89, 0xc5, 0xe8,
  0x94, 0xb9, 0xff, 0xff, 0x48, 0x85, 0xed, 0x74, 0x9f, 0x4d, 0x89, 0xe7,
  0x49, 0x83, 0x2f, 0x01, 0x0f, 0x84, 0xba, 0x00, 0x00, 0x00, 0x48, 0x3b,
  0x2d, 0x83, 0xc5, 0x00, 0x00, 0x0f, 0x85, 0xad, 0x01, 0x00, 0x00, 0x49,
  0x8b, 0x45, 0x08, 0x48, 0x8b, 0x35, 0xc2, 0xdd, 0x00, 0x00, 0x4c, 0x89,
  0xef, 0x48, 0x8b, 0x80, 0x90, 0x00, 0x00, 0x00, 0x48, 0x85, 0xc0, 0x0f,
  0x84, 0x67, 0x02, 0x00, 0x00, 0xff, 0xd0, 0x49, 0x89, 0xc4, 0x4d, 0x85,
  0xe4, 0x0f, 0x84, 0x29, 0x02, 0x00, 0x00, 0x48, 0x8b, 0x45, 0x08, 0x48,
  0x8b, 0x35, 0x96, 0xdd, 0x00, 0x00, 0x4c, 0x89, 0xe2, 0x48, 0x89, 0xef,
  0x48, 0x8b, 0x80, 0x98, 0x00, 0x00, 0x00, 0x48, 0x85, 0xc0, 0x0f, 0x84,
  0xb8, 0x02, 0x00, 0x00, 0xff, 0xd0, 0x89, 0xc2, 0x49, 0x8b, 0x04, 0x24,
  0x48, 0x83, 0xe8, 0x01, 0x49, 0x89, 0x04, 0x24, 0x85, 0xd2, 0x0f, 0x88,
  0x08, 0x01, 0x00, 0x00, 0x48, 0x85, 0xc0, 0x74, 0x63, 0x48, 0x8b, 0x45,
  0x60, 0x48, 0x89, 0xef, 0x4c, 0x89, 0xf6, 0xff, 0x50, 0x08, 0x48, 0x89,
  0xc7, 0x48, 0x85, 0xc0, 0x0f, 0x84, 0xb2, 0x02, 0x00, 0x00, 0x48, 0x83,
  0x28, 0x01, 0x74, 0x54, 0x48, 0x8b, 0x45, 0x00, 0x49, 0x89, 0xec, 0x48,
  0x89, 0x45, 0x00, 0x48, 0x85, 0xc0, 0x0f, 0x85, 0xd1, 0xfc, 0xff, 0xff,
  0x48, 0x89, 0xef, 0xe8, 0x90, 0xb6, 0xff, 0xff, 0xe9, 0xc4, 0xfc, 0xff,
  0xff, 0x0f, 0x1f, 0x00, 0x4c, 0x89, 0xff, 0xe8, 0x80, 0xb6, 0xff, 0xff,
  0xe9, 0x39, 0xff, 0xff, 0xff, 0x0f, 0x1f, 0x00, 0x4c, 0x89, 0xe7, 0xe8,
  0x70, 0xb6, 0xff, 0xff, 0xe9, 0x23, 0xfd, 0xff, 0xff, 0x0f, 0x1f, 0x00,
  0x4c, 0x89, 0xe7, 0xe8, 0x60, 0xb6, 0xff, 0xff, 0xeb, 0x93, 0x66, 0x0f,
  0x1f, 0x44, 0x00, 0x00, 0xe8, 0x53, 0xb6, 0xff, 0xff, 0xeb, 0xa5, 0x90,
  0x48, 0x89, 0xd5, 0x4d, 0x85, 0xe4, 0x0f, 0x84, 0x54, 0x02, 0x00, 0x00,
  0x49, 0x83, 0xfc, 0x01, 0x0f, 0x85, 0xf7, 0xfb, 0xff, 0xff, 0x48, 0x8b,
  0x46, 0x18, 0x48, 0x89, 0xd7, 0x48, 0x89, 0x44, 0x24, 0x08, 0xe8, 0x59,
  0xb5, 0xff, 0xff, 0x48, 0x85, 0xc0, 0x0f, 0x8f, 0xb8, 0x01, 0x00, 0x00,
  0x4c, 0x8b, 0x74, 0x24, 0x08, 0xe9, 0x6a, 0xfc, 0xff, 0xff, 0x66, 0x0f,
  0x1f, 0x44, 0x00, 0x00, 0x4c, 0x89, 0xff, 0xe8, 0x08, 0xb6, 0xff, 0xff,
  0xe9, 0xcd, 0xfd, 0xff, 0xff, 0x0f, 0x1f, 0x00, 0xe8, 0xcb, 0xb9, 0xff,
  0xff, 0x49, 0x89, 0xc4, 0xe9, 0x6a, 0xfc, 0xff, 0xff, 0x0f, 0x1f, 0x00,
  0x48, 0x8d, 0x0d, 0xf1, 0x92, 0x00, 0x00, 0xba, 0x1c, 0x01, 0x00, 0x00,
  0xbe, 0xd1, 0x0e, 0x00, 0x00, 0x48, 0x8d, 0x3d, 0x58, 0x7e, 0x00, 0x00,
  0xe8, 0xc3, 0xec, 0xff, 0xff, 0xe9, 0x07, 0xfc, 0xff, 0xff, 0x66, 0x0f,
  0x1f, 0x44, 0x00, 0x00, 0x48, 0x85, 0xc0, 0x75, 0x08, 0x4c, 0x89, 0xe7,
  0xe8, 0xbb, 0xb5, 0xff, 0xff, 0x48, 0x8d, 0x0d, 0xbc, 0x92, 0x00, 0x00,
  0xba, 0x1d, 0x01, 0x00, 0x00, 0xbe, 0xef, 0x0e, 0x00, 0x00, 0x45, 0x31,
  0xe4, 0x48, 0x8d, 0x3d, 0x20, 0x7e, 0x00, 0x00, 0xe8, 0x8b, 0xec, 0xff,
  0xff, 0x48, 0x8b, 0x45, 0x00, 0x48, 0x83, 0xe8, 0x01, 0xe9, 0xe9, 0xfe,
  0xff, 0xff, 0x66, 0x0f, 0x1f, 0x44, 0x00, 0x00, 0x48, 0x8b, 0x15, 0x91,
  0xdd, 0x00, 0x00, 0x48, 0x85, 0xd2, 0x0f, 0x84, 0xe0, 0x00, 0x00, 0x00,
  0x48, 0x8b, 0x7d, 0x08, 0x48, 0x39, 0xfa, 0x0f, 0x84, 0x36, 0xfe, 0xff,
  0xff, 0x48, 0x8b, 0x8f, 0x58, 0x01, 0x00, 0x00, 0x48, 0x85, 0xc9, 0x0f,
  0x84, 0x43, 0x02, 0x00, 0x00, 0x48, 0x8b, 0x71, 0x10, 0x48, 0x85, 0xf6,
  0x7e, 0x16, 0x31, 0xc0, 0x48, 0x3b, 0x54, 0xc1, 0x18, 0x0f, 0x84, 0x10,
  0xfe, 0xff, 0xff, 0x48, 0x83, 0xc0, 0x01, 0x48, 0x39, 0xc6, 0x75, 0xec,
  0x48, 0x8b, 0x05, 0x4d, 0xc3, 0x00, 0x00, 0x48, 0x8b, 0x4a, 0x18, 0x48,
  0x8d, 0x35, 0xd2, 0x7d, 0x00, 0x00, 0x48, 0x8b, 0x57, 0x18, 0x48, 0x8b,
  0x38, 0x31, 0xc0, 0xe8, 0xac, 0xb8, 0xff, 0xff, 0x48, 0x83, 0x6d, 0x00,
  0x01, 0x75, 0x08, 0x48, 0x89, 0xef, 0xe8, 0x0d, 0xb5, 0xff, 0xff, 0x48,
  0x8d, 0x0d, 0x0e, 0x92, 0x00, 0x00, 0xba, 0x1c, 0x01, 0x00, 0x00, 0xbe,
  0xe2, 0x0e, 0x00, 0x00, 0x45, 0x31, 0xe4, 0x48, 0x8d, 0x3d, 0x72, 0x7d,
  0x00, 0x00, 0xe8, 0xdd, 0xeb, 0xff, 0xff, 0xe9, 0x21, 0xfb, 0xff, 0xff,
  0x0f, 0x1f, 0x84, 0x00, 0x00, 0x00, 0x00, 0x00, 0xba, 0x1d, 0x01, 0x00,
  0x00, 0xbe, 0xed, 0x0e, 0x00, 0x00, 0x48, 0x8d, 0x0d, 0xd7, 0x91, 0x00,
  0x00, 0x48, 0x8d, 0x3d, 0x48, 0x7d, 0x00, 0x00, 0x45, 0x31, 0xe4, 0xe8,
  0xb0, 0xeb, 0xff, 0xff, 0x48, 0x8b, 0x45, 0x00, 0x48, 0x83, 0xe8, 0x01,
  0xe9, 0x0e, 0xfe, 0xff, 0xff, 0x0f, 0x1f, 0x00, 0xe8, 0x7b, 0xb8, 0xff,
  0xff, 0x49, 0x89, 0xc4, 0xe9, 0x91, 0xfd, 0xff, 0xff, 0x0f, 0x1f, 0x00,
  0x45, 0x31, 0xe4, 0xe9, 0x07, 0xfc, 0xff, 0xff, 0x48, 0x8b, 0x05, 0x59,
  0xc2, 0x00, 0x00, 0x48, 0x8d, 0x35, 0x97, 0x93, 0x00, 0x00, 0x48, 0x8b,
  0x38, 0xe8, 0x22, 0xb5, 0xff, 0xff, 0xe9, 0x61, 0xff, 0xff, 0xff, 0x31,
  0xd2, 0x4c, 0x89, 0xe6, 0x4c, 0x89, 0xff, 0xe8, 0xc0, 0xb7, 0xff, 0xff,
  0x48, 0x89, 0xc5, 0xe9, 0x9e, 0xfb, 0xff, 0xff, 0x48, 0x8d, 0x54, 0x24,
  0x08, 0x4c, 0x89, 0xe1, 0x48, 0x89, 0xef, 0x4c, 0x8d, 0x05, 0x5c, 0x93,
  0x00, 0x00, 0x48, 0x8d, 0x35, 0x7f, 0xcd, 0x00, 0x00, 0xe8, 0x8a, 0xda,
  0xff, 0xff, 0x85, 0xc0, 0x0f, 0x89, 0x22, 0xfe, 0xff, 0xff, 0xbe, 0xa3,
  0x0e, 0x00, 0x00, 0xe9, 0x56, 0xfa, 0xff, 0xff, 0x0f, 0x1f, 0x84, 0x00,
  0x00, 0x00, 0x00, 0x00, 0xe8, 0x1b, 0xb6, 0xff, 0xff, 0x89, 0xc2, 0xe9,
  0x40, 0xfd, 0xff, 0xff, 0x0f, 0x1f, 0x40, 0x00, 0x48, 0x83, 0x2b, 0x01,
  0x0f, 0x84, 0x96, 0x00, 0x00, 0x00, 0x4d, 0x89, 0xfc, 0xe9, 0x6c, 0xfc,
  0xff, 0xff, 0x66, 0x0f, 0x1f, 0x44, 0x00, 0x00, 0x31, 0xed, 0xe9, 0x8e,
  0xfc, 0xff, 0xff, 0x90, 0xba, 0x1e, 0x01, 0x00, 0x00, 0xbe, 0xf9, 0x0e,
  0x00, 0x00, 0xe9, 0x1b, 0xff, 0xff, 0xff, 0x90, 0x48, 0x89, 0xd7, 0xe8,
  0x18, 0xb3, 0xff, 0xff, 0x48, 0x89, 0xc3, 0x48, 0x85, 0xc0, 0x0f, 0x8e,
  0xbc, 0xfd, 0xff, 0xff, 0x48, 0x8b, 0x35, 0x05, 0xdb, 0x00, 0x00, 0x48,
  0x89, 0xef, 0x48, 0x8b, 0x56, 0x18, 0xe8, 0xf9, 0xb5, 0xff, 0xff, 0x48,
  0x85, 0xc0, 0x0f, 0x84, 0x58, 0xff, 0xff, 0xff, 0x48, 0x89, 0x44, 0x24,
  0x08, 0x48, 0x8d, 0x43, 0xff, 0xe9, 0x89, 0xfd, 0xff, 0xff, 0x66, 0x90,
  0xe8, 0xab, 0xb5, 0xff, 0xff, 0x48, 0x85, 0xc0, 0x75, 0x86, 0x48, 0x8b,
  0x05, 0x67, 0xc1, 0x00, 0x00, 0x48, 0x8d, 0x35, 0x58, 0x7b, 0x00, 0x00,
  0x48, 0x8b, 0x38, 0xe8, 0x30, 0xb4, 0xff, 0xff, 0x48, 0x83, 0x2b, 0x01,
  0x0f, 0x85, 0x70, 0xff, 0xff, 0xff, 0x66, 0x0f, 0x1f, 0x44, 0x00, 0x00,
  0x48, 0x89, 0xdf, 0xe8, 0x78, 0xb3, 0xff, 0xff, 0xe9, 0x33, 0xfb, 0xff,
  0xff, 0x0f, 0x1f, 0x00, 0x4c, 0x89, 0xe7, 0xe8, 0x68, 0xb3, 0xff, 0xff,
  0xe9, 0xa4, 0xfa, 0xff, 0xff, 0x31, 0xed, 0xe9, 0x92, 0xfa, 0xff, 0xff,
  0x0f, 0x1f, 0x40, 0x00, 0x48, 0x89, 0xee, 0x31, 0xd2, 0x4c, 0x89, 0xe7,
  0x4d, 0x89, 0xe7, 0xe8, 0x98, 0xb6, 0xff, 0xff, 0x48, 0x89, 0xc5, 0xe9,
  0xee, 0xfa, 0xff, 0xff, 0xe8, 0x3b, 0xb5, 0xff, 0xff, 0x48, 0x89, 0xc5,
  0x48, 0x85, 0xc0, 0x75, 0xd0, 0x48, 0x8b, 0x05, 0xf4, 0xc0, 0x00, 0x00,
  0x48, 0x8d, 0x35, 0xe5, 0x7a, 0x00, 0x00, 0x48, 0x8b, 0x38, 0xe8, 0xbd,
  0xb3, 0xff, 0xff, 0xe9, 0x4e, 0xfa, 0xff, 0xff, 0x48, 0x89, 0xf8, 0x0f,
  0x1f, 0x44, 0x00, 0x00, 0x48, 0x8b, 0x80, 0x00, 0x01, 0x00, 0x00, 0x48,
  0x39, 0xc2, 0x0f, 0x84, 0xcb, 0xfb, 0xff, 0xff, 0x48, 0x85, 0xc0, 0x75,
  0xeb, 0x48, 0x3b, 0x15, 0x54, 0xc1, 0x00, 0x00, 0x0f, 0x84, 0xb9, 0xfb,
  0xff, 0xff, 0xe9, 0xad, 0xfd, 0xff, 0xff, 0x66, 0x0f, 0x1f, 0x84, 0x00,
  0x00, 0x00, 0x00, 0x00, 0x48, 0x8b, 0x05, 0xa1, 0xc0, 0x00, 0x00, 0x48,
  0x8d, 0x35, 0x92, 0x7a, 0x00, 0x00, 0x48, 0x8b, 0x38, 0xe8, 0x6a, 0xb3,
  0xff, 0xff, 0xe9, 0x23, 0xfb, 0xff, 0xff, 0x0f, 0x1f, 0x44, 0x00, 0x00,
  0x41, 0x57, 0x41, 0x56, 0x41, 0x55, 0x41, 0x54, 0x55, 0x53, 0x48, 0x83,
  0xec, 0x28, 0x48, 0x8b, 0x05, 0x2b, 0xdb, 0x00, 0x00, 0x48, 0x8b, 0x0d,
  0x24, 0xd8, 0x00, 0x00, 0x48, 0x89, 0x7c, 0x24, 0x10, 0x48, 0x39, 0x48,
  0x18, 0x0f, 0x85, 0x8d, 0x07, 0x00, 0x00, 0x48, 0x8b, 0x05, 0x06, 0xd8,
  0x00, 0x00, 0x48, 0x85, 0xc0, 0x0f, 0x84, 0x55, 0x06, 0x00, 0x00, 0x48,
  0x83, 0x00, 0x01, 0x48, 0x8b, 0x2d, 0xf2, 0xd7, 0x00, 0x00, 0x48, 0x85,
  0xed, 0x0f, 0x84, 0x91, 0x06, 0x00, 0x00, 0x48, 0x8b, 0x45, 0x08, 0x48,
  0x8b, 0x35, 0xd6, 0xd9, 0x00, 0x00, 0x48, 0x89, 0xef, 0x48, 0x8b, 0x80,
  0x90, 0x00, 0x00, 0x00, 0x48, 0x85, 0xc0, 0x0f, 0x84, 0x73, 0x07, 0x00,
  0x00, 0xff, 0xd0, 0x49, 0x89, 0xc5, 0x48, 0x8b, 0x45, 0x00, 0x48, 0x83,
  0xe8, 0x01, 0x4d, 0x85, 0xed, 0x0f, 0x84, 0x6d, 0x07, 0x00, 0x00, 0x48,
  0x89, 0x45, 0x00, 0x48, 0x85, 0xc0, 0x0f, 0x84, 0x30, 0x05, 0x00, 0x00,
  0xe8, 0xdb, 0xb4, 0xff, 0xff, 0x49, 0x89, 0xc1, 0x48, 0x85, 0xc0, 0x0f,
  0x84, 0xf7, 0x07, 0x00, 0x00, 0x48, 0x8b, 0x05, 0x98, 0xda, 0x00, 0x00,
  0x48, 0x8b, 0x1d, 0x81, 0xd7, 0x00, 0x00, 0x48, 0x39, 0x58, 0x18, 0x0f,
  0x85, 0xd7, 0x0a, 0x00, 0x00, 0x48, 0x8b, 0x05, 0x68, 0xd7, 0x00, 0x00,
  0x48, 0x85, 0xc0, 0x0f, 0x84, 0x67, 0x0b, 0x00, 0x00, 0x48, 0x83, 0x00,
  0x01, 0x4c, 0x8b, 0x25, 0x54, 0xd7, 0x00, 0x00, 0x4d, 0x85, 0xe4, 0x0f,
  0x84, 0x03, 0x0b, 0x00, 0x00, 0x49, 0x8b, 0x44, 0x24, 0x08, 0x4c, 0x89,
  0x4c, 0x24, 0x08, 0x4c, 0x89, 0xe7, 0x48, 0x8b, 0x35, 0x37, 0xd8, 0x00,
  0x00, 0x48, 0x8b, 0x80, 0x90, 0x00, 0x00, 0x00, 0x48, 0x85, 0xc0, 0x0f,
  0x84, 0xff, 0x0a, 0x00, 0x00, 0xff, 0xd0, 0x4c, 0x8b, 0x4c, 0x24, 0x08,
  0x49, 0x89, 0xc7, 0x4d, 0x85, 0xff, 0x0f, 0x84, 0x04, 0x0b, 0x00, 0x00,
  0x49, 0x83, 0x2c, 0x24, 0x01, 0x0f, 0x84, 0xb1, 0x04, 0x00, 0x00, 0x48,
  0x8b, 0x35, 0x12, 0xd9, 0x00, 0x00, 0x4c, 0x89, 0xcf, 0x4c, 0x89, 0xfa,
  0x4c, 0x89, 0x4c, 0x24, 0x08, 0xe8, 0xca, 0xb4, 0xff, 0xff, 0x4c, 0x8b,
  0x4c, 0x24, 0x08, 0x85, 0xc0, 0x0f, 0x88, 0x1d, 0x0a, 0x00, 0x00, 0x49,
  0x83, 0x2f, 0x01, 0x0f, 0x84, 0xa3, 0x04, 0x00, 0x00, 0x49, 0x8b, 0x45,
  0x08, 0x4c, 0x8b, 0x25, 0x78, 0xd7, 0x00, 0x00, 0x48, 0x8b, 0xa8, 0x80,
  0x00, 0x00, 0x00, 0x48, 0x85, 0xed, 0x0f, 0x84, 0xc0, 0x04, 0x00, 0x00,
  0x48, 0x8d, 0x3d, 0xf1, 0x78, 0x00, 0x00, 0x4c, 0x89, 0x4c, 0x24, 0x08,
  0xe8, 0xb7, 0xb0, 0xff, 0xff, 0x4c, 0x8b, 0x4c, 0x24, 0x08, 0x85, 0xc0,
  0x0f, 0x85, 0x62, 0x0c, 0x00, 0x00, 0x4c, 0x89, 0xca, 0x4c, 0x89, 0xe6,
  0x4c, 0x89, 0xef, 0xff, 0xd5, 0x49, 0x89, 0xc4, 0xe8, 0x67, 0xb3, 0xff,
  0xff, 0x4d, 0x85, 0xe4, 0x4c, 0x8b, 0x4c, 0x24, 0x08, 0x0f, 0x84, 0x59,
  0x0d, 0x00, 0x00, 0x49, 0x83, 0x6d, 0x00, 0x01, 0x0f, 0x84, 0xb6, 0x04,
  0x00, 0x00, 0x49, 0x83, 0x29, 0x01, 0x0f, 0x84, 0x9c, 0x04, 0x00, 0x00,
  0x48, 0x8b, 0x05, 0x7d, 0xd9, 0x00, 0x00, 0x48, 0x8b, 0x15, 0x56, 0xd6,
  0x00, 0x00, 0x48, 0x39, 0x50, 0x18, 0x0f, 0x85, 0xec, 0x0b, 0x00, 0x00,
  0x48, 0x8b, 0x05, 0x3d, 0xd6, 0x00, 0x00, 0x48, 0x85, 0xc0, 0x0f, 0x84,
  0xac, 0x0c, 0x00, 0x00, 0x48, 0x83, 0x00, 0x01, 0x48, 0x8b, 0x1d, 0x29,
  0xd6, 0x00, 0x00, 0x48, 0x85, 0xdb, 0x0f, 0x84, 0x48, 0x0c, 0x00, 0x00,
  0x48, 0x8b, 0x43, 0x08, 0x48, 0x8b, 0x35, 0x2d, 0xd8, 0x00, 0x00, 0x48,
  0x89, 0xdf, 0x48, 0x8b, 0x80, 0x90, 0x00, 0x00, 0x00, 0x48, 0x85, 0xc0,
  0x0f, 0x84, 0x1a, 0x0d, 0x00, 0x00, 0xff, 0xd0, 0x48, 0x89, 0xc5, 0x48,
  0x85, 0xed, 0x0f, 0x84, 0x4c, 0x0c, 0x00, 0x00, 0x48, 0x83, 0x2b, 0x01,
  0x0f, 0x84, 0x52, 0x04, 0x00, 0x00, 0xe8, 0x3d, 0xb3, 0xff, 0xff, 0x49,
  0x89, 0xc7, 0x48, 0x85, 0xc0, 0x0f, 0x84, 0x01, 0x0d, 0x00, 0x00, 0x48,
  0x8b, 0x05, 0xfa, 0xd8, 0x00, 0x00, 0x48, 0x8b, 0x0d, 0xc3, 0xd5, 0x00,
  0x00, 0x48, 0x39, 0x48, 0x18, 0x0f, 0x85, 0x31, 0x0d, 0x00, 0x00, 0x48,
  0x8b, 0x05, 0xaa, 0xd5, 0x00, 0x00, 0x48, 0x85, 0xc0, 0x0f, 0x84, 0xa9,
  0x0d, 0x00, 0x00, 0x48, 0x83, 0x00, 0x01, 0x4c, 0x8b, 0x2d, 0x96, 0xd5,
  0x00, 0x00, 0x4d, 0x85, 0xed, 0x0f, 0x84, 0x55, 0x0d, 0x00, 0x00, 0x49,
  0x8b, 0x45, 0x08, 0x48, 0x8b, 0x35, 0xa2, 0xd6, 0x00, 0x00, 0x4c, 0x89,
  0xef, 0x48, 0x8b, 0x80, 0x90, 0x00, 0x00, 0x00, 0x48, 0x85, 0xc0, 0x0f,
  0x84, 0x67, 0x0d, 0x00, 0x00, 0xff, 0xd0, 0x49, 0x89, 0xc6, 0x4d, 0x85,
  0xf6, 0x0f, 0x84, 0x41, 0x0d, 0x00, 0x00, 0x49, 0x83, 0x6d, 0x00, 0x01,
  0x0f, 0x84, 0x56, 0x03, 0x00, 0x00, 0x48, 0x8b, 0x35, 0x7f, 0xd7, 0x00,
  0x00, 0x4c, 0x89, 0xf2, 0x4c, 0x89, 0xff, 0xe8, 0x3c, 0xb3, 0xff, 0xff,
  0x85, 0xc0, 0x0f, 0x88, 0xa4, 0x0c, 0x00, 0x00, 0x49, 0x83, 0x2e, 0x01,
  0x0f, 0x84, 0x42, 0x03, 0x00, 0x00, 0x48, 0x8b, 0x45, 0x08, 0x4c, 0x8b,
  0x35, 0xe7, 0xd5, 0x00, 0x00, 0x4c, 0x8b, 0xa8, 0x80, 0x00, 0x00, 0x00,
  0x4d, 0x85, 0xed, 0x0f, 0x84, 0x17, 0x0b, 0x00, 0x00, 0x48, 0x8d, 0x3d,
  0x68, 0x77, 0x00, 0x00, 0xe8, 0x33, 0xaf, 0xff, 0xff, 0x85, 0xc0, 0x0f,
  0x85, 0x0b, 0x0a, 0x00, 0x00, 0x4c, 0x89, 0xfa, 0x4c, 0x89, 0xf6, 0x48,
  0x89, 0xef, 0x41, 0xff, 0xd5, 0x48, 0x89, 0xc3, 0x48, 0x89, 0x44, 0x24,
  0x08, 0xe8, 0xe2, 0xb1, 0xff, 0xff, 0x48, 0x85, 0xdb, 0x0f, 0x84, 0xa9,
  0x0e, 0x00, 0x00, 0x48, 0x83, 0x6d, 0x00, 0x01, 0x0f, 0x84, 0x9e, 0x08,
  0x00, 0x00, 0x49, 0x83, 0x2f, 0x01, 0x0f, 0x84, 0x84, 0x08, 0x00, 0x00,
  0x48, 0x8b, 0x05, 0xfd, 0xd7, 0x00, 0x00, 0x48, 0x8b, 0x15, 0xb6, 0xd4,
  0x00, 0x00, 0x48, 0x39, 0x50, 0x18, 0x0f, 0x85, 0x6c, 0x0d, 0x00, 0x00,
  0x48, 0x8b, 0x05, 0x9d, 0xd4, 0x00, 0x00, 0x48, 0x85, 0xc0, 0x0f, 0x84,
  0x0c, 0x0e, 0x00, 0x00, 0x48, 0x83, 0x00, 0x01, 0x48, 0x8b, 0x2d, 0x89,
  0xd4, 0x00, 0x00, 0x48, 0x85, 0xed, 0x0f, 0x84, 0xa8, 0x0d, 0x00, 0x00,
  0x48, 0x8b, 0x45, 0x08, 0x48, 0x8b, 0x35, 0xad, 0xd6, 0x00, 0x00, 0x48,
  0x89, 0xef, 0x48, 0x8b, 0x80, 0x90, 0x00, 0x00, 0x00, 0x48, 0x85, 0xc0,
  0x0f, 0x84, 0xa2, 0x0d, 0x00, 0x00, 0xff, 0xd0, 0x49, 0x89, 0xc7, 0x4d,
  0x85, 0xff, 0x0f, 0x84, 0xa4, 0x0d, 0x00, 0x00, 0x48, 0x83, 0x6d, 0x00,
  0x01, 0x0f, 0x84, 0x01, 0x09, 0x00, 0x00, 0xe8, 0xbc, 0xb1, 0xff, 0xff,
  0x49, 0x89, 0xc6, 0x48, 0x85, 0xc0, 0x0f, 0x84, 0xa0, 0x0e, 0x00, 0x00,
  0x48, 0x8b, 0x05, 0x79, 0xd7, 0x00, 0x00, 0x48, 0x8b, 0x15, 0x22, 0xd4,
  0x00, 0x00, 0x48, 0x39, 0x50, 0x18, 0x0f, 0x85, 0x18, 0x0f, 0x00, 0x00,
  0x48, 0x8b, 0x05, 0x09, 0xd4, 0x00, 0x00, 0x48, 0x85, 0xc0, 0x0f, 0x84,
  0x50, 0x0f, 0x00, 0x00, 0x48, 0x83, 0x00, 0x01, 0x48, 0x8b, 0x2d, 0xf5,
  0xd3, 0x00, 0x00, 0x48, 0x85, 0xed, 0x0f, 0x84, 0x1c, 0x0f, 0x00, 0x00,
  0x48, 0x8b, 0x45, 0x08, 0x48, 0x8b, 0x35, 0x21, 0xd5, 0x00, 0x00, 0x48,
  0x89, 0xef, 0x48, 0x8b, 0x80, 0x90, 0x00, 0x00, 0x00, 0x48, 0x85, 0xc0,
  0x0f, 0x84, 0x0e, 0x0f, 0x00, 0x00, 0xff, 0xd0, 0x49, 0x89, 0xc5, 0x48,
  0x8b, 0x45, 0x00, 0x48, 0x83, 0xe8, 0x01, 0x4d, 0x85, 0xed, 0x0f, 0x84,
  0x68, 0x0f, 0x00, 0x00, 0x48, 0x89, 0x45, 0x00, 0x48, 0x85, 0xc0, 0x0f,
  0x84, 0x23, 0x0a, 0x00, 0x00, 0x48, 0x8b, 0x35, 0xf4, 0xd5, 0x00, 0x00,
  0x4c, 0x89, 0xea, 0x4c, 0x89, 0xf7, 0xe8, 0xb1, 0xb1, 0xff, 0xff, 0x85,
  0xc0, 0x0f, 0x88, 0x29, 0x0e, 0x00, 0x00, 0x49, 0x83, 0x6d, 0x00, 0x01,
  0x0f, 0x84, 0xfe, 0x0a, 0x00, 0x00, 0x49, 0x8b, 0x47, 0x08, 0x4c, 0x8b,
  0x2d, 0x63, 0xd4, 0x00, 0x00, 0x48, 0x8b, 0xa8, 0x80, 0x00, 0x00, 0x00,
  0x48, 0x85, 0xed, 0x0f, 0x84, 0x6b, 0x0c, 0x00, 0x00, 0x48, 0x8d, 0x3d,
  0xdc, 0x75, 0x00, 0x00, 0xe8, 0xa7, 0xad, 0xff, 0xff, 0x85, 0xc0, 0x0f,
  0x85, 0x71, 0x0c, 0x00, 0x00, 0x4c, 0x89, 0xf2, 0x4c, 0x89, 0xee, 0x4c,
  0x89, 0xff, 0xff, 0xd5, 0x48, 0x89, 0xc3, 0xe8, 0x5c, 0xb0, 0xff, 0xff,
  0x48, 0x85, 0xdb, 0x0f, 0x84, 0x90, 0x0f, 0x00, 0x00, 0x49, 0x83, 0x2f,
  0x01, 0x0f, 0x84, 0x09, 0x0b, 0x00, 0x00, 0x49, 0x83, 0x2e, 0x01, 0x0f,
  0x84, 0xef, 0x0a, 0x00, 0x00, 0x41, 0xbf, 0x01, 0x00, 0x00, 0x00, 0x31,
  0xed, 0x48, 0x8b, 0x44, 0x24, 0x10, 0x48, 0x8b, 0x40, 0x68, 0x48, 0x8b,
  0x3c, 0xe8, 0xe8, 0xd5, 0xb0, 0xff, 0xff, 0x49, 0x89, 0xc5, 0x48, 0x85,
  0xc0, 0x0f, 0x84, 0x71, 0x0c, 0x00, 0x00, 0x49, 0x8b, 0x44, 0x24, 0x08,
  0x4c, 0x8b, 0x35, 0x75, 0xbc, 0x00, 0x00, 0x4c, 0x39, 0xf0, 0x0f, 0x84,
  0xc4, 0x07, 0x00, 0x00, 0x48, 0x8b, 0x40, 0x68, 0x48, 0x85, 0xc0, 0x0f,
  0x84, 0x67, 0x08, 0x00, 0x00, 0x48, 0x8b, 0x40, 0x28, 0x48, 0x85, 0xc0,
  0x0f, 0x84, 0x5a, 0x08, 0x00, 0x00, 0x4c, 0x89, 0xea, 0x48, 0x89, 0xee,
  0x4c, 0x89, 0xe7, 0xff, 0xd0, 0x85, 0xc0, 0x0f, 0x88, 0x17, 0x0d, 0x00,
  0x00, 0x49, 0x83, 0x6d, 0x00, 0x01, 0x0f, 0x84, 0xcc, 0x07, 0x00, 0x00,
  0x48, 0x83, 0xfd, 0x01, 0x0f, 0x87, 0xaa, 0x03, 0x00, 0x00, 0x48, 0x8b,
  0x44, 0x24, 0x10, 0x48, 0x8b, 0x40, 0x70, 0x48, 0x8b, 0x3c, 0xe8, 0xe8,
  0x60, 0xb0, 0xff, 0xff, 0x49, 0x89, 0xc5, 0x48, 0x85, 0xc0, 0x0f, 0x84,
  0x1a, 0x0f, 0x00, 0x00, 0x48, 0x8b, 0x44, 0x24, 0x08, 0x48, 0x8b, 0x40,
  0x08, 0x4c, 0x39, 0xf0, 0x0f, 0x84, 0xc2, 0x07, 0x00, 0x00, 0x48, 0x8b,
  0x40, 0x68, 0x48, 0x85, 0xc0, 0x0f, 0x84, 0x35, 0x0e, 0x00, 0x00, 0x48,
  0x8b, 0x40, 0x28, 0x48, 0x85, 0xc0, 0x0f, 0x84, 0x28, 0x0e, 0x00, 0x00,
  0x48, 0x8b, 0x7c, 0x24, 0x08, 0x4c, 0x89, 0xea, 0x48, 0x89, 0xee, 0xff,
  0xd0, 0x41, 0x89, 0xc6, 0x45, 0x85, 0xf6, 0x0f, 0x88, 0xe7, 0x0e, 0x00,
  0x00, 0x49, 0x83, 0x6d, 0x00, 0x01, 0x75, 0x08, 0x4c, 0x89, 0xef, 0xe8,
  0x10, 0xad, 0xff, 0xff, 0x48, 0x83, 0xc5, 0x01, 0x49, 0x83, 0xc7, 0x01,
  0xe9, 0x0c, 0xff, 0xff, 0xff, 0x0f, 0x1f, 0x00, 0x48, 0x89, 0xef, 0xe8,
  0xf8, 0xac, 0xff, 0xff, 0xe9, 0xc3, 0xfa, 0xff, 0xff, 0x0f, 0x1f, 0x00,
  0x4c, 0x89, 0xe7, 0x4c, 0x89, 0x4c, 0x24, 0x08, 0xe8, 0xe3, 0xac, 0xff,
  0xff, 0x4c, 0x8b, 0x4c, 0x24, 0x08, 0xe9, 0x38, 0xfb, 0xff, 0xff, 0x66,
  0x0f, 0x1f, 0x84, 0x00, 0x00, 0x00, 0x00, 0x00, 0x4c, 0x89, 0xff, 0xe8,
  0xc8, 0xac, 0xff, 0xff, 0x4c, 0x8b, 0x4c, 0x24, 0x08, 0xe9, 0x4b, 0xfb,
  0xff, 0xff, 0x66, 0x0f, 0x1f, 0x44, 0x00, 0x00, 0x4c, 0x89, 0xef, 0xe8,
  0xb0, 0xac, 0xff, 0xff, 0xe9, 0x9d, 0xfc, 0xff, 0xff, 0x0f, 0x1f, 0x00,
  0x4c, 0x89, 0xf7, 0xe8, 0xa0, 0xac, 0xff, 0xff, 0xe9, 0xb1, 0xfc, 0xff,
  0xff, 0x0f, 0x1f, 0x00, 0x4c, 0x89, 0xca, 0x4c, 0x89, 0xe6, 0x4c, 0x89,
  0xef, 0x4c, 0x89, 0x4c, 0x24, 0x08, 0xe8, 0xd5, 0xaf, 0xff, 0xff, 0x4c,
  0x8b, 0x4c, 0x24, 0x08, 0x48, 0x85, 0xc0, 0x49, 0x89, 0xc4, 0x0f, 0x85,
  0x5b, 0xfb, 0xff, 0xff, 0xe9, 0xc5, 0x08, 0x00, 0x00, 0x0f, 0x1f, 0x80,
  0x00, 0x00, 0x00, 0x00, 0x4c, 0x89, 0xcf, 0xe8, 0x60, 0xac, 0xff, 0xff,
  0xe9, 0x57, 0xfb, 0xff, 0xff, 0x0f, 0x1f, 0x00, 0x4c, 0x89, 0xef, 0x4c,
  0x89, 0x4c, 0x24, 0x08, 0xe8, 0x4b, 0xac, 0xff, 0xff, 0x4c, 0x8b, 0x4c,
  0x24, 0x08, 0xe9, 0x33, 0xfb, 0xff, 0xff, 0x90, 0x48, 0x89, 0xdf, 0xe8,
  0x38, 0xac, 0xff, 0xff, 0xe9, 0xa1, 0xfb, 0xff, 0xff, 0x0f, 0x1f, 0x00,
  0x48, 0x8b, 0x3d, 0xa1, 0xd4, 0x00, 0x00, 0x4c, 0x8b, 0x25, 0x2a, 0xd3,
  0x00, 0x00, 0x48, 0x8b, 0x47, 0x08, 0x4c, 0x89, 0xe6, 0x48, 0x8b, 0x80,
  0x90, 0x00, 0x00, 0x00, 0x48, 0x85, 0xc0, 0x0f, 0x84, 0x7b, 0x0d, 0x00,
  0x00, 0xff, 0xd0, 0x48, 0x89, 0xc5, 0x48, 0x85, 0xed, 0x0f, 0x85, 0x8c,
  0xf9, 0xff, 0xff, 0x48, 0x8b, 0x05, 0x7e, 0xba, 0x00, 0x00, 0x4c, 0x89,
  0xe2, 0x48, 0x8d, 0x35, 0xb9, 0x88, 0x00, 0x00, 0x48, 0x8b, 0x38, 0x31,
  0xc0, 0xe8, 0x72, 0xaf, 0xff, 0xff, 0x66, 0x90, 0x31, 0xdb, 0x45, 0x31,
  0xe4, 0x41, 0xb8, 0xe2, 0x0b, 0x00, 0x00, 0xba, 0xd5, 0x00, 0x00, 0x00,
  0x48, 0xc7, 0x44, 0x24, 0x08, 0x00, 0x00, 0x00, 0x00, 0x0f, 0x1f, 0x80,
  0x00, 0x00, 0x00, 0x00, 0x48, 0x8d, 0x0d, 0xc1, 0x88, 0x00, 0x00, 0x44,
  0x89, 0xc6, 0x48, 0x8d, 0x3d, 0xb7, 0x74, 0x00, 0x00, 0xe8, 0x9a, 0xe2,
  0xff, 0xff, 0x4d, 0x85, 0xe4, 0x74, 0x0a, 0x49, 0x83, 0x2c, 0x24, 0x01,
  0x74, 0x7e, 0x45, 0x31, 0xe4, 0x48, 0x83, 0x7c, 0x24, 0x08, 0x00, 0x74,
  0x16, 0x48, 0x8b, 0x4c, 0x24, 0x08, 0x48, 0x8b, 0x01, 0x48, 0x89, 0x44,
  0x24, 0x10, 0x48, 0x83, 0xe8, 0x01, 0x48, 0x89, 0x01, 0x74, 0x2d, 0x48,
  0x85, 0xdb, 0x74, 0x06, 0x48, 0x83, 0x2b, 0x01, 0x74, 0x32, 0x48, 0x85,
  0xed, 0x74, 0x07, 0x48, 0x83, 0x6d, 0x00, 0x01, 0x74, 0x36, 0x48, 0x83,
  0xc4, 0x28, 0x4c, 0x89, 0xe0, 0x5b, 0x5d, 0x41, 0x5c, 0x41, 0x5d, 0x41,
  0x5e, 0x41, 0x5f, 0xc3, 0x0f, 0x1f, 0x40, 0x00, 0x48, 0x89, 0xcf, 0xe8,
  0x48, 0xab, 0xff, 0xff, 0xeb, 0xc9, 0x66, 0x0f, 0x1f, 0x44, 0x00, 0x00,
  0x48, 0x89, 0xdf, 0xe8, 0x38, 0xab, 0xff, 0xff, 0xeb, 0xc4, 0x66, 0x0f,
  0x1f, 0x44, 0x00, 0x00, 0x48, 0x89, 0xef, 0xe8, 0x28, 0xab, 0xff, 0xff,
  0xeb, 0xc0, 0x66, 0x0f, 0x1f, 0x44, 0x00, 0x00, 0x45, 0x31, 0xf6, 0x4c,
  0x89, 0xe7, 0x4d, 0x89, 0xf4, 0xe8, 0x12, 0xab, 0xff, 0xff, 0xe9, 0x72,
  0xff, 0xff, 0xff, 0x0f, 0x1f, 0x44, 0x00, 0x00, 0x48, 0x8b, 0x3d, 0x09,
  0xd2, 0x00, 0x00, 0x48, 0x8d, 0x15, 0x72, 0xd0, 0x00, 0x00, 0x48, 0x8d,
  0x35, 0x73, 0xd0, 0x00, 0x00, 0xe8, 0x3e, 0xd8, 0xff, 0xff, 0x48, 0x89,
  0xc5, 0xe9, 0x6c, 0xf8, 0xff, 0xff, 0x66, 0x0f, 0x1f, 0x44, 0x00, 0x00,
  0xe8, 0xab, 0xae, 0xff, 0xff, 0x49, 0x89, 0xc5, 0xe9, 0x85, 0xf8, 0xff,
  0xff, 0x0f, 0x1f, 0x00, 0x45, 0x31, 0xff, 0x45, 0x31, 0xf6, 0x45, 0x31,
  0xe4, 0x41, 0xb8, 0xe4, 0x0b, 0x00, 0x00, 0xba, 0xd5, 0x00, 0x00, 0x00,
  0x48, 0x83, 0x6d, 0x00, 0x01, 0x0f, 0x85, 0x17, 0x0f, 0x00, 0x00, 0x48,
  0x89, 0xef, 0x44, 0x89, 0x44, 0x24, 0x18, 0x31, 0xed, 0x31, 0xdb, 0x89,
  0x54, 0x24, 0x10, 0xe8, 0x9c, 0xaa, 0xff, 0xff, 0x4c, 0x89, 0x6c, 0x24,
  0x08, 0x8b, 0x54, 0x24, 0x10, 0x44, 0x8b, 0x44, 0x24, 0x18, 0x66, 0x0f,
  0x1f, 0x44, 0x00, 0x00, 0x4d, 0x85, 0xf6, 0x74, 0x06, 0x49, 0x83, 0x2e,
  0x01, 0x74, 0x35, 0x4d, 0x85, 0xff, 0x0f, 0x84, 0xb4, 0xfe, 0xff, 0xff,
  0x49, 0x83, 0x2f, 0x01, 0x0f, 0x85, 0xaa, 0xfe, 0xff, 0xff, 0x4c, 0x89,
  0xff, 0x44, 0x89, 0x44, 0x24, 0x18, 0x89, 0x54, 0x24, 0x10, 0xe8, 0x59,
  0xaa, 0xff, 0xff, 0x44, 0x8b, 0x44, 0x24, 0x18, 0x8b, 0x54, 0x24, 0x10,
  0xe9, 0x8b, 0xfe, 0xff, 0xff, 0x0f, 0x1f, 0x00, 0x4c, 0x89, 0xf7, 0x44,
  0x89, 0x44, 0x24, 0x18, 0x89, 0x54, 0x24, 0x10, 0xe8, 0x37, 0xaa, 0xff,
  0xff, 0x44, 0x8b, 0x44, 0x24, 0x18, 0x8b, 0x54, 0x24, 0x10, 0xeb, 0xaf,
  0x0f, 0x1f, 0x40, 0x00, 0x48, 0xc7, 0x44, 0x24, 0x08, 0x00, 0x00, 0x00,
  0x00, 0x31, 0xed, 0x31, 0xdb, 0x45, 0x31, 0xe4, 0x45, 0x31, 0xff, 0xba,
  0xd5, 0x00, 0x00, 0x00, 0x41, 0xb8, 0xe7, 0x0b, 0x00, 0x00, 0x4d, 0x89,
  0xce, 0x49, 0x83, 0x6d, 0x00, 0x01, 0x0f, 0x85, 0x74, 0xff, 0xff, 0xff,
  0x4c, 0x89, 0xef, 0x44, 0x89, 0x44, 0x24, 0x18, 0x89, 0x54, 0x24, 0x10,
  0xe8, 0xeb, 0xa9, 0xff, 0xff, 0x44, 0x8b, 0x44, 0x24, 0x18, 0x8b, 0x54,
  0x24, 0x10, 0xe9, 0x55, 0xff, 0xff, 0xff, 0x0f, 0x1f, 0x44, 0x00, 0x00,
  0x49, 0x83, 0xff, 0x04, 0x0f, 0x85, 0xbe, 0xfc, 0xff, 0xff, 0x31, 0xed,
  0x48, 0x8b, 0x44, 0x24, 0x10, 0x48, 0x8b, 0xbc, 0xe8, 0x80, 0x00, 0x00,
  0x00, 0xe8, 0xaa, 0xac, 0xff, 0xff, 0x49, 0x89, 0xc5, 0x48, 0x85, 0xc0,
  0x0f, 0x84, 0xee, 0x0a, 0x00, 0x00, 0x48, 0x8b, 0x43, 0x08, 0x4c, 0x39,
  0xf0, 0x0f, 0x84, 0x59, 0x07, 0x00, 0x00, 0x48, 0x8b, 0x40, 0x68, 0x48,
  0x85, 0xc0, 0x0f, 0x84, 0x74, 0x09, 0x00, 0x00, 0x48, 0x8b, 0x40, 0x28,
  0x48, 0x85, 0xc0, 0x0f, 0x84, 0x67, 0x09, 0x00, 0x00, 0x4c, 0x89, 0xea,
  0x48, 0x89, 0xee, 0x48, 0x89, 0xdf, 0xff, 0xd0, 0x41, 0x89, 0xc7, 0x45,
  0x85, 0xff, 0x0f, 0x88, 0xc8, 0x0a, 0x00, 0x00, 0x49, 0x83, 0x6d, 0x00,
  0x01, 0x0f, 0x84, 0x55, 0x07, 0x00, 0x00, 0x48, 0x83, 0xc5, 0x01, 0x48,
  0x83, 0xfd, 0x04, 0x75, 0x8f, 0xe8, 0x06, 0xac, 0xff, 0xff, 0x49, 0x89,
  0xc5, 0x48, 0x85, 0xc0, 0x0f, 0x84, 0xce, 0x0b, 0x00, 0x00, 0x48, 0x8b,
  0x35, 0xc3, 0xd0, 0x00, 0x00, 0x4c, 0x89, 0xe2, 0x48, 0x89, 0xc7, 0xe8,
  0x78, 0xac, 0xff, 0xff, 0x85, 0xc0, 0x0f, 0x88, 0x22, 0x0b, 0x00, 0x00,
  0x48, 0x8b, 0x54, 0x24, 0x08, 0x48, 0x8b, 0x35, 0x44, 0xd0, 0x00, 0x00,
  0x4c, 0x89, 0xef, 0xe8, 0x5c, 0xac, 0xff, 0xff, 0x85, 0xc0, 0x0f, 0x88,
  0x1e, 0x0b, 0x00, 0x00, 0xe8, 0xbf, 0xab, 0xff, 0xff, 0x49, 0x89, 0xc6,
  0x48, 0x85, 0xc0, 0x0f, 0x84, 0xde, 0x0b, 0x00, 0x00, 0x48, 0x8b, 0x7c,
  0x24, 0x10, 0x48, 0x8b, 0x35, 0x8f, 0xd0, 0x00, 0x00, 0x48, 0x8b, 0x47,
  0x08, 0x48, 0x8b, 0x80, 0x90, 0x00, 0x00, 0x00, 0x48, 0x85, 0xc0, 0x0f,
  0x84, 0x1d, 0x0c, 0x00, 0x00, 0xff, 0xd0, 0x49, 0x89, 0xc1, 0x4d, 0x85,
  0xc9, 0x0f, 0x84, 0xf6, 0x0b, 0x00, 0x00, 0x49, 0x8b, 0x41, 0x08, 0x4c,
  0x89, 0x4c, 0x24, 0x18, 0x4c, 0x89, 0xcf, 0x48, 0x8b, 0x35, 0xd2, 0xcf,
  0x00, 0x00, 0x48, 0x8b, 0x80, 0x90, 0x00, 0x00, 0x00, 0x48, 0x85, 0xc0,
  0x0f, 0x84, 0x0f, 0x0c, 0x00, 0x00, 0xff, 0xd0, 0x4c, 0x8b, 0x4c, 0x24,
  0x18, 0x49, 0x89, 0xc7, 0x4d, 0x85, 0xff, 0x0f, 0x84, 0xe6, 0x0b, 0x00,
  0x00, 0x49, 0x83, 0x29, 0x01, 0x0f, 0x84, 0xf2, 0x0a, 0x00, 0x00, 0x48,
  0x8b, 0x35, 0x3e, 0xd0, 0x00, 0x00, 0x4c, 0x89, 0xfa, 0x4c, 0x89, 0xf7,
  0xe8, 0xc3, 0xab, 0xff, 0xff, 0x85, 0xc0, 0x0f, 0x88, 0x69, 0x0b, 0x00,
  0x00, 0x49, 0x83, 0x2f, 0x01, 0x0f, 0x84, 0xdb, 0x0a, 0x00, 0x00, 0x48,
  0x8b, 0x35, 0xfa, 0xce, 0x00, 0x00, 0x4c, 0x89, 0xea, 0x4c, 0x89, 0xf7,
  0xe8, 0x9f, 0xab, 0xff, 0xff, 0x85, 0xc0, 0x0f, 0x88, 0xed, 0x0a, 0x00,
  0x00, 0x48, 0x8b, 0x35, 0xf8, 0xcf, 0x00, 0x00, 0x48, 0x89, 0xda, 0x4c,
  0x89, 0xf7, 0xe8, 0x85, 0xab, 0xff, 0xff, 0x85, 0xc0, 0x0f, 0x88, 0xfc,
  0x0a, 0x00, 0x00, 0x48, 0x8b, 0x44, 0x24, 0x10, 0x48, 0x63, 0x78, 0x78,
  0xe8, 0x7f, 0xa9, 0xff, 0xff, 0x49, 0x89, 0xc7, 0x48, 0x85, 0xc0, 0x0f,
  0x84, 0xe6, 0x0b, 0x00, 0x00, 0x48, 0x8b, 0x35, 0xbc, 0xcf, 0x00, 0x00,
  0x48, 0x89, 0xc2, 0x4c, 0x89, 0xf7, 0xe8, 0x51, 0xab, 0xff, 0xff, 0x85,
  0xc0, 0x0f, 0x88, 0xb3, 0x0b, 0x00, 0x00, 0x49, 0x83, 0x2f, 0x01, 0x0f,
  0x84, 0x06, 0x0b, 0x00, 0x00, 0x48, 0x8b, 0x44, 0x24, 0x10, 0x48, 0x63,
  0xb8, 0xa0, 0x00, 0x00, 0x00, 0xe8, 0x3e, 0xa9, 0xff, 0xff, 0x49, 0x89,
  0xc7, 0x48, 0x85, 0xc0, 0x0f, 0x84, 0xd7, 0x0b, 0x00, 0x00, 0x48, 0x8b,
  0x35, 0x23, 0xcf, 0x00, 0x00, 0x48, 0x89, 0xc2, 0x4c, 0x89, 0xf7, 0xe8,
  0x10, 0xab, 0xff, 0xff, 0x85, 0xc0, 0x0f, 0x88, 0xa4, 0x0b, 0x00, 0x00,
  0x49, 0x83, 0x2f, 0x01, 0x0f, 0x84, 0x2d, 0x0b, 0x00, 0x00, 0x48, 0x8b,
  0x44, 0x24, 0x10, 0x8b, 0xb8, 0xa4, 0x00, 0x00, 0x00, 0xe8, 0xfe, 0xa8,
  0xff, 0xff, 0x49, 0x89, 0xc7, 0x48, 0x85, 0xc0, 0x0f, 0x84, 0xc5, 0x0b,
  0x00, 0x00, 0x48, 0x8b, 0x35, 0xfb, 0xcd, 0x00, 0x00, 0x48, 0x89, 0xc2,
  0x4c, 0x89, 0xf7, 0xe8, 0xd0, 0xaa, 0xff, 0xff, 0x85, 0xc0, 0x0f, 0x88,
  0x19, 0x0b, 0x00, 0x00, 0x49, 0x83, 0x2f, 0x01, 0x0f, 0x84, 0x02, 0x0b,
  0x00, 0x00, 0x49, 0x83, 0x2c, 0x24, 0x01, 0x0f, 0x84, 0xef, 0x0a, 0x00,
  0x00, 0x4d, 0x89, 0xf4, 0x4c, 0x89, 0xed, 0xe9, 0xd5, 0xfb, 0xff, 0xff,
  0x0f, 0x1f, 0x84, 0x00, 0x00, 0x00, 0x00, 0x00, 0x41, 0xb8, 0xee, 0x0b,
  0x00, 0x00, 0xba, 0xd5, 0x00, 0x00, 0x00, 0x45, 0x31, 0xf6, 0x45, 0x31,
  0xe4, 0x49, 0x83, 0x29, 0x01, 0x0f, 0x84, 0x95, 0x06, 0x00, 0x00, 0x48,
  0xc7, 0x44, 0x24, 0x08, 0x00, 0x00, 0x00, 0x00, 0x31, 0xed, 0x31, 0xdb,
  0xe9, 0x2c, 0xfd, 0xff, 0xff, 0x0f, 0x1f, 0x00, 0x48, 0x8b, 0x3d, 0x31,
  0xce, 0x00, 0x00, 0x48, 0x8d, 0x15, 0x8a, 0xcc, 0x00, 0x00, 0x4c, 0x89,
  0x4c, 0x24, 0x08, 0x48, 0x8d, 0x35, 0x86, 0xcc, 0x00, 0x00, 0xe8, 0x61,
  0xd4, 0xff, 0xff, 0x4c, 0x8b, 0x4c, 0x24, 0x08, 0x49, 0x89, 0xc4, 0xe9,
  0x18, 0xf5, 0xff, 0xff, 0x0f, 0x1f, 0x40, 0x00, 0x4c, 0x89, 0xff, 0xe8,
  0xf8, 0xa6, 0xff, 0xff, 0xe9, 0x6f, 0xf7, 0xff, 0xff, 0x0f, 0x1f, 0x00,
  0x48, 0x89, 0xef, 0xe8, 0xe8, 0xa6, 0xff, 0xff, 0xe9, 0x55, 0xf7, 0xff,
  0xff, 0x0f, 0x1f, 0x00, 0x45, 0x31, 0xff, 0x45, 0x31, 0xf6, 0x41, 0xb8,
  0xe9, 0x0b, 0x00, 0x00, 0xba, 0xd5, 0x00, 0x00, 0x00, 0xe9, 0x7b, 0xff,
  0xff, 0xff, 0x66, 0x2e, 0x0f, 0x1f, 0x84, 0x00, 0x00, 0x00, 0x00, 0x00,
  0xe8, 0x8b, 0xaa, 0xff, 0xff, 0x4c, 0x8b, 0x4c, 0x24, 0x08, 0x49, 0x89,
  0xc7, 0xe9, 0xf9, 0xf4, 0xff, 0xff, 0x66, 0x0f, 0x1f, 0x44, 0x00, 0x00,
  0x4d, 0x89, 0xe6, 0x41, 0xb8, 0xeb, 0x0b, 0x00, 0x00, 0x45, 0x31, 0xe4,
  0xba, 0xd5, 0x00, 0x00, 0x00, 0xe9, 0x43, 0xff, 0xff, 0xff, 0x66, 0x90,
  0x48, 0x8b, 0x3d, 0x01, 0xcf, 0x00, 0x00, 0x4c, 0x8b, 0x35, 0x8a, 0xcd,
  0x00, 0x00, 0x4c, 0x89, 0x4c, 0x24, 0x08, 0x48, 0x8b, 0x47, 0x08, 0x4c,
  0x89, 0xf6, 0x48, 0x8b, 0x80, 0x90, 0x00, 0x00, 0x00, 0x48, 0x85, 0xc0,
  0x0f, 0x84, 0x46, 0x08, 0x00, 0x00, 0xff, 0xd0, 0x4c, 0x8b, 0x4c, 0x24,
  0x08, 0x49, 0x89, 0xc4, 0x4d, 0x85, 0xe4, 0x0f, 0x85, 0x70, 0xf4, 0xff,
  0xff, 0x48, 0x8b, 0x05, 0xd4, 0xb4, 0x00, 0x00, 0x4c, 0x89, 0xf2, 0x4c,
  0x89, 0x4c, 0x24, 0x08, 0x45, 0x31, 0xff, 0x48, 0x8d, 0x35, 0x07, 0x83,
  0x00, 0x00, 0x45, 0x31, 0xf6, 0x48, 0x8b, 0x38, 0x31, 0xc0, 0xe8, 0xbd,
  0xa9, 0xff, 0xff, 0x4c, 0x8b, 0x4c, 0x24, 0x08, 0x41, 0xb8, 0xe9, 0x0b,
  0x00, 0x00, 0xba, 0xd5, 0x00, 0x00, 0x00, 0xe9, 0xc9, 0xfe, 0xff, 0xff,
  0x0f, 0x1f, 0x84, 0x00, 0x00, 0x00, 0x00, 0x00, 0x48, 0x89, 0xef, 0xe8,
  0x08, 0xa6, 0xff, 0xff, 0xe9, 0xf2, 0xf6, 0xff, 0xff, 0x0f, 0x1f, 0x00,
  0x49, 0x39, 0x6c, 0x24, 0x10, 0x0f, 0x86, 0xa5, 0x00, 0x00, 0x00, 0x49,
  0x8b, 0x44, 0x24, 0x18, 0x48, 0x8b, 0x3c, 0xe8, 0x49, 0x83, 0x45, 0x00,
  0x01, 0x49, 0x8b, 0x44, 0x24, 0x18, 0x4c, 0x89, 0x2c, 0xe8, 0x48, 0x83,
  0x2f, 0x01, 0x0f, 0x85, 0x3d, 0xf8, 0xff, 0xff, 0xe8, 0xcf, 0xa5, 0xff,
  0xff, 0xe9, 0x33, 0xf8, 0xff, 0xff, 0x66, 0x2e, 0x0f, 0x1f, 0x84, 0x00,
  0x00, 0x00, 0x00, 0x00, 0x4c, 0x89, 0xef, 0xe8, 0xb8, 0xa5, 0xff, 0xff,
  0xe9, 0x27, 0xf8, 0xff, 0xff, 0x0f, 0x1f, 0x00, 0x41, 0xb8, 0x0c, 0x0c,
  0x00, 0x00, 0xba, 0xd6, 0x00, 0x00, 0x00, 0x45, 0x31, 0xf6, 0x45, 0x31,
  0xed, 0xe9, 0xde, 0xfa, 0xff, 0xff, 0x66, 0x2e, 0x0f, 0x1f, 0x84, 0x00,
  0x00, 0x00, 0x00, 0x00, 0x48, 0x8b, 0x4c, 0x24, 0x08, 0x48, 0x39, 0x69,
  0x10, 0x0f, 0x86, 0x71, 0x06, 0x00, 0x00, 0x48, 0x8b, 0x41, 0x18, 0x48,
  0x8b, 0x3c, 0xe8, 0x49, 0x83, 0x45, 0x00, 0x01, 0x48, 0x8b, 0x41, 0x18,
  0x4c, 0x89, 0x2c, 0xe8, 0x48, 0x83, 0x2f, 0x01, 0x0f, 0x85, 0x43, 0xf8,
  0xff, 0xff, 0xe8, 0x5d, 0xa5, 0xff, 0xff, 0xe9, 0x39, 0xf8, 0xff, 0xff,
  0x0f, 0x1f, 0x84, 0x00, 0x00, 0x00, 0x00, 0x00, 0x48, 0x89, 0xef, 0xe8,
  0x78, 0xa6, 0xff, 0xff, 0x49, 0x89, 0xc1, 0x48, 0x85, 0xc0, 0x0f, 0x84,
  0x4a, 0x09, 0x00, 0x00, 0x4c, 0x89, 0xea, 0x48, 0x89, 0xc6, 0x4c, 0x89,
  0xe7, 0x48, 0x89, 0x44, 0x24, 0x18, 0xe8, 0x19, 0xa4, 0xff, 0xff, 0x4c,
  0x8b, 0x4c, 0x24, 0x18, 0x49, 0x83, 0x29, 0x01, 0x0f, 0x85, 0x7b, 0xf7,
  0xff, 0xff, 0x4c, 0x89, 0xcf, 0x89, 0x44, 0x24, 0x18, 0xe8, 0x0e, 0xa5,
  0xff, 0xff, 0x8b, 0x44, 0x24, 0x18, 0xe9, 0x66, 0xf7, 0xff, 0xff, 0x0f,
  0x1f, 0x44, 0x00, 0x00, 0x48, 0x8b, 0x3d, 0x01, 0xcc, 0x00, 0x00, 0x48,
  0x8d, 0x15, 0x4a, 0xca, 0x00, 0x00, 0x48, 0x8d, 0x35, 0x4b, 0xca, 0x00,
  0x00, 0xe8, 0x36, 0xd2, 0xff, 0xff, 0x48, 0x89, 0xc3, 0xe9, 0x0d, 0xf4,
  0xff, 0xff, 0x66, 0x0f, 0x1f, 0x44, 0x00, 0x00, 0x41, 0xb8, 0xf0, 0x0b,
  0x00, 0x00, 0x45, 0x31, 0xff, 0x45, 0x31, 0xf6, 0x45, 0x31, 0xe4, 0xba,
  0xd5, 0x00, 0x00, 0x00, 0xe9, 0x70, 0xfd, 0xff, 0xff, 0x0f, 0x1f, 0x80,
  0x00, 0x00, 0x00, 0x00, 0x4c, 0x89, 0xfa, 0x4c, 0x89, 0xf6, 0x48, 0x89,
  0xef, 0xe8, 0xfa, 0xa7, 0xff, 0xff, 0x48, 0x89, 0x44, 0x24, 0x08, 0x48,
  0x85, 0xc0, 0x0f, 0x85, 0x03, 0xf5, 0xff, 0xff, 0x0f, 0x1f, 0x40, 0x00,
  0x45, 0x31, 0xf6, 0x45, 0x31, 0xed, 0x41, 0xb8, 0x0c, 0x0c, 0x00, 0x00,
  0xba, 0xd6, 0x00, 0x00, 0x00, 0xe9, 0xc6, 0xf9, 0xff, 0xff, 0x66, 0x90,
  0x48, 0xc7, 0x44, 0x24, 0x08, 0x00, 0x00, 0x00, 0x00, 0x31, 0xed, 0x41,
  0xb8, 0xfe, 0x0b, 0x00, 0x00, 0xba, 0xd6, 0x00, 0x00, 0x00, 0xe9, 0xa5,
  0xf8, 0xff, 0xff, 0x0f, 0x1f, 0x44, 0x00, 0x00, 0x48, 0x89, 0xef, 0xe8,
  0x58, 0xa4, 0xff, 0xff, 0xe9, 0xd0, 0xf5, 0xff, 0xff, 0x0f, 0x1f, 0x00,
  0x41, 0xb8, 0x00, 0x0c, 0x00, 0x00, 0xba, 0xd6, 0x00, 0x00, 0x00, 0x48,
  0x89, 0x6c, 0x24, 0x08, 0x49, 0x89, 0xdf, 0x31, 0xed, 0x31, 0xdb, 0xe9,
  0xc0, 0xf9, 0xff, 0xff, 0x0f, 0x1f, 0x40, 0x00, 0x48, 0x8b, 0x3d, 0xa1,
  0xcc, 0x00, 0x00, 0x4c, 0x8b, 0x2d, 0x2a, 0xcb, 0x00, 0x00, 0x48, 0x8b,
  0x47, 0x08, 0x4c, 0x89, 0xee, 0x48, 0x8b, 0x80, 0x90, 0x00, 0x00, 0x00,
  0x48, 0x85, 0xc0, 0x0f, 0x84, 0x5b, 0x06, 0x00, 0x00, 0xff, 0xd0, 0x48,
  0x89, 0xc3, 0x48, 0x85, 0xdb, 0x0f, 0x85, 0x35, 0xf3, 0xff, 0xff, 0x48,
  0x8b, 0x05, 0x7e, 0xb2, 0x00, 0x00, 0x4c, 0x89, 0xea, 0x48, 0x8d, 0x35,
  0xb9, 0x80, 0x00, 0x00, 0x31, 0xed, 0x48, 0x8b, 0x38, 0x31, 0xc0, 0xe8,
  0x70, 0xa7, 0xff, 0xff, 0x41, 0xb8, 0xfe, 0x0b, 0x00, 0x00, 0xba, 0xd6,
  0x00, 0x00, 0x00, 0x48, 0xc7, 0x44, 0x24, 0x08, 0x00, 0x00, 0x00, 0x00,
  0xe9, 0x07, 0xf8, 0xff, 0xff, 0x0f, 0x1f, 0x80, 0x00, 0x00, 0x00, 0x00,
  0xe8, 0xbb, 0xa5, 0xff, 0xff, 0x4c, 0x8b, 0x4c, 0x24, 0x08, 0x48, 0x85,
  0xc0, 0x49, 0x89, 0xc6, 0x0f, 0x84, 0xcc, 0x05, 0x00, 0x00, 0x45, 0x31,
  0xff, 0x45, 0x31, 0xf6, 0x41, 0xb8, 0xf0, 0x0b, 0x00, 0x00, 0xba, 0xd5,
  0x00, 0x00, 0x00, 0xe9, 0x45, 0xfc, 0xff, 0xff, 0x0f, 0x1f, 0x40, 0x00,
  0xe8, 0x5b, 0xa7, 0xff, 0xff, 0x48, 0x89, 0xc5, 0xe9, 0xde, 0xf2, 0xff,
  0xff, 0x0f, 0x1f, 0x00, 0x45, 0x31, 0xf6, 0x45, 0x31, 0xed, 0x41, 0xb8,
  0x03, 0x0c, 0x00, 0x00, 0xba, 0xd6, 0x00, 0x00, 0x00, 0xe9, 0xae, 0xf8,
  0xff, 0xff, 0x66, 0x2e, 0x0f, 0x1f, 0x84, 0x00, 0x00, 0x00, 0x00, 0x00,
  0x4c, 0x89, 0xef, 0xe8, 0x58, 0xa3, 0xff, 0xff, 0xe9, 0xf5, 0xf4, 0xff,
  0xff, 0x0f, 0x1f, 0x00, 0x41, 0xb8, 0x0a, 0x0c, 0x00, 0x00, 0xba, 0xd6,
  0x00, 0x00, 0x00, 0x45, 0x31, 0xed, 0xe9, 0x81, 0xf8, 0xff, 0xff, 0x0f,
  0x1f, 0x44, 0x00, 0x00, 0x48, 0x8b, 0x3d, 0x39, 0xca, 0x00, 0x00, 0x48,
  0x8d, 0x15, 0x72, 0xc8, 0x00, 0x00, 0x48, 0x8d, 0x35, 0x73, 0xc8, 0x00,
  0x00, 0xe8, 0x6e, 0xd0, 0xff, 0xff, 0x49, 0x89, 0xc5, 0xe9, 0xc8, 0xf2,
  0xff, 0xff, 0x66, 0x0f, 0x1f, 0x44, 0x00, 0x00, 0x4c, 0x89, 0xf7, 0xe8,
  0x08, 0xa3, 0xff, 0xff, 0xe9, 0x04, 0xf5, 0xff, 0xff, 0x0f, 0x1f, 0x00,
  0x4c, 0x89, 0xff, 0xe8, 0xf8, 0xa2, 0xff, 0xff, 0xe9, 0xea, 0xf4, 0xff,
  0xff, 0x0f, 0x1f, 0x00, 0x45, 0x31, 0xf6, 0x41, 0xb8, 0x05, 0x0c, 0x00,
  0x00, 0xba, 0xd6, 0x00, 0x00, 0x00, 0xe9, 0x21, 0xf8, 0xff, 0xff, 0x0f,
  0x1f, 0x44, 0x00, 0x00, 0x49, 0x89, 0xe9, 0x41, 0xb8, 0x07, 0x0c, 0x00,
  0x00, 0xba, 0xd6, 0x00, 0x00, 0x00, 0xe9, 0x76, 0xfb, 0xff, 0xff, 0x0f,
  0x1f, 0x44, 0x00, 0x00, 0xe8, 0x8b, 0xa6, 0xff, 0xff, 0x49, 0x89, 0xc6,
  0xe9, 0x91, 0xf2, 0xff, 0xff, 0x0f, 0x1f, 0x00, 0x48, 0x8b, 0x3d, 0x21,
  0xcb, 0x00, 0x00, 0x4c, 0x8b, 0x35, 0xaa, 0xc9, 0x00, 0x00, 0x48, 0x8b,
  0x47, 0x08, 0x4c, 0x89, 0xf6, 0x48, 0x8b, 0x80, 0x90, 0x00, 0x00, 0x00,
  0x48, 0x85, 0xc0, 0x0f, 0x84, 0x02, 0x05, 0x00, 0x00, 0xff, 0xd0, 0x49,
  0x89, 0xc5, 0x4d, 0x85, 0xed, 0x0f, 0x85, 0x38, 0xf2, 0xff, 0xff, 0x48,
  0x8b, 0x05, 0xfe, 0xb0, 0x00, 0x00, 0x4c, 0x89, 0xf2, 0x48, 0x8d, 0x35,
  0x39, 0x7f, 0x00, 0x00, 0x45, 0x31, 0xf6, 0x48, 0x8b, 0x38, 0x31, 0xc0,
  0xe8, 0xef, 0xa5, 0xff, 0xff, 0x41, 0xb8, 0x05, 0x0c, 0x00, 0x00, 0xba,
  0xd6, 0x00, 0x00, 0x00, 0xe9, 0x93, 0xf7, 0xff, 0xff, 0x0f, 0x1f, 0x80,
  0x00, 0x00, 0x00, 0x00, 0x48, 0x39, 0x6b, 0x10, 0x0f, 0x86, 0x1e, 0x02,
  0x00, 0x00, 0x48, 0x8b, 0x43, 0x18, 0x48, 0x8b, 0x3c, 0xe8, 0x49, 0x83,
  0x45, 0x00, 0x01, 0x48, 0x8b, 0x43, 0x18, 0x4c, 0x89, 0x2c, 0xe8, 0x48,
  0x83, 0x2f, 0x01, 0x0f, 0x85, 0xaf, 0xf8, 0xff, 0xff, 0xe8, 0x1a, 0xa2,
  0xff, 0xff, 0xe9, 0xa5, 0xf8, 0xff, 0xff, 0x0f, 0x1f, 0x44, 0x00, 0x00,
  0x4c, 0x89, 0xef, 0xe8, 0x08, 0xa2, 0xff, 0xff, 0xe9, 0x9e, 0xf8, 0xff,
  0xff, 0x0f, 0x1f, 0x00, 0x48, 0x8b, 0x3d, 0x01, 0xc9, 0x00, 0x00, 0x48,
  0x8d, 0x15, 0x2a, 0xc7, 0x00, 0x00, 0x48, 0x8d, 0x35, 0x2b, 0xc7, 0x00,
  0x00, 0xe8, 0x36, 0xcf, 0xff, 0xff, 0x48, 0x89, 0xc5, 0xe9, 0x8d, 0xf2,
  0xff, 0xff, 0x66, 0x0f, 0x1f, 0x44, 0x00, 0x00, 0x4c, 0x89, 0xf2, 0x4c,
  0x89, 0xee, 0x4c, 0x89, 0xff, 0xe8, 0x1a, 0xa5, 0xff, 0xff, 0x48, 0x89,
  0xc3, 0x48, 0x85, 0xc0, 0x0f, 0x85, 0xab, 0xf3, 0xff, 0xff, 0x41, 0xb8,
  0x28, 0x0c, 0x00, 0x00, 0x0f, 0x1f, 0x84, 0x00, 0x00, 0x00, 0x00, 0x00,
  0x31, 0xdb, 0xba, 0xd7, 0x00, 0x00, 0x00, 0x31, 0xed, 0xe9, 0x1f, 0xf7,
  0xff, 0xff, 0x66, 0x90, 0x31, 0xdb, 0x41, 0xb8, 0x1a, 0x0c, 0x00, 0x00,
  0xba, 0xd7, 0x00, 0x00, 0x00, 0xe9, 0xce, 0xf5, 0xff, 0xff, 0x66, 0x0f,
  0x1f, 0x44, 0x00, 0x00, 0xe8, 0x53, 0xa5, 0xff, 0xff, 0x49, 0x89, 0xc7,
  0xe9, 0x56, 0xf2, 0xff, 0xff, 0x0f, 0x1f, 0x00, 0x49, 0x89, 0xee, 0x41,
  0xb8, 0x1c, 0x0c, 0x00, 0x00, 0xeb, 0xbd, 0x0f, 0x1f, 0x44, 0x00, 0x00,
  0xba, 0xd9, 0x00, 0x00, 0x00, 0x41, 0xb8, 0x40, 0x0c, 0x00, 0x00, 0x31,
  0xed, 0xe9, 0x96, 0xf5, 0xff, 0xff, 0x66, 0x0f, 0x1f, 0x44, 0x00, 0x00,
  0x48, 0x8b, 0x3d, 0xc1, 0xc9, 0x00, 0x00, 0x4c, 0x8b, 0x35, 0x4a, 0xc8,
  0x00, 0x00, 0x48, 0x8b, 0x47, 0x08, 0x4c, 0x89, 0xf6, 0x48, 0x8b, 0x80,
  0x90, 0x00, 0x00, 0x00, 0x48, 0x85, 0xc0, 0x0f, 0x84, 0xdd, 0x03, 0x00,
  0x00, 0xff, 0xd0, 0x48, 0x89, 0xc5, 0x48, 0x85, 0xed, 0x0f, 0x85, 0xd5,
  0xf1, 0xff, 0xff, 0x48, 0x8b, 0x05, 0x9e, 0xaf, 0x00, 0x00, 0x4c, 0x89,
  0xf2, 0x48, 0x8d, 0x35, 0xd9, 0x7d, 0x00, 0x00, 0x31, 0xdb, 0x48, 0x8b,
  0x38, 0x31, 0xc0, 0xe8, 0x90, 0xa4, 0xff, 0xff, 0x41, 0xb8, 0x1a, 0x0c,
  0x00, 0x00, 0xba, 0xd7, 0x00, 0x00, 0x00, 0xe9, 0x30, 0xf5, 0xff, 0xff,
  0xe8, 0xeb, 0xa2, 0xff, 0xff, 0x49, 0x89, 0xc5, 0x48, 0x85, 0xc0, 0x0f,
  0x85, 0x47, 0xfc, 0xff, 0xff, 0x48, 0x8b, 0x05, 0xa0, 0xae, 0x00, 0x00,
  0x48, 0x8d, 0x35, 0x91, 0x68, 0x00, 0x00, 0x45, 0x31, 0xf6, 0x48, 0x8b,
  0x38, 0xe8, 0x66, 0xa1, 0xff, 0xff, 0x41, 0xb8, 0x0c, 0x0c, 0x00, 0x00,
  0xba, 0xd6, 0x00, 0x00, 0x00, 0xe9, 0xfa, 0xf5, 0xff, 0xff, 0x66, 0x0f,
  0x1f, 0x44, 0x00, 0x00, 0x4c, 0x89, 0xcf, 0x44, 0x89, 0x44, 0x24, 0x18,
  0x31, 0xed, 0x31, 0xdb, 0x89, 0x54, 0x24, 0x10, 0xe8, 0x9b, 0xa0, 0xff,
  0xff, 0x8b, 0x54, 0x24, 0x10, 0x44, 0x8b, 0x44, 0x24, 0x18, 0x48, 0xc7,
  0x44, 0x24, 0x08, 0x00, 0x00, 0x00, 0x00, 0xe9, 0x7d, 0xf6, 0xff, 0xff,
  0x0f, 0x1f, 0x40, 0x00, 0x31, 0xed, 0xba, 0xd9, 0x00, 0x00, 0x00, 0x41,
  0xb8, 0x42, 0x0c, 0x00, 0x00, 0x45, 0x31, 0xff, 0x45, 0x31, 0xc9, 0xe9,
  0x5e, 0xf6, 0xff, 0xff, 0x0f, 0x1f, 0x84, 0x00, 0x00, 0x00, 0x00, 0x00,
  0x48, 0x8b, 0x6c, 0x24, 0x08, 0x4c, 0x89, 0xfb, 0x41, 0xb8, 0x1f, 0x0c,
  0x00, 0x00, 0xba, 0xd7, 0x00, 0x00, 0x00, 0xe9, 0x03, 0xfc, 0xff, 0xff,
  0x0f, 0x1f, 0x84, 0x00, 0x00, 0x00, 0x00, 0x00, 0x4d, 0x89, 0xf1, 0x31,
  0xed, 0x31, 0xdb, 0xba, 0xd7, 0x00, 0x00, 0x00, 0x41, 0xb8, 0x26, 0x0c,
  0x00, 0x00, 0xe9, 0x1f, 0xf6, 0xff, 0xff, 0x66, 0x0f, 0x1f, 0x84, 0x00,
  0x00, 0x00, 0x00, 0x00, 0x48, 0x89, 0xef, 0xe8, 0x48, 0xa1, 0xff, 0xff,
  0x49, 0x89, 0xc1, 0x48, 0x85, 0xc0, 0x0f, 0x84, 0x5d, 0x04, 0x00, 0x00,
  0x4c, 0x89, 0xea, 0x48, 0x89, 0xc6, 0x48, 0x89, 0xdf, 0x48, 0x89, 0x44,
  0x24, 0x18, 0xe8, 0xe9, 0x9e, 0xff, 0xff, 0x4c, 0x8b, 0x4c, 0x24, 0x18,
  0x41, 0x89, 0xc7, 0x49, 0x83, 0x29, 0x01, 0x0f, 0x85, 0x6e, 0xf6, 0xff,
  0xff, 0x4c, 0x89, 0xcf, 0xe8, 0xdf, 0x9f, 0xff, 0xff, 0xe9, 0x61, 0xf6,
  0xff, 0xff, 0x66, 0x2e, 0x0f, 0x1f, 0x84, 0x00, 0x00, 0x00, 0x00, 0x00,
  0x48, 0x8b, 0x3d, 0xd1, 0xc6, 0x00, 0x00, 0x48, 0x8d, 0x15, 0xea, 0xc4,
  0x00, 0x00, 0x48, 0x8d, 0x35, 0xeb, 0xc4, 0x00, 0x00, 0xe8, 0x06, 0xcd,
  0xff, 0xff, 0x48, 0x89, 0xc5, 0xe9, 0xe1, 0xf0, 0xff, 0xff, 0x66, 0x0f,
  0x1f, 0x44, 0x00, 0x00, 0x41, 0xb8, 0x21, 0x0c, 0x00, 0x00, 0xe9, 0xed,
  0xfd, 0xff, 0xff, 0x0f, 0x1f, 0x44, 0x00, 0x00, 0xe8, 0x63, 0xa3, 0xff,
  0xff, 0x49, 0x89, 0xc5, 0xe9, 0xea, 0xf0, 0xff, 0xff, 0x0f, 0x1f, 0x00,
  0x48, 0x8b, 0x3d, 0xf9, 0xc7, 0x00, 0x00, 0x4c, 0x8b, 0x2d, 0x82, 0xc6,
  0x00, 0x00, 0x48, 0x8b, 0x47, 0x08, 0x4c, 0x89, 0xee, 0x48, 0x8b, 0x80,
  0x90, 0x00, 0x00, 0x00, 0x48, 0x85, 0xc0, 0x0f, 0x84, 0x77, 0x02, 0x00,
  0x00, 0xff, 0xd0, 0x48, 0x89, 0xc5, 0x48, 0x85, 0xed, 0x0f, 0x85, 0x91,
  0xf0, 0xff, 0xff, 0x48, 0x8b, 0x05, 0xd6, 0xad, 0x00, 0x00, 0x4c, 0x89,
  0xea, 0x48, 0x8d, 0x35, 0x11, 0x7c, 0x00, 0x00, 0x48, 0x8b, 0x38, 0x31,
  0xc0, 0xe8, 0xca, 0xa2, 0xff, 0xff, 0x41, 0xb8, 0x21, 0x0c, 0x00, 0x00,
  0xe9, 0x7f, 0xfd, 0xff, 0xff, 0x0f, 0x1f, 0x80, 0x00, 0x00, 0x00, 0x00,
  0x4c, 0x8b, 0x6c, 0x24, 0x08, 0x41, 0xb8, 0x23, 0x0c, 0x00, 0x00, 0xba,
  0xd7, 0x00, 0x00, 0x00, 0xe9, 0x57, 0xf4, 0xff, 0xff, 0x0f, 0x1f, 0x00,
  0x48, 0x89, 0xef, 0xe8, 0x38, 0xa0, 0xff, 0xff, 0x49, 0x89, 0xc1, 0x48,
  0x85, 0xc0, 0x0f, 0x84, 0x38, 0x03, 0x00, 0x00, 0x48, 0x8b, 0x7c, 0x24,
  0x08, 0x4c, 0x89, 0xea, 0x48, 0x89, 0xc6, 0x48, 0x89, 0x44, 0x24, 0x18,
  0xe8, 0xd7, 0x9d, 0xff, 0xff, 0x4c, 0x8b, 0x4c, 0x24, 0x18, 0x41, 0x89,
  0xc6, 0x49, 0x83, 0x29, 0x01, 0x0f, 0x85, 0xad, 0xf1, 0xff, 0xff, 0x4c,
  0x89, 0xcf, 0xe8, 0xcd, 0x9e, 0xff, 0xff, 0xe9, 0xa0, 0xf1, 0xff, 0xff,
  0x0f, 0x1f, 0x84, 0x00, 0x00, 0x00, 0x00, 0x00, 0xba, 0xdd, 0x00, 0x00,
  0x00, 0x41, 0xb8, 0x76, 0x0c, 0x00, 0x00, 0x31, 0xed, 0xe9, 0xee, 0xf2,
  0xff, 0xff, 0x66, 0x0f, 0x1f, 0x44, 0x00, 0x00, 0x31, 0xed, 0xba, 0xdd,
  0x00, 0x00, 0x00, 0x41, 0xb8, 0x78, 0x0c, 0x00, 0x00, 0x45, 0x31, 0xff,
  0x45, 0x31, 0xc9, 0xe9, 0x86, 0xf4, 0xff, 0xff, 0xe8, 0x5b, 0xa2, 0xff,
  0xff, 0x48, 0x89, 0xc5, 0xe9, 0x7d, 0xf2, 0xff, 0xff, 0xe8, 0x7e, 0xa0,
  0xff, 0xff, 0x41, 0xb8, 0x28, 0x0c, 0x00, 0x00, 0x48, 0x85, 0xc0, 0x0f,
  0x85, 0xbf, 0xfc, 0xff, 0xff, 0x48, 0x8b, 0x05, 0x30, 0xac, 0x00, 0x00,
  0x48, 0x8d, 0x35, 0x21, 0x66, 0x00, 0x00, 0x44, 0x89, 0x44, 0x24, 0x10,
  0x48, 0x8b, 0x38, 0xe8, 0xf4, 0x9e, 0xff, 0xff, 0x44, 0x8b, 0x44, 0x24,
  0x10, 0xe9, 0x9a, 0xfc, 0xff, 0xff, 0xba, 0xdb, 0x00, 0x00, 0x00, 0x41,
  0xb8, 0x56, 0x0c, 0x00, 0x00, 0x31, 0xed, 0xe9, 0x78, 0xf2, 0xff, 0xff,
  0x31, 0xed, 0xba, 0xdb, 0x00, 0x00, 0x00, 0x41, 0xb8, 0x58, 0x0c, 0x00,
  0x00, 0x45, 0x31, 0xff, 0x45, 0x31, 0xc9, 0xe9, 0x16, 0xf4, 0xff, 0xff,
  0xe8, 0xeb, 0xa1, 0xff, 0xff, 0x4c, 0x8b, 0x4c, 0x24, 0x08, 0x49, 0x89,
  0xc4, 0xe9, 0xb2, 0xf7, 0xff, 0xff, 0x31, 0xed, 0xba, 0xdf, 0x00, 0x00,
  0x00, 0x41, 0xb8, 0x85, 0x0c, 0x00, 0x00, 0x45, 0x31, 0xff, 0x45, 0x31,
  0xc9, 0xe9, 0xec, 0xf3, 0xff, 0xff, 0x31, 0xed, 0xba, 0xdf, 0x00, 0x00,
  0x00, 0x41, 0xb8, 0x86, 0x0c, 0x00, 0x00, 0x45, 0x31, 0xff, 0x45, 0x31,
  0xc9, 0xe9, 0xd4, 0xf3, 0xff, 0xff, 0x48, 0x8b, 0x05, 0x9f, 0xab, 0x00,
  0x00, 0x48, 0x8d, 0x35, 0x90, 0x65, 0x00, 0x00, 0x45, 0x31, 0xff, 0x48,
  0x8b, 0x38, 0xe8, 0x65, 0x9e, 0xff, 0xff, 0x4c, 0x8b, 0x4c, 0x24, 0x08,
  0x41, 0xb8, 0xf0, 0x0b, 0x00, 0x00, 0xba, 0xd5, 0x00, 0x00, 0x00, 0xe9,
  0x61, 0xf6, 0xff, 0xff, 0xe8, 0x7b, 0xa1, 0xff, 0xff, 0x48, 0x89, 0xc3,
  0xe9, 0x9d, 0xf9, 0xff, 0xff, 0x4c, 0x89, 0xcf, 0xe8, 0x9b, 0x9d, 0xff,
  0xff, 0xe9, 0x01, 0xf5, 0xff, 0xff, 0x4c, 0x89, 0xff, 0xe8, 0x8e, 0x9d,
  0xff, 0xff, 0xe9, 0x18, 0xf5, 0xff, 0xff, 0xe8, 0x54, 0xa1, 0xff, 0xff,
  0x49, 0x89, 0xc5, 0xe9, 0xf6, 0xfa, 0xff, 0xff, 0x31, 0xed, 0x41, 0xb8,
  0x83, 0x0c, 0x00, 0x00, 0xba, 0xdf, 0x00, 0x00, 0x00, 0xe9, 0xaa, 0xf1,
  0xff, 0xff, 0x4c, 0x89, 0xed, 0xba, 0xe0, 0x00, 0x00, 0x00, 0x4d, 0x89,
  0xf5, 0x45, 0x31, 0xff, 0x41, 0xb8, 0xa3, 0x0c, 0x00, 0x00, 0x45, 0x31,
  0xc9, 0xe9, 0x44, 0xf3, 0xff, 0xff, 0xe8, 0x19, 0xa1, 0xff, 0xff, 0x48,
  0x89, 0xc5, 0xe9, 0x1b, 0xfc, 0xff, 0xff, 0x4c, 0x89, 0xed, 0xba, 0xe0,
  0x00, 0x00, 0x00, 0x4d, 0x89, 0xf5, 0x45, 0x31, 0xff, 0x41, 0xb8, 0xac,
  0x0c, 0x00, 0x00, 0x45, 0x31, 0xc9, 0xe9, 0x1b, 0xf3, 0xff, 0xff, 0x4c,
  0x89, 0xed, 0x41, 0xb8, 0x92, 0x0c, 0x00, 0x00, 0xba, 0xe0, 0x00, 0x00,
  0x00, 0xe9, 0x52, 0xf1, 0xff, 0xff, 0x4c, 0x89, 0xed, 0xba, 0xe0, 0x00,
  0x00, 0x00, 0x4d, 0x89, 0xf5, 0x45, 0x31, 0xc9, 0x41, 0xb8, 0x99, 0x0c,
  0x00, 0x00, 0xe9, 0xef, 0xf2, 0xff, 0xff, 0x4c, 0x89, 0xff, 0xe8, 0xf1,
  0x9c, 0xff, 0xff, 0xe9, 0xed, 0xf4, 0xff, 0xff, 0xe8, 0xb7, 0xa0, 0xff,
  0xff, 0x48, 0x89, 0xc5, 0xe9, 0x81, 0xfd, 0xff, 0xff, 0x4c, 0x89, 0xed,
  0x45, 0x31, 0xff, 0x4d, 0x89, 0xf5, 0xba, 0xe0, 0x00, 0x00, 0x00, 0x41,
  0xb8, 0x94, 0x0c, 0x00, 0x00, 0xe9, 0xbc, 0xf2, 0xff, 0xff, 0xe8, 0x91,
  0xa0, 0xff, 0xff, 0x49, 0x89, 0xc1, 0xe9, 0xdb, 0xf3, 0xff, 0xff, 0x4c,
  0x89, 0xed, 0xba, 0xe0, 0x00, 0x00, 0x00, 0x4d, 0x89, 0xf5, 0x41, 0xb8,
  0x96, 0x0c, 0x00, 0x00, 0xe9, 0x99, 0xf2, 0xff, 0xff, 0xe8, 0x6e, 0xa0,
  0xff, 0xff, 0x4c, 0x8b, 0x4c, 0x24, 0x18, 0x49, 0x89, 0xc7, 0xe9, 0xe9,
  0xf3, 0xff, 0xff, 0x4c, 0x89, 0xff, 0xe8, 0x89, 0x9c, 0xff, 0xff, 0xe9,
  0xc6, 0xf4, 0xff, 0xff, 0x4c, 0x89, 0xed, 0xe9, 0x5f, 0xf1, 0xff, 0xff,
  0x4c, 0x89, 0xff, 0xe8, 0x74, 0x9c, 0xff, 0xff, 0xe9, 0xf1, 0xf4, 0xff,
  0xff, 0x4c, 0x89, 0xed, 0xba, 0xe0, 0x00, 0x00, 0x00, 0x4d, 0x89, 0xf5,
  0x45, 0x31, 0xc9, 0x41, 0xb8, 0xcf, 0x0c, 0x00, 0x00, 0xe9, 0x4c, 0xf2,
  0xff, 0xff, 0x4c, 0x89, 0xed, 0xba, 0xe0, 0x00, 0x00, 0x00, 0x4d, 0x89,
  0xf5, 0x45, 0x31, 0xc9, 0x41, 0xb8, 0xb7, 0x0c, 0x00, 0x00, 0xe9, 0x33,
  0xf2, 0xff, 0xff, 0x4c, 0x89, 0xed, 0x45, 0x31, 0xc9, 0x4d, 0x89, 0xf5,
  0xba, 0xe3, 0x00, 0x00, 0x00, 0x41, 0xb8, 0xb5, 0x0c, 0x00, 0x00, 0xe9,
  0x1a, 0xf2, 0xff, 0xff, 0x4c, 0x89, 0xed, 0xba, 0xe0, 0x00, 0x00, 0x00,
  0x4d, 0x89, 0xf5, 0x45, 0x31, 0xc9, 0x41, 0xb8, 0xc3, 0x0c, 0x00, 0x00,
  0xe9, 0x01, 0xf2, 0xff, 0xff, 0x4c, 0x89, 0xed, 0x45, 0x31, 0xc9, 0x4d,
  0x89, 0xf5, 0xba, 0xe4, 0x00, 0x00, 0x00, 0x41, 0xb8, 0xc1, 0x0c, 0x00,
  0x00, 0xe9, 0xe8, 0xf1, 0xff, 0xff, 0x31, 0xed, 0x45, 0x31, 0xff, 0xba,
  0xd9, 0x00, 0x00, 0x00, 0x41, 0xb8, 0x42, 0x0c, 0x00, 0x00, 0xe9, 0xd3,
  0xf1, 0xff, 0xff, 0x4c, 0x89, 0xed, 0x45, 0x31, 0xc9, 0x4d, 0x89, 0xf5,
  0xba, 0xe5, 0x00, 0x00, 0x00, 0x41, 0xb8, 0xcd, 0x0c, 0x00, 0x00, 0xe9,
  0xba, 0xf1, 0xff, 0xff, 0x31, 0xed, 0x45, 0x31, 0xff, 0xba, 0xdb, 0x00,
  0x00, 0x00, 0x41, 0xb8, 0x58, 0x0c, 0x00, 0x00, 0xe9, 0xa5, 0xf1, 0xff,
  0xff, 0x31, 0xed, 0x45, 0x31, 0xff, 0xba, 0xdd, 0x00, 0x00, 0x00, 0x41,
  0xb8, 0x78, 0x0c, 0x00, 0x00, 0xe9, 0x90, 0xf1, 0xff, 0xff, 0x4c, 0x89,
  0x6c, 0x24, 0x08, 0x31, 0xed, 0x31, 0xdb, 0xe9, 0x04, 0xf1, 0xff, 0xff,
  0x66, 0x66, 0x2e, 0x0f, 0x1f, 0x84, 0x00, 0x00, 0x00, 0x00, 0x00, 0x90,
  0x41, 0x57, 0x41, 0x56, 0x41, 0x55, 0x41, 0x54, 0x55, 0x53, 0x48, 0x89,
  0xfb, 0x48, 0x83, 0xec, 0x58, 0x4c, 0x8b, 0x25, 0xb0, 0xa9, 0x00, 0x00,
  0x4c, 0x8b, 0x6e, 0x10, 0x66, 0x49, 0x0f, 0x6e, 0xd4, 0x4c, 0x89, 0x64,
  0x24, 0x40, 0xf2, 0x0f, 0x12, 0xc2, 0x0f, 0x29, 0x44, 0x24, 0x30, 0x48,
  0x85, 0xd2, 0x0f, 0x85, 0x38, 0x08, 0x00, 0x00, 0x49, 0x83, 0xfd, 0x02,
  0x0f, 0x84, 0x26, 0x06, 0x00, 0x00, 0x0f, 0x8f, 0x60, 0x04, 0x00, 0x00,
  0x4d, 0x85, 0xed, 0x0f, 0x84, 0x6f, 0x06, 0x00, 0x00, 0x49, 0x83, 0xfd,
  0x01, 0x0f, 0x85, 0x28, 0x09, 0x00, 0x00, 0x4d, 0x89, 0xe6, 0x4c, 0x89,
  0xe5, 0x4c, 0x8b, 0x7e, 0x18, 0x48, 0x83, 0x45, 0x00, 0x01, 0x49, 0x83,
  0x06, 0x01, 0x4d, 0x39, 0xe7, 0x74, 0x09, 0x4d, 0x39, 0xe6, 0x0f, 0x85,
  0xa4, 0x0c, 0x00, 0x00, 0x48, 0x8b, 0x3d, 0x3d, 0xc3, 0x00, 0x00, 0x48,
  0x8b, 0x35, 0x2e, 0xc2, 0x00, 0x00, 0x48, 0x8b, 0x47, 0x08, 0x48, 0x8b,
  0x80, 0x90, 0x00, 0x00, 0x00, 0x48, 0x85, 0xc0, 0x0f, 0x84, 0x02, 0x0d,
  0x00, 0x00, 0xff, 0xd0, 0x49, 0x89, 0xc5, 0x4d, 0x85, 0xed, 0x0f, 0x84,
  0x04, 0x0d, 0x00, 0x00, 0x48, 0x8b, 0x05, 0xa5, 0xa8, 0x00, 0x00, 0x49,
  0x39, 0x45, 0x08, 0x0f, 0x85, 0xfb, 0x06, 0x00, 0x00, 0x4d, 0x8b, 0x4d,
  0x18, 0x4d, 0x85, 0xc9, 0x0f, 0x84, 0xee, 0x06, 0x00, 0x00, 0x4d, 0x8b,
  0x5d, 0x10, 0x49, 0x83, 0x01, 0x01, 0x49, 0x83, 0x03, 0x01, 0x49, 0x83,
  0x6d, 0x00, 0x01, 0x0f, 0x84, 0xdf, 0x03, 0x00, 0x00, 0xbf, 0x03, 0x00,
  0x00, 0x00, 0x4c, 0x89, 0x4c, 0x24, 0x10, 0x4c, 0x89, 0x5c, 0x24, 0x08,
  0xe8, 0x3b, 0x9c, 0xff, 0xff, 0x4c, 0x8b, 0x5c, 0x24, 0x08, 0x4c, 0x8b,
  0x4c, 0x24, 0x10, 0x48, 0x85, 0xc0, 0x49, 0x89, 0xc0, 0x0f, 0x84, 0xdd,
  0x03, 0x00, 0x00, 0x4d, 0x89, 0x48, 0x18, 0xba, 0x02, 0x00, 0x00, 0x00,
  0xb8, 0x01, 0x00, 0x00, 0x00, 0x48, 0x83, 0x03, 0x01, 0x49, 0x89, 0x5c,
  0xc0, 0x18, 0x49, 0x83, 0x07, 0x01, 0x4d, 0x89, 0x7c, 0xd0, 0x18, 0x49,
  0x8b, 0x43, 0x08, 0x4c, 0x8b, 0xb8, 0x80, 0x00, 0x00, 0x00, 0x4d, 0x85,
  0xff, 0x0f, 0x84, 0xf1, 0x06, 0x00, 0x00, 0x48, 0x8d, 0x3d, 0xda, 0x61,
  0x00, 0x00, 0x4c, 0x89, 0x44, 0x24, 0x10, 0x4c, 0x89, 0x5c, 0x24, 0x08,
  0xe8, 0x9b, 0x99, 0xff, 0xff, 0x4c, 0x8b, 0x5c, 0x24, 0x08, 0x4c, 0x8b,
  0x44, 0x24, 0x10, 0x85, 0xc0, 0x0f, 0x85, 0xa9, 0x0c, 0x00, 0x00, 0x31,
  0xd2, 0x4c, 0x89, 0xc6, 0x4c, 0x89, 0xdf, 0x41, 0xff, 0xd7, 0x49, 0x89,
  0xc7, 0xe8, 0x46, 0x9c, 0xff, 0xff, 0x4d, 0x85, 0xff, 0x4c, 0x8b, 0x5c,
  0x24, 0x08, 0x4c, 0x8b, 0x44, 0x24, 0x10, 0x0f, 0x84, 0x43, 0x0d, 0x00,
  0x00, 0x49, 0x83, 0x28, 0x01, 0x0f, 0x84, 0x01, 0x05, 0x00, 0x00, 0x49,
  0x83, 0x2b, 0x01, 0x0f, 0x84, 0xe7, 0x04, 0x00, 0x00, 0x49, 0x83, 0x2f,
  0x01, 0x0f, 0x84, 0xcd, 0x04, 0x00, 0x00, 0x48, 0x8d, 0x43, 0x68, 0x48,
  0x89, 0x44, 0x24, 0x10, 0x48, 0x8d, 0x83, 0xb8, 0x00, 0x00, 0x00, 0x66,
  0x48, 0x0f, 0x6e, 0xc0, 0x48, 0x8d, 0x83, 0xa8, 0x00, 0x00, 0x00, 0x66,
  0x48, 0x0f, 0x6e, 0xd8, 0x66, 0x0f, 0x6c, 0xc3, 0x0f, 0x11, 0x43, 0x68,
  0x4d, 0x39, 0xe6, 0x0f, 0x84, 0x53, 0x08, 0x00, 0x00, 0x48, 0x8b, 0x0d,
  0xd4, 0xbf, 0x00, 0x00, 0x48, 0x8b, 0x15, 0xc5, 0xbf, 0x00, 0x00, 0x4c,
  0x89, 0xf7, 0x48, 0x8b, 0x35, 0xab, 0xc0, 0x00, 0x00, 0xff, 0x15, 0x9d,
  0xc1, 0x00, 0x00, 0x49, 0x89, 0xc5, 0x48, 0x85, 0xc0, 0x0f, 0x84, 0x19,
  0x0d, 0x00, 0x00, 0x49, 0x83, 0x2e, 0x01, 0x0f, 0x84, 0x97, 0x05, 0x00,
  0x00, 0x48, 0x8b, 0x05, 0x10, 0xa8, 0x00, 0x00, 0x45, 0x31, 0xf6, 0x48,
  0x89, 0x44, 0x24, 0x08, 0x49, 0x8b, 0x45, 0x08, 0x48, 0x3b, 0x44, 0x24,
  0x08, 0x0f, 0x84, 0xba, 0x03, 0x00, 0x00, 0x48, 0x3b, 0x05, 0x32, 0xa7,
  0x00, 0x00, 0x0f, 0x84, 0xe4, 0x04, 0x00, 0x00, 0x48, 0x8b, 0x40, 0x68,
  0x48, 0x85, 0xc0, 0x0f, 0x84, 0x9f, 0x07, 0x00, 0x00, 0x48, 0x8b, 0x40,
  0x18, 0x48, 0x85, 0xc0, 0x0f, 0x84, 0x92, 0x07, 0x00, 0x00, 0x4c, 0x89,
  0xf6, 0x4c, 0x89, 0xef, 0xff, 0xd0, 0x49, 0x89, 0xc7, 0x4d, 0x85, 0xff,
  0x0f, 0x84, 0x66, 0x0b, 0x00, 0x00, 0x49, 0x8b, 0x47, 0x08, 0x48, 0x8b,
  0x90, 0xa8, 0x00, 0x00, 0x00, 0x81, 0xe2, 0x00, 0x00, 0x00, 0x01, 0x0f,
  0x84, 0xf7, 0x11, 0x00, 0x00, 0x49, 0x8b, 0x47, 0x10, 0x48, 0x83, 0xf8,
  0x01, 0x0f, 0x84, 0x09, 0x05, 0x00, 0x00, 0x48, 0x83, 0xf8, 0x02, 0x0f,
  0x84, 0xe7, 0x04, 0x00, 0x00, 0x48, 0x85, 0xc0, 0x0f, 0x84, 0x0e, 0x04,
  0x00, 0x00, 0x0f, 0x88, 0x38, 0x0b, 0x00, 0x00, 0x4c, 0x89, 0xff, 0xe8,
  0xa0, 0x9b, 0xff, 0xff, 0x48, 0x89, 0xc2, 0x48, 0x83, 0xfa, 0xff, 0x0f,
  0x84, 0x39, 0x0b, 0x00, 0x00, 0x0f, 0x1f, 0x00, 0x49, 0x83, 0x2f, 0x01,
  0x0f, 0x84, 0xe6, 0x02, 0x00, 0x00, 0x48, 0x8b, 0x43, 0x70, 0x4a, 0x89,
  0x14, 0xf0, 0x49, 0x83, 0xfe, 0x01, 0x0f, 0x85, 0xf8, 0x02, 0x00, 0x00,
  0x48, 0x8b, 0x7b, 0x10, 0x49, 0x83, 0x04, 0x24, 0x01, 0x48, 0x83, 0x2f,
  0x01, 0x0f, 0x84, 0x31, 0x05, 0x00, 0x00, 0x4c, 0x89, 0x63, 0x10, 0x4c,
  0x39, 0xe5, 0x0f, 0x84, 0xf4, 0x04, 0x00, 0x00, 0x48, 0x8b, 0x45, 0x00,
  0x49, 0x89, 0xec, 0x48, 0x89, 0x45, 0x00, 0x48, 0x85, 0xc0, 0x0f, 0x84,
  0xd0, 0x04, 0x00, 0x00, 0x48, 0x8b, 0x0d, 0xa1, 0xbe, 0x00, 0x00, 0x48,
  0x8b, 0x15, 0x8a, 0xbe, 0x00, 0x00, 0x4c, 0x89, 0xe7, 0x48, 0x8b, 0x35,
  0xd8, 0xbf, 0x00, 0x00, 0xff, 0x15, 0x6a, 0xc0, 0x00, 0x00, 0x48, 0x89,
  0xc5, 0x48, 0x85, 0xc0, 0x0f, 0x84, 0xf6, 0x0b, 0x00, 0x00, 0x49, 0x83,
  0x2c, 0x24, 0x01, 0x0f, 0x84, 0xcb, 0x04, 0x00, 0x00, 0x45, 0x31, 0xf6,
  0x48, 0x8b, 0x45, 0x08, 0x48, 0x3b, 0x44, 0x24, 0x08, 0x0f, 0x84, 0x29,
  0x02, 0x00, 0x00, 0x48, 0x3b, 0x05, 0x0a, 0xa6, 0x00, 0x00, 0x0f, 0x84,
  0xac, 0x02, 0x00, 0x00, 0x48, 0x8b, 0x40, 0x68, 0x48, 0x85, 0xc0, 0x0f,
  0x84, 0xcf, 0x03, 0x00, 0x00, 0x48, 0x8b, 0x40, 0x18, 0x48, 0x85, 0xc0,
  0x0f, 0x84, 0xc2, 0x03, 0x00, 0x00, 0x4c, 0x89, 0xf6, 0x48, 0x89, 0xef,
  0xff, 0xd0, 0x49, 0x89, 0xc7, 0x4d, 0x85, 0xff, 0x0f, 0x84, 0x4e, 0x09,
  0x00, 0x00, 0x49, 0x8b, 0x47, 0x08, 0x4c, 0x8b, 0xa0, 0xa8, 0x00, 0x00,
  0x00, 0x41, 0x81, 0xe4, 0x00, 0x00, 0x00, 0x01, 0x0f, 0x84, 0x4e, 0x0e,
  0x00, 0x00, 0x49, 0x8b, 0x47, 0x10, 0x48, 0x83, 0xf8, 0x01, 0x0f, 0x84,
  0x90, 0x02, 0x00, 0x00, 0x48, 0x83, 0xf8, 0x02, 0x0f, 0x84, 0x6e, 0x02,
  0x00, 0x00, 0x48, 0x85, 0xc0, 0x0f, 0x84, 0x3d, 0x02, 0x00, 0x00, 0x0f,
  0x88, 0x1f, 0x09, 0x00, 0x00, 0x4c, 0x89, 0xff, 0xe8, 0x77, 0x9a, 0xff,
  0xff, 0x49, 0x89, 0xc4, 0x49, 0x83, 0xfc, 0xff, 0x0f, 0x84, 0x20, 0x09,
  0x00, 0x00, 0x66, 0x2e, 0x0f, 0x1f, 0x84, 0x00, 0x00, 0x00, 0x00, 0x00,
  0x49, 0x83, 0x2f, 0x01, 0x0f, 0x84, 0xa6, 0x01, 0x00, 0x00, 0x48, 0x8b,
  0x43, 0x68, 0x4e, 0x89, 0x24, 0xf0, 0x49, 0x83, 0xc6, 0x01, 0x49, 0x83,
  0xfe, 0x04, 0x0f, 0x85, 0x38, 0xff, 0xff, 0xff, 0x48, 0x8b, 0x43, 0x60,
  0x48, 0x89, 0xdf, 0xff, 0x10, 0x48, 0x89, 0xc7, 0x48, 0x85, 0xc0, 0x0f,
  0x84, 0x6b, 0x0b, 0x00, 0x00, 0x48, 0x83, 0x28, 0x01, 0x0f, 0x84, 0x91,
  0x09, 0x00, 0x00, 0x48, 0x8d, 0x05, 0x7a, 0xc6, 0xff, 0xff, 0x45, 0x31,
  0xe4, 0x66, 0x48, 0x0f, 0x6e, 0xc8, 0x48, 0x8b, 0x44, 0x24, 0x10, 0x66,
  0x0f, 0x6f, 0xc1, 0x48, 0x89, 0x43, 0x20, 0x48, 0x8d, 0x05, 0xbe, 0xc0,
  0xff, 0xff, 0x66, 0x48, 0x0f, 0x6e, 0xe0, 0x48, 0x8d, 0x05, 0x72, 0xc9,
  0xff, 0xff, 0x66, 0x0f, 0x6c, 0xc4, 0x0f, 0x11, 0x43, 0x28, 0x66, 0x48,
  0x0f, 0x6e, 0xc0, 0x66, 0x0f, 0x6c, 0xc1, 0x0f, 0x11, 0x43, 0x38, 0x48,
  0x8b, 0x45, 0x00, 0x48, 0x83, 0xe8, 0x01, 0x48, 0x89, 0x45, 0x00, 0x0f,
  0x84, 0xd3, 0x01, 0x00, 0x00, 0x49, 0x83, 0x6d, 0x00, 0x01, 0x0f, 0x84,
  0xdb, 0x00, 0x00, 0x00, 0x48, 0x83, 0xc4, 0x58, 0x44, 0x89, 0xe0, 0x5b,
  0x5d, 0x41, 0x5c, 0x41, 0x5d, 0x41, 0x5e, 0x41, 0x5f, 0xc3, 0x66, 0x0f,
  0x1f, 0x44, 0x00, 0x00, 0x49, 0x83, 0xfd, 0x03, 0x0f, 0x85, 0x6e, 0x04,
  0x00, 0x00, 0x4c, 0x8b, 0x76, 0x28, 0x48, 0x8b, 0x6e, 0x20, 0xe9, 0xa2,
  0xfb, 0xff, 0xff, 0x90, 0x4c, 0x89, 0xef, 0x4c, 0x89, 0x4c, 0x24, 0x10,
  0x4c, 0x89, 0x5c, 0x24, 0x08, 0xe8, 0xae, 0x96, 0xff, 0xff, 0x4c, 0x8b,
  0x5c, 0x24, 0x08, 0x4c, 0x8b, 0x4c, 0x24, 0x10, 0xe9, 0x00, 0xfc, 0xff,
  0xff, 0x0f, 0x1f, 0x80, 0x00, 0x00, 0x00, 0x00, 0x4d, 0x89, 0xf5, 0xbb,
  0xa9, 0x00, 0x00, 0x00, 0x41, 0xbc, 0x19, 0x0a, 0x00, 0x00, 0x49, 0x83,
  0x2b, 0x01, 0x0f, 0x84, 0x20, 0x19, 0x00, 0x00, 0x49, 0x83, 0x29, 0x01,
  0x41, 0xbf, 0x00, 0x00, 0x00, 0x00, 0x0f, 0x84, 0xe0, 0x01, 0x00, 0x00,
  0x4d, 0x85, 0xc0, 0x74, 0x0a, 0x49, 0x83, 0x28, 0x01, 0x0f, 0x84, 0xc1,
  0x01, 0x00, 0x00, 0x4d, 0x85, 0xff, 0x74, 0x0a, 0x49, 0x83, 0x2f, 0x01,
  0x0f, 0x84, 0xe2, 0x01, 0x00, 0x00, 0x44, 0x89, 0xe6, 0x48, 0x8d, 0x0d,
  0x50, 0x73, 0x00, 0x00, 0x89, 0xda, 0x41, 0xbc, 0xff, 0xff, 0xff, 0xff,
  0x48, 0x8d, 0x3d, 0x71, 0x5f, 0x00, 0x00, 0xe8, 0x24, 0xcd, 0xff, 0xff,
  0x48, 0x83, 0x6d, 0x00, 0x01, 0x0f, 0x84, 0x01, 0x01, 0x00, 0x00, 0x4d,
  0x85, 0xed, 0x0f, 0x84, 0x30, 0xff, 0xff, 0xff, 0x49, 0x83, 0x6d, 0x00,
  0x01, 0x0f, 0x85, 0x25, 0xff, 0xff, 0xff, 0x4c, 0x89, 0xef, 0xe8, 0x0d,
  0x96, 0xff, 0xff, 0xe9, 0x18, 0xff, 0xff, 0xff, 0x0f, 0x1f, 0x84, 0x00,
  0x00, 0x00, 0x00, 0x00, 0x4c, 0x39, 0x75, 0x10, 0x0f, 0x86, 0xb6, 0x01,
  0x00, 0x00, 0x48, 0x8b, 0x45, 0x18, 0x4e, 0x8b, 0x3c, 0xf0, 0x49, 0x83,
  0x07, 0x01, 0xe9, 0xf7, 0xfd, 0xff, 0xff, 0x0f, 0x1f, 0x44, 0x00, 0x00,
  0x4c, 0x89, 0xff, 0xe8, 0xd8, 0x95, 0xff, 0xff, 0xe9, 0x4d, 0xfe, 0xff,
  0xff, 0x0f, 0x1f, 0x00, 0x4c, 0x89, 0xff, 0x48, 0x89, 0x54, 0x24, 0x18,
  0xe8, 0xc3, 0x95, 0xff, 0xff, 0x48, 0x8b, 0x43, 0x70, 0x48, 0x8b, 0x54,
  0x24, 0x18, 0x4a, 0x89, 0x14, 0xf0, 0x49, 0x83, 0xfe, 0x01, 0x0f, 0x84,
  0x08, 0xfd, 0xff, 0xff, 0x49, 0x8b, 0x45, 0x08, 0x41, 0xbe, 0x01, 0x00,
  0x00, 0x00, 0x48, 0x3b, 0x44, 0x24, 0x08, 0x0f, 0x85, 0x46, 0xfc, 0xff,
  0xff, 0x4d, 0x39, 0x75, 0x10, 0x0f, 0x86, 0xf5, 0x03, 0x00, 0x00, 0x49,
  0x8b, 0x45, 0x18, 0x4e, 0x8b, 0x3c, 0xf0, 0x49, 0x83, 0x07, 0x01, 0xe9,
  0x66, 0xfc, 0xff, 0xff, 0x0f, 0x1f, 0x40, 0x00, 0x45, 0x31, 0xe4, 0xe9,
  0xe0, 0xfd, 0xff, 0xff, 0x4c, 0x39, 0x75, 0x10, 0x0f, 0x86, 0x26, 0x01,
  0x00, 0x00, 0x4e, 0x8b, 0x7c, 0xf5, 0x18, 0x49, 0x83, 0x07, 0x01, 0xe9,
  0x6a, 0xfd, 0xff, 0xff, 0x0f, 0x1f, 0x84, 0x00, 0x00, 0x00, 0x00, 0x00,
  0x45, 0x8b, 0x67, 0x1c, 0x41, 0x8b, 0x47, 0x18, 0x49, 0xc1, 0xe4, 0x1e,
  0x49, 0x09, 0xc4, 0xe9, 0xac, 0xfd, 0xff, 0xff, 0x0f, 0x1f, 0x40, 0x00,
  0x45, 0x8b, 0x67, 0x18, 0xe9, 0x9f, 0xfd, 0xff, 0xff, 0x0f, 0x1f, 0x80,
  0x00, 0x00, 0x00, 0x00, 0x48, 0x89, 0xef, 0xe8, 0x20, 0x95, 0xff, 0xff,
  0xe9, 0xf2, 0xfe, 0xff, 0xff, 0x0f, 0x1f, 0x00, 0x48, 0x8b, 0x6e, 0x20,
  0x4d, 0x89, 0xe6, 0xe9, 0xed, 0xf9, 0xff, 0xff, 0x0f, 0x1f, 0x40, 0x00,
  0x4c, 0x89, 0xff, 0xe8, 0x00, 0x95, 0xff, 0xff, 0xe9, 0x26, 0xfb, 0xff,
  0xff, 0x0f, 0x1f, 0x00, 0x4c, 0x89, 0xdf, 0xe8, 0xf0, 0x94, 0xff, 0xff,
  0xe9, 0x0c, 0xfb, 0xff, 0xff, 0x0f, 0x1f, 0x00, 0x4c, 0x89, 0xc7, 0x4c,
  0x89, 0x5c, 0x24, 0x08, 0xe8, 0xdb, 0x94, 0xff, 0xff, 0x4c, 0x8b, 0x5c,
  0x24, 0x08, 0xe9, 0xe8, 0xfa, 0xff, 0xff, 0x90, 0x31, 0xd2, 0xe9, 0x09,
  0xfc, 0xff, 0xff, 0x66, 0x0f, 0x1f, 0x84, 0x00, 0x00, 0x00, 0x00, 0x00,
  0x49, 0x8b, 0x04, 0x24, 0x4d, 0x89, 0xe6, 0x4d, 0x89, 0xe7, 0x4c, 0x89,
  0xe5, 0x48, 0x83, 0xc0, 0x02, 0x49, 0x89, 0x04, 0x24, 0xe9, 0xa2, 0xf9,
  0xff, 0xff, 0x66, 0x0f, 0x1f, 0x44, 0x00, 0x00, 0x4c, 0x89, 0xc7, 0xe8,
  0x98, 0x94, 0xff, 0xff, 0xe9, 0x32, 0xfe, 0xff, 0xff, 0x0f, 0x1f, 0x00,
  0x4c, 0x89, 0xcf, 0x4c, 0x89, 0x44, 0x24, 0x08, 0xe8, 0x83, 0x94, 0xff,
  0xff, 0x4c, 0x8b, 0x44, 0x24, 0x08, 0xe9, 0x09, 0xfe, 0xff, 0xff, 0x66,
  0x0f, 0x1f, 0x84, 0x00, 0x00, 0x00, 0x00, 0x00, 0x4c, 0x89, 0xff, 0xe8,
  0x68, 0x94, 0xff, 0xff, 0xe9, 0x11, 0xfe, 0xff, 0xff, 0x0f, 0x1f, 0x00,
  0x4d, 0x39, 0x75, 0x10, 0x0f, 0x86, 0xbe, 0x02, 0x00, 0x00, 0x4f, 0x8b,
  0x7c, 0xf5, 0x18, 0x49, 0x83, 0x07, 0x01, 0xe9, 0x32, 0xfb, 0xff, 0xff,
  0x0f, 0x1f, 0x84, 0x00, 0x00, 0x00, 0x00, 0x00, 0x4c, 0x89, 0xf7, 0xe8,
  0x68, 0x95, 0xff, 0xff, 0x49, 0x89, 0xc4, 0x48, 0x85, 0xc0, 0x0f, 0x84,
  0x8c, 0x05, 0x00, 0x00, 0x48, 0x89, 0xc6, 0x48, 0x89, 0xef, 0xe8, 0xd1,
  0x94, 0xff, 0xff, 0x49, 0x83, 0x2c, 0x24, 0x01, 0x49, 0x89, 0xc7, 0x0f,
  0x85, 0x1c, 0xfc, 0xff, 0xff, 0x4c, 0x89, 0xe7, 0xe8, 0x0b, 0x94, 0xff,
  0xff, 0xe9, 0x0f, 0xfc, 0xff, 0xff, 0x66, 0x0f, 0x1f, 0x44, 0x00, 0x00,
  0x41, 0x8b, 0x57, 0x1c, 0x41, 0x8b, 0x47, 0x18, 0x48, 0xc1, 0xe2, 0x1e,
  0x48, 0x09, 0xc2, 0xe9, 0x2c, 0xfb, 0xff, 0xff, 0x0f, 0x1f, 0x40, 0x00,
  0x41, 0x8b, 0x57, 0x18, 0xe9, 0x1f, 0xfb, 0xff, 0xff, 0x0f, 0x1f, 0x80,
  0x00, 0x00, 0x00, 0x00, 0x4c, 0x89, 0xf7, 0xe8, 0xd0, 0x93, 0xff, 0xff,
  0xe9, 0x5c, 0xfa, 0xff, 0xff, 0x0f, 0x1f, 0x00, 0xbf, 0x02, 0x00, 0x00,
  0x00, 0xe8, 0x6e, 0x95, 0xff, 0xff, 0x49, 0x89, 0xc0, 0x48, 0x85, 0xc0,
  0x0f, 0x84, 0x3c, 0x16, 0x00, 0x00, 0x4d, 0x89, 0xeb, 0xba, 0x01, 0x00,
  0x00, 0x00, 0x31, 0xc0, 0xe9, 0x3c, 0xf9, 0xff, 0xff, 0x0f, 0x1f, 0x00,
  0x48, 0x89, 0xef, 0xe8, 0x98, 0x93, 0xff, 0xff, 0xe9, 0x23, 0xfb, 0xff,
  0xff, 0x0f, 0x1f, 0x00, 0x4c, 0x8b, 0x25, 0xe1, 0xb9, 0x00, 0x00, 0x49,
  0x83, 0x04, 0x24, 0x01, 0x48, 0x8b, 0x45, 0x00, 0x48, 0x83, 0xe8, 0x01,
  0xe9, 0xfa, 0xfa, 0xff, 0xff, 0x0f, 0x1f, 0x80, 0x00, 0x00, 0x00, 0x00,
  0x4c, 0x89, 0xe7, 0xe8, 0x68, 0x93, 0xff, 0xff, 0xe9, 0x28, 0xfb, 0xff,
  0xff, 0x0f, 0x1f, 0x00, 0xe8, 0x5b, 0x93, 0xff, 0xff, 0xe9, 0xc5, 0xfa,
  0xff, 0xff, 0x66, 0x0f, 0x1f, 0x44, 0x00, 0x00, 0x31, 0xd2, 0x4c, 0x89,
  0xc6, 0x4c, 0x89, 0xdf, 0x4c, 0x89, 0x44, 0x24, 0x10, 0x4c, 0x89, 0x5c,
  0x24, 0x08, 0xe8, 0x89, 0x96, 0xff, 0xff, 0x4c, 0x8b, 0x5c, 0x24, 0x08,
  0x4c, 0x8b, 0x44, 0x24, 0x10, 0x48, 0x85, 0xc0, 0x49, 0x89, 0xc7, 0x0f,
  0x85, 0x30, 0xf9, 0xff, 0xff, 0xbb, 0xa9, 0x00, 0x00, 0x00, 0x41, 0xbc,
  0x24, 0x0a, 0x00, 0x00, 0xe9, 0xb1, 0x05, 0x00, 0x00, 0x0f, 0x1f, 0x00,
  0x48, 0x89, 0xd5, 0x49, 0x83, 0xfd, 0x02, 0x0f, 0x84, 0x2b, 0x07, 0x00,
  0x00, 0x0f, 0x8f, 0x2d, 0x01, 0x00, 0x00, 0x4d, 0x85, 0xed, 0x0f, 0x84,
  0x44, 0x07, 0x00, 0x00, 0x49, 0x83, 0xfd, 0x01, 0x0f, 0x85, 0xed, 0x00,
  0x00, 0x00, 0x48, 0x8b, 0x46, 0x18, 0x48, 0x89, 0xd7, 0x48, 0x89, 0x44,
  0x24, 0x30, 0xe8, 0x09, 0x92, 0xff, 0xff, 0x49, 0x89, 0xc6, 0x4d, 0x85,
  0xf6, 0x7e, 0x54, 0x48, 0x8b, 0x35, 0x52, 0xba, 0x00, 0x00, 0x48, 0x89,
  0xef, 0x48, 0x8b, 0x56, 0x18, 0xe8, 0xee, 0x94, 0xff, 0xff, 0x48, 0x85,
  0xc0, 0x74, 0x0e, 0x48, 0x89, 0x44, 0x24, 0x38, 0x49, 0x83, 0xee, 0x01,
  0x4d, 0x85, 0xf6, 0x7e, 0x2e, 0x48, 0x8b, 0x35, 0xcc, 0xb9, 0x00, 0x00,
  0x48, 0x89, 0xef, 0x48, 0x8b, 0x56, 0x18, 0xe8, 0xc8, 0x94, 0xff, 0xff,
  0x48, 0x85, 0xc0, 0x0f, 0x84, 0x4f, 0x0a, 0x00, 0x00, 0x48, 0x89, 0x44,
  0x24, 0x40, 0x49, 0x83, 0xee, 0x01, 0x4d, 0x85, 0xf6, 0x0f, 0x8f, 0x3d,
  0x0a, 0x00, 0x00, 0x4c, 0x8b, 0x7c, 0x24, 0x30, 0x48, 0x8b, 0x6c, 0x24,
  0x38, 0x4c, 0x8b, 0x74, 0x24, 0x40, 0xe9, 0x4e, 0xf7, 0xff, 0xff, 0x66,
  0x0f, 0x1f, 0x84, 0x00, 0x00, 0x00, 0x00, 0x00, 0x48, 0x8d, 0x0d, 0x57,
  0x71, 0x00, 0x00, 0x41, 0xb8, 0x03, 0x00, 0x00, 0x00, 0x48, 0x83, 0xec,
  0x08, 0x48, 0x8b, 0x05, 0x60, 0xa0, 0x00, 0x00, 0x48, 0x8d, 0x15, 0x62,
  0x71, 0x00, 0x00, 0x48, 0x8d, 0x35, 0x02, 0x5b, 0x00, 0x00, 0x41, 0x55,
  0x4c, 0x8d, 0x0d, 0x52, 0x6f, 0x00, 0x00, 0x48, 0x8b, 0x38, 0x31, 0xc0,
  0xe8, 0xb7, 0x95, 0xff, 0xff, 0x58, 0xbe, 0xa6, 0x09, 0x00, 0x00, 0x5a,
  0x48, 0x8d, 0x0d, 0x21, 0x6f, 0x00, 0x00, 0xba, 0xa6, 0x00, 0x00, 0x00,
  0x48, 0x8d, 0x3d, 0x45, 0x5b, 0x00, 0x00, 0x41, 0xbc, 0xff, 0xff, 0xff,
  0xff, 0xe8, 0xf2, 0xc8, 0xff, 0xff, 0xe9, 0x0d, 0xfb, 0xff, 0xff, 0x4d,
  0x85, 0xed, 0x48, 0x8d, 0x0d, 0xe8, 0x70, 0x00, 0x00, 0x48, 0x8d, 0x05,
  0xea, 0x70, 0x00, 0x00, 0x4d, 0x89, 0xe8, 0x48, 0x0f, 0x49, 0xc8, 0x49,
  0xc1, 0xf8, 0x3f, 0x49, 0xf7, 0xd0, 0x41, 0x83, 0xe0, 0x03, 0xeb, 0x85,
  0x0f, 0x1f, 0x84, 0x00, 0x00, 0x00, 0x00, 0x00, 0x49, 0x83, 0xfd, 0x03,
  0x0f, 0x85, 0x66, 0xff, 0xff, 0xff, 0x48, 0x8b, 0x46, 0x28, 0x48, 0x89,
  0xd7, 0x48, 0x89, 0x44, 0x24, 0x40, 0x48, 0x8b, 0x46, 0x20, 0x48, 0x89,
  0x44, 0x24, 0x38, 0x48, 0x8b, 0x46, 0x18, 0x48, 0x89, 0x44, 0x24, 0x30,
  0xe8, 0xd3, 0x90, 0xff, 0xff, 0x49, 0x89, 0xc6, 0xe9, 0x15, 0xff, 0xff,
  0xff, 0x0f, 0x1f, 0x00, 0x4c, 0x89, 0xf7, 0xe8, 0xc0, 0x92, 0xff, 0xff,
  0x48, 0x85, 0xc0, 0x0f, 0x84, 0xd7, 0x03, 0x00, 0x00, 0x48, 0x89, 0xc6,
  0x4c, 0x89, 0xef, 0x48, 0x89, 0x44, 0x24, 0x18, 0xe8, 0x27, 0x92, 0xff,
  0xff, 0x4c, 0x8b, 0x4c, 0x24, 0x18, 0x49, 0x89, 0xc7, 0x49, 0x83, 0x29,
  0x01, 0x0f, 0x85, 0x46, 0xf8, 0xff, 0xff, 0x4c, 0x89, 0xcf, 0xe8, 0x5d,
  0x91, 0xff, 0xff, 0xe9, 0x39, 0xf8, 0xff, 0xff, 0x0f, 0x1f, 0x84, 0x00,
  0x00, 0x00, 0x00, 0x00, 0x48, 0x8b, 0x7b, 0x10, 0x48, 0x8b, 0x35, 0xa5,
  0xb8, 0x00, 0x00, 0x48, 0x8b, 0x47, 0x08, 0x48, 0x8b, 0x80, 0x90, 0x00,
  0x00, 0x00, 0x48, 0x85, 0xc0, 0x0f, 0x84, 0x33, 0x07, 0x00, 0x00, 0xff,
  0xd0, 0x49, 0x89, 0xc3, 0x4d, 0x85, 0xdb, 0x0f, 0x84, 0x15, 0x07, 0x00,
  0x00, 0x48, 0x8b, 0x05, 0x9c, 0xb9, 0x00, 0x00, 0x48, 0x8b, 0x0d, 0xa5,
  0xb6, 0x00, 0x00, 0x48, 0x39, 0x48, 0x18, 0x0f, 0x85, 0x2a, 0x07, 0x00,
  0x00, 0x48, 0x8b, 0x05, 0x8c, 0xb6, 0x00, 0x00, 0x48, 0x85, 0xc0, 0x0f,
  0x84, 0x28, 0x09, 0x00, 0x00, 0x48, 0x83, 0x00, 0x01, 0x4c, 0x8b, 0x05,
  0x78, 0xb6, 0x00, 0x00, 0x4d, 0x85, 0xc0, 0x0f, 0x84, 0xd7, 0x08, 0x00,
  0x00, 0x49, 0x8b, 0x40, 0x08, 0x4c, 0x89, 0x5c, 0x24, 0x18, 0x4c, 0x89,
  0xc7, 0x4c, 0x89, 0x44, 0x24, 0x08, 0x48, 0x8b, 0x35, 0x37, 0xb7, 0x00,
  0x00, 0x48, 0x8b, 0x80, 0x90, 0x00, 0x00, 0x00, 0x48, 0x85, 0xc0, 0x0f,
  0x84, 0xc2, 0x08, 0x00, 0x00, 0xff, 0xd0, 0x4c, 0x8b, 0x44, 0x24, 0x08,
  0x4c, 0x8b, 0x5c, 0x24, 0x18, 0x49, 0x89, 0xc1, 0x4d, 0x85, 0xc9, 0x0f,
  0x84, 0xc1, 0x08, 0x00, 0x00, 0x49, 0x83, 0x28, 0x01, 0x0f, 0x84, 0x75,
  0x03, 0x00, 0x00, 0x48, 0x8b, 0x05, 0x6e, 0x9e, 0x00, 0x00, 0x49, 0x39,
  0x43, 0x08, 0x0f, 0x85, 0x0c, 0x06, 0x00, 0x00, 0x4d, 0x8b, 0x43, 0x18,
  0x4d, 0x85, 0xc0, 0x0f, 0x84, 0xff, 0x05, 0x00, 0x00, 0x4d, 0x8b, 0x53,
  0x10, 0x49, 0x83, 0x00, 0x01, 0x49, 0x83, 0x02, 0x01, 0x49, 0x83, 0x2b,
  0x01, 0x0f, 0x84, 0x69, 0x03, 0x00, 0x00, 0xbf, 0x03, 0x00, 0x00, 0x00,
  0x4c, 0x89, 0x44, 0x24, 0x20, 0x4c, 0x89, 0x4c, 0x24, 0x18, 0x4c, 0x89,
  0x54, 0x24, 0x08, 0xe8, 0x00, 0x92, 0xff, 0xff, 0x4c, 0x8b, 0x54, 0x24,
  0x08, 0x4c, 0x8b, 0x4c, 0x24, 0x18, 0x48, 0x85, 0xc0, 0x4c, 0x8b, 0x44,
  0x24, 0x20, 0x49, 0x89, 0xc7, 0x0f, 0x84, 0x65, 0x03, 0x00, 0x00, 0x4d,
  0x89, 0x47, 0x18, 0xbe, 0x02, 0x00, 0x00, 0x00, 0xb9, 0x01, 0x00, 0x00,
  0x00, 0x48, 0x8b, 0x05, 0x68, 0xb6, 0x00, 0x00, 0x48, 0x83, 0x00, 0x01,
  0x49, 0x89, 0x44, 0xcf, 0x18, 0x4d, 0x89, 0x4c, 0xf7, 0x18, 0x49, 0x8b,
  0x42, 0x08, 0x4c, 0x8b, 0xa8, 0x80, 0x00, 0x00, 0x00, 0x4d, 0x85, 0xed,
  0x0f, 0x84, 0xb7, 0x05, 0x00, 0x00, 0x48, 0x8d, 0x3d, 0x97, 0x57, 0x00,
  0x00, 0x4c, 0x89, 0x54, 0x24, 0x08, 0xe8, 0x5d, 0x8f, 0xff, 0xff, 0x4c,
  0x8b, 0x54, 0x24, 0x08, 0x85, 0xc0, 0x0f, 0x85, 0x0c, 0x0a, 0x00, 0x00,
  0x31, 0xd2, 0x4c, 0x89, 0xd7, 0x4c, 0x89, 0xfe, 0x41, 0xff, 0xd5, 0x49,
  0x89, 0xc5, 0xe8, 0x0d, 0x92, 0xff, 0xff, 0x4d, 0x85, 0xed, 0x4c, 0x8b,
  0x54, 0x24, 0x08, 0x0f, 0x84, 0x01, 0x0a, 0x00, 0x00, 0x49, 0x83, 0x2f,
  0x01, 0x0f, 0x84, 0x8d, 0x04, 0x00, 0x00, 0x49, 0x83, 0x2a, 0x01, 0x0f,
  0x84, 0xab, 0x04, 0x00, 0x00, 0x49, 0x83, 0x2c, 0x24, 0x01, 0x0f, 0x84,
  0x90, 0x04, 0x00, 0x00, 0x48, 0x8b, 0x05, 0x41, 0x9e, 0x00, 0x00, 0x45,
  0x31, 0xf6, 0x48, 0x89, 0x44, 0x24, 0x08, 0x49, 0x8b, 0x45, 0x08, 0x48,
  0x3b, 0x44, 0x24, 0x08, 0x0f, 0x84, 0xc3, 0x00, 0x00, 0x00, 0x48, 0x3b,
  0x05, 0x63, 0x9d, 0x00, 0x00, 0x0f, 0x84, 0x05, 0x04, 0x00, 0x00, 0x48,
  0x8b, 0x40, 0x68, 0x48, 0x85, 0xc0, 0x0f, 0x84, 0xa8, 0x04, 0x00, 0x00,
  0x48, 0x8b, 0x40, 0x18, 0x48, 0x85, 0xc0, 0x0f, 0x84, 0x9b, 0x04, 0x00,
  0x00, 0x4c, 0x89, 0xf6, 0x4c, 0x89, 0xef, 0xff, 0xd0, 0x49, 0x89, 0xc7,
  0x4d, 0x85, 0xff, 0x0f, 0x84, 0x56, 0x05, 0x00, 0x00, 0x49, 0x8b, 0x47,
  0x08, 0x48, 0x8b, 0x90, 0xa8, 0x00, 0x00, 0x00, 0x81, 0xe2, 0x00, 0x00,
  0x00, 0x01, 0x0f, 0x84, 0x98, 0x0a, 0x00, 0x00, 0x49, 0x8b, 0x47, 0x10,
  0x48, 0x83, 0xf8, 0x01, 0x0f, 0x84, 0xea, 0x03, 0x00, 0x00, 0x48, 0x83,
  0xf8, 0x02, 0x0f, 0x84, 0xc8, 0x03, 0x00, 0x00, 0x48, 0x85, 0xc0, 0x0f,
  0x84, 0x0f, 0x03, 0x00, 0x00, 0x0f, 0x88, 0x96, 0x09, 0x00, 0x00, 0x4c,
  0x89, 0xff, 0xe8, 0xd1, 0x91, 0xff, 0xff, 0x48, 0x89, 0xc2, 0x48, 0x83,
  0xfa, 0xff, 0x0f, 0x84, 0x9a, 0x06, 0x00, 0x00, 0x0f, 0x1f, 0x40, 0x00,
  0x49, 0x83, 0x2f, 0x01, 0x0f, 0x84, 0xb6, 0x02, 0x00, 0x00, 0x48, 0x8b,
  0x43, 0x70, 0x4a, 0x89, 0x14, 0xf0, 0x49, 0x83, 0xfe, 0x01, 0x0f, 0x84,
  0x47, 0xf6, 0xff, 0xff, 0x49, 0x8b, 0x45, 0x08, 0x41, 0xbe, 0x01, 0x00,
  0x00, 0x00, 0x48, 0x3b, 0x44, 0x24, 0x08, 0x0f, 0x85, 0x3d, 0xff, 0xff,
  0xff, 0x4d, 0x39, 0x75, 0x10, 0x0f, 0x86, 0xf5, 0x03, 0x00, 0x00, 0x49,
  0x8b, 0x45, 0x18, 0x4e, 0x8b, 0x3c, 0xf0, 0x49, 0x83, 0x07, 0x01, 0xe9,
  0x5d, 0xff, 0xff, 0xff, 0x0f, 0x1f, 0x40, 0x00, 0xbb, 0xb9, 0x00, 0x00,
  0x00, 0x41, 0xbc, 0x0d, 0x0b, 0x00, 0x00, 0xe9, 0x3e, 0xf8, 0xff, 0xff,
  0x48, 0x8b, 0x05, 0xc9, 0x9c, 0x00, 0x00, 0x48, 0x8d, 0x35, 0xca, 0x51,
  0x00, 0x00, 0x48, 0x8b, 0x38, 0xe8, 0x1a, 0x8f, 0xff, 0xff, 0xe8, 0x75,
  0x90, 0xff, 0xff, 0x48, 0x85, 0xc0, 0x0f, 0x85, 0xb7, 0x04, 0x00, 0x00,
  0x49, 0xc7, 0xc4, 0xff, 0xff, 0xff, 0xff, 0xe9, 0xd0, 0xf6, 0xff, 0xff,
  0x4c, 0x8b, 0x25, 0x61, 0xb6, 0x00, 0x00, 0x4c, 0x8b, 0x2d, 0x6a, 0xb4,
  0x00, 0x00, 0x49, 0x8b, 0x44, 0x24, 0x08, 0x48, 0x8b, 0x98, 0x80, 0x00,
  0x00, 0x00, 0x48, 0x85, 0xdb, 0x0f, 0x84, 0x4a, 0x03, 0x00, 0x00, 0x48,
  0x8d, 0x3d, 0xd6, 0x55, 0x00, 0x00, 0xe8, 0xa1, 0x8d, 0xff, 0xff, 0x85,
  0xc0, 0x0f, 0x85, 0x4f, 0x03, 0x00, 0x00, 0x31, 0xd2, 0x4c, 0x89, 0xee,
  0x4c, 0x89, 0xe7, 0xff, 0xd3, 0x49, 0x89, 0xc5, 0xe8, 0x57, 0x90, 0xff,
  0xff, 0x4d, 0x85, 0xed, 0x0f, 0x84, 0xba, 0x06, 0x00, 0x00, 0x4c, 0x89,
  0xef, 0xbb, 0xa8, 0x00, 0x00, 0x00, 0x41, 0xbc, 0xe8, 0x09, 0x00, 0x00,
  0xe8, 0x9b, 0xb6, 0xff, 0xff, 0x49, 0x83, 0x6d, 0x00, 0x01, 0x0f, 0x84,
  0xb8, 0x00, 0x00, 0x00, 0x4d, 0x89, 0xf5, 0xe9, 0x96, 0xf7, 0xff, 0xff,
  0x0f, 0x1f, 0x84, 0x00, 0x00, 0x00, 0x00, 0x00, 0xe8, 0xab, 0x91, 0xff,
  0xff, 0x49, 0x89, 0xc5, 0xe9, 0xf6, 0xf2, 0xff, 0xff, 0x0f, 0x1f, 0x00,
  0xbb, 0xa9, 0x00, 0x00, 0x00, 0x41, 0xbc, 0xfa, 0x09, 0x00, 0x00, 0xeb,
  0xd3, 0x0f, 0x1f, 0x00, 0xe8, 0xbb, 0x8d, 0xff, 0xff, 0xe9, 0x65, 0xf6,
  0xff, 0xff, 0x66, 0x0f, 0x1f, 0x44, 0x00, 0x00, 0xbb, 0xaf, 0x00, 0x00,
  0x00, 0x41, 0xbc, 0x65, 0x0a, 0x00, 0x00, 0xe9, 0x4e, 0xf7, 0xff, 0xff,
  0x48, 0x8b, 0x05, 0xd9, 0x9b, 0x00, 0x00, 0x48, 0x8d, 0x35, 0xda, 0x50,
  0x00, 0x00, 0x48, 0x8b, 0x38, 0xe8, 0x2a, 0x8e, 0xff, 0xff, 0xe8, 0x85,
  0x8f, 0xff, 0xff, 0x48, 0x85, 0xc0, 0x0f, 0x85, 0x5c, 0x06, 0x00, 0x00,
  0x48, 0xc7, 0xc2, 0xff, 0xff, 0xff, 0xff, 0xe9, 0xb0, 0xf4, 0xff, 0xff,
  0xbb, 0xa9, 0x00, 0x00, 0x00, 0x41, 0xbc, 0x24, 0x0a, 0x00, 0x00, 0x45,
  0x31, 0xff, 0x49, 0x83, 0x2b, 0x01, 0x0f, 0x85, 0xc7, 0x0e, 0x00, 0x00,
  0x4c, 0x89, 0xdf, 0x4c, 0x89, 0x44, 0x24, 0x08, 0x4d, 0x89, 0xf5, 0xe8,
  0x48, 0x8d, 0xff, 0xff, 0x4c, 0x8b, 0x44, 0x24, 0x08, 0xe9, 0xce, 0xf6,
  0xff, 0xff, 0x66, 0x0f, 0x1f, 0x44, 0x00, 0x00, 0x4c, 0x89, 0xef, 0xe8,
  0x30, 0x8d, 0xff, 0xff, 0xe9, 0x3b, 0xff, 0xff, 0xff, 0x0f, 0x1f, 0x00,
  0x4c, 0x89, 0xc7, 0x4c, 0x89, 0x4c, 0x24, 0x18, 0x4c, 0x89, 0x5c, 0x24,
  0x08, 0xe8, 0x16, 0x8d, 0xff, 0xff, 0x4c, 0x8b, 0x4c, 0x24, 0x18, 0x4c,
  0x8b, 0x5c, 0x24, 0x08, 0xe9, 0x6a, 0xfc, 0xff, 0xff, 0x0f, 0x1f, 0x80,
  0x00, 0x00, 0x00, 0x00, 0x4c, 0x89, 0xdf, 0x4c, 0x89, 0x44, 0x24, 0x20,
  0x4c, 0x89, 0x4c, 0x24, 0x18, 0x4c, 0x89, 0x54, 0x24, 0x08, 0xe8, 0xe9,
  0x8c, 0xff, 0xff, 0x4c, 0x8b, 0x54, 0x24, 0x08, 0x4c, 0x8b, 0x4c, 0x24,
  0x18, 0x4c, 0x8b, 0x44, 0x24, 0x20, 0xe9, 0x6c, 0xfc, 0xff, 0xff, 0x0f,
  0x1f, 0x44, 0x00, 0x00, 0x4d, 0x89, 0xf5, 0x4d, 0x89, 0xd3, 0xbb, 0xb3,
  0x00, 0x00, 0x00, 0x41, 0xbc, 0xb1, 0x0a, 0x00, 0x00, 0xe9, 0x30, 0xf6,
  0xff, 0xff, 0x66, 0x2e, 0x0f, 0x1f, 0x84, 0x00, 0x00, 0x00, 0x00, 0x00,
  0xe8, 0xab, 0x8e, 0xff, 0xff, 0xbb, 0xa9, 0x00, 0x00, 0x00, 0x4c, 0x8b,
  0x5c, 0x24, 0x08, 0x4c, 0x8b, 0x44, 0x24, 0x10, 0x48, 0x85, 0xc0, 0x41,
  0xbc, 0x24, 0x0a, 0x00, 0x00, 0x0f, 0x85, 0x2b, 0xff, 0xff, 0xff, 0x48,
  0x8b, 0x05, 0x4e, 0x9a, 0x00, 0x00, 0x48, 0x8d, 0x35, 0x3f, 0x54, 0x00,
  0x00, 0x48, 0x8b, 0x38, 0xe8, 0x17, 0x8d, 0xff, 0xff, 0x4c, 0x8b, 0x5c,
  0x24, 0x08, 0x4c, 0x8b, 0x44, 0x24, 0x10, 0xe9, 0x06, 0xff, 0xff, 0xff,
  0x0f, 0x1f, 0x84, 0x00, 0x00, 0x00, 0x00, 0x00, 0xbb, 0xad, 0x00, 0x00,
  0x00, 0x41, 0xbc, 0x4f, 0x0a, 0x00, 0x00, 0xe9, 0x60, 0xfe, 0xff, 0xff,
  0x4c, 0x89, 0xe5, 0x4d, 0x89, 0xee, 0xbb, 0xb7, 0x00, 0x00, 0x00, 0x41,
  0xbc, 0xf7, 0x0a, 0x00, 0x00, 0xe9, 0x4a, 0xfe, 0xff, 0xff, 0x66, 0x2e,
  0x0f, 0x1f, 0x84, 0x00, 0x00, 0x00, 0x00, 0x00, 0x4c, 0x89, 0xff, 0x48,
  0x89, 0x54, 0x24, 0x18, 0xe8, 0x23, 0x8c, 0xff, 0xff, 0x48, 0x8b, 0x43,
  0x70, 0x48, 0x8b, 0x54, 0x24, 0x18, 0x4a, 0x89, 0x14, 0xf0, 0x49, 0x83,
  0xfe, 0x01, 0x0f, 0x84, 0x7f, 0xf3, 0xff, 0xff, 0xe9, 0x33, 0xfd, 0xff,
  0xff, 0x0f, 0x1f, 0x80, 0x00, 0x00, 0x00, 0x00, 0x31, 0xd2, 0xe9, 0x09,
  0xfd, 0xff, 0xff, 0x66, 0x0f, 0x1f, 0x84, 0x00, 0x00, 0x00, 0x00, 0x00,
  0x4d, 0x89, 0xee, 0xbb, 0xbb, 0x00, 0x00, 0x00, 0x41, 0xbc, 0x1b, 0x0b,
  0x00, 0x00, 0xe9, 0xed, 0xfd, 0xff, 0xff, 0x0f, 0x1f, 0x44, 0x00, 0x00,
  0x48, 0x8b, 0x46, 0x20, 0x48, 0x89, 0xd7, 0x48, 0x89, 0x44, 0x24, 0x38,
  0x48, 0x8b, 0x46, 0x18, 0x48, 0x89, 0x44, 0x24, 0x30, 0xe8, 0xee, 0x8a,
  0xff, 0xff, 0x49, 0x89, 0xc6, 0xe9, 0x06, 0xf9, 0xff, 0xff, 0x66, 0x0f,
  0x1f, 0x44, 0x00, 0x00, 0x48, 0x89, 0xd7, 0xe8, 0xd8, 0x8a, 0xff, 0xff,
  0x49, 0x89, 0xc6, 0x48, 0x85, 0xc0, 0x0f, 0x8e, 0x1f, 0xf9, 0xff, 0xff,
  0x48, 0x8b, 0x35, 0x55, 0xb2, 0x00, 0x00, 0x48, 0x89, 0xef, 0x48, 0x8b,
  0x56, 0x18, 0xe8, 0xb9, 0x8d, 0xff, 0xff, 0x48, 0x85, 0xc0, 0x0f, 0x84,
  0xaf, 0xf8, 0xff, 0xff, 0x48, 0x89, 0x44, 0x24, 0x30, 0x49, 0x83, 0xee,
  0x01, 0xe9, 0x9c, 0xf8, 0xff, 0xff, 0x66, 0x90, 0x4d, 0x39, 0x75, 0x10,
  0x0f, 0x86, 0xa6, 0x00, 0x00, 0x00, 0x4f, 0x8b, 0x7c, 0xf5, 0x18, 0x49,
  0x83, 0x07, 0x01, 0xe9, 0x11, 0xfc, 0xff, 0xff, 0x0f, 0x1f, 0x84, 0x00,
  0x00, 0x00, 0x00, 0x00, 0x41, 0x8b, 0x57, 0x1c, 0x41, 0x8b, 0x47, 0x18,
  0x48, 0xc1, 0xe2, 0x1e, 0x48, 0x09, 0xc2, 0xe9, 0x4c, 0xfc, 0xff, 0xff,
  0x0f, 0x1f, 0x40, 0x00, 0x41, 0x8b, 0x57, 0x18, 0xe9, 0x3f, 0xfc, 0xff,
  0xff, 0x0f, 0x1f, 0x80, 0x00, 0x00, 0x00, 0x00, 0x4c, 0x89, 0xff, 0x4c,
  0x89, 0x54, 0x24, 0x08, 0xe8, 0x1b, 0x8b, 0xff, 0xff, 0x4c, 0x8b, 0x54,
  0x24, 0x08, 0xe9, 0x5c, 0xfb, 0xff, 0xff, 0x90, 0x4c, 0x89, 0xe7, 0xe8,
  0x08, 0x8b, 0xff, 0xff, 0xe9, 0x63, 0xfb, 0xff, 0xff, 0x0f, 0x1f, 0x00,
  0x4c, 0x89, 0xd7, 0xe8, 0xf8, 0x8a, 0xff, 0xff, 0xe9, 0x48, 0xfb, 0xff,
  0xff, 0x4c, 0x89, 0xee, 0x31, 0xd2, 0x4c, 0x89, 0xe7, 0xe8, 0x36, 0x8e,
  0xff, 0xff, 0x49, 0x89, 0xc5, 0x48, 0x85, 0xc0, 0x0f, 0x85, 0xcc, 0xfc,
  0xff, 0xff, 0xbb, 0xa8, 0x00, 0x00, 0x00, 0x41, 0xbc, 0xe4, 0x09, 0x00,
  0x00, 0xe9, 0xda, 0xfc, 0xff, 0xff, 0x66, 0x2e, 0x0f, 0x1f, 0x84, 0x00,
  0x00, 0x00, 0x00, 0x00, 0x4c, 0x89, 0xf7, 0xe8, 0xe8, 0x8b, 0xff, 0xff,
  0x48, 0x85, 0xc0, 0x0f, 0x84, 0xbe, 0x00, 0x00, 0x00, 0x48, 0x89, 0xc6,
  0x4c, 0x89, 0xef, 0x48, 0x89, 0x44, 0x24, 0x18, 0xe8, 0x4f, 0x8b, 0xff,
  0xff, 0x4c, 0x8b, 0x4c, 0x24, 0x18, 0x49, 0x89, 0xc7, 0x49, 0x83, 0x29,
  0x01, 0x0f, 0x85, 0x3d, 0xfb, 0xff, 0xff, 0x4c, 0x89, 0xcf, 0xe8, 0x85,
  0x8a, 0xff, 0xff, 0xe9, 0x30, 0xfb, 0xff, 0xff, 0xbf, 0x02, 0x00, 0x00,
  0x00, 0x4c, 0x89, 0x4c, 0x24, 0x18, 0x4c, 0x89, 0x5c, 0x24, 0x08, 0xe8,
  0x1c, 0x8c, 0xff, 0xff, 0x4c, 0x8b, 0x5c, 0x24, 0x08, 0x4c, 0x8b, 0x4c,
  0x24, 0x18, 0x48, 0x85, 0xc0, 0x49, 0x89, 0xc7, 0x0f, 0x84, 0xca, 0x0c,
  0x00, 0x00, 0x4d, 0x89, 0xda, 0xbe, 0x01, 0x00, 0x00, 0x00, 0x31, 0xc9,
  0xe9, 0x20, 0xfa, 0xff, 0xff, 0x31, 0xd2, 0x4c, 0x89, 0xd7, 0x4c, 0x89,
  0xfe, 0x4c, 0x89, 0x54, 0x24, 0x08, 0xe8, 0x85, 0x8d, 0xff, 0xff, 0x4c,
  0x8b, 0x54, 0x24, 0x08, 0x48, 0x85, 0xc0, 0x49, 0x89, 0xc5, 0x0f, 0x85,
  0x65, 0xfa, 0xff, 0xff, 0x45, 0x31, 0xc0, 0x4d, 0x89, 0xd3, 0xbb, 0xb3,
  0x00, 0x00, 0x00, 0x41, 0xbc, 0xbc, 0x0a, 0x00, 0x00, 0xe9, 0xac, 0xfc,
  0xff, 0xff, 0xbb, 0xb3, 0x00, 0x00, 0x00, 0x41, 0xbc, 0x8b, 0x0a, 0x00,
  0x00, 0xe9, 0x0e, 0xfc, 0xff, 0xff, 0xe8, 0xc9, 0x8d, 0xff, 0xff, 0x49,
  0x89, 0xc3, 0xe9, 0xc5, 0xf8, 0xff, 0xff, 0xbb, 0xb5, 0x00, 0x00, 0x00,
  0x41, 0xbc, 0xd5, 0x0a, 0x00, 0x00, 0xe9, 0x8f, 0xf3, 0xff, 0xff, 0x48,
  0x8b, 0x3d, 0xe2, 0xb0, 0x00, 0x00, 0x48, 0x8d, 0x15, 0x5b, 0xaf, 0x00,
  0x00, 0x4c, 0x89, 0x5c, 0x24, 0x08, 0x48, 0x8d, 0x35, 0x57, 0xaf, 0x00,
  0x00, 0xe8, 0x12, 0xb7, 0xff, 0xff, 0x4c, 0x8b, 0x5c, 0x24, 0x08, 0x49,
  0x89, 0xc0, 0xe9, 0xc5, 0xf8, 0xff, 0xff, 0x4d, 0x89, 0xee, 0x41, 0xbc,
  0x0f, 0x0b, 0x00, 0x00, 0xbb, 0xb9, 0x00, 0x00, 0x00, 0x49, 0x83, 0x2f,
  0x01, 0x0f, 0x85, 0xad, 0xfb, 0xff, 0xff, 0x4c, 0x89, 0xff, 0x4d, 0x89,
  0xf5, 0xe8, 0x92, 0x89, 0xff, 0xff, 0xe9, 0x3b, 0xf3, 0xff, 0xff, 0x0f,
  0x1f, 0x44, 0x00, 0x00, 0x48, 0x8b, 0x40, 0x60, 0x48, 0x85, 0xc0, 0x0f,
  0x84, 0x23, 0x04, 0x00, 0x00, 0x48, 0x8b, 0x80, 0x80, 0x00, 0x00, 0x00,
  0x48, 0x85, 0xc0, 0x0f, 0x84, 0x13, 0x04, 0x00, 0x00, 0x4c, 0x89, 0xff,
  0xff, 0xd0, 0x49, 0x89, 0xc1, 0x48, 0x85, 0xc0, 0x0f, 0x84, 0x02, 0x04,
  0x00, 0x00, 0x48, 0x8b, 0x0d, 0xbb, 0x97, 0x00, 0x00, 0x48, 0x8b, 0x40,
  0x08, 0x48, 0x89, 0x4c, 0x24, 0x20, 0x48, 0x39, 0xc8, 0x75, 0x5d, 0x0f,
  0x1f, 0x44, 0x00, 0x00, 0xf6, 0x80, 0xab, 0x00, 0x00, 0x00, 0x01, 0x0f,
  0x84, 0xb6, 0x05, 0x00, 0x00, 0x49, 0x8b, 0x41, 0x10, 0x48, 0x83, 0xf8,
  0x01, 0x0f, 0x84, 0xa5, 0x00, 0x00, 0x00, 0x48, 0x83, 0xf8, 0x02, 0x74,
  0x7f, 0x48, 0x85, 0xc0, 0x74, 0x5a, 0x0f, 0x88, 0xe5, 0x03, 0x00, 0x00,
  0x4c, 0x89, 0xcf, 0x4c, 0x89, 0x4c, 0x24, 0x18, 0xe8, 0xd7, 0x8b, 0xff,
  0xff, 0x4c, 0x8b, 0x4c, 0x24, 0x18, 0x49, 0x89, 0xc4, 0x49, 0x83, 0x29,
  0x01, 0x0f, 0x85, 0x51, 0xf1, 0xff, 0xff, 0x4c, 0x89, 0xcf, 0xe8, 0xed,
  0x88, 0xff, 0xff, 0xe9, 0x44, 0xf1, 0xff, 0xff, 0x4c, 0x89, 0xcf, 0x48,
  0x8d, 0x35, 0x23, 0x67, 0x00, 0x00, 0xe8, 0x89, 0xaa, 0xff, 0xff, 0x49,
  0x89, 0xc1, 0x48, 0x85, 0xc0, 0x0f, 0x84, 0x53, 0xfa, 0xff, 0xff, 0x48,
  0x8b, 0x40, 0x08, 0xeb, 0x87, 0x0f, 0x1f, 0x80, 0x00, 0x00, 0x00, 0x00,
  0x49, 0x83, 0x29, 0x01, 0x0f, 0x85, 0x26, 0xf1, 0xff, 0xff, 0x4c, 0x89,
  0xcf, 0xe8, 0xae, 0x88, 0xff, 0xff, 0xe9, 0x19, 0xf1, 0xff, 0xff, 0x66,
  0x0f, 0x1f, 0x84, 0x00, 0x00, 0x00, 0x00, 0x00, 0x45, 0x8b, 0x61, 0x1c,
  0x41, 0x8b, 0x41, 0x18, 0x49, 0xc1, 0xe4, 0x1e, 0x49, 0x09, 0xc4, 0x49,
  0x83, 0x29, 0x01, 0x0f, 0x85, 0xf7, 0xf0, 0xff, 0xff, 0xeb, 0x90, 0x0f,
  0x1f, 0x44, 0x00, 0x00, 0x45, 0x8b, 0x61, 0x18, 0xeb, 0xe9, 0x4c, 0x89,
  0xcf, 0x48, 0x8d, 0x35, 0xb5, 0x66, 0x00, 0x00, 0xe8, 0x1b, 0xaa, 0xff,
  0xff, 0x48, 0x8b, 0x54, 0x24, 0x18, 0x48, 0x85, 0xc0, 0x49, 0x89, 0xc1,
  0x0f, 0x85, 0x10, 0x04, 0x00, 0x00, 0xe8, 0x55, 0x8a, 0xff, 0xff, 0x48,
  0x85, 0xc0, 0x0f, 0x85, 0xaa, 0x04, 0x00, 0x00, 0x48, 0xc7, 0xc2, 0xff,
  0xff, 0xff, 0xff, 0xe9, 0x50, 0xf9, 0xff, 0xff, 0x48, 0x8d, 0x54, 0x24,
  0x30, 0x4c, 0x89, 0xe9, 0x48, 0x89, 0xef, 0x4c, 0x8d, 0x05, 0x4f, 0x67,
  0x00, 0x00, 0x48, 0x8d, 0x35, 0x77, 0xa1, 0x00, 0x00, 0xe8, 0x62, 0xae,
  0xff, 0xff, 0x85, 0xc0, 0x0f, 0x89, 0x9d, 0xf5, 0xff, 0xff, 0xbe, 0x92,
  0x09, 0x00, 0x00, 0xe9, 0xf0, 0xf5, 0xff, 0xff, 0x45, 0x31, 0xff, 0xbb,
  0xb3, 0x00, 0x00, 0x00, 0x41, 0xbc, 0x8d, 0x0a, 0x00, 0x00, 0xe9, 0x9b,
  0xfa, 0xff, 0xff, 0xe8, 0xc8, 0x8b, 0xff, 0xff, 0x4c, 0x8b, 0x5c, 0x24,
  0x18, 0x4c, 0x8b, 0x44, 0x24, 0x08, 0x49, 0x89, 0xc1, 0xe9, 0x36, 0xf7,
  0xff, 0xff, 0x45, 0x31, 0xff, 0xbb, 0xb3, 0x00, 0x00, 0x00, 0x41, 0xbc,
  0x8f, 0x0a, 0x00, 0x00, 0xe9, 0x71, 0xfa, 0xff, 0xff, 0x48, 0x8b, 0x3d,
  0x44, 0xb0, 0x00, 0x00, 0x4c, 0x8b, 0x2d, 0xcd, 0xae, 0x00, 0x00, 0x4c,
  0x89, 0x5c, 0x24, 0x08, 0x48, 0x8b, 0x47, 0x08, 0x4c, 0x89, 0xee, 0x48,
  0x8b, 0x80, 0x90, 0x00, 0x00, 0x00, 0x48, 0x85, 0xc0, 0x0f, 0x84, 0x1a,
  0x04, 0x00, 0x00, 0xff, 0xd0, 0x4c, 0x8b, 0x5c, 0x24, 0x08, 0x49, 0x89,
  0xc0, 0x4d, 0x85, 0xc0, 0x0f, 0x85, 0xaf, 0xf6, 0xff, 0xff, 0x4c, 0x89,
  0xea, 0x4c, 0x89, 0x44, 0x24, 0x10, 0x45, 0x31, 0xff, 0xbb, 0xb3, 0x00,
  0x00, 0x00, 0x48, 0x8b, 0x05, 0x07, 0x96, 0x00, 0x00, 0x48, 0x8d, 0x35,
  0x45, 0x64, 0x00, 0x00, 0x4c, 0x89, 0x5c, 0x24, 0x08, 0x41, 0xbc, 0x8d,
  0x0a, 0x00, 0x00, 0x48, 0x8b, 0x38, 0x31, 0xc0, 0xe8, 0xf3, 0x8a, 0xff,
  0xff, 0x4c, 0x8b, 0x5c, 0x24, 0x08, 0x4c, 0x8b, 0x44, 0x24, 0x10, 0xe9,
  0xf2, 0xf9, 0xff, 0xff, 0xe8, 0x4f, 0x89, 0xff, 0xff, 0xbb, 0xa8, 0x00,
  0x00, 0x00, 0x41, 0xbc, 0xe4, 0x09, 0x00, 0x00, 0x48, 0x85, 0xc0, 0x0f,
  0x85, 0x4b, 0xf9, 0xff, 0xff, 0x48, 0x8b, 0x05, 0xfc, 0x94, 0x00, 0x00,
  0x48, 0x8d, 0x35, 0xed, 0x4e, 0x00, 0x00, 0x48, 0x8b, 0x38, 0xe8, 0xc5,
  0x87, 0xff, 0xff, 0xe9, 0x30, 0xf9, 0xff, 0xff, 0x4d, 0x89, 0xee, 0x41,
  0xbc, 0x67, 0x0a, 0x00, 0x00, 0xbb, 0xaf, 0x00, 0x00, 0x00, 0xe9, 0x66,
  0xfd, 0xff, 0xff, 0x0f, 0x1f, 0x44, 0x00, 0x00, 0x48, 0x8b, 0x40, 0x60,
  0x48, 0x89, 0x54, 0x24, 0x18, 0x48, 0x85, 0xc0, 0x0f, 0x84, 0xfe, 0x01,
  0x00, 0x00, 0x48, 0x8b, 0x80, 0x80, 0x00, 0x00, 0x00, 0x48, 0x85, 0xc0,
  0x0f, 0x84, 0xee, 0x01, 0x00, 0x00, 0x4c, 0x89, 0xff, 0xff, 0xd0, 0x49,
  0x89, 0xc1, 0x48, 0x85, 0xc0, 0x0f, 0x84, 0xdd, 0x01, 0x00, 0x00, 0x48,
  0x8b, 0x0d, 0x36, 0x95, 0x00, 0x00, 0x48, 0x8b, 0x40, 0x08, 0x48, 0x8b,
  0x54, 0x24, 0x18, 0x48, 0x39, 0xc8, 0x48, 0x89, 0x4c, 0x24, 0x20, 0x75,
  0x69, 0x0f, 0x1f, 0x00, 0xf6, 0x80, 0xab, 0x00, 0x00, 0x00, 0x01, 0x0f,
  0x84, 0x1c, 0x04, 0x00, 0x00, 0x49, 0x8b, 0x41, 0x10, 0x48, 0x83, 0xf8,
  0x01, 0x0f, 0x84, 0xc3, 0x00, 0x00, 0x00, 0x48, 0x83, 0xf8, 0x02, 0x0f,
  0x84, 0x9b, 0x00, 0x00, 0x00, 0x48, 0x85, 0xc0, 0x74, 0x6e, 0x0f, 0x88,
  0xb9, 0x01, 0x00, 0x00, 0x4c, 0x89, 0xcf, 0x4c, 0x89, 0x4c, 0x24, 0x18,
  0xe8, 0x4b, 0x89, 0xff, 0xff, 0x4c, 0x8b, 0x4c, 0x24, 0x18, 0x48, 0x89,
  0xc2, 0x49, 0x83, 0x29, 0x01, 0x0f, 0x85, 0x9c, 0xed, 0xff, 0xff, 0x4c,
  0x89, 0xcf, 0x48, 0x89, 0x54, 0x24, 0x18, 0xe8, 0x5c, 0x86, 0xff, 0xff,
  0x48, 0x8b, 0x54, 0x24, 0x18, 0xe9, 0x85, 0xed, 0xff, 0xff, 0x4c, 0x89,
  0xcf, 0x48, 0x8d, 0x35, 0x8d, 0x64, 0x00, 0x00, 0xe8, 0xf3, 0xa7, 0xff,
  0xff, 0x49, 0x89, 0xc1, 0x48, 0x85, 0xc0, 0x0f, 0x84, 0xad, 0xf8, 0xff,
  0xff, 0x48, 0x8b, 0x40, 0x08, 0x48, 0x8b, 0x54, 0x24, 0x18, 0xe9, 0x71,
  0xff, 0xff, 0xff, 0x66, 0x0f, 0x1f, 0x84, 0x00, 0x00, 0x00, 0x00, 0x00,
  0x49, 0x83, 0x29, 0x01, 0x0f, 0x85, 0x56, 0xed, 0xff, 0xff, 0x4c, 0x89,
  0xcf, 0x48, 0x89, 0x54, 0x24, 0x18, 0xe8, 0x09, 0x86, 0xff, 0xff, 0x48,
  0x8b, 0x54, 0x24, 0x18, 0xe9, 0x3f, 0xed, 0xff, 0xff, 0x0f, 0x1f, 0x80,
  0x00, 0x00, 0x00, 0x00, 0x41, 0x8b, 0x51, 0x1c, 0x41, 0x8b, 0x41, 0x18,
  0x48, 0xc1, 0xe2, 0x1e, 0x48, 0x09, 0xc2, 0x49, 0x83, 0x29, 0x01, 0x0f,
  0x85, 0x1f, 0xed, 0xff, 0xff, 0xe9, 0x71, 0xff, 0xff, 0xff, 0x41, 0x8b,
  0x51, 0x18, 0xeb, 0xeb, 0x4d, 0x89, 0xd3, 0xbb, 0xb3, 0x00, 0x00, 0x00,
  0x41, 0xbc, 0xbc, 0x0a, 0x00, 0x00, 0x45, 0x31, 0xc0, 0xe9, 0x5c, 0xf8,
  0xff, 0xff, 0xe8, 0xb9, 0x87, 0xff, 0xff, 0x4c, 0x8b, 0x54, 0x24, 0x08,
  0x48, 0x85, 0xc0, 0x0f, 0x85, 0x87, 0xfb, 0xff, 0xff, 0x48, 0x89, 0x44,
  0x24, 0x10, 0x48, 0x8b, 0x05, 0x67, 0x93, 0x00, 0x00, 0x48, 0x8d, 0x35,
  0x58, 0x4d, 0x00, 0x00, 0xbb, 0xb3, 0x00, 0x00, 0x00, 0x41, 0xbc, 0xbc,
  0x0a, 0x00, 0x00, 0x48, 0x8b, 0x38, 0xe8, 0x25, 0x86, 0xff, 0xff, 0x4c,
  0x8b, 0x54, 0x24, 0x08, 0x4c, 0x8b, 0x44, 0x24, 0x10, 0x4d, 0x89, 0xd3,
  0xe9, 0x11, 0xf8, 0xff, 0xff, 0x48, 0x8b, 0x05, 0xac, 0x93, 0x00, 0x00,
  0x48, 0x8d, 0x35, 0xad, 0x48, 0x00, 0x00, 0x48, 0x8b, 0x38, 0xe8, 0xfd,
  0x85, 0xff, 0xff, 0xe9, 0xfe, 0xfc, 0xff, 0xff, 0xe8, 0x53, 0x87, 0xff,
  0xff, 0x48, 0x85, 0xc0, 0x0f, 0x85, 0xd0, 0xf6, 0xff, 0xff, 0x48, 0x8b,
  0x05, 0x5b, 0x93, 0x00, 0x00, 0x48, 0x8d, 0x35, 0xf2, 0x61, 0x00, 0x00,
  0x48, 0x8b, 0x38, 0xe8, 0xd4, 0x85, 0xff, 0xff, 0xe9, 0xb5, 0xf6, 0xff,
  0xff, 0x48, 0x8b, 0x05, 0x68, 0x93, 0x00, 0x00, 0x4c, 0x89, 0x4c, 0x24,
  0x18, 0x48, 0x8d, 0x35, 0x64, 0x48, 0x00, 0x00, 0x48, 0x8b, 0x38, 0xe8,
  0xb4, 0x85, 0xff, 0xff, 0x4c, 0x8b, 0x4c, 0x24, 0x18, 0x49, 0x83, 0x29,
  0x01, 0x0f, 0x85, 0x8b, 0xf6, 0xff, 0xff, 0x4c, 0x89, 0xcf, 0xe8, 0xfd,
  0x84, 0xff, 0xff, 0xe9, 0x7e, 0xf6, 0xff, 0xff, 0xe8, 0xf3, 0x86, 0xff,
  0xff, 0x48, 0x85, 0xc0, 0x0f, 0x85, 0x60, 0xf7, 0xff, 0xff, 0x48, 0x8b,
  0x05, 0xfb, 0x92, 0x00, 0x00, 0x48, 0x8d, 0x35, 0x92, 0x61, 0x00, 0x00,
  0x48, 0x8b, 0x38, 0xe8, 0x74, 0x85, 0xff, 0xff, 0xe9, 0x45, 0xf7, 0xff,
  0xff, 0x48, 0x8b, 0x05, 0x08, 0x93, 0x00, 0x00, 0x4c, 0x89, 0x4c, 0x24,
  0x18, 0x48, 0x8d, 0x35, 0x04, 0x48, 0x00, 0x00, 0x48, 0x8b, 0x38, 0xe8,
  0x54, 0x85, 0xff, 0xff, 0x4c, 0x8b, 0x4c, 0x24, 0x18, 0x49, 0x83, 0x29,
  0x01, 0x0f, 0x85, 0x1b, 0xf7, 0xff, 0xff, 0x4c, 0x89, 0xcf, 0xe8, 0x9d,
  0x84, 0xff, 0xff, 0xe9, 0x0e, 0xf7, 0xff, 0xff, 0x48, 0x8b, 0x40, 0x60,
  0x48, 0x89, 0x54, 0x24, 0x18, 0x48, 0x85, 0xc0, 0x0f, 0x84, 0xff, 0x03,
  0x00, 0x00, 0x48, 0x8b, 0x80, 0x80, 0x00, 0x00, 0x00, 0x48, 0x85, 0xc0,
  0x0f, 0x84, 0xef, 0x03, 0x00, 0x00, 0x4c, 0x89, 0xff, 0xff, 0xd0, 0x49,
  0x89, 0xc1, 0x48, 0x85, 0xc0, 0x0f, 0x84, 0xde, 0x03, 0x00, 0x00, 0x48,
  0x8b, 0x05, 0xc6, 0x92, 0x00, 0x00, 0x49, 0x39, 0x41, 0x08, 0x48, 0x8b,
  0x54, 0x24, 0x18, 0x48, 0x89, 0x44, 0x24, 0x20, 0x0f, 0x85, 0xd0, 0xfb,
  0xff, 0xff, 0x49, 0x8b, 0x41, 0x08, 0xf6, 0x80, 0xab, 0x00, 0x00, 0x00,
  0x01, 0x0f, 0x84, 0xd8, 0x04, 0x00, 0x00, 0x49, 0x8b, 0x41, 0x10, 0x48,
  0x83, 0xf8, 0x01, 0x0f, 0x84, 0x83, 0x00, 0x00, 0x00, 0x48, 0x83, 0xf8,
  0x02, 0x74, 0x62, 0x48, 0x85, 0xc0, 0x74, 0x3c, 0x0f, 0x88, 0x29, 0x03,
  0x00, 0x00, 0x4c, 0x89, 0xcf, 0x4c, 0x89, 0x4c, 0x24, 0x18, 0xe8, 0xdd,
  0x86, 0xff, 0xff, 0x4c, 0x8b, 0x4c, 0x24, 0x18, 0x48, 0x89, 0xc2, 0x49,
  0x83, 0x29, 0x01, 0x0f, 0x85, 0xfd, 0xf4, 0xff, 0xff, 0x4c, 0x89, 0xcf,
  0x48, 0x89, 0x54, 0x24, 0x18, 0xe8, 0xee, 0x83, 0xff, 0xff, 0x48, 0x8b,
  0x54, 0x24, 0x18, 0xe9, 0xe6, 0xf4, 0xff, 0xff, 0x49, 0x83, 0x29, 0x01,
  0x0f, 0x85, 0xea, 0xf4, 0xff, 0xff, 0x4c, 0x89, 0xcf, 0x48, 0x89, 0x54,
  0x24, 0x18, 0xe8, 0xcd, 0x83, 0xff, 0xff, 0x48, 0x8b, 0x54, 0x24, 0x18,
  0xe9, 0xd3, 0xf4, 0xff, 0xff, 0x41, 0x8b, 0x51, 0x1c, 0x41, 0x8b, 0x41,
  0x18, 0x48, 0xc1, 0xe2, 0x1e, 0x48, 0x09, 0xc2, 0x49, 0x83, 0x29, 0x01,
  0x0f, 0x85, 0xba, 0xf4, 0xff, 0xff, 0xeb, 0xad, 0x41, 0x8b, 0x51, 0x18,
  0xeb, 0xee, 0x4d, 0x89, 0xee, 0x41, 0xbc, 0xd7, 0x0a, 0x00, 0x00, 0xbb,
  0xb5, 0x00, 0x00, 0x00, 0xe9, 0xe8, 0xf9, 0xff, 0xff, 0xe8, 0x5a, 0x87,
  0xff, 0xff, 0x4c, 0x8b, 0x5c, 0x24, 0x08, 0x49, 0x89, 0xc0, 0xe9, 0xde,
  0xfb, 0xff, 0xff, 0x48, 0x8b, 0x40, 0x60, 0x48, 0x85, 0xc0, 0x0f, 0x84,
  0x47, 0x02, 0x00, 0x00, 0x48, 0x8b, 0x80, 0x80, 0x00, 0x00, 0x00, 0x48,
  0x85, 0xc0, 0x0f, 0x84, 0x37, 0x02, 0x00, 0x00, 0x4c, 0x89, 0x4c, 0x24,
  0x18, 0x4c, 0x89, 0xcf, 0xff, 0xd0, 0x4c, 0x8b, 0x4c, 0x24, 0x18, 0x48,
  0x85, 0xc0, 0x49, 0x89, 0xc2, 0x0f, 0x84, 0x1c, 0x02, 0x00, 0x00, 0x48,
  0x8b, 0x44, 0x24, 0x20, 0x49, 0x39, 0x42, 0x08, 0x75, 0x6f, 0x49, 0x8b,
  0x42, 0x08, 0xf6, 0x80, 0xab, 0x00, 0x00, 0x00, 0x01, 0x0f, 0x84, 0xcb,
  0x02, 0x00, 0x00, 0x49, 0x8b, 0x42, 0x10, 0x48, 0x83, 0xf8, 0x01, 0x74,
  0x79, 0x48, 0x83, 0xf8, 0x02, 0x74, 0x79, 0x45, 0x31, 0xe4, 0x48, 0x85,
  0xc0, 0x74, 0x25, 0x0f, 0x88, 0x51, 0x02, 0x00, 0x00, 0x4c, 0x89, 0xd7,
  0x4c, 0x89, 0x4c, 0x24, 0x20, 0x4c, 0x89, 0x54, 0x24, 0x18, 0xe8, 0xc9,
  0x85, 0xff, 0xff, 0x4c, 0x8b, 0x54, 0x24, 0x18, 0x4c, 0x8b, 0x4c, 0x24,
  0x20, 0x49, 0x89, 0xc4, 0x49, 0x83, 0x2a, 0x01, 0x0f, 0x85, 0xe3, 0xf9,
  0xff, 0xff, 0x4c, 0x89, 0xd7, 0x4c, 0x89, 0x4c, 0x24, 0x18, 0xe8, 0xd5,
  0x82, 0xff, 0xff, 0x4c, 0x8b, 0x4c, 0x24, 0x18, 0xe9, 0xcc, 0xf9, 0xff,
  0xff, 0x4c, 0x89, 0xd7, 0x48, 0x8d, 0x35, 0x06, 0x61, 0x00, 0x00, 0xe8,
  0x6c, 0xa4, 0xff, 0xff, 0x4c, 0x8b, 0x4c, 0x24, 0x18, 0x48, 0x85, 0xc0,
  0x49, 0x89, 0xc2, 0x0f, 0x85, 0x71, 0xff, 0xff, 0xff, 0xe9, 0x97, 0xfd,
  0xff, 0xff, 0x45, 0x8b, 0x62, 0x18, 0xeb, 0xb4, 0x45, 0x8b, 0x62, 0x1c,
  0x41, 0x8b, 0x42, 0x18, 0x49, 0xc1, 0xe4, 0x1e, 0x49, 0x09, 0xc4, 0xeb,
  0xa3, 0x48, 0x8b, 0x40, 0x60, 0x48, 0x85, 0xc0, 0x0f, 0x84, 0xee, 0x00,
  0x00, 0x00, 0x48, 0x8b, 0x80, 0x80, 0x00, 0x00, 0x00, 0x48, 0x85, 0xc0,
  0x0f, 0x84, 0xde, 0x00, 0x00, 0x00, 0x4c, 0x89, 0x4c, 0x24, 0x18, 0x4c,
  0x89, 0xcf, 0xff, 0xd0, 0x4c, 0x8b, 0x4c, 0x24, 0x18, 0x48, 0x85, 0xc0,
  0x49, 0x89, 0xc2, 0x0f, 0x84, 0xc3, 0x00, 0x00, 0x00, 0x48, 0x8b, 0x44,
  0x24, 0x20, 0x49, 0x39, 0x42, 0x08, 0x75, 0x7c, 0x49, 0x8b, 0x42, 0x08,
  0xf6, 0x80, 0xab, 0x00, 0x00, 0x00, 0x01, 0x0f, 0x84, 0xb2, 0x03, 0x00,
  0x00, 0x49, 0x8b, 0x42, 0x10, 0x48, 0x83, 0xf8, 0x01, 0x0f, 0x84, 0x93,
  0x00, 0x00, 0x00, 0x48, 0x83, 0xf8, 0x02, 0x74, 0x7c, 0x31, 0xd2, 0x48,
  0x85, 0xc0, 0x74, 0x25, 0x0f, 0x88, 0xbe, 0x00, 0x00, 0x00, 0x4c, 0x89,
  0xd7, 0x4c, 0x89, 0x4c, 0x24, 0x20, 0x4c, 0x89, 0x54, 0x24, 0x18, 0xe8,
  0xd8, 0x84, 0xff, 0xff, 0x4c, 0x8b, 0x54, 0x24, 0x18, 0x4c, 0x8b, 0x4c,
  0x24, 0x20, 0x48, 0x89, 0xc2, 0x49, 0x83, 0x2a, 0x01, 0x0f, 0x85, 0x7e,
  0xfb, 0xff, 0xff, 0x4c, 0x89, 0xd7, 0x4c, 0x89, 0x4c, 0x24, 0x20, 0x48,
  0x89, 0x54, 0x24, 0x18, 0xe8, 0xdf, 0x81, 0xff, 0xff, 0x4c, 0x8b, 0x4c,
  0x24, 0x20, 0x48, 0x8b, 0x54, 0x24, 0x18, 0xe9, 0x5d, 0xfb, 0xff, 0xff,
  0x4c, 0x89, 0xd7, 0x48, 0x8d, 0x35, 0x0b, 0x60, 0x00, 0x00, 0xe8, 0x71,
  0xa3, 0xff, 0xff, 0x4c, 0x8b, 0x4c, 0x24, 0x18, 0x48, 0x85, 0xc0, 0x49,
  0x89, 0xc2, 0x0f, 0x85, 0x64, 0xff, 0xff, 0xff, 0xe9, 0xfc, 0xfc, 0xff,
  0xff, 0x41, 0x8b, 0x52, 0x1c, 0x41, 0x8b, 0x42, 0x18, 0x48, 0xc1, 0xe2,
  0x1e, 0x48, 0x09, 0xc2, 0xeb, 0x9f, 0x41, 0x8b, 0x52, 0x18, 0xeb, 0x99,
  0x4c, 0x89, 0x4c, 0x24, 0x18, 0xe8, 0x8a, 0x83, 0xff, 0xff, 0x4c, 0x8b,
  0x4c, 0x24, 0x18, 0x48, 0x85, 0xc0, 0x0f, 0x85, 0xcd, 0xfc, 0xff, 0xff,
  0x48, 0x8b, 0x05, 0x8d, 0x8f, 0x00, 0x00, 0x48, 0x8d, 0x35, 0x24, 0x5e,
  0x00, 0x00, 0x48, 0x8b, 0x38, 0xe8, 0x06, 0x82, 0xff, 0xff, 0x4c, 0x8b,
  0x4c, 0x24, 0x18, 0xe9, 0xad, 0xfc, 0xff, 0xff, 0x4c, 0x89, 0x54, 0x24,
  0x20, 0x48, 0x8b, 0x05, 0x90, 0x8f, 0x00, 0x00, 0x48, 0x8d, 0x35, 0x91,
  0x44, 0x00, 0x00, 0x4c, 0x89, 0x4c, 0x24, 0x18, 0x48, 0x8b, 0x38, 0xe8,
  0xdc, 0x81, 0xff, 0xff, 0x4c, 0x8b, 0x4c, 0x24, 0x18, 0x4c, 0x8b, 0x54,
  0x24, 0x20, 0x48, 0x83, 0xca, 0xff, 0xe9, 0x2e, 0xff, 0xff, 0xff, 0x4c,
  0x89, 0x4c, 0x24, 0x18, 0xe8, 0x1f, 0x83, 0xff, 0xff, 0x4c, 0x8b, 0x4c,
  0x24, 0x18, 0x48, 0x85, 0xc0, 0x0f, 0x85, 0x02, 0xfc, 0xff, 0xff, 0x48,
  0x8b, 0x05, 0x22, 0x8f, 0x00, 0x00, 0x48, 0x8d, 0x35, 0xb9, 0x5d, 0x00,
  0x00, 0x48, 0x8b, 0x38, 0xe8, 0x9b, 0x81, 0xff, 0xff, 0x4c, 0x8b, 0x4c,
  0x24, 0x18, 0xe9, 0xe2, 0xfb, 0xff, 0xff, 0x48, 0x8b, 0x05, 0x2a, 0x8f,
  0x00, 0x00, 0x4c, 0x89, 0x4c, 0x24, 0x18, 0x48, 0x8d, 0x35, 0x26, 0x44,
  0x00, 0x00, 0x48, 0x8b, 0x38, 0xe8, 0x76, 0x81, 0xff, 0xff, 0x4c, 0x8b,
  0x4c, 0x24, 0x18, 0x49, 0x83, 0x29, 0x01, 0x0f, 0x85, 0x6d, 0xf8, 0xff,
  0xff, 0x4c, 0x89, 0xcf, 0xe8, 0xbf, 0x80, 0xff, 0xff, 0xe9, 0x60, 0xf8,
  0xff, 0xff, 0x4c, 0x89, 0x54, 0x24, 0x20, 0x48, 0x8b, 0x05, 0xee, 0x8e,
  0x00, 0x00, 0x48, 0x8d, 0x35, 0xef, 0x43, 0x00, 0x00, 0x4c, 0x89, 0x4c,
  0x24, 0x18, 0x48, 0x8b, 0x38, 0x49, 0x83, 0xcc, 0xff, 0xe8, 0x36, 0x81,
  0xff, 0xff, 0x4c, 0x8b, 0x4c, 0x24, 0x18, 0x4c, 0x8b, 0x54, 0x24, 0x20,
  0xe9, 0x9b, 0xfd, 0xff, 0xff, 0xe8, 0x82, 0x82, 0xff, 0xff, 0x48, 0x85,
  0xc0, 0x0f, 0x85, 0x1f, 0xf8, 0xff, 0xff, 0x48, 0x8b, 0x05, 0x8a, 0x8e,
  0x00, 0x00, 0x48, 0x8d, 0x35, 0x21, 0x5d, 0x00, 0x00, 0x48, 0x8b, 0x38,
  0xe8, 0x03, 0x81, 0xff, 0xff, 0xe9, 0x04, 0xf8, 0xff, 0xff, 0x48, 0x8b,
  0x40, 0x60, 0x48, 0x85, 0xc0, 0x0f, 0x84, 0xbf, 0x00, 0x00, 0x00, 0x48,
  0x8b, 0x80, 0x80, 0x00, 0x00, 0x00, 0x48, 0x85, 0xc0, 0x0f, 0x84, 0xaf,
  0x00, 0x00, 0x00, 0x4c, 0x89, 0xd7, 0x4c, 0x89, 0x4c, 0x24, 0x28, 0x4c,
  0x89, 0x54, 0x24, 0x18, 0xff, 0xd0, 0x4c, 0x8b, 0x54, 0x24, 0x18, 0x4c,
  0x8b, 0x4c, 0x24, 0x28, 0x48, 0x85, 0xc0, 0x48, 0x89, 0xc7, 0x0f, 0x84,
  0x8a, 0x00, 0x00, 0x00, 0x48, 0x8b, 0x44, 0x24, 0x20, 0x48, 0x39, 0x47,
  0x08, 0x75, 0x4e, 0x4c, 0x89, 0x54, 0x24, 0x28, 0x4c, 0x89, 0x4c, 0x24,
  0x20, 0x48, 0x89, 0x7c, 0x24, 0x18, 0xe8, 0xfd, 0xad, 0xff, 0xff, 0x48,
  0x8b, 0x7c, 0x24, 0x18, 0x4c, 0x8b, 0x4c, 0x24, 0x20, 0x4c, 0x8b, 0x54,
  0x24, 0x28, 0x49, 0x89, 0xc4, 0x48, 0x83, 0x2f, 0x01, 0x0f, 0x85, 0xf5,
  0xfc, 0xff, 0xff, 0x4c, 0x89, 0x54, 0x24, 0x20, 0x4c, 0x89, 0x4c, 0x24,
  0x18, 0xe8, 0xd2, 0x7f, 0xff, 0xff, 0x4c, 0x8b, 0x54, 0x24, 0x20, 0x4c,
  0x8b, 0x4c, 0x24, 0x18, 0xe9, 0xd7, 0xfc, 0xff, 0xff, 0x48, 0x8d, 0x35,
  0x01, 0x5e, 0x00, 0x00, 0x4c, 0x89, 0x54, 0x24, 0x20, 0x4c, 0x89, 0x4c,
  0x24, 0x18, 0xe8, 0x5d, 0xa1, 0xff, 0xff, 0x4c, 0x8b, 0x4c, 0x24, 0x18,
  0x4c, 0x8b, 0x54, 0x24, 0x20, 0x48, 0x85, 0xc0, 0x48, 0x89, 0xc7, 0x75,
  0x8a, 0x49, 0x83, 0xcc, 0xff, 0xe9, 0xa6, 0xfc, 0xff, 0xff, 0x4c, 0x89,
  0x54, 0x24, 0x20, 0x4c, 0x89, 0x4c, 0x24, 0x18, 0xe8, 0x83, 0x81, 0xff,
  0xff, 0x4c, 0x8b, 0x4c, 0x24, 0x18, 0x4c, 0x8b, 0x54, 0x24, 0x20, 0x48,
  0x85, 0xc0, 0x75, 0xd9, 0x48, 0x8b, 0x05, 0x85, 0x8d, 0x00, 0x00, 0x48,
  0x8d, 0x35, 0x1c, 0x5c, 0x00, 0x00, 0xe9, 0xbf, 0xfe, 0xff, 0xff, 0x48,
  0x8b, 0x40, 0x60, 0x48, 0x85, 0xc0, 0x0f, 0x84, 0x8b, 0x00, 0x00, 0x00,
  0x48, 0x8b, 0x80, 0x80, 0x00, 0x00, 0x00, 0x48, 0x85, 0xc0, 0x74, 0x7f,
  0x4c, 0x89, 0xcf, 0x4c, 0x89, 0x4c, 0x24, 0x18, 0xff, 0xd0, 0x4c, 0x8b,
  0x4c, 0x24, 0x18, 0x48, 0x85, 0xc0, 0x48, 0x89, 0xc7, 0x74, 0x68, 0x48,
  0x8b, 0x44, 0x24, 0x20, 0x48, 0x39, 0x47, 0x08, 0x75, 0x3f, 0x4c, 0x89,
  0x4c, 0x24, 0x20, 0x48, 0x89, 0x7c, 0x24, 0x18, 0xe8, 0x17, 0xad, 0xff,
  0xff, 0x48, 0x8b, 0x7c, 0x24, 0x18, 0x4c, 0x8b, 0x4c, 0x24, 0x20, 0x48,
  0x89, 0xc2, 0x48, 0x83, 0x2f, 0x01, 0x0f, 0x85, 0xfb, 0xfa, 0xff, 0xff,
  0x48, 0x89, 0x44, 0x24, 0x18, 0xe8, 0xf6, 0x7e, 0xff, 0xff, 0x4c, 0x8b,
  0x4c, 0x24, 0x20, 0x48, 0x8b, 0x54, 0x24, 0x18, 0xe9, 0xe2, 0xfa, 0xff,
  0xff, 0x48, 0x8d, 0x35, 0x25, 0x5d, 0x00, 0x00, 0xe8, 0x8b, 0xa0, 0xff,
  0xff, 0x4c, 0x8b, 0x4c, 0x24, 0x18, 0x48, 0x85, 0xc0, 0x48, 0x89, 0xc7,
  0x75, 0xa8, 0xe9, 0xf8, 0xfd, 0xff, 0xff, 0x4c, 0x89, 0x4c, 0x24, 0x18,
  0xe8, 0xbf, 0x80, 0xff, 0xff, 0x4c, 0x8b, 0x4c, 0x24, 0x18, 0x48, 0x85,
  0xc0, 0x0f, 0x85, 0xe0, 0xfd, 0xff, 0xff, 0x48, 0x8b, 0x05, 0xc2, 0x8c,
  0x00, 0x00, 0x48, 0x8d, 0x35, 0x59, 0x5b, 0x00, 0x00, 0x48, 0x8b, 0x38,
  0xe8, 0x3b, 0x7f, 0xff, 0xff, 0x4c, 0x8b, 0x4c, 0x24, 0x18, 0xe9, 0xc0,
  0xfd, 0xff, 0xff, 0x4d, 0x89, 0xf5, 0xe9, 0x19, 0xe8, 0xff, 0xff, 0x48,
  0x8b, 0x40, 0x60, 0x48, 0x85, 0xc0, 0x0f, 0x84, 0xbf, 0x00, 0x00, 0x00,
  0x48, 0x8b, 0x80, 0x80, 0x00, 0x00, 0x00, 0x48, 0x85, 0xc0, 0x0f, 0x84,
  0xaf, 0x00, 0x00, 0x00, 0x4c, 0x89, 0xd7, 0x4c, 0x89, 0x4c, 0x24, 0x28,
  0x4c, 0x89, 0x54, 0x24, 0x18, 0xff, 0xd0, 0x4c, 0x8b, 0x54, 0x24, 0x18,
  0x4c, 0x8b, 0x4c, 0x24, 0x28, 0x48, 0x85, 0xc0, 0x48, 0x89, 0xc7, 0x0f,
  0x84, 0x8a, 0x00, 0x00, 0x00, 0x48, 0x8b, 0x44, 0x24, 0x20, 0x48, 0x39,
  0x47, 0x08, 0x75, 0x4e, 0x4c, 0x89, 0x54, 0x24, 0x28, 0x4c, 0x89, 0x4c,
  0x24, 0x20, 0x48, 0x89, 0x7c, 0x24, 0x18, 0xe8, 0x28, 0xac, 0xff, 0xff,
  0x48, 0x8b, 0x7c, 0x24, 0x18, 0x4c, 0x8b, 0x4c, 0x24, 0x20, 0x4c, 0x8b,
  0x54, 0x24, 0x28, 0x48, 0x89, 0xc2, 0x48, 0x83, 0x2f, 0x01, 0x0f, 0x85,
  0x11, 0xfc, 0xff, 0xff, 0x48, 0x89, 0x44, 0x24, 0x18, 0xe8, 0x02, 0x7e,
  0xff, 0xff, 0x4c, 0x8b, 0x54, 0x24, 0x28, 0x4c, 0x8b, 0x4c, 0x24, 0x20,
  0x48, 0x8b, 0x54, 0x24, 0x18, 0xe9, 0xf3, 0xfb, 0xff, 0xff, 0x48, 0x8d,
  0x35, 0x2c, 0x5c, 0x00, 0x00, 0x4c, 0x89, 0x54, 0x24, 0x20, 0x4c, 0x89,
  0x4c, 0x24, 0x18, 0xe8, 0x88, 0x9f, 0xff, 0xff, 0x4c, 0x8b, 0x4c, 0x24,
  0x18, 0x4c, 0x8b, 0x54, 0x24, 0x20, 0x48, 0x85, 0xc0, 0x48, 0x89, 0xc7,
  0x75, 0x8a, 0x48, 0x83, 0xca, 0xff, 0xe9, 0xc2, 0xfb, 0xff, 0xff, 0x4c,
  0x89, 0x54, 0x24, 0x20, 0x4c, 0x89, 0x4c, 0x24, 0x18, 0xe8, 0xae, 0x7f,
  0xff, 0xff, 0x4c, 0x8b, 0x4c, 0x24, 0x18, 0x4c, 0x8b, 0x54, 0x24, 0x20,
  0x48, 0x85, 0xc0, 0x75, 0xd9, 0x48, 0x8b, 0x05, 0xb0, 0x8b, 0x00, 0x00,
  0x48, 0x8d, 0x35, 0x47, 0x5a, 0x00, 0x00, 0xe9, 0x48, 0xfc, 0xff, 0xff,
  0x4d, 0x89, 0xf5, 0x45, 0x31, 0xc0, 0xbb, 0xb3, 0x00, 0x00, 0x00, 0x41,
  0xbc, 0xb1, 0x0a, 0x00, 0x00, 0xe9, 0xec, 0xe6, 0xff, 0xff, 0x45, 0x31,
  0xff, 0x4d, 0x89, 0xeb, 0xbb, 0xa9, 0x00, 0x00, 0x00, 0x41, 0xbc, 0x19,
  0x0a, 0x00, 0x00, 0xe9, 0xfe, 0xef, 0xff, 0xff, 0x4c, 0x89, 0xdf, 0x4c,
  0x89, 0x44, 0x24, 0x10, 0x4c, 0x89, 0x4c, 0x24, 0x08, 0xe8, 0x4e, 0x7d,
  0xff, 0xff, 0x4c, 0x8b, 0x4c, 0x24, 0x08, 0x4c, 0x8b, 0x44, 0x24, 0x10,
  0xe9, 0xbf, 0xe6, 0xff, 0xff, 0x66, 0x66, 0x2e, 0x0f, 0x1f, 0x84, 0x00,
  0x00, 0x00, 0x00, 0x00, 0x0f, 0x1f, 0x40, 0x00, 0x41, 0x57, 0x41, 0x56,
  0x41, 0x55, 0x41, 0x54, 0x55, 0x53, 0x48, 0x83, 0xec, 0x28, 0x48, 0x85,
  0xf6, 0x0f, 0x84, 0x80, 0x15, 0x00, 0x00, 0x48, 0x8b, 0x46, 0x08, 0x48,
  0x89, 0xf5, 0xf6, 0x80, 0xab, 0x00, 0x00, 0x00, 0x20, 0x0f, 0x84, 0x9d,
  0x07, 0x00, 0x00, 0x48, 0x8b, 0x80, 0x90, 0x00, 0x00, 0x00, 0x49, 0x89,
  0xfd, 0x48, 0x8b, 0x35, 0x4c, 0xa4, 0x00, 0x00, 0x48, 0x89, 0xef, 0x48,
  0x85, 0xc0, 0x0f, 0x84, 0x18, 0x08, 0x00, 0x00, 0xff, 0xd0, 0x49, 0x89,
  0xc7, 0x4d, 0x85, 0xff, 0x0f, 0x84, 0x6a, 0x10, 0x00, 0x00, 0x49, 0x8b,
  0x47, 0x08, 0x4c, 0x8b, 0x25, 0xc7, 0xa2, 0x00, 0x00, 0x48, 0x8b, 0x98,
  0x80, 0x00, 0x00, 0x00, 0x48, 0x85, 0xdb, 0x0f, 0x84, 0x7f, 0x06, 0x00,
  0x00, 0x48, 0x8d, 0x3d, 0x58, 0x44, 0x00, 0x00, 0xe8, 0x23, 0x7c, 0xff,
  0xff, 0x85, 0xc0, 0x0f, 0x85, 0x6b, 0x08, 0x00, 0x00, 0x31, 0xd2, 0x4c,
  0x89, 0xe6, 0x4c, 0x89, 0xff, 0xff, 0xd3, 0x49, 0x89, 0xc4, 0xe8, 0xd9,
  0x7e, 0xff, 0xff, 0x4d, 0x85, 0xe4, 0x0f, 0x84, 0x30, 0x09, 0x00, 0x00,
  0x49, 0x83, 0x2f, 0x01, 0x0f, 0x84, 0x5e, 0x03, 0x00, 0x00, 0x49, 0x8b,
  0x45, 0x08, 0x48, 0x8b, 0x35, 0x13, 0xa4, 0x00, 0x00, 0x4c, 0x89, 0xef,
  0x48, 0x8b, 0x80, 0x90, 0x00, 0x00, 0x00, 0x48, 0x85, 0xc0, 0x0f, 0x84,
  0x00, 0x08, 0x00, 0x00, 0xff, 0xd0, 0x49, 0x89, 0xc1, 0x4d, 0x85, 0xc9,
  0x0f, 0x84, 0x02, 0x08, 0x00, 0x00, 0x49, 0x8b, 0x41, 0x08, 0x4c, 0x89,
  0x0c, 0x24, 0x4c, 0x89, 0xcf, 0x48, 0x8b, 0x35, 0x58, 0xa3, 0x00, 0x00,
  0x48, 0x8b, 0x80, 0x90, 0x00, 0x00, 0x00, 0x48, 0x85, 0xc0, 0x0f, 0x84,
  0x18, 0x09, 0x00, 0x00, 0xff, 0xd0, 0x4c, 0x8b, 0x0c, 0x24, 0x49, 0x89,
  0xc7, 0x49, 0x8b, 0x01, 0x48, 0x83, 0xe8, 0x01, 0x4d, 0x85, 0xff, 0x0f,
  0x84, 0x17, 0x09, 0x00, 0x00, 0x49, 0x89, 0x01, 0x48, 0x85, 0xc0, 0x0f,
  0x84, 0xfb, 0x02, 0x00, 0x00, 0xba, 0x03, 0x00, 0x00, 0x00, 0x4c, 0x89,
  0xfe, 0x4c, 0x89, 0xe7, 0xe8, 0x63, 0x7c, 0xff, 0xff, 0x49, 0x89, 0xc1,
  0x48, 0x85, 0xc0, 0x0f, 0x84, 0x57, 0x09, 0x00, 0x00, 0x49, 0x83, 0x2f,
  0x01, 0x0f, 0x84, 0x55, 0x03, 0x00, 0x00, 0x4c, 0x3b, 0x0d, 0x36, 0x8a,
  0x00, 0x00, 0x41, 0x0f, 0x94, 0xc6, 0x4c, 0x3b, 0x0d, 0x03, 0x8a, 0x00,
  0x00, 0x0f, 0x94, 0xc0, 0x44, 0x08, 0xf0, 0x75, 0x0d, 0x4c, 0x3b, 0x0d,
  0x14, 0x8a, 0x00, 0x00, 0x0f, 0x85, 0xbe, 0x02, 0x00, 0x00, 0x45, 0x0f,
  0xb6, 0xf6, 0x49, 0x83, 0x29, 0x01, 0x0f, 0x84, 0x58, 0x05, 0x00, 0x00,
  0x45, 0x85, 0xf6, 0x0f, 0x85, 0x6f, 0x0c, 0x00, 0x00, 0x48, 0xc7, 0x04,
  0x24, 0x01, 0x00, 0x00, 0x00, 0x31, 0xdb, 0x48, 0x8b, 0x35, 0x2e, 0xa2,
  0x00, 0x00, 0x48, 0x8b, 0x05, 0xef, 0x89, 0x00, 0x00, 0x48, 0x89, 0xef,
  0x48, 0x39, 0x45, 0x08, 0x0f, 0x85, 0xfa, 0x07, 0x00, 0x00, 0xe8, 0xc5,
  0x9d, 0xff, 0xff, 0x49, 0x89, 0xc7, 0x4d, 0x85, 0xff, 0x0f, 0x84, 0xd9,
  0x07, 0x00, 0x00, 0x48, 0x8b, 0x35, 0xf2, 0xa2, 0x00, 0x00, 0x48, 0x8b,
  0x05, 0xc3, 0x89, 0x00, 0x00, 0x4c, 0x89, 0xff, 0x49, 0x39, 0x47, 0x08,
  0x0f, 0x85, 0x7e, 0x08, 0x00, 0x00, 0xe8, 0x99, 0x9d, 0xff, 0xff, 0x49,
  0x89, 0xc1, 0x49, 0x8b, 0x07, 0x48, 0x83, 0xe8, 0x01, 0x4d, 0x85, 0xc9,
  0x0f, 0x84, 0x56, 0x08, 0x00, 0x00, 0x49, 0x89, 0x07, 0x48, 0x85, 0xc0,
  0x0f, 0x84, 0x72, 0x04, 0x00, 0x00, 0x49, 0x8b, 0x41, 0x08, 0x48, 0x3b,
  0x05, 0xd7, 0x89, 0x00, 0x00, 0x0f, 0x84, 0x79, 0x04, 0x00, 0x00, 0x48,
  0x3b, 0x05, 0x0a, 0x89, 0x00, 0x00, 0x0f, 0x84, 0x0c, 0x05, 0x00, 0x00,
  0x48, 0x8b, 0x40, 0x68, 0x48, 0x85, 0xc0, 0x0f, 0x84, 0x4f, 0x06, 0x00,
  0x00, 0x48, 0x8b, 0x40, 0x18, 0x48, 0x85, 0xc0, 0x0f, 0x84, 0x42, 0x06,
  0x00, 0x00, 0x4c, 0x89, 0x4c, 0x24, 0x08, 0x4c, 0x89, 0xcf, 0x48, 0x89,
  0xde, 0xff, 0xd0, 0x4c, 0x8b, 0x4c, 0x24, 0x08, 0x49, 0x89, 0xc7, 0x4d,
  0x85, 0xff, 0x0f, 0x84, 0x54, 0x08, 0x00, 0x00, 0x49, 0x83, 0x29, 0x01,
  0x0f, 0x84, 0x4a, 0x04, 0x00, 0x00, 0x49, 0x8b, 0x47, 0x08, 0x48, 0x8b,
  0x90, 0xa8, 0x00, 0x00, 0x00, 0x81, 0xe2, 0x00, 0x00, 0x00, 0x01, 0x0f,
  0x84, 0xed, 0x13, 0x00, 0x00, 0x49, 0x8b, 0x47, 0x10, 0x48, 0x83, 0xf8,
  0x01, 0x0f, 0x84, 0xc5, 0x04, 0x00, 0x00, 0x48, 0x83, 0xf8, 0x02, 0x0f,
  0x84, 0xcb, 0x04, 0x00, 0x00, 0x48, 0x85, 0xc0, 0x0f, 0x84, 0x52, 0x04,
  0x00, 0x00, 0x0f, 0x88, 0xc4, 0x0a, 0x00, 0x00, 0x4c, 0x89, 0xff, 0xe8,
  0x64, 0x7d, 0xff, 0xff, 0x48, 0x89, 0xc2, 0x48, 0x83, 0xfa, 0xff, 0x0f,
  0x84, 0xc5, 0x0a, 0x00, 0x00, 0x0f, 0x1f, 0x80, 0x00, 0x00, 0x00, 0x00,
  0x49, 0x83, 0x2f, 0x01, 0x0f, 0x84, 0xf6, 0x03, 0x00, 0x00, 0x49, 0x8b,
  0x45, 0x68, 0x48, 0x89, 0x14, 0xd8, 0x48, 0x83, 0xfb, 0x01, 0x0f, 0x87,
  0xe4, 0x01, 0x00, 0x00, 0x48, 0x8b, 0x35, 0xed, 0xa0, 0x00, 0x00, 0x48,
  0x8b, 0x05, 0xae, 0x88, 0x00, 0x00, 0x48, 0x89, 0xef, 0x48, 0x39, 0x45,
  0x08, 0x0f, 0x85, 0x89, 0x0f, 0x00, 0x00, 0xe8, 0x84, 0x9c, 0xff, 0xff,
  0x49, 0x89, 0xc7, 0x4d, 0x85, 0xff, 0x0f, 0x84, 0x68, 0x0f, 0x00, 0x00,
  0x48, 0x8b, 0x35, 0x51, 0xa1, 0x00, 0x00, 0x48, 0x8b, 0x05, 0x82, 0x88,
  0x00, 0x00, 0x4c, 0x89, 0xff, 0x49, 0x39, 0x47, 0x08, 0x0f, 0x85, 0x9d,
  0x0f, 0x00, 0x00, 0xe8, 0x58, 0x9c, 0xff, 0xff, 0x49, 0x89, 0xc1, 0x49,
  0x8b, 0x07, 0x48, 0x83, 0xe8, 0x01, 0x4d, 0x85, 0xc9, 0x0f, 0x84, 0x75,
  0x0f, 0x00, 0x00, 0x49, 0x89, 0x07, 0x48, 0x85, 0xc0, 0x0f, 0x84, 0x79,
  0x06, 0x00, 0x00, 0x49, 0x8b, 0x41, 0x08, 0x48, 0x3b, 0x05, 0x96, 0x88,
  0x00, 0x00, 0x0f, 0x84, 0x18, 0x07, 0x00, 0x00, 0x48, 0x3b, 0x05, 0xc9,
  0x87, 0x00, 0x00, 0x0f, 0x84, 0x03, 0x0d, 0x00, 0x00, 0x48, 0x8b, 0x40,
  0x68, 0x48, 0x85, 0xc0, 0x0f, 0x84, 0xee, 0x0d, 0x00, 0x00, 0x48, 0x8b,
  0x40, 0x18, 0x48, 0x85, 0xc0, 0x0f, 0x84, 0xe1, 0x0d, 0x00, 0x00, 0x4c,
  0x89, 0x4c, 0x24, 0x08, 0x4c, 0x89, 0xcf, 0x48, 0x89, 0xde, 0xff, 0xd0,
  0x4c, 0x8b, 0x4c, 0x24, 0x08, 0x49, 0x89, 0xc7, 0x4d, 0x85, 0xff, 0x0f,
  0x84, 0x33, 0x0f, 0x00, 0x00, 0x49, 0x83, 0x29, 0x01, 0x0f, 0x84, 0xe9,
  0x06, 0x00, 0x00, 0x49, 0x8b, 0x47, 0x08, 0x48, 0x8b, 0x90, 0xa8, 0x00,
  0x00, 0x00, 0x81, 0xe2, 0x00, 0x00, 0x00, 0x01, 0x0f, 0x84, 0x79, 0x16,
  0x00, 0x00, 0x49, 0x8b, 0x47, 0x10, 0x48, 0x83, 0xf8, 0x01, 0x0f, 0x84,
  0xcc, 0x0c, 0x00, 0x00, 0x48, 0x83, 0xf8, 0x02, 0x0f, 0x84, 0xaa, 0x0c,
  0x00, 0x00, 0x48, 0x85, 0xc0, 0x0f, 0x84, 0x51, 0x02, 0x00, 0x00, 0x0f,
  0x88, 0xb3, 0x09, 0x00, 0x00, 0x4c, 0x89, 0xff, 0xe8, 0x23, 0x7c, 0xff,
  0xff, 0x48, 0x89, 0xc2, 0x48, 0x83, 0xfa, 0xff, 0x0f, 0x85, 0x38, 0x02,
  0x00, 0x00, 0xe8, 0x41, 0x7b, 0xff, 0xff, 0x48, 0x85, 0xc0, 0x0f, 0x85,
  0x51, 0x17, 0x00, 0x00, 0x48, 0xc7, 0xc2, 0xff, 0xff, 0xff, 0xff, 0xe9,
  0x1e, 0x02, 0x00, 0x00, 0x0f, 0x1f, 0x40, 0x00, 0x4c, 0x89, 0xff, 0xe8,
  0x20, 0x79, 0xff, 0xff, 0xe9, 0x95, 0xfc, 0xff, 0xff, 0x0f, 0x1f, 0x00,
  0x4c, 0x89, 0xcf, 0xe8, 0x10, 0x79, 0xff, 0xff, 0xe9, 0xf8, 0xfc, 0xff,
  0xff, 0x0f, 0x1f, 0x00, 0x4c, 0x89, 0xcf, 0x4c, 0x89, 0x0c, 0x24, 0xe8,
  0x5c, 0x7b, 0xff, 0xff, 0x4c, 0x8b, 0x0c, 0x24, 0x85, 0xc0, 0x41, 0x89,
  0xc6, 0x0f, 0x89, 0x2b, 0xfd, 0xff, 0xff, 0x41, 0xbd, 0xec, 0x00, 0x00,
  0x00, 0xbd, 0x56, 0x0d, 0x00, 0x00, 0x49, 0x83, 0x29, 0x01, 0x0f, 0x84,
  0x00, 0x02, 0x00, 0x00, 0x48, 0x8d, 0x0d, 0xd9, 0x55, 0x00, 0x00, 0x44,
  0x89, 0xea, 0x89, 0xee, 0x48, 0x8d, 0x3d, 0x25, 0x42, 0x00, 0x00, 0xe8,
  0xb0, 0xaf, 0xff, 0xff, 0x41, 0xbe, 0xff, 0xff, 0xff, 0xff, 0x49, 0x83,
  0x2c, 0x24, 0x01, 0x0f, 0x84, 0xc7, 0x01, 0x00, 0x00, 0x48, 0x83, 0xc4,
  0x28, 0x44, 0x89, 0xf0, 0x5b, 0x5d, 0x41, 0x5c, 0x41, 0x5d, 0x41, 0x5e,
  0x41, 0x5f, 0xc3, 0x0f, 0x1f, 0x44, 0x00, 0x00, 0x4c, 0x89, 0xff, 0x48,
  0x89, 0x04, 0x24, 0xe8, 0x8c, 0x78, 0xff, 0xff, 0x4c, 0x8b, 0x0c, 0x24,
  0xe9, 0x96, 0xfc, 0xff, 0xff, 0x0f, 0x1f, 0x00, 0x48, 0x83, 0x3c, 0x24,
  0x04, 0x0f, 0x85, 0x79, 0x01, 0x00, 0x00, 0x31, 0xdb, 0x48, 0x8b, 0x35,
  0x14, 0xa0, 0x00, 0x00, 0x48, 0x8b, 0x05, 0xbd, 0x86, 0x00, 0x00, 0x48,
  0x89, 0xef, 0x48, 0x39, 0x45, 0x08, 0x0f, 0x85, 0xc0, 0x0b, 0x00, 0x00,
  0xe8, 0x93, 0x9a, 0xff, 0xff, 0x49, 0x89, 0xc7, 0x4d, 0x85, 0xff, 0x0f,
  0x84, 0xbf, 0x0b, 0x00, 0x00, 0x49, 0x8b, 0x47, 0x08, 0x48, 0x3b, 0x05,
  0xe4, 0x86, 0x00, 0x00, 0x0f, 0x84, 0x6e, 0x02, 0x00, 0x00, 0x48, 0x3b,
  0x05, 0x17, 0x86, 0x00, 0x00, 0x0f, 0x84, 0x41, 0x04, 0x00, 0x00, 0x48,
  0x8b, 0x40, 0x68, 0x48, 0x85, 0xc0, 0x0f, 0x84, 0x94, 0x08, 0x00, 0x00,
  0x48, 0x8b, 0x40, 0x18, 0x48, 0x85, 0xc0, 0x0f, 0x84, 0x87, 0x08, 0x00,
  0x00, 0x48, 0x89, 0xde, 0x4c, 0x89, 0xff, 0xff, 0xd0, 0x49, 0x89, 0xc1,
  0x4d, 0x85, 0xc9, 0x0f, 0x84, 0xbb, 0x0b, 0x00, 0x00, 0x49, 0x83, 0x2f,
  0x01, 0x0f, 0x84, 0x49, 0x02, 0x00, 0x00, 0x49, 0x8b, 0x41, 0x08, 0x4c,
  0x8b, 0xb8, 0xa8, 0x00, 0x00, 0x00, 0x41, 0x81, 0xe7, 0x00, 0x00, 0x00,
  0x01, 0x0f, 0x84, 0x95, 0x13, 0x00, 0x00, 0x49, 0x8b, 0x41, 0x10, 0x48,
  0x83, 0xf8, 0x01, 0x0f, 0x84, 0x1b, 0x04, 0x00, 0x00, 0x48, 0x83, 0xf8,
  0x02, 0x0f, 0x84, 0xf1, 0x03, 0x00, 0x00, 0x48, 0x85, 0xc0, 0x0f, 0x84,
  0xe0, 0x02, 0x00, 0x00, 0x0f, 0x88, 0x81, 0x0b, 0x00, 0x00, 0x4c, 0x89,
  0xcf, 0x4c, 0x89, 0x0c, 0x24, 0xe8, 0x76, 0x7a, 0xff, 0xff, 0x4c, 0x8b,
  0x0c, 0x24, 0x49, 0x89, 0xc7, 0x49, 0x83, 0xff, 0xff, 0x0f, 0x84, 0x82,
  0x0b, 0x00, 0x00, 0x0f, 0x1f, 0x44, 0x00, 0x00, 0x49, 0x83, 0x29, 0x01,
  0x0f, 0x84, 0xf6, 0x01, 0x00, 0x00, 0x4d, 0x89, 0xbc, 0xdd, 0x80, 0x00,
  0x00, 0x00, 0x48, 0x83, 0xc3, 0x01, 0x48, 0x83, 0xfb, 0x04, 0x0f, 0x85,
  0xfd, 0xfe, 0xff, 0xff, 0x48, 0x8b, 0x35, 0xb1, 0x9e, 0x00, 0x00, 0x48,
  0x8b, 0x05, 0xba, 0x85, 0x00, 0x00, 0x48, 0x89, 0xef, 0x48, 0x39, 0x45,
  0x08, 0x0f, 0x85, 0x95, 0x0f, 0x00, 0x00, 0xe8, 0x90, 0x99, 0xff, 0xff,
  0x49, 0x89, 0xc1, 0x4d, 0x85, 0xc9, 0x0f, 0x84, 0x74, 0x0f, 0x00, 0x00,
  0x49, 0x8b, 0x41, 0x08, 0xf6, 0x80, 0xab, 0x00, 0x00, 0x00, 0x01, 0x0f,
  0x84, 0x70, 0x16, 0x00, 0x00, 0x49, 0x8b, 0x41, 0x10, 0x48, 0x83, 0xc0,
  0x02, 0x48, 0x83, 0xf8, 0x04, 0x0f, 0x87, 0xa4, 0x0e, 0x00, 0x00, 0x48,
  0x8d, 0x15, 0xbe, 0x56, 0x00, 0x00, 0x48, 0x63, 0x04, 0x82, 0x48, 0x01,
  0xd0, 0xff, 0xe0, 0x90, 0x31, 0xd2, 0x49, 0x83, 0x2f, 0x01, 0x0f, 0x84,
  0x84, 0x04, 0x00, 0x00, 0x49, 0x8b, 0x45, 0x70, 0x48, 0x89, 0x14, 0xd8,
  0x48, 0x83, 0x04, 0x24, 0x01, 0x48, 0x83, 0xc3, 0x01, 0xe9, 0x49, 0xfb,
  0xff, 0xff, 0x66, 0x0f, 0x1f, 0x44, 0x00, 0x00, 0x4c, 0x89, 0xe7, 0xe8,
  0xe0, 0x76, 0xff, 0xff, 0xe9, 0x2c, 0xfe, 0xff, 0xff, 0x0f, 0x1f, 0x00,
  0x4c, 0x89, 0xcf, 0xe8, 0xd0, 0x76, 0xff, 0xff, 0xe9, 0xf3, 0xfd, 0xff,
  0xff, 0x0f, 0x1f, 0x00, 0x4c, 0x89, 0xff, 0x4c, 0x89, 0x4c, 0x24, 0x08,
  0xe8, 0xbb, 0x76, 0xff, 0xff, 0x4c, 0x8b, 0x4c, 0x24, 0x08, 0xe9, 0x77,
  0xfb, 0xff, 0xff, 0x90, 0x49, 0x39, 0x59, 0x10, 0x0f, 0x86, 0xe6, 0x01,
  0x00, 0x00, 0x49, 0x8b, 0x41, 0x18, 0x4c, 0x8b, 0x3c, 0xd8, 0x49, 0x83,
  0x07, 0x01, 0x49, 0x83, 0x29, 0x01, 0x0f, 0x85, 0xb6, 0xfb, 0xff, 0xff,
  0x4c, 0x89, 0xcf, 0xe8, 0x88, 0x76, 0xff, 0xff, 0xe9, 0xa9, 0xfb, 0xff,
  0xff, 0x0f, 0x1f, 0x00, 0x4c, 0x89, 0xff, 0x48, 0x89, 0x54, 0x24, 0x08,
  0xe8, 0x73, 0x76, 0xff, 0xff, 0x48, 0x8b, 0x54, 0x24, 0x08, 0xe9, 0xf3,
  0xfb, 0xff, 0xff, 0x66, 0x0f, 0x1f, 0x84, 0x00, 0x00, 0x00, 0x00, 0x00,
  0x4c, 0x89, 0xcf, 0xe8, 0x58, 0x76, 0xff, 0xff, 0xe9, 0x9b, 0xfa, 0xff,
  0xff, 0x0f, 0x1f, 0x00, 0x31, 0xd2, 0xe9, 0xc9, 0xfb, 0xff, 0xff, 0x66,
  0x0f, 0x1f, 0x84, 0x00, 0x00, 0x00, 0x00, 0x00, 0x4c, 0x89, 0xe6, 0x31,
  0xd2, 0x4c, 0x89, 0xff, 0xe8, 0x83, 0x79, 0xff, 0xff, 0x49, 0x89, 0xc4,
  0x48, 0x85, 0xc0, 0x0f, 0x85, 0x97, 0xf9, 0xff, 0xff, 0xbd, 0x42, 0x0d,
  0x00, 0x00, 0xba, 0xeb, 0x00, 0x00, 0x00, 0xe9, 0xe5, 0x01, 0x00, 0x00,
  0x0f, 0x1f, 0x84, 0x00, 0x00, 0x00, 0x00, 0x00, 0x49, 0x39, 0x59, 0x10,
  0x0f, 0x86, 0x46, 0x01, 0x00, 0x00, 0x4d, 0x8b, 0x7c, 0xd9, 0x18, 0x49,
  0x83, 0x07, 0x01, 0xe9, 0x14, 0xfb, 0xff, 0xff, 0x0f, 0x1f, 0x84, 0x00,
  0x00, 0x00, 0x00, 0x00, 0x41, 0x8b, 0x57, 0x18, 0xe9, 0x67, 0xfb, 0xff,
  0xff, 0x0f, 0x1f, 0x80, 0x00, 0x00, 0x00, 0x00, 0x41, 0x8b, 0x57, 0x1c,
  0x41, 0x8b, 0x47, 0x18, 0x48, 0xc1, 0xe2, 0x1e, 0x48, 0x09, 0xc2, 0xe9,
  0x4c, 0xfb, 0xff, 0xff, 0x0f, 0x1f, 0x40, 0x00, 0x49, 0x39, 0x5f, 0x10,
  0x0f, 0x86, 0x36, 0x06, 0x00, 0x00, 0x49, 0x8b, 0x47, 0x18, 0x4c, 0x8b,
  0x0c, 0xd8, 0x49, 0x83, 0x01, 0x01, 0xe9, 0xb2, 0xfd, 0xff, 0xff, 0x0f,
  0x1f, 0x44, 0x00, 0x00, 0x4c, 0x89, 0xff, 0x4c, 0x89, 0x0c, 0x24, 0xe8,
  0x9c, 0x75, 0xff, 0xff, 0x4c, 0x8b, 0x0c, 0x24, 0xe9, 0xa2, 0xfd, 0xff,
  0xff, 0x0f, 0x1f, 0x00, 0x4c, 0x89, 0xcf, 0xe8, 0x88, 0x75, 0xff, 0xff,
  0x4d, 0x89, 0xbc, 0xdd, 0x80, 0x00, 0x00, 0x00, 0x48, 0x83, 0xc3, 0x01,
  0x48, 0x83, 0xfb, 0x04, 0x0f, 0x85, 0xff, 0xfc, 0xff, 0xff, 0xe9, 0xfd,
  0xfd, 0xff, 0xff, 0x0f, 0x1f, 0x44, 0x00, 0x00, 0x48, 0x8b, 0x2d, 0x61,
  0x9d, 0x00, 0x00, 0x4c, 0x8b, 0x25, 0x5a, 0x9b, 0x00, 0x00, 0x48, 0x8b,
  0x45, 0x08, 0x48, 0x8b, 0x98, 0x80, 0x00, 0x00, 0x00, 0x48, 0x85, 0xdb,
  0x0f, 0x84, 0x96, 0x0b, 0x00, 0x00, 0x48, 0x8d, 0x3d, 0xdf, 0x3c, 0x00,
  0x00, 0xe8, 0xaa, 0x74, 0xff, 0xff, 0x85, 0xc0, 0x0f, 0x85, 0xa2, 0x0b,
  0x00, 0x00, 0x31, 0xd2, 0x48, 0x89, 0xef, 0x4c, 0x89, 0xe6, 0xff, 0xd3,
  0x48, 0x89, 0xc5, 0xe8, 0x60, 0x77, 0xff, 0xff, 0x48, 0x85, 0xed, 0x0f,
  0x84, 0xbc, 0x0d, 0x00, 0x00, 0x48, 0x89, 0xef, 0xe8, 0xaf, 0x9d, 0xff,
  0xff, 0x48, 0x83, 0x6d, 0x00, 0x01, 0x0f, 0x84, 0x14, 0x09, 0x00, 0x00,
  0xba, 0xea, 0x00, 0x00, 0x00, 0x48, 0x8d, 0x0d, 0x00, 0x52, 0x00, 0x00,
  0xbe, 0x2e, 0x0d, 0x00, 0x00, 0x41, 0xbe, 0xff, 0xff, 0xff, 0xff, 0x48,
  0x8d, 0x3d, 0x46, 0x3e, 0x00, 0x00, 0xe8, 0xd1, 0xab, 0xff, 0xff, 0xe9,
  0x2d, 0xfc, 0xff, 0xff, 0x0f, 0x1f, 0x40, 0x00, 0x45, 0x31, 0xff, 0xe9,
  0x40, 0xfd, 0xff, 0xff, 0xe8, 0x9b, 0x78, 0xff, 0xff, 0x49, 0x89, 0xc7,
  0xe9, 0xe0, 0xf7, 0xff, 0xff, 0x0f, 0x1f, 0x00, 0x48, 0x89, 0xdf, 0x4c,
  0x89, 0x4c, 0x24, 0x08, 0xe8, 0xe3, 0x75, 0xff, 0xff, 0x4c, 0x8b, 0x4c,
  0x24, 0x08, 0x48, 0x85, 0xc0, 0x0f, 0x84, 0x15, 0x02, 0x00, 0x00, 0x4c,
  0x89, 0xcf, 0x48, 0x89, 0xc6, 0x48, 0x89, 0x44, 0x24, 0x10, 0xe8, 0x45,
  0x75, 0xff, 0xff, 0x4c, 0x8b, 0x54, 0x24, 0x10, 0x4c, 0x8b, 0x4c, 0x24,
  0x08, 0x49, 0x89, 0xc7, 0x49, 0x83, 0x2a, 0x01, 0x0f, 0x85, 0x91, 0xf9,
  0xff, 0xff, 0x4c, 0x89, 0xd7, 0xe8, 0x76, 0x74, 0xff, 0xff, 0x4c, 0x8b,
  0x4c, 0x24, 0x08, 0xe9, 0x7f, 0xf9, 0xff, 0xff, 0x0f, 0x1f, 0x40, 0x00,
  0xe8, 0x33, 0x78, 0xff, 0xff, 0x49, 0x89, 0xc1, 0xe9, 0xf8, 0xf7, 0xff,
  0xff, 0x0f, 0x1f, 0x00, 0x41, 0xbd, 0xec, 0x00, 0x00, 0x00, 0xbd, 0x4f,
  0x0d, 0x00, 0x00, 0xe9, 0x70, 0xfb, 0xff, 0xff, 0x0f, 0x1f, 0x84, 0x00,
  0x00, 0x00, 0x00, 0x00, 0xbd, 0x42, 0x0d, 0x00, 0x00, 0xba, 0xeb, 0x00,
  0x00, 0x00, 0x45, 0x31, 0xe4, 0x49, 0x83, 0x2f, 0x01, 0x75, 0x15, 0x4c,
  0x89, 0xff, 0x89, 0x14, 0x24, 0xe8, 0x22, 0x74, 0xff, 0xff, 0x8b, 0x14,
  0x24, 0x0f, 0x1f, 0x80, 0x00, 0x00, 0x00, 0x00, 0x48, 0x8d, 0x0d, 0x19,
  0x51, 0x00, 0x00, 0x89, 0xee, 0x48, 0x8d, 0x3d, 0x68, 0x3d, 0x00, 0x00,
  0xe8, 0xf3, 0xaa, 0xff, 0xff, 0x4d, 0x85, 0xe4, 0x0f, 0x85, 0x3a, 0xfb,
  0xff, 0xff, 0x41, 0xbe, 0xff, 0xff, 0xff, 0xff, 0xe9, 0x40, 0xfb, 0xff,
  0xff, 0x0f, 0x1f, 0x80, 0x00, 0x00, 0x00, 0x00, 0x49, 0x3b, 0x5f, 0x10,
  0x0f, 0x83, 0x56, 0x04, 0x00, 0x00, 0x4d, 0x8b, 0x4c, 0xdf, 0x18, 0x49,
  0x83, 0x01, 0x01, 0xe9, 0xd5, 0xfb, 0xff, 0xff, 0x41, 0x8b, 0x51, 0x1c,
  0x41, 0x8b, 0x41, 0x18, 0x48, 0xc1, 0xe2, 0x1e, 0x48, 0x09, 0xc2, 0x49,
  0x89, 0xd7, 0xe9, 0x29, 0xfc, 0xff, 0xff, 0x66, 0x0f, 0x1f, 0x84, 0x00,
  0x00, 0x00, 0x00, 0x00, 0x45, 0x8b, 0x79, 0x18, 0xe9, 0x17, 0xfc, 0xff,
  0xff, 0x0f, 0x1f, 0x80, 0x00, 0x00, 0x00, 0x00, 0x41, 0xbd, 0xf0, 0x00,
  0x00, 0x00, 0xbd, 0xa1, 0x0d, 0x00, 0x00, 0xe9, 0xb8, 0xfa, 0xff, 0xff,
  0xe8, 0x3b, 0x74, 0xff, 0xff, 0x49, 0x89, 0xc7, 0xe9, 0x01, 0xf8, 0xff,
  0xff, 0x0f, 0x1f, 0x00, 0x4c, 0x89, 0xff, 0x4c, 0x89, 0x4c, 0x24, 0x08,
  0xe8, 0x73, 0x73, 0xff, 0xff, 0x4c, 0x8b, 0x4c, 0x24, 0x08, 0xe9, 0x70,
  0xf9, 0xff, 0xff, 0x66, 0x0f, 0x1f, 0x84, 0x00, 0x00, 0x00, 0x00, 0x00,
  0xe8, 0x5b, 0x75, 0xff, 0xff, 0xbd, 0x42, 0x0d, 0x00, 0x00, 0xba, 0xeb,
  0x00, 0x00, 0x00, 0x48, 0x85, 0xc0, 0x0f, 0x85, 0x15, 0xff, 0xff, 0xff,
  0x48, 0x8b, 0x05, 0x09, 0x81, 0x00, 0x00, 0x48, 0x8d, 0x35, 0xfa, 0x3a,
  0x00, 0x00, 0x89, 0x14, 0x24, 0x48, 0x8b, 0x38, 0xe8, 0xcf, 0x73, 0xff,
  0xff, 0x8b, 0x14, 0x24, 0xe9, 0xf4, 0xfe, 0xff, 0xff, 0x0f, 0x1f, 0x80,
  0x00, 0x00, 0x00, 0x00, 0xe8, 0xeb, 0x76, 0xff, 0xff, 0x4c, 0x8b, 0x0c,
  0x24, 0x49, 0x89, 0xc7, 0xe9, 0xe0, 0xf6, 0xff, 0xff, 0x0f, 0x1f, 0x80,
  0x00, 0x00, 0x00, 0x00, 0x41, 0xbd, 0xec, 0x00, 0x00, 0x00, 0xbd, 0x51,
  0x0d, 0x00, 0x00, 0xe9, 0x16, 0xfa, 0xff, 0xff, 0x0f, 0x1f, 0x84, 0x00,
  0x00, 0x00, 0x00, 0x00, 0xbd, 0xa3, 0x0d, 0x00, 0x00, 0xba, 0xf0, 0x00,
  0x00, 0x00, 0xe9, 0xae, 0xfe, 0xff, 0xff, 0x90, 0xe8, 0x8b, 0x73, 0xff,
  0xff, 0x49, 0x89, 0xc1, 0xe9, 0x7d, 0xf7, 0xff, 0xff, 0x0f, 0x1f, 0x00,
  0x49, 0x39, 0x59, 0x10, 0x0f, 0x86, 0xe6, 0x06, 0x00, 0x00, 0x49, 0x8b,
  0x41, 0x18, 0x4c, 0x8b, 0x3c, 0xd8, 0x49, 0x83, 0x07, 0x01, 0xe9, 0x12,
  0xf9, 0xff, 0xff, 0x0f, 0x1f, 0x44, 0x00, 0x00, 0x4c, 0x89, 0xcf, 0xe8,
  0xa8, 0x72, 0xff, 0xff, 0xe9, 0x0a, 0xf9, 0xff, 0xff, 0x0f, 0x1f, 0x00,
  0xbd, 0x54, 0x0d, 0x00, 0x00, 0xba, 0xec, 0x00, 0x00, 0x00, 0xe9, 0x5e,
  0xfe, 0xff, 0xff, 0x90, 0x41, 0xbd, 0xf0, 0x00, 0x00, 0x00, 0xbd, 0xa6,
  0x0d, 0x00, 0x00, 0xe9, 0x9e, 0xf9, 0xff, 0xff, 0x4c, 0x89, 0xff, 0x48,
  0x89, 0x54, 0x24, 0x08, 0xe8, 0x73, 0x72, 0xff, 0xff, 0x48, 0x8b, 0x54,
  0x24, 0x08, 0xe9, 0x65, 0xfb, 0xff, 0xff, 0x66, 0x0f, 0x1f, 0x84, 0x00,
  0x00, 0x00, 0x00, 0x00, 0x31, 0xdb, 0x66, 0x0f, 0x1f, 0x44, 0x00, 0x00,
  0x49, 0x83, 0x29, 0x01, 0x0f, 0x84, 0x5e, 0x07, 0x00, 0x00, 0x41, 0x89,
  0x9d, 0xa0, 0x00, 0x00, 0x00, 0x48, 0x8b, 0x35, 0xa0, 0x98, 0x00, 0x00,
  0x48, 0x89, 0xef, 0x48, 0x8b, 0x05, 0x8e, 0x80, 0x00, 0x00, 0x48, 0x39,
  0x45, 0x08, 0x0f, 0x85, 0xc4, 0x0a, 0x00, 0x00, 0xe8, 0x67, 0x94, 0xff,
  0xff, 0x49, 0x89, 0xc1, 0x4d, 0x85, 0xc9, 0x0f, 0x84, 0xa3, 0x0a, 0x00,
  0x00, 0x49, 0x8b, 0x41, 0x08, 0xf6, 0x80, 0xab, 0x00, 0x00, 0x00, 0x01,
  0x0f, 0x84, 0x09, 0x13, 0x00, 0x00, 0x49, 0x8b, 0x41, 0x10, 0x48, 0x83,
  0xf8, 0x01, 0x0f, 0x84, 0xf4, 0x08, 0x00, 0x00, 0x48, 0x83, 0xf8, 0x02,
  0x0f, 0x84, 0x8a, 0x08, 0x00, 0x00, 0x48, 0x85, 0xc0, 0x0f, 0x84, 0x39,
  0x07, 0x00, 0x00, 0x0f, 0x88, 0x13, 0x10, 0x00, 0x00, 0x4c, 0x89, 0xcf,
  0x4c, 0x89, 0x0c, 0x24, 0xe8, 0xa7, 0x74, 0xff, 0xff, 0x4c, 0x8b, 0x0c,
  0x24, 0x89, 0xc2, 0x89, 0xc3, 0x48, 0x39, 0xd0, 0x0f, 0x85, 0x2e, 0x10,
  0x00, 0x00, 0x83, 0xfb, 0xff, 0x0f, 0x84, 0x8f, 0x08, 0x00, 0x00, 0x49,
  0x83, 0x29, 0x01, 0x0f, 0x84, 0xd3, 0x06, 0x00, 0x00, 0x41, 0x89, 0x9d,
  0xa4, 0x00, 0x00, 0x00, 0x48, 0x8b, 0x35, 0x45, 0x99, 0x00, 0x00, 0x48,
  0x89, 0xef, 0x48, 0x8b, 0x05, 0xf3, 0x7f, 0x00, 0x00, 0x48, 0x39, 0x45,
  0x08, 0x0f, 0x85, 0x74, 0x0a, 0x00, 0x00, 0xe8, 0xcc, 0x93, 0xff, 0xff,
  0x49, 0x89, 0xc1, 0x4d, 0x85, 0xc9, 0x0f, 0x84, 0x70, 0x0a, 0x00, 0x00,
  0x49, 0x8b, 0x41, 0x08, 0xf6, 0x80, 0xab, 0x00, 0x00, 0x00, 0x01, 0x0f,
  0x84, 0x09, 0x14, 0x00, 0x00, 0x49, 0x8b, 0x41, 0x10, 0x48, 0x83, 0xc0,
  0x02, 0x48, 0x83, 0xf8, 0x04, 0x0f, 0x87, 0x4a, 0x09, 0x00, 0x00, 0x48,
  0x8d, 0x15, 0x0e, 0x51, 0x00, 0x00, 0x48, 0x63, 0x04, 0x82, 0x48, 0x01,
  0xd0, 0xff, 0xe0, 0x0f, 0x1f, 0x44, 0x00, 0x00, 0x41, 0x8b, 0x59, 0x18,
  0xf7, 0xdb, 0x66, 0x90, 0x83, 0xfb, 0xff, 0x0f, 0x85, 0xdf, 0xfe, 0xff,
  0xff, 0x4c, 0x89, 0x0c, 0x24, 0xe8, 0x2e, 0x73, 0xff, 0xff, 0x4c, 0x8b,
  0x0c, 0x24, 0x48, 0x85, 0xc0, 0x0f, 0x85, 0x10, 0x12, 0x00, 0x00, 0xbb,
  0xff, 0xff, 0xff, 0xff, 0xe9, 0xbf, 0xfe, 0xff, 0xff, 0x0f, 0x1f, 0x80,
  0x00, 0x00, 0x00, 0x00, 0x41, 0x8b, 0x41, 0x1c, 0x41, 0x8b, 0x51, 0x18,
  0x48, 0xc1, 0xe0, 0x1e, 0x48, 0x09, 0xd0, 0x48, 0xf7, 0xd8, 0x48, 0x63,
  0xd0, 0x89, 0xc3, 0x48, 0x39, 0xd0, 0x74, 0xb4, 0x48, 0x8b, 0x05, 0x2d,
  0x7f, 0x00, 0x00, 0x4c, 0x89, 0x0c, 0x24, 0x48, 0x8d, 0x35, 0xea, 0x32,
  0x00, 0x00, 0x48, 0x8b, 0x38, 0xe8, 0x7a, 0x71, 0xff, 0xff, 0x4c, 0x8b,
  0x0c, 0x24, 0xeb, 0x9d, 0x0f, 0x1f, 0x40, 0x00, 0x41, 0x8b, 0x41, 0x1c,
  0x41, 0x8b, 0x51, 0x18, 0x48, 0xc1, 0xe0, 0x1e, 0x48, 0x09, 0xd0, 0x48,
  0x63, 0xd0, 0x89, 0xc3, 0x48, 0x39, 0xd0, 0x0f, 0x84, 0x73, 0xff, 0xff,
  0xff, 0xeb, 0xbd, 0x90, 0x41, 0x8b, 0x59, 0x18, 0xe9, 0x67, 0xff, 0xff,
  0xff, 0x0f, 0x1f, 0x80, 0x00, 0x00, 0x00, 0x00, 0x31, 0xdb, 0x66, 0x0f,
  0x1f, 0x44, 0x00, 0x00, 0x49, 0x83, 0x29, 0x01, 0x0f, 0x84, 0xee, 0x05,
  0x00, 0x00, 0x41, 0x89, 0x5d, 0x78, 0xe9, 0xcb, 0xf7, 0xff, 0xff, 0x0f,
  0x1f, 0x44, 0x00, 0x00, 0x41, 0x8b, 0x59, 0x18, 0x0f, 0x1f, 0x40, 0x00,
  0x83, 0xfb, 0xff, 0x75, 0xdb, 0x4c, 0x89, 0x0c, 0x24, 0xe8, 0x6a, 0x72,
  0xff, 0xff, 0x4c, 0x8b, 0x0c, 0x24, 0x48, 0x85, 0xc0, 0x0f, 0x85, 0xe7,
  0x12, 0x00, 0x00, 0xbb, 0xff, 0xff, 0xff, 0xff, 0xeb, 0xbe, 0x66, 0x0f,
  0x1f, 0x44, 0x00, 0x00, 0x41, 0x8b, 0x59, 0x18, 0xf7, 0xdb, 0xeb, 0xd0,
  0x0f, 0x1f, 0x84, 0x00, 0x00, 0x00, 0x00, 0x00, 0x41, 0x8b, 0x41, 0x1c,
  0x41, 0x8b, 0x51, 0x18, 0x48, 0xc1, 0xe0, 0x1e, 0x48, 0x09, 0xd0, 0x48,
  0x63, 0xd0, 0x89, 0xc3, 0x48, 0x39, 0xd0, 0x74, 0xaf, 0x48, 0x8b, 0x05,
  0x60, 0x7e, 0x00, 0x00, 0x4c, 0x89, 0x0c, 0x24, 0x48, 0x8d, 0x35, 0x1d,
  0x32, 0x00, 0x00, 0x48, 0x8b, 0x38, 0xe8, 0xad, 0x70, 0xff, 0xff, 0x4c,
  0x8b, 0x0c, 0x24, 0xeb, 0x94, 0x0f, 0x1f, 0x80, 0x00, 0x00, 0x00, 0x00,
  0x41, 0x8b, 0x41, 0x1c, 0x41, 0x8b, 0x51, 0x18, 0x48, 0xc1, 0xe0, 0x1e,
  0x48, 0x09, 0xd0, 0x48, 0xf7, 0xd8, 0x48, 0x63, 0xd0, 0x89, 0xc3, 0x48,
  0x39, 0xd0, 0x0f, 0x84, 0x68, 0xff, 0xff, 0xff, 0xeb, 0xb7, 0x66, 0x0f,
  0x1f, 0x44, 0x00, 0x00, 0x48, 0x8b, 0x05, 0x11, 0x7e, 0x00, 0x00, 0x48,
  0x8d, 0x35, 0x12, 0x33, 0x00, 0x00, 0x48, 0x8b, 0x38, 0xe8, 0x62, 0x70,
  0xff, 0xff, 0xe8, 0xbd, 0x71, 0xff, 0xff, 0x48, 0x85, 0xc0, 0x0f, 0x85,
  0x10, 0x0a, 0x00, 0x00, 0x48, 0xc7, 0xc2, 0xff, 0xff, 0xff, 0xff, 0xe9,
  0x28, 0xf5, 0xff, 0xff, 0x48, 0x8b, 0x05, 0xe1, 0x7d, 0x00, 0x00, 0x48,
  0x8d, 0x35, 0xe2, 0x32, 0x00, 0x00, 0x48, 0x8b, 0x38, 0xe8, 0x32, 0x70,
  0xff, 0xff, 0xe9, 0x47, 0xf6, 0xff, 0xff, 0x0f, 0x1f, 0x44, 0x00, 0x00,
  0x48, 0x89, 0xdf, 0xe8, 0xb0, 0x70, 0xff, 0xff, 0x48, 0x85, 0xc0, 0x0f,
  0x84, 0x37, 0x03, 0x00, 0x00, 0x48, 0x89, 0xc6, 0x4c, 0x89, 0xff, 0x48,
  0x89, 0x04, 0x24, 0xe8, 0x18, 0x70, 0xff, 0xff, 0x4c, 0x8b, 0x14, 0x24,
  0x49, 0x89, 0xc1, 0x49, 0x83, 0x2a, 0x01, 0x0f, 0x85, 0x53, 0xf7, 0xff,
  0xff, 0x4c, 0x89, 0xd7, 0x48, 0x89, 0x04, 0x24, 0xe8, 0x4b, 0x6f, 0xff,
  0xff, 0x4c, 0x8b, 0x0c, 0x24, 0xe9, 0x3e, 0xf7, 0xff, 0xff, 0x66, 0x90,
  0x48, 0x8b, 0x3d, 0xb9, 0x95, 0x00, 0x00, 0x48, 0x8b, 0x35, 0x9a, 0x96,
  0x00, 0x00, 0x48, 0x8b, 0x47, 0x08, 0x48, 0x8b, 0x80, 0x90, 0x00, 0x00,
  0x00, 0x48, 0x85, 0xc0, 0x0f, 0x84, 0x99, 0x09, 0x00, 0x00, 0xff, 0xd0,
  0x49, 0x89, 0xc7, 0x4d, 0x85, 0xff, 0x0f, 0x84, 0x7b, 0x09, 0x00, 0x00,
  0x49, 0x8b, 0x45, 0x08, 0x48, 0x8b, 0x35, 0x9d, 0x96, 0x00, 0x00, 0x4c,
  0x89, 0xef, 0x48, 0x8b, 0x80, 0x90, 0x00, 0x00, 0x00, 0x48, 0x85, 0xc0,
  0x0f, 0x84, 0x90, 0x09, 0x00, 0x00, 0xff, 0xd0, 0x48, 0x89, 0xc5, 0x48,
  0x85, 0xed, 0x0f, 0x84, 0x73, 0x09, 0x00, 0x00, 0x48, 0x8b, 0x45, 0x08,
  0x48, 0x8b, 0x35, 0xe9, 0x95, 0x00, 0x00, 0x48, 0x89, 0xef, 0x48, 0x8b,
  0x80, 0x90, 0x00, 0x00, 0x00, 0x48, 0x85, 0xc0, 0x0f, 0x84, 0x1d, 0x0a,
  0x00, 0x00, 0xff, 0xd0, 0x49, 0x89, 0xc5, 0x4d, 0x85, 0xed, 0x0f, 0x84,
  0xa7, 0x09, 0x00, 0x00, 0x48, 0x83, 0x6d, 0x00, 0x01, 0x0f, 0x84, 0x75,
  0x06, 0x00, 0x00, 0x49, 0x8b, 0x7f, 0x08, 0x48, 0x3b, 0x3d, 0x7a, 0x7c,
  0x00, 0x00, 0x0f, 0x85, 0x3c, 0x04, 0x00, 0x00, 0x49, 0x8b, 0x5f, 0x18,
  0x48, 0x85, 0xdb, 0x0f, 0x84, 0x2f, 0x04, 0x00, 0x00, 0x4d, 0x8b, 0x77,
  0x10, 0x48, 0x83, 0x03, 0x01, 0x49, 0x83, 0x06, 0x01, 0x49, 0x83, 0x2f,
  0x01, 0x0f, 0x84, 0xd3, 0x06, 0x00, 0x00, 0xbf, 0x02, 0x00, 0x00, 0x00,
  0xe8, 0x1f, 0x70, 0xff, 0xff, 0x48, 0x89, 0xc5, 0x48, 0x85, 0xc0, 0x0f,
  0x84, 0x8b, 0x0c, 0x00, 0x00, 0x48, 0x83, 0x03, 0x01, 0x48, 0x89, 0x5d,
  0x18, 0x49, 0x83, 0x45, 0x00, 0x01, 0x4c, 0x89, 0x6d, 0x20, 0x49, 0x8b,
  0x46, 0x08, 0x49, 0x83, 0x06, 0x01, 0x4c, 0x8b, 0xb8, 0x80, 0x00, 0x00,
  0x00, 0x4d, 0x85, 0xff, 0x0f, 0x84, 0x8d, 0x0c, 0x00, 0x00, 0x48, 0x8d,
  0x3d, 0xd3, 0x35, 0x00, 0x00, 0xe8, 0x9e, 0x6d, 0xff, 0xff, 0x85, 0xc0,
  0x0f, 0x85, 0x15, 0x0b, 0x00, 0x00, 0x31, 0xd2, 0x48, 0x89, 0xee, 0x4c,
  0x89, 0xf7, 0x41, 0xff, 0xd7, 0x48, 0x89, 0x04, 0x24, 0xe8, 0x52, 0x70,
  0xff, 0xff, 0x4c, 0x8b, 0x0c, 0x24, 0x4d, 0x85, 0xc9, 0x0f, 0x84, 0x95,
  0x0c, 0x00, 0x00, 0x48, 0x83, 0x6d, 0x00, 0x01, 0x0f, 0x84, 0x0f, 0x07,
  0x00, 0x00, 0x49, 0x83, 0x2e, 0x01, 0x0f, 0x84, 0xf0, 0x06, 0x00, 0x00,
  0x48, 0x83, 0x2b, 0x01, 0x0f, 0x84, 0xb4, 0x06, 0x00, 0x00, 0x49, 0x83,
  0x6d, 0x00, 0x01, 0x0f, 0x84, 0x49, 0x05, 0x00, 0x00, 0x4d, 0x85, 0xc9,
  0x0f, 0x84, 0x99, 0x12, 0x00, 0x00, 0x48, 0x8b, 0x2d, 0x63, 0x7c, 0x00,
  0x00, 0x49, 0x83, 0x2e, 0x01, 0x0f, 0x84, 0x99, 0x05, 0x00, 0x00, 0x4c,
  0x8b, 0x2d, 0xc2, 0x95, 0x00, 0x00, 0x49, 0x8b, 0x7d, 0x08, 0x48, 0x39,
  0xef, 0x0f, 0x84, 0x25, 0x02, 0x00, 0x00, 0x48, 0x89, 0xee, 0x4c, 0x89,
  0x0c, 0x24, 0xe8, 0x11, 0x71, 0xff, 0xff, 0x4c, 0x8b, 0x0c, 0x24, 0x85,
  0xc0, 0x0f, 0x85, 0x0d, 0x02, 0x00, 0x00, 0xbf, 0x01, 0x00, 0x00, 0x00,
  0x4c, 0x89, 0x0c, 0x24, 0xe8, 0x37, 0x6f, 0xff, 0xff, 0x4c, 0x8b, 0x0c,
  0x24, 0x48, 0x85, 0xc0, 0x48, 0x89, 0xc5, 0x0f, 0x84, 0x56, 0x08, 0x00,
  0x00, 0x49, 0x83, 0x01, 0x01, 0x4c, 0x89, 0x48, 0x18, 0x49, 0x8b, 0x45,
  0x08, 0x48, 0x8b, 0x98, 0x80, 0x00, 0x00, 0x00, 0x48, 0x85, 0xdb, 0x0f,
  0x84, 0x06, 0x08, 0x00, 0x00, 0x48, 0x8d, 0x3d, 0xf4, 0x34, 0x00, 0x00,
  0x4c, 0x89, 0x0c, 0x24, 0xe8, 0xbb, 0x6c, 0xff, 0xff, 0x4c, 0x8b, 0x0c,
  0x24, 0x85, 0xc0, 0x0f, 0x85, 0x28, 0x0c, 0x00, 0x00, 0x4c, 0x89, 0x0c,
  0x24, 0x31, 0xd2, 0x48, 0x89, 0xee, 0x4c, 0x89, 0xef, 0xff, 0xd3, 0x49,
  0x89, 0xc6, 0xe8, 0x69, 0x6f, 0xff, 0xff, 0x4d, 0x85, 0xf6, 0x4c, 0x8b,
  0x0c, 0x24, 0x0f, 0x84, 0xdd, 0x0b, 0x00, 0x00, 0x48, 0x83, 0x6d, 0x00,
  0x01, 0x0f, 0x84, 0xd7, 0x07, 0x00, 0x00, 0x90, 0x49, 0x83, 0x29, 0x01,
  0x0f, 0x84, 0x53, 0x05, 0x00, 0x00, 0x4c, 0x89, 0xf7, 0x41, 0xbd, 0xed,
  0x00, 0x00, 0x00, 0xbd, 0x85, 0x0d, 0x00, 0x00, 0xe8, 0x93, 0x95, 0xff,
  0xff, 0x49, 0x83, 0x2e, 0x01, 0x0f, 0x85, 0x11, 0xf4, 0xff, 0xff, 0x4c,
  0x89, 0xf7, 0xe8, 0xe1, 0x6c, 0xff, 0xff, 0xe9, 0x04, 0xf4, 0xff, 0xff,
  0x0f, 0x1f, 0x40, 0x00, 0x49, 0x39, 0x59, 0x10, 0x0f, 0x86, 0xee, 0x00,
  0x00, 0x00, 0x4d, 0x8b, 0x7c, 0xd9, 0x18, 0x49, 0x83, 0x07, 0x01, 0xe9,
  0x1d, 0xf3, 0xff, 0xff, 0x41, 0x8b, 0x47, 0x1c, 0x41, 0x8b, 0x57, 0x18,
  0x48, 0xc1, 0xe0, 0x1e, 0x48, 0x09, 0xc2, 0xe9, 0x9e, 0xf5, 0xff, 0xff,
  0x0f, 0x1f, 0x40, 0x00, 0x41, 0x8b, 0x57, 0x18, 0xe9, 0x91, 0xf5, 0xff,
  0xff, 0x0f, 0x1f, 0x80, 0x00, 0x00, 0x00, 0x00, 0xe8, 0x43, 0x6d, 0xff,
  0xff, 0x49, 0x89, 0xc7, 0xe9, 0x3b, 0xf4, 0xff, 0xff, 0x0f, 0x1f, 0x00,
  0x41, 0xbd, 0xf4, 0x00, 0x00, 0x00, 0xbd, 0xe5, 0x0d, 0x00, 0x00, 0xe9,
  0xa0, 0xf3, 0xff, 0xff, 0x0f, 0x1f, 0x84, 0x00, 0x00, 0x00, 0x00, 0x00,
  0xba, 0xeb, 0x00, 0x00, 0x00, 0x48, 0x8d, 0x0d, 0x6c, 0x49, 0x00, 0x00,
  0xbe, 0x40, 0x0d, 0x00, 0x00, 0x41, 0xbe, 0xff, 0xff, 0xff, 0xff, 0x48,
  0x8d, 0x3d, 0xb2, 0x35, 0x00, 0x00, 0xe8, 0x3d, 0xa3, 0xff, 0xff, 0xe9,
  0x99, 0xf3, 0xff, 0xff, 0x0f, 0x1f, 0x84, 0x00, 0x00, 0x00, 0x00, 0x00,
  0xbd, 0xe7, 0x0d, 0x00, 0x00, 0xba, 0xf4, 0x00, 0x00, 0x00, 0xe9, 0xfe,
  0xf7, 0xff, 0xff, 0x48, 0x8b, 0x05, 0x6a, 0x7a, 0x00, 0x00, 0x4c, 0x89,
  0x0c, 0x24, 0x48, 0x8d, 0x35, 0x67, 0x2f, 0x00, 0x00, 0x48, 0x8b, 0x38,
  0xe8, 0xb7, 0x6c, 0xff, 0xff, 0x4c, 0x8b, 0x0c, 0x24, 0x4c, 0x89, 0x0c,
  0x24, 0xe8, 0x0a, 0x6e, 0xff, 0xff, 0x4c, 0x8b, 0x0c, 0x24, 0x48, 0x85,
  0xc0, 0x0f, 0x85, 0xa9, 0x07, 0x00, 0x00, 0x49, 0xc7, 0xc7, 0xff, 0xff,
  0xff, 0xff, 0xe9, 0x61, 0xf4, 0xff, 0xff, 0x90, 0x48, 0x89, 0xef, 0xe8,
  0xe8, 0x6b, 0xff, 0xff, 0xe9, 0xdf, 0xf6, 0xff, 0xff, 0x0f, 0x1f, 0x00,
  0x48, 0x89, 0xdf, 0x4c, 0x89, 0x4c, 0x24, 0x08, 0xe8, 0x03, 0x6d, 0xff,
  0xff, 0x4c, 0x8b, 0x4c, 0x24, 0x08, 0x48, 0x85, 0xc0, 0x0f, 0x84, 0x55,
  0x01, 0x00, 0x00, 0x4c, 0x89, 0xcf, 0x48, 0x89, 0xc6, 0x48, 0x89, 0x44,
  0x24, 0x10, 0xe8, 0x65, 0x6c, 0xff, 0xff, 0x4c, 0x8b, 0x54, 0x24, 0x10,
  0x4c, 0x8b, 0x4c, 0x24, 0x08, 0x49, 0x89, 0xc7, 0x49, 0x83, 0x2a, 0x01,
  0x0f, 0x85, 0xf2, 0xf1, 0xff, 0xff, 0x4c, 0x89, 0xd7, 0xe8, 0x96, 0x6b,
  0xff, 0xff, 0x4c, 0x8b, 0x4c, 0x24, 0x08, 0xe9, 0xe0, 0xf1, 0xff, 0xff,
  0x0f, 0x1f, 0x40, 0x00, 0x49, 0x8b, 0x55, 0x10, 0x8b, 0x42, 0x10, 0xa8,
  0x08, 0x0f, 0x84, 0xe4, 0xfd, 0xff, 0xff, 0x48, 0x8b, 0x5a, 0x08, 0xa8,
  0x20, 0x0f, 0x85, 0xf5, 0x05, 0x00, 0x00, 0x49, 0x8b, 0x6d, 0x18, 0x48,
  0x8d, 0x3d, 0x02, 0x33, 0x00, 0x00, 0x4c, 0x89, 0x0c, 0x24, 0xe8, 0xc9,
  0x6a, 0xff, 0xff, 0x4c, 0x8b, 0x0c, 0x24, 0x85, 0xc0, 0x0f, 0x85, 0x2c,
  0x06, 0x00, 0x00, 0x4c, 0x89, 0xce, 0x48, 0x89, 0xef, 0xff, 0xd3, 0x49,
  0x89, 0xc6, 0xe8, 0x7d, 0x6d, 0xff, 0xff, 0x4d, 0x85, 0xf6, 0x4c, 0x8b,
  0x0c, 0x24, 0x0f, 0x85, 0x20, 0xfe, 0xff, 0xff, 0xe8, 0x2b, 0x6d, 0xff,
  0xff, 0x41, 0xbd, 0xed, 0x00, 0x00, 0x00, 0x4c, 0x8b, 0x0c, 0x24, 0xbd,
  0x80, 0x0d, 0x00, 0x00, 0x48, 0x85, 0xc0, 0x0f, 0x85, 0x31, 0xf2, 0xff,
  0xff, 0x48, 0x8b, 0x05, 0xd4, 0x78, 0x00, 0x00, 0x48, 0x8d, 0x35, 0xc5,
  0x32, 0x00, 0x00, 0x48, 0x8b, 0x38, 0xe8, 0x9d, 0x6b, 0xff, 0xff, 0x4c,
  0x8b, 0x0c, 0x24, 0xe9, 0x12, 0xf2, 0xff, 0xff, 0x0f, 0x1f, 0x40, 0x00,
  0x4c, 0x89, 0xcf, 0xe8, 0xe8, 0x6a, 0xff, 0xff, 0xe9, 0x95, 0xf8, 0xff,
  0xff, 0x0f, 0x1f, 0x00, 0x4c, 0x89, 0xcf, 0xe8, 0xd8, 0x6a, 0xff, 0xff,
  0xe9, 0x20, 0xf9, 0xff, 0xff, 0x0f, 0x1f, 0x00, 0x41, 0xbd, 0xf2, 0x00,
  0x00, 0x00, 0xbd, 0xbe, 0x0d, 0x00, 0x00, 0xe9, 0xe8, 0xf1, 0xff, 0xff,
  0xe8, 0x6b, 0x6b, 0xff, 0xff, 0x49, 0x89, 0xc7, 0xe9, 0x72, 0xf0, 0xff,
  0xff, 0x0f, 0x1f, 0x00, 0x31, 0xdb, 0xe9, 0xec, 0xf8, 0xff, 0xff, 0x66,
  0x0f, 0x1f, 0x84, 0x00, 0x00, 0x00, 0x00, 0x00, 0x4c, 0x89, 0xcf, 0xe8,
  0x98, 0x6a, 0xff, 0xff, 0xe9, 0x05, 0xfa, 0xff, 0xff, 0x0f, 0x1f, 0x00,
  0xbd, 0xc0, 0x0d, 0x00, 0x00, 0xba, 0xf2, 0x00, 0x00, 0x00, 0xe9, 0x4e,
  0xf6, 0xff, 0xff, 0x90, 0xe8, 0x2b, 0x6b, 0xff, 0xff, 0x49, 0x89, 0xc1,
  0xe9, 0x5e, 0xf0, 0xff, 0xff, 0x0f, 0x1f, 0x00, 0x41, 0xbd, 0xf2, 0x00,
  0x00, 0x00, 0xbd, 0xc3, 0x0d, 0x00, 0x00, 0xe9, 0x7e, 0xf1, 0xff, 0xff,
  0x48, 0x8b, 0x2d, 0xf1, 0x78, 0x00, 0x00, 0x48, 0x39, 0xef, 0x0f, 0x84,
  0x58, 0x01, 0x00, 0x00, 0x48, 0x89, 0xee, 0xe8, 0xb8, 0x6d, 0xff, 0xff,
  0x85, 0xc0, 0x0f, 0x85, 0x48, 0x01, 0x00, 0x00, 0xbf, 0x01, 0x00, 0x00,
  0x00, 0xe8, 0xe6, 0x6b, 0xff, 0xff, 0x48, 0x89, 0xc5, 0x48, 0x85, 0xc0,
  0x0f, 0x84, 0xae, 0x05, 0x00, 0x00, 0x49, 0x83, 0x45, 0x00, 0x01, 0x4c,
  0x89, 0x68, 0x18, 0x49, 0x8b, 0x47, 0x08, 0x48, 0x8b, 0x98, 0x80, 0x00,
  0x00, 0x00, 0x48, 0x85, 0xdb, 0x0f, 0x84, 0xe6, 0x0e, 0x00, 0x00, 0x48,
  0x8d, 0x3d, 0xa6, 0x31, 0x00, 0x00, 0xe8, 0x71, 0x69, 0xff, 0xff, 0x85,
  0xc0, 0x0f, 0x85, 0xb8, 0x0e, 0x00, 0x00, 0x31, 0xd2, 0x48, 0x89, 0xee,
  0x4c, 0x89, 0xff, 0xff, 0xd3, 0x48, 0x89, 0x04, 0x24, 0xe8, 0x26, 0x6c,
  0xff, 0xff, 0x4c, 0x8b, 0x0c, 0x24, 0x4d, 0x85, 0xc9, 0x0f, 0x84, 0x44,
  0x11, 0x00, 0x00, 0x48, 0x83, 0x6d, 0x00, 0x01, 0x4d, 0x89, 0xfe, 0x0f,
  0x85, 0xe5, 0xfb, 0xff, 0xff, 0x48, 0x89, 0xef, 0x4c, 0x89, 0x0c, 0x24,
  0xe8, 0xbf, 0x69, 0xff, 0xff, 0x4c, 0x8b, 0x0c, 0x24, 0xe9, 0xd0, 0xfb,
  0xff, 0xff, 0x66, 0x0f, 0x1f, 0x44, 0x00, 0x00, 0x48, 0x89, 0xef, 0x31,
  0xd2, 0x4c, 0x89, 0xe6, 0xe8, 0xf3, 0x6c, 0xff, 0xff, 0x48, 0x89, 0xc5,
  0x48, 0x85, 0xc0, 0x0f, 0x85, 0x80, 0xf4, 0xff, 0xff, 0x0f, 0x1f, 0x80,
  0x00, 0x00, 0x00, 0x00, 0x48, 0x8d, 0x0d, 0x91, 0x46, 0x00, 0x00, 0xba,
  0xea, 0x00, 0x00, 0x00, 0xbe, 0x2a, 0x0d, 0x00, 0x00, 0x48, 0x8d, 0x3d,
  0xd8, 0x32, 0x00, 0x00, 0xe8, 0x63, 0xa0, 0xff, 0xff, 0xe9, 0x74, 0xf5,
  0xff, 0xff, 0x66, 0x0f, 0x1f, 0x44, 0x00, 0x00, 0x41, 0x8b, 0x41, 0x1c,
  0x41, 0x8b, 0x51, 0x18, 0x48, 0xc1, 0xe0, 0x1e, 0x48, 0x09, 0xd0, 0x89,
  0xc2, 0x89, 0xc3, 0x48, 0x39, 0xd0, 0x0f, 0x84, 0x86, 0xf7, 0xff, 0xff,
  0x48, 0x8b, 0x05, 0x85, 0x77, 0x00, 0x00, 0x4c, 0x89, 0x0c, 0x24, 0x48,
  0x8d, 0x35, 0xe2, 0x2c, 0x00, 0x00, 0x48, 0x8b, 0x38, 0xe8, 0xd2, 0x69,
  0xff, 0xff, 0x4c, 0x8b, 0x0c, 0x24, 0x4c, 0x89, 0x0c, 0x24, 0xe8, 0x25,
  0x6b, 0xff, 0xff, 0x4c, 0x8b, 0x0c, 0x24, 0x48, 0x85, 0xc0, 0x0f, 0x85,
  0x5b, 0x0b, 0x00, 0x00, 0xbb, 0xff, 0xff, 0xff, 0xff, 0xe9, 0x51, 0xf7,
  0xff, 0xff, 0x66, 0x0f, 0x1f, 0x44, 0x00, 0x00, 0x41, 0x8b, 0x59, 0x18,
  0xe9, 0x39, 0xf7, 0xff, 0xff, 0x0f, 0x1f, 0x80, 0x00, 0x00, 0x00, 0x00,
  0x49, 0x8b, 0x57, 0x10, 0x8b, 0x42, 0x10, 0xa8, 0x08, 0x0f, 0x84, 0xa9,
  0xfe, 0xff, 0xff, 0x48, 0x8b, 0x5a, 0x08, 0xa8, 0x20, 0x0f, 0x85, 0xc4,
  0x05, 0x00, 0x00, 0x4d, 0x8b, 0x77, 0x18, 0x48, 0x8d, 0x3d, 0x72, 0x30,
  0x00, 0x00, 0xe8, 0x3d, 0x68, 0xff, 0xff, 0x85, 0xc0, 0x0f, 0x85, 0x49,
  0x04, 0x00, 0x00, 0x4c, 0x89, 0xee, 0x4c, 0x89, 0xf7, 0xff, 0xd3, 0x48,
  0x89, 0x04, 0x24, 0xe8, 0xf4, 0x6a, 0xff, 0xff, 0x4c, 0x8b, 0x0c, 0x24,
  0x4d, 0x85, 0xc9, 0x0f, 0x84, 0x0b, 0x04, 0x00, 0x00, 0x49, 0x8b, 0x45,
  0x00, 0x4d, 0x89, 0xfe, 0x48, 0x83, 0xe8, 0x01, 0x49, 0x89, 0x45, 0x00,
  0x0f, 0x85, 0xc7, 0xfa, 0xff, 0xff, 0x4c, 0x89, 0xef, 0x4c, 0x89, 0x0c,
  0x24, 0xe8, 0x86, 0x68, 0xff, 0xff, 0x4c, 0x8b, 0x0c, 0x24, 0xe9, 0xa2,
  0xfa, 0xff, 0xff, 0x4c, 0x89, 0xcf, 0x4c, 0x89, 0x0c, 0x24, 0xe8, 0x81,
  0x6a, 0xff, 0xff, 0x4c, 0x8b, 0x0c, 0x24, 0x48, 0x63, 0xd0, 0x89, 0xc3,
  0x48, 0x39, 0xd0, 0x0f, 0x84, 0x1f, 0xf7, 0xff, 0xff, 0x48, 0x83, 0xf8,
  0xff, 0x0f, 0x85, 0x61, 0xf7, 0xff, 0xff, 0xe8, 0x50, 0x6a, 0xff, 0xff,
  0x4c, 0x8b, 0x0c, 0x24, 0x48, 0x85, 0xc0, 0x0f, 0x84, 0x4f, 0xf7, 0xff,
  0xff, 0xe9, 0x07, 0xf7, 0xff, 0xff, 0x66, 0x0f, 0x1f, 0x44, 0x00, 0x00,
  0x48, 0x89, 0xef, 0xe8, 0x30, 0x68, 0xff, 0xff, 0xe9, 0x7e, 0xf9, 0xff,
  0xff, 0x0f, 0x1f, 0x00, 0x4c, 0x89, 0xf7, 0x4c, 0x89, 0x0c, 0x24, 0xe8,
  0x1c, 0x68, 0xff, 0xff, 0x4c, 0x8b, 0x0c, 0x24, 0xe9, 0x52, 0xfa, 0xff,
  0xff, 0x4c, 0x89, 0xcf, 0x4c, 0x89, 0x0c, 0x24, 0xe8, 0x17, 0x6a, 0xff,
  0xff, 0x4c, 0x8b, 0x0c, 0x24, 0x48, 0x63, 0xd0, 0x89, 0xc3, 0x48, 0x39,
  0xd0, 0x0f, 0x84, 0x7d, 0xf7, 0xff, 0xff, 0x48, 0x83, 0xf8, 0xff, 0x0f,
  0x85, 0xc4, 0xf7, 0xff, 0xff, 0xe8, 0xe6, 0x69, 0xff, 0xff, 0x4c, 0x8b,
  0x0c, 0x24, 0x48, 0x85, 0xc0, 0x0f, 0x84, 0xb2, 0xf7, 0xff, 0xff, 0xe9,
  0x61, 0xf7, 0xff, 0xff, 0x0f, 0x1f, 0x40, 0x00, 0x41, 0xbd, 0xf6, 0x00,
  0x00, 0x00, 0xbd, 0xf6, 0x0d, 0x00, 0x00, 0xe9, 0xe8, 0xee, 0xff, 0xff,
  0xe8, 0x6b, 0x68, 0xff, 0xff, 0x49, 0x89, 0xc1, 0xe9, 0x66, 0xf0, 0xff,
  0xff, 0x4c, 0x89, 0xcf, 0xe8, 0xab, 0x67, 0xff, 0xff, 0xe9, 0xa0, 0xfa,
  0xff, 0xff, 0x4c, 0x89, 0xff, 0xe8, 0x9e, 0x67, 0xff, 0xff, 0xe9, 0x20,
  0xf9, 0xff, 0xff, 0x48, 0x8b, 0x05, 0x62, 0x75, 0x00, 0x00, 0x48, 0x8d,
  0x35, 0xb5, 0x46, 0x00, 0x00, 0x41, 0xbe, 0xff, 0xff, 0xff, 0xff, 0x48,
  0x8b, 0x38, 0xe8, 0x1d, 0x68, 0xff, 0xff, 0xe9, 0xc9, 0xee, 0xff, 0xff,
  0x41, 0xbd, 0xf7, 0x00, 0x00, 0x00, 0xbd, 0x03, 0x0e, 0x00, 0x00, 0xe9,
  0x90, 0xee, 0xff, 0xff, 0xe8, 0x13, 0x68, 0xff, 0xff, 0x49, 0x89, 0xc1,
  0xe9, 0x37, 0xf5, 0xff, 0xff, 0xe8, 0x56, 0x69, 0xff, 0xff, 0x48, 0x85,
  0xc0, 0x0f, 0x85, 0xbd, 0xfd, 0xff, 0xff, 0x48, 0x8b, 0x05, 0x0e, 0x75,
  0x00, 0x00, 0x48, 0x8d, 0x35, 0xff, 0x2e, 0x00, 0x00, 0x48, 0x8b, 0x38,
  0xe8, 0xd7, 0x67, 0xff, 0xff, 0xe9, 0xa2, 0xfd, 0xff, 0xff, 0x48, 0x89,
  0xdf, 0x4c, 0x89, 0x0c, 0x24, 0xe8, 0x26, 0x67, 0xff, 0xff, 0x4c, 0x8b,
  0x0c, 0x24, 0xe9, 0x37, 0xf9, 0xff, 0xff, 0xe8, 0xc8, 0x67, 0xff, 0xff,
  0x49, 0x89, 0xc1, 0xe9, 0x87, 0xf5, 0xff, 0xff, 0x41, 0xbd, 0xf8, 0x00,
  0x00, 0x00, 0xbd, 0x10, 0x0e, 0x00, 0x00, 0xe9, 0x28, 0xee, 0xff, 0xff,
  0x4c, 0x89, 0xf7, 0x4c, 0x89, 0x0c, 0x24, 0xe8, 0xf4, 0x66, 0xff, 0xff,
  0x4c, 0x8b, 0x0c, 0x24, 0xe9, 0xfb, 0xf8, 0xff, 0xff, 0x48, 0x89, 0xef,
  0x4c, 0x89, 0x0c, 0x24, 0xe8, 0xdf, 0x66, 0xff, 0xff, 0x4c, 0x8b, 0x0c,
  0x24, 0xe9, 0xdc, 0xf8, 0xff, 0xff, 0x48, 0x8b, 0x40, 0x60, 0x48, 0x89,
  0x54, 0x24, 0x08, 0x48, 0x85, 0xc0, 0x0f, 0x84, 0xd8, 0x05, 0x00, 0x00,
  0x48, 0x8b, 0x80, 0x80, 0x00, 0x00, 0x00, 0x48, 0x85, 0xc0, 0x0f, 0x84,
  0xc8, 0x05, 0x00, 0x00, 0x4c, 0x89, 0xff, 0xff, 0xd0, 0x49, 0x89, 0xc1,
  0x48, 0x85, 0xc0, 0x0f, 0x84, 0xb7, 0x05, 0x00, 0x00, 0x48, 0x8b, 0x0d,
  0x04, 0x75, 0x00, 0x00, 0x48, 0x8b, 0x40, 0x08, 0x48, 0x8b, 0x54, 0x24,
  0x08, 0x48, 0x39, 0xc8, 0x48, 0x89, 0x4c, 0x24, 0x10, 0x75, 0x6f, 0x66,
  0x0f, 0x1f, 0x84, 0x00, 0x00, 0x00, 0x00, 0x00, 0xf6, 0x80, 0xab, 0x00,
  0x00, 0x00, 0x01, 0x0f, 0x84, 0x61, 0x0b, 0x00, 0x00, 0x49, 0x8b, 0x41,
  0x10, 0x48, 0x83, 0xf8, 0x01, 0x0f, 0x84, 0xbb, 0x00, 0x00, 0x00, 0x48,
  0x83, 0xf8, 0x02, 0x0f, 0x84, 0x93, 0x00, 0x00, 0x00, 0x48, 0x85, 0xc0,
  0x74, 0x66, 0x0f, 0x88, 0xa3, 0x08, 0x00, 0x00, 0x4c, 0x89, 0xcf, 0x4c,
  0x89, 0x4c, 0x24, 0x08, 0xe8, 0x13, 0x69, 0xff, 0xff, 0x4c, 0x8b, 0x4c,
  0x24, 0x08, 0x48, 0x89, 0xc2, 0x49, 0x83, 0x29, 0x01, 0x0f, 0x85, 0xa0,
  0xeb, 0xff, 0xff, 0x4c, 0x89, 0xcf, 0x48, 0x89, 0x54, 0x24, 0x08, 0xe8,
  0x24, 0x66, 0xff, 0xff, 0x48, 0x8b, 0x54, 0x24, 0x08, 0xe9, 0x89, 0xeb,
  0xff, 0xff, 0x4c, 0x89, 0xcf, 0x48, 0x8d, 0x35, 0x55, 0x44, 0x00, 0x00,
  0xe8, 0xbb, 0x87, 0xff, 0xff, 0x49, 0x89, 0xc1, 0x48, 0x85, 0xc0, 0x0f,
  0x84, 0x3d, 0xf6, 0xff, 0xff, 0x48, 0x8b, 0x40, 0x08, 0x48, 0x8b, 0x54,
  0x24, 0x08, 0xe9, 0x71, 0xff, 0xff, 0xff, 0x90, 0x49, 0x83, 0x29, 0x01,
  0x0f, 0x85, 0x66, 0xeb, 0xff, 0xff, 0x4c, 0x89, 0xcf, 0x48, 0x89, 0x54,
  0x24, 0x08, 0xe8, 0xd9, 0x65, 0xff, 0xff, 0x48, 0x8b, 0x54, 0x24, 0x08,
  0xe9, 0x4f, 0xeb, 0xff, 0xff, 0x0f, 0x1f, 0x80, 0x00, 0x00, 0x00, 0x00,
  0x41, 0x8b, 0x51, 0x1c, 0x41, 0x8b, 0x41, 0x18, 0x48, 0xc1, 0xe2, 0x1e,
  0x48, 0x09, 0xc2, 0x49, 0x83, 0x29, 0x01, 0x0f, 0x85, 0x2f, 0xeb, 0xff,
  0xff, 0xe9, 0x79, 0xff, 0xff, 0xff, 0x41, 0x8b, 0x51, 0x18, 0xeb, 0xeb,
  0xbd, 0xa9, 0x0d, 0x00, 0x00, 0xba, 0xf0, 0x00, 0x00, 0x00, 0xe9, 0x62,
  0xf1, 0xff, 0xff, 0x41, 0xbd, 0xee, 0x00, 0x00, 0x00, 0xbd, 0x61, 0x0d,
  0x00, 0x00, 0xe9, 0xad, 0xec, 0xff, 0xff, 0xe8, 0x50, 0x69, 0xff, 0xff,
  0x49, 0x89, 0xc7, 0xe9, 0x5f, 0xf6, 0xff, 0xff, 0x31, 0xed, 0xe9, 0x08,
  0xfa, 0xff, 0xff, 0xbd, 0x63, 0x0d, 0x00, 0x00, 0xba, 0xee, 0x00, 0x00,
  0x00, 0xe9, 0x2f, 0xf1, 0xff, 0xff, 0xe8, 0x2d, 0x69, 0xff, 0xff, 0x48,
  0x89, 0xc5, 0xe9, 0x68, 0xf6, 0xff, 0xff, 0x31, 0xd2, 0x48, 0x89, 0xee,
  0x4c, 0x89, 0xef, 0xe8, 0x98, 0x68, 0xff, 0xff, 0x48, 0x83, 0x6d, 0x00,
  0x01, 0x4c, 0x8b, 0x0c, 0x24, 0x49, 0x89, 0xc6, 0x75, 0x10, 0x48, 0x89,
  0xef, 0x4c, 0x89, 0x0c, 0x24, 0xe8, 0x2e, 0x65, 0xff, 0xff, 0x4c, 0x8b,
  0x0c, 0x24, 0x4d, 0x85, 0xf6, 0x0f, 0x85, 0x11, 0xf8, 0xff, 0xff, 0x41,
  0xbd, 0xed, 0x00, 0x00, 0x00, 0xbd, 0x80, 0x0d, 0x00, 0x00, 0xe9, 0x2f,
  0xec, 0xff, 0xff, 0x49, 0x83, 0x2f, 0x01, 0x74, 0x2b, 0x48, 0x83, 0x6d,
  0x00, 0x01, 0x74, 0x44, 0x48, 0x8d, 0x0d, 0x05, 0x42, 0x00, 0x00, 0xba,
  0xee, 0x00, 0x00, 0x00, 0xbe, 0x65, 0x0d, 0x00, 0x00, 0x48, 0x8d, 0x3d,
  0x4c, 0x2e, 0x00, 0x00, 0xe8, 0xd7, 0x9b, 0xff, 0xff, 0xe9, 0x22, 0xec,
  0xff, 0xff, 0x66, 0x90, 0x4c, 0x89, 0xff, 0xe8, 0xd8, 0x64, 0xff, 0xff,
  0x48, 0x83, 0x6d, 0x00, 0x01, 0x74, 0x11, 0xba, 0xee, 0x00, 0x00, 0x00,
  0xbd, 0x65, 0x0d, 0x00, 0x00, 0xe9, 0xaa, 0xf0, 0xff, 0xff, 0x66, 0x90,
  0x48, 0x89, 0xef, 0xbd, 0x65, 0x0d, 0x00, 0x00, 0xe8, 0xb3, 0x64, 0xff,
  0xff, 0xba, 0xee, 0x00, 0x00, 0x00, 0xe9, 0x91, 0xf0, 0xff, 0xff, 0xe8,
  0x74, 0x68, 0xff, 0xff, 0x49, 0x89, 0xc5, 0xe9, 0xdb, 0xf5, 0xff, 0xff,
  0xe8, 0x97, 0x66, 0xff, 0xff, 0x48, 0x85, 0xc0, 0x75, 0x16, 0x48, 0x8b,
  0x05, 0x53, 0x72, 0x00, 0x00, 0x48, 0x8d, 0x35, 0x44, 0x2c, 0x00, 0x00,
  0x48, 0x8b, 0x38, 0xe8, 0x1c, 0x65, 0xff, 0xff, 0x49, 0x83, 0x6d, 0x00,
  0x01, 0xbd, 0x75, 0x0d, 0x00, 0x00, 0xba, 0xee, 0x00, 0x00, 0x00, 0x0f,
  0x85, 0x34, 0xf0, 0xff, 0xff, 0x4c, 0x89, 0xef, 0x89, 0x14, 0x24, 0xe8,
  0x5c, 0x64, 0xff, 0xff, 0x8b, 0x14, 0x24, 0xe9, 0x21, 0xf0, 0xff, 0xff,
  0x41, 0xbd, 0xf4, 0x00, 0x00, 0x00, 0xbd, 0xea, 0x0d, 0x00, 0x00, 0xe9,
  0x62, 0xeb, 0xff, 0xff, 0x48, 0x8b, 0x40, 0x60, 0x48, 0x85, 0xc0, 0x0f,
  0x84, 0x7a, 0x08, 0x00, 0x00, 0x48, 0x8b, 0x80, 0x80, 0x00, 0x00, 0x00,
  0x48, 0x85, 0xc0, 0x0f, 0x84, 0x6a, 0x08, 0x00, 0x00, 0x4c, 0x89, 0x0c,
  0x24, 0x4c, 0x89, 0xcf, 0xff, 0xd0, 0x4c, 0x8b, 0x0c, 0x24, 0x48, 0x85,
  0xc0, 0x49, 0x89, 0xc0, 0x0f, 0x84, 0x51, 0x08, 0x00, 0x00, 0x48, 0x8b,
  0x0d, 0x6f, 0x72, 0x00, 0x00, 0x48, 0x8b, 0x40, 0x08, 0x48, 0x89, 0x4c,
  0x24, 0x10, 0x48, 0x39, 0xc8, 0x75, 0x75, 0x66, 0x0f, 0x1f, 0x84, 0x00,
  0x00, 0x00, 0x00, 0x00, 0xf6, 0x80, 0xab, 0x00, 0x00, 0x00, 0x01, 0x0f,
  0x84, 0x2c, 0x0a, 0x00, 0x00, 0x49, 0x8b, 0x40, 0x10, 0x48, 0x83, 0xf8,
  0x01, 0x0f, 0x84, 0xb6, 0x00, 0x00, 0x00, 0x48, 0x83, 0xf8, 0x02, 0x0f,
  0x84, 0x8e, 0x00, 0x00, 0x00, 0x48, 0x85, 0xc0, 0x74, 0x6a, 0x0f, 0x88,
  0x38, 0x08, 0x00, 0x00, 0x4c, 0x89, 0xc7, 0x4c, 0x89, 0x4c, 0x24, 0x08,
  0x4c, 0x89, 0x04, 0x24, 0xe8, 0x7f, 0x66, 0xff, 0xff, 0x4c, 0x8b, 0x04,
  0x24, 0x4c, 0x8b, 0x4c, 0x24, 0x08, 0x49, 0x89, 0xc7, 0x49, 0x83, 0x28,
  0x01, 0x0f, 0x85, 0xfa, 0xeb, 0xff, 0xff, 0x4c, 0x89, 0xc7, 0x4c, 0x89,
  0x0c, 0x24, 0xe8, 0x8d, 0x63, 0xff, 0xff, 0x4c, 0x8b, 0x0c, 0x24, 0xe9,
  0xe5, 0xeb, 0xff, 0xff, 0x4c, 0x89, 0xc7, 0x48, 0x8d, 0x35, 0xbf, 0x41,
  0x00, 0x00, 0xe8, 0x25, 0x85, 0xff, 0xff, 0x4c, 0x8b, 0x0c, 0x24, 0x48,
  0x85, 0xc0, 0x49, 0x89, 0xc0, 0x0f, 0x84, 0x52, 0xf7, 0xff, 0xff, 0x48,
  0x8b, 0x40, 0x08, 0xe9, 0x6c, 0xff, 0xff, 0xff, 0x49, 0x83, 0x28, 0x01,
  0x0f, 0x85, 0xc2, 0xeb, 0xff, 0xff, 0x4c, 0x89, 0xc7, 0x4c, 0x89, 0x0c,
  0x24, 0xe8, 0x46, 0x63, 0xff, 0xff, 0x4c, 0x8b, 0x0c, 0x24, 0xe9, 0xad,
  0xeb, 0xff, 0xff, 0x41, 0x8b, 0x50, 0x1c, 0x41, 0x8b, 0x40, 0x18, 0x48,
  0xc1, 0xe2, 0x1e, 0x48, 0x09, 0xc2, 0x49, 0x89, 0xd7, 0x49, 0x83, 0x28,
  0x01, 0x0f, 0x85, 0x91, 0xeb, 0xff, 0xff, 0xeb, 0x86, 0x45, 0x8b, 0x78,
  0x18, 0xeb, 0xee, 0x45, 0x31, 0xf6, 0xe9, 0x38, 0xfa, 0xff, 0xff, 0x45,
  0x31, 0xc9, 0xe9, 0x04, 0xf5, 0xff, 0xff, 0x48, 0x8b, 0x40, 0x60, 0x48,
  0x89, 0x54, 0x24, 0x08, 0x48, 0x85, 0xc0, 0x0f, 0x84, 0xe0, 0x08, 0x00,
  0x00, 0x48, 0x8b, 0x80, 0x80, 0x00, 0x00, 0x00, 0x48, 0x85, 0xc0, 0x0f,
  0x84, 0xd0, 0x08, 0x00, 0x00, 0x4c, 0x89, 0xff, 0xff, 0xd0, 0x49, 0x89,
  0xc1, 0x48, 0x85, 0xc0, 0x0f, 0x84, 0xbf, 0x08, 0x00, 0x00, 0x48, 0x8b,
  0x0d, 0x37, 0x71, 0x00, 0x00, 0x48, 0x8b, 0x40, 0x08, 0x48, 0x8b, 0x54,
  0x24, 0x08, 0x48, 0x39, 0xc8, 0x48, 0x89, 0x4c, 0x24, 0x10, 0x75, 0x6a,
  0x0f, 0x1f, 0x40, 0x00, 0xf6, 0x80, 0xab, 0x00, 0x00, 0x00, 0x01, 0x0f,
  0x84, 0x3d, 0x0c, 0x00, 0x00, 0x49, 0x8b, 0x41, 0x10, 0x48, 0x83, 0xf8,
  0x01, 0x0f, 0x84, 0xb0, 0x00, 0x00, 0x00, 0x48, 0x83, 0xf8, 0x02, 0x0f,
  0x84, 0x8b, 0x00, 0x00, 0x00, 0x48, 0x85, 0xc0, 0x74, 0x65, 0x0f, 0x88,
  0x9a, 0x08, 0x00, 0x00, 0x4c, 0x89, 0xcf, 0x4c, 0x89, 0x4c, 0x24, 0x08,
  0xe8, 0x4b, 0x65, 0xff, 0xff, 0x4c, 0x8b, 0x4c, 0x24, 0x08, 0x48, 0x89,
  0xc2, 0x49, 0x83, 0x29, 0x01, 0x0f, 0x85, 0x19, 0xe9, 0xff, 0xff, 0x4c,
  0x89, 0xcf, 0x48, 0x89, 0x54, 0x24, 0x08, 0xe8, 0x5c, 0x62, 0xff, 0xff,
  0x48, 0x8b, 0x54, 0x24, 0x08, 0xe9, 0x02, 0xe9, 0xff, 0xff, 0x4c, 0x89,
  0xcf, 0x48, 0x8d, 0x35, 0x8d, 0x40, 0x00, 0x00, 0xe8, 0xf3, 0x83, 0xff,
  0xff, 0x49, 0x89, 0xc1, 0x48, 0x85, 0xc0, 0x0f, 0x84, 0xf1, 0xe8, 0xff,
  0xff, 0x48, 0x8b, 0x40, 0x08, 0x48, 0x8b, 0x54, 0x24, 0x08, 0xe9, 0x71,
  0xff, 0xff, 0xff, 0x49, 0x83, 0x29, 0x01, 0x0f, 0x85, 0x11, 0xeb, 0xff,
  0xff, 0x4c, 0x89, 0xcf, 0x48, 0x89, 0x54, 0x24, 0x08, 0xe8, 0x12, 0x62,
  0xff, 0xff, 0x48, 0x8b, 0x54, 0x24, 0x08, 0xe9, 0xfa, 0xea, 0xff, 0xff,
  0x41, 0x8b, 0x51, 0x1c, 0x41, 0x8b, 0x41, 0x18, 0x48, 0xc1, 0xe2, 0x1e,
  0x48, 0x09, 0xc2, 0x49, 0x83, 0x29, 0x01, 0x0f, 0x85, 0xe1, 0xea, 0xff,
  0xff, 0xeb, 0x84, 0x41, 0x8b, 0x51, 0x18, 0xeb, 0xee, 0xbd, 0xc6, 0x0d,
  0x00, 0x00, 0xba, 0xf2, 0x00, 0x00, 0x00, 0xe9, 0xa5, 0xed, 0xff, 0xff,
  0x45, 0x31, 0xc9, 0xe9, 0xe0, 0xf3, 0xff, 0xff, 0x48, 0x8b, 0x05, 0x09,
  0x70, 0x00, 0x00, 0x4c, 0x89, 0x0c, 0x24, 0x48, 0x8d, 0x35, 0x36, 0x25,
  0x00, 0x00, 0x48, 0x8b, 0x38, 0xe8, 0x56, 0x62, 0xff, 0xff, 0x4c, 0x8b,
  0x0c, 0x24, 0xe9, 0x7f, 0xf8, 0xff, 0xff, 0x31, 0xd2, 0x48, 0x89, 0xee,
  0x4c, 0x89, 0xf7, 0xe8, 0xf0, 0x64, 0xff, 0xff, 0x49, 0x89, 0xc1, 0xe9,
  0x93, 0xf3, 0xff, 0xff, 0x48, 0x83, 0xf8, 0xff, 0x0f, 0x85, 0x42, 0xf8,
  0xff, 0xff, 0xe8, 0x89, 0x63, 0xff, 0xff, 0x4c, 0x8b, 0x0c, 0x24, 0x48,
  0x85, 0xc0, 0x0f, 0x84, 0x30, 0xf8, 0xff, 0xff, 0xe9, 0x49, 0xf8, 0xff,
  0xff, 0x0f, 0x1f, 0x80, 0x00, 0x00, 0x00, 0x00, 0xe8, 0x6b, 0x63, 0xff,
  0xff, 0x48, 0x85, 0xc0, 0x0f, 0x85, 0x51, 0xfe, 0xff, 0xff, 0x48, 0x89,
  0x04, 0x24, 0x48, 0x8b, 0x05, 0x1f, 0x6f, 0x00, 0x00, 0x48, 0x8d, 0x35,
  0x10, 0x29, 0x00, 0x00, 0x48, 0x8b, 0x38, 0xe8, 0xe8, 0x61, 0xff, 0xff,
  0x4c, 0x8b, 0x0c, 0x24, 0xe9, 0x3a, 0xf3, 0xff, 0xff, 0xe8, 0x3a, 0x63,
  0xff, 0xff, 0x4c, 0x8b, 0x0c, 0x24, 0x48, 0x85, 0xc0, 0x75, 0x1a, 0x48,
  0x8b, 0x05, 0xf2, 0x6e, 0x00, 0x00, 0x48, 0x8d, 0x35, 0xe3, 0x28, 0x00,
  0x00, 0x48, 0x8b, 0x38, 0xe8, 0xbb, 0x61, 0xff, 0xff, 0x4c, 0x8b, 0x0c,
  0x24, 0x48, 0x83, 0x6d, 0x00, 0x01, 0x0f, 0x85, 0xeb, 0xfb, 0xff, 0xff,
  0x48, 0x89, 0xef, 0x4c, 0x89, 0x0c, 0x24, 0x41, 0xbd, 0xed, 0x00, 0x00,
  0x00, 0xbd, 0x80, 0x0d, 0x00, 0x00, 0xe8, 0xf5, 0x60, 0xff, 0xff, 0x4c,
  0x8b, 0x0c, 0x24, 0xe9, 0x0a, 0xe8, 0xff, 0xff, 0xe8, 0xe7, 0x62, 0xff,
  0xff, 0x48, 0x85, 0xc0, 0x0f, 0x85, 0x1c, 0xf1, 0xff, 0xff, 0x48, 0x8b,
  0x05, 0xef, 0x6e, 0x00, 0x00, 0x48, 0x8d, 0x35, 0x86, 0x3d, 0x00, 0x00,
  0x48, 0x8b, 0x38, 0xe8, 0x68, 0x61, 0xff, 0xff, 0xe9, 0x01, 0xf1, 0xff,
  0xff, 0x48, 0x8b, 0x40, 0x60, 0x48, 0x85, 0xc0, 0x0f, 0x84, 0x52, 0x08,
  0x00, 0x00, 0x48, 0x8b, 0x80, 0x80, 0x00, 0x00, 0x00, 0x48, 0x85, 0xc0,
  0x0f, 0x84, 0x42, 0x08, 0x00, 0x00, 0x4c, 0x89, 0x0c, 0x24, 0x4c, 0x89,
  0xcf, 0xff, 0xd0, 0x4c, 0x8b, 0x0c, 0x24, 0x48, 0x85, 0xc0, 0x49, 0x89,
  0xc7, 0x0f, 0x84, 0x29, 0x08, 0x00, 0x00, 0x48, 0x8b, 0x05, 0xee, 0x6e,
  0x00, 0x00, 0x48, 0x89, 0x44, 0x24, 0x10, 0x49, 0x39, 0x47, 0x08, 0x0f,
  0x85, 0xff, 0x00, 0x00, 0x00, 0x49, 0x8b, 0x47, 0x08, 0xf6, 0x80, 0xab,
  0x00, 0x00, 0x00, 0x01, 0x0f, 0x84, 0x37, 0x08, 0x00, 0x00, 0x49, 0x8b,
  0x47, 0x10, 0x48, 0x83, 0xc0, 0x02, 0x48, 0x83, 0xf8, 0x04, 0x0f, 0x87,
  0x04, 0x01, 0x00, 0x00, 0x48, 0x8d, 0x15, 0x19, 0x40, 0x00, 0x00, 0x48,
  0x63, 0x04, 0x82, 0x48, 0x01, 0xd0, 0xff, 0xe0, 0x41, 0x8b, 0x5f, 0x18,
  0x49, 0x83, 0x2f, 0x01, 0x0f, 0x85, 0xf6, 0xee, 0xff, 0xff, 0x4c, 0x89,
  0xff, 0x4c, 0x89, 0x0c, 0x24, 0xe8, 0x2a, 0x60, 0xff, 0xff, 0x4c, 0x8b,
  0x0c, 0x24, 0xe9, 0xe1, 0xee, 0xff, 0xff, 0x49, 0x83, 0x2f, 0x01, 0xbb,
  0x00, 0x00, 0x00, 0x00, 0x0f, 0x85, 0xba, 0xed, 0xff, 0xff, 0x4c, 0x89,
  0xff, 0x4c, 0x89, 0x0c, 0x24, 0xe8, 0x06, 0x60, 0xff, 0xff, 0x4c, 0x8b,
  0x0c, 0x24, 0xe9, 0xa5, 0xed, 0xff, 0xff, 0x41, 0x8b, 0x5f, 0x18, 0xf7,
  0xdb, 0xeb, 0xb5, 0x41, 0x8b, 0x47, 0x1c, 0x41, 0x8b, 0x57, 0x18, 0x48,
  0xc1, 0xe0, 0x1e, 0x48, 0x09, 0xd0, 0x48, 0xf7, 0xd8, 0x48, 0x63, 0xd0,
  0x89, 0xc3, 0x48, 0x39, 0xd0, 0x74, 0x99, 0x48, 0x8b, 0x05, 0x12, 0x6e,
  0x00, 0x00, 0x4c, 0x89, 0x0c, 0x24, 0x48, 0x8d, 0x35, 0xcf, 0x21, 0x00,
  0x00, 0x48, 0x8b, 0x38, 0xe8, 0x5f, 0x60, 0xff, 0xff, 0x4c, 0x8b, 0x0c,
  0x24, 0x49, 0x83, 0x2f, 0x01, 0x0f, 0x85, 0x7a, 0xee, 0xff, 0xff, 0x4c,
  0x89, 0xff, 0x4c, 0x89, 0x0c, 0x24, 0xe8, 0xa5, 0x5f, 0xff, 0xff, 0x4c,
  0x8b, 0x0c, 0x24, 0xe9, 0x65, 0xee, 0xff, 0xff, 0x41, 0x8b, 0x47, 0x1c,
  0x41, 0x8b, 0x57, 0x18, 0x48, 0xc1, 0xe0, 0x1e, 0x48, 0x09, 0xd0, 0x48,
  0x63, 0xd0, 0x89, 0xc3, 0x48, 0x39, 0xd0, 0x0f, 0x84, 0x3f, 0xff, 0xff,
  0xff, 0xeb, 0xa4, 0x0f, 0x1f, 0x44, 0x00, 0x00, 0x4c, 0x89, 0xff, 0x48,
  0x8d, 0x35, 0xb3, 0x3d, 0x00, 0x00, 0xe8, 0x19, 0x81, 0xff, 0xff, 0x4c,
  0x8b, 0x0c, 0x24, 0x48, 0x85, 0xc0, 0x49, 0x89, 0xc7, 0x0f, 0x85, 0xe2,
  0xfe, 0xff, 0xff, 0xe9, 0x1d, 0xee, 0xff, 0xff, 0x0f, 0x1f, 0x40, 0x00,
  0x4c, 0x89, 0xff, 0x4c, 0x89, 0x0c, 0x24, 0xe8, 0x54, 0x61, 0xff, 0xff,
  0x4c, 0x8b, 0x0c, 0x24, 0x48, 0x63, 0xd0, 0x89, 0xc3, 0x48, 0x39, 0xd0,
  0x0f, 0x84, 0xf2, 0xfe, 0xff, 0xff, 0x48, 0x83, 0xc0, 0x01, 0x0f, 0x85,
  0x4f, 0xff, 0xff, 0xff, 0xe8, 0x23, 0x61, 0xff, 0xff, 0x4c, 0x8b, 0x0c,
  0x24, 0x48, 0x85, 0xc0, 0x0f, 0x84, 0x3d, 0xff, 0xff, 0xff, 0xe9, 0x56,
  0xff, 0xff, 0xff, 0x41, 0xbd, 0xf6, 0x00, 0x00, 0x00, 0xbd, 0xf8, 0x0d,
  0x00, 0x00, 0xe9, 0x1f, 0xe6, 0xff, 0xff, 0x48, 0x8b, 0x40, 0x60, 0x48,
  0x85, 0xc0, 0x0f, 0x84, 0x26, 0x09, 0x00, 0x00, 0x48, 0x8b, 0x80, 0x80,
  0x00, 0x00, 0x00, 0x48, 0x85, 0xc0, 0x0f, 0x84, 0x16, 0x09, 0x00, 0x00,
  0x4c, 0x89, 0x0c, 0x24, 0x4c, 0x89, 0xcf, 0xff, 0xd0, 0x4c, 0x8b, 0x0c,
  0x24, 0x48, 0x85, 0xc0, 0x49, 0x89, 0xc7, 0x0f, 0x84, 0xfd, 0x08, 0x00,
  0x00, 0x48, 0x8b, 0x05, 0x2c, 0x6d, 0x00, 0x00, 0x48, 0x89, 0x44, 0x24,
  0x10, 0x49, 0x39, 0x47, 0x08, 0x75, 0x6c, 0x49, 0x8b, 0x47, 0x08, 0xf6,
  0x80, 0xab, 0x00, 0x00, 0x00, 0x01, 0x0f, 0x84, 0x0f, 0x09, 0x00, 0x00,
  0x49, 0x8b, 0x47, 0x10, 0x48, 0x83, 0xf8, 0x01, 0x0f, 0x84, 0xd4, 0x00,
  0x00, 0x00, 0x48, 0x83, 0xf8, 0x02, 0x74, 0x79, 0x48, 0x85, 0xc0, 0x74,
  0x66, 0x4c, 0x89, 0x0c, 0x24, 0x0f, 0x88, 0xa0, 0x09, 0x00, 0x00, 0x4c,
  0x89, 0xff, 0xe8, 0x4d, 0x61, 0xff, 0xff, 0x4c, 0x8b, 0x0c, 0x24, 0x89,
  0xc2, 0x89, 0xc3, 0x48, 0x39, 0xd0, 0x0f, 0x85, 0x66, 0x09, 0x00, 0x00,
  0x49, 0x83, 0x2f, 0x01, 0x0f, 0x85, 0x9c, 0xec, 0xff, 0xff, 0x4c, 0x89,
  0xff, 0x4c, 0x89, 0x0c, 0x24, 0xe8, 0x56, 0x5e, 0xff, 0xff, 0x4c, 0x8b,
  0x0c, 0x24, 0xe9, 0x87, 0xec, 0xff, 0xff, 0x4c, 0x89, 0xff, 0x48, 0x8d,
  0x35, 0x88, 0x3c, 0x00, 0x00, 0xe8, 0xee, 0x7f, 0xff, 0xff, 0x4c, 0x8b,
  0x0c, 0x24, 0x48, 0x85, 0xc0, 0x49, 0x89, 0xc7, 0x0f, 0x85, 0x75, 0xff,
  0xff, 0xff, 0xe9, 0xfb, 0xf4, 0xff, 0xff, 0x49, 0x83, 0x2f, 0x01, 0x0f,
  0x85, 0x6f, 0xf3, 0xff, 0xff, 0x31, 0xdb, 0xeb, 0xb9, 0x41, 0x8b, 0x47,
  0x1c, 0x41, 0x8b, 0x57, 0x18, 0x48, 0xc1, 0xe0, 0x1e, 0x48, 0x09, 0xd0,
  0x89, 0xc2, 0x89, 0xc3, 0x48, 0x39, 0xd0, 0x74, 0x97, 0x48, 0x8b, 0x05,
  0x3c, 0x6c, 0x00, 0x00, 0x4c, 0x89, 0x0c, 0x24, 0x48, 0x8d, 0x35, 0x99,
  0x21, 0x00, 0x00, 0x48, 0x8b, 0x38, 0xe8, 0x89, 0x5e, 0xff, 0xff, 0x4c,
  0x8b, 0x0c, 0x24, 0x49, 0x83, 0x2f, 0x01, 0x0f, 0x85, 0xad, 0xf4, 0xff,
  0xff, 0x4c, 0x89, 0xff, 0x4c, 0x89, 0x0c, 0x24, 0xe8, 0xcf, 0x5d, 0xff,
  0xff, 0x4c, 0x8b, 0x0c, 0x24, 0xe9, 0x98, 0xf4, 0xff, 0xff, 0x41, 0x8b,
  0x5f, 0x18, 0xe9, 0x51, 0xff, 0xff, 0xff, 0x41, 0xbd, 0xf7, 0x00, 0x00,
  0x00, 0xbd, 0x05, 0x0e, 0x00, 0x00, 0xe9, 0xcb, 0xe4, 0xff, 0xff, 0x48,
  0x8b, 0x05, 0xe6, 0x6b, 0x00, 0x00, 0x4c, 0x89, 0x4c, 0x24, 0x08, 0x48,
  0x8d, 0x35, 0xe2, 0x20, 0x00, 0x00, 0x48, 0x8b, 0x38, 0xe8, 0x32, 0x5e,
  0xff, 0xff, 0x4c, 0x8b, 0x4c, 0x24, 0x08, 0x49, 0x83, 0x29, 0x01, 0x0f,
  0x85, 0xc1, 0xed, 0xff, 0xff, 0x4c, 0x89, 0xcf, 0xe8, 0x7b, 0x5d, 0xff,
  0xff, 0xe9, 0xb4, 0xed, 0xff, 0xff, 0x41, 0xbd, 0xf8, 0x00, 0x00, 0x00,
  0xbd, 0x12, 0x0e, 0x00, 0x00, 0xe9, 0x84, 0xe4, 0xff, 0xff, 0x48, 0x8b,
  0x40, 0x60, 0x48, 0x85, 0xc0, 0x0f, 0x84, 0xbd, 0x05, 0x00, 0x00, 0x48,
  0x8b, 0x80, 0x80, 0x00, 0x00, 0x00, 0x48, 0x85, 0xc0, 0x0f, 0x84, 0xad,
  0x05, 0x00, 0x00, 0x4c, 0x89, 0x0c, 0x24, 0x4c, 0x89, 0xcf, 0xff, 0xd0,
  0x4c, 0x8b, 0x0c, 0x24, 0x48, 0x85, 0xc0, 0x48, 0x89, 0xc5, 0x0f, 0x84,
  0x94, 0x05, 0x00, 0x00, 0x48, 0x8b, 0x05, 0x91, 0x6b, 0x00, 0x00, 0x48,
  0x89, 0x44, 0x24, 0x10, 0x48, 0x39, 0x45, 0x08, 0x0f, 0x85, 0xfa, 0x00,
  0x00, 0x00, 0x48, 0x8b, 0x45, 0x08, 0xf6, 0x80, 0xab, 0x00, 0x00, 0x00,
  0x01, 0x0f, 0x84, 0xa2, 0x05, 0x00, 0x00, 0x48, 0x8b, 0x45, 0x10, 0x48,
  0x83, 0xc0, 0x02, 0x48, 0x83, 0xf8, 0x04, 0x0f, 0x87, 0xfb, 0x00, 0x00,
  0x00, 0x48, 0x8d, 0x15, 0xd0, 0x3c, 0x00, 0x00, 0x48, 0x63, 0x04, 0x82,
  0x48, 0x01, 0xd0, 0xff, 0xe0, 0x8b, 0x5d, 0x18, 0x48, 0x83, 0x6d, 0x00,
  0x01, 0x0f, 0x85, 0x61, 0xec, 0xff, 0xff, 0x48, 0x89, 0xef, 0x4c, 0x89,
  0x0c, 0x24, 0xe8, 0xcd, 0x5c, 0xff, 0xff, 0x4c, 0x8b, 0x0c, 0x24, 0xe9,
  0x4c, 0xec, 0xff, 0xff, 0x48, 0x83, 0x6d, 0x00, 0x01, 0xbb, 0x00, 0x00,
  0x00, 0x00, 0x0f, 0x85, 0x1c, 0xec, 0xff, 0xff, 0x48, 0x89, 0xef, 0x4c,
  0x89, 0x0c, 0x24, 0xe8, 0xa8, 0x5c, 0xff, 0xff, 0x4c, 0x8b, 0x0c, 0x24,
  0xe9, 0x07, 0xec, 0xff, 0xff, 0x8b, 0x5d, 0x18, 0xf7, 0xdb, 0xeb, 0xb4,
  0x8b, 0x45, 0x1c, 0x8b, 0x55, 0x18, 0x48, 0xc1, 0xe0, 0x1e, 0x48, 0x09,
  0xd0, 0x48, 0xf7, 0xd8, 0x48, 0x63, 0xd0, 0x89, 0xc3, 0x48, 0x39, 0xd0,
  0x74, 0x9a, 0x48, 0x8b, 0x05, 0xb7, 0x6a, 0x00, 0x00, 0x4c, 0x89, 0x0c,
  0x24, 0x48, 0x8d, 0x35, 0x74, 0x1e, 0x00, 0x00, 0x48, 0x8b, 0x38, 0xe8,
  0x04, 0x5d, 0xff, 0xff, 0x4c, 0x8b, 0x0c, 0x24, 0x48, 0x83, 0x6d, 0x00,
  0x01, 0x0f, 0x85, 0xe2, 0xeb, 0xff, 0xff, 0x48, 0x89, 0xef, 0x4c, 0x89,
  0x0c, 0x24, 0xe8, 0x49, 0x5c, 0xff, 0xff, 0x4c, 0x8b, 0x0c, 0x24, 0xe9,
  0xcd, 0xeb, 0xff, 0xff, 0x8b, 0x45, 0x1c, 0x8b, 0x55, 0x18, 0x48, 0xc1,
  0xe0, 0x1e, 0x48, 0x09, 0xd0, 0x48, 0x63, 0xd0, 0x89, 0xc3, 0x48, 0x39,
  0xd0, 0x0f, 0x84, 0x41, 0xff, 0xff, 0xff, 0xeb, 0xa5, 0x0f, 0x1f, 0x00,
  0x48, 0x89, 0xef, 0x48, 0x8d, 0x35, 0x5b, 0x3a, 0x00, 0x00, 0xe8, 0xc1,
  0x7d, 0xff, 0xff, 0x4c, 0x8b, 0x0c, 0x24, 0x48, 0x85, 0xc0, 0x48, 0x89,
  0xc5, 0x0f, 0x85, 0xe7, 0xfe, 0xff, 0xff, 0xe9, 0x89, 0xeb, 0xff, 0xff,
  0x48, 0x89, 0xef, 0x4c, 0x89, 0x0c, 0x24, 0xe8, 0x00, 0x5e, 0xff, 0xff,
  0x4c, 0x8b, 0x0c, 0x24, 0x48, 0x63, 0xd0, 0x89, 0xc3, 0x48, 0x39, 0xd0,
  0x0f, 0x84, 0xfa, 0xfe, 0xff, 0xff, 0x48, 0x83, 0xc0, 0x01, 0x0f, 0x85,
  0x56, 0xff, 0xff, 0xff, 0xe8, 0xcf, 0x5d, 0xff, 0xff, 0x4c, 0x8b, 0x0c,
  0x24, 0x48, 0x85, 0xc0, 0x0f, 0x84, 0x44, 0xff, 0xff, 0xff, 0xe9, 0x5d,
  0xff, 0xff, 0xff, 0x4c, 0x89, 0x0c, 0x24, 0xe8, 0xb4, 0x5d, 0xff, 0xff,
  0x4c, 0x8b, 0x0c, 0x24, 0x48, 0x85, 0xc0, 0x0f, 0x85, 0x94, 0xef, 0xff,
  0xff, 0x48, 0x8b, 0x05, 0xb8, 0x69, 0x00, 0x00, 0x48, 0x8d, 0x35, 0x4f,
  0x38, 0x00, 0x00, 0x48, 0x8b, 0x38, 0xe8, 0x31, 0x5c, 0xff, 0xff, 0x4c,
  0x8b, 0x0c, 0x24, 0xe9, 0x75, 0xef, 0xff, 0xff, 0x48, 0x8b, 0x05, 0xc1,
  0x69, 0x00, 0x00, 0x4c, 0x89, 0x44, 0x24, 0x08, 0x48, 0x8d, 0x35, 0xbd,
  0x1e, 0x00, 0x00, 0x4c, 0x89, 0x0c, 0x24, 0x48, 0x8b, 0x38, 0xe8, 0x09,
  0x5c, 0xff, 0xff, 0x4c, 0x8b, 0x0c, 0x24, 0x4c, 0x8b, 0x44, 0x24, 0x08,
  0x49, 0x83, 0x28, 0x01, 0x0f, 0x85, 0x43, 0xef, 0xff, 0xff, 0x4c, 0x89,
  0xc7, 0x4c, 0x89, 0x0c, 0x24, 0xe8, 0x4a, 0x5b, 0xff, 0xff, 0x4c, 0x8b,
  0x0c, 0x24, 0xe9, 0x2e, 0xef, 0xff, 0xff, 0x45, 0x31, 0xc9, 0xe9, 0x60,
  0xf1, 0xff, 0xff, 0x4d, 0x89, 0xf7, 0xbd, 0x75, 0x0d, 0x00, 0x00, 0xba,
  0xee, 0x00, 0x00, 0x00, 0xe9, 0xf4, 0xe6, 0xff, 0xff, 0x31, 0xd2, 0x48,
  0x89, 0xee, 0x4c, 0x89, 0xff, 0xe8, 0x6a, 0x5e, 0xff, 0xff, 0x49, 0x89,
  0xc1, 0xe9, 0x39, 0xf1, 0xff, 0xff, 0x48, 0x8b, 0x40, 0x60, 0x48, 0x85,
  0xc0, 0x0f, 0x84, 0x2c, 0x04, 0x00, 0x00, 0x48, 0x8b, 0x80, 0x80, 0x00,
  0x00, 0x00, 0x48, 0x85, 0xc0, 0x0f, 0x84, 0x1c, 0x04, 0x00, 0x00, 0x4c,
  0x89, 0x4c, 0x24, 0x08, 0x4c, 0x89, 0xcf, 0xff, 0xd0, 0x4c, 0x8b, 0x4c,
  0x24, 0x08, 0x48, 0x85, 0xc0, 0x49, 0x89, 0xc2, 0x0f, 0x84, 0x01, 0x04,
  0x00, 0x00, 0x48, 0x8b, 0x44, 0x24, 0x10, 0x49, 0x39, 0x42, 0x08, 0x75,
  0x7c, 0x49, 0x8b, 0x42, 0x08, 0xf6, 0x80, 0xab, 0x00, 0x00, 0x00, 0x01,
  0x0f, 0x84, 0x12, 0x08, 0x00, 0x00, 0x49, 0x8b, 0x42, 0x10, 0x48, 0x83,
  0xf8, 0x01, 0x0f, 0x84, 0x93, 0x00, 0x00, 0x00, 0x48, 0x83, 0xf8, 0x02,
  0x74, 0x7c, 0x31, 0xd2, 0x48, 0x85, 0xc0, 0x74, 0x25, 0x0f, 0x88, 0xfc,
  0x03, 0x00, 0x00, 0x4c, 0x89, 0xd7, 0x4c, 0x89, 0x4c, 0x24, 0x10, 0x4c,
  0x89, 0x54, 0x24, 0x08, 0xe8, 0x5b, 0x5d, 0xff, 0xff, 0x4c, 0x8b, 0x54,
  0x24, 0x08, 0x4c, 0x8b, 0x4c, 0x24, 0x10, 0x48, 0x89, 0xc2, 0x49, 0x83,
  0x2a, 0x01, 0x0f, 0x85, 0x39, 0xf4, 0xff, 0xff, 0x4c, 0x89, 0xd7, 0x4c,
  0x89, 0x4c, 0x24, 0x10, 0x48, 0x89, 0x54, 0x24, 0x08, 0xe8, 0x62, 0x5a,
  0xff, 0xff, 0x4c, 0x8b, 0x4c, 0x24, 0x10, 0x48, 0x8b, 0x54, 0x24, 0x08,
  0xe9, 0x18, 0xf4, 0xff, 0xff, 0x4c, 0x89, 0xd7, 0x48, 0x8d, 0x35, 0x8e,
  0x38, 0x00, 0x00, 0xe8, 0xf4, 0x7b, 0xff, 0xff, 0x4c, 0x8b, 0x4c, 0x24,
  0x08, 0x48, 0x85, 0xc0, 0x49, 0x89, 0xc2, 0x0f, 0x85, 0x64, 0xff, 0xff,
  0xff, 0xe9, 0xa1, 0xfc, 0xff, 0xff, 0x41, 0x8b, 0x52, 0x1c, 0x41, 0x8b,
  0x42, 0x18, 0x48, 0xc1, 0xe2, 0x1e, 0x48, 0x09, 0xc2, 0xeb, 0x9f, 0x41,
  0x8b, 0x52, 0x18, 0xeb, 0x99, 0xe8, 0x12, 0x5c, 0xff, 0xff, 0x48, 0x85,
  0xc0, 0x0f, 0x85, 0xc3, 0xe0, 0xff, 0xff, 0x48, 0x8b, 0x05, 0x1a, 0x68,
  0x00, 0x00, 0x48, 0x8d, 0x35, 0xb1, 0x36, 0x00, 0x00, 0x48, 0x8b, 0x38,
  0xe8, 0x93, 0x5a, 0xff, 0xff, 0xe9, 0xa8, 0xe0, 0xff, 0xff, 0x48, 0x8b,
  0x05, 0x27, 0x68, 0x00, 0x00, 0x4c, 0x89, 0x4c, 0x24, 0x08, 0x48, 0x8d,
  0x35, 0x23, 0x1d, 0x00, 0x00, 0x48, 0x8b, 0x38, 0xe8, 0x73, 0x5a, 0xff,
  0xff, 0x4c, 0x8b, 0x4c, 0x24, 0x08, 0x49, 0x83, 0x29, 0x01, 0x0f, 0x85,
  0x7e, 0xe0, 0xff, 0xff, 0x4c, 0x89, 0xcf, 0xe8, 0xbc, 0x59, 0xff, 0xff,
  0xe9, 0x71, 0xe0, 0xff, 0xff, 0x48, 0x8b, 0x40, 0x60, 0x48, 0x85, 0xc0,
  0x0f, 0x84, 0xfb, 0x07, 0x00, 0x00, 0x48, 0x8b, 0x80, 0x80, 0x00, 0x00,
  0x00, 0x48, 0x85, 0xc0, 0x0f, 0x84, 0xeb, 0x07, 0x00, 0x00, 0x4c, 0x89,
  0x4c, 0x24, 0x08, 0x4c, 0x89, 0xc7, 0x4c, 0x89, 0x04, 0x24, 0xff, 0xd0,
  0x4c, 0x8b, 0x04, 0x24, 0x4c, 0x8b, 0x4c, 0x24, 0x08, 0x48, 0x85, 0xc0,
  0x49, 0x89, 0xc2, 0x0f, 0x84, 0xc8, 0x07, 0x00, 0x00, 0x48, 0x8b, 0x44,
  0x24, 0x10, 0x49, 0x39, 0x42, 0x08, 0x0f, 0x85, 0x87, 0x00, 0x00, 0x00,
  0x49, 0x8b, 0x42, 0x08, 0xf6, 0x80, 0xab, 0x00, 0x00, 0x00, 0x01, 0x0f,
  0x84, 0x68, 0x05, 0x00, 0x00, 0x49, 0x8b, 0x42, 0x10, 0x48, 0x83, 0xf8,
  0x01, 0x0f, 0x84, 0xae, 0x00, 0x00, 0x00, 0x48, 0x83, 0xf8, 0x02, 0x0f,
  0x84, 0x90, 0x00, 0x00, 0x00, 0x45, 0x31, 0xff, 0x48, 0x85, 0xc0, 0x74,
  0x2d, 0x0f, 0x88, 0xc6, 0x07, 0x00, 0x00, 0x4c, 0x89, 0xd7, 0x4c, 0x89,
  0x44, 0x24, 0x10, 0x4c, 0x89, 0x4c, 0x24, 0x08, 0x4c, 0x89, 0x14, 0x24,
  0xe8, 0xeb, 0x5b, 0xff, 0xff, 0x4c, 0x8b, 0x14, 0x24, 0x4c, 0x8b, 0x4c,
  0x24, 0x08, 0x4c, 0x8b, 0x44, 0x24, 0x10, 0x49, 0x89, 0xc7, 0x49, 0x83,
  0x2a, 0x01, 0x0f, 0x85, 0x5d, 0xf5, 0xff, 0xff, 0x4c, 0x89, 0xd7, 0x4c,
  0x89, 0x44, 0x24, 0x08, 0x4c, 0x89, 0x0c, 0x24, 0xe8, 0xef, 0x58, 0xff,
  0xff, 0x4c, 0x8b, 0x44, 0x24, 0x08, 0x4c, 0x8b, 0x0c, 0x24, 0xe9, 0x3e,
  0xf5, 0xff, 0xff, 0x4c, 0x89, 0xd7, 0x48, 0x8d, 0x35, 0x1c, 0x37, 0x00,
  0x00, 0x4c, 0x89, 0x44, 0x24, 0x08, 0x4c, 0x89, 0x0c, 0x24, 0xe8, 0x79,
  0x7a, 0xff, 0xff, 0x4c, 0x8b, 0x0c, 0x24, 0x4c, 0x8b, 0x44, 0x24, 0x08,
  0x48, 0x85, 0xc0, 0x49, 0x89, 0xc2, 0x0f, 0x85, 0x4c, 0xff, 0xff, 0xff,
  0xe9, 0x4f, 0xfd, 0xff, 0xff, 0x41, 0x8b, 0x52, 0x1c, 0x41, 0x8b, 0x42,
  0x18, 0x48, 0xc1, 0xe2, 0x1e, 0x48, 0x09, 0xc2, 0x49, 0x89, 0xd7, 0xeb,
  0x91, 0x45, 0x8b, 0x7a, 0x18, 0xeb, 0x8b, 0xe8, 0x90, 0x5a, 0xff, 0xff,
  0x48, 0x85, 0xc0, 0x0f, 0x85, 0x46, 0xfd, 0xff, 0xff, 0x48, 0x89, 0x04,
  0x24, 0x48, 0x8b, 0x05, 0x44, 0x66, 0x00, 0x00, 0x48, 0x8d, 0x35, 0x35,
  0x20, 0x00, 0x00, 0x48, 0x8b, 0x38, 0xe8, 0x0d, 0x59, 0xff, 0xff, 0x4c,
  0x8b, 0x0c, 0x24, 0xe9, 0x8b, 0xee, 0xff, 0xff, 0x4c, 0x89, 0x0c, 0x24,
  0xe8, 0x5b, 0x5a, 0xff, 0xff, 0x4c, 0x8b, 0x0c, 0x24, 0x48, 0x85, 0xc0,
  0x0f, 0x85, 0x17, 0xe7, 0xff, 0xff, 0x48, 0x8b, 0x05, 0x5f, 0x66, 0x00,
  0x00, 0x48, 0x8d, 0x35, 0xf6, 0x34, 0x00, 0x00, 0x48, 0x8b, 0x38, 0xe8,
  0xd8, 0x58, 0xff, 0xff, 0x4c, 0x8b, 0x0c, 0x24, 0xe9, 0xf8, 0xe6, 0xff,
  0xff, 0x48, 0x8b, 0x40, 0x60, 0x48, 0x85, 0xc0, 0x0f, 0x84, 0xfe, 0x03,
  0x00, 0x00, 0x48, 0x8b, 0x80, 0x80, 0x00, 0x00, 0x00, 0x48, 0x85, 0xc0,
  0x0f, 0x84, 0xee, 0x03, 0x00, 0x00, 0x4c, 0x89, 0x0c, 0x24, 0x4c, 0x89,
  0xff, 0xff, 0xd0, 0x4c, 0x8b, 0x0c, 0x24, 0x48, 0x85, 0xc0, 0x48, 0x89,
  0xc7, 0x0f, 0x84, 0xd5, 0x03, 0x00, 0x00, 0x48, 0x8b, 0x44, 0x24, 0x10,
  0x48, 0x39, 0x47, 0x08, 0x75, 0x35, 0x4c, 0x89, 0x4c, 0x24, 0x08, 0x48,
  0x89, 0x3c, 0x24, 0xe8, 0xc0, 0x7a, 0xff, 0xff, 0x48, 0x8b, 0x3c, 0x24,
  0x4c, 0x8b, 0x4c, 0x24, 0x08, 0x89, 0xc3, 0x48, 0x83, 0x2f, 0x01, 0x0f,
  0x85, 0x8b, 0xf7, 0xff, 0xff, 0x4c, 0x89, 0x0c, 0x24, 0xe8, 0xc2, 0x57,
  0xff, 0xff, 0x4c, 0x8b, 0x0c, 0x24, 0xe9, 0x79, 0xf7, 0xff, 0xff, 0x48,
  0x8d, 0x35, 0xf7, 0x35, 0x00, 0x00, 0xe8, 0x5d, 0x79, 0xff, 0xff, 0x4c,
  0x8b, 0x0c, 0x24, 0x48, 0x85, 0xc0, 0x48, 0x89, 0xc7, 0x75, 0xb3, 0xe9,
  0xe1, 0xf7, 0xff, 0xff, 0x4c, 0x89, 0x0c, 0x24, 0xe8, 0x93, 0x59, 0xff,
  0xff, 0x4c, 0x8b, 0x0c, 0x24, 0x48, 0x85, 0xc0, 0x0f, 0x85, 0x13, 0xe7,
  0xff, 0xff, 0x48, 0x8b, 0x05, 0x97, 0x65, 0x00, 0x00, 0x48, 0x8d, 0x35,
  0x2e, 0x34, 0x00, 0x00, 0x48, 0x8b, 0x38, 0xe8, 0x10, 0x58, 0xff, 0xff,
  0x4c, 0x8b, 0x0c, 0x24, 0xe9, 0xf4, 0xe6, 0xff, 0xff, 0x48, 0x8b, 0x40,
  0x60, 0x48, 0x85, 0xc0, 0x0f, 0x84, 0x01, 0x03, 0x00, 0x00, 0x48, 0x8b,
  0x80, 0x80, 0x00, 0x00, 0x00, 0x48, 0x85, 0xc0, 0x0f, 0x84, 0xf1, 0x02,
  0x00, 0x00, 0x4c, 0x89, 0x0c, 0x24, 0x48, 0x89, 0xef, 0xff, 0xd0, 0x4c,
  0x8b, 0x0c, 0x24, 0x48, 0x85, 0xc0, 0x49, 0x89, 0xc7, 0x0f, 0x84, 0xd8,
  0x02, 0x00, 0x00, 0x48, 0x8b, 0x44, 0x24, 0x10, 0x49, 0x39, 0x47, 0x08,
  0x75, 0x2d, 0x4c, 0x89, 0xff, 0x4c, 0x89, 0x0c, 0x24, 0xe8, 0xfa, 0x79,
  0xff, 0xff, 0x49, 0x83, 0x2f, 0x01, 0x4c, 0x8b, 0x0c, 0x24, 0x89, 0xc3,
  0x0f, 0x85, 0x26, 0xfa, 0xff, 0xff, 0x4c, 0x89, 0xff, 0xe8, 0x02, 0x57,
  0xff, 0xff, 0x4c, 0x8b, 0x0c, 0x24, 0xe9, 0x15, 0xfa, 0xff, 0xff, 0x4c,
  0x89, 0xff, 0x48, 0x8d, 0x35, 0x34, 0x35, 0x00, 0x00, 0xe8, 0x9a, 0x78,
  0xff, 0xff, 0x4c, 0x8b, 0x0c, 0x24, 0x48, 0x85, 0xc0, 0x49, 0x89, 0xc7,
  0x75, 0xb8, 0xe9, 0x79, 0xfa, 0xff, 0xff, 0x4c, 0x89, 0x4c, 0x24, 0x08,
  0xe8, 0xcf, 0x58, 0xff, 0xff, 0x4c, 0x8b, 0x4c, 0x24, 0x08, 0x48, 0x85,
  0xc0, 0x0f, 0x85, 0x34, 0xf9, 0xff, 0xff, 0x48, 0x8b, 0x05, 0xd2, 0x64,
  0x00, 0x00, 0x48, 0x8d, 0x35, 0x69, 0x33, 0x00, 0x00, 0x48, 0x8b, 0x38,
  0xe8, 0x4b, 0x57, 0xff, 0xff, 0x4c, 0x8b, 0x4c, 0x24, 0x08, 0xe9, 0x14,
  0xf9, 0xff, 0xff, 0x4c, 0x89, 0x54, 0x24, 0x10, 0x48, 0x8b, 0x05, 0xd5,
  0x64, 0x00, 0x00, 0x48, 0x8d, 0x35, 0xd6, 0x19, 0x00, 0x00, 0x4c, 0x89,
  0x4c, 0x24, 0x08, 0x48, 0x8b, 0x38, 0xe8, 0x21, 0x57, 0xff, 0xff, 0x4c,
  0x8b, 0x4c, 0x24, 0x08, 0x4c, 0x8b, 0x54, 0x24, 0x10, 0x48, 0x83, 0xca,
  0xff, 0xe9, 0xf0, 0xfb, 0xff, 0xff, 0x48, 0x8b, 0x40, 0x60, 0x48, 0x85,
  0xc0, 0x0f, 0x84, 0xd0, 0x01, 0x00, 0x00, 0x48, 0x8b, 0x80, 0x80, 0x00,
  0x00, 0x00, 0x48, 0x85, 0xc0, 0x0f, 0x84, 0xc0, 0x01, 0x00, 0x00, 0x4c,
  0x89, 0xcf, 0x4c, 0x89, 0x4c, 0x24, 0x08, 0xff, 0xd0, 0x4c, 0x8b, 0x4c,
  0x24, 0x08, 0x48, 0x85, 0xc0, 0x48, 0x89, 0xc7, 0x0f, 0x84, 0xa5, 0x01,
  0x00, 0x00, 0x48, 0x8b, 0x44, 0x24, 0x10, 0x48, 0x39, 0x47, 0x08, 0x75,
  0x3f, 0x4c, 0x89, 0x4c, 0x24, 0x10, 0x48, 0x89, 0x7c, 0x24, 0x08, 0xe8,
  0x1c, 0x84, 0xff, 0xff, 0x48, 0x8b, 0x7c, 0x24, 0x08, 0x4c, 0x8b, 0x4c,
  0x24, 0x10, 0x48, 0x89, 0xc2, 0x48, 0x83, 0x2f, 0x01, 0x0f, 0x85, 0x92,
  0xf3, 0xff, 0xff, 0x48, 0x89, 0x44, 0x24, 0x08, 0xe8, 0xfb, 0x55, 0xff,
  0xff, 0x4c, 0x8b, 0x4c, 0x24, 0x10, 0x48, 0x8b, 0x54, 0x24, 0x08, 0xe9,
  0x79, 0xf3, 0xff, 0xff, 0x48, 0x8d, 0x35, 0x2a, 0x34, 0x00, 0x00, 0xe8,
  0x90, 0x77, 0xff, 0xff, 0x4c, 0x8b, 0x4c, 0x24, 0x08, 0x48, 0x85, 0xc0,
  0x48, 0x89, 0xc7, 0x75, 0xa8, 0xe9, 0x00, 0xfc, 0xff, 0xff, 0x4c, 0x89,
  0x0c, 0x24, 0xe8, 0xc5, 0x57, 0xff, 0xff, 0x4c, 0x8b, 0x0c, 0x24, 0x48,
  0x85, 0xc0, 0x0f, 0x85, 0x8a, 0xec, 0xff, 0xff, 0x48, 0x8b, 0x05, 0xc9,
  0x63, 0x00, 0x00, 0x48, 0x8d, 0x35, 0x60, 0x32, 0x00, 0x00, 0x48, 0x8b,
  0x38, 0xe8, 0x42, 0x56, 0xff, 0xff, 0x4c, 0x8b, 0x0c, 0x24, 0xe9, 0x6b,
  0xec, 0xff, 0xff, 0x48, 0x8b, 0x40, 0x60, 0x48, 0x85, 0xc0, 0x0f, 0x84,
  0xc6, 0x00, 0x00, 0x00, 0x48, 0x8b, 0x80, 0x80, 0x00, 0x00, 0x00, 0x48,
  0x85, 0xc0, 0x0f, 0x84, 0xb6, 0x00, 0x00, 0x00, 0x4c, 0x89, 0x0c, 0x24,
  0x4c, 0x89, 0xff, 0xff, 0xd0, 0x4c, 0x8b, 0x0c, 0x24, 0x48, 0x85, 0xc0,
  0x48, 0x89, 0xc7, 0x0f, 0x84, 0x9d, 0x00, 0x00, 0x00, 0x48, 0x8b, 0x44,
  0x24, 0x10, 0x48, 0x39, 0x47, 0x08, 0x75, 0x35, 0x4c, 0x89, 0x4c, 0x24,
  0x08, 0x48, 0x89, 0x3c, 0x24, 0xe8, 0xba, 0x8a, 0xff, 0xff, 0x48, 0x8b,
  0x3c, 0x24, 0x4c, 0x8b, 0x4c, 0x24, 0x08, 0x89, 0xc3, 0x48, 0x83, 0x2f,
  0x01, 0x0f, 0x85, 0xc9, 0xf6, 0xff, 0xff, 0x4c, 0x89, 0x0c, 0x24, 0xe8,
  0x2c, 0x55, 0xff, 0xff, 0x4c, 0x8b, 0x0c, 0x24, 0xe9, 0xb7, 0xf6, 0xff,
  0xff, 0x48, 0x8d, 0x35, 0x61, 0x33, 0x00, 0x00, 0xe8, 0xc7, 0x76, 0xff,
  0xff, 0x4c, 0x8b, 0x0c, 0x24, 0x48, 0x85, 0xc0, 0x48, 0x89, 0xc7, 0x75,
  0xb3, 0xe9, 0x21, 0xf7, 0xff, 0xff, 0x48, 0x83, 0xc0, 0x01, 0x0f, 0x85,
  0xf9, 0xf6, 0xff, 0xff, 0xe8, 0xf7, 0x56, 0xff, 0xff, 0x4c, 0x8b, 0x0c,
  0x24, 0x48, 0x85, 0xc0, 0x0f, 0x84, 0xe7, 0xf6, 0xff, 0xff, 0xe9, 0x00,
  0xf7, 0xff, 0xff, 0x48, 0x8b, 0x05, 0x1e, 0x63, 0x00, 0x00, 0x48, 0x8d,
  0x35, 0x4f, 0x18, 0x00, 0x00, 0x48, 0x8b, 0x38, 0xe8, 0x6f, 0x55, 0xff,
  0xff, 0x4c, 0x8b, 0x0c, 0x24, 0xe9, 0xe1, 0xf6, 0xff, 0xff, 0x4c, 0x89,
  0x0c, 0x24, 0xe8, 0xbd, 0x56, 0xff, 0xff, 0x4c, 0x8b, 0x0c, 0x24, 0x48,
  0x85, 0xc0, 0x0f, 0x85, 0xcb, 0xf6, 0xff, 0xff, 0x48, 0x8b, 0x05, 0xc1,
  0x62, 0x00, 0x00, 0x48, 0x8d, 0x35, 0x58, 0x31, 0x00, 0x00, 0x48, 0x8b,
  0x38, 0xe8, 0x3a, 0x55, 0xff, 0xff, 0x4c, 0x8b, 0x0c, 0x24, 0xe9, 0xac,
  0xf6, 0xff, 0xff, 0x4c, 0x89, 0x4c, 0x24, 0x08, 0xe8, 0x87, 0x56, 0xff,
  0xff, 0x4c, 0x8b, 0x4c, 0x24, 0x08, 0x48, 0x85, 0xc0, 0x0f, 0x85, 0xab,
  0xfa, 0xff, 0xff, 0x48, 0x8b, 0x05, 0x8a, 0x62, 0x00, 0x00, 0x48, 0x8d,
  0x35, 0x21, 0x31, 0x00, 0x00, 0x48, 0x8b, 0x38, 0xe8, 0x03, 0x55, 0xff,
  0xff, 0x4c, 0x8b, 0x4c, 0x24, 0x08, 0xe9, 0x8b, 0xfa, 0xff, 0xff, 0x4c,
  0x89, 0x0c, 0x24, 0xe8, 0x50, 0x56, 0xff, 0xff, 0x4c, 0x8b, 0x0c, 0x24,
  0x48, 0x85, 0xc0, 0x0f, 0x85, 0xe3, 0xf7, 0xff, 0xff, 0x48, 0x8b, 0x05,
  0x54, 0x62, 0x00, 0x00, 0x48, 0x8d, 0x35, 0xeb, 0x30, 0x00, 0x00, 0x48,
  0x8b, 0x38, 0xe8, 0xcd, 0x54, 0xff, 0xff, 0x4c, 0x8b, 0x0c, 0x24, 0xe9,
  0xc4, 0xf7, 0xff, 0xff, 0x4c, 0x89, 0x0c, 0x24, 0xe8, 0x1b, 0x56, 0xff,
  0xff, 0x4c, 0x8b, 0x0c, 0x24, 0x48, 0x85, 0xc0, 0x0f, 0x85, 0x53, 0xf4,
  0xff, 0xff, 0x48, 0x8b, 0x05, 0x1f, 0x62, 0x00, 0x00, 0x48, 0x8d, 0x35,
  0xb6, 0x30, 0x00, 0x00, 0x48, 0x8b, 0x38, 0xe8, 0x98, 0x54, 0xff, 0xff,
  0x4c, 0x8b, 0x0c, 0x24, 0xe9, 0x34, 0xf4, 0xff, 0xff, 0x48, 0x8b, 0x40,
  0x60, 0x48, 0x85, 0xc0, 0x0f, 0x84, 0xe3, 0x00, 0x00, 0x00, 0x48, 0x8b,
  0x80, 0x80, 0x00, 0x00, 0x00, 0x48, 0x85, 0xc0, 0x0f, 0x84, 0xd3, 0x00,
  0x00, 0x00, 0x4c, 0x89, 0xd7, 0x4c, 0x89, 0x44, 0x24, 0x18, 0x4c, 0x89,
  0x4c, 0x24, 0x08, 0x4c, 0x89, 0x14, 0x24, 0xff, 0xd0, 0x4c, 0x8b, 0x14,
  0x24, 0x4c, 0x8b, 0x4c, 0x24, 0x08, 0x48, 0x85, 0xc0, 0x4c, 0x8b, 0x44,
  0x24, 0x18, 0x48, 0x89, 0xc7, 0x0f, 0x84, 0xa6, 0x00, 0x00, 0x00, 0x48,
  0x8b, 0x44, 0x24, 0x10, 0x48, 0x39, 0x47, 0x08, 0x75, 0x5e, 0x4c, 0x89,
  0x54, 0x24, 0x18, 0x4c, 0x89, 0x44, 0x24, 0x10, 0x4c, 0x89, 0x4c, 0x24,
  0x08, 0x48, 0x89, 0x3c, 0x24, 0xe8, 0x82, 0x81, 0xff, 0xff, 0x48, 0x8b,
  0x3c, 0x24, 0x4c, 0x8b, 0x4c, 0x24, 0x08, 0x4c, 0x8b, 0x44, 0x24, 0x10,
  0x4c, 0x8b, 0x54, 0x24, 0x18, 0x49, 0x89, 0xc7, 0x48, 0x83, 0x2f, 0x01,
  0x0f, 0x85, 0x58, 0xfa, 0xff, 0xff, 0x4c, 0x89, 0x54, 0x24, 0x10, 0x4c,
  0x89, 0x44, 0x24, 0x08, 0x4c, 0x89, 0x0c, 0x24, 0xe8, 0x4f, 0x53, 0xff,
  0xff, 0x4c, 0x8b, 0x54, 0x24, 0x10, 0x4c, 0x8b, 0x44, 0x24, 0x08, 0x4c,
  0x8b, 0x0c, 0x24, 0xe9, 0x32, 0xfa, 0xff, 0xff, 0x48, 0x8d, 0x35, 0x7a,
  0x31, 0x00, 0x00, 0x4c, 0x89, 0x54, 0x24, 0x10, 0x4c, 0x89, 0x44, 0x24,
  0x08, 0x4c, 0x89, 0x0c, 0x24, 0xe8, 0xd2, 0x74, 0xff, 0xff, 0x4c, 0x8b,
  0x0c, 0x24, 0x4c, 0x8b, 0x44, 0x24, 0x08, 0x48, 0x85, 0xc0, 0x4c, 0x8b,
  0x54, 0x24, 0x10, 0x48, 0x89, 0xc7, 0x0f, 0x85, 0x6e, 0xff, 0xff, 0xff,
  0x49, 0x83, 0xcf, 0xff, 0xe9, 0xf5, 0xf9, 0xff, 0xff, 0x4c, 0x89, 0x54,
  0x24, 0x10, 0x4c, 0x89, 0x44, 0x24, 0x08, 0x4c, 0x89, 0x0c, 0x24, 0xe8,
  0xec, 0x54, 0xff, 0xff, 0x4c, 0x8b, 0x0c, 0x24, 0x4c, 0x8b, 0x44, 0x24,
  0x08, 0x48, 0x85, 0xc0, 0x4c, 0x8b, 0x54, 0x24, 0x10, 0x75, 0xd1, 0x48,
  0x8b, 0x05, 0xea, 0x60, 0x00, 0x00, 0x48, 0x8d, 0x35, 0x81, 0x2f, 0x00,
  0x00, 0x48, 0x8b, 0x38, 0x49, 0x83, 0xcf, 0xff, 0xe8, 0x5f, 0x53, 0xff,
  0xff, 0x4c, 0x8b, 0x0c, 0x24, 0x4c, 0x8b, 0x44, 0x24, 0x08, 0x4c, 0x8b,
  0x54, 0x24, 0x10, 0xe9, 0xa2, 0xf9, 0xff, 0xff, 0x48, 0x8b, 0x40, 0x60,
  0x48, 0x85, 0xc0, 0x0f, 0x84, 0xbf, 0x00, 0x00, 0x00, 0x48, 0x8b, 0x80,
  0x80, 0x00, 0x00, 0x00, 0x48, 0x85, 0xc0, 0x0f, 0x84, 0xaf, 0x00, 0x00,
  0x00, 0x4c, 0x89, 0xd7, 0x4c, 0x89, 0x4c, 0x24, 0x18, 0x4c, 0x89, 0x54,
  0x24, 0x08, 0xff, 0xd0, 0x4c, 0x8b, 0x54, 0x24, 0x08, 0x4c, 0x8b, 0x4c,
  0x24, 0x18, 0x48, 0x85, 0xc0, 0x48, 0x89, 0xc7, 0x0f, 0x84, 0x8a, 0x00,
  0x00, 0x00, 0x48, 0x8b, 0x44, 0x24, 0x10, 0x48, 0x39, 0x47, 0x08, 0x75,
  0x4e, 0x4c, 0x89, 0x54, 0x24, 0x18, 0x4c, 0x89, 0x4c, 0x24, 0x10, 0x48,
  0x89, 0x7c, 0x24, 0x08, 0xe8, 0x4b, 0x80, 0xff, 0xff, 0x48, 0x8b, 0x7c,
  0x24, 0x08, 0x4c, 0x8b, 0x4c, 0x24, 0x10, 0x4c, 0x8b, 0x54, 0x24, 0x18,
  0x48, 0x89, 0xc2, 0x48, 0x83, 0x2f, 0x01, 0x0f, 0x85, 0xb1, 0xf7, 0xff,
  0xff, 0x48, 0x89, 0x44, 0x24, 0x08, 0xe8, 0x25, 0x52, 0xff, 0xff, 0x4c,
  0x8b, 0x54, 0x24, 0x18, 0x4c, 0x8b, 0x4c, 0x24, 0x10, 0x48, 0x8b, 0x54,
  0x24, 0x08, 0xe9, 0x93, 0xf7, 0xff, 0xff, 0x48, 0x8d, 0x35, 0x4f, 0x30,
  0x00, 0x00, 0x4c, 0x89, 0x54, 0x24, 0x10, 0x4c, 0x89, 0x4c, 0x24, 0x08,
  0xe8, 0xab, 0x73, 0xff, 0xff, 0x4c, 0x8b, 0x4c, 0x24, 0x08, 0x4c, 0x8b,
  0x54, 0x24, 0x10, 0x48, 0x85, 0xc0, 0x48, 0x89, 0xc7, 0x75, 0x8a, 0x48,
  0x83, 0xca, 0xff, 0xe9, 0x62, 0xf7, 0xff, 0xff, 0x4c, 0x89, 0x54, 0x24,
  0x10, 0x4c, 0x89, 0x4c, 0x24, 0x08, 0xe8, 0xd1, 0x53, 0xff, 0xff, 0x4c,
  0x8b, 0x4c, 0x24, 0x08, 0x4c, 0x8b, 0x54, 0x24, 0x10, 0x48, 0x85, 0xc0,
  0x75, 0xd9, 0x48, 0x8b, 0x05, 0xd3, 0x5f, 0x00, 0x00, 0x48, 0x8d, 0x35,
  0x6a, 0x2e, 0x00, 0x00, 0xe9, 0x26, 0xfb, 0xff, 0xff, 0x4c, 0x89, 0x44,
  0x24, 0x08, 0x4c, 0x89, 0x0c, 0x24, 0xe8, 0xa1, 0x53, 0xff, 0xff, 0x4c,
  0x8b, 0x0c, 0x24, 0x4c, 0x8b, 0x44, 0x24, 0x08, 0x48, 0x85, 0xc0, 0x0f,
  0x85, 0x2f, 0xf6, 0xff, 0xff, 0x48, 0x8b, 0x05, 0xa0, 0x5f, 0x00, 0x00,
  0x48, 0x8d, 0x35, 0x37, 0x2e, 0x00, 0x00, 0x48, 0x8b, 0x38, 0xe8, 0x19,
  0x52, 0xff, 0xff, 0x4c, 0x8b, 0x0c, 0x24, 0x4c, 0x8b, 0x44, 0x24, 0x08,
  0xe9, 0x0b, 0xf6, 0xff, 0xff, 0x4c, 0x89, 0x54, 0x24, 0x10, 0x48, 0x8b,
  0x05, 0x9f, 0x5f, 0x00, 0x00, 0x48, 0x8d, 0x35, 0xa0, 0x14, 0x00, 0x00,
  0x4c, 0x89, 0x44, 0x24, 0x08, 0x4c, 0x89, 0x0c, 0x24, 0xe9, 0x7f, 0xfe,
  0xff, 0xff, 0x66, 0x2e, 0x0f, 0x1f, 0x84, 0x00, 0x00, 0x00, 0x00, 0x00,
  0x48, 0x8b, 0x07, 0x48, 0x83, 0x40, 0x10, 0x01, 0x48, 0x8b, 0x07, 0x48,
  0x83, 0x78, 0x10, 0x00, 0x75, 0x05, 0x48, 0x83, 0x40, 0x18, 0x01, 0xc3,
  0x0f, 0x1f, 0x84, 0x00, 0x00, 0x00, 0x00, 0x00, 0x48, 0x8b, 0x06, 0x48,
  0x8b, 0x0f, 0x48, 0x8b, 0x10, 0x48, 0x01, 0xd1, 0x48, 0x89, 0x08, 0x48,
  0x8b, 0x06, 0x48, 0x39, 0x10, 0x72, 0x49, 0x48, 0x8b, 0x50, 0x08, 0x48,
  0x8b, 0x4f, 0x08, 0x48, 0x01, 0xd1, 0x48, 0x89, 0x48, 0x08, 0x48, 0x8b,
  0x06, 0x48, 0x3b, 0x50, 0x08, 0x76, 0x59, 0x48, 0x83, 0x40, 0x10, 0x01,
  0x48, 0x8b, 0x06, 0x48, 0x8b, 0x4f, 0x10, 0x48, 0x8b, 0x50, 0x10, 0x48,
  0x01, 0xd1, 0x48, 0x89, 0x48, 0x10, 0x48, 0x8b, 0x06, 0x48, 0x3b, 0x50,
  0x10, 0x76, 0x5a, 0x48, 0x83, 0x40, 0x18, 0x01, 0x48, 0x8b, 0x06, 0x48,
  0x8b, 0x57, 0x18, 0x48, 0x01, 0x50, 0x18, 0xc3, 0x48, 0x83, 0x40, 0x08,
  0x01, 0x48, 0x8b, 0x06, 0x48, 0x8b, 0x4f, 0x08, 0x48, 0x8b, 0x50, 0x08,
  0x48, 0x01, 0xd1, 0x48, 0x89, 0x48, 0x08, 0x48, 0x8b, 0x06, 0x48, 0x3b,
  0x50, 0x08, 0x77, 0xaf, 0x48, 0x85, 0xd2, 0x74, 0xaa, 0x0f, 0x1f, 0x00,
  0x48, 0x8b, 0x50, 0x10, 0x48, 0x8b, 0x4f, 0x10, 0x48, 0x01, 0xd1, 0x48,
  0x89, 0x48, 0x10, 0x48, 0x8b, 0x06, 0x48, 0x3b, 0x50, 0x10, 0x77, 0xaf,
  0x48, 0x8b, 0x57, 0x18, 0x48, 0x01, 0x50, 0x18, 0xc3, 0x48, 0x85, 0xd2,
  0x74, 0xa1, 0xeb, 0xf0, 0x48, 0x83, 0xec, 0x08, 0x48, 0x83, 0xc4, 0x08,
  0xc3, 0x00, 0x00, 0x00, 0x00, 0x00, 0x00, 0x00, 0x00, 0x00, 0x00, 0x00,
  0x00, 0x00, 0x00, 0x00, 0x00, 0x00, 0x00, 0x00, 0x00, 0x00, 0x00, 0x00,
  0x00, 0x00, 0x00, 0x00, 0x00, 0x00, 0x00, 0x00, 0x00, 0x00, 0x00, 0x00,
  0x00, 0x00, 0x00, 0x00, 0x00, 0x00, 0x00, 0x00, 0x00, 0x00, 0x00, 0x00,
  0x00, 0x00, 0x00, 0x00, 0x00, 0x00, 0x00, 0x00, 0x00, 0x00, 0x00, 0x00,
  0x00, 0x00, 0x00, 0x00, 0x00, 0x00, 0x00, 0x00, 0x00, 0x00, 0x00, 0x00,
  0x00, 0x00, 0x00, 0x00, 0x00, 0x00, 0x00, 0x00, 0x00, 0x00, 0x00, 0x00,
  0x00, 0x00, 0x00, 0x00, 0x00, 0x00, 0x00, 0x00, 0x00, 0x00, 0x00, 0x00,
  0x00, 0x00, 0x00, 0x00, 0x00, 0x00, 0x00, 0x00, 0x00, 0x00, 0x00, 0x00,
  0x00, 0x00, 0x00, 0x00, 0x00, 0x00, 0x00, 0x00, 0x00, 0x00, 0x00, 0x00,
  0x00, 0x00, 0x00, 0x00, 0x00, 0x00, 0x00, 0x00, 0x00, 0x00, 0x00, 0x00,
  0x00, 0x00, 0x00, 0x00, 0x00, 0x00, 0x00, 0x00, 0x00, 0x00, 0x00, 0x00,
  0x00, 0x00, 0x00, 0x00, 0x00, 0x00, 0x00, 0x00, 0x00, 0x00, 0x00, 0x00,
  0x00, 0x00, 0x00, 0x00, 0x00, 0x00, 0x00, 0x00, 0x00, 0x00, 0x00, 0x00,
  0x00, 0x00, 0x00, 0x00, 0x00, 0x00, 0x00, 0x00, 0x00, 0x00, 0x00, 0x00,
  0x00, 0x00, 0x00, 0x00, 0x00, 0x00, 0x00, 0x00, 0x00, 0x00, 0x00, 0x00,
  0x00, 0x00, 0x00, 0x00, 0x00, 0x00, 0x00, 0x00, 0x00, 0x00, 0x00, 0x00,
  0x00, 0x00, 0x00, 0x00, 0x00, 0x00, 0x00, 0x00, 0x00, 0x00, 0x00, 0x00,
  0x00, 0x00, 0x00, 0x00, 0x00, 0x00, 0x00, 0x00, 0x00, 0x00, 0x00, 0x00,
  0x00, 0x00, 0x00, 0x00, 0x00, 0x00, 0x00, 0x00, 0x00, 0x00, 0x00, 0x00,
  0x00, 0x00, 0x00, 0x00, 0x00, 0x00, 0x00, 0x00, 0x00, 0x00, 0x00, 0x00,
  0x00, 0x00, 0x00, 0x00, 0x00, 0x00, 0x00, 0x00, 0x00, 0x00, 0x00, 0x00,
  0x00, 0x00, 0x00, 0x00, 0x00, 0x00, 0x00, 0x00, 0x00, 0x00, 0x00, 0x00,
  0x00, 0x00, 0x00, 0x00, 0x00, 0x00, 0x00, 0x00, 0x00, 0x00, 0x00, 0x00,
  0x00, 0x00, 0x00, 0x00, 0x00, 0x00, 0x00, 0x00, 0x00, 0x00, 0x00, 0x00,
  0x00, 0x00, 0x00, 0x00, 0x00, 0x00, 0x00, 0x00, 0x00, 0x00, 0x00, 0x00,
  0x00, 0x00, 0x00, 0x00, 0x00, 0x00, 0x00, 0x00, 0x00, 0x00, 0x00, 0x00,
  0x00, 0x00, 0x00, 0x00, 0x00, 0x00, 0x00, 0x00, 0x00, 0x00, 0x00, 0x00,
  0x00, 0x00, 0x00, 0x00, 0x00, 0x00, 0x00, 0x00, 0x00, 0x00, 0x00, 0x00,
  0x00, 0x00, 0x00, 0x00, 0x00, 0x00, 0x00, 0x00, 0x00, 0x00, 0x00, 0x00,
  0x00, 0x00, 0x00, 0x00, 0x00, 0x00, 0x00, 0x00, 0x00, 0x00, 0x00, 0x00,
  0x00, 0x00, 0x00, 0x00, 0x00, 0x00, 0x00, 0x00, 0x00, 0x00, 0x00, 0x00,
  0x00, 0x00, 0x00, 0x00, 0x00, 0x00, 0x00, 0x00, 0x00, 0x00, 0x00, 0x00,
  0x00, 0x00, 0x00, 0x00, 0x00, 0x00, 0x00, 0x00, 0x00, 0x00, 0x00, 0x00,
  0x00, 0x00, 0x00, 0x00, 0x00, 0x00, 0x00, 0x00, 0x00, 0x00, 0x00, 0x00,
  0x00, 0x00, 0x00, 0x00, 0x00, 0x00, 0x00, 0x00, 0x00, 0x00, 0x00, 0x00,
  0x00, 0x00, 0x00, 0x00, 0x00, 0x00, 0x00, 0x00, 0x00, 0x00, 0x00, 0x00,
  0x00, 0x00, 0x00, 0x00, 0x00, 0x00, 0x00, 0x00, 0x00, 0x00, 0x00, 0x00,
  0x00, 0x00, 0x00, 0x00, 0x00, 0x00, 0x00, 0x00, 0x00, 0x00, 0x00, 0x00,
  0x00, 0x00, 0x00, 0x00, 0x00, 0x00, 0x00, 0x00, 0x00, 0x00, 0x00, 0x00,
  0x00, 0x00, 0x00, 0x00, 0x00, 0x00, 0x00, 0x00, 0x00, 0x00, 0x00, 0x00,
  0x00, 0x00, 0x00, 0x00, 0x00, 0x00, 0x00, 0x00, 0x00, 0x00, 0x00, 0x00,
  0x00, 0x00, 0x00, 0x00, 0x00, 0x00, 0x00, 0x00, 0x00, 0x00, 0x00, 0x00,
  0x00, 0x00, 0x00, 0x00, 0x00, 0x00, 0x00, 0x00, 0x00, 0x00, 0x00, 0x00,
  0x00, 0x00, 0x00, 0x00, 0x00, 0x00, 0x00, 0x00, 0x00, 0x00, 0x00, 0x00,
  0x00, 0x00, 0x00, 0x00, 0x00, 0x00, 0x00, 0x00, 0x00, 0x00, 0x00, 0x00,
  0x00, 0x00, 0x00, 0x00, 0x00, 0x00, 0x00, 0x00, 0x00, 0x00, 0x00, 0x00,
  0x00, 0x00, 0x00, 0x00, 0x00, 0x00, 0x00, 0x00, 0x00, 0x00, 0x00, 0x00,
  0x00, 0x00, 0x00, 0x00, 0x00, 0x00, 0x00, 0x00, 0x00, 0x00, 0x00, 0x00,
  0x00, 0x00, 0x00, 0x00, 0x00, 0x00, 0x00, 0x00, 0x00, 0x00, 0x00, 0x00,
  0x00, 0x00, 0x00, 0x00, 0x00, 0x00, 0x00, 0x00, 0x00, 0x00, 0x00, 0x00,
  0x00, 0x00, 0x00, 0x00, 0x00, 0x00, 0x00, 0x00, 0x00, 0x00, 0x00, 0x00,
  0x00, 0x00, 0x00, 0x00, 0x00, 0x00, 0x00, 0x00, 0x00, 0x00, 0x00, 0x00,
  0x00, 0x00, 0x00, 0x00, 0x00, 0x00, 0x00, 0x00, 0x00, 0x00, 0x00, 0x00,
  0x00, 0x00, 0x00, 0x00, 0x00, 0x00, 0x00, 0x00, 0x00, 0x00, 0x00, 0x00,
  0x00, 0x00, 0x00, 0x00, 0x00, 0x00, 0x00, 0x00, 0x00, 0x00, 0x00, 0x00,
  0x00, 0x00, 0x00, 0x00, 0x00, 0x00, 0x00, 0x00, 0x00, 0x00, 0x00, 0x00,
  0x00, 0x00, 0x00, 0x00, 0x00, 0x00, 0x00, 0x00, 0x00, 0x00, 0x00, 0x00,
  0x00, 0x00, 0x00, 0x00, 0x00, 0x00, 0x00, 0x00, 0x00, 0x00, 0x00, 0x00,
  0x00, 0x00, 0x00, 0x00, 0x00, 0x00, 0x00, 0x00, 0x00, 0x00, 0x00, 0x00,
  0x00, 0x00, 0x00, 0x00, 0x00, 0x00, 0x00, 0x00, 0x00, 0x00, 0x00, 0x00,
  0x00, 0x00, 0x00, 0x00, 0x00, 0x00, 0x00, 0x00, 0x00, 0x00, 0x00, 0x00,
  0x00, 0x00, 0x00, 0x00, 0x00, 0x00, 0x00, 0x00, 0x00, 0x00, 0x00, 0x00,
  0x00, 0x00, 0x00, 0x00, 0x00, 0x00, 0x00, 0x00, 0x00, 0x00, 0x00, 0x00,
  0x00, 0x00, 0x00, 0x00, 0x00, 0x00, 0x00, 0x00, 0x00, 0x00, 0x00, 0x00,
  0x00, 0x00, 0x00, 0x00, 0x00, 0x00, 0x00, 0x00, 0x00, 0x00, 0x00, 0x00,
  0x00, 0x00, 0x00, 0x00, 0x00, 0x00, 0x00, 0x00, 0x00, 0x00, 0x00, 0x00,
  0x00, 0x00, 0x00, 0x00, 0x00, 0x00, 0x00, 0x00, 0x00, 0x00, 0x00, 0x00,
  0x00, 0x00, 0x00, 0x00, 0x00, 0x00, 0x00, 0x00, 0x00, 0x00, 0x00, 0x00,
  0x00, 0x00, 0x00, 0x00, 0x00, 0x00, 0x00, 0x00, 0x00, 0x00, 0x00, 0x00,
  0x00, 0x00, 0x00, 0x00, 0x00, 0x00, 0x00, 0x00, 0x00, 0x00, 0x00, 0x00,
  0x00, 0x00, 0x00, 0x00, 0x00, 0x00, 0x00, 0x00, 0x00, 0x00, 0x00, 0x00,
  0x00, 0x00, 0x00, 0x00, 0x00, 0x00, 0x00, 0x00, 0x00, 0x00, 0x00, 0x00,
  0x00, 0x00, 0x00, 0x00, 0x00, 0x00, 0x00, 0x00, 0x00, 0x00, 0x00, 0x00,
  0x00, 0x00, 0x00, 0x00, 0x00, 0x00, 0x00, 0x00, 0x00, 0x00, 0x00, 0x00,
  0x00, 0x00, 0x00, 0x00, 0x00, 0x00, 0x00, 0x00, 0x00, 0x00, 0x00, 0x00,
  0x00, 0x00, 0x00, 0x00, 0x00, 0x00, 0x00, 0x00, 0x00, 0x00, 0x00, 0x00,
  0x00, 0x00, 0x00, 0x00, 0x00, 0x00, 0x00, 0x00, 0x00, 0x00, 0x00, 0x00,
  0x00, 0x00, 0x00, 0x00, 0x00, 0x00, 0x00, 0x00, 0x00, 0x00, 0x00, 0x00,
  0x00, 0x00, 0x00, 0x00, 0x00, 0x00, 0x00, 0x00, 0x00, 0x00, 0x00, 0x00,
  0x00, 0x00, 0x00, 0x00, 0x00, 0x00, 0x00, 0x00, 0x00, 0x00, 0x00, 0x00,
  0x00, 0x00, 0x00, 0x00, 0x00, 0x00, 0x00, 0x00, 0x00, 0x00, 0x00, 0x00,
  0x00, 0x00, 0x00, 0x00, 0x00, 0x00, 0x00, 0x00, 0x00, 0x00, 0x00, 0x00,
  0x00, 0x00, 0x00, 0x00, 0x00, 0x00, 0x00, 0x00, 0x00, 0x00, 0x00, 0x00,
  0x00, 0x00, 0x00, 0x00, 0x00, 0x00, 0x00, 0x00, 0x00, 0x00, 0x00, 0x00,
  0x00, 0x00, 0x00, 0x00, 0x00, 0x00, 0x00, 0x00, 0x00, 0x00, 0x00, 0x00,
  0x00, 0x00, 0x00, 0x00, 0x00, 0x00, 0x00, 0x00, 0x00, 0x00, 0x00, 0x00,
  0x00, 0x00, 0x00, 0x00, 0x00, 0x00, 0x00, 0x00, 0x00, 0x00, 0x00, 0x00,
  0x00, 0x00, 0x00, 0x00, 0x00, 0x00, 0x00, 0x00, 0x00, 0x00, 0x00, 0x00,
  0x00, 0x00, 0x00, 0x00, 0x00, 0x00, 0x00, 0x00, 0x00, 0x00, 0x00, 0x00,
  0x00, 0x00, 0x00, 0x00, 0x00, 0x00, 0x00, 0x00, 0x00, 0x00, 0x00, 0x00,
  0x00, 0x00, 0x00, 0x00, 0x00, 0x00, 0x00, 0x00, 0x00, 0x00, 0x00, 0x00,
  0x00, 0x00, 0x00, 0x00, 0x00, 0x00, 0x00, 0x00, 0x00, 0x00, 0x00, 0x00,
  0x00, 0x00, 0x00, 0x00, 0x00, 0x00, 0x00, 0x00, 0x00, 0x00, 0x00, 0x00,
  0x00, 0x00, 0x00, 0x00, 0x00, 0x00, 0x00, 0x00, 0x00, 0x00, 0x00, 0x00,
  0x00, 0x00, 0x00, 0x00, 0x00, 0x00, 0x00, 0x00, 0x00, 0x00, 0x00, 0x00,
  0x00, 0x00, 0x00, 0x00, 0x00, 0x00, 0x00, 0x00, 0x00, 0x00, 0x00, 0x00,
  0x00, 0x00, 0x00, 0x00, 0x00, 0x00, 0x00, 0x00, 0x00, 0x00, 0x00, 0x00,
  0x00, 0x00, 0x00, 0x00, 0x00, 0x00, 0x00, 0x00, 0x00, 0x00, 0x00, 0x00,
  0x00, 0x00, 0x00, 0x00, 0x00, 0x00, 0x00, 0x00, 0x00, 0x00, 0x00, 0x00,
  0x00, 0x00, 0x00, 0x00, 0x00, 0x00, 0x00, 0x00, 0x00, 0x00, 0x00, 0x00,
  0x00, 0x00, 0x00, 0x00, 0x00, 0x00, 0x00, 0x00, 0x00, 0x00, 0x00, 0x00,
  0x00, 0x00, 0x00, 0x00, 0x00, 0x00, 0x00, 0x00, 0x00, 0x00, 0x00, 0x00,
  0x00, 0x00, 0x00, 0x00, 0x00, 0x00, 0x00, 0x00, 0x00, 0x00, 0x00, 0x00,
  0x00, 0x00, 0x00, 0x00, 0x00, 0x00, 0x00, 0x00, 0x00, 0x00, 0x00, 0x00,
  0x00, 0x00, 0x00, 0x00, 0x00, 0x00, 0x00, 0x00, 0x00, 0x00, 0x00, 0x00,
  0x00, 0x00, 0x00, 0x00, 0x00, 0x00, 0x00, 0x00, 0x00, 0x00, 0x00, 0x00,
  0x00, 0x00, 0x00, 0x00, 0x00, 0x00, 0x00, 0x00, 0x00, 0x00, 0x00, 0x00,
  0x00, 0x00, 0x00, 0x00, 0x00, 0x00, 0x00, 0x00, 0x00, 0x00, 0x00, 0x00,
  0x00, 0x00, 0x00, 0x00, 0x00, 0x00, 0x00, 0x00, 0x00, 0x00, 0x00, 0x00,
  0x00, 0x00, 0x00, 0x00, 0x00, 0x00, 0x00, 0x00, 0x00, 0x00, 0x00, 0x00,
  0x00, 0x00, 0x00, 0x00, 0x00, 0x00, 0x00, 0x00, 0x00, 0x00, 0x00, 0x00,
  0x00, 0x00, 0x00, 0x00, 0x00, 0x00, 0x00, 0x00, 0x00, 0x00, 0x00, 0x00,
  0x00, 0x00, 0x00, 0x00, 0x00, 0x00, 0x00, 0x00, 0x00, 0x00, 0x00, 0x00,
  0x00, 0x00, 0x00, 0x00, 0x00, 0x00, 0x00, 0x00, 0x00, 0x00, 0x00, 0x00,
  0x00, 0x00, 0x00, 0x00, 0x00, 0x00, 0x00, 0x00, 0x00, 0x00, 0x00, 0x00,
  0x00, 0x00, 0x00, 0x00, 0x00, 0x00, 0x00, 0x00, 0x00, 0x00, 0x00, 0x00,
  0x00, 0x00, 0x00, 0x00, 0x00, 0x00, 0x00, 0x00, 0x00, 0x00, 0x00, 0x00,
  0x00, 0x00, 0x00, 0x00, 0x00, 0x00, 0x00, 0x00, 0x00, 0x00, 0x00, 0x00,
  0x00, 0x00, 0x00, 0x00, 0x00, 0x00, 0x00, 0x00, 0x00, 0x00, 0x00, 0x00,
  0x00, 0x00, 0x00, 0x00, 0x00, 0x00, 0x00, 0x00, 0x00, 0x00, 0x00, 0x00,
  0x00, 0x00, 0x00, 0x00, 0x00, 0x00, 0x00, 0x00, 0x00, 0x00, 0x00, 0x00,
  0x00, 0x00, 0x00, 0x00, 0x00, 0x00, 0x00, 0x00, 0x00, 0x00, 0x00, 0x00,
  0x00, 0x00, 0x00, 0x00, 0x00, 0x00, 0x00, 0x00, 0x00, 0x00, 0x00, 0x00,
  0x00, 0x00, 0x00, 0x00, 0x00, 0x00, 0x00, 0x00, 0x00, 0x00, 0x00, 0x00,
  0x00, 0x00, 0x00, 0x00, 0x00, 0x00, 0x00, 0x00, 0x00, 0x00, 0x00, 0x00,
  0x00, 0x00, 0x00, 0x00, 0x00, 0x00, 0x00, 0x00, 0x00, 0x00, 0x00, 0x00,
  0x00, 0x00, 0x00, 0x00, 0x00, 0x00, 0x00, 0x00, 0x00, 0x00, 0x00, 0x00,
  0x00, 0x00, 0x00, 0x00, 0x00, 0x00, 0x00, 0x00, 0x00, 0x00, 0x00, 0x00,
  0x00, 0x00, 0x00, 0x00, 0x00, 0x00, 0x00, 0x00, 0x00, 0x00, 0x00, 0x00,
  0x00, 0x00, 0x00, 0x00, 0x00, 0x00, 0x00, 0x00, 0x00, 0x00, 0x00, 0x00,
  0x00, 0x00, 0x00, 0x00, 0x00, 0x00, 0x00, 0x00, 0x00, 0x00, 0x00, 0x00,
  0x00, 0x00, 0x00, 0x00, 0x00, 0x00, 0x00, 0x00, 0x00, 0x00, 0x00, 0x00,
  0x00, 0x00, 0x00, 0x00, 0x00, 0x00, 0x00, 0x00, 0x00, 0x00, 0x00, 0x00,
  0x00, 0x00, 0x00, 0x00, 0x00, 0x00, 0x00, 0x00, 0x00, 0x00, 0x00, 0x00,
  0x00, 0x00, 0x00, 0x00, 0x00, 0x00, 0x00, 0x00, 0x00, 0x00, 0x00, 0x00,
  0x00, 0x00, 0x00, 0x00, 0x00, 0x00, 0x00, 0x00, 0x00, 0x00, 0x00, 0x00,
  0x00, 0x00, 0x00, 0x00, 0x00, 0x00, 0x00, 0x00, 0x00, 0x00, 0x00, 0x00,
  0x00, 0x00, 0x00, 0x00, 0x00, 0x00, 0x00, 0x00, 0x00, 0x00, 0x00, 0x00,
  0x00, 0x00, 0x00, 0x00, 0x00, 0x00, 0x00, 0x00, 0x00, 0x00, 0x00, 0x00,
  0x00, 0x00, 0x00, 0x00, 0x00, 0x00, 0x00, 0x00, 0x00, 0x00, 0x00, 0x00,
  0x00, 0x00, 0x00, 0x00, 0x00, 0x00, 0x00, 0x00, 0x00, 0x00, 0x00, 0x00,
  0x00, 0x00, 0x00, 0x00, 0x00, 0x00, 0x00, 0x00, 0x00, 0x00, 0x00, 0x00,
  0x00, 0x00, 0x00, 0x00, 0x00, 0x00, 0x00, 0x00, 0x00, 0x00, 0x00, 0x00,
  0x00, 0x00, 0x00, 0x00, 0x00, 0x00, 0x00, 0x00, 0x00, 0x00, 0x00, 0x00,
  0x00, 0x00, 0x00, 0x00, 0x00, 0x00, 0x00, 0x00, 0x00, 0x00, 0x00, 0x00,
  0x00, 0x00, 0x00, 0x00, 0x00, 0x00, 0x00, 0x00, 0x00, 0x00, 0x00, 0x00,
  0x00, 0x00, 0x00, 0x00, 0x00, 0x00, 0x00, 0x00, 0x00, 0x00, 0x00, 0x00,
  0x00, 0x00, 0x00, 0x00, 0x00, 0x00, 0x00, 0x00, 0x00, 0x00, 0x00, 0x00,
  0x00, 0x00, 0x00, 0x00, 0x00, 0x00, 0x00, 0x00, 0x00, 0x00, 0x00, 0x00,
  0x00, 0x00, 0x00, 0x00, 0x00, 0x00, 0x00, 0x00, 0x00, 0x00, 0x00, 0x00,
  0x00, 0x00, 0x00, 0x00, 0x00, 0x00, 0x00, 0x00, 0x00, 0x00, 0x00, 0x00,
  0x00, 0x00, 0x00, 0x00, 0x00, 0x00, 0x00, 0x00, 0x00, 0x00, 0x00, 0x00,
  0x00, 0x00, 0x00, 0x00, 0x00, 0x00, 0x00, 0x00, 0x00, 0x00, 0x00, 0x00,
  0x00, 0x00, 0x00, 0x00, 0x00, 0x00, 0x00, 0x00, 0x00, 0x00, 0x00, 0x00,
  0x00, 0x00, 0x00, 0x00, 0x00, 0x00, 0x00, 0x00, 0x00, 0x00, 0x00, 0x00,
  0x00, 0x00, 0x00, 0x00, 0x00, 0x00, 0x00, 0x00, 0x00, 0x00, 0x00, 0x00,
  0x00, 0x00, 0x00, 0x00, 0x00, 0x00, 0x00, 0x00, 0x00, 0x00, 0x00, 0x00,
  0x00, 0x00, 0x00, 0x00, 0x00, 0x00, 0x00, 0x00, 0x00, 0x00, 0x00, 0x00,
  0x00, 0x00, 0x00, 0x00, 0x00, 0x00, 0x00, 0x00, 0x00, 0x00, 0x00, 0x00,
  0x00, 0x00, 0x00, 0x00, 0x00, 0x00, 0x00, 0x00, 0x00, 0x00, 0x00, 0x00,
  0x00, 0x00, 0x00, 0x00, 0x00, 0x00, 0x00, 0x00, 0x00, 0x00, 0x00, 0x00,
  0x00, 0x00, 0x00, 0x00, 0x00, 0x00, 0x00, 0x00, 0x00, 0x00, 0x00, 0x00,
  0x00, 0x00, 0x00, 0x00, 0x00, 0x00, 0x00, 0x00, 0x00, 0x00, 0x00, 0x00,
  0x00, 0x00, 0x00, 0x00, 0x00, 0x00, 0x00, 0x00, 0x00, 0x00, 0x00, 0x00,
  0x00, 0x00, 0x00, 0x00, 0x00, 0x00, 0x00, 0x00, 0x00, 0x00, 0x00, 0x00,
  0x00, 0x00, 0x00, 0x00, 0x00, 0x00, 0x00, 0x00, 0x00, 0x00, 0x00, 0x00,
  0x00, 0x00, 0x00, 0x00, 0x00, 0x00, 0x00, 0x00, 0x00, 0x00, 0x00, 0x00,
  0x00, 0x00, 0x00, 0x00, 0x00, 0x00, 0x00, 0x00, 0x00, 0x00, 0x00, 0x00,
  0x00, 0x00, 0x00, 0x00, 0x00, 0x00, 0x00, 0x00, 0x00, 0x00, 0x00, 0x00,
  0x00, 0x00, 0x00, 0x00, 0x00, 0x00, 0x00, 0x00, 0x00, 0x00, 0x00, 0x00,
  0x00, 0x00, 0x00, 0x00, 0x00, 0x00, 0x00, 0x00, 0x00, 0x00, 0x00, 0x00,
  0x00, 0x00, 0x00, 0x00, 0x00, 0x00, 0x00, 0x00, 0x00, 0x00, 0x00, 0x00,
  0x00, 0x00, 0x00, 0x00, 0x00, 0x00, 0x00, 0x00, 0x00, 0x00, 0x00, 0x00,
  0x00, 0x00, 0x00, 0x00, 0x00, 0x00, 0x00, 0x00, 0x00, 0x00, 0x00, 0x00,
  0x00, 0x00, 0x00, 0x00, 0x00, 0x00, 0x00, 0x00, 0x00, 0x00, 0x00, 0x00,
  0x00, 0x00, 0x00, 0x00, 0x00, 0x00, 0x00, 0x00, 0x00, 0x00, 0x00, 0x00,
  0x00, 0x00, 0x00, 0x00, 0x00, 0x00, 0x00, 0x00, 0x00, 0x00, 0x00, 0x00,
  0x00, 0x00, 0x00, 0x00, 0x00, 0x00, 0x00, 0x00, 0x00, 0x00, 0x00, 0x00,
  0x00, 0x00, 0x00, 0x00, 0x00, 0x00, 0x00, 0x00, 0x00, 0x00, 0x00, 0x00,
  0x00, 0x00, 0x00, 0x00, 0x00, 0x00, 0x00, 0x00, 0x00, 0x00, 0x00, 0x00,
  0x00, 0x00, 0x00, 0x00, 0x00, 0x00, 0x00, 0x00, 0x00, 0x00, 0x00, 0x00,
  0x00, 0x00, 0x00, 0x00, 0x00, 0x00, 0x00, 0x00, 0x00, 0x00, 0x00, 0x00,
  0x00, 0x00, 0x00, 0x00, 0x00, 0x00, 0x00, 0x00, 0x00, 0x00, 0x00, 0x00,
  0x00, 0x00, 0x00, 0x00, 0x00, 0x00, 0x00, 0x00, 0x00, 0x00, 0x00, 0x00,
  0x00, 0x00, 0x00, 0x00, 0x00, 0x00, 0x00, 0x00, 0x00, 0x00, 0x00, 0x00,
  0x00, 0x00, 0x00, 0x00, 0x00, 0x00, 0x00, 0x00, 0x00, 0x00, 0x00, 0x00,
  0x00, 0x00, 0x00, 0x00, 0x00, 0x00, 0x00, 0x00, 0x00, 0x00, 0x00, 0x00,
  0x00, 0x00, 0x00, 0x00, 0x00, 0x00, 0x00, 0x00, 0x00, 0x00, 0x00, 0x00,
  0x00, 0x00, 0x00, 0x00, 0x00, 0x00, 0x00, 0x00, 0x00, 0x00, 0x00, 0x00,
  0x00, 0x00, 0x00, 0x00, 0x00, 0x00, 0x00, 0x00, 0x00, 0x00, 0x00, 0x00,
  0x00, 0x00, 0x00, 0x00, 0x00, 0x00, 0x00, 0x00, 0x00, 0x00, 0x00, 0x00,
  0x00, 0x00, 0x00, 0x00, 0x00, 0x00, 0x00, 0x00, 0x00, 0x00, 0x00, 0x00,
  0x00, 0x00, 0x00, 0x00, 0x00, 0x00, 0x00, 0x00, 0x00, 0x00, 0x00, 0x00,
  0x00, 0x00, 0x00, 0x00, 0x00, 0x00, 0x00, 0x00, 0x00, 0x00, 0x00, 0x00,
  0x00, 0x00, 0x00, 0x00, 0x00, 0x00, 0x00, 0x00, 0x00, 0x00, 0x00, 0x00,
  0x00, 0x00, 0x00, 0x00, 0x00, 0x00, 0x00, 0x00, 0x00, 0x00, 0x00, 0x00,
  0x00, 0x00, 0x00, 0x00, 0x00, 0x00, 0x00, 0x00, 0x00, 0x00, 0x00, 0x00,
  0x00, 0x00, 0x00, 0x00, 0x00, 0x00, 0x00, 0x00, 0x00, 0x00, 0x00, 0x00,
  0x00, 0x00, 0x00, 0x00, 0x00, 0x00, 0x00, 0x00, 0x00, 0x00, 0x00, 0x00,
  0x00, 0x00, 0x00, 0x00, 0x00, 0x00, 0x00, 0x00, 0x00, 0x00, 0x00, 0x00,
  0x00, 0x00, 0x00, 0x00, 0x00, 0x00, 0x00, 0x00, 0x00, 0x00, 0x00, 0x00,
  0x00, 0x00, 0x00, 0x00, 0x00, 0x00, 0x00, 0x00, 0x00, 0x00, 0x00, 0x00,
  0x00, 0x00, 0x00, 0x00, 0x00, 0x00, 0x00, 0x00, 0x00, 0x00, 0x00, 0x00,
  0x00, 0x00, 0x00, 0x00, 0x00, 0x00, 0x00, 0x00, 0x00, 0x00, 0x00, 0x00,
  0x00, 0x00, 0x00, 0x00, 0x00, 0x00, 0x00, 0x00, 0x00, 0x00, 0x00, 0x00,
  0x00, 0x00, 0x00, 0x00, 0x00, 0x00, 0x00, 0x00, 0x00, 0x00, 0x00, 0x00,
  0x00, 0x00, 0x00, 0x00, 0x00, 0x00, 0x00, 0x00, 0x00, 0x00, 0x00, 0x00,
  0x00, 0x00, 0x00, 0x00, 0x00, 0x00, 0x00, 0x00, 0x00, 0x00, 0x00, 0x00,
  0x00, 0x00, 0x00, 0x00, 0x00, 0x00, 0x00, 0x00, 0x00, 0x00, 0x00, 0x00,
  0x00, 0x00, 0x00, 0x00, 0x00, 0x00, 0x00, 0x00, 0x00, 0x00, 0x00, 0x00,
  0x00, 0x00, 0x00, 0x00, 0x00, 0x00, 0x00, 0x00, 0x00, 0x00, 0x00, 0x00,
  0x00, 0x00, 0x00, 0x00, 0x00, 0x00, 0x00, 0x00, 0x00, 0x00, 0x00, 0x00,
  0x00, 0x00, 0x00, 0x00, 0x00, 0x00, 0x00, 0x00, 0x00, 0x00, 0x00, 0x00,
  0x00, 0x00, 0x00, 0x00, 0x00, 0x00, 0x00, 0x00, 0x00, 0x00, 0x00, 0x00,
  0x00, 0x00, 0x00, 0x00, 0x00, 0x00, 0x00, 0x00, 0x00, 0x00, 0x00, 0x00,
  0x00, 0x00, 0x00, 0x00, 0x00, 0x00, 0x00, 0x00, 0x00, 0x00, 0x00, 0x00,
  0x00, 0x00, 0x00, 0x00, 0x00, 0x00, 0x00, 0x00, 0x00, 0x00, 0x00, 0x00,
  0x00, 0x00, 0x00, 0x00, 0x00, 0x00, 0x00, 0x00, 0x00, 0x00, 0x00, 0x00,
  0x00, 0x00, 0x00, 0x00, 0x00, 0x00, 0x00, 0x00, 0x00, 0x00, 0x00, 0x00,
  0x00, 0x00, 0x00, 0x00, 0x00, 0x00, 0x00, 0x00, 0x00, 0x00, 0x00, 0x00,
  0x00, 0x00, 0x00, 0x00, 0x00, 0x00, 0x00, 0x00, 0x00, 0x00, 0x00, 0x00,
  0x00, 0x00, 0x00, 0x00, 0x00, 0x00, 0x00, 0x00, 0x00, 0x00, 0x00, 0x00,
  0x00, 0x00, 0x00, 0x00, 0x00, 0x00, 0x00, 0x00, 0x00, 0x00, 0x00, 0x00,
  0x00, 0x00, 0x00, 0x00, 0x00, 0x00, 0x00, 0x00, 0x00, 0x00, 0x00, 0x00,
  0x00, 0x00, 0x00, 0x00, 0x00, 0x00, 0x00, 0x00, 0x00, 0x00, 0x00, 0x00,
  0x00, 0x00, 0x00, 0x00, 0x00, 0x00, 0x00, 0x00, 0x00, 0x00, 0x00, 0x00,
  0x00, 0x00, 0x00, 0x00, 0x00, 0x00, 0x00, 0x00, 0x00, 0x00, 0x00, 0x00,
  0x00, 0x00, 0x00, 0x00, 0x00, 0x00, 0x00, 0x00, 0x00, 0x00, 0x00, 0x00,
  0x00, 0x00, 0x00, 0x00, 0x00, 0x00, 0x00, 0x00, 0x00, 0x00, 0x00, 0x00,
  0x00, 0x00, 0x00, 0x00, 0x00, 0x00, 0x00, 0x00, 0x00, 0x00, 0x00, 0x00,
  0x00, 0x00, 0x00, 0x00, 0x00, 0x00, 0x00, 0x00, 0x00, 0x00, 0x00, 0x00,
  0x00, 0x00, 0x00, 0x00, 0x00, 0x00, 0x00, 0x00, 0x00, 0x00, 0x00, 0x00,
  0x00, 0x00, 0x00, 0x00, 0x00, 0x00, 0x00, 0x00, 0x00, 0x00, 0x00, 0x00,
  0x00, 0x00, 0x00, 0x00, 0x00, 0x00, 0x00, 0x00, 0x00, 0x00, 0x00, 0x00,
  0x00, 0x00, 0x00, 0x00, 0x00, 0x00, 0x00, 0x00, 0x00, 0x00, 0x00, 0x00,
  0x00, 0x00, 0x00, 0x00, 0x00, 0x00, 0x00, 0x00, 0x00, 0x00, 0x00, 0x00,
  0x00, 0x00, 0x00, 0x00, 0x00, 0x00, 0x00, 0x00, 0x00, 0x00, 0x00, 0x00,
  0x00, 0x00, 0x00, 0x00, 0x00, 0x00, 0x00, 0x00, 0x00, 0x00, 0x00, 0x00,
  0x00, 0x00, 0x00, 0x00, 0x00, 0x00, 0x00, 0x00, 0x00, 0x00, 0x00, 0x00,
  0x00, 0x00, 0x00, 0x00, 0x00, 0x00, 0x00, 0x00, 0x00, 0x00, 0x00, 0x00,
  0x00, 0x00, 0x00, 0x00, 0x00, 0x00, 0x00, 0x00, 0x00, 0x00, 0x00, 0x00,
  0x00, 0x00, 0x00, 0x00, 0x00, 0x00, 0x00, 0x00, 0x00, 0x00, 0x00, 0x00,
  0x00, 0x00, 0x00, 0x00, 0x00, 0x00, 0x00, 0x00, 0x00, 0x00, 0x00, 0x00,
  0x00, 0x00, 0x00, 0x00, 0x00, 0x00, 0x00, 0x00, 0x00, 0x00, 0x00, 0x00,
  0x00, 0x00, 0x00, 0x00, 0x00, 0x00, 0x00, 0x00, 0x00, 0x00, 0x00, 0x00,
  0x00, 0x00, 0x00, 0x00, 0x00, 0x00, 0x00, 0x00, 0x00, 0x00, 0x00, 0x00,
  0x00, 0x00, 0x00, 0x00, 0x00, 0x00, 0x00, 0x00, 0x00, 0x00, 0x00, 0x00,
  0x00, 0x00, 0x00, 0x00, 0x00, 0x00, 0x00, 0x00, 0x00, 0x00, 0x00, 0x00,
  0x00, 0x00, 0x00, 0x00, 0x00, 0x00, 0x00, 0x00, 0x00, 0x00, 0x00, 0x00,
  0x00, 0x00, 0x00, 0x00, 0x00, 0x00, 0x00, 0x00, 0x00, 0x00, 0x00, 0x00,
  0x00, 0x00, 0x00, 0x00, 0x00, 0x00, 0x00, 0x00, 0x00, 0x00, 0x00, 0x00,
  0x00, 0x00, 0x00, 0x00, 0x00, 0x00, 0x00, 0x00, 0x00, 0x00, 0x00, 0x00,
  0x00, 0x00, 0x00, 0x00, 0x00, 0x00, 0x00, 0x00, 0x00, 0x00, 0x00, 0x00,
  0x00, 0x00, 0x00, 0x00, 0x00, 0x00, 0x00, 0x00, 0x00, 0x00, 0x00, 0x00,
  0x00, 0x00, 0x00, 0x00, 0x00, 0x00, 0x00, 0x00, 0x00, 0x00, 0x00, 0x00,
  0x00, 0x00, 0x00, 0x00, 0x00, 0x00, 0x00, 0x00, 0x00, 0x00, 0x00, 0x00,
  0x00, 0x00, 0x00, 0x00, 0x00, 0x00, 0x00, 0x00, 0x00, 0x00, 0x00, 0x00,
  0x00, 0x00, 0x00, 0x00, 0x00, 0x00, 0x00, 0x00, 0x00, 0x00, 0x00, 0x00,
  0x00, 0x00, 0x00, 0x00, 0x00, 0x00, 0x00, 0x00, 0x00, 0x00, 0x00, 0x00,
  0x00, 0x00, 0x00, 0x00, 0x00, 0x00, 0x00, 0x00, 0x00, 0x00, 0x00, 0x00,
  0x00, 0x00, 0x00, 0x00, 0x00, 0x00, 0x00, 0x00, 0x00, 0x00, 0x00, 0x00,
  0x00, 0x00, 0x00, 0x00, 0x00, 0x00, 0x00, 0x00, 0x00, 0x00, 0x00, 0x00,
  0x00, 0x00, 0x00, 0x00, 0x00, 0x00, 0x00, 0x00, 0x00, 0x00, 0x00, 0x00,
  0x00, 0x00, 0x00, 0x00, 0x00, 0x00, 0x00, 0x00, 0x00, 0x00, 0x00, 0x00,
  0x00, 0x00, 0x00, 0x00, 0x00, 0x00, 0x00, 0x00, 0x00, 0x00, 0x00, 0x00,
  0x00, 0x00, 0x00, 0x00, 0x00, 0x00, 0x00, 0x00, 0x00, 0x00, 0x00, 0x00,
  0x00, 0x00, 0x00, 0x00, 0x00, 0x00, 0x00, 0x00, 0x00, 0x00, 0x00, 0x00,
  0x00, 0x00, 0x00, 0x00, 0x00, 0x00, 0x00, 0x00, 0x00, 0x00, 0x00, 0x00,
  0x00, 0x00, 0x00, 0x00, 0x00, 0x00, 0x00, 0x00, 0x00, 0x00, 0x00, 0x00,
  0x00, 0x00, 0x00, 0x00, 0x00, 0x00, 0x00, 0x00, 0x00, 0x00, 0x00, 0x00,
  0x00, 0x00, 0x00, 0x00, 0x00, 0x00, 0x00, 0x00, 0x00, 0x00, 0x00, 0x00,
  0x00, 0x00, 0x00, 0x00, 0x00, 0x00, 0x00, 0x00, 0x00, 0x00, 0x00, 0x00,
  0x00, 0x00, 0x00, 0x00, 0x00, 0x00, 0x00, 0x00, 0x00, 0x00, 0x00, 0x00,
  0x00, 0x00, 0x00, 0x00, 0x00, 0x00, 0x00, 0x00, 0x00, 0x00, 0x00, 0x00,
  0x00, 0x00, 0x00, 0x00, 0x00, 0x00, 0x00, 0x00, 0x00, 0x00, 0x00, 0x00,
  0x00, 0x00, 0x00, 0x00, 0x00, 0x00, 0x00, 0x00, 0x00, 0x00, 0x00, 0x00,
  0x00, 0x00, 0x00, 0x00, 0x00, 0x00, 0x00, 0x00, 0x00, 0x00, 0x00, 0x00,
  0x00, 0x00, 0x00, 0x00, 0x00, 0x00, 0x00, 0x00, 0x00, 0x00, 0x00, 0x00,
  0x00, 0x00, 0x00, 0x00, 0x00, 0x00, 0x00, 0x00, 0x00, 0x00, 0x00, 0x00,
  0x00, 0x00, 0x00, 0x00, 0x00, 0x00, 0x00, 0x00, 0x00, 0x00, 0x00, 0x00,
  0x00, 0x00, 0x00, 0x00, 0x00, 0x00, 0x00, 0x00, 0x00, 0x00, 0x00, 0x00,
  0x00, 0x00, 0x00, 0x00, 0x00, 0x00, 0x00, 0x00, 0x00, 0x00, 0x00, 0x00,
  0x00, 0x00, 0x00, 0x00, 0x00, 0x00, 0x00, 0x00, 0x00, 0x00, 0x00, 0x00,
  0x00, 0x00, 0x00, 0x00, 0x00, 0x00, 0x00, 0x00, 0x00, 0x00, 0x00, 0x00,
  0x00, 0x00, 0x00, 0x00, 0x00, 0x00, 0x00, 0x00, 0x00, 0x00, 0x00, 0x00,
  0x00, 0x00, 0x00, 0x00, 0x00, 0x00, 0x00, 0x00, 0x00, 0x00, 0x00, 0x00,
  0x00, 0x00, 0x00, 0x00, 0x00, 0x00, 0x00, 0x00, 0x00, 0x00, 0x00, 0x00,
  0x00, 0x00, 0x00, 0x00, 0x00, 0x00, 0x00, 0x00, 0x00, 0x00, 0x00, 0x00,
  0x00, 0x00, 0x00, 0x00, 0x00, 0x00, 0x00, 0x00, 0x00, 0x00, 0x00, 0x00,
  0x00, 0x00, 0x00, 0x00, 0x00, 0x00, 0x00, 0x00, 0x00, 0x00, 0x00, 0x00,
  0x00, 0x00, 0x00, 0x00, 0x00, 0x00, 0x00, 0x00, 0x00, 0x00, 0x00, 0x00,
  0x00, 0x00, 0x00, 0x00, 0x00, 0x00, 0x00, 0x00, 0x00, 0x00, 0x00, 0x00,
  0x00, 0x00, 0x00, 0x00, 0x00, 0x00, 0x00, 0x00, 0x00, 0x00, 0x00, 0x00,
  0x00, 0x00, 0x00, 0x00, 0x00, 0x00, 0x00, 0x00, 0x00, 0x00, 0x00, 0x00,
  0x00, 0x00, 0x00, 0x00, 0x00, 0x00, 0x00, 0x00, 0x00, 0x00, 0x00, 0x00,
  0x00, 0x00, 0x00, 0x00, 0x00, 0x00, 0x00, 0x00, 0x00, 0x00, 0x00, 0x00,
  0x00, 0x00, 0x00, 0x00, 0x00, 0x00, 0x00, 0x00, 0x00, 0x00, 0x00, 0x00,
  0x00, 0x00, 0x00, 0x00, 0x00, 0x00, 0x00, 0x00, 0x00, 0x00, 0x00, 0x00,
  0x00, 0x00, 0x00, 0x00, 0x00, 0x00, 0x00, 0x00, 0x00, 0x00, 0x00, 0x00,
  0x00, 0x00, 0x00, 0x00, 0x00, 0x00, 0x00, 0x00, 0x00, 0x00, 0x00, 0x00,
  0x00, 0x00, 0x00, 0x00, 0x00, 0x00, 0x00, 0x00, 0x00, 0x00, 0x00, 0x00,
  0x00, 0x00, 0x00, 0x00, 0x00, 0x00, 0x00, 0x00, 0x00, 0x00, 0x00, 0x00,
  0x00, 0x00, 0x00, 0x00, 0x00, 0x00, 0x00, 0x00, 0x00, 0x00, 0x00, 0x00,
  0x00, 0x00, 0x00, 0x00, 0x00, 0x00, 0x00, 0x00, 0x00, 0x00, 0x00, 0x00,
  0x00, 0x00, 0x00, 0x00, 0x00, 0x00, 0x00, 0x00, 0x00, 0x00, 0x00, 0x00,
  0x00, 0x00, 0x00, 0x00, 0x00, 0x00, 0x00, 0x00, 0x00, 0x00, 0x00, 0x00,
  0x00, 0x00, 0x00, 0x00, 0x00, 0x00, 0x00, 0x00, 0x00, 0x00, 0x00, 0x00,
  0x00, 0x00, 0x00, 0x00, 0x00, 0x00, 0x00, 0x00, 0x00, 0x00, 0x00, 0x00,
  0x00, 0x00, 0x00, 0x00, 0x00, 0x00, 0x00, 0x00, 0x00, 0x00, 0x00, 0x00,
  0x00, 0x00, 0x00, 0x00, 0x00, 0x00, 0x00, 0x00, 0x00, 0x00, 0x00, 0x00,
  0x00, 0x00, 0x00, 0x00, 0x00, 0x00, 0x00, 0x00, 0x00, 0x00, 0x00, 0x00,
  0x00, 0x00, 0x00, 0x00, 0x00, 0x00, 0x00, 0x00, 0x00, 0x00, 0x00, 0x00,
  0x00, 0x00, 0x00, 0x00, 0x00, 0x00, 0x00, 0x00, 0x00, 0x00, 0x00, 0x00,
  0x00, 0x00, 0x00, 0x00, 0x00, 0x00, 0x00, 0x00, 0x00, 0x00, 0x00, 0x00,
  0x00, 0x00, 0x00, 0x00, 0x00, 0x00, 0x00, 0x00, 0x00, 0x00, 0x00, 0x00,
  0x00, 0x00, 0x00, 0x00, 0x00, 0x00, 0x00, 0x00, 0x00, 0x00, 0x00, 0x00,
  0x00, 0x00, 0x00, 0x00, 0x00, 0x00, 0x00, 0x00, 0x00, 0x00, 0x00, 0x00,
  0x00, 0x00, 0x00, 0x00, 0x00, 0x00, 0x00, 0x00, 0x00, 0x00, 0x00, 0x00,
  0x00, 0x00, 0x00, 0x00, 0x00, 0x00, 0x00, 0x00, 0x00, 0x00, 0x00, 0x00,
  0x00, 0x00, 0x00, 0x00, 0x00, 0x00, 0x00, 0x00, 0x00, 0x00, 0x00, 0x00,
  0x00, 0x00, 0x00, 0x00, 0x00, 0x00, 0x00, 0x00, 0x00, 0x00, 0x00, 0x00,
  0x5f, 0x5f, 0x69, 0x6e, 0x74, 0x5f, 0x5f, 0x20, 0x72, 0x65, 0x74, 0x75,
  0x72, 0x6e, 0x65, 0x64, 0x20, 0x6e, 0x6f, 0x6e, 0x2d, 0x69, 0x6e, 0x74,
  0x20, 0x28, 0x74, 0x79, 0x70, 0x65, 0x20, 0x25, 0x2e, 0x32, 0x30, 0x30,
  0x73, 0x29, 0x2e, 0x20, 0x20, 0x54, 0x68, 0x65, 0x20, 0x61, 0x62, 0x69,
  0x6c, 0x69, 0x74, 0x79, 0x20, 0x74, 0x6f, 0x20, 0x72, 0x65, 0x74, 0x75,
  0x72, 0x6e, 0x20, 0x61, 0x6e, 0x20, 0x69, 0x6e, 0x73, 0x74, 0x61, 0x6e,
  0x63, 0x65, 0x20, 0x6f, 0x66, 0x20, 0x61, 0x20, 0x73, 0x74, 0x72, 0x69,
  0x63, 0x74, 0x20, 0x73, 0x75, 0x62, 0x63, 0x6c, 0x61, 0x73, 0x73, 0x20,
  0x6f, 0x66, 0x20, 0x69, 0x6e, 0x74, 0x20, 0x69, 0x73, 0x20, 0x64, 0x65,
  0x70, 0x72, 0x65, 0x63, 0x61, 0x74, 0x65, 0x64, 0x2c, 0x20, 0x61, 0x6e,
  0x64, 0x20, 0x6d, 0x61, 0x79, 0x20, 0x62, 0x65, 0x20, 0x72, 0x65, 0x6d,
  0x6f, 0x76, 0x65, 0x64, 0x20, 0x69, 0x6e, 0x20, 0x61, 0x20, 0x66, 0x75,
  0x74, 0x75, 0x72, 0x65, 0x20, 0x76, 0x65, 0x72, 0x73, 0x69, 0x6f, 0x6e,
  0x20, 0x6f, 0x66, 0x20, 0x50, 0x79, 0x74, 0x68, 0x6f, 0x6e, 0x2e, 0x00,
  0x5f, 0x5f, 0x25, 0x2e, 0x34, 0x73, 0x5f, 0x5f, 0x20, 0x72, 0x65, 0x74,
  0x75, 0x72, 0x6e, 0x65, 0x64, 0x20, 0x6e, 0x6f, 0x6e, 0x2d, 0x25, 0x2e,
  0x34, 0x73, 0x20, 0x28, 0x74, 0x79, 0x70, 0x65, 0x20, 0x25, 0x2e, 0x32,
  0x30, 0x30, 0x73, 0x29, 0x00, 0x00, 0x00, 0x00, 0x00, 0x00, 0x00, 0x00,
  0x25, 0x2e, 0x32, 0x30, 0x30, 0x73, 0x2e, 0x25, 0x2e, 0x32, 0x30, 0x30,
  0x73, 0x20, 0x69, 0x73, 0x20, 0x6e, 0x6f, 0x74, 0x20, 0x61, 0x20, 0x74,
  0x79, 0x70, 0x65, 0x20, 0x6f, 0x62, 0x6a, 0x65, 0x63, 0x74, 0x00, 0x00,
  0x00, 0x00, 0x00, 0x00, 0x25, 0x2e, 0x32, 0x30, 0x30, 0x73, 0x2e, 0x25,
  0x2e, 0x32, 0x30, 0x30, 0x73, 0x20, 0x73, 0x69, 0x7a, 0x65, 0x20, 0x63,
  0x68, 0x61, 0x6e, 0x67, 0x65, 0x64, 0x2c, 0x20, 0x6d, 0x61, 0x79, 0x20,
  0x69, 0x6e, 0x64, 0x69, 0x63, 0x61, 0x74, 0x65, 0x20, 0x62, 0x69, 0x6e,
  0x61, 0x72, 0x79, 0x20, 0x69, 0x6e, 0x63, 0x6f, 0x6d, 0x70, 0x61, 0x74,
  0x69, 0x62, 0x69, 0x6c, 0x69, 0x74, 0x79, 0x2e, 0x20, 0x45, 0x78, 0x70,
  0x65, 0x63, 0x74, 0x65, 0x64, 0x20, 0x25, 0x7a, 0x64, 0x20, 0x66, 0x72,
  0x6f, 0x6d, 0x20, 0x43, 0x20, 0x68, 0x65, 0x61, 0x64, 0x65, 0x72, 0x2c,
  0x20, 0x67, 0x6f, 0x74, 0x20, 0x25, 0x7a, 0x64, 0x20, 0x66, 0x72, 0x6f,
  0x6d, 0x20, 0x50, 0x79, 0x4f, 0x62, 0x6a, 0x65, 0x63, 0x74, 0x00, 0x00,
  0x00, 0x00, 0x00, 0x00, 0x25, 0x73, 0x2e, 0x25, 0x73, 0x20, 0x73, 0x69,
  0x7a, 0x65, 0x20, 0x63, 0x68, 0x61, 0x6e, 0x67, 0x65, 0x64, 0x2c, 0x20,
  0x6d, 0x61, 0x79, 0x20, 0x69, 0x6e, 0x64, 0x69, 0x63, 0x61, 0x74, 0x65,
  0x20, 0x62, 0x69, 0x6e, 0x61, 0x72, 0x79, 0x20, 0x69, 0x6e, 0x63, 0x6f,
  0x6d, 0x70, 0x61, 0x74, 0x69, 0x62, 0x69, 0x6c, 0x69, 0x74, 0x79, 0x2e,
  0x20, 0x45, 0x78, 0x70, 0x65, 0x63, 0x74, 0x65, 0x64, 0x20, 0x25, 0x7a,
  0x64, 0x20, 0x66, 0x72, 0x6f, 0x6d, 0x20, 0x43, 0x20, 0x68, 0x65, 0x61,
  0x64, 0x65, 0x72, 0x2c, 0x20, 0x67, 0x6f, 0x74, 0x20, 0x25, 0x7a, 0x64,
  0x20, 0x66, 0x72, 0x6f, 0x6d, 0x20, 0x50, 0x79, 0x4f, 0x62, 0x6a, 0x65,
  0x63, 0x74, 0x00, 0x00, 0x00, 0x00, 0x00, 0x00, 0x25, 0x2e, 0x32, 0x30,
  0x30, 0x73, 0x20, 0x64, 0x6f, 0x65, 0x73, 0x20, 0x6e, 0x6f, 0x74, 0x20,
  0x65, 0x78, 0x70, 0x6f, 0x72, 0x74, 0x20, 0x65, 0x78, 0x70, 0x65, 0x63,
  0x74, 0x65, 0x64, 0x20, 0x43, 0x20, 0x76, 0x61, 0x72, 0x69, 0x61, 0x62,
  0x6c, 0x65, 0x20, 0x25, 0x2e, 0x32, 0x30, 0x30, 0x73, 0x00, 0x00, 0x00,
  0x00, 0x00, 0x00, 0x00, 0x43, 0x20, 0x76, 0x61, 0x72, 0x69, 0x61, 0x62,
  0x6c, 0x65, 0x20, 0x25, 0x2e, 0x32, 0x30, 0x30, 0x73, 0x2e, 0x25, 0x2e,
  0x32, 0x30, 0x30, 0x73, 0x20, 0x68, 0x61, 0x73, 0x20, 0x77, 0x72, 0x6f,
  0x6e, 0x67, 0x20, 0x73, 0x69, 0x67, 0x6e, 0x61, 0x74, 0x75, 0x72, 0x65,
  0x20, 0x28, 0x65, 0x78, 0x70, 0x65, 0x63, 0x74, 0x65, 0x64, 0x20, 0x25,
  0x2e, 0x35, 0x30, 0x30, 0x73, 0x2c, 0x20, 0x67, 0x6f, 0x74, 0x20, 0x25,
  0x2e, 0x35, 0x30, 0x30, 0x73, 0x29, 0x00, 0x00, 0x00, 0x00, 0x00, 0x00,
  0x25, 0x2e, 0x32, 0x30, 0x30, 0x73, 0x20, 0x64, 0x6f, 0x65, 0x73, 0x20,
  0x6e, 0x6f, 0x74, 0x20, 0x65, 0x78, 0x70, 0x6f, 0x72, 0x74, 0x20, 0x65,
  0x78, 0x70, 0x65, 0x63, 0x74, 0x65, 0x64, 0x20, 0x43, 0x20, 0x66, 0x75,
  0x6e, 0x63, 0x74, 0x69, 0x6f, 0x6e, 0x20, 0x25, 0x2e, 0x32, 0x30, 0x30,
  0x73, 0x00, 0x00, 0x00, 0x00, 0x00, 0x00, 0x00, 0x43, 0x20, 0x66, 0x75,
  0x6e, 0x63, 0x74, 0x69, 0x6f, 0x6e, 0x20, 0x25, 0x2e, 0x32, 0x30, 0x30,
  0x73, 0x2e, 0x25, 0x2e, 0x32, 0x30, 0x30, 0x73, 0x20, 0x68, 0x61, 0x73,
  0x20, 0x77, 0x72, 0x6f, 0x6e, 0x67, 0x20, 0x73, 0x69, 0x67, 0x6e, 0x61,
  0x74, 0x75, 0x72, 0x65, 0x20, 0x28, 0x65, 0x78, 0x70, 0x65, 0x63, 0x74,
  0x65, 0x64, 0x20, 0x25, 0x2e, 0x35, 0x30, 0x30, 0x73, 0x2c, 0x20, 0x67,
  0x6f, 0x74, 0x20, 0x25, 0x2e, 0x35, 0x30, 0x30, 0x73, 0x29, 0x00, 0x00,
  0x00, 0x00, 0x00, 0x00, 0x49, 0x6e, 0x74, 0x65, 0x72, 0x70, 0x72, 0x65,
  0x74, 0x65, 0x72, 0x20, 0x63, 0x68, 0x61, 0x6e, 0x67, 0x65, 0x20, 0x64,
  0x65, 0x74, 0x65, 0x63, 0x74, 0x65, 0x64, 0x20, 0x2d, 0x20, 0x74, 0x68,
  0x69, 0x73, 0x20, 0x6d, 0x6f, 0x64, 0x75, 0x6c, 0x65, 0x20, 0x63, 0x61,
  0x6e, 0x20, 0x6f, 0x6e, 0x6c, 0x79, 0x20, 0x62, 0x65, 0x20, 0x6c, 0x6f,
  0x61, 0x64, 0x65, 0x64, 0x20, 0x69, 0x6e, 0x74, 0x6f, 0x20, 0x6f, 0x6e,
  0x65, 0x20, 0x69, 0x6e, 0x74, 0x65, 0x72, 0x70, 0x72, 0x65, 0x74, 0x65,
  0x72, 0x20, 0x70, 0x65, 0x72, 0x20, 0x70, 0x72, 0x6f, 0x63, 0x65, 0x73,
  0x73, 0x2e, 0x00, 0x00, 0x76, 0x61, 0x6c, 0x75, 0x65, 0x20, 0x74, 0x6f,
  0x6f, 0x20, 0x6c, 0x61, 0x72, 0x67, 0x65, 0x20, 0x74, 0x6f, 0x20, 0x63,
  0x6f, 0x6e, 0x76, 0x65, 0x72, 0x74, 0x20, 0x74, 0x6f, 0x20, 0x69, 0x6e,
  0x74, 0x00, 0x00, 0x00, 0x00, 0x00, 0x00, 0x00, 0x25, 0x73, 0x28, 0x29,
  0x20, 0x67, 0x6f, 0x74, 0x20, 0x6d, 0x75, 0x6c, 0x74, 0x69, 0x70, 0x6c,
  0x65, 0x20, 0x76, 0x61, 0x6c, 0x75, 0x65, 0x73, 0x20, 0x66, 0x6f, 0x72,
  0x20, 0x6b, 0x65, 0x79, 0x77, 0x6f, 0x72, 0x64, 0x20, 0x61, 0x72, 0x67,
  0x75, 0x6d, 0x65, 0x6e, 0x74, 0x20, 0x27, 0x25, 0x55, 0x27, 0x00, 0x00,
  0x00, 0x00, 0x00, 0x00, 0x25, 0x2e, 0x32, 0x30, 0x30, 0x73, 0x28, 0x29,
  0x20, 0x6b, 0x65, 0x79, 0x77, 0x6f, 0x72, 0x64, 0x73, 0x20, 0x6d, 0x75,
  0x73, 0x74, 0x20, 0x62, 0x65, 0x20, 0x73, 0x74, 0x72, 0x69, 0x6e, 0x67,
  0x73, 0x00, 0x00, 0x00, 0x00, 0x00, 0x00, 0x00, 0x25, 0x73, 0x28, 0x29,
  0x20, 0x67, 0x6f, 0x74, 0x20, 0x61, 0x6e, 0x20, 0x75, 0x6e, 0x65, 0x78,
  0x70, 0x65, 0x63, 0x74, 0x65, 0x64, 0x20, 0x6b, 0x65, 0x79, 0x77, 0x6f,
  0x72, 0x64, 0x20, 0x61, 0x72, 0x67, 0x75, 0x6d, 0x65, 0x6e, 0x74, 0x20,
  0x27, 0x25, 0x55, 0x27, 0x00, 0x00, 0x00, 0x00, 0x63, 0x61, 0x6c, 0x6c,
  0x69, 0x6e, 0x67, 0x20, 0x25, 0x52, 0x20, 0x73, 0x68, 0x6f, 0x75, 0x6c,
  0x64, 0x20, 0x68, 0x61, 0x76, 0x65, 0x20, 0x72, 0x65, 0x74, 0x75, 0x72,
  0x6e, 0x65, 0x64, 0x20, 0x61, 0x6e, 0x20, 0x69, 0x6e, 0x73, 0x74, 0x61,
  0x6e, 0x63, 0x65, 0x20, 0x6f, 0x66, 0x20, 0x42, 0x61, 0x73, 0x65, 0x45,
  0x78, 0x63, 0x65, 0x70, 0x74, 0x69, 0x6f, 0x6e, 0x2c, 0x20, 0x6e, 0x6f,
  0x74, 0x20, 0x25, 0x52, 0x00, 0x00, 0x00, 0x00, 0x72, 0x61, 0x69, 0x73,
  0x65, 0x3a, 0x20, 0x65, 0x78, 0x63, 0x65, 0x70, 0x74, 0x69, 0x6f, 0x6e,
  0x20, 0x63, 0x6c, 0x61, 0x73, 0x73, 0x20, 0x6d, 0x75, 0x73, 0x74, 0x20,
  0x62, 0x65, 0x20, 0x61, 0x20, 0x73, 0x75, 0x62, 0x63, 0x6c, 0x61, 0x73,
  0x73, 0x20, 0x6f, 0x66, 0x20, 0x42, 0x61, 0x73, 0x65, 0x45, 0x78, 0x63,
  0x65, 0x70, 0x74, 0x69, 0x6f, 0x6e, 0x00, 0x00, 0x00, 0x00, 0x00, 0x00,
  0x63, 0x61, 0x6e, 0x27, 0x74, 0x20, 0x63, 0x6f, 0x6e, 0x76, 0x65, 0x72,
  0x74, 0x20, 0x6e, 0x65, 0x67, 0x61, 0x74, 0x69, 0x76, 0x65, 0x20, 0x76,
  0x61, 0x6c, 0x75, 0x65, 0x20, 0x74, 0x6f, 0x20, 0x75, 0x69, 0x6e, 0x74,
  0x36, 0x34, 0x5f, 0x74, 0x00, 0x00, 0x00, 0x00, 0x00, 0x00, 0x00, 0x00,
  0x63, 0x61, 0x6e, 0x27, 0x74, 0x20, 0x63, 0x6f, 0x6e, 0x76, 0x65, 0x72,
  0x74, 0x20, 0x6e, 0x65, 0x67, 0x61, 0x74, 0x69, 0x76, 0x65, 0x20, 0x76,
  0x61, 0x6c, 0x75, 0x65, 0x20, 0x74, 0x6f, 0x20, 0x75, 0x69, 0x6e, 0x74,
  0x33, 0x32, 0x5f, 0x74, 0x00, 0x00, 0x00, 0x00, 0x00, 0x00, 0x00, 0x00,
  0x76, 0x61, 0x6c, 0x75, 0x65, 0x20, 0x74, 0x6f, 0x6f, 0x20, 0x6c, 0x61,
  0x72, 0x67, 0x65, 0x20, 0x74, 0x6f, 0x20, 0x63, 0x6f, 0x6e, 0x76, 0x65,
  0x72, 0x74, 0x20, 0x74, 0x6f, 0x20, 0x75, 0x69, 0x6e, 0x74, 0x33, 0x32,
  0x5f, 0x74, 0x00, 0x00, 0x6e, 0x75, 0x6d, 0x70, 0x79, 0x2e, 0x72, 0x61,
  0x6e, 0x64, 0x6f, 0x6d, 0x2e, 0x5f, 0x70, 0x68, 0x69, 0x6c, 0x6f, 0x78,
  0x2e, 0x50, 0x68, 0x69, 0x6c, 0x6f, 0x78, 0x2e, 0x61, 0x64, 0x76, 0x61,
  0x6e, 0x63, 0x65, 0x00, 0x00, 0x00, 0x00, 0x00, 0x4d, 0x6f, 0x64, 0x75,
  0x6c, 0x65, 0x20, 0x27, 0x5f, 0x70, 0x68, 0x69, 0x6c, 0x6f, 0x78, 0x27,
  0x20, 0x68, 0x61, 0x73, 0x20, 0x61, 0x6c, 0x72, 0x65, 0x61, 0x64, 0x79,
  0x20, 0x62, 0x65, 0x65, 0x6e, 0x20, 0x69, 0x6d, 0x70, 0x6f, 0x72, 0x74,
  0x65, 0x64, 0x2e, 0x20, 0x52, 0x65, 0x2d, 0x69, 0x6e, 0x69, 0x74, 0x69,
  0x61, 0x6c, 0x69, 0x73, 0x61, 0x74, 0x69, 0x6f, 0x6e, 0x20, 0x69, 0x73,
  0x20, 0x6e, 0x6f, 0x74, 0x20, 0x73, 0x75, 0x70, 0x70, 0x6f, 0x72, 0x74,
  0x65, 0x64, 0x2e, 0x00, 0x63, 0x6f, 0x6d, 0x70, 0x69, 0x6c, 0x65, 0x74,
  0x69, 0x6d, 0x65, 0x20, 0x76, 0x65, 0x72, 0x73, 0x69, 0x6f, 0x6e, 0x20,
  0x25, 0x73, 0x20, 0x6f, 0x66, 0x20, 0x6d, 0x6f, 0x64, 0x75, 0x6c, 0x65,
  0x20, 0x27, 0x25, 0x2e, 0x31, 0x30, 0x30, 0x73, 0x27, 0x20, 0x64, 0x6f,
  0x65, 0x73, 0x20, 0x6e, 0x6f, 0x74, 0x20, 0x6d, 0x61, 0x74, 0x63, 0x68,
  0x20, 0x72, 0x75, 0x6e, 0x74, 0x69, 0x6d, 0x65, 0x20, 0x76, 0x65, 0x72,
  0x73, 0x69, 0x6f, 0x6e, 0x20, 0x25, 0x73, 0x00, 0x00, 0x00, 0x00, 0x00,
  0x33, 0x34, 0x30, 0x32, 0x38, 0x32, 0x33, 0x36, 0x36, 0x39, 0x32, 0x30,
  0x39, 0x33, 0x38, 0x34, 0x36, 0x33, 0x34, 0x36, 0x33, 0x33, 0x37, 0x34,
  0x36, 0x30, 0x37, 0x34, 0x33, 0x31, 0x37, 0x36, 0x38, 0x32, 0x31, 0x31,
  0x34, 0x35, 0x36, 0x00, 0x55, 0x6e, 0x61, 0x62, 0x6c, 0x65, 0x20, 0x74,
  0x6f, 0x20, 0x69, 0x6e, 0x69, 0x74, 0x69, 0x61, 0x6c, 0x69, 0x7a, 0x65,
  0x20, 0x70, 0x69, 0x63, 0x6b, 0x6c, 0x69, 0x6e, 0x67, 0x20, 0x66, 0x6f,
  0x72, 0x20, 0x25, 0x73, 0x00, 0x00, 0x00, 0x00, 0x69, 0x6e, 0x76, 0x61,
  0x6c, 0x69, 0x64, 0x20, 0x76, 0x74, 0x61, 0x62, 0x6c, 0x65, 0x20, 0x66,
  0x6f, 0x75, 0x6e, 0x64, 0x20, 0x66, 0x6f, 0x72, 0x20, 0x69, 0x6d, 0x70,
  0x6f, 0x72, 0x74, 0x65, 0x64, 0x20, 0x74, 0x79, 0x70, 0x65, 0x00, 0x00,
  0x50, 0x79, 0x4f, 0x62, 0x6a, 0x65, 0x63, 0x74, 0x20, 0x2a, 0x28, 0x50,
  0x79, 0x4f, 0x62, 0x6a, 0x65, 0x63, 0x74, 0x20, 0x2a, 0x2c, 0x20, 0x50,
  0x79, 0x4f, 0x62, 0x6a, 0x65, 0x63, 0x74, 0x20, 0x2a, 0x29, 0x00, 0x00,
  0x00, 0x00, 0x00, 0x00, 0x50, 0x79, 0x41, 0x72, 0x72, 0x61, 0x79, 0x4f,
  0x62, 0x6a, 0x65, 0x63, 0x74, 0x20, 0x2a, 0x28, 0x50, 0x79, 0x4f, 0x62,
  0x6a, 0x65, 0x63, 0x74, 0x20, 0x2a, 0x2c, 0x20, 0x50, 0x79, 0x4f, 0x62,
  0x6a, 0x65, 0x63, 0x74, 0x20, 0x2a, 0x2c, 0x20, 0x50, 0x79, 0x4f, 0x62,
  0x6a, 0x65, 0x63, 0x74, 0x20, 0x2a, 0x2c, 0x20, 0x50, 0x79, 0x4f, 0x62,
  0x6a, 0x65, 0x63, 0x74, 0x20, 0x2a, 0x29, 0x00, 0x5f, 0x41, 0x52, 0x52,
  0x41, 0x59, 0x5f, 0x41, 0x50, 0x49, 0x20, 0x69, 0x73, 0x20, 0x6e, 0x6f,
  0x74, 0x20, 0x50, 0x79, 0x43, 0x61, 0x70, 0x73, 0x75, 0x6c, 0x65, 0x20,
  0x6f, 0x62, 0x6a, 0x65, 0x63, 0x74, 0x00, 0x00, 0x00, 0x00, 0x00, 0x00,
  0x6d, 0x6f, 0x64, 0x75, 0x6c, 0x65, 0x20, 0x63, 0x6f, 0x6d, 0x70, 0x69,
  0x6c, 0x65, 0x64, 0x20, 0x61, 0x67, 0x61, 0x69, 0x6e, 0x73, 0x74, 0x20,
  0x41, 0x42, 0x49, 0x20, 0x76, 0x65, 0x72, 0x73, 0x69, 0x6f, 0x6e, 0x20,
  0x30, 0x78, 0x25, 0x78, 0x20, 0x62, 0x75, 0x74, 0x20, 0x74, 0x68, 0x69,
  0x73, 0x20, 0x76, 0x65, 0x72, 0x73, 0x69, 0x6f, 0x6e, 0x20, 0x6f, 0x66,
  0x20, 0x6e, 0x75, 0x6d, 0x70, 0x79, 0x20, 0x69, 0x73, 0x20, 0x30, 0x78,
  0x25, 0x78, 0x00, 0x00, 0x00, 0x00, 0x00, 0x00, 0x6d, 0x6f, 0x64, 0x75,
  0x6c, 0x65, 0x20, 0x63, 0x6f, 0x6d, 0x70, 0x69, 0x6c, 0x65, 0x64, 0x20,
  0x61, 0x67, 0x61, 0x69, 0x6e, 0x73, 0x74, 0x20, 0x41, 0x50, 0x49, 0x20,
  0x76, 0x65, 0x72, 0x73, 0x69, 0x6f, 0x6e, 0x20, 0x30, 0x78, 0x25, 0x78,
  0x20, 0x62, 0x75, 0x74, 0x20, 0x74, 0x68, 0x69, 0x73, 0x20, 0x76, 0x65,
  0x72, 0x73, 0x69, 0x6f, 0x6e, 0x20, 0x6f, 0x66, 0x20, 0x6e, 0x75, 0x6d,
  0x70, 0x79, 0x20, 0x69, 0x73, 0x20, 0x30, 0x78, 0x25, 0x78, 0x20, 0x2e,
  0x20, 0x43, 0x68, 0x65, 0x63, 0x6b, 0x20, 0x74, 0x68, 0x65, 0x20, 0x73,
  0x65, 0x63, 0x74, 0x69, 0x6f, 0x6e, 0x20, 0x43, 0x2d, 0x41, 0x50, 0x49,
  0x20, 0x69, 0x6e, 0x63, 0x6f, 0x6d, 0x70, 0x61, 0x74, 0x69, 0x62, 0x69,
  0x6c, 0x69, 0x74, 0x79, 0x20, 0x61, 0x74, 0x20, 0x74, 0x68, 0x65, 0x20,
  0x54, 0x72, 0x6f, 0x75, 0x62, 0x6c, 0x65, 0x73, 0x68, 0x6f, 0x6f, 0x74,
  0x69, 0x6e, 0x67, 0x20, 0x49, 0x6d, 0x70, 0x6f, 0x72, 0x74, 0x45, 0x72,
  0x72, 0x6f, 0x72, 0x20, 0x73, 0x65, 0x63, 0x74, 0x69, 0x6f, 0x6e, 0x20,
  0x61, 0x74, 0x20, 0x68, 0x74, 0x74, 0x70, 0x73, 0x3a, 0x2f, 0x2f, 0x6e,
  0x75, 0x6d, 0x70, 0x79, 0x2e, 0x6f, 0x72, 0x67, 0x2f, 0x64, 0x65, 0x76,
  0x64, 0x6f, 0x63, 0x73, 0x2f, 0x75, 0x73, 0x65, 0x72, 0x2f, 0x74, 0x72,
  0x6f, 0x75, 0x62, 0x6c, 0x65, 0x73, 0x68, 0x6f, 0x6f, 0x74, 0x69, 0x6e,
  0x67, 0x2d, 0x69, 0x6d, 0x70, 0x6f, 0x72, 0x74, 0x65, 0x72, 0x72, 0x6f,
  0x72, 0x2e, 0x68, 0x74, 0x6d, 0x6c, 0x23, 0x63, 0x2d, 0x61, 0x70, 0x69,
  0x2d, 0x69, 0x6e, 0x63, 0x6f, 0x6d, 0x70, 0x61, 0x74, 0x69, 0x62, 0x69,
  0x6c, 0x69, 0x74, 0x79, 0x20, 0x66, 0x6f, 0x72, 0x20, 0x69, 0x6e, 0x64,
  0x69, 0x63, 0x61, 0x74, 0x69, 0x6f, 0x6e, 0x73, 0x20, 0x6f, 0x6e, 0x20,
  0x68, 0x6f, 0x77, 0x20, 0x74, 0x6f, 0x20, 0x73, 0x6f, 0x6c, 0x76, 0x65,
  0x20, 0x74, 0x68, 0x69, 0x73, 0x20, 0x70, 0x72, 0x6f, 0x62, 0x6c, 0x65,
  0x6d, 0x20, 0x2e, 0x00, 0x46, 0x41, 0x54, 0x41, 0x4c, 0x3a, 0x20, 0x6d,
  0x6f, 0x64, 0x75, 0x6c, 0x65, 0x20, 0x63, 0x6f, 0x6d, 0x70, 0x69, 0x6c,
  0x65, 0x64, 0x20, 0x61, 0x73, 0x20, 0x75, 0x6e, 0x6b, 0x6e, 0x6f, 0x77,
  0x6e, 0x20, 0x65, 0x6e, 0x64, 0x69, 0x61, 0x6e, 0x00, 0x00, 0x00, 0x00,
  0x00, 0x00, 0x00, 0x00, 0x46, 0x41, 0x54, 0x41, 0x4c, 0x3a, 0x20, 0x6d,
  0x6f, 0x64, 0x75, 0x6c, 0x65, 0x20, 0x63, 0x6f, 0x6d, 0x70, 0x69, 0x6c,
  0x65, 0x64, 0x20, 0x61, 0x73, 0x20, 0x6c, 0x69, 0x74, 0x74, 0x6c, 0x65,
  0x20, 0x65, 0x6e, 0x64, 0x69, 0x61, 0x6e, 0x2c, 0x20, 0x62, 0x75, 0x74,
  0x20, 0x64, 0x65, 0x74, 0x65, 0x63, 0x74, 0x65, 0x64, 0x20, 0x64, 0x69,
  0x66, 0x66, 0x65, 0x72, 0x65, 0x6e, 0x74, 0x20, 0x65, 0x6e, 0x64, 0x69,
  0x61, 0x6e, 0x6e, 0x65, 0x73, 0x73, 0x20, 0x61, 0x74, 0x20, 0x72, 0x75,
  0x6e, 0x74, 0x69, 0x6d, 0x65, 0x00, 0x00, 0x00, 0x20, 0x77, 0x68, 0x69,
  0x6c, 0x65, 0x20, 0x63, 0x61, 0x6c, 0x6c, 0x69, 0x6e, 0x67, 0x20, 0x61,
  0x20, 0x50, 0x79, 0x74, 0x68, 0x6f, 0x6e, 0x20, 0x6f, 0x62, 0x6a, 0x65,
  0x63, 0x74, 0x00, 0x00, 0x4e, 0x55, 0x4c, 0x4c, 0x20, 0x72, 0x65, 0x73,
  0x75, 0x6c, 0x74, 0x20, 0x77, 0x69, 0x74, 0x68, 0x6f, 0x75, 0x74, 0x20,
  0x65, 0x72, 0x72, 0x6f, 0x72, 0x20, 0x69, 0x6e, 0x20, 0x50, 0x79, 0x4f,
  0x62, 0x6a, 0x65, 0x63, 0x74, 0x5f, 0x43, 0x61, 0x6c, 0x6c, 0x00, 0x00,
  0x00, 0x00, 0x00, 0x00, 0x6e, 0x75, 0x6d, 0x70, 0x79, 0x2e, 0x72, 0x61,
  0x6e, 0x64, 0x6f, 0x6d, 0x2e, 0x5f, 0x70, 0x68, 0x69, 0x6c, 0x6f, 0x78,
  0x2e, 0x50, 0x68, 0x69, 0x6c, 0x6f, 0x78, 0x2e, 0x5f, 0x5f, 0x73, 0x65,
  0x74, 0x73, 0x74, 0x61, 0x74, 0x65, 0x5f, 0x63, 0x79, 0x74, 0x68, 0x6f,
  0x6e, 0x5f, 0x5f, 0x00, 0x6e, 0x75, 0x6d, 0x70, 0x79, 0x2e, 0x72, 0x61,
  0x6e, 0x64, 0x6f, 0x6d, 0x2e, 0x5f, 0x70, 0x68, 0x69, 0x6c, 0x6f, 0x78,
  0x2e, 0x50, 0x68, 0x69, 0x6c, 0x6f, 0x78, 0x2e, 0x5f, 0x5f, 0x72, 0x65,
  0x64, 0x75, 0x63, 0x65, 0x5f, 0x63, 0x79, 0x74, 0x68, 0x6f, 0x6e, 0x5f,
  0x5f, 0x00, 0x00, 0x00, 0x6e, 0x75, 0x6d, 0x70, 0x79, 0x2e, 0x72, 0x61,
  0x6e, 0x64, 0x6f, 0x6d, 0x2e, 0x5f, 0x70, 0x68, 0x69, 0x6c, 0x6f, 0x78,
  0x2e, 0x50, 0x68, 0x69, 0x6c, 0x6f, 0x78, 0x2e, 0x6a, 0x75, 0x6d, 0x70,
  0x5f, 0x69, 0x6e, 0x70, 0x6c, 0x61, 0x63, 0x65, 0x00, 0x00, 0x00, 0x00,
  0x00, 0x00, 0x00, 0x00, 0x6e, 0x75, 0x6d, 0x70, 0x79, 0x2e, 0x72, 0x61,
  0x6e, 0x64, 0x6f, 0x6d, 0x2e, 0x5f, 0x70, 0x68, 0x69, 0x6c, 0x6f, 0x78,
  0x2e, 0x50, 0x68, 0x69, 0x6c, 0x6f, 0x78, 0x2e, 0x6a, 0x75, 0x6d, 0x70,
  0x65, 0x64, 0x00, 0x00, 0x00, 0x00, 0x00, 0x00, 0x43, 0x61, 0x6e, 0x6e,
  0x6f, 0x74, 0x20, 0x63, 0x6f, 0x6e, 0x76, 0x65, 0x72, 0x74, 0x20, 0x25,
  0x2e, 0x32, 0x30, 0x30, 0x73, 0x20, 0x74, 0x6f, 0x20, 0x25, 0x2e, 0x32,
  0x30, 0x30, 0x73, 0x00, 0x25, 0x2e, 0x32, 0x30, 0x30, 0x73, 0x28, 0x29,
  0x20, 0x74, 0x61, 0x6b, 0x65, 0x73, 0x20, 0x25, 0x2e, 0x38, 0x73, 0x20,
  0x25, 0x7a, 0x64, 0x20, 0x70, 0x6f, 0x73, 0x69, 0x74, 0x69, 0x6f, 0x6e,
  0x61, 0x6c, 0x20, 0x61, 0x72, 0x67, 0x75, 0x6d, 0x65, 0x6e, 0x74, 0x25,
  0x2e, 0x31, 0x73, 0x20, 0x28, 0x25, 0x7a, 0x64, 0x20, 0x67, 0x69, 0x76,
  0x65, 0x6e, 0x29, 0x00, 0x00, 0x00, 0x00, 0x00, 0x6e, 0x75, 0x6d, 0x70,
  0x79, 0x2e, 0x72, 0x61, 0x6e, 0x64, 0x6f, 0x6d, 0x2e, 0x5f, 0x70, 0x68,
  0x69, 0x6c, 0x6f, 0x78, 0x2e, 0x50, 0x68, 0x69, 0x6c, 0x6f, 0x78, 0x2e,
  0x73, 0x74, 0x61, 0x74, 0x65, 0x2e, 0x5f, 0x5f, 0x67, 0x65, 0x74, 0x5f,
  0x5f, 0x00, 0x00, 0x00, 0x00, 0x00, 0x00, 0x00, 0x6e, 0x75, 0x6d, 0x70,
  0x79, 0x2e, 0x72, 0x61, 0x6e, 0x64, 0x6f, 0x6d, 0x2e, 0x5f, 0x70, 0x68,
  0x69, 0x6c, 0x6f, 0x78, 0x2e, 0x50, 0x68, 0x69, 0x6c, 0x6f, 0x78, 0x2e,
  0x5f, 0x5f, 0x69, 0x6e, 0x69, 0x74, 0x5f, 0x5f, 0x00, 0x00, 0x00, 0x00,
  0x6e, 0x75, 0x6d, 0x70, 0x79, 0x2e, 0x72, 0x61, 0x6e, 0x64, 0x6f, 0x6d,
  0x2e, 0x5f, 0x70, 0x68, 0x69, 0x6c, 0x6f, 0x78, 0x2e, 0x50, 0x68, 0x69,
  0x6c, 0x6f, 0x78, 0x2e, 0x73, 0x74, 0x61, 0x74, 0x65, 0x2e, 0x5f, 0x5f,
  0x73, 0x65, 0x74, 0x5f, 0x5f, 0x00, 0x00, 0x00, 0x00, 0x00, 0x00, 0x00,
  0x0a, 0x20, 0x20, 0x20, 0x20, 0x50, 0x68, 0x69, 0x6c, 0x6f, 0x78, 0x28,
  0x73, 0x65, 0x65, 0x64, 0x3d, 0x4e, 0x6f, 0x6e, 0x65, 0x2c, 0x20, 0x63,
  0x6f, 0x75, 0x6e, 0x74, 0x65, 0x72, 0x3d, 0x4e, 0x6f, 0x6e, 0x65, 0x2c,
  0x20, 0x6b, 0x65, 0x79, 0x3d, 0x4e, 0x6f, 0x6e, 0x65, 0x29, 0x0a, 0x0a,
  0x20, 0x20, 0x20, 0x20, 0x43, 0x6f, 0x6e, 0x74, 0x61, 0x69, 0x6e, 0x65,
  0x72, 0x20, 0x66, 0x6f, 0x72, 0x20, 0x74, 0x68, 0x65, 0x20, 0x50, 0x68,
  0x69, 0x6c, 0x6f, 0x78, 0x20, 0x28, 0x34, 0x78, 0x36, 0x34, 0x29, 0x20,
  0x70, 0x73, 0x65, 0x75, 0x64, 0x6f, 0x2d, 0x72, 0x61, 0x6e, 0x64, 0x6f,
  0x6d, 0x20, 0x6e, 0x75, 0x6d, 0x62, 0x65, 0x72, 0x20, 0x67, 0x65, 0x6e,
  0x65, 0x72, 0x61, 0x74, 0x6f, 0x72, 0x2e, 0x0a, 0x0a, 0x20, 0x20, 0x20,
  0x20, 0x50, 0x61, 0x72, 0x61, 0x6d, 0x65, 0x74, 0x65, 0x72, 0x73, 0x0a,
  0x20, 0x20, 0x20, 0x20, 0x2d, 0x2d, 0x2d, 0x2d, 0x2d, 0x2d, 0x2d, 0x2d,
  0x2d, 0x2d, 0x0a, 0x20, 0x20, 0x20, 0x20, 0x73, 0x65, 0x65, 0x64, 0x20,
  0x3a, 0x20, 0x7b, 0x4e, 0x6f, 0x6e, 0x65, 0x2c, 0x20, 0x69, 0x6e, 0x74,
  0x2c, 0x20, 0x61, 0x72, 0x72, 0x61, 0x79, 0x5f, 0x6c, 0x69, 0x6b, 0x65,
  0x5b, 0x69, 0x6e, 0x74, 0x73, 0x5d, 0x2c, 0x20, 0x53, 0x65, 0x65, 0x64,
  0x53, 0x65, 0x71, 0x75, 0x65, 0x6e, 0x63, 0x65, 0x7d, 0x2c, 0x20, 0x6f,
  0x70, 0x74, 0x69, 0x6f, 0x6e, 0x61, 0x6c, 0x0a, 0x20, 0x20, 0x20, 0x20,
  0x20, 0x20, 0x20, 0x20, 0x41, 0x20, 0x73, 0x65, 0x65, 0x64, 0x20, 0x74,
  0x6f, 0x20, 0x69, 0x6e, 0x69, 0x74, 0x69, 0x61, 0x6c, 0x69, 0x7a, 0x65,
  0x20, 0x74, 0x68, 0x65, 0x20, 0x60, 0x42, 0x69, 0x74, 0x47, 0x65, 0x6e,
  0x65, 0x72, 0x61, 0x74, 0x6f, 0x72, 0x60, 0x2e, 0x20, 0x49, 0x66, 0x20,
  0x4e, 0x6f, 0x6e, 0x65, 0x2c, 0x20, 0x74, 0x68, 0x65, 0x6e, 0x20, 0x66,
  0x72, 0x65, 0x73, 0x68, 0x2c, 0x0a, 0x20, 0x20, 0x20, 0x20, 0x20, 0x20,
  0x20, 0x20, 0x75, 0x6e, 0x70, 0x72, 0x65, 0x64, 0x69, 0x63, 0x74, 0x61,
  0x62, 0x6c, 0x65, 0x20, 0x65, 0x6e, 0x74, 0x72, 0x6f, 0x70, 0x79, 0x20,
  0x77, 0x69, 0x6c, 0x6c, 0x20, 0x62, 0x65, 0x20, 0x70, 0x75, 0x6c, 0x6c,
  0x65, 0x64, 0x20, 0x66, 0x72, 0x6f, 0x6d, 0x20, 0x74, 0x68, 0x65, 0x20,
  0x4f, 0x53, 0x2e, 0x20, 0x49, 0x66, 0x20, 0x61, 0x6e, 0x20, 0x60, 0x60,
  0x69, 0x6e, 0x74, 0x60, 0x60, 0x20, 0x6f, 0x72, 0x0a, 0x20, 0x20, 0x20,
  0x20, 0x20, 0x20, 0x20, 0x20, 0x60, 0x60, 0x61, 0x72, 0x72, 0x61, 0x79,
  0x5f, 0x6c, 0x69, 0x6b, 0x65, 0x5b, 0x69, 0x6e, 0x74, 0x73, 0x5d, 0x60,
  0x60, 0x20, 0x69, 0x73, 0x20, 0x70, 0x61, 0x73, 0x73, 0x65, 0x64, 0x2c,
  0x20, 0x74, 0x68, 0x65, 0x6e, 0x20, 0x69, 0x74, 0x20, 0x77, 0x69, 0x6c,
  0x6c, 0x20, 0x62, 0x65, 0x20, 0x70, 0x61, 0x73, 0x73, 0x65, 0x64, 0x20,
  0x74, 0x6f, 0x0a, 0x20, 0x20, 0x20, 0x20, 0x20, 0x20, 0x20, 0x20, 0x60,
  0x53, 0x65, 0x65, 0x64, 0x53, 0x65, 0x71, 0x75, 0x65, 0x6e, 0x63, 0x65,
  0x60, 0x20, 0x74, 0x6f, 0x20, 0x64, 0x65, 0x72, 0x69, 0x76, 0x65, 0x20,
  0x74, 0x68, 0x65, 0x20, 0x69, 0x6e, 0x69, 0x74, 0x69, 0x61, 0x6c, 0x20,
  0x60, 0x42, 0x69, 0x74, 0x47, 0x65, 0x6e, 0x65, 0x72, 0x61, 0x74, 0x6f,
  0x72, 0x60, 0x20, 0x73, 0x74, 0x61, 0x74, 0x65, 0x2e, 0x20, 0x4f, 0x6e,
  0x65, 0x20, 0x6d, 0x61, 0x79, 0x20, 0x61, 0x6c, 0x73, 0x6f, 0x0a, 0x20,
  0x20, 0x20, 0x20, 0x20, 0x20, 0x20, 0x20, 0x70, 0x61, 0x73, 0x73, 0x20,
  0x69, 0x6e, 0x20, 0x61, 0x20, 0x60, 0x53, 0x65, 0x65, 0x64, 0x53, 0x65,
  0x71, 0x75, 0x65, 0x6e, 0x63, 0x65, 0x60, 0x20, 0x69, 0x6e, 0x73, 0x74,
  0x61, 0x6e, 0x63, 0x65, 0x2e, 0x0a, 0x20, 0x20, 0x20, 0x20, 0x63, 0x6f,
  0x75, 0x6e, 0x74, 0x65, 0x72, 0x20, 0x3a, 0x20, 0x7b, 0x4e, 0x6f, 0x6e,
  0x65, 0x2c, 0x20, 0x69, 0x6e, 0x74, 0x2c, 0x20, 0x61, 0x72, 0x72, 0x61,
  0x79, 0x5f, 0x6c, 0x69, 0x6b, 0x65, 0x7d, 0x2c, 0x20, 0x6f, 0x70, 0x74,
  0x69, 0x6f, 0x6e, 0x61, 0x6c, 0x0a, 0x20, 0x20, 0x20, 0x20, 0x20, 0x20,
  0x20, 0x20, 0x43, 0x6f, 0x75, 0x6e, 0x74, 0x65, 0x72, 0x20, 0x74, 0x6f,
  0x20, 0x75, 0x73, 0x65, 0x20, 0x69, 0x6e, 0x20, 0x74, 0x68, 0x65, 0x20,
  0x50, 0x68, 0x69, 0x6c, 0x6f, 0x78, 0x20, 0x73, 0x74, 0x61, 0x74, 0x65,
  0x2e, 0x20, 0x43, 0x61, 0x6e, 0x20, 0x62, 0x65, 0x20, 0x65, 0x69, 0x74,
  0x68, 0x65, 0x72, 0x0a, 0x20, 0x20, 0x20, 0x20, 0x20, 0x20, 0x20, 0x20,
  0x61, 0x20, 0x50, 0x79, 0x74, 0x68, 0x6f, 0x6e, 0x20, 0x69, 0x6e, 0x74,
  0x20, 0x28, 0x6c, 0x6f, 0x6e, 0x67, 0x20, 0x69, 0x6e, 0x20, 0x32, 0x2e,
  0x78, 0x29, 0x20, 0x69, 0x6e, 0x20, 0x5b, 0x30, 0x2c, 0x20, 0x32, 0x2a,
  0x2a, 0x32, 0x35, 0x36, 0x29, 0x20, 0x6f, 0x72, 0x20, 0x61, 0x20, 0x34,
  0x2d, 0x65, 0x6c, 0x65, 0x6d, 0x65, 0x6e, 0x74, 0x20, 0x75, 0x69, 0x6e,
  0x74, 0x36, 0x34, 0x20, 0x61, 0x72, 0x72, 0x61, 0x79, 0x2e, 0x0a, 0x20,
  0x20, 0x20, 0x20, 0x20, 0x20, 0x20, 0x20, 0x49, 0x66, 0x20, 0x6e, 0x6f,
  0x74, 0x20, 0x70, 0x72, 0x6f, 0x76, 0x69, 0x64, 0x65, 0x64, 0x2c, 0x20,
  0x74, 0x68, 0x65, 0x20, 0x52, 0x4e, 0x47, 0x20, 0x69, 0x73, 0x20, 0x69,
  0x6e, 0x69, 0x74, 0x69, 0x61, 0x6c, 0x69, 0x7a, 0x65, 0x64, 0x20, 0x61,
  0x74, 0x20, 0x30, 0x2e, 0x0a, 0x20, 0x20, 0x20, 0x20, 0x6b, 0x65, 0x79,
  0x20, 0x3a, 0x20, 0x7b, 0x4e, 0x6f, 0x6e, 0x65, 0x2c, 0x20, 0x69, 0x6e,
  0x74, 0x2c, 0x20, 0x61, 0x72, 0x72, 0x61, 0x79, 0x5f, 0x6c, 0x69, 0x6b,
  0x65, 0x7d, 0x2c, 0x20, 0x6f, 0x70, 0x74, 0x69, 0x6f, 0x6e, 0x61, 0x6c,
  0x0a, 0x20, 0x20, 0x20, 0x20, 0x20, 0x20, 0x20, 0x20, 0x4b, 0x65, 0x79,
  0x20, 0x74, 0x6f, 0x20, 0x75, 0x73, 0x65, 0x20, 0x69, 0x6e, 0x20, 0x74,
  0x68, 0x65, 0x20, 0x50, 0x68, 0x69, 0x6c, 0x6f, 0x78, 0x20, 0x73, 0x74,
  0x61, 0x74, 0x65, 0x2e, 0x20, 0x20, 0x55, 0x6e, 0x6c, 0x69, 0x6b, 0x65,
  0x20, 0x60, 0x60, 0x73, 0x65, 0x65, 0x64, 0x60, 0x60, 0x2c, 0x20, 0x74,
  0x68, 0x65, 0x20, 0x76, 0x61, 0x6c, 0x75, 0x65, 0x20, 0x69, 0x6e, 0x20,
  0x6b, 0x65, 0x79, 0x20, 0x69, 0x73, 0x0a, 0x20, 0x20, 0x20, 0x20, 0x20,
  0x20, 0x20, 0x20, 0x64, 0x69, 0x72, 0x65, 0x63, 0x74, 0x6c, 0x79, 0x20,
  0x73, 0x65, 0x74, 0x2e, 0x20, 0x43, 0x61, 0x6e, 0x20, 0x62, 0x65, 0x20,
  0x65, 0x69, 0x74, 0x68, 0x65, 0x72, 0x20, 0x61, 0x20, 0x50, 0x79, 0x74,
  0x68, 0x6f, 0x6e, 0x20, 0x69, 0x6e, 0x74, 0x20, 0x69, 0x6e, 0x20, 0x5b,
  0x30, 0x2c, 0x20, 0x32, 0x2a, 0x2a, 0x31, 0x32, 0x38, 0x29, 0x20, 0x6f,
  0x72, 0x20, 0x61, 0x20, 0x32, 0x2d, 0x65, 0x6c, 0x65, 0x6d, 0x65, 0x6e,
  0x74, 0x0a, 0x20, 0x20, 0x20, 0x20, 0x20, 0x20, 0x20, 0x20, 0x75, 0x69,
  0x6e, 0x74, 0x36, 0x34, 0x20, 0x61, 0x72, 0x72, 0x61, 0x79, 0x2e, 0x20,
  0x60, 0x6b, 0x65, 0x79, 0x60, 0x20, 0x61, 0x6e, 0x64, 0x20, 0x60, 0x60,
  0x73, 0x65, 0x65, 0x64, 0x60, 0x60, 0x20, 0x63, 0x61, 0x6e, 0x6e, 0x6f,
  0x74, 0x20, 0x62, 0x6f, 0x74, 0x68, 0x20, 0x62, 0x65, 0x20, 0x75, 0x73,
  0x65, 0x64, 0x2e, 0x0a, 0x0a, 0x20, 0x20, 0x20, 0x20, 0x41, 0x74, 0x74,
  0x72, 0x69, 0x62, 0x75, 0x74, 0x65, 0x73, 0x0a, 0x20, 0x20, 0x20, 0x20,
  0x2d, 0x2d, 0x2d, 0x2d, 0x2d, 0x2d, 0x2d, 0x2d, 0x2d, 0x2d, 0x0a, 0x20,
  0x20, 0x20, 0x20, 0x6c, 0x6f, 0x63, 0x6b, 0x3a, 0x20, 0x74, 0x68, 0x72,
  0x65, 0x61, 0x64, 0x69, 0x6e, 0x67, 0x2e, 0x4c, 0x6f, 0x63, 0x6b, 0x0a,
  0x20, 0x20, 0x20, 0x20, 0x20, 0x20, 0x20, 0x20, 0x4c, 0x6f, 0x63, 0x6b,
  0x20, 0x69, 0x6e, 0x73, 0x74, 0x61, 0x6e, 0x63, 0x65, 0x20, 0x74, 0x68,
  0x61, 0x74, 0x20, 0x69, 0x73, 0x20, 0x73, 0x68, 0x61, 0x72, 0x65, 0x64,
  0x20, 0x73, 0x6f, 0x20, 0x74, 0x68, 0x61, 0x74, 0x20, 0x74, 0x68, 0x65,
  0x20, 0x73, 0x61, 0x6d, 0x65, 0x20, 0x62, 0x69, 0x74, 0x20, 0x67, 0x69,
  0x74, 0x20, 0x67, 0x65, 0x6e, 0x65, 0x72, 0x61, 0x74, 0x6f, 0x72, 0x20,
  0x63, 0x61, 0x6e, 0x0a, 0x20, 0x20, 0x20, 0x20, 0x20, 0x20, 0x20, 0x20,
  0x62, 0x65, 0x20, 0x75, 0x73, 0x65, 0x64, 0x20, 0x69, 0x6e, 0x20, 0x6d,
  0x75, 0x6c, 0x74, 0x69, 0x70, 0x6c, 0x65, 0x20, 0x47, 0x65, 0x6e, 0x65,
  0x72, 0x61, 0x74, 0x6f, 0x72, 0x73, 0x20, 0x77, 0x69, 0x74, 0x68, 0x6f,
  0x75, 0x74, 0x20, 0x63, 0x6f, 0x72, 0x72, 0x75, 0x70, 0x74, 0x69, 0x6e,
  0x67, 0x20, 0x74, 0x68, 0x65, 0x20, 0x73, 0x74, 0x61, 0x74, 0x65, 0x2e,
  0x20, 0x43, 0x6f, 0x64, 0x65, 0x20, 0x74, 0x68, 0x61, 0x74, 0x0a, 0x20,
  0x20, 0x20, 0x20, 0x20, 0x20, 0x20, 0x20, 0x67, 0x65, 0x6e, 0x65, 0x72,
  0x61, 0x74, 0x65, 0x73, 0x20, 0x76, 0x61, 0x6c, 0x75, 0x65, 0x73, 0x20,
  0x66, 0x72, 0x6f, 0x6d, 0x20, 0x61, 0x20, 0x62, 0x69, 0x74, 0x20, 0x67,
  0x65, 0x6e, 0x65, 0x72, 0x61, 0x74, 0x6f, 0x72, 0x20, 0x73, 0x68, 0x6f,
  0x75, 0x6c, 0x64, 0x20, 0x68, 0x6f, 0x6c, 0x64, 0x20, 0x74, 0x68, 0x65,
  0x20, 0x62, 0x69, 0x74, 0x20, 0x67, 0x65, 0x6e, 0x65, 0x72, 0x61, 0x74,
  0x6f, 0x72, 0x27, 0x73, 0x0a, 0x20, 0x20, 0x20, 0x20, 0x20, 0x20, 0x20,
  0x20, 0x6c, 0x6f, 0x63, 0x6b, 0x2e, 0x0a, 0x0a, 0x20, 0x20, 0x20, 0x20,
  0x4e, 0x6f, 0x74, 0x65, 0x73, 0x0a, 0x20, 0x20, 0x20, 0x20, 0x2d, 0x2d,
  0x2d, 0x2d, 0x2d, 0x0a, 0x20, 0x20, 0x20, 0x20, 0x50, 0x68, 0x69, 0x6c,
  0x6f, 0x78, 0x20, 0x69, 0x73, 0x20, 0x61, 0x20, 0x36, 0x34, 0x2d, 0x62,
  0x69, 0x74, 0x20, 0x50, 0x52, 0x4e, 0x47, 0x20, 0x74, 0x68, 0x61, 0x74,
  0x20, 0x75, 0x73, 0x65, 0x73, 0x20, 0x61, 0x20, 0x63, 0x6f, 0x75, 0x6e,
  0x74, 0x65, 0x72, 0x2d, 0x62, 0x61, 0x73, 0x65, 0x64, 0x20, 0x64, 0x65,
  0x73, 0x69, 0x67, 0x6e, 0x20, 0x62, 0x61, 0x73, 0x65, 0x64, 0x20, 0x6f,
  0x6e, 0x20, 0x77, 0x65, 0x61, 0x6b, 0x65, 0x72, 0x0a, 0x20, 0x20, 0x20,
  0x20, 0x28, 0x61, 0x6e, 0x64, 0x20, 0x66, 0x61, 0x73, 0x74, 0x65, 0x72,
  0x29, 0x20, 0x76, 0x65, 0x72, 0x73, 0x69, 0x6f, 0x6e, 0x73, 0x20, 0x6f,
  0x66, 0x20, 0x63, 0x72, 0x79, 0x70, 0x74, 0x6f, 0x67, 0x72, 0x61, 0x70,
  0x68, 0x69, 0x63, 0x20, 0x66, 0x75, 0x6e, 0x63, 0x74, 0x69, 0x6f, 0x6e,
  0x73, 0x20, 0x5b, 0x31, 0x5d, 0x5f, 0x2e, 0x20, 0x49, 0x6e, 0x73, 0x74,
  0x61, 0x6e, 0x63, 0x65, 0x73, 0x20, 0x75, 0x73, 0x69, 0x6e, 0x67, 0x0a,
  0x20, 0x20, 0x20, 0x20, 0x64, 0x69, 0x66, 0x66, 0x65, 0x72, 0x65, 0x6e,
  0x74, 0x20, 0x76, 0x61, 0x6c, 0x75, 0x65, 0x73, 0x20, 0x6f, 0x66, 0x20,
  0x74, 0x68, 0x65, 0x20, 0x6b, 0x65, 0x79, 0x20, 0x70, 0x72, 0x6f, 0x64,
  0x75, 0x63, 0x65, 0x20, 0x69, 0x6e, 0x64, 0x65, 0x70, 0x65, 0x6e, 0x64,
  0x65, 0x6e, 0x74, 0x20, 0x73, 0x65, 0x71, 0x75, 0x65, 0x6e, 0x63, 0x65,
  0x73, 0x2e, 0x20, 0x20, 0x50, 0x68, 0x69, 0x6c, 0x6f, 0x78, 0x20, 0x68,
  0x61, 0x73, 0x20, 0x61, 0x0a, 0x20, 0x20, 0x20, 0x20, 0x70, 0x65, 0x72,
  0x69, 0x6f, 0x64, 0x20, 0x6f, 0x66, 0x20, 0x3a, 0x6d, 0x61, 0x74, 0x68,
  0x3a, 0x60, 0x32, 0x5e, 0x7b, 0x32, 0x35, 0x36, 0x7d, 0x20, 0x2d, 0x20,
  0x31, 0x60, 0x20, 0x61, 0x6e, 0x64, 0x20, 0x73, 0x75, 0x70, 0x70, 0x6f,
  0x72, 0x74, 0x73, 0x20, 0x61, 0x72, 0x62, 0x69, 0x74, 0x72, 0x61, 0x72,
  0x79, 0x20, 0x61, 0x64, 0x76, 0x61, 0x6e, 0x63, 0x69, 0x6e, 0x67, 0x20,
  0x61, 0x6e, 0x64, 0x20, 0x6a, 0x75, 0x6d, 0x70, 0x69, 0x6e, 0x67, 0x0a,
  0x20, 0x20, 0x20, 0x20, 0x74, 0x68, 0x65, 0x20, 0x73, 0x65, 0x71, 0x75,
  0x65, 0x6e, 0x63, 0x65, 0x20, 0x69, 0x6e, 0x20, 0x69, 0x6e, 0x63, 0x72,
  0x65, 0x6d, 0x65, 0x6e, 0x74, 0x73, 0x20, 0x6f, 0x66, 0x20, 0x3a, 0x6d,
  0x61, 0x74, 0x68, 0x3a, 0x60, 0x32, 0x5e, 0x7b, 0x31, 0x32, 0x38, 0x7d,
  0x60, 0x2e, 0x20, 0x54, 0x68, 0x65, 0x73, 0x65, 0x20, 0x66, 0x65, 0x61,
  0x74, 0x75, 0x72, 0x65, 0x73, 0x20, 0x61, 0x6c, 0x6c, 0x6f, 0x77, 0x0a,
  0x20, 0x20, 0x20, 0x20, 0x6d, 0x75, 0x6c, 0x74, 0x69, 0x70, 0x6c, 0x65,
  0x20, 0x6e, 0x6f, 0x6e, 0x2d, 0x6f, 0x76, 0x65, 0x72, 0x6c, 0x61, 0x70,
  0x70, 0x69, 0x6e, 0x67, 0x20, 0x73, 0x65, 0x71, 0x75, 0x65, 0x6e, 0x63,
  0x65, 0x73, 0x20, 0x74, 0x6f, 0x20, 0x62, 0x65, 0x20, 0x67, 0x65, 0x6e,
  0x65, 0x72, 0x61, 0x74, 0x65, 0x64, 0x2e, 0x0a, 0x0a, 0x20, 0x20, 0x20,
  0x20, 0x60, 0x60, 0x50, 0x68, 0x69, 0x6c, 0x6f, 0x78, 0x60, 0x60, 0x20,
  0x70, 0x72, 0x6f, 0x76, 0x69, 0x64, 0x65, 0x73, 0x20, 0x61, 0x20, 0x63,
  0x61, 0x70, 0x73, 0x75, 0x6c, 0x65, 0x20, 0x63, 0x6f, 0x6e, 0x74, 0x61,
  0x69, 0x6e, 0x69, 0x6e, 0x67, 0x20, 0x66, 0x75, 0x6e, 0x63, 0x74, 0x69,
  0x6f, 0x6e, 0x20, 0x70, 0x6f, 0x69, 0x6e, 0x74, 0x65, 0x72, 0x73, 0x20,
  0x74, 0x68, 0x61, 0x74, 0x20, 0x70, 0x72, 0x6f, 0x64, 0x75, 0x63, 0x65,
  0x0a, 0x20, 0x20, 0x20, 0x20, 0x64, 0x6f, 0x75, 0x62, 0x6c, 0x65, 0x73,
  0x2c, 0x20, 0x61, 0x6e, 0x64, 0x20, 0x75, 0x6e, 0x73, 0x69, 0x67, 0x6e,
  0x65, 0x64, 0x20, 0x33, 0x32, 0x20, 0x61, 0x6e, 0x64, 0x20, 0x36, 0x34,
  0x2d, 0x20, 0x62, 0x69, 0x74, 0x20, 0x69, 0x6e, 0x74, 0x65, 0x67, 0x65,
  0x72, 0x73, 0x2e, 0x20, 0x54, 0x68, 0x65, 0x73, 0x65, 0x20, 0x61, 0x72,
  0x65, 0x20, 0x6e, 0x6f, 0x74, 0x0a, 0x20, 0x20, 0x20, 0x20, 0x64, 0x69,
  0x72, 0x65, 0x63, 0x74, 0x6c, 0x79, 0x20, 0x63, 0x6f, 0x6e, 0x73, 0x75,
  0x6d, 0x61, 0x62, 0x6c, 0x65, 0x20, 0x69, 0x6e, 0x20, 0x50, 0x79, 0x74,
  0x68, 0x6f, 0x6e, 0x20, 0x61, 0x6e, 0x64, 0x20, 0x6d, 0x75, 0x73, 0x74,
  0x20, 0x62, 0x65, 0x20, 0x63, 0x6f, 0x6e, 0x73, 0x75, 0x6d, 0x65, 0x64,
  0x20, 0x62, 0x79, 0x20, 0x61, 0x20, 0x60, 0x60, 0x47, 0x65, 0x6e, 0x65,
  0x72, 0x61, 0x74, 0x6f, 0x72, 0x60, 0x60, 0x0a, 0x20, 0x20, 0x20, 0x20,
  0x6f, 0x72, 0x20, 0x73, 0x69, 0x6d, 0x69, 0x6c, 0x61, 0x72, 0x20, 0x6f,
  0x62, 0x6a, 0x65, 0x63, 0x74, 0x20, 0x74, 0x68, 0x61, 0x74, 0x20, 0x73,
  0x75, 0x70, 0x70, 0x6f, 0x72, 0x74, 0x73, 0x20, 0x6c, 0x6f, 0x77, 0x2d,
  0x6c, 0x65, 0x76, 0x65, 0x6c, 0x20, 0x61, 0x63, 0x63, 0x65, 0x73, 0x73,
  0x2e, 0x0a, 0x0a, 0x20, 0x20, 0x20, 0x20, 0x2a, 0x2a, 0x53, 0x74, 0x61,
  0x74, 0x65, 0x20, 0x61, 0x6e, 0x64, 0x20, 0x53, 0x65, 0x65, 0x64, 0x69,
  0x6e, 0x67, 0x2a, 0x2a, 0x0a, 0x0a, 0x20, 0x20, 0x20, 0x20, 0x54, 0x68,
  0x65, 0x20, 0x60, 0x60, 0x50, 0x68, 0x69, 0x6c, 0x6f, 0x78, 0x60, 0x60,
  0x20, 0x73, 0x74, 0x61, 0x74, 0x65, 0x20, 0x76, 0x65, 0x63, 0x74, 0x6f,
  0x72, 0x20, 0x63, 0x6f, 0x6e, 0x73, 0x69, 0x73, 0x74, 0x73, 0x20, 0x6f,
  0x66, 0x20, 0x61, 0x20, 0x32, 0x35, 0x36, 0x2d, 0x62, 0x69, 0x74, 0x20,
  0x76, 0x61, 0x6c, 0x75, 0x65, 0x20, 0x65, 0x6e, 0x63, 0x6f, 0x64, 0x65,
  0x64, 0x20, 0x61, 0x73, 0x0a, 0x20, 0x20, 0x20, 0x20, 0x61, 0x20, 0x34,
  0x2d, 0x65, 0x6c, 0x65, 0x6d, 0x65, 0x6e, 0x74, 0x20, 0x75, 0x69, 0x6e,
  0x74, 0x36, 0x34, 0x20, 0x61, 0x72, 0x72, 0x61, 0x79, 0x20, 0x61, 0x6e,
  0x64, 0x20, 0x61, 0x20, 0x31, 0x32, 0x38, 0x2d, 0x62, 0x69, 0x74, 0x20,
  0x76, 0x61, 0x6c, 0x75, 0x65, 0x20, 0x65, 0x6e, 0x63, 0x6f, 0x64, 0x65,
  0x64, 0x20, 0x61, 0x73, 0x20, 0x61, 0x20, 0x32, 0x2d, 0x65, 0x6c, 0x65,
  0x6d, 0x65, 0x6e, 0x74, 0x20, 0x75, 0x69, 0x6e, 0x74, 0x36, 0x34, 0x0a,
  0x20, 0x20, 0x20, 0x20, 0x61, 0x72, 0x72, 0x61, 0x79, 0x2e, 0x20, 0x54,
  0x68, 0x65, 0x20, 0x66, 0x6f, 0x72, 0x6d, 0x65, 0x72, 0x20, 0x69, 0x73,
  0x20, 0x61, 0x20, 0x63, 0x6f, 0x75, 0x6e, 0x74, 0x65, 0x72, 0x20, 0x77,
  0x68, 0x69, 0x63, 0x68, 0x20, 0x69, 0x73, 0x20, 0x69, 0x6e, 0x63, 0x72,
  0x65, 0x6d, 0x65, 0x6e, 0x74, 0x65, 0x64, 0x20, 0x62, 0x79, 0x20, 0x31,
  0x20, 0x66, 0x6f, 0x72, 0x20, 0x65, 0x76, 0x65, 0x72, 0x79, 0x20, 0x34,
  0x20, 0x36, 0x34, 0x2d, 0x62, 0x69, 0x74, 0x0a, 0x20, 0x20, 0x20, 0x20,
  0x72, 0x61, 0x6e, 0x64, 0x6f, 0x6d, 0x73, 0x20, 0x70, 0x72, 0x6f, 0x64,
  0x75, 0x63, 0x65, 0x64, 0x2e, 0x20, 0x54, 0x68, 0x65, 0x20, 0x73, 0x65,
  0x63, 0x6f, 0x6e, 0x64, 0x20, 0x69, 0x73, 0x20, 0x61, 0x20, 0x6b, 0x65,
  0x79, 0x20, 0x77, 0x68, 0x69, 0x63, 0x68, 0x20, 0x64, 0x65, 0x74, 0x65,
  0x72, 0x6d, 0x69, 0x6e, 0x65, 0x64, 0x20, 0x74, 0x68, 0x65, 0x20, 0x73,
  0x65, 0x71, 0x75, 0x65, 0x6e, 0x63, 0x65, 0x0a, 0x20, 0x20, 0x20, 0x20,
  0x70, 0x72, 0x6f, 0x64, 0x75, 0x63, 0x65, 0x64, 0x2e, 0x20, 0x55, 0x73,
  0x69, 0x6e, 0x67, 0x20, 0x64, 0x69, 0x66, 0x66, 0x65, 0x72, 0x65, 0x6e,
  0x74, 0x20, 0x6b, 0x65, 0x79, 0x73, 0x20, 0x70, 0x72, 0x6f, 0x64, 0x75,
  0x63, 0x65, 0x73, 0x20, 0x69, 0x6e, 0x64, 0x65, 0x70, 0x65, 0x6e, 0x64,
  0x65, 0x6e, 0x74, 0x20, 0x73, 0x65, 0x71, 0x75, 0x65, 0x6e, 0x63, 0x65,
  0x73, 0x2e, 0x0a, 0x0a, 0x20, 0x20, 0x20, 0x20, 0x54, 0x68, 0x65, 0x20,
  0x69, 0x6e, 0x70, 0x75, 0x74, 0x20, 0x60, 0x60, 0x73, 0x65, 0x65, 0x64,
  0x60, 0x60, 0x20, 0x69, 0x73, 0x20, 0x70, 0x72, 0x6f, 0x63, 0x65, 0x73,
  0x73, 0x65, 0x64, 0x20, 0x62, 0x79, 0x20, 0x60, 0x53, 0x65, 0x65, 0x64,
  0x53, 0x65, 0x71, 0x75, 0x65, 0x6e, 0x63, 0x65, 0x60, 0x20, 0x74, 0x6f,
  0x20, 0x67, 0x65, 0x6e, 0x65, 0x72, 0x61, 0x74, 0x65, 0x20, 0x74, 0x68,
  0x65, 0x20, 0x6b, 0x65, 0x79, 0x2e, 0x20, 0x54, 0x68, 0x65, 0x0a, 0x20,
  0x20, 0x20, 0x20, 0x63, 0x6f, 0x75, 0x6e, 0x74, 0x65, 0x72, 0x20, 0x69,
  0x73, 0x20, 0x73, 0x65, 0x74, 0x20, 0x74, 0x6f, 0x20, 0x30, 0x2e, 0x0a,
  0x0a, 0x20, 0x20, 0x20, 0x20, 0x41, 0x6c, 0x74, 0x65, 0x72, 0x6e, 0x61,
  0x74, 0x65, 0x6c, 0x79, 0x2c, 0x20, 0x6f, 0x6e, 0x65, 0x20, 0x63, 0x61,
  0x6e, 0x20, 0x6f, 0x6d, 0x69, 0x74, 0x20, 0x74, 0x68, 0x65, 0x20, 0x60,
  0x60, 0x73, 0x65, 0x65, 0x64, 0x60, 0x60, 0x20, 0x70, 0x61, 0x72, 0x61,
  0x6d, 0x65, 0x74, 0x65, 0x72, 0x20, 0x61, 0x6e, 0x64, 0x20, 0x73, 0x65,
  0x74, 0x20, 0x74, 0x68, 0x65, 0x20, 0x60, 0x60, 0x6b, 0x65, 0x79, 0x60,
  0x60, 0x20, 0x61, 0x6e, 0x64, 0x0a, 0x20, 0x20, 0x20, 0x20, 0x60, 0x60,
  0x63, 0x6f, 0x75, 0x6e, 0x74, 0x65, 0x72, 0x60, 0x60, 0x20, 0x64, 0x69,
  0x72, 0x65, 0x63, 0x74, 0x6c, 0x79, 0x2e, 0x0a, 0x0a, 0x20, 0x20, 0x20,
  0x20, 0x2a, 0x2a, 0x50, 0x61, 0x72, 0x61, 0x6c, 0x6c, 0x65, 0x6c, 0x20,
  0x46, 0x65, 0x61, 0x74, 0x75, 0x72, 0x65, 0x73, 0x2a, 0x2a, 0x0a, 0x0a,
  0x20, 0x20, 0x20, 0x20, 0x54, 0x68, 0x65, 0x20, 0x70, 0x72, 0x65, 0x66,
  0x65, 0x72, 0x72, 0x65, 0x64, 0x20, 0x77, 0x61, 0x79, 0x20, 0x74, 0x6f,
  0x20, 0x75, 0x73, 0x65, 0x20, 0x61, 0x20, 0x42, 0x69, 0x74, 0x47, 0x65,
  0x6e, 0x65, 0x72, 0x61, 0x74, 0x6f, 0x72, 0x20, 0x69, 0x6e, 0x20, 0x70,
  0x61, 0x72, 0x61, 0x6c, 0x6c, 0x65, 0x6c, 0x20, 0x61, 0x70, 0x70, 0x6c,
  0x69, 0x63, 0x61, 0x74, 0x69, 0x6f, 0x6e, 0x73, 0x20, 0x69, 0x73, 0x20,
  0x74, 0x6f, 0x20, 0x75, 0x73, 0x65, 0x0a, 0x20, 0x20, 0x20, 0x20, 0x74,
  0x68, 0x65, 0x20, 0x60, 0x53, 0x65, 0x65, 0x64, 0x53, 0x65, 0x71, 0x75,
  0x65, 0x6e, 0x63, 0x65, 0x2e, 0x73, 0x70, 0x61, 0x77, 0x6e, 0x60, 0x20,
  0x6d, 0x65, 0x74, 0x68, 0x6f, 0x64, 0x20, 0x74, 0x6f, 0x20, 0x6f, 0x62,
  0x74, 0x61, 0x69, 0x6e, 0x20, 0x65, 0x6e, 0x74, 0x72, 0x6f, 0x70, 0x79,
  0x20, 0x76, 0x61, 0x6c, 0x75, 0x65, 0x73, 0x2c, 0x20, 0x61, 0x6e, 0x64,
  0x20, 0x74, 0x6f, 0x20, 0x75, 0x73, 0x65, 0x20, 0x74, 0x68, 0x65, 0x73,
  0x65, 0x0a, 0x20, 0x20, 0x20, 0x20, 0x74, 0x6f, 0x20, 0x67, 0x65, 0x6e,
  0x65, 0x72, 0x61, 0x74, 0x65, 0x20, 0x6e, 0x65, 0x77, 0x20, 0x42, 0x69,
  0x74, 0x47, 0x65, 0x6e, 0x65, 0x72, 0x61, 0x74, 0x6f, 0x72, 0x73, 0x3a,
  0x0a, 0x0a, 0x20, 0x20, 0x20, 0x20, 0x3e, 0x3e, 0x3e, 0x20, 0x66, 0x72,
  0x6f, 0x6d, 0x20, 0x6e, 0x75, 0x6d, 0x70, 0x79, 0x2e, 0x72, 0x61, 0x6e,
  0x64, 0x6f, 0x6d, 0x20, 0x69, 0x6d, 0x70, 0x6f, 0x72, 0x74, 0x20, 0x47,
  0x65, 0x6e, 0x65, 0x72, 0x61, 0x74, 0x6f, 0x72, 0x2c, 0x20, 0x50, 0x68,
  0x69, 0x6c, 0x6f, 0x78, 0x2c, 0x20, 0x53, 0x65, 0x65, 0x64, 0x53, 0x65,
  0x71, 0x75, 0x65, 0x6e, 0x63, 0x65, 0x0a, 0x20, 0x20, 0x20, 0x20, 0x3e,
  0x3e, 0x3e, 0x20, 0x73, 0x67, 0x20, 0x3d, 0x20, 0x53, 0x65, 0x65, 0x64,
  0x53, 0x65, 0x71, 0x75, 0x65, 0x6e, 0x63, 0x65, 0x28, 0x31, 0x32, 0x33,
  0x34, 0x29, 0x0a, 0x20, 0x20, 0x20, 0x20, 0x3e, 0x3e, 0x3e, 0x20, 0x72,
  0x67, 0x20, 0x3d, 0x20, 0x5b, 0x47, 0x65, 0x6e, 0x65, 0x72, 0x61, 0x74,
  0x6f, 0x72, 0x28, 0x50, 0x68, 0x69, 0x6c, 0x6f, 0x78, 0x28, 0x73, 0x29,
  0x29, 0x20, 0x66, 0x6f, 0x72, 0x20, 0x73, 0x20, 0x69, 0x6e, 0x20, 0x73,
  0x67, 0x2e, 0x73, 0x70, 0x61, 0x77, 0x6e, 0x28, 0x31, 0x30, 0x29, 0x5d,
  0x0a, 0x0a, 0x20, 0x20, 0x20, 0x20, 0x60, 0x60, 0x50, 0x68, 0x69, 0x6c,
  0x6f, 0x78, 0x60, 0x60, 0x20, 0x63, 0x61, 0x6e, 0x20, 0x62, 0x65, 0x20,
  0x75, 0x73, 0x65, 0x64, 0x20, 0x69, 0x6e, 0x20, 0x70, 0x61, 0x72, 0x61,
  0x6c, 0x6c, 0x65, 0x6c, 0x20, 0x61, 0x70, 0x70, 0x6c, 0x69, 0x63, 0x61,
  0x74, 0x69, 0x6f, 0x6e, 0x73, 0x20, 0x62, 0x79, 0x20, 0x63, 0x61, 0x6c,
  0x6c, 0x69, 0x6e, 0x67, 0x20, 0x74, 0x68, 0x65, 0x20, 0x60, 0x60, 0x6a,
  0x75, 0x6d, 0x70, 0x65, 0x64, 0x60, 0x60, 0x0a, 0x20, 0x20, 0x20, 0x20,
  0x6d, 0x65, 0x74, 0x68, 0x6f, 0x64, 0x20, 0x20, 0x74, 0x6f, 0x20, 0x61,
  0x64, 0x76, 0x61, 0x6e, 0x63, 0x65, 0x73, 0x20, 0x74, 0x68, 0x65, 0x20,
  0x73, 0x74, 0x61, 0x74, 0x65, 0x20, 0x61, 0x73, 0x2d, 0x69, 0x66, 0x20,
  0x3a, 0x6d, 0x61, 0x74, 0x68, 0x3a, 0x60, 0x32, 0x5e, 0x7b, 0x31, 0x32,
  0x38, 0x7d, 0x60, 0x20, 0x72, 0x61, 0x6e, 0x64, 0x6f, 0x6d, 0x20, 0x6e,
  0x75, 0x6d, 0x62, 0x65, 0x72, 0x73, 0x20, 0x68, 0x61, 0x76, 0x65, 0x0a,
  0x20, 0x20, 0x20, 0x20, 0x62, 0x65, 0x65, 0x6e, 0x20, 0x67, 0x65, 0x6e,
  0x65, 0x72, 0x61, 0x74, 0x65, 0x64, 0x2e, 0x20, 0x41, 0x6c, 0x74, 0x65,
  0x72, 0x6e, 0x61, 0x74, 0x69, 0x76, 0x65, 0x6c, 0x79, 0x2c, 0x20, 0x60,
  0x60, 0x61, 0x64, 0x76, 0x61, 0x6e, 0x63, 0x65, 0x60, 0x60, 0x20, 0x63,
  0x61, 0x6e, 0x20, 0x62, 0x65, 0x20, 0x75, 0x73, 0x65, 0x64, 0x20, 0x74,
  0x6f, 0x20, 0x61, 0x64, 0x76, 0x61, 0x6e, 0x63, 0x65, 0x20, 0x74, 0x68,
  0x65, 0x0a, 0x20, 0x20, 0x20, 0x20, 0x63, 0x6f, 0x75, 0x6e, 0x74, 0x65,
  0x72, 0x20, 0x66, 0x6f, 0x72, 0x20, 0x61, 0x6e, 0x79, 0x20, 0x70, 0x6f,
  0x73, 0x69, 0x74, 0x69, 0x76, 0x65, 0x20, 0x73, 0x74, 0x65, 0x70, 0x20,
  0x69, 0x6e, 0x20, 0x5b, 0x30, 0x2c, 0x20, 0x32, 0x2a, 0x2a, 0x32, 0x35,
  0x36, 0x29, 0x2e, 0x20, 0x57, 0x68, 0x65, 0x6e, 0x20, 0x75, 0x73, 0x69,
  0x6e, 0x67, 0x20, 0x60, 0x60, 0x6a, 0x75, 0x6d, 0x70, 0x65, 0x64, 0x60,
  0x60, 0x2c, 0x20, 0x61, 0x6c, 0x6c, 0x0a, 0x20, 0x20, 0x20, 0x20, 0x67,
  0x65, 0x6e, 0x65, 0x72, 0x61, 0x74, 0x6f, 0x72, 0x73, 0x20, 0x73, 0x68,
  0x6f, 0x75, 0x6c, 0x64, 0x20, 0x62, 0x65, 0x20, 0x63, 0x68, 0x61, 0x69,
  0x6e, 0x65, 0x64, 0x20, 0x74, 0x6f, 0x20, 0x65, 0x6e, 0x73, 0x75, 0x72,
  0x65, 0x20, 0x74, 0x68, 0x61, 0x74, 0x20, 0x74, 0x68, 0x65, 0x20, 0x73,
  0x65, 0x67, 0x6d, 0x65, 0x6e, 0x74, 0x73, 0x20, 0x63, 0x6f, 0x6d, 0x65,
  0x20, 0x66, 0x72, 0x6f, 0x6d, 0x20, 0x74, 0x68, 0x65, 0x20, 0x73, 0x61,
  0x6d, 0x65, 0x0a, 0x20, 0x20, 0x20, 0x20, 0x73, 0x65, 0x71, 0x75, 0x65,
  0x6e, 0x63, 0x65, 0x2e, 0x0a, 0x0a, 0x20, 0x20, 0x20, 0x20, 0x3e, 0x3e,
  0x3e, 0x20, 0x66, 0x72, 0x6f, 0x6d, 0x20, 0x6e, 0x75, 0x6d, 0x70, 0x79,
  0x2e, 0x72, 0x61, 0x6e, 0x64, 0x6f, 0x6d, 0x20, 0x69, 0x6d, 0x70, 0x6f,
  0x72, 0x74, 0x20, 0x47, 0x65, 0x6e, 0x65, 0x72, 0x61, 0x74, 0x6f, 0x72,
  0x2c, 0x20, 0x50, 0x68, 0x69, 0x6c, 0x6f, 0x78, 0x0a, 0x20, 0x20, 0x20,
  0x20, 0x3e, 0x3e, 0x3e, 0x20, 0x62, 0x69, 0x74, 0x5f, 0x67, 0x65, 0x6e,
  0x65, 0x72, 0x61, 0x74, 0x6f, 0x72, 0x20, 0x3d, 0x20, 0x50, 0x68, 0x69,
  0x6c, 0x6f, 0x78, 0x28, 0x31, 0x32, 0x33, 0x34, 0x29, 0x0a, 0x20, 0x20,
  0x20, 0x20, 0x3e, 0x3e, 0x3e, 0x20, 0x72, 0x67, 0x20, 0x3d, 0x20, 0x5b,
  0x5d, 0x0a, 0x20, 0x20, 0x20, 0x20, 0x3e, 0x3e, 0x3e, 0x20, 0x66, 0x6f,
  0x72, 0x20, 0x5f, 0x20, 0x69, 0x6e, 0x20, 0x72, 0x61, 0x6e, 0x67, 0x65,
  0x28, 0x31, 0x30, 0x29, 0x3a, 0x0a, 0x20, 0x20, 0x20, 0x20, 0x2e, 0x2e,
  0x2e, 0x20, 0x20, 0x20, 0x20, 0x72, 0x67, 0x2e, 0x61, 0x70, 0x70, 0x65,
  0x6e, 0x64, 0x28, 0x47, 0x65, 0x6e, 0x65, 0x72, 0x61, 0x74, 0x6f, 0x72,
  0x28, 0x62, 0x69, 0x74, 0x5f, 0x67, 0x65, 0x6e, 0x65, 0x72, 0x61, 0x74,
  0x6f, 0x72, 0x29, 0x29, 0x0a, 0x20, 0x20, 0x20, 0x20, 0x2e, 0x2e, 0x2e,
  0x20, 0x20, 0x20, 0x20, 0x62, 0x69, 0x74, 0x5f, 0x67, 0x65, 0x6e, 0x65,
  0x72, 0x61, 0x74, 0x6f, 0x72, 0x20, 0x3d, 0x20, 0x62, 0x69, 0x74, 0x5f,
  0x67, 0x65, 0x6e, 0x65, 0x72, 0x61, 0x74, 0x6f, 0x72, 0x2e, 0x6a, 0x75,
  0x6d, 0x70, 0x65, 0x64, 0x28, 0x29, 0x0a, 0x0a, 0x20, 0x20, 0x20, 0x20,
  0x41, 0x6c, 0x74, 0x65, 0x72, 0x6e, 0x61, 0x74, 0x69, 0x76, 0x65, 0x6c,
  0x79, 0x2c, 0x20, 0x60, 0x60, 0x50, 0x68, 0x69, 0x6c, 0x6f, 0x78, 0x60,
  0x60, 0x20, 0x63, 0x61, 0x6e, 0x20, 0x62, 0x65, 0x20, 0x75, 0x73, 0x65,
  0x64, 0x20, 0x69, 0x6e, 0x20, 0x70, 0x61, 0x72, 0x61, 0x6c, 0x6c, 0x65,
  0x6c, 0x20, 0x61, 0x70, 0x70, 0x6c, 0x69, 0x63, 0x61, 0x74, 0x69, 0x6f,
  0x6e, 0x73, 0x20, 0x62, 0x79, 0x20, 0x75, 0x73, 0x69, 0x6e, 0x67, 0x0a,
  0x20, 0x20, 0x20, 0x20, 0x61, 0x20, 0x73, 0x65, 0x71, 0x75, 0x65, 0x6e,
  0x63, 0x65, 0x20, 0x6f, 0x66, 0x20, 0x64, 0x69, 0x73, 0x74, 0x69, 0x6e,
  0x63, 0x74, 0x20, 0x6b, 0x65, 0x79, 0x73, 0x20, 0x77, 0x68, 0x65, 0x72,
  0x65, 0x20, 0x65, 0x61, 0x63, 0x68, 0x20, 0x69, 0x6e, 0x73, 0x74, 0x61,
  0x6e, 0x63, 0x65, 0x20, 0x75, 0x73, 0x65, 0x73, 0x20, 0x64, 0x69, 0x66,
  0x66, 0x65, 0x72, 0x65, 0x6e, 0x74, 0x20, 0x6b, 0x65, 0x79, 0x2e, 0x0a,
  0x0a, 0x20, 0x20, 0x20, 0x20, 0x3e, 0x3e, 0x3e, 0x20, 0x6b, 0x65, 0x79,
  0x20, 0x3d, 0x20, 0x32, 0x2a, 0x2a, 0x39, 0x36, 0x20, 0x2b, 0x20, 0x32,
  0x2a, 0x2a, 0x33, 0x33, 0x20, 0x2b, 0x20, 0x32, 0x2a, 0x2a, 0x31, 0x37,
  0x20, 0x2b, 0x20, 0x32, 0x2a, 0x2a, 0x39, 0x0a, 0x20, 0x20, 0x20, 0x20,
  0x3e, 0x3e, 0x3e, 0x20, 0x72, 0x67, 0x20, 0x3d, 0x20, 0x5b, 0x47, 0x65,
  0x6e, 0x65, 0x72, 0x61, 0x74, 0x6f, 0x72, 0x28, 0x50, 0x68, 0x69, 0x6c,
  0x6f, 0x78, 0x28, 0x6b, 0x65, 0x79, 0x3d, 0x6b, 0x65, 0x79, 0x2b, 0x69,
  0x29, 0x29, 0x20, 0x66, 0x6f, 0x72, 0x20, 0x69, 0x20, 0x69, 0x6e, 0x20,
  0x72, 0x61, 0x6e, 0x67, 0x65, 0x28, 0x31, 0x30, 0x29, 0x5d, 0x0a, 0x0a,
  0x20, 0x20, 0x20, 0x20, 0x2a, 0x2a, 0x43, 0x6f, 0x6d, 0x70, 0x61, 0x74,
  0x69, 0x62, 0x69, 0x6c, 0x69, 0x74, 0x79, 0x20, 0x47, 0x75, 0x61, 0x72,
  0x61, 0x6e, 0x74, 0x65, 0x65, 0x2a, 0x2a, 0x0a, 0x0a, 0x20, 0x20, 0x20,
  0x20, 0x60, 0x60, 0x50, 0x68, 0x69, 0x6c, 0x6f, 0x78, 0x60, 0x60, 0x20,
  0x6d, 0x61, 0x6b, 0x65, 0x73, 0x20, 0x61, 0x20, 0x67, 0x75, 0x61, 0x72,
  0x61, 0x6e, 0x74, 0x65, 0x65, 0x20, 0x74, 0x68, 0x61, 0x74, 0x20, 0x61,
  0x20, 0x66, 0x69, 0x78, 0x65, 0x64, 0x20, 0x60, 0x60, 0x73, 0x65, 0x65,
  0x64, 0x60, 0x60, 0x20, 0x77, 0x69, 0x6c, 0x6c, 0x20, 0x61, 0x6c, 0x77,
  0x61, 0x79, 0x73, 0x20, 0x70, 0x72, 0x6f, 0x64, 0x75, 0x63, 0x65, 0x0a,
  0x20, 0x20, 0x20, 0x20, 0x74, 0x68, 0x65, 0x20, 0x73, 0x61, 0x6d, 0x65,
  0x20, 0x72, 0x61, 0x6e, 0x64, 0x6f, 0x6d, 0x20, 0x69, 0x6e, 0x74, 0x65,
  0x67, 0x65, 0x72, 0x20, 0x73, 0x74, 0x72, 0x65, 0x61, 0x6d, 0x2e, 0x0a,
  0x0a, 0x20, 0x20, 0x20, 0x20, 0x45, 0x78, 0x61, 0x6d, 0x70, 0x6c, 0x65,
  0x73, 0x0a, 0x20, 0x20, 0x20, 0x20, 0x2d, 0x2d, 0x2d, 0x2d, 0x2d, 0x2d,
  0x2d, 0x2d, 0x0a, 0x20, 0x20, 0x20, 0x20, 0x3e, 0x3e, 0x3e, 0x20, 0x66,
  0x72, 0x6f, 0x6d, 0x20, 0x6e, 0x75, 0x6d, 0x70, 0x79, 0x2e, 0x72, 0x61,
  0x6e, 0x64, 0x6f, 0x6d, 0x20, 0x69, 0x6d, 0x70, 0x6f, 0x72, 0x74, 0x20,
  0x47, 0x65, 0x6e, 0x65, 0x72, 0x61, 0x74, 0x6f, 0x72, 0x2c, 0x20, 0x50,
  0x68, 0x69, 0x6c, 0x6f, 0x78, 0x0a, 0x20, 0x20, 0x20, 0x20, 0x3e, 0x3e,
  0x3e, 0x20, 0x72, 0x67, 0x20, 0x3d, 0x20, 0x47, 0x65, 0x6e, 0x65, 0x72,
  0x61, 0x74, 0x6f, 0x72, 0x28, 0x50, 0x68, 0x69, 0x6c, 0x6f, 0x78, 0x28,
  0x31, 0x32, 0x33, 0x34, 0x29, 0x29, 0x0a, 0x20, 0x20, 0x20, 0x20, 0x3e,
  0x3e, 0x3e, 0x20, 0x72, 0x67, 0x2e, 0x73, 0x74, 0x61, 0x6e, 0x64, 0x61,
  0x72, 0x64, 0x5f, 0x6e, 0x6f, 0x72, 0x6d, 0x61, 0x6c, 0x28, 0x29, 0x0a,
  0x20, 0x20, 0x20, 0x20, 0x30, 0x2e, 0x31, 0x32, 0x33, 0x20, 0x20, 0x23,
  0x20, 0x72, 0x61, 0x6e, 0x64, 0x6f, 0x6d, 0x0a, 0x0a, 0x20, 0x20, 0x20,
  0x20, 0x52, 0x65, 0x66, 0x65, 0x72, 0x65, 0x6e, 0x63, 0x65, 0x73, 0x0a,
  0x20, 0x20, 0x20, 0x20, 0x2d, 0x2d, 0x2d, 0x2d, 0x2d, 0x2d, 0x2d, 0x2d,
  0x2d, 0x2d, 0x0a, 0x20, 0x20, 0x20, 0x20, 0x2e, 0x2e, 0x20, 0x5b, 0x31,
  0x5d, 0x20, 0x4a, 0x6f, 0x68, 0x6e, 0x20, 0x4b, 0x2e, 0x20, 0x53, 0x61,
  0x6c, 0x6d, 0x6f, 0x6e, 0x2c, 0x20, 0x4d, 0x61, 0x72, 0x6b, 0x20, 0x41,
  0x2e, 0x20, 0x4d, 0x6f, 0x72, 0x61, 0x65, 0x73, 0x2c, 0x20, 0x52, 0x6f,
  0x6e, 0x20, 0x4f, 0x2e, 0x20, 0x44, 0x72, 0x6f, 0x72, 0x2c, 0x20, 0x61,
  0x6e, 0x64, 0x20, 0x44, 0x61, 0x76, 0x69, 0x64, 0x20, 0x45, 0x2e, 0x20,
  0x53, 0x68, 0x61, 0x77, 0x2c, 0x0a, 0x20, 0x20, 0x20, 0x20, 0x20, 0x20,
  0x20, 0x20, 0x20, 0x20, 0x20, 0x22, 0x50, 0x61, 0x72, 0x61, 0x6c, 0x6c,
  0x65, 0x6c, 0x20, 0x52, 0x61, 0x6e, 0x64, 0x6f, 0x6d, 0x20, 0x4e, 0x75,
  0x6d, 0x62, 0x65, 0x72, 0x73, 0x3a, 0x20, 0x41, 0x73, 0x20, 0x45, 0x61,
  0x73, 0x79, 0x20, 0x61, 0x73, 0x20, 0x31, 0x2c, 0x20, 0x32, 0x2c, 0x20,
  0x33, 0x2c, 0x22, 0x20, 0x50, 0x72, 0x6f, 0x63, 0x65, 0x65, 0x64, 0x69,
  0x6e, 0x67, 0x73, 0x20, 0x6f, 0x66, 0x0a, 0x20, 0x20, 0x20, 0x20, 0x20,
  0x20, 0x20, 0x20, 0x20, 0x20, 0x20, 0x74, 0x68, 0x65, 0x20, 0x49, 0x6e,
  0x74, 0x65, 0x72, 0x6e, 0x61, 0x74, 0x69, 0x6f, 0x6e, 0x61, 0x6c, 0x20,
  0x43, 0x6f, 0x6e, 0x66, 0x65, 0x72, 0x65, 0x6e, 0x63, 0x65, 0x20, 0x66,
  0x6f, 0x72, 0x20, 0x48, 0x69, 0x67, 0x68, 0x20, 0x50, 0x65, 0x72, 0x66,
  0x6f, 0x72, 0x6d, 0x61, 0x6e, 0x63, 0x65, 0x20, 0x43, 0x6f, 0x6d, 0x70,
  0x75, 0x74, 0x69, 0x6e, 0x67, 0x2c, 0x0a, 0x20, 0x20, 0x20, 0x20, 0x20,
  0x20, 0x20, 0x20, 0x20, 0x20, 0x20, 0x4e, 0x65, 0x74, 0x77, 0x6f, 0x72,
  0x6b, 0x69, 0x6e, 0x67, 0x2c, 0x20, 0x53, 0x74, 0x6f, 0x72, 0x61, 0x67,
  0x65, 0x20, 0x61, 0x6e, 0x64, 0x20, 0x41, 0x6e, 0x61, 0x6c, 0x79, 0x73,
  0x69, 0x73, 0x20, 0x28, 0x53, 0x43, 0x31, 0x31, 0x29, 0x2c, 0x20, 0x4e,
  0x65, 0x77, 0x20, 0x59, 0x6f, 0x72, 0x6b, 0x2c, 0x20, 0x4e, 0x59, 0x3a,
  0x20, 0x41, 0x43, 0x4d, 0x2c, 0x20, 0x32, 0x30, 0x31, 0x31, 0x2e, 0x0a,
  0x20, 0x20, 0x20, 0x20, 0x00, 0x00, 0x00, 0x00, 0x0a, 0x20, 0x20, 0x20,
  0x20, 0x20, 0x20, 0x20, 0x20, 0x47, 0x65, 0x74, 0x20, 0x6f, 0x72, 0x20,
  0x73, 0x65, 0x74, 0x20, 0x74, 0x68, 0x65, 0x20, 0x50, 0x52, 0x4e, 0x47,
  0x20, 0x73, 0x74, 0x61, 0x74, 0x65, 0x0a, 0x0a, 0x20, 0x20, 0x20, 0x20,
  0x20, 0x20, 0x20, 0x20, 0x52, 0x65, 0x74, 0x75, 0x72, 0x6e, 0x73, 0x0a,
  0x20, 0x20, 0x20, 0x20, 0x20, 0x20, 0x20, 0x20, 0x2d, 0x2d, 0x2d, 0x2d,
  0x2d, 0x2d, 0x2d, 0x0a, 0x20, 0x20, 0x20, 0x20, 0x20, 0x20, 0x20, 0x20,
  0x73, 0x74, 0x61, 0x74, 0x65, 0x20, 0x3a, 0x20, 0x64, 0x69, 0x63, 0x74,
  0x0a, 0x20, 0x20, 0x20, 0x20, 0x20, 0x20, 0x20, 0x20, 0x20, 0x20, 0x20,
  0x20, 0x44, 0x69, 0x63, 0x74, 0x69, 0x6f, 0x6e, 0x61, 0x72, 0x79, 0x20,
  0x63, 0x6f, 0x6e, 0x74, 0x61, 0x69, 0x6e, 0x69, 0x6e, 0x67, 0x20, 0x74,
  0x68, 0x65, 0x20, 0x69, 0x6e, 0x66, 0x6f, 0x72, 0x6d, 0x61, 0x74, 0x69,
  0x6f, 0x6e, 0x20, 0x72, 0x65, 0x71, 0x75, 0x69, 0x72, 0x65, 0x64, 0x20,
  0x74, 0x6f, 0x20, 0x64, 0x65, 0x73, 0x63, 0x72, 0x69, 0x62, 0x65, 0x20,
  0x74, 0x68, 0x65, 0x0a, 0x20, 0x20, 0x20, 0x20, 0x20, 0x20, 0x20, 0x20,
  0x20, 0x20, 0x20, 0x20, 0x73, 0x74, 0x61, 0x74, 0x65, 0x20, 0x6f, 0x66,
  0x20, 0x74, 0x68, 0x65, 0x20, 0x50, 0x52, 0x4e, 0x47, 0x0a, 0x20, 0x20,
  0x20, 0x20, 0x20, 0x20, 0x20, 0x20, 0x00, 0x5f, 0x5f, 0x70, 0x79, 0x78,
  0x5f, 0x63, 0x61, 0x70, 0x69, 0x5f, 0x5f, 0x00, 0x6e, 0x61, 0x6d, 0x65,
  0x00, 0x5f, 0x5f, 0x6c, 0x6f, 0x61, 0x64, 0x65, 0x72, 0x5f, 0x5f, 0x00,
  0x6c, 0x6f, 0x61, 0x64, 0x65, 0x72, 0x00, 0x5f, 0x5f, 0x66, 0x69, 0x6c,
  0x65, 0x5f, 0x5f, 0x00, 0x6f, 0x72, 0x69, 0x67, 0x69, 0x6e, 0x00, 0x5f,
  0x5f, 0x70, 0x61, 0x63, 0x6b, 0x61, 0x67, 0x65, 0x5f, 0x5f, 0x00, 0x70,
  0x61, 0x72, 0x65, 0x6e, 0x74, 0x00, 0x5f, 0x5f, 0x70, 0x61, 0x74, 0x68,
  0x5f, 0x5f, 0x00, 0x73, 0x75, 0x62, 0x6d, 0x6f, 0x64, 0x75, 0x6c, 0x65,
  0x5f, 0x73, 0x65, 0x61, 0x72, 0x63, 0x68, 0x5f, 0x6c, 0x6f, 0x63, 0x61,
  0x74, 0x69, 0x6f, 0x6e, 0x73, 0x00, 0x61, 0x6e, 0x20, 0x69, 0x6e, 0x74,
  0x65, 0x67, 0x65, 0x72, 0x20, 0x69, 0x73, 0x20, 0x72, 0x65, 0x71, 0x75,
  0x69, 0x72, 0x65, 0x64, 0x00, 0x6e, 0x61, 0x6d, 0x65, 0x20, 0x27, 0x25,
  0x55, 0x27, 0x20, 0x69, 0x73, 0x20, 0x6e, 0x6f, 0x74, 0x20, 0x64, 0x65,
  0x66, 0x69, 0x6e, 0x65, 0x64, 0x00, 0x6e, 0x75, 0x6d, 0x70, 0x79, 0x2f,
  0x72, 0x61, 0x6e, 0x64, 0x6f, 0x6d, 0x2f, 0x5f, 0x70, 0x68, 0x69, 0x6c,
  0x6f, 0x78, 0x2e, 0x63, 0x00, 0x25, 0x73, 0x20, 0x28, 0x25, 0x73, 0x3a,
  0x25, 0x64, 0x29, 0x00, 0x5f, 0x70, 0x68, 0x69, 0x6c, 0x6f, 0x78, 0x2e,
  0x70, 0x79, 0x78, 0x00, 0x25, 0x64, 0x2e, 0x25, 0x64, 0x00, 0x62, 0x75,
  0x69, 0x6c, 0x74, 0x69, 0x6e, 0x73, 0x00, 0x63, 0x79, 0x74, 0x68, 0x6f,
  0x6e, 0x5f, 0x72, 0x75, 0x6e, 0x74, 0x69, 0x6d, 0x65, 0x00, 0x5f, 0x5f,
  0x62, 0x75, 0x69, 0x6c, 0x74, 0x69, 0x6e, 0x73, 0x5f, 0x5f, 0x00, 0x6e,
  0x75, 0x6d, 0x70, 0x79, 0x2e, 0x72, 0x61, 0x6e, 0x64, 0x6f, 0x6d, 0x2e,
  0x62, 0x69, 0x74, 0x5f, 0x67, 0x65, 0x6e, 0x65, 0x72, 0x61, 0x74, 0x6f,
  0x72, 0x00, 0x42, 0x69, 0x74, 0x47, 0x65, 0x6e, 0x65, 0x72, 0x61, 0x74,
  0x6f, 0x72, 0x00, 0x6e, 0x75, 0x6d, 0x70, 0x79, 0x00, 0x64, 0x74, 0x79,
  0x70, 0x65, 0x00, 0x66, 0x6c, 0x61, 0x74, 0x69, 0x74, 0x65, 0x72, 0x00,
  0x62, 0x72, 0x6f, 0x61, 0x64, 0x63, 0x61, 0x73, 0x74, 0x00, 0x6e, 0x64,
  0x61, 0x72, 0x72, 0x61, 0x79, 0x00, 0x67, 0x65, 0x6e, 0x65, 0x72, 0x69,
  0x63, 0x00, 0x6e, 0x75, 0x6d, 0x62, 0x65, 0x72, 0x00, 0x75, 0x6e, 0x73,
  0x69, 0x67, 0x6e, 0x65, 0x64, 0x69, 0x6e, 0x74, 0x65, 0x67, 0x65, 0x72,
  0x00, 0x69, 0x6e, 0x65, 0x78, 0x61, 0x63, 0x74, 0x00, 0x63, 0x6f, 0x6d,
  0x70, 0x6c, 0x65, 0x78, 0x66, 0x6c, 0x6f, 0x61, 0x74, 0x69, 0x6e, 0x67,
  0x00, 0x66, 0x6c, 0x65, 0x78, 0x69, 0x62, 0x6c, 0x65, 0x00, 0x63, 0x68,
  0x61, 0x72, 0x61, 0x63, 0x74, 0x65, 0x72, 0x00, 0x75, 0x66, 0x75, 0x6e,
  0x63, 0x00, 0x53, 0x65, 0x65, 0x64, 0x53, 0x65, 0x71, 0x75, 0x65, 0x6e,
  0x63, 0x65, 0x00, 0x53, 0x65, 0x65, 0x64, 0x6c, 0x65, 0x73, 0x73, 0x53,
  0x65, 0x71, 0x75, 0x65, 0x6e, 0x63, 0x65, 0x00, 0x6e, 0x75, 0x6d, 0x70,
  0x79, 0x2e, 0x72, 0x61, 0x6e, 0x64, 0x6f, 0x6d, 0x2e, 0x5f, 0x63, 0x6f,
  0x6d, 0x6d, 0x6f, 0x6e, 0x00, 0x64, 0x6f, 0x75, 0x62, 0x6c, 0x65, 0x00,
  0x4c, 0x45, 0x47, 0x41, 0x43, 0x59, 0x5f, 0x50, 0x4f, 0x49, 0x53, 0x53,
  0x4f, 0x4e, 0x5f, 0x4c, 0x41, 0x4d, 0x5f, 0x4d, 0x41, 0x58, 0x00, 0x75,
  0x69, 0x6e, 0x74, 0x36, 0x34, 0x5f, 0x74, 0x00, 0x4d, 0x41, 0x58, 0x53,
  0x49, 0x5a, 0x45, 0x00, 0x77, 0x72, 0x61, 0x70, 0x5f, 0x69, 0x6e, 0x74,
  0x00, 0x69, 0x6e, 0x74, 0x5f, 0x74, 0x6f, 0x5f, 0x61, 0x72, 0x72, 0x61,
  0x79, 0x00, 0x6e, 0x75, 0x6d, 0x70, 0x79, 0x2e, 0x63, 0x6f, 0x72, 0x65,
  0x2e, 0x5f, 0x6d, 0x75, 0x6c, 0x74, 0x69, 0x61, 0x72, 0x72, 0x61, 0x79,
  0x5f, 0x75, 0x6d, 0x61, 0x74, 0x68, 0x00, 0x5f, 0x41, 0x52, 0x52, 0x41,
  0x59, 0x5f, 0x41, 0x50, 0x49, 0x00, 0x5f, 0x41, 0x52, 0x52, 0x41, 0x59,
  0x5f, 0x41, 0x50, 0x49, 0x20, 0x6e, 0x6f, 0x74, 0x20, 0x66, 0x6f, 0x75,
  0x6e, 0x64, 0x00, 0x5f, 0x41, 0x52, 0x52, 0x41, 0x59, 0x5f, 0x41, 0x50,
  0x49, 0x20, 0x69, 0x73, 0x20, 0x4e, 0x55, 0x4c, 0x4c, 0x20, 0x70, 0x6f,
  0x69, 0x6e, 0x74, 0x65, 0x72, 0x00, 0x5f, 0x5f, 0x69, 0x6e, 0x69, 0x74,
  0x5f, 0x5f, 0x2e, 0x70, 0x78, 0x64, 0x00, 0x6e, 0x75, 0x6d, 0x70, 0x79,
  0x2e, 0x69, 0x6d, 0x70, 0x6f, 0x72, 0x74, 0x5f, 0x61, 0x72, 0x72, 0x61,
  0x79, 0x00, 0x69, 0x6e, 0x69, 0x74, 0x20, 0x6e, 0x75, 0x6d, 0x70, 0x79,
  0x2e, 0x72, 0x61, 0x6e, 0x64, 0x6f, 0x6d, 0x2e, 0x5f, 0x70, 0x68, 0x69,
  0x6c, 0x6f, 0x78, 0x00, 0x73, 0x74, 0x72, 0x69, 0x6e, 0x67, 0x73, 0x6f,
  0x75, 0x72, 0x63, 0x65, 0x00, 0x61, 0x74, 0x20, 0x6c, 0x65, 0x61, 0x73,
  0x74, 0x00, 0x61, 0x74, 0x20, 0x6d, 0x6f, 0x73, 0x74, 0x00, 0x6a, 0x75,
  0x6d, 0x70, 0x65, 0x64, 0x00, 0x4d, 0x69, 0x73, 0x73, 0x69, 0x6e, 0x67,
  0x20, 0x74, 0x79, 0x70, 0x65, 0x20, 0x6f, 0x62, 0x6a, 0x65, 0x63, 0x74,
  0x00, 0x5f, 0x5f, 0x69, 0x6e, 0x69, 0x74, 0x5f, 0x5f, 0x00, 0x5f, 0x5f,
  0x64, 0x65, 0x6c, 0x5f, 0x5f, 0x00, 0x6e, 0x75, 0x6d, 0x70, 0x79, 0x2e,
  0x72, 0x61, 0x6e, 0x64, 0x6f, 0x6d, 0x2e, 0x5f, 0x70, 0x68, 0x69, 0x6c,
  0x6f, 0x78, 0x2e, 0x50, 0x68, 0x69, 0x6c, 0x6f, 0x78, 0x00, 0x73, 0x74,
  0x61, 0x74, 0x65, 0x00, 0x61, 0x64, 0x76, 0x61, 0x6e, 0x63, 0x65, 0x00,
  0x5f, 0x5f, 0x72, 0x65, 0x64, 0x75, 0x63, 0x65, 0x5f, 0x63, 0x79, 0x74,
  0x68, 0x6f, 0x6e, 0x5f, 0x5f, 0x00, 0x5f, 0x5f, 0x73, 0x65, 0x74, 0x73,
  0x74, 0x61, 0x74, 0x65, 0x5f, 0x63, 0x79, 0x74, 0x68, 0x6f, 0x6e, 0x5f,
  0x5f, 0x00, 0x00, 0x00, 0x00, 0x00, 0x00, 0x00, 0x00, 0x00, 0x00, 0x00,
  0x00, 0x00, 0x00, 0x00, 0xe8, 0x43, 0xff, 0xff, 0x10, 0x44, 0xff, 0xff,
  0x90, 0x43, 0xff, 0xff, 0xa0, 0x43, 0xff, 0xff, 0xb0, 0x43, 0xff, 0xff,
  0x4c, 0xaf, 0xff, 0xff, 0x14, 0xaf, 0xff, 0xff, 0xfc, 0xad, 0xff, 0xff,
  0xac, 0xaf, 0xff, 0xff, 0x8c, 0xaf, 0xff, 0xff, 0x48, 0xb0, 0xff, 0xff,
  0xf8, 0xaf, 0xff, 0xff, 0xa8, 0xaf, 0xff, 0xff, 0xc8, 0xaf, 0xff, 0xff,
  0x08, 0xb0, 0xff, 0xff, 0x3f, 0xc0, 0xff, 0xff, 0x37, 0xc0, 0xff, 0xff,
  0x13, 0xc0, 0xff, 0xff, 0xf0, 0xbf, 0xff, 0xff, 0x98, 0xc0, 0xff, 0xff,
  0x88, 0xc3, 0xff, 0xff, 0x81, 0xc3, 0xff, 0xff, 0x5c, 0xc3, 0xff, 0xff,
  0x39, 0xc3, 0xff, 0xff, 0xe0, 0xc3, 0xff, 0xff, 0x00, 0x00, 0x00, 0x00,
  0x00, 0x00, 0x00, 0x00, 0x00, 0x00, 0x00, 0x00, 0x00, 0x00, 0x00, 0x00,
  0x00, 0x00, 0x00, 0x00, 0x00, 0x00, 0x00, 0x00, 0x00, 0x00, 0x00, 0x00,
  0x73, 0x65, 0x6c, 0x66, 0x2e, 0x5f, 0x62, 0x69, 0x74, 0x67, 0x65, 0x6e,
  0x2c, 0x73, 0x65, 0x6c, 0x66, 0x2e, 0x72, 0x6e, 0x67, 0x5f, 0x73, 0x74,
  0x61, 0x74, 0x65, 0x20, 0x63, 0x61, 0x6e, 0x6e, 0x6f, 0x74, 0x20, 0x62,
  0x65, 0x20, 0x63, 0x6f, 0x6e, 0x76, 0x65, 0x72, 0x74, 0x65, 0x64, 0x20,
  0x74, 0x6f, 0x20, 0x61, 0x20, 0x50, 0x79, 0x74, 0x68, 0x6f, 0x6e, 0x20,
  0x6f, 0x62, 0x6a, 0x65, 0x63, 0x74, 0x20, 0x66, 0x6f, 0x72, 0x20, 0x70,
  0x69, 0x63, 0x6b, 0x6c, 0x69, 0x6e, 0x67, 0x00, 0x00, 0x00, 0x00, 0x00,
  0x00, 0x00, 0x00, 0x00, 0x00, 0x00, 0x00, 0x00, 0x00, 0x00, 0x00, 0x00,
  0x73, 0x65, 0x65, 0x64, 0x20, 0x61, 0x6e, 0x64, 0x20, 0x6b, 0x65, 0x79,
  0x20, 0x63, 0x61, 0x6e, 0x6e, 0x6f, 0x74, 0x20, 0x62, 0x65, 0x20, 0x62,
  0x6f, 0x74, 0x68, 0x20, 0x75, 0x73, 0x65, 0x64, 0x00, 0x00, 0x00, 0x00,
  0x00, 0x00, 0x00, 0x00, 0x00, 0x00, 0x00, 0x00, 0x00, 0x00, 0x00, 0x00,
  0x00, 0x00, 0x00, 0x00, 0x00, 0x00, 0x00, 0x00, 0x00, 0x00, 0x00, 0x00,
  0x00, 0x00, 0x00, 0x00, 0x6e, 0x75, 0x6d, 0x70, 0x79, 0x2e, 0x63, 0x6f,
  0x72, 0x65, 0x2e, 0x75, 0x6d, 0x61, 0x74, 0x68, 0x20, 0x66, 0x61, 0x69,
  0x6c, 0x65, 0x64, 0x20, 0x74, 0x6f, 0x20, 0x69, 0x6d, 0x70, 0x6f, 0x72,
  0x74, 0x00, 0x00, 0x00, 0x00, 0x00, 0x00, 0x00, 0x00, 0x00, 0x00, 0x00,
  0x00, 0x00, 0x00, 0x00, 0x00, 0x00, 0x00, 0x00, 0x00, 0x00, 0x00, 0x00,
  0x00, 0x00, 0x00, 0x00, 0x00, 0x00, 0x00, 0x00, 0x6e, 0x75, 0x6d, 0x70,
  0x79, 0x2e, 0x63, 0x6f, 0x72, 0x65, 0x2e, 0x6d, 0x75, 0x6c, 0x74, 0x69,
  0x61, 0x72, 0x72, 0x61, 0x79, 0x20, 0x66, 0x61, 0x69, 0x6c, 0x65, 0x64,
  0x20, 0x74, 0x6f, 0x20, 0x69, 0x6d, 0x70, 0x6f, 0x72, 0x74, 0x00, 0x00,
  0x00, 0x00, 0x00, 0x00, 0x00, 0x00, 0x00, 0x00, 0x73, 0x74, 0x61, 0x74,
  0x65, 0x20, 0x6d, 0x75, 0x73, 0x74, 0x20, 0x62, 0x65, 0x20, 0x66, 0x6f,
  0x72, 0x20, 0x61, 0x20, 0x7b, 0x30, 0x7d, 0x20, 0x50, 0x52, 0x4e, 0x47,
  0x00, 0x00, 0x00, 0x00, 0x73, 0x74, 0x61, 0x74, 0x65, 0x20, 0x6d, 0x75,
  0x73, 0x74, 0x20, 0x62, 0x65, 0x20, 0x61, 0x20, 0x64, 0x69, 0x63, 0x74,
  0x00, 0x00, 0x00, 0x00, 0x00, 0x00, 0x00, 0x00, 0x00, 0x00, 0x00, 0x00,
  0x63, 0x6c, 0x69, 0x6e, 0x65, 0x5f, 0x69, 0x6e, 0x5f, 0x74, 0x72, 0x61,
  0x63, 0x65, 0x62, 0x61, 0x63, 0x6b, 0x00, 0x00, 0x00, 0x00, 0x00, 0x00,
  0x00, 0x00, 0x00, 0x00, 0x00, 0x00, 0x00, 0x00, 0x5f, 0x5f, 0x73, 0x65,
  0x74, 0x73, 0x74, 0x61, 0x74, 0x65, 0x5f, 0x63, 0x79, 0x74, 0x68, 0x6f,
  0x6e, 0x5f, 0x5f, 0x00, 0x00, 0x00, 0x00, 0x00, 0x67, 0x65, 0x6e, 0x65,
  0x72, 0x61, 0x74, 0x65, 0x5f, 0x73, 0x74, 0x61, 0x74, 0x65, 0x00, 0x00,
  0x00, 0x00, 0x00, 0x00, 0x00, 0x00, 0x00, 0x00, 0x5f, 0x5f, 0x72, 0x65,
  0x64, 0x75, 0x63, 0x65, 0x5f, 0x63, 0x79, 0x74, 0x68, 0x6f, 0x6e, 0x5f,
  0x5f, 0x00, 0x00, 0x00, 0x00, 0x00, 0x00, 0x00, 0x62, 0x69, 0x74, 0x5f,
  0x67, 0x65, 0x6e, 0x65, 0x72, 0x61, 0x74, 0x6f, 0x72, 0x00, 0x00, 0x00,
  0x49, 0x6d, 0x70, 0x6f, 0x72, 0x74, 0x45, 0x72, 0x72, 0x6f, 0x72, 0x00,
  0x00, 0x00, 0x00, 0x00, 0x5f, 0x5f, 0x70, 0x79, 0x78, 0x5f, 0x76, 0x74,
  0x61, 0x62, 0x6c, 0x65, 0x5f, 0x5f, 0x00, 0x00, 0x68, 0x61, 0x73, 0x5f,
  0x75, 0x69, 0x6e, 0x74, 0x33, 0x32, 0x00, 0x00, 0x00, 0x00, 0x00, 0x00,
  0x62, 0x75, 0x66, 0x66, 0x65, 0x72, 0x5f, 0x70, 0x6f, 0x73, 0x00, 0x00,
  0x00, 0x00, 0x00, 0x00, 0x56, 0x61, 0x6c, 0x75, 0x65, 0x45, 0x72, 0x72,
  0x6f, 0x72, 0x00, 0x00, 0x00, 0x00, 0x00, 0x00, 0x5f, 0x5f, 0x72, 0x65,
  0x64, 0x75, 0x63, 0x65, 0x5f, 0x65, 0x78, 0x5f, 0x5f, 0x00, 0x00, 0x00,
  0x54, 0x79, 0x70, 0x65, 0x45, 0x72, 0x72, 0x6f, 0x72, 0x00, 0x00, 0x00,
  0x00, 0x00, 0x00, 0x00, 0x75, 0x69, 0x6e, 0x74, 0x65, 0x67, 0x65, 0x72,
  0x00, 0x00, 0x00, 0x00, 0x00, 0x00, 0x00, 0x00, 0x5f, 0x5f, 0x73, 0x65,
  0x74, 0x73, 0x74, 0x61, 0x74, 0x65, 0x5f, 0x5f, 0x00, 0x00, 0x00, 0x00,
  0x5f, 0x5f, 0x67, 0x65, 0x74, 0x73, 0x74, 0x61, 0x74, 0x65, 0x5f, 0x5f,
  0x00, 0x00, 0x00, 0x00, 0x63, 0x6f, 0x75, 0x6e, 0x74, 0x65, 0x72, 0x00,
  0x61, 0x64, 0x76, 0x61, 0x6e, 0x63, 0x65, 0x00, 0x75, 0x69, 0x6e, 0x74,
  0x36, 0x34, 0x00, 0x00, 0x5f, 0x5f, 0x72, 0x65, 0x64, 0x75, 0x63, 0x65,
  0x5f, 0x5f, 0x00, 0x00, 0x00, 0x00, 0x00, 0x00, 0x5f, 0x5f, 0x69, 0x6d,
  0x70, 0x6f, 0x72, 0x74, 0x5f, 0x5f, 0x00, 0x66, 0x6f, 0x72, 0x6d, 0x61,
  0x74, 0x00, 0x62, 0x75, 0x66, 0x66, 0x65, 0x72, 0x00, 0x50, 0x68, 0x69,
  0x6c, 0x6f, 0x78, 0x00, 0x73, 0x74, 0x61, 0x74, 0x65, 0x00, 0x72, 0x61,
  0x6e, 0x67, 0x65, 0x00, 0x6e, 0x75, 0x6d, 0x70, 0x79, 0x00, 0x6a, 0x75,
  0x6d, 0x70, 0x73, 0x00, 0x65, 0x6d, 0x70, 0x74, 0x79, 0x00, 0x64, 0x74,
  0x79, 0x70, 0x65, 0x00, 0x00, 0x00, 0x00, 0x00, 0x5f, 0x5f, 0x63, 0x6c,
  0x61, 0x73, 0x73, 0x5f, 0x5f, 0x00, 0x00, 0x00, 0x00, 0x00, 0x00, 0x00,
  0x5f, 0x5f, 0x74, 0x65, 0x73, 0x74, 0x5f, 0x5f, 0x00, 0x73, 0x74, 0x65,
  0x70, 0x00, 0x73, 0x65, 0x65, 0x64, 0x00, 0x00, 0x00, 0x00, 0x00, 0x00,
  0x5f, 0x5f, 0x6e, 0x61, 0x6d, 0x65, 0x5f, 0x5f, 0x00, 0x00, 0x00, 0x00,
  0x00, 0x00, 0x00, 0x00, 0x5f, 0x5f, 0x6d, 0x61, 0x69, 0x6e, 0x5f, 0x5f,
  0x00, 0x00, 0x00, 0x00, 0x00, 0x00, 0x00, 0x00, 0x5f, 0x5f, 0x69, 0x6e,
  0x69, 0x74, 0x5f, 0x5f, 0x00, 0x6b, 0x65, 0x79, 0x00, 0x67, 0x65, 0x74,
  0x00, 0x00, 0x00, 0x00, 0x00, 0x00, 0x00, 0x00, 0x5f, 0x5f, 0x61, 0x6c,
  0x6c, 0x5f, 0x5f, 0x00, 0x6e, 0x70, 0x00, 0x00, 0x00, 0x00, 0x00, 0x00,
  0x00, 0x00, 0x00, 0x00, 0x00, 0x00, 0xa0, 0x3c, 0x01, 0x00, 0x00, 0x00,
  0x40, 0x00, 0x00, 0x00, 0x01, 0x1b, 0x03, 0x3b, 0x44, 0x01, 0x00, 0x00,
  0x27, 0x00, 0x00, 0x00, 0x68, 0x1b, 0xff, 0xff, 0x60, 0x01, 0x00, 0x00,
  0x18, 0x21, 0xff, 0xff, 0xec, 0x01, 0x00, 0x00, 0x07, 0x22, 0xff, 0xff,
  0x40, 0x02, 0x00, 0x00, 0x5e, 0x22, 0xff, 0xff, 0x68, 0x02, 0x00, 0x00,
  0x5b, 0x23, 0xff, 0xff, 0xb0, 0x02, 0x00, 0x00, 0x58, 0x24, 0xff, 0xff,
  0xf8, 0x02, 0x00, 0x00, 0xd6, 0x24, 0xff, 0xff, 0x34, 0x03, 0x00, 0x00,
  0x36, 0x26, 0xff, 0xff, 0xdc, 0x03, 0x00, 0x00, 0x97, 0x26, 0xff, 0xff,
  0xa8, 0x07, 0x00, 0x00, 0xf8, 0x3c, 0xff, 0xff, 0x00, 0x0a, 0x00, 0x00,
  0xc8, 0x3d, 0xff, 0xff, 0x88, 0x01, 0x00, 0x00, 0xf8, 0x3d, 0xff, 0xff,
  0x9c, 0x01, 0x00, 0x00, 0x28, 0x3e, 0xff, 0xff, 0xb4, 0x01, 0x00, 0x00,
  0x48, 0x3e, 0xff, 0xff, 0xc8, 0x01, 0x00, 0x00, 0xd8, 0x3e, 0xff, 0xff,
  0x70, 0x03, 0x00, 0x00, 0x78, 0x3f, 0xff, 0xff, 0x9c, 0x03, 0x00, 0x00,
  0x18, 0x41, 0xff, 0xff, 0xf8, 0x03, 0x00, 0x00, 0x98, 0x41, 0xff, 0xff,
  0x14, 0x04, 0x00, 0x00, 0x18, 0x42, 0xff, 0xff, 0x28, 0x04, 0x00, 0x00,
  0xd8, 0x42, 0xff, 0xff, 0x50, 0x04, 0x00, 0x00, 0x38, 0x45, 0xff, 0xff,
  0xb8, 0x04, 0x00, 0x00, 0x28, 0x46, 0xff, 0xff, 0x0c, 0x05, 0x00, 0x00,
  0x68, 0x49, 0xff, 0xff, 0x64, 0x05, 0x00, 0x00, 0xe8, 0x49, 0xff, 0xff,
  0x98, 0x05, 0x00, 0x00, 0x98, 0x4a, 0xff, 0xff, 0xd4, 0x05, 0x00, 0x00,
  0xc8, 0x4b, 0xff, 0xff, 0x14, 0x06, 0x00, 0x00, 0xe8, 0x4e, 0xff, 0xff,
  0x70, 0x06, 0x00, 0x00, 0x08, 0x52, 0xff, 0xff, 0xb8, 0x06, 0x00, 0x00,
  0x88, 0x53, 0xff, 0xff, 0xf0, 0x06, 0x00, 0x00, 0x18, 0x5a, 0xff, 0xff,
  0x58, 0x07, 0x00, 0x00, 0x98, 0x5b, 0xff, 0xff, 0xf4, 0x07, 0x00, 0x00,
  0x78, 0x5c, 0xff, 0xff, 0x24, 0x08, 0x00, 0x00, 0x58, 0x5d, 0xff, 0xff,
  0x54, 0x08, 0x00, 0x00, 0x18, 0x62, 0xff, 0xff, 0xb0, 0x08, 0x00, 0x00,
  0xd8, 0x69, 0xff, 0xff, 0x08, 0x09, 0x00, 0x00, 0x18, 0x81, 0xff, 0xff,
  0x54, 0x09, 0x00, 0x00, 0x68, 0x9f, 0xff, 0xff, 0xb4, 0x09, 0x00, 0x00,
  0x58, 0xcb, 0xff, 0xff, 0x18, 0x0a, 0x00, 0x00, 0x78, 0xcb, 0xff, 0xff,
  0x2c, 0x0a, 0x00, 0x00, 0x00, 0x00, 0x00, 0x00, 0x14, 0x00, 0x00, 0x00,
  0x00, 0x00, 0x00, 0x00, 0x01, 0x7a, 0x52, 0x00, 0x01, 0x78, 0x10, 0x01,
  0x1b, 0x0c, 0x07, 0x08, 0x90, 0x01, 0x00, 0x00, 0x24, 0x00, 0x00, 0x00,
  0x1c, 0x00, 0x00, 0x00, 0x00, 0x1a, 0xff, 0xff, 0xb0, 0x05, 0x00, 0x00,
  0x00, 0x0e, 0x10, 0x46, 0x0e, 0x18, 0x4a, 0x0f, 0x0b, 0x77, 0x08, 0x80,
  0x00, 0x3f, 0x1a, 0x3b, 0x2a, 0x33, 0x24, 0x22, 0x00, 0x00, 0x00, 0x00,
  0x10, 0x00, 0x00, 0x00, 0x44, 0x00, 0x00, 0x00, 0x38, 0x3c, 0xff, 0xff,
  0x30, 0x00, 0x00, 0x00, 0x00, 0x00, 0x00, 0x00, 0x14, 0x00, 0x00, 0x00,
  0x58, 0x00, 0x00, 0x00, 0x54, 0x3c, 0xff, 0xff, 0x26, 0x00, 0x00, 0x00,
  0x00, 0x44, 0x0e, 0x10, 0x61, 0x0e, 0x08, 0x00, 0x10, 0x00, 0x00, 0x00,
  0x70, 0x00, 0x00, 0x00, 0x6c, 0x3c, 0xff, 0xff, 0x1d, 0x00, 0x00, 0x00,
  0x00, 0x00, 0x00, 0x00, 0x20, 0x00, 0x00, 0x00, 0x84, 0x00, 0x00, 0x00,
  0x78, 0x3c, 0xff, 0xff, 0x84, 0x00, 0x00, 0x00, 0x00, 0x41, 0x0e, 0x10,
  0x86, 0x02, 0x02, 0x40, 0x0a, 0x0e, 0x08, 0x47, 0x0b, 0x68, 0x0a, 0x0e,
  0x08, 0x48, 0x0b, 0x00, 0x50, 0x00, 0x00, 0x00, 0xa8, 0x00, 0x00, 0x00,
  0x24, 0x1f, 0xff, 0xff, 0xef, 0x00, 0x00, 0x00, 0x00, 0x42, 0x0e, 0x10,
  0x8e, 0x02, 0x48, 0x0e, 0x18, 0x8d, 0x03, 0x45, 0x0e, 0x20, 0x8c, 0x04,
  0x41, 0x0e, 0x28, 0x86, 0x05, 0x44, 0x0e, 0x30, 0x83, 0x06, 0x4a, 0x0e,
  0x80, 0x02, 0x02, 0x7a, 0x0e, 0x88, 0x02, 0x48, 0x0e, 0x90, 0x02, 0x66,
  0x0e, 0x88, 0x02, 0x41, 0x0e, 0x80, 0x02, 0x5c, 0x0e, 0x30, 0x44, 0x0e,
  0x28, 0x41, 0x0e, 0x20, 0x42, 0x0e, 0x18, 0x42, 0x0e, 0x10, 0x42, 0x0e,
  0x08, 0x00, 0x00, 0x00, 0x24, 0x00, 0x00, 0x00, 0xfc, 0x00, 0x00, 0x00,
  0xbf, 0x1f, 0xff, 0xff, 0x57, 0x00, 0x00, 0x00, 0x00, 0x42, 0x0e, 0x10,
  0x8c, 0x02, 0x44, 0x0e, 0x18, 0x86, 0x03, 0x41, 0x0e, 0x20, 0x02, 0x4c,
  0x0e, 0x18, 0x41, 0x0e, 0x10, 0x42, 0x0e, 0x08, 0x44, 0x00, 0x00, 0x00,
  0x24, 0x01, 0x00, 0x00, 0xee, 0x1f, 0xff, 0xff, 0xfd, 0x00, 0x00, 0x00,
  0x00, 0x42, 0x0e, 0x10, 0x8f, 0x02, 0x45, 0x0e, 0x18, 0x8e, 0x03, 0x4c,
  0x0e, 0x20, 0x8d, 0x04, 0x45, 0x0e, 0x28, 0x8c, 0x05, 0x41, 0x0e, 0x30,
  0x86, 0x06, 0x41, 0x0e, 0x38, 0x83, 0x07, 0x45, 0x0e, 0x40, 0x02, 0xd0,
  0x0e, 0x38, 0x44, 0x0e, 0x30, 0x41, 0x0e, 0x28, 0x42, 0x0e, 0x20, 0x42,
  0x0e, 0x18, 0x42, 0x0e, 0x10, 0x42, 0x0e, 0x08, 0x44, 0x00, 0x00, 0x00,
  0x6c, 0x01, 0x00, 0x00, 0xa3, 0x20, 0xff, 0xff, 0xfd, 0x00, 0x00, 0x00,
  0x00, 0x42, 0x0e, 0x10, 0x8f, 0x02, 0x45, 0x0e, 0x18, 0x8e, 0x03, 0x4c,
  0x0e, 0x20, 0x8d, 0x04, 0x45, 0x0e, 0x28, 0x8c, 0x05, 0x41, 0x0e, 0x30,
  0x86, 0x06, 0x41, 0x0e, 0x38, 0x83, 0x07, 0x45, 0x0e, 0x40, 0x02, 0xd0,
  0x0e, 0x38, 0x44, 0x0e, 0x30, 0x41, 0x0e, 0x28, 0x42, 0x0e, 0x20, 0x42,
  0x0e, 0x18, 0x42, 0x0e, 0x10, 0x42, 0x0e, 0x08, 0x38, 0x00, 0x00, 0x00,
  0xb4, 0x01, 0x00, 0x00, 0x58, 0x21, 0xff, 0xff, 0x7e, 0x00, 0x00, 0x00,
  0x00, 0x42, 0x0e, 0x10, 0x8e, 0x02, 0x45, 0x0e, 0x18, 0x8d, 0x03, 0x48,
  0x0e, 0x20, 0x8c, 0x04, 0x41, 0x0e, 0x28, 0x86, 0x05, 0x41, 0x0e, 0x30,
  0x83, 0x06, 0x02, 0x62, 0x0e, 0x28, 0x44, 0x0e, 0x20, 0x42, 0x0e, 0x18,
  0x42, 0x0e, 0x10, 0x42, 0x0e, 0x08, 0x00, 0x00, 0x38, 0x00, 0x00, 0x00,
  0xf0, 0x01, 0x00, 0x00, 0x9a, 0x21, 0xff, 0xff, 0x60, 0x01, 0x00, 0x00,
  0x00, 0x42, 0x0e, 0x10, 0x8e, 0x02, 0x42, 0x0e, 0x18, 0x8d, 0x03, 0x45,
  0x0e, 0x20, 0x8c, 0x04, 0x41, 0x0e, 0x28, 0x86, 0x05, 0x41, 0x0e, 0x30,
  0x03, 0x4a, 0x01, 0x0e, 0x28, 0x44, 0x0e, 0x20, 0x42, 0x0e, 0x18, 0x42,
  0x0e, 0x10, 0x42, 0x0e, 0x08, 0x00, 0x00, 0x00, 0x28, 0x00, 0x00, 0x00,
  0x2c, 0x02, 0x00, 0x00, 0x60, 0x3b, 0xff, 0xff, 0x92, 0x00, 0x00, 0x00,
  0x00, 0x42, 0x0e, 0x10, 0x8c, 0x02, 0x41, 0x0e, 0x18, 0x86, 0x03, 0x47,
  0x0e, 0x20, 0x55, 0x0a, 0x0e, 0x18, 0x44, 0x0e, 0x10, 0x42, 0x0e, 0x08,
  0x4b, 0x0b, 0x00, 0x00, 0x3c, 0x00, 0x00, 0x00, 0x58, 0x02, 0x00, 0x00,
  0xd4, 0x3b, 0xff, 0xff, 0x9d, 0x01, 0x00, 0x00, 0x00, 0x41, 0x0e, 0x10,
  0x86, 0x02, 0x44, 0x0e, 0x20, 0x02, 0x41, 0x0a, 0x0e, 0x10, 0x41, 0x0e,
  0x08, 0x49, 0x0b, 0x47, 0x0a, 0x0e, 0x10, 0x41, 0x0e, 0x08, 0x48, 0x0b,
  0x02, 0x56, 0x0a, 0x0e, 0x10, 0x41, 0x0e, 0x08, 0x49, 0x0b, 0x47, 0x0a,
  0x0e, 0x10, 0x41, 0x0e, 0x08, 0x43, 0x0b, 0x00, 0x18, 0x00, 0x00, 0x00,
  0x98, 0x02, 0x00, 0x00, 0x52, 0x22, 0xff, 0xff, 0x61, 0x00, 0x00, 0x00,
  0x00, 0x6f, 0x0e, 0x10, 0x8c, 0x02, 0x71, 0x0e, 0x08, 0x00, 0x00, 0x00,
  0x18, 0x00, 0x00, 0x00, 0xb4, 0x02, 0x00, 0x00, 0x18, 0x3d, 0xff, 0xff,
  0x7f, 0x00, 0x00, 0x00, 0x00, 0x44, 0x0e, 0x10, 0x60, 0x0a, 0x0e, 0x08,
  0x44, 0x0b, 0x00, 0x00, 0x10, 0x00, 0x00, 0x00, 0xd0, 0x02, 0x00, 0x00,
  0x7c, 0x3d, 0xff, 0xff, 0x78, 0x00, 0x00, 0x00, 0x00, 0x00, 0x00, 0x00,
  0x24, 0x00, 0x00, 0x00, 0xe4, 0x02, 0x00, 0x00, 0xe8, 0x3d, 0xff, 0xff,
  0xbb, 0x00, 0x00, 0x00, 0x00, 0x41, 0x0e, 0x10, 0x86, 0x02, 0x74, 0x0a,
  0x0e, 0x08, 0x4b, 0x0b, 0x60, 0x0a, 0x0e, 0x08, 0x48, 0x0b, 0x02, 0x51,
  0x0e, 0x08, 0x00, 0x00, 0x64, 0x00, 0x00, 0x00, 0x0c, 0x03, 0x00, 0x00,
  0x80, 0x3e, 0xff, 0xff, 0x60, 0x02, 0x00, 0x00, 0x00, 0x42, 0x0e, 0x10,
  0x8f, 0x02, 0x42, 0x0e, 0x18, 0x8e, 0x03, 0x42, 0x0e, 0x20, 0x8d, 0x04,
  0x42, 0x0e, 0x28, 0x8c, 0x05, 0x44, 0x0e, 0x30, 0x86, 0x06, 0x44, 0x0e,
  0x38, 0x83, 0x07, 0x48, 0x0e, 0x80, 0x01, 0x03, 0x68, 0x01, 0x0a, 0x0e,
  0x38, 0x41, 0x0e, 0x30, 0x41, 0x0e, 0x28, 0x42, 0x0e, 0x20, 0x42, 0x0e,
  0x18, 0x42, 0x0e, 0x10, 0x42, 0x0e, 0x08, 0x46, 0x0b, 0x02, 0xa8, 0x0a,
  0x0e, 0x38, 0x46, 0x0e, 0x30, 0x41, 0x0e, 0x28, 0x42, 0x0e, 0x20, 0x42,
  0x0e, 0x18, 0x42, 0x0e, 0x10, 0x42, 0x0e, 0x08, 0x41, 0x0b, 0x00, 0x00,
  0x50, 0x00, 0x00, 0x00, 0x74, 0x03, 0x00, 0x00, 0x78, 0x40, 0xff, 0xff,
  0xed, 0x00, 0x00, 0x00, 0x00, 0x42, 0x0e, 0x10, 0x8d, 0x02, 0x42, 0x0e,
  0x18, 0x8c, 0x03, 0x41, 0x0e, 0x20, 0x86, 0x04, 0x02, 0x73, 0x0a, 0x0e,
  0x18, 0x45, 0x0e, 0x10, 0x42, 0x0e, 0x08, 0x49, 0x0b, 0x41, 0x0a, 0x0e,
  0x18, 0x42, 0x0e, 0x10, 0x42, 0x0e, 0x08, 0x43, 0x0b, 0x44, 0x0a, 0x0e,
  0x18, 0x42, 0x0e, 0x10, 0x42, 0x0e, 0x08, 0x48, 0x0b, 0x48, 0x0a, 0x0e,
  0x18, 0x49, 0x0e, 0x10, 0x42, 0x0e, 0x08, 0x4d, 0x0b, 0x00, 0x00, 0x00,
  0x54, 0x00, 0x00, 0x00, 0xc8, 0x03, 0x00, 0x00, 0x14, 0x41, 0xff, 0xff,
  0x34, 0x03, 0x00, 0x00, 0x00, 0x50, 0x0e, 0x10, 0x8f, 0x02, 0x42, 0x0e,
  0x18, 0x8e, 0x03, 0x42, 0x0e, 0x20, 0x8d, 0x04, 0x42, 0x0e, 0x28, 0x8c,
  0x05, 0x41, 0x0e, 0x30, 0x86, 0x06, 0x41, 0x0e, 0x38, 0x83, 0x07, 0x02,
  0x5a, 0x0e, 0x30, 0x41, 0x0e, 0x28, 0x4d, 0x0e, 0x20, 0x42, 0x0e, 0x18,
  0x48, 0x0e, 0x10, 0x42, 0x0e, 0x08, 0x44, 0xc3, 0xc6, 0xcc, 0xcd, 0xce,
  0xcf, 0x50, 0x0e, 0x38, 0x83, 0x07, 0x86, 0x06, 0x8c, 0x05, 0x8d, 0x04,
  0x8e, 0x03, 0x8f, 0x02, 0x30, 0x00, 0x00, 0x00, 0x20, 0x04, 0x00, 0x00,
  0xfc, 0x43, 0xff, 0xff, 0x74, 0x00, 0x00, 0x00, 0x00, 0x42, 0x0e, 0x10,
  0x8d, 0x02, 0x45, 0x0e, 0x18, 0x8c, 0x03, 0x47, 0x0e, 0x20, 0x65, 0x0a,
  0x0e, 0x18, 0x45, 0x0e, 0x10, 0x42, 0x0e, 0x08, 0x46, 0x0b, 0x6c, 0x0e,
  0x18, 0x45, 0x0e, 0x10, 0x42, 0x0e, 0x08, 0x00, 0x38, 0x00, 0x00, 0x00,
  0x54, 0x04, 0x00, 0x00, 0x48, 0x44, 0xff, 0xff, 0xad, 0x00, 0x00, 0x00,
  0x00, 0x42, 0x0e, 0x10, 0x8d, 0x02, 0x45, 0x0e, 0x18, 0x8c, 0x03, 0x41,
  0x0e, 0x20, 0x86, 0x04, 0x47, 0x0e, 0x28, 0x83, 0x05, 0x47, 0x0e, 0x30,
  0x73, 0x0a, 0x0e, 0x28, 0x44, 0x0e, 0x20, 0x41, 0x0e, 0x18, 0x42, 0x0e,
  0x10, 0x42, 0x0e, 0x08, 0x46, 0x0b, 0x00, 0x00, 0x3c, 0x00, 0x00, 0x00,
  0x90, 0x04, 0x00, 0x00, 0xbc, 0x44, 0xff, 0xff, 0x2f, 0x01, 0x00, 0x00,
  0x00, 0x41, 0x0e, 0x10, 0x86, 0x02, 0x44, 0x0e, 0x20, 0x68, 0x0a, 0x0e,
  0x10, 0x41, 0x0e, 0x08, 0x4a, 0x0b, 0x46, 0x0a, 0x0e, 0x10, 0x41, 0x0e,
  0x08, 0x41, 0x0b, 0x4a, 0x0a, 0x0e, 0x10, 0x41, 0x0e, 0x08, 0x4d, 0x0b,
  0x47, 0x0a, 0x0e, 0x10, 0x41, 0x0e, 0x08, 0x48, 0x0b, 0x00, 0x00, 0x00,
  0x58, 0x00, 0x00, 0x00, 0xd0, 0x04, 0x00, 0x00, 0xac, 0x45, 0xff, 0xff,
  0x20, 0x03, 0x00, 0x00, 0x00, 0x45, 0x0e, 0x10, 0x8f, 0x02, 0x42, 0x0e,
  0x18, 0x8e, 0x03, 0x42, 0x0e, 0x20, 0x8d, 0x04, 0x42, 0x0e, 0x28, 0x8c,
  0x05, 0x41, 0x0e, 0x30, 0x86, 0x06, 0x41, 0x0e, 0x38, 0x83, 0x07, 0x03,
  0x71, 0x02, 0x0a, 0x0e, 0x30, 0x41, 0x0e, 0x28, 0x67, 0x0e, 0x20, 0x42,
  0x0e, 0x18, 0x42, 0x0e, 0x10, 0x42, 0x0e, 0x08, 0x44, 0x0b, 0x77, 0x0a,
  0x0e, 0x30, 0x41, 0x0e, 0x28, 0x47, 0x0e, 0x20, 0x45, 0x0e, 0x18, 0x45,
  0x0e, 0x10, 0x42, 0x0e, 0x08, 0x45, 0x0b, 0x00, 0x44, 0x00, 0x00, 0x00,
  0x2c, 0x05, 0x00, 0x00, 0x70, 0x48, 0xff, 0xff, 0x20, 0x03, 0x00, 0x00,
  0x00, 0x45, 0x0e, 0x10, 0x8f, 0x02, 0x42, 0x0e, 0x18, 0x8e, 0x03, 0x42,
  0x0e, 0x20, 0x8d, 0x04, 0x42, 0x0e, 0x28, 0x8c, 0x05, 0x41, 0x0e, 0x30,
  0x86, 0x06, 0x41, 0x0e, 0x38, 0x83, 0x07, 0x03, 0x9b, 0x02, 0x0a, 0x0e,
  0x30, 0x41, 0x0e, 0x28, 0x4f, 0x0e, 0x20, 0x42, 0x0e, 0x18, 0x42, 0x0e,
  0x10, 0x42, 0x0e, 0x08, 0x42, 0x0b, 0x00, 0x00, 0x34, 0x00, 0x00, 0x00,
  0x74, 0x05, 0x00, 0x00, 0x48, 0x4b, 0xff, 0xff, 0x7c, 0x01, 0x00, 0x00,
  0x00, 0x42, 0x0e, 0x10, 0x8c, 0x02, 0x41, 0x0e, 0x18, 0x86, 0x03, 0x44,
  0x0e, 0x20, 0x02, 0x42, 0x0a, 0x0e, 0x18, 0x44, 0x0e, 0x10, 0x42, 0x0e,
  0x08, 0x41, 0x0b, 0x02, 0x40, 0x0a, 0x0e, 0x18, 0x41, 0x0e, 0x10, 0x45,
  0x0e, 0x08, 0x4a, 0x0b, 0x64, 0x00, 0x00, 0x00, 0xac, 0x05, 0x00, 0x00,
  0x90, 0x4c, 0xff, 0xff, 0x82, 0x06, 0x00, 0x00, 0x00, 0x42, 0x0e, 0x10,
  0x8f, 0x02, 0x42, 0x0e, 0x18, 0x8e, 0x03, 0x45, 0x0e, 0x20, 0x8d, 0x04,
  0x45, 0x0e, 0x28, 0x8c, 0x05, 0x44, 0x0e, 0x30, 0x86, 0x06, 0x41, 0x0e,
  0x38, 0x83, 0x07, 0x46, 0x0e, 0x80, 0x01, 0x03, 0x1d, 0x02, 0x0a, 0x0e,
  0x38, 0x41, 0x0e, 0x30, 0x41, 0x0e, 0x28, 0x42, 0x0e, 0x20, 0x42, 0x0e,
  0x18, 0x42, 0x0e, 0x10, 0x42, 0x0e, 0x08, 0x48, 0x0b, 0x64, 0x0a, 0x0e,
  0x38, 0x41, 0x0e, 0x30, 0x41, 0x0e, 0x28, 0x42, 0x0e, 0x20, 0x42, 0x0e,
  0x18, 0x42, 0x0e, 0x10, 0x42, 0x0e, 0x08, 0x4a, 0x0b, 0x00, 0x00, 0x00,
  0x4c, 0x00, 0x00, 0x00, 0x14, 0x06, 0x00, 0x00, 0xb8, 0x52, 0xff, 0xff,
  0x71, 0x01, 0x00, 0x00, 0x00, 0x42, 0x0e, 0x10, 0x8d, 0x02, 0x42, 0x0e,
  0x18, 0x8c, 0x03, 0x41, 0x0e, 0x20, 0x86, 0x04, 0x44, 0x0e, 0x28, 0x83,
  0x05, 0x4a, 0x0e, 0x30, 0x02, 0x93, 0x0a, 0x0e, 0x28, 0x44, 0x0e, 0x20,
  0x41, 0x0e, 0x18, 0x42, 0x0e, 0x10, 0x42, 0x0e, 0x08, 0x41, 0x0b, 0x5c,
  0x0a, 0x0e, 0x28, 0x44, 0x0e, 0x20, 0x41, 0x0e, 0x18, 0x42, 0x0e, 0x10,
  0x42, 0x0e, 0x08, 0x4b, 0x0b, 0x00, 0x00, 0x00, 0x48, 0x00, 0x00, 0x00,
  0x64, 0x06, 0x00, 0x00, 0xe7, 0x1e, 0xff, 0xff, 0x61, 0x16, 0x00, 0x00,
  0x00, 0x42, 0x0e, 0x10, 0x8f, 0x02, 0x42, 0x0e, 0x18, 0x8e, 0x03, 0x42,
  0x0e, 0x20, 0x8d, 0x04, 0x42, 0x0e, 0x28, 0x8c, 0x05, 0x41, 0x0e, 0x30,
  0x86, 0x06, 0x44, 0x0e, 0x38, 0x83, 0x07, 0x47, 0x0e, 0xd0, 0x02, 0x03,
  0x42, 0x16, 0x0e, 0x38, 0x41, 0x0e, 0x30, 0x41, 0x0e, 0x28, 0x42, 0x0e,
  0x20, 0x42, 0x0e, 0x18, 0x42, 0x0e, 0x10, 0x42, 0x0e, 0x08, 0x00, 0x00,
  0x2c, 0x00, 0x00, 0x00, 0xb0, 0x06, 0x00, 0x00, 0x9c, 0x53, 0xff, 0xff,
  0xd2, 0x00, 0x00, 0x00, 0x00, 0x42, 0x0e, 0x10, 0x8c, 0x02, 0x48, 0x0e,
  0x18, 0x86, 0x03, 0x48, 0x0e, 0x20, 0x83, 0x04, 0x02, 0x68, 0x0a, 0x0e,
  0x18, 0x43, 0x0e, 0x10, 0x42, 0x0e, 0x08, 0x41, 0x0b, 0x00, 0x00, 0x00,
  0x2c, 0x00, 0x00, 0x00, 0xe0, 0x06, 0x00, 0x00, 0x4c, 0x54, 0xff, 0xff,
  0xd2, 0x00, 0x00, 0x00, 0x00, 0x42, 0x0e, 0x10, 0x8c, 0x02, 0x48, 0x0e,
  0x18, 0x86, 0x03, 0x48, 0x0e, 0x20, 0x83, 0x04, 0x02, 0x68, 0x0a, 0x0e,
  0x18, 0x43, 0x0e, 0x10, 0x42, 0x0e, 0x08, 0x41, 0x0b, 0x00, 0x00, 0x00,
  0x58, 0x00, 0x00, 0x00, 0x10, 0x07, 0x00, 0x00, 0xfc, 0x54, 0xff, 0xff,
  0xb5, 0x04, 0x00, 0x00, 0x00, 0x42, 0x0e, 0x10, 0x8f, 0x02, 0x42, 0x0e,
  0x18, 0x8e, 0x03, 0x42, 0x0e, 0x20, 0x8d, 0x04, 0x45, 0x0e, 0x28, 0x8c,
  0x05, 0x41, 0x0e, 0x30, 0x86, 0x06, 0x44, 0x0e, 0x40, 0x03, 0x77, 0x01,
  0x0a, 0x0e, 0x30, 0x41, 0x0e, 0x28, 0x42, 0x0e, 0x20, 0x42, 0x0e, 0x18,
  0x42, 0x0e, 0x10, 0x42, 0x0e, 0x08, 0x48, 0x0b, 0x03, 0xb1, 0x01, 0x0a,
  0x0e, 0x30, 0x43, 0x0e, 0x28, 0x42, 0x0e, 0x20, 0x42, 0x0e, 0x18, 0x42,
  0x0e, 0x10, 0x42, 0x0e, 0x08, 0x44, 0x0b, 0x00, 0x54, 0x00, 0x00, 0x00,
  0x6c, 0x07, 0x00, 0x00, 0x60, 0x59, 0xff, 0xff, 0xbb, 0x07, 0x00, 0x00,
  0x00, 0x42, 0x0e, 0x10, 0x8f, 0x02, 0x42, 0x0e, 0x18, 0x8e, 0x03, 0x42,
  0x0e, 0x20, 0x8d, 0x04, 0x45, 0x0e, 0x28, 0x8c, 0x05, 0x41, 0x0e, 0x30,
  0x86, 0x06, 0x41, 0x0e, 0x38, 0x83, 0x07, 0x44, 0x0e, 0x50, 0x02, 0x65,
  0x0e, 0x58, 0x49, 0x0e, 0x60, 0x59, 0x0e, 0x58, 0x46, 0x0e, 0x50, 0x5f,
  0x0a, 0x0e, 0x38, 0x44, 0x0e, 0x30, 0x41, 0x0e, 0x28, 0x42, 0x0e, 0x20,
  0x42, 0x0e, 0x18, 0x42, 0x0e, 0x10, 0x42, 0x0e, 0x08, 0x46, 0x0b, 0x00,
  0x48, 0x00, 0x00, 0x00, 0xc4, 0x07, 0x00, 0x00, 0xc8, 0x60, 0xff, 0xff,
  0x34, 0x17, 0x00, 0x00, 0x00, 0x42, 0x0e, 0x10, 0x8f, 0x02, 0x42, 0x0e,
  0x18, 0x8e, 0x03, 0x42, 0x0e, 0x20, 0x8d, 0x04, 0x42, 0x0e, 0x28, 0x8c,
  0x05, 0x41, 0x0e, 0x30, 0x86, 0x06, 0x41, 0x0e, 0x38, 0x83, 0x07, 0x44,
  0x0e, 0x60, 0x03, 0x50, 0x07, 0x0a, 0x0e, 0x38, 0x44, 0x0e, 0x30, 0x41,
  0x0e, 0x28, 0x42, 0x0e, 0x20, 0x42, 0x0e, 0x18, 0x42, 0x0e, 0x10, 0x42,
  0x0e, 0x08, 0x45, 0x0b, 0x5c, 0x00, 0x00, 0x00, 0x10, 0x08, 0x00, 0x00,
  0xbc, 0x77, 0xff, 0xff, 0x41, 0x1e, 0x00, 0x00, 0x00, 0x42, 0x0e, 0x10,
  0x8f, 0x02, 0x42, 0x0e, 0x18, 0x8e, 0x03, 0x42, 0x0e, 0x20, 0x8d, 0x04,
  0x42, 0x0e, 0x28, 0x8c, 0x05, 0x41, 0x0e, 0x30, 0x86, 0x06, 0x41, 0x0e,
  0x38, 0x83, 0x07, 0x47, 0x0e, 0x90, 0x01, 0x03, 0x83, 0x04, 0x0a, 0x0e,
  0x38, 0x44, 0x0e, 0x30, 0x41, 0x0e, 0x28, 0x42, 0x0e, 0x20, 0x42, 0x0e,
  0x18, 0x42, 0x0e, 0x10, 0x42, 0x0e, 0x08, 0x47, 0x0b, 0x03, 0x89, 0x04,
  0x0e, 0x98, 0x01, 0x57, 0x0e, 0xa0, 0x01, 0x52, 0x0e, 0x98, 0x01, 0x46,
  0x0e, 0x90, 0x01, 0x00, 0x48, 0x00, 0x00, 0x00, 0x70, 0x08, 0x00, 0x00,
  0xac, 0x95, 0xff, 0xff, 0xe6, 0x2b, 0x00, 0x00, 0x00, 0x42, 0x0e, 0x10,
  0x8f, 0x02, 0x42, 0x0e, 0x18, 0x8e, 0x03, 0x42, 0x0e, 0x20, 0x8d, 0x04,
  0x42, 0x0e, 0x28, 0x8c, 0x05, 0x41, 0x0e, 0x30, 0x86, 0x06, 0x41, 0x0e,
  0x38, 0x83, 0x07, 0x44, 0x0e, 0x60, 0x03, 0x77, 0x04, 0x0a, 0x0e, 0x38,
  0x44, 0x0e, 0x30, 0x41, 0x0e, 0x28, 0x42, 0x0e, 0x20, 0x42, 0x0e, 0x18,
  0x42, 0x0e, 0x10, 0x42, 0x0e, 0x08, 0x46, 0x0b, 0x14, 0x00, 0x00, 0x00,
  0xbc, 0x08, 0x00, 0x00, 0xf0, 0x32, 0xff, 0xff, 0x0c, 0x00, 0x00, 0x00,
  0x00, 0x00, 0x00, 0x00, 0x00, 0x00, 0x00, 0x00, 0x10, 0x00, 0x00, 0x00,
  0xd4, 0x08, 0x00, 0x00, 0x38, 0xc1, 0xff, 0xff, 0x18, 0x00, 0x00, 0x00,
  0x00, 0x00, 0x00, 0x00, 0x10, 0x00, 0x00, 0x00, 0xe8, 0x08, 0x00, 0x00,
  0x44, 0xc1, 0xff, 0xff, 0xb0, 0x00, 0x00, 0x00, 0x00, 0x00, 0x00, 0x00,
  0x00, 0x00, 0x00, 0x00, 0x00, 0x00, 0x00, 0x00, 0x00, 0x00, 0x00, 0x00,
  0x00, 0x00, 0x00, 0x00, 0x00, 0x00, 0x00, 0x00, 0x00, 0x00, 0x00, 0x00,
  0x00, 0x00, 0x00, 0x00, 0x00, 0x00, 0x00, 0x00, 0x00, 0x00, 0x00, 0x00,
  0x00, 0x00, 0x00, 0x00, 0x00, 0x00, 0x00, 0x00, 0x00, 0x00, 0x00, 0x00,
  0x00, 0x00, 0x00, 0x00, 0x00, 0x00, 0x00, 0x00, 0x00, 0x00, 0x00, 0x00,
  0x00, 0x00, 0x00, 0x00, 0x00, 0x00, 0x00, 0x00, 0x00, 0x00, 0x00, 0x00,
  0x00, 0x00, 0x00, 0x00, 0x00, 0x00, 0x00, 0x00, 0x00, 0x00, 0x00, 0x00,
  0x00, 0x00, 0x00, 0x00, 0x00, 0x00, 0x00, 0x00, 0x00, 0x00, 0x00, 0x00,
  0x00, 0x00, 0x00, 0x00, 0x00, 0x00, 0x00, 0x00, 0x00, 0x00, 0x00, 0x00,
  0x00, 0x00, 0x00, 0x00, 0x00, 0x00, 0x00, 0x00, 0x00, 0x00, 0x00, 0x00,
  0x00, 0x00, 0x00, 0x00, 0x00, 0x00, 0x00, 0x00, 0x00, 0x00, 0x00, 0x00,
  0x00, 0x00, 0x00, 0x00, 0x00, 0x00, 0x00, 0x00, 0x00, 0x00, 0x00, 0x00,
  0x00, 0x00, 0x00, 0x00, 0x00, 0x00, 0x00, 0x00, 0x00, 0x00, 0x00, 0x00,
  0x00, 0x00, 0x00, 0x00, 0x00, 0x00, 0x00, 0x00, 0x00, 0x00, 0x00, 0x00,
  0x00, 0x00, 0x00, 0x00, 0x00, 0x00, 0x00, 0x00, 0x00, 0x00, 0x00, 0x00,
  0x00, 0x00, 0x00, 0x00, 0x00, 0x00, 0x00, 0x00, 0x00, 0x00, 0x00, 0x00,
  0x00, 0x00, 0x00, 0x00, 0x00, 0x00, 0x00, 0x00, 0x00, 0x00, 0x00, 0x00,
  0x00, 0x00, 0x00, 0x00, 0x00, 0x00, 0x00, 0x00, 0x00, 0x00, 0x00, 0x00,
  0x00, 0x00, 0x00, 0x00, 0x00, 0x00, 0x00, 0x00, 0x00, 0x00, 0x00, 0x00,
  0x00, 0x00, 0x00, 0x00, 0x00, 0x00, 0x00, 0x00, 0x00, 0x00, 0x00, 0x00,
  0x00, 0x00, 0x00, 0x00, 0x00, 0x00, 0x00, 0x00, 0x00, 0x00, 0x00, 0x00,
  0x00, 0x00, 0x00, 0x00, 0x00, 0x00, 0x00, 0x00, 0x00, 0x00, 0x00, 0x00,
  0x00, 0x00, 0x00, 0x00, 0x00, 0x00, 0x00, 0x00, 0x00, 0x00, 0x00, 0x00,
  0x00, 0x00, 0x00, 0x00, 0x00, 0x00, 0x00, 0x00, 0x00, 0x00, 0x00, 0x00,
  0x00, 0x00, 0x00, 0x00, 0x00, 0x00, 0x00, 0x00, 0x00, 0x00, 0x00, 0x00,
  0x00, 0x00, 0x00, 0x00, 0x00, 0x00, 0x00, 0x00, 0x00, 0x00, 0x00, 0x00,
  0x00, 0x00, 0x00, 0x00, 0x00, 0x00, 0x00, 0x00, 0x00, 0x00, 0x00, 0x00,
  0x00, 0x00, 0x00, 0x00, 0x00, 0x00, 0x00, 0x00, 0x00, 0x00, 0x00, 0x00,
  0x00, 0x00, 0x00, 0x00, 0x00, 0x00, 0x00, 0x00, 0x00, 0x00, 0x00, 0x00,
  0x00, 0x00, 0x00, 0x00, 0x00, 0x00, 0x00, 0x00, 0x00, 0x00, 0x00, 0x00,
  0x00, 0x00, 0x00, 0x00, 0x00, 0x00, 0x00, 0x00, 0x00, 0x00, 0x00, 0x00,
  0x00, 0x00, 0x00, 0x00, 0x00, 0x00, 0x00, 0x00, 0x00, 0x00, 0x00, 0x00,
  0x00, 0x00, 0x00, 0x00, 0x00, 0x00, 0x00, 0x00, 0x00, 0x00, 0x00, 0x00,
  0x00, 0x00, 0x00, 0x00, 0x00, 0x00, 0x00, 0x00, 0x00, 0x00, 0x00, 0x00,
  0x00, 0x00, 0x00, 0x00, 0x00, 0x00, 0x00, 0x00, 0x00, 0x00, 0x00, 0x00,
  0x00, 0x00, 0x00, 0x00, 0x00, 0x00, 0x00, 0x00, 0x00, 0x00, 0x00, 0x00,
  0x00, 0x00, 0x00, 0x00, 0x00, 0x00, 0x00, 0x00, 0x00, 0x00, 0x00, 0x00,
  0x00, 0x00, 0x00, 0x00, 0x00, 0x00, 0x00, 0x00, 0x00, 0x00, 0x00, 0x00,
  0x00, 0x00, 0x00, 0x00, 0x00, 0x00, 0x00, 0x00, 0x00, 0x00, 0x00, 0x00,
  0x00, 0x00, 0x00, 0x00, 0x00, 0x00, 0x00, 0x00, 0x00, 0x00, 0x00, 0x00,
  0x00, 0x00, 0x00, 0x00, 0x00, 0x00, 0x00, 0x00, 0x00, 0x00, 0x00, 0x00,
  0x00, 0x00, 0x00, 0x00, 0x00, 0x00, 0x00, 0x00, 0x00, 0x00, 0x00, 0x00,
  0x00, 0x00, 0x00, 0x00, 0x00, 0x00, 0x00, 0x00, 0x00, 0x00, 0x00, 0x00,
  0x00, 0x00, 0x00, 0x00, 0x00, 0x00, 0x00, 0x00, 0x00, 0x00, 0x00, 0x00,
  0x00, 0x00, 0x00, 0x00, 0x00, 0x00, 0x00, 0x00, 0x00, 0x00, 0x00, 0x00,
  0x00, 0x00, 0x00, 0x00, 0x00, 0x00, 0x00, 0x00, 0x00, 0x00, 0x00, 0x00,
  0x00, 0x00, 0x00, 0x00, 0x00, 0x00, 0x00, 0x00, 0x00, 0x00, 0x00, 0x00,
  0x00, 0x00, 0x00, 0x00, 0x00, 0x00, 0x00, 0x00, 0x00, 0x00, 0x00, 0x00,
  0x00, 0x00, 0x00, 0x00, 0x00, 0x00, 0x00, 0x00, 0x00, 0x00, 0x00, 0x00,
  0x00, 0x00, 0x00, 0x00, 0x00, 0x00, 0x00, 0x00, 0x00, 0x00, 0x00, 0x00,
  0x00, 0x00, 0x00, 0x00, 0x00, 0x00, 0x00, 0x00, 0x00, 0x00, 0x00, 0x00,
  0x00, 0x00, 0x00, 0x00, 0x00, 0x00, 0x00, 0x00, 0x00, 0x00, 0x00, 0x00,
  0x00, 0x00, 0x00, 0x00, 0x00, 0x00, 0x00, 0x00, 0x00, 0x00, 0x00, 0x00,
  0x00, 0x00, 0x00, 0x00, 0x00, 0x00, 0x00, 0x00, 0x00, 0x00, 0x00, 0x00,
  0x00, 0x00, 0x00, 0x00, 0x00, 0x00, 0x00, 0x00, 0x00, 0x00, 0x00, 0x00,
  0x00, 0x00, 0x00, 0x00, 0x00, 0x00, 0x00, 0x00, 0x00, 0x00, 0x00, 0x00,
  0x00, 0x00, 0x00, 0x00, 0x00, 0x00, 0x00, 0x00, 0x00, 0x00, 0x00, 0x00,
  0x00, 0x00, 0x00, 0x00, 0x00, 0x00, 0x00, 0x00, 0x00, 0x00, 0x00, 0x00,
  0x00, 0x00, 0x00, 0x00, 0x00, 0x00, 0x00, 0x00, 0x00, 0x00, 0x00, 0x00,
  0x00, 0x00, 0x00, 0x00, 0x00, 0x00, 0x00, 0x00, 0x00, 0x00, 0x00, 0x00,
  0x00, 0x00, 0x00, 0x00, 0x00, 0x00, 0x00, 0x00, 0x00, 0x00, 0x00, 0x00,
  0x00, 0x00, 0x00, 0x00, 0x00, 0x00, 0x00, 0x00, 0x00, 0x00, 0x00, 0x00,
  0x00, 0x00, 0x00, 0x00, 0x00, 0x00, 0x00, 0x00, 0x00, 0x00, 0x00, 0x00,
  0x00, 0x00, 0x00, 0x00, 0x00, 0x00, 0x00, 0x00, 0x00, 0x00, 0x00, 0x00,
  0x00, 0x00, 0x00, 0x00, 0x00, 0x00, 0x00, 0x00, 0x00, 0x00, 0x00, 0x00,
  0x00, 0x00, 0x00, 0x00, 0x00, 0x00, 0x00, 0x00, 0x00, 0x00, 0x00, 0x00,
  0x00, 0x00, 0x00, 0x00, 0x00, 0x00, 0x00, 0x00, 0x00, 0x00, 0x00, 0x00,
  0x00, 0x00, 0x00, 0x00, 0x00, 0x00, 0x00, 0x00, 0x00, 0x00, 0x00, 0x00,
  0x00, 0x00, 0x00, 0x00, 0x00, 0x00, 0x00, 0x00, 0x00, 0x00, 0x00, 0x00,
  0x00, 0x00, 0x00, 0x00, 0x00, 0x00, 0x00, 0x00, 0x00, 0x00, 0x00, 0x00,
  0x00, 0x00, 0x00, 0x00, 0x00, 0x00, 0x00, 0x00, 0x00, 0x00, 0x00, 0x00,
  0x00, 0x00, 0x00, 0x00, 0x00, 0x00, 0x00, 0x00, 0x00, 0x00, 0x00, 0x00,
  0x00, 0x00, 0x00, 0x00, 0x00, 0x00, 0x00, 0x00, 0x00, 0x00, 0x00, 0x00,
  0x00, 0x00, 0x00, 0x00, 0x00, 0x00, 0x00, 0x00, 0x00, 0x00, 0x00, 0x00,
  0x00, 0x00, 0x00, 0x00, 0x00, 0x00, 0x00, 0x00, 0x00, 0x00, 0x00, 0x00,
  0x00, 0x00, 0x00, 0x00, 0x00, 0x00, 0x00, 0x00, 0x00, 0x00, 0x00, 0x00,
  0x00, 0x00, 0x00, 0x00, 0x00, 0x00, 0x00, 0x00, 0x00, 0x00, 0x00, 0x00,
  0x00, 0x00, 0x00, 0x00, 0x00, 0x00, 0x00, 0x00, 0x00, 0x00, 0x00, 0x00,
  0x00, 0x00, 0x00, 0x00, 0x00, 0x00, 0x00, 0x00, 0x00, 0x00, 0x00, 0x00,
  0x00, 0x00, 0x00, 0x00, 0x00, 0x00, 0x00, 0x00, 0x00, 0x00, 0x00, 0x00,
  0x00, 0x00, 0x00, 0x00, 0x00, 0x00, 0x00, 0x00, 0x00, 0x00, 0x00, 0x00,
  0x00, 0x00, 0x00, 0x00, 0x00, 0x00, 0x00, 0x00, 0x00, 0x00, 0x00, 0x00,
  0x00, 0x00, 0x00, 0x00, 0x00, 0x00, 0x00, 0x00, 0x00, 0x00, 0x00, 0x00,
  0x00, 0x00, 0x00, 0x00, 0x00, 0x00, 0x00, 0x00, 0x00, 0x00, 0x00, 0x00,
  0x00, 0x00, 0x00, 0x00, 0x00, 0x00, 0x00, 0x00, 0x00, 0x00, 0x00, 0x00,
  0x00, 0x00, 0x00, 0x00, 0x00, 0x00, 0x00, 0x00, 0x00, 0x00, 0x00, 0x00,
  0x00, 0x00, 0x00, 0x00, 0x00, 0x00, 0x00, 0x00, 0x00, 0x00, 0x00, 0x00,
  0x00, 0x00, 0x00, 0x00, 0x00, 0x00, 0x00, 0x00, 0x00, 0x00, 0x00, 0x00,
  0x00, 0x00, 0x00, 0x00, 0x00, 0x00, 0x00, 0x00, 0x00, 0x00, 0x00, 0x00,
  0x00, 0x00, 0x00, 0x00, 0x00, 0x00, 0x00, 0x00, 0x00, 0x00, 0x00, 0x00,
  0x00, 0x00, 0x00, 0x00, 0x00, 0x00, 0x00, 0x00, 0x00, 0x00, 0x00, 0x00,
  0x00, 0x00, 0x00, 0x00, 0x00, 0x00, 0x00, 0x00, 0x00, 0x00, 0x00, 0x00,
  0x00, 0x00, 0x00, 0x00, 0x00, 0x00, 0x00, 0x00, 0x00, 0x00, 0x00, 0x00,
  0x00, 0x00, 0x00, 0x00, 0x00, 0x00, 0x00, 0x00, 0x00, 0x00, 0x00, 0x00,
  0x00, 0x00, 0x00, 0x00, 0x00, 0x00, 0x00, 0x00, 0x00, 0x00, 0x00, 0x00,
  0x00, 0x00, 0x00, 0x00, 0x00, 0x00, 0x00, 0x00, 0x00, 0x00, 0x00, 0x00,
  0x00, 0x00, 0x00, 0x00, 0x00, 0x00, 0x00, 0x00, 0x00, 0x00, 0x00, 0x00,
  0x00, 0x00, 0x00, 0x00, 0x00, 0x00, 0x00, 0x00, 0x00, 0x00, 0x00, 0x00,
  0x00, 0x00, 0x00, 0x00, 0x00, 0x00, 0x00, 0x00, 0x00, 0x00, 0x00, 0x00,
  0x00, 0x00, 0x00, 0x00, 0x00, 0x00, 0x00, 0x00, 0x00, 0x00, 0x00, 0x00,
  0x00, 0x00, 0x00, 0x00, 0x00, 0x00, 0x00, 0x00, 0x00, 0x00, 0x00, 0x00,
  0x00, 0x00, 0x00, 0x00, 0x00, 0x00, 0x00, 0x00, 0x00, 0x00, 0x00, 0x00,
  0x00, 0x00, 0x00, 0x00, 0x00, 0x00, 0x00, 0x00, 0x00, 0x00, 0x00, 0x00,
  0x00, 0x00, 0x00, 0x00, 0x00, 0x00, 0x00, 0x00, 0x00, 0x00, 0x00, 0x00,
  0x00, 0x00, 0x00, 0x00, 0x00, 0x00, 0x00, 0x00, 0x00, 0x00, 0x00, 0x00,
  0x00, 0x00, 0x00, 0x00, 0x00, 0x00, 0x00, 0x00, 0x00, 0x00, 0x00, 0x00,
  0x00, 0x00, 0x00, 0x00, 0x00, 0x00, 0x00, 0x00, 0x00, 0x00, 0x00, 0x00,
  0x00, 0x00, 0x00, 0x00, 0x00, 0x00, 0x00, 0x00, 0x00, 0x00, 0x00, 0x00,
  0x00, 0x00, 0x00, 0x00, 0x00, 0x00, 0x00, 0x00, 0x00, 0x00, 0x00, 0x00,
  0x00, 0x00, 0x00, 0x00, 0x00, 0x00, 0x00, 0x00, 0x00, 0x00, 0x00, 0x00,
  0x00, 0x00, 0x00, 0x00, 0x00, 0x00, 0x00, 0x00, 0x00, 0x00, 0x00, 0x00,
  0x00, 0x00, 0x00, 0x00, 0x00, 0x00, 0x00, 0x00, 0x00, 0x00, 0x00, 0x00,
  0x00, 0x00, 0x00, 0x00, 0x00, 0x00, 0x00, 0x00, 0x00, 0x00, 0x00, 0x00,
  0x00, 0x00, 0x00, 0x00, 0x00, 0x00, 0x00, 0x00, 0x00, 0x00, 0x00, 0x00,
  0x00, 0x00, 0x00, 0x00, 0x00, 0x00, 0x00, 0x00, 0x00, 0x00, 0x00, 0x00,
  0x00, 0x00, 0x00, 0x00, 0x00, 0x00, 0x00, 0x00, 0x00, 0x00, 0x00, 0x00,
  0x00, 0x00, 0x00, 0x00, 0x00, 0x00, 0x00, 0x00, 0x00, 0x00, 0x00, 0x00,
  0x00, 0x00, 0x00, 0x00, 0x00, 0x00, 0x00, 0x00, 0x00, 0x00, 0x00, 0x00,
  0x00, 0x00, 0x00, 0x00, 0x00, 0x00, 0x00, 0x00, 0x00, 0x00, 0x00, 0x00,
  0x00, 0x00, 0x00, 0x00, 0x00, 0x00, 0x00, 0x00, 0x00, 0x00, 0x00, 0x00,
  0x00, 0x00, 0x00, 0x00, 0x00, 0x00, 0x00, 0x00, 0x00, 0x00, 0x00, 0x00,
  0x00, 0x00, 0x00, 0x00, 0x00, 0x00, 0x00, 0x00, 0x00, 0x00, 0x00, 0x00,
  0x00, 0x00, 0x00, 0x00, 0x00, 0x00, 0x00, 0x00, 0x00, 0x00, 0x00, 0x00,
  0x00, 0x00, 0x00, 0x00, 0x00, 0x00, 0x00, 0x00, 0x00, 0x00, 0x00, 0x00,
  0x00, 0x00, 0x00, 0x00, 0x00, 0x00, 0x00, 0x00, 0x00, 0x00, 0x00, 0x00,
  0x00, 0x00, 0x00, 0x00, 0x00, 0x00, 0x00, 0x00, 0x00, 0x00, 0x00, 0x00,
  0x00, 0x00, 0x00, 0x00, 0x00, 0x00, 0x00, 0x00, 0x00, 0x00, 0x00, 0x00,
  0x00, 0x00, 0x00, 0x00, 0x00, 0x00, 0x00, 0x00, 0x00, 0x00, 0x00, 0x00,
  0x00, 0x00, 0x00, 0x00, 0x00, 0x00, 0x00, 0x00, 0x00, 0x00, 0x00, 0x00,
  0x00, 0x00, 0x00, 0x00, 0x00, 0x00, 0x00, 0x00, 0x00, 0x00, 0x00, 0x00,
  0x00, 0x00, 0x00, 0x00, 0x00, 0x00, 0x00, 0x00, 0x00, 0x00, 0x00, 0x00,
  0x00, 0x00, 0x00, 0x00, 0x00, 0x00, 0x00, 0x00, 0x00, 0x00, 0x00, 0x00,
  0x00, 0x00, 0x00, 0x00, 0x00, 0x00, 0x00, 0x00, 0x00, 0x00, 0x00, 0x00,
  0x00, 0x00, 0x00, 0x00, 0x00, 0x00, 0x00, 0x00, 0x00, 0x00, 0x00, 0x00,
  0x00, 0x00, 0x00, 0x00, 0x00, 0x00, 0x00, 0x00, 0x00, 0x00, 0x00, 0x00,
  0x00, 0x00, 0x00, 0x00, 0x00, 0x00, 0x00, 0x00, 0x00, 0x00, 0x00, 0x00,
  0x00, 0x00, 0x00, 0x00, 0x00, 0x00, 0x00, 0x00, 0x00, 0x00, 0x00, 0x00,
  0x00, 0x00, 0x00, 0x00, 0x00, 0x00, 0x00, 0x00, 0x00, 0x00, 0x00, 0x00,
  0x00, 0x00, 0x00, 0x00, 0x00, 0x00, 0x00, 0x00, 0x00, 0x00, 0x00, 0x00,
  0x00, 0x00, 0x00, 0x00, 0x00, 0x00, 0x00, 0x00, 0x00, 0x00, 0x00, 0x00,
  0x00, 0x00, 0x00, 0x00, 0x00, 0x00, 0x00, 0x00, 0x00, 0x00, 0x00, 0x00,
  0x00, 0x00, 0x00, 0x00, 0x00, 0x00, 0x00, 0x00, 0x00, 0x00, 0x00, 0x00,
  0x00, 0x00, 0x00, 0x00, 0x00, 0x00, 0x00, 0x00, 0x00, 0x00, 0x00, 0x00,
  0x00, 0x00, 0x00, 0x00, 0x00, 0x00, 0x00, 0x00, 0x00, 0x00, 0x00, 0x00,
  0x00, 0x00, 0x00, 0x00, 0x00, 0x00, 0x00, 0x00, 0x00, 0x00, 0x00, 0x00,
  0x00, 0x00, 0x00, 0x00, 0x00, 0x00, 0x00, 0x00, 0x00, 0x00, 0x00, 0x00,
  0x00, 0x00, 0x00, 0x00, 0x00, 0x00, 0x00, 0x00, 0x00, 0x00, 0x00, 0x00,
  0x00, 0x00, 0x00, 0x00, 0x00, 0x00, 0x00, 0x00, 0x00, 0x00, 0x00, 0x00,
  0x00, 0x00, 0x00, 0x00, 0x00, 0x00, 0x00, 0x00, 0x00, 0x00, 0x00, 0x00,
  0x00, 0x00, 0x00, 0x00, 0x00, 0x00, 0x00, 0x00, 0x00, 0x00, 0x00, 0x00,
  0x00, 0x00, 0x00, 0x00, 0x00, 0x00, 0x00, 0x00, 0x00, 0x00, 0x00, 0x00,
  0x00, 0x00, 0x00, 0x00, 0x00, 0x00, 0x00, 0x00, 0x00, 0x00, 0x00, 0x00,
  0x00, 0x00, 0x00, 0x00, 0x00, 0x00, 0x00, 0x00, 0x00, 0x00, 0x00, 0x00,
  0x00, 0x00, 0x00, 0x00, 0x00, 0x00, 0x00, 0x00, 0x00, 0x00, 0x00, 0x00,
  0x00, 0x00, 0x00, 0x00, 0x00, 0x00, 0x00, 0x00, 0x00, 0x00, 0x00, 0x00,
  0x00, 0x00, 0x00, 0x00, 0x00, 0x00, 0x00, 0x00, 0x00, 0x00, 0x00, 0x00,
  0x00, 0x00, 0x00, 0x00, 0x00, 0x00, 0x00, 0x00, 0x00, 0x00, 0x00, 0x00,
  0x00, 0x00, 0x00, 0x00, 0x00, 0x00, 0x00, 0x00, 0x00, 0x00, 0x00, 0x00,
  0x00, 0x00, 0x00, 0x00, 0x00, 0x00, 0x00, 0x00, 0x00, 0x00, 0x00, 0x00,
  0x00, 0x00, 0x00, 0x00, 0x00, 0x00, 0x00, 0x00, 0x00, 0x00, 0x00, 0x00,
  0x00, 0x00, 0x00, 0x00, 0x00, 0x00, 0x00, 0x00, 0x00, 0x00, 0x00, 0x00,
  0x00, 0x00, 0x00, 0x00, 0x00, 0x00, 0x00, 0x00, 0x00, 0x00, 0x00, 0x00,
  0x00, 0x00, 0x00, 0x00, 0x00, 0x00, 0x00, 0x00, 0x00, 0x00, 0x00, 0x00,
  0x00, 0x00, 0x00, 0x00, 0x00, 0x00, 0x00, 0x00, 0x00, 0x00, 0x00, 0x00,
  0x00, 0x00, 0x00, 0x00, 0x00, 0x00, 0x00, 0x00, 0x00, 0x00, 0x00, 0x00,
  0x00, 0x00, 0x00, 0x00, 0x00, 0x00, 0x00, 0x00, 0x00, 0x00, 0x00, 0x00,
  0x00, 0x00, 0x00, 0x00, 0x00, 0x00, 0x00, 0x00, 0x00, 0x00, 0x00, 0x00,
  0x00, 0x00, 0x00, 0x00, 0x00, 0x00, 0x00, 0x00, 0x00, 0x00, 0x00, 0x00,
  0x00, 0x00, 0x00, 0x00, 0x00, 0x00, 0x00, 0x00, 0x00, 0x00, 0x00, 0x00,
  0x00, 0x00, 0x00, 0x00, 0x00, 0x00, 0x00, 0x00, 0x00, 0x00, 0x00, 0x00,
  0x00, 0x00, 0x00, 0x00, 0x00, 0x00, 0x00, 0x00, 0x00, 0x00, 0x00, 0x00,
  0x00, 0x00, 0x00, 0x00, 0x00, 0x00, 0x00, 0x00, 0x00, 0x00, 0x00, 0x00,
  0x00, 0x00, 0x00, 0x00, 0x00, 0x00, 0x00, 0x00, 0x00, 0x00, 0x00, 0x00,
  0x00, 0x00, 0x00, 0x00, 0x00, 0x00, 0x00, 0x00, 0x00, 0x00, 0x00, 0x00,
  0x00, 0x00, 0x00, 0x00, 0x00, 0x00, 0x00, 0x00, 0x00, 0x00, 0x00, 0x00,
  0x00, 0x00, 0x00, 0x00, 0x00, 0x00, 0x00, 0x00, 0x00, 0x00, 0x00, 0x00,
  0x00, 0x00, 0x00, 0x00, 0x00, 0x00, 0x00, 0x00, 0x00, 0x00, 0x00, 0x00,
  0x00, 0x00, 0x00, 0x00, 0x00, 0x00, 0x00, 0x00, 0x00, 0x00, 0x00, 0x00,
  0x00, 0x00, 0x00, 0x00, 0x00, 0x00, 0x00, 0x00, 0x00, 0x00, 0x00, 0x00,
  0x00, 0x00, 0x00, 0x00, 0x00, 0x00, 0x00, 0x00, 0x00, 0x00, 0x00, 0x00,
  0x00, 0x00, 0x00, 0x00, 0x00, 0x00, 0x00, 0x00, 0x00, 0x00, 0x00, 0x00,
  0x00, 0x00, 0x00, 0x00, 0x00, 0x00, 0x00, 0x00, 0x00, 0x00, 0x00, 0x00,
  0x00, 0x00, 0x00, 0x00, 0x00, 0x00, 0x00, 0x00, 0x00, 0x00, 0x00, 0x00,
  0x00, 0x00, 0x00, 0x00, 0x00, 0x00, 0x00, 0x00, 0x00, 0x00, 0x00, 0x00,
  0x00, 0x00, 0x00, 0x00, 0x00, 0x00, 0x00, 0x00, 0x00, 0x00, 0x00, 0x00,
  0x00, 0x00, 0x00, 0x00, 0x00, 0x00, 0x00, 0x00, 0x00, 0x00, 0x00, 0x00,
  0x00, 0x00, 0x00, 0x00, 0x00, 0x00, 0x00, 0x00, 0x00, 0x00, 0x00, 0x00,
  0x00, 0x00, 0x00, 0x00, 0x00, 0x00, 0x00, 0x00, 0x00, 0x00, 0x00, 0x00,
  0x00, 0x00, 0x00, 0x00, 0x00, 0x00, 0x00, 0x00, 0x00, 0x00, 0x00, 0x00,
  0x00, 0x00, 0x00, 0x00, 0x00, 0x00, 0x00, 0x00, 0x00, 0x00, 0x00, 0x00,
  0x00, 0x00, 0x00, 0x00, 0x00, 0x00, 0x00, 0x00, 0x00, 0x00, 0x00, 0x00,
  0x00, 0x00, 0x00, 0x00, 0x00, 0x00, 0x00, 0x00, 0x00, 0x00, 0x00, 0x00,
  0x00, 0x00, 0x00, 0x00, 0x00, 0x00, 0x00, 0x00, 0x00, 0x00, 0x00, 0x00,
  0x00, 0x00, 0x00, 0x00, 0x00, 0x00, 0x00, 0x00, 0x00, 0x00, 0x00, 0x00,
  0x00, 0x00, 0x00, 0x00, 0x00, 0x00, 0x00, 0x00, 0x00, 0x00, 0x00, 0x00,
  0x00, 0x00, 0x00, 0x00, 0x00, 0x00, 0x00, 0x00, 0x00, 0x00, 0x00, 0x00,
  0x00, 0x00, 0x00, 0x00, 0x00, 0x00, 0x00, 0x00, 0x00, 0x00, 0x00, 0x00,
  0x00, 0x00, 0x00, 0x00, 0x00, 0x00, 0x00, 0x00, 0x00, 0x00, 0x00, 0x00,
  0x00, 0x00, 0x00, 0x00, 0x00, 0x00, 0x00, 0x00, 0x00, 0x00, 0x00, 0x00,
  0x00, 0x00, 0x00, 0x00, 0x00, 0x00, 0x00, 0x00, 0x00, 0x00, 0x00, 0x00,
  0x00, 0x00, 0x00, 0x00, 0x00, 0x00, 0x00, 0x00, 0x00, 0x00, 0x00, 0x00,
  0x00, 0x00, 0x00, 0x00, 0x00, 0x00, 0x00, 0x00, 0x00, 0x00, 0x00, 0x00,
  0x00, 0x00, 0x00, 0x00, 0x00, 0x00, 0x00, 0x00, 0x00, 0x00, 0x00, 0x00,
  0x00, 0x00, 0x00, 0x00, 0x00, 0x00, 0x00, 0x00, 0x00, 0x00, 0x00, 0x00,
  0x00, 0x00, 0x00, 0x00, 0x00, 0x00, 0x00, 0x00, 0x00, 0x00, 0x00, 0x00,
  0x00, 0x00, 0x00, 0x00, 0x00, 0x00, 0x00, 0x00, 0x00, 0x00, 0x00, 0x00,
  0x00, 0x00, 0x00, 0x00, 0x00, 0x00, 0x00, 0x00, 0x00, 0x00, 0x00, 0x00,
  0x00, 0x00, 0x00, 0x00, 0x00, 0x00, 0x00, 0x00, 0x00, 0x00, 0x00, 0x00,
  0x00, 0x00, 0x00, 0x00, 0x00, 0x00, 0x00, 0x00, 0x00, 0x00, 0x00, 0x00,
  0x00, 0x00, 0x00, 0x00, 0x00, 0x00, 0x00, 0x00, 0x00, 0x00, 0x00, 0x00,
  0x00, 0x00, 0x00, 0x00, 0x00, 0x00, 0x00, 0x00, 0x00, 0x00, 0x00, 0x00,
  0x00, 0x00, 0x00, 0x00, 0x00, 0x00, 0x00, 0x00, 0x00, 0x00, 0x00, 0x00,
  0x00, 0x00, 0x00, 0x00, 0x00, 0x00, 0x00, 0x00, 0x00, 0x00, 0x00, 0x00,
  0x00, 0x00, 0x00, 0x00, 0x00, 0x00, 0x00, 0x00, 0x00, 0x00, 0x00, 0x00,
  0x00, 0x00, 0x00, 0x00, 0x00, 0x00, 0x00, 0x00, 0x00, 0x00, 0x00, 0x00,
  0x00, 0x00, 0x00, 0x00, 0x00, 0x00, 0x00, 0x00, 0x00, 0x00, 0x00, 0x00,
  0x00, 0x00, 0x00, 0x00, 0x00, 0x00, 0x00, 0x00, 0x00, 0x00, 0x00, 0x00,
  0x00, 0x00, 0x00, 0x00, 0x00, 0x00, 0x00, 0x00, 0x00, 0x00, 0x00, 0x00,
  0x00, 0x00, 0x00, 0x00, 0x00, 0x00, 0x00, 0x00, 0x00, 0x00, 0x00, 0x00,
  0x00, 0x00, 0x00, 0x00, 0x00, 0x00, 0x00, 0x00, 0x00, 0x00, 0x00, 0x00,
  0x00, 0x00, 0x00, 0x00, 0x00, 0x00, 0x00, 0x00, 0x00, 0x00, 0x00, 0x00,
  0x00, 0x00, 0x00, 0x00, 0x00, 0x00, 0x00, 0x00, 0x00, 0x00, 0x00, 0x00,
  0x00, 0x00, 0x00, 0x00, 0x00, 0x00, 0x00, 0x00, 0x00, 0x00, 0x00, 0x00,
  0x00, 0x00, 0x00, 0x00, 0x00, 0x00, 0x00, 0x00, 0x00, 0x00, 0x00, 0x00,
  0x00, 0x00, 0x00, 0x00, 0x00, 0x00, 0x00, 0x00, 0x00, 0x00, 0x00, 0x00,
  0x00, 0x00, 0x00, 0x00, 0x00, 0x00, 0x00, 0x00, 0x00, 0x00, 0x00, 0x00,
  0x00, 0x00, 0x00, 0x00, 0x00, 0x00, 0x00, 0x00, 0x00, 0x00, 0x00, 0x00,
  0x00, 0x00, 0x00, 0x00, 0x00, 0x00, 0x00, 0x00, 0x00, 0x00, 0x00, 0x00,
  0x00, 0x00, 0x00, 0x00, 0x00, 0x00, 0x00, 0x00, 0x00, 0x00, 0x00, 0x00,
  0x00, 0x00, 0x00, 0x00, 0x00, 0x00, 0x00, 0x00, 0x00, 0x00, 0x00, 0x00,
  0x00, 0x00, 0x00, 0x00, 0x00, 0x00, 0x00, 0x00, 0x00, 0x00, 0x00, 0x00,
  0x00, 0x00, 0x00, 0x00, 0x00, 0x00, 0x00, 0x00, 0x00, 0x00, 0x00, 0x00,
  0x00, 0x00, 0x00, 0x00, 0x00, 0x00, 0x00, 0x00, 0x00, 0x00, 0x00, 0x00,
  0x00, 0x00, 0x00, 0x00, 0x00, 0x00, 0x00, 0x00, 0x00, 0x00, 0x00, 0x00,
  0x00, 0x00, 0x00, 0x00, 0x00, 0x00, 0x00, 0x00, 0x00, 0x00, 0x00, 0x00,
  0x00, 0x00, 0x00, 0x00, 0x00, 0x00, 0x00, 0x00, 0x00, 0x00, 0x00, 0x00,
  0x00, 0x00, 0x00, 0x00, 0x00, 0x00, 0x00, 0x00, 0x00, 0x00, 0x00, 0x00,
  0x00, 0x00, 0x00, 0x00, 0x00, 0x00, 0x00, 0x00, 0x00, 0x00, 0x00, 0x00,
  0x00, 0x00, 0x00, 0x00, 0x00, 0x00, 0x00, 0x00, 0x00, 0x00, 0x00, 0x00,
  0x00, 0x00, 0x00, 0x00, 0x00, 0x00, 0x00, 0x00, 0x00, 0x00, 0x00, 0x00,
  0x00, 0x00, 0x00, 0x00, 0x00, 0x00, 0x00, 0x00, 0x00, 0x00, 0x00, 0x00,
  0x00, 0x00, 0x00, 0x00, 0x00, 0x00, 0x00, 0x00, 0x00, 0x00, 0x00, 0x00,
  0x00, 0x00, 0x00, 0x00, 0x00, 0x00, 0x00, 0x00, 0x00, 0x00, 0x00, 0x00,
  0x00, 0x00, 0x00, 0x00, 0x00, 0x00, 0x00, 0x00, 0x00, 0x00, 0x00, 0x00,
  0x00, 0x00, 0x00, 0x00, 0x00, 0x00, 0x00, 0x00, 0x00, 0x00, 0x00, 0x00,
  0x00, 0x00, 0x00, 0x00, 0x00, 0x00, 0x00, 0x00, 0x00, 0x00, 0x00, 0x00,
  0x00, 0x00, 0x00, 0x00, 0x00, 0x00, 0x00, 0x00, 0x00, 0x00, 0x00, 0x00,
  0x00, 0x00, 0x00, 0x00, 0x00, 0x00, 0x00, 0x00, 0x00, 0x00, 0x00, 0x00,
  0x00, 0x00, 0x00, 0x00, 0x00, 0x00, 0x00, 0x00, 0x00, 0x00, 0x00, 0x00,
  0x00, 0x00, 0x00, 0x00, 0x00, 0x00, 0x00, 0x00, 0x00, 0x00, 0x00, 0x00,
  0x00, 0x00, 0x00, 0x00, 0x00, 0x00, 0x00, 0x00, 0x00, 0x00, 0x00, 0x00,
  0x00, 0x00, 0x00, 0x00, 0x00, 0x00, 0x00, 0x00, 0x00, 0x00, 0x00, 0x00,
  0x00, 0x00, 0x00, 0x00, 0x00, 0x00, 0x00, 0x00, 0x00, 0x00, 0x00, 0x00,
  0x00, 0x00, 0x00, 0x00, 0x00, 0x00, 0x00, 0x00, 0x00, 0x00, 0x00, 0x00,
  0x00, 0x00, 0x00, 0x00, 0x00, 0x00, 0x00, 0x00, 0x00, 0x00, 0x00, 0x00,
  0x00, 0x00, 0x00, 0x00, 0x00, 0x00, 0x00, 0x00, 0x00, 0x00, 0x00, 0x00,
  0x00, 0x00, 0x00, 0x00, 0x00, 0x00, 0x00, 0x00, 0x00, 0x00, 0x00, 0x00,
  0x00, 0x00, 0x00, 0x00, 0x00, 0x00, 0x00, 0x00, 0x00, 0x00, 0x00, 0x00,
  0x00, 0x00, 0x00, 0x00, 0x00, 0x00, 0x00, 0x00, 0x00, 0x00, 0x00, 0x00,
  0x00, 0x00, 0x00, 0x00, 0x00, 0x00, 0x00, 0x00, 0x00, 0x00, 0x00, 0x00,
  0x00, 0x00, 0x00, 0x00, 0x00, 0x00, 0x00, 0x00, 0x00, 0x00, 0x00, 0x00,
  0x00, 0x00, 0x00, 0x00, 0x00, 0x00, 0x00, 0x00, 0x00, 0x00, 0x00, 0x00,
  0x00, 0x00, 0x00, 0x00, 0x00, 0x00, 0x00, 0x00, 0x00, 0x00, 0x00, 0x00,
  0x00, 0x00, 0x00, 0x00, 0x00, 0x00, 0x00, 0x00, 0x00, 0x00, 0x00, 0x00,
  0x00, 0x00, 0x00, 0x00, 0x00, 0x00, 0x00, 0x00, 0x00, 0x00, 0x00, 0x00,
  0x00, 0x00, 0x00, 0x00, 0x00, 0x00, 0x00, 0x00, 0x00, 0x00, 0x00, 0x00,
  0x00, 0x00, 0x00, 0x00, 0x00, 0x00, 0x00, 0x00, 0x00, 0x00, 0x00, 0x00,
  0x00, 0x00, 0x00, 0x00, 0x00, 0x00, 0x00, 0x00, 0x00, 0x00, 0x00, 0x00,
  0x00, 0x00, 0x00, 0x00, 0x00, 0x00, 0x00, 0x00, 0x00, 0x00, 0x00, 0x00,
  0x00, 0x00, 0x00, 0x00, 0x00, 0x00, 0x00, 0x00, 0x00, 0x00, 0x00, 0x00,
  0x00, 0x00, 0x00, 0x00, 0x00, 0x00, 0x00, 0x00, 0x00, 0x00, 0x00, 0x00,
  0x00, 0x00, 0x00, 0x00, 0x00, 0x00, 0x00, 0x00, 0x00, 0x00, 0x00, 0x00,
  0x00, 0x00, 0x00, 0x00, 0x00, 0x00, 0x00, 0x00, 0x00, 0x00, 0x00, 0x00,
  0x00, 0x00, 0x00, 0x00, 0x00, 0x00, 0x00, 0x00, 0x00, 0x00, 0x00, 0x00,
  0x00, 0x00, 0x00, 0x00, 0x00, 0x00, 0x00, 0x00, 0x00, 0x00, 0x00, 0x00,
  0x00, 0x00, 0x00, 0x00, 0x00, 0x00, 0x00, 0x00, 0x00, 0x00, 0x00, 0x00,
  0x00, 0x00, 0x00, 0x00, 0x00, 0x00, 0x00, 0x00, 0x00, 0x00, 0x00, 0x00,
  0x00, 0x00, 0x00, 0x00, 0x00, 0x00, 0x00, 0x00, 0x00, 0x00, 0x00, 0x00,
  0x00, 0x00, 0x00, 0x00, 0x00, 0x00, 0x00, 0x00, 0x00, 0x00, 0x00, 0x00,
  0x00, 0x00, 0x00, 0x00, 0x00, 0x00, 0x00, 0x00, 0x00, 0x00, 0x00, 0x00,
  0x00, 0x00, 0x00, 0x00, 0x00, 0x00, 0x00, 0x00, 0x00, 0x00, 0x00, 0x00,
  0x00, 0x00, 0x00, 0x00, 0x00, 0x00, 0x00, 0x00, 0x00, 0x00, 0x00, 0x00,
  0x00, 0x00, 0x00, 0x00, 0x00, 0x00, 0x00, 0x00, 0x00, 0x00, 0x00, 0x00,
  0x00, 0x00, 0x00, 0x00, 0x00, 0x00, 0x00, 0x00, 0x00, 0x00, 0x00, 0x00,
  0x00, 0x00, 0x00, 0x00, 0x00, 0x00, 0x00, 0x00, 0x00, 0x00, 0x00, 0x00,
  0x00, 0x00, 0x00, 0x00, 0x00, 0x00, 0x00, 0x00, 0x00, 0x00, 0x00, 0x00,
  0x00, 0x00, 0x00, 0x00, 0x00, 0x00, 0x00, 0x00, 0x00, 0x00, 0x00, 0x00,
  0x00, 0x00, 0x00, 0x00, 0x00, 0x00, 0x00, 0x00, 0x00, 0x00, 0x00, 0x00,
  0x00, 0x00, 0x00, 0x00, 0x00, 0x00, 0x00, 0x00, 0x00, 0x00, 0x00, 0x00,
  0x00, 0x00, 0x00, 0x00, 0x00, 0x00, 0x00, 0x00, 0x00, 0x00, 0x00, 0x00,
  0x00, 0x00, 0x00, 0x00, 0x00, 0x00, 0x00, 0x00, 0x00, 0x00, 0x00, 0x00,
  0x00, 0x00, 0x00, 0x00, 0x00, 0x00, 0x00, 0x00, 0x00, 0x00, 0x00, 0x00,
  0x00, 0x00, 0x00, 0x00, 0x00, 0x00, 0x00, 0x00, 0x00, 0x00, 0x00, 0x00,
  0x00, 0x00, 0x00, 0x00, 0x00, 0x00, 0x00, 0x00, 0x00, 0x00, 0x00, 0x00,
  0x00, 0x00, 0x00, 0x00, 0x00, 0x00, 0x00, 0x00, 0x00, 0x00, 0x00, 0x00,
  0x00, 0x00, 0x00, 0x00, 0x00, 0x00, 0x00, 0x00, 0x00, 0x00, 0x00, 0x00,
  0x00, 0x00, 0x00, 0x00, 0x00, 0x00, 0x00, 0x00, 0x00, 0x00, 0x00, 0x00,
  0x00, 0x00, 0x00, 0x00, 0x00, 0x00, 0x00, 0x00, 0x00, 0x00, 0x00, 0x00,
  0x00, 0x00, 0x00, 0x00, 0x00, 0x00, 0x00, 0x00, 0x00, 0x00, 0x00, 0x00,
  0x00, 0x00, 0x00, 0x00, 0x00, 0x00, 0x00, 0x00, 0x00, 0x00, 0x00, 0x00,
  0x00, 0x00, 0x00, 0x00, 0x00, 0x00, 0x00, 0x00, 0x00, 0x00, 0x00, 0x00,
  0x00, 0x00, 0x00, 0x00, 0x00, 0x00, 0x00, 0x00, 0x00, 0x00, 0x00, 0x00,
  0x70, 0x52, 0x00, 0x00, 0x00, 0x00, 0x00, 0x00, 0x30, 0x52, 0x00, 0x00,
  0x00, 0x00, 0x00, 0x00, 0x30, 0x3d, 0x01, 0x00, 0x00, 0x00, 0x00, 0x00,
  0x01, 0x00, 0x00, 0x00, 0x00, 0x00, 0x00, 0x00, 0x89, 0x08, 0x00, 0x00,
  0x00, 0x00, 0x00, 0x00, 0x01, 0x00, 0x00, 0x00, 0x00, 0x00, 0x00, 0x00,
  0x93, 0x08, 0x00, 0x00, 0x00, 0x00, 0x00, 0x00, 0x01, 0x00, 0x00, 0x00,
  0x00, 0x00, 0x00, 0x00, 0xa3, 0x08, 0x00, 0x00, 0x00, 0x00, 0x00, 0x00,
  0x0c, 0x00, 0x00, 0x00, 0x00, 0x00, 0x00, 0x00, 0x00, 0x30, 0x00, 0x00,
  0x00, 0x00, 0x00, 0x00, 0x0d, 0x00, 0x00, 0x00, 0x00, 0x00, 0x00, 0x00,
  0xe0, 0xe0, 0x00, 0x00, 0x00, 0x00, 0x00, 0x00, 0x19, 0x00, 0x00, 0x00,
  0x00, 0x00, 0x00, 0x00, 0x20, 0x3d, 0x01, 0x00, 0x00, 0x00, 0x00, 0x00,
  0x1b, 0x00, 0x00, 0x00, 0x00, 0x00, 0x00, 0x00, 0x08, 0x00, 0x00, 0x00,
  0x00, 0x00, 0x00, 0x00, 0x1a, 0x00, 0x00, 0x00, 0x00, 0x00, 0x00, 0x00,
  0x28, 0x3d, 0x01, 0x00, 0x00, 0x00, 0x00, 0x00, 0x1c, 0x00, 0x00, 0x00,
  0x00, 0x00, 0x00, 0x00, 0x08, 0x00, 0x00, 0x00, 0x00, 0x00, 0x00, 0x00,
  0xf5, 0xfe, 0xff, 0x6f, 0x00, 0x00, 0x00, 0x00, 0x60, 0x02, 0x00, 0x00,
  0x00, 0x00, 0x00, 0x00, 0x05, 0x00, 0x00, 0x00, 0x00, 0x00, 0x00, 0x00,
  0x10, 0x0e, 0x00, 0x00, 0x00, 0x00, 0x00, 0x00, 0x06, 0x00, 0x00, 0x00,
  0x00, 0x00, 0x00, 0x00, 0xa0, 0x02, 0x00, 0x00, 0x00, 0x00, 0x00, 0x00,
  0x0a, 0x00, 0x00, 0x00, 0x00, 0x00, 0x00, 0x00, 0xb9, 0x08, 0x00, 0x00,
  0x00, 0x00, 0x00, 0x00, 0x0b, 0x00, 0x00, 0x00, 0x00, 0x00, 0x00, 0x00,
  0x18, 0x00, 0x00, 0x00, 0x00, 0x00, 0x00, 0x00, 0x03, 0x00, 0x00, 0x00,
  0x00, 0x00, 0x00, 0x00, 0x00, 0x40, 0x01, 0x00, 0x00, 0x00, 0x00, 0x00,
  0x02, 0x00, 0x00, 0x00, 0x00, 0x00, 0x00, 0x00, 0x70, 0x08, 0x00, 0x00,
  0x00, 0x00, 0x00, 0x00, 0x14, 0x00, 0x00, 0x00, 0x00, 0x00, 0x00, 0x00,
  0x07, 0x00, 0x00, 0x00, 0x00, 0x00, 0x00, 0x00, 0x17, 0x00, 0x00, 0x00,
  0x00, 0x00, 0x00, 0x00, 0x70, 0x27, 0x00, 0x00, 0x00, 0x00, 0x00, 0x00,
  0x07, 0x00, 0x00, 0x00, 0x00, 0x00, 0x00, 0x00, 0xe0, 0x17, 0x00, 0x00,
  0x00, 0x00, 0x00, 0x00, 0x08, 0x00, 0x00, 0x00, 0x00, 0x00, 0x00, 0x00,
  0x90, 0x0f, 0x00, 0x00, 0x00, 0x00, 0x00, 0x00, 0x09, 0x00, 0x00, 0x00,
  0x00, 0x00, 0x00, 0x00, 0x18, 0x00, 0x00, 0x00, 0x00, 0x00, 0x00, 0x00,
  0xfe, 0xff, 0xff, 0x6f, 0x00, 0x00, 0x00, 0x00, 0xc0, 0x17, 0x00, 0x00,
  0x00, 0x00, 0x00, 0x00, 0xff, 0xff, 0xff, 0x6f, 0x00, 0x00, 0x00, 0x00,
  0x01, 0x00, 0x00, 0x00, 0x00, 0x00, 0x00, 0x00, 0xf0, 0xff, 0xff, 0x6f,
  0x00, 0x00, 0x00, 0x00, 0xca, 0x16, 0x00, 0x00, 0x00, 0x00, 0x00, 0x00,
  0xf9, 0xff, 0xff, 0x6f, 0x00, 0x00, 0x00, 0x00, 0x89, 0x00, 0x00, 0x00,
  0x00, 0x00, 0x00, 0x00, 0x00, 0x00, 0x00, 0x00, 0x00, 0x00, 0x00, 0x00,
  0x00, 0x00, 0x00, 0x00, 0x00, 0x00, 0x00, 0x00, 0x00, 0x00, 0x00, 0x00,
  0x00, 0x00, 0x00, 0x00, 0x00, 0x00, 0x00, 0x00, 0x00, 0x00, 0x00, 0x00,
  0x00, 0x00, 0x00, 0x00, 0x00, 0x00, 0x00, 0x00, 0x00, 0x00, 0x00, 0x00,
  0x00, 0x00, 0x00, 0x00, 0x00, 0x00, 0x00, 0x00, 0x00, 0x00, 0x00, 0x00,
  0x00, 0x00, 0x00, 0x00, 0x00, 0x00, 0x00, 0x00, 0x00, 0x00, 0x00, 0x00,
  0x00, 0x00, 0x00, 0x00, 0x00, 0x00, 0x00, 0x00, 0x00, 0x00, 0x00, 0x00,
  0x00, 0x00, 0x00, 0x00, 0x00, 0x00, 0x00, 0x00, 0x00, 0x00, 0x00, 0x00,
  0x00, 0x00, 0x00, 0x00, 0x00, 0x00, 0x00, 0x00, 0x00, 0x00, 0x00, 0x00,
  0x00, 0x00, 0x00, 0x00, 0x00, 0x00, 0x00, 0x00, 0x00, 0x00, 0x00, 0x00,
  0x00, 0x00, 0x00, 0x00, 0x00, 0x00, 0x00, 0x00, 0x00, 0x00, 0x00, 0x00,
  0x00, 0x00, 0x00, 0x00, 0x00, 0x00, 0x00, 0x00, 0x00, 0x00, 0x00, 0x00,
  0x00, 0x00, 0x00, 0x00, 0x00, 0x00, 0x00, 0x00, 0x00, 0x00, 0x00, 0x00,
  0x00, 0x00, 0x00, 0x00, 0x00, 0x00, 0x00, 0x00, 0x00, 0x00, 0x00, 0x00,
  0x00, 0x00, 0x00, 0x00, 0x00, 0x00, 0x00, 0x00, 0x00, 0x00, 0x00, 0x00,
  0x00, 0x00, 0x00, 0x00, 0x00, 0x00, 0x00, 0x00, 0x00, 0x00, 0x00, 0x00,
  0x00, 0x00, 0x00, 0x00, 0x00, 0x00, 0x00, 0x00, 0x00, 0x00, 0x00, 0x00,
  0x00, 0x00, 0x00, 0x00, 0x00, 0x00, 0x00, 0x00, 0x00, 0x00, 0x00, 0x00,
  0x00, 0x00, 0x00, 0x00, 0x00, 0x00, 0x00, 0x00, 0x00, 0x00, 0x00, 0x00,
  0x00, 0x00, 0x00, 0x00, 0x00, 0x00, 0x00, 0x00, 0x00, 0x00, 0x00, 0x00,
  0x00, 0x00, 0x00, 0x00, 0x00, 0x00, 0x00, 0x00, 0x00, 0x00, 0x00, 0x00,
  0x00, 0x00, 0x00, 0x00, 0x00, 0x00, 0x00, 0x00, 0x00, 0x00, 0x00, 0x00,
  0x00, 0x00, 0x00, 0x00, 0x00, 0x00, 0x00, 0x00, 0x00, 0x00, 0x00, 0x00,
  0x00, 0x00, 0x00, 0x00, 0x00, 0x00, 0x00, 0x00, 0x00, 0x00, 0x00, 0x00,
  0x00, 0x00, 0x00, 0x00, 0x00, 0x00, 0x00, 0x00, 0x00, 0x00, 0x00, 0x00,
  0x00, 0x00, 0x00, 0x00, 0x00, 0x00, 0x00, 0x00, 0x00, 0x00, 0x00, 0x00,
  0x00, 0x00, 0x00, 0x00, 0x38, 0x3d, 0x01, 0x00, 0x00, 0x00, 0x00, 0x00,
  0x00, 0x00, 0x00, 0x00, 0x00, 0x00, 0x00, 0x00, 0x00, 0x00, 0x00, 0x00,
  0x00, 0x00, 0x00, 0x00, 0x36, 0x30, 0x00, 0x00, 0x00, 0x00, 0x00, 0x00,
  0x46, 0x30, 0x00, 0x00, 0x00, 0x00, 0x00, 0x00, 0x56, 0x30, 0x00, 0x00,
  0x00, 0x00, 0x00, 0x00, 0x66, 0x30, 0x00, 0x00, 0x00, 0x00, 0x00, 0x00,
  0x76, 0x30, 0x00, 0x00, 0x00, 0x00, 0x00, 0x00, 0x86, 0x30, 0x00, 0x00,
  0x00, 0x00, 0x00, 0x00, 0x96, 0x30, 0x00, 0x00, 0x00, 0x00, 0x00, 0x00,
  0xa6, 0x30, 0x00, 0x00, 0x00, 0x00, 0x00, 0x00, 0xb6, 0x30, 0x00, 0x00,
  0x00, 0x00, 0x00, 0x00, 0xc6, 0x30, 0x00, 0x00, 0x00, 0x00, 0x00, 0x00,
  0xd6, 0x30, 0x00, 0x00, 0x00, 0x00, 0x00, 0x00, 0xe6, 0x30, 0x00, 0x00,
  0x00, 0x00, 0x00, 0x00, 0xf6, 0x30, 0x00, 0x00, 0x00, 0x00, 0x00, 0x00,
  0x06, 0x31, 0x00, 0x00, 0x00, 0x00, 0x00, 0x00, 0x16, 0x31, 0x00, 0x00,
  0x00, 0x00, 0x00, 0x00, 0x26, 0x31, 0x00, 0x00, 0x00, 0x00, 0x00, 0x00,
  0x36, 0x31, 0x00, 0x00, 0x00, 0x00, 0x00, 0x00, 0x46, 0x31, 0x00, 0x00,
  0x00, 0x00, 0x00, 0x00, 0x56, 0x31, 0x00, 0x00, 0x00, 0x00, 0x00, 0x00,
  0x66, 0x31, 0x00, 0x00, 0x00, 0x00, 0x00, 0x00, 0x76, 0x31, 0x00, 0x00,
  0x00, 0x00, 0x00, 0x00, 0x86, 0x31, 0x00, 0x00, 0x00, 0x00, 0x00, 0x00,
  0x96, 0x31, 0x00, 0x00, 0x00, 0x00, 0x00, 0x00, 0xa6, 0x31, 0x00, 0x00,
  0x00, 0x00, 0x00, 0x00, 0xb6, 0x31, 0x00, 0x00, 0x00, 0x00, 0x00, 0x00,
  0xc6, 0x31, 0x00, 0x00, 0x00, 0x00, 0x00, 0x00, 0xd6, 0x31, 0x00, 0x00,
  0x00, 0x00, 0x00, 0x00, 0xe6, 0x31, 0x00, 0x00, 0x00, 0x00, 0x00, 0x00,
  0xf6, 0x31, 0x00, 0x00, 0x00, 0x00, 0x00, 0x00, 0x06, 0x32, 0x00, 0x00,
  0x00, 0x00, 0x00, 0x00, 0x16, 0x32, 0x00, 0x00, 0x00, 0x00, 0x00, 0x00,
  0x26, 0x32, 0x00, 0x00, 0x00, 0x00, 0x00, 0x00, 0x36, 0x32, 0x00, 0x00,
  0x00, 0x00, 0x00, 0x00, 0x46, 0x32, 0x00, 0x00, 0x00, 0x00, 0x00, 0x00,
  0x56, 0x32, 0x00, 0x00, 0x00, 0x00, 0x00, 0x00, 0x66, 0x32, 0x00, 0x00,
  0x00, 0x00, 0x00, 0x00, 0x76, 0x32, 0x00, 0x00, 0x00, 0x00, 0x00, 0x00,
  0x86, 0x32, 0x00, 0x00, 0x00, 0x00, 0x00, 0x00, 0x96, 0x32, 0x00, 0x00,
  0x00, 0x00, 0x00, 0x00, 0xa6, 0x32, 0x00, 0x00, 0x00, 0x00, 0x00, 0x00,
  0xb6, 0x32, 0x00, 0x00, 0x00, 0x00, 0x00, 0x00, 0xc6, 0x32, 0x00, 0x00,
  0x00, 0x00, 0x00, 0x00, 0xd6, 0x32, 0x00, 0x00, 0x00, 0x00, 0x00, 0x00,
  0xe6, 0x32, 0x00, 0x00, 0x00, 0x00, 0x00, 0x00, 0xf6, 0x32, 0x00, 0x00,
  0x00, 0x00, 0x00, 0x00, 0x06, 0x33, 0x00, 0x00, 0x00, 0x00, 0x00, 0x00,
  0x16, 0x33, 0x00, 0x00, 0x00, 0x00, 0x00, 0x00, 0x26, 0x33, 0x00, 0x00,
  0x00, 0x00, 0x00, 0x00, 0x36, 0x33, 0x00, 0x00, 0x00, 0x00, 0x00, 0x00,
  0x46, 0x33, 0x00, 0x00, 0x00, 0x00, 0x00, 0x00, 0x56, 0x33, 0x00, 0x00,
  0x00, 0x00, 0x00, 0x00, 0x66, 0x33, 0x00, 0x00, 0x00, 0x00, 0x00, 0x00,
  0x76, 0x33, 0x00, 0x00, 0x00, 0x00, 0x00, 0x00, 0x86, 0x33, 0x00, 0x00,
  0x00, 0x00, 0x00, 0x00, 0x96, 0x33, 0x00, 0x00, 0x00, 0x00, 0x00, 0x00,
  0xa6, 0x33, 0x00, 0x00, 0x00, 0x00, 0x00, 0x00, 0xb6, 0x33, 0x00, 0x00,
  0x00, 0x00, 0x00, 0x00, 0xc6, 0x33, 0x00, 0x00, 0x00, 0x00, 0x00, 0x00,
  0xd6, 0x33, 0x00, 0x00, 0x00, 0x00, 0x00, 0x00, 0xe6, 0x33, 0x00, 0x00,
  0x00, 0x00, 0x00, 0x00, 0xf6, 0x33, 0x00, 0x00, 0x00, 0x00, 0x00, 0x00,
  0x06, 0x34, 0x00, 0x00, 0x00, 0x00, 0x00, 0x00, 0x16, 0x34, 0x00, 0x00,
  0x00, 0x00, 0x00, 0x00, 0x26, 0x34, 0x00, 0x00, 0x00, 0x00, 0x00, 0x00,
  0x36, 0x34, 0x00, 0x00, 0x00, 0x00, 0x00, 0x00, 0x46, 0x34, 0x00, 0x00,
  0x00, 0x00, 0x00, 0x00, 0x56, 0x34, 0x00, 0x00, 0x00, 0x00, 0x00, 0x00,
  0x66, 0x34, 0x00, 0x00, 0x00, 0x00, 0x00, 0x00, 0x76, 0x34, 0x00, 0x00,
  0x00, 0x00, 0x00, 0x00, 0x86, 0x34, 0x00, 0x00, 0x00, 0x00, 0x00, 0x00,
  0x96, 0x34, 0x00, 0x00, 0x00, 0x00, 0x00, 0x00, 0xa6, 0x34, 0x00, 0x00,
  0x00, 0x00, 0x00, 0x00, 0xb6, 0x34, 0x00, 0x00, 0x00, 0x00, 0x00, 0x00,
  0xc6, 0x34, 0x00, 0x00, 0x00, 0x00, 0x00, 0x00, 0xd6, 0x34, 0x00, 0x00,
  0x00, 0x00, 0x00, 0x00, 0xe6, 0x34, 0x00, 0x00, 0x00, 0x00, 0x00, 0x00,
  0xf6, 0x34, 0x00, 0x00, 0x00, 0x00, 0x00, 0x00, 0x06, 0x35, 0x00, 0x00,
  0x00, 0x00, 0x00, 0x00, 0x16, 0x35, 0x00, 0x00, 0x00, 0x00, 0x00, 0x00,
  0x26, 0x35, 0x00, 0x00, 0x00, 0x00, 0x00, 0x00, 0x36, 0x35, 0x00, 0x00,
  0x00, 0x00, 0x00, 0x00, 0x46, 0x35, 0x00, 0x00, 0x00, 0x00, 0x00, 0x00,
  0x56, 0x35, 0x00, 0x00, 0x00, 0x00, 0x00, 0x00, 0x66, 0x35, 0x00, 0x00,
  0x00, 0x00, 0x00, 0x00, 0x76, 0x35, 0x00, 0x00, 0x00, 0x00, 0x00, 0x00,
  0x86, 0x35, 0x00, 0x00, 0x00, 0x00, 0x00, 0x00, 0x96, 0x35, 0x00, 0x00,
  0x00, 0x00, 0x00, 0x00, 0xa6, 0x35, 0x00, 0x00, 0x00, 0x00, 0x00, 0x00,
  0xb6, 0x35, 0x00, 0x00, 0x00, 0x00, 0x00, 0x00, 0xc6, 0x35, 0x00, 0x00,
  0x00, 0x00, 0x00, 0x00, 0x00, 0x00, 0x00, 0x00, 0x00, 0x00, 0x00, 0x00,
  0x00, 0x00, 0x00, 0x00, 0x00, 0x00, 0x00, 0x00, 0x00, 0x00, 0x00, 0x00,
  0x00, 0x00, 0x00, 0x00, 0xff, 0xff, 0xff, 0xff, 0xff, 0xff, 0xff, 0xff,
  0x00, 0x00, 0x00, 0x00, 0x00, 0x00, 0x00, 0x00, 0x00, 0x00, 0x00, 0x00,
  0x00, 0x00, 0x00, 0x00, 0x00, 0x00, 0x00, 0x00, 0x00, 0x00, 0x00, 0x00,
  0x0a, 0x20, 0x20, 0x20, 0x20, 0x20, 0x20, 0x20, 0x20, 0x61, 0x64, 0x76,
  0x61, 0x6e, 0x63, 0x65, 0x28, 0x64, 0x65, 0x6c, 0x74, 0x61, 0x29, 0x0a,
  0x0a, 0x20, 0x20, 0x20, 0x20, 0x20, 0x20, 0x20, 0x20, 0x41, 0x64, 0x76,
  0x61, 0x6e, 0x63, 0x65, 0x20, 0x74, 0x68, 0x65, 0x20, 0x75, 0x6e, 0x64,
  0x65, 0x72, 0x6c, 0x79, 0x69, 0x6e, 0x67, 0x20, 0x52, 0x4e, 0x47, 0x20,
  0x61, 0x73, 0x2d, 0x69, 0x66, 0x20, 0x64, 0x65, 0x6c, 0x74, 0x61, 0x20,
  0x64, 0x72, 0x61, 0x77, 0x73, 0x20, 0x68, 0x61, 0x76, 0x65, 0x20, 0x6f,
  0x63, 0x63, 0x75, 0x72, 0x72, 0x65, 0x64, 0x2e, 0x0a, 0x0a, 0x20, 0x20,
  0x20, 0x20, 0x20, 0x20, 0x20, 0x20, 0x50, 0x61, 0x72, 0x61, 0x6d, 0x65,
  0x74, 0x65, 0x72, 0x73, 0x0a, 0x20, 0x20, 0x20, 0x20, 0x20, 0x20, 0x20,
  0x20, 0x2d, 0x2d, 0x2d, 0x2d, 0x2d, 0x2d, 0x2d, 0x2d, 0x2d, 0x2d, 0x0a,
  0x20, 0x20, 0x20, 0x20, 0x20, 0x20, 0x20, 0x20, 0x64, 0x65, 0x6c, 0x74,
  0x61, 0x20, 0x3a, 0x20, 0x69, 0x6e, 0x74, 0x65, 0x67, 0x65, 0x72, 0x2c,
  0x20, 0x70, 0x6f, 0x73, 0x69, 0x74, 0x69, 0x76, 0x65, 0x0a, 0x20, 0x20,
  0x20, 0x20, 0x20, 0x20, 0x20, 0x20, 0x20, 0x20, 0x20, 0x20, 0x4e, 0x75,
  0x6d, 0x62, 0x65, 0x72, 0x20, 0x6f, 0x66, 0x20, 0x64, 0x72, 0x61, 0x77,
  0x73, 0x20, 0x74, 0x6f, 0x20, 0x61, 0x64, 0x76, 0x61, 0x6e, 0x63, 0x65,
  0x20, 0x74, 0x68, 0x65, 0x20, 0x52, 0x4e, 0x47, 0x2e, 0x20, 0x4d, 0x75,
  0x73, 0x74, 0x20, 0x62, 0x65, 0x20, 0x6c, 0x65, 0x73, 0x73, 0x20, 0x74,
  0x68, 0x61, 0x6e, 0x20, 0x74, 0x68, 0x65, 0x0a, 0x20, 0x20, 0x20, 0x20,
  0x20, 0x20, 0x20, 0x20, 0x20, 0x20, 0x20, 0x20, 0x73, 0x69, 0x7a, 0x65,
  0x20, 0x73, 0x74, 0x61, 0x74, 0x65, 0x20, 0x76, 0x61, 0x72, 0x69, 0x61,
  0x62, 0x6c, 0x65, 0x20, 0x69, 0x6e, 0x20, 0x74, 0x68, 0x65, 0x20, 0x75,
  0x6e, 0x64, 0x65, 0x72, 0x6c, 0x79, 0x69, 0x6e, 0x67, 0x20, 0x52, 0x4e,
  0x47, 0x2e, 0x0a, 0x0a, 0x20, 0x20, 0x20, 0x20, 0x20, 0x20, 0x20, 0x20,
  0x52, 0x65, 0x74, 0x75, 0x72, 0x6e, 0x73, 0x0a, 0x20, 0x20, 0x20, 0x20,
  0x20, 0x20, 0x20, 0x20, 0x2d, 0x2d, 0x2d, 0x2d, 0x2d, 0x2d, 0x2d, 0x0a,
  0x20, 0x20, 0x20, 0x20, 0x20, 0x20, 0x20, 0x20, 0x73, 0x65, 0x6c, 0x66,
  0x20, 0x3a, 0x20, 0x50, 0x68, 0x69, 0x6c, 0x6f, 0x78, 0x0a, 0x20, 0x20,
  0x20, 0x20, 0x20, 0x20, 0x20, 0x20, 0x20, 0x20, 0x20, 0x20, 0x52, 0x4e,
  0x47, 0x20, 0x61, 0x64, 0x76, 0x61, 0x6e, 0x63, 0x65, 0x64, 0x20, 0x64,
  0x65, 0x6c, 0x74, 0x61, 0x20, 0x73, 0x74, 0x65, 0x70, 0x73, 0x0a, 0x0a,
  0x20, 0x20, 0x20, 0x20, 0x20, 0x20, 0x20, 0x20, 0x4e, 0x6f, 0x74, 0x65,
  0x73, 0x0a, 0x20, 0x20, 0x20, 0x20, 0x20, 0x20, 0x20, 0x20, 0x2d, 0x2d,
  0x2d, 0x2d, 0x2d, 0x0a, 0x20, 0x20, 0x20, 0x20, 0x20, 0x20, 0x20, 0x20,
  0x41, 0x64, 0x76, 0x61, 0x6e, 0x63, 0x69, 0x6e, 0x67, 0x20, 0x61, 0x20,
  0x52, 0x4e, 0x47, 0x20, 0x75, 0x70, 0x64, 0x61, 0x74, 0x65, 0x73, 0x20,
  0x74, 0x68, 0x65, 0x20, 0x75, 0x6e, 0x64, 0x65, 0x72, 0x6c, 0x79, 0x69,
  0x6e, 0x67, 0x20, 0x52, 0x4e, 0x47, 0x20, 0x73, 0x74, 0x61, 0x74, 0x65,
  0x20, 0x61, 0x73, 0x2d, 0x69, 0x66, 0x20, 0x61, 0x20, 0x67, 0x69, 0x76,
  0x65, 0x6e, 0x0a, 0x20, 0x20, 0x20, 0x20, 0x20, 0x20, 0x20, 0x20, 0x6e,
  0x75, 0x6d, 0x62, 0x65, 0x72, 0x20, 0x6f, 0x66, 0x20, 0x63, 0x61, 0x6c,
  0x6c, 0x73, 0x20, 0x74, 0x6f, 0x20, 0x74, 0x68, 0x65, 0x20, 0x75, 0x6e,
  0x64, 0x65, 0x72, 0x6c, 0x79, 0x69, 0x6e, 0x67, 0x20, 0x52, 0x4e, 0x47,
  0x20, 0x68, 0x61, 0x76, 0x65, 0x20, 0x62, 0x65, 0x65, 0x6e, 0x20, 0x6d,
  0x61, 0x64, 0x65, 0x2e, 0x20, 0x49, 0x6e, 0x20, 0x67, 0x65, 0x6e, 0x65,
  0x72, 0x61, 0x6c, 0x0a, 0x20, 0x20, 0x20, 0x20, 0x20, 0x20, 0x20, 0x20,
  0x74, 0x68, 0x65, 0x72, 0x65, 0x20, 0x69, 0x73, 0x20, 0x6e, 0x6f, 0x74,
  0x20, 0x61, 0x20, 0x6f, 0x6e, 0x65, 0x2d, 0x74, 0x6f, 0x2d, 0x6f, 0x6e,
  0x65, 0x20, 0x72, 0x65, 0x6c, 0x61, 0x74, 0x69, 0x6f, 0x6e, 0x73, 0x68,
  0x69, 0x70, 0x20, 0x62, 0x65, 0x74, 0x77, 0x65, 0x65, 0x6e, 0x20, 0x74,
  0x68, 0x65, 0x20, 0x6e, 0x75, 0x6d, 0x62, 0x65, 0x72, 0x20, 0x6f, 0x75,
  0x74, 0x70, 0x75, 0x74, 0x0a, 0x20, 0x20, 0x20, 0x20, 0x20, 0x20, 0x20,
  0x20, 0x72, 0x61, 0x6e, 0x64, 0x6f, 0x6d, 0x20, 0x76, 0x61, 0x6c, 0x75,
  0x65, 0x73, 0x20, 0x66, 0x72, 0x6f, 0x6d, 0x20, 0x61, 0x20, 0x70, 0x61,
  0x72, 0x74, 0x69, 0x63, 0x75, 0x6c, 0x61, 0x72, 0x20, 0x64, 0x69, 0x73,
  0x74, 0x72, 0x69, 0x62, 0x75, 0x74, 0x69, 0x6f, 0x6e, 0x20, 0x61, 0x6e,
  0x64, 0x20, 0x74, 0x68, 0x65, 0x20, 0x6e, 0x75, 0x6d, 0x62, 0x65, 0x72,
  0x20, 0x6f, 0x66, 0x0a, 0x20, 0x20, 0x20, 0x20, 0x20, 0x20, 0x20, 0x20,
  0x64, 0x72, 0x61, 0x77, 0x73, 0x20, 0x66, 0x72, 0x6f, 0x6d, 0x20, 0x74,
  0x68, 0x65, 0x20, 0x63, 0x6f, 0x72, 0x65, 0x20, 0x52, 0x4e, 0x47, 0x2e,
  0x20, 0x20, 0x54, 0x68, 0x69, 0x73, 0x20, 0x6f, 0x63, 0x63, 0x75, 0x72,
  0x73, 0x20, 0x66, 0x6f, 0x72, 0x20, 0x74, 0x77, 0x6f, 0x20, 0x72, 0x65,
  0x61, 0x73, 0x6f, 0x6e, 0x73, 0x3a, 0x0a, 0x0a, 0x20, 0x20, 0x20, 0x20,
  0x20, 0x20, 0x20, 0x20, 0x2a, 0x20, 0x54, 0x68, 0x65, 0x20, 0x72, 0x61,
  0x6e, 0x64, 0x6f, 0x6d, 0x20, 0x76, 0x61, 0x6c, 0x75, 0x65, 0x73, 0x20,
  0x61, 0x72, 0x65, 0x20, 0x73, 0x69, 0x6d, 0x75, 0x6c, 0x61, 0x74, 0x65,
  0x64, 0x20, 0x75, 0x73, 0x69, 0x6e, 0x67, 0x20, 0x61, 0x20, 0x72, 0x65,
  0x6a, 0x65, 0x63, 0x74, 0x69, 0x6f, 0x6e, 0x2d, 0x62, 0x61, 0x73, 0x65,
  0x64, 0x20, 0x6d, 0x65, 0x74, 0x68, 0x6f, 0x64, 0x0a, 0x20, 0x20, 0x20,
  0x20, 0x20, 0x20, 0x20, 0x20, 0x20, 0x20, 0x61, 0x6e, 0x64, 0x20, 0x73,
  0x6f, 0x2c, 0x20, 0x6f, 0x6e, 0x20, 0x61, 0x76, 0x65, 0x72, 0x61, 0x67,
  0x65, 0x2c, 0x20, 0x6d, 0x6f, 0x72, 0x65, 0x20, 0x74, 0x68, 0x61, 0x6e,
  0x20, 0x6f, 0x6e, 0x65, 0x20, 0x76, 0x61, 0x6c, 0x75, 0x65, 0x20, 0x66,
  0x72, 0x6f, 0x6d, 0x20, 0x74, 0x68, 0x65, 0x20, 0x75, 0x6e, 0x64, 0x65,
  0x72, 0x6c, 0x79, 0x69, 0x6e, 0x67, 0x0a, 0x20, 0x20, 0x20, 0x20, 0x20,
  0x20, 0x20, 0x20, 0x20, 0x20, 0x52, 0x4e, 0x47, 0x20, 0x69, 0x73, 0x20,
  0x72, 0x65, 0x71, 0x75, 0x69, 0x72, 0x65, 0x64, 0x20, 0x74, 0x6f, 0x20,
  0x67, 0x65, 0x6e, 0x65, 0x72, 0x61, 0x74, 0x65, 0x20, 0x61, 0x6e, 0x20,
  0x73, 0x69, 0x6e, 0x67, 0x6c, 0x65, 0x20, 0x64, 0x72, 0x61, 0x77, 0x2e,
  0x0a, 0x20, 0x20, 0x20, 0x20, 0x20, 0x20, 0x20, 0x20, 0x2a, 0x20, 0x54,
  0x68, 0x65, 0x20, 0x6e, 0x75, 0x6d, 0x62, 0x65, 0x72, 0x20, 0x6f, 0x66,
  0x20, 0x62, 0x69, 0x74, 0x73, 0x20, 0x72, 0x65, 0x71, 0x75, 0x69, 0x72,
  0x65, 0x64, 0x20, 0x74, 0x6f, 0x20, 0x67, 0x65, 0x6e, 0x65, 0x72, 0x61,
  0x74, 0x65, 0x20, 0x61, 0x20, 0x73, 0x69, 0x6d, 0x75, 0x6c, 0x61, 0x74,
  0x65, 0x64, 0x20, 0x76, 0x61, 0x6c, 0x75, 0x65, 0x0a, 0x20, 0x20, 0x20,
  0x20, 0x20, 0x20, 0x20, 0x20, 0x20, 0x20, 0x64, 0x69, 0x66, 0x66, 0x65,
  0x72, 0x73, 0x20, 0x66, 0x72, 0x6f, 0x6d, 0x20, 0x74, 0x68, 0x65, 0x20,
  0x6e, 0x75, 0x6d, 0x62, 0x65, 0x72, 0x20, 0x6f, 0x66, 0x20, 0x62, 0x69,
  0x74, 0x73, 0x20, 0x67, 0x65, 0x6e, 0x65, 0x72, 0x61, 0x74, 0x65, 0x64,
  0x20, 0x62, 0x79, 0x20, 0x74, 0x68, 0x65, 0x20, 0x75, 0x6e, 0x64, 0x65,
  0x72, 0x6c, 0x79, 0x69, 0x6e, 0x67, 0x0a, 0x20, 0x20, 0x20, 0x20, 0x20,
  0x20, 0x20, 0x20, 0x20, 0x20, 0x52, 0x4e, 0x47, 0x2e, 0x20, 0x20, 0x46,
  0x6f, 0x72, 0x20, 0x65, 0x78, 0x61, 0x6d, 0x70, 0x6c, 0x65, 0x2c, 0x20,
  0x74, 0x77, 0x6f, 0x20, 0x31, 0x36, 0x2d, 0x62, 0x69, 0x74, 0x20, 0x69,
  0x6e, 0x74, 0x65, 0x67, 0x65, 0x72, 0x20, 0x76, 0x61, 0x6c, 0x75, 0x65,
  0x73, 0x20, 0x63, 0x61, 0x6e, 0x20, 0x62, 0x65, 0x20, 0x73, 0x69, 0x6d,
  0x75, 0x6c, 0x61, 0x74, 0x65, 0x64, 0x0a, 0x20, 0x20, 0x20, 0x20, 0x20,
  0x20, 0x20, 0x20, 0x20, 0x20, 0x66, 0x72, 0x6f, 0x6d, 0x20, 0x61, 0x20,
  0x73, 0x69, 0x6e, 0x67, 0x6c, 0x65, 0x20, 0x64, 0x72, 0x61, 0x77, 0x20,
  0x6f, 0x66, 0x20, 0x61, 0x20, 0x33, 0x32, 0x2d, 0x62, 0x69, 0x74, 0x20,
  0x52, 0x4e, 0x47, 0x2e, 0x0a, 0x0a, 0x20, 0x20, 0x20, 0x20, 0x20, 0x20,
  0x20, 0x20, 0x41, 0x64, 0x76, 0x61, 0x6e, 0x63, 0x69, 0x6e, 0x67, 0x20,
  0x74, 0x68, 0x65, 0x20, 0x52, 0x4e, 0x47, 0x20, 0x73, 0x74, 0x61, 0x74,
  0x65, 0x20, 0x72, 0x65, 0x73, 0x65, 0x74, 0x73, 0x20, 0x61, 0x6e, 0x79,
  0x20, 0x70, 0x72, 0x65, 0x2d, 0x63, 0x6f, 0x6d, 0x70, 0x75, 0x74, 0x65,
  0x64, 0x20, 0x72, 0x61, 0x6e, 0x64, 0x6f, 0x6d, 0x20, 0x6e, 0x75, 0x6d,
  0x62, 0x65, 0x72, 0x73, 0x2e, 0x0a, 0x20, 0x20, 0x20, 0x20, 0x20, 0x20,
  0x20, 0x20, 0x54, 0x68, 0x69, 0x73, 0x20, 0x69, 0x73, 0x20, 0x72, 0x65,
  0x71, 0x75, 0x69, 0x72, 0x65, 0x64, 0x20, 0x74, 0x6f, 0x20, 0x65, 0x6e,
  0x73, 0x75, 0x72, 0x65, 0x20, 0x65, 0x78, 0x61, 0x63, 0x74, 0x20, 0x72,
  0x65, 0x70, 0x72, 0x6f, 0x64, 0x75, 0x63, 0x69, 0x62, 0x69, 0x6c, 0x69,
  0x74, 0x79, 0x2e, 0x0a, 0x20, 0x20, 0x20, 0x20, 0x20, 0x20, 0x20, 0x20,
  0x00, 0x00, 0x00, 0x00, 0x00, 0x00, 0x00, 0x00, 0x00, 0x00, 0x00, 0x00,
  0x00, 0x00, 0x00, 0x00, 0x00, 0x00, 0x00, 0x00, 0x0a, 0x20, 0x20, 0x20,
  0x20, 0x20, 0x20, 0x20, 0x20, 0x6a, 0x75, 0x6d, 0x70, 0x65, 0x64, 0x28,
  0x6a, 0x75, 0x6d, 0x70, 0x73, 0x3d, 0x31, 0x29, 0x0a, 0x0a, 0x20, 0x20,
  0x20, 0x20, 0x20, 0x20, 0x20, 0x20, 0x52, 0x65, 0x74, 0x75, 0x72, 0x6e,
  0x73, 0x20, 0x61, 0x20, 0x6e, 0x65, 0x77, 0x20, 0x62, 0x69, 0x74, 0x20,
  0x67, 0x65, 0x6e, 0x65, 0x72, 0x61, 0x74, 0x6f, 0x72, 0x20, 0x77, 0x69,
  0x74, 0x68, 0x20, 0x74, 0x68, 0x65, 0x20, 0x73, 0x74, 0x61, 0x74, 0x65,
  0x20, 0x6a, 0x75, 0x6d, 0x70, 0x65, 0x64, 0x0a, 0x0a, 0x20, 0x20, 0x20,
  0x20, 0x20, 0x20, 0x20, 0x20, 0x54, 0x68, 0x65, 0x20, 0x73, 0x74, 0x61,
  0x74, 0x65, 0x20, 0x6f, 0x66, 0x20, 0x74, 0x68, 0x65, 0x20, 0x72, 0x65,
  0x74, 0x75, 0x72, 0x6e, 0x65, 0x64, 0x20, 0x62, 0x69, 0x74, 0x20, 0x67,
  0x65, 0x6e, 0x65, 0x72, 0x61, 0x74, 0x6f, 0x72, 0x20, 0x69, 0x73, 0x20,
  0x6a, 0x75, 0x6d, 0x70, 0x65, 0x64, 0x20, 0x61, 0x73, 0x2d, 0x69, 0x66,
  0x0a, 0x20, 0x20, 0x20, 0x20, 0x20, 0x20, 0x20, 0x20, 0x28, 0x32, 0x2a,
  0x2a, 0x31, 0x32, 0x38, 0x29, 0x20, 0x2a, 0x20, 0x6a, 0x75, 0x6d, 0x70,
  0x73, 0x20, 0x72, 0x61, 0x6e, 0x64, 0x6f, 0x6d, 0x20, 0x6e, 0x75, 0x6d,
  0x62, 0x65, 0x72, 0x73, 0x20, 0x68, 0x61, 0x76, 0x65, 0x20, 0x62, 0x65,
  0x65, 0x6e, 0x20, 0x67, 0x65, 0x6e, 0x65, 0x72, 0x61, 0x74, 0x65, 0x64,
  0x2e, 0x0a, 0x0a, 0x20, 0x20, 0x20, 0x20, 0x20, 0x20, 0x20, 0x20, 0x50,
  0x61, 0x72, 0x61, 0x6d, 0x65, 0x74, 0x65, 0x72, 0x73, 0x0a, 0x20, 0x20,
  0x20, 0x20, 0x20, 0x20, 0x20, 0x20, 0x2d, 0x2d, 0x2d, 0x2d, 0x2d, 0x2d,
  0x2d, 0x2d, 0x2d, 0x2d, 0x0a, 0x20, 0x20, 0x20, 0x20, 0x20, 0x20, 0x20,
  0x20, 0x6a, 0x75, 0x6d, 0x70, 0x73, 0x20, 0x3a, 0x20, 0x69, 0x6e, 0x74,
  0x65, 0x67, 0x65, 0x72, 0x2c, 0x20, 0x70, 0x6f, 0x73, 0x69, 0x74, 0x69,
  0x76, 0x65, 0x0a, 0x20, 0x20, 0x20, 0x20, 0x20, 0x20, 0x20, 0x20, 0x20,
  0x20, 0x20, 0x20, 0x4e, 0x75, 0x6d, 0x62, 0x65, 0x72, 0x20, 0x6f, 0x66,
  0x20, 0x74, 0x69, 0x6d, 0x65, 0x73, 0x20, 0x74, 0x6f, 0x20, 0x6a, 0x75,
  0x6d, 0x70, 0x20, 0x74, 0x68, 0x65, 0x20, 0x73, 0x74, 0x61, 0x74, 0x65,
  0x20, 0x6f, 0x66, 0x20, 0x74, 0x68, 0x65, 0x20, 0x62, 0x69, 0x74, 0x20,
  0x67, 0x65, 0x6e, 0x65, 0x72, 0x61, 0x74, 0x6f, 0x72, 0x20, 0x72, 0x65,
  0x74, 0x75, 0x72, 0x6e, 0x65, 0x64, 0x0a, 0x0a, 0x20, 0x20, 0x20, 0x20,
  0x20, 0x20, 0x20, 0x20, 0x52, 0x65, 0x74, 0x75, 0x72, 0x6e, 0x73, 0x0a,
  0x20, 0x20, 0x20, 0x20, 0x20, 0x20, 0x20, 0x20, 0x2d, 0x2d, 0x2d, 0x2d,
  0x2d, 0x2d, 0x2d, 0x0a, 0x20, 0x20, 0x20, 0x20, 0x20, 0x20, 0x20, 0x20,
  0x62, 0x69, 0x74, 0x5f, 0x67, 0x65, 0x6e, 0x65, 0x72, 0x61, 0x74, 0x6f,
  0x72, 0x20, 0x3a, 0x20, 0x50, 0x68, 0x69, 0x6c, 0x6f, 0x78, 0x0a, 0x20,
  0x20, 0x20, 0x20, 0x20, 0x20, 0x20, 0x20, 0x20, 0x20, 0x20, 0x20, 0x4e,
  0x65, 0x77, 0x20, 0x69, 0x6e, 0x73, 0x74, 0x61, 0x6e, 0x63, 0x65, 0x20,
  0x6f, 0x66, 0x20, 0x67, 0x65, 0x6e, 0x65, 0x72, 0x61, 0x74, 0x6f, 0x72,
  0x20, 0x6a, 0x75, 0x6d, 0x70, 0x65, 0x64, 0x20, 0x69, 0x74, 0x65, 0x72,
  0x20, 0x74, 0x69, 0x6d, 0x65, 0x73, 0x0a, 0x20, 0x20, 0x20, 0x20, 0x20,
  0x20, 0x20, 0x20, 0x00, 0x00, 0x00, 0x00, 0x00, 0x00, 0x00, 0x00, 0x00,
  0x00, 0x00, 0x00, 0x00, 0x00, 0x00, 0x00, 0x00, 0x00, 0x00, 0x00, 0x00,
  0x00, 0x00, 0x00, 0x00, 0x80, 0x58, 0x01, 0x00, 0x00, 0x00, 0x00, 0x00,
  0x00, 0x00, 0x00, 0x00, 0x00, 0x00, 0x00, 0x00, 0x00, 0x00, 0x00, 0x00,
  0x00, 0x00, 0x00, 0x00, 0x00, 0x00, 0x00, 0x00, 0x00, 0x00, 0x00, 0x00,
  0x10, 0x58, 0x01, 0x00, 0x00, 0x00, 0x00, 0x00, 0xd8, 0x58, 0x01, 0x00,
  0x00, 0x00, 0x00, 0x00, 0x78, 0x58, 0x01, 0x00, 0x00, 0x00, 0x00, 0x00,
  0x00, 0x00, 0x00, 0x00, 0x00, 0x00, 0x00, 0x00, 0x40, 0x59, 0x01, 0x00,
  0x00, 0x00, 0x00, 0x00, 0x28, 0x13, 0x01, 0x00, 0x00, 0x00, 0x00, 0x00,
  0x0c, 0x00, 0x00, 0x00, 0x00, 0x00, 0x00, 0x00, 0x00, 0x00, 0x00, 0x00,
  0x00, 0x00, 0x00, 0x00, 0x00, 0x01, 0x01, 0x00, 0x00, 0x00, 0x00, 0x00,
  0x38, 0x59, 0x01, 0x00, 0x00, 0x00, 0x00, 0x00, 0x09, 0x14, 0x01, 0x00,
  0x00, 0x00, 0x00, 0x00, 0x07, 0x00, 0x00, 0x00, 0x00, 0x00, 0x00, 0x00,
  0x00, 0x00, 0x00, 0x00, 0x00, 0x00, 0x00, 0x00, 0x00, 0x01, 0x01, 0x00,
  0x00, 0x00, 0x00, 0x00, 0x30, 0x59, 0x01, 0x00, 0x00, 0x00, 0x00, 0x00,
  0x09, 0x14, 0x01, 0x00, 0x00, 0x00, 0x00, 0x00, 0x07, 0x00, 0x00, 0x00,
  0x00, 0x00, 0x00, 0x00, 0x00, 0x00, 0x00, 0x00, 0x00, 0x00, 0x00, 0x00,
  0x01, 0x00, 0x01, 0x00, 0x00, 0x00, 0x00, 0x00, 0x28, 0x59, 0x01, 0x00,
  0x00, 0x00, 0x00, 0x00, 0x88, 0x13, 0x01, 0x00, 0x00, 0x00, 0x00, 0x00,
  0x0a, 0x00, 0x00, 0x00, 0x00, 0x00, 0x00, 0x00, 0x00, 0x00, 0x00, 0x00,
  0x00, 0x00, 0x00, 0x00, 0x00, 0x01, 0x01, 0x00, 0x00, 0x00, 0x00, 0x00,
  0x20, 0x59, 0x01, 0x00, 0x00, 0x00, 0x00, 0x00, 0x68, 0x13, 0x01, 0x00,
  0x00, 0x00, 0x00, 0x00, 0x0b, 0x00, 0x00, 0x00, 0x00, 0x00, 0x00, 0x00,
  0x00, 0x00, 0x00, 0x00, 0x00, 0x00, 0x00, 0x00, 0x00, 0x01, 0x01, 0x00,
  0x00, 0x00, 0x00, 0x00, 0x18, 0x59, 0x01, 0x00, 0x00, 0x00, 0x00, 0x00,
  0xa3, 0x14, 0x01, 0x00, 0x00, 0x00, 0x00, 0x00, 0x01, 0x00, 0x00, 0x00,
  0x00, 0x00, 0x00, 0x00, 0x00, 0x00, 0x00, 0x00, 0x00, 0x00, 0x00, 0x00,
  0x01, 0x00, 0x00, 0x00, 0x00, 0x00, 0x00, 0x00, 0x10, 0x59, 0x01, 0x00,
  0x00, 0x00, 0x00, 0x00, 0xd0, 0x13, 0x01, 0x00, 0x00, 0x00, 0x00, 0x00,
  0x08, 0x00, 0x00, 0x00, 0x00, 0x00, 0x00, 0x00, 0x00, 0x00, 0x00, 0x00,
  0x00, 0x00, 0x00, 0x00, 0x00, 0x01, 0x01, 0x00, 0x00, 0x00, 0x00, 0x00,
  0x08, 0x59, 0x01, 0x00, 0x00, 0x00, 0x00, 0x00, 0x98, 0x14, 0x01, 0x00,
  0x00, 0x00, 0x00, 0x00, 0x08, 0x00, 0x00, 0x00, 0x00, 0x00, 0x00, 0x00,
  0x00, 0x00, 0x00, 0x00, 0x00, 0x00, 0x00, 0x00, 0x00, 0x01, 0x01, 0x00,
  0x00, 0x00, 0x00, 0x00, 0x00, 0x59, 0x01, 0x00, 0x00, 0x00, 0x00, 0x00,
  0x18, 0x13, 0x01, 0x00, 0x00, 0x00, 0x00, 0x00, 0x0e, 0x00, 0x00, 0x00,
  0x00, 0x00, 0x00, 0x00, 0x00, 0x00, 0x00, 0x00, 0x00, 0x00, 0x00, 0x00,
  0x01, 0x00, 0x01, 0x00, 0x00, 0x00, 0x00, 0x00, 0xf8, 0x58, 0x01, 0x00,
  0x00, 0x00, 0x00, 0x00, 0x02, 0x14, 0x01, 0x00, 0x00, 0x00, 0x00, 0x00,
  0x07, 0x00, 0x00, 0x00, 0x00, 0x00, 0x00, 0x00, 0x00, 0x00, 0x00, 0x00,
  0x00, 0x00, 0x00, 0x00, 0x01, 0x00, 0x01, 0x00, 0x00, 0x00, 0x00, 0x00,
  0xf0, 0x58, 0x01, 0x00, 0x00, 0x00, 0x00, 0x00, 0x58, 0x13, 0x01, 0x00,
  0x00, 0x00, 0x00, 0x00, 0x0b, 0x00, 0x00, 0x00, 0x00, 0x00, 0x00, 0x00,
  0x00, 0x00, 0x00, 0x00, 0x00, 0x00, 0x00, 0x00, 0x01, 0x00, 0x01, 0x00,
  0x00, 0x00, 0x00, 0x00, 0xe8, 0x58, 0x01, 0x00, 0x00, 0x00, 0x00, 0x00,
  0x38, 0x14, 0x01, 0x00, 0x00, 0x00, 0x00, 0x00, 0x0a, 0x00, 0x00, 0x00,
  0x00, 0x00, 0x00, 0x00, 0x00, 0x00, 0x00, 0x00, 0x00, 0x00, 0x00, 0x00,
  0x00, 0x01, 0x01, 0x00, 0x00, 0x00, 0x00, 0x00, 0xe0, 0x58, 0x01, 0x00,
  0x00, 0x00, 0x00, 0x00, 0xb0, 0x12, 0x01, 0x00, 0x00, 0x00, 0x00, 0x00,
  0x13, 0x00, 0x00, 0x00, 0x00, 0x00, 0x00, 0x00, 0x00, 0x00, 0x00, 0x00,
  0x00, 0x00, 0x00, 0x00, 0x00, 0x01, 0x01, 0x00, 0x00, 0x00, 0x00, 0x00,
  0xd8, 0x58, 0x01, 0x00, 0x00, 0x00, 0x00, 0x00, 0xc8, 0x13, 0x01, 0x00,
  0x00, 0x00, 0x00, 0x00, 0x08, 0x00, 0x00, 0x00, 0x00, 0x00, 0x00, 0x00,
  0x00, 0x00, 0x00, 0x00, 0x00, 0x00, 0x00, 0x00, 0x00, 0x01, 0x01, 0x00,
  0x00, 0x00, 0x00, 0x00, 0xd0, 0x58, 0x01, 0x00, 0x00, 0x00, 0x00, 0x00,
  0xc8, 0x13, 0x01, 0x00, 0x00, 0x00, 0x00, 0x00, 0x08, 0x00, 0x00, 0x00,
  0x00, 0x00, 0x00, 0x00, 0x00, 0x00, 0x00, 0x00, 0x00, 0x00, 0x00, 0x00,
  0x01, 0x00, 0x01, 0x00, 0x00, 0x00, 0x00, 0x00, 0xc8, 0x58, 0x01, 0x00,
  0x00, 0x00, 0x00, 0x00, 0x2e, 0x14, 0x01, 0x00, 0x00, 0x00, 0x00, 0x00,
  0x06, 0x00, 0x00, 0x00, 0x00, 0x00, 0x00, 0x00, 0x00, 0x00, 0x00, 0x00,
  0x00, 0x00, 0x00, 0x00, 0x00, 0x01, 0x01, 0x00, 0x00, 0x00, 0x00, 0x00,
  0xc0, 0x58, 0x01, 0x00, 0x00, 0x00, 0x00, 0x00, 0x28, 0x14, 0x01, 0x00,
  0x00, 0x00, 0x00, 0x00, 0x06, 0x00, 0x00, 0x00, 0x00, 0x00, 0x00, 0x00,
  0x00, 0x00, 0x00, 0x00, 0x00, 0x00, 0x00, 0x00, 0x00, 0x01, 0x01, 0x00,
  0x00, 0x00, 0x00, 0x00, 0xb8, 0x58, 0x01, 0x00, 0x00, 0x00, 0x00, 0x00,
  0xfb, 0x13, 0x01, 0x00, 0x00, 0x00, 0x00, 0x00, 0x07, 0x00, 0x00, 0x00,
  0x00, 0x00, 0x00, 0x00, 0x00, 0x00, 0x00, 0x00, 0x00, 0x00, 0x00, 0x00,
  0x00, 0x01, 0x01, 0x00, 0x00, 0x00, 0x00, 0x00, 0xb0, 0x58, 0x01, 0x00,
  0x00, 0x00, 0x00, 0x00, 0xe8, 0x12, 0x01, 0x00, 0x00, 0x00, 0x00, 0x00,
  0x0f, 0x00, 0x00, 0x00, 0x00, 0x00, 0x00, 0x00, 0x00, 0x00, 0x00, 0x00,
  0x00, 0x00, 0x00, 0x00, 0x00, 0x01, 0x01, 0x00, 0x00, 0x00, 0x00, 0x00,
  0xa8, 0x58, 0x01, 0x00, 0x00, 0x00, 0x00, 0x00, 0x8d, 0x14, 0x01, 0x00,
  0x00, 0x00, 0x00, 0x00, 0x04, 0x00, 0x00, 0x00, 0x00, 0x00, 0x00, 0x00,
  0x00, 0x00, 0x00, 0x00, 0x00, 0x00, 0x00, 0x00, 0x00, 0x01, 0x01, 0x00,
  0x00, 0x00, 0x00, 0x00, 0xa0, 0x58, 0x01, 0x00, 0x00, 0x00, 0x00, 0x00,
  0xb8, 0x13, 0x01, 0x00, 0x00, 0x00, 0x00, 0x00, 0x0d, 0x00, 0x00, 0x00,
  0x00, 0x00, 0x00, 0x00, 0x00, 0x00, 0x00, 0x00, 0x00, 0x00, 0x00, 0x00,
  0x00, 0x01, 0x01, 0x00, 0x00, 0x00, 0x00, 0x00, 0x98, 0x58, 0x01, 0x00,
  0x00, 0x00, 0x00, 0x00, 0x48, 0x13, 0x01, 0x00, 0x00, 0x00, 0x00, 0x00,
  0x0b, 0x00, 0x00, 0x00, 0x00, 0x00, 0x00, 0x00, 0x00, 0x00, 0x00, 0x00,
  0x00, 0x00, 0x00, 0x00, 0x01, 0x00, 0x01, 0x00, 0x00, 0x00, 0x00, 0x00,
  0x90, 0x58, 0x01, 0x00, 0x00, 0x00, 0x00, 0x00, 0xf0, 0x13, 0x01, 0x00,
  0x00, 0x00, 0x00, 0x00, 0x0b, 0x00, 0x00, 0x00, 0x00, 0x00, 0x00, 0x00,
  0x00, 0x00, 0x00, 0x00, 0x00, 0x00, 0x00, 0x00, 0x00, 0x01, 0x01, 0x00,
  0x00, 0x00, 0x00, 0x00, 0x88, 0x58, 0x01, 0x00, 0x00, 0x00, 0x00, 0x00,
  0x80, 0x14, 0x01, 0x00, 0x00, 0x00, 0x00, 0x00, 0x09, 0x00, 0x00, 0x00,
  0x00, 0x00, 0x00, 0x00, 0x00, 0x00, 0x00, 0x00, 0x00, 0x00, 0x00, 0x00,
  0x00, 0x01, 0x01, 0x00, 0x00, 0x00, 0x00, 0x00, 0x80, 0x58, 0x01, 0x00,
  0x00, 0x00, 0x00, 0x00, 0x22, 0x14, 0x01, 0x00, 0x00, 0x00, 0x00, 0x00,
  0x06, 0x00, 0x00, 0x00, 0x00, 0x00, 0x00, 0x00, 0x00, 0x00, 0x00, 0x00,
  0x00, 0x00, 0x00, 0x00, 0x00, 0x01, 0x01, 0x00, 0x00, 0x00, 0x00, 0x00,
  0x78, 0x58, 0x01, 0x00, 0x00, 0x00, 0x00, 0x00, 0x89, 0x14, 0x01, 0x00,
  0x00, 0x00, 0x00, 0x00, 0x04, 0x00, 0x00, 0x00, 0x00, 0x00, 0x00, 0x00,
  0x00, 0x00, 0x00, 0x00, 0x00, 0x00, 0x00, 0x00, 0x00, 0x01, 0x01, 0x00,
  0x00, 0x00, 0x00, 0x00, 0x70, 0x58, 0x01, 0x00, 0x00, 0x00, 0x00, 0x00,
  0x89, 0x14, 0x01, 0x00, 0x00, 0x00, 0x00, 0x00, 0x04, 0x00, 0x00, 0x00,
  0x00, 0x00, 0x00, 0x00, 0x00, 0x00, 0x00, 0x00, 0x00, 0x00, 0x00, 0x00,
  0x01, 0x00, 0x01, 0x00, 0x00, 0x00, 0x00, 0x00, 0x68, 0x58, 0x01, 0x00,
  0x00, 0x00, 0x00, 0x00, 0x70, 0x14, 0x01, 0x00, 0x00, 0x00, 0x00, 0x00,
  0x09, 0x00, 0x00, 0x00, 0x00, 0x00, 0x00, 0x00, 0x00, 0x00, 0x00, 0x00,
  0x00, 0x00, 0x00, 0x00, 0x00, 0x01, 0x01, 0x00, 0x00, 0x00, 0x00, 0x00,
  0x60, 0x58, 0x01, 0x00, 0x00, 0x00, 0x00, 0x00, 0x60, 0x14, 0x01, 0x00,
  0x00, 0x00, 0x00, 0x00, 0x09, 0x00, 0x00, 0x00, 0x00, 0x00, 0x00, 0x00,
  0x00, 0x00, 0x00, 0x00, 0x00, 0x00, 0x00, 0x00, 0x00, 0x01, 0x01, 0x00,
  0x00, 0x00, 0x00, 0x00, 0x58, 0x58, 0x01, 0x00, 0x00, 0x00, 0x00, 0x00,
  0xa0, 0x14, 0x01, 0x00, 0x00, 0x00, 0x00, 0x00, 0x03, 0x00, 0x00, 0x00,
  0x00, 0x00, 0x00, 0x00, 0x00, 0x00, 0x00, 0x00, 0x00, 0x00, 0x00, 0x00,
  0x00, 0x01, 0x01, 0x00, 0x00, 0x00, 0x00, 0x00, 0x50, 0x58, 0x01, 0x00,
  0x00, 0x00, 0x00, 0x00, 0x1c, 0x14, 0x01, 0x00, 0x00, 0x00, 0x00, 0x00,
  0x06, 0x00, 0x00, 0x00, 0x00, 0x00, 0x00, 0x00, 0x00, 0x00, 0x00, 0x00,
  0x00, 0x00, 0x00, 0x00, 0x00, 0x01, 0x01, 0x00, 0x00, 0x00, 0x00, 0x00,
  0x48, 0x58, 0x01, 0x00, 0x00, 0x00, 0x00, 0x00, 0x40, 0x12, 0x01, 0x00,
  0x00, 0x00, 0x00, 0x00, 0x27, 0x00, 0x00, 0x00, 0x00, 0x00, 0x00, 0x00,
  0x00, 0x00, 0x00, 0x00, 0x00, 0x00, 0x00, 0x00, 0x01, 0x00, 0x00, 0x00,
  0x00, 0x00, 0x00, 0x00, 0x40, 0x58, 0x01, 0x00, 0x00, 0x00, 0x00, 0x00,
  0x00, 0x12, 0x01, 0x00, 0x00, 0x00, 0x00, 0x00, 0x22, 0x00, 0x00, 0x00,
  0x00, 0x00, 0x00, 0x00, 0x00, 0x00, 0x00, 0x00, 0x00, 0x00, 0x00, 0x00,
  0x01, 0x00, 0x00, 0x00, 0x00, 0x00, 0x00, 0x00, 0x38, 0x58, 0x01, 0x00,
  0x00, 0x00, 0x00, 0x00, 0x38, 0x13, 0x01, 0x00, 0x00, 0x00, 0x00, 0x00,
  0x0f, 0x00, 0x00, 0x00, 0x00, 0x00, 0x00, 0x00, 0x00, 0x00, 0x00, 0x00,
  0x00, 0x00, 0x00, 0x00, 0x00, 0x01, 0x01, 0x00, 0x00, 0x00, 0x00, 0x00,
  0x30, 0x58, 0x01, 0x00, 0x00, 0x00, 0x00, 0x00, 0x16, 0x14, 0x01, 0x00,
  0x00, 0x00, 0x00, 0x00, 0x06, 0x00, 0x00, 0x00, 0x00, 0x00, 0x00, 0x00,
  0x00, 0x00, 0x00, 0x00, 0x00, 0x00, 0x00, 0x00, 0x00, 0x01, 0x01, 0x00,
  0x00, 0x00, 0x00, 0x00, 0x28, 0x58, 0x01, 0x00, 0x00, 0x00, 0x00, 0x00,
  0xe0, 0x13, 0x01, 0x00, 0x00, 0x00, 0x00, 0x00, 0x0b, 0x00, 0x00, 0x00,
  0x00, 0x00, 0x00, 0x00, 0x00, 0x00, 0x00, 0x00, 0x00, 0x00, 0x00, 0x00,
  0x00, 0x01, 0x01, 0x00, 0x00, 0x00, 0x00, 0x00, 0x20, 0x58, 0x01, 0x00,
  0x00, 0x00, 0x00, 0x00, 0x00, 0x13, 0x01, 0x00, 0x00, 0x00, 0x00, 0x00,
  0x12, 0x00, 0x00, 0x00, 0x00, 0x00, 0x00, 0x00, 0x00, 0x00, 0x00, 0x00,
  0x00, 0x00, 0x00, 0x00, 0x00, 0x01, 0x01, 0x00, 0x00, 0x00, 0x00, 0x00,
  0x18, 0x58, 0x01, 0x00, 0x00, 0x00, 0x00, 0x00, 0x78, 0x13, 0x01, 0x00,
  0x00, 0x00, 0x00, 0x00, 0x0e, 0x00, 0x00, 0x00, 0x00, 0x00, 0x00, 0x00,
  0x00, 0x00, 0x00, 0x00, 0x00, 0x00, 0x00, 0x00, 0x00, 0x01, 0x01, 0x00,
  0x00, 0x00, 0x00, 0x00, 0x10, 0x58, 0x01, 0x00, 0x00, 0x00, 0x00, 0x00,
  0x56, 0x14, 0x01, 0x00, 0x00, 0x00, 0x00, 0x00, 0x05, 0x00, 0x00, 0x00,
  0x00, 0x00, 0x00, 0x00, 0x00, 0x00, 0x00, 0x00, 0x00, 0x00, 0x00, 0x00,
  0x00, 0x01, 0x01, 0x00, 0x00, 0x00, 0x00, 0x00, 0x08, 0x58, 0x01, 0x00,
  0x00, 0x00, 0x00, 0x00, 0xc0, 0x11, 0x01, 0x00, 0x00, 0x00, 0x00, 0x00,
  0x21, 0x00, 0x00, 0x00, 0x00, 0x00, 0x00, 0x00, 0x00, 0x00, 0x00, 0x00,
  0x00, 0x00, 0x00, 0x00, 0x01, 0x00, 0x00, 0x00, 0x00, 0x00, 0x00, 0x00,
  0x00, 0x58, 0x01, 0x00, 0x00, 0x00, 0x00, 0x00, 0x60, 0x11, 0x01, 0x00,
  0x00, 0x00, 0x00, 0x00, 0x50, 0x00, 0x00, 0x00, 0x00, 0x00, 0x00, 0x00,
  0x00, 0x00, 0x00, 0x00, 0x00, 0x00, 0x00, 0x00, 0x00, 0x01, 0x00, 0x00,
  0x00, 0x00, 0x00, 0x00, 0xf8, 0x57, 0x01, 0x00, 0x00, 0x00, 0x00, 0x00,
  0xa8, 0x13, 0x01, 0x00, 0x00, 0x00, 0x00, 0x00, 0x0d, 0x00, 0x00, 0x00,
  0x00, 0x00, 0x00, 0x00, 0x00, 0x00, 0x00, 0x00, 0x00, 0x00, 0x00, 0x00,
  0x00, 0x01, 0x01, 0x00, 0x00, 0x00, 0x00, 0x00, 0xf0, 0x57, 0x01, 0x00,
  0x00, 0x00, 0x00, 0x00, 0xd0, 0x12, 0x01, 0x00, 0x00, 0x00, 0x00, 0x00,
  0x14, 0x00, 0x00, 0x00, 0x00, 0x00, 0x00, 0x00, 0x00, 0x00, 0x00, 0x00,
  0x00, 0x00, 0x00, 0x00, 0x00, 0x01, 0x01, 0x00, 0x00, 0x00, 0x00, 0x00,
  0xe8, 0x57, 0x01, 0x00, 0x00, 0x00, 0x00, 0x00, 0x10, 0x14, 0x01, 0x00,
  0x00, 0x00, 0x00, 0x00, 0x06, 0x00, 0x00, 0x00, 0x00, 0x00, 0x00, 0x00,
  0x00, 0x00, 0x00, 0x00, 0x00, 0x00, 0x00, 0x00, 0x00, 0x01, 0x01, 0x00,
  0x00, 0x00, 0x00, 0x00, 0xe0, 0x57, 0x01, 0x00, 0x00, 0x00, 0x00, 0x00,
  0x10, 0x14, 0x01, 0x00, 0x00, 0x00, 0x00, 0x00, 0x06, 0x00, 0x00, 0x00,
  0x00, 0x00, 0x00, 0x00, 0x00, 0x00, 0x00, 0x00, 0x00, 0x00, 0x00, 0x00,
  0x01, 0x00, 0x01, 0x00, 0x00, 0x00, 0x00, 0x00, 0xd8, 0x57, 0x01, 0x00,
  0x00, 0x00, 0x00, 0x00, 0x90, 0x12, 0x01, 0x00, 0x00, 0x00, 0x00, 0x00,
  0x15, 0x00, 0x00, 0x00, 0x00, 0x00, 0x00, 0x00, 0x00, 0x00, 0x00, 0x00,
  0x00, 0x00, 0x00, 0x00, 0x01, 0x00, 0x00, 0x00, 0x00, 0x00, 0x00, 0x00,
  0xd0, 0x57, 0x01, 0x00, 0x00, 0x00, 0x00, 0x00, 0x70, 0x12, 0x01, 0x00,
  0x00, 0x00, 0x00, 0x00, 0x1d, 0x00, 0x00, 0x00, 0x00, 0x00, 0x00, 0x00,
  0x00, 0x00, 0x00, 0x00, 0x00, 0x00, 0x00, 0x00, 0x01, 0x00, 0x00, 0x00,
  0x00, 0x00, 0x00, 0x00, 0xc8, 0x57, 0x01, 0x00, 0x00, 0x00, 0x00, 0x00,
  0x51, 0x14, 0x01, 0x00, 0x00, 0x00, 0x00, 0x00, 0x05, 0x00, 0x00, 0x00,
  0x00, 0x00, 0x00, 0x00, 0x00, 0x00, 0x00, 0x00, 0x00, 0x00, 0x00, 0x00,
  0x01, 0x00, 0x01, 0x00, 0x00, 0x00, 0x00, 0x00, 0xc0, 0x57, 0x01, 0x00,
  0x00, 0x00, 0x00, 0x00, 0x48, 0x14, 0x01, 0x00, 0x00, 0x00, 0x00, 0x00,
  0x09, 0x00, 0x00, 0x00, 0x00, 0x00, 0x00, 0x00, 0x00, 0x00, 0x00, 0x00,
  0x00, 0x00, 0x00, 0x00, 0x00, 0x01, 0x01, 0x00, 0x00, 0x00, 0x00, 0x00,
  0xb8, 0x57, 0x01, 0x00, 0x00, 0x00, 0x00, 0x00, 0xd8, 0x13, 0x01, 0x00,
  0x00, 0x00, 0x00, 0x00, 0x07, 0x00, 0x00, 0x00, 0x00, 0x00, 0x00, 0x00,
  0x00, 0x00, 0x00, 0x00, 0x00, 0x00, 0x00, 0x00, 0x00, 0x01, 0x01, 0x00,
  0x00, 0x00, 0x00, 0x00, 0xb0, 0x57, 0x01, 0x00, 0x00, 0x00, 0x00, 0x00,
  0x98, 0x13, 0x01, 0x00, 0x00, 0x00, 0x00, 0x00, 0x09, 0x00, 0x00, 0x00,
  0x00, 0x00, 0x00, 0x00, 0x00, 0x00, 0x00, 0x00, 0x00, 0x00, 0x00, 0x00,
  0x01, 0x00, 0x01, 0x00, 0x00, 0x00, 0x00, 0x00, 0x00, 0x00, 0x00, 0x00,
  0x00, 0x00, 0x00, 0x00, 0x00, 0x00, 0x00, 0x00, 0x00, 0x00, 0x00, 0x00,
  0x00, 0x00, 0x00, 0x00, 0x00, 0x00, 0x00, 0x00, 0x00, 0x00, 0x00, 0x00,
  0x00, 0x00, 0x00, 0x00, 0x00, 0x00, 0x00, 0x00, 0x00, 0x00, 0x00, 0x00,
  0x01, 0x00, 0x00, 0x00, 0x00, 0x00, 0x00, 0x00, 0x00, 0x00, 0x00, 0x00,
  0x00, 0x00, 0x00, 0x00, 0x00, 0x00, 0x00, 0x00, 0x00, 0x00, 0x00, 0x00,
  0x00, 0x00, 0x00, 0x00, 0x00, 0x00, 0x00, 0x00, 0x00, 0x00, 0x00, 0x00,
  0x00, 0x00, 0x00, 0x00, 0x30, 0x10, 0x01, 0x00, 0x00, 0x00, 0x00, 0x00,
  0x00, 0x00, 0x00, 0x00, 0x00, 0x00, 0x00, 0x00, 0x00, 0x00, 0x00, 0x00,
  0x00, 0x00, 0x00, 0x00, 0x00, 0x57, 0x01, 0x00, 0x00, 0x00, 0x00, 0x00,
  0x60, 0x53, 0x01, 0x00, 0x00, 0x00, 0x00, 0x00, 0x00, 0x00, 0x00, 0x00,
  0x00, 0x00, 0x00, 0x00, 0x00, 0x00, 0x00, 0x00, 0x00, 0x00, 0x00, 0x00,
  0x00, 0x00, 0x00, 0x00, 0x00, 0x00, 0x00, 0x00, 0x00, 0x00, 0x00, 0x00,
  0x00, 0x00, 0x00, 0x00, 0x00, 0x00, 0x00, 0x00, 0x00, 0x00, 0x00, 0x00,
  0x00, 0x00, 0x00, 0x00, 0x00, 0x00, 0x00, 0x00, 0x01, 0x00, 0x00, 0x00,
  0x00, 0x00, 0x00, 0x00, 0x8e, 0x39, 0x00, 0x00, 0x00, 0x00, 0x00, 0x00,
  0x02, 0x00, 0x00, 0x00, 0x00, 0x00, 0x00, 0x00, 0x4f, 0x3b, 0x00, 0x00,
  0x00, 0x00, 0x00, 0x00, 0x00, 0x00, 0x00, 0x00, 0x00, 0x00, 0x00, 0x00,
  0x00, 0x00, 0x00, 0x00, 0x00, 0x00, 0x00, 0x00, 0x00, 0x00, 0x00, 0x00,
  0x00, 0x00, 0x00, 0x00, 0x00, 0x00, 0x00, 0x00, 0x00, 0x00, 0x00, 0x00,
  0x01, 0x00, 0x00, 0x00, 0x00, 0x00, 0x00, 0x00, 0x00, 0x00, 0x00, 0x00,
  0x00, 0x00, 0x00, 0x00, 0x00, 0x00, 0x00, 0x00, 0x00, 0x00, 0x00, 0x00,
  0x82, 0x10, 0x01, 0x00, 0x00, 0x00, 0x00, 0x00, 0xd8, 0x00, 0x00, 0x00,
  0x00, 0x00, 0x00, 0x00, 0x00, 0x00, 0x00, 0x00, 0x00, 0x00, 0x00, 0x00,
  0xd0, 0x56, 0x00, 0x00, 0x00, 0x00, 0x00, 0x00, 0x00, 0x00, 0x00, 0x00,
  0x00, 0x00, 0x00, 0x00, 0x00, 0x00, 0x00, 0x00, 0x00, 0x00, 0x00, 0x00,
  0x00, 0x00, 0x00, 0x00, 0x00, 0x00, 0x00, 0x00, 0x00, 0x00, 0x00, 0x00,
  0x00, 0x00, 0x00, 0x00, 0x00, 0x00, 0x00, 0x00, 0x00, 0x00, 0x00, 0x00,
  0x00, 0x00, 0x00, 0x00, 0x00, 0x00, 0x00, 0x00, 0x00, 0x00, 0x00, 0x00,
  0x00, 0x00, 0x00, 0x00, 0x00, 0x00, 0x00, 0x00, 0x00, 0x00, 0x00, 0x00,
  0x00, 0x00, 0x00, 0x00, 0x00, 0x00, 0x00, 0x00, 0x00, 0x00, 0x00, 0x00,
  0x00, 0x00, 0x00, 0x00, 0x00, 0x00, 0x00, 0x00, 0x00, 0x00, 0x00, 0x00,
  0x00, 0x00, 0x00, 0x00, 0x00, 0x00, 0x00, 0x00, 0x00, 0x00, 0x00, 0x00,
  0x00, 0x00, 0x00, 0x00, 0x00, 0x00, 0x00, 0x00, 0x00, 0x00, 0x00, 0x00,
  0x00, 0x44, 0x04, 0x00, 0x00, 0x00, 0x00, 0x00, 0xe0, 0xfa, 0x00, 0x00,
  0x00, 0x00, 0x00, 0x00, 0x50, 0x56, 0x00, 0x00, 0x00, 0x00, 0x00, 0x00,
  0xd0, 0x55, 0x00, 0x00, 0x00, 0x00, 0x00, 0x00, 0x00, 0x00, 0x00, 0x00,
  0x00, 0x00, 0x00, 0x00, 0x00, 0x00, 0x00, 0x00, 0x00, 0x00, 0x00, 0x00,
  0x00, 0x00, 0x00, 0x00, 0x00, 0x00, 0x00, 0x00, 0x00, 0x00, 0x00, 0x00,
  0x00, 0x00, 0x00, 0x00, 0xa0, 0x55, 0x01, 0x00, 0x00, 0x00, 0x00, 0x00,
  0x00, 0x00, 0x00, 0x00, 0x00, 0x00, 0x00, 0x00, 0x40, 0x55, 0x01, 0x00,
  0x00, 0x00, 0x00, 0x00, 0x00, 0x00, 0x00, 0x00, 0x00, 0x00, 0x00, 0x00,
  0x00, 0x00, 0x00, 0x00, 0x00, 0x00, 0x00, 0x00, 0x00, 0x00, 0x00, 0x00,
  0x00, 0x00, 0x00, 0x00, 0x00, 0x00, 0x00, 0x00, 0x00, 0x00, 0x00, 0x00,
  0x00, 0x00, 0x00, 0x00, 0x00, 0x00, 0x00, 0x00, 0xd0, 0x95, 0x00, 0x00,
  0x00, 0x00, 0x00, 0x00, 0x00, 0x00, 0x00, 0x00, 0x00, 0x00, 0x00, 0x00,
  0xb0, 0x52, 0x00, 0x00, 0x00, 0x00, 0x00, 0x00, 0x00, 0x00, 0x00, 0x00,
  0x00, 0x00, 0x00, 0x00, 0x00, 0x00, 0x00, 0x00, 0x00, 0x00, 0x00, 0x00,
  0x00, 0x00, 0x00, 0x00, 0x00, 0x00, 0x00, 0x00, 0x00, 0x00, 0x00, 0x00,
  0x00, 0x00, 0x00, 0x00, 0x00, 0x00, 0x00, 0x00, 0x00, 0x00, 0x00, 0x00,
  0x00, 0x00, 0x00, 0x00, 0x00, 0x00, 0x00, 0x00, 0x00, 0x00, 0x00, 0x00,
  0x00, 0x00, 0x00, 0x00, 0x00, 0x00, 0x00, 0x00, 0x00, 0x00, 0x00, 0x00,
  0x00, 0x00, 0x00, 0x00, 0x00, 0x00, 0x00, 0x00, 0x00, 0x00, 0x00, 0x00,
  0x00, 0x00, 0x00, 0x00, 0x00, 0x00, 0x00, 0x00, 0x00, 0x00, 0x00, 0x00,
  0x00, 0x00, 0x00, 0x00, 0x00, 0x00, 0x00, 0x00, 0x9e, 0x10, 0x01, 0x00,
  0x00, 0x00, 0x00, 0x00, 0x90, 0x7e, 0x00, 0x00, 0x00, 0x00, 0x00, 0x00,
  0x20, 0xb4, 0x00, 0x00, 0x00, 0x00, 0x00, 0x00, 0xd0, 0x0c, 0x01, 0x00,
  0x00, 0x00, 0x00, 0x00, 0x00, 0x00, 0x00, 0x00, 0x00, 0x00, 0x00, 0x00,
  0x00, 0x00, 0x00, 0x00, 0x00, 0x00, 0x00, 0x00, 0x00, 0x00, 0x00, 0x00,
  0x00, 0x00, 0x00, 0x00, 0x00, 0x00, 0x00, 0x00, 0x00, 0x00, 0x00, 0x00,
  0x00, 0x00, 0x00, 0x00, 0x00, 0x00, 0x00, 0x00, 0x00, 0x00, 0x00, 0x00,
  0x00, 0x00, 0x00, 0x00, 0x00, 0x00, 0x00, 0x00, 0x00, 0x00, 0x00, 0x00,
  0x00, 0x00, 0x00, 0x00, 0x00, 0x00, 0x00, 0x00, 0x56, 0x10, 0x01, 0x00,
  0x00, 0x00, 0x00, 0x00, 0xd0, 0x76, 0x00, 0x00, 0x00, 0x00, 0x00, 0x00,
  0x03, 0x00, 0x00, 0x00, 0x00, 0x00, 0x00, 0x00, 0x80, 0x48, 0x01, 0x00,
  0x00, 0x00, 0x00, 0x00, 0xa4, 0x10, 0x01, 0x00, 0x00, 0x00, 0x00, 0x00,
  0xd0, 0x6e, 0x00, 0x00, 0x00, 0x00, 0x00, 0x00, 0x08, 0x00, 0x00, 0x00,
  0x00, 0x00, 0x00, 0x00, 0x20, 0x43, 0x01, 0x00, 0x00, 0x00, 0x00, 0x00,
  0xac, 0x10, 0x01, 0x00, 0x00, 0x00, 0x00, 0x00, 0x30, 0x71, 0x00, 0x00,
  0x00, 0x00, 0x00, 0x00, 0x04, 0x00, 0x00, 0x00, 0x00, 0x00, 0x00, 0x00,
  0x00, 0x00, 0x00, 0x00, 0x00, 0x00, 0x00, 0x00, 0xbe, 0x10, 0x01, 0x00,
  0x00, 0x00, 0x00, 0x00, 0x50, 0x70, 0x00, 0x00, 0x00, 0x00, 0x00, 0x00,
  0x08, 0x00, 0x00, 0x00, 0x00, 0x00, 0x00, 0x00, 0x00, 0x00, 0x00, 0x00,
  0x00, 0x00, 0x00, 0x00, 0x00, 0x00, 0x00, 0x00, 0x00, 0x00, 0x00, 0x00,
  0x00, 0x00, 0x00, 0x00, 0x00, 0x00, 0x00, 0x00, 0x00, 0x00, 0x00, 0x00,
  0x00, 0x00, 0x00, 0x00, 0x00, 0x00, 0x00, 0x00, 0x00, 0x00, 0x00, 0x00,
  0x47, 0x43, 0x43, 0x3a, 0x20, 0x28, 0x47, 0x4e, 0x55, 0x29, 0x20, 0x31,
  0x30, 0x2e, 0x32, 0x2e, 0x31, 0x20, 0x32, 0x30, 0x32, 0x31, 0x30, 0x31,
  0x33, 0x30, 0x20, 0x28, 0x52, 0x65, 0x64, 0x20, 0x48, 0x61, 0x74, 0x20,
  0x31, 0x30, 0x2e, 0x32, 0x2e, 0x31, 0x2d, 0x31, 0x31, 0x29, 0x00, 0x00,
  0x00, 0x00, 0x00, 0x00, 0x00, 0x00, 0x00, 0x00, 0x00, 0x00, 0x00, 0x00,
  0x00, 0x00, 0x00, 0x00, 0x00, 0x00, 0x00, 0x00, 0x00, 0x00, 0x00, 0x00,
  0x00, 0x00, 0x00, 0x00, 0x03, 0x00, 0x01, 0x00, 0x38, 0x02, 0x00, 0x00,
  0x00, 0x00, 0x00, 0x00, 0x00, 0x00, 0x00, 0x00, 0x00, 0x00, 0x00, 0x00,
  0x00, 0x00, 0x00, 0x00, 0x03, 0x00, 0x02, 0x00, 0x60, 0x02, 0x00, 0x00,
  0x00, 0x00, 0x00, 0x00, 0x00, 0x00, 0x00, 0x00, 0x00, 0x00, 0x00, 0x00,
  0x00, 0x00, 0x00, 0x00, 0x03, 0x00, 0x03, 0x00, 0xa0, 0x02, 0x00, 0x00,
  0x00, 0x00, 0x00, 0x00, 0x00, 0x00, 0x00, 0x00, 0x00, 0x00, 0x00, 0x00,
  0x00, 0x00, 0x00, 0x00, 0x03, 0x00, 0x04, 0x00, 0x10, 0x0e, 0x00, 0x00,
  0x00, 0x00, 0x00, 0x00, 0x00, 0x00, 0x00, 0x00, 0x00, 0x00, 0x00, 0x00,
  0x00, 0x00, 0x00, 0x00, 0x03, 0x00, 0x05, 0x00, 0xca, 0x16, 0x00, 0x00,
  0x00, 0x00, 0x00, 0x00, 0x00, 0x00, 0x00, 0x00, 0x00, 0x00, 0x00, 0x00,
  0x00, 0x00, 0x00, 0x00, 0x03, 0x00, 0x06, 0x00, 0xc0, 0x17, 0x00, 0x00,
  0x00, 0x00, 0x00, 0x00, 0x00, 0x00, 0x00, 0x00, 0x00, 0x00, 0x00, 0x00,
  0x00, 0x00, 0x00, 0x00, 0x03, 0x00, 0x07, 0x00, 0xe0, 0x17, 0x00, 0x00,
  0x00, 0x00, 0x00, 0x00, 0x00, 0x00, 0x00, 0x00, 0x00, 0x00, 0x00, 0x00,
  0x00, 0x00, 0x00, 0x00, 0x03, 0x00, 0x08, 0x00, 0x70, 0x27, 0x00, 0x00,
  0x00, 0x00, 0x00, 0x00, 0x00, 0x00, 0x00, 0x00, 0x00, 0x00, 0x00, 0x00,
  0x00, 0x00, 0x00, 0x00, 0x03, 0x00, 0x09, 0x00, 0x00, 0x30, 0x00, 0x00,
  0x00, 0x00, 0x00, 0x00, 0x00, 0x00, 0x00, 0x00, 0x00, 0x00, 0x00, 0x00,
  0x00, 0x00, 0x00, 0x00, 0x03, 0x00, 0x0a, 0x00, 0x20, 0x30, 0x00, 0x00,
  0x00, 0x00, 0x00, 0x00, 0x00, 0x00, 0x00, 0x00, 0x00, 0x00, 0x00, 0x00,
  0x00, 0x00, 0x00, 0x00, 0x03, 0x00, 0x0b, 0x00, 0xd0, 0x35, 0x00, 0x00,
  0x00, 0x00, 0x00, 0x00, 0x00, 0x00, 0x00, 0x00, 0x00, 0x00, 0x00, 0x00,
  0x00, 0x00, 0x00, 0x00, 0x03, 0x00, 0x0c, 0x00, 0xe0, 0xe0, 0x00, 0x00,
  0x00, 0x00, 0x00, 0x00, 0x00, 0x00, 0x00, 0x00, 0x00, 0x00, 0x00, 0x00,
  0x00, 0x00, 0x00, 0x00, 0x03, 0x00, 0x0d, 0x00, 0x00, 0xf0, 0x00, 0x00,
  0x00, 0x00, 0x00, 0x00, 0x00, 0x00, 0x00, 0x00, 0x00, 0x00, 0x00, 0x00,
  0x00, 0x00, 0x00, 0x00, 0x03, 0x00, 0x0e, 0x00, 0xb8, 0x14, 0x01, 0x00,
  0x00, 0x00, 0x00, 0x00, 0x00, 0x00, 0x00, 0x00, 0x00, 0x00, 0x00, 0x00,
  0x00, 0x00, 0x00, 0x00, 0x03, 0x00, 0x0f, 0x00, 0x00, 0x16, 0x01, 0x00,
  0x00, 0x00, 0x00, 0x00, 0x00, 0x00, 0x00, 0x00, 0x00, 0x00, 0x00, 0x00,
  0x00, 0x00, 0x00, 0x00, 0x03, 0x00, 0x10, 0x00, 0x20, 0x3d, 0x01, 0x00,
  0x00, 0x00, 0x00, 0x00, 0x00, 0x00, 0x00, 0x00, 0x00, 0x00, 0x00, 0x00,
  0x00, 0x00, 0x00, 0x00, 0x03, 0x00, 0x11, 0x00, 0x28, 0x3d, 0x01, 0x00,
  0x00, 0x00, 0x00, 0x00, 0x00, 0x00, 0x00, 0x00, 0x00, 0x00, 0x00, 0x00,
  0x00, 0x00, 0x00, 0x00, 0x03, 0x00, 0x12, 0x00, 0x30, 0x3d, 0x01, 0x00,
  0x00, 0x00, 0x00, 0x00, 0x00, 0x00, 0x00, 0x00, 0x00, 0x00, 0x00, 0x00,
  0x00, 0x00, 0x00, 0x00, 0x03, 0x00, 0x13, 0x00, 0x38, 0x3d, 0x01, 0x00,
  0x00, 0x00, 0x00, 0x00, 0x00, 0x00, 0x00, 0x00, 0x00, 0x00, 0x00, 0x00,
  0x00, 0x00, 0x00, 0x00, 0x03, 0x00, 0x14, 0x00, 0x18, 0x3f, 0x01, 0x00,
  0x00, 0x00, 0x00, 0x00, 0x00, 0x00, 0x00, 0x00, 0x00, 0x00, 0x00, 0x00,
  0x00, 0x00, 0x00, 0x00, 0x03, 0x00, 0x15, 0x00, 0x00, 0x40, 0x01, 0x00,
  0x00, 0x00, 0x00, 0x00, 0x00, 0x00, 0x00, 0x00, 0x00, 0x00, 0x00, 0x00,
  0x00, 0x00, 0x00, 0x00, 0x03, 0x00, 0x16, 0x00, 0x00, 0x43, 0x01, 0x00,
  0x00, 0x00, 0x00, 0x00, 0x00, 0x00, 0x00, 0x00, 0x00, 0x00, 0x00, 0x00,
  0x00, 0x00, 0x00, 0x00, 0x03, 0x00, 0x17, 0x00, 0x40, 0x56, 0x01, 0x00,
  0x00, 0x00, 0x00, 0x00, 0x00, 0x00, 0x00, 0x00, 0x00, 0x00, 0x00, 0x00,
  0x00, 0x00, 0x00, 0x00, 0x03, 0x00, 0x18, 0x00, 0x00, 0x00, 0x00, 0x00,
  0x00, 0x00, 0x00, 0x00, 0x00, 0x00, 0x00, 0x00, 0x00, 0x00, 0x00, 0x00,
  0x01, 0x00, 0x00, 0x00, 0x04, 0x00, 0xf1, 0xff, 0x00, 0x00, 0x00, 0x00,
  0x00, 0x00, 0x00, 0x00, 0x00, 0x00, 0x00, 0x00, 0x00, 0x00, 0x00, 0x00,
  0x0b, 0x00, 0x00, 0x00, 0x02, 0x00, 0x0b, 0x00, 0x80, 0x52, 0x00, 0x00,
  0x00, 0x00, 0x00, 0x00, 0x30, 0x00, 0x00, 0x00, 0x00, 0x00, 0x00, 0x00,
  0x4a, 0x00, 0x00, 0x00, 0x02, 0x00, 0x0b, 0x00, 0xb0, 0x52, 0x00, 0x00,
  0x00, 0x00, 0x00, 0x00, 0x26, 0x00, 0x00, 0x00, 0x00, 0x00, 0x00, 0x00,
  0x76, 0x00, 0x00, 0x00, 0x01, 0x00, 0x17, 0x00, 0x90, 0x59, 0x01, 0x00,
  0x00, 0x00, 0x00, 0x00, 0x08, 0x00, 0x00, 0x00, 0x00, 0x00, 0x00, 0x00,
  0xae, 0x00, 0x00, 0x00, 0x01, 0x00, 0x17, 0x00, 0xb0, 0x59, 0x01, 0x00,
  0x00, 0x00, 0x00, 0x00, 0x08, 0x00, 0x00, 0x00, 0x00, 0x00, 0x00, 0x00,
  0xdb, 0x00, 0x00, 0x00, 0x02, 0x00, 0x0b, 0x00, 0xe0, 0x52, 0x00, 0x00,
  0x00, 0x00, 0x00, 0x00, 0x1d, 0x00, 0x00, 0x00, 0x00, 0x00, 0x00, 0x00,
  0xf5, 0x00, 0x00, 0x00, 0x02, 0x00, 0x0b, 0x00, 0x00, 0x53, 0x00, 0x00,
  0x00, 0x00, 0x00, 0x00, 0x84, 0x00, 0x00, 0x00, 0x00, 0x00, 0x00, 0x00,
  0x1d, 0x01, 0x00, 0x00, 0x02, 0x00, 0x0b, 0x00, 0xd0, 0x35, 0x00, 0x00,
  0x00, 0x00, 0x00, 0x00, 0xef, 0x00, 0x00, 0x00, 0x00, 0x00, 0x00, 0x00,
  0x2e, 0x01, 0x00, 0x00, 0x02, 0x00, 0x0b, 0x00, 0xbf, 0x36, 0x00, 0x00,
  0x00, 0x00, 0x00, 0x00, 0x57, 0x00, 0x00, 0x00, 0x00, 0x00, 0x00, 0x00,
  0x4a, 0x01, 0x00, 0x00, 0x01, 0x00, 0x17, 0x00, 0x60, 0x58, 0x01, 0x00,
  0x00, 0x00, 0x00, 0x00, 0x08, 0x00, 0x00, 0x00, 0x00, 0x00, 0x00, 0x00,
  0x59, 0x01, 0x00, 0x00, 0x02, 0x00, 0x0b, 0x00, 0x16, 0x37, 0x00, 0x00,
  0x00, 0x00, 0x00, 0x00, 0xfd, 0x00, 0x00, 0x00, 0x00, 0x00, 0x00, 0x00,
  0x6d, 0x01, 0x00, 0x00, 0x02, 0x00, 0x0b, 0x00, 0x13, 0x38, 0x00, 0x00,
  0x00, 0x00, 0x00, 0x00, 0xfd, 0x00, 0x00, 0x00, 0x00, 0x00, 0x00, 0x00,
  0x82, 0x01, 0x00, 0x00, 0x02, 0x00, 0x0b, 0x00, 0x10, 0x39, 0x00, 0x00,
  0x00, 0x00, 0x00, 0x00, 0x7e, 0x00, 0x00, 0x00, 0x00, 0x00, 0x00, 0x00,
  0x9c, 0x01, 0x00, 0x00, 0x02, 0x00, 0x0b, 0x00, 0x8e, 0x39, 0x00, 0x00,
  0x00, 0x00, 0x00, 0x00, 0x60, 0x01, 0x00, 0x00, 0x00, 0x00, 0x00, 0x00,
  0xaf, 0x01, 0x00, 0x00, 0x01, 0x00, 0x16, 0x00, 0x00, 0x43, 0x01, 0x00,
  0x00, 0x00, 0x00, 0x00, 0x08, 0x00, 0x00, 0x00, 0x00, 0x00, 0x00, 0x00,
  0xc5, 0x01, 0x00, 0x00, 0x01, 0x00, 0x17, 0x00, 0xd8, 0x59, 0x01, 0x00,
  0x00, 0x00, 0x00, 0x00, 0x08, 0x00, 0x00, 0x00, 0x00, 0x00, 0x00, 0x00,
  0xcd, 0x01, 0x00, 0x00, 0x02, 0x00, 0x0b, 0x00, 0x90, 0x53, 0x00, 0x00,
  0x00, 0x00, 0x00, 0x00, 0x92, 0x00, 0x00, 0x00, 0x00, 0x00, 0x00, 0x00,
  0xe2, 0x01, 0x00, 0x00, 0x02, 0x00, 0x0b, 0x00, 0x30, 0x54, 0x00, 0x00,
  0x00, 0x00, 0x00, 0x00, 0x9d, 0x01, 0x00, 0x00, 0x00, 0x00, 0x00, 0x00,
  0xf5, 0x01, 0x00, 0x00, 0x02, 0x00, 0x0b, 0x00, 0xee, 0x3a, 0x00, 0x00,
  0x00, 0x00, 0x00, 0x00, 0x61, 0x00, 0x00, 0x00, 0x00, 0x00, 0x00, 0x00,
  0x22, 0x02, 0x00, 0x00, 0x01, 0x00, 0x16, 0x00, 0xa0, 0x53, 0x01, 0x00,
  0x00, 0x00, 0x00, 0x00, 0x98, 0x01, 0x00, 0x00, 0x00, 0x00, 0x00, 0x00,
  0x4c, 0x02, 0x00, 0x00, 0x02, 0x00, 0x0b, 0x00, 0xd0, 0x55, 0x00, 0x00,
  0x00, 0x00, 0x00, 0x00, 0x7f, 0x00, 0x00, 0x00, 0x00, 0x00, 0x00, 0x00,
  0x7a, 0x02, 0x00, 0x00, 0x02, 0x00, 0x0b, 0x00, 0x50, 0x56, 0x00, 0x00,
  0x00, 0x00, 0x00, 0x00, 0x78, 0x00, 0x00, 0x00, 0x00, 0x00, 0x00, 0x00,
  0xab, 0x02, 0x00, 0x00, 0x02, 0x00, 0x0b, 0x00, 0xd0, 0x56, 0x00, 0x00,
  0x00, 0x00, 0x00, 0x00, 0xbb, 0x00, 0x00, 0x00, 0x00, 0x00, 0x00, 0x00,
  0xdb, 0x02, 0x00, 0x00, 0x02, 0x00, 0x0b, 0x00, 0x90, 0x57, 0x00, 0x00,
  0x00, 0x00, 0x00, 0x00, 0x60, 0x02, 0x00, 0x00, 0x00, 0x00, 0x00, 0x00,
  0x03, 0x03, 0x00, 0x00, 0x02, 0x00, 0x0b, 0x00, 0xf0, 0x59, 0x00, 0x00,
  0x00, 0x00, 0x00, 0x00, 0xed, 0x00, 0x00, 0x00, 0x00, 0x00, 0x00, 0x00,
  0x1b, 0x03, 0x00, 0x00, 0x02, 0x00, 0x0b, 0x00, 0xe0, 0x5a, 0x00, 0x00,
  0x00, 0x00, 0x00, 0x00, 0x34, 0x03, 0x00, 0x00, 0x00, 0x00, 0x00, 0x00,
  0x49, 0x03, 0x00, 0x00, 0x02, 0x00, 0x0b, 0x00, 0x20, 0x5e, 0x00, 0x00,
  0x00, 0x00, 0x00, 0x00, 0x74, 0x00, 0x00, 0x00, 0x00, 0x00, 0x00, 0x00,
  0x5e, 0x03, 0x00, 0x00, 0x01, 0x00, 0x17, 0x00, 0xc8, 0x59, 0x01, 0x00,
  0x00, 0x00, 0x00, 0x00, 0x08, 0x00, 0x00, 0x00, 0x00, 0x00, 0x00, 0x00,
  0x66, 0x03, 0x00, 0x00, 0x02, 0x00, 0x0b, 0x00, 0xa0, 0x5e, 0x00, 0x00,
  0x00, 0x00, 0x00, 0x00, 0xad, 0x00, 0x00, 0x00, 0x00, 0x00, 0x00, 0x00,
  0x81, 0x03, 0x00, 0x00, 0x01, 0x00, 0x17, 0x00, 0xd0, 0x59, 0x01, 0x00,
  0x00, 0x00, 0x00, 0x00, 0x08, 0x00, 0x00, 0x00, 0x00, 0x00, 0x00, 0x00,
  0x89, 0x03, 0x00, 0x00, 0x02, 0x00, 0x0b, 0x00, 0x50, 0x5f, 0x00, 0x00,
  0x00, 0x00, 0x00, 0x00, 0x2f, 0x01, 0x00, 0x00, 0x00, 0x00, 0x00, 0x00,
  0xa1, 0x03, 0x00, 0x00, 0x02, 0x00, 0x0b, 0x00, 0x80, 0x60, 0x00, 0x00,
  0x00, 0x00, 0x00, 0x00, 0x20, 0x03, 0x00, 0x00, 0x00, 0x00, 0x00, 0x00,
  0xcf, 0x03, 0x00, 0x00, 0x02, 0x00, 0x0b, 0x00, 0xa0, 0x63, 0x00, 0x00,
  0x00, 0x00, 0x00, 0x00, 0x20, 0x03, 0x00, 0x00, 0x00, 0x00, 0x00, 0x00,
  0xfd, 0x03, 0x00, 0x00, 0x02, 0x00, 0x0b, 0x00, 0xc0, 0x66, 0x00, 0x00,
  0x00, 0x00, 0x00, 0x00, 0x7c, 0x01, 0x00, 0x00, 0x00, 0x00, 0x00, 0x00,
  0x15, 0x04, 0x00, 0x00, 0x02, 0x00, 0x0b, 0x00, 0x40, 0x68, 0x00, 0x00,
  0x00, 0x00, 0x00, 0x00, 0x82, 0x06, 0x00, 0x00, 0x00, 0x00, 0x00, 0x00,
  0x28, 0x04, 0x00, 0x00, 0x01, 0x00, 0x17, 0x00, 0xc0, 0x59, 0x01, 0x00,
  0x00, 0x00, 0x00, 0x00, 0x08, 0x00, 0x00, 0x00, 0x00, 0x00, 0x00, 0x00,
  0x3d, 0x04, 0x00, 0x00, 0x01, 0x00, 0x17, 0x00, 0x70, 0x56, 0x01, 0x00,
  0x00, 0x00, 0x00, 0x00, 0x08, 0x00, 0x00, 0x00, 0x00, 0x00, 0x00, 0x00,
  0x52, 0x04, 0x00, 0x00, 0x01, 0x00, 0x17, 0x00, 0x68, 0x56, 0x01, 0x00,
  0x00, 0x00, 0x00, 0x00, 0x08, 0x00, 0x00, 0x00, 0x00, 0x00, 0x00, 0x00,
  0x6c, 0x04, 0x00, 0x00, 0x01, 0x00, 0x17, 0x00, 0xe0, 0x58, 0x01, 0x00,
  0x00, 0x00, 0x00, 0x00, 0x08, 0x00, 0x00, 0x00, 0x00, 0x00, 0x00, 0x00,
  0x89, 0x04, 0x00, 0x00, 0x01, 0x00, 0x17, 0x00, 0xa0, 0x59, 0x01, 0x00,
  0x00, 0x00, 0x00, 0x00, 0x10, 0x00, 0x00, 0x00, 0x00, 0x00, 0x00, 0x00,
  0x9a, 0x04, 0x00, 0x00, 0x02, 0x00, 0x0b, 0x00, 0xd0, 0x6e, 0x00, 0x00,
  0x00, 0x00, 0x00, 0x00, 0x71, 0x01, 0x00, 0x00, 0x00, 0x00, 0x00, 0x00,
  0xcc, 0x04, 0x00, 0x00, 0x01, 0x00, 0x17, 0x00, 0x78, 0x57, 0x01, 0x00,
  0x00, 0x00, 0x00, 0x00, 0x08, 0x00, 0x00, 0x00, 0x00, 0x00, 0x00, 0x00,
  0xda, 0x04, 0x00, 0x00, 0x01, 0x00, 0x17, 0x00, 0x70, 0x59, 0x01, 0x00,
  0x00, 0x00, 0x00, 0x00, 0x08, 0x00, 0x00, 0x00, 0x00, 0x00, 0x00, 0x00,
  0x03, 0x05, 0x00, 0x00, 0x01, 0x00, 0x17, 0x00, 0x88, 0x57, 0x01, 0x00,
  0x00, 0x00, 0x00, 0x00, 0x08, 0x00, 0x00, 0x00, 0x00, 0x00, 0x00, 0x00,
  0x10, 0x05, 0x00, 0x00, 0x01, 0x00, 0x17, 0x00, 0xc8, 0x57, 0x01, 0x00,
  0x00, 0x00, 0x00, 0x00, 0x08, 0x00, 0x00, 0x00, 0x00, 0x00, 0x00, 0x00,
  0x1f, 0x05, 0x00, 0x00, 0x01, 0x00, 0x17, 0x00, 0x68, 0x59, 0x01, 0x00,
  0x00, 0x00, 0x00, 0x00, 0x08, 0x00, 0x00, 0x00, 0x00, 0x00, 0x00, 0x00,
  0x4c, 0x05, 0x00, 0x00, 0x02, 0x00, 0x0b, 0x00, 0x4f, 0x3b, 0x00, 0x00,
  0x00, 0x00, 0x00, 0x00, 0x61, 0x16, 0x00, 0x00, 0x00, 0x00, 0x00, 0x00,
  0x65, 0x05, 0x00, 0x00, 0x01, 0x00, 0x17, 0x00, 0xb8, 0x59, 0x01, 0x00,
  0x00, 0x00, 0x00, 0x00, 0x08, 0x00, 0x00, 0x00, 0x00, 0x00, 0x00, 0x00,
  0x77, 0x05, 0x00, 0x00, 0x01, 0x00, 0x16, 0x00, 0xc0, 0x4a, 0x01, 0x00,
  0x00, 0x00, 0x00, 0x00, 0x20, 0x08, 0x00, 0x00, 0x00, 0x00, 0x00, 0x00,
  0x88, 0x05, 0x00, 0x00, 0x01, 0x00, 0x17, 0x00, 0xa8, 0x57, 0x01, 0x00,
  0x00, 0x00, 0x00, 0x00, 0x08, 0x00, 0x00, 0x00, 0x00, 0x00, 0x00, 0x00,
  0x94, 0x05, 0x00, 0x00, 0x01, 0x00, 0x17, 0x00, 0xa0, 0x57, 0x01, 0x00,
  0x00, 0x00, 0x00, 0x00, 0x08, 0x00, 0x00, 0x00, 0x00, 0x00, 0x00, 0x00,
  0xa0, 0x05, 0x00, 0x00, 0x01, 0x00, 0x17, 0x00, 0x98, 0x57, 0x01, 0x00,
  0x00, 0x00, 0x00, 0x00, 0x08, 0x00, 0x00, 0x00, 0x00, 0x00, 0x00, 0x00,
  0xac, 0x05, 0x00, 0x00, 0x01, 0x00, 0x17, 0x00, 0x90, 0x57, 0x01, 0x00,
  0x00, 0x00, 0x00, 0x00, 0x08, 0x00, 0x00, 0x00, 0x00, 0x00, 0x00, 0x00,
  0xb8, 0x05, 0x00, 0x00, 0x01, 0x00, 0x17, 0x00, 0x80, 0x57, 0x01, 0x00,
  0x00, 0x00, 0x00, 0x00, 0x08, 0x00, 0x00, 0x00, 0x00, 0x00, 0x00, 0x00,
  0xc6, 0x05, 0x00, 0x00, 0x01, 0x00, 0x17, 0x00, 0x70, 0x57, 0x01, 0x00,
  0x00, 0x00, 0x00, 0x00, 0x08, 0x00, 0x00, 0x00, 0x00, 0x00, 0x00, 0x00,
  0xf8, 0x05, 0x00, 0x00, 0x01, 0x00, 0x17, 0x00, 0x68, 0x58, 0x01, 0x00,
  0x00, 0x00, 0x00, 0x00, 0x08, 0x00, 0x00, 0x00, 0x00, 0x00, 0x00, 0x00,
  0x07, 0x06, 0x00, 0x00, 0x01, 0x00, 0x17, 0x00, 0x20, 0x59, 0x01, 0x00,
  0x00, 0x00, 0x00, 0x00, 0x08, 0x00, 0x00, 0x00, 0x00, 0x00, 0x00, 0x00,
  0x1c, 0x06, 0x00, 0x00, 0x01, 0x00, 0x17, 0x00, 0x58, 0x59, 0x01, 0x00,
  0x00, 0x00, 0x00, 0x00, 0x08, 0x00, 0x00, 0x00, 0x00, 0x00, 0x00, 0x00,
  0x35, 0x06, 0x00, 0x00, 0x01, 0x00, 0x17, 0x00, 0x30, 0x58, 0x01, 0x00,
  0x00, 0x00, 0x00, 0x00, 0x08, 0x00, 0x00, 0x00, 0x00, 0x00, 0x00, 0x00,
  0x45, 0x06, 0x00, 0x00, 0x01, 0x00, 0x17, 0x00, 0x28, 0x59, 0x01, 0x00,
  0x00, 0x00, 0x00, 0x00, 0x08, 0x00, 0x00, 0x00, 0x00, 0x00, 0x00, 0x00,
  0x59, 0x06, 0x00, 0x00, 0x01, 0x00, 0x17, 0x00, 0x50, 0x59, 0x01, 0x00,
  0x00, 0x00, 0x00, 0x00, 0x08, 0x00, 0x00, 0x00, 0x00, 0x00, 0x00, 0x00,
  0x71, 0x06, 0x00, 0x00, 0x01, 0x00, 0x17, 0x00, 0x40, 0x59, 0x01, 0x00,
  0x00, 0x00, 0x00, 0x00, 0x08, 0x00, 0x00, 0x00, 0x00, 0x00, 0x00, 0x00,
  0x87, 0x06, 0x00, 0x00, 0x01, 0x00, 0x17, 0x00, 0x48, 0x59, 0x01, 0x00,
  0x00, 0x00, 0x00, 0x00, 0x08, 0x00, 0x00, 0x00, 0x00, 0x00, 0x00, 0x00,
  0xa1, 0x06, 0x00, 0x00, 0x01, 0x00, 0x17, 0x00, 0x08, 0x58, 0x01, 0x00,
  0x00, 0x00, 0x00, 0x00, 0x08, 0x00, 0x00, 0x00, 0x00, 0x00, 0x00, 0x00,
  0xcd, 0x06, 0x00, 0x00, 0x01, 0x00, 0x17, 0x00, 0x68, 0x57, 0x01, 0x00,
  0x00, 0x00, 0x00, 0x00, 0x08, 0x00, 0x00, 0x00, 0x00, 0x00, 0x00, 0x00,
  0xda, 0x06, 0x00, 0x00, 0x01, 0x00, 0x17, 0x00, 0x60, 0x57, 0x01, 0x00,
  0x00, 0x00, 0x00, 0x00, 0x08, 0x00, 0x00, 0x00, 0x00, 0x00, 0x00, 0x00,
  0xe9, 0x06, 0x00, 0x00, 0x01, 0x00, 0x17, 0x00, 0x58, 0x57, 0x01, 0x00,
  0x00, 0x00, 0x00, 0x00, 0x08, 0x00, 0x00, 0x00, 0x00, 0x00, 0x00, 0x00,
  0xf8, 0x06, 0x00, 0x00, 0x01, 0x00, 0x17, 0x00, 0xd8, 0x57, 0x01, 0x00,
  0x00, 0x00, 0x00, 0x00, 0x08, 0x00, 0x00, 0x00, 0x00, 0x00, 0x00, 0x00,
  0x18, 0x07, 0x00, 0x00, 0x01, 0x00, 0x17, 0x00, 0x50, 0x57, 0x01, 0x00,
  0x00, 0x00, 0x00, 0x00, 0x08, 0x00, 0x00, 0x00, 0x00, 0x00, 0x00, 0x00,
  0x27, 0x07, 0x00, 0x00, 0x01, 0x00, 0x17, 0x00, 0x18, 0x59, 0x01, 0x00,
  0x00, 0x00, 0x00, 0x00, 0x08, 0x00, 0x00, 0x00, 0x00, 0x00, 0x00, 0x00,
  0x35, 0x07, 0x00, 0x00, 0x01, 0x00, 0x17, 0x00, 0x00, 0x59, 0x01, 0x00,
  0x00, 0x00, 0x00, 0x00, 0x08, 0x00, 0x00, 0x00, 0x00, 0x00, 0x00, 0x00,
  0x4d, 0x07, 0x00, 0x00, 0x01, 0x00, 0x17, 0x00, 0x48, 0x57, 0x01, 0x00,
  0x00, 0x00, 0x00, 0x00, 0x08, 0x00, 0x00, 0x00, 0x00, 0x00, 0x00, 0x00,
  0x5c, 0x07, 0x00, 0x00, 0x01, 0x00, 0x17, 0x00, 0x00, 0x58, 0x01, 0x00,
  0x00, 0x00, 0x00, 0x00, 0x08, 0x00, 0x00, 0x00, 0x00, 0x00, 0x00, 0x00,
  0x88, 0x07, 0x00, 0x00, 0x01, 0x00, 0x17, 0x00, 0x40, 0x57, 0x01, 0x00,
  0x00, 0x00, 0x00, 0x00, 0x08, 0x00, 0x00, 0x00, 0x00, 0x00, 0x00, 0x00,
  0x97, 0x07, 0x00, 0x00, 0x01, 0x00, 0x17, 0x00, 0x38, 0x57, 0x01, 0x00,
  0x00, 0x00, 0x00, 0x00, 0x08, 0x00, 0x00, 0x00, 0x00, 0x00, 0x00, 0x00,
  0xa6, 0x07, 0x00, 0x00, 0x01, 0x00, 0x17, 0x00, 0x48, 0x58, 0x01, 0x00,
  0x00, 0x00, 0x00, 0x00, 0x08, 0x00, 0x00, 0x00, 0x00, 0x00, 0x00, 0x00,
  0xd1, 0x07, 0x00, 0x00, 0x01, 0x00, 0x17, 0x00, 0x30, 0x57, 0x01, 0x00,
  0x00, 0x00, 0x00, 0x00, 0x08, 0x00, 0x00, 0x00, 0x00, 0x00, 0x00, 0x00,
  0xe0, 0x07, 0x00, 0x00, 0x01, 0x00, 0x17, 0x00, 0x40, 0x58, 0x01, 0x00,
  0x00, 0x00, 0x00, 0x00, 0x08, 0x00, 0x00, 0x00, 0x00, 0x00, 0x00, 0x00,
  0x0c, 0x08, 0x00, 0x00, 0x01, 0x00, 0x17, 0x00, 0x20, 0x57, 0x01, 0x00,
  0x00, 0x00, 0x00, 0x00, 0x10, 0x00, 0x00, 0x00, 0x00, 0x00, 0x00, 0x00,
  0x38, 0x08, 0x00, 0x00, 0x02, 0x00, 0x0b, 0x00, 0x10, 0x72, 0x00, 0x00,
  0x00, 0x00, 0x00, 0x00, 0xb5, 0x04, 0x00, 0x00, 0x00, 0x00, 0x00, 0x00,
  0x6d, 0x08, 0x00, 0x00, 0x01, 0x00, 0x17, 0x00, 0x38, 0x58, 0x01, 0x00,
  0x00, 0x00, 0x00, 0x00, 0x08, 0x00, 0x00, 0x00, 0x00, 0x00, 0x00, 0x00,
  0x82, 0x08, 0x00, 0x00, 0x01, 0x00, 0x17, 0x00, 0x38, 0x59, 0x01, 0x00,
  0x00, 0x00, 0x00, 0x00, 0x08, 0x00, 0x00, 0x00, 0x00, 0x00, 0x00, 0x00,
  0x93, 0x08, 0x00, 0x00, 0x01, 0x00, 0x17, 0x00, 0xa0, 0x58, 0x01, 0x00,
  0x00, 0x00, 0x00, 0x00, 0x08, 0x00, 0x00, 0x00, 0x00, 0x00, 0x00, 0x00,
  0xa6, 0x08, 0x00, 0x00, 0x01, 0x00, 0x17, 0x00, 0x18, 0x58, 0x01, 0x00,
  0x00, 0x00, 0x00, 0x00, 0x08, 0x00, 0x00, 0x00, 0x00, 0x00, 0x00, 0x00,
  0xba, 0x08, 0x00, 0x00, 0x01, 0x00, 0x17, 0x00, 0x28, 0x58, 0x01, 0x00,
  0x00, 0x00, 0x00, 0x00, 0x08, 0x00, 0x00, 0x00, 0x00, 0x00, 0x00, 0x00,
  0xcb, 0x08, 0x00, 0x00, 0x01, 0x00, 0x17, 0x00, 0x20, 0x58, 0x01, 0x00,
  0x00, 0x00, 0x00, 0x00, 0x08, 0x00, 0x00, 0x00, 0x00, 0x00, 0x00, 0x00,
  0xe3, 0x08, 0x00, 0x00, 0x01, 0x00, 0x17, 0x00, 0xf8, 0x57, 0x01, 0x00,
  0x00, 0x00, 0x00, 0x00, 0x08, 0x00, 0x00, 0x00, 0x00, 0x00, 0x00, 0x00,
  0xf6, 0x08, 0x00, 0x00, 0x01, 0x00, 0x17, 0x00, 0xf0, 0x57, 0x01, 0x00,
  0x00, 0x00, 0x00, 0x00, 0x08, 0x00, 0x00, 0x00, 0x00, 0x00, 0x00, 0x00,
  0x10, 0x09, 0x00, 0x00, 0x01, 0x00, 0x17, 0x00, 0x60, 0x59, 0x01, 0x00,
  0x00, 0x00, 0x00, 0x00, 0x08, 0x00, 0x00, 0x00, 0x00, 0x00, 0x00, 0x00,
  0x3b, 0x09, 0x00, 0x00, 0x01, 0x00, 0x17, 0x00, 0x88, 0x59, 0x01, 0x00,
  0x00, 0x00, 0x00, 0x00, 0x08, 0x00, 0x00, 0x00, 0x00, 0x00, 0x00, 0x00,
  0x6c, 0x09, 0x00, 0x00, 0x01, 0x00, 0x17, 0x00, 0x80, 0x59, 0x01, 0x00,
  0x00, 0x00, 0x00, 0x00, 0x08, 0x00, 0x00, 0x00, 0x00, 0x00, 0x00, 0x00,
  0xa4, 0x09, 0x00, 0x00, 0x01, 0x00, 0x17, 0x00, 0x78, 0x59, 0x01, 0x00,
  0x00, 0x00, 0x00, 0x00, 0x08, 0x00, 0x00, 0x00, 0x00, 0x00, 0x00, 0x00,
  0xcd, 0x09, 0x00, 0x00, 0x01, 0x00, 0x17, 0x00, 0x50, 0x58, 0x01, 0x00,
  0x00, 0x00, 0x00, 0x00, 0x08, 0x00, 0x00, 0x00, 0x00, 0x00, 0x00, 0x00,
  0xdd, 0x09, 0x00, 0x00, 0x01, 0x00, 0x17, 0x00, 0x58, 0x58, 0x01, 0x00,
  0x00, 0x00, 0x00, 0x00, 0x08, 0x00, 0x00, 0x00, 0x00, 0x00, 0x00, 0x00,
  0xea, 0x09, 0x00, 0x00, 0x01, 0x00, 0x17, 0x00, 0x30, 0x59, 0x01, 0x00,
  0x00, 0x00, 0x00, 0x00, 0x08, 0x00, 0x00, 0x00, 0x00, 0x00, 0x00, 0x00,
  0xfb, 0x09, 0x00, 0x00, 0x01, 0x00, 0x17, 0x00, 0x08, 0x59, 0x01, 0x00,
  0x00, 0x00, 0x00, 0x00, 0x08, 0x00, 0x00, 0x00, 0x00, 0x00, 0x00, 0x00,
  0x09, 0x0a, 0x00, 0x00, 0x01, 0x00, 0x17, 0x00, 0xe0, 0x59, 0x01, 0x00,
  0x00, 0x00, 0x00, 0x00, 0x08, 0x00, 0x00, 0x00, 0x00, 0x00, 0x00, 0x00,
  0x15, 0x0a, 0x00, 0x00, 0x01, 0x00, 0x17, 0x00, 0xc0, 0x57, 0x01, 0x00,
  0x00, 0x00, 0x00, 0x00, 0x08, 0x00, 0x00, 0x00, 0x00, 0x00, 0x00, 0x00,
  0x24, 0x0a, 0x00, 0x00, 0x02, 0x00, 0x0b, 0x00, 0x50, 0x70, 0x00, 0x00,
  0x00, 0x00, 0x00, 0x00, 0xd2, 0x00, 0x00, 0x00, 0x00, 0x00, 0x00, 0x00,
  0x62, 0x0a, 0x00, 0x00, 0x02, 0x00, 0x0b, 0x00, 0x30, 0x71, 0x00, 0x00,
  0x00, 0x00, 0x00, 0x00, 0xd2, 0x00, 0x00, 0x00, 0x00, 0x00, 0x00, 0x00,
  0x9e, 0x0a, 0x00, 0x00, 0x01, 0x00, 0x17, 0x00, 0x10, 0x59, 0x01, 0x00,
  0x00, 0x00, 0x00, 0x00, 0x08, 0x00, 0x00, 0x00, 0x00, 0x00, 0x00, 0x00,
  0xb0, 0x0a, 0x00, 0x00, 0x02, 0x00, 0x0b, 0x00, 0xd0, 0x76, 0x00, 0x00,
  0x00, 0x00, 0x00, 0x00, 0xbb, 0x07, 0x00, 0x00, 0x00, 0x00, 0x00, 0x00,
  0xe1, 0x0a, 0x00, 0x00, 0x01, 0x00, 0x17, 0x00, 0xe8, 0x58, 0x01, 0x00,
  0x00, 0x00, 0x00, 0x00, 0x08, 0x00, 0x00, 0x00, 0x00, 0x00, 0x00, 0x00,
  0xf1, 0x0a, 0x00, 0x00, 0x01, 0x00, 0x17, 0x00, 0xe8, 0x57, 0x01, 0x00,
  0x00, 0x00, 0x00, 0x00, 0x08, 0x00, 0x00, 0x00, 0x00, 0x00, 0x00, 0x00,
  0x01, 0x0b, 0x00, 0x00, 0x01, 0x00, 0x16, 0x00, 0x80, 0x4a, 0x01, 0x00,
  0x00, 0x00, 0x00, 0x00, 0x10, 0x00, 0x00, 0x00, 0x00, 0x00, 0x00, 0x00,
  0x14, 0x0b, 0x00, 0x00, 0x01, 0x00, 0x17, 0x00, 0x80, 0x58, 0x01, 0x00,
  0x00, 0x00, 0x00, 0x00, 0x08, 0x00, 0x00, 0x00, 0x00, 0x00, 0x00, 0x00,
  0x24, 0x0b, 0x00, 0x00, 0x02, 0x00, 0x0b, 0x00, 0x90, 0x7e, 0x00, 0x00,
  0x00, 0x00, 0x00, 0x00, 0x34, 0x17, 0x00, 0x00, 0x00, 0x00, 0x00, 0x00,
  0x58, 0x0b, 0x00, 0x00, 0x01, 0x00, 0x17, 0x00, 0xd0, 0x56, 0x01, 0x00,
  0x00, 0x00, 0x00, 0x00, 0x08, 0x00, 0x00, 0x00, 0x00, 0x00, 0x00, 0x00,
  0x6e, 0x0b, 0x00, 0x00, 0x01, 0x00, 0x17, 0x00, 0xc8, 0x56, 0x01, 0x00,
  0x00, 0x00, 0x00, 0x00, 0x08, 0x00, 0x00, 0x00, 0x00, 0x00, 0x00, 0x00,
  0x89, 0x0b, 0x00, 0x00, 0x01, 0x00, 0x17, 0x00, 0xc0, 0x58, 0x01, 0x00,
  0x00, 0x00, 0x00, 0x00, 0x08, 0x00, 0x00, 0x00, 0x00, 0x00, 0x00, 0x00,
  0x99, 0x0b, 0x00, 0x00, 0x01, 0x00, 0x17, 0x00, 0xc0, 0x56, 0x01, 0x00,
  0x00, 0x00, 0x00, 0x00, 0x08, 0x00, 0x00, 0x00, 0x00, 0x00, 0x00, 0x00,
  0xaf, 0x0b, 0x00, 0x00, 0x01, 0x00, 0x17, 0x00, 0xb8, 0x56, 0x01, 0x00,
  0x00, 0x00, 0x00, 0x00, 0x08, 0x00, 0x00, 0x00, 0x00, 0x00, 0x00, 0x00,
  0xca, 0x0b, 0x00, 0x00, 0x01, 0x00, 0x17, 0x00, 0xb8, 0x57, 0x01, 0x00,
  0x00, 0x00, 0x00, 0x00, 0x08, 0x00, 0x00, 0x00, 0x00, 0x00, 0x00, 0x00,
  0xdb, 0x0b, 0x00, 0x00, 0x01, 0x00, 0x17, 0x00, 0xc8, 0x58, 0x01, 0x00,
  0x00, 0x00, 0x00, 0x00, 0x08, 0x00, 0x00, 0x00, 0x00, 0x00, 0x00, 0x00,
  0xeb, 0x0b, 0x00, 0x00, 0x01, 0x00, 0x17, 0x00, 0xb0, 0x56, 0x01, 0x00,
  0x00, 0x00, 0x00, 0x00, 0x08, 0x00, 0x00, 0x00, 0x00, 0x00, 0x00, 0x00,
  0x01, 0x0c, 0x00, 0x00, 0x01, 0x00, 0x17, 0x00, 0xa8, 0x56, 0x01, 0x00,
  0x00, 0x00, 0x00, 0x00, 0x08, 0x00, 0x00, 0x00, 0x00, 0x00, 0x00, 0x00,
  0x1c, 0x0c, 0x00, 0x00, 0x01, 0x00, 0x17, 0x00, 0xa0, 0x56, 0x01, 0x00,
  0x00, 0x00, 0x00, 0x00, 0x08, 0x00, 0x00, 0x00, 0x00, 0x00, 0x00, 0x00,
  0x31, 0x0c, 0x00, 0x00, 0x01, 0x00, 0x17, 0x00, 0x98, 0x56, 0x01, 0x00,
  0x00, 0x00, 0x00, 0x00, 0x08, 0x00, 0x00, 0x00, 0x00, 0x00, 0x00, 0x00,
  0x4b, 0x0c, 0x00, 0x00, 0x01, 0x00, 0x17, 0x00, 0x90, 0x56, 0x01, 0x00,
  0x00, 0x00, 0x00, 0x00, 0x08, 0x00, 0x00, 0x00, 0x00, 0x00, 0x00, 0x00,
  0x60, 0x0c, 0x00, 0x00, 0x01, 0x00, 0x17, 0x00, 0x88, 0x56, 0x01, 0x00,
  0x00, 0x00, 0x00, 0x00, 0x08, 0x00, 0x00, 0x00, 0x00, 0x00, 0x00, 0x00,
  0x7a, 0x0c, 0x00, 0x00, 0x01, 0x00, 0x17, 0x00, 0x80, 0x56, 0x01, 0x00,
  0x00, 0x00, 0x00, 0x00, 0x08, 0x00, 0x00, 0x00, 0x00, 0x00, 0x00, 0x00,
  0x8f, 0x0c, 0x00, 0x00, 0x01, 0x00, 0x17, 0x00, 0x78, 0x56, 0x01, 0x00,
  0x00, 0x00, 0x00, 0x00, 0x08, 0x00, 0x00, 0x00, 0x00, 0x00, 0x00, 0x00,
  0xa9, 0x0c, 0x00, 0x00, 0x01, 0x00, 0x17, 0x00, 0xd0, 0x58, 0x01, 0x00,
  0x00, 0x00, 0x00, 0x00, 0x08, 0x00, 0x00, 0x00, 0x00, 0x00, 0x00, 0x00,
  0xbb, 0x0c, 0x00, 0x00, 0x01, 0x00, 0x17, 0x00, 0x70, 0x58, 0x01, 0x00,
  0x00, 0x00, 0x00, 0x00, 0x08, 0x00, 0x00, 0x00, 0x00, 0x00, 0x00, 0x00,
  0xc9, 0x0c, 0x00, 0x00, 0x01, 0x00, 0x17, 0x00, 0xe0, 0x57, 0x01, 0x00,
  0x00, 0x00, 0x00, 0x00, 0x08, 0x00, 0x00, 0x00, 0x00, 0x00, 0x00, 0x00,
  0xd9, 0x0c, 0x00, 0x00, 0x01, 0x00, 0x17, 0x00, 0xf8, 0x58, 0x01, 0x00,
  0x00, 0x00, 0x00, 0x00, 0x08, 0x00, 0x00, 0x00, 0x00, 0x00, 0x00, 0x00,
  0xea, 0x0c, 0x00, 0x00, 0x01, 0x00, 0x17, 0x00, 0xf0, 0x58, 0x01, 0x00,
  0x00, 0x00, 0x00, 0x00, 0x08, 0x00, 0x00, 0x00, 0x00, 0x00, 0x00, 0x00,
  0xff, 0x0c, 0x00, 0x00, 0x01, 0x00, 0x17, 0x00, 0x98, 0x58, 0x01, 0x00,
  0x00, 0x00, 0x00, 0x00, 0x08, 0x00, 0x00, 0x00, 0x00, 0x00, 0x00, 0x00,
  0x14, 0x0d, 0x00, 0x00, 0x01, 0x00, 0x17, 0x00, 0xb0, 0x57, 0x01, 0x00,
  0x00, 0x00, 0x00, 0x00, 0x08, 0x00, 0x00, 0x00, 0x00, 0x00, 0x00, 0x00,
  0x27, 0x0d, 0x00, 0x00, 0x02, 0x00, 0x0b, 0x00, 0xd0, 0x95, 0x00, 0x00,
  0x00, 0x00, 0x00, 0x00, 0x41, 0x1e, 0x00, 0x00, 0x00, 0x00, 0x00, 0x00,
  0x5a, 0x0d, 0x00, 0x00, 0x01, 0x00, 0x17, 0x00, 0x88, 0x58, 0x01, 0x00,
  0x00, 0x00, 0x00, 0x00, 0x08, 0x00, 0x00, 0x00, 0x00, 0x00, 0x00, 0x00,
  0x69, 0x0d, 0x00, 0x00, 0x01, 0x00, 0x17, 0x00, 0xd8, 0x58, 0x01, 0x00,
  0x00, 0x00, 0x00, 0x00, 0x08, 0x00, 0x00, 0x00, 0x00, 0x00, 0x00, 0x00,
  0x7b, 0x0d, 0x00, 0x00, 0x01, 0x00, 0x17, 0x00, 0x78, 0x58, 0x01, 0x00,
  0x00, 0x00, 0x00, 0x00, 0x08, 0x00, 0x00, 0x00, 0x00, 0x00, 0x00, 0x00,
  0x89, 0x0d, 0x00, 0x00, 0x01, 0x00, 0x17, 0x00, 0xb0, 0x58, 0x01, 0x00,
  0x00, 0x00, 0x00, 0x00, 0x08, 0x00, 0x00, 0x00, 0x00, 0x00, 0x00, 0x00,
  0xa2, 0x0d, 0x00, 0x00, 0x01, 0x00, 0x17, 0x00, 0xe0, 0x56, 0x01, 0x00,
  0x00, 0x00, 0x00, 0x00, 0x08, 0x00, 0x00, 0x00, 0x00, 0x00, 0x00, 0x00,
  0xb8, 0x0d, 0x00, 0x00, 0x01, 0x00, 0x17, 0x00, 0xd8, 0x56, 0x01, 0x00,
  0x00, 0x00, 0x00, 0x00, 0x08, 0x00, 0x00, 0x00, 0x00, 0x00, 0x00, 0x00,
  0xd3, 0x0d, 0x00, 0x00, 0x01, 0x00, 0x17, 0x00, 0x10, 0x58, 0x01, 0x00,
  0x00, 0x00, 0x00, 0x00, 0x08, 0x00, 0x00, 0x00, 0x00, 0x00, 0x00, 0x00,
  0xe2, 0x0d, 0x00, 0x00, 0x01, 0x00, 0x16, 0x00, 0xa0, 0x4a, 0x01, 0x00,
  0x00, 0x00, 0x00, 0x00, 0x20, 0x00, 0x00, 0x00, 0x00, 0x00, 0x00, 0x00,
  0xf6, 0x0d, 0x00, 0x00, 0x02, 0x00, 0x0b, 0x00, 0x20, 0xb4, 0x00, 0x00,
  0x00, 0x00, 0x00, 0x00, 0xe6, 0x2b, 0x00, 0x00, 0x00, 0x00, 0x00, 0x00,
  0x2a, 0x0e, 0x00, 0x00, 0x01, 0x00, 0x17, 0x00, 0xa8, 0x58, 0x01, 0x00,
  0x00, 0x00, 0x00, 0x00, 0x08, 0x00, 0x00, 0x00, 0x00, 0x00, 0x00, 0x00,
  0x38, 0x0e, 0x00, 0x00, 0x01, 0x00, 0x17, 0x00, 0xd0, 0x57, 0x01, 0x00,
  0x00, 0x00, 0x00, 0x00, 0x08, 0x00, 0x00, 0x00, 0x00, 0x00, 0x00, 0x00,
  0x5e, 0x0e, 0x00, 0x00, 0x01, 0x00, 0x17, 0x00, 0xb8, 0x58, 0x01, 0x00,
  0x00, 0x00, 0x00, 0x00, 0x08, 0x00, 0x00, 0x00, 0x00, 0x00, 0x00, 0x00,
  0x6f, 0x0e, 0x00, 0x00, 0x01, 0x00, 0x16, 0x00, 0xe0, 0x52, 0x01, 0x00,
  0x00, 0x00, 0x00, 0x00, 0x68, 0x00, 0x00, 0x00, 0x00, 0x00, 0x00, 0x00,
  0x7f, 0x0e, 0x00, 0x00, 0x01, 0x00, 0x0d, 0x00, 0x28, 0x13, 0x01, 0x00,
  0x00, 0x00, 0x00, 0x00, 0x0c, 0x00, 0x00, 0x00, 0x00, 0x00, 0x00, 0x00,
  0x93, 0x0e, 0x00, 0x00, 0x01, 0x00, 0x0d, 0x00, 0x09, 0x14, 0x01, 0x00,
  0x00, 0x00, 0x00, 0x00, 0x07, 0x00, 0x00, 0x00, 0x00, 0x00, 0x00, 0x00,
  0xa2, 0x0e, 0x00, 0x00, 0x01, 0x00, 0x0d, 0x00, 0x88, 0x13, 0x01, 0x00,
  0x00, 0x00, 0x00, 0x00, 0x0a, 0x00, 0x00, 0x00, 0x00, 0x00, 0x00, 0x00,
  0xb4, 0x0e, 0x00, 0x00, 0x01, 0x00, 0x0d, 0x00, 0x68, 0x13, 0x01, 0x00,
  0x00, 0x00, 0x00, 0x00, 0x0b, 0x00, 0x00, 0x00, 0x00, 0x00, 0x00, 0x00,
  0xc7, 0x0e, 0x00, 0x00, 0x01, 0x00, 0x0d, 0x00, 0xa3, 0x14, 0x01, 0x00,
  0x00, 0x00, 0x00, 0x00, 0x01, 0x00, 0x00, 0x00, 0x00, 0x00, 0x00, 0x00,
  0xd2, 0x0e, 0x00, 0x00, 0x01, 0x00, 0x0d, 0x00, 0xd0, 0x13, 0x01, 0x00,
  0x00, 0x00, 0x00, 0x00, 0x08, 0x00, 0x00, 0x00, 0x00, 0x00, 0x00, 0x00,
  0xe2, 0x0e, 0x00, 0x00, 0x01, 0x00, 0x0d, 0x00, 0x98, 0x14, 0x01, 0x00,
  0x00, 0x00, 0x00, 0x00, 0x08, 0x00, 0x00, 0x00, 0x00, 0x00, 0x00, 0x00,
  0xee, 0x0e, 0x00, 0x00, 0x01, 0x00, 0x0d, 0x00, 0x18, 0x13, 0x01, 0x00,
  0x00, 0x00, 0x00, 0x00, 0x0e, 0x00, 0x00, 0x00, 0x00, 0x00, 0x00, 0x00,
  0x04, 0x0f, 0x00, 0x00, 0x01, 0x00, 0x0d, 0x00, 0x02, 0x14, 0x01, 0x00,
  0x00, 0x00, 0x00, 0x00, 0x07, 0x00, 0x00, 0x00, 0x00, 0x00, 0x00, 0x00,
  0x13, 0x0f, 0x00, 0x00, 0x01, 0x00, 0x0d, 0x00, 0x58, 0x13, 0x01, 0x00,
  0x00, 0x00, 0x00, 0x00, 0x0b, 0x00, 0x00, 0x00, 0x00, 0x00, 0x00, 0x00,
  0x26, 0x0f, 0x00, 0x00, 0x01, 0x00, 0x0d, 0x00, 0x38, 0x14, 0x01, 0x00,
  0x00, 0x00, 0x00, 0x00, 0x0a, 0x00, 0x00, 0x00, 0x00, 0x00, 0x00, 0x00,
  0x34, 0x0f, 0x00, 0x00, 0x01, 0x00, 0x0d, 0x00, 0xb0, 0x12, 0x01, 0x00,
  0x00, 0x00, 0x00, 0x00, 0x13, 0x00, 0x00, 0x00, 0x00, 0x00, 0x00, 0x00,
  0x4f, 0x0f, 0x00, 0x00, 0x01, 0x00, 0x0d, 0x00, 0xc8, 0x13, 0x01, 0x00,
  0x00, 0x00, 0x00, 0x00, 0x08, 0x00, 0x00, 0x00, 0x00, 0x00, 0x00, 0x00,
  0x5f, 0x0f, 0x00, 0x00, 0x01, 0x00, 0x0d, 0x00, 0x2e, 0x14, 0x01, 0x00,
  0x00, 0x00, 0x00, 0x00, 0x06, 0x00, 0x00, 0x00, 0x00, 0x00, 0x00, 0x00,
  0x6d, 0x0f, 0x00, 0x00, 0x01, 0x00, 0x0d, 0x00, 0x28, 0x14, 0x01, 0x00,
  0x00, 0x00, 0x00, 0x00, 0x06, 0x00, 0x00, 0x00, 0x00, 0x00, 0x00, 0x00,
  0x7b, 0x0f, 0x00, 0x00, 0x01, 0x00, 0x0d, 0x00, 0xfb, 0x13, 0x01, 0x00,
  0x00, 0x00, 0x00, 0x00, 0x07, 0x00, 0x00, 0x00, 0x00, 0x00, 0x00, 0x00,
  0x8a, 0x0f, 0x00, 0x00, 0x01, 0x00, 0x0d, 0x00, 0xe8, 0x12, 0x01, 0x00,
  0x00, 0x00, 0x00, 0x00, 0x0f, 0x00, 0x00, 0x00, 0x00, 0x00, 0x00, 0x00,
  0xa1, 0x0f, 0x00, 0x00, 0x01, 0x00, 0x0d, 0x00, 0x8d, 0x14, 0x01, 0x00,
  0x00, 0x00, 0x00, 0x00, 0x04, 0x00, 0x00, 0x00, 0x00, 0x00, 0x00, 0x00,
  0xad, 0x0f, 0x00, 0x00, 0x01, 0x00, 0x0d, 0x00, 0xb8, 0x13, 0x01, 0x00,
  0x00, 0x00, 0x00, 0x00, 0x0d, 0x00, 0x00, 0x00, 0x00, 0x00, 0x00, 0x00,
  0xbe, 0x0f, 0x00, 0x00, 0x01, 0x00, 0x0d, 0x00, 0x48, 0x13, 0x01, 0x00,
  0x00, 0x00, 0x00, 0x00, 0x0b, 0x00, 0x00, 0x00, 0x00, 0x00, 0x00, 0x00,
  0xd1, 0x0f, 0x00, 0x00, 0x01, 0x00, 0x17, 0x00, 0x90, 0x58, 0x01, 0x00,
  0x00, 0x00, 0x00, 0x00, 0x08, 0x00, 0x00, 0x00, 0x00, 0x00, 0x00, 0x00,
  0xe2, 0x0f, 0x00, 0x00, 0x01, 0x00, 0x0d, 0x00, 0xf0, 0x13, 0x01, 0x00,
  0x00, 0x00, 0x00, 0x00, 0x0b, 0x00, 0x00, 0x00, 0x00, 0x00, 0x00, 0x00,
  0xf1, 0x0f, 0x00, 0x00, 0x01, 0x00, 0x0d, 0x00, 0x80, 0x14, 0x01, 0x00,
  0x00, 0x00, 0x00, 0x00, 0x09, 0x00, 0x00, 0x00, 0x00, 0x00, 0x00, 0x00,
  0xfe, 0x0f, 0x00, 0x00, 0x01, 0x00, 0x0d, 0x00, 0x22, 0x14, 0x01, 0x00,
  0x00, 0x00, 0x00, 0x00, 0x06, 0x00, 0x00, 0x00, 0x00, 0x00, 0x00, 0x00,
  0x0c, 0x10, 0x00, 0x00, 0x01, 0x00, 0x0d, 0x00, 0x89, 0x14, 0x01, 0x00,
  0x00, 0x00, 0x00, 0x00, 0x04, 0x00, 0x00, 0x00, 0x00, 0x00, 0x00, 0x00,
  0x18, 0x10, 0x00, 0x00, 0x01, 0x00, 0x0d, 0x00, 0x70, 0x14, 0x01, 0x00,
  0x00, 0x00, 0x00, 0x00, 0x09, 0x00, 0x00, 0x00, 0x00, 0x00, 0x00, 0x00,
  0x25, 0x10, 0x00, 0x00, 0x01, 0x00, 0x0d, 0x00, 0x60, 0x14, 0x01, 0x00,
  0x00, 0x00, 0x00, 0x00, 0x09, 0x00, 0x00, 0x00, 0x00, 0x00, 0x00, 0x00,
  0x32, 0x10, 0x00, 0x00, 0x01, 0x00, 0x0d, 0x00, 0xa0, 0x14, 0x01, 0x00,
  0x00, 0x00, 0x00, 0x00, 0x03, 0x00, 0x00, 0x00, 0x00, 0x00, 0x00, 0x00,
  0x3d, 0x10, 0x00, 0x00, 0x01, 0x00, 0x0d, 0x00, 0x1c, 0x14, 0x01, 0x00,
  0x00, 0x00, 0x00, 0x00, 0x06, 0x00, 0x00, 0x00, 0x00, 0x00, 0x00, 0x00,
  0x4b, 0x10, 0x00, 0x00, 0x01, 0x00, 0x0d, 0x00, 0x40, 0x12, 0x01, 0x00,
  0x00, 0x00, 0x00, 0x00, 0x27, 0x00, 0x00, 0x00, 0x00, 0x00, 0x00, 0x00,
  0x73, 0x10, 0x00, 0x00, 0x01, 0x00, 0x0d, 0x00, 0x00, 0x12, 0x01, 0x00,
  0x00, 0x00, 0x00, 0x00, 0x22, 0x00, 0x00, 0x00, 0x00, 0x00, 0x00, 0x00,
  0x9c, 0x10, 0x00, 0x00, 0x01, 0x00, 0x0d, 0x00, 0x38, 0x13, 0x01, 0x00,
  0x00, 0x00, 0x00, 0x00, 0x0f, 0x00, 0x00, 0x00, 0x00, 0x00, 0x00, 0x00,
  0xaf, 0x10, 0x00, 0x00, 0x01, 0x00, 0x0d, 0x00, 0x16, 0x14, 0x01, 0x00,
  0x00, 0x00, 0x00, 0x00, 0x06, 0x00, 0x00, 0x00, 0x00, 0x00, 0x00, 0x00,
  0xbd, 0x10, 0x00, 0x00, 0x01, 0x00, 0x0d, 0x00, 0xe0, 0x13, 0x01, 0x00,
  0x00, 0x00, 0x00, 0x00, 0x0b, 0x00, 0x00, 0x00, 0x00, 0x00, 0x00, 0x00,
  0xcc, 0x10, 0x00, 0x00, 0x01, 0x00, 0x0d, 0x00, 0x00, 0x13, 0x01, 0x00,
  0x00, 0x00, 0x00, 0x00, 0x12, 0x00, 0x00, 0x00, 0x00, 0x00, 0x00, 0x00,
  0xe2, 0x10, 0x00, 0x00, 0x01, 0x00, 0x0d, 0x00, 0x78, 0x13, 0x01, 0x00,
  0x00, 0x00, 0x00, 0x00, 0x0e, 0x00, 0x00, 0x00, 0x00, 0x00, 0x00, 0x00,
  0xf4, 0x10, 0x00, 0x00, 0x01, 0x00, 0x0d, 0x00, 0x56, 0x14, 0x01, 0x00,
  0x00, 0x00, 0x00, 0x00, 0x05, 0x00, 0x00, 0x00, 0x00, 0x00, 0x00, 0x00,
  0x01, 0x11, 0x00, 0x00, 0x01, 0x00, 0x0d, 0x00, 0xc0, 0x11, 0x01, 0x00,
  0x00, 0x00, 0x00, 0x00, 0x21, 0x00, 0x00, 0x00, 0x00, 0x00, 0x00, 0x00,
  0x2a, 0x11, 0x00, 0x00, 0x01, 0x00, 0x0d, 0x00, 0x60, 0x11, 0x01, 0x00,
  0x00, 0x00, 0x00, 0x00, 0x50, 0x00, 0x00, 0x00, 0x00, 0x00, 0x00, 0x00,
  0x53, 0x11, 0x00, 0x00, 0x01, 0x00, 0x0d, 0x00, 0xa8, 0x13, 0x01, 0x00,
  0x00, 0x00, 0x00, 0x00, 0x0d, 0x00, 0x00, 0x00, 0x00, 0x00, 0x00, 0x00,
  0x64, 0x11, 0x00, 0x00, 0x01, 0x00, 0x0d, 0x00, 0xd0, 0x12, 0x01, 0x00,
  0x00, 0x00, 0x00, 0x00, 0x14, 0x00, 0x00, 0x00, 0x00, 0x00, 0x00, 0x00,
  0x7c, 0x11, 0x00, 0x00, 0x01, 0x00, 0x0d, 0x00, 0x10, 0x14, 0x01, 0x00,
  0x00, 0x00, 0x00, 0x00, 0x06, 0x00, 0x00, 0x00, 0x00, 0x00, 0x00, 0x00,
  0x8a, 0x11, 0x00, 0x00, 0x01, 0x00, 0x0d, 0x00, 0x90, 0x12, 0x01, 0x00,
  0x00, 0x00, 0x00, 0x00, 0x15, 0x00, 0x00, 0x00, 0x00, 0x00, 0x00, 0x00,
  0xa7, 0x11, 0x00, 0x00, 0x01, 0x00, 0x0d, 0x00, 0x70, 0x12, 0x01, 0x00,
  0x00, 0x00, 0x00, 0x00, 0x1d, 0x00, 0x00, 0x00, 0x00, 0x00, 0x00, 0x00,
  0xca, 0x11, 0x00, 0x00, 0x01, 0x00, 0x0d, 0x00, 0x51, 0x14, 0x01, 0x00,
  0x00, 0x00, 0x00, 0x00, 0x05, 0x00, 0x00, 0x00, 0x00, 0x00, 0x00, 0x00,
  0xd7, 0x11, 0x00, 0x00, 0x01, 0x00, 0x0d, 0x00, 0x48, 0x14, 0x01, 0x00,
  0x00, 0x00, 0x00, 0x00, 0x09, 0x00, 0x00, 0x00, 0x00, 0x00, 0x00, 0x00,
  0xe4, 0x11, 0x00, 0x00, 0x01, 0x00, 0x0d, 0x00, 0xd8, 0x13, 0x01, 0x00,
  0x00, 0x00, 0x00, 0x00, 0x07, 0x00, 0x00, 0x00, 0x00, 0x00, 0x00, 0x00,
  0xf3, 0x11, 0x00, 0x00, 0x01, 0x00, 0x0d, 0x00, 0x98, 0x13, 0x01, 0x00,
  0x00, 0x00, 0x00, 0x00, 0x09, 0x00, 0x00, 0x00, 0x00, 0x00, 0x00, 0x00,
  0x04, 0x12, 0x00, 0x00, 0x01, 0x00, 0x17, 0x00, 0x00, 0x57, 0x01, 0x00,
  0x00, 0x00, 0x00, 0x00, 0x20, 0x00, 0x00, 0x00, 0x00, 0x00, 0x00, 0x00,
  0x12, 0x12, 0x00, 0x00, 0x01, 0x00, 0x16, 0x00, 0x60, 0x53, 0x01, 0x00,
  0x00, 0x00, 0x00, 0x00, 0x30, 0x00, 0x00, 0x00, 0x00, 0x00, 0x00, 0x00,
  0x28, 0x12, 0x00, 0x00, 0x01, 0x00, 0x16, 0x00, 0xa0, 0x55, 0x01, 0x00,
  0x00, 0x00, 0x00, 0x00, 0xa0, 0x00, 0x00, 0x00, 0x00, 0x00, 0x00, 0x00,
  0x55, 0x12, 0x00, 0x00, 0x01, 0x00, 0x16, 0x00, 0x40, 0x55, 0x01, 0x00,
  0x00, 0x00, 0x00, 0x00, 0x50, 0x00, 0x00, 0x00, 0x00, 0x00, 0x00, 0x00,
  0x82, 0x12, 0x00, 0x00, 0x01, 0x00, 0x16, 0x00, 0x80, 0x48, 0x01, 0x00,
  0x00, 0x00, 0x00, 0x00, 0xe8, 0x01, 0x00, 0x00, 0x00, 0x00, 0x00, 0x00,
  0xb4, 0x12, 0x00, 0x00, 0x01, 0x00, 0x16, 0x00, 0x20, 0x43, 0x01, 0x00,
  0x00, 0x00, 0x00, 0x00, 0x4d, 0x05, 0x00, 0x00, 0x00, 0x00, 0x00, 0x00,
  0xe7, 0x12, 0x00, 0x00, 0x04, 0x00, 0xf1, 0xff, 0x00, 0x00, 0x00, 0x00,
  0x00, 0x00, 0x00, 0x00, 0x00, 0x00, 0x00, 0x00, 0x00, 0x00, 0x00, 0x00,
  0xf2, 0x12, 0x00, 0x00, 0x02, 0x00, 0x0b, 0x00, 0xc0, 0x51, 0x00, 0x00,
  0x00, 0x00, 0x00, 0x00, 0x00, 0x00, 0x00, 0x00, 0x00, 0x00, 0x00, 0x00,
  0xf4, 0x12, 0x00, 0x00, 0x02, 0x00, 0x0b, 0x00, 0xf0, 0x51, 0x00, 0x00,
  0x00, 0x00, 0x00, 0x00, 0x00, 0x00, 0x00, 0x00, 0x00, 0x00, 0x00, 0x00,
  0x07, 0x13, 0x00, 0x00, 0x02, 0x00, 0x0b, 0x00, 0x30, 0x52, 0x00, 0x00,
  0x00, 0x00, 0x00, 0x00, 0x00, 0x00, 0x00, 0x00, 0x00, 0x00, 0x00, 0x00,
  0x1d, 0x13, 0x00, 0x00, 0x01, 0x00, 0x17, 0x00, 0x40, 0x56, 0x01, 0x00,
  0x00, 0x00, 0x00, 0x00, 0x01, 0x00, 0x00, 0x00, 0x00, 0x00, 0x00, 0x00,
  0x29, 0x13, 0x00, 0x00, 0x01, 0x00, 0x11, 0x00, 0x28, 0x3d, 0x01, 0x00,
  0x00, 0x00, 0x00, 0x00, 0x00, 0x00, 0x00, 0x00, 0x00, 0x00, 0x00, 0x00,
  0x50, 0x13, 0x00, 0x00, 0x02, 0x00, 0x0b, 0x00, 0x70, 0x52, 0x00, 0x00,
  0x00, 0x00, 0x00, 0x00, 0x00, 0x00, 0x00, 0x00, 0x00, 0x00, 0x00, 0x00,
  0x5c, 0x13, 0x00, 0x00, 0x01, 0x00, 0x10, 0x00, 0x20, 0x3d, 0x01, 0x00,
  0x00, 0x00, 0x00, 0x00, 0x00, 0x00, 0x00, 0x00, 0x00, 0x00, 0x00, 0x00,
  0x02, 0x00, 0x00, 0x00, 0x04, 0x00, 0xf1, 0xff, 0x00, 0x00, 0x00, 0x00,
  0x00, 0x00, 0x00, 0x00, 0x00, 0x00, 0x00, 0x00, 0x00, 0x00, 0x00, 0x00,
  0xe7, 0x12, 0x00, 0x00, 0x04, 0x00, 0xf1, 0xff, 0x00, 0x00, 0x00, 0x00,
  0x00, 0x00, 0x00, 0x00, 0x00, 0x00, 0x00, 0x00, 0x00, 0x00, 0x00, 0x00,
  0x7b, 0x13, 0x00, 0x00, 0x01, 0x00, 0x0f, 0x00, 0xf8, 0x1e, 0x01, 0x00,
  0x00, 0x00, 0x00, 0x00, 0x00, 0x00, 0x00, 0x00, 0x00, 0x00, 0x00, 0x00,
  0x00, 0x00, 0x00, 0x00, 0x04, 0x00, 0xf1, 0xff, 0x00, 0x00, 0x00, 0x00,
  0x00, 0x00, 0x00, 0x00, 0x00, 0x00, 0x00, 0x00, 0x00, 0x00, 0x00, 0x00,
  0x89, 0x13, 0x00, 0x00, 0x01, 0x00, 0x12, 0x00, 0x30, 0x3d, 0x01, 0x00,
  0x00, 0x00, 0x00, 0x00, 0x00, 0x00, 0x00, 0x00, 0x00, 0x00, 0x00, 0x00,
  0x96, 0x13, 0x00, 0x00, 0x01, 0x00, 0x13, 0x00, 0x38, 0x3d, 0x01, 0x00,
  0x00, 0x00, 0x00, 0x00, 0x00, 0x00, 0x00, 0x00, 0x00, 0x00, 0x00, 0x00,
  0x9f, 0x13, 0x00, 0x00, 0x00, 0x00, 0x0e, 0x00, 0xb8, 0x14, 0x01, 0x00,
  0x00, 0x00, 0x00, 0x00, 0x00, 0x00, 0x00, 0x00, 0x00, 0x00, 0x00, 0x00,
  0xb2, 0x13, 0x00, 0x00, 0x01, 0x00, 0x16, 0x00, 0x40, 0x56, 0x01, 0x00,
  0x00, 0x00, 0x00, 0x00, 0x00, 0x00, 0x00, 0x00, 0x00, 0x00, 0x00, 0x00,
  0xbe, 0x13, 0x00, 0x00, 0x01, 0x00, 0x15, 0x00, 0x00, 0x40, 0x01, 0x00,
  0x00, 0x00, 0x00, 0x00, 0x00, 0x00, 0x00, 0x00, 0x00, 0x00, 0x00, 0x00,
  0xd4, 0x13, 0x00, 0x00, 0x10, 0x00, 0x00, 0x00, 0x00, 0x00, 0x00, 0x00,
  0x00, 0x00, 0x00, 0x00, 0x00, 0x00, 0x00, 0x00, 0x00, 0x00, 0x00, 0x00,
  0xe9, 0x13, 0x00, 0x00, 0x10, 0x00, 0x00, 0x00, 0x00, 0x00, 0x00, 0x00,
  0x00, 0x00, 0x00, 0x00, 0x00, 0x00, 0x00, 0x00, 0x00, 0x00, 0x00, 0x00,
  0xfa, 0x13, 0x00, 0x00, 0x10, 0x00, 0x00, 0x00, 0x00, 0x00, 0x00, 0x00,
  0x00, 0x00, 0x00, 0x00, 0x00, 0x00, 0x00, 0x00, 0x00, 0x00, 0x00, 0x00,
  0x05, 0x14, 0x00, 0x00, 0x10, 0x00, 0x00, 0x00, 0x00, 0x00, 0x00, 0x00,
  0x00, 0x00, 0x00, 0x00, 0x00, 0x00, 0x00, 0x00, 0x00, 0x00, 0x00, 0x00,
  0x17, 0x14, 0x00, 0x00, 0x10, 0x00, 0x00, 0x00, 0x00, 0x00, 0x00, 0x00,
  0x00, 0x00, 0x00, 0x00, 0x00, 0x00, 0x00, 0x00, 0x00, 0x00, 0x00, 0x00,
  0x2c, 0x14, 0x00, 0x00, 0x10, 0x00, 0x00, 0x00, 0x00, 0x00, 0x00, 0x00,
  0x00, 0x00, 0x00, 0x00, 0x00, 0x00, 0x00, 0x00, 0x00, 0x00, 0x00, 0x00,
  0x3d, 0x14, 0x00, 0x00, 0x10, 0x00, 0x00, 0x00, 0x00, 0x00, 0x00, 0x00,
  0x00, 0x00, 0x00, 0x00, 0x00, 0x00, 0x00, 0x00, 0x00, 0x00, 0x00, 0x00,
  0x49, 0x14, 0x00, 0x00, 0x10, 0x00, 0x00, 0x00, 0x00, 0x00, 0x00, 0x00,
  0x00, 0x00, 0x00, 0x00, 0x00, 0x00, 0x00, 0x00, 0x00, 0x00, 0x00, 0x00,
  0x62, 0x14, 0x00, 0x00, 0x10, 0x00, 0x00, 0x00, 0x00, 0x00, 0x00, 0x00,
  0x00, 0x00, 0x00, 0x00, 0x00, 0x00, 0x00, 0x00, 0x00, 0x00, 0x00, 0x00,
  0x7c, 0x14, 0x00, 0x00, 0x10, 0x00, 0x00, 0x00, 0x00, 0x00, 0x00, 0x00,
  0x00, 0x00, 0x00, 0x00, 0x00, 0x00, 0x00, 0x00, 0x00, 0x00, 0x00, 0x00,
  0x8a, 0x14, 0x00, 0x00, 0x20, 0x00, 0x00, 0x00, 0x00, 0x00, 0x00, 0x00,
  0x00, 0x00, 0x00, 0x00, 0x00, 0x00, 0x00, 0x00, 0x00, 0x00, 0x00, 0x00,
  0xa6, 0x14, 0x00, 0x00, 0x10, 0x00, 0x00, 0x00, 0x00, 0x00, 0x00, 0x00,
  0x00, 0x00, 0x00, 0x00, 0x00, 0x00, 0x00, 0x00, 0x00, 0x00, 0x00, 0x00,
  0xb3, 0x14, 0x00, 0x00, 0x10, 0x00, 0x00, 0x00, 0x00, 0x00, 0x00, 0x00,
  0x00, 0x00, 0x00, 0x00, 0x00, 0x00, 0x00, 0x00, 0x00, 0x00, 0x00, 0x00,
  0xc1, 0x14, 0x00, 0x00, 0x10, 0x00, 0x00, 0x00, 0x00, 0x00, 0x00, 0x00,
  0x00, 0x00, 0x00, 0x00, 0x00, 0x00, 0x00, 0x00, 0x00, 0x00, 0x00, 0x00,
  0xd2, 0x14, 0x00, 0x00, 0x10, 0x00, 0x00, 0x00, 0x00, 0x00, 0x00, 0x00,
  0x00, 0x00, 0x00, 0x00, 0x00, 0x00, 0x00, 0x00, 0x00, 0x00, 0x00, 0x00,
  0xe8, 0x14, 0x00, 0x00, 0x10, 0x00, 0x00, 0x00, 0x00, 0x00, 0x00, 0x00,
  0x00, 0x00, 0x00, 0x00, 0x00, 0x00, 0x00, 0x00, 0x00, 0x00, 0x00, 0x00,
  0xf4, 0x14, 0x00, 0x00, 0x10, 0x00, 0x00, 0x00, 0x00, 0x00, 0x00, 0x00,
  0x00, 0x00, 0x00, 0x00, 0x00, 0x00, 0x00, 0x00, 0x00, 0x00, 0x00, 0x00,
  0x06, 0x15, 0x00, 0x00, 0x10, 0x00, 0x00, 0x00, 0x00, 0x00, 0x00, 0x00,
  0x00, 0x00, 0x00, 0x00, 0x00, 0x00, 0x00, 0x00, 0x00, 0x00, 0x00, 0x00,
  0x1d, 0x15, 0x00, 0x00, 0x10, 0x00, 0x00, 0x00, 0x00, 0x00, 0x00, 0x00,
  0x00, 0x00, 0x00, 0x00, 0x00, 0x00, 0x00, 0x00, 0x00, 0x00, 0x00, 0x00,
  0x30, 0x15, 0x00, 0x00, 0x10, 0x00, 0x00, 0x00, 0x00, 0x00, 0x00, 0x00,
  0x00, 0x00, 0x00, 0x00, 0x00, 0x00, 0x00, 0x00, 0x00, 0x00, 0x00, 0x00,
  0x4a, 0x15, 0x00, 0x00, 0x10, 0x00, 0x00, 0x00, 0x00, 0x00, 0x00, 0x00,
  0x00, 0x00, 0x00, 0x00, 0x00, 0x00, 0x00, 0x00, 0x00, 0x00, 0x00, 0x00,
  0x6b, 0x15, 0x00, 0x00, 0x10, 0x00, 0x00, 0x00, 0x00, 0x00, 0x00, 0x00,
  0x00, 0x00, 0x00, 0x00, 0x00, 0x00, 0x00, 0x00, 0x00, 0x00, 0x00, 0x00,
  0x82, 0x15, 0x00, 0x00, 0x10, 0x00, 0x00, 0x00, 0x00, 0x00, 0x00, 0x00,
  0x00, 0x00, 0x00, 0x00, 0x00, 0x00, 0x00, 0x00, 0x00, 0x00, 0x00, 0x00,
  0x8f, 0x15, 0x00, 0x00, 0x10, 0x00, 0x00, 0x00, 0x00, 0x00, 0x00, 0x00,
  0x00, 0x00, 0x00, 0x00, 0x00, 0x00, 0x00, 0x00, 0x00, 0x00, 0x00, 0x00,
  0x9b, 0x15, 0x00, 0x00, 0x10, 0x00, 0x00, 0x00, 0x00, 0x00, 0x00, 0x00,
  0x00, 0x00, 0x00, 0x00, 0x00, 0x00, 0x00, 0x00, 0x00, 0x00, 0x00, 0x00,
  0xae, 0x15, 0x00, 0x00, 0x10, 0x00, 0x00, 0x00, 0x00, 0x00, 0x00, 0x00,
  0x00, 0x00, 0x00, 0x00, 0x00, 0x00, 0x00, 0x00, 0x00, 0x00, 0x00, 0x00,
  0xbe, 0x15, 0x00, 0x00, 0x10, 0x00, 0x00, 0x00, 0x00, 0x00, 0x00, 0x00,
  0x00, 0x00, 0x00, 0x00, 0x00, 0x00, 0x00, 0x00, 0x00, 0x00, 0x00, 0x00,
  0xd7, 0x15, 0x00, 0x00, 0x11, 0x00, 0x17, 0x00, 0x60, 0x56, 0x01, 0x00,
  0x00, 0x00, 0x00, 0x00, 0x04, 0x00, 0x00, 0x00, 0x00, 0x00, 0x00, 0x00,
  0x03, 0x16, 0x00, 0x00, 0x12, 0x00, 0x0b, 0x00, 0x30, 0xe0, 0x00, 0x00,
  0x00, 0x00, 0x00, 0x00, 0xb0, 0x00, 0x00, 0x00, 0x00, 0x00, 0x00, 0x00,
  0x12, 0x16, 0x00, 0x00, 0x10, 0x00, 0x00, 0x00, 0x00, 0x00, 0x00, 0x00,
  0x00, 0x00, 0x00, 0x00, 0x00, 0x00, 0x00, 0x00, 0x00, 0x00, 0x00, 0x00,
  0x24, 0x16, 0x00, 0x00, 0x10, 0x00, 0x00, 0x00, 0x00, 0x00, 0x00, 0x00,
  0x00, 0x00, 0x00, 0x00, 0x00, 0x00, 0x00, 0x00, 0x00, 0x00, 0x00, 0x00,
  0x39, 0x16, 0x00, 0x00, 0x12, 0x00, 0x0c, 0x00, 0xe0, 0xe0, 0x00, 0x00,
  0x00, 0x00, 0x00, 0x00, 0x00, 0x00, 0x00, 0x00, 0x00, 0x00, 0x00, 0x00,
  0x3f, 0x16, 0x00, 0x00, 0x10, 0x00, 0x00, 0x00, 0x00, 0x00, 0x00, 0x00,
  0x00, 0x00, 0x00, 0x00, 0x00, 0x00, 0x00, 0x00, 0x00, 0x00, 0x00, 0x00,
  0x56, 0x16, 0x00, 0x00, 0x10, 0x00, 0x00, 0x00, 0x00, 0x00, 0x00, 0x00,
  0x00, 0x00, 0x00, 0x00, 0x00, 0x00, 0x00, 0x00, 0x00, 0x00, 0x00, 0x00,
  0x68, 0x16, 0x00, 0x00, 0x12, 0x00, 0x0b, 0x00, 0xb0, 0x51, 0x00, 0x00,
  0x00, 0x00, 0x00, 0x00, 0x0c, 0x00, 0x00, 0x00, 0x00, 0x00, 0x00, 0x00,
  0x77, 0x16, 0x00, 0x00, 0x10, 0x00, 0x00, 0x00, 0x00, 0x00, 0x00, 0x00,
  0x00, 0x00, 0x00, 0x00, 0x00, 0x00, 0x00, 0x00, 0x00, 0x00, 0x00, 0x00,
  0x8a, 0x16, 0x00, 0x00, 0x10, 0x00, 0x00, 0x00, 0x00, 0x00, 0x00, 0x00,
  0x00, 0x00, 0x00, 0x00, 0x00, 0x00, 0x00, 0x00, 0x00, 0x00, 0x00, 0x00,
  0x98, 0x16, 0x00, 0x00, 0x10, 0x00, 0x00, 0x00, 0x00, 0x00, 0x00, 0x00,
  0x00, 0x00, 0x00, 0x00, 0x00, 0x00, 0x00, 0x00, 0x00, 0x00, 0x00, 0x00,
  0xa8, 0x16, 0x00, 0x00, 0x10, 0x00, 0x00, 0x00, 0x00, 0x00, 0x00, 0x00,
  0x00, 0x00, 0x00, 0x00, 0x00, 0x00, 0x00, 0x00, 0x00, 0x00, 0x00, 0x00,
  0xb9, 0x16, 0x00, 0x00, 0x10, 0x00, 0x00, 0x00, 0x00, 0x00, 0x00, 0x00,
  0x00, 0x00, 0x00, 0x00, 0x00, 0x00, 0x00, 0x00, 0x00, 0x00, 0x00, 0x00,
  0xc9, 0x16, 0x00, 0x00, 0x10, 0x00, 0x00, 0x00, 0x00, 0x00, 0x00, 0x00,
  0x00, 0x00, 0x00, 0x00, 0x00, 0x00, 0x00, 0x00, 0x00, 0x00, 0x00, 0x00,
  0xda, 0x16, 0x00, 0x00, 0x10, 0x00, 0x00, 0x00, 0x00, 0x00, 0x00, 0x00,
  0x00, 0x00, 0x00, 0x00, 0x00, 0x00, 0x00, 0x00, 0x00, 0x00, 0x00, 0x00,
  0xf3, 0x16, 0x00, 0x00, 0x10, 0x00, 0x00, 0x00, 0x00, 0x00, 0x00, 0x00,
  0x00, 0x00, 0x00, 0x00, 0x00, 0x00, 0x00, 0x00, 0x00, 0x00, 0x00, 0x00,
  0x03, 0x17, 0x00, 0x00, 0x10, 0x00, 0x00, 0x00, 0x00, 0x00, 0x00, 0x00,
  0x00, 0x00, 0x00, 0x00, 0x00, 0x00, 0x00, 0x00, 0x00, 0x00, 0x00, 0x00,
  0x1c, 0x17, 0x00, 0x00, 0x10, 0x00, 0x00, 0x00, 0x00, 0x00, 0x00, 0x00,
  0x00, 0x00, 0x00, 0x00, 0x00, 0x00, 0x00, 0x00, 0x00, 0x00, 0x00, 0x00,
  0x2a, 0x17, 0x00, 0x00, 0x10, 0x00, 0x00, 0x00, 0x00, 0x00, 0x00, 0x00,
  0x00, 0x00, 0x00, 0x00, 0x00, 0x00, 0x00, 0x00, 0x00, 0x00, 0x00, 0x00,
  0x41, 0x17, 0x00, 0x00, 0x10, 0x00, 0x00, 0x00, 0x00, 0x00, 0x00, 0x00,
  0x00, 0x00, 0x00, 0x00, 0x00, 0x00, 0x00, 0x00, 0x00, 0x00, 0x00, 0x00,
  0x4f, 0x17, 0x00, 0x00, 0x10, 0x00, 0x00, 0x00, 0x00, 0x00, 0x00, 0x00,
  0x00, 0x00, 0x00, 0x00, 0x00, 0x00, 0x00, 0x00, 0x00, 0x00, 0x00, 0x00,
  0x60, 0x17, 0x00, 0x00, 0x10, 0x00, 0x00, 0x00, 0x00, 0x00, 0x00, 0x00,
  0x00, 0x00, 0x00, 0x00, 0x00, 0x00, 0x00, 0x00, 0x00, 0x00, 0x00, 0x00,
  0x82, 0x17, 0x00, 0x00, 0x10, 0x00, 0x00, 0x00, 0x00, 0x00, 0x00, 0x00,
  0x00, 0x00, 0x00, 0x00, 0x00, 0x00, 0x00, 0x00, 0x00, 0x00, 0x00, 0x00,
  0x8f, 0x17, 0x00, 0x00, 0x10, 0x00, 0x00, 0x00, 0x00, 0x00, 0x00, 0x00,
  0x00, 0x00, 0x00, 0x00, 0x00, 0x00, 0x00, 0x00, 0x00, 0x00, 0x00, 0x00,
  0xa2, 0x17, 0x00, 0x00, 0x10, 0x00, 0x00, 0x00, 0x00, 0x00, 0x00, 0x00,
  0x00, 0x00, 0x00, 0x00, 0x00, 0x00, 0x00, 0x00, 0x00, 0x00, 0x00, 0x00,
  0xaf, 0x17, 0x00, 0x00, 0x10, 0x00, 0x00, 0x00, 0x00, 0x00, 0x00, 0x00,
  0x00, 0x00, 0x00, 0x00, 0x00, 0x00, 0x00, 0x00, 0x00, 0x00, 0x00, 0x00,
  0xbf, 0x17, 0x00, 0x00, 0x10, 0x00, 0x00, 0x00, 0x00, 0x00, 0x00, 0x00,
  0x00, 0x00, 0x00, 0x00, 0x00, 0x00, 0x00, 0x00, 0x00, 0x00, 0x00, 0x00,
  0xd8, 0x17, 0x00, 0x00, 0x10, 0x00, 0x00, 0x00, 0x00, 0x00, 0x00, 0x00,
  0x00, 0x00, 0x00, 0x00, 0x00, 0x00, 0x00, 0x00, 0x00, 0x00, 0x00, 0x00,
  0xe9, 0x17, 0x00, 0x00, 0x10, 0x00, 0x00, 0x00, 0x00, 0x00, 0x00, 0x00,
  0x00, 0x00, 0x00, 0x00, 0x00, 0x00, 0x00, 0x00, 0x00, 0x00, 0x00, 0x00,
  0xf5, 0x17, 0x00, 0x00, 0x10, 0x00, 0x00, 0x00, 0x00, 0x00, 0x00, 0x00,
  0x00, 0x00, 0x00, 0x00, 0x00, 0x00, 0x00, 0x00, 0x00, 0x00, 0x00, 0x00,
  0x07, 0x18, 0x00, 0x00, 0x10, 0x00, 0x00, 0x00, 0x00, 0x00, 0x00, 0x00,
  0x00, 0x00, 0x00, 0x00, 0x00, 0x00, 0x00, 0x00, 0x00, 0x00, 0x00, 0x00,
  0x16, 0x18, 0x00, 0x00, 0x10, 0x00, 0x00, 0x00, 0x00, 0x00, 0x00, 0x00,
  0x00, 0x00, 0x00, 0x00, 0x00, 0x00, 0x00, 0x00, 0x00, 0x00, 0x00, 0x00,
  0x26, 0x18, 0x00, 0x00, 0x20, 0x00, 0x00, 0x00, 0x00, 0x00, 0x00, 0x00,
  0x00, 0x00, 0x00, 0x00, 0x00, 0x00, 0x00, 0x00, 0x00, 0x00, 0x00, 0x00,
  0x35, 0x18, 0x00, 0x00, 0x10, 0x00, 0x00, 0x00, 0x00, 0x00, 0x00, 0x00,
  0x00, 0x00, 0x00, 0x00, 0x00, 0x00, 0x00, 0x00, 0x00, 0x00, 0x00, 0x00,
  0x41, 0x18, 0x00, 0x00, 0x10, 0x00, 0x00, 0x00, 0x00, 0x00, 0x00, 0x00,
  0x00, 0x00, 0x00, 0x00, 0x00, 0x00, 0x00, 0x00, 0x00, 0x00, 0x00, 0x00,
  0x59, 0x18, 0x00, 0x00, 0x10, 0x00, 0x00, 0x00, 0x00, 0x00, 0x00, 0x00,
  0x00, 0x00, 0x00, 0x00, 0x00, 0x00, 0x00, 0x00, 0x00, 0x00, 0x00, 0x00,
  0x6b, 0x18, 0x00, 0x00, 0x10, 0x00, 0x00, 0x00, 0x00, 0x00, 0x00, 0x00,
  0x00, 0x00, 0x00, 0x00, 0x00, 0x00, 0x00, 0x00, 0x00, 0x00, 0x00, 0x00,
  0x7f, 0x18, 0x00, 0x00, 0x10, 0x00, 0x00, 0x00, 0x00, 0x00, 0x00, 0x00,
  0x00, 0x00, 0x00, 0x00, 0x00, 0x00, 0x00, 0x00, 0x00, 0x00, 0x00, 0x00,
  0x8e, 0x18, 0x00, 0x00, 0x10, 0x00, 0x00, 0x00, 0x00, 0x00, 0x00, 0x00,
  0x00, 0x00, 0x00, 0x00, 0x00, 0x00, 0x00, 0x00, 0x00, 0x00, 0x00, 0x00,
  0x9e, 0x18, 0x00, 0x00, 0x10, 0x00, 0x00, 0x00, 0x00, 0x00, 0x00, 0x00,
  0x00, 0x00, 0x00, 0x00, 0x00, 0x00, 0x00, 0x00, 0x00, 0x00, 0x00, 0x00,
  0xaf, 0x18, 0x00, 0x00, 0x10, 0x00, 0x00, 0x00, 0x00, 0x00, 0x00, 0x00,
  0x00, 0x00, 0x00, 0x00, 0x00, 0x00, 0x00, 0x00, 0x00, 0x00, 0x00, 0x00,
  0xbe, 0x18, 0x00, 0x00, 0x10, 0x00, 0x00, 0x00, 0x00, 0x00, 0x00, 0x00,
  0x00, 0x00, 0x00, 0x00, 0x00, 0x00, 0x00, 0x00, 0x00, 0x00, 0x00, 0x00,
  0xcc, 0x18, 0x00, 0x00, 0x10, 0x00, 0x00, 0x00, 0x00, 0x00, 0x00, 0x00,
  0x00, 0x00, 0x00, 0x00, 0x00, 0x00, 0x00, 0x00, 0x00, 0x00, 0x00, 0x00,
  0xe2, 0x18, 0x00, 0x00, 0x10, 0x00, 0x00, 0x00, 0x00, 0x00, 0x00, 0x00,
  0x00, 0x00, 0x00, 0x00, 0x00, 0x00, 0x00, 0x00, 0x00, 0x00, 0x00, 0x00,
  0xfc, 0x18, 0x00, 0x00, 0x10, 0x00, 0x00, 0x00, 0x00, 0x00, 0x00, 0x00,
  0x00, 0x00, 0x00, 0x00, 0x00, 0x00, 0x00, 0x00, 0x00, 0x00, 0x00, 0x00,
  0x12, 0x19, 0x00, 0x00, 0x10, 0x00, 0x00, 0x00, 0x00, 0x00, 0x00, 0x00,
  0x00, 0x00, 0x00, 0x00, 0x00, 0x00, 0x00, 0x00, 0x00, 0x00, 0x00, 0x00,
  0x27, 0x19, 0x00, 0x00, 0x10, 0x00, 0x00, 0x00, 0x00, 0x00, 0x00, 0x00,
  0x00, 0x00, 0x00, 0x00, 0x00, 0x00, 0x00, 0x00, 0x00, 0x00, 0x00, 0x00,
  0x36, 0x19, 0x00, 0x00, 0x10, 0x00, 0x00, 0x00, 0x00, 0x00, 0x00, 0x00,
  0x00, 0x00, 0x00, 0x00, 0x00, 0x00, 0x00, 0x00, 0x00, 0x00, 0x00, 0x00,
  0x46, 0x19, 0x00, 0x00, 0x10, 0x00, 0x00, 0x00, 0x00, 0x00, 0x00, 0x00,
  0x00, 0x00, 0x00, 0x00, 0x00, 0x00, 0x00, 0x00, 0x00, 0x00, 0x00, 0x00,
  0x55, 0x19, 0x00, 0x00, 0x10, 0x00, 0x00, 0x00, 0x00, 0x00, 0x00, 0x00,
  0x00, 0x00, 0x00, 0x00, 0x00, 0x00, 0x00, 0x00, 0x00, 0x00, 0x00, 0x00,
  0x76, 0x19, 0x00, 0x00, 0x10, 0x00, 0x00, 0x00, 0x00, 0x00, 0x00, 0x00,
  0x00, 0x00, 0x00, 0x00, 0x00, 0x00, 0x00, 0x00, 0x00, 0x00, 0x00, 0x00,
  0x84, 0x19, 0x00, 0x00, 0x10, 0x00, 0x00, 0x00, 0x00, 0x00, 0x00, 0x00,
  0x00, 0x00, 0x00, 0x00, 0x00, 0x00, 0x00, 0x00, 0x00, 0x00, 0x00, 0x00,
  0x96, 0x19, 0x00, 0x00, 0x10, 0x00, 0x00, 0x00, 0x00, 0x00, 0x00, 0x00,
  0x00, 0x00, 0x00, 0x00, 0x00, 0x00, 0x00, 0x00, 0x00, 0x00, 0x00, 0x00,
  0xa5, 0x19, 0x00, 0x00, 0x10, 0x00, 0x00, 0x00, 0x00, 0x00, 0x00, 0x00,
  0x00, 0x00, 0x00, 0x00, 0x00, 0x00, 0x00, 0x00, 0x00, 0x00, 0x00, 0x00,
  0xb0, 0x19, 0x00, 0x00, 0x10, 0x00, 0x00, 0x00, 0x00, 0x00, 0x00, 0x00,
  0x00, 0x00, 0x00, 0x00, 0x00, 0x00, 0x00, 0x00, 0x00, 0x00, 0x00, 0x00,
  0xc8, 0x19, 0x00, 0x00, 0x10, 0x00, 0x00, 0x00, 0x00, 0x00, 0x00, 0x00,
  0x00, 0x00, 0x00, 0x00, 0x00, 0x00, 0x00, 0x00, 0x00, 0x00, 0x00, 0x00,
  0xde, 0x19, 0x00, 0x00, 0x10, 0x00, 0x00, 0x00, 0x00, 0x00, 0x00, 0x00,
  0x00, 0x00, 0x00, 0x00, 0x00, 0x00, 0x00, 0x00, 0x00, 0x00, 0x00, 0x00,
  0xea, 0x19, 0x00, 0x00, 0x10, 0x00, 0x00, 0x00, 0x00, 0x00, 0x00, 0x00,
  0x00, 0x00, 0x00, 0x00, 0x00, 0x00, 0x00, 0x00, 0x00, 0x00, 0x00, 0x00,
  0xf6, 0x19, 0x00, 0x00, 0x10, 0x00, 0x00, 0x00, 0x00, 0x00, 0x00, 0x00,
  0x00, 0x00, 0x00, 0x00, 0x00, 0x00, 0x00, 0x00, 0x00, 0x00, 0x00, 0x00,
  0x08, 0x1a, 0x00, 0x00, 0x10, 0x00, 0x00, 0x00, 0x00, 0x00, 0x00, 0x00,
  0x00, 0x00, 0x00, 0x00, 0x00, 0x00, 0x00, 0x00, 0x00, 0x00, 0x00, 0x00,
  0x20, 0x1a, 0x00, 0x00, 0x10, 0x00, 0x00, 0x00, 0x00, 0x00, 0x00, 0x00,
  0x00, 0x00, 0x00, 0x00, 0x00, 0x00, 0x00, 0x00, 0x00, 0x00, 0x00, 0x00,
  0x31, 0x1a, 0x00, 0x00, 0x10, 0x00, 0x00, 0x00, 0x00, 0x00, 0x00, 0x00,
  0x00, 0x00, 0x00, 0x00, 0x00, 0x00, 0x00, 0x00, 0x00, 0x00, 0x00, 0x00,
  0x3d, 0x1a, 0x00, 0x00, 0x10, 0x00, 0x00, 0x00, 0x00, 0x00, 0x00, 0x00,
  0x00, 0x00, 0x00, 0x00, 0x00, 0x00, 0x00, 0x00, 0x00, 0x00, 0x00, 0x00,
  0x4c, 0x1a, 0x00, 0x00, 0x10, 0x00, 0x00, 0x00, 0x00, 0x00, 0x00, 0x00,
  0x00, 0x00, 0x00, 0x00, 0x00, 0x00, 0x00, 0x00, 0x00, 0x00, 0x00, 0x00,
  0x61, 0x1a, 0x00, 0x00, 0x10, 0x00, 0x00, 0x00, 0x00, 0x00, 0x00, 0x00,
  0x00, 0x00, 0x00, 0x00, 0x00, 0x00, 0x00, 0x00, 0x00, 0x00, 0x00, 0x00,
  0x6d, 0x1a, 0x00, 0x00, 0x10, 0x00, 0x00, 0x00, 0x00, 0x00, 0x00, 0x00,
  0x00, 0x00, 0x00, 0x00, 0x00, 0x00, 0x00, 0x00, 0x00, 0x00, 0x00, 0x00,
  0x88, 0x1a, 0x00, 0x00, 0x10, 0x00, 0x00, 0x00, 0x00, 0x00, 0x00, 0x00,
  0x00, 0x00, 0x00, 0x00, 0x00, 0x00, 0x00, 0x00, 0x00, 0x00, 0x00, 0x00,
  0x9a, 0x1a, 0x00, 0x00, 0x10, 0x00, 0x00, 0x00, 0x00, 0x00, 0x00, 0x00,
  0x00, 0x00, 0x00, 0x00, 0x00, 0x00, 0x00, 0x00, 0x00, 0x00, 0x00, 0x00,
  0xa9, 0x1a, 0x00, 0x00, 0x10, 0x00, 0x00, 0x00, 0x00, 0x00, 0x00, 0x00,
  0x00, 0x00, 0x00, 0x00, 0x00, 0x00, 0x00, 0x00, 0x00, 0x00, 0x00, 0x00,
  0xbe, 0x1a, 0x00, 0x00, 0x10, 0x00, 0x00, 0x00, 0x00, 0x00, 0x00, 0x00,
  0x00, 0x00, 0x00, 0x00, 0x00, 0x00, 0x00, 0x00, 0x00, 0x00, 0x00, 0x00,
  0xcc, 0x1a, 0x00, 0x00, 0x10, 0x00, 0x00, 0x00, 0x00, 0x00, 0x00, 0x00,
  0x00, 0x00, 0x00, 0x00, 0x00, 0x00, 0x00, 0x00, 0x00, 0x00, 0x00, 0x00,
  0xda, 0x1a, 0x00, 0x00, 0x10, 0x00, 0x00, 0x00, 0x00, 0x00, 0x00, 0x00,
  0x00, 0x00, 0x00, 0x00, 0x00, 0x00, 0x00, 0x00, 0x00, 0x00, 0x00, 0x00,
  0xeb, 0x1a, 0x00, 0x00, 0x10, 0x00, 0x00, 0x00, 0x00, 0x00, 0x00, 0x00,
  0x00, 0x00, 0x00, 0x00, 0x00, 0x00, 0x00, 0x00, 0x00, 0x00, 0x00, 0x00,
  0xfc, 0x1a, 0x00, 0x00, 0x10, 0x00, 0x00, 0x00, 0x00, 0x00, 0x00, 0x00,
  0x00, 0x00, 0x00, 0x00, 0x00, 0x00, 0x00, 0x00, 0x00, 0x00, 0x00, 0x00,
  0x09, 0x1b, 0x00, 0x00, 0x10, 0x00, 0x00, 0x00, 0x00, 0x00, 0x00, 0x00,
  0x00, 0x00, 0x00, 0x00, 0x00, 0x00, 0x00, 0x00, 0x00, 0x00, 0x00, 0x00,
  0x1e, 0x1b, 0x00, 0x00, 0x10, 0x00, 0x00, 0x00, 0x00, 0x00, 0x00, 0x00,
  0x00, 0x00, 0x00, 0x00, 0x00, 0x00, 0x00, 0x00, 0x00, 0x00, 0x00, 0x00,
  0x2e, 0x1b, 0x00, 0x00, 0x10, 0x00, 0x00, 0x00, 0x00, 0x00, 0x00, 0x00,
  0x00, 0x00, 0x00, 0x00, 0x00, 0x00, 0x00, 0x00, 0x00, 0x00, 0x00, 0x00,
  0x4a, 0x1b, 0x00, 0x00, 0x10, 0x00, 0x00, 0x00, 0x00, 0x00, 0x00, 0x00,
  0x00, 0x00, 0x00, 0x00, 0x00, 0x00, 0x00, 0x00, 0x00, 0x00, 0x00, 0x00,
  0x5b, 0x1b, 0x00, 0x00, 0x20, 0x00, 0x00, 0x00, 0x00, 0x00, 0x00, 0x00,
  0x00, 0x00, 0x00, 0x00, 0x00, 0x00, 0x00, 0x00, 0x00, 0x00, 0x00, 0x00,
  0x75, 0x1b, 0x00, 0x00, 0x10, 0x00, 0x00, 0x00, 0x00, 0x00, 0x00, 0x00,
  0x00, 0x00, 0x00, 0x00, 0x00, 0x00, 0x00, 0x00, 0x00, 0x00, 0x00, 0x00,
  0x86, 0x1b, 0x00, 0x00, 0x12, 0x00, 0x0b, 0x00, 0x10, 0xe0, 0x00, 0x00,
  0x00, 0x00, 0x00, 0x00, 0x18, 0x00, 0x00, 0x00, 0x00, 0x00, 0x00, 0x00,
  0x92, 0x1b, 0x00, 0x00, 0x10, 0x00, 0x00, 0x00, 0x00, 0x00, 0x00, 0x00,
  0x00, 0x00, 0x00, 0x00, 0x00, 0x00, 0x00, 0x00, 0x00, 0x00, 0x00, 0x00,
  0xa3, 0x1b, 0x00, 0x00, 0x10, 0x00, 0x00, 0x00, 0x00, 0x00, 0x00, 0x00,
  0x00, 0x00, 0x00, 0x00, 0x00, 0x00, 0x00, 0x00, 0x00, 0x00, 0x00, 0x00,
  0xb5, 0x1b, 0x00, 0x00, 0x10, 0x00, 0x00, 0x00, 0x00, 0x00, 0x00, 0x00,
  0x00, 0x00, 0x00, 0x00, 0x00, 0x00, 0x00, 0x00, 0x00, 0x00, 0x00, 0x00,
  0xc6, 0x1b, 0x00, 0x00, 0x10, 0x00, 0x00, 0x00, 0x00, 0x00, 0x00, 0x00,
  0x00, 0x00, 0x00, 0x00, 0x00, 0x00, 0x00, 0x00, 0x00, 0x00, 0x00, 0x00,
  0xd3, 0x1b, 0x00, 0x00, 0x10, 0x00, 0x00, 0x00, 0x00, 0x00, 0x00, 0x00,
  0x00, 0x00, 0x00, 0x00, 0x00, 0x00, 0x00, 0x00, 0x00, 0x00, 0x00, 0x00,
  0xe4, 0x1b, 0x00, 0x00, 0x22, 0x00, 0x00, 0x00, 0x00, 0x00, 0x00, 0x00,
  0x00, 0x00, 0x00, 0x00, 0x00, 0x00, 0x00, 0x00, 0x00, 0x00, 0x00, 0x00,
  0xf8, 0x0f, 0x00, 0x00, 0x12, 0x00, 0x09, 0x00, 0x00, 0x30, 0x00, 0x00,
  0x00, 0x00, 0x00, 0x00, 0x00, 0x00, 0x00, 0x00, 0x00, 0x00, 0x00, 0x00,
  0x00, 0x1c, 0x00, 0x00, 0x10, 0x00, 0x00, 0x00, 0x00, 0x00, 0x00, 0x00,
  0x00, 0x00, 0x00, 0x00, 0x00, 0x00, 0x00, 0x00, 0x00, 0x00, 0x00, 0x00,
  0x0d, 0x1c, 0x00, 0x00, 0x10, 0x00, 0x00, 0x00, 0x00, 0x00, 0x00, 0x00,
  0x00, 0x00, 0x00, 0x00, 0x00, 0x00, 0x00, 0x00, 0x00, 0x00, 0x00, 0x00,
  0x1b, 0x1c, 0x00, 0x00, 0x10, 0x00, 0x00, 0x00, 0x00, 0x00, 0x00, 0x00,
  0x00, 0x00, 0x00, 0x00, 0x00, 0x00, 0x00, 0x00, 0x00, 0x00, 0x00, 0x00,
  0x2b, 0x1c, 0x00, 0x00, 0x10, 0x00, 0x00, 0x00, 0x00, 0x00, 0x00, 0x00,
  0x00, 0x00, 0x00, 0x00, 0x00, 0x00, 0x00, 0x00, 0x00, 0x00, 0x00, 0x00,
  0x3f, 0x1c, 0x00, 0x00, 0x10, 0x00, 0x00, 0x00, 0x00, 0x00, 0x00, 0x00,
  0x00, 0x00, 0x00, 0x00, 0x00, 0x00, 0x00, 0x00, 0x00, 0x00, 0x00, 0x00,
  0x57, 0x1c, 0x00, 0x00, 0x10, 0x00, 0x00, 0x00, 0x00, 0x00, 0x00, 0x00,
  0x00, 0x00, 0x00, 0x00, 0x00, 0x00, 0x00, 0x00, 0x00, 0x00, 0x00, 0x00,
  0x00, 0x5f, 0x70, 0x68, 0x69, 0x6c, 0x6f, 0x78, 0x2e, 0x63, 0x00, 0x5f,
  0x5f, 0x70, 0x79, 0x78, 0x5f, 0x66, 0x5f, 0x35, 0x6e, 0x75, 0x6d, 0x70,
  0x79, 0x5f, 0x36, 0x72, 0x61, 0x6e, 0x64, 0x6f, 0x6d, 0x5f, 0x37, 0x5f,
  0x70, 0x68, 0x69, 0x6c, 0x6f, 0x78, 0x5f, 0x36, 0x50, 0x68, 0x69, 0x6c,
  0x6f, 0x78, 0x5f, 0x5f, 0x72, 0x65, 0x73, 0x65, 0x74, 0x5f, 0x73, 0x74,
  0x61, 0x74, 0x65, 0x5f, 0x76, 0x61, 0x72, 0x69, 0x61, 0x62, 0x6c, 0x65,
  0x73, 0x00, 0x5f, 0x5f, 0x70, 0x79, 0x78, 0x5f, 0x74, 0x70, 0x5f, 0x6e,
  0x65, 0x77, 0x5f, 0x35, 0x6e, 0x75, 0x6d, 0x70, 0x79, 0x5f, 0x36, 0x72,
  0x61, 0x6e, 0x64, 0x6f, 0x6d, 0x5f, 0x37, 0x5f, 0x70, 0x68, 0x69, 0x6c,
  0x6f, 0x78, 0x5f, 0x50, 0x68, 0x69, 0x6c, 0x6f, 0x78, 0x00, 0x5f, 0x5f,
  0x70, 0x79, 0x78, 0x5f, 0x70, 0x74, 0x79, 0x70, 0x65, 0x5f, 0x35, 0x6e,
  0x75, 0x6d, 0x70, 0x79, 0x5f, 0x36, 0x72, 0x61, 0x6e, 0x64, 0x6f, 0x6d,
  0x5f, 0x31, 0x33, 0x62, 0x69, 0x74, 0x5f, 0x67, 0x65, 0x6e, 0x65, 0x72,
  0x61, 0x74, 0x6f, 0x72, 0x5f, 0x42, 0x69, 0x74, 0x47, 0x65, 0x6e, 0x65,
  0x72, 0x61, 0x74, 0x6f, 0x72, 0x00, 0x5f, 0x5f, 0x70, 0x79, 0x78, 0x5f,
  0x76, 0x74, 0x61, 0x62, 0x70, 0x74, 0x72, 0x5f, 0x35, 0x6e, 0x75, 0x6d,
  0x70, 0x79, 0x5f, 0x36, 0x72, 0x61, 0x6e, 0x64, 0x6f, 0x6d, 0x5f, 0x37,
  0x5f, 0x70, 0x68, 0x69, 0x6c, 0x6f, 0x78, 0x5f, 0x50, 0x68, 0x69, 0x6c,
  0x6f, 0x78, 0x00, 0x5f, 0x5f, 0x50, 0x79, 0x78, 0x5f, 0x50, 0x79, 0x4f,
  0x62, 0x6a, 0x65, 0x63, 0x74, 0x5f, 0x47, 0x65, 0x74, 0x41, 0x74, 0x74,
  0x72, 0x53, 0x74, 0x72, 0x00, 0x5f, 0x5f, 0x50, 0x79, 0x78, 0x5f, 0x50,
  0x79, 0x4e, 0x75, 0x6d, 0x62, 0x65, 0x72, 0x5f, 0x49, 0x6e, 0x74, 0x4f,
  0x72, 0x4c, 0x6f, 0x6e, 0x67, 0x57, 0x72, 0x6f, 0x6e, 0x67, 0x52, 0x65,
  0x73, 0x75, 0x6c, 0x74, 0x54, 0x79, 0x70, 0x65, 0x00, 0x5f, 0x5f, 0x50,
  0x79, 0x78, 0x5f, 0x49, 0x6d, 0x70, 0x6f, 0x72, 0x74, 0x54, 0x79, 0x70,
  0x65, 0x00, 0x5f, 0x5f, 0x50, 0x79, 0x78, 0x5f, 0x73, 0x65, 0x74, 0x75,
  0x70, 0x5f, 0x72, 0x65, 0x64, 0x75, 0x63, 0x65, 0x5f, 0x69, 0x73, 0x5f,
  0x6e, 0x61, 0x6d, 0x65, 0x64, 0x00, 0x5f, 0x5f, 0x70, 0x79, 0x78, 0x5f,
  0x6e, 0x5f, 0x73, 0x5f, 0x6e, 0x61, 0x6d, 0x65, 0x00, 0x5f, 0x5f, 0x50,
  0x79, 0x78, 0x5f, 0x49, 0x6d, 0x70, 0x6f, 0x72, 0x74, 0x56, 0x6f, 0x69,
  0x64, 0x50, 0x74, 0x72, 0x00, 0x5f, 0x5f, 0x50, 0x79, 0x78, 0x5f, 0x49,
  0x6d, 0x70, 0x6f, 0x72, 0x74, 0x46, 0x75, 0x6e, 0x63, 0x74, 0x69, 0x6f,
  0x6e, 0x00, 0x5f, 0x5f, 0x50, 0x79, 0x78, 0x5f, 0x63, 0x6f, 0x70, 0x79,
  0x5f, 0x73, 0x70, 0x65, 0x63, 0x5f, 0x74, 0x6f, 0x5f, 0x6d, 0x6f, 0x64,
  0x75, 0x6c, 0x65, 0x00, 0x5f, 0x5f, 0x70, 0x79, 0x78, 0x5f, 0x70, 0x79,
  0x6d, 0x6f, 0x64, 0x5f, 0x63, 0x72, 0x65, 0x61, 0x74, 0x65, 0x00, 0x6d,
  0x61, 0x69, 0x6e, 0x5f, 0x69, 0x6e, 0x74, 0x65, 0x72, 0x70, 0x72, 0x65,
  0x74, 0x65, 0x72, 0x5f, 0x69, 0x64, 0x2e, 0x30, 0x00, 0x5f, 0x5f, 0x70,
  0x79, 0x78, 0x5f, 0x6d, 0x00, 0x5f, 0x5f, 0x50, 0x79, 0x78, 0x5f, 0x50,
  0x79, 0x44, 0x69, 0x63, 0x74, 0x5f, 0x47, 0x65, 0x74, 0x49, 0x74, 0x65,
  0x6d, 0x00, 0x5f, 0x5f, 0x50, 0x79, 0x78, 0x5f, 0x50, 0x79, 0x49, 0x6e,
  0x74, 0x5f, 0x41, 0x73, 0x5f, 0x69, 0x6e, 0x74, 0x00, 0x5f, 0x5f, 0x50,
  0x79, 0x78, 0x5f, 0x50, 0x79, 0x4f, 0x62, 0x6a, 0x65, 0x63, 0x74, 0x5f,
  0x47, 0x65, 0x74, 0x41, 0x74, 0x74, 0x72, 0x53, 0x74, 0x72, 0x4e, 0x6f,
  0x45, 0x72, 0x72, 0x6f, 0x72, 0x2e, 0x63, 0x6f, 0x6e, 0x73, 0x74, 0x70,
  0x72, 0x6f, 0x70, 0x2e, 0x30, 0x00, 0x5f, 0x5f, 0x70, 0x79, 0x78, 0x5f,
  0x74, 0x79, 0x70, 0x65, 0x5f, 0x35, 0x6e, 0x75, 0x6d, 0x70, 0x79, 0x5f,
  0x36, 0x72, 0x61, 0x6e, 0x64, 0x6f, 0x6d, 0x5f, 0x37, 0x5f, 0x70, 0x68,
  0x69, 0x6c, 0x6f, 0x78, 0x5f, 0x50, 0x68, 0x69, 0x6c, 0x6f, 0x78, 0x00,
  0x5f, 0x5f, 0x70, 0x79, 0x78, 0x5f, 0x74, 0x70, 0x5f, 0x63, 0x6c, 0x65,
  0x61, 0x72, 0x5f, 0x35, 0x6e, 0x75, 0x6d, 0x70, 0x79, 0x5f, 0x36, 0x72,
  0x61, 0x6e, 0x64, 0x6f, 0x6d, 0x5f, 0x37, 0x5f, 0x70, 0x68, 0x69, 0x6c,
  0x6f, 0x78, 0x5f, 0x50, 0x68, 0x69, 0x6c, 0x6f, 0x78, 0x00, 0x5f, 0x5f,
  0x70, 0x79, 0x78, 0x5f, 0x74, 0x70, 0x5f, 0x74, 0x72, 0x61, 0x76, 0x65,
  0x72, 0x73, 0x65, 0x5f, 0x35, 0x6e, 0x75, 0x6d, 0x70, 0x79, 0x5f, 0x36,
  0x72, 0x61, 0x6e, 0x64, 0x6f, 0x6d, 0x5f, 0x37, 0x5f, 0x70, 0x68, 0x69,
  0x6c, 0x6f, 0x78, 0x5f, 0x50, 0x68, 0x69, 0x6c, 0x6f, 0x78, 0x00, 0x5f,
  0x5f, 0x70, 0x79, 0x78, 0x5f, 0x74, 0x70, 0x5f, 0x64, 0x65, 0x61, 0x6c,
  0x6c, 0x6f, 0x63, 0x5f, 0x35, 0x6e, 0x75, 0x6d, 0x70, 0x79, 0x5f, 0x36,
  0x72, 0x61, 0x6e, 0x64, 0x6f, 0x6d, 0x5f, 0x37, 0x5f, 0x70, 0x68, 0x69,
  0x6c, 0x6f, 0x78, 0x5f, 0x50, 0x68, 0x69, 0x6c, 0x6f, 0x78, 0x00, 0x5f,
  0x5f, 0x50, 0x79, 0x78, 0x5f, 0x50, 0x61, 0x72, 0x73, 0x65, 0x4f, 0x70,
  0x74, 0x69, 0x6f, 0x6e, 0x61, 0x6c, 0x4b, 0x65, 0x79, 0x77, 0x6f, 0x72,
  0x64, 0x73, 0x2e, 0x63, 0x6f, 0x6e, 0x73, 0x74, 0x70, 0x72, 0x6f, 0x70,
  0x2e, 0x30, 0x00, 0x5f, 0x5f, 0x50, 0x79, 0x78, 0x5f, 0x52, 0x61, 0x69,
  0x73, 0x65, 0x2e, 0x63, 0x6f, 0x6e, 0x73, 0x74, 0x70, 0x72, 0x6f, 0x70,
  0x2e, 0x30, 0x00, 0x5f, 0x5f, 0x70, 0x79, 0x78, 0x5f, 0x66, 0x5f, 0x35,
  0x6e, 0x75, 0x6d, 0x70, 0x79, 0x5f, 0x36, 0x72, 0x61, 0x6e, 0x64, 0x6f,
  0x6d, 0x5f, 0x37, 0x5f, 0x70, 0x68, 0x69, 0x6c, 0x6f, 0x78, 0x5f, 0x70,
  0x68, 0x69, 0x6c, 0x6f, 0x78, 0x5f, 0x75, 0x69, 0x6e, 0x74, 0x33, 0x32,
  0x00, 0x5f, 0x5f, 0x50, 0x79, 0x78, 0x5f, 0x47, 0x65, 0x74, 0x42, 0x75,
  0x69, 0x6c, 0x74, 0x69, 0x6e, 0x4e, 0x61, 0x6d, 0x65, 0x00, 0x5f, 0x5f,
  0x70, 0x79, 0x78, 0x5f, 0x62, 0x00, 0x5f, 0x5f, 0x50, 0x79, 0x78, 0x5f,
  0x5f, 0x47, 0x65, 0x74, 0x4d, 0x6f, 0x64, 0x75, 0x6c, 0x65, 0x47, 0x6c,
  0x6f, 0x62, 0x61, 0x6c, 0x4e, 0x61, 0x6d, 0x65, 0x00, 0x5f, 0x5f, 0x70,
  0x79, 0x78, 0x5f, 0x64, 0x00, 0x5f, 0x5f, 0x50, 0x79, 0x78, 0x5f, 0x50,
  0x79, 0x49, 0x6e, 0x74, 0x5f, 0x41, 0x73, 0x5f, 0x75, 0x69, 0x6e, 0x74,
  0x36, 0x34, 0x5f, 0x74, 0x00, 0x5f, 0x5f, 0x70, 0x79, 0x78, 0x5f, 0x66,
  0x5f, 0x35, 0x6e, 0x75, 0x6d, 0x70, 0x79, 0x5f, 0x36, 0x72, 0x61, 0x6e,
  0x64, 0x6f, 0x6d, 0x5f, 0x37, 0x5f, 0x70, 0x68, 0x69, 0x6c, 0x6f, 0x78,
  0x5f, 0x70, 0x68, 0x69, 0x6c, 0x6f, 0x78, 0x5f, 0x75, 0x69, 0x6e, 0x74,
  0x36, 0x34, 0x00, 0x5f, 0x5f, 0x70, 0x79, 0x78, 0x5f, 0x66, 0x5f, 0x35,
  0x6e, 0x75, 0x6d, 0x70, 0x79, 0x5f, 0x36, 0x72, 0x61, 0x6e, 0x64, 0x6f,
  0x6d, 0x5f, 0x37, 0x5f, 0x70, 0x68, 0x69, 0x6c, 0x6f, 0x78, 0x5f, 0x70,
  0x68, 0x69, 0x6c, 0x6f, 0x78, 0x5f, 0x64, 0x6f, 0x75, 0x62, 0x6c, 0x65,
  0x00, 0x5f, 0x5f, 0x50, 0x79, 0x78, 0x5f, 0x50, 0x79, 0x49, 0x6e, 0x74,
  0x5f, 0x41, 0x73, 0x5f, 0x75, 0x69, 0x6e, 0x74, 0x33, 0x32, 0x5f, 0x74,
  0x00, 0x5f, 0x5f, 0x50, 0x79, 0x78, 0x5f, 0x41, 0x64, 0x64, 0x54, 0x72,
  0x61, 0x63, 0x65, 0x62, 0x61, 0x63, 0x6b, 0x00, 0x5f, 0x5f, 0x70, 0x79,
  0x78, 0x5f, 0x63, 0x79, 0x74, 0x68, 0x6f, 0x6e, 0x5f, 0x72, 0x75, 0x6e,
  0x74, 0x69, 0x6d, 0x65, 0x00, 0x5f, 0x5f, 0x70, 0x79, 0x78, 0x5f, 0x64,
  0x69, 0x63, 0x74, 0x5f, 0x76, 0x65, 0x72, 0x73, 0x69, 0x6f, 0x6e, 0x2e,
  0x32, 0x00, 0x5f, 0x5f, 0x70, 0x79, 0x78, 0x5f, 0x64, 0x69, 0x63, 0x74,
  0x5f, 0x63, 0x61, 0x63, 0x68, 0x65, 0x64, 0x5f, 0x76, 0x61, 0x6c, 0x75,
  0x65, 0x2e, 0x31, 0x00, 0x5f, 0x5f, 0x70, 0x79, 0x78, 0x5f, 0x6e, 0x5f,
  0x73, 0x5f, 0x63, 0x6c, 0x69, 0x6e, 0x65, 0x5f, 0x69, 0x6e, 0x5f, 0x74,
  0x72, 0x61, 0x63, 0x65, 0x62, 0x61, 0x63, 0x6b, 0x00, 0x5f, 0x5f, 0x70,
  0x79, 0x78, 0x5f, 0x63, 0x6f, 0x64, 0x65, 0x5f, 0x63, 0x61, 0x63, 0x68,
  0x65, 0x00, 0x5f, 0x5f, 0x70, 0x79, 0x78, 0x5f, 0x70, 0x77, 0x5f, 0x35,
  0x6e, 0x75, 0x6d, 0x70, 0x79, 0x5f, 0x36, 0x72, 0x61, 0x6e, 0x64, 0x6f,
  0x6d, 0x5f, 0x37, 0x5f, 0x70, 0x68, 0x69, 0x6c, 0x6f, 0x78, 0x5f, 0x36,
  0x50, 0x68, 0x69, 0x6c, 0x6f, 0x78, 0x5f, 0x35, 0x61, 0x64, 0x76, 0x61,
  0x6e, 0x63, 0x65, 0x00, 0x5f, 0x5f, 0x70, 0x79, 0x78, 0x5f, 0x69, 0x6e,
  0x74, 0x5f, 0x32, 0x35, 0x36, 0x00, 0x5f, 0x5f, 0x70, 0x79, 0x78, 0x5f,
  0x66, 0x5f, 0x35, 0x6e, 0x75, 0x6d, 0x70, 0x79, 0x5f, 0x36, 0x72, 0x61,
  0x6e, 0x64, 0x6f, 0x6d, 0x5f, 0x37, 0x5f, 0x63, 0x6f, 0x6d, 0x6d, 0x6f,
  0x6e, 0x5f, 0x77, 0x72, 0x61, 0x70, 0x5f, 0x69, 0x6e, 0x74, 0x00, 0x5f,
  0x5f, 0x70, 0x79, 0x78, 0x5f, 0x69, 0x6e, 0x74, 0x5f, 0x36, 0x34, 0x00,
  0x5f, 0x5f, 0x70, 0x79, 0x78, 0x5f, 0x6e, 0x5f, 0x75, 0x5f, 0x73, 0x74,
  0x65, 0x70, 0x00, 0x5f, 0x5f, 0x70, 0x79, 0x78, 0x5f, 0x66, 0x5f, 0x35,
  0x6e, 0x75, 0x6d, 0x70, 0x79, 0x5f, 0x36, 0x72, 0x61, 0x6e, 0x64, 0x6f,
  0x6d, 0x5f, 0x37, 0x5f, 0x63, 0x6f, 0x6d, 0x6d, 0x6f, 0x6e, 0x5f, 0x69,
  0x6e, 0x74, 0x5f, 0x74, 0x6f, 0x5f, 0x61, 0x72, 0x72, 0x61, 0x79, 0x00,
  0x5f, 0x5f, 0x70, 0x79, 0x78, 0x5f, 0x70, 0x79, 0x6d, 0x6f, 0x64, 0x5f,
  0x65, 0x78, 0x65, 0x63, 0x5f, 0x5f, 0x70, 0x68, 0x69, 0x6c, 0x6f, 0x78,
  0x00, 0x5f, 0x5f, 0x70, 0x79, 0x78, 0x5f, 0x65, 0x6d, 0x70, 0x74, 0x79,
  0x5f, 0x74, 0x75, 0x70, 0x6c, 0x65, 0x00, 0x5f, 0x5f, 0x70, 0x79, 0x78,
  0x5f, 0x73, 0x74, 0x72, 0x69, 0x6e, 0x67, 0x5f, 0x74, 0x61, 0x62, 0x00,
  0x5f, 0x5f, 0x70, 0x79, 0x78, 0x5f, 0x69, 0x6e, 0x74, 0x5f, 0x30, 0x00,
  0x5f, 0x5f, 0x70, 0x79, 0x78, 0x5f, 0x69, 0x6e, 0x74, 0x5f, 0x31, 0x00,
  0x5f, 0x5f, 0x70, 0x79, 0x78, 0x5f, 0x69, 0x6e, 0x74, 0x5f, 0x32, 0x00,
  0x5f, 0x5f, 0x70, 0x79, 0x78, 0x5f, 0x69, 0x6e, 0x74, 0x5f, 0x34, 0x00,
  0x5f, 0x5f, 0x70, 0x79, 0x78, 0x5f, 0x69, 0x6e, 0x74, 0x5f, 0x31, 0x32,
  0x38, 0x00, 0x5f, 0x5f, 0x70, 0x79, 0x78, 0x5f, 0x69, 0x6e, 0x74, 0x5f,
  0x33, 0x34, 0x30, 0x32, 0x38, 0x32, 0x33, 0x36, 0x36, 0x39, 0x32, 0x30,
  0x39, 0x33, 0x38, 0x34, 0x36, 0x33, 0x34, 0x36, 0x33, 0x33, 0x37, 0x34,
  0x36, 0x30, 0x37, 0x34, 0x33, 0x31, 0x37, 0x36, 0x38, 0x32, 0x31, 0x31,
  0x34, 0x35, 0x36, 0x00, 0x5f, 0x5f, 0x70, 0x79, 0x78, 0x5f, 0x6e, 0x5f,
  0x73, 0x5f, 0x6d, 0x61, 0x69, 0x6e, 0x00, 0x5f, 0x5f, 0x70, 0x79, 0x78,
  0x5f, 0x6e, 0x5f, 0x73, 0x5f, 0x56, 0x61, 0x6c, 0x75, 0x65, 0x45, 0x72,
  0x72, 0x6f, 0x72, 0x00, 0x5f, 0x5f, 0x70, 0x79, 0x78, 0x5f, 0x62, 0x75,
  0x69, 0x6c, 0x74, 0x69, 0x6e, 0x5f, 0x56, 0x61, 0x6c, 0x75, 0x65, 0x45,
  0x72, 0x72, 0x6f, 0x72, 0x00, 0x5f, 0x5f, 0x70, 0x79, 0x78, 0x5f, 0x6e,
  0x5f, 0x73, 0x5f, 0x72, 0x61, 0x6e, 0x67, 0x65, 0x00, 0x5f, 0x5f, 0x70,
  0x79, 0x78, 0x5f, 0x6e, 0x5f, 0x73, 0x5f, 0x54, 0x79, 0x70, 0x65, 0x45,
  0x72, 0x72, 0x6f, 0x72, 0x00, 0x5f, 0x5f, 0x70, 0x79, 0x78, 0x5f, 0x62,
  0x75, 0x69, 0x6c, 0x74, 0x69, 0x6e, 0x5f, 0x54, 0x79, 0x70, 0x65, 0x45,
  0x72, 0x72, 0x6f, 0x72, 0x00, 0x5f, 0x5f, 0x70, 0x79, 0x78, 0x5f, 0x6e,
  0x5f, 0x73, 0x5f, 0x49, 0x6d, 0x70, 0x6f, 0x72, 0x74, 0x45, 0x72, 0x72,
  0x6f, 0x72, 0x00, 0x5f, 0x5f, 0x70, 0x79, 0x78, 0x5f, 0x62, 0x75, 0x69,
  0x6c, 0x74, 0x69, 0x6e, 0x5f, 0x49, 0x6d, 0x70, 0x6f, 0x72, 0x74, 0x45,
  0x72, 0x72, 0x6f, 0x72, 0x00, 0x5f, 0x5f, 0x70, 0x79, 0x78, 0x5f, 0x6b,
  0x70, 0x5f, 0x75, 0x5f, 0x73, 0x65, 0x65, 0x64, 0x5f, 0x61, 0x6e, 0x64,
  0x5f, 0x6b, 0x65, 0x79, 0x5f, 0x63, 0x61, 0x6e, 0x6e, 0x6f, 0x74, 0x5f,
  0x62, 0x65, 0x5f, 0x62, 0x6f, 0x74, 0x68, 0x5f, 0x75, 0x73, 0x65, 0x64,
  0x00, 0x5f, 0x5f, 0x70, 0x79, 0x78, 0x5f, 0x74, 0x75, 0x70, 0x6c, 0x65,
  0x5f, 0x00, 0x5f, 0x5f, 0x70, 0x79, 0x78, 0x5f, 0x74, 0x75, 0x70, 0x6c,
  0x65, 0x5f, 0x5f, 0x32, 0x00, 0x5f, 0x5f, 0x70, 0x79, 0x78, 0x5f, 0x74,
  0x75, 0x70, 0x6c, 0x65, 0x5f, 0x5f, 0x33, 0x00, 0x5f, 0x5f, 0x70, 0x79,
  0x78, 0x5f, 0x6b, 0x70, 0x5f, 0x75, 0x5f, 0x73, 0x74, 0x61, 0x74, 0x65,
  0x5f, 0x6d, 0x75, 0x73, 0x74, 0x5f, 0x62, 0x65, 0x5f, 0x61, 0x5f, 0x64,
  0x69, 0x63, 0x74, 0x00, 0x5f, 0x5f, 0x70, 0x79, 0x78, 0x5f, 0x74, 0x75,
  0x70, 0x6c, 0x65, 0x5f, 0x5f, 0x34, 0x00, 0x5f, 0x5f, 0x70, 0x79, 0x78,
  0x5f, 0x6b, 0x70, 0x5f, 0x75, 0x5f, 0x5f, 0x35, 0x00, 0x5f, 0x5f, 0x70,
  0x79, 0x78, 0x5f, 0x6e, 0x5f, 0x75, 0x5f, 0x62, 0x69, 0x74, 0x5f, 0x67,
  0x65, 0x6e, 0x65, 0x72, 0x61, 0x74, 0x6f, 0x72, 0x00, 0x5f, 0x5f, 0x70,
  0x79, 0x78, 0x5f, 0x74, 0x75, 0x70, 0x6c, 0x65, 0x5f, 0x5f, 0x36, 0x00,
  0x5f, 0x5f, 0x70, 0x79, 0x78, 0x5f, 0x6b, 0x70, 0x5f, 0x73, 0x5f, 0x73,
  0x65, 0x6c, 0x66, 0x5f, 0x5f, 0x62, 0x69, 0x74, 0x67, 0x65, 0x6e, 0x5f,
  0x73, 0x65, 0x6c, 0x66, 0x5f, 0x72, 0x6e, 0x67, 0x5f, 0x73, 0x74, 0x61,
  0x74, 0x65, 0x5f, 0x63, 0x61, 0x6e, 0x6e, 0x00, 0x5f, 0x5f, 0x70, 0x79,
  0x78, 0x5f, 0x74, 0x75, 0x70, 0x6c, 0x65, 0x5f, 0x5f, 0x37, 0x00, 0x5f,
  0x5f, 0x70, 0x79, 0x78, 0x5f, 0x74, 0x75, 0x70, 0x6c, 0x65, 0x5f, 0x5f,
  0x38, 0x00, 0x5f, 0x5f, 0x70, 0x79, 0x78, 0x5f, 0x6b, 0x70, 0x5f, 0x75,
  0x5f, 0x6e, 0x75, 0x6d, 0x70, 0x79, 0x5f, 0x63, 0x6f, 0x72, 0x65, 0x5f,
  0x6d, 0x75, 0x6c, 0x74, 0x69, 0x61, 0x72, 0x72, 0x61, 0x79, 0x5f, 0x66,
  0x61, 0x69, 0x6c, 0x65, 0x64, 0x5f, 0x74, 0x6f, 0x00, 0x5f, 0x5f, 0x70,
  0x79, 0x78, 0x5f, 0x74, 0x75, 0x70, 0x6c, 0x65, 0x5f, 0x5f, 0x39, 0x00,
  0x5f, 0x5f, 0x70, 0x79, 0x78, 0x5f, 0x6b, 0x70, 0x5f, 0x75, 0x5f, 0x6e,
  0x75, 0x6d, 0x70, 0x79, 0x5f, 0x63, 0x6f, 0x72, 0x65, 0x5f, 0x75, 0x6d,
  0x61, 0x74, 0x68, 0x5f, 0x66, 0x61, 0x69, 0x6c, 0x65, 0x64, 0x5f, 0x74,
  0x6f, 0x5f, 0x69, 0x6d, 0x70, 0x6f, 0x72, 0x00, 0x5f, 0x5f, 0x70, 0x79,
  0x78, 0x5f, 0x76, 0x74, 0x61, 0x62, 0x6c, 0x65, 0x5f, 0x35, 0x6e, 0x75,
  0x6d, 0x70, 0x79, 0x5f, 0x36, 0x72, 0x61, 0x6e, 0x64, 0x6f, 0x6d, 0x5f,
  0x37, 0x5f, 0x70, 0x68, 0x69, 0x6c, 0x6f, 0x78, 0x5f, 0x50, 0x68, 0x69,
  0x6c, 0x6f, 0x78, 0x00, 0x5f, 0x5f, 0x70, 0x79, 0x78, 0x5f, 0x66, 0x5f,
  0x35, 0x6e, 0x75, 0x6d, 0x70, 0x79, 0x5f, 0x36, 0x72, 0x61, 0x6e, 0x64,
  0x6f, 0x6d, 0x5f, 0x37, 0x5f, 0x70, 0x68, 0x69, 0x6c, 0x6f, 0x78, 0x5f,
  0x36, 0x50, 0x68, 0x69, 0x6c, 0x6f, 0x78, 0x5f, 0x6a, 0x75, 0x6d, 0x70,
  0x5f, 0x69, 0x6e, 0x70, 0x6c, 0x61, 0x63, 0x65, 0x00, 0x5f, 0x5f, 0x70,
  0x79, 0x78, 0x5f, 0x6e, 0x5f, 0x73, 0x5f, 0x70, 0x79, 0x78, 0x5f, 0x76,
  0x74, 0x61, 0x62, 0x6c, 0x65, 0x00, 0x5f, 0x5f, 0x70, 0x79, 0x78, 0x5f,
  0x6e, 0x5f, 0x73, 0x5f, 0x50, 0x68, 0x69, 0x6c, 0x6f, 0x78, 0x00, 0x5f,
  0x5f, 0x70, 0x79, 0x78, 0x5f, 0x6e, 0x5f, 0x73, 0x5f, 0x67, 0x65, 0x74,
  0x73, 0x74, 0x61, 0x74, 0x65, 0x00, 0x5f, 0x5f, 0x70, 0x79, 0x78, 0x5f,
  0x6e, 0x5f, 0x73, 0x5f, 0x72, 0x65, 0x64, 0x75, 0x63, 0x65, 0x5f, 0x65,
  0x78, 0x00, 0x5f, 0x5f, 0x70, 0x79, 0x78, 0x5f, 0x6e, 0x5f, 0x73, 0x5f,
  0x72, 0x65, 0x64, 0x75, 0x63, 0x65, 0x00, 0x5f, 0x5f, 0x70, 0x79, 0x78,
  0x5f, 0x6e, 0x5f, 0x73, 0x5f, 0x72, 0x65, 0x64, 0x75, 0x63, 0x65, 0x5f,
  0x63, 0x79, 0x74, 0x68, 0x6f, 0x6e, 0x00, 0x5f, 0x5f, 0x70, 0x79, 0x78,
  0x5f, 0x6e, 0x5f, 0x73, 0x5f, 0x73, 0x65, 0x74, 0x73, 0x74, 0x61, 0x74,
  0x65, 0x00, 0x5f, 0x5f, 0x70, 0x79, 0x78, 0x5f, 0x6e, 0x5f, 0x73, 0x5f,
  0x73, 0x65, 0x74, 0x73, 0x74, 0x61, 0x74, 0x65, 0x5f, 0x63, 0x79, 0x74,
  0x68, 0x6f, 0x6e, 0x00, 0x5f, 0x5f, 0x70, 0x79, 0x78, 0x5f, 0x70, 0x74,
  0x79, 0x70, 0x65, 0x5f, 0x35, 0x6e, 0x75, 0x6d, 0x70, 0x79, 0x5f, 0x36,
  0x72, 0x61, 0x6e, 0x64, 0x6f, 0x6d, 0x5f, 0x37, 0x5f, 0x70, 0x68, 0x69,
  0x6c, 0x6f, 0x78, 0x5f, 0x50, 0x68, 0x69, 0x6c, 0x6f, 0x78, 0x00, 0x5f,
  0x5f, 0x70, 0x79, 0x78, 0x5f, 0x76, 0x70, 0x5f, 0x35, 0x6e, 0x75, 0x6d,
  0x70, 0x79, 0x5f, 0x36, 0x72, 0x61, 0x6e, 0x64, 0x6f, 0x6d, 0x5f, 0x37,
  0x5f, 0x63, 0x6f, 0x6d, 0x6d, 0x6f, 0x6e, 0x5f, 0x50, 0x4f, 0x49, 0x53,
  0x53, 0x4f, 0x4e, 0x5f, 0x4c, 0x41, 0x4d, 0x5f, 0x4d, 0x41, 0x58, 0x00,
  0x5f, 0x5f, 0x70, 0x79, 0x78, 0x5f, 0x76, 0x70, 0x5f, 0x35, 0x6e, 0x75,
  0x6d, 0x70, 0x79, 0x5f, 0x36, 0x72, 0x61, 0x6e, 0x64, 0x6f, 0x6d, 0x5f,
  0x37, 0x5f, 0x63, 0x6f, 0x6d, 0x6d, 0x6f, 0x6e, 0x5f, 0x4c, 0x45, 0x47,
  0x41, 0x43, 0x59, 0x5f, 0x50, 0x4f, 0x49, 0x53, 0x53, 0x4f, 0x4e, 0x5f,
  0x4c, 0x41, 0x4d, 0x5f, 0x4d, 0x41, 0x58, 0x00, 0x5f, 0x5f, 0x70, 0x79,
  0x78, 0x5f, 0x76, 0x70, 0x5f, 0x35, 0x6e, 0x75, 0x6d, 0x70, 0x79, 0x5f,
  0x36, 0x72, 0x61, 0x6e, 0x64, 0x6f, 0x6d, 0x5f, 0x37, 0x5f, 0x63, 0x6f,
  0x6d, 0x6d, 0x6f, 0x6e, 0x5f, 0x4d, 0x41, 0x58, 0x53, 0x49, 0x5a, 0x45,
  0x00, 0x5f, 0x5f, 0x70, 0x79, 0x78, 0x5f, 0x6e, 0x5f, 0x73, 0x5f, 0x6e,
  0x75, 0x6d, 0x70, 0x79, 0x00, 0x5f, 0x5f, 0x70, 0x79, 0x78, 0x5f, 0x6e,
  0x5f, 0x73, 0x5f, 0x6e, 0x70, 0x00, 0x5f, 0x5f, 0x70, 0x79, 0x78, 0x5f,
  0x6e, 0x5f, 0x75, 0x5f, 0x50, 0x68, 0x69, 0x6c, 0x6f, 0x78, 0x00, 0x5f,
  0x5f, 0x70, 0x79, 0x78, 0x5f, 0x6e, 0x5f, 0x73, 0x5f, 0x61, 0x6c, 0x6c,
  0x00, 0x50, 0x79, 0x41, 0x72, 0x72, 0x61, 0x79, 0x5f, 0x41, 0x50, 0x49,
  0x00, 0x5f, 0x5f, 0x70, 0x79, 0x78, 0x5f, 0x6e, 0x5f, 0x73, 0x5f, 0x74,
  0x65, 0x73, 0x74, 0x00, 0x5f, 0x5f, 0x70, 0x79, 0x78, 0x5f, 0x70, 0x77,
  0x5f, 0x35, 0x6e, 0x75, 0x6d, 0x70, 0x79, 0x5f, 0x36, 0x72, 0x61, 0x6e,
  0x64, 0x6f, 0x6d, 0x5f, 0x37, 0x5f, 0x70, 0x68, 0x69, 0x6c, 0x6f, 0x78,
  0x5f, 0x36, 0x50, 0x68, 0x69, 0x6c, 0x6f, 0x78, 0x5f, 0x39, 0x5f, 0x5f,
  0x73, 0x65, 0x74, 0x73, 0x74, 0x61, 0x74, 0x65, 0x5f, 0x63, 0x79, 0x74,
  0x68, 0x6f, 0x6e, 0x5f, 0x5f, 0x00, 0x5f, 0x5f, 0x70, 0x79, 0x78, 0x5f,
  0x70, 0x77, 0x5f, 0x35, 0x6e, 0x75, 0x6d, 0x70, 0x79, 0x5f, 0x36, 0x72,
  0x61, 0x6e, 0x64, 0x6f, 0x6d, 0x5f, 0x37, 0x5f, 0x70, 0x68, 0x69, 0x6c,
  0x6f, 0x78, 0x5f, 0x36, 0x50, 0x68, 0x69, 0x6c, 0x6f, 0x78, 0x5f, 0x37,
  0x5f, 0x5f, 0x72, 0x65, 0x64, 0x75, 0x63, 0x65, 0x5f, 0x63, 0x79, 0x74,
  0x68, 0x6f, 0x6e, 0x5f, 0x5f, 0x00, 0x5f, 0x5f, 0x70, 0x79, 0x78, 0x5f,
  0x6e, 0x5f, 0x73, 0x5f, 0x61, 0x64, 0x76, 0x61, 0x6e, 0x63, 0x65, 0x00,
  0x5f, 0x5f, 0x70, 0x79, 0x78, 0x5f, 0x70, 0x77, 0x5f, 0x35, 0x6e, 0x75,
  0x6d, 0x70, 0x79, 0x5f, 0x36, 0x72, 0x61, 0x6e, 0x64, 0x6f, 0x6d, 0x5f,
  0x37, 0x5f, 0x70, 0x68, 0x69, 0x6c, 0x6f, 0x78, 0x5f, 0x36, 0x50, 0x68,
  0x69, 0x6c, 0x6f, 0x78, 0x5f, 0x33, 0x6a, 0x75, 0x6d, 0x70, 0x65, 0x64,
  0x00, 0x5f, 0x5f, 0x70, 0x79, 0x78, 0x5f, 0x6e, 0x5f, 0x73, 0x5f, 0x63,
  0x6c, 0x61, 0x73, 0x73, 0x00, 0x5f, 0x5f, 0x70, 0x79, 0x78, 0x5f, 0x6e,
  0x5f, 0x73, 0x5f, 0x73, 0x74, 0x61, 0x74, 0x65, 0x00, 0x5f, 0x5f, 0x70,
  0x79, 0x78, 0x5f, 0x70, 0x79, 0x61, 0x72, 0x67, 0x6e, 0x61, 0x6d, 0x65,
  0x73, 0x2e, 0x33, 0x00, 0x5f, 0x5f, 0x70, 0x79, 0x78, 0x5f, 0x6e, 0x5f,
  0x73, 0x5f, 0x6a, 0x75, 0x6d, 0x70, 0x73, 0x00, 0x5f, 0x5f, 0x70, 0x79,
  0x78, 0x5f, 0x67, 0x65, 0x74, 0x70, 0x72, 0x6f, 0x70, 0x5f, 0x35, 0x6e,
  0x75, 0x6d, 0x70, 0x79, 0x5f, 0x36, 0x72, 0x61, 0x6e, 0x64, 0x6f, 0x6d,
  0x5f, 0x37, 0x5f, 0x70, 0x68, 0x69, 0x6c, 0x6f, 0x78, 0x5f, 0x36, 0x50,
  0x68, 0x69, 0x6c, 0x6f, 0x78, 0x5f, 0x73, 0x74, 0x61, 0x74, 0x65, 0x00,
  0x5f, 0x5f, 0x70, 0x79, 0x78, 0x5f, 0x64, 0x69, 0x63, 0x74, 0x5f, 0x76,
  0x65, 0x72, 0x73, 0x69, 0x6f, 0x6e, 0x2e, 0x31, 0x35, 0x00, 0x5f, 0x5f,
  0x70, 0x79, 0x78, 0x5f, 0x64, 0x69, 0x63, 0x74, 0x5f, 0x63, 0x61, 0x63,
  0x68, 0x65, 0x64, 0x5f, 0x76, 0x61, 0x6c, 0x75, 0x65, 0x2e, 0x31, 0x34,
  0x00, 0x5f, 0x5f, 0x70, 0x79, 0x78, 0x5f, 0x6e, 0x5f, 0x73, 0x5f, 0x65,
  0x6d, 0x70, 0x74, 0x79, 0x00, 0x5f, 0x5f, 0x70, 0x79, 0x78, 0x5f, 0x64,
  0x69, 0x63, 0x74, 0x5f, 0x76, 0x65, 0x72, 0x73, 0x69, 0x6f, 0x6e, 0x2e,
  0x31, 0x33, 0x00, 0x5f, 0x5f, 0x70, 0x79, 0x78, 0x5f, 0x64, 0x69, 0x63,
  0x74, 0x5f, 0x63, 0x61, 0x63, 0x68, 0x65, 0x64, 0x5f, 0x76, 0x61, 0x6c,
  0x75, 0x65, 0x2e, 0x31, 0x32, 0x00, 0x5f, 0x5f, 0x70, 0x79, 0x78, 0x5f,
  0x6e, 0x5f, 0x73, 0x5f, 0x75, 0x69, 0x6e, 0x74, 0x36, 0x34, 0x00, 0x5f,
  0x5f, 0x70, 0x79, 0x78, 0x5f, 0x6e, 0x5f, 0x73, 0x5f, 0x64, 0x74, 0x79,
  0x70, 0x65, 0x00, 0x5f, 0x5f, 0x70, 0x79, 0x78, 0x5f, 0x64, 0x69, 0x63,
  0x74, 0x5f, 0x76, 0x65, 0x72, 0x73, 0x69, 0x6f, 0x6e, 0x2e, 0x31, 0x31,
  0x00, 0x5f, 0x5f, 0x70, 0x79, 0x78, 0x5f, 0x64, 0x69, 0x63, 0x74, 0x5f,
  0x63, 0x61, 0x63, 0x68, 0x65, 0x64, 0x5f, 0x76, 0x61, 0x6c, 0x75, 0x65,
  0x2e, 0x31, 0x30, 0x00, 0x5f, 0x5f, 0x70, 0x79, 0x78, 0x5f, 0x64, 0x69,
  0x63, 0x74, 0x5f, 0x76, 0x65, 0x72, 0x73, 0x69, 0x6f, 0x6e, 0x2e, 0x39,
  0x00, 0x5f, 0x5f, 0x70, 0x79, 0x78, 0x5f, 0x64, 0x69, 0x63, 0x74, 0x5f,
  0x63, 0x61, 0x63, 0x68, 0x65, 0x64, 0x5f, 0x76, 0x61, 0x6c, 0x75, 0x65,
  0x2e, 0x38, 0x00, 0x5f, 0x5f, 0x70, 0x79, 0x78, 0x5f, 0x64, 0x69, 0x63,
  0x74, 0x5f, 0x76, 0x65, 0x72, 0x73, 0x69, 0x6f, 0x6e, 0x2e, 0x37, 0x00,
  0x5f, 0x5f, 0x70, 0x79, 0x78, 0x5f, 0x64, 0x69, 0x63, 0x74, 0x5f, 0x63,
  0x61, 0x63, 0x68, 0x65, 0x64, 0x5f, 0x76, 0x61, 0x6c, 0x75, 0x65, 0x2e,
  0x36, 0x00, 0x5f, 0x5f, 0x70, 0x79, 0x78, 0x5f, 0x64, 0x69, 0x63, 0x74,
  0x5f, 0x76, 0x65, 0x72, 0x73, 0x69, 0x6f, 0x6e, 0x2e, 0x35, 0x00, 0x5f,
  0x5f, 0x70, 0x79, 0x78, 0x5f, 0x64, 0x69, 0x63, 0x74, 0x5f, 0x63, 0x61,
  0x63, 0x68, 0x65, 0x64, 0x5f, 0x76, 0x61, 0x6c, 0x75, 0x65, 0x2e, 0x34,
  0x00, 0x5f, 0x5f, 0x70, 0x79, 0x78, 0x5f, 0x6e, 0x5f, 0x75, 0x5f, 0x63,
  0x6f, 0x75, 0x6e, 0x74, 0x65, 0x72, 0x00, 0x5f, 0x5f, 0x70, 0x79, 0x78,
  0x5f, 0x6e, 0x5f, 0x75, 0x5f, 0x6b, 0x65, 0x79, 0x00, 0x5f, 0x5f, 0x70,
  0x79, 0x78, 0x5f, 0x6e, 0x5f, 0x75, 0x5f, 0x73, 0x74, 0x61, 0x74, 0x65,
  0x00, 0x5f, 0x5f, 0x70, 0x79, 0x78, 0x5f, 0x6e, 0x5f, 0x75, 0x5f, 0x62,
  0x75, 0x66, 0x66, 0x65, 0x72, 0x00, 0x5f, 0x5f, 0x70, 0x79, 0x78, 0x5f,
  0x6e, 0x5f, 0x75, 0x5f, 0x62, 0x75, 0x66, 0x66, 0x65, 0x72, 0x5f, 0x70,
  0x6f, 0x73, 0x00, 0x5f, 0x5f, 0x70, 0x79, 0x78, 0x5f, 0x6e, 0x5f, 0x75,
  0x5f, 0x68, 0x61, 0x73, 0x5f, 0x75, 0x69, 0x6e, 0x74, 0x33, 0x32, 0x00,
  0x5f, 0x5f, 0x70, 0x79, 0x78, 0x5f, 0x6e, 0x5f, 0x75, 0x5f, 0x75, 0x69,
  0x6e, 0x74, 0x65, 0x67, 0x65, 0x72, 0x00, 0x5f, 0x5f, 0x70, 0x79, 0x78,
  0x5f, 0x70, 0x77, 0x5f, 0x35, 0x6e, 0x75, 0x6d, 0x70, 0x79, 0x5f, 0x36,
  0x72, 0x61, 0x6e, 0x64, 0x6f, 0x6d, 0x5f, 0x37, 0x5f, 0x70, 0x68, 0x69,
  0x6c, 0x6f, 0x78, 0x5f, 0x36, 0x50, 0x68, 0x69, 0x6c, 0x6f, 0x78, 0x5f,
  0x31, 0x5f, 0x5f, 0x69, 0x6e, 0x69, 0x74, 0x5f, 0x5f, 0x00, 0x5f, 0x5f,
  0x70, 0x79, 0x78, 0x5f, 0x6e, 0x5f, 0x73, 0x5f, 0x69, 0x6e, 0x69, 0x74,
  0x00, 0x5f, 0x5f, 0x70, 0x79, 0x78, 0x5f, 0x6e, 0x5f, 0x73, 0x5f, 0x63,
  0x6f, 0x75, 0x6e, 0x74, 0x65, 0x72, 0x00, 0x5f, 0x5f, 0x70, 0x79, 0x78,
  0x5f, 0x6e, 0x5f, 0x73, 0x5f, 0x6b, 0x65, 0x79, 0x00, 0x5f, 0x5f, 0x70,
  0x79, 0x78, 0x5f, 0x6e, 0x5f, 0x73, 0x5f, 0x67, 0x65, 0x6e, 0x65, 0x72,
  0x61, 0x74, 0x65, 0x5f, 0x73, 0x74, 0x61, 0x74, 0x65, 0x00, 0x5f, 0x5f,
  0x70, 0x79, 0x78, 0x5f, 0x64, 0x69, 0x63, 0x74, 0x5f, 0x76, 0x65, 0x72,
  0x73, 0x69, 0x6f, 0x6e, 0x2e, 0x31, 0x37, 0x00, 0x5f, 0x5f, 0x70, 0x79,
  0x78, 0x5f, 0x64, 0x69, 0x63, 0x74, 0x5f, 0x63, 0x61, 0x63, 0x68, 0x65,
  0x64, 0x5f, 0x76, 0x61, 0x6c, 0x75, 0x65, 0x2e, 0x31, 0x36, 0x00, 0x5f,
  0x5f, 0x70, 0x79, 0x78, 0x5f, 0x6e, 0x5f, 0x73, 0x5f, 0x73, 0x65, 0x65,
  0x64, 0x00, 0x5f, 0x5f, 0x70, 0x79, 0x78, 0x5f, 0x70, 0x79, 0x61, 0x72,
  0x67, 0x6e, 0x61, 0x6d, 0x65, 0x73, 0x2e, 0x31, 0x38, 0x00, 0x5f, 0x5f,
  0x70, 0x79, 0x78, 0x5f, 0x73, 0x65, 0x74, 0x70, 0x72, 0x6f, 0x70, 0x5f,
  0x35, 0x6e, 0x75, 0x6d, 0x70, 0x79, 0x5f, 0x36, 0x72, 0x61, 0x6e, 0x64,
  0x6f, 0x6d, 0x5f, 0x37, 0x5f, 0x70, 0x68, 0x69, 0x6c, 0x6f, 0x78, 0x5f,
  0x36, 0x50, 0x68, 0x69, 0x6c, 0x6f, 0x78, 0x5f, 0x73, 0x74, 0x61, 0x74,
  0x65, 0x00, 0x5f, 0x5f, 0x70, 0x79, 0x78, 0x5f, 0x6e, 0x5f, 0x73, 0x5f,
  0x67, 0x65, 0x74, 0x00, 0x5f, 0x5f, 0x70, 0x79, 0x78, 0x5f, 0x6b, 0x70,
  0x5f, 0x75, 0x5f, 0x73, 0x74, 0x61, 0x74, 0x65, 0x5f, 0x6d, 0x75, 0x73,
  0x74, 0x5f, 0x62, 0x65, 0x5f, 0x66, 0x6f, 0x72, 0x5f, 0x61, 0x5f, 0x30,
  0x5f, 0x50, 0x52, 0x4e, 0x47, 0x00, 0x5f, 0x5f, 0x70, 0x79, 0x78, 0x5f,
  0x6e, 0x5f, 0x73, 0x5f, 0x66, 0x6f, 0x72, 0x6d, 0x61, 0x74, 0x00, 0x5f,
  0x5f, 0x70, 0x79, 0x78, 0x5f, 0x6d, 0x6f, 0x64, 0x75, 0x6c, 0x65, 0x64,
  0x65, 0x66, 0x00, 0x5f, 0x5f, 0x70, 0x79, 0x78, 0x5f, 0x6b, 0x5f, 0x49,
  0x6d, 0x70, 0x6f, 0x72, 0x74, 0x45, 0x72, 0x72, 0x6f, 0x72, 0x00, 0x5f,
  0x5f, 0x70, 0x79, 0x78, 0x5f, 0x6b, 0x5f, 0x50, 0x68, 0x69, 0x6c, 0x6f,
  0x78, 0x00, 0x5f, 0x5f, 0x70, 0x79, 0x78, 0x5f, 0x6b, 0x5f, 0x54, 0x79,
  0x70, 0x65, 0x45, 0x72, 0x72, 0x6f, 0x72, 0x00, 0x5f, 0x5f, 0x70, 0x79,
  0x78, 0x5f, 0x6b, 0x5f, 0x56, 0x61, 0x6c, 0x75, 0x65, 0x45, 0x72, 0x72,
  0x6f, 0x72, 0x00, 0x5f, 0x5f, 0x70, 0x79, 0x78, 0x5f, 0x6b, 0x5f, 0x5f,
  0x35, 0x00, 0x5f, 0x5f, 0x70, 0x79, 0x78, 0x5f, 0x6b, 0x5f, 0x61, 0x64,
  0x76, 0x61, 0x6e, 0x63, 0x65, 0x00, 0x5f, 0x5f, 0x70, 0x79, 0x78, 0x5f,
  0x6b, 0x5f, 0x61, 0x6c, 0x6c, 0x00, 0x5f, 0x5f, 0x70, 0x79, 0x78, 0x5f,
  0x6b, 0x5f, 0x62, 0x69, 0x74, 0x5f, 0x67, 0x65, 0x6e, 0x65, 0x72, 0x61,
  0x74, 0x6f, 0x72, 0x00, 0x5f, 0x5f, 0x70, 0x79, 0x78, 0x5f, 0x6b, 0x5f,
  0x62, 0x75, 0x66, 0x66, 0x65, 0x72, 0x00, 0x5f, 0x5f, 0x70, 0x79, 0x78,
  0x5f, 0x6b, 0x5f, 0x62, 0x75, 0x66, 0x66, 0x65, 0x72, 0x5f, 0x70, 0x6f,
  0x73, 0x00, 0x5f, 0x5f, 0x70, 0x79, 0x78, 0x5f, 0x6b, 0x5f, 0x63, 0x6c,
  0x61, 0x73, 0x73, 0x00, 0x5f, 0x5f, 0x70, 0x79, 0x78, 0x5f, 0x6b, 0x5f,
  0x63, 0x6c, 0x69, 0x6e, 0x65, 0x5f, 0x69, 0x6e, 0x5f, 0x74, 0x72, 0x61,
  0x63, 0x65, 0x62, 0x61, 0x63, 0x6b, 0x00, 0x5f, 0x5f, 0x70, 0x79, 0x78,
  0x5f, 0x6b, 0x5f, 0x63, 0x6f, 0x75, 0x6e, 0x74, 0x65, 0x72, 0x00, 0x5f,
  0x5f, 0x70, 0x79, 0x78, 0x5f, 0x6b, 0x5f, 0x64, 0x74, 0x79, 0x70, 0x65,
  0x00, 0x5f, 0x5f, 0x70, 0x79, 0x78, 0x5f, 0x6b, 0x5f, 0x65, 0x6d, 0x70,
  0x74, 0x79, 0x00, 0x5f, 0x5f, 0x70, 0x79, 0x78, 0x5f, 0x6b, 0x5f, 0x66,
  0x6f, 0x72, 0x6d, 0x61, 0x74, 0x00, 0x5f, 0x5f, 0x70, 0x79, 0x78, 0x5f,
  0x6b, 0x5f, 0x67, 0x65, 0x6e, 0x65, 0x72, 0x61, 0x74, 0x65, 0x5f, 0x73,
  0x74, 0x61, 0x74, 0x65, 0x00, 0x5f, 0x5f, 0x70, 0x79, 0x78, 0x5f, 0x6b,
  0x5f, 0x67, 0x65, 0x74, 0x00, 0x5f, 0x5f, 0x70, 0x79, 0x78, 0x5f, 0x6b,
  0x5f, 0x67, 0x65, 0x74, 0x73, 0x74, 0x61, 0x74, 0x65, 0x00, 0x5f, 0x5f,
  0x70, 0x79, 0x78, 0x5f, 0x6b, 0x5f, 0x68, 0x61, 0x73, 0x5f, 0x75, 0x69,
  0x6e, 0x74, 0x33, 0x32, 0x00, 0x5f, 0x5f, 0x70, 0x79, 0x78, 0x5f, 0x6e,
  0x5f, 0x73, 0x5f, 0x69, 0x6d, 0x70, 0x6f, 0x72, 0x74, 0x00, 0x5f, 0x5f,
  0x70, 0x79, 0x78, 0x5f, 0x6b, 0x5f, 0x69, 0x6d, 0x70, 0x6f, 0x72, 0x74,
  0x00, 0x5f, 0x5f, 0x70, 0x79, 0x78, 0x5f, 0x6b, 0x5f, 0x69, 0x6e, 0x69,
  0x74, 0x00, 0x5f, 0x5f, 0x70, 0x79, 0x78, 0x5f, 0x6b, 0x5f, 0x6a, 0x75,
  0x6d, 0x70, 0x73, 0x00, 0x5f, 0x5f, 0x70, 0x79, 0x78, 0x5f, 0x6b, 0x5f,
  0x6b, 0x65, 0x79, 0x00, 0x5f, 0x5f, 0x70, 0x79, 0x78, 0x5f, 0x6b, 0x5f,
  0x6d, 0x61, 0x69, 0x6e, 0x00, 0x5f, 0x5f, 0x70, 0x79, 0x78, 0x5f, 0x6b,
  0x5f, 0x6e, 0x61, 0x6d, 0x65, 0x00, 0x5f, 0x5f, 0x70, 0x79, 0x78, 0x5f,
  0x6b, 0x5f, 0x6e, 0x70, 0x00, 0x5f, 0x5f, 0x70, 0x79, 0x78, 0x5f, 0x6b,
  0x5f, 0x6e, 0x75, 0x6d, 0x70, 0x79, 0x00, 0x5f, 0x5f, 0x70, 0x79, 0x78,
  0x5f, 0x6b, 0x5f, 0x6e, 0x75, 0x6d, 0x70, 0x79, 0x5f, 0x63, 0x6f, 0x72,
  0x65, 0x5f, 0x6d, 0x75, 0x6c, 0x74, 0x69, 0x61, 0x72, 0x72, 0x61, 0x79,
  0x5f, 0x66, 0x61, 0x69, 0x6c, 0x65, 0x64, 0x5f, 0x74, 0x6f, 0x00, 0x5f,
  0x5f, 0x70, 0x79, 0x78, 0x5f, 0x6b, 0x5f, 0x6e, 0x75, 0x6d, 0x70, 0x79,
  0x5f, 0x63, 0x6f, 0x72, 0x65, 0x5f, 0x75, 0x6d, 0x61, 0x74, 0x68, 0x5f,
  0x66, 0x61, 0x69, 0x6c, 0x65, 0x64, 0x5f, 0x74, 0x6f, 0x5f, 0x69, 0x6d,
  0x70, 0x6f, 0x72, 0x00, 0x5f, 0x5f, 0x70, 0x79, 0x78, 0x5f, 0x6b, 0x5f,
  0x70, 0x79, 0x78, 0x5f, 0x76, 0x74, 0x61, 0x62, 0x6c, 0x65, 0x00, 0x5f,
  0x5f, 0x70, 0x79, 0x78, 0x5f, 0x6b, 0x5f, 0x72, 0x61, 0x6e, 0x67, 0x65,
  0x00, 0x5f, 0x5f, 0x70, 0x79, 0x78, 0x5f, 0x6b, 0x5f, 0x72, 0x65, 0x64,
  0x75, 0x63, 0x65, 0x00, 0x5f, 0x5f, 0x70, 0x79, 0x78, 0x5f, 0x6b, 0x5f,
  0x72, 0x65, 0x64, 0x75, 0x63, 0x65, 0x5f, 0x63, 0x79, 0x74, 0x68, 0x6f,
  0x6e, 0x00, 0x5f, 0x5f, 0x70, 0x79, 0x78, 0x5f, 0x6b, 0x5f, 0x72, 0x65,
  0x64, 0x75, 0x63, 0x65, 0x5f, 0x65, 0x78, 0x00, 0x5f, 0x5f, 0x70, 0x79,
  0x78, 0x5f, 0x6b, 0x5f, 0x73, 0x65, 0x65, 0x64, 0x00, 0x5f, 0x5f, 0x70,
  0x79, 0x78, 0x5f, 0x6b, 0x5f, 0x73, 0x65, 0x65, 0x64, 0x5f, 0x61, 0x6e,
  0x64, 0x5f, 0x6b, 0x65, 0x79, 0x5f, 0x63, 0x61, 0x6e, 0x6e, 0x6f, 0x74,
  0x5f, 0x62, 0x65, 0x5f, 0x62, 0x6f, 0x74, 0x68, 0x5f, 0x75, 0x73, 0x65,
  0x64, 0x00, 0x5f, 0x5f, 0x70, 0x79, 0x78, 0x5f, 0x6b, 0x5f, 0x73, 0x65,
  0x6c, 0x66, 0x5f, 0x5f, 0x62, 0x69, 0x74, 0x67, 0x65, 0x6e, 0x5f, 0x73,
  0x65, 0x6c, 0x66, 0x5f, 0x72, 0x6e, 0x67, 0x5f, 0x73, 0x74, 0x61, 0x74,
  0x65, 0x5f, 0x63, 0x61, 0x6e, 0x6e, 0x00, 0x5f, 0x5f, 0x70, 0x79, 0x78,
  0x5f, 0x6b, 0x5f, 0x73, 0x65, 0x74, 0x73, 0x74, 0x61, 0x74, 0x65, 0x00,
  0x5f, 0x5f, 0x70, 0x79, 0x78, 0x5f, 0x6b, 0x5f, 0x73, 0x65, 0x74, 0x73,
  0x74, 0x61, 0x74, 0x65, 0x5f, 0x63, 0x79, 0x74, 0x68, 0x6f, 0x6e, 0x00,
  0x5f, 0x5f, 0x70, 0x79, 0x78, 0x5f, 0x6b, 0x5f, 0x73, 0x74, 0x61, 0x74,
  0x65, 0x00, 0x5f, 0x5f, 0x70, 0x79, 0x78, 0x5f, 0x6b, 0x5f, 0x73, 0x74,
  0x61, 0x74, 0x65, 0x5f, 0x6d, 0x75, 0x73, 0x74, 0x5f, 0x62, 0x65, 0x5f,
  0x61, 0x5f, 0x64, 0x69, 0x63, 0x74, 0x00, 0x5f, 0x5f, 0x70, 0x79, 0x78,
  0x5f, 0x6b, 0x5f, 0x73, 0x74, 0x61, 0x74, 0x65, 0x5f, 0x6d, 0x75, 0x73,
  0x74, 0x5f, 0x62, 0x65, 0x5f, 0x66, 0x6f, 0x72, 0x5f, 0x61, 0x5f, 0x30,
  0x5f, 0x50, 0x52, 0x4e, 0x47, 0x00, 0x5f, 0x5f, 0x70, 0x79, 0x78, 0x5f,
  0x6b, 0x5f, 0x73, 0x74, 0x65, 0x70, 0x00, 0x5f, 0x5f, 0x70, 0x79, 0x78,
  0x5f, 0x6b, 0x5f, 0x74, 0x65, 0x73, 0x74, 0x00, 0x5f, 0x5f, 0x70, 0x79,
  0x78, 0x5f, 0x6b, 0x5f, 0x75, 0x69, 0x6e, 0x74, 0x36, 0x34, 0x00, 0x5f,
  0x5f, 0x70, 0x79, 0x78, 0x5f, 0x6b, 0x5f, 0x75, 0x69, 0x6e, 0x74, 0x65,
  0x67, 0x65, 0x72, 0x00, 0x5f, 0x5f, 0x70, 0x79, 0x78, 0x5f, 0x6d, 0x65,
  0x74, 0x68, 0x6f, 0x64, 0x73, 0x00, 0x5f, 0x5f, 0x70, 0x79, 0x78, 0x5f,
  0x6d, 0x6f, 0x64, 0x75, 0x6c, 0x65, 0x64, 0x65, 0x66, 0x5f, 0x73, 0x6c,
  0x6f, 0x74, 0x73, 0x00, 0x5f, 0x5f, 0x70, 0x79, 0x78, 0x5f, 0x6d, 0x65,
  0x74, 0x68, 0x6f, 0x64, 0x73, 0x5f, 0x35, 0x6e, 0x75, 0x6d, 0x70, 0x79,
  0x5f, 0x36, 0x72, 0x61, 0x6e, 0x64, 0x6f, 0x6d, 0x5f, 0x37, 0x5f, 0x70,
  0x68, 0x69, 0x6c, 0x6f, 0x78, 0x5f, 0x50, 0x68, 0x69, 0x6c, 0x6f, 0x78,
  0x00, 0x5f, 0x5f, 0x70, 0x79, 0x78, 0x5f, 0x67, 0x65, 0x74, 0x73, 0x65,
  0x74, 0x73, 0x5f, 0x35, 0x6e, 0x75, 0x6d, 0x70, 0x79, 0x5f, 0x36, 0x72,
  0x61, 0x6e, 0x64, 0x6f, 0x6d, 0x5f, 0x37, 0x5f, 0x70, 0x68, 0x69, 0x6c,
  0x6f, 0x78, 0x5f, 0x50, 0x68, 0x69, 0x6c, 0x6f, 0x78, 0x00, 0x5f, 0x5f,
  0x70, 0x79, 0x78, 0x5f, 0x64, 0x6f, 0x63, 0x5f, 0x35, 0x6e, 0x75, 0x6d,
  0x70, 0x79, 0x5f, 0x36, 0x72, 0x61, 0x6e, 0x64, 0x6f, 0x6d, 0x5f, 0x37,
  0x5f, 0x70, 0x68, 0x69, 0x6c, 0x6f, 0x78, 0x5f, 0x36, 0x50, 0x68, 0x69,
  0x6c, 0x6f, 0x78, 0x5f, 0x32, 0x6a, 0x75, 0x6d, 0x70, 0x65, 0x64, 0x00,
  0x5f, 0x5f, 0x70, 0x79, 0x78, 0x5f, 0x64, 0x6f, 0x63, 0x5f, 0x35, 0x6e,
  0x75, 0x6d, 0x70, 0x79, 0x5f, 0x36, 0x72, 0x61, 0x6e, 0x64, 0x6f, 0x6d,
  0x5f, 0x37, 0x5f, 0x70, 0x68, 0x69, 0x6c, 0x6f, 0x78, 0x5f, 0x36, 0x50,
  0x68, 0x69, 0x6c, 0x6f, 0x78, 0x5f, 0x34, 0x61, 0x64, 0x76, 0x61, 0x6e,
  0x63, 0x65, 0x00, 0x63, 0x72, 0x74, 0x73, 0x74, 0x75, 0x66, 0x66, 0x2e,
  0x63, 0x00, 0x64, 0x65, 0x72, 0x65, 0x67, 0x69, 0x73, 0x74, 0x65, 0x72,
  0x5f, 0x74, 0x6d, 0x5f, 0x63, 0x6c, 0x6f, 0x6e, 0x65, 0x73, 0x00, 0x5f,
  0x5f, 0x64, 0x6f, 0x5f, 0x67, 0x6c, 0x6f, 0x62, 0x61, 0x6c, 0x5f, 0x64,
  0x74, 0x6f, 0x72, 0x73, 0x5f, 0x61, 0x75, 0x78, 0x00, 0x63, 0x6f, 0x6d,
  0x70, 0x6c, 0x65, 0x74, 0x65, 0x64, 0x2e, 0x30, 0x00, 0x5f, 0x5f, 0x64,
  0x6f, 0x5f, 0x67, 0x6c, 0x6f, 0x62, 0x61, 0x6c, 0x5f, 0x64, 0x74, 0x6f,
  0x72, 0x73, 0x5f, 0x61, 0x75, 0x78, 0x5f, 0x66, 0x69, 0x6e, 0x69, 0x5f,
  0x61, 0x72, 0x72, 0x61, 0x79, 0x5f, 0x65, 0x6e, 0x74, 0x72, 0x79, 0x00,
  0x66, 0x72, 0x61, 0x6d, 0x65, 0x5f, 0x64, 0x75, 0x6d, 0x6d, 0x79, 0x00,
  0x5f, 0x5f, 0x66, 0x72, 0x61, 0x6d, 0x65, 0x5f, 0x64, 0x75, 0x6d, 0x6d,
  0x79, 0x5f, 0x69, 0x6e, 0x69, 0x74, 0x5f, 0x61, 0x72, 0x72, 0x61, 0x79,
  0x5f, 0x65, 0x6e, 0x74, 0x72, 0x79, 0x00, 0x5f, 0x5f, 0x46, 0x52, 0x41,
  0x4d, 0x45, 0x5f, 0x45, 0x4e, 0x44, 0x5f, 0x5f, 0x00, 0x5f, 0x5f, 0x64,
  0x73, 0x6f, 0x5f, 0x68, 0x61, 0x6e, 0x64, 0x6c, 0x65, 0x00, 0x5f, 0x44,
  0x59, 0x4e, 0x41, 0x4d, 0x49, 0x43, 0x00, 0x5f, 0x5f, 0x47, 0x4e, 0x55,
  0x5f, 0x45, 0x48, 0x5f, 0x46, 0x52, 0x41, 0x4d, 0x45, 0x5f, 0x48, 0x44,
  0x52, 0x00, 0x5f, 0x5f, 0x54, 0x4d, 0x43, 0x5f, 0x45, 0x4e, 0x44, 0x5f,
  0x5f, 0x00, 0x5f, 0x47, 0x4c, 0x4f, 0x42, 0x41, 0x4c, 0x5f, 0x4f, 0x46,
  0x46, 0x53, 0x45, 0x54, 0x5f, 0x54, 0x41, 0x42, 0x4c, 0x45, 0x5f, 0x00,
  0x50, 0x79, 0x55, 0x6e, 0x69, 0x63, 0x6f, 0x64, 0x65, 0x5f, 0x46, 0x72,
  0x6f, 0x6d, 0x46, 0x6f, 0x72, 0x6d, 0x61, 0x74, 0x00, 0x50, 0x79, 0x4f,
  0x62, 0x6a, 0x65, 0x63, 0x74, 0x5f, 0x53, 0x65, 0x74, 0x49, 0x74, 0x65,
  0x6d, 0x00, 0x50, 0x79, 0x4c, 0x69, 0x73, 0x74, 0x5f, 0x4e, 0x65, 0x77,
  0x00, 0x50, 0x79, 0x45, 0x78, 0x63, 0x5f, 0x53, 0x79, 0x73, 0x74, 0x65,
  0x6d, 0x45, 0x72, 0x72, 0x6f, 0x72, 0x00, 0x50, 0x79, 0x44, 0x69, 0x63,
  0x74, 0x5f, 0x53, 0x65, 0x74, 0x49, 0x74, 0x65, 0x6d, 0x53, 0x74, 0x72,
  0x69, 0x6e, 0x67, 0x00, 0x50, 0x79, 0x45, 0x72, 0x72, 0x5f, 0x47, 0x65,
  0x74, 0x45, 0x78, 0x63, 0x49, 0x6e, 0x66, 0x6f, 0x00, 0x50, 0x79, 0x44,
  0x69, 0x63, 0x74, 0x5f, 0x53, 0x69, 0x7a, 0x65, 0x00, 0x50, 0x79, 0x45,
  0x78, 0x63, 0x65, 0x70, 0x74, 0x69, 0x6f, 0x6e, 0x5f, 0x53, 0x65, 0x74,
  0x54, 0x72, 0x61, 0x63, 0x65, 0x62, 0x61, 0x63, 0x6b, 0x00, 0x50, 0x79,
  0x45, 0x78, 0x63, 0x5f, 0x4e, 0x6f, 0x74, 0x49, 0x6d, 0x70, 0x6c, 0x65,
  0x6d, 0x65, 0x6e, 0x74, 0x65, 0x64, 0x45, 0x72, 0x72, 0x6f, 0x72, 0x00,
  0x50, 0x79, 0x4d, 0x65, 0x74, 0x68, 0x6f, 0x64, 0x5f, 0x54, 0x79, 0x70,
  0x65, 0x00, 0x5f, 0x49, 0x54, 0x4d, 0x5f, 0x64, 0x65, 0x72, 0x65, 0x67,
  0x69, 0x73, 0x74, 0x65, 0x72, 0x54, 0x4d, 0x43, 0x6c, 0x6f, 0x6e, 0x65,
  0x54, 0x61, 0x62, 0x6c, 0x65, 0x00, 0x50, 0x79, 0x54, 0x75, 0x70, 0x6c,
  0x65, 0x5f, 0x54, 0x79, 0x70, 0x65, 0x00, 0x50, 0x79, 0x45, 0x72, 0x72,
  0x5f, 0x52, 0x65, 0x73, 0x74, 0x6f, 0x72, 0x65, 0x00, 0x50, 0x79, 0x4d,
  0x6f, 0x64, 0x75, 0x6c, 0x65, 0x44, 0x65, 0x66, 0x5f, 0x49, 0x6e, 0x69,
  0x74, 0x00, 0x50, 0x79, 0x5f, 0x45, 0x6e, 0x74, 0x65, 0x72, 0x52, 0x65,
  0x63, 0x75, 0x72, 0x73, 0x69, 0x76, 0x65, 0x43, 0x61, 0x6c, 0x6c, 0x00,
  0x50, 0x79, 0x46, 0x72, 0x61, 0x6d, 0x65, 0x5f, 0x4e, 0x65, 0x77, 0x00,
  0x50, 0x79, 0x43, 0x61, 0x70, 0x73, 0x75, 0x6c, 0x65, 0x5f, 0x47, 0x65,
  0x74, 0x4e, 0x61, 0x6d, 0x65, 0x00, 0x50, 0x79, 0x4f, 0x62, 0x6a, 0x65,
  0x63, 0x74, 0x5f, 0x47, 0x65, 0x74, 0x41, 0x74, 0x74, 0x72, 0x53, 0x74,
  0x72, 0x69, 0x6e, 0x67, 0x00, 0x50, 0x79, 0x49, 0x6d, 0x70, 0x6f, 0x72,
  0x74, 0x5f, 0x41, 0x64, 0x64, 0x4d, 0x6f, 0x64, 0x75, 0x6c, 0x65, 0x00,
  0x50, 0x79, 0x42, 0x79, 0x74, 0x65, 0x73, 0x5f, 0x46, 0x72, 0x6f, 0x6d,
  0x53, 0x74, 0x72, 0x69, 0x6e, 0x67, 0x41, 0x6e, 0x64, 0x53, 0x69, 0x7a,
  0x65, 0x00, 0x5f, 0x50, 0x79, 0x4f, 0x62, 0x6a, 0x65, 0x63, 0x74, 0x5f,
  0x47, 0x65, 0x6e, 0x65, 0x72, 0x69, 0x63, 0x47, 0x65, 0x74, 0x41, 0x74,
  0x74, 0x72, 0x57, 0x69, 0x74, 0x68, 0x44, 0x69, 0x63, 0x74, 0x00, 0x50,
  0x79, 0x4f, 0x62, 0x6a, 0x65, 0x63, 0x74, 0x5f, 0x53, 0x65, 0x74, 0x41,
  0x74, 0x74, 0x72, 0x53, 0x74, 0x72, 0x69, 0x6e, 0x67, 0x00, 0x50, 0x79,
  0x45, 0x72, 0x72, 0x5f, 0x57, 0x61, 0x72, 0x6e, 0x45, 0x78, 0x00, 0x5f,
  0x50, 0x79, 0x5f, 0x44, 0x65, 0x61, 0x6c, 0x6c, 0x6f, 0x63, 0x00, 0x50,
  0x79, 0x4d, 0x6f, 0x64, 0x75, 0x6c, 0x65, 0x5f, 0x4e, 0x65, 0x77, 0x4f,
  0x62, 0x6a, 0x65, 0x63, 0x74, 0x00, 0x50, 0x79, 0x45, 0x72, 0x72, 0x5f,
  0x53, 0x65, 0x74, 0x4f, 0x62, 0x6a, 0x65, 0x63, 0x74, 0x00, 0x50, 0x79,
  0x45, 0x72, 0x72, 0x5f, 0x4e, 0x6f, 0x72, 0x6d, 0x61, 0x6c, 0x69, 0x7a,
  0x65, 0x45, 0x78, 0x63, 0x65, 0x70, 0x74, 0x69, 0x6f, 0x6e, 0x00, 0x5f,
  0x5f, 0x70, 0x79, 0x78, 0x5f, 0x6d, 0x6f, 0x64, 0x75, 0x6c, 0x65, 0x5f,
  0x69, 0x73, 0x5f, 0x6d, 0x61, 0x69, 0x6e, 0x5f, 0x6e, 0x75, 0x6d, 0x70,
  0x79, 0x5f, 0x5f, 0x72, 0x61, 0x6e, 0x64, 0x6f, 0x6d, 0x5f, 0x5f, 0x5f,
  0x70, 0x68, 0x69, 0x6c, 0x6f, 0x78, 0x00, 0x70, 0x68, 0x69, 0x6c, 0x6f,
  0x78, 0x5f, 0x61, 0x64, 0x76, 0x61, 0x6e, 0x63, 0x65, 0x00, 0x50, 0x79,
  0x4e, 0x75, 0x6d, 0x62, 0x65, 0x72, 0x5f, 0x4d, 0x75, 0x6c, 0x74, 0x69,
  0x70, 0x6c, 0x79, 0x00, 0x50, 0x79, 0x4f, 0x62, 0x6a, 0x65, 0x63, 0x74,
  0x5f, 0x52, 0x69, 0x63, 0x68, 0x43, 0x6f, 0x6d, 0x70, 0x61, 0x72, 0x65,
  0x00, 0x5f, 0x66, 0x69, 0x6e, 0x69, 0x00, 0x50, 0x79, 0x49, 0x6d, 0x70,
  0x6f, 0x72, 0x74, 0x5f, 0x47, 0x65, 0x74, 0x4d, 0x6f, 0x64, 0x75, 0x6c,
  0x65, 0x44, 0x69, 0x63, 0x74, 0x00, 0x50, 0x79, 0x4f, 0x62, 0x6a, 0x65,
  0x63, 0x74, 0x5f, 0x47, 0x43, 0x5f, 0x54, 0x72, 0x61, 0x63, 0x6b, 0x00,
  0x50, 0x79, 0x49, 0x6e, 0x69, 0x74, 0x5f, 0x5f, 0x70, 0x68, 0x69, 0x6c,
  0x6f, 0x78, 0x00, 0x50, 0x79, 0x45, 0x78, 0x63, 0x5f, 0x52, 0x75, 0x6e,
  0x74, 0x69, 0x6d, 0x65, 0x45, 0x72, 0x72, 0x6f, 0x72, 0x00, 0x50, 0x79,
  0x4e, 0x75, 0x6d, 0x62, 0x65, 0x72, 0x5f, 0x4c, 0x6f, 0x6e, 0x67, 0x00,
  0x50, 0x79, 0x45, 0x72, 0x72, 0x5f, 0x53, 0x65, 0x74, 0x53, 0x74, 0x72,
  0x69, 0x6e, 0x67, 0x00, 0x50, 0x79, 0x4f, 0x62, 0x6a, 0x65, 0x63, 0x74,
  0x5f, 0x47, 0x65, 0x74, 0x49, 0x74, 0x65, 0x6d, 0x00, 0x50, 0x79, 0x45,
  0x78, 0x63, 0x5f, 0x45, 0x78, 0x63, 0x65, 0x70, 0x74, 0x69, 0x6f, 0x6e,
  0x00, 0x50, 0x79, 0x45, 0x78, 0x63, 0x5f, 0x56, 0x61, 0x6c, 0x75, 0x65,
  0x45, 0x72, 0x72, 0x6f, 0x72, 0x00, 0x50, 0x79, 0x45, 0x78, 0x63, 0x5f,
  0x44, 0x65, 0x70, 0x72, 0x65, 0x63, 0x61, 0x74, 0x69, 0x6f, 0x6e, 0x57,
  0x61, 0x72, 0x6e, 0x69, 0x6e, 0x67, 0x00, 0x50, 0x79, 0x45, 0x78, 0x63,
  0x5f, 0x54, 0x79, 0x70, 0x65, 0x45, 0x72, 0x72, 0x6f, 0x72, 0x00, 0x50,
  0x79, 0x49, 0x6e, 0x74, 0x65, 0x72, 0x70, 0x72, 0x65, 0x74, 0x65, 0x72,
  0x53, 0x74, 0x61, 0x74, 0x65, 0x5f, 0x47, 0x65, 0x74, 0x49, 0x44, 0x00,
  0x50, 0x79, 0x4d, 0x65, 0x6d, 0x5f, 0x52, 0x65, 0x61, 0x6c, 0x6c, 0x6f,
  0x63, 0x00, 0x50, 0x79, 0x45, 0x72, 0x72, 0x5f, 0x45, 0x78, 0x63, 0x65,
  0x70, 0x74, 0x69, 0x6f, 0x6e, 0x4d, 0x61, 0x74, 0x63, 0x68, 0x65, 0x73,
  0x00, 0x50, 0x79, 0x4f, 0x53, 0x5f, 0x73, 0x6e, 0x70, 0x72, 0x69, 0x6e,
  0x74, 0x66, 0x00, 0x50, 0x79, 0x54, 0x72, 0x61, 0x63, 0x65, 0x42, 0x61,
  0x63, 0x6b, 0x5f, 0x48, 0x65, 0x72, 0x65, 0x00, 0x50, 0x79, 0x4f, 0x62,
  0x6a, 0x65, 0x63, 0x74, 0x5f, 0x43, 0x61, 0x6c, 0x6c, 0x46, 0x69, 0x6e,
  0x61, 0x6c, 0x69, 0x7a, 0x65, 0x72, 0x46, 0x72, 0x6f, 0x6d, 0x44, 0x65,
  0x61, 0x6c, 0x6c, 0x6f, 0x63, 0x00, 0x50, 0x79, 0x4f, 0x62, 0x6a, 0x65,
  0x63, 0x74, 0x5f, 0x4e, 0x6f, 0x74, 0x00, 0x50, 0x79, 0x4c, 0x6f, 0x6e,
  0x67, 0x5f, 0x46, 0x72, 0x6f, 0x6d, 0x53, 0x73, 0x69, 0x7a, 0x65, 0x5f,
  0x74, 0x00, 0x50, 0x79, 0x54, 0x79, 0x70, 0x65, 0x5f, 0x52, 0x65, 0x61,
  0x64, 0x79, 0x00, 0x50, 0x79, 0x4c, 0x6f, 0x6e, 0x67, 0x5f, 0x46, 0x72,
  0x6f, 0x6d, 0x4c, 0x6f, 0x6e, 0x67, 0x00, 0x50, 0x79, 0x4f, 0x62, 0x6a,
  0x65, 0x63, 0x74, 0x5f, 0x52, 0x69, 0x63, 0x68, 0x43, 0x6f, 0x6d, 0x70,
  0x61, 0x72, 0x65, 0x42, 0x6f, 0x6f, 0x6c, 0x00, 0x50, 0x79, 0x4d, 0x6f,
  0x64, 0x75, 0x6c, 0x65, 0x5f, 0x47, 0x65, 0x74, 0x4e, 0x61, 0x6d, 0x65,
  0x00, 0x50, 0x79, 0x45, 0x72, 0x72, 0x5f, 0x43, 0x6c, 0x65, 0x61, 0x72,
  0x00, 0x50, 0x79, 0x43, 0x61, 0x70, 0x73, 0x75, 0x6c, 0x65, 0x5f, 0x49,
  0x73, 0x56, 0x61, 0x6c, 0x69, 0x64, 0x00, 0x50, 0x79, 0x45, 0x78, 0x63,
  0x5f, 0x4b, 0x65, 0x79, 0x45, 0x72, 0x72, 0x6f, 0x72, 0x00, 0x5f, 0x50,
  0x79, 0x5f, 0x46, 0x61, 0x6c, 0x73, 0x65, 0x53, 0x74, 0x72, 0x75, 0x63,
  0x74, 0x00, 0x5f, 0x5f, 0x67, 0x6d, 0x6f, 0x6e, 0x5f, 0x73, 0x74, 0x61,
  0x72, 0x74, 0x5f, 0x5f, 0x00, 0x50, 0x79, 0x54, 0x75, 0x70, 0x6c, 0x65,
  0x5f, 0x4e, 0x65, 0x77, 0x00, 0x50, 0x79, 0x4f, 0x62, 0x6a, 0x65, 0x63,
  0x74, 0x5f, 0x47, 0x65, 0x6e, 0x65, 0x72, 0x69, 0x63, 0x47, 0x65, 0x74,
  0x41, 0x74, 0x74, 0x72, 0x00, 0x50, 0x79, 0x54, 0x68, 0x72, 0x65, 0x61,
  0x64, 0x53, 0x74, 0x61, 0x74, 0x65, 0x5f, 0x47, 0x65, 0x74, 0x00, 0x50,
  0x79, 0x45, 0x78, 0x63, 0x5f, 0x4f, 0x76, 0x65, 0x72, 0x66, 0x6c, 0x6f,
  0x77, 0x45, 0x72, 0x72, 0x6f, 0x72, 0x00, 0x50, 0x79, 0x44, 0x69, 0x63,
  0x74, 0x5f, 0x44, 0x65, 0x6c, 0x49, 0x74, 0x65, 0x6d, 0x00, 0x50, 0x79,
  0x54, 0x79, 0x70, 0x65, 0x5f, 0x4d, 0x6f, 0x64, 0x69, 0x66, 0x69, 0x65,
  0x64, 0x00, 0x50, 0x79, 0x4f, 0x62, 0x6a, 0x65, 0x63, 0x74, 0x5f, 0x53,
  0x65, 0x74, 0x41, 0x74, 0x74, 0x72, 0x00, 0x50, 0x79, 0x45, 0x72, 0x72,
  0x5f, 0x4f, 0x63, 0x63, 0x75, 0x72, 0x72, 0x65, 0x64, 0x00, 0x50, 0x79,
  0x4c, 0x6f, 0x6e, 0x67, 0x5f, 0x41, 0x73, 0x4c, 0x6f, 0x6e, 0x67, 0x00,
  0x50, 0x79, 0x49, 0x6d, 0x70, 0x6f, 0x72, 0x74, 0x5f, 0x49, 0x6d, 0x70,
  0x6f, 0x72, 0x74, 0x4d, 0x6f, 0x64, 0x75, 0x6c, 0x65, 0x00, 0x5f, 0x50,
  0x79, 0x44, 0x69, 0x63, 0x74, 0x5f, 0x47, 0x65, 0x74, 0x49, 0x74, 0x65,
  0x6d, 0x5f, 0x4b, 0x6e, 0x6f, 0x77, 0x6e, 0x48, 0x61, 0x73, 0x68, 0x00,
  0x50, 0x79, 0x5f, 0x4c, 0x65, 0x61, 0x76, 0x65, 0x52, 0x65, 0x63, 0x75,
  0x72, 0x73, 0x69, 0x76, 0x65, 0x43, 0x61, 0x6c, 0x6c, 0x00, 0x50, 0x79,
  0x44, 0x69, 0x63, 0x74, 0x5f, 0x47, 0x65, 0x74, 0x49, 0x74, 0x65, 0x6d,
  0x53, 0x74, 0x72, 0x69, 0x6e, 0x67, 0x00, 0x5f, 0x50, 0x79, 0x5f, 0x4e,
  0x6f, 0x6e, 0x65, 0x53, 0x74, 0x72, 0x75, 0x63, 0x74, 0x00, 0x50, 0x79,
  0x4f, 0x62, 0x6a, 0x65, 0x63, 0x74, 0x5f, 0x49, 0x73, 0x54, 0x72, 0x75,
  0x65, 0x00, 0x5f, 0x50, 0x79, 0x54, 0x79, 0x70, 0x65, 0x5f, 0x4c, 0x6f,
  0x6f, 0x6b, 0x75, 0x70, 0x00, 0x50, 0x79, 0x49, 0x6d, 0x70, 0x6f, 0x72,
  0x74, 0x5f, 0x49, 0x6d, 0x70, 0x6f, 0x72, 0x74, 0x4d, 0x6f, 0x64, 0x75,
  0x6c, 0x65, 0x4c, 0x65, 0x76, 0x65, 0x6c, 0x4f, 0x62, 0x6a, 0x65, 0x63,
  0x74, 0x00, 0x50, 0x79, 0x4f, 0x62, 0x6a, 0x65, 0x63, 0x74, 0x5f, 0x48,
  0x61, 0x73, 0x68, 0x00, 0x50, 0x79, 0x55, 0x6e, 0x69, 0x63, 0x6f, 0x64,
  0x65, 0x5f, 0x43, 0x6f, 0x6d, 0x70, 0x61, 0x72, 0x65, 0x00, 0x5f, 0x50,
  0x79, 0x5f, 0x54, 0x72, 0x75, 0x65, 0x53, 0x74, 0x72, 0x75, 0x63, 0x74,
  0x00, 0x50, 0x79, 0x44, 0x69, 0x63, 0x74, 0x5f, 0x4e, 0x65, 0x77, 0x00,
  0x50, 0x79, 0x4f, 0x62, 0x6a, 0x65, 0x63, 0x74, 0x5f, 0x47, 0x43, 0x5f,
  0x49, 0x73, 0x46, 0x69, 0x6e, 0x61, 0x6c, 0x69, 0x7a, 0x65, 0x64, 0x00,
  0x50, 0x79, 0x4c, 0x6f, 0x6e, 0x67, 0x5f, 0x41, 0x73, 0x55, 0x6e, 0x73,
  0x69, 0x67, 0x6e, 0x65, 0x64, 0x4c, 0x6f, 0x6e, 0x67, 0x00, 0x50, 0x79,
  0x44, 0x69, 0x63, 0x74, 0x5f, 0x54, 0x79, 0x70, 0x65, 0x00, 0x50, 0x79,
  0x44, 0x69, 0x63, 0x74, 0x5f, 0x4e, 0x65, 0x78, 0x74, 0x00, 0x50, 0x79,
  0x42, 0x61, 0x73, 0x65, 0x4f, 0x62, 0x6a, 0x65, 0x63, 0x74, 0x5f, 0x54,
  0x79, 0x70, 0x65, 0x00, 0x50, 0x79, 0x4c, 0x6f, 0x6e, 0x67, 0x5f, 0x46,
  0x72, 0x6f, 0x6d, 0x55, 0x6e, 0x73, 0x69, 0x67, 0x6e, 0x65, 0x64, 0x4c,
  0x6f, 0x6e, 0x67, 0x00, 0x50, 0x79, 0x55, 0x6e, 0x69, 0x63, 0x6f, 0x64,
  0x65, 0x5f, 0x41, 0x73, 0x55, 0x54, 0x46, 0x38, 0x00, 0x50, 0x79, 0x4c,
  0x6f, 0x6e, 0x67, 0x5f, 0x54, 0x79, 0x70, 0x65, 0x00, 0x50, 0x79, 0x43,
  0x61, 0x70, 0x73, 0x75, 0x6c, 0x65, 0x5f, 0x54, 0x79, 0x70, 0x65, 0x00,
  0x5f, 0x50, 0x79, 0x4f, 0x62, 0x6a, 0x65, 0x63, 0x74, 0x5f, 0x47, 0x65,
  0x74, 0x44, 0x69, 0x63, 0x74, 0x50, 0x74, 0x72, 0x00, 0x50, 0x79, 0x45,
  0x72, 0x72, 0x5f, 0x46, 0x65, 0x74, 0x63, 0x68, 0x00, 0x50, 0x79, 0x55,
  0x6e, 0x69, 0x63, 0x6f, 0x64, 0x65, 0x5f, 0x49, 0x6e, 0x74, 0x65, 0x72,
  0x6e, 0x46, 0x72, 0x6f, 0x6d, 0x53, 0x74, 0x72, 0x69, 0x6e, 0x67, 0x00,
  0x50, 0x79, 0x45, 0x78, 0x63, 0x5f, 0x49, 0x6d, 0x70, 0x6f, 0x72, 0x74,
  0x45, 0x72, 0x72, 0x6f, 0x72, 0x00, 0x50, 0x79, 0x44, 0x69, 0x63, 0x74,
  0x5f, 0x53, 0x65, 0x74, 0x49, 0x74, 0x65, 0x6d, 0x00, 0x50, 0x79, 0x45,
  0x78, 0x63, 0x5f, 0x41, 0x74, 0x74, 0x72, 0x69, 0x62, 0x75, 0x74, 0x65,
  0x45, 0x72, 0x72, 0x6f, 0x72, 0x00, 0x50, 0x79, 0x4f, 0x62, 0x6a, 0x65,
  0x63, 0x74, 0x5f, 0x43, 0x61, 0x6c, 0x6c, 0x00, 0x50, 0x79, 0x43, 0x61,
  0x70, 0x73, 0x75, 0x6c, 0x65, 0x5f, 0x4e, 0x65, 0x77, 0x00, 0x50, 0x79,
  0x54, 0x79, 0x70, 0x65, 0x5f, 0x49, 0x73, 0x53, 0x75, 0x62, 0x74, 0x79,
  0x70, 0x65, 0x00, 0x50, 0x79, 0x55, 0x6e, 0x69, 0x63, 0x6f, 0x64, 0x65,
  0x5f, 0x44, 0x65, 0x63, 0x6f, 0x64, 0x65, 0x00, 0x50, 0x79, 0x45, 0x72,
  0x72, 0x5f, 0x46, 0x6f, 0x72, 0x6d, 0x61, 0x74, 0x00, 0x50, 0x79, 0x43,
  0x61, 0x70, 0x73, 0x75, 0x6c, 0x65, 0x5f, 0x47, 0x65, 0x74, 0x50, 0x6f,
  0x69, 0x6e, 0x74, 0x65, 0x72, 0x00, 0x50, 0x79, 0x45, 0x78, 0x63, 0x5f,
  0x4e, 0x61, 0x6d, 0x65, 0x45, 0x72, 0x72, 0x6f, 0x72, 0x00, 0x50, 0x79,
  0x55, 0x6e, 0x69, 0x63, 0x6f, 0x64, 0x65, 0x5f, 0x46, 0x72, 0x6f, 0x6d,
  0x53, 0x74, 0x72, 0x69, 0x6e, 0x67, 0x41, 0x6e, 0x64, 0x53, 0x69, 0x7a,
  0x65, 0x00, 0x50, 0x79, 0x4d, 0x6f, 0x64, 0x75, 0x6c, 0x65, 0x5f, 0x47,
  0x65, 0x74, 0x44, 0x69, 0x63, 0x74, 0x00, 0x5f, 0x49, 0x54, 0x4d, 0x5f,
  0x72, 0x65, 0x67, 0x69, 0x73, 0x74, 0x65, 0x72, 0x54, 0x4d, 0x43, 0x6c,
  0x6f, 0x6e, 0x65, 0x54, 0x61, 0x62, 0x6c, 0x65, 0x00, 0x50, 0x79, 0x4f,
  0x62, 0x6a, 0x65, 0x63, 0x74, 0x5f, 0x47, 0x65, 0x74, 0x41, 0x74, 0x74,
  0x72, 0x00, 0x70, 0x68, 0x69, 0x6c, 0x6f, 0x78, 0x5f, 0x6a, 0x75, 0x6d,
  0x70, 0x00, 0x50, 0x79, 0x43, 0x46, 0x75, 0x6e, 0x63, 0x74, 0x69, 0x6f,
  0x6e, 0x5f, 0x54, 0x79, 0x70, 0x65, 0x00, 0x50, 0x79, 0x4c, 0x6f, 0x6e,
  0x67, 0x5f, 0x46, 0x72, 0x6f, 0x6d, 0x53, 0x74, 0x72, 0x69, 0x6e, 0x67,
  0x00, 0x50, 0x79, 0x45, 0x72, 0x72, 0x5f, 0x53, 0x65, 0x74, 0x45, 0x78,
  0x63, 0x49, 0x6e, 0x66, 0x6f, 0x00, 0x50, 0x79, 0x4d, 0x65, 0x6d, 0x5f,
  0x4d, 0x61, 0x6c, 0x6c, 0x6f, 0x63, 0x00, 0x50, 0x79, 0x45, 0x72, 0x72,
  0x5f, 0x57, 0x61, 0x72, 0x6e, 0x46, 0x6f, 0x72, 0x6d, 0x61, 0x74, 0x00,
  0x5f, 0x5f, 0x63, 0x78, 0x61, 0x5f, 0x66, 0x69, 0x6e, 0x61, 0x6c, 0x69,
  0x7a, 0x65, 0x40, 0x40, 0x47, 0x4c, 0x49, 0x42, 0x43, 0x5f, 0x32, 0x2e,
  0x32, 0x2e, 0x35, 0x00, 0x50, 0x79, 0x54, 0x75, 0x70, 0x6c, 0x65, 0x5f,
  0x50, 0x61, 0x63, 0x6b, 0x00, 0x50, 0x79, 0x5f, 0x47, 0x65, 0x74, 0x56,
  0x65, 0x72, 0x73, 0x69, 0x6f, 0x6e, 0x00, 0x50, 0x79, 0x43, 0x6f, 0x64,
  0x65, 0x5f, 0x4e, 0x65, 0x77, 0x45, 0x6d, 0x70, 0x74, 0x79, 0x00, 0x50,
  0x79, 0x4f, 0x62, 0x6a, 0x65, 0x63, 0x74, 0x5f, 0x47, 0x43, 0x5f, 0x55,
  0x6e, 0x54, 0x72, 0x61, 0x63, 0x6b, 0x00, 0x50, 0x79, 0x44, 0x69, 0x63,
  0x74, 0x5f, 0x47, 0x65, 0x74, 0x49, 0x74, 0x65, 0x6d, 0x57, 0x69, 0x74,
  0x68, 0x45, 0x72, 0x72, 0x6f, 0x72, 0x00, 0x50, 0x79, 0x4c, 0x69, 0x73,
  0x74, 0x5f, 0x54, 0x79, 0x70, 0x65, 0x00, 0x00, 0x2e, 0x73, 0x79, 0x6d,
  0x74, 0x61, 0x62, 0x00, 0x2e, 0x73, 0x74, 0x72, 0x74, 0x61, 0x62, 0x00,
  0x2e, 0x73, 0x68, 0x73, 0x74, 0x72, 0x74, 0x61, 0x62, 0x00, 0x2e, 0x6e,
  0x6f, 0x74, 0x65, 0x2e, 0x67, 0x6e, 0x75, 0x2e, 0x62, 0x75, 0x69, 0x6c,
  0x64, 0x2d, 0x69, 0x64, 0x00, 0x2e, 0x67, 0x6e, 0x75, 0x2e, 0x68, 0x61,
  0x73, 0x68, 0x00, 0x2e, 0x64, 0x79, 0x6e, 0x73, 0x79, 0x6d, 0x00, 0x2e,
  0x64, 0x79, 0x6e, 0x73, 0x74, 0x72, 0x00, 0x2e, 0x67, 0x6e, 0x75, 0x2e,
  0x76, 0x65, 0x72, 0x73, 0x69, 0x6f, 0x6e, 0x00, 0x2e, 0x67, 0x6e, 0x75,
  0x2e, 0x76, 0x65, 0x72, 0x73, 0x69, 0x6f, 0x6e, 0x5f, 0x72, 0x00, 0x2e,
  0x72, 0x65, 0x6c, 0x61, 0x2e, 0x64, 0x79, 0x6e, 0x00, 0x2e, 0x72, 0x65,
  0x6c, 0x61, 0x2e, 0x70, 0x6c, 0x74, 0x00, 0x2e, 0x69, 0x6e, 0x69, 0x74,
  0x00, 0x2e, 0x74, 0x65, 0x78, 0x74, 0x00, 0x2e, 0x66, 0x69, 0x6e, 0x69,
  0x00, 0x2e, 0x72, 0x6f, 0x64, 0x61, 0x74, 0x61, 0x00, 0x2e, 0x65, 0x68,
  0x5f, 0x66, 0x72, 0x61, 0x6d, 0x65, 0x5f, 0x68, 0x64, 0x72, 0x00, 0x2e,
  0x65, 0x68, 0x5f, 0x66, 0x72, 0x61, 0x6d, 0x65, 0x00, 0x2e, 0x69, 0x6e,
  0x69, 0x74, 0x5f, 0x61, 0x72, 0x72, 0x61, 0x79, 0x00, 0x2e, 0x66, 0x69,
  0x6e, 0x69, 0x5f, 0x61, 0x72, 0x72, 0x61, 0x79, 0x00, 0x2e, 0x64, 0x61,
  0x74, 0x61, 0x2e, 0x72, 0x65, 0x6c, 0x2e, 0x72, 0x6f, 0x00, 0x2e, 0x64,
  0x79, 0x6e, 0x61, 0x6d, 0x69, 0x63, 0x00, 0x2e, 0x67, 0x6f, 0x74, 0x00,
  0x2e, 0x67, 0x6f, 0x74, 0x2e, 0x70, 0x6c, 0x74, 0x00, 0x2e, 0x64, 0x61,
  0x74, 0x61, 0x00, 0x2e, 0x62, 0x73, 0x73, 0x00, 0x2e, 0x63, 0x6f, 0x6d,
  0x6d, 0x65, 0x6e, 0x74, 0x00, 0x00, 0x00, 0x00, 0x00, 0x00, 0x00, 0x00,
  0x00, 0x00, 0x00, 0x00, 0x00, 0x00, 0x00, 0x00, 0x00, 0x00, 0x00, 0x00,
  0x00, 0x00, 0x00, 0x00, 0x00, 0x00, 0x00, 0x00, 0x00, 0x00, 0x00, 0x00,
  0x00, 0x00, 0x00, 0x00, 0x00, 0x00, 0x00, 0x00, 0x00, 0x00, 0x00, 0x00,
  0x00, 0x00, 0x00, 0x00, 0x00, 0x00, 0x00, 0x00, 0x00, 0x00, 0x00, 0x00,
  0x00, 0x00, 0x00, 0x00, 0x00, 0x00, 0x00, 0x00, 0x00, 0x00, 0x00, 0x00,
  0x1b, 0x00, 0x00, 0x00, 0x07, 0x00, 0x00, 0x00, 0x02, 0x00, 0x00, 0x00,
  0x00, 0x00, 0x00, 0x00, 0x38, 0x02, 0x00, 0x00, 0x00, 0x00, 0x00, 0x00,
  0x38, 0x02, 0x00, 0x00, 0x00, 0x00, 0x00, 0x00, 0x24, 0x00, 0x00, 0x00,
  0x00, 0x00, 0x00, 0x00, 0x00, 0x00, 0x00, 0x00, 0x00, 0x00, 0x00, 0x00,
  0x04, 0x00, 0x00, 0x00, 0x00, 0x00, 0x00, 0x00, 0x00, 0x00, 0x00, 0x00,
  0x00, 0x00, 0x00, 0x00, 0x2e, 0x00, 0x00, 0x00, 0xf6, 0xff, 0xff, 0x6f,
  0x02, 0x00, 0x00, 0x00, 0x00, 0x00, 0x00, 0x00, 0x60, 0x02, 0x00, 0x00,
  0x00, 0x00, 0x00, 0x00, 0x60, 0x02, 0x00, 0x00, 0x00, 0x00, 0x00, 0x00,
  0x3c, 0x00, 0x00, 0x00, 0x00, 0x00, 0x00, 0x00, 0x03, 0x00, 0x00, 0x00,
  0x00, 0x00, 0x00, 0x00, 0x08, 0x00, 0x00, 0x00, 0x00, 0x00, 0x00, 0x00,
  0x00, 0x00, 0x00, 0x00, 0x00, 0x00, 0x00, 0x00, 0x38, 0x00, 0x00, 0x00,
  0x0b, 0x00, 0x00, 0x00, 0x02, 0x00, 0x00, 0x00, 0x00, 0x00, 0x00, 0x00,
  0xa0, 0x02, 0x00, 0x00, 0x00, 0x00, 0x00, 0x00, 0xa0, 0x02, 0x00, 0x00,
  0x00, 0x00, 0x00, 0x00, 0x70, 0x0b, 0x00, 0x00, 0x00, 0x00, 0x00, 0x00,
  0x04, 0x00, 0x00, 0x00, 0x01, 0x00, 0x00, 0x00, 0x08, 0x00, 0x00, 0x00,
  0x00, 0x00, 0x00, 0x00, 0x18, 0x00, 0x00, 0x00, 0x00, 0x00, 0x00, 0x00,
  0x40, 0x00, 0x00, 0x00, 0x03, 0x00, 0x00, 0x00, 0x02, 0x00, 0x00, 0x00,
  0x00, 0x00, 0x00, 0x00, 0x10, 0x0e, 0x00, 0x00, 0x00, 0x00, 0x00, 0x00,
  0x10, 0x0e, 0x00, 0x00, 0x00, 0x00, 0x00, 0x00, 0xb9, 0x08, 0x00, 0x00,
  0x00, 0x00, 0x00, 0x00, 0x00, 0x00, 0x00, 0x00, 0x00, 0x00, 0x00, 0x00,
  0x01, 0x00, 0x00, 0x00, 0x00, 0x00, 0x00, 0x00, 0x00, 0x00, 0x00, 0x00,
  0x00, 0x00, 0x00, 0x00, 0x48, 0x00, 0x00, 0x00, 0xff, 0xff, 0xff, 0x6f,
  0x02, 0x00, 0x00, 0x00, 0x00, 0x00, 0x00, 0x00, 0xca, 0x16, 0x00, 0x00,
  0x00, 0x00, 0x00, 0x00, 0xca, 0x16, 0x00, 0x00, 0x00, 0x00, 0x00, 0x00,
  0xf4, 0x00, 0x00, 0x00, 0x00, 0x00, 0x00, 0x00, 0x03, 0x00, 0x00, 0x00,
  0x00, 0x00, 0x00, 0x00, 0x02, 0x00, 0x00, 0x00, 0x00, 0x00, 0x00, 0x00,
  0x02, 0x00, 0x00, 0x00, 0x00, 0x00, 0x00, 0x00, 0x55, 0x00, 0x00, 0x00,
  0xfe, 0xff, 0xff, 0x6f, 0x02, 0x00, 0x00, 0x00, 0x00, 0x00, 0x00, 0x00,
  0xc0, 0x17, 0x00, 0x00, 0x00, 0x00, 0x00, 0x00, 0xc0, 0x17, 0x00, 0x00,
  0x00, 0x00, 0x00, 0x00, 0x20, 0x00, 0x00, 0x00, 0x00, 0x00, 0x00, 0x00,
  0x04, 0x00, 0x00, 0x00, 0x01, 0x00, 0x00, 0x00, 0x08, 0x00, 0x00, 0x00,
  0x00, 0x00, 0x00, 0x00, 0x00, 0x00, 0x00, 0x00, 0x00, 0x00, 0x00, 0x00,
  0x64, 0x00, 0x00, 0x00, 0x04, 0x00, 0x00, 0x00, 0x02, 0x00, 0x00, 0x00,
  0x00, 0x00, 0x00, 0x00, 0xe0, 0x17, 0x00, 0x00, 0x00, 0x00, 0x00, 0x00,
  0xe0, 0x17, 0x00, 0x00, 0x00, 0x00, 0x00, 0x00, 0x90, 0x0f, 0x00, 0x00,
  0x00, 0x00, 0x00, 0x00, 0x03, 0x00, 0x00, 0x00, 0x00, 0x00, 0x00, 0x00,
  0x08, 0x00, 0x00, 0x00, 0x00, 0x00, 0x00, 0x00, 0x18, 0x00, 0x00, 0x00,
  0x00, 0x00, 0x00, 0x00, 0x6e, 0x00, 0x00, 0x00, 0x04, 0x00, 0x00, 0x00,
  0x42, 0x00, 0x00, 0x00, 0x00, 0x00, 0x00, 0x00, 0x70, 0x27, 0x00, 0x00,
  0x00, 0x00, 0x00, 0x00, 0x70, 0x27, 0x00, 0x00, 0x00, 0x00, 0x00, 0x00,
  0x70, 0x08, 0x00, 0x00, 0x00, 0x00, 0x00, 0x00, 0x03, 0x00, 0x00, 0x00,
  0x15, 0x00, 0x00, 0x00, 0x08, 0x00, 0x00, 0x00, 0x00, 0x00, 0x00, 0x00,
  0x18, 0x00, 0x00, 0x00, 0x00, 0x00, 0x00, 0x00, 0x78, 0x00, 0x00, 0x00,
  0x01, 0x00, 0x00, 0x00, 0x06, 0x00, 0x00, 0x00, 0x00, 0x00, 0x00, 0x00,
  0x00, 0x30, 0x00, 0x00, 0x00, 0x00, 0x00, 0x00, 0x00, 0x30, 0x00, 0x00,
  0x00, 0x00, 0x00, 0x00, 0x1a, 0x00, 0x00, 0x00, 0x00, 0x00, 0x00, 0x00,
  0x00, 0x00, 0x00, 0x00, 0x00, 0x00, 0x00, 0x00, 0x04, 0x00, 0x00, 0x00,
  0x00, 0x00, 0x00, 0x00, 0x00, 0x00, 0x00, 0x00, 0x00, 0x00, 0x00, 0x00,
  0x73, 0x00, 0x00, 0x00, 0x01, 0x00, 0x00, 0x00, 0x06, 0x00, 0x00, 0x00,
  0x00, 0x00, 0x00, 0x00, 0x20, 0x30, 0x00, 0x00, 0x00, 0x00, 0x00, 0x00,
  0x20, 0x30, 0x00, 0x00, 0x00, 0x00, 0x00, 0x00, 0xb0, 0x05, 0x00, 0x00,
  0x00, 0x00, 0x00, 0x00, 0x00, 0x00, 0x00, 0x00, 0x00, 0x00, 0x00, 0x00,
  0x10, 0x00, 0x00, 0x00, 0x00, 0x00, 0x00, 0x00, 0x10, 0x00, 0x00, 0x00,
  0x00, 0x00, 0x00, 0x00, 0x7e, 0x00, 0x00, 0x00, 0x01, 0x00, 0x00, 0x00,
  0x06, 0x00, 0x00, 0x00, 0x00, 0x00, 0x00, 0x00, 0xd0, 0x35, 0x00, 0x00,
  0x00, 0x00, 0x00, 0x00, 0xd0, 0x35, 0x00, 0x00, 0x00, 0x00, 0x00, 0x00,
  0x10, 0xab, 0x00, 0x00, 0x00, 0x00, 0x00, 0x00, 0x00, 0x00, 0x00, 0x00,
  0x00, 0x00, 0x00, 0x00, 0x10, 0x00, 0x00, 0x00, 0x00, 0x00, 0x00, 0x00,
  0x00, 0x00, 0x00, 0x00, 0x00, 0x00, 0x00, 0x00, 0x84, 0x00, 0x00, 0x00,
  0x01, 0x00, 0x00, 0x00, 0x06, 0x00, 0x00, 0x00, 0x00, 0x00, 0x00, 0x00,
  0xe0, 0xe0, 0x00, 0x00, 0x00, 0x00, 0x00, 0x00, 0xe0, 0xe0, 0x00, 0x00,
  0x00, 0x00, 0x00, 0x00, 0x09, 0x00, 0x00, 0x00, 0x00, 0x00, 0x00, 0x00,
  0x00, 0x00, 0x00, 0x00, 0x00, 0x00, 0x00, 0x00, 0x04, 0x00, 0x00, 0x00,
  0x00, 0x00, 0x00, 0x00, 0x00, 0x00, 0x00, 0x00, 0x00, 0x00, 0x00, 0x00,
  0x8a, 0x00, 0x00, 0x00, 0x01, 0x00, 0x00, 0x00, 0x02, 0x00, 0x00, 0x00,
  0x00, 0x00, 0x00, 0x00, 0x00, 0xf0, 0x00, 0x00, 0x00, 0x00, 0x00, 0x00,
  0x00, 0xf0, 0x00, 0x00, 0x00, 0x00, 0x00, 0x00, 0xb8, 0x24, 0x00, 0x00,
  0x00, 0x00, 0x00, 0x00, 0x00, 0x00, 0x00, 0x00, 0x00, 0x00, 0x00, 0x00,
  0x20, 0x00, 0x00, 0x00, 0x00, 0x00, 0x00, 0x00, 0x00, 0x00, 0x00, 0x00,
  0x00, 0x00, 0x00, 0x00, 0x92, 0x00, 0x00, 0x00, 0x01, 0x00, 0x00, 0x00,
  0x02, 0x00, 0x00, 0x00, 0x00, 0x00, 0x00, 0x00, 0xb8, 0x14, 0x01, 0x00,
  0x00, 0x00, 0x00, 0x00, 0xb8, 0x14, 0x01, 0x00, 0x00, 0x00, 0x00, 0x00,
  0x44, 0x01, 0x00, 0x00, 0x00, 0x00, 0x00, 0x00, 0x00, 0x00, 0x00, 0x00,
  0x00, 0x00, 0x00, 0x00, 0x04, 0x00, 0x00, 0x00, 0x00, 0x00, 0x00, 0x00,
  0x00, 0x00, 0x00, 0x00, 0x00, 0x00, 0x00, 0x00, 0xa0, 0x00, 0x00, 0x00,
  0x01, 0x00, 0x00, 0x00, 0x02, 0x00, 0x00, 0x00, 0x00, 0x00, 0x00, 0x00,
  0x00, 0x16, 0x01, 0x00, 0x00, 0x00, 0x00, 0x00, 0x00, 0x16, 0x01, 0x00,
  0x00, 0x00, 0x00, 0x00, 0xfc, 0x08, 0x00, 0x00, 0x00, 0x00, 0x00, 0x00,
  0x00, 0x00, 0x00, 0x00, 0x00, 0x00, 0x00, 0x00, 0x08, 0x00, 0x00, 0x00,
  0x00, 0x00, 0x00, 0x00, 0x00, 0x00, 0x00, 0x00, 0x00, 0x00, 0x00, 0x00,
  0xaa, 0x00, 0x00, 0x00, 0x0e, 0x00, 0x00, 0x00, 0x03, 0x00, 0x00, 0x00,
  0x00, 0x00, 0x00, 0x00, 0x20, 0x3d, 0x01, 0x00, 0x00, 0x00, 0x00, 0x00,
  0x20, 0x2d, 0x01, 0x00, 0x00, 0x00, 0x00, 0x00, 0x08, 0x00, 0x00, 0x00,
  0x00, 0x00, 0x00, 0x00, 0x00, 0x00, 0x00, 0x00, 0x00, 0x00, 0x00, 0x00,
  0x08, 0x00, 0x00, 0x00, 0x00, 0x00, 0x00, 0x00, 0x08, 0x00, 0x00, 0x00,
  0x00, 0x00, 0x00, 0x00, 0xb6, 0x00, 0x00, 0x00, 0x0f, 0x00, 0x00, 0x00,
  0x03, 0x00, 0x00, 0x00, 0x00, 0x00, 0x00, 0x00, 0x28, 0x3d, 0x01, 0x00,
  0x00, 0x00, 0x00, 0x00, 0x28, 0x2d, 0x01, 0x00, 0x00, 0x00, 0x00, 0x00,
  0x08, 0x00, 0x00, 0x00, 0x00, 0x00, 0x00, 0x00, 0x00, 0x00, 0x00, 0x00,
  0x00, 0x00, 0x00, 0x00, 0x08, 0x00, 0x00, 0x00, 0x00, 0x00, 0x00, 0x00,
  0x08, 0x00, 0x00, 0x00, 0x00, 0x00, 0x00, 0x00, 0xc2, 0x00, 0x00, 0x00,
  0x01, 0x00, 0x00, 0x00, 0x03, 0x00, 0x00, 0x00, 0x00, 0x00, 0x00, 0x00,
  0x30, 0x3d, 0x01, 0x00, 0x00, 0x00, 0x00, 0x00, 0x30, 0x2d, 0x01, 0x00,
  0x00, 0x00, 0x00, 0x00, 0x08, 0x00, 0x00, 0x00, 0x00, 0x00, 0x00, 0x00,
  0x00, 0x00, 0x00, 0x00, 0x00, 0x00, 0x00, 0x00, 0x08, 0x00, 0x00, 0x00,
  0x00, 0x00, 0x00, 0x00, 0x00, 0x00, 0x00, 0x00, 0x00, 0x00, 0x00, 0x00,
  0xcf, 0x00, 0x00, 0x00, 0x06, 0x00, 0x00, 0x00, 0x03, 0x00, 0x00, 0x00,
  0x00, 0x00, 0x00, 0x00, 0x38, 0x3d, 0x01, 0x00, 0x00, 0x00, 0x00, 0x00,
  0x38, 0x2d, 0x01, 0x00, 0x00, 0x00, 0x00, 0x00, 0xe0, 0x01, 0x00, 0x00,
  0x00, 0x00, 0x00, 0x00, 0x04, 0x00, 0x00, 0x00, 0x00, 0x00, 0x00, 0x00,
  0x08, 0x00, 0x00, 0x00, 0x00, 0x00, 0x00, 0x00, 0x10, 0x00, 0x00, 0x00,
  0x00, 0x00, 0x00, 0x00, 0xd8, 0x00, 0x00, 0x00, 0x01, 0x00, 0x00, 0x00,
  0x03, 0x00, 0x00, 0x00, 0x00, 0x00, 0x00, 0x00, 0x18, 0x3f, 0x01, 0x00,
  0x00, 0x00, 0x00, 0x00, 0x18, 0x2f, 0x01, 0x00, 0x00, 0x00, 0x00, 0x00,
  0xe8, 0x00, 0x00, 0x00, 0x00, 0x00, 0x00, 0x00, 0x00, 0x00, 0x00, 0x00,
  0x00, 0x00, 0x00, 0x00, 0x08, 0x00, 0x00, 0x00, 0x00, 0x00, 0x00, 0x00,
  0x08, 0x00, 0x00, 0x00, 0x00, 0x00, 0x00, 0x00, 0xdd, 0x00, 0x00, 0x00,
  0x01, 0x00, 0x00, 0x00, 0x03, 0x00, 0x00, 0x00, 0x00, 0x00, 0x00, 0x00,
  0x00, 0x40, 0x01, 0x00, 0x00, 0x00, 0x00, 0x00, 0x00, 0x30, 0x01, 0x00,
  0x00, 0x00, 0x00, 0x00, 0xe8, 0x02, 0x00, 0x00, 0x00, 0x00, 0x00, 0x00,
  0x00, 0x00, 0x00, 0x00, 0x00, 0x00, 0x00, 0x00, 0x08, 0x00, 0x00, 0x00,
  0x00, 0x00, 0x00, 0x00, 0x08, 0x00, 0x00, 0x00, 0x00, 0x00, 0x00, 0x00,
  0xe6, 0x00, 0x00, 0x00, 0x01, 0x00, 0x00, 0x00, 0x03, 0x00, 0x00, 0x00,
  0x00, 0x00, 0x00, 0x00, 0x00, 0x43, 0x01, 0x00, 0x00, 0x00, 0x00, 0x00,
  0x00, 0x33, 0x01, 0x00, 0x00, 0x00, 0x00, 0x00, 0x40, 0x13, 0x00, 0x00,
  0x00, 0x00, 0x00, 0x00, 0x00, 0x00, 0x00, 0x00, 0x00, 0x00, 0x00, 0x00,
  0x20, 0x00, 0x00, 0x00, 0x00, 0x00, 0x00, 0x00, 0x00, 0x00, 0x00, 0x00,
  0x00, 0x00, 0x00, 0x00, 0xec, 0x00, 0x00, 0x00, 0x08, 0x00, 0x00, 0x00,
  0x03, 0x00, 0x00, 0x00, 0x00, 0x00, 0x00, 0x00, 0x40, 0x56, 0x01, 0x00,
  0x00, 0x00, 0x00, 0x00, 0x40, 0x46, 0x01, 0x00, 0x00, 0x00, 0x00, 0x00,
  0xa8, 0x03, 0x00, 0x00, 0x00, 0x00, 0x00, 0x00, 0x00, 0x00, 0x00, 0x00,
  0x00, 0x00, 0x00, 0x00, 0x20, 0x00, 0x00, 0x00, 0x00, 0x00, 0x00, 0x00,
  0x00, 0x00, 0x00, 0x00, 0x00, 0x00, 0x00, 0x00, 0xf1, 0x00, 0x00, 0x00,
  0x01, 0x00, 0x00, 0x00, 0x30, 0x00, 0x00, 0x00, 0x00, 0x00, 0x00, 0x00,
  0x00, 0x00, 0x00, 0x00, 0x00, 0x00, 0x00, 0x00, 0x40, 0x46, 0x01, 0x00,
  0x00, 0x00, 0x00, 0x00, 0x2f, 0x00, 0x00, 0x00, 0x00, 0x00, 0x00, 0x00,
  0x00, 0x00, 0x00, 0x00, 0x00, 0x00, 0x00, 0x00, 0x01, 0x00, 0x00, 0x00,
  0x00, 0x00, 0x00, 0x00, 0x01, 0x00, 0x00, 0x00, 0x00, 0x00, 0x00, 0x00,
  0x01, 0x00, 0x00, 0x00, 0x02, 0x00, 0x00, 0x00, 0x00, 0x00, 0x00, 0x00,
  0x00, 0x00, 0x00, 0x00, 0x00, 0x00, 0x00, 0x00, 0x00, 0x00, 0x00, 0x00,
  0x70, 0x46, 0x01, 0x00, 0x00, 0x00, 0x00, 0x00, 0xc0, 0x21, 0x00, 0x00,
  0x00, 0x00, 0x00, 0x00, 0x1a, 0x00, 0x00, 0x00, 0xef, 0x00, 0x00, 0x00,
  0x08, 0x00, 0x00, 0x00, 0x00, 0x00, 0x00, 0x00, 0x18, 0x00, 0x00, 0x00,
  0x00, 0x00, 0x00, 0x00, 0x09, 0x00, 0x00, 0x00, 0x03, 0x00, 0x00, 0x00,
  0x00, 0x00, 0x00, 0x00, 0x00, 0x00, 0x00, 0x00, 0x00, 0x00, 0x00, 0x00,
  0x00, 0x00, 0x00, 0x00, 0x30, 0x68, 0x01, 0x00, 0x00, 0x00, 0x00, 0x00,
  0x63, 0x1c, 0x00, 0x00, 0x00, 0x00, 0x00, 0x00, 0x00, 0x00, 0x00, 0x00,
  0x00, 0x00, 0x00, 0x00, 0x01, 0x00, 0x00, 0x00, 0x00, 0x00, 0x00, 0x00,
  0x00, 0x00, 0x00, 0x00, 0x00, 0x00, 0x00, 0x00, 0x11, 0x00, 0x00, 0x00,
  0x03, 0x00, 0x00, 0x00, 0x00, 0x00, 0x00, 0x00, 0x00, 0x00, 0x00, 0x00,
  0x00, 0x00, 0x00, 0x00, 0x00, 0x00, 0x00, 0x00, 0x93, 0x84, 0x01, 0x00,
  0x00, 0x00, 0x00, 0x00, 0xfa, 0x00, 0x00, 0x00, 0x00, 0x00, 0x00, 0x00,
  0x00, 0x00, 0x00, 0x00, 0x00, 0x00, 0x00, 0x00, 0x01, 0x00, 0x00, 0x00,
  0x00, 0x00, 0x00, 0x00, 0x00, 0x00, 0x00, 0x00, 0x00, 0x00, 0x00, 0x00
};
unsigned int ___philox_cpython_311_x86_64_linux_gnu_so_len = 101520;
