unsigned char ___pocketfft_internal_cpython_311_x86_64_linux_gnu_so[] = {
  0x7f, 0x45, 0x4c, 0x46, 0x02, 0x01, 0x01, 0x00, 0x00, 0x00, 0x00, 0x00,
  0x00, 0x00, 0x00, 0x00, 0x03, 0x00, 0x3e, 0x00, 0x01, 0x00, 0x00, 0x00,
  0x70, 0x11, 0x00, 0x00, 0x00, 0x00, 0x00, 0x00, 0x40, 0x00, 0x00, 0x00,
  0x00, 0x00, 0x00, 0x00, 0x08, 0x74, 0x01, 0x00, 0x00, 0x00, 0x00, 0x00,
  0x00, 0x00, 0x00, 0x00, 0x40, 0x00, 0x38, 0x00, 0x09, 0x00, 0x40, 0x00,
  0x1c, 0x00, 0x1b, 0x00, 0x01, 0x00, 0x00, 0x00, 0x04, 0x00, 0x00, 0x00,
  0x00, 0x00, 0x00, 0x00, 0x00, 0x00, 0x00, 0x00, 0x00, 0x00, 0x00, 0x00,
  0x00, 0x00, 0x00, 0x00, 0x00, 0x00, 0x00, 0x00, 0x00, 0x00, 0x00, 0x00,
  0x20, 0x0b, 0x00, 0x00, 0x00, 0x00, 0x00, 0x00, 0x20, 0x0b, 0x00, 0x00,
  0x00, 0x00, 0x00, 0x00, 0x00, 0x10, 0x00, 0x00, 0x00, 0x00, 0x00, 0x00,
  0x01, 0x00, 0x00, 0x00, 0x05, 0x00, 0x00, 0x00, 0x00, 0x10, 0x00, 0x00,
  0x00, 0x00, 0x00, 0x00, 0x00, 0x10, 0x00, 0x00, 0x00, 0x00, 0x00, 0x00,
  0x00, 0x10, 0x00, 0x00, 0x00, 0x00, 0x00, 0x00, 0x05, 0x2a, 0x01, 0x00,
  0x00, 0x00, 0x00, 0x00, 0x05, 0x2a, 0x01, 0x00, 0x00, 0x00, 0x00, 0x00,
  0x00, 0x10, 0x00, 0x00, 0x00, 0x00, 0x00, 0x00, 0x01, 0x00, 0x00, 0x00,
  0x04, 0x00, 0x00, 0x00, 0x00, 0x40, 0x01, 0x00, 0x00, 0x00, 0x00, 0x00,
  0x00, 0x40, 0x01, 0x00, 0x00, 0x00, 0x00, 0x00, 0x00, 0x40, 0x01, 0x00,
  0x00, 0x00, 0x00, 0x00, 0x2c, 0x15, 0x00, 0x00, 0x00, 0x00, 0x00, 0x00,
  0x2c, 0x15, 0x00, 0x00, 0x00, 0x00, 0x00, 0x00, 0x00, 0x10, 0x00, 0x00,
  0x00, 0x00, 0x00, 0x00, 0x01, 0x00, 0x00, 0x00, 0x06, 0x00, 0x00, 0x00,
  0xd8, 0x5d, 0x01, 0x00, 0x00, 0x00, 0x00, 0x00, 0xd8, 0x6d, 0x01, 0x00,
  0x00, 0x00, 0x00, 0x00, 0xd8, 0x6d, 0x01, 0x00, 0x00, 0x00, 0x00, 0x00,
  0xa8, 0x03, 0x00, 0x00, 0x00, 0x00, 0x00, 0x00, 0xb8, 0x03, 0x00, 0x00,
  0x00, 0x00, 0x00, 0x00, 0x00, 0x10, 0x00, 0x00, 0x00, 0x00, 0x00, 0x00,
  0x02, 0x00, 0x00, 0x00, 0x06, 0x00, 0x00, 0x00, 0xf0, 0x5d, 0x01, 0x00,
  0x00, 0x00, 0x00, 0x00, 0xf0, 0x6d, 0x01, 0x00, 0x00, 0x00, 0x00, 0x00,
  0xf0, 0x6d, 0x01, 0x00, 0x00, 0x00, 0x00, 0x00, 0xd0, 0x01, 0x00, 0x00,
  0x00, 0x00, 0x00, 0x00, 0xd0, 0x01, 0x00, 0x00, 0x00, 0x00, 0x00, 0x00,
  0x08, 0x00, 0x00, 0x00, 0x00, 0x00, 0x00, 0x00, 0x04, 0x00, 0x00, 0x00,
  0x04, 0x00, 0x00, 0x00, 0x38, 0x02, 0x00, 0x00, 0x00, 0x00, 0x00, 0x00,
  0x38, 0x02, 0x00, 0x00, 0x00, 0x00, 0x00, 0x00, 0x38, 0x02, 0x00, 0x00,
  0x00, 0x00, 0x00, 0x00, 0x24, 0x00, 0x00, 0x00, 0x00, 0x00, 0x00, 0x00,
  0x24, 0x00, 0x00, 0x00, 0x00, 0x00, 0x00, 0x00, 0x04, 0x00, 0x00, 0x00,
  0x00, 0x00, 0x00, 0x00, 0x50, 0xe5, 0x74, 0x64, 0x04, 0x00, 0x00, 0x00,
  0xe8, 0x45, 0x01, 0x00, 0x00, 0x00, 0x00, 0x00, 0xe8, 0x45, 0x01, 0x00,
  0x00, 0x00, 0x00, 0x00, 0xe8, 0x45, 0x01, 0x00, 0x00, 0x00, 0x00, 0x00,
  0xac, 0x01, 0x00, 0x00, 0x00, 0x00, 0x00, 0x00, 0xac, 0x01, 0x00, 0x00,
  0x00, 0x00, 0x00, 0x00, 0x04, 0x00, 0x00, 0x00, 0x00, 0x00, 0x00, 0x00,
  0x51, 0xe5, 0x74, 0x64, 0x06, 0x00, 0x00, 0x00, 0x00, 0x00, 0x00, 0x00,
  0x00, 0x00, 0x00, 0x00, 0x00, 0x00, 0x00, 0x00, 0x00, 0x00, 0x00, 0x00,
  0x00, 0x00, 0x00, 0x00, 0x00, 0x00, 0x00, 0x00, 0x00, 0x00, 0x00, 0x00,
  0x00, 0x00, 0x00, 0x00, 0x00, 0x00, 0x00, 0x00, 0x00, 0x00, 0x00, 0x00,
  0x10, 0x00, 0x00, 0x00, 0x00, 0x00, 0x00, 0x00, 0x52, 0xe5, 0x74, 0x64,
  0x04, 0x00, 0x00, 0x00, 0xd8, 0x5d, 0x01, 0x00, 0x00, 0x00, 0x00, 0x00,
  0xd8, 0x6d, 0x01, 0x00, 0x00, 0x00, 0x00, 0x00, 0xd8, 0x6d, 0x01, 0x00,
  0x00, 0x00, 0x00, 0x00, 0x28, 0x02, 0x00, 0x00, 0x00, 0x00, 0x00, 0x00,
  0x28, 0x02, 0x00, 0x00, 0x00, 0x00, 0x00, 0x00, 0x01, 0x00, 0x00, 0x00,
  0x00, 0x00, 0x00, 0x00, 0x04, 0x00, 0x00, 0x00, 0x14, 0x00, 0x00, 0x00,
  0x03, 0x00, 0x00, 0x00, 0x47, 0x4e, 0x55, 0x00, 0x71, 0x78, 0xa5, 0x9d,
  0x0f, 0x32, 0x4e, 0xe7, 0x70, 0x27, 0x7f, 0x2f, 0xd4, 0x13, 0x44, 0x53,
  0x74, 0x3f, 0x84, 0x5e, 0x00, 0x00, 0x00, 0x00, 0x03, 0x00, 0x00, 0x00,
  0x1b, 0x00, 0x00, 0x00, 0x01, 0x00, 0x00, 0x00, 0x06, 0x00, 0x00, 0x00,
  0x04, 0x82, 0x00, 0x00, 0x00, 0x04, 0x40, 0x01, 0x1b, 0x00, 0x00, 0x00,
  0x1c, 0x00, 0x00, 0x00, 0x1d, 0x00, 0x00, 0x00, 0x43, 0xe2, 0xb3, 0x78,
  0xb9, 0x8d, 0xf1, 0x0e, 0xeb, 0xd3, 0xef, 0x0e, 0x00, 0x00, 0x00, 0x00,
  0x00, 0x00, 0x00, 0x00, 0x00, 0x00, 0x00, 0x00, 0x00, 0x00, 0x00, 0x00,
  0x00, 0x00, 0x00, 0x00, 0x00, 0x00, 0x00, 0x00, 0x6f, 0x00, 0x00, 0x00,
  0x12, 0x00, 0x00, 0x00, 0x00, 0x00, 0x00, 0x00, 0x00, 0x00, 0x00, 0x00,
  0x00, 0x00, 0x00, 0x00, 0x00, 0x00, 0x00, 0x00, 0x1c, 0x00, 0x00, 0x00,
  0x20, 0x00, 0x00, 0x00, 0x00, 0x00, 0x00, 0x00, 0x00, 0x00, 0x00, 0x00,
  0x00, 0x00, 0x00, 0x00, 0x00, 0x00, 0x00, 0x00, 0xae, 0x00, 0x00, 0x00,
  0x10, 0x00, 0x00, 0x00, 0x00, 0x00, 0x00, 0x00, 0x00, 0x00, 0x00, 0x00,
  0x00, 0x00, 0x00, 0x00, 0x00, 0x00, 0x00, 0x00, 0x20, 0x01, 0x00, 0x00,
  0x10, 0x00, 0x00, 0x00, 0x00, 0x00, 0x00, 0x00, 0x00, 0x00, 0x00, 0x00,
  0x00, 0x00, 0x00, 0x00, 0x00, 0x00, 0x00, 0x00, 0xc3, 0x00, 0x00, 0x00,
  0x10, 0x00, 0x00, 0x00, 0x00, 0x00, 0x00, 0x00, 0x00, 0x00, 0x00, 0x00,
  0x00, 0x00, 0x00, 0x00, 0x00, 0x00, 0x00, 0x00, 0xcf, 0x00, 0x00, 0x00,
  0x10, 0x00, 0x00, 0x00, 0x00, 0x00, 0x00, 0x00, 0x00, 0x00, 0x00, 0x00,
  0x00, 0x00, 0x00, 0x00, 0x00, 0x00, 0x00, 0x00, 0x5b, 0x01, 0x00, 0x00,
  0x10, 0x00, 0x00, 0x00, 0x00, 0x00, 0x00, 0x00, 0x00, 0x00, 0x00, 0x00,
  0x00, 0x00, 0x00, 0x00, 0x00, 0x00, 0x00, 0x00, 0x99, 0x01, 0x00, 0x00,
  0x10, 0x00, 0x00, 0x00, 0x00, 0x00, 0x00, 0x00, 0x00, 0x00, 0x00, 0x00,
  0x00, 0x00, 0x00, 0x00, 0x00, 0x00, 0x00, 0x00, 0x7b, 0x01, 0x00, 0x00,
  0x10, 0x00, 0x00, 0x00, 0x00, 0x00, 0x00, 0x00, 0x00, 0x00, 0x00, 0x00,
  0x00, 0x00, 0x00, 0x00, 0x00, 0x00, 0x00, 0x00, 0x7d, 0x00, 0x00, 0x00,
  0x12, 0x00, 0x00, 0x00, 0x00, 0x00, 0x00, 0x00, 0x00, 0x00, 0x00, 0x00,
  0x00, 0x00, 0x00, 0x00, 0x00, 0x00, 0x00, 0x00, 0x01, 0x00, 0x00, 0x00,
  0x20, 0x00, 0x00, 0x00, 0x00, 0x00, 0x00, 0x00, 0x00, 0x00, 0x00, 0x00,
  0x00, 0x00, 0x00, 0x00, 0x00, 0x00, 0x00, 0x00, 0x61, 0x00, 0x00, 0x00,
  0x12, 0x00, 0x00, 0x00, 0x00, 0x00, 0x00, 0x00, 0x00, 0x00, 0x00, 0x00,
  0x00, 0x00, 0x00, 0x00, 0x00, 0x00, 0x00, 0x00, 0xf9, 0x00, 0x00, 0x00,
  0x10, 0x00, 0x00, 0x00, 0x00, 0x00, 0x00, 0x00, 0x00, 0x00, 0x00, 0x00,
  0x00, 0x00, 0x00, 0x00, 0x00, 0x00, 0x00, 0x00, 0x0a, 0x01, 0x00, 0x00,
  0x10, 0x00, 0x00, 0x00, 0x00, 0x00, 0x00, 0x00, 0x00, 0x00, 0x00, 0x00,
  0x00, 0x00, 0x00, 0x00, 0x00, 0x00, 0x00, 0x00, 0x68, 0x00, 0x00, 0x00,
  0x12, 0x00, 0x00, 0x00, 0x00, 0x00, 0x00, 0x00, 0x00, 0x00, 0x00, 0x00,
  0x00, 0x00, 0x00, 0x00, 0x00, 0x00, 0x00, 0x00, 0x84, 0x00, 0x00, 0x00,
  0x10, 0x00, 0x00, 0x00, 0x00, 0x00, 0x00, 0x00, 0x00, 0x00, 0x00, 0x00,
  0x00, 0x00, 0x00, 0x00, 0x00, 0x00, 0x00, 0x00, 0x37, 0x01, 0x00, 0x00,
  0x10, 0x00, 0x00, 0x00, 0x00, 0x00, 0x00, 0x00, 0x00, 0x00, 0x00, 0x00,
  0x00, 0x00, 0x00, 0x00, 0x00, 0x00, 0x00, 0x00, 0x79, 0x00, 0x00, 0x00,
  0x10, 0x00, 0x00, 0x00, 0x00, 0x00, 0x00, 0x00, 0x00, 0x00, 0x00, 0x00,
  0x00, 0x00, 0x00, 0x00, 0x00, 0x00, 0x00, 0x00, 0x9c, 0x00, 0x00, 0x00,
  0x10, 0x00, 0x00, 0x00, 0x00, 0x00, 0x00, 0x00, 0x00, 0x00, 0x00, 0x00,
  0x00, 0x00, 0x00, 0x00, 0x00, 0x00, 0x00, 0x00, 0x87, 0x01, 0x00, 0x00,
  0x10, 0x00, 0x00, 0x00, 0x00, 0x00, 0x00, 0x00, 0x00, 0x00, 0x00, 0x00,
  0x00, 0x00, 0x00, 0x00, 0x00, 0x00, 0x00, 0x00, 0xa9, 0x01, 0x00, 0x00,
  0x10, 0x00, 0x00, 0x00, 0x00, 0x00, 0x00, 0x00, 0x00, 0x00, 0x00, 0x00,
  0x00, 0x00, 0x00, 0x00, 0x00, 0x00, 0x00, 0x00, 0x74, 0x00, 0x00, 0x00,
  0x10, 0x00, 0x00, 0x00, 0x00, 0x00, 0x00, 0x00, 0x00, 0x00, 0x00, 0x00,
  0x00, 0x00, 0x00, 0x00, 0x00, 0x00, 0x00, 0x00, 0x6e, 0x01, 0x00, 0x00,
  0x10, 0x00, 0x00, 0x00, 0x00, 0x00, 0x00, 0x00, 0x00, 0x00, 0x00, 0x00,
  0x00, 0x00, 0x00, 0x00, 0x00, 0x00, 0x00, 0x00, 0x46, 0x01, 0x00, 0x00,
  0x10, 0x00, 0x00, 0x00, 0x00, 0x00, 0x00, 0x00, 0x00, 0x00, 0x00, 0x00,
  0x00, 0x00, 0x00, 0x00, 0x00, 0x00, 0x00, 0x00, 0x38, 0x00, 0x00, 0x00,
  0x20, 0x00, 0x00, 0x00, 0x00, 0x00, 0x00, 0x00, 0x00, 0x00, 0x00, 0x00,
  0x00, 0x00, 0x00, 0x00, 0x00, 0x00, 0x00, 0x00, 0x52, 0x00, 0x00, 0x00,
  0x22, 0x00, 0x00, 0x00, 0x00, 0x00, 0x00, 0x00, 0x00, 0x00, 0x00, 0x00,
  0x00, 0x00, 0x00, 0x00, 0x00, 0x00, 0x00, 0x00, 0xde, 0x00, 0x00, 0x00,
  0x12, 0x00, 0x0b, 0x00, 0xf0, 0x37, 0x01, 0x00, 0x00, 0x00, 0x00, 0x00,
  0x0a, 0x02, 0x00, 0x00, 0x00, 0x00, 0x00, 0x00, 0x10, 0x00, 0x00, 0x00,
  0x12, 0x00, 0x09, 0x00, 0x00, 0x10, 0x00, 0x00, 0x00, 0x00, 0x00, 0x00,
  0x00, 0x00, 0x00, 0x00, 0x00, 0x00, 0x00, 0x00, 0x16, 0x00, 0x00, 0x00,
  0x12, 0x00, 0x0c, 0x00, 0xfc, 0x39, 0x01, 0x00, 0x00, 0x00, 0x00, 0x00,
  0x00, 0x00, 0x00, 0x00, 0x00, 0x00, 0x00, 0x00, 0x00, 0x5f, 0x5f, 0x67,
  0x6d, 0x6f, 0x6e, 0x5f, 0x73, 0x74, 0x61, 0x72, 0x74, 0x5f, 0x5f, 0x00,
  0x5f, 0x69, 0x6e, 0x69, 0x74, 0x00, 0x5f, 0x66, 0x69, 0x6e, 0x69, 0x00,
  0x5f, 0x49, 0x54, 0x4d, 0x5f, 0x64, 0x65, 0x72, 0x65, 0x67, 0x69, 0x73,
  0x74, 0x65, 0x72, 0x54, 0x4d, 0x43, 0x6c, 0x6f, 0x6e, 0x65, 0x54, 0x61,
  0x62, 0x6c, 0x65, 0x00, 0x5f, 0x49, 0x54, 0x4d, 0x5f, 0x72, 0x65, 0x67,
  0x69, 0x73, 0x74, 0x65, 0x72, 0x54, 0x4d, 0x43, 0x6c, 0x6f, 0x6e, 0x65,
  0x54, 0x61, 0x62, 0x6c, 0x65, 0x00, 0x5f, 0x5f, 0x63, 0x78, 0x61, 0x5f,
  0x66, 0x69, 0x6e, 0x61, 0x6c, 0x69, 0x7a, 0x65, 0x00, 0x6d, 0x65, 0x6d,
  0x63, 0x70, 0x79, 0x00, 0x6d, 0x61, 0x6c, 0x6c, 0x6f, 0x63, 0x00, 0x66,
  0x72, 0x65, 0x65, 0x00, 0x73, 0x71, 0x72, 0x74, 0x00, 0x66, 0x6d, 0x61,
  0x00, 0x6d, 0x65, 0x6d, 0x73, 0x65, 0x74, 0x00, 0x5f, 0x50, 0x79, 0x41,
  0x72, 0x67, 0x5f, 0x50, 0x61, 0x72, 0x73, 0x65, 0x54, 0x75, 0x70, 0x6c,
  0x65, 0x5f, 0x53, 0x69, 0x7a, 0x65, 0x54, 0x00, 0x50, 0x79, 0x45, 0x76,
  0x61, 0x6c, 0x5f, 0x53, 0x61, 0x76, 0x65, 0x54, 0x68, 0x72, 0x65, 0x61,
  0x64, 0x00, 0x50, 0x79, 0x45, 0x76, 0x61, 0x6c, 0x5f, 0x52, 0x65, 0x73,
  0x74, 0x6f, 0x72, 0x65, 0x54, 0x68, 0x72, 0x65, 0x61, 0x64, 0x00, 0x5f,
  0x50, 0x79, 0x5f, 0x44, 0x65, 0x61, 0x6c, 0x6c, 0x6f, 0x63, 0x00, 0x50,
  0x79, 0x45, 0x72, 0x72, 0x5f, 0x4e, 0x6f, 0x4d, 0x65, 0x6d, 0x6f, 0x72,
  0x79, 0x00, 0x50, 0x79, 0x49, 0x6e, 0x69, 0x74, 0x5f, 0x5f, 0x70, 0x6f,
  0x63, 0x6b, 0x65, 0x74, 0x66, 0x66, 0x74, 0x5f, 0x69, 0x6e, 0x74, 0x65,
  0x72, 0x6e, 0x61, 0x6c, 0x00, 0x50, 0x79, 0x4d, 0x6f, 0x64, 0x75, 0x6c,
  0x65, 0x5f, 0x43, 0x72, 0x65, 0x61, 0x74, 0x65, 0x32, 0x00, 0x50, 0x79,
  0x49, 0x6d, 0x70, 0x6f, 0x72, 0x74, 0x5f, 0x49, 0x6d, 0x70, 0x6f, 0x72,
  0x74, 0x4d, 0x6f, 0x64, 0x75, 0x6c, 0x65, 0x00, 0x50, 0x79, 0x4f, 0x62,
  0x6a, 0x65, 0x63, 0x74, 0x5f, 0x47, 0x65, 0x74, 0x41, 0x74, 0x74, 0x72,
  0x53, 0x74, 0x72, 0x69, 0x6e, 0x67, 0x00, 0x50, 0x79, 0x43, 0x61, 0x70,
  0x73, 0x75, 0x6c, 0x65, 0x5f, 0x54, 0x79, 0x70, 0x65, 0x00, 0x50, 0x79,
  0x43, 0x61, 0x70, 0x73, 0x75, 0x6c, 0x65, 0x5f, 0x47, 0x65, 0x74, 0x50,
  0x6f, 0x69, 0x6e, 0x74, 0x65, 0x72, 0x00, 0x50, 0x79, 0x45, 0x78, 0x63,
  0x5f, 0x52, 0x75, 0x6e, 0x74, 0x69, 0x6d, 0x65, 0x45, 0x72, 0x72, 0x6f,
  0x72, 0x00, 0x50, 0x79, 0x45, 0x72, 0x72, 0x5f, 0x46, 0x6f, 0x72, 0x6d,
  0x61, 0x74, 0x00, 0x50, 0x79, 0x45, 0x72, 0x72, 0x5f, 0x50, 0x72, 0x69,
  0x6e, 0x74, 0x00, 0x50, 0x79, 0x45, 0x78, 0x63, 0x5f, 0x49, 0x6d, 0x70,
  0x6f, 0x72, 0x74, 0x45, 0x72, 0x72, 0x6f, 0x72, 0x00, 0x50, 0x79, 0x45,
  0x72, 0x72, 0x5f, 0x53, 0x65, 0x74, 0x53, 0x74, 0x72, 0x69, 0x6e, 0x67,
  0x00, 0x50, 0x79, 0x45, 0x78, 0x63, 0x5f, 0x41, 0x74, 0x74, 0x72, 0x69,
  0x62, 0x75, 0x74, 0x65, 0x45, 0x72, 0x72, 0x6f, 0x72, 0x00, 0x6c, 0x69,
  0x62, 0x70, 0x74, 0x68, 0x72, 0x65, 0x61, 0x64, 0x2e, 0x73, 0x6f, 0x2e,
  0x30, 0x00, 0x6c, 0x69, 0x62, 0x63, 0x2e, 0x73, 0x6f, 0x2e, 0x36, 0x00,
  0x47, 0x4c, 0x49, 0x42, 0x43, 0x5f, 0x32, 0x2e, 0x31, 0x34, 0x00, 0x47,
  0x4c, 0x49, 0x42, 0x43, 0x5f, 0x32, 0x2e, 0x32, 0x2e, 0x35, 0x00, 0x00,
  0x00, 0x00, 0x02, 0x00, 0x00, 0x00, 0x00, 0x00, 0x00, 0x00, 0x00, 0x00,
  0x00, 0x00, 0x00, 0x00, 0x00, 0x00, 0x00, 0x00, 0x02, 0x00, 0x00, 0x00,
  0x03, 0x00, 0x00, 0x00, 0x00, 0x00, 0x02, 0x00, 0x00, 0x00, 0x00, 0x00,
  0x00, 0x00, 0x00, 0x00, 0x00, 0x00, 0x00, 0x00, 0x00, 0x00, 0x00, 0x00,
  0x00, 0x00, 0x00, 0x00, 0x02, 0x00, 0x01, 0x00, 0x01, 0x00, 0x01, 0x00,
  0x00, 0x00, 0x00, 0x00, 0x01, 0x00, 0x02, 0x00, 0xce, 0x01, 0x00, 0x00,
  0x10, 0x00, 0x00, 0x00, 0x00, 0x00, 0x00, 0x00, 0x94, 0x91, 0x96, 0x06,
  0x00, 0x00, 0x03, 0x00, 0xd8, 0x01, 0x00, 0x00, 0x10, 0x00, 0x00, 0x00,
  0x75, 0x1a, 0x69, 0x09, 0x00, 0x00, 0x02, 0x00, 0xe3, 0x01, 0x00, 0x00,
  0x00, 0x00, 0x00, 0x00, 0xd8, 0x6d, 0x01, 0x00, 0x00, 0x00, 0x00, 0x00,
  0x08, 0x00, 0x00, 0x00, 0x00, 0x00, 0x00, 0x00, 0x20, 0x12, 0x00, 0x00,
  0x00, 0x00, 0x00, 0x00, 0xe0, 0x6d, 0x01, 0x00, 0x00, 0x00, 0x00, 0x00,
  0x08, 0x00, 0x00, 0x00, 0x00, 0x00, 0x00, 0x00, 0xe0, 0x11, 0x00, 0x00,
  0x00, 0x00, 0x00, 0x00, 0xe8, 0x6d, 0x01, 0x00, 0x00, 0x00, 0x00, 0x00,
  0x08, 0x00, 0x00, 0x00, 0x00, 0x00, 0x00, 0x00, 0xe8, 0x6d, 0x01, 0x00,
  0x00, 0x00, 0x00, 0x00, 0xe8, 0x70, 0x01, 0x00, 0x00, 0x00, 0x00, 0x00,
  0x08, 0x00, 0x00, 0x00, 0x00, 0x00, 0x00, 0x00, 0x65, 0x40, 0x01, 0x00,
  0x00, 0x00, 0x00, 0x00, 0x00, 0x71, 0x01, 0x00, 0x00, 0x00, 0x00, 0x00,
  0x08, 0x00, 0x00, 0x00, 0x00, 0x00, 0x00, 0x00, 0x40, 0x71, 0x01, 0x00,
  0x00, 0x00, 0x00, 0x00, 0x40, 0x71, 0x01, 0x00, 0x00, 0x00, 0x00, 0x00,
  0x08, 0x00, 0x00, 0x00, 0x00, 0x00, 0x00, 0x00, 0x05, 0x40, 0x01, 0x00,
  0x00, 0x00, 0x00, 0x00, 0x48, 0x71, 0x01, 0x00, 0x00, 0x00, 0x00, 0x00,
  0x08, 0x00, 0x00, 0x00, 0x00, 0x00, 0x00, 0x00, 0x60, 0x23, 0x01, 0x00,
  0x00, 0x00, 0x00, 0x00, 0x58, 0x71, 0x01, 0x00, 0x00, 0x00, 0x00, 0x00,
  0x08, 0x00, 0x00, 0x00, 0x00, 0x00, 0x00, 0x00, 0xcf, 0x42, 0x01, 0x00,
  0x00, 0x00, 0x00, 0x00, 0xc0, 0x6f, 0x01, 0x00, 0x00, 0x00, 0x00, 0x00,
  0x06, 0x00, 0x00, 0x00, 0x02, 0x00, 0x00, 0x00, 0x00, 0x00, 0x00, 0x00,
  0x00, 0x00, 0x00, 0x00, 0xc8, 0x6f, 0x01, 0x00, 0x00, 0x00, 0x00, 0x00,
  0x06, 0x00, 0x00, 0x00, 0x07, 0x00, 0x00, 0x00, 0x00, 0x00, 0x00, 0x00,
  0x00, 0x00, 0x00, 0x00, 0xd0, 0x6f, 0x01, 0x00, 0x00, 0x00, 0x00, 0x00,
  0x06, 0x00, 0x00, 0x00, 0x0b, 0x00, 0x00, 0x00, 0x00, 0x00, 0x00, 0x00,
  0x00, 0x00, 0x00, 0x00, 0xd8, 0x6f, 0x01, 0x00, 0x00, 0x00, 0x00, 0x00,
  0x06, 0x00, 0x00, 0x00, 0x11, 0x00, 0x00, 0x00, 0x00, 0x00, 0x00, 0x00,
  0x00, 0x00, 0x00, 0x00, 0xe0, 0x6f, 0x01, 0x00, 0x00, 0x00, 0x00, 0x00,
  0x06, 0x00, 0x00, 0x00, 0x14, 0x00, 0x00, 0x00, 0x00, 0x00, 0x00, 0x00,
  0x00, 0x00, 0x00, 0x00, 0xe8, 0x6f, 0x01, 0x00, 0x00, 0x00, 0x00, 0x00,
  0x06, 0x00, 0x00, 0x00, 0x15, 0x00, 0x00, 0x00, 0x00, 0x00, 0x00, 0x00,
  0x00, 0x00, 0x00, 0x00, 0xf0, 0x6f, 0x01, 0x00, 0x00, 0x00, 0x00, 0x00,
  0x06, 0x00, 0x00, 0x00, 0x19, 0x00, 0x00, 0x00, 0x00, 0x00, 0x00, 0x00,
  0x00, 0x00, 0x00, 0x00, 0xf8, 0x6f, 0x01, 0x00, 0x00, 0x00, 0x00, 0x00,
  0x06, 0x00, 0x00, 0x00, 0x1a, 0x00, 0x00, 0x00, 0x00, 0x00, 0x00, 0x00,
  0x00, 0x00, 0x00, 0x00, 0x18, 0x70, 0x01, 0x00, 0x00, 0x00, 0x00, 0x00,
  0x07, 0x00, 0x00, 0x00, 0x01, 0x00, 0x00, 0x00, 0x00, 0x00, 0x00, 0x00,
  0x00, 0x00, 0x00, 0x00, 0x20, 0x70, 0x01, 0x00, 0x00, 0x00, 0x00, 0x00,
  0x07, 0x00, 0x00, 0x00, 0x03, 0x00, 0x00, 0x00, 0x00, 0x00, 0x00, 0x00,
  0x00, 0x00, 0x00, 0x00, 0x28, 0x70, 0x01, 0x00, 0x00, 0x00, 0x00, 0x00,
  0x07, 0x00, 0x00, 0x00, 0x04, 0x00, 0x00, 0x00, 0x00, 0x00, 0x00, 0x00,
  0x00, 0x00, 0x00, 0x00, 0x30, 0x70, 0x01, 0x00, 0x00, 0x00, 0x00, 0x00,
  0x07, 0x00, 0x00, 0x00, 0x05, 0x00, 0x00, 0x00, 0x00, 0x00, 0x00, 0x00,
  0x00, 0x00, 0x00, 0x00, 0x38, 0x70, 0x01, 0x00, 0x00, 0x00, 0x00, 0x00,
  0x07, 0x00, 0x00, 0x00, 0x06, 0x00, 0x00, 0x00, 0x00, 0x00, 0x00, 0x00,
  0x00, 0x00, 0x00, 0x00, 0x40, 0x70, 0x01, 0x00, 0x00, 0x00, 0x00, 0x00,
  0x07, 0x00, 0x00, 0x00, 0x08, 0x00, 0x00, 0x00, 0x00, 0x00, 0x00, 0x00,
  0x00, 0x00, 0x00, 0x00, 0x48, 0x70, 0x01, 0x00, 0x00, 0x00, 0x00, 0x00,
  0x07, 0x00, 0x00, 0x00, 0x09, 0x00, 0x00, 0x00, 0x00, 0x00, 0x00, 0x00,
  0x00, 0x00, 0x00, 0x00, 0x50, 0x70, 0x01, 0x00, 0x00, 0x00, 0x00, 0x00,
  0x07, 0x00, 0x00, 0x00, 0x0a, 0x00, 0x00, 0x00, 0x00, 0x00, 0x00, 0x00,
  0x00, 0x00, 0x00, 0x00, 0x58, 0x70, 0x01, 0x00, 0x00, 0x00, 0x00, 0x00,
  0x07, 0x00, 0x00, 0x00, 0x0b, 0x00, 0x00, 0x00, 0x00, 0x00, 0x00, 0x00,
  0x00, 0x00, 0x00, 0x00, 0x60, 0x70, 0x01, 0x00, 0x00, 0x00, 0x00, 0x00,
  0x07, 0x00, 0x00, 0x00, 0x0c, 0x00, 0x00, 0x00, 0x00, 0x00, 0x00, 0x00,
  0x00, 0x00, 0x00, 0x00, 0x68, 0x70, 0x01, 0x00, 0x00, 0x00, 0x00, 0x00,
  0x07, 0x00, 0x00, 0x00, 0x0d, 0x00, 0x00, 0x00, 0x00, 0x00, 0x00, 0x00,
  0x00, 0x00, 0x00, 0x00, 0x70, 0x70, 0x01, 0x00, 0x00, 0x00, 0x00, 0x00,
  0x07, 0x00, 0x00, 0x00, 0x0e, 0x00, 0x00, 0x00, 0x00, 0x00, 0x00, 0x00,
  0x00, 0x00, 0x00, 0x00, 0x78, 0x70, 0x01, 0x00, 0x00, 0x00, 0x00, 0x00,
  0x07, 0x00, 0x00, 0x00, 0x0f, 0x00, 0x00, 0x00, 0x00, 0x00, 0x00, 0x00,
  0x00, 0x00, 0x00, 0x00, 0x80, 0x70, 0x01, 0x00, 0x00, 0x00, 0x00, 0x00,
  0x07, 0x00, 0x00, 0x00, 0x10, 0x00, 0x00, 0x00, 0x00, 0x00, 0x00, 0x00,
  0x00, 0x00, 0x00, 0x00, 0x88, 0x70, 0x01, 0x00, 0x00, 0x00, 0x00, 0x00,
  0x07, 0x00, 0x00, 0x00, 0x12, 0x00, 0x00, 0x00, 0x00, 0x00, 0x00, 0x00,
  0x00, 0x00, 0x00, 0x00, 0x90, 0x70, 0x01, 0x00, 0x00, 0x00, 0x00, 0x00,
  0x07, 0x00, 0x00, 0x00, 0x13, 0x00, 0x00, 0x00, 0x00, 0x00, 0x00, 0x00,
  0x00, 0x00, 0x00, 0x00, 0x98, 0x70, 0x01, 0x00, 0x00, 0x00, 0x00, 0x00,
  0x07, 0x00, 0x00, 0x00, 0x16, 0x00, 0x00, 0x00, 0x00, 0x00, 0x00, 0x00,
  0x00, 0x00, 0x00, 0x00, 0xa0, 0x70, 0x01, 0x00, 0x00, 0x00, 0x00, 0x00,
  0x07, 0x00, 0x00, 0x00, 0x17, 0x00, 0x00, 0x00, 0x00, 0x00, 0x00, 0x00,
  0x00, 0x00, 0x00, 0x00, 0xa8, 0x70, 0x01, 0x00, 0x00, 0x00, 0x00, 0x00,
  0x07, 0x00, 0x00, 0x00, 0x18, 0x00, 0x00, 0x00, 0x00, 0x00, 0x00, 0x00,
  0x00, 0x00, 0x00, 0x00, 0xb0, 0x70, 0x01, 0x00, 0x00, 0x00, 0x00, 0x00,
  0x07, 0x00, 0x00, 0x00, 0x1a, 0x00, 0x00, 0x00, 0x00, 0x00, 0x00, 0x00,
  0x00, 0x00, 0x00, 0x00, 0x00, 0x00, 0x00, 0x00, 0x00, 0x00, 0x00, 0x00,
  0x00, 0x00, 0x00, 0x00, 0x00, 0x00, 0x00, 0x00, 0x00, 0x00, 0x00, 0x00,
  0x00, 0x00, 0x00, 0x00, 0x00, 0x00, 0x00, 0x00, 0x00, 0x00, 0x00, 0x00,
  0x00, 0x00, 0x00, 0x00, 0x00, 0x00, 0x00, 0x00, 0x00, 0x00, 0x00, 0x00,
  0x00, 0x00, 0x00, 0x00, 0x00, 0x00, 0x00, 0x00, 0x00, 0x00, 0x00, 0x00,
  0x00, 0x00, 0x00, 0x00, 0x00, 0x00, 0x00, 0x00, 0x00, 0x00, 0x00, 0x00,
  0x00, 0x00, 0x00, 0x00, 0x00, 0x00, 0x00, 0x00, 0x00, 0x00, 0x00, 0x00,
  0x00, 0x00, 0x00, 0x00, 0x00, 0x00, 0x00, 0x00, 0x00, 0x00, 0x00, 0x00,
  0x00, 0x00, 0x00, 0x00, 0x00, 0x00, 0x00, 0x00, 0x00, 0x00, 0x00, 0x00,
  0x00, 0x00, 0x00, 0x00, 0x00, 0x00, 0x00, 0x00, 0x00, 0x00, 0x00, 0x00,
  0x00, 0x00, 0x00, 0x00, 0x00, 0x00, 0x00, 0x00, 0x00, 0x00, 0x00, 0x00,
  0x00, 0x00, 0x00, 0x00, 0x00, 0x00, 0x00, 0x00, 0x00, 0x00, 0x00, 0x00,
  0x00, 0x00, 0x00, 0x00, 0x00, 0x00, 0x00, 0x00, 0x00, 0x00, 0x00, 0x00,
  0x00, 0x00, 0x00, 0x00, 0x00, 0x00, 0x00, 0x00, 0x00, 0x00, 0x00, 0x00,
  0x00, 0x00, 0x00, 0x00, 0x00, 0x00, 0x00, 0x00, 0x00, 0x00, 0x00, 0x00,
  0x00, 0x00, 0x00, 0x00, 0x00, 0x00, 0x00, 0x00, 0x00, 0x00, 0x00, 0x00,
  0x00, 0x00, 0x00, 0x00, 0x00, 0x00, 0x00, 0x00, 0x00, 0x00, 0x00, 0x00,
  0x00, 0x00, 0x00, 0x00, 0x00, 0x00, 0x00, 0x00, 0x00, 0x00, 0x00, 0x00,
  0x00, 0x00, 0x00, 0x00, 0x00, 0x00, 0x00, 0x00, 0x00, 0x00, 0x00, 0x00,
  0x00, 0x00, 0x00, 0x00, 0x00, 0x00, 0x00, 0x00, 0x00, 0x00, 0x00, 0x00,
  0x00, 0x00, 0x00, 0x00, 0x00, 0x00, 0x00, 0x00, 0x00, 0x00, 0x00, 0x00,
  0x00, 0x00, 0x00, 0x00, 0x00, 0x00, 0x00, 0x00, 0x00, 0x00, 0x00, 0x00,
  0x00, 0x00, 0x00, 0x00, 0x00, 0x00, 0x00, 0x00, 0x00, 0x00, 0x00, 0x00,
  0x00, 0x00, 0x00, 0x00, 0x00, 0x00, 0x00, 0x00, 0x00, 0x00, 0x00, 0x00,
  0x00, 0x00, 0x00, 0x00, 0x00, 0x00, 0x00, 0x00, 0x00, 0x00, 0x00, 0x00,
  0x00, 0x00, 0x00, 0x00, 0x00, 0x00, 0x00, 0x00, 0x00, 0x00, 0x00, 0x00,
  0x00, 0x00, 0x00, 0x00, 0x00, 0x00, 0x00, 0x00, 0x00, 0x00, 0x00, 0x00,
  0x00, 0x00, 0x00, 0x00, 0x00, 0x00, 0x00, 0x00, 0x00, 0x00, 0x00, 0x00,
  0x00, 0x00, 0x00, 0x00, 0x00, 0x00, 0x00, 0x00, 0x00, 0x00, 0x00, 0x00,
  0x00, 0x00, 0x00, 0x00, 0x00, 0x00, 0x00, 0x00, 0x00, 0x00, 0x00, 0x00,
  0x00, 0x00, 0x00, 0x00, 0x00, 0x00, 0x00, 0x00, 0x00, 0x00, 0x00, 0x00,
  0x00, 0x00, 0x00, 0x00, 0x00, 0x00, 0x00, 0x00, 0x00, 0x00, 0x00, 0x00,
  0x00, 0x00, 0x00, 0x00, 0x00, 0x00, 0x00, 0x00, 0x00, 0x00, 0x00, 0x00,
  0x00, 0x00, 0x00, 0x00, 0x00, 0x00, 0x00, 0x00, 0x00, 0x00, 0x00, 0x00,
  0x00, 0x00, 0x00, 0x00, 0x00, 0x00, 0x00, 0x00, 0x00, 0x00, 0x00, 0x00,
  0x00, 0x00, 0x00, 0x00, 0x00, 0x00, 0x00, 0x00, 0x00, 0x00, 0x00, 0x00,
  0x00, 0x00, 0x00, 0x00, 0x00, 0x00, 0x00, 0x00, 0x00, 0x00, 0x00, 0x00,
  0x00, 0x00, 0x00, 0x00, 0x00, 0x00, 0x00, 0x00, 0x00, 0x00, 0x00, 0x00,
  0x00, 0x00, 0x00, 0x00, 0x00, 0x00, 0x00, 0x00, 0x00, 0x00, 0x00, 0x00,
  0x00, 0x00, 0x00, 0x00, 0x00, 0x00, 0x00, 0x00, 0x00, 0x00, 0x00, 0x00,
  0x00, 0x00, 0x00, 0x00, 0x00, 0x00, 0x00, 0x00, 0x00, 0x00, 0x00, 0x00,
  0x00, 0x00, 0x00, 0x00, 0x00, 0x00, 0x00, 0x00, 0x00, 0x00, 0x00, 0x00,
  0x00, 0x00, 0x00, 0x00, 0x00, 0x00, 0x00, 0x00, 0x00, 0x00, 0x00, 0x00,
  0x00, 0x00, 0x00, 0x00, 0x00, 0x00, 0x00, 0x00, 0x00, 0x00, 0x00, 0x00,
  0x00, 0x00, 0x00, 0x00, 0x00, 0x00, 0x00, 0x00, 0x00, 0x00, 0x00, 0x00,
  0x00, 0x00, 0x00, 0x00, 0x00, 0x00, 0x00, 0x00, 0x00, 0x00, 0x00, 0x00,
  0x00, 0x00, 0x00, 0x00, 0x00, 0x00, 0x00, 0x00, 0x00, 0x00, 0x00, 0x00,
  0x00, 0x00, 0x00, 0x00, 0x00, 0x00, 0x00, 0x00, 0x00, 0x00, 0x00, 0x00,
  0x00, 0x00, 0x00, 0x00, 0x00, 0x00, 0x00, 0x00, 0x00, 0x00, 0x00, 0x00,
  0x00, 0x00, 0x00, 0x00, 0x00, 0x00, 0x00, 0x00, 0x00, 0x00, 0x00, 0x00,
  0x00, 0x00, 0x00, 0x00, 0x00, 0x00, 0x00, 0x00, 0x00, 0x00, 0x00, 0x00,
  0x00, 0x00, 0x00, 0x00, 0x00, 0x00, 0x00, 0x00, 0x00, 0x00, 0x00, 0x00,
  0x00, 0x00, 0x00, 0x00, 0x00, 0x00, 0x00, 0x00, 0x00, 0x00, 0x00, 0x00,
  0x00, 0x00, 0x00, 0x00, 0x00, 0x00, 0x00, 0x00, 0x00, 0x00, 0x00, 0x00,
  0x00, 0x00, 0x00, 0x00, 0x00, 0x00, 0x00, 0x00, 0x00, 0x00, 0x00, 0x00,
  0x00, 0x00, 0x00, 0x00, 0x00, 0x00, 0x00, 0x00, 0x00, 0x00, 0x00, 0x00,
  0x00, 0x00, 0x00, 0x00, 0x00, 0x00, 0x00, 0x00, 0x00, 0x00, 0x00, 0x00,
  0x00, 0x00, 0x00, 0x00, 0x00, 0x00, 0x00, 0x00, 0x00, 0x00, 0x00, 0x00,
  0x00, 0x00, 0x00, 0x00, 0x00, 0x00, 0x00, 0x00, 0x00, 0x00, 0x00, 0x00,
  0x00, 0x00, 0x00, 0x00, 0x00, 0x00, 0x00, 0x00, 0x00, 0x00, 0x00, 0x00,
  0x00, 0x00, 0x00, 0x00, 0x00, 0x00, 0x00, 0x00, 0x00, 0x00, 0x00, 0x00,
  0x00, 0x00, 0x00, 0x00, 0x00, 0x00, 0x00, 0x00, 0x00, 0x00, 0x00, 0x00,
  0x00, 0x00, 0x00, 0x00, 0x00, 0x00, 0x00, 0x00, 0x00, 0x00, 0x00, 0x00,
  0x00, 0x00, 0x00, 0x00, 0x00, 0x00, 0x00, 0x00, 0x00, 0x00, 0x00, 0x00,
  0x00, 0x00, 0x00, 0x00, 0x00, 0x00, 0x00, 0x00, 0x00, 0x00, 0x00, 0x00,
  0x00, 0x00, 0x00, 0x00, 0x00, 0x00, 0x00, 0x00, 0x00, 0x00, 0x00, 0x00,
  0x00, 0x00, 0x00, 0x00, 0x00, 0x00, 0x00, 0x00, 0x00, 0x00, 0x00, 0x00,
  0x00, 0x00, 0x00, 0x00, 0x00, 0x00, 0x00, 0x00, 0x00, 0x00, 0x00, 0x00,
  0x00, 0x00, 0x00, 0x00, 0x00, 0x00, 0x00, 0x00, 0x00, 0x00, 0x00, 0x00,
  0x00, 0x00, 0x00, 0x00, 0x00, 0x00, 0x00, 0x00, 0x00, 0x00, 0x00, 0x00,
  0x00, 0x00, 0x00, 0x00, 0x00, 0x00, 0x00, 0x00, 0x00, 0x00, 0x00, 0x00,
  0x00, 0x00, 0x00, 0x00, 0x00, 0x00, 0x00, 0x00, 0x00, 0x00, 0x00, 0x00,
  0x00, 0x00, 0x00, 0x00, 0x00, 0x00, 0x00, 0x00, 0x00, 0x00, 0x00, 0x00,
  0x00, 0x00, 0x00, 0x00, 0x00, 0x00, 0x00, 0x00, 0x00, 0x00, 0x00, 0x00,
  0x00, 0x00, 0x00, 0x00, 0x00, 0x00, 0x00, 0x00, 0x00, 0x00, 0x00, 0x00,
  0x00, 0x00, 0x00, 0x00, 0x00, 0x00, 0x00, 0x00, 0x00, 0x00, 0x00, 0x00,
  0x00, 0x00, 0x00, 0x00, 0x00, 0x00, 0x00, 0x00, 0x00, 0x00, 0x00, 0x00,
  0x00, 0x00, 0x00, 0x00, 0x00, 0x00, 0x00, 0x00, 0x00, 0x00, 0x00, 0x00,
  0x00, 0x00, 0x00, 0x00, 0x00, 0x00, 0x00, 0x00, 0x00, 0x00, 0x00, 0x00,
  0x00, 0x00, 0x00, 0x00, 0x00, 0x00, 0x00, 0x00, 0x00, 0x00, 0x00, 0x00,
  0x00, 0x00, 0x00, 0x00, 0x00, 0x00, 0x00, 0x00, 0x00, 0x00, 0x00, 0x00,
  0x00, 0x00, 0x00, 0x00, 0x00, 0x00, 0x00, 0x00, 0x00, 0x00, 0x00, 0x00,
  0x00, 0x00, 0x00, 0x00, 0x00, 0x00, 0x00, 0x00, 0x00, 0x00, 0x00, 0x00,
  0x00, 0x00, 0x00, 0x00, 0x00, 0x00, 0x00, 0x00, 0x00, 0x00, 0x00, 0x00,
  0x00, 0x00, 0x00, 0x00, 0x00, 0x00, 0x00, 0x00, 0x00, 0x00, 0x00, 0x00,
  0x00, 0x00, 0x00, 0x00, 0x00, 0x00, 0x00, 0x00, 0x00, 0x00, 0x00, 0x00,
  0x00, 0x00, 0x00, 0x00, 0x00, 0x00, 0x00, 0x00, 0x00, 0x00, 0x00, 0x00,
  0x00, 0x00, 0x00, 0x00, 0x00, 0x00, 0x00, 0x00, 0x00, 0x00, 0x00, 0x00,
  0x00, 0x00, 0x00, 0x00, 0x00, 0x00, 0x00, 0x00, 0x00, 0x00, 0x00, 0x00,
  0x00, 0x00, 0x00, 0x00, 0x00, 0x00, 0x00, 0x00, 0x00, 0x00, 0x00, 0x00,
  0x00, 0x00, 0x00, 0x00, 0x00, 0x00, 0x00, 0x00, 0x00, 0x00, 0x00, 0x00,
  0x00, 0x00, 0x00, 0x00, 0x00, 0x00, 0x00, 0x00, 0x00, 0x00, 0x00, 0x00,
  0x00, 0x00, 0x00, 0x00, 0x00, 0x00, 0x00, 0x00, 0x00, 0x00, 0x00, 0x00,
  0x00, 0x00, 0x00, 0x00, 0x00, 0x00, 0x00, 0x00, 0x00, 0x00, 0x00, 0x00,
  0x00, 0x00, 0x00, 0x00, 0x00, 0x00, 0x00, 0x00, 0x00, 0x00, 0x00, 0x00,
  0x00, 0x00, 0x00, 0x00, 0x00, 0x00, 0x00, 0x00, 0x00, 0x00, 0x00, 0x00,
  0x00, 0x00, 0x00, 0x00, 0x00, 0x00, 0x00, 0x00, 0x00, 0x00, 0x00, 0x00,
  0x00, 0x00, 0x00, 0x00, 0x00, 0x00, 0x00, 0x00, 0x00, 0x00, 0x00, 0x00,
  0x00, 0x00, 0x00, 0x00, 0x00, 0x00, 0x00, 0x00, 0x00, 0x00, 0x00, 0x00,
  0x00, 0x00, 0x00, 0x00, 0x00, 0x00, 0x00, 0x00, 0x00, 0x00, 0x00, 0x00,
  0x00, 0x00, 0x00, 0x00, 0x00, 0x00, 0x00, 0x00, 0x00, 0x00, 0x00, 0x00,
  0x00, 0x00, 0x00, 0x00, 0x00, 0x00, 0x00, 0x00, 0x00, 0x00, 0x00, 0x00,
  0x00, 0x00, 0x00, 0x00, 0x00, 0x00, 0x00, 0x00, 0x00, 0x00, 0x00, 0x00,
  0x00, 0x00, 0x00, 0x00, 0x00, 0x00, 0x00, 0x00, 0x00, 0x00, 0x00, 0x00,
  0x00, 0x00, 0x00, 0x00, 0x48, 0x83, 0xec, 0x08, 0x48, 0x8b, 0x05, 0xc5,
  0x5f, 0x01, 0x00, 0x48, 0x85, 0xc0, 0x74, 0x05, 0xe8, 0x9b, 0x00, 0x00,
  0x00, 0x48, 0x83, 0xc4, 0x08, 0xc3, 0x00, 0x00, 0x00, 0x00, 0x00, 0x00,
  0xff, 0x35, 0xe2, 0x5f, 0x01, 0x00, 0xff, 0x25, 0xe4, 0x5f, 0x01, 0x00,
  0x0f, 0x1f, 0x40, 0x00, 0xff, 0x25, 0xe2, 0x5f, 0x01, 0x00, 0x68, 0x00,
  0x00, 0x00, 0x00, 0xe9, 0xe0, 0xff, 0xff, 0xff, 0xff, 0x25, 0xda, 0x5f,
  0x01, 0x00, 0x68, 0x01, 0x00, 0x00, 0x00, 0xe9, 0xd0, 0xff, 0xff, 0xff,
  0xff, 0x25, 0xd2, 0x5f, 0x01, 0x00, 0x68, 0x02, 0x00, 0x00, 0x00, 0xe9,
  0xc0, 0xff, 0xff, 0xff, 0xff, 0x25, 0xca, 0x5f, 0x01, 0x00, 0x68, 0x03,
  0x00, 0x00, 0x00, 0xe9, 0xb0, 0xff, 0xff, 0xff, 0xff, 0x25, 0xc2, 0x5f,
  0x01, 0x00, 0x68, 0x04, 0x00, 0x00, 0x00, 0xe9, 0xa0, 0xff, 0xff, 0xff,
  0xff, 0x25, 0xba, 0x5f, 0x01, 0x00, 0x68, 0x05, 0x00, 0x00, 0x00, 0xe9,
  0x90, 0xff, 0xff, 0xff, 0xff, 0x25, 0xb2, 0x5f, 0x01, 0x00, 0x68, 0x06,
  0x00, 0x00, 0x00, 0xe9, 0x80, 0xff, 0xff, 0xff, 0xff, 0x25, 0xaa, 0x5f,
  0x01, 0x00, 0x68, 0x07, 0x00, 0x00, 0x00, 0xe9, 0x70, 0xff, 0xff, 0xff,
  0xff, 0x25, 0xa2, 0x5f, 0x01, 0x00, 0x68, 0x08, 0x00, 0x00, 0x00, 0xe9,
  0x60, 0xff, 0xff, 0xff, 0xff, 0x25, 0x9a, 0x5f, 0x01, 0x00, 0x68, 0x09,
  0x00, 0x00, 0x00, 0xe9, 0x50, 0xff, 0xff, 0xff, 0xff, 0x25, 0x92, 0x5f,
  0x01, 0x00, 0x68, 0x0a, 0x00, 0x00, 0x00, 0xe9, 0x40, 0xff, 0xff, 0xff,
  0xff, 0x25, 0x8a, 0x5f, 0x01, 0x00, 0x68, 0x0b, 0x00, 0x00, 0x00, 0xe9,
  0x30, 0xff, 0xff, 0xff, 0xff, 0x25, 0x82, 0x5f, 0x01, 0x00, 0x68, 0x0c,
  0x00, 0x00, 0x00, 0xe9, 0x20, 0xff, 0xff, 0xff, 0xff, 0x25, 0x7a, 0x5f,
  0x01, 0x00, 0x68, 0x0d, 0x00, 0x00, 0x00, 0xe9, 0x10, 0xff, 0xff, 0xff,
  0xff, 0x25, 0x72, 0x5f, 0x01, 0x00, 0x68, 0x0e, 0x00, 0x00, 0x00, 0xe9,
  0x00, 0xff, 0xff, 0xff, 0xff, 0x25, 0x6a, 0x5f, 0x01, 0x00, 0x68, 0x0f,
  0x00, 0x00, 0x00, 0xe9, 0xf0, 0xfe, 0xff, 0xff, 0xff, 0x25, 0x62, 0x5f,
  0x01, 0x00, 0x68, 0x10, 0x00, 0x00, 0x00, 0xe9, 0xe0, 0xfe, 0xff, 0xff,
  0xff, 0x25, 0x5a, 0x5f, 0x01, 0x00, 0x68, 0x11, 0x00, 0x00, 0x00, 0xe9,
  0xd0, 0xfe, 0xff, 0xff, 0xff, 0x25, 0x52, 0x5f, 0x01, 0x00, 0x68, 0x12,
  0x00, 0x00, 0x00, 0xe9, 0xc0, 0xfe, 0xff, 0xff, 0xff, 0x25, 0x4a, 0x5f,
  0x01, 0x00, 0x68, 0x13, 0x00, 0x00, 0x00, 0xe9, 0xb0, 0xfe, 0xff, 0xff,
  0x48, 0x8d, 0x3d, 0x09, 0x60, 0x01, 0x00, 0x48, 0x8d, 0x05, 0x02, 0x60,
  0x01, 0x00, 0x48, 0x39, 0xf8, 0x74, 0x15, 0x48, 0x8b, 0x05, 0x36, 0x5e,
  0x01, 0x00, 0x48, 0x85, 0xc0, 0x74, 0x09, 0xff, 0xe0, 0x0f, 0x1f, 0x80,
  0x00, 0x00, 0x00, 0x00, 0xc3, 0x0f, 0x1f, 0x80, 0x00, 0x00, 0x00, 0x00,
  0x48, 0x8d, 0x3d, 0xd9, 0x5f, 0x01, 0x00, 0x48, 0x8d, 0x35, 0xd2, 0x5f,
  0x01, 0x00, 0x48, 0x29, 0xfe, 0x48, 0x89, 0xf0, 0x48, 0xc1, 0xee, 0x3f,
  0x48, 0xc1, 0xf8, 0x03, 0x48, 0x01, 0xc6, 0x48, 0xd1, 0xfe, 0x74, 0x14,
  0x48, 0x8b, 0x05, 0x25, 0x5e, 0x01, 0x00, 0x48, 0x85, 0xc0, 0x74, 0x08,
  0xff, 0xe0, 0x66, 0x0f, 0x1f, 0x44, 0x00, 0x00, 0xc3, 0x0f, 0x1f, 0x80,
  0x00, 0x00, 0x00, 0x00, 0x80, 0x3d, 0x99, 0x5f, 0x01, 0x00, 0x00, 0x75,
  0x2f, 0x55, 0x48, 0x83, 0x3d, 0x06, 0x5e, 0x01, 0x00, 0x00, 0x48, 0x89,
  0xe5, 0x74, 0x0c, 0x48, 0x8d, 0x3d, 0xea, 0x5b, 0x01, 0x00, 0xe8, 0x5d,
  0xff, 0xff, 0xff, 0xe8, 0x68, 0xff, 0xff, 0xff, 0xc6, 0x05, 0x71, 0x5f,
  0x01, 0x00, 0x01, 0x5d, 0xc3, 0x0f, 0x1f, 0x80, 0x00, 0x00, 0x00, 0x00,
  0xc3, 0x0f, 0x1f, 0x80, 0x00, 0x00, 0x00, 0x00, 0xe9, 0x7b, 0xff, 0xff,
  0xff, 0x66, 0x2e, 0x0f, 0x1f, 0x84, 0x00, 0x00, 0x00, 0x00, 0x00, 0x90,
  0x48, 0x89, 0xf8, 0x48, 0xc1, 0xef, 0x02, 0xa8, 0x07, 0x75, 0x0c, 0x66,
  0x0f, 0x28, 0x05, 0x8d, 0x30, 0x01, 0x00, 0x0f, 0x11, 0x04, 0xfe, 0x48,
  0x8d, 0x44, 0x3f, 0xfe, 0x48, 0x83, 0xff, 0x02, 0x76, 0x47, 0x48, 0x89,
  0xf9, 0x48, 0x8d, 0x56, 0x10, 0x48, 0x8d, 0x04, 0xc6, 0x48, 0xc1, 0xe1,
  0x04, 0x48, 0x8d, 0x4c, 0x0e, 0xe0, 0x48, 0x8d, 0x34, 0xfd, 0xe8, 0xff,
  0xff, 0xff, 0x48, 0x83, 0xe6, 0xf0, 0x48, 0x29, 0xf1, 0x0f, 0x1f, 0x00,
  0xf2, 0x0f, 0x10, 0x42, 0x08, 0x48, 0x83, 0xe8, 0x10, 0x48, 0x83, 0xc2,
  0x10, 0xf2, 0x0f, 0x11, 0x40, 0x10, 0xf2, 0x0f, 0x10, 0x42, 0xf0, 0xf2,
  0x0f, 0x11, 0x40, 0x18, 0x48, 0x39, 0xc8, 0x75, 0xdf, 0xc3, 0x66, 0x0f,
  0x1f, 0x44, 0x00, 0x00, 0x49, 0x89, 0xf8, 0x49, 0xd1, 0xe8, 0x83, 0xe7,
  0x03, 0x0f, 0x85, 0xd1, 0x00, 0x00, 0x00, 0x4d, 0x85, 0xc0, 0x0f, 0x84,
  0xd0, 0x01, 0x00, 0x00, 0x4c, 0x8d, 0x4e, 0x20, 0x4a, 0x8d, 0x14, 0xc6,
  0x4a, 0x8d, 0x04, 0xc5, 0x20, 0x00, 0x00, 0x00, 0x4c, 0x39, 0xca, 0x49,
  0x8d, 0x48, 0xff, 0x41, 0x0f, 0x93, 0xc1, 0x48, 0x85, 0xc0, 0x0f, 0x9e,
  0xc0, 0x41, 0x08, 0xc1, 0x0f, 0x84, 0xae, 0x01, 0x00, 0x00, 0x48, 0x83,
  0xf9, 0x05, 0x0f, 0x86, 0xa4, 0x01, 0x00, 0x00, 0x48, 0xd1, 0xe9, 0x66,
  0x0f, 0x28, 0x1d, 0xe9, 0x2f, 0x01, 0x00, 0x48, 0x83, 0xc1, 0x01, 0x48,
  0x89, 0xc8, 0x48, 0xd1, 0xe8, 0x48, 0xc1, 0xe0, 0x05, 0x0f, 0x1f, 0x00,
  0x66, 0x0f, 0x10, 0x44, 0x3e, 0x10, 0x66, 0x0f, 0x12, 0x44, 0x3e, 0x08,
  0x66, 0x0f, 0x10, 0x0c, 0x3e, 0x66, 0x0f, 0x57, 0xc3, 0x66, 0x0f, 0x16,
  0x4c, 0x3e, 0x10, 0x66, 0x0f, 0x28, 0xd0, 0x66, 0x0f, 0x14, 0xd1, 0x66,
  0x0f, 0x15, 0xc1, 0x0f, 0x11, 0x14, 0x3a, 0x0f, 0x11, 0x44, 0x3a, 0x10,
  0x48, 0x83, 0xc7, 0x20, 0x48, 0x39, 0xc7, 0x75, 0xc7, 0x48, 0x89, 0xca,
  0x48, 0x83, 0xe2, 0xfe, 0x48, 0x8d, 0x04, 0x12, 0x48, 0x39, 0xd1, 0x0f,
  0x84, 0x33, 0x01, 0x00, 0x00, 0x48, 0x8d, 0x50, 0x01, 0x4c, 0x01, 0xc0,
  0xf2, 0x0f, 0x10, 0x04, 0xd6, 0x66, 0x0f, 0x57, 0x05, 0x87, 0x2f, 0x01,
  0x00, 0xf2, 0x0f, 0x11, 0x04, 0xc6, 0xf2, 0x0f, 0x10, 0x44, 0xd6, 0xf8,
  0xf2, 0x0f, 0x11, 0x44, 0xc6, 0x08, 0xc3, 0x0f, 0x1f, 0x44, 0x00, 0x00,
  0x4b, 0x8d, 0x3c, 0x00, 0x4c, 0x8d, 0x57, 0xfe, 0x49, 0x83, 0xf8, 0x02,
  0x0f, 0x86, 0xf6, 0x00, 0x00, 0x00, 0x4d, 0x8d, 0x58, 0xfd, 0x55, 0x4a,
  0x8d, 0x0c, 0xd5, 0x00, 0x00, 0x00, 0x00, 0x4d, 0x89, 0xd9, 0x53, 0x48,
  0x89, 0xcb, 0x48, 0x8d, 0x56, 0x10, 0x49, 0xd1, 0xe9, 0x4c, 0x89, 0xcd,
  0x49, 0x8d, 0x41, 0x02, 0x48, 0xc1, 0xe5, 0x04, 0x48, 0xc1, 0xe0, 0x04,
  0x48, 0x29, 0xeb, 0x48, 0x39, 0xd8, 0x48, 0x8d, 0x44, 0x0e, 0x10, 0x0f,
  0x9e, 0xc3, 0x48, 0x39, 0xc2, 0x0f, 0x93, 0xc0, 0x08, 0xc3, 0x0f, 0x84,
  0xf8, 0x00, 0x00, 0x00, 0x49, 0x83, 0xfb, 0x2d, 0x0f, 0x86, 0xee, 0x00,
  0x00, 0x00, 0x49, 0x83, 0xc1, 0x01, 0x48, 0x01, 0xf1, 0x48, 0x8d, 0x7c,
  0xfe, 0xf8, 0x31, 0xc0, 0x4d, 0x89, 0xc8, 0x66, 0x0f, 0x28, 0x1d, 0xe5,
  0x2e, 0x01, 0x00, 0x49, 0xd1, 0xe8, 0x49, 0xf7, 0xd8, 0x49, 0xc1, 0xe0,
  0x05, 0x0f, 0x1f, 0x00, 0x66, 0x0f, 0x10, 0x12, 0x66, 0x0f, 0x10, 0x4a,
  0x10, 0x48, 0x83, 0xc2, 0x20, 0x66, 0x0f, 0x28, 0xc2, 0x66, 0x0f, 0x14,
  0xc1, 0x66, 0x0f, 0x57, 0xc3, 0x66, 0x0f, 0x13, 0x04, 0x01, 0x66, 0x0f,
  0x17, 0x44, 0x01, 0xf0, 0x66, 0x0f, 0x17, 0x14, 0x07, 0x66, 0x0f, 0x17,
  0x4c, 0x07, 0xf0, 0x48, 0x83, 0xe8, 0x20, 0x4c, 0x39, 0xc0, 0x75, 0xc8,
  0x4c, 0x89, 0xc9, 0x4c, 0x89, 0xc8, 0x48, 0x83, 0xe1, 0xfe, 0x48, 0x83,
  0xc8, 0x01, 0x48, 0x89, 0xca, 0x48, 0xf7, 0xda, 0x49, 0x8d, 0x14, 0x52,
  0x49, 0x39, 0xc9, 0x74, 0x22, 0x48, 0xc1, 0xe0, 0x04, 0xf2, 0x0f, 0x10,
  0x04, 0x06, 0x66, 0x0f, 0x57, 0x05, 0x82, 0x2e, 0x01, 0x00, 0xf2, 0x0f,
  0x11, 0x04, 0xd6, 0xf2, 0x0f, 0x10, 0x44, 0x06, 0x08, 0xf2, 0x0f, 0x11,
  0x44, 0xd6, 0x08, 0x5b, 0x5d, 0xc3, 0x66, 0x0f, 0x1f, 0x44, 0x00, 0x00,
  0xc3, 0x0f, 0x1f, 0x80, 0x00, 0x00, 0x00, 0x00, 0x48, 0xd1, 0xe9, 0xf3,
  0x0f, 0x7e, 0x0d, 0x55, 0x2e, 0x01, 0x00, 0x48, 0xc1, 0xe1, 0x04, 0x48,
  0x8d, 0x44, 0x0e, 0x10, 0x0f, 0x1f, 0x40, 0x00, 0xf2, 0x0f, 0x10, 0x46,
  0x08, 0x66, 0x0f, 0x57, 0xc1, 0xf2, 0x42, 0x0f, 0x11, 0x04, 0xc6, 0xf2,
  0x0f, 0x10, 0x06, 0xf2, 0x42, 0x0f, 0x11, 0x44, 0xc6, 0x08, 0x48, 0x83,
  0xc6, 0x10, 0x48, 0x39, 0xc6, 0x75, 0xdd, 0xc3, 0x0f, 0x1f, 0x40, 0x00,
  0x4c, 0x89, 0xc0, 0x49, 0xc1, 0xe1, 0x04, 0xf3, 0x0f, 0x7e, 0x0d, 0x11,
  0x2e, 0x01, 0x00, 0x48, 0x01, 0xf1, 0x48, 0xc1, 0xe0, 0x04, 0x48, 0x8d,
  0x44, 0x06, 0xe0, 0x4c, 0x29, 0xc8, 0x66, 0x90, 0xf2, 0x0f, 0x10, 0x02,
  0x48, 0x83, 0xe9, 0x10, 0x48, 0x83, 0xc2, 0x10, 0x66, 0x0f, 0x57, 0xc1,
  0xf2, 0x0f, 0x11, 0x41, 0x10, 0xf2, 0x0f, 0x10, 0x42, 0xf8, 0xf2, 0x0f,
  0x11, 0x41, 0x18, 0x48, 0x39, 0xc1, 0x75, 0xdc, 0xe9, 0x66, 0xff, 0xff,
  0xff, 0x0f, 0x1f, 0x80, 0x00, 0x00, 0x00, 0x00, 0x48, 0x89, 0xf8, 0x83,
  0xe0, 0x01, 0x0f, 0x85, 0x84, 0x00, 0x00, 0x00, 0x48, 0x85, 0xff, 0x0f,
  0x84, 0x8b, 0x01, 0x00, 0x00, 0x48, 0x8d, 0x4f, 0xff, 0x48, 0x8d, 0x14,
  0xfd, 0x00, 0x00, 0x00, 0x00, 0x48, 0x83, 0xf9, 0x03, 0x0f, 0x86, 0x7d,
  0x01, 0x00, 0x00, 0x48, 0x83, 0xfa, 0x08, 0x0f, 0x84, 0x73, 0x01, 0x00,
  0x00, 0x48, 0x89, 0xf9, 0x66, 0x0f, 0x28, 0x15, 0x80, 0x2d, 0x01, 0x00,
  0x48, 0x01, 0xf2, 0x48, 0xd1, 0xe9, 0x48, 0xc1, 0xe1, 0x04, 0x66, 0x0f,
  0x1f, 0x44, 0x00, 0x00, 0x66, 0x0f, 0x10, 0x04, 0x06, 0x66, 0x0f, 0x57,
  0xc2, 0x0f, 0x11, 0x04, 0x02, 0x48, 0x83, 0xc0, 0x10, 0x48, 0x39, 0xc8,
  0x75, 0xea, 0x48, 0x89, 0xf8, 0x48, 0x83, 0xe0, 0xfe, 0x40, 0xf6, 0xc7,
  0x01, 0x0f, 0x84, 0x29, 0x01, 0x00, 0x00, 0xf2, 0x0f, 0x10, 0x04, 0xc6,
  0x66, 0x0f, 0x57, 0x05, 0x4c, 0x2d, 0x01, 0x00, 0x48, 0x01, 0xc7, 0xf2,
  0x0f, 0x11, 0x04, 0xfe, 0xc3, 0x0f, 0x1f, 0x00, 0x4c, 0x8d, 0x04, 0x3f,
  0x4d, 0x8d, 0x50, 0xfe, 0x48, 0x83, 0xff, 0x02, 0x0f, 0x86, 0xfe, 0x00,
  0x00, 0x00, 0x4c, 0x8d, 0x5f, 0xfd, 0x55, 0x4a, 0x8d, 0x04, 0xd5, 0x00,
  0x00, 0x00, 0x00, 0x4d, 0x89, 0xd9, 0x53, 0x48, 0x89, 0xc3, 0x48, 0x8d,
  0x56, 0x10, 0x49, 0xd1, 0xe9, 0x4c, 0x89, 0xcd, 0x49, 0x8d, 0x49, 0x02,
  0x48, 0xc1, 0xe5, 0x04, 0x48, 0xc1, 0xe1, 0x04, 0x48, 0x29, 0xeb, 0x48,
  0x39, 0xd9, 0x48, 0x8d, 0x4c, 0x06, 0x10, 0x0f, 0x9e, 0xc3, 0x48, 0x39,
  0xca, 0x0f, 0x93, 0xc1, 0x08, 0xcb, 0x0f, 0x84, 0xe8, 0x00, 0x00, 0x00,
  0x49, 0x83, 0xfb, 0x2d, 0x0f, 0x86, 0xde, 0x00, 0x00, 0x00, 0x49, 0x83,
  0xc1, 0x01, 0x4a, 0x8d, 0x4c, 0xc6, 0xf8, 0x66, 0x0f, 0x28, 0x15, 0xbd,
  0x2c, 0x01, 0x00, 0x48, 0x8d, 0x3c, 0x06, 0x4d, 0x89, 0xc8, 0x31, 0xc0,
  0x49, 0xd1, 0xe8, 0x49, 0xf7, 0xd8, 0x49, 0xc1, 0xe0, 0x05, 0x66, 0x2e,
  0x0f, 0x1f, 0x84, 0x00, 0x00, 0x00, 0x00, 0x00, 0x66, 0x0f, 0x10, 0x02,
  0x66, 0x0f, 0x10, 0x4a, 0x10, 0x48, 0x83, 0xc2, 0x20, 0x66, 0x0f, 0x13,
  0x04, 0x07, 0x66, 0x0f, 0x15, 0xc1, 0x66, 0x0f, 0x57, 0xc2, 0x66, 0x0f,
  0x13, 0x4c, 0x07, 0xf0, 0x66, 0x0f, 0x13, 0x04, 0x01, 0x66, 0x0f, 0x17,
  0x44, 0x01, 0xf0, 0x48, 0x83, 0xe8, 0x20, 0x4c, 0x39, 0xc0, 0x75, 0xcc,
  0x4c, 0x89, 0xc9, 0x4c, 0x89, 0xc8, 0x48, 0x83, 0xe1, 0xfe, 0x48, 0x83,
  0xc8, 0x01, 0x48, 0x89, 0xca, 0x48, 0xf7, 0xda, 0x49, 0x8d, 0x14, 0x52,
  0x49, 0x39, 0xc9, 0x74, 0x22, 0x48, 0xc1, 0xe0, 0x04, 0xf2, 0x0f, 0x10,
  0x04, 0x06, 0xf2, 0x0f, 0x11, 0x04, 0xd6, 0xf2, 0x0f, 0x10, 0x44, 0x06,
  0x08, 0x66, 0x0f, 0x57, 0x05, 0x43, 0x2c, 0x01, 0x00, 0xf2, 0x0f, 0x11,
  0x44, 0xd6, 0x08, 0x5b, 0x5d, 0xc3, 0x66, 0x2e, 0x0f, 0x1f, 0x84, 0x00,
  0x00, 0x00, 0x00, 0x00, 0xc3, 0x0f, 0x1f, 0x80, 0x00, 0x00, 0x00, 0x00,
  0xf3, 0x0f, 0x7e, 0x0d, 0x20, 0x2c, 0x01, 0x00, 0x48, 0x01, 0xf2, 0x0f,
  0x1f, 0x44, 0x00, 0x00, 0xf2, 0x0f, 0x10, 0x06, 0x66, 0x0f, 0x57, 0xc1,
  0xf2, 0x0f, 0x11, 0x04, 0xfe, 0x48, 0x83, 0xc6, 0x08, 0x48, 0x39, 0xd6,
  0x75, 0xea, 0xc3, 0x90, 0x48, 0xc1, 0xe7, 0x04, 0x49, 0xc1, 0xe1, 0x04,
  0xf3, 0x0f, 0x7e, 0x0d, 0xf0, 0x2b, 0x01, 0x00, 0x48, 0x01, 0xf0, 0x48,
  0x8d, 0x4c, 0x3e, 0xe0, 0x4c, 0x29, 0xc9, 0x0f, 0x1f, 0x44, 0x00, 0x00,
  0xf2, 0x0f, 0x10, 0x02, 0x48, 0x83, 0xe8, 0x10, 0x48, 0x83, 0xc2, 0x10,
  0xf2, 0x0f, 0x11, 0x40, 0x10, 0xf2, 0x0f, 0x10, 0x42, 0xf8, 0x66, 0x0f,
  0x57, 0xc1, 0xf2, 0x0f, 0x11, 0x40, 0x18, 0x48, 0x39, 0xc1, 0x75, 0xdc,
  0xe9, 0x7a, 0xff, 0xff, 0xff, 0x0f, 0x1f, 0x80, 0x00, 0x00, 0x00, 0x00,
  0x48, 0x89, 0xf9, 0x49, 0x89, 0xf8, 0x48, 0x83, 0xff, 0x06, 0x76, 0x76,
  0x4c, 0x8d, 0x04, 0x3f, 0x41, 0xba, 0x01, 0x00, 0x00, 0x00, 0x49, 0x83,
  0xf8, 0x01, 0x76, 0x66, 0x4d, 0x89, 0xd1, 0x4c, 0x89, 0xcf, 0x66, 0x0f,
  0x1f, 0x44, 0x00, 0x00, 0x48, 0x89, 0xfe, 0x0f, 0x1f, 0x44, 0x00, 0x00,
  0x48, 0x89, 0xf0, 0xeb, 0x0e, 0x0f, 0x1f, 0x00, 0x49, 0x89, 0xc0, 0x48,
  0x39, 0xd0, 0x76, 0x15, 0x48, 0x89, 0xd0, 0x48, 0x8d, 0x14, 0x80, 0x48,
  0x8d, 0x14, 0x50, 0x48, 0x39, 0xc1, 0x76, 0xe8, 0x4c, 0x39, 0xc2, 0x72,
  0xeb, 0x48, 0x8d, 0x04, 0xf5, 0x00, 0x00, 0x00, 0x00, 0x48, 0x29, 0xf0,
  0x48, 0x89, 0xc6, 0x4c, 0x39, 0xc0, 0x72, 0xc8, 0x48, 0x8d, 0x3c, 0xbf,
  0x4c, 0x39, 0xc7, 0x72, 0xb7, 0x4f, 0x8d, 0x0c, 0x49, 0x4d, 0x39, 0xc1,
  0x72, 0xa5, 0x4d, 0x01, 0xd2, 0x4d, 0x39, 0xc2, 0x72, 0x9a, 0x4c, 0x89,
  0xc0, 0xc3, 0x66, 0x2e, 0x0f, 0x1f, 0x84, 0x00, 0x00, 0x00, 0x00, 0x00,
  0x41, 0x54, 0x55, 0x53, 0x48, 0x89, 0xf3, 0x48, 0x83, 0xff, 0x01, 0x0f,
  0x84, 0xef, 0x00, 0x00, 0x00, 0x48, 0x85, 0xf6, 0x0f, 0x84, 0xe1, 0x00,
  0x00, 0x00, 0x49, 0x89, 0xfb, 0x49, 0x89, 0xfc, 0x48, 0x8d, 0x7f, 0x01,
  0x4c, 0x89, 0xc5, 0x4c, 0x89, 0xd8, 0x48, 0xc1, 0xe7, 0x04, 0x4c, 0x8d,
  0x42, 0x10, 0x48, 0x8d, 0x71, 0x10, 0x48, 0x0f, 0xaf, 0xc3, 0x48, 0x01,
  0xfa, 0x4c, 0x8d, 0x57, 0xf0, 0x49, 0xc1, 0xe4, 0x05, 0x48, 0x83, 0xef,
  0x20, 0x45, 0x31, 0xc9, 0x48, 0x83, 0xc0, 0x01, 0x48, 0xc1, 0xe0, 0x04,
  0x48, 0x01, 0xc1, 0x66, 0x0f, 0x1f, 0x84, 0x00, 0x00, 0x00, 0x00, 0x00,
  0x66, 0x0f, 0x10, 0x62, 0xf0, 0x66, 0x41, 0x0f, 0x10, 0x40, 0xf0, 0x66,
  0x0f, 0x58, 0xc4, 0x0f, 0x11, 0x46, 0xf0, 0x66, 0x41, 0x0f, 0x10, 0x40,
  0xf0, 0x66, 0x0f, 0x5c, 0xc4, 0x0f, 0x11, 0x41, 0xf0, 0x49, 0x83, 0xfb,
  0x01, 0x76, 0x5b, 0x31, 0xc0, 0x0f, 0x1f, 0x80, 0x00, 0x00, 0x00, 0x00,
  0x66, 0x41, 0x0f, 0x10, 0x04, 0x00, 0x66, 0x0f, 0x10, 0x14, 0x02, 0x66,
  0x0f, 0x28, 0xd8, 0x66, 0x0f, 0x28, 0xca, 0x66, 0x0f, 0x58, 0xc8, 0x66,
  0x0f, 0x5c, 0xda, 0x66, 0x0f, 0xc6, 0xc0, 0x01, 0x66, 0x0f, 0xc6, 0xd2,
  0x01, 0x66, 0x0f, 0x5c, 0xc2, 0xf2, 0x0f, 0x12, 0x54, 0x05, 0x08, 0x0f,
  0x11, 0x0c, 0x06, 0xf2, 0x0f, 0x12, 0x4c, 0x05, 0x00, 0x66, 0x0f, 0x59,
  0xcb, 0x66, 0x0f, 0x59, 0xc2, 0x66, 0x0f, 0xd0, 0xc8, 0x0f, 0x11, 0x0c,
  0x01, 0x48, 0x83, 0xc0, 0x10, 0x48, 0x39, 0xf8, 0x75, 0xae, 0x49, 0x83,
  0xc1, 0x01, 0x4d, 0x01, 0xe0, 0x4c, 0x01, 0xe2, 0x4c, 0x01, 0xd6, 0x4c,
  0x01, 0xd1, 0x4c, 0x39, 0xcb, 0x0f, 0x85, 0x65, 0xff, 0xff, 0xff, 0x5b,
  0x5d, 0x41, 0x5c, 0xc3, 0x48, 0x85, 0xf6, 0x74, 0xf6, 0x48, 0xc1, 0xe3,
  0x04, 0x31, 0xc0, 0x48, 0x8d, 0x34, 0x19, 0x90, 0x66, 0x0f, 0x10, 0x34,
  0x42, 0x66, 0x0f, 0x10, 0x44, 0x42, 0x10, 0x66, 0x0f, 0x10, 0x7c, 0x42,
  0x10, 0x66, 0x0f, 0x58, 0xc6, 0x0f, 0x11, 0x04, 0x01, 0x66, 0x0f, 0x28,
  0xc6, 0x66, 0x0f, 0x5c, 0xc7, 0x0f, 0x11, 0x04, 0x06, 0x48, 0x83, 0xc0,
  0x10, 0x48, 0x39, 0xd8, 0x75, 0xd2, 0x5b, 0x5d, 0x41, 0x5c, 0xc3, 0x66,
  0x66, 0x2e, 0x0f, 0x1f, 0x84, 0x00, 0x00, 0x00, 0x00, 0x00, 0x66, 0x90,
  0x41, 0x54, 0x55, 0x53, 0x48, 0x89, 0xf3, 0x48, 0x83, 0xff, 0x01, 0x0f,
  0x84, 0xfb, 0x00, 0x00, 0x00, 0x48, 0x85, 0xf6, 0x0f, 0x84, 0xed, 0x00,
  0x00, 0x00, 0x49, 0x89, 0xfb, 0x49, 0x89, 0xfc, 0x48, 0x8d, 0x7f, 0x01,
  0x4c, 0x89, 0xc5, 0x4c, 0x89, 0xd8, 0x48, 0xc1, 0xe7, 0x04, 0x4c, 0x8d,
  0x42, 0x10, 0x48, 0x8d, 0x71, 0x10, 0x48, 0x0f, 0xaf, 0xc3, 0x48, 0x01,
  0xfa, 0x4c, 0x8d, 0x57, 0xf0, 0x49, 0xc1, 0xe4, 0x05, 0x48, 0x83, 0xef,
  0x20, 0x45, 0x31, 0xc9, 0x48, 0x83, 0xc0, 0x01, 0x48, 0xc1, 0xe0, 0x04,
  0x48, 0x01, 0xc1, 0x66, 0x0f, 0x1f, 0x84, 0x00, 0x00, 0x00, 0x00, 0x00,
  0x66, 0x0f, 0x10, 0x62, 0xf0, 0x66, 0x41, 0x0f, 0x10, 0x40, 0xf0, 0x66,
  0x0f, 0x58, 0xc4, 0x0f, 0x11, 0x46, 0xf0, 0x66, 0x41, 0x0f, 0x10, 0x40,
  0xf0, 0x66, 0x0f, 0x5c, 0xc4, 0x0f, 0x11, 0x41, 0xf0, 0x49, 0x83, 0xfb,
  0x01, 0x76, 0x67, 0x31, 0xc0, 0x0f, 0x1f, 0x80, 0x00, 0x00, 0x00, 0x00,
  0x66, 0x41, 0x0f, 0x10, 0x04, 0x00, 0x66, 0x0f, 0x10, 0x14, 0x02, 0x66,
  0x0f, 0x28, 0xd8, 0x66, 0x0f, 0x28, 0xca, 0x66, 0x0f, 0x58, 0xc8, 0x66,
  0x0f, 0x5c, 0xda, 0x66, 0x0f, 0xc6, 0xc0, 0x01, 0x66, 0x0f, 0xc6, 0xd2,
  0x01, 0x66, 0x0f, 0x5c, 0xc2, 0xf2, 0x0f, 0x12, 0x54, 0x05, 0x08, 0x0f,
  0x11, 0x0c, 0x06, 0xf2, 0x0f, 0x12, 0x4c, 0x05, 0x00, 0x66, 0x0f, 0x59,
  0xcb, 0x66, 0x0f, 0x59, 0xc2, 0x66, 0x0f, 0x28, 0xd0, 0x66, 0x0f, 0x58,
  0xd1, 0x66, 0x0f, 0x5c, 0xc8, 0xf2, 0x0f, 0x10, 0xca, 0x0f, 0x11, 0x0c,
  0x01, 0x48, 0x83, 0xc0, 0x10, 0x48, 0x39, 0xf8, 0x75, 0xa2, 0x49, 0x83,
  0xc1, 0x01, 0x4d, 0x01, 0xe0, 0x4c, 0x01, 0xe2, 0x4c, 0x01, 0xd6, 0x4c,
  0x01, 0xd1, 0x4c, 0x39, 0xcb, 0x0f, 0x85, 0x59, 0xff, 0xff, 0xff, 0x5b,
  0x5d, 0x41, 0x5c, 0xc3, 0x48, 0x85, 0xf6, 0x74, 0xf6, 0x48, 0xc1, 0xe3,
  0x04, 0x31, 0xc0, 0x48, 0x8d, 0x34, 0x19, 0x0f, 0x1f, 0x44, 0x00, 0x00,
  0x66, 0x0f, 0x10, 0x34, 0x42, 0x66, 0x0f, 0x10, 0x44, 0x42, 0x10, 0x66,
  0x0f, 0x10, 0x7c, 0x42, 0x10, 0x66, 0x0f, 0x58, 0xc6, 0x0f, 0x11, 0x04,
  0x01, 0x66, 0x0f, 0x28, 0xc6, 0x66, 0x0f, 0x5c, 0xc7, 0x0f, 0x11, 0x04,
  0x06, 0x48, 0x83, 0xc0, 0x10, 0x48, 0x39, 0xd8, 0x75, 0xd2, 0x5b, 0x5d,
  0x41, 0x5c, 0xc3, 0x66, 0x66, 0x2e, 0x0f, 0x1f, 0x84, 0x00, 0x00, 0x00,
  0x00, 0x00, 0x66, 0x90, 0x41, 0x57, 0x41, 0x56, 0x41, 0x55, 0x41, 0x54,
  0x49, 0x89, 0xf4, 0x55, 0x53, 0x48, 0x83, 0xff, 0x01, 0x0f, 0x84, 0x07,
  0x02, 0x00, 0x00, 0x48, 0x85, 0xf6, 0x0f, 0x84, 0xf3, 0x01, 0x00, 0x00,
  0x48, 0x89, 0xf8, 0x48, 0x89, 0xfd, 0x4c, 0x8d, 0x6f, 0x01, 0x45, 0x31,
  0xff, 0x48, 0xc1, 0xe0, 0x05, 0x4c, 0x8d, 0x5d, 0xff, 0x48, 0x89, 0xeb,
  0x49, 0xc1, 0xe5, 0x04, 0x4c, 0x8d, 0x34, 0x7f, 0x49, 0xc1, 0xe3, 0x04,
  0x48, 0xc1, 0xe3, 0x04, 0x4e, 0x8d, 0x14, 0x2a, 0x4c, 0x8d, 0x4c, 0x02,
  0x10, 0x48, 0x89, 0xe8, 0x48, 0x8d, 0x79, 0x10, 0x49, 0xc1, 0xe6, 0x04,
  0x48, 0x0f, 0xaf, 0xc6, 0x48, 0x83, 0xc2, 0x10, 0x49, 0x83, 0xed, 0x10,
  0x4d, 0x01, 0xc3, 0x66, 0x0f, 0x28, 0x2d, 0x0d, 0x28, 0x01, 0x00, 0x66,
  0x0f, 0x28, 0x25, 0x15, 0x28, 0x01, 0x00, 0x48, 0x83, 0xeb, 0x10, 0x48,
  0x8d, 0x70, 0x01, 0x48, 0x8d, 0x44, 0x00, 0x01, 0x48, 0xc1, 0xe6, 0x04,
  0x48, 0xc1, 0xe0, 0x04, 0x48, 0x01, 0xce, 0x48, 0x01, 0xc1, 0x66, 0x2e,
  0x0f, 0x1f, 0x84, 0x00, 0x00, 0x00, 0x00, 0x00, 0x66, 0x41, 0x0f, 0x10,
  0x42, 0xf0, 0x66, 0x41, 0x0f, 0x10, 0x51, 0xf0, 0x31, 0xc0, 0x66, 0x0f,
  0x10, 0x5a, 0xf0, 0x66, 0x0f, 0x10, 0x7a, 0xf0, 0x66, 0x0f, 0x28, 0xc8,
  0x66, 0x0f, 0xc6, 0xc0, 0x01, 0x66, 0x0f, 0x58, 0xca, 0x66, 0x0f, 0xc6,
  0xd2, 0x01, 0x66, 0x0f, 0x5c, 0xc2, 0x66, 0x0f, 0x58, 0xd9, 0x66, 0x0f,
  0x59, 0xcd, 0x66, 0x0f, 0x59, 0xc4, 0x0f, 0x11, 0x5f, 0xf0, 0x66, 0x0f,
  0x58, 0xcf, 0x66, 0x0f, 0x28, 0xd1, 0x66, 0x0f, 0x5c, 0xd0, 0x66, 0x0f,
  0x58, 0xc1, 0x66, 0x0f, 0x28, 0xf8, 0xf2, 0x0f, 0x10, 0xfa, 0xf2, 0x0f,
  0x10, 0xd0, 0x0f, 0x11, 0x7e, 0xf0, 0x0f, 0x11, 0x51, 0xf0, 0x48, 0x83,
  0xfd, 0x01, 0x0f, 0x86, 0xe8, 0x00, 0x00, 0x00, 0x0f, 0x1f, 0x40, 0x00,
  0x66, 0x41, 0x0f, 0x10, 0x3c, 0x01, 0x66, 0x41, 0x0f, 0x10, 0x1c, 0x02,
  0x66, 0x0f, 0x10, 0x0c, 0x02, 0x66, 0x0f, 0x28, 0xf7, 0x66, 0x44, 0x0f,
  0x28, 0xc7, 0x66, 0x0f, 0x28, 0xc3, 0x66, 0x0f, 0x58, 0xf3, 0x66, 0x0f,
  0x28, 0xd1, 0x66, 0x44, 0x0f, 0xc6, 0xc7, 0x01, 0x66, 0x0f, 0xc6, 0xc3,
  0x01, 0x66, 0x0f, 0x5c, 0xdf, 0x66, 0x0f, 0x58, 0xd6, 0x66, 0x0f, 0x59,
  0xf5, 0x66, 0x0f, 0x59, 0xdc, 0x0f, 0x11, 0x14, 0x07, 0x66, 0x41, 0x0f,
  0x28, 0xd0, 0x66, 0x0f, 0x58, 0xd0, 0x66, 0x41, 0x0f, 0x5c, 0xc0, 0x66,
  0x0f, 0x58, 0xf1, 0x66, 0x0f, 0xc6, 0xc9, 0x01, 0x66, 0x0f, 0x28, 0xfb,
  0x66, 0x0f, 0x59, 0xd5, 0x66, 0x0f, 0x59, 0xc4, 0x66, 0x0f, 0x58, 0xd1,
  0x66, 0x0f, 0x28, 0xce, 0x66, 0x0f, 0x5c, 0xc8, 0x66, 0x0f, 0x58, 0xc6,
  0x66, 0x0f, 0x58, 0xfa, 0x66, 0x0f, 0x5c, 0xd3, 0xf2, 0x41, 0x0f, 0x12,
  0x1c, 0x00, 0x66, 0x0f, 0x28, 0xf0, 0x66, 0x0f, 0xc6, 0xc1, 0x02, 0xf2,
  0x0f, 0x10, 0xf1, 0xf2, 0x41, 0x0f, 0x12, 0x4c, 0x03, 0x08, 0x66, 0x0f,
  0x59, 0xf3, 0x66, 0x44, 0x0f, 0x28, 0xc2, 0xf2, 0x41, 0x0f, 0x12, 0x5c,
  0x00, 0x08, 0x66, 0x0f, 0xc6, 0xd7, 0x02, 0x66, 0x0f, 0x59, 0xca, 0xf2,
  0x44, 0x0f, 0x10, 0xc7, 0x66, 0x41, 0x0f, 0x59, 0xd8, 0x66, 0x0f, 0xd0,
  0xf3, 0xf2, 0x41, 0x0f, 0x12, 0x1c, 0x03, 0x66, 0x0f, 0x59, 0xc3, 0x0f,
  0x11, 0x34, 0x06, 0x66, 0x0f, 0xd0, 0xc1, 0x0f, 0x11, 0x04, 0x01, 0x48,
  0x83, 0xc0, 0x10, 0x48, 0x39, 0xd8, 0x0f, 0x85, 0x1c, 0xff, 0xff, 0xff,
  0x49, 0x83, 0xc7, 0x01, 0x4d, 0x01, 0xf2, 0x4d, 0x01, 0xf1, 0x4c, 0x01,
  0xf2, 0x4c, 0x01, 0xef, 0x4c, 0x01, 0xee, 0x4c, 0x01, 0xe9, 0x4d, 0x39,
  0xfc, 0x0f, 0x85, 0x8d, 0xfe, 0xff, 0xff, 0x5b, 0x5d, 0x41, 0x5c, 0x41,
  0x5d, 0x41, 0x5e, 0x41, 0x5f, 0xc3, 0x48, 0x85, 0xf6, 0x74, 0xf0, 0x48,
  0x89, 0xf0, 0x49, 0xc1, 0xe4, 0x05, 0x66, 0x0f, 0x28, 0x2d, 0x4e, 0x26,
  0x01, 0x00, 0x66, 0x0f, 0x28, 0x25, 0x56, 0x26, 0x01, 0x00, 0x48, 0xc1,
  0xe0, 0x04, 0x4a, 0x8d, 0x34, 0x21, 0x48, 0x01, 0xc8, 0x48, 0x89, 0xc7,
  0x0f, 0x1f, 0x84, 0x00, 0x00, 0x00, 0x00, 0x00, 0x66, 0x0f, 0x10, 0x1a,
  0x66, 0x0f, 0x10, 0x3a, 0x48, 0x83, 0xc1, 0x10, 0x48, 0x83, 0xc2, 0x30,
  0x66, 0x0f, 0x10, 0x52, 0xf0, 0x66, 0x0f, 0x10, 0x42, 0xe0, 0x48, 0x83,
  0xc0, 0x10, 0x48, 0x83, 0xc6, 0x10, 0x66, 0x0f, 0x28, 0xca, 0x66, 0x0f,
  0xc6, 0xd2, 0x01, 0x66, 0x0f, 0x58, 0xc8, 0x66, 0x0f, 0xc6, 0xc0, 0x01,
  0x66, 0x0f, 0x5c, 0xc2, 0x66, 0x0f, 0x58, 0xd9, 0x66, 0x0f, 0x59, 0xcd,
  0x66, 0x0f, 0x59, 0xc4, 0x0f, 0x11, 0x59, 0xf0, 0x66, 0x0f, 0x58, 0xcf,
  0x66, 0x0f, 0x28, 0xd1, 0x66, 0x0f, 0x5c, 0xd0, 0x66, 0x0f, 0x58, 0xc1,
  0x66, 0x0f, 0x28, 0xf8, 0xf2, 0x0f, 0x10, 0xfa, 0xf2, 0x0f, 0x10, 0xd0,
  0x0f, 0x11, 0x78, 0xf0, 0x0f, 0x11, 0x56, 0xf0, 0x48, 0x39, 0xcf, 0x75,
  0x8f, 0x5b, 0x5d, 0x41, 0x5c, 0x41, 0x5d, 0x41, 0x5e, 0x41, 0x5f, 0xc3,
  0x0f, 0x1f, 0x40, 0x00, 0x41, 0x57, 0x41, 0x56, 0x41, 0x55, 0x41, 0x54,
  0x49, 0x89, 0xf4, 0x55, 0x53, 0x48, 0x83, 0xff, 0x01, 0x0f, 0x84, 0x04,
  0x02, 0x00, 0x00, 0x48, 0x85, 0xf6, 0x0f, 0x84, 0xf0, 0x01, 0x00, 0x00,
  0x48, 0x89, 0xf8, 0x48, 0x89, 0xfd, 0x4c, 0x8d, 0x6f, 0x01, 0x45, 0x31,
  0xff, 0x48, 0xc1, 0xe0, 0x05, 0x4c, 0x8d, 0x5d, 0xff, 0x48, 0x89, 0xeb,
  0x49, 0xc1, 0xe5, 0x04, 0x4c, 0x8d, 0x34, 0x7f, 0x49, 0xc1, 0xe3, 0x04,
  0x48, 0xc1, 0xe3, 0x04, 0x4e, 0x8d, 0x14, 0x2a, 0x4c, 0x8d, 0x4c, 0x02,
  0x10, 0x48, 0x89, 0xe8, 0x48, 0x8d, 0x79, 0x10, 0x49, 0xc1, 0xe6, 0x04,
  0x48, 0x0f, 0xaf, 0xc6, 0x48, 0x83, 0xc2, 0x10, 0x49, 0x83, 0xed, 0x10,
  0x4d, 0x01, 0xc3, 0x66, 0x0f, 0x28, 0x2d, 0x3d, 0x25, 0x01, 0x00, 0x66,
  0x0f, 0x28, 0x35, 0x55, 0x25, 0x01, 0x00, 0x48, 0x83, 0xeb, 0x10, 0x66,
  0x0f, 0x28, 0x3d, 0x59, 0x25, 0x01, 0x00, 0x48, 0x8d, 0x70, 0x01, 0x48,
  0x8d, 0x44, 0x00, 0x01, 0x48, 0xc1, 0xe6, 0x04, 0x48, 0xc1, 0xe0, 0x04,
  0x48, 0x01, 0xce, 0x48, 0x01, 0xc1, 0x66, 0x90, 0x66, 0x41, 0x0f, 0x10,
  0x42, 0xf0, 0x66, 0x41, 0x0f, 0x10, 0x51, 0xf0, 0x31, 0xc0, 0x66, 0x0f,
  0x10, 0x5a, 0xf0, 0x66, 0x0f, 0x10, 0x62, 0xf0, 0x66, 0x0f, 0x28, 0xc8,
  0x66, 0x0f, 0xc6, 0xc0, 0x01, 0x66, 0x0f, 0x58, 0xca, 0x66, 0x0f, 0xc6,
  0xd2, 0x01, 0x66, 0x0f, 0x5c, 0xc2, 0x66, 0x0f, 0x58, 0xd9, 0x66, 0x0f,
  0x59, 0xcd, 0x66, 0x0f, 0x59, 0xc6, 0x0f, 0x11, 0x5f, 0xf0, 0x66, 0x0f,
  0x58, 0xcc, 0x66, 0x0f, 0x28, 0xd0, 0x66, 0x0f, 0x58, 0xd1, 0x66, 0x0f,
  0x5c, 0xc8, 0x0f, 0x11, 0x56, 0xf0, 0x0f, 0x11, 0x49, 0xf0, 0x48, 0x83,
  0xfd, 0x01, 0x0f, 0x86, 0xf1, 0x00, 0x00, 0x00, 0x66, 0x45, 0x0f, 0x10,
  0x14, 0x01, 0x66, 0x41, 0x0f, 0x10, 0x1c, 0x02, 0x66, 0x0f, 0x10, 0x24,
  0x02, 0x66, 0x41, 0x0f, 0x28, 0xc2, 0x66, 0x0f, 0x28, 0xd3, 0x66, 0x45,
  0x0f, 0x28, 0xca, 0x66, 0x41, 0x0f, 0xc6, 0xc2, 0x01, 0x66, 0x44, 0x0f,
  0x28, 0xc0, 0x66, 0x44, 0x0f, 0x58, 0xcb, 0x66, 0x0f, 0x28, 0xcc, 0x66,
  0x0f, 0xc6, 0xd3, 0x01, 0x66, 0x44, 0x0f, 0x58, 0xc2, 0x66, 0x0f, 0x5c,
  0xd0, 0x66, 0x41, 0x0f, 0x5c, 0xda, 0x66, 0x41, 0x0f, 0x58, 0xc9, 0x66,
  0x44, 0x0f, 0x59, 0xcd, 0x66, 0x44, 0x0f, 0x59, 0xc5, 0x66, 0x0f, 0x59,
  0xd6, 0x0f, 0x11, 0x0c, 0x07, 0xf2, 0x41, 0x0f, 0x12, 0x4c, 0x00, 0x08,
  0x66, 0x44, 0x0f, 0x58, 0xcc, 0x66, 0x0f, 0xc6, 0xe4, 0x01, 0x66, 0x44,
  0x0f, 0x58, 0xc4, 0x66, 0x0f, 0x28, 0xe3, 0xf2, 0x41, 0x0f, 0x12, 0x1c,
  0x00, 0x66, 0x0f, 0x59, 0xe7, 0x66, 0x0f, 0x28, 0xc2, 0x66, 0x41, 0x0f,
  0x58, 0xc1, 0x66, 0x44, 0x0f, 0x5c, 0xca, 0x66, 0x0f, 0x59, 0xd8, 0x66,
  0x0f, 0x28, 0xc4, 0x66, 0x41, 0x0f, 0x58, 0xc0, 0x66, 0x44, 0x0f, 0x5c,
  0xc4, 0x66, 0x0f, 0x59, 0xc8, 0x66, 0x0f, 0x28, 0xc1, 0x66, 0x0f, 0x58,
  0xc3, 0x66, 0x0f, 0x5c, 0xd9, 0xf2, 0x41, 0x0f, 0x12, 0x0c, 0x03, 0x66,
  0x41, 0x0f, 0x59, 0xc9, 0xf2, 0x0f, 0x10, 0xd8, 0xf2, 0x41, 0x0f, 0x12,
  0x44, 0x03, 0x08, 0x66, 0x41, 0x0f, 0x59, 0xc0, 0x0f, 0x11, 0x1c, 0x06,
  0x66, 0x0f, 0x28, 0xd0, 0x66, 0x0f, 0x58, 0xd1, 0x66, 0x0f, 0x5c, 0xc8,
  0xf2, 0x0f, 0x10, 0xca, 0x0f, 0x11, 0x0c, 0x01, 0x48, 0x83, 0xc0, 0x10,
  0x48, 0x39, 0xc3, 0x0f, 0x85, 0x0f, 0xff, 0xff, 0xff, 0x49, 0x83, 0xc7,
  0x01, 0x4d, 0x01, 0xf2, 0x4d, 0x01, 0xf1, 0x4c, 0x01, 0xf2, 0x4c, 0x01,
  0xef, 0x4c, 0x01, 0xee, 0x4c, 0x01, 0xe9, 0x4d, 0x39, 0xfc, 0x0f, 0x85,
  0x90, 0xfe, 0xff, 0xff, 0x5b, 0x5d, 0x41, 0x5c, 0x41, 0x5d, 0x41, 0x5e,
  0x41, 0x5f, 0xc3, 0x48, 0x85, 0xf6, 0x74, 0xf0, 0x48, 0x89, 0xf0, 0x49,
  0xc1, 0xe4, 0x05, 0x66, 0x0f, 0x28, 0x2d, 0x81, 0x23, 0x01, 0x00, 0x66,
  0x0f, 0x28, 0x35, 0x99, 0x23, 0x01, 0x00, 0x48, 0xc1, 0xe0, 0x04, 0x4a,
  0x8d, 0x34, 0x21, 0x48, 0x01, 0xc8, 0x48, 0x89, 0xc7, 0x0f, 0x1f, 0x00,
  0x66, 0x0f, 0x10, 0x1a, 0x66, 0x0f, 0x10, 0x3a, 0x48, 0x83, 0xc1, 0x10,
  0x48, 0x83, 0xc2, 0x30, 0x66, 0x0f, 0x10, 0x52, 0xf0, 0x66, 0x0f, 0x10,
  0x42, 0xe0, 0x48, 0x83, 0xc0, 0x10, 0x48, 0x83, 0xc6, 0x10, 0x66, 0x0f,
  0x28, 0xca, 0x66, 0x0f, 0xc6, 0xd2, 0x01, 0x66, 0x0f, 0x58, 0xc8, 0x66,
  0x0f, 0xc6, 0xc0, 0x01, 0x66, 0x0f, 0x5c, 0xc2, 0x66, 0x0f, 0x58, 0xd9,
  0x66, 0x0f, 0x59, 0xcd, 0x66, 0x0f, 0x59, 0xc6, 0x0f, 0x11, 0x59, 0xf0,
  0x66, 0x0f, 0x58, 0xcf, 0x66, 0x0f, 0x28, 0xd0, 0x66, 0x0f, 0x58, 0xd1,
  0x66, 0x0f, 0x5c, 0xc8, 0x0f, 0x11, 0x50, 0xf0, 0x0f, 0x11, 0x4e, 0xf0,
  0x48, 0x39, 0xcf, 0x75, 0x9b, 0x5b, 0x5d, 0x41, 0x5c, 0x41, 0x5d, 0x41,
  0x5e, 0x41, 0x5f, 0xc3, 0x0f, 0x1f, 0x84, 0x00, 0x00, 0x00, 0x00, 0x00,
  0x41, 0x57, 0x48, 0x89, 0xc8, 0x49, 0x89, 0xf7, 0x41, 0x56, 0x41, 0x55,
  0x41, 0x54, 0x55, 0x53, 0x48, 0x89, 0x74, 0x24, 0xf0, 0x48, 0x89, 0xd6,
  0x48, 0x89, 0x7c, 0x24, 0xe8, 0x48, 0x83, 0xff, 0x01, 0x0f, 0x84, 0x96,
  0x02, 0x00, 0x00, 0x4d, 0x85, 0xff, 0x0f, 0x84, 0x82, 0x02, 0x00, 0x00,
  0x4c, 0x89, 0xc3, 0x4c, 0x8d, 0x42, 0x10, 0x48, 0x89, 0xfa, 0x48, 0x89,
  0xf9, 0x48, 0xc1, 0xe2, 0x05, 0x4c, 0x8d, 0x77, 0x01, 0x48, 0x8d, 0x6f,
  0xff, 0x49, 0x89, 0xff, 0x4c, 0x8d, 0x5c, 0x16, 0x10, 0x48, 0x8d, 0x14,
  0x7f, 0x49, 0xc1, 0xe6, 0x04, 0x49, 0x89, 0xed, 0x48, 0xc1, 0xe2, 0x04,
  0x4e, 0x8d, 0x14, 0x36, 0x49, 0xc1, 0xe5, 0x04, 0x49, 0x83, 0xee, 0x10,
  0x4c, 0x8d, 0x4c, 0x16, 0x10, 0x48, 0xc1, 0xe5, 0x05, 0x49, 0xc1, 0xe7,
  0x06, 0x49, 0x01, 0xdd, 0x48, 0x8b, 0x54, 0x24, 0xf0, 0x48, 0x8d, 0x78,
  0x10, 0x48, 0x01, 0xdd, 0x48, 0xc7, 0x44, 0x24, 0xe0, 0x00, 0x00, 0x00,
  0x00, 0x48, 0x0f, 0xaf, 0xd1, 0x4c, 0x8d, 0x24, 0x12, 0x48, 0x8d, 0x4a,
  0x01, 0x49, 0x8d, 0x74, 0x24, 0x01, 0x4a, 0x8d, 0x54, 0x22, 0x01, 0x4c,
  0x8b, 0x64, 0x24, 0xe8, 0x48, 0xc1, 0xe1, 0x04, 0x48, 0xc1, 0xe6, 0x04,
  0x48, 0xc1, 0xe2, 0x04, 0x48, 0x01, 0xc1, 0x49, 0xc1, 0xe4, 0x04, 0x48,
  0x01, 0xc6, 0x48, 0x01, 0xc2, 0x49, 0x83, 0xec, 0x10, 0x0f, 0x1f, 0x80,
  0x00, 0x00, 0x00, 0x00, 0x66, 0x41, 0x0f, 0x10, 0x4a, 0xf0, 0x66, 0x41,
  0x0f, 0x10, 0x51, 0xf0, 0x31, 0xc0, 0x66, 0x41, 0x0f, 0x10, 0x78, 0xf0,
  0x66, 0x41, 0x0f, 0x10, 0x5b, 0xf0, 0x66, 0x0f, 0x28, 0xe1, 0x66, 0x0f,
  0xc6, 0xc9, 0x01, 0x48, 0x83, 0x7c, 0x24, 0xe8, 0x01, 0x66, 0x0f, 0x58,
  0xe2, 0x66, 0x0f, 0x58, 0xdf, 0x66, 0x0f, 0x28, 0xc7, 0x66, 0x41, 0x0f,
  0x10, 0x7b, 0xf0, 0x66, 0x0f, 0xc6, 0xd2, 0x01, 0x66, 0x0f, 0x5c, 0xca,
  0x66, 0x0f, 0x5c, 0xc7, 0x66, 0x0f, 0x28, 0xd4, 0x66, 0x0f, 0x58, 0xd3,
  0x66, 0x0f, 0x5c, 0xdc, 0x0f, 0x11, 0x57, 0xf0, 0x66, 0x0f, 0x28, 0xd0,
  0x66, 0x0f, 0x58, 0xc1, 0x66, 0x0f, 0x5c, 0xd1, 0x0f, 0x11, 0x5e, 0xf0,
  0x66, 0x0f, 0x28, 0xf0, 0xf2, 0x0f, 0x10, 0xf2, 0xf2, 0x0f, 0x10, 0xd0,
  0x0f, 0x11, 0x71, 0xf0, 0x0f, 0x11, 0x52, 0xf0, 0x0f, 0x86, 0x32, 0x01,
  0x00, 0x00, 0x66, 0x0f, 0x1f, 0x44, 0x00, 0x00, 0x66, 0x41, 0x0f, 0x10,
  0x2c, 0x01, 0x66, 0x41, 0x0f, 0x10, 0x24, 0x03, 0x66, 0x41, 0x0f, 0x10,
  0x14, 0x02, 0x66, 0x41, 0x0f, 0x10, 0x04, 0x00, 0x66, 0x44, 0x0f, 0x28,
  0xd5, 0x66, 0x44, 0x0f, 0x28, 0xcc, 0x66, 0x0f, 0x28, 0xdd, 0x66, 0x44,
  0x0f, 0x58, 0xd2, 0x66, 0x44, 0x0f, 0x58, 0xc8, 0x66, 0x0f, 0x28, 0xfa,
  0x66, 0x0f, 0xc6, 0xdd, 0x01, 0x66, 0x0f, 0xc6, 0xfa, 0x01, 0x66, 0x44,
  0x0f, 0x28, 0xc0, 0x66, 0x0f, 0x5c, 0xd5, 0x66, 0x0f, 0x28, 0xcc, 0x66,
  0x44, 0x0f, 0xc6, 0xc0, 0x01, 0x66, 0x0f, 0xc6, 0xcc, 0x01, 0x66, 0x0f,
  0x5c, 0xc4, 0x66, 0x44, 0x0f, 0x28, 0xdf, 0x66, 0x41, 0x0f, 0x28, 0xea,
  0x66, 0x41, 0x0f, 0x28, 0xe0, 0x66, 0x44, 0x0f, 0x5c, 0xdb, 0x66, 0x41,
  0x0f, 0x58, 0xe9, 0x66, 0x0f, 0x5c, 0xe1, 0x66, 0x0f, 0x28, 0xf0, 0x66,
  0x0f, 0x58, 0xdf, 0x66, 0x41, 0x0f, 0x58, 0xc8, 0x66, 0x41, 0x0f, 0x58,
  0xc3, 0x66, 0x41, 0x0f, 0x5c, 0xf3, 0x0f, 0x11, 0x2c, 0x07, 0x66, 0x0f,
  0x28, 0xea, 0x66, 0x45, 0x0f, 0x5c, 0xca, 0x66, 0x0f, 0x58, 0xec, 0x66,
  0x0f, 0x5c, 0xe2, 0xf2, 0x0f, 0x12, 0x14, 0x03, 0x66, 0x44, 0x0f, 0x28,
  0xd8, 0x66, 0x0f, 0x5c, 0xcb, 0xf2, 0x41, 0x0f, 0x12, 0x5c, 0x05, 0x08,
  0x66, 0x0f, 0xc6, 0xc6, 0x02, 0xf2, 0x44, 0x0f, 0x10, 0xde, 0x66, 0x44,
  0x0f, 0x59, 0xda, 0x66, 0x44, 0x0f, 0x28, 0xe4, 0xf2, 0x0f, 0x12, 0x54,
  0x03, 0x08, 0x66, 0x0f, 0xc6, 0xe5, 0x02, 0x66, 0x0f, 0x59, 0xcb, 0xf2,
  0x44, 0x0f, 0x10, 0xe5, 0x66, 0x41, 0x0f, 0x59, 0xd4, 0x66, 0x44, 0x0f,
  0xd0, 0xda, 0xf2, 0x41, 0x0f, 0x12, 0x54, 0x05, 0x00, 0x66, 0x41, 0x0f,
  0x59, 0xd1, 0x44, 0x0f, 0x11, 0x1c, 0x01, 0x66, 0x0f, 0xd0, 0xd1, 0xf2,
  0x0f, 0x12, 0x4c, 0x05, 0x00, 0x66, 0x0f, 0x59, 0xc8, 0xf2, 0x0f, 0x12,
  0x44, 0x05, 0x08, 0x66, 0x0f, 0x59, 0xc4, 0x0f, 0x11, 0x14, 0x06, 0x66,
  0x0f, 0xd0, 0xc8, 0x0f, 0x11, 0x0c, 0x02, 0x48, 0x83, 0xc0, 0x10, 0x49,
  0x39, 0xc4, 0x0f, 0x85, 0xd4, 0xfe, 0xff, 0xff, 0x48, 0x83, 0x44, 0x24,
  0xe0, 0x01, 0x4d, 0x01, 0xf8, 0x4d, 0x01, 0xfb, 0x4d, 0x01, 0xfa, 0x48,
  0x8b, 0x44, 0x24, 0xe0, 0x4d, 0x01, 0xf9, 0x4c, 0x01, 0xf7, 0x4c, 0x01,
  0xf6, 0x4c, 0x01, 0xf1, 0x4c, 0x01, 0xf2, 0x48, 0x39, 0x44, 0x24, 0xf0,
  0x0f, 0x85, 0x1e, 0xfe, 0xff, 0xff, 0x5b, 0x5d, 0x41, 0x5c, 0x41, 0x5d,
  0x41, 0x5e, 0x41, 0x5f, 0xc3, 0x4c, 0x89, 0xfb, 0x4d, 0x85, 0xff, 0x74,
  0xed, 0x4c, 0x89, 0xf9, 0x4d, 0x89, 0xf8, 0x48, 0xc1, 0xe3, 0x05, 0x31,
  0xd2, 0x48, 0xc1, 0xe1, 0x05, 0x49, 0xc1, 0xe0, 0x04, 0x48, 0x01, 0xc1,
  0x4a, 0x8d, 0x3c, 0x01, 0x49, 0x89, 0xf9, 0x49, 0x29, 0xd9, 0x66, 0x2e,
  0x0f, 0x1f, 0x84, 0x00, 0x00, 0x00, 0x00, 0x00, 0x66, 0x0f, 0x10, 0x54,
  0x96, 0x30, 0x66, 0x0f, 0x10, 0x44, 0x96, 0x10, 0x66, 0x0f, 0x10, 0x3c,
  0x96, 0x66, 0x0f, 0x10, 0x5c, 0x96, 0x20, 0x66, 0x0f, 0x28, 0xe2, 0x66,
  0x0f, 0x10, 0x74, 0x96, 0x20, 0x66, 0x0f, 0xc6, 0xd2, 0x01, 0x66, 0x0f,
  0x58, 0xe0, 0x66, 0x0f, 0x58, 0xdf, 0x66, 0x0f, 0x28, 0xcf, 0x66, 0x0f,
  0xc6, 0xc0, 0x01, 0x66, 0x0f, 0x5c, 0xc2, 0x66, 0x0f, 0x5c, 0xce, 0x66,
  0x0f, 0x28, 0xd4, 0x66, 0x0f, 0x58, 0xd3, 0x66, 0x0f, 0x5c, 0xdc, 0x0f,
  0x11, 0x14, 0x10, 0x66, 0x0f, 0x28, 0xd1, 0x66, 0x0f, 0x5c, 0xd0, 0x66,
  0x0f, 0x58, 0xc1, 0x0f, 0x11, 0x1c, 0x11, 0x66, 0x0f, 0x28, 0xf0, 0xf2,
  0x0f, 0x10, 0xf2, 0xf2, 0x0f, 0x10, 0xd0, 0x41, 0x0f, 0x11, 0x34, 0x11,
  0x0f, 0x11, 0x14, 0x17, 0x48, 0x83, 0xc2, 0x10, 0x49, 0x39, 0xd0, 0x75,
  0x83, 0x5b, 0x5d, 0x41, 0x5c, 0x41, 0x5d, 0x41, 0x5e, 0x41, 0x5f, 0xc3,
  0x0f, 0x1f, 0x84, 0x00, 0x00, 0x00, 0x00, 0x00, 0x41, 0x57, 0x48, 0x89,
  0xc8, 0x49, 0x89, 0xf7, 0x41, 0x56, 0x41, 0x55, 0x41, 0x54, 0x55, 0x53,
  0x48, 0x89, 0x74, 0x24, 0xf0, 0x48, 0x89, 0xd6, 0x48, 0x89, 0x7c, 0x24,
  0xe8, 0x48, 0x83, 0xff, 0x01, 0x0f, 0x84, 0xba, 0x02, 0x00, 0x00, 0x4d,
  0x85, 0xff, 0x0f, 0x84, 0xa6, 0x02, 0x00, 0x00, 0x4c, 0x89, 0xc3, 0x4c,
  0x8d, 0x42, 0x10, 0x48, 0x89, 0xfa, 0x48, 0x89, 0xf9, 0x48, 0xc1, 0xe2,
  0x05, 0x4c, 0x8d, 0x77, 0x01, 0x48, 0x8d, 0x6f, 0xff, 0x49, 0x89, 0xff,
  0x4c, 0x8d, 0x5c, 0x16, 0x10, 0x48, 0x8d, 0x14, 0x7f, 0x49, 0xc1, 0xe6,
  0x04, 0x49, 0x89, 0xed, 0x48, 0xc1, 0xe2, 0x04, 0x4e, 0x8d, 0x14, 0x36,
  0x49, 0xc1, 0xe5, 0x04, 0x49, 0x83, 0xee, 0x10, 0x4c, 0x8d, 0x4c, 0x16,
  0x10, 0x48, 0xc1, 0xe5, 0x05, 0x49, 0xc1, 0xe7, 0x06, 0x49, 0x01, 0xdd,
  0x48, 0x8b, 0x54, 0x24, 0xf0, 0x48, 0x8d, 0x78, 0x10, 0x48, 0x01, 0xdd,
  0x48, 0xc7, 0x44, 0x24, 0xe0, 0x00, 0x00, 0x00, 0x00, 0x48, 0x0f, 0xaf,
  0xd1, 0x4c, 0x8d, 0x24, 0x12, 0x48, 0x8d, 0x4a, 0x01, 0x49, 0x8d, 0x74,
  0x24, 0x01, 0x4a, 0x8d, 0x54, 0x22, 0x01, 0x4c, 0x8b, 0x64, 0x24, 0xe8,
  0x48, 0xc1, 0xe1, 0x04, 0x48, 0xc1, 0xe6, 0x04, 0x48, 0xc1, 0xe2, 0x04,
  0x48, 0x01, 0xc1, 0x49, 0xc1, 0xe4, 0x04, 0x48, 0x01, 0xc6, 0x48, 0x01,
  0xc2, 0x49, 0x83, 0xec, 0x10, 0x0f, 0x1f, 0x80, 0x00, 0x00, 0x00, 0x00,
  0x66, 0x41, 0x0f, 0x10, 0x4a, 0xf0, 0x66, 0x41, 0x0f, 0x10, 0x51, 0xf0,
  0x31, 0xc0, 0x66, 0x41, 0x0f, 0x10, 0x78, 0xf0, 0x66, 0x41, 0x0f, 0x10,
  0x5b, 0xf0, 0x66, 0x0f, 0x28, 0xe1, 0x66, 0x0f, 0xc6, 0xc9, 0x01, 0x48,
  0x83, 0x7c, 0x24, 0xe8, 0x01, 0x66, 0x0f, 0x58, 0xe2, 0x66, 0x0f, 0x58,
  0xdf, 0x66, 0x0f, 0x28, 0xc7, 0x66, 0x41, 0x0f, 0x10, 0x7b, 0xf0, 0x66,
  0x0f, 0xc6, 0xd2, 0x01, 0x66, 0x0f, 0x5c, 0xca, 0x66, 0x0f, 0x5c, 0xc7,
  0x66, 0x0f, 0x28, 0xd4, 0x66, 0x0f, 0x58, 0xd3, 0x66, 0x0f, 0x5c, 0xdc,
  0x0f, 0x11, 0x57, 0xf0, 0x66, 0x0f, 0x28, 0xd0, 0x66, 0x0f, 0x5c, 0xc1,
  0x66, 0x0f, 0x58, 0xd1, 0x0f, 0x11, 0x5e, 0xf0, 0x66, 0x0f, 0x28, 0xf0,
  0xf2, 0x0f, 0x10, 0xf2, 0xf2, 0x0f, 0x10, 0xd0, 0x0f, 0x11, 0x71, 0xf0,
  0x0f, 0x11, 0x52, 0xf0, 0x0f, 0x86, 0x56, 0x01, 0x00, 0x00, 0x66, 0x0f,
  0x1f, 0x44, 0x00, 0x00, 0x66, 0x41, 0x0f, 0x10, 0x14, 0x00, 0x66, 0x41,
  0x0f, 0x10, 0x2c, 0x03, 0x66, 0x41, 0x0f, 0x10, 0x04, 0x02, 0x66, 0x41,
  0x0f, 0x10, 0x24, 0x01, 0x66, 0x0f, 0x28, 0xcd, 0x66, 0x0f, 0x28, 0xda,
  0x66, 0x44, 0x0f, 0x28, 0xd2, 0x66, 0x44, 0x0f, 0x28, 0xc8, 0x66, 0x0f,
  0x5c, 0xdd, 0x66, 0x0f, 0xc6, 0xcd, 0x01, 0x66, 0x44, 0x0f, 0x28, 0xc4,
  0x66, 0x44, 0x0f, 0xc6, 0xc8, 0x01, 0x66, 0x44, 0x0f, 0x28, 0xdd, 0x66,
  0x44, 0x0f, 0x28, 0xe4, 0x66, 0x41, 0x0f, 0x28, 0xe9, 0x66, 0x44, 0x0f,
  0x58, 0xda, 0x66, 0x44, 0x0f, 0x58, 0xe0, 0x66, 0x44, 0x0f, 0xc6, 0xc4,
  0x01, 0x66, 0x44, 0x0f, 0xc6, 0xd2, 0x01, 0x66, 0x41, 0x0f, 0x5c, 0xe8,
  0x66, 0x41, 0x0f, 0x28, 0xd2, 0x66, 0x0f, 0x5c, 0xc4, 0x66, 0x0f, 0x5c,
  0xd1, 0x66, 0x45, 0x0f, 0x58, 0xc1, 0x66, 0x41, 0x0f, 0x28, 0xe4, 0x66,
  0x41, 0x0f, 0x58, 0xca, 0x66, 0x0f, 0x28, 0xfd, 0x66, 0x41, 0x0f, 0x58,
  0xe3, 0x66, 0x45, 0x0f, 0x5c, 0xdc, 0x66, 0x0f, 0x58, 0xfb, 0x66, 0x0f,
  0x28, 0xf2, 0x66, 0x0f, 0x5c, 0xdd, 0xf2, 0x0f, 0x12, 0x2c, 0x03, 0x66,
  0x0f, 0x58, 0xd0, 0x66, 0x0f, 0x5c, 0xf0, 0x0f, 0x11, 0x24, 0x07, 0x66,
  0x41, 0x0f, 0x5c, 0xc8, 0x66, 0x0f, 0x28, 0xc3, 0x66, 0x0f, 0xc6, 0xdf,
  0x02, 0x66, 0x0f, 0x28, 0xe2, 0xf2, 0x0f, 0x10, 0xc7, 0x66, 0x0f, 0xc6,
  0xd6, 0x02, 0x66, 0x0f, 0x59, 0xe8, 0xf2, 0x0f, 0x10, 0xe6, 0xf2, 0x0f,
  0x12, 0x44, 0x03, 0x08, 0x66, 0x0f, 0x59, 0xc4, 0x66, 0x0f, 0x28, 0xe0,
  0x66, 0x0f, 0x58, 0xe5, 0x66, 0x0f, 0x5c, 0xe8, 0xf2, 0x0f, 0x10, 0xec,
  0xf2, 0x41, 0x0f, 0x12, 0x64, 0x05, 0x00, 0x0f, 0x11, 0x2c, 0x01, 0xf2,
  0x41, 0x0f, 0x12, 0x6c, 0x05, 0x08, 0x66, 0x0f, 0x59, 0xcd, 0x66, 0x41,
  0x0f, 0x59, 0xe3, 0x66, 0x0f, 0x28, 0xc1, 0x66, 0x0f, 0x58, 0xc4, 0x66,
  0x0f, 0x5c, 0xe1, 0xf2, 0x0f, 0x12, 0x4c, 0x05, 0x00, 0x66, 0x0f, 0x59,
  0xd9, 0xf2, 0x0f, 0x10, 0xe0, 0xf2, 0x0f, 0x12, 0x44, 0x05, 0x08, 0x66,
  0x0f, 0x59, 0xc2, 0x0f, 0x11, 0x24, 0x06, 0x66, 0x0f, 0x28, 0xc8, 0x66,
  0x0f, 0x58, 0xcb, 0x66, 0x0f, 0x5c, 0xd8, 0xf2, 0x0f, 0x10, 0xd9, 0x0f,
  0x11, 0x1c, 0x02, 0x48, 0x83, 0xc0, 0x10, 0x49, 0x39, 0xc4, 0x0f, 0x85,
  0xb0, 0xfe, 0xff, 0xff, 0x48, 0x83, 0x44, 0x24, 0xe0, 0x01, 0x4d, 0x01,
  0xf8, 0x4d, 0x01, 0xfb, 0x4d, 0x01, 0xfa, 0x48, 0x8b, 0x44, 0x24, 0xe0,
  0x4d, 0x01, 0xf9, 0x4c, 0x01, 0xf7, 0x4c, 0x01, 0xf6, 0x4c, 0x01, 0xf1,
  0x4c, 0x01, 0xf2, 0x48, 0x39, 0x44, 0x24, 0xf0, 0x0f, 0x85, 0xfa, 0xfd,
  0xff, 0xff, 0x5b, 0x5d, 0x41, 0x5c, 0x41, 0x5d, 0x41, 0x5e, 0x41, 0x5f,
  0xc3, 0x4c, 0x89, 0xfb, 0x4d, 0x85, 0xff, 0x74, 0xed, 0x4c, 0x89, 0xf9,
  0x4d, 0x89, 0xf8, 0x48, 0xc1, 0xe3, 0x05, 0x31, 0xd2, 0x48, 0xc1, 0xe1,
  0x05, 0x49, 0xc1, 0xe0, 0x04, 0x48, 0x01, 0xc1, 0x4a, 0x8d, 0x3c, 0x01,
  0x49, 0x89, 0xf9, 0x49, 0x29, 0xd9, 0x66, 0x0f, 0x1f, 0x44, 0x00, 0x00,
  0x66, 0x0f, 0x10, 0x54, 0x96, 0x30, 0x66, 0x0f, 0x10, 0x4c, 0x96, 0x10,
  0x66, 0x0f, 0x10, 0x3c, 0x96, 0x66, 0x0f, 0x10, 0x5c, 0x96, 0x20, 0x66,
  0x0f, 0x28, 0xe2, 0x66, 0x0f, 0x10, 0x74, 0x96, 0x20, 0x66, 0x0f, 0xc6,
  0xd2, 0x01, 0x66, 0x0f, 0x58, 0xe1, 0x66, 0x0f, 0x58, 0xdf, 0x66, 0x0f,
  0xc6, 0xc9, 0x01, 0x66, 0x0f, 0x28, 0xc7, 0x66, 0x0f, 0x5c, 0xca, 0x66,
  0x0f, 0x5c, 0xc6, 0x66, 0x0f, 0x28, 0xd4, 0x66, 0x0f, 0x58, 0xd3, 0x66,
  0x0f, 0x5c, 0xdc, 0x0f, 0x11, 0x14, 0x10, 0x66, 0x0f, 0x28, 0xd1, 0x66,
  0x0f, 0x58, 0xd0, 0x66, 0x0f, 0x5c, 0xc1, 0x0f, 0x11, 0x1c, 0x11, 0x66,
  0x0f, 0x28, 0xf0, 0xf2, 0x0f, 0x10, 0xf2, 0xf2, 0x0f, 0x10, 0xd0, 0x41,
  0x0f, 0x11, 0x34, 0x11, 0x0f, 0x11, 0x14, 0x17, 0x48, 0x83, 0xc2, 0x10,
  0x49, 0x39, 0xd0, 0x75, 0x83, 0x5b, 0x5d, 0x41, 0x5c, 0x41, 0x5d, 0x41,
  0x5e, 0x41, 0x5f, 0xc3, 0x0f, 0x1f, 0x84, 0x00, 0x00, 0x00, 0x00, 0x00,
  0x41, 0x57, 0x41, 0x56, 0x49, 0x89, 0xd6, 0x41, 0x55, 0x41, 0x54, 0x55,
  0x53, 0x48, 0x81, 0xec, 0x60, 0x01, 0x00, 0x00, 0x48, 0x89, 0x7c, 0x24,
  0x78, 0x48, 0x89, 0xb4, 0x24, 0x08, 0x01, 0x00, 0x00, 0x48, 0x83, 0xff,
  0x01, 0x0f, 0x84, 0x94, 0x10, 0x00, 0x00, 0x48, 0x85, 0xf6, 0x0f, 0x84,
  0x1f, 0x0d, 0x00, 0x00, 0x49, 0x89, 0xfd, 0x49, 0x89, 0xf2, 0x48, 0x8d,
  0x34, 0xb5, 0x00, 0x00, 0x00, 0x00, 0x4c, 0x89, 0xb4, 0x24, 0x88, 0x00,
  0x00, 0x00, 0x49, 0x0f, 0xaf, 0xf5, 0x4b, 0x8d, 0x14, 0x12, 0x4d, 0x89,
  0xef, 0x48, 0xc7, 0x44, 0x24, 0x10, 0x00, 0x00, 0x00, 0x00, 0x4e, 0x8d,
  0x0c, 0x12, 0x48, 0x8d, 0x04, 0x3f, 0x49, 0xc1, 0xe7, 0x04, 0x48, 0xc7,
  0x44, 0x24, 0xf0, 0x00, 0x00, 0x00, 0x00, 0x49, 0x0f, 0xaf, 0xd5, 0x48,
  0x89, 0x44, 0x24, 0xa8, 0x48, 0x01, 0xf8, 0x4a, 0x8d, 0x2c, 0xad, 0x00,
  0x00, 0x00, 0x00, 0x48, 0x89, 0x74, 0x24, 0xf8, 0x48, 0xc1, 0xe6, 0x04,
  0x48, 0x8d, 0x7f, 0xff, 0x49, 0x89, 0xc4, 0x48, 0x89, 0x74, 0x24, 0x18,
  0x49, 0xc1, 0xe4, 0x04, 0x4d, 0x0f, 0xaf, 0xcd, 0x4b, 0x8d, 0x1c, 0x3e,
  0x48, 0x89, 0x54, 0x24, 0xe8, 0x48, 0x8b, 0x74, 0x24, 0xe8, 0x4e, 0x8d,
  0x5c, 0x2d, 0x00, 0x4c, 0x89, 0xea, 0x4c, 0x89, 0x9c, 0x24, 0x18, 0x01,
  0x00, 0x00, 0x49, 0xc1, 0xe3, 0x04, 0x49, 0x0f, 0xaf, 0xd2, 0x49, 0x89,
  0xfa, 0x48, 0xc1, 0xe6, 0x04, 0x4c, 0x89, 0x9c, 0x24, 0x20, 0x01, 0x00,
  0x00, 0x4d, 0x89, 0xeb, 0x48, 0x89, 0x74, 0x24, 0x20, 0x48, 0x8d, 0x70,
  0xfd, 0x49, 0xf7, 0xdb, 0x48, 0xc1, 0xe6, 0x04, 0x49, 0xc1, 0xe3, 0x05,
  0x48, 0x89, 0x9c, 0x24, 0x90, 0x00, 0x00, 0x00, 0x4c, 0x01, 0xe3, 0x4c,
  0x01, 0xc6, 0x48, 0x89, 0x9c, 0x24, 0x98, 0x00, 0x00, 0x00, 0x4c, 0x01,
  0xdb, 0x48, 0x89, 0xb4, 0x24, 0x38, 0x01, 0x00, 0x00, 0x48, 0x89, 0xfe,
  0x48, 0xc1, 0xe7, 0x05, 0x48, 0xc1, 0xe6, 0x04, 0x48, 0x89, 0x9c, 0x24,
  0xa0, 0x00, 0x00, 0x00, 0x4c, 0x01, 0xfb, 0x4c, 0x01, 0xc7, 0x4c, 0x01,
  0xc6, 0x4c, 0x89, 0x94, 0x24, 0x28, 0x01, 0x00, 0x00, 0x48, 0x89, 0xb4,
  0x24, 0x30, 0x01, 0x00, 0x00, 0x4c, 0x89, 0xd6, 0x48, 0xd1, 0xee, 0x48,
  0x89, 0x9c, 0x24, 0xb0, 0x00, 0x00, 0x00, 0x4c, 0x89, 0xcb, 0x48, 0xc1,
  0xe6, 0x05, 0x48, 0xc1, 0xe3, 0x04, 0x4c, 0x89, 0xbc, 0x24, 0x10, 0x01,
  0x00, 0x00, 0x48, 0x89, 0x74, 0x24, 0x70, 0x4c, 0x89, 0xd6, 0x49, 0x83,
  0xca, 0x01, 0x48, 0x83, 0xe6, 0xfe, 0x49, 0x8d, 0x44, 0x02, 0xfc, 0x48,
  0x89, 0x9c, 0x24, 0xd8, 0x00, 0x00, 0x00, 0x48, 0x01, 0xcb, 0x48, 0x89,
  0xb4, 0x24, 0x40, 0x01, 0x00, 0x00, 0x48, 0xc1, 0xe6, 0x04, 0x48, 0xc1,
  0xe0, 0x04, 0x4c, 0x01, 0xc6, 0x48, 0x89, 0x9c, 0x24, 0xa8, 0x00, 0x00,
  0x00, 0x48, 0x89, 0xd3, 0x48, 0x89, 0x74, 0x24, 0x40, 0x49, 0x8d, 0x34,
  0x00, 0x4b, 0x8d, 0x44, 0x2a, 0xfe, 0x48, 0xc1, 0xe3, 0x04, 0x48, 0xc1,
  0xe0, 0x04, 0x48, 0x89, 0x5c, 0x24, 0x08, 0x49, 0x8d, 0x1c, 0x00, 0x48,
  0x8b, 0x84, 0x24, 0x28, 0x01, 0x00, 0x00, 0x48, 0x89, 0x74, 0x24, 0x38,
  0x4c, 0x89, 0xee, 0x48, 0x89, 0x5c, 0x24, 0x30, 0x49, 0x8d, 0x44, 0x42,
  0xff, 0x48, 0xc1, 0xe0, 0x04, 0x45, 0x31, 0xed, 0x4c, 0x01, 0xc0, 0x48,
  0x89, 0x44, 0x24, 0x28, 0x49, 0x8d, 0x47, 0xf0, 0x48, 0x89, 0x84, 0x24,
  0xe0, 0x00, 0x00, 0x00, 0x4b, 0x8d, 0x04, 0x20, 0x49, 0x01, 0xc3, 0x48,
  0x89, 0x84, 0x24, 0x50, 0x01, 0x00, 0x00, 0x4a, 0x8d, 0x04, 0x12, 0x4c,
  0x89, 0x9c, 0x24, 0x48, 0x01, 0x00, 0x00, 0x48, 0xc7, 0x84, 0x24, 0x80,
  0x00, 0x00, 0x00, 0x00, 0x00, 0x00, 0x00, 0x66, 0x0f, 0x28, 0x0d, 0xf1,
  0x19, 0x01, 0x00, 0x48, 0x89, 0x44, 0x24, 0x50, 0x4b, 0x8d, 0x04, 0x11,
  0x4d, 0x89, 0xe9, 0x0f, 0x29, 0x8c, 0x24, 0xc8, 0x00, 0x00, 0x00, 0x66,
  0x0f, 0x28, 0x0d, 0xe5, 0x19, 0x01, 0x00, 0x48, 0x89, 0x44, 0x24, 0x48,
  0x4a, 0x8d, 0x44, 0x15, 0x00, 0x0f, 0x29, 0x4c, 0x24, 0x88, 0x66, 0x0f,
  0x28, 0x0d, 0xde, 0x19, 0x01, 0x00, 0x48, 0x89, 0x44, 0x24, 0x58, 0x48,
  0x2b, 0x44, 0x24, 0xa8, 0x0f, 0x29, 0x4c, 0x24, 0x98, 0x66, 0x0f, 0x28,
  0x0d, 0xd7, 0x19, 0x01, 0x00, 0x48, 0x01, 0xc6, 0x48, 0x89, 0x44, 0x24,
  0x60, 0x48, 0x89, 0x74, 0x24, 0x68, 0x4c, 0x89, 0xd6, 0x0f, 0x29, 0x8c,
  0x24, 0xb8, 0x00, 0x00, 0x00, 0x0f, 0x1f, 0x80, 0x00, 0x00, 0x00, 0x00,
  0x48, 0x8b, 0x84, 0x24, 0x88, 0x00, 0x00, 0x00, 0x66, 0x44, 0x0f, 0x28,
  0x74, 0x24, 0x88, 0x66, 0x44, 0x0f, 0x28, 0xbc, 0x24, 0xc8, 0x00, 0x00,
  0x00, 0x66, 0x44, 0x0f, 0x28, 0x64, 0x24, 0x98, 0x66, 0x0f, 0x10, 0x30,
  0x48, 0x8b, 0x84, 0x24, 0x90, 0x00, 0x00, 0x00, 0x66, 0x41, 0x0f, 0x28,
  0xe6, 0x66, 0x44, 0x0f, 0x28, 0x9c, 0x24, 0xb8, 0x00, 0x00, 0x00, 0x48,
  0x83, 0x7c, 0x24, 0x78, 0x01, 0x66, 0x0f, 0x10, 0x08, 0x48, 0x8b, 0x84,
  0x24, 0x98, 0x00, 0x00, 0x00, 0x66, 0x41, 0x0f, 0x28, 0xfb, 0x66, 0x0f,
  0x10, 0x10, 0x48, 0x8b, 0x84, 0x24, 0xa0, 0x00, 0x00, 0x00, 0x66, 0x0f,
  0x28, 0xc2, 0x66, 0x0f, 0xc6, 0xd2, 0x01, 0x66, 0x0f, 0x58, 0xc1, 0x66,
  0x0f, 0xc6, 0xc9, 0x01, 0x66, 0x0f, 0x5c, 0xca, 0x66, 0x0f, 0x10, 0x10,
  0x48, 0x8b, 0x84, 0x24, 0xb0, 0x00, 0x00, 0x00, 0x66, 0x0f, 0x10, 0x18,
  0x48, 0x8b, 0x44, 0x24, 0x10, 0x66, 0x0f, 0x59, 0xf9, 0x66, 0x41, 0x0f,
  0x59, 0xcc, 0x66, 0x0f, 0x28, 0xeb, 0x66, 0x0f, 0xc6, 0xdb, 0x01, 0x66,
  0x0f, 0x58, 0xea, 0x66, 0x0f, 0xc6, 0xd2, 0x01, 0x66, 0x0f, 0x5c, 0xd3,
  0x66, 0x0f, 0x28, 0xde, 0x66, 0x0f, 0x58, 0xd8, 0x66, 0x0f, 0x59, 0xe5,
  0x66, 0x0f, 0x58, 0xdd, 0x66, 0x41, 0x0f, 0x59, 0xef, 0x0f, 0x11, 0x1c,
  0x01, 0x66, 0x41, 0x0f, 0x28, 0xdf, 0x48, 0x8b, 0x44, 0x24, 0x08, 0x66,
  0x0f, 0x59, 0xd8, 0x66, 0x41, 0x0f, 0x59, 0xc6, 0x66, 0x0f, 0x58, 0xde,
  0x66, 0x0f, 0x58, 0xc6, 0x66, 0x0f, 0x58, 0xe3, 0x66, 0x41, 0x0f, 0x28,
  0xdc, 0x66, 0x0f, 0x59, 0xda, 0x66, 0x0f, 0x58, 0xc5, 0x66, 0x41, 0x0f,
  0x59, 0xd3, 0x66, 0x0f, 0x58, 0xdf, 0x66, 0x0f, 0x28, 0xfc, 0x66, 0x0f,
  0x5c, 0xca, 0x66, 0x0f, 0x28, 0xd0, 0x66, 0x0f, 0x5c, 0xfb, 0x66, 0x0f,
  0x58, 0xdc, 0x66, 0x0f, 0x58, 0xc1, 0x66, 0x0f, 0x5c, 0xd1, 0x66, 0x0f,
  0x28, 0xe3, 0xf2, 0x0f, 0x10, 0xe7, 0xf2, 0x0f, 0x10, 0xfb, 0x66, 0x0f,
  0x28, 0xc8, 0x0f, 0x11, 0x24, 0x01, 0x48, 0x8b, 0x44, 0x24, 0x18, 0xf2,
  0x0f, 0x10, 0xca, 0xf2, 0x0f, 0x10, 0xd0, 0x0f, 0x11, 0x3c, 0x01, 0x48,
  0x8b, 0x44, 0x24, 0x20, 0x0f, 0x11, 0x0c, 0x01, 0x48, 0x8b, 0x84, 0x24,
  0xa8, 0x00, 0x00, 0x00, 0x0f, 0x11, 0x10, 0x0f, 0x86, 0xeb, 0x08, 0x00,
  0x00, 0x48, 0x8b, 0x44, 0x24, 0x78, 0x4c, 0x8b, 0x54, 0x24, 0x18, 0x4c,
  0x8b, 0x7c, 0x24, 0x08, 0x48, 0x8b, 0xac, 0x24, 0xd8, 0x00, 0x00, 0x00,
  0x49, 0x8d, 0x1c, 0x01, 0x49, 0x8d, 0x52, 0x10, 0x48, 0x8b, 0x44, 0x24,
  0x20, 0x48, 0x89, 0x1c, 0x24, 0x48, 0x8b, 0x5c, 0x24, 0x10, 0x4d, 0x8d,
  0x6f, 0x20, 0x48, 0x83, 0xc0, 0x10, 0x4c, 0x8d, 0x5b, 0x20, 0x4c, 0x8d,
  0x64, 0x1d, 0x10, 0x49, 0x8d, 0x5a, 0x20, 0x4d, 0x89, 0xfa, 0x49, 0x89,
  0xd7, 0x4d, 0x29, 0xda, 0x49, 0x83, 0xc2, 0x18, 0x49, 0x83, 0xfa, 0x10,
  0x40, 0x0f, 0x97, 0xc5, 0x4d, 0x29, 0xdf, 0x4d, 0x89, 0xfa, 0x49, 0x89,
  0xc7, 0x49, 0x83, 0xc2, 0x08, 0x49, 0x83, 0xfa, 0x10, 0x41, 0x0f, 0x97,
  0xc2, 0x44, 0x21, 0xd5, 0x48, 0x83, 0x7c, 0x24, 0x78, 0x02, 0x41, 0x0f,
  0x95, 0xc2, 0x4d, 0x29, 0xdf, 0x41, 0x21, 0xea, 0x4c, 0x89, 0xfd, 0x48,
  0x83, 0xc5, 0x08, 0x48, 0x83, 0xfd, 0x10, 0x48, 0x8b, 0xac, 0x24, 0xd8,
  0x00, 0x00, 0x00, 0x41, 0x0f, 0x97, 0xc3, 0x4c, 0x29, 0xea, 0x48, 0x83,
  0xc2, 0x08, 0x45, 0x21, 0xd3, 0x48, 0x83, 0xfa, 0x10, 0x48, 0x89, 0xc2,
  0x41, 0x0f, 0x97, 0xc2, 0x4c, 0x29, 0xea, 0x48, 0x83, 0xc2, 0x08, 0x45,
  0x21, 0xd3, 0x48, 0x83, 0xfa, 0x10, 0x0f, 0x97, 0xc2, 0x48, 0x29, 0xd8,
  0x48, 0x83, 0xc0, 0x08, 0x41, 0x21, 0xd3, 0x48, 0x83, 0xf8, 0x10, 0x48,
  0x8d, 0x45, 0xf8, 0x0f, 0x97, 0xc2, 0x44, 0x21, 0xda, 0x48, 0x83, 0xf8,
  0x10, 0x41, 0x0f, 0x97, 0xc3, 0x41, 0x21, 0xd3, 0x4c, 0x89, 0xe2, 0x4c,
  0x29, 0xea, 0x48, 0x89, 0xd0, 0x48, 0x83, 0xc0, 0x08, 0x48, 0x83, 0xf8,
  0x10, 0x0f, 0x97, 0xc2, 0x41, 0x21, 0xd3, 0x4c, 0x89, 0xe2, 0x48, 0x29,
  0xda, 0x48, 0x89, 0xd0, 0x48, 0x83, 0xc0, 0x08, 0x48, 0x83, 0xf8, 0x10,
  0x0f, 0x97, 0xc0, 0x41, 0x84, 0xc3, 0x0f, 0x84, 0x7c, 0x08, 0x00, 0x00,
  0x4c, 0x2b, 0x64, 0x24, 0x20, 0x4c, 0x89, 0xe0, 0x48, 0x83, 0xe8, 0x18,
  0x48, 0x83, 0xf8, 0x10, 0x0f, 0x86, 0x66, 0x08, 0x00, 0x00, 0x48, 0x8b,
  0x44, 0x24, 0x10, 0x48, 0x8b, 0x94, 0x24, 0x88, 0x00, 0x00, 0x00, 0x4c,
  0x89, 0x8c, 0x24, 0xe8, 0x00, 0x00, 0x00, 0x66, 0x45, 0x0f, 0x28, 0xfb,
  0x4c, 0x8b, 0x54, 0x24, 0x08, 0x48, 0x89, 0xb4, 0x24, 0xf0, 0x00, 0x00,
  0x00, 0x4c, 0x8d, 0x7a, 0x10, 0x48, 0x8b, 0x94, 0x24, 0x90, 0x00, 0x00,
  0x00, 0x4c, 0x89, 0xb4, 0x24, 0xf8, 0x00, 0x00, 0x00, 0x48, 0x89, 0x8c,
  0x24, 0x00, 0x01, 0x00, 0x00, 0x4c, 0x8b, 0xb4, 0x24, 0x38, 0x01, 0x00,
  0x00, 0x66, 0x44, 0x0f, 0x28, 0xb4, 0x24, 0xc8, 0x00, 0x00, 0x00, 0x4c,
  0x8d, 0x6a, 0x10, 0x48, 0x8b, 0x94, 0x24, 0x98, 0x00, 0x00, 0x00, 0x4c,
  0x8d, 0x62, 0x10, 0x48, 0x8b, 0x94, 0x24, 0xa0, 0x00, 0x00, 0x00, 0x48,
  0x8d, 0x6a, 0x10, 0x48, 0x8b, 0x94, 0x24, 0xb0, 0x00, 0x00, 0x00, 0x48,
  0x8d, 0x5a, 0x10, 0x48, 0x8d, 0x51, 0x10, 0x48, 0x8b, 0x8c, 0x24, 0x30,
  0x01, 0x00, 0x00, 0x4c, 0x8d, 0x1c, 0x10, 0x48, 0x8b, 0x44, 0x24, 0x18,
  0x49, 0x01, 0xd2, 0x48, 0x01, 0xd0, 0x48, 0x03, 0x54, 0x24, 0x20, 0x48,
  0x89, 0x44, 0x24, 0xa8, 0x48, 0x8b, 0x84, 0x24, 0xa8, 0x00, 0x00, 0x00,
  0x48, 0x89, 0x54, 0x24, 0xb8, 0x48, 0x8b, 0x74, 0x24, 0xa8, 0x4c, 0x8b,
  0x4c, 0x24, 0xb8, 0x48, 0x8d, 0x50, 0x10, 0x31, 0xc0, 0x0f, 0x1f, 0x80,
  0x00, 0x00, 0x00, 0x00, 0x66, 0x41, 0x0f, 0x10, 0x2c, 0x04, 0x66, 0x41,
  0x0f, 0x10, 0x64, 0x04, 0x10, 0x66, 0x41, 0x0f, 0x12, 0x64, 0x04, 0x08,
  0x66, 0x41, 0x0f, 0x10, 0x54, 0x05, 0x00, 0x66, 0x41, 0x0f, 0x10, 0x44,
  0x05, 0x10, 0x66, 0x41, 0x0f, 0x12, 0x44, 0x05, 0x08, 0x66, 0x41, 0x0f,
  0x16, 0x6c, 0x04, 0x10, 0x66, 0x0f, 0x28, 0xcc, 0x66, 0x41, 0x0f, 0x16,
  0x54, 0x05, 0x10, 0x66, 0x0f, 0x28, 0xdd, 0x66, 0x0f, 0x10, 0x34, 0x03,
  0x66, 0x0f, 0x58, 0xc8, 0x66, 0x0f, 0x5c, 0xc4, 0x66, 0x0f, 0x10, 0x64,
  0x03, 0x10, 0x66, 0x0f, 0x12, 0x64, 0x03, 0x08, 0x66, 0x0f, 0x58, 0xda,
  0x66, 0x0f, 0x5c, 0xd5, 0x66, 0x0f, 0x10, 0x6c, 0x05, 0x10, 0x66, 0x0f,
  0x12, 0x6c, 0x05, 0x08, 0x66, 0x44, 0x0f, 0x28, 0xd4, 0x66, 0x45, 0x0f,
  0x10, 0x24, 0x07, 0x66, 0x0f, 0x10, 0x7c, 0x05, 0x00, 0x66, 0x0f, 0x16,
  0x74, 0x03, 0x10, 0x66, 0x44, 0x0f, 0x58, 0xd5, 0x66, 0x0f, 0x5c, 0xec,
  0x66, 0x44, 0x0f, 0x28, 0xde, 0x66, 0x45, 0x0f, 0x10, 0x44, 0x07, 0x10,
  0x66, 0x45, 0x0f, 0x16, 0x64, 0x07, 0x10, 0x66, 0x45, 0x0f, 0x12, 0x44,
  0x07, 0x08, 0x66, 0x0f, 0x28, 0xe3, 0x66, 0x0f, 0x16, 0x7c, 0x05, 0x10,
  0x66, 0x44, 0x0f, 0x58, 0xdf, 0x66, 0x41, 0x0f, 0x58, 0xe4, 0x0f, 0x29,
  0x44, 0x24, 0xd8, 0x66, 0x44, 0x0f, 0x28, 0xcd, 0x66, 0x0f, 0x28, 0xe9,
  0x66, 0x0f, 0x5c, 0xfe, 0x66, 0x41, 0x0f, 0x58, 0xe8, 0x44, 0x0f, 0x29,
  0x4c, 0x24, 0xb8, 0x66, 0x41, 0x0f, 0x58, 0xe3, 0x66, 0x44, 0x0f, 0x28,
  0xef, 0x66, 0x41, 0x0f, 0x58, 0xea, 0x44, 0x0f, 0x29, 0x6c, 0x24, 0xc8,
  0x66, 0x0f, 0x28, 0xf4, 0x66, 0x0f, 0x14, 0xf5, 0x66, 0x0f, 0x15, 0xe5,
  0x66, 0x0f, 0x28, 0xeb, 0x41, 0x0f, 0x11, 0x34, 0x03, 0x66, 0x41, 0x0f,
  0x59, 0xee, 0x66, 0x0f, 0x28, 0x74, 0x24, 0x88, 0x41, 0x0f, 0x11, 0x64,
  0x03, 0x10, 0x66, 0x0f, 0x28, 0xe1, 0x66, 0x41, 0x0f, 0x59, 0xe6, 0x66,
  0x0f, 0x28, 0xfe, 0x66, 0x41, 0x0f, 0x59, 0xfb, 0x66, 0x45, 0x0f, 0x59,
  0xde, 0x66, 0x41, 0x0f, 0x58, 0xec, 0x66, 0x41, 0x0f, 0x58, 0xe0, 0x66,
  0x0f, 0x58, 0xfd, 0x66, 0x0f, 0x28, 0xee, 0x66, 0x41, 0x0f, 0x28, 0xf5,
  0x66, 0x44, 0x0f, 0x28, 0x6c, 0x24, 0x98, 0x66, 0x41, 0x0f, 0x59, 0xea,
  0x66, 0x41, 0x0f, 0x59, 0xf5, 0x66, 0x45, 0x0f, 0x59, 0xcd, 0x66, 0x45,
  0x0f, 0x59, 0xd6, 0x66, 0x0f, 0x58, 0xe5, 0x66, 0x0f, 0x28, 0xea, 0x66,
  0x41, 0x0f, 0x59, 0xef, 0x66, 0x0f, 0x58, 0xf5, 0x66, 0x0f, 0x28, 0xe8,
  0x66, 0x41, 0x0f, 0x59, 0xef, 0x66, 0x44, 0x0f, 0x28, 0xee, 0x66, 0x44,
  0x0f, 0x58, 0xec, 0x66, 0x0f, 0x5c, 0xe6, 0x66, 0x41, 0x0f, 0x58, 0xe9,
  0x66, 0x44, 0x0f, 0x28, 0xcf, 0x66, 0x44, 0x0f, 0x5c, 0xcd, 0x66, 0x0f,
  0x58, 0xef, 0x66, 0x41, 0x0f, 0x10, 0x3c, 0x00, 0x66, 0x41, 0x0f, 0x16,
  0x7c, 0x00, 0x10, 0x66, 0x0f, 0x28, 0xf7, 0x66, 0x41, 0x0f, 0x10, 0x7c,
  0x00, 0x10, 0x66, 0x41, 0x0f, 0x12, 0x7c, 0x00, 0x08, 0x44, 0x0f, 0x29,
  0x4c, 0x24, 0xa8, 0x66, 0x44, 0x0f, 0x59, 0xce, 0x66, 0x41, 0x0f, 0x59,
  0xf5, 0x66, 0x0f, 0x28, 0xc7, 0x66, 0x41, 0x0f, 0x59, 0xc5, 0x66, 0x0f,
  0x59, 0x7c, 0x24, 0xa8, 0x66, 0x44, 0x0f, 0x5c, 0xc8, 0x66, 0x0f, 0x58,
  0xfe, 0x66, 0x41, 0x0f, 0x28, 0xc1, 0x66, 0x0f, 0x14, 0xc7, 0x66, 0x44,
  0x0f, 0x15, 0xcf, 0x41, 0x0f, 0x11, 0x04, 0x02, 0x66, 0x41, 0x0f, 0x10,
  0x04, 0x06, 0x45, 0x0f, 0x11, 0x4c, 0x02, 0x10, 0x66, 0x41, 0x0f, 0x16,
  0x44, 0x06, 0x10, 0x66, 0x0f, 0x28, 0xf0, 0x66, 0x41, 0x0f, 0x10, 0x44,
  0x06, 0x10, 0x66, 0x41, 0x0f, 0x12, 0x44, 0x06, 0x08, 0x66, 0x0f, 0x28,
  0xf8, 0x66, 0x0f, 0x28, 0xc6, 0x66, 0x0f, 0x59, 0xc5, 0x66, 0x44, 0x0f,
  0x28, 0xc8, 0x66, 0x0f, 0x28, 0xc7, 0x66, 0x0f, 0x59, 0xc4, 0x66, 0x0f,
  0x59, 0xfd, 0x66, 0x0f, 0x59, 0xe6, 0x66, 0x44, 0x0f, 0x5c, 0xc8, 0x66,
  0x0f, 0x28, 0x44, 0x24, 0xd8, 0x66, 0x0f, 0x58, 0xfc, 0x66, 0x41, 0x0f,
  0x28, 0xe1, 0x66, 0x0f, 0x14, 0xe7, 0x66, 0x44, 0x0f, 0x15, 0xcf, 0x66,
  0x0f, 0x28, 0x7c, 0x24, 0x88, 0x0f, 0x11, 0x24, 0x06, 0x66, 0x0f, 0x10,
  0x24, 0x01, 0x66, 0x0f, 0x59, 0xdf, 0x44, 0x0f, 0x11, 0x4c, 0x06, 0x10,
  0x66, 0x0f, 0x59, 0xcf, 0x66, 0x0f, 0x16, 0x64, 0x01, 0x10, 0x66, 0x44,
  0x0f, 0x58, 0xe3, 0x66, 0x0f, 0x28, 0x5c, 0x24, 0x98, 0x66, 0x44, 0x0f,
  0x58, 0xc1, 0x66, 0x0f, 0x28, 0x4c, 0x24, 0xc8, 0x66, 0x0f, 0x59, 0xd3,
  0x66, 0x41, 0x0f, 0x59, 0xcf, 0x66, 0x45, 0x0f, 0x58, 0xdc, 0x66, 0x0f,
  0x59, 0xc3, 0x66, 0x45, 0x0f, 0x58, 0xd0, 0x66, 0x0f, 0x28, 0xdc, 0x66,
  0x44, 0x0f, 0x10, 0x04, 0x07, 0x66, 0x41, 0x0f, 0x28, 0xeb, 0x66, 0x44,
  0x0f, 0x16, 0x44, 0x07, 0x10, 0x66, 0x0f, 0x5c, 0xd1, 0x66, 0x0f, 0x28,
  0x4c, 0x24, 0xb8, 0x66, 0x41, 0x0f, 0x59, 0xcf, 0x66, 0x0f, 0x5c, 0xc1,
  0x66, 0x0f, 0x28, 0xca, 0x66, 0x41, 0x0f, 0x58, 0xca, 0x66, 0x44, 0x0f,
  0x5c, 0xd2, 0x66, 0x0f, 0x10, 0x54, 0x01, 0x10, 0x66, 0x0f, 0x12, 0x54,
  0x01, 0x08, 0x66, 0x0f, 0x5c, 0xe8, 0x66, 0x0f, 0x28, 0xf2, 0x66, 0x41,
  0x0f, 0x58, 0xc3, 0x66, 0x44, 0x0f, 0x10, 0x5c, 0x07, 0x10, 0x66, 0x0f,
  0x59, 0xf1, 0x66, 0x44, 0x0f, 0x12, 0x5c, 0x07, 0x08, 0x66, 0x0f, 0x59,
  0xcc, 0x66, 0x0f, 0x59, 0xdd, 0x66, 0x0f, 0x59, 0xd5, 0x66, 0x0f, 0x5c,
  0xde, 0x66, 0x0f, 0x58, 0xca, 0x66, 0x0f, 0x28, 0xd3, 0x66, 0x0f, 0x14,
  0xd1, 0x66, 0x0f, 0x15, 0xd9, 0x66, 0x41, 0x0f, 0x28, 0xca, 0x41, 0x0f,
  0x11, 0x14, 0x01, 0x66, 0x41, 0x0f, 0x59, 0xcb, 0x66, 0x0f, 0x28, 0xd0,
  0x66, 0x41, 0x0f, 0x59, 0xd0, 0x41, 0x0f, 0x11, 0x5c, 0x01, 0x10, 0x66,
  0x41, 0x0f, 0x59, 0xc3, 0x66, 0x45, 0x0f, 0x59, 0xd0, 0x66, 0x0f, 0x5c,
  0xd1, 0x66, 0x44, 0x0f, 0x58, 0xd0, 0x66, 0x0f, 0x28, 0xc2, 0x66, 0x41,
  0x0f, 0x14, 0xc2, 0x66, 0x41, 0x0f, 0x15, 0xd2, 0x0f, 0x11, 0x04, 0x02,
  0x0f, 0x11, 0x54, 0x02, 0x10, 0x48, 0x83, 0xc0, 0x20, 0x48, 0x3b, 0x44,
  0x24, 0x70, 0x0f, 0x85, 0x84, 0xfc, 0xff, 0xff, 0x4c, 0x8b, 0x8c, 0x24,
  0xe8, 0x00, 0x00, 0x00, 0x48, 0x8b, 0xb4, 0x24, 0xf0, 0x00, 0x00, 0x00,
  0x4c, 0x8b, 0xb4, 0x24, 0xf8, 0x00, 0x00, 0x00, 0x48, 0x8b, 0x8c, 0x24,
  0x00, 0x01, 0x00, 0x00, 0x48, 0x8b, 0x9c, 0x24, 0x40, 0x01, 0x00, 0x00,
  0x48, 0x39, 0x9c, 0x24, 0x28, 0x01, 0x00, 0x00, 0x0f, 0x84, 0x4a, 0x03,
  0x00, 0x00, 0x49, 0x8d, 0x04, 0x31, 0x48, 0x8b, 0x5c, 0x24, 0x58, 0xf2,
  0x44, 0x0f, 0x10, 0x15, 0x9c, 0x13, 0x01, 0x00, 0xf2, 0x44, 0x0f, 0x10,
  0x2d, 0x9b, 0x13, 0x01, 0x00, 0x48, 0xc1, 0xe0, 0x04, 0x4c, 0x01, 0xf0,
  0x49, 0x8d, 0x14, 0x19, 0x48, 0x8b, 0x5c, 0x24, 0xf0, 0xf2, 0x44, 0x0f,
  0x10, 0x20, 0xf2, 0x44, 0x0f, 0x10, 0x58, 0x08, 0x48, 0xc1, 0xe2, 0x04,
  0x48, 0x8b, 0x04, 0x24, 0x4c, 0x01, 0xf2, 0xf2, 0x0f, 0x10, 0x2a, 0xf2,
  0x0f, 0x10, 0x62, 0x08, 0x48, 0x01, 0xf0, 0x48, 0xc1, 0xe0, 0x04, 0x66,
  0x0f, 0x28, 0xdd, 0x66, 0x0f, 0x28, 0xc4, 0x4c, 0x01, 0xf0, 0xf2, 0x0f,
  0x10, 0x10, 0xf2, 0x0f, 0x10, 0x48, 0x08, 0x48, 0x8b, 0x44, 0x24, 0x60,
  0xf2, 0x0f, 0x58, 0xda, 0xf2, 0x0f, 0x58, 0xc1, 0x49, 0x8d, 0x14, 0x01,
  0x48, 0x8b, 0x44, 0x24, 0x68, 0xf2, 0x0f, 0x5c, 0xcc, 0x48, 0xc1, 0xe2,
  0x04, 0xf2, 0x0f, 0x5c, 0xd5, 0x4c, 0x01, 0xc8, 0x4c, 0x01, 0xf2, 0x48,
  0xc1, 0xe0, 0x04, 0xf2, 0x0f, 0x10, 0x6a, 0x08, 0xf2, 0x44, 0x0f, 0x10,
  0x0a, 0x4c, 0x01, 0xf0, 0xf2, 0x0f, 0x10, 0x60, 0x08, 0xf2, 0x0f, 0x10,
  0x30, 0x48, 0x8d, 0x04, 0x33, 0x48, 0xc1, 0xe0, 0x04, 0x66, 0x0f, 0x28,
  0xfc, 0x66, 0x44, 0x0f, 0x28, 0xc6, 0x48, 0x01, 0xc8, 0xf2, 0x0f, 0x58,
  0xfd, 0xf2, 0x0f, 0x5c, 0xec, 0x66, 0x0f, 0x28, 0xe3, 0xf2, 0x45, 0x0f,
  0x58, 0xc1, 0xf2, 0x41, 0x0f, 0x58, 0xe4, 0xf2, 0x44, 0x0f, 0x5c, 0xce,
  0xf2, 0x0f, 0x10, 0x35, 0xd8, 0x12, 0x01, 0x00, 0x66, 0x44, 0x0f, 0x28,
  0xfd, 0xf2, 0x0f, 0x10, 0x2d, 0xbb, 0x12, 0x01, 0x00, 0xf2, 0x41, 0x0f,
  0x58, 0xe0, 0xf2, 0x45, 0x0f, 0x59, 0xd0, 0xf2, 0x0f, 0x59, 0xeb, 0xf2,
  0x41, 0x0f, 0x59, 0xf1, 0xf2, 0x0f, 0x11, 0x20, 0xf2, 0x45, 0x0f, 0x59,
  0xef, 0x66, 0x0f, 0x28, 0xe0, 0xf2, 0x41, 0x0f, 0x58, 0xe3, 0xf2, 0x41,
  0x0f, 0x58, 0xec, 0xf2, 0x0f, 0x58, 0xe7, 0xf2, 0x44, 0x0f, 0x58, 0xd5,
  0xf2, 0x0f, 0x10, 0x2d, 0x88, 0x12, 0x01, 0x00, 0xf2, 0x0f, 0x11, 0x60,
  0x08, 0xf2, 0x0f, 0x10, 0x25, 0x73, 0x12, 0x01, 0x00, 0x48, 0x8b, 0x44,
  0x24, 0x40, 0xf2, 0x0f, 0x59, 0xef, 0xf2, 0x0f, 0x59, 0xe0, 0x66, 0x45,
  0x0f, 0x28, 0xf2, 0xf2, 0x41, 0x0f, 0x58, 0xe3, 0xf2, 0x0f, 0x58, 0xe5,
  0xf2, 0x0f, 0x10, 0x2d, 0x68, 0x12, 0x01, 0x00, 0xf2, 0x0f, 0x59, 0xea,
  0xf2, 0x0f, 0x58, 0xf5, 0xf2, 0x0f, 0x10, 0x2d, 0x58, 0x12, 0x01, 0x00,
  0xf2, 0x0f, 0x59, 0xe9, 0xf2, 0x41, 0x0f, 0x58, 0xed, 0x66, 0x44, 0x0f,
  0x28, 0xee, 0xf2, 0x44, 0x0f, 0x58, 0xec, 0xf2, 0x0f, 0x5c, 0xe6, 0xf2,
  0x0f, 0x10, 0x30, 0xf2, 0x44, 0x0f, 0x5c, 0xf5, 0xf2, 0x41, 0x0f, 0x58,
  0xea, 0xf2, 0x44, 0x0f, 0x10, 0x50, 0x08, 0xf2, 0x0f, 0x11, 0x74, 0x24,
  0xb8, 0x48, 0x8b, 0x44, 0x24, 0x50, 0xf2, 0x44, 0x0f, 0x11, 0x54, 0x24,
  0xa8, 0xf2, 0x45, 0x0f, 0x59, 0xd5, 0xf2, 0x41, 0x0f, 0x59, 0xf6, 0x48,
  0x01, 0xd8, 0x48, 0xc1, 0xe0, 0x04, 0x48, 0x01, 0xc8, 0xf2, 0x41, 0x0f,
  0x5c, 0xf2, 0xf2, 0x0f, 0x11, 0x30, 0xf2, 0x44, 0x0f, 0x10, 0x54, 0x24,
  0xa8, 0xf2, 0x0f, 0x59, 0x05, 0xdf, 0x11, 0x01, 0x00, 0xf2, 0x0f, 0x59,
  0x1d, 0xd7, 0x11, 0x01, 0x00, 0xf2, 0x45, 0x0f, 0x59, 0xd6, 0xf2, 0x44,
  0x0f, 0x59, 0x05, 0xc1, 0x11, 0x01, 0x00, 0xf2, 0x0f, 0x59, 0x15, 0xc9,
  0x11, 0x01, 0x00, 0xf2, 0x44, 0x0f, 0x58, 0xd8, 0xf2, 0x0f, 0x10, 0x05,
  0xc4, 0x11, 0x01, 0x00, 0xf2, 0x0f, 0x59, 0x3d, 0xa4, 0x11, 0x01, 0x00,
  0xf2, 0x0f, 0x59, 0x0d, 0xac, 0x11, 0x01, 0x00, 0xf2, 0x44, 0x0f, 0x58,
  0xe3, 0xf2, 0x41, 0x0f, 0x59, 0xc1, 0x66, 0x41, 0x0f, 0x28, 0xf2, 0xf2,
  0x44, 0x0f, 0x10, 0x54, 0x24, 0xb8, 0xf2, 0x44, 0x0f, 0x10, 0x0d, 0x95,
  0x11, 0x01, 0x00, 0xf2, 0x45, 0x0f, 0x59, 0xd5, 0xf2, 0x45, 0x0f, 0x58,
  0xc4, 0xf2, 0x45, 0x0f, 0x59, 0xcf, 0xf2, 0x41, 0x0f, 0x58, 0xfb, 0xf2,
  0x0f, 0x5c, 0xd0, 0xf2, 0x41, 0x0f, 0x58, 0xf2, 0xf2, 0x41, 0x0f, 0x5c,
  0xc9, 0xf2, 0x0f, 0x11, 0x70, 0x08, 0x48, 0x8b, 0x44, 0x24, 0x38, 0xf2,
  0x44, 0x0f, 0x10, 0x10, 0xf2, 0x0f, 0x10, 0x70, 0x08, 0x48, 0x8b, 0x44,
  0x24, 0xf8, 0x66, 0x45, 0x0f, 0x28, 0xf2, 0x66, 0x44, 0x0f, 0x28, 0xee,
  0xf2, 0x44, 0x0f, 0x59, 0xf5, 0x48, 0x01, 0xf0, 0xf2, 0x44, 0x0f, 0x59,
  0xec, 0x48, 0xc1, 0xe0, 0x04, 0xf2, 0x0f, 0x59, 0xf5, 0x48, 0x01, 0xc8,
  0x66, 0x41, 0x0f, 0x28, 0xe8, 0xf2, 0x44, 0x0f, 0x59, 0xd4, 0x66, 0x0f,
  0x28, 0xe2, 0xf2, 0x0f, 0x5c, 0xe9, 0xf2, 0x0f, 0x58, 0xe7, 0xf2, 0x0f,
  0x5c, 0xfa, 0xf2, 0x41, 0x0f, 0x58, 0xc8, 0xf2, 0x45, 0x0f, 0x5c, 0xf5,
  0xf2, 0x41, 0x0f, 0x58, 0xf2, 0xf2, 0x44, 0x0f, 0x11, 0x30, 0xf2, 0x0f,
  0x11, 0x70, 0x08, 0x48, 0x8b, 0x44, 0x24, 0x30, 0xf2, 0x0f, 0x10, 0x18,
  0xf2, 0x0f, 0x10, 0x50, 0x08, 0x48, 0x8b, 0x44, 0x24, 0xe8, 0x66, 0x0f,
  0x28, 0xc3, 0x66, 0x0f, 0x28, 0xf2, 0xf2, 0x0f, 0x59, 0xdc, 0x48, 0x01,
  0xf0, 0xf2, 0x0f, 0x59, 0xc5, 0x48, 0xc1, 0xe0, 0x04, 0xf2, 0x0f, 0x59,
  0xf4, 0x48, 0x01, 0xc8, 0xf2, 0x0f, 0x59, 0xd5, 0xf2, 0x0f, 0x5c, 0xc6,
  0xf2, 0x0f, 0x58, 0xd3, 0xf2, 0x0f, 0x11, 0x00, 0xf2, 0x0f, 0x11, 0x50,
  0x08, 0x48, 0x8b, 0x44, 0x24, 0x28, 0xf2, 0x0f, 0x10, 0x10, 0xf2, 0x44,
  0x0f, 0x10, 0x40, 0x08, 0x48, 0x8b, 0x44, 0x24, 0x48, 0x66, 0x0f, 0x28,
  0xda, 0x66, 0x41, 0x0f, 0x28, 0xc0, 0xf2, 0x0f, 0x59, 0xd9, 0x48, 0x01,
  0xd8, 0xf2, 0x0f, 0x59, 0xc7, 0x48, 0xc1, 0xe0, 0x04, 0xf2, 0x44, 0x0f,
  0x59, 0xc1, 0x48, 0x01, 0xc8, 0xf2, 0x0f, 0x59, 0xd7, 0xf2, 0x0f, 0x5c,
  0xd8, 0xf2, 0x44, 0x0f, 0x58, 0xc2, 0xf2, 0x0f, 0x11, 0x18, 0xf2, 0x44,
  0x0f, 0x11, 0x40, 0x08, 0x48, 0x8b, 0x84, 0x24, 0x20, 0x01, 0x00, 0x00,
  0x48, 0x8b, 0x54, 0x24, 0x78, 0x48, 0x01, 0x84, 0x24, 0x88, 0x00, 0x00,
  0x00, 0x4c, 0x03, 0x8c, 0x24, 0x18, 0x01, 0x00, 0x00, 0x48, 0x83, 0x84,
  0x24, 0x80, 0x00, 0x00, 0x00, 0x01, 0x48, 0x8b, 0x9c, 0x24, 0x80, 0x00,
  0x00, 0x00, 0x48, 0x01, 0x84, 0x24, 0x90, 0x00, 0x00, 0x00, 0x48, 0x01,
  0x84, 0x24, 0x98, 0x00, 0x00, 0x00, 0x48, 0x01, 0x84, 0x24, 0xa0, 0x00,
  0x00, 0x00, 0x48, 0x01, 0x84, 0x24, 0xb0, 0x00, 0x00, 0x00, 0x48, 0x8b,
  0x84, 0x24, 0x10, 0x01, 0x00, 0x00, 0x48, 0x01, 0x54, 0x24, 0xf0, 0x48,
  0x01, 0x84, 0x24, 0xa8, 0x00, 0x00, 0x00, 0x48, 0x01, 0x54, 0x24, 0xf8,
  0x48, 0x01, 0x54, 0x24, 0xe8, 0x48, 0x01, 0x44, 0x24, 0x08, 0x48, 0x01,
  0x44, 0x24, 0x10, 0x48, 0x01, 0x44, 0x24, 0x18, 0x48, 0x01, 0x44, 0x24,
  0x20, 0x48, 0x39, 0x9c, 0x24, 0x08, 0x01, 0x00, 0x00, 0x0f, 0x85, 0x35,
  0xf5, 0xff, 0xff, 0x48, 0x81, 0xc4, 0x60, 0x01, 0x00, 0x00, 0x5b, 0x5d,
  0x41, 0x5c, 0x41, 0x5d, 0x41, 0x5e, 0x41, 0x5f, 0xc3, 0x0f, 0x1f, 0x00,
  0x48, 0x8b, 0x5c, 0x24, 0x10, 0x48, 0x8b, 0x54, 0x24, 0x18, 0x4c, 0x89,
  0x4c, 0x24, 0xa8, 0x31, 0xc0, 0x48, 0x89, 0x74, 0x24, 0xb8, 0x48, 0x8b,
  0xac, 0x24, 0xa0, 0x00, 0x00, 0x00, 0x4c, 0x8d, 0x14, 0x0b, 0x4c, 0x8d,
  0x1c, 0x0a, 0x48, 0x8b, 0x5c, 0x24, 0x08, 0x48, 0x8b, 0x54, 0x24, 0x20,
  0x4c, 0x89, 0x74, 0x24, 0xc8, 0x4c, 0x8b, 0xa4, 0x24, 0xa8, 0x00, 0x00,
  0x00, 0x48, 0x89, 0x4c, 0x24, 0xd8, 0x48, 0x01, 0xcb, 0x48, 0x01, 0xca,
  0x4c, 0x8b, 0x8c, 0x24, 0x98, 0x00, 0x00, 0x00, 0x4c, 0x8b, 0xac, 0x24,
  0xb0, 0x00, 0x00, 0x00, 0x48, 0x8b, 0xb4, 0x24, 0x90, 0x00, 0x00, 0x00,
  0x4c, 0x8b, 0xbc, 0x24, 0x50, 0x01, 0x00, 0x00, 0x4c, 0x8b, 0xb4, 0x24,
  0x48, 0x01, 0x00, 0x00, 0x48, 0x8b, 0x8c, 0x24, 0x88, 0x00, 0x00, 0x00,
  0xf2, 0x41, 0x0f, 0x10, 0x64, 0x01, 0x18, 0xf2, 0x41, 0x0f, 0x10, 0x6c,
  0x01, 0x10, 0xf2, 0x0f, 0x10, 0x4c, 0x06, 0x18, 0xf2, 0x0f, 0x10, 0x54,
  0x06, 0x10, 0x66, 0x0f, 0x28, 0xc4, 0x66, 0x0f, 0x28, 0xdd, 0xf2, 0x41,
  0x0f, 0x10, 0x7c, 0x05, 0x10, 0xf2, 0x0f, 0x10, 0x74, 0x05, 0x10, 0xf2,
  0x0f, 0x58, 0xc1, 0xf2, 0x0f, 0x5c, 0xcc, 0xf2, 0x41, 0x0f, 0x10, 0x64,
  0x05, 0x18, 0xf2, 0x44, 0x0f, 0x10, 0x1d, 0x01, 0x0f, 0x01, 0x00, 0xf2,
  0x0f, 0x58, 0xda, 0xf2, 0x0f, 0x5c, 0xd5, 0xf2, 0x0f, 0x10, 0x6c, 0x05,
  0x18, 0x66, 0x44, 0x0f, 0x28, 0xd7, 0x66, 0x44, 0x0f, 0x28, 0xcc, 0xf2,
  0x44, 0x0f, 0x58, 0xd6, 0xf2, 0x0f, 0x5c, 0xf7, 0xf2, 0x0f, 0x10, 0x3d,
  0xd0, 0x0e, 0x01, 0x00, 0xf2, 0x44, 0x0f, 0x10, 0x05, 0xd7, 0x0e, 0x01,
  0x00, 0xf2, 0x44, 0x0f, 0x58, 0xcd, 0xf2, 0x0f, 0x5c, 0xec, 0xf2, 0x0f,
  0x10, 0x64, 0x01, 0x10, 0xf2, 0x44, 0x0f, 0x10, 0x25, 0xc7, 0x0e, 0x01,
  0x00, 0xf2, 0x0f, 0x59, 0xfb, 0xf2, 0x0f, 0x58, 0xe3, 0xf2, 0x45, 0x0f,
  0x59, 0xda, 0xf2, 0x0f, 0x58, 0x7c, 0x01, 0x10, 0xf2, 0x44, 0x0f, 0x59,
  0xc6, 0xf2, 0x44, 0x0f, 0x59, 0xe1, 0xf2, 0x41, 0x0f, 0x58, 0xe2, 0xf2,
  0x0f, 0x59, 0x1d, 0x8d, 0x0e, 0x01, 0x00, 0xf2, 0x0f, 0x58, 0x5c, 0x01,
  0x10, 0xf2, 0x44, 0x0f, 0x58, 0xdf, 0xf2, 0x0f, 0x10, 0x3d, 0x7a, 0x0e,
  0x01, 0x00, 0xf2, 0x41, 0x0f, 0x11, 0x64, 0x02, 0x10, 0xf2, 0x0f, 0x10,
  0x64, 0x01, 0x18, 0xf2, 0x41, 0x0f, 0x59, 0xf9, 0xf2, 0x0f, 0x58, 0xe0,
  0x66, 0x45, 0x0f, 0x28, 0xf3, 0xf2, 0x41, 0x0f, 0x58, 0xe1, 0xf2, 0x41,
  0x0f, 0x11, 0x64, 0x02, 0x18, 0xf2, 0x0f, 0x10, 0x25, 0x43, 0x0e, 0x01,
  0x00, 0xf2, 0x0f, 0x59, 0xe0, 0xf2, 0x0f, 0x58, 0x64, 0x01, 0x18, 0xf2,
  0x0f, 0x58, 0xe7, 0xf2, 0x0f, 0x10, 0x3d, 0x45, 0x0e, 0x01, 0x00, 0xf2,
  0x0f, 0x59, 0xfa, 0xf2, 0x44, 0x0f, 0x58, 0xc7, 0xf2, 0x0f, 0x10, 0x3d,
  0x2c, 0x0e, 0x01, 0x00, 0xf2, 0x0f, 0x59, 0xfd, 0x66, 0x45, 0x0f, 0x28,
  0xe8, 0xf2, 0x44, 0x0f, 0x58, 0xec, 0xf2, 0x41, 0x0f, 0x5c, 0xe0, 0xf2,
  0x45, 0x0f, 0x10, 0x44, 0x00, 0x08, 0x66, 0x45, 0x0f, 0x28, 0xf8, 0xf2,
  0x41, 0x0f, 0x58, 0xfc, 0xf2, 0x45, 0x0f, 0x59, 0xfd, 0xf2, 0x44, 0x0f,
  0x5c, 0xf7, 0xf2, 0x41, 0x0f, 0x58, 0xfb, 0xf2, 0x45, 0x0f, 0x10, 0x1c,
  0x00, 0x66, 0x45, 0x0f, 0x28, 0xe3, 0xf2, 0x45, 0x0f, 0x59, 0xc6, 0xf2,
  0x45, 0x0f, 0x59, 0xdd, 0xf2, 0x45, 0x0f, 0x59, 0xe6, 0xf2, 0x45, 0x0f,
  0x58, 0xc3, 0xf2, 0x45, 0x0f, 0x10, 0x5c, 0x07, 0xd0, 0xf2, 0x45, 0x0f,
  0x5c, 0xe7, 0xf2, 0x44, 0x0f, 0x11, 0x44, 0x03, 0x18, 0xf2, 0x45, 0x0f,
  0x10, 0x44, 0x07, 0xd8, 0xf2, 0x44, 0x0f, 0x11, 0x64, 0x03, 0x10, 0x66,
  0x45, 0x0f, 0x28, 0xe3, 0xf2, 0x44, 0x0f, 0x59, 0xe7, 0x66, 0x45, 0x0f,
  0x28, 0xe8, 0xf2, 0x44, 0x0f, 0x59, 0xec, 0xf2, 0x44, 0x0f, 0x59, 0xc7,
  0xf2, 0x41, 0x0f, 0x59, 0xe3, 0xf2, 0x45, 0x0f, 0x5c, 0xe5, 0xf2, 0x44,
  0x0f, 0x58, 0xc4, 0xf2, 0x45, 0x0f, 0x11, 0x64, 0x03, 0x10, 0xf2, 0x45,
  0x0f, 0x11, 0x44, 0x03, 0x18, 0xf2, 0x44, 0x0f, 0x59, 0x15, 0x6a, 0x0d,
  0x01, 0x00, 0xf2, 0x0f, 0x59, 0x35, 0x7a, 0x0d, 0x01, 0x00, 0xf2, 0x0f,
  0x59, 0x15, 0x6a, 0x0d, 0x01, 0x00, 0xf2, 0x0f, 0x59, 0x2d, 0x6a, 0x0d,
  0x01, 0x00, 0xf2, 0x44, 0x0f, 0x59, 0x0d, 0x49, 0x0d, 0x01, 0x00, 0xf2,
  0x0f, 0x59, 0x0d, 0x51, 0x0d, 0x01, 0x00, 0xf2, 0x44, 0x0f, 0x58, 0xd3,
  0xf2, 0x0f, 0x59, 0x05, 0x3c, 0x0d, 0x01, 0x00, 0xf2, 0x0f, 0x58, 0x44,
  0x01, 0x18, 0xf2, 0x0f, 0x5c, 0xd6, 0xf2, 0x44, 0x0f, 0x58, 0xc8, 0xf2,
  0x0f, 0x5c, 0xcd, 0x66, 0x0f, 0x28, 0xe2, 0xf2, 0x41, 0x0f, 0x10, 0x44,
  0x06, 0xf8, 0x66, 0x41, 0x0f, 0x28, 0xea, 0x66, 0x0f, 0x28, 0xf0, 0xf2,
  0x0f, 0x5c, 0xe9, 0xf2, 0x41, 0x0f, 0x58, 0xe1, 0xf2, 0x44, 0x0f, 0x5c,
  0xca, 0xf2, 0x41, 0x0f, 0x10, 0x54, 0x06, 0xf0, 0xf2, 0x41, 0x0f, 0x58,
  0xca, 0xf2, 0x44, 0x0f, 0x10, 0x54, 0x07, 0x08, 0xf2, 0x0f, 0x59, 0xc5,
  0x66, 0x0f, 0x28, 0xda, 0xf2, 0x0f, 0x59, 0xd4, 0xf2, 0x0f, 0x59, 0xdd,
  0xf2, 0x0f, 0x59, 0xf4, 0xf2, 0x0f, 0x58, 0xc2, 0xf2, 0x0f, 0x5c, 0xde,
  0xf2, 0x0f, 0x11, 0x44, 0x02, 0x18, 0xf2, 0x0f, 0x10, 0x04, 0x07, 0xf2,
  0x0f, 0x11, 0x5c, 0x02, 0x10, 0x66, 0x0f, 0x28, 0xd0, 0x66, 0x41, 0x0f,
  0x28, 0xda, 0xf2, 0x41, 0x0f, 0x59, 0xd9, 0xf2, 0x0f, 0x59, 0xd1, 0xf2,
  0x44, 0x0f, 0x59, 0xd1, 0xf2, 0x44, 0x0f, 0x59, 0xc8, 0xf2, 0x0f, 0x5c,
  0xd3, 0xf2, 0x45, 0x0f, 0x58, 0xd1, 0xf2, 0x41, 0x0f, 0x11, 0x54, 0x04,
  0x10, 0xf2, 0x45, 0x0f, 0x11, 0x54, 0x04, 0x18, 0x48, 0x83, 0xc0, 0x10,
  0x48, 0x3b, 0x84, 0x24, 0xe0, 0x00, 0x00, 0x00, 0x0f, 0x85, 0x3a, 0xfd,
  0xff, 0xff, 0x4c, 0x8b, 0x4c, 0x24, 0xa8, 0x48, 0x8b, 0x74, 0x24, 0xb8,
  0x4c, 0x8b, 0x74, 0x24, 0xc8, 0x48, 0x8b, 0x4c, 0x24, 0xd8, 0xe9, 0x05,
  0xfc, 0xff, 0xff, 0x48, 0x89, 0xf3, 0x48, 0x85, 0xf6, 0x0f, 0x84, 0x88,
  0xfc, 0xff, 0xff, 0x48, 0x89, 0xf0, 0x48, 0xf7, 0xde, 0x48, 0xc1, 0xe3,
  0x04, 0x66, 0x0f, 0x28, 0x2d, 0x33, 0x0b, 0x01, 0x00, 0x48, 0xc1, 0xe0,
  0x06, 0x48, 0xc1, 0xe6, 0x05, 0x49, 0x89, 0xd9, 0x66, 0x0f, 0x28, 0x35,
  0x30, 0x0b, 0x01, 0x00, 0x48, 0x01, 0xc8, 0x66, 0x0f, 0x28, 0x3d, 0x35,
  0x0b, 0x01, 0x00, 0x66, 0x0f, 0x28, 0x25, 0x3d, 0x0b, 0x01, 0x00, 0x49,
  0x01, 0xc9, 0x48, 0x8d, 0x3c, 0x30, 0x4c, 0x8d, 0x04, 0x1f, 0x4c, 0x01,
  0xc6, 0x0f, 0x1f, 0x80, 0x00, 0x00, 0x00, 0x00, 0x66, 0x0f, 0x10, 0x52,
  0x40, 0x66, 0x0f, 0x10, 0x42, 0x10, 0x48, 0x83, 0xc1, 0x10, 0x48, 0x83,
  0xc2, 0x50, 0x48, 0x83, 0xc6, 0x10, 0x49, 0x83, 0xc0, 0x10, 0x48, 0x83,
  0xc7, 0x10, 0x48, 0x83, 0xc0, 0x10, 0x66, 0x0f, 0x10, 0x5a, 0xe0, 0x66,
  0x0f, 0x28, 0xca, 0x66, 0x44, 0x0f, 0x10, 0x52, 0xb0, 0x66, 0x0f, 0xc6,
  0xd2, 0x01, 0x66, 0x0f, 0x58, 0xc8, 0x66, 0x0f, 0xc6, 0xc0, 0x01, 0x66,
  0x0f, 0x5c, 0xc2, 0x66, 0x0f, 0x10, 0x52, 0xd0, 0x66, 0x44, 0x0f, 0x28,
  0xcb, 0x66, 0x0f, 0xc6, 0xdb, 0x01, 0x66, 0x44, 0x0f, 0x58, 0xca, 0x66,
  0x0f, 0xc6, 0xd2, 0x01, 0x66, 0x0f, 0x5c, 0xd3, 0x66, 0x41, 0x0f, 0x28,
  0xda, 0x66, 0x0f, 0x58, 0xd9, 0x66, 0x44, 0x0f, 0x28, 0xd8, 0x66, 0x44,
  0x0f, 0x59, 0xdc, 0x66, 0x0f, 0x59, 0xc7, 0x66, 0x45, 0x0f, 0x28, 0xc1,
  0x66, 0x41, 0x0f, 0x58, 0xd9, 0x66, 0x44, 0x0f, 0x59, 0xc6, 0x66, 0x44,
  0x0f, 0x59, 0xcd, 0x0f, 0x11, 0x59, 0xf0, 0x66, 0x0f, 0x28, 0xd9, 0x66,
  0x0f, 0x59, 0xdd, 0x66, 0x0f, 0x59, 0xce, 0x66, 0x41, 0x0f, 0x58, 0xda,
  0x66, 0x41, 0x0f, 0x58, 0xca, 0x66, 0x44, 0x0f, 0x58, 0xc3, 0x66, 0x0f,
  0x28, 0xda, 0x66, 0x0f, 0x59, 0xdf, 0x66, 0x41, 0x0f, 0x58, 0xc9, 0x66,
  0x0f, 0x59, 0xd4, 0x66, 0x41, 0x0f, 0x58, 0xdb, 0x66, 0x45, 0x0f, 0x28,
  0xd8, 0x66, 0x0f, 0x5c, 0xc2, 0x66, 0x0f, 0x28, 0xd1, 0x66, 0x44, 0x0f,
  0x5c, 0xdb, 0x66, 0x41, 0x0f, 0x58, 0xd8, 0x66, 0x0f, 0x5c, 0xd0, 0x66,
  0x0f, 0x58, 0xc1, 0x66, 0x44, 0x0f, 0x28, 0xfb, 0x66, 0x0f, 0x28, 0xc8,
  0xf2, 0x45, 0x0f, 0x10, 0xfb, 0xf2, 0x44, 0x0f, 0x10, 0xdb, 0xf2, 0x0f,
  0x10, 0xca, 0xf2, 0x0f, 0x10, 0xd0, 0x44, 0x0f, 0x11, 0x7e, 0xf0, 0x44,
  0x0f, 0x11, 0x58, 0xf0, 0x0f, 0x11, 0x4f, 0xf0, 0x41, 0x0f, 0x11, 0x50,
  0xf0, 0x49, 0x39, 0xc9, 0x0f, 0x85, 0xea, 0xfe, 0xff, 0xff, 0xe9, 0x20,
  0xfb, 0xff, 0xff, 0x66, 0x66, 0x2e, 0x0f, 0x1f, 0x84, 0x00, 0x00, 0x00,
  0x00, 0x00, 0x66, 0x90, 0x41, 0x57, 0x41, 0x56, 0x49, 0x89, 0xd6, 0x41,
  0x55, 0x41, 0x54, 0x55, 0x53, 0x48, 0x81, 0xec, 0x70, 0x01, 0x00, 0x00,
  0x48, 0x89, 0xbc, 0x24, 0x88, 0x00, 0x00, 0x00, 0x48, 0x89, 0xb4, 0x24,
  0x18, 0x01, 0x00, 0x00, 0x48, 0x83, 0xff, 0x01, 0x0f, 0x84, 0x9d, 0x10,
  0x00, 0x00, 0x48, 0x85, 0xf6, 0x0f, 0x84, 0x21, 0x0d, 0x00, 0x00, 0x49,
  0x89, 0xfc, 0x48, 0x8d, 0x14, 0x36, 0x48, 0x8d, 0x3c, 0xb5, 0x00, 0x00,
  0x00, 0x00, 0x49, 0x89, 0xf5, 0x49, 0x0f, 0xaf, 0xfc, 0x48, 0x8d, 0x04,
  0x32, 0x4d, 0x89, 0xe7, 0x4c, 0x89, 0xb4, 0x24, 0x98, 0x00, 0x00, 0x00,
  0x49, 0x0f, 0xaf, 0xd4, 0x4b, 0x8d, 0x1c, 0x24, 0x49, 0xc1, 0xe7, 0x04,
  0x48, 0xc7, 0x44, 0x24, 0x20, 0x00, 0x00, 0x00, 0x00, 0x49, 0x0f, 0xaf,
  0xc4, 0x4e, 0x8d, 0x14, 0x23, 0x4c, 0x89, 0xbc, 0x24, 0x20, 0x01, 0x00,
  0x00, 0x48, 0x89, 0x7c, 0x24, 0x08, 0x48, 0xc1, 0xe7, 0x04, 0x4d, 0x89,
  0xd1, 0x4a, 0x8d, 0x2c, 0xa5, 0x00, 0x00, 0x00, 0x00, 0x48, 0x89, 0x54,
  0x24, 0xd8, 0x4a, 0x8d, 0x74, 0x25, 0x00, 0x49, 0xc1, 0xe1, 0x04, 0x4c,
  0x89, 0xe2, 0x48, 0x89, 0x7c, 0x24, 0x28, 0x48, 0x8b, 0x7c, 0x24, 0xd8,
  0x4d, 0x8d, 0x5c, 0x24, 0xff, 0x48, 0x89, 0xb4, 0x24, 0x28, 0x01, 0x00,
  0x00, 0x48, 0xc1, 0xe6, 0x04, 0x49, 0x0f, 0xaf, 0xd5, 0x4d, 0x89, 0xdd,
  0x48, 0xc1, 0xe7, 0x04, 0x48, 0x89, 0xb4, 0x24, 0x30, 0x01, 0x00, 0x00,
  0x4b, 0x8d, 0x34, 0x3e, 0x48, 0x89, 0x7c, 0x24, 0x30, 0x49, 0x8d, 0x7a,
  0xfd, 0x4c, 0x89, 0x4c, 0x24, 0x88, 0x48, 0xc1, 0xe7, 0x04, 0x49, 0x01,
  0xf1, 0x48, 0x89, 0xb4, 0x24, 0xa0, 0x00, 0x00, 0x00, 0x4c, 0x89, 0xe6,
  0x4c, 0x01, 0xc7, 0x48, 0xf7, 0xde, 0x48, 0x89, 0xbc, 0x24, 0x48, 0x01,
  0x00, 0x00, 0x4c, 0x89, 0xdf, 0x48, 0xc1, 0xe6, 0x05, 0x4c, 0x89, 0x8c,
  0x24, 0xa8, 0x00, 0x00, 0x00, 0x48, 0xc1, 0xe7, 0x04, 0x49, 0x01, 0xf1,
  0x4c, 0x01, 0xc7, 0x4c, 0x89, 0xac, 0x24, 0x38, 0x01, 0x00, 0x00, 0x4c,
  0x89, 0x8c, 0x24, 0xb0, 0x00, 0x00, 0x00, 0x4d, 0x01, 0xf9, 0x4c, 0x89,
  0x8c, 0x24, 0xc0, 0x00, 0x00, 0x00, 0x49, 0x89, 0xc1, 0x48, 0x89, 0xbc,
  0x24, 0x40, 0x01, 0x00, 0x00, 0x4c, 0x89, 0xdf, 0x49, 0xd1, 0xeb, 0x49,
  0xc1, 0xe1, 0x04, 0x49, 0xc1, 0xe3, 0x05, 0x4c, 0x89, 0x8c, 0x24, 0xe8,
  0x00, 0x00, 0x00, 0x49, 0x01, 0xc9, 0x48, 0xc1, 0xe7, 0x05, 0x4c, 0x89,
  0x9c, 0x24, 0x80, 0x00, 0x00, 0x00, 0x4d, 0x89, 0xeb, 0x49, 0x83, 0xcd,
  0x01, 0x4c, 0x01, 0xc7, 0x49, 0x83, 0xe3, 0xfe, 0x4c, 0x89, 0x8c, 0x24,
  0xb8, 0x00, 0x00, 0x00, 0x49, 0x89, 0xd1, 0x4f, 0x8d, 0x54, 0x15, 0xfc,
  0x49, 0xc1, 0xe1, 0x04, 0x4c, 0x89, 0x9c, 0x24, 0x50, 0x01, 0x00, 0x00,
  0x49, 0xc1, 0xe3, 0x04, 0x49, 0xc1, 0xe2, 0x04, 0x4c, 0x89, 0x4c, 0x24,
  0x18, 0x4f, 0x8d, 0x0c, 0x18, 0x4c, 0x8b, 0x9c, 0x24, 0x38, 0x01, 0x00,
  0x00, 0x4c, 0x89, 0x4c, 0x24, 0x50, 0x4f, 0x8d, 0x0c, 0x10, 0x4f, 0x8d,
  0x54, 0x25, 0xfe, 0x49, 0xc1, 0xe2, 0x04, 0x4c, 0x89, 0x4c, 0x24, 0x48,
  0x4f, 0x8d, 0x0c, 0x10, 0x4f, 0x8d, 0x54, 0x5d, 0xff, 0x4c, 0x89, 0x4c,
  0x24, 0x40, 0x4c, 0x8b, 0x4c, 0x24, 0x88, 0x49, 0xc1, 0xe2, 0x04, 0x4f,
  0x8d, 0x1c, 0x10, 0x4d, 0x01, 0xc1, 0x4c, 0x89, 0x5c, 0x24, 0x38, 0x4d,
  0x8d, 0x5f, 0xf0, 0x4c, 0x01, 0xce, 0x4c, 0x01, 0xe8, 0x45, 0x31, 0xd2,
  0x4c, 0x89, 0x8c, 0x24, 0x60, 0x01, 0x00, 0x00, 0x48, 0x89, 0xb4, 0x24,
  0x58, 0x01, 0x00, 0x00, 0x4a, 0x8d, 0x34, 0x2a, 0x4d, 0x89, 0xd1, 0x4c,
  0x89, 0x9c, 0x24, 0xf0, 0x00, 0x00, 0x00, 0x48, 0xc7, 0x44, 0x24, 0xe0,
  0x00, 0x00, 0x00, 0x00, 0x66, 0x0f, 0x28, 0x0d, 0xac, 0x07, 0x01, 0x00,
  0x48, 0x89, 0x44, 0x24, 0x58, 0x4a, 0x8d, 0x44, 0x2d, 0x00, 0x0f, 0x29,
  0x8c, 0x24, 0xc8, 0x00, 0x00, 0x00, 0x66, 0x0f, 0x28, 0x0d, 0xa2, 0x07,
  0x01, 0x00, 0x48, 0x89, 0x44, 0x24, 0x68, 0x48, 0x29, 0xd8, 0x0f, 0x29,
  0x8c, 0x24, 0xd8, 0x00, 0x00, 0x00, 0x66, 0x0f, 0x28, 0x0d, 0xba, 0x07,
  0x01, 0x00, 0x49, 0x01, 0xc4, 0x48, 0xc7, 0x84, 0x24, 0x90, 0x00, 0x00,
  0x00, 0x00, 0x00, 0x00, 0x00, 0x0f, 0x29, 0x4c, 0x24, 0x88, 0x66, 0x0f,
  0x28, 0x0d, 0xae, 0x07, 0x01, 0x00, 0x48, 0x89, 0x44, 0x24, 0x70, 0x0f,
  0x29, 0x4c, 0x24, 0xf8, 0x66, 0x0f, 0x28, 0x0d, 0x7c, 0x07, 0x01, 0x00,
  0x4c, 0x89, 0x64, 0x24, 0x78, 0x48, 0x89, 0x74, 0x24, 0x60, 0x4c, 0x89,
  0xee, 0x0f, 0x29, 0x4c, 0x24, 0xe8, 0x66, 0x2e, 0x0f, 0x1f, 0x84, 0x00,
  0x00, 0x00, 0x00, 0x00, 0x48, 0x8b, 0x84, 0x24, 0x98, 0x00, 0x00, 0x00,
  0x66, 0x44, 0x0f, 0x28, 0x6c, 0x24, 0x88, 0x66, 0x44, 0x0f, 0x28, 0xbc,
  0x24, 0xc8, 0x00, 0x00, 0x00, 0x66, 0x0f, 0x28, 0x7c, 0x24, 0xf8, 0x66,
  0x44, 0x0f, 0x28, 0xb4, 0x24, 0xd8, 0x00, 0x00, 0x00, 0x66, 0x0f, 0x10,
  0x30, 0x48, 0x8b, 0x84, 0x24, 0xa0, 0x00, 0x00, 0x00, 0x48, 0x83, 0xbc,
  0x24, 0x88, 0x00, 0x00, 0x00, 0x01, 0x66, 0x41, 0x0f, 0x28, 0xe6, 0x66,
  0x0f, 0x10, 0x08, 0x48, 0x8b, 0x84, 0x24, 0xa8, 0x00, 0x00, 0x00, 0x66,
  0x0f, 0x10, 0x10, 0x48, 0x8b, 0x84, 0x24, 0xb0, 0x00, 0x00, 0x00, 0x66,
  0x0f, 0x28, 0xc2, 0x66, 0x0f, 0xc6, 0xd2, 0x01, 0x66, 0x0f, 0x58, 0xc1,
  0x66, 0x0f, 0xc6, 0xc9, 0x01, 0x66, 0x0f, 0x5c, 0xca, 0x66, 0x0f, 0x10,
  0x10, 0x48, 0x8b, 0x84, 0x24, 0xc0, 0x00, 0x00, 0x00, 0x66, 0x0f, 0x10,
  0x18, 0x48, 0x8b, 0x44, 0x24, 0x20, 0x66, 0x0f, 0x59, 0xf9, 0x66, 0x41,
  0x0f, 0x59, 0xcd, 0x66, 0x0f, 0x28, 0xeb, 0x66, 0x0f, 0xc6, 0xdb, 0x01,
  0x66, 0x0f, 0x58, 0xea, 0x66, 0x0f, 0xc6, 0xd2, 0x01, 0x66, 0x0f, 0x5c,
  0xd3, 0x66, 0x0f, 0x28, 0xde, 0x66, 0x0f, 0x58, 0xd8, 0x66, 0x0f, 0x59,
  0xe5, 0x66, 0x0f, 0x58, 0xdd, 0x66, 0x41, 0x0f, 0x59, 0xef, 0x0f, 0x11,
  0x1c, 0x01, 0x66, 0x41, 0x0f, 0x28, 0xdf, 0x48, 0x8b, 0x44, 0x24, 0x18,
  0x66, 0x0f, 0x59, 0xd8, 0x66, 0x41, 0x0f, 0x59, 0xc6, 0x66, 0x0f, 0x58,
  0xde, 0x66, 0x0f, 0x58, 0xc6, 0x66, 0x0f, 0x58, 0xe3, 0x66, 0x41, 0x0f,
  0x28, 0xdd, 0x66, 0x0f, 0x59, 0xda, 0x66, 0x0f, 0x58, 0xc5, 0x66, 0x0f,
  0x59, 0x54, 0x24, 0xe8, 0x66, 0x0f, 0x58, 0xdf, 0x66, 0x0f, 0x28, 0xfc,
  0x66, 0x0f, 0x58, 0xca, 0x66, 0x0f, 0x28, 0xd0, 0x66, 0x0f, 0x5c, 0xfb,
  0x66, 0x0f, 0x58, 0xdc, 0x66, 0x0f, 0x58, 0xc1, 0x66, 0x0f, 0x5c, 0xd1,
  0x66, 0x0f, 0x28, 0xe3, 0xf2, 0x0f, 0x10, 0xe7, 0xf2, 0x0f, 0x10, 0xfb,
  0x66, 0x0f, 0x28, 0xc8, 0x0f, 0x11, 0x24, 0x01, 0x48, 0x8b, 0x44, 0x24,
  0x28, 0xf2, 0x0f, 0x10, 0xca, 0xf2, 0x0f, 0x10, 0xd0, 0x0f, 0x11, 0x3c,
  0x01, 0x48, 0x8b, 0x44, 0x24, 0x30, 0x0f, 0x11, 0x0c, 0x01, 0x48, 0x8b,
  0x84, 0x24, 0xb8, 0x00, 0x00, 0x00, 0x0f, 0x11, 0x10, 0x0f, 0x86, 0xd7,
  0x08, 0x00, 0x00, 0x48, 0x8b, 0x84, 0x24, 0x88, 0x00, 0x00, 0x00, 0x4c,
  0x8b, 0x54, 0x24, 0x28, 0x4c, 0x8b, 0x7c, 0x24, 0x18, 0x48, 0x8b, 0xac,
  0x24, 0xe8, 0x00, 0x00, 0x00, 0x49, 0x8d, 0x1c, 0x01, 0x49, 0x8d, 0x52,
  0x10, 0x48, 0x8b, 0x44, 0x24, 0x30, 0x48, 0x89, 0x5c, 0x24, 0x10, 0x48,
  0x8b, 0x5c, 0x24, 0x20, 0x4d, 0x8d, 0x6f, 0x20, 0x48, 0x83, 0xc0, 0x10,
  0x4c, 0x8d, 0x5b, 0x20, 0x4c, 0x8d, 0x64, 0x1d, 0x10, 0x49, 0x8d, 0x5a,
  0x20, 0x4d, 0x89, 0xfa, 0x49, 0x89, 0xd7, 0x4d, 0x29, 0xda, 0x49, 0x83,
  0xc2, 0x18, 0x49, 0x83, 0xfa, 0x10, 0x40, 0x0f, 0x97, 0xc5, 0x4d, 0x29,
  0xdf, 0x4d, 0x89, 0xfa, 0x49, 0x89, 0xc7, 0x49, 0x83, 0xc2, 0x08, 0x49,
  0x83, 0xfa, 0x10, 0x41, 0x0f, 0x97, 0xc2, 0x44, 0x21, 0xd5, 0x48, 0x83,
  0xbc, 0x24, 0x88, 0x00, 0x00, 0x00, 0x02, 0x41, 0x0f, 0x95, 0xc2, 0x4d,
  0x29, 0xdf, 0x41, 0x21, 0xea, 0x4c, 0x89, 0xfd, 0x48, 0x83, 0xc5, 0x08,
  0x48, 0x83, 0xfd, 0x10, 0x48, 0x8b, 0xac, 0x24, 0xe8, 0x00, 0x00, 0x00,
  0x41, 0x0f, 0x97, 0xc3, 0x4c, 0x29, 0xea, 0x48, 0x83, 0xc2, 0x08, 0x45,
  0x21, 0xd3, 0x48, 0x83, 0xfa, 0x10, 0x48, 0x89, 0xc2, 0x41, 0x0f, 0x97,
  0xc2, 0x4c, 0x29, 0xea, 0x48, 0x83, 0xc2, 0x08, 0x45, 0x21, 0xd3, 0x48,
  0x83, 0xfa, 0x10, 0x0f, 0x97, 0xc2, 0x48, 0x29, 0xd8, 0x48, 0x83, 0xc0,
  0x08, 0x41, 0x21, 0xd3, 0x48, 0x83, 0xf8, 0x10, 0x48, 0x8d, 0x45, 0xf8,
  0x0f, 0x97, 0xc2, 0x44, 0x21, 0xda, 0x48, 0x83, 0xf8, 0x10, 0x41, 0x0f,
  0x97, 0xc3, 0x41, 0x21, 0xd3, 0x4c, 0x89, 0xe2, 0x4c, 0x29, 0xea, 0x48,
  0x89, 0xd0, 0x48, 0x83, 0xc0, 0x08, 0x48, 0x83, 0xf8, 0x10, 0x0f, 0x97,
  0xc2, 0x41, 0x21, 0xd3, 0x4c, 0x89, 0xe2, 0x48, 0x29, 0xda, 0x48, 0x89,
  0xd0, 0x48, 0x83, 0xc0, 0x08, 0x48, 0x83, 0xf8, 0x10, 0x0f, 0x97, 0xc0,
  0x41, 0x84, 0xc3, 0x0f, 0x84, 0x67, 0x08, 0x00, 0x00, 0x4c, 0x2b, 0x64,
  0x24, 0x30, 0x4c, 0x89, 0xe0, 0x48, 0x83, 0xe8, 0x18, 0x48, 0x83, 0xf8,
  0x10, 0x0f, 0x86, 0x51, 0x08, 0x00, 0x00, 0x48, 0x8b, 0x94, 0x24, 0x98,
  0x00, 0x00, 0x00, 0x48, 0x8b, 0x44, 0x24, 0x20, 0x4c, 0x89, 0x8c, 0x24,
  0xf8, 0x00, 0x00, 0x00, 0x4c, 0x8b, 0x54, 0x24, 0x18, 0x48, 0x89, 0xb4,
  0x24, 0x00, 0x01, 0x00, 0x00, 0x4c, 0x8d, 0x7a, 0x10, 0x48, 0x8b, 0x94,
  0x24, 0xa0, 0x00, 0x00, 0x00, 0x4c, 0x89, 0xb4, 0x24, 0x08, 0x01, 0x00,
  0x00, 0x48, 0x89, 0x8c, 0x24, 0x10, 0x01, 0x00, 0x00, 0x4c, 0x8b, 0xb4,
  0x24, 0x48, 0x01, 0x00, 0x00, 0x4c, 0x8d, 0x6a, 0x10, 0x48, 0x8b, 0x94,
  0x24, 0xa8, 0x00, 0x00, 0x00, 0x4c, 0x8d, 0x62, 0x10, 0x48, 0x8b, 0x94,
  0x24, 0xb0, 0x00, 0x00, 0x00, 0x48, 0x8d, 0x6a, 0x10, 0x48, 0x8b, 0x94,
  0x24, 0xc0, 0x00, 0x00, 0x00, 0x48, 0x8d, 0x5a, 0x10, 0x48, 0x8d, 0x51,
  0x10, 0x48, 0x8b, 0x8c, 0x24, 0x40, 0x01, 0x00, 0x00, 0x4c, 0x8d, 0x1c,
  0x10, 0x48, 0x8b, 0x44, 0x24, 0x28, 0x49, 0x01, 0xd2, 0x48, 0x01, 0xd0,
  0x48, 0x03, 0x54, 0x24, 0x30, 0x48, 0x89, 0x44, 0x24, 0x98, 0x48, 0x8b,
  0x84, 0x24, 0xb8, 0x00, 0x00, 0x00, 0x48, 0x89, 0x54, 0x24, 0xa8, 0x48,
  0x8b, 0x74, 0x24, 0x98, 0x4c, 0x8b, 0x4c, 0x24, 0xa8, 0x48, 0x8d, 0x50,
  0x10, 0x31, 0xc0, 0x90, 0x66, 0x41, 0x0f, 0x10, 0x2c, 0x04, 0x66, 0x41,
  0x0f, 0x10, 0x5c, 0x04, 0x10, 0x66, 0x41, 0x0f, 0x12, 0x5c, 0x04, 0x08,
  0x66, 0x41, 0x0f, 0x10, 0x64, 0x05, 0x00, 0x66, 0x41, 0x0f, 0x10, 0x54,
  0x05, 0x10, 0x66, 0x41, 0x0f, 0x12, 0x54, 0x05, 0x08, 0x66, 0x41, 0x0f,
  0x16, 0x6c, 0x04, 0x10, 0x66, 0x0f, 0x28, 0xc3, 0x66, 0x41, 0x0f, 0x16,
  0x64, 0x05, 0x10, 0x66, 0x0f, 0x28, 0xcd, 0x66, 0x0f, 0x10, 0x34, 0x03,
  0x66, 0x0f, 0x58, 0xc2, 0x66, 0x0f, 0x5c, 0xd3, 0x66, 0x0f, 0x10, 0x5c,
  0x03, 0x10, 0x66, 0x0f, 0x12, 0x5c, 0x03, 0x08, 0x66, 0x0f, 0x58, 0xcc,
  0x66, 0x0f, 0x5c, 0xe5, 0x66, 0x0f, 0x10, 0x6c, 0x05, 0x10, 0x66, 0x0f,
  0x12, 0x6c, 0x05, 0x08, 0x66, 0x44, 0x0f, 0x28, 0xd3, 0x66, 0x45, 0x0f,
  0x10, 0x24, 0x07, 0x66, 0x0f, 0x10, 0x7c, 0x05, 0x00, 0x66, 0x0f, 0x16,
  0x74, 0x03, 0x10, 0x66, 0x44, 0x0f, 0x58, 0xd5, 0x66, 0x0f, 0x5c, 0xeb,
  0x66, 0x44, 0x0f, 0x28, 0xde, 0x66, 0x45, 0x0f, 0x10, 0x44, 0x07, 0x10,
  0x66, 0x45, 0x0f, 0x16, 0x64, 0x07, 0x10, 0x66, 0x45, 0x0f, 0x12, 0x44,
  0x07, 0x08, 0x66, 0x0f, 0x28, 0xd9, 0x66, 0x0f, 0x16, 0x7c, 0x05, 0x10,
  0x66, 0x44, 0x0f, 0x58, 0xdf, 0x66, 0x41, 0x0f, 0x58, 0xdc, 0x0f, 0x29,
  0x54, 0x24, 0x98, 0x66, 0x0f, 0x28, 0x54, 0x24, 0xf8, 0x66, 0x44, 0x0f,
  0x28, 0xcd, 0x66, 0x0f, 0x28, 0xe8, 0x66, 0x0f, 0x5c, 0xfe, 0x66, 0x41,
  0x0f, 0x58, 0xe8, 0x44, 0x0f, 0x29, 0x4c, 0x24, 0xb8, 0x66, 0x41, 0x0f,
  0x58, 0xdb, 0x66, 0x44, 0x0f, 0x28, 0xef, 0x66, 0x41, 0x0f, 0x28, 0xfb,
  0x66, 0x41, 0x0f, 0x58, 0xea, 0x66, 0x41, 0x0f, 0x59, 0xfe, 0x44, 0x0f,
  0x29, 0x6c, 0x24, 0xc8, 0x66, 0x45, 0x0f, 0x59, 0xdf, 0x66, 0x0f, 0x28,
  0xf3, 0x66, 0x0f, 0x14, 0xf5, 0x66, 0x0f, 0x15, 0xdd, 0x66, 0x0f, 0x28,
  0xe9, 0x66, 0x41, 0x0f, 0x59, 0xef, 0x41, 0x0f, 0x11, 0x5c, 0x03, 0x10,
  0x66, 0x0f, 0x28, 0xd8, 0x66, 0x41, 0x0f, 0x59, 0xdf, 0x41, 0x0f, 0x11,
  0x34, 0x03, 0x66, 0x41, 0x0f, 0x28, 0xf5, 0x66, 0x44, 0x0f, 0x28, 0x6c,
  0x24, 0x88, 0x66, 0x41, 0x0f, 0x59, 0xce, 0x66, 0x41, 0x0f, 0x59, 0xf5,
  0x66, 0x45, 0x0f, 0x59, 0xcd, 0x66, 0x41, 0x0f, 0x58, 0xec, 0x66, 0x41,
  0x0f, 0x59, 0xc6, 0x66, 0x41, 0x0f, 0x58, 0xd8, 0x66, 0x44, 0x0f, 0x58,
  0xe1, 0x66, 0x0f, 0x58, 0xfd, 0x66, 0x41, 0x0f, 0x28, 0xea, 0x66, 0x41,
  0x0f, 0x59, 0xee, 0x66, 0x44, 0x0f, 0x58, 0xc0, 0x66, 0x45, 0x0f, 0x58,
  0xdc, 0x66, 0x45, 0x0f, 0x59, 0xd7, 0x66, 0x44, 0x0f, 0x28, 0xef, 0x66,
  0x0f, 0x58, 0xdd, 0x66, 0x0f, 0x28, 0xea, 0x66, 0x0f, 0x59, 0xec, 0x66,
  0x45, 0x0f, 0x58, 0xd0, 0x66, 0x0f, 0x58, 0xf5, 0x66, 0x0f, 0x28, 0x6c,
  0x24, 0x98, 0x66, 0x0f, 0x59, 0xea, 0x66, 0x41, 0x0f, 0x58, 0xe9, 0x66,
  0x44, 0x0f, 0x28, 0xce, 0x66, 0x44, 0x0f, 0x58, 0xcb, 0x66, 0x0f, 0x5c,
  0xde, 0x66, 0x41, 0x0f, 0x10, 0x34, 0x00, 0x66, 0x44, 0x0f, 0x5c, 0xed,
  0x66, 0x41, 0x0f, 0x16, 0x74, 0x00, 0x10, 0x66, 0x0f, 0x58, 0xef, 0x66,
  0x41, 0x0f, 0x10, 0x7c, 0x00, 0x10, 0x66, 0x41, 0x0f, 0x12, 0x7c, 0x00,
  0x08, 0x66, 0x0f, 0x28, 0xd6, 0x44, 0x0f, 0x29, 0x4c, 0x24, 0xa8, 0x66,
  0x0f, 0x28, 0x4c, 0x24, 0x88, 0x66, 0x0f, 0x59, 0x74, 0x24, 0xa8, 0x66,
  0x0f, 0x28, 0x44, 0x24, 0xc8, 0x66, 0x44, 0x0f, 0x59, 0xcf, 0x66, 0x44,
  0x0f, 0x28, 0x64, 0x24, 0xb8, 0x66, 0x44, 0x0f, 0x10, 0x04, 0x07, 0x66,
  0x41, 0x0f, 0x59, 0xd5, 0x66, 0x41, 0x0f, 0x59, 0xfd, 0x66, 0x44, 0x0f,
  0x16, 0x44, 0x07, 0x10, 0x66, 0x0f, 0x59, 0xe1, 0x66, 0x44, 0x0f, 0x58,
  0xca, 0x66, 0x0f, 0x5c, 0xf7, 0x66, 0x41, 0x0f, 0x28, 0xf9, 0x66, 0x0f,
  0x14, 0xfe, 0x66, 0x44, 0x0f, 0x15, 0xce, 0x66, 0x41, 0x0f, 0x10, 0x34,
  0x06, 0x41, 0x0f, 0x11, 0x3c, 0x02, 0x66, 0x41, 0x0f, 0x10, 0x7c, 0x06,
  0x10, 0x66, 0x41, 0x0f, 0x12, 0x7c, 0x06, 0x08, 0x66, 0x41, 0x0f, 0x16,
  0x74, 0x06, 0x10, 0x45, 0x0f, 0x11, 0x4c, 0x02, 0x10, 0x66, 0x0f, 0x28,
  0xd7, 0x66, 0x0f, 0x59, 0xd3, 0x66, 0x44, 0x0f, 0x28, 0xca, 0x66, 0x0f,
  0x28, 0xd6, 0x66, 0x0f, 0x59, 0xd5, 0x66, 0x0f, 0x59, 0xf3, 0x66, 0x0f,
  0x59, 0xef, 0x66, 0x44, 0x0f, 0x58, 0xca, 0x66, 0x0f, 0x28, 0x54, 0x24,
  0x98, 0x66, 0x0f, 0x5c, 0xf5, 0x66, 0x0f, 0x59, 0xd1, 0x66, 0x41, 0x0f,
  0x28, 0xeb, 0x66, 0x41, 0x0f, 0x28, 0xd9, 0x66, 0x0f, 0x14, 0xde, 0x66,
  0x44, 0x0f, 0x15, 0xce, 0x66, 0x0f, 0x28, 0x74, 0x24, 0xe8, 0x0f, 0x11,
  0x1c, 0x06, 0x66, 0x0f, 0x10, 0x5c, 0x01, 0x10, 0x66, 0x0f, 0x12, 0x5c,
  0x01, 0x08, 0x66, 0x0f, 0x59, 0xc6, 0x44, 0x0f, 0x11, 0x4c, 0x06, 0x10,
  0x66, 0x44, 0x0f, 0x59, 0xe6, 0x66, 0x0f, 0x28, 0xcb, 0x66, 0x0f, 0x58,
  0xe0, 0x66, 0x0f, 0x10, 0x04, 0x01, 0x66, 0x41, 0x0f, 0x58, 0xd4, 0x66,
  0x0f, 0x16, 0x44, 0x01, 0x10, 0x66, 0x0f, 0x28, 0xf4, 0x66, 0x0f, 0x5c,
  0xea, 0x66, 0x41, 0x0f, 0x58, 0xf2, 0x66, 0x44, 0x0f, 0x5c, 0xd4, 0x66,
  0x0f, 0x28, 0xe0, 0x66, 0x41, 0x0f, 0x58, 0xd3, 0x66, 0x44, 0x0f, 0x10,
  0x5c, 0x07, 0x10, 0x66, 0x44, 0x0f, 0x12, 0x5c, 0x07, 0x08, 0x66, 0x0f,
  0x59, 0xdd, 0x66, 0x0f, 0x59, 0xce, 0x66, 0x0f, 0x59, 0xe5, 0x66, 0x0f,
  0x59, 0xc6, 0x66, 0x0f, 0x58, 0xcc, 0x66, 0x0f, 0x5c, 0xc3, 0x66, 0x0f,
  0x28, 0xd9, 0x66, 0x0f, 0x15, 0xc8, 0x66, 0x0f, 0x14, 0xd8, 0x66, 0x41,
  0x0f, 0x28, 0xc2, 0x41, 0x0f, 0x11, 0x4c, 0x01, 0x10, 0x66, 0x41, 0x0f,
  0x59, 0xc3, 0x66, 0x0f, 0x28, 0xca, 0x66, 0x41, 0x0f, 0x59, 0xc8, 0x41,
  0x0f, 0x11, 0x1c, 0x01, 0x66, 0x45, 0x0f, 0x59, 0xd0, 0x66, 0x41, 0x0f,
  0x59, 0xd3, 0x66, 0x0f, 0x58, 0xc1, 0x66, 0x44, 0x0f, 0x5c, 0xd2, 0x66,
  0x0f, 0x28, 0xc8, 0x66, 0x41, 0x0f, 0x14, 0xca, 0x66, 0x41, 0x0f, 0x15,
  0xc2, 0x0f, 0x11, 0x0c, 0x02, 0x0f, 0x11, 0x44, 0x02, 0x10, 0x48, 0x83,
  0xc0, 0x20, 0x48, 0x3b, 0x84, 0x24, 0x80, 0x00, 0x00, 0x00, 0x0f, 0x85,
  0x88, 0xfc, 0xff, 0xff, 0x4c, 0x8b, 0x8c, 0x24, 0xf8, 0x00, 0x00, 0x00,
  0x48, 0x8b, 0xb4, 0x24, 0x00, 0x01, 0x00, 0x00, 0x4c, 0x8b, 0xb4, 0x24,
  0x08, 0x01, 0x00, 0x00, 0x48, 0x8b, 0x8c, 0x24, 0x10, 0x01, 0x00, 0x00,
  0x48, 0x8b, 0x9c, 0x24, 0x50, 0x01, 0x00, 0x00, 0x48, 0x39, 0x9c, 0x24,
  0x38, 0x01, 0x00, 0x00, 0x0f, 0x84, 0x48, 0x03, 0x00, 0x00, 0x49, 0x8d,
  0x04, 0x31, 0x48, 0x8b, 0x5c, 0x24, 0x68, 0xf2, 0x44, 0x0f, 0x10, 0x0d,
  0x58, 0x01, 0x01, 0x00, 0xf2, 0x44, 0x0f, 0x10, 0x25, 0x6f, 0x01, 0x01,
  0x00, 0x48, 0xc1, 0xe0, 0x04, 0x4c, 0x01, 0xf0, 0x49, 0x8d, 0x14, 0x19,
  0x48, 0x8b, 0x5c, 0x24, 0xe0, 0xf2, 0x44, 0x0f, 0x10, 0x18, 0xf2, 0x44,
  0x0f, 0x10, 0x50, 0x08, 0x48, 0xc1, 0xe2, 0x04, 0x48, 0x8b, 0x44, 0x24,
  0x10, 0x4c, 0x01, 0xf2, 0xf2, 0x0f, 0x10, 0x2a, 0xf2, 0x0f, 0x10, 0x52,
  0x08, 0x48, 0x01, 0xf0, 0x48, 0xc1, 0xe0, 0x04, 0x66, 0x0f, 0x28, 0xc2,
  0x66, 0x0f, 0x28, 0xcd, 0x4c, 0x01, 0xf0, 0xf2, 0x0f, 0x10, 0x18, 0xf2,
  0x0f, 0x10, 0x60, 0x08, 0x48, 0x8b, 0x44, 0x24, 0x70, 0xf2, 0x0f, 0x58,
  0xc4, 0xf2, 0x0f, 0x5c, 0xe2, 0x49, 0x8d, 0x14, 0x01, 0x48, 0x8b, 0x44,
  0x24, 0x78, 0xf2, 0x0f, 0x58, 0xcb, 0x48, 0xc1, 0xe2, 0x04, 0xf2, 0x0f,
  0x5c, 0xdd, 0x4c, 0x01, 0xc8, 0x4c, 0x01, 0xf2, 0x66, 0x44, 0x0f, 0x28,
  0xfc, 0x48, 0xc1, 0xe0, 0x04, 0xf2, 0x0f, 0x10, 0x62, 0x08, 0xf2, 0x44,
  0x0f, 0x10, 0x02, 0x4c, 0x01, 0xf0, 0xf2, 0x0f, 0x10, 0x50, 0x08, 0xf2,
  0x0f, 0x10, 0x28, 0x48, 0x8d, 0x04, 0x33, 0x48, 0xc1, 0xe0, 0x04, 0x66,
  0x0f, 0x28, 0xf2, 0x66, 0x0f, 0x28, 0xfd, 0x48, 0x01, 0xc8, 0xf2, 0x0f,
  0x58, 0xf4, 0xf2, 0x0f, 0x5c, 0xe2, 0x66, 0x0f, 0x28, 0xd1, 0xf2, 0x41,
  0x0f, 0x58, 0xf8, 0xf2, 0x41, 0x0f, 0x58, 0xd3, 0xf2, 0x44, 0x0f, 0x5c,
  0xc5, 0xf2, 0x0f, 0x10, 0x2d, 0x9f, 0x00, 0x01, 0x00, 0x66, 0x44, 0x0f,
  0x28, 0xf4, 0xf2, 0x0f, 0x10, 0x25, 0x72, 0x00, 0x01, 0x00, 0xf2, 0x0f,
  0x58, 0xd7, 0xf2, 0x44, 0x0f, 0x59, 0xcf, 0xf2, 0x44, 0x0f, 0x11, 0x74,
  0x24, 0xa8, 0xf2, 0x0f, 0x59, 0xe1, 0xf2, 0x41, 0x0f, 0x59, 0xe8, 0xf2,
  0x0f, 0x11, 0x10, 0x66, 0x0f, 0x28, 0xd0, 0xf2, 0x41, 0x0f, 0x58, 0xd2,
  0xf2, 0x41, 0x0f, 0x58, 0xe3, 0xf2, 0x0f, 0x58, 0xd6, 0xf2, 0x44, 0x0f,
  0x58, 0xcc, 0xf2, 0x0f, 0x10, 0x25, 0x3e, 0x00, 0x01, 0x00, 0xf2, 0x0f,
  0x11, 0x50, 0x08, 0xf2, 0x0f, 0x10, 0x15, 0x29, 0x00, 0x01, 0x00, 0x48,
  0x8b, 0x44, 0x24, 0x50, 0xf2, 0x0f, 0x59, 0xe6, 0xf2, 0x0f, 0x59, 0xd0,
  0x66, 0x45, 0x0f, 0x28, 0xe9, 0xf2, 0x41, 0x0f, 0x58, 0xd2, 0xf2, 0x0f,
  0x58, 0xd4, 0x66, 0x0f, 0x28, 0xe3, 0xf2, 0x41, 0x0f, 0x59, 0xe4, 0xf2,
  0x45, 0x0f, 0x59, 0xe7, 0xf2, 0x0f, 0x58, 0xec, 0xf2, 0x0f, 0x10, 0x25,
  0x14, 0x00, 0x01, 0x00, 0xf2, 0x41, 0x0f, 0x59, 0xe6, 0xf2, 0x41, 0x0f,
  0x58, 0xe4, 0x66, 0x44, 0x0f, 0x28, 0xe5, 0xf2, 0x44, 0x0f, 0x58, 0xe2,
  0xf2, 0x0f, 0x5c, 0xd5, 0xf2, 0x0f, 0x10, 0x28, 0xf2, 0x44, 0x0f, 0x5c,
  0xec, 0xf2, 0x41, 0x0f, 0x58, 0xe1, 0xf2, 0x44, 0x0f, 0x10, 0x48, 0x08,
  0xf2, 0x0f, 0x11, 0x6c, 0x24, 0x98, 0x66, 0x45, 0x0f, 0x28, 0xf4, 0x48,
  0x8b, 0x44, 0x24, 0x60, 0x66, 0x45, 0x0f, 0x28, 0xe1, 0xf2, 0x41, 0x0f,
  0x59, 0xed, 0x48, 0x01, 0xd8, 0xf2, 0x45, 0x0f, 0x59, 0xe6, 0x48, 0xc1,
  0xe0, 0x04, 0xf2, 0x45, 0x0f, 0x59, 0xcd, 0x48, 0x01, 0xc8, 0xf2, 0x44,
  0x0f, 0x58, 0xe5, 0xf2, 0x0f, 0x10, 0x6c, 0x24, 0x98, 0xf2, 0x41, 0x0f,
  0x59, 0xee, 0xf2, 0x44, 0x0f, 0x11, 0x20, 0xf2, 0x41, 0x0f, 0x5c, 0xe9,
  0xf2, 0x0f, 0x11, 0x68, 0x08, 0xf2, 0x0f, 0x59, 0x0d, 0x7b, 0xff, 0x00,
  0x00, 0x48, 0x8b, 0x44, 0x24, 0x48, 0xf2, 0x0f, 0x59, 0x3d, 0x66, 0xff,
  0x00, 0x00, 0xf2, 0x0f, 0x59, 0x05, 0x66, 0xff, 0x00, 0x00, 0xf2, 0x0f,
  0x10, 0x28, 0xf2, 0x44, 0x0f, 0x10, 0x48, 0x08, 0xf2, 0x0f, 0x59, 0x1d,
  0x6c, 0xff, 0x00, 0x00, 0x66, 0x44, 0x0f, 0x28, 0xed, 0x48, 0x8b, 0x44,
  0x24, 0x08, 0xf2, 0x44, 0x0f, 0x58, 0xd9, 0xf2, 0x44, 0x0f, 0x59, 0xec,
  0x66, 0x45, 0x0f, 0x28, 0xe1, 0xf2, 0x44, 0x0f, 0x59, 0xe2, 0x48, 0x01,
  0xf0, 0xf2, 0x0f, 0x59, 0xea, 0xf2, 0x44, 0x0f, 0x58, 0xd0, 0x48, 0xc1,
  0xe0, 0x04, 0x66, 0x41, 0x0f, 0x28, 0xc0, 0xf2, 0x44, 0x0f, 0x58, 0xdf,
  0xf2, 0x41, 0x0f, 0x59, 0xe1, 0x48, 0x01, 0xc8, 0xf2, 0x0f, 0x10, 0x3d,
  0x1c, 0xff, 0x00, 0x00, 0xf2, 0x44, 0x0f, 0x10, 0x05, 0x1b, 0xff, 0x00,
  0x00, 0xf2, 0x0f, 0x59, 0x35, 0xf3, 0xfe, 0x00, 0x00, 0xf2, 0x0f, 0x59,
  0xc7, 0xf2, 0x45, 0x0f, 0x59, 0xc7, 0xf2, 0x45, 0x0f, 0x58, 0xe5, 0x66,
  0x41, 0x0f, 0x28, 0xcb, 0xf2, 0x0f, 0x59, 0x7c, 0x24, 0xa8, 0xf2, 0x0f,
  0x5c, 0xec, 0xf2, 0x41, 0x0f, 0x58, 0xf2, 0xf2, 0x44, 0x0f, 0x11, 0x20,
  0xf2, 0x0f, 0x58, 0xd8, 0xf2, 0x0f, 0x11, 0x68, 0x08, 0x48, 0x8b, 0x44,
  0x24, 0x40, 0xf2, 0x41, 0x0f, 0x58, 0xf8, 0x66, 0x0f, 0x28, 0xe3, 0xf2,
  0x0f, 0x10, 0x10, 0xf2, 0x0f, 0x58, 0xe6, 0xf2, 0x0f, 0x5c, 0xf3, 0xf2,
  0x0f, 0x10, 0x58, 0x08, 0x48, 0x8b, 0x44, 0x24, 0xd8, 0xf2, 0x0f, 0x5c,
  0xcf, 0x66, 0x0f, 0x28, 0xea, 0xf2, 0x41, 0x0f, 0x58, 0xfb, 0x66, 0x0f,
  0x28, 0xc3, 0x48, 0x01, 0xf0, 0xf2, 0x0f, 0x59, 0xc4, 0x48, 0xc1, 0xe0,
  0x04, 0xf2, 0x0f, 0x59, 0xe9, 0x48, 0x01, 0xc8, 0xf2, 0x0f, 0x59, 0xd9,
  0xf2, 0x0f, 0x59, 0xd4, 0xf2, 0x0f, 0x58, 0xc5, 0xf2, 0x0f, 0x5c, 0xd3,
  0xf2, 0x0f, 0x11, 0x00, 0xf2, 0x0f, 0x11, 0x50, 0x08, 0x48, 0x8b, 0x44,
  0x24, 0x38, 0xf2, 0x0f, 0x10, 0x08, 0xf2, 0x44, 0x0f, 0x10, 0x40, 0x08,
  0x48, 0x8b, 0x44, 0x24, 0x58, 0x66, 0x0f, 0x28, 0xc1, 0x66, 0x41, 0x0f,
  0x28, 0xd0, 0xf2, 0x0f, 0x59, 0xc7, 0x48, 0x01, 0xd8, 0xf2, 0x0f, 0x59,
  0xd6, 0x48, 0xc1, 0xe0, 0x04, 0xf2, 0x0f, 0x59, 0xce, 0x48, 0x01, 0xc8,
  0xf2, 0x41, 0x0f, 0x59, 0xf8, 0xf2, 0x0f, 0x58, 0xd0, 0xf2, 0x0f, 0x5c,
  0xcf, 0xf2, 0x0f, 0x11, 0x10, 0xf2, 0x0f, 0x11, 0x48, 0x08, 0x48, 0x8b,
  0x84, 0x24, 0x30, 0x01, 0x00, 0x00, 0x48, 0x8b, 0x94, 0x24, 0x88, 0x00,
  0x00, 0x00, 0x48, 0x01, 0x84, 0x24, 0x98, 0x00, 0x00, 0x00, 0x4c, 0x03,
  0x8c, 0x24, 0x28, 0x01, 0x00, 0x00, 0x48, 0x83, 0x84, 0x24, 0x90, 0x00,
  0x00, 0x00, 0x01, 0x48, 0x8b, 0x9c, 0x24, 0x90, 0x00, 0x00, 0x00, 0x48,
  0x01, 0x84, 0x24, 0xa0, 0x00, 0x00, 0x00, 0x48, 0x01, 0x84, 0x24, 0xa8,
  0x00, 0x00, 0x00, 0x48, 0x01, 0x84, 0x24, 0xb0, 0x00, 0x00, 0x00, 0x48,
  0x01, 0x84, 0x24, 0xc0, 0x00, 0x00, 0x00, 0x48, 0x8b, 0x84, 0x24, 0x20,
  0x01, 0x00, 0x00, 0x48, 0x01, 0x54, 0x24, 0xe0, 0x48, 0x01, 0x84, 0x24,
  0xb8, 0x00, 0x00, 0x00, 0x48, 0x01, 0x54, 0x24, 0x08, 0x48, 0x01, 0x54,
  0x24, 0xd8, 0x48, 0x01, 0x44, 0x24, 0x18, 0x48, 0x01, 0x44, 0x24, 0x20,
  0x48, 0x01, 0x44, 0x24, 0x28, 0x48, 0x01, 0x44, 0x24, 0x30, 0x48, 0x39,
  0x9c, 0x24, 0x18, 0x01, 0x00, 0x00, 0x0f, 0x85, 0x48, 0xf5, 0xff, 0xff,
  0x48, 0x81, 0xc4, 0x70, 0x01, 0x00, 0x00, 0x5b, 0x5d, 0x41, 0x5c, 0x41,
  0x5d, 0x41, 0x5e, 0x41, 0x5f, 0xc3, 0x66, 0x0f, 0x1f, 0x44, 0x00, 0x00,
  0x48, 0x8b, 0x5c, 0x24, 0x20, 0x48, 0x8b, 0x54, 0x24, 0x28, 0x4c, 0x89,
  0x4c, 0x24, 0x98, 0x31, 0xc0, 0x48, 0x89, 0x74, 0x24, 0xa8, 0x48, 0x8b,
  0xac, 0x24, 0xb0, 0x00, 0x00, 0x00, 0x4c, 0x8d, 0x14, 0x0b, 0x4c, 0x8d,
  0x1c, 0x0a, 0x48, 0x8b, 0x5c, 0x24, 0x18, 0x48, 0x8b, 0x54, 0x24, 0x30,
  0x4c, 0x89, 0x74, 0x24, 0xb8, 0x4c, 0x8b, 0xa4, 0x24, 0xb8, 0x00, 0x00,
  0x00, 0x48, 0x89, 0x4c, 0x24, 0xc8, 0x48, 0x01, 0xcb, 0x48, 0x01, 0xca,
  0x4c, 0x8b, 0x8c, 0x24, 0xa8, 0x00, 0x00, 0x00, 0x4c, 0x8b, 0xac, 0x24,
  0xc0, 0x00, 0x00, 0x00, 0x48, 0x8b, 0xb4, 0x24, 0xa0, 0x00, 0x00, 0x00,
  0x4c, 0x8b, 0xbc, 0x24, 0x60, 0x01, 0x00, 0x00, 0x4c, 0x8b, 0xb4, 0x24,
  0x58, 0x01, 0x00, 0x00, 0x48, 0x8b, 0x8c, 0x24, 0x98, 0x00, 0x00, 0x00,
  0x0f, 0x1f, 0x84, 0x00, 0x00, 0x00, 0x00, 0x00, 0xf2, 0x41, 0x0f, 0x10,
  0x44, 0x01, 0x18, 0xf2, 0x41, 0x0f, 0x10, 0x54, 0x01, 0x10, 0xf2, 0x0f,
  0x10, 0x6c, 0x06, 0x18, 0xf2, 0x41, 0x0f, 0x10, 0x64, 0x05, 0x18, 0xf2,
  0x0f, 0x10, 0x74, 0x06, 0x10, 0x66, 0x0f, 0x28, 0xc8, 0x66, 0x0f, 0x28,
  0xda, 0xf2, 0x41, 0x0f, 0x10, 0x7c, 0x05, 0x10, 0xf2, 0x0f, 0x58, 0xcd,
  0xf2, 0x0f, 0x5c, 0xe8, 0xf2, 0x0f, 0x10, 0x44, 0x05, 0x18, 0x66, 0x44,
  0x0f, 0x28, 0xcc, 0xf2, 0x0f, 0x58, 0xde, 0xf2, 0x0f, 0x5c, 0xf2, 0xf2,
  0x0f, 0x10, 0x54, 0x05, 0x10, 0x66, 0x44, 0x0f, 0x28, 0xd7, 0xf2, 0x44,
  0x0f, 0x10, 0x1d, 0x99, 0xfc, 0x00, 0x00, 0xf2, 0x44, 0x0f, 0x58, 0xc8,
  0xf2, 0x0f, 0x5c, 0xc4, 0xf2, 0x0f, 0x10, 0x64, 0x01, 0x10, 0xf2, 0x44,
  0x0f, 0x10, 0x05, 0x99, 0xfc, 0x00, 0x00, 0xf2, 0x44, 0x0f, 0x58, 0xd2,
  0xf2, 0x0f, 0x5c, 0xd7, 0xf2, 0x0f, 0x10, 0x3d, 0x68, 0xfc, 0x00, 0x00,
  0xf2, 0x44, 0x0f, 0x10, 0x25, 0x87, 0xfc, 0x00, 0x00, 0xf2, 0x0f, 0x58,
  0xe3, 0xf2, 0x0f, 0x59, 0xfb, 0xf2, 0x45, 0x0f, 0x59, 0xda, 0xf2, 0x0f,
  0x58, 0x7c, 0x01, 0x10, 0xf2, 0x41, 0x0f, 0x58, 0xe2, 0xf2, 0x44, 0x0f,
  0x59, 0xc2, 0xf2, 0x44, 0x0f, 0x59, 0xe5, 0xf2, 0x0f, 0x59, 0x1d, 0x3d,
  0xfc, 0x00, 0x00, 0xf2, 0x41, 0x0f, 0x11, 0x64, 0x02, 0x10, 0xf2, 0x0f,
  0x10, 0x64, 0x01, 0x18, 0xf2, 0x0f, 0x58, 0x5c, 0x01, 0x10, 0xf2, 0x44,
  0x0f, 0x58, 0xdf, 0xf2, 0x0f, 0x10, 0x3d, 0x1d, 0xfc, 0x00, 0x00, 0xf2,
  0x0f, 0x58, 0xe1, 0xf2, 0x41, 0x0f, 0x59, 0xf9, 0x66, 0x45, 0x0f, 0x28,
  0xeb, 0xf2, 0x41, 0x0f, 0x58, 0xe1, 0xf2, 0x41, 0x0f, 0x11, 0x64, 0x02,
  0x18, 0xf2, 0x0f, 0x10, 0x25, 0xf3, 0xfb, 0x00, 0x00, 0xf2, 0x0f, 0x59,
  0xe1, 0xf2, 0x0f, 0x58, 0x64, 0x01, 0x18, 0xf2, 0x0f, 0x58, 0xe7, 0xf2,
  0x0f, 0x10, 0x3d, 0x05, 0xfc, 0x00, 0x00, 0xf2, 0x0f, 0x59, 0xfe, 0xf2,
  0x44, 0x0f, 0x58, 0xc7, 0xf2, 0x0f, 0x10, 0x3d, 0xec, 0xfb, 0x00, 0x00,
  0xf2, 0x0f, 0x59, 0xf8, 0x66, 0x45, 0x0f, 0x28, 0xf0, 0xf2, 0x44, 0x0f,
  0x58, 0xf4, 0xf2, 0x41, 0x0f, 0x5c, 0xe0, 0xf2, 0x45, 0x0f, 0x10, 0x04,
  0x00, 0x66, 0x45, 0x0f, 0x28, 0xf8, 0xf2, 0x41, 0x0f, 0x58, 0xfc, 0xf2,
  0x45, 0x0f, 0x59, 0xc6, 0xf2, 0x44, 0x0f, 0x5c, 0xef, 0xf2, 0x41, 0x0f,
  0x58, 0xfb, 0xf2, 0x45, 0x0f, 0x10, 0x5c, 0x00, 0x08, 0x66, 0x45, 0x0f,
  0x28, 0xe3, 0xf2, 0x45, 0x0f, 0x59, 0xdd, 0xf2, 0x45, 0x0f, 0x59, 0xfd,
  0xf2, 0x45, 0x0f, 0x59, 0xe6, 0xf2, 0x45, 0x0f, 0x5c, 0xc3, 0xf2, 0x45,
  0x0f, 0x10, 0x5c, 0x07, 0xd8, 0xf2, 0x45, 0x0f, 0x58, 0xe7, 0xf2, 0x44,
  0x0f, 0x11, 0x44, 0x03, 0x18, 0xf2, 0x45, 0x0f, 0x10, 0x44, 0x07, 0xd0,
  0xf2, 0x44, 0x0f, 0x11, 0x64, 0x03, 0x10, 0x66, 0x45, 0x0f, 0x28, 0xe8,
  0x66, 0x45, 0x0f, 0x28, 0xe3, 0xf2, 0x44, 0x0f, 0x59, 0xe4, 0xf2, 0x44,
  0x0f, 0x59, 0xef, 0xf2, 0x44, 0x0f, 0x59, 0xc4, 0xf2, 0x41, 0x0f, 0x59,
  0xfb, 0xf2, 0x45, 0x0f, 0x58, 0xe5, 0xf2, 0x44, 0x0f, 0x5c, 0xc7, 0xf2,
  0x45, 0x0f, 0x11, 0x64, 0x03, 0x10, 0xf2, 0x45, 0x0f, 0x11, 0x44, 0x03,
  0x18, 0xf2, 0x44, 0x0f, 0x59, 0x15, 0x1a, 0xfb, 0x00, 0x00, 0xf2, 0x0f,
  0x59, 0x35, 0x32, 0xfb, 0x00, 0x00, 0xf2, 0x0f, 0x59, 0x15, 0x22, 0xfb,
  0x00, 0x00, 0xf2, 0x0f, 0x59, 0x2d, 0x22, 0xfb, 0x00, 0x00, 0xf2, 0x44,
  0x0f, 0x59, 0x0d, 0xf9, 0xfa, 0x00, 0x00, 0xf2, 0x0f, 0x59, 0x05, 0x09,
  0xfb, 0x00, 0x00, 0xf2, 0x44, 0x0f, 0x58, 0xd3, 0xf2, 0x0f, 0x59, 0x0d,
  0xec, 0xfa, 0x00, 0x00, 0xf2, 0x0f, 0x58, 0x4c, 0x01, 0x18, 0xf2, 0x0f,
  0x58, 0xd6, 0x66, 0x41, 0x0f, 0x28, 0xe2, 0xf2, 0x44, 0x0f, 0x58, 0xc9,
  0xf2, 0x0f, 0x58, 0xc5, 0x66, 0x0f, 0x28, 0xea, 0xf2, 0x41, 0x0f, 0x10,
  0x4c, 0x06, 0xf0, 0x66, 0x0f, 0x28, 0xf1, 0xf2, 0x41, 0x0f, 0x58, 0xe9,
  0xf2, 0x0f, 0x5c, 0xe0, 0xf2, 0x44, 0x0f, 0x5c, 0xca, 0xf2, 0x41, 0x0f,
  0x10, 0x54, 0x06, 0xf8, 0xf2, 0x41, 0x0f, 0x58, 0xc2, 0xf2, 0x0f, 0x59,
  0xcd, 0x66, 0x0f, 0x28, 0xda, 0xf2, 0x0f, 0x59, 0xd4, 0xf2, 0x0f, 0x59,
  0xdd, 0xf2, 0x0f, 0x10, 0x6c, 0x07, 0x08, 0xf2, 0x0f, 0x59, 0xf4, 0xf2,
  0x0f, 0x5c, 0xca, 0x66, 0x0f, 0x28, 0xd5, 0xf2, 0x41, 0x0f, 0x59, 0xd1,
  0xf2, 0x0f, 0x58, 0xde, 0xf2, 0x0f, 0x11, 0x4c, 0x02, 0x18, 0xf2, 0x0f,
  0x10, 0x0c, 0x07, 0xf2, 0x0f, 0x11, 0x5c, 0x02, 0x10, 0x66, 0x0f, 0x28,
  0xd9, 0xf2, 0x0f, 0x59, 0xd8, 0xf2, 0x41, 0x0f, 0x59, 0xc9, 0xf2, 0x0f,
  0x59, 0xc5, 0xf2, 0x0f, 0x58, 0xd3, 0xf2, 0x0f, 0x5c, 0xc8, 0xf2, 0x41,
  0x0f, 0x11, 0x54, 0x04, 0x10, 0xf2, 0x41, 0x0f, 0x11, 0x4c, 0x04, 0x18,
  0x48, 0x83, 0xc0, 0x10, 0x48, 0x3b, 0x84, 0x24, 0xf0, 0x00, 0x00, 0x00,
  0x0f, 0x85, 0x3e, 0xfd, 0xff, 0xff, 0x4c, 0x8b, 0x4c, 0x24, 0x98, 0x48,
  0x8b, 0x74, 0x24, 0xa8, 0x4c, 0x8b, 0x74, 0x24, 0xb8, 0x48, 0x8b, 0x4c,
  0x24, 0xc8, 0xe9, 0xfb, 0xfb, 0xff, 0xff, 0x48, 0x89, 0xf3, 0x48, 0x85,
  0xf6, 0x0f, 0x84, 0x81, 0xfc, 0xff, 0xff, 0x48, 0x89, 0xf0, 0x48, 0xf7,
  0xde, 0x48, 0xc1, 0xe3, 0x04, 0x66, 0x0f, 0x28, 0x2d, 0xe7, 0xf8, 0x00,
  0x00, 0x48, 0xc1, 0xe0, 0x06, 0x48, 0xc1, 0xe6, 0x05, 0x49, 0x89, 0xd9,
  0x66, 0x0f, 0x28, 0x35, 0xe4, 0xf8, 0x00, 0x00, 0x48, 0x01, 0xc8, 0x49,
  0x01, 0xc9, 0x66, 0x0f, 0x28, 0x3d, 0x06, 0xf9, 0x00, 0x00, 0x66, 0x44,
  0x0f, 0x28, 0x0d, 0x0d, 0xf9, 0x00, 0x00, 0x66, 0x44, 0x0f, 0x28, 0x05,
  0xe4, 0xf8, 0x00, 0x00, 0x48, 0x8d, 0x3c, 0x30, 0x4c, 0x8d, 0x04, 0x1f,
  0x4c, 0x01, 0xc6, 0x66, 0x0f, 0x1f, 0x84, 0x00, 0x00, 0x00, 0x00, 0x00,
  0x66, 0x0f, 0x10, 0x4a, 0x40, 0x66, 0x0f, 0x10, 0x5a, 0x10, 0x48, 0x83,
  0xc1, 0x10, 0x48, 0x83, 0xc2, 0x50, 0x48, 0x83, 0xc6, 0x10, 0x49, 0x83,
  0xc0, 0x10, 0x48, 0x83, 0xc7, 0x10, 0x48, 0x83, 0xc0, 0x10, 0x66, 0x0f,
  0x28, 0xd1, 0x66, 0x0f, 0x10, 0x62, 0xe0, 0x66, 0x0f, 0xc6, 0xc9, 0x01,
  0x66, 0x44, 0x0f, 0x10, 0x62, 0xb0, 0x66, 0x0f, 0x58, 0xd3, 0x66, 0x0f,
  0xc6, 0xdb, 0x01, 0x66, 0x0f, 0x5c, 0xd9, 0x66, 0x0f, 0x10, 0x4a, 0xd0,
  0x66, 0x44, 0x0f, 0x28, 0xdc, 0x66, 0x0f, 0xc6, 0xe4, 0x01, 0x66, 0x41,
  0x0f, 0x28, 0xc4, 0x66, 0x44, 0x0f, 0x58, 0xd9, 0x66, 0x0f, 0xc6, 0xc9,
  0x01, 0x66, 0x0f, 0x5c, 0xcc, 0x66, 0x0f, 0x28, 0xe2, 0x66, 0x0f, 0x58,
  0xc2, 0x66, 0x0f, 0x59, 0xe5, 0x66, 0x0f, 0x59, 0xd6, 0x66, 0x45, 0x0f,
  0x28, 0xd3, 0x66, 0x44, 0x0f, 0x59, 0xd6, 0x66, 0x41, 0x0f, 0x58, 0xc3,
  0x66, 0x41, 0x0f, 0x58, 0xe4, 0x0f, 0x11, 0x41, 0xf0, 0x66, 0x0f, 0x28,
  0xc3, 0x66, 0x41, 0x0f, 0x59, 0xc1, 0x66, 0x41, 0x0f, 0x58, 0xd4, 0x66,
  0x0f, 0x59, 0xdf, 0x66, 0x44, 0x0f, 0x58, 0xd4, 0x66, 0x0f, 0x28, 0xe1,
  0x66, 0x0f, 0x59, 0xe7, 0x66, 0x41, 0x0f, 0x59, 0xc8, 0x66, 0x0f, 0x58,
  0xe0, 0x66, 0x41, 0x0f, 0x28, 0xc2, 0x66, 0x0f, 0x5c, 0xc4, 0x66, 0x41,
  0x0f, 0x58, 0xe2, 0x66, 0x44, 0x0f, 0x28, 0xfc, 0xf2, 0x44, 0x0f, 0x10,
  0xf8, 0xf2, 0x0f, 0x10, 0xc4, 0x44, 0x0f, 0x11, 0x7e, 0xf0, 0x0f, 0x11,
  0x40, 0xf0, 0x66, 0x41, 0x0f, 0x28, 0xc3, 0x66, 0x0f, 0x59, 0xc5, 0x66,
  0x0f, 0x58, 0xd0, 0x66, 0x0f, 0x28, 0xc1, 0x66, 0x0f, 0x58, 0xc3, 0x66,
  0x0f, 0x28, 0xca, 0x66, 0x0f, 0x5c, 0xc8, 0x66, 0x0f, 0x58, 0xc2, 0x66,
  0x0f, 0x28, 0xd8, 0xf2, 0x0f, 0x10, 0xd9, 0xf2, 0x0f, 0x10, 0xc8, 0x0f,
  0x11, 0x5f, 0xf0, 0x41, 0x0f, 0x11, 0x48, 0xf0, 0x49, 0x39, 0xc9, 0x0f,
  0x85, 0xe7, 0xfe, 0xff, 0xff, 0xe9, 0x0a, 0xfb, 0xff, 0xff, 0x66, 0x90,
  0x41, 0x57, 0x66, 0x0f, 0xef, 0xff, 0x49, 0x89, 0xd2, 0x48, 0x89, 0xc8,
  0x41, 0x56, 0xf2, 0x41, 0x0f, 0x2a, 0xf9, 0x41, 0x55, 0x41, 0x54, 0x55,
  0x53, 0x48, 0x81, 0xec, 0xb0, 0x00, 0x00, 0x00, 0xf2, 0x0f, 0x10, 0x35,
  0x98, 0xf8, 0x00, 0x00, 0xf2, 0x0f, 0x11, 0xbc, 0x24, 0xa0, 0x00, 0x00,
  0x00, 0xf2, 0x0f, 0x59, 0xf7, 0x48, 0x89, 0x7c, 0x24, 0x10, 0x48, 0x89,
  0x74, 0x24, 0x18, 0xf2, 0x0f, 0x11, 0x74, 0x24, 0x90, 0xf2, 0x0f, 0x10,
  0x35, 0x7b, 0xf8, 0x00, 0x00, 0xf2, 0x0f, 0x59, 0xf7, 0xf2, 0x0f, 0x59,
  0x3d, 0x77, 0xf8, 0x00, 0x00, 0xf2, 0x0f, 0x11, 0x74, 0x24, 0x20, 0xf2,
  0x0f, 0x11, 0x7c, 0x24, 0x28, 0x48, 0x83, 0xff, 0x01, 0x0f, 0x84, 0x97,
  0x09, 0x00, 0x00, 0x48, 0x85, 0xf6, 0x0f, 0x84, 0x7c, 0x09, 0x00, 0x00,
  0x48, 0x89, 0xfa, 0x48, 0x89, 0xfe, 0x4c, 0x8d, 0x34, 0xbf, 0x48, 0x89,
  0xfd, 0x48, 0xc1, 0xe2, 0x04, 0x48, 0xf7, 0xde, 0x49, 0xc1, 0xe6, 0x04,
  0x4c, 0x8d, 0x7f, 0xff, 0x4d, 0x8d, 0x1c, 0x12, 0x49, 0x89, 0xf5, 0x48,
  0xc1, 0xe6, 0x05, 0x4c, 0x89, 0xc3, 0x49, 0xc1, 0xe5, 0x06, 0x48, 0x8d,
  0x0c, 0xfd, 0x00, 0x00, 0x00, 0x00, 0x48, 0x89, 0x54, 0x24, 0x30, 0xf2,
  0x0f, 0x12, 0x7c, 0x24, 0x90, 0x48, 0x29, 0xf9, 0x48, 0x8d, 0x3c, 0x7f,
  0x0f, 0x29, 0x7c, 0x24, 0x68, 0xf2, 0x0f, 0x12, 0x7c, 0x24, 0x20, 0x48,
  0xc1, 0xe1, 0x04, 0x48, 0xc1, 0xe7, 0x04, 0x0f, 0x29, 0x7c, 0x24, 0x78,
  0xf2, 0x0f, 0x12, 0x7c, 0x24, 0x28, 0x48, 0x89, 0x8c, 0x24, 0x98, 0x00,
  0x00, 0x00, 0x4c, 0x89, 0xd1, 0x4f, 0x8d, 0x14, 0x33, 0x49, 0x01, 0xde,
  0x4f, 0x8d, 0x0c, 0x2a, 0x4d, 0x01, 0xf5, 0x0f, 0x29, 0xbc, 0x24, 0x88,
  0x00, 0x00, 0x00, 0x66, 0x0f, 0x28, 0x3d, 0xd9, 0xf6, 0x00, 0x00, 0x48,
  0xc7, 0x44, 0x24, 0x08, 0x00, 0x00, 0x00, 0x00, 0x4c, 0x01, 0xcf, 0x48,
  0x01, 0xfe, 0x0f, 0x29, 0x7c, 0x24, 0x38, 0x66, 0x0f, 0x28, 0x3d, 0xcd,
  0xf6, 0x00, 0x00, 0x4c, 0x8d, 0x04, 0x16, 0x48, 0x89, 0xc2, 0x48, 0x8b,
  0x44, 0x24, 0x18, 0x0f, 0x29, 0x7c, 0x24, 0x48, 0x66, 0x0f, 0x28, 0x3d,
  0xc4, 0xf6, 0x00, 0x00, 0x48, 0x0f, 0xaf, 0xc5, 0x0f, 0x29, 0x7c, 0x24,
  0x58, 0x48, 0x89, 0xc5, 0x48, 0xc1, 0xe5, 0x04, 0x48, 0x01, 0xd5, 0x48,
  0x89, 0x6c, 0x24, 0xf0, 0x48, 0x8d, 0x2c, 0x40, 0x49, 0x89, 0xec, 0x48,
  0xc1, 0xe5, 0x04, 0x49, 0xc1, 0xe4, 0x05, 0x48, 0x01, 0xd5, 0x49, 0x01,
  0xd4, 0x48, 0x89, 0x6c, 0x24, 0xd0, 0x4c, 0x89, 0x64, 0x24, 0xe8, 0x49,
  0x89, 0xc4, 0x49, 0xc1, 0xe4, 0x05, 0x49, 0x01, 0xd4, 0x4c, 0x89, 0x64,
  0x24, 0xe0, 0x4c, 0x8d, 0x24, 0x80, 0x48, 0xc1, 0xe0, 0x06, 0x49, 0xc1,
  0xe4, 0x04, 0x48, 0x01, 0xd0, 0x49, 0x01, 0xd4, 0x48, 0x89, 0x44, 0x24,
  0xc8, 0x4c, 0x89, 0x64, 0x24, 0xd8, 0x4c, 0x8b, 0x64, 0x24, 0x30, 0x49,
  0x83, 0xec, 0x10, 0x4c, 0x89, 0x24, 0x24, 0x4d, 0x89, 0xfc, 0x49, 0xc1,
  0xe7, 0x05, 0x4c, 0x89, 0xfd, 0x4c, 0x8b, 0x7c, 0x24, 0x10, 0x49, 0xc1,
  0xe4, 0x06, 0x49, 0x01, 0xdc, 0x48, 0x01, 0xdd, 0x49, 0xc1, 0xe7, 0x05,
  0x4d, 0x01, 0xef, 0x0f, 0x1f, 0x44, 0x00, 0x00, 0x66, 0x41, 0x0f, 0x10,
  0x0b, 0x66, 0x41, 0x0f, 0x10, 0x12, 0x66, 0x41, 0x0f, 0x10, 0x19, 0x66,
  0x41, 0x0f, 0x10, 0x20, 0x66, 0x0f, 0x28, 0xc1, 0x66, 0x0f, 0xc6, 0xc9,
  0x01, 0x66, 0x0f, 0x10, 0x39, 0x66, 0x44, 0x0f, 0x28, 0x7c, 0x24, 0x38,
  0x66, 0x0f, 0x58, 0xc2, 0x66, 0x0f, 0xc6, 0xd2, 0x01, 0x66, 0x0f, 0x5c,
  0xca, 0x66, 0x0f, 0x10, 0x17, 0x66, 0x0f, 0x28, 0xf3, 0x66, 0x0f, 0xc6,
  0xdb, 0x01, 0x66, 0x0f, 0x28, 0xec, 0x66, 0x0f, 0xc6, 0xe4, 0x01, 0x66,
  0x0f, 0x58, 0xf2, 0x66, 0x0f, 0xc6, 0xd2, 0x01, 0x66, 0x0f, 0x5c, 0xda,
  0x66, 0x0f, 0x10, 0x16, 0x66, 0x45, 0x0f, 0x28, 0xc7, 0x66, 0x44, 0x0f,
  0x28, 0x54, 0x24, 0x48, 0x66, 0x44, 0x0f, 0x28, 0x6c, 0x24, 0x58, 0x66,
  0x0f, 0x58, 0xea, 0x66, 0x0f, 0xc6, 0xd2, 0x01, 0x66, 0x0f, 0x5c, 0xd4,
  0x66, 0x0f, 0x28, 0xe7, 0x66, 0x0f, 0x58, 0xe0, 0x66, 0x44, 0x0f, 0x59,
  0xc0, 0x66, 0x44, 0x0f, 0x28, 0x64, 0x24, 0x68, 0x66, 0x44, 0x0f, 0x28,
  0x74, 0x24, 0x78, 0x66, 0x44, 0x0f, 0x28, 0x9c, 0x24, 0x88, 0x00, 0x00,
  0x00, 0x48, 0x8b, 0x44, 0x24, 0xf0, 0x66, 0x45, 0x0f, 0x28, 0xcc, 0x66,
  0x0f, 0x58, 0xe6, 0x66, 0x44, 0x0f, 0x59, 0xc9, 0x66, 0x0f, 0x58, 0xe5,
  0x0f, 0x11, 0x22, 0x66, 0x41, 0x0f, 0x28, 0xe0, 0x66, 0x45, 0x0f, 0x28,
  0xc2, 0x66, 0x44, 0x0f, 0x59, 0xc6, 0x66, 0x0f, 0x58, 0xe7, 0x66, 0x44,
  0x0f, 0x58, 0xc4, 0x66, 0x41, 0x0f, 0x28, 0xe5, 0x66, 0x0f, 0x59, 0xe5,
  0x66, 0x44, 0x0f, 0x58, 0xc4, 0x66, 0x41, 0x0f, 0x28, 0xe6, 0x66, 0x0f,
  0x59, 0xe3, 0x66, 0x44, 0x0f, 0x58, 0xcc, 0x66, 0x41, 0x0f, 0x28, 0xe3,
  0x66, 0x0f, 0x59, 0xe2, 0x66, 0x41, 0x0f, 0x58, 0xe1, 0x66, 0x45, 0x0f,
  0x28, 0xc8, 0x66, 0x44, 0x0f, 0x5c, 0xcc, 0x66, 0x41, 0x0f, 0x58, 0xe0,
  0x66, 0x44, 0x0f, 0x28, 0xc4, 0xf2, 0x45, 0x0f, 0x10, 0xc1, 0xf2, 0x44,
  0x0f, 0x10, 0xcc, 0x44, 0x0f, 0x11, 0x00, 0x66, 0x45, 0x0f, 0x28, 0xc2,
  0x48, 0x8b, 0x44, 0x24, 0xe8, 0x66, 0x44, 0x0f, 0x59, 0xc0, 0x44, 0x0f,
  0x11, 0x08, 0x66, 0x45, 0x0f, 0x28, 0xcb, 0x48, 0x8b, 0x44, 0x24, 0xe0,
  0x66, 0x44, 0x0f, 0x59, 0xcb, 0x66, 0x41, 0x0f, 0x59, 0xc5, 0x66, 0x41,
  0x0f, 0x59, 0xdc, 0x66, 0x41, 0x0f, 0x28, 0xe0, 0x66, 0x45, 0x0f, 0x28,
  0xc5, 0x66, 0x44, 0x0f, 0x59, 0xc6, 0x66, 0x0f, 0x58, 0xe7, 0x66, 0x41,
  0x0f, 0x59, 0xf7, 0x66, 0x0f, 0x58, 0xc7, 0x66, 0x44, 0x0f, 0x58, 0xc4,
  0x66, 0x41, 0x0f, 0x28, 0xe7, 0x66, 0x0f, 0x59, 0xe5, 0x66, 0x0f, 0x58,
  0xc6, 0x66, 0x41, 0x0f, 0x59, 0xea, 0x66, 0x44, 0x0f, 0x58, 0xc4, 0x66,
  0x41, 0x0f, 0x28, 0xe6, 0x66, 0x0f, 0x59, 0xe1, 0x66, 0x0f, 0x58, 0xe8,
  0x66, 0x41, 0x0f, 0x59, 0xcb, 0x66, 0x0f, 0x28, 0xc5, 0x66, 0x41, 0x0f,
  0x5c, 0xe1, 0x66, 0x45, 0x0f, 0x28, 0xcc, 0x66, 0x44, 0x0f, 0x59, 0xca,
  0x66, 0x0f, 0x5c, 0xcb, 0x66, 0x41, 0x0f, 0x59, 0xd6, 0x66, 0x41, 0x0f,
  0x5c, 0xe1, 0x66, 0x45, 0x0f, 0x28, 0xc8, 0x66, 0x0f, 0x58, 0xd1, 0x66,
  0x44, 0x0f, 0x5c, 0xcc, 0x66, 0x41, 0x0f, 0x58, 0xe0, 0x66, 0x0f, 0x58,
  0xea, 0x66, 0x0f, 0x5c, 0xc2, 0x66, 0x44, 0x0f, 0x28, 0xc4, 0xf2, 0x45,
  0x0f, 0x10, 0xc1, 0xf2, 0x44, 0x0f, 0x10, 0xcc, 0x66, 0x0f, 0x28, 0xfd,
  0x44, 0x0f, 0x11, 0x00, 0x48, 0x8b, 0x44, 0x24, 0xd8, 0xf2, 0x0f, 0x10,
  0xf8, 0xf2, 0x0f, 0x10, 0xc5, 0x44, 0x0f, 0x11, 0x08, 0x48, 0x8b, 0x44,
  0x24, 0xd0, 0x0f, 0x11, 0x38, 0x48, 0x8b, 0x44, 0x24, 0xc8, 0x0f, 0x11,
  0x00, 0x31, 0xc0, 0x48, 0x83, 0x7c, 0x24, 0x10, 0x01, 0x0f, 0x86, 0xb4,
  0x05, 0x00, 0x00, 0x48, 0x89, 0x54, 0x24, 0xf8, 0xf2, 0x44, 0x0f, 0x10,
  0x4c, 0x24, 0x20, 0xf2, 0x44, 0x0f, 0x10, 0xbc, 0x24, 0xa0, 0x00, 0x00,
  0x00, 0xf2, 0x44, 0x0f, 0x10, 0x54, 0x24, 0x28, 0x0f, 0x1f, 0x40, 0x00,
  0xf2, 0x41, 0x0f, 0x10, 0x6c, 0x03, 0x10, 0xf2, 0x41, 0x0f, 0x10, 0x54,
  0x03, 0x18, 0xf2, 0x41, 0x0f, 0x10, 0x5c, 0x02, 0x10, 0xf2, 0x41, 0x0f,
  0x10, 0x4c, 0x02, 0x18, 0x66, 0x0f, 0x28, 0xe5, 0x66, 0x0f, 0x28, 0xc2,
  0xf2, 0x41, 0x0f, 0x10, 0x7c, 0x01, 0x10, 0xf2, 0x44, 0x0f, 0x10, 0x5c,
  0x06, 0x10, 0xf2, 0x0f, 0x58, 0xe3, 0xf2, 0x0f, 0x58, 0xc1, 0x48, 0x8b,
  0x54, 0x24, 0xf8, 0xf2, 0x45, 0x0f, 0x10, 0x44, 0x00, 0x10, 0xf2, 0x0f,
  0x5c, 0xeb, 0xf2, 0x0f, 0x5c, 0xd1, 0xf2, 0x41, 0x0f, 0x10, 0x5c, 0x01,
  0x18, 0xf2, 0x0f, 0x10, 0x4c, 0x07, 0x18, 0x66, 0x0f, 0x28, 0xf3, 0xf2,
  0x0f, 0x5c, 0xd9, 0x66, 0x44, 0x0f, 0x28, 0xed, 0xf2, 0x0f, 0x10, 0x6c,
  0x07, 0x10, 0xf2, 0x0f, 0x58, 0xf1, 0x66, 0x44, 0x0f, 0x28, 0xe2, 0xf2,
  0x41, 0x0f, 0x10, 0x4c, 0x00, 0x18, 0x66, 0x0f, 0x28, 0xd7, 0xf2, 0x44,
  0x0f, 0x11, 0x6c, 0x24, 0xb0, 0xf2, 0x0f, 0x11, 0x5c, 0x24, 0xa0, 0xf2,
  0x0f, 0x10, 0x5c, 0x06, 0x18, 0xf2, 0x0f, 0x58, 0xd5, 0xf2, 0x0f, 0x5c,
  0xfd, 0x66, 0x44, 0x0f, 0x28, 0xf3, 0x66, 0x0f, 0x28, 0xeb, 0xf2, 0x0f,
  0x58, 0xe9, 0xf2, 0x44, 0x0f, 0x5c, 0xf1, 0xf2, 0x0f, 0x10, 0x4c, 0x01,
  0x10, 0xf2, 0x0f, 0x11, 0x7c, 0x24, 0x98, 0x66, 0x41, 0x0f, 0x28, 0xfb,
  0xf2, 0x45, 0x0f, 0x5c, 0xd8, 0xf2, 0x0f, 0x58, 0xcc, 0xf2, 0x41, 0x0f,
  0x58, 0xf8, 0xf2, 0x44, 0x0f, 0x11, 0x74, 0x24, 0xa8, 0xf2, 0x44, 0x0f,
  0x10, 0x74, 0x01, 0x10, 0x66, 0x45, 0x0f, 0x28, 0xc3, 0xf2, 0x44, 0x0f,
  0x10, 0x5c, 0x24, 0x98, 0xf2, 0x0f, 0x58, 0xca, 0xf2, 0x44, 0x0f, 0x11,
  0x44, 0x24, 0xc0, 0xf2, 0x45, 0x0f, 0x59, 0xd9, 0xf2, 0x0f, 0x58, 0xcf,
  0xf2, 0x0f, 0x11, 0x4c, 0x02, 0x10, 0xf2, 0x0f, 0x10, 0x4c, 0x01, 0x18,
  0xf2, 0x0f, 0x58, 0xc8, 0xf2, 0x0f, 0x58, 0xce, 0xf2, 0x0f, 0x58, 0xcd,
  0xf2, 0x0f, 0x11, 0x4c, 0x02, 0x18, 0xf2, 0x0f, 0x10, 0x0d, 0xae, 0xf3,
  0x00, 0x00, 0xf2, 0x0f, 0x59, 0xcc, 0xf2, 0x44, 0x0f, 0x58, 0xf1, 0xf2,
  0x0f, 0x10, 0x0d, 0xa5, 0xf3, 0x00, 0x00, 0xf2, 0x0f, 0x59, 0xca, 0x66,
  0x0f, 0x28, 0xd9, 0xf2, 0x0f, 0x10, 0x0d, 0x9d, 0xf3, 0x00, 0x00, 0xf2,
  0x41, 0x0f, 0x58, 0xde, 0xf2, 0x0f, 0x59, 0xcf, 0x66, 0x44, 0x0f, 0x28,
  0xf1, 0xf2, 0x0f, 0x10, 0x0d, 0x7f, 0xf3, 0x00, 0x00, 0xf2, 0x44, 0x0f,
  0x58, 0xf3, 0xf2, 0x0f, 0x10, 0x1d, 0x6a, 0xf3, 0x00, 0x00, 0xf2, 0x0f,
  0x59, 0xce, 0xf2, 0x0f, 0x59, 0xd8, 0xf2, 0x0f, 0x58, 0x5c, 0x01, 0x18,
  0xf2, 0x0f, 0x58, 0xcb, 0xf2, 0x0f, 0x10, 0x1d, 0x60, 0xf3, 0x00, 0x00,
  0xf2, 0x0f, 0x59, 0xdd, 0xf2, 0x0f, 0x58, 0xcb, 0x66, 0x41, 0x0f, 0x28,
  0xdd, 0xf2, 0x44, 0x0f, 0x10, 0x6c, 0x24, 0x90, 0xf2, 0x44, 0x0f, 0x11,
  0x64, 0x24, 0xb8, 0x48, 0x8b, 0x54, 0x24, 0xf0, 0xf2, 0x41, 0x0f, 0x59,
  0xdd, 0xf2, 0x45, 0x0f, 0x59, 0xe5, 0xf2, 0x44, 0x0f, 0x10, 0x6c, 0x24,
  0xa8, 0xf2, 0x45, 0x0f, 0x59, 0xea, 0xf2, 0x44, 0x0f, 0x58, 0xdb, 0x66,
  0x41, 0x0f, 0x28, 0xd8, 0xf2, 0x44, 0x0f, 0x10, 0x44, 0x24, 0xa0, 0xf2,
  0x41, 0x0f, 0x59, 0xda, 0xf2, 0x45, 0x0f, 0x59, 0xc1, 0xf2, 0x44, 0x0f,
  0x58, 0xdb, 0x66, 0x41, 0x0f, 0x28, 0xd8, 0x66, 0x44, 0x0f, 0x28, 0xc1,
  0xf2, 0x41, 0x0f, 0x58, 0xdc, 0x66, 0x45, 0x0f, 0x28, 0xe5, 0xf2, 0x45,
  0x0f, 0x58, 0xc3, 0xf2, 0x41, 0x0f, 0x5c, 0xcb, 0xf2, 0x44, 0x0f, 0x10,
  0x5c, 0x03, 0x08, 0xf2, 0x44, 0x0f, 0x58, 0xe3, 0xf2, 0x45, 0x0f, 0x59,
  0xdf, 0x66, 0x41, 0x0f, 0x28, 0xde, 0xf2, 0x41, 0x0f, 0x5c, 0xdc, 0xf2,
  0x45, 0x0f, 0x58, 0xf4, 0xf2, 0x44, 0x0f, 0x10, 0x24, 0x03, 0x66, 0x44,
  0x0f, 0x28, 0xeb, 0x66, 0x41, 0x0f, 0x28, 0xde, 0x66, 0x45, 0x0f, 0x28,
  0xf0, 0xf2, 0x45, 0x0f, 0x59, 0xf3, 0xf2, 0x45, 0x0f, 0x59, 0xe5, 0xf2,
  0x44, 0x0f, 0x59, 0x04, 0x03, 0xf2, 0x45, 0x0f, 0x59, 0xdd, 0xf2, 0x44,
  0x0f, 0x10, 0x6c, 0x24, 0xc0, 0xf2, 0x44, 0x0f, 0x59, 0x6c, 0x24, 0x90,
  0xf2, 0x45, 0x0f, 0x5c, 0xe6, 0x66, 0x44, 0x0f, 0x28, 0xf3, 0xf2, 0x45,
  0x0f, 0x58, 0xc3, 0xf2, 0x45, 0x0f, 0x10, 0x5c, 0x06, 0xb8, 0xf2, 0x44,
  0x0f, 0x11, 0x64, 0x02, 0x10, 0xf2, 0x45, 0x0f, 0x10, 0x64, 0x06, 0xb0,
  0xf2, 0x45, 0x0f, 0x59, 0xdf, 0xf2, 0x45, 0x0f, 0x59, 0xf4, 0xf2, 0x44,
  0x0f, 0x11, 0x44, 0x02, 0x18, 0x48, 0x8b, 0x54, 0x24, 0xe8, 0xf2, 0x41,
  0x0f, 0x59, 0xdb, 0x66, 0x45, 0x0f, 0x28, 0xc6, 0x66, 0x44, 0x0f, 0x28,
  0xf1, 0xf2, 0x41, 0x0f, 0x59, 0xcc, 0xf2, 0x44, 0x0f, 0x10, 0x64, 0x01,
  0x10, 0xf2, 0x45, 0x0f, 0x59, 0xf3, 0xf2, 0x44, 0x0f, 0x10, 0x1d, 0x21,
  0xf2, 0x00, 0x00, 0xf2, 0x44, 0x0f, 0x59, 0xdd, 0xf2, 0x0f, 0x58, 0xcb,
  0xf2, 0x45, 0x0f, 0x5c, 0xc6, 0xf2, 0x44, 0x0f, 0x10, 0x74, 0x24, 0xa8,
  0xf2, 0x44, 0x0f, 0x59, 0x74, 0x24, 0x90, 0xf2, 0x0f, 0x11, 0x4c, 0x02,
  0x18, 0xf2, 0x0f, 0x10, 0x0d, 0xff, 0xf1, 0x00, 0x00, 0xf2, 0x44, 0x0f,
  0x11, 0x44, 0x02, 0x10, 0xf2, 0x44, 0x0f, 0x10, 0x44, 0x24, 0xa0, 0x48,
  0x8b, 0x54, 0x24, 0xe0, 0xf2, 0x0f, 0x59, 0xcc, 0xf2, 0x45, 0x0f, 0x59,
  0xc2, 0xf2, 0x44, 0x0f, 0x58, 0xe1, 0xf2, 0x0f, 0x10, 0x0d, 0xde, 0xf1,
  0x00, 0x00, 0xf2, 0x0f, 0x59, 0xca, 0x66, 0x0f, 0x28, 0xd9, 0xf2, 0x0f,
  0x10, 0x0d, 0xbe, 0xf1, 0x00, 0x00, 0xf2, 0x41, 0x0f, 0x58, 0xdc, 0xf2,
  0x0f, 0x59, 0xcf, 0x66, 0x44, 0x0f, 0x28, 0xe1, 0xf2, 0x0f, 0x10, 0x0d,
  0xb0, 0xf1, 0x00, 0x00, 0xf2, 0x44, 0x0f, 0x58, 0xe3, 0xf2, 0x0f, 0x10,
  0x5c, 0x01, 0x18, 0xf2, 0x0f, 0x59, 0xc8, 0xf2, 0x0f, 0x58, 0xd9, 0xf2,
  0x0f, 0x10, 0x0d, 0x9d, 0xf1, 0x00, 0x00, 0xf2, 0x0f, 0x59, 0xce, 0xf2,
  0x0f, 0x58, 0xcb, 0xf2, 0x0f, 0x10, 0x5c, 0x24, 0x98, 0xf2, 0x41, 0x0f,
  0x59, 0xda, 0xf2, 0x41, 0x0f, 0x58, 0xcb, 0xf2, 0x44, 0x0f, 0x10, 0x5c,
  0x24, 0xb0, 0xf2, 0x45, 0x0f, 0x59, 0xd9, 0xf2, 0x44, 0x0f, 0x5c, 0xdb,
  0xf2, 0x0f, 0x10, 0x5c, 0x24, 0xb8, 0xf2, 0x41, 0x0f, 0x59, 0xd9, 0xf2,
  0x45, 0x0f, 0x5c, 0xdd, 0xf2, 0x41, 0x0f, 0x5c, 0xd8, 0x66, 0x44, 0x0f,
  0x28, 0xc1, 0xf2, 0x41, 0x0f, 0x5c, 0xcb, 0xf2, 0x45, 0x0f, 0x58, 0xc3,
  0xf2, 0x45, 0x0f, 0x10, 0x5c, 0x05, 0xf8, 0xf2, 0x41, 0x0f, 0x5c, 0xde,
  0xf2, 0x45, 0x0f, 0x59, 0xdf, 0x66, 0x45, 0x0f, 0x28, 0xf4, 0xf2, 0x44,
  0x0f, 0x5c, 0xf3, 0xf2, 0x41, 0x0f, 0x58, 0xdc, 0xf2, 0x45, 0x0f, 0x10,
  0x64, 0x05, 0xf0, 0xf2, 0x45, 0x0f, 0x59, 0xe6, 0x66, 0x45, 0x0f, 0x28,
  0xee, 0x66, 0x45, 0x0f, 0x28, 0xf0, 0xf2, 0x45, 0x0f, 0x59, 0xf3, 0xf2,
  0x45, 0x0f, 0x59, 0xdd, 0xf2, 0x45, 0x0f, 0x5c, 0xe6, 0x66, 0x44, 0x0f,
  0x28, 0xf1, 0xf2, 0x44, 0x0f, 0x11, 0x64, 0x02, 0x10, 0xf2, 0x45, 0x0f,
  0x59, 0x44, 0x05, 0xf0, 0xf2, 0x45, 0x0f, 0x10, 0x24, 0x04, 0xf2, 0x0f,
  0x59, 0x35, 0xda, 0xf0, 0x00, 0x00, 0xf2, 0x44, 0x0f, 0x10, 0x6c, 0x24,
  0xc0, 0xf2, 0x41, 0x0f, 0x59, 0xcc, 0xf2, 0x0f, 0x59, 0x05, 0xd6, 0xf0,
  0x00, 0x00, 0xf2, 0x0f, 0x58, 0x44, 0x01, 0x18, 0xf2, 0x0f, 0x59, 0x15,
  0xb8, 0xf0, 0x00, 0x00, 0xf2, 0x45, 0x0f, 0x58, 0xc3, 0xf2, 0x45, 0x0f,
  0x10, 0x5c, 0x04, 0x08, 0xf2, 0x45, 0x0f, 0x59, 0xe9, 0xf2, 0x0f, 0x59,
  0x2d, 0xa7, 0xf0, 0x00, 0x00, 0xf2, 0x45, 0x0f, 0x59, 0xdf, 0xf2, 0x0f,
  0x58, 0xf0, 0xf2, 0x0f, 0x10, 0x44, 0x24, 0x98, 0xf2, 0x44, 0x0f, 0x11,
  0x44, 0x02, 0x18, 0x66, 0x44, 0x0f, 0x28, 0xc3, 0x48, 0x8b, 0x54, 0x24,
  0xd8, 0xf2, 0x0f, 0x59, 0x25, 0x87, 0xf0, 0x00, 0x00, 0xf2, 0x0f, 0x58,
  0x64, 0x01, 0x10, 0xf2, 0x45, 0x0f, 0x59, 0xc4, 0xf2, 0x0f, 0x58, 0xee,
  0xf2, 0x0f, 0x10, 0x74, 0x24, 0x90, 0xf2, 0x41, 0x0f, 0x59, 0xdb, 0xf2,
  0x0f, 0x58, 0xe2, 0xf2, 0x0f, 0x10, 0x15, 0x59, 0xf0, 0x00, 0x00, 0xf2,
  0x0f, 0x59, 0xc6, 0xf2, 0x45, 0x0f, 0x59, 0xf3, 0xf2, 0x0f, 0x59, 0xd7,
  0xf2, 0x0f, 0x10, 0x7c, 0x24, 0xa8, 0xf2, 0x0f, 0x58, 0xcb, 0xf2, 0x41,
  0x0f, 0x59, 0xf9, 0xf2, 0x45, 0x0f, 0x5c, 0xc6, 0xf2, 0x0f, 0x11, 0x4c,
  0x02, 0x18, 0xf2, 0x0f, 0x10, 0x4c, 0x24, 0xb0, 0xf2, 0x0f, 0x58, 0xd4,
  0xf2, 0x0f, 0x10, 0x64, 0x24, 0xb8, 0xf2, 0x41, 0x0f, 0x59, 0xca, 0xf2,
  0x44, 0x0f, 0x11, 0x44, 0x02, 0x10, 0x48, 0x8b, 0x54, 0x24, 0xd0, 0xf2,
  0x41, 0x0f, 0x59, 0xe2, 0x66, 0x0f, 0x28, 0xda, 0xf2, 0x0f, 0x5c, 0xc8,
  0xf2, 0x0f, 0x10, 0x44, 0x24, 0xa0, 0xf2, 0x0f, 0x59, 0xc6, 0xf2, 0x0f,
  0x10, 0x74, 0x05, 0x00, 0xf2, 0x41, 0x0f, 0x58, 0xcd, 0xf2, 0x0f, 0x5c,
  0xe0, 0x66, 0x0f, 0x28, 0xc5, 0xf2, 0x0f, 0x5c, 0xe9, 0xf2, 0x0f, 0x58,
  0xc1, 0xf2, 0x0f, 0x10, 0x4c, 0x05, 0x08, 0xf2, 0x0f, 0x58, 0xe7, 0xf2,
  0x41, 0x0f, 0x59, 0xcf, 0x66, 0x0f, 0x28, 0xf8, 0xf2, 0x0f, 0x59, 0xc6,
  0xf2, 0x0f, 0x5c, 0xdc, 0xf2, 0x0f, 0x58, 0xe2, 0x66, 0x0f, 0x28, 0xd6,
  0xf2, 0x41, 0x0f, 0x10, 0x74, 0x07, 0xd0, 0xf2, 0x0f, 0x59, 0xf9, 0xf2,
  0x0f, 0x59, 0xd3, 0xf2, 0x0f, 0x59, 0xcb, 0xf2, 0x0f, 0x5c, 0xd7, 0xf2,
  0x0f, 0x58, 0xc1, 0x66, 0x0f, 0x28, 0xcd, 0xf2, 0x0f, 0x59, 0xee, 0xf2,
  0x0f, 0x11, 0x54, 0x02, 0x10, 0xf2, 0x41, 0x0f, 0x10, 0x54, 0x07, 0xd8,
  0xf2, 0x0f, 0x11, 0x44, 0x02, 0x18, 0x66, 0x0f, 0x28, 0xc4, 0x48, 0x8b,
  0x54, 0x24, 0xc8, 0xf2, 0x41, 0x0f, 0x59, 0xd7, 0xf2, 0x0f, 0x59, 0xc6,
  0xf2, 0x0f, 0x59, 0xca, 0xf2, 0x0f, 0x59, 0xe2, 0xf2, 0x0f, 0x5c, 0xc1,
  0xf2, 0x0f, 0x58, 0xec, 0xf2, 0x0f, 0x11, 0x44, 0x02, 0x10, 0xf2, 0x0f,
  0x11, 0x6c, 0x02, 0x18, 0x48, 0x83, 0xc0, 0x10, 0x48, 0x3b, 0x04, 0x24,
  0x0f, 0x85, 0x72, 0xfa, 0xff, 0xff, 0x48, 0x8b, 0x54, 0x24, 0xf8, 0x48,
  0x8b, 0x84, 0x24, 0x98, 0x00, 0x00, 0x00, 0x48, 0x83, 0x44, 0x24, 0x08,
  0x01, 0x48, 0x01, 0xc1, 0x49, 0x01, 0xc3, 0x49, 0x01, 0xc2, 0x49, 0x01,
  0xc1, 0x48, 0x01, 0xc7, 0x48, 0x01, 0xc6, 0x49, 0x01, 0xc0, 0x48, 0x8b,
  0x44, 0x24, 0x30, 0x48, 0x01, 0x44, 0x24, 0xf0, 0x48, 0x01, 0x44, 0x24,
  0xe8, 0x48, 0x01, 0xc2, 0x48, 0x01, 0x44, 0x24, 0xe0, 0x48, 0x01, 0x44,
  0x24, 0xd8, 0x48, 0x01, 0x44, 0x24, 0xd0, 0x48, 0x01, 0x44, 0x24, 0xc8,
  0x48, 0x8b, 0x44, 0x24, 0x08, 0x48, 0x39, 0x44, 0x24, 0x18, 0x0f, 0x85,
  0xdc, 0xf7, 0xff, 0xff, 0x48, 0x81, 0xc4, 0xb0, 0x00, 0x00, 0x00, 0x5b,
  0x5d, 0x41, 0x5c, 0x41, 0x5d, 0x41, 0x5e, 0x41, 0x5f, 0xc3, 0x48, 0x89,
  0xf1, 0x48, 0x85, 0xf6, 0x74, 0xe6, 0x4c, 0x8d, 0x04, 0x76, 0x49, 0x89,
  0xc9, 0x49, 0x89, 0xcb, 0x66, 0x0f, 0x28, 0x2d, 0xc0, 0xed, 0x00, 0x00,
  0x4c, 0x89, 0xc6, 0x49, 0xf7, 0xd9, 0x49, 0xc1, 0xe0, 0x04, 0x4c, 0x8d,
  0x14, 0x8d, 0x00, 0x00, 0x00, 0x00, 0x4c, 0x89, 0xcf, 0x48, 0xc1, 0xe6,
  0x05, 0x4c, 0x29, 0xd1, 0x66, 0x0f, 0x28, 0x35, 0xac, 0xed, 0x00, 0x00,
  0x48, 0x01, 0xc6, 0x48, 0xc1, 0xe7, 0x06, 0x66, 0x0f, 0x28, 0x3d, 0xad,
  0xed, 0x00, 0x00, 0xf2, 0x0f, 0x12, 0x54, 0x24, 0x90, 0x48, 0x01, 0xf7,
  0x49, 0xc1, 0xe1, 0x05, 0xf2, 0x0f, 0x12, 0x5c, 0x24, 0x20, 0xf2, 0x0f,
  0x12, 0x64, 0x24, 0x28, 0x49, 0xc1, 0xe3, 0x04, 0x49, 0x01, 0xf8, 0x48,
  0xc1, 0xe1, 0x04, 0x4d, 0x01, 0xc1, 0x4b, 0x8d, 0x1c, 0x19, 0x49, 0x01,
  0xc3, 0x48, 0x01, 0xd9, 0x49, 0x89, 0xda, 0x66, 0x0f, 0x1f, 0x84, 0x00,
  0x00, 0x00, 0x00, 0x00, 0x66, 0x44, 0x0f, 0x10, 0x42, 0x60, 0x66, 0x0f,
  0x10, 0x42, 0x10, 0x66, 0x44, 0x0f, 0x28, 0xf2, 0x48, 0x83, 0xc0, 0x10,
  0x48, 0x83, 0xc2, 0x70, 0x48, 0x83, 0xc1, 0x10, 0x49, 0x83, 0xc2, 0x10,
  0x49, 0x83, 0xc1, 0x10, 0x66, 0x41, 0x0f, 0x28, 0xc8, 0x66, 0x45, 0x0f,
  0xc6, 0xc0, 0x01, 0x49, 0x83, 0xc0, 0x10, 0x66, 0x44, 0x0f, 0x10, 0x4a,
  0xb0, 0x66, 0x0f, 0x58, 0xc8, 0x66, 0x0f, 0xc6, 0xc0, 0x01, 0x48, 0x83,
  0xc7, 0x10, 0x48, 0x83, 0xc6, 0x10, 0x66, 0x41, 0x0f, 0x5c, 0xc0, 0x66,
  0x44, 0x0f, 0x10, 0x42, 0xe0, 0x66, 0x44, 0x0f, 0x10, 0x52, 0xd0, 0x66,
  0x44, 0x0f, 0x10, 0x6a, 0x90, 0x66, 0x45, 0x0f, 0x28, 0xe0, 0x66, 0x45,
  0x0f, 0xc6, 0xc0, 0x01, 0x66, 0x45, 0x0f, 0x28, 0xda, 0x66, 0x45, 0x0f,
  0xc6, 0xd2, 0x01, 0x66, 0x45, 0x0f, 0x58, 0xe1, 0x66, 0x45, 0x0f, 0xc6,
  0xc9, 0x01, 0x66, 0x45, 0x0f, 0x5c, 0xc8, 0x66, 0x44, 0x0f, 0x10, 0x42,
  0xc0, 0x66, 0x44, 0x0f, 0x59, 0xf0, 0x66, 0x45, 0x0f, 0x58, 0xd8, 0x66,
  0x45, 0x0f, 0xc6, 0xc0, 0x01, 0x66, 0x45, 0x0f, 0x5c, 0xc2, 0x66, 0x45,
  0x0f, 0x28, 0xd5, 0x66, 0x44, 0x0f, 0x58, 0xd1, 0x66, 0x45, 0x0f, 0x28,
  0xfc, 0x66, 0x44, 0x0f, 0x59, 0xfe, 0x66, 0x45, 0x0f, 0x58, 0xd4, 0x66,
  0x45, 0x0f, 0x58, 0xd3, 0x44, 0x0f, 0x11, 0x50, 0xf0, 0x66, 0x44, 0x0f,
  0x28, 0xd1, 0x66, 0x44, 0x0f, 0x59, 0xd5, 0x66, 0x45, 0x0f, 0x58, 0xd5,
  0x66, 0x45, 0x0f, 0x58, 0xd7, 0x66, 0x45, 0x0f, 0x28, 0xfb, 0x66, 0x44,
  0x0f, 0x59, 0xff, 0x66, 0x45, 0x0f, 0x58, 0xfa, 0x66, 0x44, 0x0f, 0x28,
  0xd3, 0x66, 0x45, 0x0f, 0x59, 0xd1, 0x66, 0x45, 0x0f, 0x58, 0xd6, 0x66,
  0x44, 0x0f, 0x28, 0xf4, 0x66, 0x45, 0x0f, 0x59, 0xf0, 0x66, 0x45, 0x0f,
  0x58, 0xd6, 0x66, 0x45, 0x0f, 0x28, 0xf7, 0x66, 0x45, 0x0f, 0x5c, 0xf2,
  0x66, 0x45, 0x0f, 0x58, 0xd7, 0x66, 0x45, 0x0f, 0x28, 0xfa, 0xf2, 0x45,
  0x0f, 0x10, 0xfe, 0xf2, 0x45, 0x0f, 0x10, 0xf2, 0x66, 0x44, 0x0f, 0x28,
  0xd1, 0x66, 0x44, 0x0f, 0x59, 0xd6, 0x44, 0x0f, 0x11, 0x79, 0xf0, 0x66,
  0x45, 0x0f, 0x28, 0xfc, 0x66, 0x44, 0x0f, 0x59, 0xff, 0x44, 0x0f, 0x11,
  0x76, 0xf0, 0x66, 0x44, 0x0f, 0x28, 0xf4, 0x66, 0x0f, 0x59, 0xcf, 0x66,
  0x45, 0x0f, 0x59, 0xf1, 0x66, 0x44, 0x0f, 0x59, 0xe5, 0x66, 0x45, 0x0f,
  0x58, 0xd5, 0x66, 0x44, 0x0f, 0x59, 0xca, 0x66, 0x41, 0x0f, 0x58, 0xcd,
  0x66, 0x45, 0x0f, 0x58, 0xd7, 0x66, 0x45, 0x0f, 0x28, 0xfb, 0x66, 0x44,
  0x0f, 0x59, 0xfd, 0x66, 0x44, 0x0f, 0x59, 0xde, 0x66, 0x41, 0x0f, 0x58,
  0xcc, 0x66, 0x45, 0x0f, 0x58, 0xfa, 0x66, 0x44, 0x0f, 0x28, 0xd3, 0x66,
  0x44, 0x0f, 0x59, 0xd0, 0x66, 0x41, 0x0f, 0x58, 0xcb, 0x66, 0x0f, 0x59,
  0xc4, 0x66, 0x45, 0x0f, 0x5c, 0xd6, 0x66, 0x45, 0x0f, 0x28, 0xf0, 0x66,
  0x44, 0x0f, 0x59, 0xf2, 0x66, 0x41, 0x0f, 0x5c, 0xc1, 0x66, 0x44, 0x0f,
  0x59, 0xc3, 0x66, 0x45, 0x0f, 0x5c, 0xd6, 0x66, 0x45, 0x0f, 0x28, 0xf7,
  0x66, 0x41, 0x0f, 0x58, 0xc0, 0x66, 0x44, 0x0f, 0x28, 0xc1, 0x66, 0x45,
  0x0f, 0x5c, 0xf2, 0x66, 0x45, 0x0f, 0x58, 0xd7, 0x66, 0x44, 0x0f, 0x5c,
  0xc0, 0x66, 0x0f, 0x58, 0xc1, 0x66, 0x45, 0x0f, 0x28, 0xfa, 0x66, 0x0f,
  0x28, 0xc8, 0xf2, 0x45, 0x0f, 0x10, 0xfe, 0xf2, 0x45, 0x0f, 0x10, 0xf2,
  0xf2, 0x41, 0x0f, 0x10, 0xc8, 0xf2, 0x44, 0x0f, 0x10, 0xc0, 0x44, 0x0f,
  0x11, 0x7f, 0xf0, 0x45, 0x0f, 0x11, 0x70, 0xf0, 0x41, 0x0f, 0x11, 0x49,
  0xf0, 0x45, 0x0f, 0x11, 0x42, 0xf0, 0x49, 0x39, 0xc3, 0x0f, 0x85, 0xf1,
  0xfd, 0xff, 0xff, 0xe9, 0x50, 0xfd, 0xff, 0xff, 0x66, 0x66, 0x2e, 0x0f,
  0x1f, 0x84, 0x00, 0x00, 0x00, 0x00, 0x00, 0x90, 0x41, 0x57, 0x66, 0x45,
  0x0f, 0xef, 0xdb, 0x48, 0x89, 0xc8, 0x41, 0x56, 0xf2, 0x45, 0x0f, 0x2a,
  0xd9, 0x41, 0x55, 0x41, 0x54, 0x55, 0x53, 0x48, 0x89, 0xf3, 0x48, 0x81,
  0xec, 0xc0, 0x01, 0x00, 0x00, 0xf2, 0x0f, 0x10, 0x3d, 0x17, 0xec, 0x00,
  0x00, 0x48, 0x89, 0xb4, 0x24, 0x78, 0x01, 0x00, 0x00, 0x48, 0x89, 0xd6,
  0xf2, 0x41, 0x0f, 0x59, 0xfb, 0x48, 0x89, 0xbc, 0x24, 0x80, 0x01, 0x00,
  0x00, 0xf2, 0x0f, 0x11, 0xbc, 0x24, 0x88, 0x01, 0x00, 0x00, 0xf2, 0x0f,
  0x10, 0x3d, 0xf6, 0xeb, 0x00, 0x00, 0xf2, 0x41, 0x0f, 0x59, 0xfb, 0xf2,
  0x0f, 0x11, 0x7c, 0x24, 0x88, 0xf2, 0x0f, 0x10, 0x3d, 0xeb, 0xeb, 0x00,
  0x00, 0xf2, 0x41, 0x0f, 0x59, 0xfb, 0xf2, 0x0f, 0x11, 0x7c, 0x24, 0x98,
  0xf2, 0x0f, 0x10, 0x3d, 0xe0, 0xeb, 0x00, 0x00, 0xf2, 0x41, 0x0f, 0x59,
  0xfb, 0xf2, 0x0f, 0x11, 0xbc, 0x24, 0x90, 0x01, 0x00, 0x00, 0xf2, 0x0f,
  0x10, 0x3d, 0xd2, 0xeb, 0x00, 0x00, 0xf2, 0x41, 0x0f, 0x59, 0xfb, 0xf2,
  0x0f, 0x11, 0xbc, 0x24, 0x98, 0x01, 0x00, 0x00, 0x48, 0x83, 0xff, 0x01,
  0x0f, 0x84, 0x92, 0x16, 0x00, 0x00, 0x48, 0x85, 0xdb, 0x0f, 0x84, 0x77,
  0x16, 0x00, 0x00, 0x48, 0x89, 0xfb, 0x48, 0x8d, 0x7f, 0xff, 0x4c, 0x89,
  0xc2, 0x4c, 0x8d, 0x0c, 0x9d, 0x00, 0x00, 0x00, 0x00, 0x48, 0x89, 0x7c,
  0x24, 0xb0, 0x49, 0x89, 0xdf, 0x49, 0x89, 0xdb, 0x49, 0x8d, 0x3c, 0x19,
  0x49, 0xc1, 0xe7, 0x04, 0x49, 0xf7, 0xdb, 0x48, 0x8d, 0x0c, 0x7b, 0x4e,
  0x8d, 0x24, 0x3e, 0x48, 0xc1, 0xe7, 0x04, 0x4c, 0x89, 0xbc, 0x24, 0xa0,
  0x01, 0x00, 0x00, 0x48, 0xc1, 0xe1, 0x04, 0x48, 0x89, 0x8c, 0x24, 0xa8,
  0x01, 0x00, 0x00, 0x48, 0x89, 0xf1, 0x48, 0x8d, 0x34, 0xdd, 0x00, 0x00,
  0x00, 0x00, 0x4c, 0x8d, 0x34, 0x1e, 0x49, 0xc1, 0xe6, 0x04, 0x4c, 0x89,
  0x74, 0x24, 0xc0, 0x4b, 0x8d, 0x2c, 0x34, 0x49, 0x89, 0xde, 0x4c, 0x89,
  0xdb, 0x48, 0xc1, 0xe3, 0x07, 0x4c, 0x29, 0xf6, 0x4f, 0x8d, 0x14, 0x76,
  0x4d, 0x89, 0xf0, 0x4d, 0x29, 0xc8, 0x48, 0x89, 0x5c, 0x24, 0xd0, 0x48,
  0x01, 0xeb, 0x4d, 0x89, 0xd9, 0x48, 0xc1, 0xe6, 0x04, 0x49, 0xc1, 0xe0,
  0x05, 0x4c, 0x0f, 0xaf, 0xb4, 0x24, 0x78, 0x01, 0x00, 0x00, 0x4c, 0x89,
  0x54, 0x24, 0xd8, 0x49, 0xc1, 0xe3, 0x06, 0x48, 0x01, 0xde, 0x49, 0xc1,
  0xe2, 0x04, 0x4c, 0x89, 0x4c, 0x24, 0xc8, 0x49, 0x01, 0xf0, 0x4c, 0x89,
  0x5c, 0x24, 0xe8, 0x49, 0xc1, 0xe1, 0x05, 0x4c, 0x01, 0xc7, 0x4c, 0x89,
  0x54, 0x24, 0xe0, 0x49, 0x01, 0xfb, 0x48, 0x89, 0x5c, 0x24, 0xb8, 0x4d,
  0x01, 0xda, 0x4d, 0x01, 0xd1, 0x4f, 0x8d, 0x2c, 0x39, 0x49, 0x89, 0xc7,
  0x4c, 0x89, 0xf0, 0x49, 0xc1, 0xe6, 0x04, 0x4d, 0x01, 0xfe, 0x4c, 0x89,
  0x7c, 0x24, 0x30, 0x4c, 0x89, 0x74, 0x24, 0x38, 0x4c, 0x8d, 0x34, 0x80,
  0x4c, 0x89, 0xf3, 0x49, 0xc1, 0xe6, 0x05, 0x4d, 0x01, 0xfe, 0x4c, 0x89,
  0xb4, 0x24, 0x80, 0x00, 0x00, 0x00, 0x49, 0x89, 0xc6, 0x49, 0xc1, 0xe6,
  0x05, 0x4d, 0x01, 0xfe, 0x4c, 0x8d, 0x3c, 0xc5, 0x00, 0x00, 0x00, 0x00,
  0x4c, 0x89, 0x74, 0x24, 0x78, 0x4d, 0x8d, 0x34, 0x07, 0x49, 0xc1, 0xe6,
  0x04, 0x4c, 0x03, 0x74, 0x24, 0x30, 0x4c, 0x89, 0x74, 0x24, 0x70, 0x4c,
  0x8d, 0x34, 0x40, 0x4c, 0x89, 0x74, 0x24, 0xf0, 0x49, 0xc1, 0xe6, 0x04,
  0x4c, 0x03, 0x74, 0x24, 0x30, 0x4c, 0x89, 0x74, 0x24, 0x68, 0x49, 0x89,
  0xc6, 0x49, 0xc1, 0xe6, 0x07, 0x4c, 0x03, 0x74, 0x24, 0x30, 0x49, 0x29,
  0xc7, 0x4c, 0x89, 0x74, 0x24, 0x60, 0x49, 0x89, 0xc6, 0x48, 0x89, 0xd8,
  0x49, 0xc1, 0xe6, 0x06, 0x4c, 0x03, 0x74, 0x24, 0x30, 0x48, 0xc1, 0xe0,
  0x04, 0x4c, 0x89, 0x74, 0x24, 0x58, 0x4d, 0x89, 0xfe, 0x49, 0xc1, 0xe6,
  0x04, 0x4d, 0x89, 0xf7, 0x4c, 0x8b, 0x74, 0x24, 0x30, 0x4c, 0x01, 0xf0,
  0x4d, 0x01, 0xf7, 0x48, 0x89, 0x44, 0x24, 0x48, 0x48, 0x8b, 0x44, 0x24,
  0xf0, 0x4c, 0x89, 0x7c, 0x24, 0x50, 0x4c, 0x8b, 0xbc, 0x24, 0xa0, 0x01,
  0x00, 0x00, 0x48, 0xc1, 0xe0, 0x05, 0x4c, 0x01, 0xf0, 0x49, 0x83, 0xef,
  0x10, 0x4c, 0x8b, 0x74, 0x24, 0xc0, 0x48, 0x89, 0x44, 0x24, 0x40, 0x4c,
  0x89, 0xbc, 0x24, 0xc0, 0x00, 0x00, 0x00, 0x4c, 0x8b, 0x7c, 0x24, 0xd0,
  0x49, 0x01, 0xd6, 0xf2, 0x0f, 0x12, 0xbc, 0x24, 0x88, 0x01, 0x00, 0x00,
  0x48, 0x8b, 0x5c, 0x24, 0xb0, 0x0f, 0x29, 0xbc, 0x24, 0x38, 0x01, 0x00,
  0x00, 0xf2, 0x0f, 0x12, 0x7c, 0x24, 0x88, 0x4d, 0x01, 0xf7, 0x0f, 0x29,
  0xbc, 0x24, 0x58, 0x01, 0x00, 0x00, 0xf2, 0x0f, 0x12, 0x7c, 0x24, 0x98,
  0x48, 0x89, 0xd8, 0x48, 0xc1, 0xe3, 0x05, 0x0f, 0x29, 0xbc, 0x24, 0x48,
  0x01, 0x00, 0x00, 0xf2, 0x0f, 0x12, 0xbc, 0x24, 0x90, 0x01, 0x00, 0x00,
  0x48, 0xc1, 0xe0, 0x07, 0x48, 0x01, 0xd3, 0x0f, 0x29, 0xbc, 0x24, 0x18,
  0x01, 0x00, 0x00, 0xf2, 0x0f, 0x12, 0xbc, 0x24, 0x98, 0x01, 0x00, 0x00,
  0x48, 0x01, 0xd0, 0x48, 0x89, 0x9c, 0x24, 0x98, 0x00, 0x00, 0x00, 0x48,
  0x89, 0x84, 0x24, 0x90, 0x00, 0x00, 0x00, 0x48, 0x8b, 0x44, 0x24, 0xd8,
  0x0f, 0x29, 0xbc, 0x24, 0x28, 0x01, 0x00, 0x00, 0x66, 0x0f, 0x28, 0x3d,
  0x70, 0xe8, 0x00, 0x00, 0x48, 0xc7, 0x84, 0x24, 0x70, 0x01, 0x00, 0x00,
  0x00, 0x00, 0x00, 0x00, 0x48, 0xc1, 0xe0, 0x05, 0x49, 0x8d, 0x1c, 0x07,
  0x48, 0x8b, 0x44, 0x24, 0xe8, 0x0f, 0x29, 0xbc, 0x24, 0x08, 0x01, 0x00,
  0x00, 0x66, 0x0f, 0x28, 0x3d, 0x57, 0xe8, 0x00, 0x00, 0x48, 0x89, 0x9c,
  0x24, 0xa0, 0x00, 0x00, 0x00, 0x48, 0x01, 0xd8, 0x48, 0x8b, 0x5c, 0x24,
  0xe0, 0x0f, 0x29, 0xbc, 0x24, 0xc8, 0x00, 0x00, 0x00, 0x66, 0x0f, 0x28,
  0x3d, 0x47, 0xe8, 0x00, 0x00, 0x48, 0x89, 0x84, 0x24, 0xa8, 0x00, 0x00,
  0x00, 0x48, 0x01, 0xc3, 0x48, 0x8b, 0x44, 0x24, 0xb0, 0x0f, 0x29, 0xbc,
  0x24, 0xd8, 0x00, 0x00, 0x00, 0x66, 0x0f, 0x28, 0x3d, 0x37, 0xe8, 0x00,
  0x00, 0x48, 0x89, 0x9c, 0x24, 0xb0, 0x00, 0x00, 0x00, 0x48, 0xc1, 0xe0,
  0x06, 0x48, 0x01, 0xd0, 0x48, 0x89, 0x84, 0x24, 0xb8, 0x00, 0x00, 0x00,
  0x48, 0x8b, 0x44, 0x24, 0xc8, 0x48, 0xc1, 0xe0, 0x04, 0x48, 0x01, 0xd8,
  0x48, 0x89, 0x84, 0x24, 0xb0, 0x01, 0x00, 0x00, 0x0f, 0x29, 0xbc, 0x24,
  0xe8, 0x00, 0x00, 0x00, 0x66, 0x0f, 0x28, 0x3d, 0x0c, 0xe8, 0x00, 0x00,
  0x48, 0x8b, 0x5c, 0x24, 0xb8, 0x4c, 0x89, 0xbc, 0x24, 0x68, 0x01, 0x00,
  0x00, 0x0f, 0x29, 0xbc, 0x24, 0xf8, 0x00, 0x00, 0x00, 0x66, 0x41, 0x0f,
  0x28, 0xfb, 0x66, 0x90, 0x66, 0x0f, 0x10, 0x45, 0x00, 0x66, 0x45, 0x0f,
  0x10, 0x1c, 0x24, 0x66, 0x44, 0x0f, 0x10, 0x23, 0x66, 0x45, 0x0f, 0x10,
  0x28, 0x66, 0x0f, 0x28, 0xe8, 0x66, 0x0f, 0xc6, 0xc0, 0x01, 0x66, 0x45,
  0x0f, 0x10, 0x33, 0x66, 0x41, 0x0f, 0x10, 0x75, 0x00, 0x66, 0x41, 0x0f,
  0x58, 0xeb, 0x66, 0x45, 0x0f, 0xc6, 0xdb, 0x01, 0x66, 0x44, 0x0f, 0x5c,
  0xd8, 0x66, 0x0f, 0x10, 0x06, 0x66, 0x41, 0x0f, 0x28, 0xdd, 0x66, 0x45,
  0x0f, 0xc6, 0xed, 0x01, 0x66, 0x41, 0x0f, 0x28, 0xd6, 0x66, 0x44, 0x0f,
  0x10, 0x39, 0x66, 0x0f, 0x28, 0xe0, 0x66, 0x0f, 0xc6, 0xc0, 0x01, 0x66,
  0x45, 0x0f, 0xc6, 0xf6, 0x01, 0x66, 0x0f, 0x28, 0xce, 0x66, 0x41, 0x0f,
  0x58, 0xe4, 0x66, 0x45, 0x0f, 0xc6, 0xe4, 0x01, 0x66, 0x44, 0x0f, 0x5c,
  0xe0, 0x66, 0x0f, 0x10, 0x07, 0x66, 0x0f, 0xc6, 0xf6, 0x01, 0x48, 0x8b,
  0x44, 0x24, 0x30, 0x66, 0x44, 0x0f, 0x28, 0x94, 0x24, 0x08, 0x01, 0x00,
  0x00, 0x66, 0x44, 0x0f, 0x28, 0x8c, 0x24, 0xe8, 0x00, 0x00, 0x00, 0x66,
  0x0f, 0x58, 0xd8, 0x66, 0x0f, 0xc6, 0xc0, 0x01, 0x66, 0x44, 0x0f, 0x5c,
  0xe8, 0x66, 0x41, 0x0f, 0x10, 0x02, 0x66, 0x0f, 0x58, 0xd0, 0x66, 0x0f,
  0xc6, 0xc0, 0x01, 0x66, 0x44, 0x0f, 0x5c, 0xf0, 0x66, 0x41, 0x0f, 0x10,
  0x01, 0x66, 0x0f, 0x58, 0xc8, 0x66, 0x0f, 0xc6, 0xc0, 0x01, 0x66, 0x0f,
  0x5c, 0xc6, 0x66, 0x41, 0x0f, 0x28, 0xf7, 0x66, 0x0f, 0x58, 0xf5, 0x66,
  0x44, 0x0f, 0x59, 0xca, 0x66, 0x0f, 0x58, 0xf4, 0x66, 0x0f, 0x58, 0xf3,
  0x66, 0x0f, 0x58, 0xf2, 0x66, 0x0f, 0x58, 0xf1, 0x0f, 0x11, 0x30, 0x66,
  0x41, 0x0f, 0x28, 0xf2, 0x48, 0x8b, 0x44, 0x24, 0x38, 0x66, 0x0f, 0x59,
  0xf5, 0x66, 0x41, 0x0f, 0x58, 0xf7, 0x66, 0x44, 0x0f, 0x28, 0xc6, 0x66,
  0x0f, 0x28, 0xb4, 0x24, 0xc8, 0x00, 0x00, 0x00, 0x66, 0x0f, 0x59, 0xf4,
  0x66, 0x41, 0x0f, 0x58, 0xf0, 0x66, 0x44, 0x0f, 0x28, 0x84, 0x24, 0xd8,
  0x00, 0x00, 0x00, 0x66, 0x44, 0x0f, 0x59, 0xc3, 0x66, 0x41, 0x0f, 0x58,
  0xf0, 0x66, 0x45, 0x0f, 0x28, 0xc1, 0x66, 0x44, 0x0f, 0x28, 0x8c, 0x24,
  0x38, 0x01, 0x00, 0x00, 0x66, 0x45, 0x0f, 0x59, 0xcb, 0x66, 0x44, 0x0f,
  0x58, 0xc6, 0x66, 0x0f, 0x28, 0xb4, 0x24, 0xf8, 0x00, 0x00, 0x00, 0x66,
  0x0f, 0x59, 0xf1, 0x66, 0x44, 0x0f, 0x58, 0xc6, 0x66, 0x41, 0x0f, 0x28,
  0xf1, 0x66, 0x44, 0x0f, 0x28, 0x8c, 0x24, 0x58, 0x01, 0x00, 0x00, 0x66,
  0x45, 0x0f, 0x59, 0xcc, 0x66, 0x41, 0x0f, 0x58, 0xf1, 0x66, 0x44, 0x0f,
  0x28, 0x8c, 0x24, 0x48, 0x01, 0x00, 0x00, 0x66, 0x45, 0x0f, 0x59, 0xcd,
  0x66, 0x44, 0x0f, 0x58, 0xce, 0x66, 0x0f, 0x28, 0xb4, 0x24, 0x18, 0x01,
  0x00, 0x00, 0x66, 0x41, 0x0f, 0x59, 0xf6, 0x66, 0x44, 0x0f, 0x58, 0xce,
  0x66, 0x0f, 0x28, 0xb4, 0x24, 0x28, 0x01, 0x00, 0x00, 0x66, 0x0f, 0x59,
  0xf0, 0x66, 0x41, 0x0f, 0x58, 0xf1, 0x66, 0x45, 0x0f, 0x28, 0xc8, 0x66,
  0x44, 0x0f, 0x5c, 0xce, 0x66, 0x41, 0x0f, 0x58, 0xf0, 0x66, 0x44, 0x0f,
  0x28, 0xc6, 0xf2, 0x45, 0x0f, 0x10, 0xc1, 0x44, 0x0f, 0x11, 0x00, 0x66,
  0x45, 0x0f, 0x28, 0xc1, 0x66, 0x44, 0x0f, 0x28, 0x8c, 0x24, 0xe8, 0x00,
  0x00, 0x00, 0x48, 0x8b, 0x84, 0x24, 0x80, 0x00, 0x00, 0x00, 0xf2, 0x44,
  0x0f, 0x10, 0xc6, 0x66, 0x0f, 0x28, 0xb4, 0x24, 0xc8, 0x00, 0x00, 0x00,
  0x66, 0x44, 0x0f, 0x59, 0xcc, 0x44, 0x0f, 0x11, 0x00, 0x66, 0x0f, 0x59,
  0xf5, 0x66, 0x44, 0x0f, 0x28, 0xc6, 0x66, 0x41, 0x0f, 0x28, 0xf1, 0x66,
  0x45, 0x0f, 0x58, 0xc7, 0x66, 0x41, 0x0f, 0x58, 0xf0, 0x66, 0x44, 0x0f,
  0x28, 0x84, 0x24, 0xf8, 0x00, 0x00, 0x00, 0x66, 0x44, 0x0f, 0x59, 0xc3,
  0x66, 0x41, 0x0f, 0x58, 0xf0, 0x66, 0x44, 0x0f, 0x28, 0x84, 0x24, 0xd8,
  0x00, 0x00, 0x00, 0x66, 0x44, 0x0f, 0x59, 0xc2, 0x66, 0x44, 0x0f, 0x58,
  0xc6, 0x66, 0x41, 0x0f, 0x28, 0xf2, 0x66, 0x0f, 0x59, 0xf1, 0x66, 0x44,
  0x0f, 0x58, 0xc6, 0x66, 0x0f, 0x28, 0xb4, 0x24, 0x18, 0x01, 0x00, 0x00,
  0x66, 0x41, 0x0f, 0x59, 0xf4, 0x66, 0x44, 0x0f, 0x28, 0xce, 0x66, 0x0f,
  0x28, 0xb4, 0x24, 0x58, 0x01, 0x00, 0x00, 0x48, 0x8b, 0x44, 0x24, 0x78,
  0x66, 0x41, 0x0f, 0x59, 0xf3, 0x66, 0x41, 0x0f, 0x58, 0xf1, 0x66, 0x44,
  0x0f, 0x28, 0x8c, 0x24, 0x28, 0x01, 0x00, 0x00, 0x66, 0x45, 0x0f, 0x59,
  0xcd, 0x66, 0x41, 0x0f, 0x5c, 0xf1, 0x66, 0x44, 0x0f, 0x28, 0x8c, 0x24,
  0x48, 0x01, 0x00, 0x00, 0x66, 0x45, 0x0f, 0x59, 0xce, 0x66, 0x41, 0x0f,
  0x5c, 0xf1, 0x66, 0x44, 0x0f, 0x28, 0x8c, 0x24, 0x38, 0x01, 0x00, 0x00,
  0x66, 0x44, 0x0f, 0x59, 0xc8, 0x66, 0x41, 0x0f, 0x5c, 0xf1, 0x66, 0x45,
  0x0f, 0x28, 0xc8, 0x66, 0x44, 0x0f, 0x5c, 0xce, 0x66, 0x41, 0x0f, 0x58,
  0xf0, 0x66, 0x44, 0x0f, 0x28, 0xc6, 0xf2, 0x45, 0x0f, 0x10, 0xc1, 0x44,
  0x0f, 0x11, 0x00, 0x66, 0x45, 0x0f, 0x28, 0xc1, 0x48, 0x8b, 0x44, 0x24,
  0x70, 0x66, 0x44, 0x0f, 0x28, 0x8c, 0x24, 0xd8, 0x00, 0x00, 0x00, 0xf2,
  0x44, 0x0f, 0x10, 0xc6, 0x66, 0x0f, 0x28, 0xb4, 0x24, 0xf8, 0x00, 0x00,
  0x00, 0x66, 0x44, 0x0f, 0x59, 0xcd, 0x44, 0x0f, 0x11, 0x00, 0x48, 0x8b,
  0x44, 0x24, 0x68, 0x66, 0x0f, 0x59, 0xf4, 0x66, 0x45, 0x0f, 0x28, 0xc1,
  0x66, 0x44, 0x0f, 0x28, 0x8c, 0x24, 0x28, 0x01, 0x00, 0x00, 0x66, 0x45,
  0x0f, 0x58, 0xc7, 0x66, 0x45, 0x0f, 0x59, 0xcc, 0x66, 0x41, 0x0f, 0x58,
  0xf0, 0x66, 0x44, 0x0f, 0x28, 0x84, 0x24, 0xc8, 0x00, 0x00, 0x00, 0x66,
  0x44, 0x0f, 0x59, 0xc3, 0x66, 0x41, 0x0f, 0x58, 0xf0, 0x66, 0x45, 0x0f,
  0x28, 0xc2, 0x66, 0x44, 0x0f, 0x59, 0xc2, 0x66, 0x44, 0x0f, 0x58, 0xc6,
  0x66, 0x0f, 0x28, 0xb4, 0x24, 0xe8, 0x00, 0x00, 0x00, 0x66, 0x0f, 0x59,
  0xf1, 0x66, 0x44, 0x0f, 0x58, 0xc6, 0x66, 0x0f, 0x28, 0xb4, 0x24, 0x48,
  0x01, 0x00, 0x00, 0x66, 0x41, 0x0f, 0x59, 0xf3, 0x66, 0x41, 0x0f, 0x5c,
  0xf1, 0x66, 0x44, 0x0f, 0x28, 0x8c, 0x24, 0x58, 0x01, 0x00, 0x00, 0x66,
  0x45, 0x0f, 0x59, 0xcd, 0x66, 0x41, 0x0f, 0x5c, 0xf1, 0x66, 0x44, 0x0f,
  0x28, 0x8c, 0x24, 0x38, 0x01, 0x00, 0x00, 0x66, 0x45, 0x0f, 0x59, 0xce,
  0x66, 0x44, 0x0f, 0x58, 0xce, 0x66, 0x0f, 0x28, 0xb4, 0x24, 0x18, 0x01,
  0x00, 0x00, 0x66, 0x0f, 0x59, 0xf0, 0x66, 0x41, 0x0f, 0x58, 0xf1, 0x66,
  0x45, 0x0f, 0x28, 0xc8, 0x66, 0x44, 0x0f, 0x5c, 0xce, 0x66, 0x41, 0x0f,
  0x58, 0xf0, 0x66, 0x44, 0x0f, 0x28, 0xc6, 0xf2, 0x45, 0x0f, 0x10, 0xc1,
  0x44, 0x0f, 0x11, 0x00, 0x66, 0x45, 0x0f, 0x28, 0xc1, 0x48, 0x8b, 0x44,
  0x24, 0x60, 0x66, 0x44, 0x0f, 0x28, 0x8c, 0x24, 0xd8, 0x00, 0x00, 0x00,
  0xf2, 0x44, 0x0f, 0x10, 0xc6, 0x66, 0x0f, 0x28, 0xb4, 0x24, 0xe8, 0x00,
  0x00, 0x00, 0x66, 0x44, 0x0f, 0x59, 0xcc, 0x44, 0x0f, 0x11, 0x00, 0x48,
  0x8b, 0x44, 0x24, 0x58, 0x66, 0x0f, 0x59, 0xf5, 0x66, 0x44, 0x0f, 0x28,
  0xc6, 0x66, 0x41, 0x0f, 0x28, 0xf1, 0x66, 0x45, 0x0f, 0x58, 0xc7, 0x66,
  0x41, 0x0f, 0x58, 0xf0, 0x66, 0x45, 0x0f, 0x28, 0xc2, 0x66, 0x44, 0x0f,
  0x28, 0x94, 0x24, 0x18, 0x01, 0x00, 0x00, 0x66, 0x44, 0x0f, 0x59, 0xc3,
  0x66, 0x45, 0x0f, 0x59, 0xd3, 0x66, 0x41, 0x0f, 0x58, 0xf0, 0x66, 0x44,
  0x0f, 0x28, 0x84, 0x24, 0xf8, 0x00, 0x00, 0x00, 0x66, 0x45, 0x0f, 0x28,
  0xca, 0x66, 0x44, 0x0f, 0x28, 0x94, 0x24, 0x48, 0x01, 0x00, 0x00, 0x66,
  0x44, 0x0f, 0x59, 0xc2, 0x66, 0x45, 0x0f, 0x59, 0xd4, 0x66, 0x44, 0x0f,
  0x58, 0xc6, 0x66, 0x0f, 0x28, 0xb4, 0x24, 0xc8, 0x00, 0x00, 0x00, 0x66,
  0x45, 0x0f, 0x5c, 0xca, 0x66, 0x44, 0x0f, 0x28, 0x94, 0x24, 0x38, 0x01,
  0x00, 0x00, 0x66, 0x0f, 0x59, 0xf1, 0x66, 0x45, 0x0f, 0x59, 0xd5, 0x66,
  0x44, 0x0f, 0x58, 0xc6, 0x66, 0x0f, 0x28, 0xb4, 0x24, 0x28, 0x01, 0x00,
  0x00, 0x66, 0x45, 0x0f, 0x58, 0xca, 0x66, 0x44, 0x0f, 0x28, 0x94, 0x24,
  0x58, 0x01, 0x00, 0x00, 0x66, 0x41, 0x0f, 0x59, 0xf6, 0x66, 0x45, 0x0f,
  0x59, 0xf2, 0x66, 0x41, 0x0f, 0x58, 0xf1, 0x66, 0x45, 0x0f, 0x28, 0xca,
  0x66, 0x44, 0x0f, 0x59, 0xc8, 0x66, 0x41, 0x0f, 0x5c, 0xf1, 0x66, 0x45,
  0x0f, 0x28, 0xc8, 0x66, 0x44, 0x0f, 0x5c, 0xce, 0x66, 0x41, 0x0f, 0x58,
  0xf0, 0x66, 0x44, 0x0f, 0x28, 0xc6, 0xf2, 0x45, 0x0f, 0x10, 0xc1, 0x44,
  0x0f, 0x11, 0x00, 0x48, 0x8b, 0x44, 0x24, 0x50, 0x66, 0x45, 0x0f, 0x28,
  0xc1, 0x66, 0x0f, 0x59, 0xac, 0x24, 0xf8, 0x00, 0x00, 0x00, 0xf2, 0x44,
  0x0f, 0x10, 0xc6, 0x66, 0x0f, 0x59, 0xa4, 0x24, 0x08, 0x01, 0x00, 0x00,
  0x44, 0x0f, 0x11, 0x00, 0x48, 0x8b, 0x44, 0x24, 0x48, 0x66, 0x44, 0x0f,
  0x59, 0x9c, 0x24, 0x28, 0x01, 0x00, 0x00, 0x66, 0x44, 0x0f, 0x59, 0xa4,
  0x24, 0x38, 0x01, 0x00, 0x00, 0x66, 0x0f, 0x59, 0x9c, 0x24, 0xe8, 0x00,
  0x00, 0x00, 0x66, 0x44, 0x0f, 0x59, 0xac, 0x24, 0x18, 0x01, 0x00, 0x00,
  0x66, 0x41, 0x0f, 0x58, 0xef, 0x66, 0x0f, 0x59, 0x94, 0x24, 0xc8, 0x00,
  0x00, 0x00, 0x66, 0x0f, 0x59, 0x8c, 0x24, 0xd8, 0x00, 0x00, 0x00, 0x66,
  0x0f, 0x58, 0xec, 0x66, 0x45, 0x0f, 0x5c, 0xdc, 0x66, 0x0f, 0x59, 0x84,
  0x24, 0x48, 0x01, 0x00, 0x00, 0x66, 0x0f, 0x58, 0xeb, 0x66, 0x45, 0x0f,
  0x58, 0xdd, 0x66, 0x0f, 0x58, 0xea, 0x66, 0x45, 0x0f, 0x5c, 0xde, 0x66,
  0x0f, 0x58, 0xe9, 0x66, 0x44, 0x0f, 0x58, 0xd8, 0x66, 0x0f, 0x28, 0xf5,
  0x66, 0x41, 0x0f, 0x5c, 0xf3, 0x66, 0x44, 0x0f, 0x58, 0xdd, 0x66, 0x41,
  0x0f, 0x28, 0xeb, 0xf2, 0x0f, 0x10, 0xee, 0xf2, 0x41, 0x0f, 0x10, 0xf3,
  0x0f, 0x11, 0x28, 0x48, 0x8b, 0x44, 0x24, 0x40, 0x0f, 0x11, 0x30, 0x31,
  0xc0, 0x48, 0x83, 0xbc, 0x24, 0x80, 0x01, 0x00, 0x00, 0x01, 0x0f, 0x86,
  0x64, 0x0d, 0x00, 0x00, 0x4c, 0x8b, 0xbc, 0x24, 0xb0, 0x01, 0x00, 0x00,
  0xf2, 0x44, 0x0f, 0x10, 0xbc, 0x24, 0x88, 0x01, 0x00, 0x00, 0xf2, 0x44,
  0x0f, 0x10, 0x84, 0x24, 0x90, 0x01, 0x00, 0x00, 0xf2, 0x44, 0x0f, 0x10,
  0x8c, 0x24, 0x98, 0x01, 0x00, 0x00, 0x4c, 0x89, 0xbc, 0x24, 0x88, 0x00,
  0x00, 0x00, 0x66, 0x2e, 0x0f, 0x1f, 0x84, 0x00, 0x00, 0x00, 0x00, 0x00,
  0xf2, 0x0f, 0x10, 0x54, 0x05, 0x10, 0xf2, 0x41, 0x0f, 0x10, 0x5c, 0x04,
  0x10, 0xf2, 0x0f, 0x10, 0x44, 0x05, 0x18, 0xf2, 0x41, 0x0f, 0x10, 0x4c,
  0x04, 0x18, 0x66, 0x44, 0x0f, 0x28, 0xdb, 0xf2, 0x0f, 0x5c, 0xda, 0x66,
  0x44, 0x0f, 0x28, 0xd1, 0xf2, 0x0f, 0x5c, 0xc8, 0xf2, 0x44, 0x0f, 0x58,
  0xda, 0xf2, 0x0f, 0x10, 0x54, 0x06, 0x10, 0xf2, 0x44, 0x0f, 0x58, 0xd0,
  0xf2, 0x0f, 0x10, 0x44, 0x06, 0x18, 0x66, 0x44, 0x0f, 0x28, 0xeb, 0xf2,
  0x0f, 0x10, 0x5c, 0x03, 0x10, 0x66, 0x44, 0x0f, 0x28, 0xe1, 0xf2, 0x0f,
  0x10, 0x4c, 0x03, 0x18, 0xf2, 0x44, 0x0f, 0x11, 0x5c, 0x24, 0xb0, 0xf2,
  0x45, 0x0f, 0x10, 0x5c, 0x01, 0x10, 0x66, 0x0f, 0x28, 0xeb, 0xf2, 0x0f,
  0x5c, 0xda, 0xf2, 0x44, 0x0f, 0x11, 0x54, 0x24, 0xb8, 0xf2, 0x45, 0x0f,
  0x10, 0x54, 0x05, 0x10, 0x66, 0x0f, 0x28, 0xe1, 0xf2, 0x0f, 0x5c, 0xc8,
  0xf2, 0x0f, 0x58, 0xea, 0xf2, 0x0f, 0x10, 0x54, 0x07, 0x10, 0xf2, 0x0f,
  0x58, 0xe0, 0xf2, 0x0f, 0x10, 0x44, 0x07, 0x18, 0xf2, 0x0f, 0x11, 0x5c,
  0x24, 0xd8, 0xf2, 0x41, 0x0f, 0x10, 0x5c, 0x00, 0x10, 0xf2, 0x0f, 0x11,
  0x4c, 0x24, 0xe0, 0xf2, 0x41, 0x0f, 0x10, 0x4c, 0x00, 0x18, 0xf2, 0x0f,
  0x11, 0x6c, 0x24, 0xc0, 0x66, 0x0f, 0x28, 0xf3, 0x66, 0x0f, 0x28, 0xeb,
  0xf2, 0x41, 0x0f, 0x10, 0x5c, 0x03, 0x10, 0xf2, 0x0f, 0x58, 0xf2, 0xf2,
  0x0f, 0x5c, 0xea, 0xf2, 0x0f, 0x11, 0x64, 0x24, 0xc8, 0xf2, 0x41, 0x0f,
  0x10, 0x54, 0x02, 0x10, 0x66, 0x44, 0x0f, 0x28, 0xf1, 0x66, 0x0f, 0x28,
  0xe1, 0xf2, 0x41, 0x0f, 0x10, 0x4c, 0x03, 0x18, 0xf2, 0x44, 0x0f, 0x58,
  0xf0, 0xf2, 0x0f, 0x5c, 0xe0, 0x66, 0x0f, 0x28, 0xc3, 0xf2, 0x0f, 0x58,
  0xc2, 0xf2, 0x0f, 0x11, 0x6c, 0x24, 0xe8, 0xf2, 0x44, 0x0f, 0x11, 0x74,
  0x24, 0xd0, 0x66, 0x44, 0x0f, 0x28, 0xf3, 0xf2, 0x41, 0x0f, 0x10, 0x5c,
  0x01, 0x18, 0x66, 0x0f, 0x28, 0xe8, 0xf2, 0x41, 0x0f, 0x10, 0x44, 0x02,
  0x18, 0xf2, 0x44, 0x0f, 0x5c, 0xf2, 0x66, 0x0f, 0x28, 0xd1, 0xf2, 0x0f,
  0x11, 0x64, 0x24, 0xf0, 0x66, 0x0f, 0x28, 0xe1, 0xf2, 0x41, 0x0f, 0x10,
  0x4c, 0x05, 0x18, 0xf2, 0x0f, 0x5c, 0xd0, 0xf2, 0x0f, 0x58, 0xe0, 0x66,
  0x0f, 0x28, 0xc3, 0xf2, 0x0f, 0x58, 0xc1, 0xf2, 0x44, 0x0f, 0x11, 0x74,
  0x24, 0xf8, 0xf2, 0x0f, 0x11, 0x14, 0x24, 0x66, 0x41, 0x0f, 0x28, 0xd3,
  0xf2, 0x45, 0x0f, 0x5c, 0xda, 0xf2, 0x41, 0x0f, 0x58, 0xd2, 0x66, 0x44,
  0x0f, 0x28, 0xd3, 0xf2, 0x44, 0x0f, 0x5c, 0xd1, 0xf2, 0x44, 0x0f, 0x11,
  0x5c, 0x24, 0x08, 0xf2, 0x44, 0x0f, 0x11, 0x54, 0x24, 0x10, 0xf2, 0x44,
  0x0f, 0x10, 0x5c, 0x24, 0xb0, 0xf2, 0x0f, 0x10, 0x4c, 0x01, 0x10, 0xf2,
  0x0f, 0x10, 0x5c, 0x24, 0xc0, 0x4c, 0x8b, 0x7c, 0x24, 0x30, 0xf2, 0x44,
  0x0f, 0x11, 0x6c, 0x24, 0x18, 0xf2, 0x41, 0x0f, 0x58, 0xcb, 0xf2, 0x44,
  0x0f, 0x10, 0x54, 0x24, 0xb8, 0xf2, 0x44, 0x0f, 0x10, 0x35, 0x46, 0xe1,
  0x00, 0x00, 0xf2, 0x44, 0x0f, 0x11, 0x64, 0x24, 0x20, 0xf2, 0x45, 0x0f,
  0x59, 0xe7, 0xf2, 0x45, 0x0f, 0x59, 0xf3, 0x66, 0x45, 0x0f, 0x28, 0xdd,
  0xf2, 0x44, 0x0f, 0x10, 0x6c, 0x24, 0x88, 0xf2, 0x0f, 0x58, 0xcb, 0xf2,
  0x44, 0x0f, 0x58, 0x74, 0x01, 0x10, 0xf2, 0x45, 0x0f, 0x59, 0xdf, 0xf2,
  0x0f, 0x58, 0xce, 0xf2, 0x0f, 0x58, 0xcd, 0xf2, 0x0f, 0x58, 0xca, 0xf2,
  0x41, 0x0f, 0x11, 0x4c, 0x07, 0x10, 0xf2, 0x0f, 0x10, 0x4c, 0x01, 0x18,
  0xf2, 0x41, 0x0f, 0x58, 0xca, 0xf2, 0x0f, 0x58, 0x4c, 0x24, 0xc8, 0xf2,
  0x0f, 0x58, 0x4c, 0x24, 0xd0, 0xf2, 0x0f, 0x58, 0xcc, 0xf2, 0x0f, 0x58,
  0xc8, 0xf2, 0x41, 0x0f, 0x11, 0x4c, 0x07, 0x18, 0xf2, 0x0f, 0x10, 0x0d,
  0xe0, 0xe0, 0x00, 0x00, 0xf2, 0x0f, 0x59, 0xcb, 0x66, 0x0f, 0x28, 0xd9,
  0xf2, 0x0f, 0x10, 0x0d, 0xc8, 0xe0, 0x00, 0x00, 0xf2, 0x41, 0x0f, 0x58,
  0xde, 0xf2, 0x44, 0x0f, 0x10, 0x35, 0xca, 0xe0, 0x00, 0x00, 0xf2, 0x41,
  0x0f, 0x59, 0xca, 0xf2, 0x44, 0x0f, 0x10, 0x15, 0xbc, 0xe0, 0x00, 0x00,
  0xf2, 0x44, 0x0f, 0x59, 0xf6, 0xf2, 0x0f, 0x58, 0x4c, 0x01, 0x18, 0xf2,
  0x44, 0x0f, 0x59, 0x54, 0x24, 0xd0, 0xf2, 0x44, 0x0f, 0x58, 0xf3, 0xf2,
  0x0f, 0x10, 0x1d, 0xa5, 0xe0, 0x00, 0x00, 0xf2, 0x0f, 0x59, 0xdd, 0xf2,
  0x41, 0x0f, 0x58, 0xde, 0xf2, 0x44, 0x0f, 0x10, 0x35, 0x9b, 0xe0, 0x00,
  0x00, 0xf2, 0x44, 0x0f, 0x59, 0xf2, 0xf2, 0x44, 0x0f, 0x58, 0xf3, 0xf2,
  0x0f, 0x10, 0x1d, 0x71, 0xe0, 0x00, 0x00, 0xf2, 0x0f, 0x59, 0x5c, 0x24,
  0xc8, 0xf2, 0x0f, 0x58, 0xd9, 0xf2, 0x0f, 0x10, 0x0d, 0x6f, 0xe0, 0x00,
  0x00, 0xf2, 0x0f, 0x59, 0xcc, 0xf2, 0x41, 0x0f, 0x58, 0xda, 0xf2, 0x44,
  0x0f, 0x10, 0x54, 0x24, 0xe8, 0xf2, 0x44, 0x0f, 0x59, 0x54, 0x24, 0x98,
  0xf2, 0x0f, 0x58, 0xcb, 0xf2, 0x0f, 0x10, 0x1d, 0x54, 0xe0, 0x00, 0x00,
  0xf2, 0x0f, 0x59, 0xd8, 0xf2, 0x0f, 0x58, 0xcb, 0xf2, 0x0f, 0x10, 0x5c,
  0x24, 0xd8, 0xf2, 0x41, 0x0f, 0x59, 0xdd, 0xf2, 0x41, 0x0f, 0x58, 0xdb,
  0xf2, 0x44, 0x0f, 0x10, 0x5c, 0x24, 0xf8, 0xf2, 0x45, 0x0f, 0x59, 0xd8,
  0xf2, 0x41, 0x0f, 0x58, 0xda, 0xf2, 0x44, 0x0f, 0x58, 0xdb, 0xf2, 0x0f,
  0x10, 0x5c, 0x24, 0x08, 0xf2, 0x44, 0x0f, 0x10, 0x54, 0x24, 0xe0, 0x4c,
  0x8b, 0x7c, 0x24, 0x38, 0xf2, 0x45, 0x0f, 0x59, 0xd5, 0xf2, 0x44, 0x0f,
  0x10, 0x6c, 0x24, 0xf0, 0xf2, 0x41, 0x0f, 0x59, 0xd9, 0xf2, 0x44, 0x0f,
  0x59, 0x6c, 0x24, 0x98, 0xf2, 0x44, 0x0f, 0x58, 0xdb, 0x66, 0x41, 0x0f,
  0x28, 0xda, 0xf2, 0x41, 0x0f, 0x58, 0xdc, 0x66, 0x45, 0x0f, 0x28, 0xe5,
  0x66, 0x45, 0x0f, 0x28, 0xee, 0xf2, 0x44, 0x0f, 0x58, 0xe3, 0xf2, 0x0f,
  0x10, 0x1c, 0x24, 0xf2, 0x41, 0x0f, 0x59, 0xd8, 0xf2, 0x41, 0x0f, 0x58,
  0xdc, 0xf2, 0x44, 0x0f, 0x10, 0x64, 0x24, 0x10, 0xf2, 0x45, 0x0f, 0x59,
  0xe1, 0xf2, 0x44, 0x0f, 0x58, 0xe3, 0x66, 0x0f, 0x28, 0xd9, 0xf2, 0x41,
  0x0f, 0x5c, 0xcb, 0xf2, 0x41, 0x0f, 0x58, 0xdb, 0xf2, 0x45, 0x0f, 0x5c,
  0xec, 0xf2, 0x45, 0x0f, 0x58, 0xf4, 0xf2, 0x44, 0x0f, 0x10, 0x64, 0x02,
  0x08, 0x66, 0x44, 0x0f, 0x28, 0xd3, 0xf2, 0x44, 0x0f, 0x59, 0xe7, 0x66,
  0x41, 0x0f, 0x28, 0xde, 0x66, 0x45, 0x0f, 0x28, 0xf2, 0xf2, 0x44, 0x0f,
  0x59, 0x14, 0x02, 0x66, 0x45, 0x0f, 0x28, 0xdc, 0xf2, 0x44, 0x0f, 0x10,
  0x24, 0x02, 0xf2, 0x45, 0x0f, 0x59, 0xf3, 0xf2, 0x45, 0x0f, 0x59, 0xe5,
  0xf2, 0x45, 0x0f, 0x59, 0xdd, 0x66, 0x44, 0x0f, 0x28, 0xe9, 0xf2, 0x45,
  0x0f, 0x5c, 0xe6, 0xf2, 0x45, 0x0f, 0x10, 0xb4, 0x06, 0x78, 0xff, 0xff,
  0xff, 0xf2, 0x45, 0x0f, 0x58, 0xd3, 0xf2, 0x44, 0x0f, 0x59, 0xf7, 0xf2,
  0x45, 0x0f, 0x11, 0x64, 0x07, 0x10, 0xf2, 0x45, 0x0f, 0x10, 0xa4, 0x06,
  0x70, 0xff, 0xff, 0xff, 0xf2, 0x45, 0x0f, 0x11, 0x54, 0x07, 0x18, 0x4c,
  0x8b, 0xbc, 0x24, 0x80, 0x00, 0x00, 0x00, 0xf2, 0x41, 0x0f, 0x59, 0xcc,
  0x66, 0x45, 0x0f, 0x28, 0xde, 0x66, 0x44, 0x0f, 0x28, 0xf3, 0xf2, 0x41,
  0x0f, 0x59, 0xdb, 0xf2, 0x45, 0x0f, 0x59, 0xf4, 0xf2, 0x44, 0x0f, 0x10,
  0x25, 0xf3, 0xde, 0x00, 0x00, 0xf2, 0x44, 0x0f, 0x59, 0x64, 0x24, 0xb0,
  0xf2, 0x44, 0x0f, 0x58, 0x64, 0x01, 0x10, 0xf2, 0x45, 0x0f, 0x59, 0xeb,
  0xf2, 0x44, 0x0f, 0x10, 0x1d, 0xef, 0xde, 0x00, 0x00, 0xf2, 0x44, 0x0f,
  0x59, 0x5c, 0x24, 0xd0, 0xf2, 0x0f, 0x58, 0xcb, 0xf2, 0x0f, 0x10, 0x1d,
  0xd4, 0xde, 0x00, 0x00, 0xf2, 0x0f, 0x59, 0x5c, 0x24, 0xc0, 0x66, 0x45,
  0x0f, 0x28, 0xd6, 0xf2, 0x41, 0x0f, 0x11, 0x4c, 0x07, 0x18, 0xf2, 0x0f,
  0x10, 0x0d, 0xaa, 0xde, 0x00, 0x00, 0xf2, 0x0f, 0x59, 0x4c, 0x24, 0xb8,
  0xf2, 0x45, 0x0f, 0x5c, 0xd5, 0xf2, 0x0f, 0x58, 0x4c, 0x01, 0x18, 0xf2,
  0x41, 0x0f, 0x58, 0xdc, 0xf2, 0x44, 0x0f, 0x10, 0x25, 0xa3, 0xde, 0x00,
  0x00, 0xf2, 0x45, 0x0f, 0x11, 0x54, 0x07, 0x10, 0xf2, 0x44, 0x0f, 0x59,
  0xe6, 0xf2, 0x44, 0x0f, 0x58, 0xe3, 0xf2, 0x0f, 0x10, 0x1d, 0x7a, 0xde,
  0x00, 0x00, 0xf2, 0x0f, 0x59, 0xdd, 0xf2, 0x41, 0x0f, 0x58, 0xdc, 0xf2,
  0x44, 0x0f, 0x10, 0x25, 0x58, 0xde, 0x00, 0x00, 0xf2, 0x44, 0x0f, 0x59,
  0xe2, 0xf2, 0x44, 0x0f, 0x58, 0xe3, 0xf2, 0x0f, 0x10, 0x1d, 0x5e, 0xde,
  0x00, 0x00, 0xf2, 0x0f, 0x59, 0x5c, 0x24, 0xc8, 0xf2, 0x0f, 0x58, 0xd9,
  0xf2, 0x0f, 0x10, 0x0d, 0x44, 0xde, 0x00, 0x00, 0xf2, 0x0f, 0x59, 0xcc,
  0xf2, 0x41, 0x0f, 0x58, 0xdb, 0xf2, 0x0f, 0x58, 0xcb, 0xf2, 0x0f, 0x10,
  0x1d, 0x1f, 0xde, 0x00, 0x00, 0xf2, 0x44, 0x0f, 0x10, 0x5c, 0x24, 0xd8,
  0xf2, 0x44, 0x0f, 0x10, 0x74, 0x24, 0xe8, 0xf2, 0x44, 0x0f, 0x10, 0x6c,
  0x24, 0x08, 0xf2, 0x0f, 0x59, 0xd8, 0xf2, 0x44, 0x0f, 0x10, 0x54, 0x24,
  0x20, 0x4c, 0x8b, 0xbc, 0x24, 0x68, 0x01, 0x00, 0x00, 0xf2, 0x45, 0x0f,
  0x59, 0xd8, 0xf2, 0x45, 0x0f, 0x59, 0xf1, 0xf2, 0x45, 0x0f, 0x59, 0xef,
  0xf2, 0x44, 0x0f, 0x59, 0x54, 0x24, 0x88, 0xf2, 0x0f, 0x58, 0xcb, 0xf2,
  0x0f, 0x10, 0x5c, 0x24, 0x18, 0xf2, 0x0f, 0x59, 0x5c, 0x24, 0x88, 0xf2,
  0x44, 0x0f, 0x58, 0xdb, 0xf2, 0x45, 0x0f, 0x5c, 0xde, 0xf2, 0x44, 0x0f,
  0x10, 0x74, 0x24, 0xf8, 0xf2, 0x44, 0x0f, 0x59, 0x74, 0x24, 0x98, 0xf2,
  0x45, 0x0f, 0x5c, 0xde, 0xf2, 0x44, 0x0f, 0x10, 0x74, 0x24, 0xe0, 0xf2,
  0x45, 0x0f, 0x59, 0xf0, 0xf2, 0x45, 0x0f, 0x5c, 0xdd, 0xf2, 0x44, 0x0f,
  0x10, 0x6c, 0x24, 0xf0, 0xf2, 0x45, 0x0f, 0x59, 0xe9, 0x66, 0x41, 0x0f,
  0x28, 0xde, 0xf2, 0x41, 0x0f, 0x58, 0xda, 0xf2, 0x44, 0x0f, 0x10, 0x14,
  0x24, 0xf2, 0x44, 0x0f, 0x59, 0x54, 0x24, 0x98, 0xf2, 0x41, 0x0f, 0x5c,
  0xdd, 0x66, 0x45, 0x0f, 0x28, 0xec, 0xf2, 0x41, 0x0f, 0x5c, 0xda, 0xf2,
  0x44, 0x0f, 0x10, 0x54, 0x24, 0x10, 0xf2, 0x45, 0x0f, 0x59, 0xd7, 0xf2,
  0x41, 0x0f, 0x5c, 0xda, 0x66, 0x44, 0x0f, 0x28, 0xd1, 0xf2, 0x41, 0x0f,
  0x5c, 0xcb, 0xf2, 0x45, 0x0f, 0x58, 0xd3, 0xf2, 0x45, 0x0f, 0x10, 0x5c,
  0x07, 0xf8, 0xf2, 0x44, 0x0f, 0x59, 0xdf, 0xf2, 0x44, 0x0f, 0x5c, 0xeb,
  0xf2, 0x41, 0x0f, 0x58, 0xdc, 0xf2, 0x45, 0x0f, 0x10, 0x64, 0x07, 0xf0,
  0x66, 0x45, 0x0f, 0x28, 0xf2, 0x4c, 0x8b, 0x7c, 0x24, 0x78, 0xf2, 0x44,
  0x0f, 0x11, 0x64, 0x24, 0x28, 0xf2, 0x44, 0x0f, 0x59, 0x54, 0x24, 0x28,
  0xf2, 0x45, 0x0f, 0x59, 0xe5, 0xf2, 0x45, 0x0f, 0x59, 0xf3, 0xf2, 0x45,
  0x0f, 0x59, 0xdd, 0x66, 0x44, 0x0f, 0x28, 0xeb, 0xf2, 0x45, 0x0f, 0x5c,
  0xe6, 0xf2, 0x44, 0x0f, 0x10, 0x74, 0x01, 0x10, 0xf2, 0x45, 0x0f, 0x58,
  0xd3, 0xf2, 0x45, 0x0f, 0x11, 0x64, 0x07, 0x10, 0xf2, 0x45, 0x0f, 0x11,
  0x54, 0x07, 0x18, 0x4c, 0x8b, 0xbc, 0x24, 0x90, 0x00, 0x00, 0x00, 0xf2,
  0x45, 0x0f, 0x10, 0x24, 0x07, 0xf2, 0x45, 0x0f, 0x10, 0x5c, 0x07, 0x08,
  0x4c, 0x8b, 0x7c, 0x24, 0x70, 0xf2, 0x45, 0x0f, 0x59, 0xec, 0xf2, 0x44,
  0x0f, 0x59, 0xdf, 0x66, 0x45, 0x0f, 0x28, 0xd5, 0x66, 0x44, 0x0f, 0x28,
  0xe9, 0xf2, 0x45, 0x0f, 0x59, 0xeb, 0xf2, 0x41, 0x0f, 0x59, 0xdb, 0xf2,
  0x41, 0x0f, 0x59, 0xcc, 0xf2, 0x44, 0x0f, 0x10, 0x25, 0xb3, 0xdc, 0x00,
  0x00, 0xf2, 0x44, 0x0f, 0x59, 0x64, 0x24, 0xb0, 0xf2, 0x45, 0x0f, 0x5c,
  0xd5, 0xf2, 0x0f, 0x58, 0xcb, 0xf2, 0x45, 0x0f, 0x11, 0x54, 0x07, 0x10,
  0xf2, 0x45, 0x0f, 0x58, 0xf4, 0xf2, 0x41, 0x0f, 0x11, 0x4c, 0x07, 0x18,
  0xf2, 0x44, 0x0f, 0x10, 0x25, 0x97, 0xdc, 0x00, 0x00, 0xf2, 0x44, 0x0f,
  0x59, 0x64, 0x24, 0xc0, 0xf2, 0x0f, 0x10, 0x4c, 0x01, 0x18, 0xf2, 0x44,
  0x0f, 0x10, 0x54, 0x24, 0x98, 0xf2, 0x44, 0x0f, 0x10, 0x5c, 0x24, 0x18,
  0xf2, 0x44, 0x0f, 0x10, 0x6c, 0x24, 0x88, 0x4c, 0x8b, 0xbc, 0x24, 0x98,
  0x00, 0x00, 0x00, 0xf2, 0x45, 0x0f, 0x59, 0xda, 0x66, 0x41, 0x0f, 0x28,
  0xdc, 0xf2, 0x44, 0x0f, 0x10, 0x25, 0x42, 0xdc, 0x00, 0x00, 0xf2, 0x41,
  0x0f, 0x58, 0xde, 0xf2, 0x44, 0x0f, 0x59, 0xe6, 0x66, 0x45, 0x0f, 0x28,
  0xf4, 0xf2, 0x44, 0x0f, 0x10, 0x25, 0x22, 0xdc, 0x00, 0x00, 0xf2, 0x44,
  0x0f, 0x58, 0xf3, 0xf2, 0x44, 0x0f, 0x59, 0xe5, 0x66, 0x41, 0x0f, 0x28,
  0xdc, 0xf2, 0x44, 0x0f, 0x10, 0x25, 0x22, 0xdc, 0x00, 0x00, 0xf2, 0x41,
  0x0f, 0x58, 0xde, 0xf2, 0x44, 0x0f, 0x59, 0xe2, 0x66, 0x45, 0x0f, 0x28,
  0xf4, 0xf2, 0x44, 0x0f, 0x10, 0x25, 0x02, 0xdc, 0x00, 0x00, 0xf2, 0x44,
  0x0f, 0x59, 0x64, 0x24, 0xb8, 0xf2, 0x44, 0x0f, 0x58, 0xf3, 0xf2, 0x0f,
  0x10, 0x1d, 0xfe, 0xdb, 0x00, 0x00, 0xf2, 0x0f, 0x59, 0x5c, 0x24, 0xc8,
  0xf2, 0x41, 0x0f, 0x58, 0xcc, 0xf2, 0x44, 0x0f, 0x10, 0x25, 0xd2, 0xdb,
  0x00, 0x00, 0xf2, 0x44, 0x0f, 0x59, 0x64, 0x24, 0xd0, 0xf2, 0x0f, 0x58,
  0xd9, 0xf2, 0x0f, 0x10, 0x0d, 0xb7, 0xdb, 0x00, 0x00, 0xf2, 0x0f, 0x59,
  0xcc, 0xf2, 0x41, 0x0f, 0x58, 0xdc, 0xf2, 0x44, 0x0f, 0x10, 0x64, 0x24,
  0xf8, 0xf2, 0x45, 0x0f, 0x59, 0xe7, 0xf2, 0x0f, 0x58, 0xcb, 0xf2, 0x0f,
  0x10, 0x1d, 0xae, 0xdb, 0x00, 0x00, 0xf2, 0x0f, 0x59, 0xd8, 0xf2, 0x0f,
  0x58, 0xcb, 0xf2, 0x0f, 0x10, 0x5c, 0x24, 0xd8, 0xf2, 0x41, 0x0f, 0x59,
  0xd9, 0xf2, 0x44, 0x0f, 0x5c, 0xdb, 0xf2, 0x0f, 0x10, 0x5c, 0x24, 0xe8,
  0xf2, 0x41, 0x0f, 0x59, 0xdd, 0xf2, 0x44, 0x0f, 0x5c, 0xdb, 0xf2, 0x0f,
  0x10, 0x5c, 0x24, 0x20, 0xf2, 0x41, 0x0f, 0x59, 0xda, 0xf2, 0x44, 0x0f,
  0x10, 0x54, 0x24, 0xf0, 0xf2, 0x45, 0x0f, 0x58, 0xdc, 0xf2, 0x44, 0x0f,
  0x10, 0x64, 0x24, 0x08, 0xf2, 0x45, 0x0f, 0x59, 0xd5, 0xf2, 0x44, 0x0f,
  0x10, 0x6c, 0x24, 0x10, 0xf2, 0x45, 0x0f, 0x59, 0xe0, 0xf2, 0x45, 0x0f,
  0x59, 0xe8, 0xf2, 0x45, 0x0f, 0x58, 0xdc, 0xf2, 0x44, 0x0f, 0x10, 0x64,
  0x24, 0xe0, 0xf2, 0x45, 0x0f, 0x59, 0xe1, 0xf2, 0x41, 0x0f, 0x5c, 0xdc,
  0xf2, 0x44, 0x0f, 0x10, 0x24, 0x24, 0xf2, 0x45, 0x0f, 0x59, 0xe7, 0xf2,
  0x41, 0x0f, 0x5c, 0xda, 0x66, 0x44, 0x0f, 0x28, 0xd1, 0xf2, 0x41, 0x0f,
  0x5c, 0xcb, 0xf2, 0x45, 0x0f, 0x58, 0xd3, 0xf2, 0x45, 0x0f, 0x10, 0x5c,
  0x07, 0x08, 0xf2, 0x44, 0x0f, 0x59, 0xdf, 0xf2, 0x41, 0x0f, 0x58, 0xdc,
  0x66, 0x45, 0x0f, 0x28, 0xe5, 0x66, 0x45, 0x0f, 0x28, 0xee, 0xf2, 0x44,
  0x0f, 0x58, 0xe3, 0x66, 0x41, 0x0f, 0x28, 0xde, 0xf2, 0x45, 0x0f, 0x10,
  0x34, 0x07, 0x4c, 0x8b, 0x7c, 0x24, 0x68, 0xf2, 0x44, 0x0f, 0x11, 0x74,
  0x24, 0x28, 0xf2, 0x45, 0x0f, 0x5c, 0xec, 0xf2, 0x41, 0x0f, 0x58, 0xdc,
  0xf2, 0x45, 0x0f, 0x59, 0xf5, 0x66, 0x45, 0x0f, 0x28, 0xe6, 0x66, 0x45,
  0x0f, 0x28, 0xf2, 0xf2, 0x45, 0x0f, 0x59, 0xf3, 0xf2, 0x45, 0x0f, 0x59,
  0xdd, 0x66, 0x44, 0x0f, 0x28, 0xe9, 0xf2, 0x45, 0x0f, 0x5c, 0xe6, 0xf2,
  0x45, 0x0f, 0x11, 0x64, 0x07, 0x10, 0xf2, 0x44, 0x0f, 0x59, 0x54, 0x24,
  0x28, 0xf2, 0x44, 0x0f, 0x10, 0x74, 0x24, 0xf8, 0xf2, 0x45, 0x0f, 0x59,
  0xf1, 0xf2, 0x45, 0x0f, 0x58, 0xd3, 0xf2, 0x45, 0x0f, 0x11, 0x54, 0x07,
  0x18, 0x4c, 0x8b, 0xbc, 0x24, 0xa0, 0x00, 0x00, 0x00, 0x66, 0x44, 0x0f,
  0x28, 0xd3, 0xf2, 0x45, 0x0f, 0x10, 0x5c, 0x07, 0x98, 0xf2, 0x45, 0x0f,
  0x10, 0x64, 0x07, 0x90, 0x4c, 0x8b, 0x7c, 0x24, 0x60, 0xf2, 0x44, 0x0f,
  0x59, 0xdf, 0xf2, 0x45, 0x0f, 0x59, 0xd4, 0xf2, 0x41, 0x0f, 0x59, 0xcc,
  0xf2, 0x44, 0x0f, 0x10, 0x64, 0x01, 0x10, 0xf2, 0x45, 0x0f, 0x59, 0xeb,
  0xf2, 0x41, 0x0f, 0x59, 0xdb, 0xf2, 0x44, 0x0f, 0x10, 0x1d, 0x32, 0xda,
  0x00, 0x00, 0xf2, 0x44, 0x0f, 0x59, 0xde, 0xf2, 0x45, 0x0f, 0x5c, 0xd5,
  0xf2, 0x44, 0x0f, 0x10, 0x6c, 0x24, 0xd8, 0xf2, 0x44, 0x0f, 0x59, 0x6c,
  0x24, 0x98, 0xf2, 0x0f, 0x58, 0xcb, 0xf2, 0x0f, 0x10, 0x1d, 0x1e, 0xda,
  0x00, 0x00, 0xf2, 0x0f, 0x59, 0x5c, 0x24, 0xc0, 0xf2, 0x45, 0x0f, 0x11,
  0x54, 0x07, 0x10, 0xf2, 0x44, 0x0f, 0x10, 0x15, 0x10, 0xda, 0x00, 0x00,
  0xf2, 0x44, 0x0f, 0x59, 0x54, 0x24, 0xb0, 0xf2, 0x41, 0x0f, 0x11, 0x4c,
  0x07, 0x18, 0xf2, 0x0f, 0x10, 0x0d, 0xfa, 0xd9, 0x00, 0x00, 0xf2, 0x0f,
  0x59, 0x4c, 0x24, 0xb8, 0xf2, 0x0f, 0x58, 0x4c, 0x01, 0x18, 0xf2, 0x45,
  0x0f, 0x58, 0xe2, 0xf2, 0x41, 0x0f, 0x58, 0xdc, 0x66, 0x45, 0x0f, 0x28,
  0xe3, 0xf2, 0x44, 0x0f, 0x10, 0x1d, 0xde, 0xd9, 0x00, 0x00, 0xf2, 0x44,
  0x0f, 0x59, 0xdd, 0xf2, 0x44, 0x0f, 0x58, 0xe3, 0x66, 0x41, 0x0f, 0x28,
  0xdb, 0xf2, 0x44, 0x0f, 0x10, 0x1d, 0xae, 0xd9, 0x00, 0x00, 0xf2, 0x41,
  0x0f, 0x58, 0xdc, 0xf2, 0x44, 0x0f, 0x59, 0xda, 0x66, 0x45, 0x0f, 0x28,
  0xe3, 0xf2, 0x44, 0x0f, 0x10, 0x1d, 0x9e, 0xd9, 0x00, 0x00, 0xf2, 0x44,
  0x0f, 0x59, 0x5c, 0x24, 0xc8, 0xf2, 0x44, 0x0f, 0x58, 0xe3, 0x66, 0x41,
  0x0f, 0x28, 0xdb, 0xf2, 0x44, 0x0f, 0x10, 0x5c, 0x24, 0xe8, 0xf2, 0x0f,
  0x58, 0xd9, 0xf2, 0x0f, 0x10, 0x0d, 0x6a, 0xd9, 0x00, 0x00, 0xf2, 0x0f,
  0x59, 0x4c, 0x24, 0xd0, 0xf2, 0x45, 0x0f, 0x59, 0xdf, 0xf2, 0x0f, 0x58,
  0xd9, 0xf2, 0x0f, 0x10, 0x0d, 0x73, 0xd9, 0x00, 0x00, 0xf2, 0x0f, 0x59,
  0xcc, 0xf2, 0x0f, 0x58, 0xcb, 0xf2, 0x0f, 0x10, 0x1d, 0x4b, 0xd9, 0x00,
  0x00, 0xf2, 0x0f, 0x59, 0xd8, 0xf2, 0x0f, 0x58, 0xcb, 0xf2, 0x0f, 0x10,
  0x5c, 0x24, 0x18, 0xf2, 0x41, 0x0f, 0x59, 0xd8, 0xf2, 0x41, 0x0f, 0x5c,
  0xdd, 0xf2, 0x41, 0x0f, 0x58, 0xdb, 0x66, 0x45, 0x0f, 0x28, 0xde, 0xf2,
  0x44, 0x0f, 0x10, 0x74, 0x24, 0x08, 0xf2, 0x44, 0x0f, 0x59, 0x74, 0x24,
  0x88, 0xf2, 0x44, 0x0f, 0x10, 0x54, 0x24, 0x20, 0xf2, 0x44, 0x0f, 0x10,
  0x2c, 0x24, 0x4c, 0x8b, 0xbc, 0x24, 0xa8, 0x00, 0x00, 0x00, 0xf2, 0x44,
  0x0f, 0x58, 0xdb, 0xf2, 0x45, 0x0f, 0x59, 0xd0, 0xf2, 0x45, 0x0f, 0x59,
  0xe9, 0xf2, 0x0f, 0x59, 0x35, 0xff, 0xd8, 0x00, 0x00, 0xf2, 0x45, 0x0f,
  0x5c, 0xde, 0xf2, 0x44, 0x0f, 0x10, 0x74, 0x24, 0xe0, 0xf2, 0x44, 0x0f,
  0x59, 0x74, 0x24, 0x98, 0xf2, 0x0f, 0x59, 0x2d, 0xd4, 0xd8, 0x00, 0x00,
  0xf2, 0x0f, 0x59, 0x15, 0xd4, 0xd8, 0x00, 0x00, 0x66, 0x41, 0x0f, 0x28,
  0xdd, 0xf2, 0x45, 0x0f, 0x5c, 0xd6, 0xf2, 0x44, 0x0f, 0x10, 0x74, 0x24,
  0xf0, 0xf2, 0x45, 0x0f, 0x59, 0xf7, 0xf2, 0x45, 0x0f, 0x58, 0xd6, 0xf2,
  0x41, 0x0f, 0x58, 0xda, 0xf2, 0x44, 0x0f, 0x10, 0x54, 0x24, 0x10, 0xf2,
  0x44, 0x0f, 0x59, 0x54, 0x24, 0x88, 0xf2, 0x41, 0x0f, 0x5c, 0xda, 0x66,
  0x45, 0x0f, 0x28, 0xd4, 0xf2, 0x44, 0x0f, 0x5c, 0xd3, 0xf2, 0x41, 0x0f,
  0x58, 0xdc, 0xf2, 0x45, 0x0f, 0x10, 0x64, 0x07, 0xd0, 0xf2, 0x44, 0x0f,
  0x11, 0x64, 0x24, 0x28, 0x66, 0x45, 0x0f, 0x28, 0xea, 0x66, 0x44, 0x0f,
  0x28, 0xd1, 0xf2, 0x41, 0x0f, 0x5c, 0xcb, 0xf2, 0x45, 0x0f, 0x58, 0xd3,
  0xf2, 0x45, 0x0f, 0x10, 0x5c, 0x07, 0xd8, 0xf2, 0x45, 0x0f, 0x59, 0xe5,
  0x4c, 0x8b, 0x7c, 0x24, 0x58, 0xf2, 0x44, 0x0f, 0x59, 0xdf, 0x66, 0x45,
  0x0f, 0x28, 0xf2, 0xf2, 0x44, 0x0f, 0x59, 0x54, 0x24, 0x28, 0xf2, 0x45,
  0x0f, 0x59, 0xf3, 0xf2, 0x45, 0x0f, 0x59, 0xdd, 0x66, 0x44, 0x0f, 0x28,
  0xe9, 0xf2, 0x45, 0x0f, 0x5c, 0xe6, 0xf2, 0x45, 0x0f, 0x58, 0xd3, 0xf2,
  0x45, 0x0f, 0x11, 0x64, 0x07, 0x10, 0xf2, 0x45, 0x0f, 0x11, 0x54, 0x07,
  0x18, 0x4c, 0x8b, 0xbc, 0x24, 0xb0, 0x00, 0x00, 0x00, 0xf2, 0x45, 0x0f,
  0x10, 0x54, 0x07, 0xa8, 0xf2, 0x45, 0x0f, 0x10, 0x64, 0x07, 0xa0, 0x4c,
  0x8b, 0x7c, 0x24, 0x50, 0xf2, 0x44, 0x0f, 0x59, 0xd7, 0xf2, 0x41, 0x0f,
  0x59, 0xcc, 0x66, 0x45, 0x0f, 0x28, 0xda, 0x66, 0x44, 0x0f, 0x28, 0xd3,
  0xf2, 0x45, 0x0f, 0x59, 0xeb, 0xf2, 0x45, 0x0f, 0x59, 0xd4, 0xf2, 0x41,
  0x0f, 0x59, 0xdb, 0xf2, 0x45, 0x0f, 0x5c, 0xd5, 0xf2, 0x0f, 0x58, 0xcb,
  0xf2, 0x45, 0x0f, 0x11, 0x54, 0x07, 0x10, 0xf2, 0x44, 0x0f, 0x10, 0x15,
  0xe0, 0xd7, 0x00, 0x00, 0xf2, 0x44, 0x0f, 0x59, 0x54, 0x24, 0xb0, 0xf2,
  0x41, 0x0f, 0x11, 0x4c, 0x07, 0x18, 0xf2, 0x0f, 0x10, 0x4c, 0x01, 0x10,
  0xf2, 0x41, 0x0f, 0x58, 0xca, 0xf2, 0x44, 0x0f, 0x10, 0x15, 0x9e, 0xd7,
  0x00, 0x00, 0xf2, 0x44, 0x0f, 0x59, 0x54, 0x24, 0xc0, 0xf2, 0x41, 0x0f,
  0x58, 0xca, 0xf2, 0x0f, 0x58, 0xce, 0xf2, 0x0f, 0x10, 0x35, 0xa6, 0xd7,
  0x00, 0x00, 0xf2, 0x0f, 0x59, 0x74, 0x24, 0xb8, 0xf2, 0x0f, 0x58, 0xcd,
  0xf2, 0x0f, 0x58, 0xd1, 0xf2, 0x0f, 0x10, 0x4c, 0x01, 0x18, 0xf2, 0x0f,
  0x58, 0xce, 0xf2, 0x0f, 0x10, 0x35, 0x66, 0xd7, 0x00, 0x00, 0xf2, 0x0f,
  0x59, 0x74, 0x24, 0xc8, 0xf2, 0x0f, 0x59, 0x25, 0x60, 0xd7, 0x00, 0x00,
  0xf2, 0x0f, 0x10, 0x5c, 0x24, 0x20, 0xf2, 0x0f, 0x59, 0x05, 0x5a, 0xd7,
  0x00, 0x00, 0xf2, 0x44, 0x0f, 0x10, 0x5c, 0x24, 0x18, 0xf2, 0x41, 0x0f,
  0x59, 0xd9, 0xf2, 0x44, 0x0f, 0x10, 0x6c, 0x24, 0xd8, 0xf2, 0x0f, 0x10,
  0x6c, 0x24, 0xf8, 0xf2, 0x45, 0x0f, 0x59, 0xd9, 0x4c, 0x8b, 0xbc, 0x24,
  0xb8, 0x00, 0x00, 0x00, 0xf2, 0x0f, 0x58, 0xce, 0xf2, 0x0f, 0x10, 0x35,
  0x30, 0xd7, 0x00, 0x00, 0xf2, 0x0f, 0x59, 0x74, 0x24, 0xd0, 0xf2, 0x45,
  0x0f, 0x59, 0xef, 0xf2, 0x0f, 0x58, 0xce, 0xf2, 0x0f, 0x10, 0x74, 0x24,
  0x98, 0xf2, 0x45, 0x0f, 0x5c, 0xdd, 0xf2, 0x0f, 0x58, 0xcc, 0xf2, 0x0f,
  0x10, 0x64, 0x24, 0xe8, 0xf2, 0x41, 0x0f, 0x59, 0xe0, 0xf2, 0x0f, 0x58,
  0xc1, 0xf2, 0x0f, 0x10, 0x4c, 0x24, 0xe0, 0xf2, 0x41, 0x0f, 0x59, 0xcf,
  0xf2, 0x44, 0x0f, 0x58, 0xdc, 0xf2, 0x0f, 0x10, 0x64, 0x24, 0x88, 0xf2,
  0x0f, 0x59, 0xec, 0xf2, 0x0f, 0x5c, 0xd9, 0xf2, 0x0f, 0x10, 0x4c, 0x24,
  0xf0, 0xf2, 0x41, 0x0f, 0x59, 0xc8, 0xf2, 0x44, 0x0f, 0x5c, 0xdd, 0xf2,
  0x0f, 0x10, 0x6c, 0x24, 0x08, 0xf2, 0x0f, 0x59, 0xee, 0xf2, 0x0f, 0x58,
  0xcb, 0xf2, 0x0f, 0x10, 0x1c, 0x24, 0xf2, 0x0f, 0x59, 0xdc, 0x66, 0x0f,
  0x28, 0xe2, 0xf2, 0x44, 0x0f, 0x58, 0xdd, 0xf2, 0x0f, 0x5c, 0xcb, 0xf2,
  0x0f, 0x10, 0x5c, 0x24, 0x10, 0xf2, 0x0f, 0x59, 0xde, 0xf2, 0x41, 0x0f,
  0x10, 0x34, 0x07, 0x66, 0x0f, 0x28, 0xee, 0xf2, 0x0f, 0x58, 0xcb, 0x66,
  0x0f, 0x28, 0xd8, 0xf2, 0x41, 0x0f, 0x5c, 0xc3, 0xf2, 0x41, 0x0f, 0x58,
  0xdb, 0xf2, 0x0f, 0x5c, 0xe1, 0xf2, 0x0f, 0x58, 0xd1, 0xf2, 0x41, 0x0f,
  0x10, 0x4c, 0x07, 0x08, 0x4c, 0x8b, 0x7c, 0x24, 0x48, 0x66, 0x44, 0x0f,
  0x28, 0xd3, 0xf2, 0x0f, 0x59, 0xcf, 0xf2, 0x0f, 0x59, 0xec, 0xf2, 0x0f,
  0x59, 0xde, 0xf2, 0x44, 0x0f, 0x59, 0xd1, 0xf2, 0x0f, 0x59, 0xcc, 0xf2,
  0x41, 0x0f, 0x5c, 0xea, 0x66, 0x44, 0x0f, 0x28, 0xd2, 0xf2, 0x0f, 0x58,
  0xd9, 0xf2, 0x41, 0x0f, 0x11, 0x6c, 0x07, 0x10, 0xf2, 0x41, 0x0f, 0x11,
  0x5c, 0x07, 0x18, 0x4c, 0x8b, 0xbc, 0x24, 0x88, 0x00, 0x00, 0x00, 0x66,
  0x0f, 0x28, 0xd8, 0xf2, 0x41, 0x0f, 0x10, 0x4c, 0x07, 0xb8, 0xf2, 0x41,
  0x0f, 0x10, 0x64, 0x07, 0xb0, 0x4c, 0x8b, 0x7c, 0x24, 0x40, 0xf2, 0x0f,
  0x59, 0xcf, 0xf2, 0x44, 0x0f, 0x59, 0xd4, 0xf2, 0x0f, 0x59, 0xc4, 0xf2,
  0x0f, 0x59, 0xd9, 0xf2, 0x0f, 0x59, 0xd1, 0xf2, 0x44, 0x0f, 0x5c, 0xd3,
  0xf2, 0x0f, 0x58, 0xc2, 0xf2, 0x45, 0x0f, 0x11, 0x54, 0x07, 0x10, 0xf2,
  0x41, 0x0f, 0x11, 0x44, 0x07, 0x18, 0x48, 0x83, 0xc0, 0x10, 0x48, 0x3b,
  0x84, 0x24, 0xc0, 0x00, 0x00, 0x00, 0x0f, 0x85, 0xd4, 0xf2, 0xff, 0xff,
  0x48, 0x8b, 0x84, 0x24, 0xa8, 0x01, 0x00, 0x00, 0x48, 0x83, 0x84, 0x24,
  0x70, 0x01, 0x00, 0x00, 0x01, 0x4c, 0x8b, 0xbc, 0x24, 0x70, 0x01, 0x00,
  0x00, 0x48, 0x01, 0xc1, 0x49, 0x01, 0xc4, 0x48, 0x01, 0xc5, 0x48, 0x01,
  0xc3, 0x48, 0x01, 0xc6, 0x49, 0x01, 0xc0, 0x48, 0x01, 0xc7, 0x49, 0x01,
  0xc3, 0x49, 0x01, 0xc2, 0x49, 0x01, 0xc1, 0x49, 0x01, 0xc5, 0x48, 0x8b,
  0x84, 0x24, 0xa0, 0x01, 0x00, 0x00, 0x48, 0x01, 0x44, 0x24, 0x30, 0x48,
  0x01, 0x44, 0x24, 0x38, 0x48, 0x01, 0x84, 0x24, 0x80, 0x00, 0x00, 0x00,
  0x48, 0x01, 0x44, 0x24, 0x78, 0x48, 0x01, 0x44, 0x24, 0x70, 0x48, 0x01,
  0x44, 0x24, 0x68, 0x48, 0x01, 0x44, 0x24, 0x60, 0x48, 0x01, 0x44, 0x24,
  0x58, 0x48, 0x01, 0x44, 0x24, 0x50, 0x48, 0x01, 0x44, 0x24, 0x48, 0x48,
  0x01, 0x44, 0x24, 0x40, 0x4c, 0x39, 0xbc, 0x24, 0x78, 0x01, 0x00, 0x00,
  0x0f, 0x85, 0x8a, 0xec, 0xff, 0xff, 0x48, 0x81, 0xc4, 0xc0, 0x01, 0x00,
  0x00, 0x5b, 0x5d, 0x41, 0x5c, 0x41, 0x5d, 0x41, 0x5e, 0x41, 0x5f, 0xc3,
  0x49, 0x89, 0xde, 0x48, 0x89, 0xdf, 0x48, 0x85, 0xdb, 0x74, 0xe3, 0x48,
  0xf7, 0xdf, 0xf2, 0x0f, 0x12, 0x7c, 0x24, 0x98, 0x4d, 0x89, 0xf1, 0x48,
  0x8d, 0x0c, 0x9d, 0x00, 0x00, 0x00, 0x00, 0x4c, 0x8d, 0x04, 0x19, 0x0f,
  0x29, 0x7c, 0x24, 0x98, 0x48, 0x89, 0xfb, 0x49, 0x29, 0xc9, 0x4d, 0x89,
  0xc3, 0x48, 0xc1, 0xe3, 0x07, 0x49, 0x89, 0xfc, 0x4a, 0x8d, 0x14, 0xf5,
  0x00, 0x00, 0x00, 0x00, 0x49, 0xc1, 0xe3, 0x05, 0x4c, 0x29, 0xf2, 0x49,
  0xc1, 0xe1, 0x05, 0x4f, 0x8d, 0x14, 0x76, 0x49, 0x01, 0xc3, 0x48, 0xc1,
  0xe2, 0x04, 0x4c, 0x89, 0xf5, 0x48, 0x89, 0xf1, 0x4c, 0x01, 0xdb, 0x49,
  0xc1, 0xe0, 0x04, 0x4d, 0x6b, 0xf6, 0xb0, 0x4c, 0x89, 0xde, 0xf2, 0x0f,
  0x12, 0xbc, 0x24, 0x90, 0x01, 0x00, 0x00, 0x49, 0xc1, 0xe4, 0x06, 0x48,
  0x01, 0xda, 0x49, 0xc1, 0xe2, 0x04, 0xf2, 0x44, 0x0f, 0x12, 0x64, 0x24,
  0x88, 0x0f, 0x29, 0x7c, 0x24, 0x88, 0x49, 0x01, 0xd1, 0x48, 0xc1, 0xe7,
  0x05, 0x66, 0x0f, 0x28, 0x3d, 0x8f, 0xd3, 0x00, 0x00, 0x4d, 0x01, 0xc8,
  0x48, 0xc1, 0xe5, 0x04, 0xf2, 0x44, 0x0f, 0x12, 0x9c, 0x24, 0x88, 0x01,
  0x00, 0x00, 0xf2, 0x44, 0x0f, 0x12, 0xac, 0x24, 0x98, 0x01, 0x00, 0x00,
  0x4d, 0x01, 0xc4, 0x0f, 0x29, 0xbc, 0x24, 0x08, 0x01, 0x00, 0x00, 0x66,
  0x0f, 0x28, 0x3d, 0x71, 0xd3, 0x00, 0x00, 0x4d, 0x01, 0xe2, 0x4c, 0x01,
  0xd7, 0x0f, 0x29, 0xbc, 0x24, 0xc8, 0x00, 0x00, 0x00, 0x66, 0x0f, 0x28,
  0x3d, 0x6b, 0xd3, 0x00, 0x00, 0x4c, 0x8d, 0x2c, 0x2f, 0x48, 0x01, 0xc5,
  0x4d, 0x01, 0xee, 0x0f, 0x29, 0xbc, 0x24, 0xd8, 0x00, 0x00, 0x00, 0x66,
  0x0f, 0x28, 0x3d, 0x61, 0xd3, 0x00, 0x00, 0x0f, 0x29, 0xbc, 0x24, 0xe8,
  0x00, 0x00, 0x00, 0x66, 0x0f, 0x28, 0x3d, 0x61, 0xd3, 0x00, 0x00, 0x0f,
  0x29, 0xbc, 0x24, 0xf8, 0x00, 0x00, 0x00, 0x66, 0x0f, 0x1f, 0x84, 0x00,
  0x00, 0x00, 0x00, 0x00, 0x66, 0x0f, 0x10, 0x41, 0x10, 0x66, 0x0f, 0x10,
  0x89, 0xa0, 0x00, 0x00, 0x00, 0x48, 0x83, 0xc0, 0x10, 0x48, 0x81, 0xc1,
  0xb0, 0x00, 0x00, 0x00, 0x66, 0x0f, 0x10, 0x91, 0x70, 0xff, 0xff, 0xff,
  0x66, 0x0f, 0x10, 0x59, 0xd0, 0x49, 0x83, 0xc6, 0x10, 0x49, 0x83, 0xc5,
  0x10, 0x66, 0x0f, 0x28, 0xf9, 0x48, 0x83, 0xc7, 0x10, 0x49, 0x83, 0xc2,
  0x10, 0x49, 0x83, 0xc4, 0x10, 0x66, 0x0f, 0x58, 0xf8, 0x66, 0x0f, 0xc6,
  0xc9, 0x01, 0x66, 0x0f, 0xc6, 0xc0, 0x01, 0x66, 0x0f, 0x5c, 0xc1, 0x66,
  0x0f, 0x28, 0xeb, 0x66, 0x0f, 0x10, 0x49, 0xe0, 0x66, 0x0f, 0xc6, 0xdb,
  0x01, 0x66, 0x44, 0x0f, 0x10, 0x41, 0x90, 0x49, 0x83, 0xc0, 0x10, 0x49,
  0x83, 0xc1, 0x10, 0x48, 0x83, 0xc2, 0x10, 0x48, 0x83, 0xc3, 0x10, 0x66,
  0x0f, 0x28, 0xf1, 0x66, 0x0f, 0xc6, 0xc9, 0x01, 0x66, 0x44, 0x0f, 0x10,
  0x71, 0xa0, 0x48, 0x83, 0xc6, 0x10, 0x66, 0x44, 0x0f, 0x28, 0xbc, 0x24,
  0xc8, 0x00, 0x00, 0x00, 0x66, 0x0f, 0x58, 0xf2, 0x66, 0x0f, 0xc6, 0xd2,
  0x01, 0x66, 0x0f, 0x5c, 0xd1, 0x66, 0x0f, 0x10, 0x49, 0x80, 0x66, 0x0f,
  0x58, 0xe9, 0x66, 0x0f, 0xc6, 0xc9, 0x01, 0x66, 0x0f, 0x5c, 0xcb, 0x66,
  0x0f, 0x10, 0x59, 0xc0, 0x66, 0x44, 0x0f, 0x59, 0xfe, 0x66, 0x0f, 0x28,
  0xe3, 0x66, 0x0f, 0xc6, 0xdb, 0x01, 0x66, 0x41, 0x0f, 0x58, 0xe0, 0x66,
  0x45, 0x0f, 0xc6, 0xc0, 0x01, 0x66, 0x44, 0x0f, 0x5c, 0xc3, 0x66, 0x45,
  0x0f, 0x28, 0xd0, 0x66, 0x44, 0x0f, 0x10, 0x41, 0xb0, 0x66, 0x41, 0x0f,
  0x28, 0xd8, 0x66, 0x45, 0x0f, 0xc6, 0xc0, 0x01, 0x66, 0x41, 0x0f, 0x58,
  0xde, 0x66, 0x45, 0x0f, 0xc6, 0xf6, 0x01, 0x66, 0x45, 0x0f, 0x28, 0xce,
  0x66, 0x44, 0x0f, 0x10, 0xb1, 0x50, 0xff, 0xff, 0xff, 0x66, 0x45, 0x0f,
  0x5c, 0xc8, 0x66, 0x44, 0x0f, 0x10, 0x81, 0x50, 0xff, 0xff, 0xff, 0x66,
  0x44, 0x0f, 0x58, 0xc7, 0x66, 0x44, 0x0f, 0x58, 0xc6, 0x66, 0x44, 0x0f,
  0x58, 0xc5, 0x66, 0x44, 0x0f, 0x58, 0xc4, 0x66, 0x44, 0x0f, 0x58, 0xc3,
  0x44, 0x0f, 0x11, 0x40, 0xf0, 0x66, 0x44, 0x0f, 0x28, 0x84, 0x24, 0x08,
  0x01, 0x00, 0x00, 0x66, 0x44, 0x0f, 0x59, 0xc7, 0x66, 0x45, 0x0f, 0x58,
  0xf0, 0x66, 0x45, 0x0f, 0x28, 0xc7, 0x66, 0x44, 0x0f, 0x28, 0xbc, 0x24,
  0xf8, 0x00, 0x00, 0x00, 0x66, 0x44, 0x0f, 0x59, 0xfb, 0x66, 0x45, 0x0f,
  0x58, 0xc6, 0x66, 0x44, 0x0f, 0x28, 0xb4, 0x24, 0xd8, 0x00, 0x00, 0x00,
  0x66, 0x44, 0x0f, 0x59, 0xf5, 0x66, 0x45, 0x0f, 0x58, 0xc6, 0x66, 0x44,
  0x0f, 0x28, 0xb4, 0x24, 0xe8, 0x00, 0x00, 0x00, 0x66, 0x44, 0x0f, 0x59,
  0xf4, 0x66, 0x45, 0x0f, 0x58, 0xf0, 0x66, 0x45, 0x0f, 0x28, 0xc4, 0x66,
  0x44, 0x0f, 0x59, 0xc2, 0x66, 0x45, 0x0f, 0x58, 0xf7, 0x66, 0x45, 0x0f,
  0x28, 0xfb, 0x66, 0x44, 0x0f, 0x59, 0xf8, 0x66, 0x45, 0x0f, 0x58, 0xc7,
  0x66, 0x44, 0x0f, 0x28, 0x7c, 0x24, 0x98, 0x66, 0x44, 0x0f, 0x59, 0xf9,
  0x66, 0x45, 0x0f, 0x58, 0xf8, 0x66, 0x44, 0x0f, 0x28, 0x44, 0x24, 0x88,
  0x66, 0x45, 0x0f, 0x59, 0xc2, 0x66, 0x45, 0x0f, 0x58, 0xf8, 0x66, 0x45,
  0x0f, 0x28, 0xc5, 0x66, 0x45, 0x0f, 0x59, 0xc1, 0x66, 0x45, 0x0f, 0x58,
  0xc7, 0x66, 0x45, 0x0f, 0x28, 0xfe, 0x66, 0x45, 0x0f, 0x5c, 0xf8, 0x66,
  0x45, 0x0f, 0x58, 0xc6, 0x66, 0x45, 0x0f, 0x28, 0xf0, 0xf2, 0x45, 0x0f,
  0x10, 0xf7, 0x45, 0x0f, 0x11, 0x76, 0xf0, 0x66, 0x45, 0x0f, 0x28, 0xf7,
  0x66, 0x44, 0x0f, 0x28, 0xbc, 0x24, 0xc8, 0x00, 0x00, 0x00, 0xf2, 0x45,
  0x0f, 0x10, 0xf0, 0x66, 0x44, 0x0f, 0x28, 0x84, 0x24, 0xe8, 0x00, 0x00,
  0x00, 0x66, 0x44, 0x0f, 0x59, 0xff, 0x44, 0x0f, 0x11, 0x76, 0xf0, 0x66,
  0x44, 0x0f, 0x10, 0xb1, 0x50, 0xff, 0xff, 0xff, 0x66, 0x44, 0x0f, 0x59,
  0xc6, 0x66, 0x45, 0x0f, 0x58, 0xf7, 0x66, 0x44, 0x0f, 0x28, 0xbc, 0x24,
  0xf8, 0x00, 0x00, 0x00, 0x66, 0x44, 0x0f, 0x59, 0xfd, 0x66, 0x45, 0x0f,
  0x58, 0xc6, 0x66, 0x44, 0x0f, 0x28, 0xb4, 0x24, 0xd8, 0x00, 0x00, 0x00,
  0x66, 0x44, 0x0f, 0x59, 0xf4, 0x66, 0x45, 0x0f, 0x58, 0xc7, 0x66, 0x44,
  0x0f, 0x28, 0x7c, 0x24, 0x88, 0x66, 0x44, 0x0f, 0x59, 0xfa, 0x66, 0x45,
  0x0f, 0x58, 0xf0, 0x66, 0x44, 0x0f, 0x28, 0x84, 0x24, 0x08, 0x01, 0x00,
  0x00, 0x66, 0x44, 0x0f, 0x59, 0xc3, 0x66, 0x45, 0x0f, 0x58, 0xf0, 0x66,
  0x45, 0x0f, 0x28, 0xc4, 0x66, 0x44, 0x0f, 0x59, 0xc0, 0x66, 0x45, 0x0f,
  0x58, 0xc7, 0x66, 0x45, 0x0f, 0x28, 0xfd, 0x66, 0x44, 0x0f, 0x59, 0xf9,
  0x66, 0x45, 0x0f, 0x5c, 0xc7, 0x66, 0x44, 0x0f, 0x28, 0x7c, 0x24, 0x98,
  0x66, 0x45, 0x0f, 0x59, 0xfa, 0x66, 0x45, 0x0f, 0x5c, 0xc7, 0x66, 0x45,
  0x0f, 0x28, 0xf9, 0x66, 0x45, 0x0f, 0x59, 0xfb, 0x66, 0x45, 0x0f, 0x5c,
  0xc7, 0x66, 0x45, 0x0f, 0x28, 0xfe, 0x66, 0x45, 0x0f, 0x5c, 0xf8, 0x66,
  0x45, 0x0f, 0x58, 0xc6, 0x66, 0x45, 0x0f, 0x28, 0xf0, 0xf2, 0x45, 0x0f,
  0x10, 0xf7, 0x44, 0x0f, 0x11, 0x73, 0xf0, 0x66, 0x45, 0x0f, 0x28, 0xf7,
  0xf2, 0x45, 0x0f, 0x10, 0xf0, 0x44, 0x0f, 0x11, 0x72, 0xf0, 0x66, 0x44,
  0x0f, 0x28, 0x84, 0x24, 0xd8, 0x00, 0x00, 0x00, 0x66, 0x44, 0x0f, 0x28,
  0xbc, 0x24, 0xf8, 0x00, 0x00, 0x00, 0x66, 0x44, 0x0f, 0x10, 0xb1, 0x50,
  0xff, 0xff, 0xff, 0x66, 0x44, 0x0f, 0x59, 0xc7, 0x66, 0x44, 0x0f, 0x59,
  0xfe, 0x66, 0x45, 0x0f, 0x58, 0xf0, 0x66, 0x45, 0x0f, 0x28, 0xc7, 0x66,
  0x44, 0x0f, 0x28, 0xbc, 0x24, 0xe8, 0x00, 0x00, 0x00, 0x66, 0x45, 0x0f,
  0x58, 0xc6, 0x66, 0x44, 0x0f, 0x59, 0xfb, 0x66, 0x44, 0x0f, 0x28, 0xb4,
  0x24, 0xc8, 0x00, 0x00, 0x00, 0x66, 0x44, 0x0f, 0x59, 0xf5, 0x66, 0x45,
  0x0f, 0x58, 0xc6, 0x66, 0x44, 0x0f, 0x28, 0xb4, 0x24, 0x08, 0x01, 0x00,
  0x00, 0x66, 0x44, 0x0f, 0x59, 0xf4, 0x66, 0x45, 0x0f, 0x58, 0xf0, 0x66,
  0x44, 0x0f, 0x28, 0x44, 0x24, 0x98, 0x66, 0x44, 0x0f, 0x59, 0xc0, 0x66,
  0x45, 0x0f, 0x58, 0xf7, 0x66, 0x45, 0x0f, 0x28, 0xfd, 0x66, 0x44, 0x0f,
  0x59, 0xfa, 0x66, 0x45, 0x0f, 0x5c, 0xc7, 0x66, 0x44, 0x0f, 0x28, 0xf9,
  0x66, 0x45, 0x0f, 0x59, 0xfc, 0x66, 0x45, 0x0f, 0x5c, 0xc7, 0x66, 0x45,
  0x0f, 0x28, 0xfa, 0x66, 0x45, 0x0f, 0x59, 0xfb, 0x66, 0x45, 0x0f, 0x58,
  0xf8, 0x66, 0x44, 0x0f, 0x28, 0x44, 0x24, 0x88, 0x66, 0x45, 0x0f, 0x59,
  0xc1, 0x66, 0x45, 0x0f, 0x58, 0xc7, 0x66, 0x45, 0x0f, 0x28, 0xfe, 0x66,
  0x45, 0x0f, 0x5c, 0xf8, 0x66, 0x45, 0x0f, 0x58, 0xc6, 0x66, 0x45, 0x0f,
  0x28, 0xf0, 0xf2, 0x45, 0x0f, 0x10, 0xf7, 0x45, 0x0f, 0x11, 0x71, 0xf0,
  0x66, 0x45, 0x0f, 0x28, 0xf7, 0x66, 0x44, 0x0f, 0x28, 0xbc, 0x24, 0xe8,
  0x00, 0x00, 0x00, 0xf2, 0x45, 0x0f, 0x10, 0xf0, 0x66, 0x44, 0x0f, 0x28,
  0x84, 0x24, 0xd8, 0x00, 0x00, 0x00, 0x66, 0x44, 0x0f, 0x59, 0xff, 0x45,
  0x0f, 0x11, 0x70, 0xf0, 0x66, 0x44, 0x0f, 0x10, 0xb1, 0x50, 0xff, 0xff,
  0xff, 0x66, 0x44, 0x0f, 0x59, 0xc6, 0x66, 0x0f, 0x59, 0xbc, 0x24, 0xf8,
  0x00, 0x00, 0x00, 0x66, 0x0f, 0x59, 0xb4, 0x24, 0x08, 0x01, 0x00, 0x00,
  0x66, 0x45, 0x0f, 0x58, 0xf7, 0x66, 0x44, 0x0f, 0x28, 0x7c, 0x24, 0x88,
  0x66, 0x44, 0x0f, 0x59, 0xf8, 0x66, 0x45, 0x0f, 0x58, 0xc6, 0x66, 0x41,
  0x0f, 0x59, 0xc5, 0x66, 0x44, 0x0f, 0x28, 0xb4, 0x24, 0x08, 0x01, 0x00,
  0x00, 0x66, 0x44, 0x0f, 0x59, 0xf5, 0x66, 0x0f, 0x59, 0xac, 0x24, 0xe8,
  0x00, 0x00, 0x00, 0x66, 0x45, 0x0f, 0x58, 0xc6, 0x66, 0x44, 0x0f, 0x28,
  0xb4, 0x24, 0xf8, 0x00, 0x00, 0x00, 0x66, 0x44, 0x0f, 0x59, 0xf4, 0x66,
  0x0f, 0x59, 0xa4, 0x24, 0xc8, 0x00, 0x00, 0x00, 0x66, 0x45, 0x0f, 0x58,
  0xf0, 0x66, 0x44, 0x0f, 0x28, 0x84, 0x24, 0xc8, 0x00, 0x00, 0x00, 0x66,
  0x44, 0x0f, 0x59, 0xc3, 0x66, 0x0f, 0x59, 0x9c, 0x24, 0xd8, 0x00, 0x00,
  0x00, 0x66, 0x45, 0x0f, 0x58, 0xf0, 0x66, 0x44, 0x0f, 0x28, 0x44, 0x24,
  0x98, 0x66, 0x44, 0x0f, 0x59, 0xc2, 0x66, 0x41, 0x0f, 0x59, 0xd3, 0x66,
  0x45, 0x0f, 0x5c, 0xf8, 0x66, 0x44, 0x0f, 0x28, 0xc1, 0x66, 0x45, 0x0f,
  0x59, 0xc3, 0x66, 0x0f, 0x5c, 0xc2, 0x66, 0x0f, 0x59, 0x4c, 0x24, 0x88,
  0x66, 0x45, 0x0f, 0x58, 0xf8, 0x66, 0x45, 0x0f, 0x28, 0xc5, 0x66, 0x45,
  0x0f, 0x59, 0xc2, 0x66, 0x45, 0x0f, 0x59, 0xd4, 0x66, 0x45, 0x0f, 0x58,
  0xc7, 0x66, 0x45, 0x0f, 0x28, 0xf9, 0x66, 0x45, 0x0f, 0x59, 0xfc, 0x66,
  0x44, 0x0f, 0x59, 0x4c, 0x24, 0x98, 0x66, 0x45, 0x0f, 0x5c, 0xc7, 0x66,
  0x45, 0x0f, 0x28, 0xfe, 0x66, 0x45, 0x0f, 0x5c, 0xf8, 0x66, 0x45, 0x0f,
  0x58, 0xc6, 0x66, 0x45, 0x0f, 0x28, 0xf0, 0xf2, 0x45, 0x0f, 0x10, 0xf7,
  0x45, 0x0f, 0x11, 0x74, 0x24, 0xf0, 0x66, 0x45, 0x0f, 0x28, 0xf7, 0xf2,
  0x45, 0x0f, 0x10, 0xf0, 0x45, 0x0f, 0x11, 0x72, 0xf0, 0x66, 0x44, 0x0f,
  0x10, 0xb1, 0x50, 0xff, 0xff, 0xff, 0x66, 0x41, 0x0f, 0x58, 0xfe, 0x66,
  0x0f, 0x58, 0xf7, 0x66, 0x0f, 0x58, 0xf5, 0x66, 0x0f, 0x58, 0xf4, 0x66,
  0x0f, 0x58, 0xf3, 0x66, 0x0f, 0x28, 0xd8, 0x66, 0x0f, 0x58, 0xd9, 0x66,
  0x0f, 0x28, 0xc6, 0x66, 0x41, 0x0f, 0x5c, 0xda, 0x66, 0x41, 0x0f, 0x58,
  0xd9, 0x66, 0x0f, 0x5c, 0xc3, 0x66, 0x0f, 0x58, 0xde, 0x66, 0x0f, 0x28,
  0xfb, 0xf2, 0x0f, 0x10, 0xf8, 0xf2, 0x0f, 0x10, 0xc3, 0x0f, 0x11, 0x7f,
  0xf0, 0x41, 0x0f, 0x11, 0x45, 0xf0, 0x48, 0x39, 0xc5, 0x0f, 0x85, 0xa9,
  0xfa, 0xff, 0xff, 0xe9, 0x7a, 0xf9, 0xff, 0xff, 0x0f, 0x1f, 0x40, 0x00,
  0x4c, 0x8b, 0x5f, 0x08, 0x4d, 0x85, 0xdb, 0x74, 0x57, 0x4c, 0x8b, 0x17,
  0x45, 0x31, 0xc9, 0x48, 0x83, 0xc7, 0x18, 0xbe, 0x01, 0x00, 0x00, 0x00,
  0x45, 0x31, 0xc0, 0x0f, 0x1f, 0x44, 0x00, 0x00, 0x48, 0x8b, 0x0f, 0x31,
  0xd2, 0x4c, 0x89, 0xd0, 0x48, 0x0f, 0xaf, 0xf1, 0x48, 0xf7, 0xf6, 0x48,
  0x8d, 0x51, 0xff, 0x48, 0x83, 0xe8, 0x01, 0x48, 0x0f, 0xaf, 0xc2, 0x49,
  0x01, 0xc0, 0x48, 0x83, 0xf9, 0x0b, 0x49, 0x8d, 0x04, 0x08, 0x4c, 0x0f,
  0x47, 0xc0, 0x49, 0x83, 0xc1, 0x01, 0x48, 0x83, 0xc7, 0x18, 0x4d, 0x39,
  0xcb, 0x75, 0xc9, 0x4c, 0x89, 0xc0, 0xc3, 0x0f, 0x1f, 0x44, 0x00, 0x00,
  0x45, 0x31, 0xc0, 0x4c, 0x89, 0xc0, 0xc3, 0x66, 0x0f, 0x1f, 0x84, 0x00,
  0x00, 0x00, 0x00, 0x00, 0x41, 0x57, 0x48, 0x89, 0xf8, 0x41, 0x56, 0x41,
  0x55, 0x41, 0x54, 0x55, 0x53, 0x48, 0x89, 0xf3, 0x48, 0x83, 0xec, 0x50,
  0x48, 0x89, 0x7c, 0x24, 0x98, 0x83, 0xe7, 0x01, 0x48, 0x89, 0x74, 0x24,
  0xa0, 0x48, 0x85, 0xf6, 0x0f, 0x84, 0xaa, 0x00, 0x00, 0x00, 0x49, 0x89,
  0xd4, 0x48, 0x89, 0xce, 0x48, 0x83, 0xf8, 0x01, 0x0f, 0x85, 0xa9, 0x00,
  0x00, 0x00, 0x48, 0x89, 0xd8, 0x48, 0x83, 0xfb, 0x01, 0x0f, 0x84, 0x84,
  0x06, 0x00, 0x00, 0x48, 0xd1, 0xe8, 0x48, 0x8d, 0x0c, 0xda, 0x48, 0x89,
  0xc2, 0x31, 0xc0, 0x48, 0xc1, 0xe2, 0x04, 0x66, 0x0f, 0x1f, 0x84, 0x00,
  0x00, 0x00, 0x00, 0x00, 0x66, 0x0f, 0x10, 0x34, 0x01, 0x66, 0x41, 0x0f,
  0x10, 0x0c, 0x04, 0x66, 0x41, 0x0f, 0x10, 0x04, 0x04, 0x66, 0x0f, 0x58,
  0xce, 0x66, 0x0f, 0x5c, 0xc6, 0x66, 0x0f, 0x28, 0xd1, 0x66, 0x0f, 0x14,
  0xd0, 0x66, 0x0f, 0x15, 0xc8, 0x0f, 0x11, 0x14, 0x46, 0x0f, 0x11, 0x4c,
  0x46, 0x10, 0x48, 0x83, 0xc0, 0x10, 0x48, 0x39, 0xd0, 0x75, 0xc9, 0x48,
  0x8b, 0x5c, 0x24, 0xa0, 0x48, 0x89, 0xd8, 0x48, 0x83, 0xe0, 0xfe, 0x83,
  0xe3, 0x01, 0x74, 0x2c, 0x48, 0x8b, 0x54, 0x24, 0xa0, 0xf2, 0x41, 0x0f,
  0x10, 0x04, 0xc4, 0x48, 0x01, 0xc2, 0x66, 0x0f, 0x28, 0xc8, 0x48, 0xc1,
  0xe0, 0x04, 0xf2, 0x41, 0x0f, 0x10, 0x14, 0xd4, 0xf2, 0x0f, 0x58, 0xca,
  0xf2, 0x0f, 0x5c, 0xc2, 0x66, 0x0f, 0x14, 0xc8, 0x0f, 0x11, 0x0c, 0x06,
  0x48, 0x83, 0xc4, 0x50, 0x5b, 0x5d, 0x41, 0x5c, 0x41, 0x5d, 0x41, 0x5e,
  0x41, 0x5f, 0xc3, 0x48, 0x89, 0xc1, 0x49, 0x89, 0xc1, 0x49, 0x89, 0xda,
  0x4c, 0x0f, 0xaf, 0xd1, 0x4c, 0x8d, 0x1c, 0xc5, 0x00, 0x00, 0x00, 0x00,
  0x49, 0xc1, 0xe1, 0x04, 0x48, 0x89, 0xf0, 0x31, 0xc9, 0x0f, 0x1f, 0x80,
  0x00, 0x00, 0x00, 0x00, 0xf2, 0x0f, 0x10, 0x02, 0xf2, 0x42, 0x0f, 0x10,
  0x0c, 0xd2, 0x48, 0x83, 0xc1, 0x01, 0x4c, 0x01, 0xda, 0x66, 0x0f, 0x28,
  0xd0, 0xf2, 0x0f, 0x5c, 0xc1, 0xf2, 0x0f, 0x58, 0xd1, 0xf2, 0x0f, 0x11,
  0x10, 0xf2, 0x42, 0x0f, 0x11, 0x44, 0x08, 0xf8, 0x4c, 0x01, 0xc8, 0x48,
  0x39, 0xd9, 0x75, 0xd0, 0x48, 0x85, 0xff, 0x75, 0x61, 0x48, 0x8b, 0x44,
  0x24, 0x98, 0x4c, 0x8b, 0x5c, 0x24, 0xa0, 0xf3, 0x0f, 0x7e, 0x0d, 0x11,
  0xcb, 0x00, 0x00, 0x48, 0x89, 0xc3, 0x4d, 0x89, 0xd9, 0x48, 0x8d, 0x0c,
  0xc5, 0x00, 0x00, 0x00, 0x00, 0x48, 0xc1, 0xe3, 0x04, 0x48, 0x8d, 0x14,
  0x0e, 0x49, 0x89, 0xda, 0x48, 0x89, 0xc3, 0x49, 0x8d, 0x44, 0xc4, 0xf8,
  0x4c, 0x0f, 0xaf, 0xcb, 0x0f, 0x1f, 0x40, 0x00, 0xf2, 0x42, 0x0f, 0x10,
  0x04, 0xc8, 0x48, 0x83, 0xc7, 0x01, 0x66, 0x0f, 0x57, 0xc1, 0xf2, 0x0f,
  0x11, 0x02, 0xf2, 0x0f, 0x10, 0x00, 0x48, 0x01, 0xc8, 0xf2, 0x0f, 0x11,
  0x42, 0xf8, 0x4c, 0x01, 0xd2, 0x4c, 0x39, 0xdf, 0x75, 0xda, 0x48, 0x83,
  0x7c, 0x24, 0x98, 0x02, 0x0f, 0x86, 0x2a, 0xff, 0xff, 0xff, 0x48, 0x8b,
  0x44, 0x24, 0x98, 0x4d, 0x89, 0xe7, 0x48, 0xc7, 0x44, 0x24, 0x88, 0x08,
  0x00, 0x00, 0x00, 0x48, 0xc7, 0x44, 0x24, 0xb8, 0x10, 0x00, 0x00, 0x00,
  0x48, 0xc7, 0x44, 0x24, 0xb0, 0x00, 0x00, 0x00, 0x00, 0x48, 0x89, 0xc3,
  0x48, 0xc1, 0xe3, 0x04, 0x48, 0x8d, 0x7b, 0xf0, 0x48, 0x89, 0x5c, 0x24,
  0xf0, 0x48, 0x83, 0xeb, 0x08, 0x48, 0x89, 0x7c, 0x24, 0xa8, 0x48, 0x8b,
  0x7c, 0x24, 0xa0, 0x48, 0x89, 0x5c, 0x24, 0x90, 0x48, 0x89, 0xc3, 0x48,
  0x8d, 0x04, 0xc5, 0x00, 0x00, 0x00, 0x00, 0x48, 0x89, 0xc1, 0x48, 0x89,
  0x44, 0x24, 0xe8, 0x48, 0x89, 0xf8, 0x48, 0x0f, 0xaf, 0xc1, 0xb9, 0x08,
  0x00, 0x00, 0x00, 0x48, 0x0f, 0xaf, 0xfb, 0x4d, 0x8d, 0x34, 0x04, 0x48,
  0x8d, 0x43, 0xfd, 0x48, 0xd1, 0xe8, 0x48, 0x89, 0x3c, 0x24, 0x48, 0x89,
  0xc2, 0x48, 0xc1, 0xe2, 0x04, 0x48, 0x83, 0xc2, 0x08, 0x48, 0x83, 0xfb,
  0x02, 0x48, 0x0f, 0x47, 0xca, 0x48, 0x89, 0xc2, 0x48, 0xf7, 0xda, 0x48,
  0xc1, 0xe2, 0x04, 0x48, 0x89, 0x4c, 0x24, 0xc0, 0x48, 0x83, 0xfb, 0x02,
  0xb9, 0x00, 0x00, 0x00, 0x00, 0x48, 0x0f, 0x47, 0xca, 0x0f, 0x97, 0xc2,
  0x45, 0x31, 0xed, 0x0f, 0xb6, 0xd2, 0x48, 0x0f, 0xaf, 0xc2, 0x48, 0x89,
  0x4c, 0x24, 0xf8, 0x48, 0x89, 0xc2, 0x48, 0x83, 0xc8, 0x01, 0x48, 0x8d,
  0x3c, 0x00, 0x48, 0xc1, 0xe0, 0x04, 0x48, 0xd1, 0xea, 0x49, 0x8d, 0x5c,
  0xf8, 0xf0, 0x4c, 0x01, 0xc0, 0x48, 0xc1, 0xe2, 0x05, 0x48, 0x89, 0x7c,
  0x24, 0x18, 0x48, 0x89, 0x5c, 0x24, 0x28, 0x49, 0x8d, 0x5c, 0xf8, 0xf8,
  0x48, 0x89, 0x44, 0x24, 0x40, 0x49, 0x8d, 0x44, 0xf8, 0x08, 0x48, 0x89,
  0x5c, 0x24, 0x20, 0x48, 0x8d, 0x5f, 0x02, 0x48, 0x89, 0x44, 0x24, 0x38,
  0x48, 0x8d, 0x46, 0xf8, 0x48, 0x89, 0x54, 0x24, 0x10, 0x48, 0x89, 0x5c,
  0x24, 0x30, 0x48, 0x89, 0x44, 0x24, 0x08, 0x0f, 0x1f, 0x44, 0x00, 0x00,
  0x48, 0x8b, 0x04, 0x24, 0x48, 0x8b, 0x54, 0x24, 0x90, 0x48, 0x8b, 0x5c,
  0x24, 0xa8, 0x4c, 0x8b, 0x5c, 0x24, 0xf8, 0x4c, 0x01, 0xe8, 0x48, 0x8b,
  0x6c, 0x24, 0xb8, 0x48, 0x8b, 0x4c, 0x24, 0xc0, 0x48, 0x89, 0x44, 0x24,
  0xd0, 0x48, 0x8b, 0x44, 0x24, 0x98, 0x49, 0x89, 0xd9, 0x4d, 0x01, 0xd9,
  0x48, 0x83, 0x44, 0x24, 0xb0, 0x01, 0x4c, 0x01, 0xe8, 0x48, 0x8d, 0x3c,
  0x00, 0x48, 0x89, 0x44, 0x24, 0xc8, 0x48, 0x8b, 0x44, 0x24, 0x88, 0x48,
  0x89, 0x7c, 0x24, 0xd8, 0x48, 0x8d, 0x7a, 0xf0, 0x4e, 0x8d, 0x14, 0x1f,
  0x4c, 0x8b, 0x5c, 0x24, 0xc0, 0x48, 0x01, 0xc1, 0x49, 0x01, 0xeb, 0x48,
  0x39, 0xc2, 0x0f, 0x9e, 0xc0, 0x49, 0x39, 0xc9, 0x0f, 0x9d, 0xc2, 0x09,
  0xc2, 0x48, 0x83, 0x7c, 0x24, 0x98, 0x06, 0x0f, 0x97, 0xc0, 0x21, 0xc2,
  0x48, 0x8b, 0x44, 0x24, 0x90, 0x48, 0x39, 0xc5, 0x0f, 0x9d, 0xc0, 0x4d,
  0x39, 0xcb, 0x41, 0x0f, 0x9e, 0xc1, 0x44, 0x09, 0xc8, 0x21, 0xc2, 0x48,
  0x89, 0xd8, 0x48, 0x29, 0xf8, 0x48, 0x83, 0xf8, 0xf0, 0x0f, 0x95, 0xc0,
  0x21, 0xc2, 0x48, 0x8b, 0x44, 0x24, 0x88, 0x48, 0x39, 0xd8, 0x40, 0x0f,
  0x9d, 0xc7, 0x49, 0x39, 0xca, 0x0f, 0x9d, 0xc0, 0x09, 0xf8, 0x84, 0xc2,
  0x0f, 0x84, 0xa6, 0x02, 0x00, 0x00, 0x4d, 0x39, 0xd3, 0x48, 0x89, 0xe9,
  0x48, 0x89, 0xdf, 0x0f, 0x9e, 0xc2, 0x48, 0x39, 0xdd, 0x0f, 0x9d, 0xc0,
  0x08, 0xc2, 0x0f, 0x84, 0x8c, 0x02, 0x00, 0x00, 0x48, 0x8b, 0x44, 0x24,
  0x08, 0x48, 0x89, 0xca, 0x49, 0x8d, 0x6e, 0x08, 0x49, 0x8d, 0x5e, 0x10,
  0x48, 0x89, 0x74, 0x24, 0xe0, 0x4d, 0x8d, 0x5f, 0x08, 0x4d, 0x8d, 0x4f,
  0x10, 0x49, 0x89, 0xc2, 0x49, 0x01, 0xca, 0x48, 0x89, 0xc1, 0x48, 0x89,
  0xf8, 0x48, 0x01, 0xf9, 0x48, 0x8d, 0x3c, 0x16, 0x48, 0x8d, 0x14, 0x06,
  0x48, 0x8b, 0x74, 0x24, 0x10, 0x31, 0xc0, 0x90, 0x66, 0x41, 0x0f, 0x10,
  0x04, 0x00, 0x66, 0x41, 0x0f, 0x10, 0x4c, 0x00, 0x10, 0x48, 0x83, 0xe9,
  0x20, 0x48, 0x83, 0xea, 0x20, 0x66, 0x41, 0x0f, 0x12, 0x4c, 0x00, 0x08,
  0x66, 0x0f, 0x10, 0x5c, 0x05, 0x00, 0x66, 0x0f, 0x10, 0x24, 0x03, 0x66,
  0x41, 0x0f, 0x16, 0x44, 0x00, 0x10, 0x66, 0x0f, 0x16, 0x5c, 0x05, 0x10,
  0x66, 0x0f, 0x28, 0xd0, 0x66, 0x0f, 0x28, 0xe9, 0x66, 0x0f, 0x59, 0xd3,
  0x66, 0x0f, 0x16, 0x64, 0x03, 0x10, 0x66, 0x0f, 0x59, 0xec, 0x66, 0x0f,
  0x59, 0xcb, 0x66, 0x0f, 0x59, 0xc4, 0x66, 0x0f, 0x58, 0xd5, 0x66, 0x0f,
  0x5c, 0xc1, 0x66, 0x41, 0x0f, 0x10, 0x0c, 0x03, 0x66, 0x0f, 0x28, 0xda,
  0x66, 0x41, 0x0f, 0x16, 0x4c, 0x03, 0x10, 0x66, 0x0f, 0x58, 0xd9, 0x66,
  0x0f, 0x5c, 0xca, 0x66, 0x0f, 0x28, 0xd0, 0x66, 0x41, 0x0f, 0x13, 0x1c,
  0x02, 0x66, 0x41, 0x0f, 0x17, 0x5c, 0x02, 0x10, 0x66, 0x0f, 0x13, 0x49,
  0x20, 0x66, 0x0f, 0x17, 0x49, 0x10, 0x66, 0x41, 0x0f, 0x10, 0x0c, 0x01,
  0x66, 0x41, 0x0f, 0x16, 0x4c, 0x01, 0x10, 0x66, 0x0f, 0x58, 0xd1, 0x66,
  0x0f, 0x5c, 0xc1, 0x66, 0x0f, 0x13, 0x14, 0x07, 0x66, 0x0f, 0x17, 0x54,
  0x07, 0x10, 0x48, 0x83, 0xc0, 0x20, 0x66, 0x0f, 0x13, 0x42, 0x20, 0x66,
  0x0f, 0x17, 0x42, 0x10, 0x48, 0x39, 0xc6, 0x0f, 0x85, 0x3b, 0xff, 0xff,
  0xff, 0x48, 0x8b, 0x44, 0x24, 0x28, 0x48, 0x8b, 0x5c, 0x24, 0xd0, 0x4c,
  0x8b, 0x54, 0x24, 0x18, 0x48, 0x8b, 0x4c, 0x24, 0x20, 0xf2, 0x0f, 0x10,
  0x20, 0x48, 0x89, 0xd8, 0x48, 0x8b, 0x7c, 0x24, 0xd8, 0x4c, 0x01, 0xd0,
  0xf2, 0x0f, 0x10, 0x09, 0x48, 0x8b, 0x74, 0x24, 0xe0, 0xf2, 0x41, 0x0f,
  0x10, 0x5c, 0xc4, 0xf8, 0xf2, 0x41, 0x0f, 0x10, 0x04, 0xc4, 0x48, 0x89,
  0xfa, 0x4b, 0x8d, 0x44, 0x15, 0x00, 0x4a, 0x8d, 0x0c, 0x28, 0x4c, 0x29,
  0xd2, 0x66, 0x0f, 0x28, 0xd0, 0x66, 0x0f, 0x28, 0xeb, 0xf2, 0x0f, 0x59,
  0xd1, 0xf2, 0x0f, 0x59, 0xec, 0xf2, 0x0f, 0x59, 0xcb, 0xf2, 0x0f, 0x59,
  0xc4, 0xf2, 0x0f, 0x58, 0xd5, 0xf2, 0x0f, 0x5c, 0xc1, 0xf2, 0x41, 0x0f,
  0x10, 0x4c, 0xc4, 0xf8, 0x66, 0x0f, 0x28, 0xda, 0xf2, 0x0f, 0x58, 0xd9,
  0xf2, 0x0f, 0x5c, 0xca, 0x66, 0x0f, 0x28, 0xd0, 0xf2, 0x0f, 0x11, 0x5c,
  0xce, 0xf8, 0xf2, 0x0f, 0x11, 0x4c, 0xd6, 0xf8, 0xf2, 0x41, 0x0f, 0x10,
  0x0c, 0xc4, 0xf2, 0x0f, 0x58, 0xd1, 0xf2, 0x0f, 0x5c, 0xc1, 0xf2, 0x0f,
  0x11, 0x14, 0xce, 0x48, 0x8b, 0x4c, 0x24, 0x30, 0xf2, 0x0f, 0x11, 0x04,
  0xd6, 0x48, 0x39, 0x4c, 0x24, 0x98, 0x0f, 0x86, 0x93, 0x00, 0x00, 0x00,
  0x48, 0x8b, 0x44, 0x24, 0x40, 0xf2, 0x0f, 0x10, 0x00, 0x48, 0x89, 0xd8,
  0x48, 0x89, 0xcb, 0x48, 0x01, 0xc8, 0x48, 0x8b, 0x4c, 0x24, 0x38, 0x49,
  0x8d, 0x54, 0x1d, 0x00, 0xf2, 0x41, 0x0f, 0x10, 0x5c, 0xc4, 0xf8, 0xf2,
  0x41, 0x0f, 0x10, 0x24, 0xc4, 0x48, 0x89, 0xf8, 0x49, 0x01, 0xd5, 0xf2,
  0x0f, 0x10, 0x09, 0x48, 0x29, 0xd8, 0x66, 0x0f, 0x28, 0xd3, 0xf2, 0x0f,
  0x59, 0xd0, 0x66, 0x0f, 0x28, 0xe9, 0xf2, 0x0f, 0x59, 0xec, 0xf2, 0x0f,
  0x59, 0xcb, 0xf2, 0x0f, 0x59, 0xc4, 0xf2, 0x0f, 0x58, 0xd5, 0xf2, 0x0f,
  0x5c, 0xc1, 0xf2, 0x41, 0x0f, 0x10, 0x4c, 0xd4, 0xf8, 0x66, 0x0f, 0x28,
  0xd9, 0xf2, 0x0f, 0x5c, 0xca, 0xf2, 0x0f, 0x58, 0xda, 0xf2, 0x42, 0x0f,
  0x11, 0x5c, 0xee, 0xf8, 0xf2, 0x0f, 0x11, 0x4c, 0xc6, 0xf8, 0xf2, 0x41,
  0x0f, 0x10, 0x0c, 0xd4, 0x66, 0x0f, 0x28, 0xd1, 0xf2, 0x0f, 0x58, 0xd0,
  0xf2, 0x0f, 0x5c, 0xc1, 0xf2, 0x42, 0x0f, 0x11, 0x14, 0xee, 0xf2, 0x0f,
  0x11, 0x04, 0xc6, 0x48, 0x8b, 0x44, 0x24, 0xf0, 0x48, 0x01, 0x44, 0x24,
  0xb8, 0x48, 0x01, 0x44, 0x24, 0x88, 0x4c, 0x8b, 0x6c, 0x24, 0xc8, 0x48,
  0x01, 0x44, 0x24, 0xa8, 0x48, 0x8b, 0x7c, 0x24, 0xa0, 0x48, 0x01, 0x44,
  0x24, 0x90, 0x48, 0x8b, 0x44, 0x24, 0xe8, 0x49, 0x01, 0xc6, 0x49, 0x01,
  0xc7, 0x48, 0x39, 0x7c, 0x24, 0xb0, 0x0f, 0x82, 0xac, 0xfc, 0xff, 0xff,
  0xe9, 0xbb, 0xfa, 0xff, 0xff, 0x0f, 0x1f, 0x80, 0x00, 0x00, 0x00, 0x00,
  0x48, 0x8b, 0x7c, 0x24, 0x08, 0x48, 0x8b, 0x54, 0x24, 0xa8, 0xb8, 0x02,
  0x00, 0x00, 0x00, 0x48, 0x8b, 0x5c, 0x24, 0x88, 0x48, 0x01, 0xfa, 0x48,
  0x8d, 0x0c, 0x1f, 0x48, 0x8b, 0x7c, 0x24, 0x98, 0xf2, 0x41, 0x0f, 0x10,
  0x5c, 0xc6, 0xf8, 0xf2, 0x41, 0x0f, 0x10, 0x04, 0xc6, 0x48, 0x83, 0xea,
  0x10, 0xf2, 0x41, 0x0f, 0x10, 0x64, 0xc0, 0xf0, 0xf2, 0x41, 0x0f, 0x10,
  0x4c, 0xc0, 0xf8, 0x66, 0x0f, 0x28, 0xd0, 0x66, 0x0f, 0x28, 0xeb, 0xf2,
  0x0f, 0x59, 0xd1, 0xf2, 0x0f, 0x59, 0xec, 0xf2, 0x0f, 0x59, 0xcb, 0xf2,
  0x0f, 0x59, 0xc4, 0xf2, 0x0f, 0x58, 0xd5, 0xf2, 0x0f, 0x5c, 0xc1, 0xf2,
  0x41, 0x0f, 0x10, 0x4c, 0xc7, 0xf8, 0x66, 0x0f, 0x28, 0xd9, 0xf2, 0x0f,
  0x5c, 0xca, 0xf2, 0x0f, 0x58, 0xda, 0xf2, 0x0f, 0x11, 0x5c, 0xc1, 0xf8,
  0xf2, 0x0f, 0x11, 0x4a, 0x10, 0xf2, 0x41, 0x0f, 0x10, 0x0c, 0xc7, 0x66,
  0x0f, 0x28, 0xd1, 0xf2, 0x0f, 0x58, 0xd0, 0xf2, 0x0f, 0x5c, 0xc1, 0xf2,
  0x0f, 0x11, 0x14, 0xc1, 0x48, 0x83, 0xc0, 0x02, 0xf2, 0x0f, 0x11, 0x42,
  0x18, 0x48, 0x39, 0xc7, 0x0f, 0x87, 0x7a, 0xff, 0xff, 0xff, 0xe9, 0x10,
  0xff, 0xff, 0xff, 0x31, 0xc0, 0xe9, 0xd6, 0xf9, 0xff, 0xff, 0x66, 0x66,
  0x2e, 0x0f, 0x1f, 0x84, 0x00, 0x00, 0x00, 0x00, 0x00, 0x0f, 0x1f, 0x00,
  0x41, 0x56, 0x41, 0x55, 0x41, 0x54, 0x55, 0x48, 0x89, 0xf5, 0x53, 0x48,
  0x85, 0xf6, 0x0f, 0x84, 0x15, 0x01, 0x00, 0x00, 0x48, 0x89, 0xfb, 0x48,
  0x89, 0xce, 0x4c, 0x8d, 0x4c, 0x2d, 0x00, 0x48, 0x83, 0xff, 0x01, 0x0f,
  0x85, 0x09, 0x01, 0x00, 0x00, 0x48, 0x83, 0xfd, 0x01, 0x0f, 0x84, 0x2b,
  0x03, 0x00, 0x00, 0x48, 0x8d, 0x3c, 0xed, 0x00, 0x00, 0x00, 0x00, 0x49,
  0x89, 0xe8, 0x31, 0xc0, 0x66, 0x0f, 0x28, 0x2d, 0x58, 0xc5, 0x00, 0x00,
  0x4c, 0x8d, 0x0c, 0x3a, 0x49, 0xd1, 0xe8, 0x66, 0x0f, 0x28, 0x25, 0x39,
  0xc5, 0x00, 0x00, 0x4c, 0x01, 0xcf, 0x49, 0xc1, 0xe0, 0x04, 0x66, 0x90,
  0x66, 0x41, 0x0f, 0x10, 0x3c, 0x01, 0x66, 0x0f, 0x10, 0x04, 0x07, 0x48,
  0x83, 0xc1, 0x30, 0x66, 0x0f, 0x10, 0x14, 0x02, 0x66, 0x0f, 0x10, 0x0c,
  0x07, 0x66, 0x0f, 0x58, 0xc7, 0x66, 0x0f, 0x5c, 0xcf, 0x66, 0x0f, 0x10,
  0x3c, 0x02, 0x48, 0x83, 0xc0, 0x10, 0x66, 0x0f, 0x58, 0xd0, 0x66, 0x0f,
  0x59, 0xc4, 0x66, 0x0f, 0x59, 0xcd, 0x66, 0x0f, 0x28, 0xda, 0x66, 0x0f,
  0x58, 0xc7, 0x66, 0x0f, 0x28, 0xfa, 0xf2, 0x0f, 0x10, 0xf9, 0x0f, 0x11,
  0x79, 0xe0, 0x66, 0x0f, 0x14, 0xd8, 0x66, 0x0f, 0xc6, 0xc2, 0x01, 0xf2,
  0x0f, 0x10, 0xc8, 0x0f, 0x11, 0x59, 0xd0, 0x0f, 0x11, 0x49, 0xf0, 0x49,
  0x39, 0xc0, 0x75, 0x9c, 0x48, 0x89, 0xe9, 0x48, 0x83, 0xe1, 0xfe, 0x40,
  0xf6, 0xc5, 0x01, 0x74, 0x58, 0x48, 0x8d, 0x44, 0x0d, 0x00, 0xf2, 0x0f,
  0x10, 0x14, 0xca, 0xf2, 0x0f, 0x10, 0x1c, 0xc2, 0x48, 0x01, 0xe8, 0xf2,
  0x0f, 0x10, 0x0c, 0xc2, 0x66, 0x0f, 0x28, 0xe2, 0x48, 0x8d, 0x04, 0x49,
  0x48, 0xc1, 0xe0, 0x03, 0x66, 0x0f, 0x28, 0xc1, 0xf2, 0x0f, 0x5c, 0xcb,
  0xf2, 0x0f, 0x58, 0xc3, 0xf2, 0x0f, 0x59, 0x0d, 0x88, 0xc6, 0x00, 0x00,
  0xf2, 0x0f, 0x58, 0xe0, 0xf2, 0x0f, 0x59, 0x05, 0x84, 0xc6, 0x00, 0x00,
  0xf2, 0x0f, 0x11, 0x4c, 0x06, 0x10, 0xf2, 0x0f, 0x11, 0x24, 0x06, 0xf2,
  0x0f, 0x58, 0xc2, 0xf2, 0x0f, 0x11, 0x44, 0x06, 0x08, 0x5b, 0x5d, 0x41,
  0x5c, 0x41, 0x5d, 0x41, 0x5e, 0xc3, 0x48, 0x89, 0xf8, 0x49, 0x89, 0xfa,
  0x4c, 0x8d, 0x1c, 0x7f, 0x49, 0x89, 0xed, 0x48, 0xc1, 0xe0, 0x04, 0x4d,
  0x89, 0xcc, 0x49, 0xf7, 0xda, 0x48, 0x89, 0xd1, 0x4c, 0x0f, 0xaf, 0xef,
  0x49, 0xc1, 0xe3, 0x03, 0x48, 0x01, 0xf0, 0x49, 0xc1, 0xe2, 0x04, 0xf2,
  0x0f, 0x10, 0x25, 0x2d, 0xc6, 0x00, 0x00, 0xf2, 0x0f, 0x10, 0x2d, 0x2d,
  0xc6, 0x00, 0x00, 0x4c, 0x0f, 0xaf, 0xe7, 0x4c, 0x8d, 0x34, 0xfd, 0x00,
  0x00, 0x00, 0x00, 0x31, 0xff, 0x0f, 0x1f, 0x80, 0x00, 0x00, 0x00, 0x00,
  0xf2, 0x42, 0x0f, 0x10, 0x1c, 0xe9, 0xf2, 0x42, 0x0f, 0x10, 0x0c, 0xe1,
  0x48, 0x83, 0xc7, 0x01, 0xf2, 0x0f, 0x10, 0x11, 0x4c, 0x01, 0xf1, 0x66,
  0x0f, 0x28, 0xc3, 0xf2, 0x0f, 0x58, 0xc1, 0x66, 0x0f, 0x28, 0xf2, 0xf2,
  0x0f, 0x5c, 0xcb, 0xf2, 0x0f, 0x58, 0xf0, 0xf2, 0x0f, 0x59, 0xc5, 0xf2,
  0x0f, 0x59, 0xcc, 0xf2, 0x42, 0x0f, 0x11, 0x34, 0x10, 0xf2, 0x0f, 0x58,
  0xc2, 0xf2, 0x0f, 0x11, 0x08, 0xf2, 0x0f, 0x11, 0x40, 0xf8, 0x4c, 0x01,
  0xd8, 0x48, 0x39, 0xfd, 0x75, 0xb2, 0x48, 0x83, 0xfb, 0x02, 0x0f, 0x86,
  0x51, 0xff, 0xff, 0xff, 0x49, 0x89, 0xea, 0x48, 0x89, 0xdf, 0x4c, 0x8d,
  0x34, 0x5b, 0x48, 0x89, 0xd1, 0x4c, 0x8d, 0x24, 0xdd, 0x00, 0x00, 0x00,
  0x00, 0x48, 0xc1, 0xe7, 0x04, 0x49, 0xc1, 0xe6, 0x03, 0x45, 0x31, 0xed,
  0x4d, 0x0f, 0xaf, 0xd4, 0x48, 0x01, 0xf7, 0x4f, 0x8d, 0x1c, 0x20, 0x4d,
  0x0f, 0xaf, 0xcc, 0x49, 0x01, 0xd2, 0x49, 0x01, 0xd1, 0x0f, 0x1f, 0x00,
  0x48, 0x8d, 0x57, 0xe8, 0xb8, 0x02, 0x00, 0x00, 0x00, 0x0f, 0x1f, 0x80,
  0x00, 0x00, 0x00, 0x00, 0xf2, 0x41, 0x0f, 0x10, 0x14, 0xc2, 0xf2, 0x41,
  0x0f, 0x10, 0x4c, 0xc0, 0xf8, 0x48, 0x83, 0xea, 0x10, 0xf2, 0x41, 0x0f,
  0x10, 0x5c, 0xc0, 0xf0, 0xf2, 0x41, 0x0f, 0x10, 0x44, 0xc2, 0xf8, 0x66,
  0x0f, 0x28, 0xf1, 0xf2, 0x45, 0x0f, 0x10, 0x04, 0xc1, 0xf2, 0x0f, 0x59,
  0xf2, 0x66, 0x0f, 0x28, 0xfb, 0xf2, 0x0f, 0x59, 0xf8, 0xf2, 0x0f, 0x59,
  0xda, 0xf2, 0x41, 0x0f, 0x10, 0x54, 0xc3, 0xf0, 0xf2, 0x0f, 0x59, 0xc1,
  0xf2, 0x41, 0x0f, 0x10, 0x4c, 0xc1, 0xf8, 0xf2, 0x0f, 0x58, 0xfe, 0xf2,
  0x41, 0x0f, 0x10, 0x74, 0xc3, 0xe8, 0xf2, 0x0f, 0x5c, 0xd8, 0x66, 0x44,
  0x0f, 0x28, 0xce, 0x66, 0x0f, 0x28, 0xc2, 0xf2, 0x44, 0x0f, 0x59, 0xc9,
  0xf2, 0x41, 0x0f, 0x59, 0xc0, 0xf2, 0x0f, 0x59, 0xca, 0x66, 0x0f, 0x28,
  0xd3, 0xf2, 0x41, 0x0f, 0x59, 0xf0, 0xf2, 0x41, 0x0f, 0x58, 0xc1, 0xf2,
  0x44, 0x0f, 0x10, 0x4c, 0xc1, 0xf8, 0xf2, 0x0f, 0x5c, 0xf1, 0x66, 0x0f,
  0x28, 0xcf, 0x66, 0x45, 0x0f, 0x28, 0xc1, 0xf2, 0x0f, 0x58, 0xc8, 0xf2,
  0x0f, 0x5c, 0xc7, 0xf2, 0x0f, 0x58, 0xd6, 0xf2, 0x0f, 0x5c, 0xde, 0xf2,
  0x44, 0x0f, 0x58, 0xc1, 0xf2, 0x0f, 0x59, 0xcd, 0xf2, 0x0f, 0x59, 0xc4,
  0xf2, 0x0f, 0x59, 0xdc, 0xf2, 0x44, 0x0f, 0x11, 0x44, 0xc6, 0xf8, 0xf2,
  0x44, 0x0f, 0x10, 0x04, 0xc1, 0x66, 0x45, 0x0f, 0x28, 0xd0, 0xf2, 0x41,
  0x0f, 0x58, 0xc9, 0xf2, 0x44, 0x0f, 0x58, 0xd2, 0xf2, 0x0f, 0x59, 0xd5,
  0x66, 0x0f, 0x28, 0xf1, 0xf2, 0x0f, 0x5c, 0xcb, 0xf2, 0x0f, 0x58, 0xf3,
  0xf2, 0x44, 0x0f, 0x11, 0x14, 0xc6, 0xf2, 0x41, 0x0f, 0x58, 0xd0, 0xf2,
  0x0f, 0x11, 0x74, 0xc7, 0xf8, 0xf2, 0x0f, 0x11, 0x4a, 0x10, 0x66, 0x0f,
  0x28, 0xca, 0xf2, 0x0f, 0x58, 0xc8, 0xf2, 0x0f, 0x5c, 0xc2, 0xf2, 0x0f,
  0x11, 0x0c, 0xc7, 0x48, 0x83, 0xc0, 0x02, 0xf2, 0x0f, 0x11, 0x42, 0x18,
  0x48, 0x39, 0xc3, 0x0f, 0x87, 0xe7, 0xfe, 0xff, 0xff, 0x49, 0x83, 0xc5,
  0x01, 0x4c, 0x01, 0xf7, 0x4d, 0x01, 0xe2, 0x4d, 0x01, 0xe1, 0x4c, 0x01,
  0xe1, 0x4c, 0x01, 0xf6, 0x4c, 0x39, 0xed, 0x0f, 0x85, 0xbb, 0xfe, 0xff,
  0xff, 0x5b, 0x5d, 0x41, 0x5c, 0x41, 0x5d, 0x41, 0x5e, 0xc3, 0x31, 0xc9,
  0xe9, 0x6c, 0xfd, 0xff, 0xff, 0x66, 0x66, 0x2e, 0x0f, 0x1f, 0x84, 0x00,
  0x00, 0x00, 0x00, 0x00, 0x41, 0x57, 0x49, 0x89, 0xf7, 0x41, 0x56, 0x49,
  0x89, 0xfe, 0x41, 0x55, 0x41, 0x83, 0xe6, 0x01, 0x41, 0x54, 0x55, 0x48,
  0x89, 0xfd, 0x53, 0x48, 0x85, 0xf6, 0x0f, 0x84, 0x4e, 0x01, 0x00, 0x00,
  0x4f, 0x8d, 0x0c, 0x3f, 0x48, 0x89, 0xd7, 0x48, 0x89, 0xce, 0x4b, 0x8d,
  0x04, 0x39, 0x4c, 0x89, 0x4c, 0x24, 0xd8, 0x48, 0x89, 0x44, 0x24, 0xd0,
  0x48, 0x83, 0xfd, 0x01, 0x0f, 0x85, 0x37, 0x01, 0x00, 0x00, 0x49, 0x83,
  0xff, 0x01, 0x0f, 0x84, 0xc2, 0x04, 0x00, 0x00, 0x4c, 0x8d, 0x0c, 0xc2,
  0x4c, 0x89, 0xfa, 0x4c, 0x89, 0xf9, 0x48, 0xc1, 0xe2, 0x04, 0x4d, 0x89,
  0xc8, 0x48, 0xd1, 0xe9, 0x49, 0x29, 0xd0, 0x48, 0xc1, 0xe1, 0x04, 0x31,
  0xd2, 0x4f, 0x8d, 0x14, 0xf8, 0x0f, 0x1f, 0x00, 0x66, 0x41, 0x0f, 0x10,
  0x34, 0x11, 0x66, 0x41, 0x0f, 0x10, 0x24, 0x10, 0x66, 0x41, 0x0f, 0x10,
  0x14, 0x12, 0x66, 0x0f, 0x58, 0xe6, 0x66, 0x0f, 0x28, 0xde, 0x66, 0x41,
  0x0f, 0x10, 0x34, 0x10, 0x66, 0x0f, 0x5c, 0xde, 0x66, 0x0f, 0x10, 0x34,
  0x17, 0x66, 0x0f, 0x58, 0xd6, 0x66, 0x0f, 0x28, 0xc6, 0x66, 0x41, 0x0f,
  0x10, 0x34, 0x12, 0x66, 0x0f, 0x5c, 0xc6, 0x66, 0x0f, 0x28, 0xca, 0x66,
  0x0f, 0x5c, 0xd4, 0x66, 0x0f, 0x58, 0xcc, 0x66, 0x0f, 0x28, 0xe1, 0x66,
  0x0f, 0x15, 0xcb, 0x66, 0x0f, 0x14, 0xe3, 0x66, 0x0f, 0x28, 0xd8, 0x66,
  0x0f, 0x15, 0xc2, 0x66, 0x0f, 0x14, 0xda, 0x66, 0x0f, 0x28, 0xd4, 0x66,
  0x0f, 0x14, 0xd3, 0x66, 0x0f, 0x15, 0xe3, 0x0f, 0x11, 0x14, 0x96, 0x66,
  0x0f, 0x28, 0xd1, 0x66, 0x0f, 0x15, 0xc8, 0x66, 0x0f, 0x14, 0xd0, 0x0f,
  0x11, 0x64, 0x96, 0x10, 0x0f, 0x11, 0x54, 0x96, 0x20, 0x0f, 0x11, 0x4c,
  0x96, 0x30, 0x48, 0x83, 0xc2, 0x10, 0x48, 0x39, 0xd1, 0x0f, 0x85, 0x69,
  0xff, 0xff, 0xff, 0x4c, 0x89, 0xfa, 0x48, 0x83, 0xe2, 0xfe, 0x41, 0xf6,
  0xc7, 0x01, 0x74, 0x5a, 0x48, 0x01, 0xd0, 0xf2, 0x0f, 0x10, 0x14, 0xd7,
  0x48, 0x89, 0xd1, 0xf2, 0x0f, 0x10, 0x04, 0xc7, 0x49, 0x8d, 0x04, 0x17,
  0x48, 0xc1, 0xe1, 0x05, 0xf2, 0x0f, 0x10, 0x2c, 0xc7, 0x4c, 0x01, 0xf8,
  0xf2, 0x0f, 0x10, 0x34, 0xc7, 0x66, 0x0f, 0x28, 0xe5, 0x66, 0x0f, 0x28,
  0xce, 0xf2, 0x0f, 0x58, 0xe0, 0xf2, 0x0f, 0x5c, 0xc5, 0xf2, 0x0f, 0x58,
  0xca, 0xf2, 0x0f, 0x5c, 0xd6, 0x66, 0x0f, 0x28, 0xd9, 0xf2, 0x0f, 0x5c,
  0xcc, 0xf2, 0x0f, 0x58, 0xdc, 0x66, 0x0f, 0x14, 0xc1, 0x66, 0x0f, 0x14,
  0xda, 0x0f, 0x11, 0x44, 0x0e, 0x10, 0x0f, 0x11, 0x1c, 0x0e, 0x5b, 0x5d,
  0x41, 0x5c, 0x41, 0x5d, 0x41, 0x5e, 0x41, 0x5f, 0xc3, 0x4c, 0x89, 0xc3,
  0x49, 0x89, 0xe8, 0x49, 0x89, 0xc5, 0x4d, 0x89, 0xfc, 0x49, 0xc1, 0xe0,
  0x04, 0x4d, 0x89, 0xcb, 0x49, 0x89, 0xea, 0x4c, 0x89, 0x74, 0x24, 0xe8,
  0x4c, 0x89, 0x44, 0x24, 0xe0, 0x4c, 0x0f, 0xaf, 0xed, 0x49, 0xc1, 0xe2,
  0x05, 0x45, 0x31, 0xc0, 0x4c, 0x0f, 0xaf, 0xe5, 0x48, 0x89, 0x6c, 0x24,
  0xf0, 0x4c, 0x8d, 0x34, 0xed, 0x00, 0x00, 0x00, 0x00, 0x4c, 0x0f, 0xaf,
  0xdd, 0x48, 0x8b, 0x6c, 0x24, 0xe0, 0x66, 0x90, 0xf2, 0x42, 0x0f, 0x10,
  0x14, 0xea, 0xf2, 0x42, 0x0f, 0x10, 0x24, 0xe2, 0x49, 0x83, 0xc0, 0x01,
  0xf2, 0x0f, 0x10, 0x02, 0xf2, 0x42, 0x0f, 0x10, 0x2c, 0xda, 0x4c, 0x01,
  0xf2, 0x66, 0x0f, 0x28, 0xda, 0xf2, 0x0f, 0x5c, 0xd4, 0x66, 0x0f, 0x28,
  0xc8, 0xf2, 0x0f, 0x5c, 0xc5, 0xf2, 0x0f, 0x58, 0xdc, 0xf2, 0x0f, 0x58,
  0xcd, 0x66, 0x0f, 0x14, 0xc2, 0x0f, 0x11, 0x44, 0x29, 0xf8, 0x66, 0x0f,
  0x28, 0xc3, 0xf2, 0x0f, 0x58, 0xc1, 0xf2, 0x0f, 0x5c, 0xcb, 0xf2, 0x0f,
  0x11, 0x01, 0xf2, 0x42, 0x0f, 0x11, 0x4c, 0x11, 0xf8, 0x4c, 0x01, 0xd1,
  0x4d, 0x39, 0xf8, 0x75, 0xa3, 0x4c, 0x8b, 0x74, 0x24, 0xe8, 0x48, 0x8b,
  0x6c, 0x24, 0xf0, 0x4d, 0x85, 0xf6, 0x0f, 0x85, 0xb9, 0x02, 0x00, 0x00,
  0x4d, 0x89, 0xfa, 0x48, 0x0f, 0xaf, 0xc5, 0x4c, 0x8d, 0x65, 0xff, 0x49,
  0x89, 0xed, 0x4c, 0x0f, 0xaf, 0xd5, 0x49, 0x89, 0xe8, 0x4a, 0x8d, 0x0c,
  0xe7, 0x49, 0xc1, 0xe5, 0x05, 0x4c, 0x0f, 0xaf, 0xcd, 0x4c, 0x8d, 0x1c,
  0xed, 0x00, 0x00, 0x00, 0x00, 0x49, 0xc1, 0xe0, 0x04, 0xf2, 0x0f, 0x10,
  0x2d, 0xcb, 0xc1, 0x00, 0x00, 0xf2, 0x0f, 0x10, 0x25, 0xcb, 0xc1, 0x00,
  0x00, 0x4a, 0x8d, 0x14, 0x1e, 0x0f, 0x1f, 0x80, 0x00, 0x00, 0x00, 0x00,
  0xf2, 0x0f, 0x10, 0x14, 0xc1, 0xf2, 0x42, 0x0f, 0x10, 0x04, 0xd1, 0x49,
  0x83, 0xc6, 0x01, 0x66, 0x0f, 0x28, 0xc8, 0xf2, 0x0f, 0x5c, 0xc2, 0xf2,
  0x0f, 0x58, 0xca, 0xf2, 0x0f, 0x10, 0x11, 0xf2, 0x0f, 0x59, 0xc4, 0x66,
  0x0f, 0x28, 0xda, 0xf2, 0x0f, 0x59, 0xcd, 0xf2, 0x0f, 0x5c, 0xd0, 0xf2,
  0x0f, 0x58, 0xd8, 0xf2, 0x42, 0x0f, 0x10, 0x04, 0xc9, 0x4c, 0x01, 0xd9,
  0xf2, 0x0f, 0x11, 0x5a, 0xf8, 0xf2, 0x42, 0x0f, 0x11, 0x54, 0x02, 0xf8,
  0x66, 0x0f, 0x28, 0xd0, 0xf2, 0x0f, 0x58, 0xd1, 0xf2, 0x0f, 0x5c, 0xc8,
  0xf2, 0x42, 0x0f, 0x11, 0x14, 0x02, 0xf2, 0x0f, 0x11, 0x0a, 0x4c, 0x01,
  0xea, 0x4d, 0x39, 0xfe, 0x75, 0x9a, 0x48, 0x83, 0xfd, 0x02, 0x0f, 0x86,
  0x86, 0xfe, 0xff, 0xff, 0x4c, 0x8b, 0x54, 0x24, 0xd8, 0x4c, 0x8b, 0x4c,
  0x24, 0xd0, 0x4d, 0x89, 0xfb, 0x48, 0x89, 0xe8, 0x48, 0xc1, 0xe0, 0x05,
  0x48, 0x89, 0xe9, 0x49, 0xc1, 0xe4, 0x04, 0x4c, 0x89, 0x7c, 0x24, 0xd8,
  0x48, 0xc1, 0xe1, 0x04, 0x4c, 0x8d, 0x04, 0x06, 0x49, 0x01, 0xdc, 0x49,
  0x89, 0xc7, 0x4c, 0x8d, 0x34, 0xed, 0x00, 0x00, 0x00, 0x00, 0x48, 0x01,
  0xf1, 0x48, 0xc7, 0x44, 0x24, 0xd0, 0x00, 0x00, 0x00, 0x00, 0x4d, 0x0f,
  0xaf, 0xde, 0x4e, 0x8d, 0x2c, 0x33, 0x4d, 0x0f, 0xaf, 0xd6, 0x4d, 0x0f,
  0xaf, 0xce, 0x49, 0x01, 0xfb, 0x49, 0x01, 0xfa, 0x49, 0x01, 0xf9, 0x0f,
  0x1f, 0x44, 0x00, 0x00, 0x31, 0xd2, 0xb8, 0x02, 0x00, 0x00, 0x00, 0x90,
  0xf2, 0x0f, 0x10, 0x54, 0xc3, 0xf8, 0xf2, 0x0f, 0x10, 0x44, 0xc3, 0xf0,
  0xf2, 0x41, 0x0f, 0x10, 0x1c, 0xc3, 0xf2, 0x41, 0x0f, 0x10, 0x4c, 0xc3,
  0xf8, 0x66, 0x0f, 0x28, 0xe8, 0x66, 0x0f, 0x28, 0xe2, 0xf2, 0x41, 0x0f,
  0x10, 0x74, 0xc5, 0xe8, 0xf2, 0x45, 0x0f, 0x10, 0x04, 0xc1, 0xf2, 0x0f,
  0x59, 0xe9, 0xf2, 0x0f, 0x59, 0xe3, 0x66, 0x0f, 0x28, 0xfe, 0xf2, 0x0f,
  0x59, 0xca, 0xf2, 0x41, 0x0f, 0x10, 0x54, 0xc5, 0xf0, 0xf2, 0x0f, 0x59,
  0xc3, 0x66, 0x0f, 0x28, 0xda, 0xf2, 0x0f, 0x58, 0xe5, 0xf2, 0x41, 0x0f,
  0x10, 0x2c, 0xc2, 0xf2, 0x0f, 0x5c, 0xc1, 0xf2, 0x41, 0x0f, 0x10, 0x4c,
  0xc2, 0xf8, 0xf2, 0x0f, 0x59, 0xdd, 0xf2, 0x0f, 0x59, 0xf5, 0xf2, 0x41,
  0x0f, 0x10, 0x6c, 0xc1, 0xf8, 0xf2, 0x0f, 0x59, 0xf9, 0xf2, 0x0f, 0x59,
  0xca, 0xf2, 0x41, 0x0f, 0x10, 0x54, 0xc4, 0xf0, 0xf2, 0x0f, 0x58, 0xdf,
  0xf2, 0x41, 0x0f, 0x10, 0x7c, 0xc4, 0xf8, 0xf2, 0x0f, 0x5c, 0xf1, 0x66,
  0x0f, 0x28, 0xca, 0xf2, 0x0f, 0x59, 0xcd, 0x66, 0x44, 0x0f, 0x28, 0xcf,
  0xf2, 0x45, 0x0f, 0x59, 0xc8, 0xf2, 0x0f, 0x59, 0xef, 0xf2, 0x41, 0x0f,
  0x59, 0xd0, 0x66, 0x44, 0x0f, 0x28, 0xc4, 0xf2, 0x41, 0x0f, 0x58, 0xc9,
  0xf2, 0x0f, 0x5c, 0xd5, 0xf2, 0x44, 0x0f, 0x58, 0xc1, 0xf2, 0x0f, 0x5c,
  0xcc, 0x66, 0x0f, 0x28, 0xe0, 0xf2, 0x0f, 0x58, 0xe2, 0xf2, 0x0f, 0x5c,
  0xc2, 0xf2, 0x0f, 0x10, 0x54, 0xc7, 0xf8, 0x66, 0x0f, 0x28, 0xea, 0xf2,
  0x0f, 0x5c, 0xd3, 0xf2, 0x0f, 0x58, 0xeb, 0xf2, 0x0f, 0x10, 0x1c, 0xc7,
  0x66, 0x0f, 0x28, 0xfb, 0xf2, 0x0f, 0x5c, 0xde, 0xf2, 0x0f, 0x58, 0xfe,
  0x66, 0x41, 0x0f, 0x28, 0xf0, 0xf2, 0x0f, 0x58, 0xf5, 0xf2, 0x41, 0x0f,
  0x5c, 0xe8, 0xf2, 0x0f, 0x11, 0x74, 0xc6, 0xf8, 0xf2, 0x41, 0x0f, 0x11,
  0x6c, 0x10, 0xe8, 0x66, 0x0f, 0x28, 0xec, 0xf2, 0x0f, 0x5c, 0xe7, 0xf2,
  0x0f, 0x58, 0xef, 0xf2, 0x0f, 0x11, 0x2c, 0xc6, 0xf2, 0x41, 0x0f, 0x11,
  0x64, 0x10, 0xf0, 0x66, 0x0f, 0x28, 0xe0, 0xf2, 0x0f, 0x58, 0xe2, 0xf2,
  0x0f, 0x5c, 0xd0, 0x66, 0x0f, 0x28, 0xc1, 0xf2, 0x0f, 0x58, 0xc3, 0xf2,
  0x0f, 0x5c, 0xcb, 0xf2, 0x0f, 0x11, 0x64, 0xc1, 0xf8, 0xf2, 0x0f, 0x11,
  0x54, 0x11, 0xe8, 0xf2, 0x0f, 0x11, 0x04, 0xc1, 0x48, 0x83, 0xc0, 0x02,
  0xf2, 0x0f, 0x11, 0x4c, 0x11, 0xf0, 0x48, 0x83, 0xea, 0x10, 0x48, 0x39,
  0xc5, 0x0f, 0x87, 0x9d, 0xfe, 0xff, 0xff, 0x48, 0x83, 0x44, 0x24, 0xd0,
  0x01, 0x4d, 0x01, 0xf3, 0x4d, 0x01, 0xf2, 0x4d, 0x01, 0xf1, 0x48, 0x8b,
  0x44, 0x24, 0xd0, 0x4c, 0x01, 0xf7, 0x4c, 0x01, 0xfe, 0x4d, 0x01, 0xf8,
  0x4c, 0x01, 0xf9, 0x48, 0x39, 0x44, 0x24, 0xd8, 0x0f, 0x87, 0x6a, 0xfe,
  0xff, 0xff, 0x5b, 0x5d, 0x41, 0x5c, 0x41, 0x5d, 0x41, 0x5e, 0x41, 0x5f,
  0xc3, 0x48, 0x83, 0xfd, 0x02, 0x0f, 0x86, 0x7b, 0xfc, 0xff, 0xff, 0x4f,
  0x8d, 0x14, 0x3f, 0x4c, 0x8d, 0x65, 0xff, 0x4b, 0x8d, 0x04, 0x3a, 0x4c,
  0x89, 0x54, 0x24, 0xd8, 0x48, 0x89, 0x44, 0x24, 0xd0, 0xe9, 0xda, 0xfd,
  0xff, 0xff, 0x31, 0xd2, 0xe9, 0xff, 0xfb, 0xff, 0xff, 0x66, 0x66, 0x2e,
  0x0f, 0x1f, 0x84, 0x00, 0x00, 0x00, 0x00, 0x00, 0x41, 0x57, 0x41, 0x56,
  0x41, 0x55, 0x41, 0x54, 0x55, 0x53, 0x48, 0x89, 0x74, 0x24, 0xa0, 0x48,
  0x85, 0xf6, 0x0f, 0x84, 0x3e, 0x01, 0x00, 0x00, 0x48, 0x8d, 0x1c, 0x36,
  0x48, 0x89, 0xfd, 0x49, 0x89, 0xd1, 0x48, 0x89, 0xcf, 0x48, 0x89, 0x5c,
  0x24, 0xb0, 0x48, 0x01, 0xf3, 0x4c, 0x8d, 0x14, 0xb5, 0x00, 0x00, 0x00,
  0x00, 0x48, 0x89, 0x5c, 0x24, 0x98, 0x48, 0x83, 0xfd, 0x01, 0x0f, 0x85,
  0x1d, 0x01, 0x00, 0x00, 0x48, 0x89, 0xf0, 0x48, 0x89, 0xf3, 0x4c, 0x8b,
  0x44, 0x24, 0x98, 0x4c, 0x8b, 0x5c, 0x24, 0xb0, 0x48, 0xc1, 0xe0, 0x05,
  0x4c, 0x29, 0xd3, 0xf2, 0x44, 0x0f, 0x10, 0x25, 0xec, 0xbd, 0x00, 0x00,
  0xf2, 0x44, 0x0f, 0x10, 0x1d, 0xeb, 0xbd, 0x00, 0x00, 0x48, 0x01, 0xd0,
  0x49, 0x8d, 0x14, 0x32, 0x4d, 0x29, 0xd0, 0x4d, 0x29, 0xd3, 0x49, 0x8d,
  0x0c, 0xd1, 0x48, 0x89, 0xf2, 0xf2, 0x44, 0x0f, 0x10, 0x15, 0xd6, 0xbd,
  0x00, 0x00, 0xf2, 0x0f, 0x10, 0x2d, 0xd6, 0xbd, 0x00, 0x00, 0x48, 0xf7,
  0xda, 0x48, 0x89, 0xde, 0x48, 0xc1, 0xe2, 0x05, 0x0f, 0x1f, 0x40, 0x00,
  0xf2, 0x0f, 0x10, 0x14, 0xf0, 0xf2, 0x0f, 0x10, 0x00, 0x48, 0x83, 0xc7,
  0x28, 0xf2, 0x42, 0x0f, 0x10, 0x24, 0xd8, 0xf2, 0x0f, 0x10, 0x34, 0x10,
  0x66, 0x0f, 0x28, 0xca, 0xf2, 0x0f, 0x58, 0xc8, 0xf2, 0x0f, 0x5c, 0xc2,
  0xf2, 0x42, 0x0f, 0x10, 0x14, 0xc0, 0x66, 0x0f, 0x28, 0xdc, 0x48, 0x83,
  0xc0, 0x08, 0xf2, 0x0f, 0x58, 0xda, 0xf2, 0x0f, 0x5c, 0xd4, 0x66, 0x0f,
  0x28, 0xe6, 0xf2, 0x0f, 0x58, 0xe1, 0x66, 0x0f, 0x28, 0xfb, 0xf2, 0x0f,
  0x58, 0xe3, 0xf2, 0x41, 0x0f, 0x59, 0xfb, 0xf2, 0x41, 0x0f, 0x59, 0xdc,
  0xf2, 0x0f, 0x11, 0x67, 0xd8, 0x66, 0x0f, 0x28, 0xe1, 0xf2, 0x41, 0x0f,
  0x59, 0xe4, 0xf2, 0x41, 0x0f, 0x59, 0xcb, 0xf2, 0x0f, 0x58, 0xe6, 0xf2,
  0x0f, 0x58, 0xce, 0xf2, 0x0f, 0x58, 0xe7, 0x66, 0x0f, 0x28, 0xf8, 0xf2,
  0x0f, 0x59, 0xfd, 0xf2, 0x0f, 0x58, 0xcb, 0xf2, 0x41, 0x0f, 0x59, 0xc2,
  0xf2, 0x0f, 0x11, 0x67, 0xe0, 0x66, 0x0f, 0x28, 0xe2, 0xf2, 0x41, 0x0f,
  0x59, 0xe2, 0xf2, 0x0f, 0x11, 0x4f, 0xf0, 0xf2, 0x0f, 0x59, 0xd5, 0xf2,
  0x0f, 0x58, 0xe7, 0xf2, 0x0f, 0x5c, 0xc2, 0xf2, 0x0f, 0x11, 0x67, 0xe8,
  0xf2, 0x0f, 0x11, 0x47, 0xf8, 0x48, 0x39, 0xc1, 0x0f, 0x85, 0x4a, 0xff,
  0xff, 0xff, 0x5b, 0x5d, 0x41, 0x5c, 0x41, 0x5d, 0x41, 0x5e, 0x41, 0x5f,
  0xc3, 0x49, 0x89, 0xef, 0x48, 0x8d, 0x5c, 0xad, 0x00, 0x49, 0x89, 0xf3,
  0x48, 0x89, 0xee, 0x4c, 0x8d, 0x34, 0xed, 0x00, 0x00, 0x00, 0x00, 0x49,
  0xc1, 0xe7, 0x04, 0x48, 0xc1, 0xe6, 0x05, 0x4d, 0x89, 0xc4, 0x4c, 0x89,
  0xf2, 0x48, 0x8d, 0x0c, 0xdd, 0x00, 0x00, 0x00, 0x00, 0x4c, 0x8d, 0x6e,
  0xf8, 0x48, 0x29, 0xea, 0x48, 0xc1, 0xe2, 0x03, 0x49, 0x39, 0xcf, 0x41,
  0x0f, 0x95, 0xc0, 0x48, 0x39, 0xf2, 0x0f, 0x95, 0xc0, 0x44, 0x21, 0xc0,
  0x48, 0x39, 0xf1, 0x41, 0x0f, 0x95, 0xc0, 0x44, 0x21, 0xc0, 0x4d, 0x8d,
  0x43, 0xff, 0x4d, 0x8d, 0x5f, 0xf8, 0x49, 0x83, 0xf8, 0x03, 0x41, 0x0f,
  0x97, 0xc0, 0x44, 0x21, 0xc0, 0x4d, 0x89, 0xf8, 0x49, 0x29, 0xd0, 0x49,
  0x83, 0xf8, 0xf8, 0x41, 0x0f, 0x95, 0xc0, 0x44, 0x21, 0xc0, 0x49, 0x89,
  0xf0, 0x49, 0x29, 0xd0, 0x49, 0x83, 0xf8, 0xf8, 0x41, 0x0f, 0x95, 0xc0,
  0x44, 0x21, 0xc0, 0x4d, 0x8d, 0x04, 0x2e, 0x49, 0xc1, 0xe0, 0x03, 0x4c,
  0x29, 0xc6, 0x48, 0x83, 0xfe, 0xf8, 0x40, 0x0f, 0x95, 0xc6, 0x21, 0xf0,
  0x49, 0x39, 0xcb, 0x40, 0x0f, 0x95, 0xc6, 0x21, 0xf0, 0x4c, 0x39, 0xea,
  0x0f, 0x95, 0xc2, 0x84, 0xd0, 0x0f, 0x84, 0xb8, 0x06, 0x00, 0x00, 0x4c,
  0x39, 0xe9, 0x0f, 0x84, 0xaf, 0x06, 0x00, 0x00, 0x48, 0x8b, 0x74, 0x24,
  0xa0, 0x49, 0x01, 0xfd, 0x48, 0xc1, 0xe3, 0x04, 0x49, 0x01, 0xfb, 0x4c,
  0x89, 0x54, 0x24, 0xe8, 0x66, 0x0f, 0x28, 0x3d, 0x08, 0xbb, 0x00, 0x00,
  0x48, 0x89, 0xf0, 0x4c, 0x89, 0x6c, 0x24, 0xc8, 0x49, 0x89, 0xfd, 0x66,
  0x0f, 0x28, 0x35, 0x05, 0xbb, 0x00, 0x00, 0x48, 0xd1, 0xe8, 0x48, 0x89,
  0x6c, 0x24, 0xf0, 0x66, 0x0f, 0x28, 0x2d, 0x05, 0xbb, 0x00, 0x00, 0x48,
  0x89, 0x44, 0x24, 0xc0, 0x4c, 0x89, 0xd0, 0x66, 0x0f, 0x28, 0x25, 0x05,
  0xbb, 0x00, 0x00, 0x48, 0xc7, 0x44, 0x24, 0xa8, 0x00, 0x00, 0x00, 0x00,
  0x49, 0x0f, 0xaf, 0xc6, 0x4c, 0x01, 0xc8, 0x48, 0x89, 0x44, 0x24, 0xe0,
  0x48, 0x89, 0xf0, 0x49, 0x0f, 0xaf, 0xc6, 0x49, 0x8d, 0x34, 0x01, 0x48,
  0x8b, 0x44, 0x24, 0x98, 0x48, 0x89, 0x74, 0x24, 0xd8, 0x48, 0x89, 0xde,
  0x4a, 0x8d, 0x1c, 0x3f, 0x49, 0x0f, 0xaf, 0xc6, 0x49, 0x8d, 0x14, 0x01,
  0x48, 0x8b, 0x44, 0x24, 0xb0, 0x48, 0x89, 0x54, 0x24, 0xd0, 0x4c, 0x89,
  0xf2, 0x48, 0x8b, 0x6c, 0x24, 0xd0, 0x49, 0x0f, 0xaf, 0xc6, 0x48, 0x89,
  0x7c, 0x24, 0xd0, 0x48, 0x8b, 0x7c, 0x24, 0xc8, 0x4c, 0x89, 0x64, 0x24,
  0xc8, 0x4c, 0x8b, 0x64, 0x24, 0xd8, 0x4c, 0x89, 0x74, 0x24, 0xd8, 0x4c,
  0x8b, 0x74, 0x24, 0xe0, 0x4d, 0x8d, 0x04, 0x01, 0x31, 0xc0, 0x4c, 0x89,
  0x44, 0x24, 0xb8, 0x4e, 0x8d, 0x04, 0x3b, 0x66, 0x0f, 0x1f, 0x84, 0x00,
  0x00, 0x00, 0x00, 0x00, 0xf2, 0x41, 0x0f, 0x10, 0x14, 0x04, 0xf2, 0x41,
  0x0f, 0x10, 0x0c, 0x06, 0x4c, 0x8b, 0x54, 0x24, 0xb8, 0xf2, 0x45, 0x0f,
  0x10, 0x0c, 0x01, 0x66, 0x41, 0x0f, 0x16, 0x14, 0x14, 0x66, 0x41, 0x0f,
  0x16, 0x0c, 0x16, 0x48, 0x83, 0x44, 0x24, 0xa8, 0x01, 0xf2, 0x41, 0x0f,
  0x10, 0x1c, 0x02, 0x66, 0x0f, 0x28, 0xc2, 0x66, 0x45, 0x0f, 0x16, 0x0c,
  0x11, 0x66, 0x0f, 0x58, 0xc1, 0x66, 0x0f, 0x5c, 0xca, 0xf2, 0x0f, 0x10,
  0x54, 0x05, 0x00, 0x4c, 0x01, 0xf8, 0x66, 0x41, 0x0f, 0x16, 0x1c, 0x12,
  0x4c, 0x8b, 0x54, 0x24, 0xa8, 0x66, 0x0f, 0x16, 0x54, 0x15, 0x00, 0x66,
  0x44, 0x0f, 0x28, 0xc3, 0x4c, 0x01, 0xfa, 0x66, 0x44, 0x0f, 0x58, 0xc2,
  0x66, 0x0f, 0x5c, 0xd3, 0x66, 0x41, 0x0f, 0x28, 0xd9, 0x66, 0x0f, 0x58,
  0xd8, 0x66, 0x45, 0x0f, 0x28, 0xd0, 0x66, 0x41, 0x0f, 0x58, 0xd8, 0x66,
  0x44, 0x0f, 0x59, 0xd6, 0x66, 0x44, 0x0f, 0x59, 0xc7, 0x66, 0x41, 0x0f,
  0x13, 0x5d, 0x00, 0x66, 0x41, 0x0f, 0x17, 0x5c, 0x0d, 0x00, 0x66, 0x0f,
  0x28, 0xd8, 0x49, 0x01, 0xf5, 0x66, 0x0f, 0x59, 0xdf, 0x66, 0x0f, 0x59,
  0xc6, 0x66, 0x41, 0x0f, 0x58, 0xd9, 0x66, 0x41, 0x0f, 0x58, 0xc1, 0x66,
  0x41, 0x0f, 0x58, 0xda, 0x66, 0x44, 0x0f, 0x28, 0xd1, 0x66, 0x44, 0x0f,
  0x59, 0xd4, 0x66, 0x41, 0x0f, 0x58, 0xc0, 0x66, 0x41, 0x0f, 0x13, 0x1b,
  0x66, 0x41, 0x0f, 0x17, 0x1c, 0x0b, 0x66, 0x0f, 0x28, 0xda, 0x49, 0x01,
  0xf3, 0x66, 0x0f, 0x59, 0xdd, 0x66, 0x0f, 0x59, 0xd4, 0x66, 0x41, 0x0f,
  0x58, 0xda, 0x66, 0x0f, 0x13, 0x1b, 0x66, 0x0f, 0x17, 0x1c, 0x0b, 0x48,
  0x01, 0xf3, 0x66, 0x0f, 0x13, 0x07, 0x66, 0x0f, 0x17, 0x04, 0x0f, 0x66,
  0x0f, 0x28, 0xc1, 0x48, 0x01, 0xf7, 0x66, 0x0f, 0x59, 0xc5, 0x66, 0x0f,
  0x5c, 0xc2, 0x66, 0x41, 0x0f, 0x13, 0x00, 0x66, 0x41, 0x0f, 0x17, 0x04,
  0x08, 0x49, 0x01, 0xf0, 0x4c, 0x3b, 0x54, 0x24, 0xc0, 0x0f, 0x85, 0xe1,
  0xfe, 0xff, 0xff, 0x48, 0x8b, 0x5c, 0x24, 0xa0, 0x4c, 0x8b, 0x54, 0x24,
  0xe8, 0x48, 0x8b, 0x6c, 0x24, 0xf0, 0x48, 0x8b, 0x7c, 0x24, 0xd0, 0x48,
  0x89, 0xda, 0x4c, 0x8b, 0x64, 0x24, 0xc8, 0x4c, 0x8b, 0x74, 0x24, 0xd8,
  0x48, 0x83, 0xe2, 0xfe, 0xf6, 0xc3, 0x01, 0x0f, 0x84, 0x13, 0x01, 0x00,
  0x00, 0x49, 0x8d, 0x04, 0x12, 0xf2, 0x0f, 0x10, 0x3d, 0x1f, 0xba, 0x00,
  0x00, 0xf2, 0x44, 0x0f, 0x10, 0x25, 0xfe, 0xb9, 0x00, 0x00, 0xf2, 0x44,
  0x0f, 0x10, 0x1d, 0xfd, 0xb9, 0x00, 0x00, 0x49, 0x0f, 0xaf, 0xc6, 0xf2,
  0x44, 0x0f, 0x10, 0x15, 0xf8, 0xb9, 0x00, 0x00, 0xf2, 0x41, 0x0f, 0x10,
  0x04, 0x01, 0x48, 0x8d, 0x04, 0x13, 0x49, 0x0f, 0xaf, 0xc6, 0xf2, 0x41,
  0x0f, 0x10, 0x14, 0x01, 0x48, 0x8b, 0x44, 0x24, 0x98, 0x48, 0x01, 0xd0,
  0x66, 0x0f, 0x28, 0xca, 0x48, 0x89, 0xc1, 0x48, 0x29, 0xd8, 0xf2, 0x0f,
  0x58, 0xc8, 0x49, 0x0f, 0xaf, 0xc6, 0xf2, 0x0f, 0x5c, 0xc2, 0x49, 0x0f,
  0xaf, 0xce, 0xf2, 0x41, 0x0f, 0x10, 0x24, 0x01, 0x48, 0x89, 0xe8, 0x48,
  0x0f, 0xaf, 0xc2, 0xf2, 0x41, 0x0f, 0x10, 0x14, 0x09, 0x66, 0x0f, 0x28,
  0xdc, 0xf2, 0x0f, 0x58, 0xda, 0xf2, 0x0f, 0x5c, 0xd4, 0xf2, 0x41, 0x0f,
  0x10, 0x2c, 0xc1, 0x48, 0x8d, 0x04, 0x80, 0x66, 0x0f, 0x28, 0xe5, 0x66,
  0x0f, 0x28, 0xf3, 0xf2, 0x0f, 0x58, 0xe1, 0xf2, 0x41, 0x0f, 0x59, 0xf3,
  0xf2, 0x0f, 0x58, 0xe3, 0xf2, 0x0f, 0x11, 0x24, 0xc7, 0x66, 0x0f, 0x28,
  0xe1, 0x48, 0x8d, 0x04, 0x92, 0xf2, 0x41, 0x0f, 0x59, 0xe4, 0x48, 0x8d,
  0x04, 0xc5, 0x10, 0x00, 0x00, 0x00, 0x48, 0x0f, 0xaf, 0xc5, 0xf2, 0x41,
  0x0f, 0x59, 0xcb, 0xf2, 0x44, 0x0f, 0x59, 0xe3, 0xf2, 0x0f, 0x58, 0xe5,
  0xf2, 0x0f, 0x58, 0xcd, 0xf2, 0x0f, 0x58, 0xe6, 0x66, 0x0f, 0x28, 0xf7,
  0xf2, 0x0f, 0x59, 0xf0, 0xf2, 0x41, 0x0f, 0x58, 0xcc, 0xf2, 0x41, 0x0f,
  0x59, 0xc2, 0xf2, 0x0f, 0x11, 0x64, 0x07, 0xf8, 0x66, 0x0f, 0x28, 0xe2,
  0xf2, 0x41, 0x0f, 0x59, 0xe2, 0xf2, 0x0f, 0x59, 0xd7, 0xf2, 0x0f, 0x58,
  0xe6, 0xf2, 0x0f, 0x5c, 0xc2, 0xf2, 0x0f, 0x11, 0x24, 0x07, 0x4c, 0x01,
  0xf8, 0xf2, 0x0f, 0x11, 0x4c, 0x07, 0xf8, 0xf2, 0x0f, 0x11, 0x04, 0x07,
  0x4c, 0x8d, 0x6d, 0xff, 0x48, 0x83, 0xfd, 0x02, 0x0f, 0x86, 0xf8, 0xfb,
  0xff, 0xff, 0x4c, 0x8b, 0x5c, 0x24, 0xb0, 0x4c, 0x8b, 0x44, 0x24, 0x98,
  0x49, 0x89, 0xee, 0x48, 0x8d, 0x14, 0xed, 0x00, 0x00, 0x00, 0x00, 0x48,
  0x8b, 0x5c, 0x24, 0xa0, 0x4c, 0x0f, 0xaf, 0xd2, 0x49, 0xc1, 0xe6, 0x04,
  0x4d, 0x8d, 0x3c, 0x14, 0x48, 0x8d, 0x44, 0xad, 0x00, 0x4a, 0x8d, 0x0c,
  0x37, 0x49, 0xc1, 0xe5, 0x04, 0xf2, 0x0f, 0x10, 0x2d, 0xcf, 0xb8, 0x00,
  0x00, 0x48, 0x0f, 0xaf, 0xda, 0x48, 0xc1, 0xe0, 0x03, 0x48, 0x89, 0x54,
  0x24, 0xa8, 0x4d, 0x01, 0xe5, 0x4c, 0x0f, 0xaf, 0xda, 0x48, 0x89, 0x44,
  0x24, 0xb0, 0x4a, 0x8d, 0x34, 0x31, 0x4d, 0x01, 0xca, 0x4c, 0x0f, 0xaf,
  0xc2, 0x4d, 0x01, 0xfe, 0x48, 0xc7, 0x44, 0x24, 0x98, 0x00, 0x00, 0x00,
  0x00, 0xf2, 0x44, 0x0f, 0x10, 0x25, 0x7e, 0xb8, 0x00, 0x00, 0xf2, 0x44,
  0x0f, 0x10, 0x1d, 0x7d, 0xb8, 0x00, 0x00, 0x4c, 0x01, 0xcb, 0xf2, 0x0f,
  0x11, 0x6c, 0x24, 0xb8, 0xf2, 0x44, 0x0f, 0x10, 0x15, 0x73, 0xb8, 0x00,
  0x00, 0x4d, 0x01, 0xcb, 0x4d, 0x01, 0xc8, 0x0f, 0x1f, 0x44, 0x00, 0x00,
  0xf2, 0x44, 0x0f, 0x10, 0x6c, 0x24, 0xb8, 0x31, 0xd2, 0xb8, 0x02, 0x00,
  0x00, 0x00, 0x66, 0x2e, 0x0f, 0x1f, 0x84, 0x00, 0x00, 0x00, 0x00, 0x00,
  0xf2, 0x41, 0x0f, 0x10, 0x54, 0xc4, 0xf8, 0xf2, 0x41, 0x0f, 0x10, 0x44,
  0xc4, 0xf0, 0xf2, 0x0f, 0x10, 0x1c, 0xc3, 0xf2, 0x0f, 0x10, 0x4c, 0xc3,
  0xf8, 0x66, 0x0f, 0x28, 0xe8, 0x66, 0x0f, 0x28, 0xe2, 0xf2, 0x41, 0x0f,
  0x10, 0x3c, 0xc0, 0xf2, 0x45, 0x0f, 0x10, 0x34, 0xc2, 0xf2, 0x0f, 0x59,
  0xe9, 0xf2, 0x0f, 0x59, 0xe3, 0xf2, 0x0f, 0x59, 0xca, 0xf2, 0x41, 0x0f,
  0x10, 0x54, 0xc7, 0xf0, 0xf2, 0x0f, 0x59, 0xc3, 0xf2, 0x41, 0x0f, 0x10,
  0x5c, 0xc7, 0xe8, 0x66, 0x0f, 0x28, 0xf2, 0x66, 0x44, 0x0f, 0x28, 0xcb,
  0xf2, 0x0f, 0x58, 0xe5, 0xf2, 0x41, 0x0f, 0x10, 0x2c, 0xc3, 0xf2, 0x0f,
  0x5c, 0xc1, 0xf2, 0x41, 0x0f, 0x10, 0x4c, 0xc3, 0xf8, 0xf2, 0x0f, 0x59,
  0xf5, 0xf2, 0x0f, 0x59, 0xdd, 0xf2, 0x44, 0x0f, 0x59, 0xc9, 0xf2, 0x0f,
  0x59, 0xca, 0xf2, 0x41, 0x0f, 0x10, 0x54, 0xc5, 0xf8, 0x66, 0x0f, 0x28,
  0xea, 0xf2, 0x0f, 0x59, 0xef, 0xf2, 0x44, 0x0f, 0x58, 0xce, 0xf2, 0x41,
  0x0f, 0x10, 0x74, 0xc5, 0xf0, 0xf2, 0x0f, 0x5c, 0xd9, 0xf2, 0x41, 0x0f,
  0x10, 0x4c, 0xc0, 0xf8, 0x66, 0x44, 0x0f, 0x28, 0xc6, 0xf2, 0x44, 0x0f,
  0x59, 0xc1, 0xf2, 0x0f, 0x59, 0xf7, 0xf2, 0x41, 0x0f, 0x10, 0x7c, 0xc6,
  0xd8, 0xf2, 0x0f, 0x59, 0xca, 0xf2, 0x41, 0x0f, 0x10, 0x54, 0xc2, 0xf8,
  0x66, 0x44, 0x0f, 0x28, 0xff, 0xf2, 0x44, 0x0f, 0x59, 0xfa, 0xf2, 0x41,
  0x0f, 0x58, 0xe8, 0xf2, 0x45, 0x0f, 0x10, 0x44, 0xc6, 0xe0, 0xf2, 0x41,
  0x0f, 0x59, 0xfe, 0xf2, 0x0f, 0x5c, 0xf1, 0xf2, 0x41, 0x0f, 0x59, 0xd0,
  0x66, 0x41, 0x0f, 0x28, 0xc8, 0xf2, 0x41, 0x0f, 0x59, 0xce, 0xf2, 0x45,
  0x0f, 0x10, 0x74, 0xc1, 0xf8, 0x66, 0x45, 0x0f, 0x28, 0xc1, 0xf2, 0x44,
  0x0f, 0x58, 0xc5, 0xf2, 0x41, 0x0f, 0x5c, 0xe9, 0xf2, 0x0f, 0x5c, 0xfa,
  0x66, 0x0f, 0x28, 0xd4, 0x66, 0x45, 0x0f, 0x28, 0xc8, 0xf2, 0x41, 0x0f,
  0x58, 0xcf, 0xf2, 0x45, 0x0f, 0x59, 0xcb, 0xf2, 0x0f, 0x58, 0xd1, 0xf2,
  0x0f, 0x5c, 0xcc, 0x66, 0x0f, 0x28, 0xe0, 0xf2, 0x0f, 0x58, 0xe7, 0xf2,
  0x0f, 0x5c, 0xc7, 0x66, 0x0f, 0x28, 0xfb, 0xf2, 0x0f, 0x58, 0xfe, 0xf2,
  0x0f, 0x5c, 0xde, 0x66, 0x41, 0x0f, 0x28, 0xf6, 0xf2, 0x0f, 0x58, 0xf2,
  0x66, 0x44, 0x0f, 0x28, 0xfc, 0xf2, 0x45, 0x0f, 0x59, 0xfc, 0xf2, 0x41,
  0x0f, 0x58, 0xf0, 0xf2, 0x45, 0x0f, 0x58, 0x3c, 0xc1, 0xf2, 0x45, 0x0f,
  0x59, 0xc4, 0xf2, 0x0f, 0x11, 0x74, 0xc7, 0xf8, 0xf2, 0x41, 0x0f, 0x10,
  0x34, 0xc1, 0xf2, 0x0f, 0x58, 0xf4, 0xf2, 0x41, 0x0f, 0x59, 0xe3, 0xf2,
  0x41, 0x0f, 0x58, 0x24, 0xc1, 0xf2, 0x0f, 0x58, 0xf7, 0xf2, 0x0f, 0x11,
  0x34, 0xc7, 0x66, 0x0f, 0x28, 0xf2, 0xf2, 0x41, 0x0f, 0x59, 0xf4, 0xf2,
  0x41, 0x0f, 0x59, 0xd3, 0xf2, 0x41, 0x0f, 0x58, 0xf6, 0xf2, 0x44, 0x0f,
  0x58, 0xf2, 0x66, 0x0f, 0x28, 0xd3, 0xf2, 0x41, 0x0f, 0x59, 0xd2, 0xf2,
  0x41, 0x0f, 0x58, 0xf1, 0xf2, 0x41, 0x0f, 0x59, 0xdd, 0x66, 0x44, 0x0f,
  0x28, 0xcf, 0xf2, 0x41, 0x0f, 0x59, 0xfc, 0xf2, 0x45, 0x0f, 0x58, 0xc6,
  0xf2, 0x45, 0x0f, 0x59, 0xcb, 0xf2, 0x0f, 0x58, 0xfc, 0x66, 0x0f, 0x28,
  0xe0, 0xf2, 0x41, 0x0f, 0x59, 0xe5, 0xf2, 0x45, 0x0f, 0x58, 0xcf, 0xf2,
  0x41, 0x0f, 0x59, 0xc2, 0xf2, 0x0f, 0x58, 0xe2, 0x66, 0x0f, 0x28, 0xd5,
  0xf2, 0x0f, 0x5c, 0xc3, 0xf2, 0x41, 0x0f, 0x59, 0xd2, 0x66, 0x0f, 0x28,
  0xd9, 0xf2, 0x41, 0x0f, 0x59, 0xdd, 0xf2, 0x41, 0x0f, 0x59, 0xca, 0xf2,
  0x41, 0x0f, 0x59, 0xed, 0xf2, 0x0f, 0x58, 0xd3, 0x66, 0x0f, 0x28, 0xde,
  0xf2, 0x0f, 0x5c, 0xf4, 0xf2, 0x0f, 0x58, 0xdc, 0xf2, 0x0f, 0x5c, 0xcd,
  0xf2, 0x0f, 0x11, 0x5c, 0xc1, 0xf8, 0x66, 0x41, 0x0f, 0x28, 0xd9, 0xf2,
  0x0f, 0x58, 0xda, 0xf2, 0x41, 0x0f, 0x5c, 0xd1, 0xf2, 0x0f, 0x11, 0x74,
  0x11, 0xe8, 0xf2, 0x0f, 0x11, 0x1c, 0xc1, 0xf2, 0x0f, 0x11, 0x54, 0x11,
  0xf0, 0x66, 0x41, 0x0f, 0x28, 0xd0, 0xf2, 0x44, 0x0f, 0x5c, 0xc0, 0xf2,
  0x0f, 0x58, 0xd0, 0x66, 0x0f, 0x28, 0xc7, 0xf2, 0x0f, 0x58, 0xc1, 0xf2,
  0x0f, 0x5c, 0xcf, 0xf2, 0x0f, 0x11, 0x54, 0xc6, 0xf8, 0xf2, 0x44, 0x0f,
  0x11, 0x44, 0x16, 0xe8, 0xf2, 0x0f, 0x11, 0x04, 0xc6, 0x48, 0x83, 0xc0,
  0x02, 0xf2, 0x0f, 0x11, 0x4c, 0x16, 0xf0, 0x48, 0x83, 0xea, 0x10, 0x48,
  0x39, 0xc5, 0x0f, 0x87, 0x88, 0xfd, 0xff, 0xff, 0x48, 0x8b, 0x44, 0x24,
  0xa8, 0x48, 0x83, 0x44, 0x24, 0x98, 0x01, 0x48, 0x8b, 0x54, 0x24, 0x98,
  0x48, 0x01, 0xc3, 0x49, 0x01, 0xc3, 0x49, 0x01, 0xc0, 0x49, 0x01, 0xc2,
  0x49, 0x01, 0xc1, 0x48, 0x8b, 0x44, 0x24, 0xb0, 0x48, 0x01, 0xc7, 0x48,
  0x01, 0xc1, 0x48, 0x01, 0xc6, 0x48, 0x39, 0x54, 0x24, 0xa0, 0x0f, 0x85,
  0x38, 0xfd, 0xff, 0xff, 0x5b, 0x5d, 0x41, 0x5c, 0x41, 0x5d, 0x41, 0x5e,
  0x41, 0x5f, 0xc3, 0x4c, 0x8b, 0x44, 0x24, 0xa0, 0x48, 0x8b, 0x5c, 0x24,
  0x98, 0x48, 0x89, 0xee, 0x4d, 0x89, 0xd3, 0x4c, 0x8b, 0x6c, 0x24, 0xb0,
  0x48, 0xf7, 0xde, 0x4c, 0x0f, 0xaf, 0xdd, 0x4c, 0x89, 0xca, 0x48, 0xc1,
  0xe6, 0x04, 0x4c, 0x0f, 0xaf, 0xc5, 0x4c, 0x89, 0x54, 0x24, 0xb8, 0xf2,
  0x44, 0x0f, 0x10, 0x25, 0x50, 0xb5, 0x00, 0x00, 0x48, 0x0f, 0xaf, 0xdd,
  0x48, 0x89, 0x74, 0x24, 0xa8, 0x31, 0xf6, 0xf2, 0x44, 0x0f, 0x10, 0x1d,
  0x44, 0xb5, 0x00, 0x00, 0x4c, 0x0f, 0xaf, 0xed, 0x4c, 0x8b, 0x54, 0x24,
  0xa8, 0x4a, 0x8d, 0x04, 0x3f, 0xf2, 0x44, 0x0f, 0x10, 0x15, 0x36, 0xb5,
  0x00, 0x00, 0xf2, 0x0f, 0x10, 0x2d, 0x36, 0xb5, 0x00, 0x00, 0x4c, 0x8d,
  0x34, 0xed, 0x00, 0x00, 0x00, 0x00, 0xf2, 0x42, 0x0f, 0x10, 0x14, 0xc2,
  0xf2, 0x42, 0x0f, 0x10, 0x04, 0xda, 0x48, 0x83, 0xc6, 0x01, 0xf2, 0x42,
  0x0f, 0x10, 0x24, 0xea, 0xf2, 0x0f, 0x10, 0x32, 0x66, 0x0f, 0x28, 0xca,
  0xf2, 0x0f, 0x58, 0xc8, 0xf2, 0x0f, 0x5c, 0xc2, 0xf2, 0x0f, 0x10, 0x14,
  0xda, 0x66, 0x0f, 0x28, 0xdc, 0x4c, 0x01, 0xf2, 0xf2, 0x0f, 0x58, 0xda,
  0xf2, 0x0f, 0x5c, 0xd4, 0x66, 0x0f, 0x28, 0xe6, 0xf2, 0x0f, 0x58, 0xe1,
  0x66, 0x0f, 0x28, 0xfb, 0xf2, 0x0f, 0x58, 0xe3, 0xf2, 0x41, 0x0f, 0x59,
  0xfb, 0xf2, 0x41, 0x0f, 0x59, 0xdc, 0xf2, 0x42, 0x0f, 0x11, 0x24, 0x10,
  0x66, 0x0f, 0x28, 0xe1, 0xf2, 0x41, 0x0f, 0x59, 0xe4, 0xf2, 0x41, 0x0f,
  0x59, 0xcb, 0xf2, 0x0f, 0x58, 0xe6, 0xf2, 0x0f, 0x58, 0xce, 0xf2, 0x0f,
  0x58, 0xe7, 0x66, 0x0f, 0x28, 0xf8, 0xf2, 0x0f, 0x59, 0xfd, 0xf2, 0x0f,
  0x58, 0xcb, 0xf2, 0x41, 0x0f, 0x59, 0xc2, 0xf2, 0x0f, 0x11, 0x60, 0xf8,
  0x66, 0x0f, 0x28, 0xe2, 0xf2, 0x41, 0x0f, 0x59, 0xe2, 0xf2, 0x0f, 0x59,
  0xd5, 0xf2, 0x0f, 0x58, 0xe7, 0xf2, 0x0f, 0x5c, 0xc2, 0xf2, 0x0f, 0x11,
  0x20, 0xf2, 0x42, 0x0f, 0x11, 0x4c, 0x38, 0xf8, 0xf2, 0x42, 0x0f, 0x11,
  0x04, 0x38, 0x48, 0x01, 0xc8, 0x48, 0x39, 0x74, 0x24, 0xa0, 0x0f, 0x85,
  0x42, 0xff, 0xff, 0xff, 0x4c, 0x8b, 0x54, 0x24, 0xb8, 0xe9, 0x4e, 0xfb,
  0xff, 0xff, 0x66, 0x66, 0x2e, 0x0f, 0x1f, 0x84, 0x00, 0x00, 0x00, 0x00,
  0x00, 0x0f, 0x1f, 0x00, 0x41, 0x57, 0x48, 0x8d, 0x46, 0x01, 0x49, 0x89,
  0xcf, 0x41, 0x56, 0x48, 0xd1, 0xe8, 0x41, 0x55, 0x41, 0x54, 0x55, 0x53,
  0x48, 0x89, 0xf3, 0x48, 0x83, 0xeb, 0x01, 0x48, 0x81, 0xec, 0x28, 0x02,
  0x00, 0x00, 0x48, 0x89, 0x7c, 0x24, 0x60, 0x48, 0x89, 0x74, 0x24, 0x68,
  0x48, 0x89, 0xc6, 0x48, 0x89, 0x84, 0x24, 0x10, 0x01, 0x00, 0x00, 0x48,
  0x89, 0xf8, 0x48, 0x0f, 0xaf, 0xfa, 0x48, 0x89, 0x94, 0x24, 0xa0, 0x00,
  0x00, 0x00, 0x4c, 0x89, 0x84, 0x24, 0xe8, 0x00, 0x00, 0x00, 0x4c, 0x89,
  0x8c, 0x24, 0x00, 0x01, 0x00, 0x00, 0x48, 0x89, 0x7c, 0x24, 0x18, 0x48,
  0x89, 0x9c, 0x24, 0xc8, 0x01, 0x00, 0x00, 0x48, 0x83, 0xf8, 0x01, 0x0f,
  0x86, 0x20, 0x1c, 0x00, 0x00, 0x48, 0x83, 0xfe, 0x01, 0x0f, 0x86, 0x43,
  0x23, 0x00, 0x00, 0x48, 0x8d, 0x58, 0xfe, 0x48, 0x83, 0xe8, 0x01, 0x48,
  0x89, 0x5c, 0x24, 0x70, 0x48, 0x89, 0x84, 0x24, 0xf8, 0x00, 0x00, 0x00,
  0x48, 0x85, 0xd2, 0x0f, 0x84, 0xf9, 0x06, 0x00, 0x00, 0x48, 0x85, 0xdb,
  0x0f, 0x84, 0x52, 0x23, 0x00, 0x00, 0x48, 0x8b, 0x54, 0x24, 0x68, 0x48,
  0x8d, 0x34, 0x00, 0x49, 0x89, 0xc4, 0x48, 0x8b, 0x4c, 0x24, 0x60, 0x48,
  0x8d, 0x1c, 0xc5, 0x00, 0x00, 0x00, 0x00, 0x48, 0xf7, 0xd8, 0x48, 0x89,
  0xb4, 0x24, 0x08, 0x01, 0x00, 0x00, 0x48, 0x8b, 0xb4, 0x24, 0x00, 0x01,
  0x00, 0x00, 0x48, 0x8d, 0x7a, 0xfe, 0x48, 0xc1, 0xe0, 0x03, 0x48, 0x89,
  0x9c, 0x24, 0x28, 0x01, 0x00, 0x00, 0x4c, 0x8b, 0x9c, 0x24, 0xc8, 0x01,
  0x00, 0x00, 0x48, 0x89, 0x84, 0x24, 0x40, 0x01, 0x00, 0x00, 0x48, 0x89,
  0xf8, 0x4c, 0x0f, 0xaf, 0xe7, 0x48, 0x2b, 0x94, 0x24, 0x10, 0x01, 0x00,
  0x00, 0x48, 0x0f, 0xaf, 0xc3, 0x49, 0x89, 0xf6, 0x48, 0x8b, 0x5c, 0x24,
  0x18, 0x48, 0x89, 0xbc, 0x24, 0x58, 0x01, 0x00, 0x00, 0x48, 0x89, 0x94,
  0x24, 0x38, 0x01, 0x00, 0x00, 0x4c, 0x89, 0xa4, 0x24, 0xd8, 0x00, 0x00,
  0x00, 0x48, 0x8d, 0x2c, 0x06, 0x48, 0x89, 0xd8, 0x48, 0xc7, 0x84, 0x24,
  0xd0, 0x00, 0x00, 0x00, 0x00, 0x00, 0x00, 0x00, 0x48, 0xf7, 0xd8, 0x48,
  0x89, 0x9c, 0x24, 0xf0, 0x00, 0x00, 0x00, 0x48, 0xc1, 0xe0, 0x03, 0x4c,
  0x89, 0x9c, 0x24, 0xc8, 0x00, 0x00, 0x00, 0x48, 0x89, 0x84, 0x24, 0x48,
  0x01, 0x00, 0x00, 0x48, 0x89, 0xd8, 0x49, 0x0f, 0xaf, 0xc3, 0x48, 0x8d,
  0x04, 0xc5, 0x08, 0x00, 0x00, 0x00, 0x48, 0x89, 0x84, 0x24, 0xe0, 0x00,
  0x00, 0x00, 0x48, 0x8b, 0x84, 0x24, 0xa0, 0x00, 0x00, 0x00, 0x48, 0x01,
  0xc0, 0x48, 0xf7, 0xd8, 0x48, 0x0f, 0xaf, 0xc1, 0x48, 0x89, 0x84, 0x24,
  0x30, 0x01, 0x00, 0x00, 0x48, 0x89, 0xd8, 0x4c, 0x89, 0xe3, 0x48, 0x0f,
  0xaf, 0xc7, 0x48, 0x8d, 0x79, 0xfd, 0x48, 0x89, 0x7c, 0x24, 0x30, 0x48,
  0x89, 0x44, 0x24, 0x28, 0x48, 0x8d, 0x04, 0xcd, 0x00, 0x00, 0x00, 0x00,
  0x48, 0x89, 0x44, 0x24, 0x38, 0x48, 0x89, 0xf8, 0x48, 0x83, 0xe7, 0xfe,
  0x48, 0xc1, 0xe8, 0x02, 0x48, 0x89, 0xbc, 0x24, 0x20, 0x01, 0x00, 0x00,
  0x49, 0x89, 0xc5, 0x48, 0xc1, 0xe0, 0x02, 0x48, 0x8d, 0x50, 0x01, 0x48,
  0x89, 0x84, 0x24, 0x18, 0x01, 0x00, 0x00, 0x48, 0x83, 0xc0, 0x03, 0x49,
  0xc1, 0xe5, 0x05, 0x48, 0x89, 0x84, 0x24, 0xa8, 0x00, 0x00, 0x00, 0x48,
  0x8d, 0x46, 0x10, 0x4d, 0x89, 0xeb, 0x48, 0x89, 0x84, 0x24, 0x50, 0x01,
  0x00, 0x00, 0x49, 0x8d, 0x47, 0x08, 0x48, 0x89, 0x94, 0x24, 0x98, 0x00,
  0x00, 0x00, 0x48, 0x89, 0x84, 0x24, 0xb0, 0x00, 0x00, 0x00, 0x48, 0x8b,
  0x84, 0x24, 0x18, 0x01, 0x00, 0x00, 0x4d, 0x89, 0xda, 0x48, 0x8b, 0xb4,
  0x24, 0xd0, 0x00, 0x00, 0x00, 0x48, 0xc7, 0x04, 0x24, 0x00, 0x00, 0x00,
  0x00, 0x48, 0x8b, 0xbc, 0x24, 0x00, 0x01, 0x00, 0x00, 0x4c, 0x8b, 0xa4,
  0x24, 0xf0, 0x00, 0x00, 0x00, 0x48, 0x83, 0xac, 0x24, 0xc8, 0x00, 0x00,
  0x00, 0x01, 0x48, 0x89, 0xc1, 0x48, 0x03, 0x84, 0x24, 0xd8, 0x00, 0x00,
  0x00, 0x48, 0x01, 0xf1, 0x48, 0xc1, 0xe0, 0x03, 0x4a, 0x8d, 0x14, 0xe5,
  0x08, 0x00, 0x00, 0x00, 0x4d, 0x89, 0xe3, 0x48, 0xc1, 0xe1, 0x03, 0x4c,
  0x8d, 0x04, 0x0f, 0x4c, 0x89, 0x44, 0x24, 0x48, 0x4c, 0x8d, 0x44, 0x0f,
  0x08, 0x4c, 0x89, 0x44, 0x24, 0x58, 0x4c, 0x8d, 0x04, 0x07, 0x4c, 0x89,
  0x44, 0x24, 0x50, 0x4c, 0x8d, 0x44, 0x07, 0x08, 0x4c, 0x89, 0x44, 0x24,
  0x40, 0x4c, 0x8d, 0x44, 0x0f, 0x10, 0x48, 0x8d, 0x4c, 0x0f, 0x18, 0x48,
  0x89, 0x8c, 0x24, 0x80, 0x00, 0x00, 0x00, 0x48, 0x8d, 0x4c, 0x07, 0x10,
  0x48, 0x8d, 0x44, 0x07, 0x18, 0x48, 0x89, 0x84, 0x24, 0x90, 0x00, 0x00,
  0x00, 0x48, 0x8d, 0x04, 0xf7, 0x48, 0x8b, 0xbc, 0x24, 0x50, 0x01, 0x00,
  0x00, 0x48, 0x89, 0x84, 0x24, 0xc0, 0x00, 0x00, 0x00, 0x48, 0x8b, 0x84,
  0x24, 0x20, 0x01, 0x00, 0x00, 0x4c, 0x89, 0x44, 0x24, 0x78, 0x48, 0x01,
  0xf0, 0x48, 0x89, 0x8c, 0x24, 0x88, 0x00, 0x00, 0x00, 0x48, 0x8d, 0x04,
  0xc7, 0x48, 0x89, 0x84, 0x24, 0xb8, 0x00, 0x00, 0x00, 0x48, 0x8b, 0x84,
  0x24, 0xe0, 0x00, 0x00, 0x00, 0x0f, 0x1f, 0x00, 0x48, 0x8b, 0x7c, 0x24,
  0x28, 0x48, 0x8d, 0x70, 0x18, 0x48, 0x8d, 0x48, 0x08, 0x4c, 0x8d, 0x6a,
  0x08, 0x48, 0x89, 0x4c, 0x24, 0x10, 0x4c, 0x8d, 0x62, 0x20, 0x4c, 0x01,
  0xdf, 0x4c, 0x89, 0x6c, 0x24, 0x08, 0x4c, 0x8d, 0x48, 0x20, 0x48, 0x89,
  0x7c, 0x24, 0x20, 0x48, 0x8d, 0x7a, 0x18, 0x48, 0x39, 0xc7, 0x41, 0x0f,
  0x9e, 0xc0, 0x48, 0x39, 0xd6, 0x0f, 0x9e, 0xc1, 0x41, 0x09, 0xc8, 0x4c,
  0x39, 0xef, 0x0f, 0x9e, 0xc1, 0x4c, 0x39, 0xe2, 0x41, 0x0f, 0x9d, 0xc5,
  0x41, 0x09, 0xcd, 0x45, 0x21, 0xe8, 0x48, 0x83, 0x7c, 0x24, 0x30, 0x03,
  0x4c, 0x8b, 0x6c, 0x24, 0x08, 0x0f, 0x97, 0xc1, 0x41, 0x21, 0xc8, 0x48,
  0x3b, 0x7c, 0x24, 0x10, 0x0f, 0x9e, 0xc1, 0x4c, 0x39, 0xca, 0x40, 0x0f,
  0x9d, 0xc7, 0x09, 0xf9, 0x41, 0x21, 0xc8, 0x4c, 0x39, 0xee, 0x40, 0x0f,
  0x9e, 0xc7, 0x4c, 0x39, 0xe0, 0x0f, 0x9d, 0xc1, 0x09, 0xf9, 0x48, 0x8d,
  0x78, 0x08, 0x41, 0x21, 0xc8, 0x48, 0x39, 0xfe, 0x0f, 0x9e, 0xc1, 0x4c,
  0x39, 0xc8, 0x40, 0x0f, 0x9d, 0xc6, 0x09, 0xf1, 0x41, 0x84, 0xc8, 0x0f,
  0x84, 0x3b, 0x18, 0x00, 0x00, 0x49, 0x39, 0xfc, 0x0f, 0x9e, 0xc1, 0x4d,
  0x39, 0xcd, 0x40, 0x0f, 0x9d, 0xc6, 0x40, 0x08, 0xf1, 0x0f, 0x84, 0x25,
  0x18, 0x00, 0x00, 0x48, 0x8b, 0xb4, 0x24, 0xb0, 0x00, 0x00, 0x00, 0x4e,
  0x8d, 0x0c, 0x3a, 0x4a, 0x8d, 0x3c, 0x38, 0x31, 0xc9, 0x4c, 0x8d, 0x04,
  0x16, 0x48, 0x01, 0xc6, 0x0f, 0x1f, 0x40, 0x00, 0x66, 0x41, 0x0f, 0x10,
  0x0c, 0x09, 0x66, 0x41, 0x0f, 0x10, 0x04, 0x08, 0x66, 0x41, 0x0f, 0x10,
  0x34, 0x0e, 0x66, 0x41, 0x0f, 0x10, 0x64, 0x0e, 0x10, 0x66, 0x41, 0x0f,
  0x16, 0x4c, 0x09, 0x10, 0x66, 0x41, 0x0f, 0x12, 0x64, 0x0e, 0x08, 0x66,
  0x0f, 0x10, 0x1c, 0x0f, 0x66, 0x41, 0x0f, 0x16, 0x44, 0x08, 0x10, 0x66,
  0x41, 0x0f, 0x16, 0x74, 0x0e, 0x10, 0x66, 0x0f, 0x28, 0xf9, 0x66, 0x0f,
  0x28, 0xe8, 0x66, 0x0f, 0x10, 0x14, 0x0e, 0x66, 0x0f, 0x59, 0xfe, 0x66,
  0x0f, 0x16, 0x5c, 0x0f, 0x10, 0x66, 0x0f, 0x59, 0xcc, 0x66, 0x0f, 0x16,
  0x54, 0x0e, 0x10, 0x66, 0x0f, 0x59, 0xec, 0x66, 0x0f, 0x10, 0x64, 0x0d,
  0x10, 0x66, 0x0f, 0x12, 0x64, 0x0d, 0x08, 0x66, 0x0f, 0x59, 0xc6, 0x66,
  0x0f, 0x10, 0x74, 0x0d, 0x00, 0x66, 0x0f, 0x16, 0x74, 0x0d, 0x10, 0x66,
  0x0f, 0x58, 0xef, 0x66, 0x0f, 0x28, 0xfa, 0x66, 0x0f, 0x5c, 0xc1, 0x66,
  0x0f, 0x59, 0xfc, 0x66, 0x0f, 0x28, 0xcb, 0x66, 0x0f, 0x59, 0xce, 0x66,
  0x0f, 0x59, 0xdc, 0x66, 0x0f, 0x59, 0xd6, 0x66, 0x0f, 0x58, 0xcf, 0x66,
  0x0f, 0x5c, 0xd3, 0x66, 0x0f, 0x28, 0xdd, 0x66, 0x0f, 0x58, 0xd9, 0x66,
  0x0f, 0x5c, 0xcd, 0x66, 0x41, 0x0f, 0x13, 0x1c, 0x09, 0x66, 0x41, 0x0f,
  0x17, 0x5c, 0x09, 0x10, 0x66, 0x0f, 0x28, 0xd8, 0x66, 0x0f, 0x58, 0xc2,
  0x66, 0x0f, 0x5c, 0xda, 0x66, 0x0f, 0x13, 0x1c, 0x0f, 0x66, 0x0f, 0x17,
  0x5c, 0x0f, 0x10, 0x66, 0x41, 0x0f, 0x13, 0x04, 0x08, 0x66, 0x41, 0x0f,
  0x17, 0x44, 0x08, 0x10, 0x66, 0x0f, 0x13, 0x0c, 0x0e, 0x66, 0x0f, 0x17,
  0x4c, 0x0e, 0x10, 0x48, 0x83, 0xc1, 0x20, 0x4c, 0x39, 0xd1, 0x0f, 0x85,
  0x08, 0xff, 0xff, 0xff, 0x48, 0x8b, 0xbc, 0x24, 0x98, 0x00, 0x00, 0x00,
  0x4c, 0x8b, 0x64, 0x24, 0x48, 0x4c, 0x8b, 0x4c, 0x24, 0x20, 0xf2, 0x41,
  0x0f, 0x10, 0x04, 0x24, 0x4a, 0x8d, 0x0c, 0x1f, 0x4c, 0x8b, 0x64, 0x24,
  0x58, 0x48, 0xc1, 0xe1, 0x03, 0x4d, 0x8d, 0x04, 0x0f, 0xf2, 0x41, 0x0f,
  0x10, 0x1c, 0x24, 0x49, 0x8d, 0x74, 0x0f, 0x08, 0x4c, 0x89, 0xc9, 0xf2,
  0x41, 0x0f, 0x10, 0x28, 0xf2, 0x0f, 0x10, 0x16, 0x66, 0x0f, 0x28, 0xf8,
  0x48, 0x01, 0xf9, 0x4c, 0x8b, 0x64, 0x24, 0x50, 0x66, 0x0f, 0x28, 0xe3,
  0x48, 0xc1, 0xe1, 0x03, 0xf2, 0x0f, 0x59, 0xfd, 0x49, 0x8d, 0x3c, 0x0f,
  0x49, 0x8d, 0x4c, 0x0f, 0x08, 0xf2, 0x0f, 0x59, 0xdd, 0xf2, 0x0f, 0x10,
  0x09, 0xf2, 0x0f, 0x10, 0x37, 0xf2, 0x0f, 0x59, 0xe2, 0xf2, 0x0f, 0x59,
  0xd0, 0xf2, 0x41, 0x0f, 0x10, 0x04, 0x24, 0x4c, 0x8b, 0x64, 0x24, 0x40,
  0xf2, 0x41, 0x0f, 0x10, 0x2c, 0x24, 0xf2, 0x0f, 0x58, 0xe7, 0x66, 0x0f,
  0x28, 0xfd, 0xf2, 0x0f, 0x5c, 0xd3, 0xf2, 0x0f, 0x59, 0xf9, 0x66, 0x0f,
  0x28, 0xd8, 0xf2, 0x0f, 0x59, 0xde, 0xf2, 0x0f, 0x59, 0xc1, 0xf2, 0x0f,
  0x59, 0xee, 0xf2, 0x0f, 0x58, 0xdf, 0xf2, 0x0f, 0x5c, 0xc5, 0x66, 0x0f,
  0x28, 0xcb, 0xf2, 0x0f, 0x5c, 0xdc, 0xf2, 0x0f, 0x58, 0xcc, 0xf2, 0x41,
  0x0f, 0x11, 0x08, 0x66, 0x0f, 0x28, 0xca, 0x4c, 0x8b, 0x84, 0x24, 0xa8,
  0x00, 0x00, 0x00, 0xf2, 0x0f, 0x5c, 0xc8, 0xf2, 0x0f, 0x58, 0xc2, 0xf2,
  0x0f, 0x11, 0x0f, 0xf2, 0x0f, 0x11, 0x06, 0xf2, 0x0f, 0x11, 0x19, 0x4c,
  0x39, 0x44, 0x24, 0x70, 0x0f, 0x82, 0xcf, 0x00, 0x00, 0x00, 0x4b, 0x8d,
  0x0c, 0x18, 0x48, 0xc1, 0xe1, 0x03, 0x49, 0x8d, 0x3c, 0x0f, 0x49, 0x8d,
  0x74, 0x0f, 0x08, 0x4c, 0x89, 0xc9, 0x4c, 0x8b, 0x4c, 0x24, 0x78, 0xf2,
  0x0f, 0x10, 0x17, 0xf2, 0x0f, 0x10, 0x06, 0x4c, 0x01, 0xc1, 0xf2, 0x41,
  0x0f, 0x10, 0x31, 0x4c, 0x8b, 0x8c, 0x24, 0x80, 0x00, 0x00, 0x00, 0x48,
  0xc1, 0xe1, 0x03, 0x66, 0x0f, 0x28, 0xfa, 0x66, 0x0f, 0x28, 0xd8, 0x4d,
  0x8d, 0x04, 0x0f, 0xf2, 0x41, 0x0f, 0x10, 0x29, 0xf2, 0x0f, 0x59, 0xfe,
  0x49, 0x8d, 0x4c, 0x0f, 0x08, 0x4c, 0x8b, 0x8c, 0x24, 0x88, 0x00, 0x00,
  0x00, 0xf2, 0x0f, 0x59, 0xc6, 0xf2, 0x41, 0x0f, 0x10, 0x20, 0xf2, 0x0f,
  0x10, 0x09, 0xf2, 0x0f, 0x59, 0xd5, 0xf2, 0x41, 0x0f, 0x10, 0x31, 0x4c,
  0x8b, 0x8c, 0x24, 0x90, 0x00, 0x00, 0x00, 0xf2, 0x0f, 0x59, 0xdd, 0xf2,
  0x41, 0x0f, 0x10, 0x29, 0xf2, 0x0f, 0x5c, 0xc2, 0x66, 0x0f, 0x28, 0xd4,
  0xf2, 0x0f, 0x58, 0xdf, 0xf2, 0x0f, 0x59, 0xd6, 0x66, 0x0f, 0x28, 0xf9,
  0xf2, 0x0f, 0x59, 0xfd, 0xf2, 0x0f, 0x59, 0xe5, 0xf2, 0x0f, 0x59, 0xce,
  0xf2, 0x0f, 0x58, 0xd7, 0xf2, 0x0f, 0x5c, 0xcc, 0x66, 0x0f, 0x28, 0xe3,
  0xf2, 0x0f, 0x58, 0xe2, 0xf2, 0x0f, 0x5c, 0xd3, 0xf2, 0x0f, 0x11, 0x27,
  0x66, 0x0f, 0x28, 0xe0, 0xf2, 0x0f, 0x58, 0xc1, 0xf2, 0x0f, 0x5c, 0xe1,
  0xf2, 0x41, 0x0f, 0x11, 0x20, 0xf2, 0x0f, 0x11, 0x06, 0xf2, 0x0f, 0x11,
  0x11, 0x48, 0x8b, 0x74, 0x24, 0x38, 0x48, 0x83, 0x04, 0x24, 0x01, 0x4c,
  0x03, 0x5c, 0x24, 0x60, 0x48, 0x8b, 0x3c, 0x24, 0x48, 0x01, 0xf0, 0x48,
  0x01, 0xf2, 0x48, 0x39, 0xbc, 0x24, 0xa0, 0x00, 0x00, 0x00, 0x0f, 0x85,
  0x50, 0xfc, 0xff, 0xff, 0x48, 0x8b, 0xbc, 0x24, 0xf8, 0x00, 0x00, 0x00,
  0x4d, 0x89, 0xd3, 0x48, 0x01, 0xbc, 0x24, 0xd0, 0x00, 0x00, 0x00, 0x48,
  0x29, 0xbc, 0x24, 0xd8, 0x00, 0x00, 0x00, 0x4c, 0x03, 0xb4, 0x24, 0x28,
  0x01, 0x00, 0x00, 0x48, 0x8b, 0xbc, 0x24, 0x48, 0x01, 0x00, 0x00, 0x48,
  0x2b, 0x9c, 0x24, 0x08, 0x01, 0x00, 0x00, 0x48, 0x01, 0xbc, 0x24, 0xe0,
  0x00, 0x00, 0x00, 0x48, 0x03, 0xac, 0x24, 0x40, 0x01, 0x00, 0x00, 0x48,
  0x8b, 0x7c, 0x24, 0x18, 0x48, 0x01, 0xbc, 0x24, 0xf0, 0x00, 0x00, 0x00,
  0x48, 0x8b, 0xbc, 0x24, 0x30, 0x01, 0x00, 0x00, 0x48, 0x01, 0x7c, 0x24,
  0x28, 0x48, 0x8b, 0xbc, 0x24, 0x38, 0x01, 0x00, 0x00, 0x48, 0x39, 0xbc,
  0x24, 0xc8, 0x00, 0x00, 0x00, 0x0f, 0x85, 0xfb, 0xfa, 0xff, 0xff, 0x48,
  0x8b, 0x44, 0x24, 0x60, 0x4c, 0x8b, 0x9c, 0x24, 0xa0, 0x00, 0x00, 0x00,
  0x41, 0xb8, 0x01, 0x00, 0x00, 0x00, 0x48, 0x8b, 0x8c, 0x24, 0x58, 0x01,
  0x00, 0x00, 0x48, 0x0f, 0xaf, 0x4c, 0x24, 0x18, 0x49, 0x89, 0xc1, 0x4f,
  0x8d, 0x14, 0x1b, 0x48, 0x8d, 0x34, 0xc5, 0x00, 0x00, 0x00, 0x00, 0x4d,
  0x0f, 0xaf, 0xcb, 0x49, 0xf7, 0xda, 0x4c, 0x0f, 0xaf, 0xd0, 0x49, 0xc1,
  0xe1, 0x03, 0x4b, 0x8d, 0x3c, 0x0f, 0x48, 0x89, 0xf8, 0x31, 0xd2, 0x0f,
  0x1f, 0x44, 0x00, 0x00, 0xf2, 0x0f, 0x10, 0x08, 0xf2, 0x0f, 0x10, 0x04,
  0xc8, 0x48, 0x83, 0xc2, 0x01, 0x66, 0x0f, 0x28, 0xd1, 0xf2, 0x0f, 0x58,
  0xd0, 0xf2, 0x0f, 0x5c, 0xc1, 0xf2, 0x0f, 0x11, 0x10, 0xf2, 0x0f, 0x11,
  0x04, 0xc8, 0x48, 0x01, 0xf0, 0x49, 0x39, 0xd3, 0x75, 0xd6, 0x49, 0x83,
  0xc0, 0x01, 0x4c, 0x01, 0xcf, 0x4c, 0x01, 0xd1, 0x4c, 0x39, 0x84, 0x24,
  0x10, 0x01, 0x00, 0x00, 0x77, 0xb8, 0x4c, 0x8b, 0x44, 0x24, 0x18, 0x48,
  0x8b, 0x9c, 0x24, 0x10, 0x01, 0x00, 0x00, 0x48, 0x8b, 0x6c, 0x24, 0x68,
  0x4c, 0x8b, 0x9c, 0x24, 0xc8, 0x01, 0x00, 0x00, 0x48, 0x8d, 0x7b, 0xfd,
  0x4c, 0x89, 0xc0, 0x48, 0x8d, 0x4b, 0xff, 0x4c, 0x89, 0xc2, 0x4e, 0x8d,
  0x0c, 0xc5, 0x00, 0x00, 0x00, 0x00, 0x48, 0xf7, 0xda, 0x4f, 0x8d, 0x24,
  0x00, 0x48, 0x89, 0xbc, 0x24, 0xb0, 0x00, 0x00, 0x00, 0x49, 0x0f, 0xaf,
  0xc3, 0x48, 0x8d, 0x7d, 0xfd, 0x48, 0x89, 0x8c, 0x24, 0xa8, 0x00, 0x00,
  0x00, 0x48, 0x8b, 0x8c, 0x24, 0xe8, 0x00, 0x00, 0x00, 0x4d, 0x0f, 0xaf,
  0xd9, 0x48, 0x89, 0xbc, 0x24, 0xd0, 0x01, 0x00, 0x00, 0x48, 0x89, 0xd7,
  0x4f, 0x8d, 0x14, 0x0f, 0x4c, 0x8d, 0x34, 0xfd, 0x00, 0x00, 0x00, 0x00,
  0x48, 0x89, 0xcb, 0x48, 0x89, 0x94, 0x24, 0x18, 0x02, 0x00, 0x00, 0x4c,
  0x89, 0xc2, 0x4c, 0x89, 0xb4, 0x24, 0x80, 0x00, 0x00, 0x00, 0x48, 0xc1,
  0xe2, 0x04, 0x48, 0x89, 0xc6, 0x4c, 0x01, 0xcb, 0x4d, 0x89, 0xde, 0x4c,
  0x89, 0x9c, 0x24, 0x40, 0x01, 0x00, 0x00, 0x49, 0x89, 0xcb, 0x4c, 0x01,
  0xf1, 0x48, 0x89, 0x84, 0x24, 0xe0, 0x00, 0x00, 0x00, 0x4c, 0x29, 0xc0,
  0x49, 0x89, 0xce, 0x49, 0x8d, 0x49, 0x10, 0x48, 0x89, 0x84, 0x24, 0x58,
  0x01, 0x00, 0x00, 0x48, 0x89, 0x8c, 0x24, 0x48, 0x01, 0x00, 0x00, 0x48,
  0x89, 0xd1, 0x4c, 0x01, 0xd9, 0x4d, 0x8d, 0x1c, 0xc7, 0x4c, 0x89, 0x94,
  0x24, 0x98, 0x01, 0x00, 0x00, 0x4d, 0x01, 0xca, 0x48, 0x89, 0x8c, 0x24,
  0x60, 0x01, 0x00, 0x00, 0x49, 0x8d, 0x0c, 0xf7, 0x48, 0x89, 0x8c, 0x24,
  0x78, 0x01, 0x00, 0x00, 0x48, 0x89, 0xc1, 0x4c, 0x89, 0xc0, 0x48, 0xd1,
  0xe8, 0x4c, 0x89, 0x9c, 0x24, 0x80, 0x01, 0x00, 0x00, 0x4d, 0x89, 0xc3,
  0x4d, 0x89, 0xdd, 0x49, 0x89, 0xc0, 0x4c, 0x89, 0x94, 0x24, 0xa0, 0x01,
  0x00, 0x00, 0x4c, 0x03, 0x94, 0x24, 0x80, 0x00, 0x00, 0x00, 0x49, 0x83,
  0xe5, 0xfe, 0x49, 0xc1, 0xe0, 0x04, 0x4c, 0x89, 0x94, 0x24, 0x08, 0x02,
  0x00, 0x00, 0x4d, 0x01, 0xca, 0x4b, 0x8d, 0x04, 0x2b, 0x4c, 0x89, 0x44,
  0x24, 0x78, 0x4f, 0x8d, 0x04, 0xef, 0x4c, 0x89, 0x84, 0x24, 0x18, 0x01,
  0x00, 0x00, 0x4d, 0x8d, 0x04, 0xc7, 0x4c, 0x01, 0xd8, 0x4c, 0x89, 0x84,
  0x24, 0x20, 0x01, 0x00, 0x00, 0x4d, 0x8d, 0x04, 0xc7, 0x4a, 0x8d, 0x04,
  0x2e, 0x49, 0x8d, 0x34, 0xc7, 0x48, 0x89, 0xc8, 0x4c, 0x89, 0xa4, 0x24,
  0xd0, 0x00, 0x00, 0x00, 0x4d, 0x01, 0xdc, 0x4c, 0x01, 0xe8, 0x48, 0x89,
  0xb4, 0x24, 0x30, 0x01, 0x00, 0x00, 0x48, 0x89, 0xce, 0x49, 0x8d, 0x0c,
  0xc7, 0x48, 0x89, 0xf0, 0x4c, 0x89, 0x84, 0x24, 0x28, 0x01, 0x00, 0x00,
  0x4e, 0x8d, 0x04, 0x9d, 0x00, 0x00, 0x00, 0x00, 0x4c, 0x29, 0xd8, 0x4c,
  0x89, 0x4c, 0x24, 0x70, 0x4c, 0x89, 0xde, 0x4c, 0x89, 0x94, 0x24, 0x10,
  0x02, 0x00, 0x00, 0x49, 0x01, 0xd2, 0x48, 0x89, 0x94, 0x24, 0xc0, 0x00,
  0x00, 0x00, 0x48, 0x89, 0x8c, 0x24, 0x38, 0x01, 0x00, 0x00, 0x4c, 0x89,
  0xc1, 0x4c, 0x89, 0x84, 0x24, 0xf8, 0x00, 0x00, 0x00, 0x4c, 0x01, 0xd9,
  0x4c, 0x89, 0xa4, 0x24, 0xb8, 0x01, 0x00, 0x00, 0x4c, 0x8d, 0x24, 0xbd,
  0x00, 0x00, 0x00, 0x00, 0x48, 0x89, 0x84, 0x24, 0xa8, 0x01, 0x00, 0x00,
  0x4c, 0x89, 0xd0, 0x48, 0x01, 0xd0, 0x48, 0x89, 0x8c, 0x24, 0xc0, 0x01,
  0x00, 0x00, 0x48, 0x89, 0xf9, 0x4c, 0x89, 0xdf, 0x48, 0x89, 0xc2, 0x48,
  0x89, 0x84, 0x24, 0xb0, 0x01, 0x00, 0x00, 0x48, 0xc1, 0xe7, 0x05, 0x48,
  0x8b, 0x84, 0x24, 0xd0, 0x01, 0x00, 0x00, 0x48, 0x89, 0xbc, 0x24, 0xb8,
  0x00, 0x00, 0x00, 0x48, 0x89, 0xcf, 0x48, 0xc1, 0xe1, 0x05, 0x4d, 0x89,
  0xd3, 0x49, 0x0f, 0xaf, 0xc1, 0x48, 0x89, 0x8c, 0x24, 0xc8, 0x00, 0x00,
  0x00, 0x4d, 0x01, 0xcb, 0x4c, 0x89, 0x94, 0x24, 0x88, 0x01, 0x00, 0x00,
  0x4c, 0x8d, 0x14, 0x3f, 0x48, 0xc1, 0xe7, 0x04, 0x4c, 0x89, 0x9c, 0x24,
  0xe0, 0x01, 0x00, 0x00, 0x4d, 0x01, 0xcb, 0x49, 0x8d, 0x0c, 0x07, 0x48,
  0x89, 0xf0, 0x4c, 0x89, 0xa4, 0x24, 0xf0, 0x00, 0x00, 0x00, 0x4c, 0x29,
  0xc0, 0x48, 0x89, 0x8c, 0x24, 0x90, 0x01, 0x00, 0x00, 0x48, 0x8d, 0x14,
  0xc2, 0x48, 0x8d, 0x45, 0xfc, 0x4c, 0x89, 0x94, 0x24, 0x00, 0x01, 0x00,
  0x00, 0x49, 0x0f, 0xaf, 0xc1, 0x48, 0x89, 0x94, 0x24, 0xd8, 0x01, 0x00,
  0x00, 0x48, 0x89, 0xbc, 0x24, 0x08, 0x01, 0x00, 0x00, 0x4c, 0x89, 0x9c,
  0x24, 0xe8, 0x01, 0x00, 0x00, 0x49, 0x8d, 0x14, 0x07, 0x48, 0x8d, 0x45,
  0xfb, 0x48, 0x89, 0xb4, 0x24, 0xd8, 0x00, 0x00, 0x00, 0x49, 0x0f, 0xaf,
  0xc1, 0x48, 0x89, 0x94, 0x24, 0xf0, 0x01, 0x00, 0x00, 0x48, 0xc7, 0x84,
  0x24, 0x50, 0x01, 0x00, 0x00, 0x00, 0x00, 0x00, 0x00, 0x48, 0xc7, 0x44,
  0x24, 0x48, 0x01, 0x00, 0x00, 0x00, 0x49, 0x8d, 0x14, 0x07, 0x48, 0x8d,
  0x45, 0xfa, 0x49, 0x0f, 0xaf, 0xc1, 0x48, 0x89, 0x94, 0x24, 0xf8, 0x01,
  0x00, 0x00, 0x49, 0x8d, 0x14, 0x07, 0x48, 0x8b, 0x84, 0x24, 0x10, 0x01,
  0x00, 0x00, 0x48, 0x89, 0x94, 0x24, 0x00, 0x02, 0x00, 0x00, 0x48, 0x8d,
  0x55, 0xf9, 0x48, 0x83, 0xe8, 0x07, 0x48, 0x89, 0xc1, 0x48, 0x83, 0xe1,
  0xfc, 0x48, 0x89, 0xc8, 0x48, 0x29, 0xca, 0x48, 0x83, 0xc0, 0x07, 0x48,
  0x89, 0x94, 0x24, 0x68, 0x01, 0x00, 0x00, 0x48, 0x89, 0x84, 0x24, 0x70,
  0x01, 0x00, 0x00, 0x4c, 0x89, 0xe8, 0x48, 0x29, 0xf0, 0x48, 0x89, 0x04,
  0x24, 0x4b, 0x8d, 0x44, 0x15, 0x00, 0x48, 0x89, 0x44, 0x24, 0x38, 0x48,
  0x29, 0xf0, 0x48, 0x89, 0x44, 0x24, 0x40, 0x0f, 0x1f, 0x44, 0x00, 0x00,
  0x48, 0x83, 0x7c, 0x24, 0x18, 0x00, 0x0f, 0x84, 0x52, 0x01, 0x00, 0x00,
  0x48, 0x8b, 0x84, 0x24, 0x50, 0x01, 0x00, 0x00, 0x48, 0x8b, 0xbc, 0x24,
  0x60, 0x02, 0x00, 0x00, 0xf2, 0x0f, 0x10, 0x4c, 0x07, 0x10, 0xf2, 0x0f,
  0x10, 0x74, 0x47, 0x20, 0xf2, 0x0f, 0x10, 0x5c, 0x07, 0x18, 0xf2, 0x0f,
  0x10, 0x6c, 0x47, 0x28, 0x48, 0x8b, 0x84, 0x24, 0x48, 0x01, 0x00, 0x00,
  0x48, 0x83, 0xe8, 0x08, 0x48, 0x3b, 0x84, 0x24, 0x40, 0x01, 0x00, 0x00,
  0x0f, 0x84, 0x2d, 0x0f, 0x00, 0x00, 0x48, 0x83, 0x7c, 0x24, 0x18, 0x01,
  0x0f, 0x84, 0x21, 0x0f, 0x00, 0x00, 0x48, 0x8b, 0x94, 0x24, 0x98, 0x01,
  0x00, 0x00, 0x4c, 0x8b, 0x44, 0x24, 0x78, 0x31, 0xc0, 0xf2, 0x44, 0x0f,
  0x12, 0xd1, 0xf2, 0x44, 0x0f, 0x12, 0xce, 0xf2, 0x44, 0x0f, 0x12, 0xc3,
  0xf2, 0x0f, 0x12, 0xfd, 0x48, 0x8b, 0x8c, 0x24, 0xa0, 0x01, 0x00, 0x00,
  0x48, 0x8b, 0xb4, 0x24, 0x78, 0x01, 0x00, 0x00, 0x48, 0x8b, 0xbc, 0x24,
  0x80, 0x01, 0x00, 0x00, 0x0f, 0x1f, 0x40, 0x00, 0x66, 0x0f, 0x10, 0x04,
  0x02, 0x66, 0x0f, 0x10, 0x14, 0x01, 0x66, 0x41, 0x0f, 0x10, 0x24, 0x07,
  0x66, 0x41, 0x0f, 0x59, 0xc2, 0x66, 0x41, 0x0f, 0x59, 0xd1, 0x66, 0x0f,
  0x58, 0xc4, 0x66, 0x0f, 0x58, 0xc2, 0x66, 0x0f, 0x10, 0x14, 0x07, 0x66,
  0x0f, 0x59, 0xd7, 0x0f, 0x11, 0x04, 0x03, 0x66, 0x0f, 0x10, 0x04, 0x06,
  0x66, 0x41, 0x0f, 0x59, 0xc0, 0x66, 0x0f, 0x58, 0xc2, 0x41, 0x0f, 0x11,
  0x04, 0x06, 0x48, 0x83, 0xc0, 0x10, 0x4c, 0x39, 0xc0, 0x75, 0xb5, 0x4c,
  0x39, 0x6c, 0x24, 0x18, 0x74, 0x74, 0x48, 0x8b, 0xbc, 0x24, 0x20, 0x01,
  0x00, 0x00, 0x48, 0x8b, 0x94, 0x24, 0x30, 0x01, 0x00, 0x00, 0x48, 0x8b,
  0x84, 0x24, 0xd8, 0x00, 0x00, 0x00, 0xf2, 0x0f, 0x59, 0x0f, 0x48, 0x8b,
  0xbc, 0x24, 0x18, 0x01, 0x00, 0x00, 0xf2, 0x0f, 0x59, 0x1a, 0x48, 0x8b,
  0x94, 0x24, 0x38, 0x01, 0x00, 0x00, 0x4c, 0x01, 0xe8, 0xf2, 0x0f, 0x59,
  0x2a, 0x66, 0x0f, 0x28, 0xc1, 0xf2, 0x0f, 0x58, 0x07, 0x48, 0x8b, 0xbc,
  0x24, 0x28, 0x01, 0x00, 0x00, 0xf2, 0x0f, 0x59, 0x37, 0x48, 0x8b, 0xbc,
  0x24, 0xe8, 0x00, 0x00, 0x00, 0xf2, 0x0f, 0x58, 0xc6, 0xf2, 0x0f, 0x11,
  0x04, 0xc7, 0x66, 0x0f, 0x28, 0xc3, 0x48, 0x8b, 0x84, 0x24, 0xe0, 0x00,
  0x00, 0x00, 0xf2, 0x0f, 0x58, 0xc5, 0x4c, 0x01, 0xe8, 0xf2, 0x0f, 0x11,
  0x04, 0xc7, 0x48, 0x8b, 0x44, 0x24, 0x48, 0x48, 0x01, 0xc0, 0x48, 0x83,
  0xbc, 0x24, 0xb0, 0x00, 0x00, 0x00, 0x03, 0x48, 0x89, 0x44, 0x24, 0x58,
  0x0f, 0x86, 0xa3, 0x0e, 0x00, 0x00, 0x48, 0x8b, 0xbc, 0x24, 0x48, 0x01,
  0x00, 0x00, 0x48, 0x8b, 0xb4, 0x24, 0x40, 0x01, 0x00, 0x00, 0x48, 0x8d,
  0x57, 0xf0, 0x48, 0x8d, 0x46, 0x10, 0x48, 0x39, 0xc2, 0x0f, 0x9d, 0xc2,
  0x48, 0x39, 0xfe, 0x0f, 0x9d, 0xc0, 0x08, 0xc2, 0x0f, 0x84, 0xd5, 0x0b,
  0x00, 0x00, 0x48, 0x83, 0x7c, 0x24, 0x18, 0x01, 0x0f, 0x84, 0xc9, 0x0b,
  0x00, 0x00, 0x48, 0x8b, 0x84, 0x24, 0xd8, 0x00, 0x00, 0x00, 0x48, 0x8b,
  0xbc, 0x24, 0xe8, 0x00, 0x00, 0x00, 0x48, 0xc7, 0x44, 0x24, 0x50, 0x03,
  0x00, 0x00, 0x00, 0x4c, 0x8b, 0x84, 0x24, 0x90, 0x01, 0x00, 0x00, 0x4c,
  0x8b, 0x9c, 0x24, 0x88, 0x01, 0x00, 0x00, 0x4c, 0x01, 0xe8, 0x48, 0x8b,
  0x94, 0x24, 0xa8, 0x01, 0x00, 0x00, 0x48, 0x8d, 0x04, 0xc7, 0x48, 0x89,
  0x44, 0x24, 0x30, 0x48, 0x8b, 0x84, 0x24, 0xe0, 0x00, 0x00, 0x00, 0x4c,
  0x01, 0xe8, 0x48, 0x8d, 0x0c, 0xc7, 0x48, 0x8b, 0x84, 0x24, 0xc0, 0x01,
  0x00, 0x00, 0x48, 0x8b, 0xbc, 0x24, 0xb0, 0x01, 0x00, 0x00, 0x48, 0x89,
  0x44, 0x24, 0x10, 0x48, 0x8b, 0x84, 0x24, 0xb8, 0x01, 0x00, 0x00, 0x48,
  0x89, 0x44, 0x24, 0x08, 0x0f, 0x1f, 0x84, 0x00, 0x00, 0x00, 0x00, 0x00,
  0x4c, 0x8b, 0x4c, 0x24, 0x48, 0x48, 0x8b, 0x44, 0x24, 0x58, 0x4c, 0x8b,
  0x54, 0x24, 0x68, 0x48, 0x8b, 0xac, 0x24, 0x60, 0x02, 0x00, 0x00, 0x4c,
  0x01, 0xc8, 0x48, 0x89, 0xc6, 0x4c, 0x29, 0xd6, 0x49, 0x39, 0xc2, 0x48,
  0x0f, 0x46, 0xc6, 0x48, 0x89, 0xc6, 0x4c, 0x01, 0xc8, 0x48, 0xc1, 0xe6,
  0x04, 0xf2, 0x0f, 0x10, 0x4c, 0x35, 0x00, 0xf2, 0x0f, 0x10, 0x44, 0x35,
  0x08, 0x48, 0x89, 0xc6, 0x4c, 0x29, 0xd6, 0x49, 0x39, 0xc2, 0x48, 0x0f,
  0x46, 0xc6, 0x48, 0x89, 0xc6, 0x4c, 0x01, 0xc8, 0x48, 0xc1, 0xe6, 0x04,
  0xf2, 0x44, 0x0f, 0x10, 0x44, 0x35, 0x00, 0xf2, 0x0f, 0x10, 0x6c, 0x35,
  0x08, 0x48, 0x89, 0xc6, 0x4c, 0x29, 0xd6, 0x49, 0x39, 0xc2, 0x48, 0x0f,
  0x46, 0xc6, 0x48, 0x89, 0xc6, 0x4c, 0x01, 0xc8, 0x48, 0xc1, 0xe6, 0x04,
  0xf2, 0x0f, 0x10, 0x7c, 0x35, 0x00, 0xf2, 0x0f, 0x10, 0x64, 0x35, 0x08,
  0x48, 0x89, 0xc6, 0x4c, 0x29, 0xd0, 0x49, 0x39, 0xf2, 0x48, 0x0f, 0x47,
  0xc6, 0x48, 0x89, 0x44, 0x24, 0x58, 0x48, 0xc1, 0xe0, 0x04, 0x48, 0x83,
  0x7c, 0x24, 0x18, 0x00, 0xf2, 0x0f, 0x10, 0x74, 0x05, 0x00, 0xf2, 0x0f,
  0x10, 0x5c, 0x05, 0x08, 0x0f, 0x84, 0xf5, 0x01, 0x00, 0x00, 0x48, 0x8b,
  0x44, 0x24, 0x18, 0x48, 0x8b, 0x74, 0x24, 0x08, 0xf2, 0x0f, 0x12, 0xd4,
  0x48, 0x89, 0x94, 0x24, 0x98, 0x00, 0x00, 0x00, 0xf2, 0x44, 0x0f, 0x12,
  0xfb, 0x48, 0x8b, 0x54, 0x24, 0x78, 0xf2, 0x44, 0x0f, 0x12, 0xf1, 0xf2,
  0x44, 0x0f, 0x12, 0xd0, 0x48, 0x01, 0xc6, 0x48, 0x03, 0x44, 0x24, 0x10,
  0xf2, 0x45, 0x0f, 0x12, 0xe8, 0xf2, 0x0f, 0x11, 0x8c, 0x24, 0x88, 0x00,
  0x00, 0x00, 0x48, 0x89, 0x44, 0x24, 0x28, 0xf2, 0x44, 0x0f, 0x12, 0xe7,
  0xf2, 0x44, 0x0f, 0x12, 0xde, 0x48, 0x8b, 0x84, 0x24, 0x80, 0x00, 0x00,
  0x00, 0x48, 0x89, 0x74, 0x24, 0x20, 0xf2, 0x44, 0x0f, 0x12, 0xcd, 0x66,
  0x41, 0x0f, 0x28, 0xcf, 0x4d, 0x8d, 0x0c, 0x00, 0x4d, 0x8d, 0x24, 0x03,
  0xf2, 0x0f, 0x11, 0x84, 0x24, 0x90, 0x00, 0x00, 0x00, 0x66, 0x0f, 0x28,
  0xc2, 0x48, 0x8d, 0x2c, 0x07, 0x48, 0x8b, 0x44, 0x24, 0x70, 0x4c, 0x89,
  0xce, 0x48, 0x29, 0xc6, 0x49, 0x89, 0xf2, 0x49, 0x29, 0xc2, 0x31, 0xc0,
  0x0f, 0x1f, 0x40, 0x00, 0x66, 0x45, 0x0f, 0x10, 0x3c, 0x04, 0x66, 0x41,
  0x0f, 0x10, 0x14, 0x03, 0x66, 0x45, 0x0f, 0x59, 0xfe, 0x66, 0x41, 0x0f,
  0x59, 0xd5, 0x66, 0x44, 0x0f, 0x58, 0xfa, 0x66, 0x0f, 0x10, 0x54, 0x05,
  0x00, 0x66, 0x41, 0x0f, 0x59, 0xd4, 0x66, 0x41, 0x0f, 0x58, 0xd7, 0x66,
  0x44, 0x0f, 0x10, 0x3c, 0x07, 0x66, 0x45, 0x0f, 0x59, 0xfb, 0x66, 0x41,
  0x0f, 0x58, 0xd7, 0x66, 0x44, 0x0f, 0x10, 0x3c, 0x03, 0x66, 0x41, 0x0f,
  0x58, 0xd7, 0x66, 0x45, 0x0f, 0x10, 0x3c, 0x00, 0x66, 0x45, 0x0f, 0x59,
  0xfa, 0x0f, 0x11, 0x14, 0x03, 0x66, 0x41, 0x0f, 0x10, 0x14, 0x01, 0x66,
  0x41, 0x0f, 0x59, 0xd1, 0x66, 0x44, 0x0f, 0x58, 0xfa, 0x66, 0x0f, 0x10,
  0x14, 0x06, 0x66, 0x0f, 0x59, 0xd0, 0x66, 0x41, 0x0f, 0x58, 0xd7, 0x66,
  0x45, 0x0f, 0x10, 0x3c, 0x02, 0x66, 0x44, 0x0f, 0x59, 0xf9, 0x66, 0x41,
  0x0f, 0x58, 0xd7, 0x66, 0x45, 0x0f, 0x10, 0x3c, 0x06, 0x66, 0x41, 0x0f,
  0x58, 0xd7, 0x41, 0x0f, 0x11, 0x14, 0x06, 0x48, 0x83, 0xc0, 0x10, 0x48,
  0x39, 0xd0, 0x0f, 0x85, 0x60, 0xff, 0xff, 0xff, 0xf2, 0x0f, 0x10, 0x8c,
  0x24, 0x88, 0x00, 0x00, 0x00, 0x48, 0x8b, 0x94, 0x24, 0x98, 0x00, 0x00,
  0x00, 0xf2, 0x0f, 0x10, 0x84, 0x24, 0x90, 0x00, 0x00, 0x00, 0x4c, 0x39,
  0x6c, 0x24, 0x18, 0x0f, 0x84, 0x9a, 0x00, 0x00, 0x00, 0x48, 0x8b, 0x44,
  0x24, 0x08, 0x4c, 0x01, 0xe8, 0xf2, 0x41, 0x0f, 0x59, 0x0c, 0xc7, 0x48,
  0x8b, 0x44, 0x24, 0x20, 0x4c, 0x01, 0xe8, 0xf2, 0x45, 0x0f, 0x59, 0x04,
  0xc7, 0x48, 0x8b, 0x44, 0x24, 0x10, 0x4c, 0x01, 0xe8, 0xf2, 0x41, 0x0f,
  0x59, 0x3c, 0xc7, 0x48, 0x8b, 0x44, 0x24, 0x28, 0xf2, 0x41, 0x0f, 0x58,
  0xc8, 0x4c, 0x01, 0xe8, 0xf2, 0x41, 0x0f, 0x59, 0x34, 0xc7, 0x48, 0x8b,
  0x44, 0x24, 0x30, 0xf2, 0x0f, 0x58, 0xf9, 0xf2, 0x0f, 0x58, 0xfe, 0xf2,
  0x0f, 0x58, 0x38, 0xf2, 0x0f, 0x11, 0x38, 0x49, 0x8d, 0x44, 0x15, 0x00,
  0xf2, 0x41, 0x0f, 0x59, 0x04, 0xc7, 0x48, 0x8b, 0x04, 0x24, 0x48, 0x01,
  0xd0, 0xf2, 0x41, 0x0f, 0x59, 0x2c, 0xc7, 0x48, 0x8b, 0x44, 0x24, 0x38,
  0x48, 0x01, 0xd0, 0xf2, 0x41, 0x0f, 0x59, 0x24, 0xc7, 0x48, 0x8b, 0x44,
  0x24, 0x40, 0xf2, 0x0f, 0x58, 0xc5, 0x48, 0x01, 0xd0, 0xf2, 0x41, 0x0f,
  0x59, 0x1c, 0xc7, 0xf2, 0x0f, 0x58, 0xe0, 0xf2, 0x0f, 0x58, 0xe3, 0xf2,
  0x0f, 0x58, 0x21, 0xf2, 0x0f, 0x11, 0x21, 0x48, 0x8b, 0xb4, 0x24, 0xb8,
  0x00, 0x00, 0x00, 0x4c, 0x8b, 0x8c, 0x24, 0xf8, 0x00, 0x00, 0x00, 0x48,
  0x83, 0x44, 0x24, 0x50, 0x04, 0x48, 0x03, 0x94, 0x24, 0xf0, 0x00, 0x00,
  0x00, 0x4c, 0x01, 0x4c, 0x24, 0x08, 0x48, 0x8b, 0x44, 0x24, 0x50, 0x49,
  0x01, 0xf3, 0x48, 0x01, 0xf7, 0x4c, 0x01, 0x4c, 0x24, 0x10, 0x4c, 0x03,
  0x84, 0x24, 0xc8, 0x00, 0x00, 0x00, 0x48, 0x3b, 0x84, 0x24, 0xb0, 0x00,
  0x00, 0x00, 0x0f, 0x82, 0x10, 0xfd, 0xff, 0xff, 0x4c, 0x8b, 0xa4, 0x24,
  0x70, 0x01, 0x00, 0x00, 0x4c, 0x8b, 0x9c, 0x24, 0x68, 0x01, 0x00, 0x00,
  0x4c, 0x3b, 0xa4, 0x24, 0xa8, 0x00, 0x00, 0x00, 0x0f, 0x83, 0xdf, 0x0a,
  0x00, 0x00, 0x48, 0x8b, 0xbc, 0x24, 0x48, 0x01, 0x00, 0x00, 0x48, 0x8b,
  0xb4, 0x24, 0x40, 0x01, 0x00, 0x00, 0x48, 0x8d, 0x57, 0xf0, 0x48, 0x8d,
  0x46, 0x10, 0x48, 0x39, 0xc2, 0x0f, 0x9d, 0xc2, 0x48, 0x39, 0xfe, 0x0f,
  0x9d, 0xc0, 0x08, 0xc2, 0x0f, 0x84, 0x96, 0x06, 0x00, 0x00, 0x48, 0x8b,
  0x44, 0x24, 0x18, 0x48, 0x83, 0xf8, 0x01, 0x0f, 0x84, 0x87, 0x06, 0x00,
  0x00, 0x49, 0x89, 0xc2, 0x49, 0x0f, 0xaf, 0xc3, 0x48, 0x8b, 0x94, 0x24,
  0xe8, 0x00, 0x00, 0x00, 0x4c, 0x89, 0x64, 0x24, 0x08, 0x4d, 0x0f, 0xaf,
  0xd4, 0x48, 0x89, 0xc1, 0x48, 0x8b, 0x44, 0x24, 0x70, 0x49, 0x89, 0xc1,
  0x49, 0x0f, 0xaf, 0xc3, 0x4d, 0x0f, 0xaf, 0xcc, 0x49, 0x89, 0xc0, 0x48,
  0x8b, 0x84, 0x24, 0xd8, 0x00, 0x00, 0x00, 0x4d, 0x01, 0xf9, 0x4d, 0x01,
  0xf8, 0x4c, 0x01, 0xe8, 0x48, 0x8d, 0x3c, 0xc2, 0x48, 0x8b, 0x84, 0x24,
  0xe0, 0x00, 0x00, 0x00, 0x4c, 0x01, 0xe8, 0x48, 0x8d, 0x34, 0xc2, 0x4b,
  0x8d, 0x04, 0x1c, 0x4c, 0x8b, 0x5c, 0x24, 0x58, 0x48, 0x89, 0x44, 0x24,
  0x20, 0x0f, 0x1f, 0x80, 0x00, 0x00, 0x00, 0x00, 0x48, 0x8b, 0x6c, 0x24,
  0x48, 0x48, 0x8b, 0x54, 0x24, 0x68, 0x4c, 0x8b, 0xa4, 0x24, 0x60, 0x02,
  0x00, 0x00, 0x49, 0x01, 0xeb, 0x4c, 0x89, 0xd8, 0x48, 0x29, 0xd0, 0x4c,
  0x39, 0xda, 0x4c, 0x0f, 0x46, 0xd8, 0x4c, 0x89, 0xd8, 0x49, 0x01, 0xeb,
  0x48, 0xc1, 0xe0, 0x04, 0xf2, 0x41, 0x0f, 0x10, 0x2c, 0x04, 0xf2, 0x41,
  0x0f, 0x10, 0x64, 0x04, 0x08, 0x4c, 0x89, 0xd8, 0x48, 0x29, 0xd0, 0x4c,
  0x39, 0xda, 0x4c, 0x0f, 0x46, 0xd8, 0x4c, 0x89, 0xd8, 0x48, 0xc1, 0xe0,
  0x04, 0x48, 0x83, 0x7c, 0x24, 0x18, 0x00, 0xf2, 0x41, 0x0f, 0x10, 0x14,
  0x04, 0xf2, 0x41, 0x0f, 0x10, 0x4c, 0x04, 0x08, 0x0f, 0x84, 0xeb, 0x00,
  0x00, 0x00, 0x48, 0x8b, 0x44, 0x24, 0x18, 0xf2, 0x44, 0x0f, 0x12, 0xcd,
  0xf2, 0x0f, 0x12, 0xfc, 0xf2, 0x0f, 0x12, 0xf1, 0xf2, 0x44, 0x0f, 0x12,
  0xc2, 0x4a, 0x8d, 0x14, 0x10, 0x48, 0x8b, 0x44, 0x24, 0x70, 0x48, 0x89,
  0x54, 0x24, 0x10, 0x48, 0x8b, 0x54, 0x24, 0x78, 0x4d, 0x8d, 0x24, 0x01,
  0x48, 0x8b, 0x84, 0x24, 0x80, 0x00, 0x00, 0x00, 0x49, 0x8d, 0x2c, 0x00,
  0x31, 0xc0, 0x66, 0x0f, 0x1f, 0x44, 0x00, 0x00, 0x66, 0x41, 0x0f, 0x10,
  0x04, 0x04, 0x66, 0x41, 0x0f, 0x10, 0x1c, 0x01, 0x66, 0x41, 0x0f, 0x59,
  0xc0, 0x66, 0x41, 0x0f, 0x59, 0xd9, 0x66, 0x0f, 0x58, 0xc3, 0x66, 0x0f,
  0x10, 0x1c, 0x03, 0x66, 0x0f, 0x58, 0xc3, 0x66, 0x41, 0x0f, 0x10, 0x1c,
  0x00, 0x66, 0x0f, 0x59, 0xdf, 0x0f, 0x11, 0x04, 0x03, 0x66, 0x0f, 0x10,
  0x44, 0x05, 0x00, 0x66, 0x0f, 0x59, 0xc6, 0x66, 0x0f, 0x58, 0xc3, 0x66,
  0x41, 0x0f, 0x10, 0x1c, 0x06, 0x66, 0x0f, 0x58, 0xc3, 0x41, 0x0f, 0x11,
  0x04, 0x06, 0x48, 0x83, 0xc0, 0x10, 0x48, 0x39, 0xd0, 0x75, 0xa9, 0x48,
  0x8b, 0x54, 0x24, 0x10, 0x4c, 0x39, 0x6c, 0x24, 0x18, 0x74, 0x46, 0x4b,
  0x8d, 0x04, 0x2a, 0x4c, 0x01, 0xea, 0xf2, 0x41, 0x0f, 0x59, 0x2c, 0xc7,
  0x48, 0x8b, 0x04, 0x24, 0xf2, 0x41, 0x0f, 0x59, 0x14, 0xd7, 0x48, 0x01,
  0xc8, 0xf2, 0x41, 0x0f, 0x59, 0x0c, 0xc7, 0x4a, 0x8d, 0x04, 0x29, 0xf2,
  0x41, 0x0f, 0x59, 0x24, 0xc7, 0xf2, 0x0f, 0x58, 0xd5, 0xf2, 0x0f, 0x58,
  0x17, 0x66, 0x0f, 0x28, 0xc1, 0xf2, 0x0f, 0x11, 0x17, 0xf2, 0x0f, 0x58,
  0xc4, 0xf2, 0x0f, 0x58, 0x06, 0xf2, 0x0f, 0x11, 0x06, 0x48, 0x83, 0x44,
  0x24, 0x08, 0x02, 0x48, 0x8b, 0x44, 0x24, 0x20, 0x48, 0x8b, 0x54, 0x24,
  0x08, 0x4c, 0x03, 0x94, 0x24, 0xd0, 0x00, 0x00, 0x00, 0x48, 0x03, 0x8c,
  0x24, 0x00, 0x01, 0x00, 0x00, 0x4c, 0x03, 0x8c, 0x24, 0xc0, 0x00, 0x00,
  0x00, 0x48, 0x29, 0xd0, 0x4c, 0x03, 0x84, 0x24, 0x08, 0x01, 0x00, 0x00,
  0x48, 0x3b, 0x94, 0x24, 0xa8, 0x00, 0x00, 0x00, 0x0f, 0x82, 0x6e, 0xfe,
  0xff, 0xff, 0x4c, 0x89, 0x5c, 0x24, 0x58, 0x49, 0x89, 0xd4, 0x4c, 0x39,
  0xa4, 0x24, 0x10, 0x01, 0x00, 0x00, 0x0f, 0x86, 0x6a, 0x01, 0x00, 0x00,
  0x48, 0x8b, 0xbc, 0x24, 0x48, 0x01, 0x00, 0x00, 0x48, 0x8b, 0xb4, 0x24,
  0x40, 0x01, 0x00, 0x00, 0x48, 0x8d, 0x4f, 0xf0, 0x48, 0x8d, 0x56, 0x10,
  0x48, 0x39, 0xd1, 0x0f, 0x9d, 0xc1, 0x48, 0x39, 0xfe, 0x0f, 0x9d, 0xc2,
  0x08, 0xd1, 0x0f, 0x84, 0x84, 0x08, 0x00, 0x00, 0x4c, 0x8b, 0x5c, 0x24,
  0x18, 0x49, 0x83, 0xfb, 0x01, 0x0f, 0x84, 0x75, 0x08, 0x00, 0x00, 0x4d,
  0x89, 0xd9, 0x48, 0x8b, 0xbc, 0x24, 0xe8, 0x00, 0x00, 0x00, 0x4c, 0x89,
  0xde, 0x48, 0x8b, 0x6c, 0x24, 0x78, 0x4c, 0x0f, 0xaf, 0xc8, 0x4c, 0x01,
  0xe0, 0x48, 0x0f, 0xaf, 0x44, 0x24, 0x70, 0x49, 0x0f, 0xaf, 0xf4, 0x4e,
  0x8d, 0x14, 0x38, 0x48, 0x8b, 0x84, 0x24, 0xd8, 0x00, 0x00, 0x00, 0x4c,
  0x89, 0x54, 0x24, 0x08, 0x4d, 0x89, 0xda, 0x4c, 0x01, 0xe8, 0x48, 0x8d,
  0x0c, 0xc7, 0x48, 0x8b, 0x84, 0x24, 0xe0, 0x00, 0x00, 0x00, 0x4c, 0x01,
  0xe8, 0x48, 0x8d, 0x14, 0xc7, 0x48, 0x8b, 0x7c, 0x24, 0x58, 0x4c, 0x8b,
  0x5c, 0x24, 0x68, 0x48, 0x03, 0x7c, 0x24, 0x48, 0x48, 0x89, 0xf8, 0x4c,
  0x29, 0xd8, 0x49, 0x39, 0xfb, 0x4c, 0x8b, 0x9c, 0x24, 0x60, 0x02, 0x00,
  0x00, 0x48, 0x0f, 0x46, 0xf8, 0x48, 0x89, 0xf8, 0x48, 0xc1, 0xe0, 0x04,
  0xf2, 0x41, 0x0f, 0x10, 0x14, 0x03, 0xf2, 0x41, 0x0f, 0x10, 0x4c, 0x03,
  0x08, 0x4d, 0x85, 0xd2, 0x0f, 0x84, 0x88, 0x00, 0x00, 0x00, 0x4c, 0x8b,
  0x44, 0x24, 0x08, 0x48, 0x89, 0xf0, 0x4d, 0x8d, 0x1c, 0xf7, 0xf2, 0x0f,
  0x12, 0xe2, 0x48, 0xf7, 0xd8, 0xf2, 0x0f, 0x12, 0xd9, 0x4d, 0x8d, 0x04,
  0xc0, 0x31, 0xc0, 0x90, 0x66, 0x41, 0x0f, 0x10, 0x04, 0x03, 0x66, 0x0f,
  0x10, 0x34, 0x03, 0x66, 0x0f, 0x59, 0xc4, 0x66, 0x0f, 0x58, 0xc6, 0x0f,
  0x11, 0x04, 0x03, 0x66, 0x41, 0x0f, 0x10, 0x04, 0x00, 0x66, 0x41, 0x0f,
  0x10, 0x34, 0x06, 0x66, 0x0f, 0x59, 0xc3, 0x66, 0x0f, 0x58, 0xc6, 0x41,
  0x0f, 0x11, 0x04, 0x06, 0x48, 0x83, 0xc0, 0x10, 0x48, 0x39, 0xe8, 0x75,
  0xc7, 0x4d, 0x39, 0xea, 0x74, 0x2c, 0x4a, 0x8d, 0x04, 0x2e, 0xf2, 0x0f,
  0x10, 0x01, 0xf2, 0x41, 0x0f, 0x59, 0x14, 0xc7, 0x4b, 0x8d, 0x04, 0x29,
  0xf2, 0x41, 0x0f, 0x59, 0x0c, 0xc7, 0xf2, 0x0f, 0x58, 0xc2, 0xf2, 0x0f,
  0x11, 0x01, 0xf2, 0x0f, 0x10, 0x02, 0xf2, 0x0f, 0x58, 0xc1, 0xf2, 0x0f,
  0x11, 0x02, 0x49, 0x83, 0xc4, 0x01, 0x4c, 0x01, 0xd6, 0x4d, 0x29, 0xd1,
  0x4c, 0x39, 0xa4, 0x24, 0x10, 0x01, 0x00, 0x00, 0x0f, 0x85, 0x24, 0xff,
  0xff, 0xff, 0x48, 0x8b, 0x7c, 0x24, 0x70, 0x48, 0x8b, 0xb4, 0x24, 0x80,
  0x00, 0x00, 0x00, 0x48, 0x8b, 0x54, 0x24, 0x18, 0x48, 0x83, 0x44, 0x24,
  0x48, 0x01, 0x48, 0x01, 0xb4, 0x24, 0x40, 0x01, 0x00, 0x00, 0x49, 0x01,
  0xf6, 0x48, 0x8b, 0x44, 0x24, 0x48, 0x48, 0x01, 0xfb, 0x48, 0x8b, 0xb4,
  0x24, 0xd0, 0x00, 0x00, 0x00, 0x48, 0x01, 0x94, 0x24, 0xd8, 0x00, 0x00,
  0x00, 0x48, 0x29, 0x94, 0x24, 0xe0, 0x00, 0x00, 0x00, 0x48, 0x01, 0xbc,
  0x24, 0x48, 0x01, 0x00, 0x00, 0x48, 0x29, 0xb4, 0x24, 0x58, 0x01, 0x00,
  0x00, 0x48, 0x01, 0xbc, 0x24, 0x60, 0x01, 0x00, 0x00, 0x48, 0x83, 0x84,
  0x24, 0x50, 0x01, 0x00, 0x00, 0x10, 0x48, 0x39, 0x84, 0x24, 0x10, 0x01,
  0x00, 0x00, 0x0f, 0x87, 0xa4, 0xf6, 0xff, 0xff, 0x48, 0x83, 0x7c, 0x24,
  0x18, 0x00, 0x0f, 0x84, 0x79, 0x01, 0x00, 0x00, 0x48, 0x8b, 0xbc, 0x24,
  0xe8, 0x00, 0x00, 0x00, 0x48, 0x8d, 0x1c, 0xd5, 0x00, 0x00, 0x00, 0x00,
  0x4c, 0x89, 0xfe, 0x48, 0x89, 0xda, 0xe8, 0x75, 0x6c, 0xff, 0xff, 0x48,
  0x83, 0xbc, 0x24, 0x10, 0x01, 0x00, 0x00, 0x01, 0x0f, 0x86, 0x4f, 0x01,
  0x00, 0x00, 0x48, 0x83, 0xbc, 0x24, 0x10, 0x01, 0x00, 0x00, 0x03, 0xb8,
  0x01, 0x00, 0x00, 0x00, 0x0f, 0x86, 0xb4, 0x00, 0x00, 0x00, 0x48, 0x8b,
  0x74, 0x24, 0x18, 0x4d, 0x8d, 0x04, 0x1f, 0x48, 0x8b, 0x94, 0x24, 0xe8,
  0x00, 0x00, 0x00, 0x41, 0xba, 0x02, 0x00, 0x00, 0x00, 0x48, 0x89, 0xf0,
  0x49, 0x89, 0xf1, 0x4c, 0x8d, 0x1c, 0x36, 0x49, 0x89, 0xf4, 0x49, 0xd1,
  0xe9, 0x48, 0x83, 0xe0, 0xfe, 0x49, 0xc1, 0xe4, 0x04, 0x4c, 0x89, 0xdf,
  0x49, 0xc1, 0xe1, 0x04, 0x48, 0x89, 0xc5, 0x31, 0xc0, 0x48, 0x83, 0x7c,
  0x24, 0x18, 0x01, 0x49, 0x8d, 0x0c, 0x18, 0x0f, 0x84, 0x5d, 0x0f, 0x00,
  0x00, 0x66, 0x0f, 0x10, 0x34, 0x02, 0x66, 0x41, 0x0f, 0x10, 0x04, 0x00,
  0x66, 0x0f, 0x58, 0xc6, 0x66, 0x0f, 0x10, 0x34, 0x01, 0x66, 0x0f, 0x58,
  0xc6, 0x0f, 0x11, 0x04, 0x02, 0x48, 0x83, 0xc0, 0x10, 0x4c, 0x39, 0xc8,
  0x75, 0xdb, 0x48, 0x89, 0xe9, 0x48, 0x39, 0x6c, 0x24, 0x18, 0x74, 0x1f,
  0x48, 0x8d, 0x04, 0xca, 0x4c, 0x8d, 0x2c, 0x0e, 0x48, 0x01, 0xf9, 0xf2,
  0x43, 0x0f, 0x10, 0x04, 0xef, 0xf2, 0x0f, 0x58, 0x00, 0xf2, 0x41, 0x0f,
  0x58, 0x04, 0xcf, 0xf2, 0x0f, 0x11, 0x00, 0x49, 0x8d, 0x42, 0x01, 0x4c,
  0x01, 0xde, 0x49, 0x83, 0xc2, 0x02, 0x4c, 0x01, 0xdf, 0x4d, 0x01, 0xe0,
  0x4c, 0x3b, 0x94, 0x24, 0xa8, 0x00, 0x00, 0x00, 0x72, 0x85, 0x4c, 0x8b,
  0x54, 0x24, 0x18, 0x4c, 0x8b, 0x9c, 0x24, 0x10, 0x01, 0x00, 0x00, 0x4c,
  0x8b, 0x8c, 0x24, 0xe8, 0x00, 0x00, 0x00, 0x4c, 0x89, 0xd1, 0x4c, 0x89,
  0xd6, 0x4c, 0x89, 0xd7, 0x48, 0x0f, 0xaf, 0xc8, 0x48, 0xd1, 0xee, 0x48,
  0x83, 0xe7, 0xfe, 0x48, 0xc1, 0xe6, 0x04, 0x90, 0x49, 0x83, 0xfa, 0x01,
  0x0f, 0x84, 0xc9, 0x08, 0x00, 0x00, 0x4d, 0x8d, 0x04, 0xcf, 0x31, 0xd2,
  0x66, 0x41, 0x0f, 0x10, 0x34, 0x11, 0x66, 0x41, 0x0f, 0x10, 0x04, 0x10,
  0x66, 0x0f, 0x58, 0xc6, 0x41, 0x0f, 0x11, 0x04, 0x11, 0x48, 0x83, 0xc2,
  0x10, 0x48, 0x39, 0xf2, 0x75, 0xe2, 0x48, 0x89, 0xfa, 0x49, 0x39, 0xfa,
  0x74, 0x17, 0x4d, 0x8d, 0x04, 0xd1, 0x48, 0x01, 0xca, 0xf2, 0x41, 0x0f,
  0x10, 0x00, 0xf2, 0x41, 0x0f, 0x58, 0x04, 0xd7, 0xf2, 0x41, 0x0f, 0x11,
  0x00, 0x48, 0x83, 0xc0, 0x01, 0x4c, 0x01, 0xd1, 0x49, 0x39, 0xc3, 0x77,
  0xa7, 0x4c, 0x8b, 0xb4, 0x24, 0xa0, 0x00, 0x00, 0x00, 0x4d, 0x85, 0xf6,
  0x0f, 0x84, 0xf4, 0x00, 0x00, 0x00, 0x48, 0x8b, 0x44, 0x24, 0x60, 0x4c,
  0x8d, 0x2c, 0xc5, 0x00, 0x00, 0x00, 0x00, 0x48, 0x85, 0xc0, 0x74, 0x3c,
  0x48, 0x8b, 0x5c, 0x24, 0x68, 0x4c, 0x8b, 0xa4, 0x24, 0xe8, 0x00, 0x00,
  0x00, 0x4c, 0x89, 0xf9, 0x31, 0xed, 0x49, 0x0f, 0xaf, 0xdd, 0x66, 0x0f,
  0x1f, 0x44, 0x00, 0x00, 0x4c, 0x89, 0xe6, 0x48, 0x89, 0xcf, 0x4c, 0x89,
  0xea, 0x48, 0x83, 0xc5, 0x01, 0xe8, 0xc6, 0x6a, 0xff, 0xff, 0x4d, 0x01,
  0xec, 0x48, 0x89, 0xc1, 0x48, 0x01, 0xd9, 0x49, 0x39, 0xee, 0x75, 0xe0,
  0x48, 0x83, 0xbc, 0x24, 0x10, 0x01, 0x00, 0x00, 0x01, 0x0f, 0x86, 0x97,
  0x00, 0x00, 0x00, 0x48, 0x83, 0x7c, 0x24, 0x60, 0x01, 0x0f, 0x85, 0x07,
  0x08, 0x00, 0x00, 0x48, 0x8b, 0x7c, 0x24, 0x68, 0x4c, 0x8b, 0x64, 0x24,
  0x18, 0x4d, 0x8d, 0x57, 0x08, 0x41, 0xb8, 0x02, 0x00, 0x00, 0x00, 0x4c,
  0x8b, 0xac, 0x24, 0xe8, 0x00, 0x00, 0x00, 0x48, 0x8b, 0xac, 0x24, 0x10,
  0x01, 0x00, 0x00, 0x48, 0x8d, 0x77, 0xfe, 0x4c, 0x89, 0xe1, 0x4b, 0x8d,
  0x1c, 0x24, 0x48, 0xc1, 0xe7, 0x03, 0x49, 0x0f, 0xaf, 0xf4, 0x48, 0xc1,
  0xe1, 0x04, 0x48, 0x01, 0xed, 0x4d, 0x89, 0xe1, 0x4e, 0x8d, 0x1c, 0xe5,
  0x00, 0x00, 0x00, 0x00, 0x4c, 0x01, 0xe9, 0x4b, 0x8d, 0x44, 0xcd, 0x00,
  0x4c, 0x89, 0xd2, 0x66, 0x0f, 0x1f, 0x84, 0x00, 0x00, 0x00, 0x00, 0x00,
  0xf2, 0x0f, 0x10, 0x00, 0x66, 0x0f, 0x16, 0x04, 0xf0, 0x48, 0x83, 0xc0,
  0x08, 0x0f, 0x11, 0x02, 0x48, 0x01, 0xfa, 0x48, 0x39, 0xc8, 0x75, 0xe8,
  0x49, 0x83, 0xc0, 0x02, 0x49, 0x83, 0xc2, 0x10, 0x4d, 0x01, 0xe1, 0x48,
  0x29, 0xde, 0x4c, 0x01, 0xd9, 0x49, 0x39, 0xe8, 0x75, 0xc1, 0x48, 0x81,
  0xc4, 0x28, 0x02, 0x00, 0x00, 0x5b, 0x5d, 0x41, 0x5c, 0x41, 0x5d, 0x41,
  0x5e, 0x41, 0x5f, 0xc3, 0x48, 0x8b, 0x44, 0x24, 0x18, 0x49, 0x8d, 0x4b,
  0xff, 0x49, 0x8d, 0x53, 0xfe, 0x48, 0x8b, 0xb4, 0x24, 0xd8, 0x00, 0x00,
  0x00, 0x4c, 0x29, 0xe1, 0x4c, 0x29, 0xe2, 0x49, 0x8d, 0x7c, 0x24, 0x01,
  0x4c, 0x89, 0x6c, 0x24, 0x08, 0x48, 0x0f, 0xaf, 0xc8, 0x48, 0x89, 0x5c,
  0x24, 0x10, 0x4c, 0x8b, 0x54, 0x24, 0x58, 0x48, 0x0f, 0xaf, 0xd0, 0x4c,
  0x89, 0x74, 0x24, 0x28, 0x48, 0x8b, 0x84, 0x24, 0xe8, 0x00, 0x00, 0x00,
  0x48, 0x0f, 0xaf, 0x7c, 0x24, 0x70, 0x4c, 0x89, 0x7c, 0x24, 0x30, 0x4c,
  0x8d, 0x04, 0xf0, 0x4b, 0x8d, 0x04, 0x1c, 0x4c, 0x8b, 0x74, 0x24, 0x48,
  0x4c, 0x8b, 0x9c, 0x24, 0x18, 0x02, 0x00, 0x00, 0x48, 0x89, 0x44, 0x24,
  0x20, 0x4c, 0x8b, 0x8c, 0x24, 0x58, 0x01, 0x00, 0x00, 0x4c, 0x01, 0xff,
  0x48, 0x8b, 0x9c, 0x24, 0x60, 0x01, 0x00, 0x00, 0x48, 0x8b, 0x6c, 0x24,
  0x68, 0x4c, 0x8b, 0xac, 0x24, 0x60, 0x02, 0x00, 0x00, 0x4c, 0x8b, 0xbc,
  0x24, 0xf0, 0x00, 0x00, 0x00, 0x0f, 0x1f, 0x80, 0x00, 0x00, 0x00, 0x00,
  0x4d, 0x01, 0xf2, 0x4c, 0x89, 0xd0, 0x48, 0x29, 0xe8, 0x4c, 0x39, 0xd5,
  0x4c, 0x0f, 0x46, 0xd0, 0x4c, 0x89, 0xd0, 0x4d, 0x01, 0xf2, 0x48, 0xc1,
  0xe0, 0x04, 0xf2, 0x41, 0x0f, 0x10, 0x6c, 0x05, 0x00, 0xf2, 0x41, 0x0f,
  0x10, 0x64, 0x05, 0x08, 0x4c, 0x89, 0xd0, 0x48, 0x29, 0xe8, 0x4c, 0x39,
  0xd5, 0x4c, 0x0f, 0x46, 0xd0, 0x4c, 0x89, 0xd0, 0x48, 0xc1, 0xe0, 0x04,
  0x48, 0x83, 0x7c, 0x24, 0x18, 0x00, 0xf2, 0x41, 0x0f, 0x10, 0x5c, 0x05,
  0x00, 0xf2, 0x41, 0x0f, 0x10, 0x54, 0x05, 0x08, 0x74, 0x53, 0x48, 0x89,
  0xfe, 0x4c, 0x89, 0xc0, 0xf2, 0x0f, 0x10, 0x06, 0xf2, 0x42, 0x0f, 0x10,
  0x0c, 0xde, 0xf2, 0x0f, 0x59, 0xc3, 0xf2, 0x0f, 0x59, 0xcd, 0xf2, 0x0f,
  0x58, 0xc1, 0xf2, 0x0f, 0x58, 0x00, 0xf2, 0x0f, 0x10, 0x0c, 0xce, 0xf2,
  0x0f, 0x59, 0xcc, 0xf2, 0x0f, 0x11, 0x00, 0xf2, 0x0f, 0x10, 0x04, 0xd6,
  0x48, 0x83, 0xc6, 0x08, 0xf2, 0x0f, 0x59, 0xc2, 0xf2, 0x0f, 0x58, 0xc1,
  0xf2, 0x42, 0x0f, 0x58, 0x04, 0xc8, 0xf2, 0x42, 0x0f, 0x11, 0x04, 0xc8,
  0x48, 0x83, 0xc0, 0x08, 0x48, 0x39, 0xd8, 0x75, 0xb3, 0x48, 0x8b, 0x44,
  0x24, 0x20, 0x49, 0x83, 0xc4, 0x02, 0x4c, 0x01, 0xf9, 0x4c, 0x01, 0xfa,
  0x48, 0x03, 0xbc, 0x24, 0xc0, 0x00, 0x00, 0x00, 0x4c, 0x29, 0xe0, 0x4c,
  0x3b, 0xa4, 0x24, 0xa8, 0x00, 0x00, 0x00, 0x0f, 0x82, 0x33, 0xff, 0xff,
  0xff, 0x4c, 0x8b, 0x6c, 0x24, 0x08, 0x48, 0x8b, 0x5c, 0x24, 0x10, 0x4c,
  0x89, 0x54, 0x24, 0x58, 0x4c, 0x8b, 0x74, 0x24, 0x28, 0x4c, 0x8b, 0x7c,
  0x24, 0x30, 0xe9, 0xf7, 0xf9, 0xff, 0xff, 0x41, 0xbc, 0x03, 0x00, 0x00,
  0x00, 0x4c, 0x89, 0x6c, 0x24, 0x10, 0x4c, 0x8b, 0x9c, 0x24, 0x00, 0x02,
  0x00, 0x00, 0x4c, 0x89, 0x64, 0x24, 0x08, 0x4c, 0x8b, 0x94, 0x24, 0xf8,
  0x01, 0x00, 0x00, 0x4c, 0x89, 0x7c, 0x24, 0x20, 0x4c, 0x8b, 0x8c, 0x24,
  0xf0, 0x01, 0x00, 0x00, 0x4c, 0x8b, 0x84, 0x24, 0x90, 0x01, 0x00, 0x00,
  0x48, 0x8b, 0xbc, 0x24, 0xe8, 0x01, 0x00, 0x00, 0x48, 0x8b, 0xb4, 0x24,
  0xe0, 0x01, 0x00, 0x00, 0x48, 0x8b, 0x8c, 0x24, 0x88, 0x01, 0x00, 0x00,
  0x48, 0x8b, 0x94, 0x24, 0xd8, 0x01, 0x00, 0x00, 0x48, 0x8b, 0x6c, 0x24,
  0x58, 0x4c, 0x8b, 0x64, 0x24, 0x18, 0x4c, 0x8b, 0x6c, 0x24, 0x68, 0x4c,
  0x8b, 0xbc, 0x24, 0x60, 0x02, 0x00, 0x00, 0x90, 0x48, 0x03, 0x6c, 0x24,
  0x48, 0x48, 0x89, 0xe8, 0x4c, 0x29, 0xe8, 0x4c, 0x39, 0xed, 0x48, 0x0f,
  0x43, 0xe8, 0x48, 0x89, 0xe8, 0x48, 0x03, 0x6c, 0x24, 0x48, 0x48, 0xc1,
  0xe0, 0x04, 0xf2, 0x41, 0x0f, 0x10, 0x34, 0x07, 0xf2, 0x41, 0x0f, 0x10,
  0x6c, 0x07, 0x08, 0x48, 0x89, 0xe8, 0x4c, 0x29, 0xe8, 0x4c, 0x39, 0xed,
  0x48, 0x0f, 0x43, 0xe8, 0x48, 0x89, 0xe8, 0x48, 0x03, 0x6c, 0x24, 0x48,
  0x48, 0xc1, 0xe0, 0x04, 0xf2, 0x41, 0x0f, 0x10, 0x24, 0x07, 0xf2, 0x41,
  0x0f, 0x10, 0x5c, 0x07, 0x08, 0x48, 0x89, 0xe8, 0x4c, 0x29, 0xe8, 0x4c,
  0x39, 0xed, 0x48, 0x0f, 0x43, 0xe8, 0x48, 0x89, 0xe8, 0x48, 0x03, 0x6c,
  0x24, 0x48, 0x48, 0xc1, 0xe0, 0x04, 0xf2, 0x41, 0x0f, 0x10, 0x14, 0x07,
  0xf2, 0x41, 0x0f, 0x10, 0x4c, 0x07, 0x08, 0x48, 0x89, 0xe8, 0x4c, 0x29,
  0xe8, 0x49, 0x39, 0xed, 0x48, 0x0f, 0x46, 0xe8, 0x48, 0x89, 0xe8, 0x48,
  0xc1, 0xe0, 0x04, 0xf2, 0x45, 0x0f, 0x10, 0x04, 0x07, 0xf2, 0x41, 0x0f,
  0x10, 0x7c, 0x07, 0x08, 0x4d, 0x85, 0xe4, 0x0f, 0x84, 0x9d, 0x00, 0x00,
  0x00, 0x31, 0xc0, 0x0f, 0x1f, 0x44, 0x00, 0x00, 0xf2, 0x0f, 0x10, 0x04,
  0xc1, 0xf2, 0x44, 0x0f, 0x10, 0x0c, 0xc2, 0xf2, 0x0f, 0x59, 0xc4, 0xf2,
  0x44, 0x0f, 0x59, 0xce, 0xf2, 0x41, 0x0f, 0x58, 0xc1, 0xf2, 0x44, 0x0f,
  0x10, 0x0c, 0xc6, 0xf2, 0x44, 0x0f, 0x59, 0xca, 0xf2, 0x41, 0x0f, 0x58,
  0xc1, 0xf2, 0x44, 0x0f, 0x10, 0x0c, 0xc7, 0xf2, 0x45, 0x0f, 0x59, 0xc8,
  0xf2, 0x41, 0x0f, 0x58, 0xc1, 0xf2, 0x0f, 0x58, 0x04, 0xc3, 0xf2, 0x45,
  0x0f, 0x10, 0x0c, 0xc0, 0xf2, 0x44, 0x0f, 0x59, 0xcd, 0xf2, 0x0f, 0x11,
  0x04, 0xc3, 0xf2, 0x41, 0x0f, 0x10, 0x04, 0xc1, 0xf2, 0x0f, 0x59, 0xc3,
  0xf2, 0x41, 0x0f, 0x58, 0xc1, 0xf2, 0x45, 0x0f, 0x10, 0x0c, 0xc2, 0xf2,
  0x44, 0x0f, 0x59, 0xc9, 0xf2, 0x41, 0x0f, 0x58, 0xc1, 0xf2, 0x45, 0x0f,
  0x10, 0x0c, 0xc3, 0xf2, 0x44, 0x0f, 0x59, 0xcf, 0xf2, 0x41, 0x0f, 0x58,
  0xc1, 0xf2, 0x41, 0x0f, 0x58, 0x04, 0xc6, 0xf2, 0x41, 0x0f, 0x11, 0x04,
  0xc6, 0x48, 0x83, 0xc0, 0x01, 0x49, 0x39, 0xc4, 0x0f, 0x85, 0x6a, 0xff,
  0xff, 0xff, 0x48, 0x8b, 0x84, 0x24, 0xb8, 0x00, 0x00, 0x00, 0x48, 0x83,
  0x44, 0x24, 0x08, 0x04, 0x48, 0x01, 0xc2, 0x48, 0x01, 0xc1, 0x48, 0x01,
  0xc6, 0x48, 0x01, 0xc7, 0x48, 0x8b, 0x84, 0x24, 0xc8, 0x00, 0x00, 0x00,
  0x49, 0x01, 0xc0, 0x49, 0x01, 0xc1, 0x49, 0x01, 0xc2, 0x49, 0x01, 0xc3,
  0x48, 0x8b, 0x44, 0x24, 0x08, 0x48, 0x39, 0x84, 0x24, 0xb0, 0x00, 0x00,
  0x00, 0x0f, 0x87, 0x81, 0xfe, 0xff, 0xff, 0x4c, 0x8b, 0x6c, 0x24, 0x10,
  0x4c, 0x8b, 0x7c, 0x24, 0x20, 0x48, 0x89, 0x6c, 0x24, 0x58, 0xe9, 0x9d,
  0xf5, 0xff, 0xff, 0x48, 0x8b, 0xbc, 0x24, 0xe8, 0x00, 0x00, 0x00, 0x48,
  0x8b, 0x84, 0x24, 0xd8, 0x00, 0x00, 0x00, 0x48, 0x8b, 0x94, 0x24, 0x40,
  0x01, 0x00, 0x00, 0x48, 0x8b, 0x74, 0x24, 0x18, 0x48, 0x8d, 0x0c, 0xc7,
  0x4c, 0x8b, 0x84, 0x24, 0x80, 0x01, 0x00, 0x00, 0x31, 0xc0, 0x4c, 0x8b,
  0x8c, 0x24, 0x08, 0x02, 0x00, 0x00, 0x48, 0x01, 0xfa, 0x4c, 0x8b, 0x94,
  0x24, 0x10, 0x02, 0x00, 0x00, 0x48, 0x8b, 0xbc, 0x24, 0x78, 0x01, 0x00,
  0x00, 0x0f, 0x1f, 0x80, 0x00, 0x00, 0x00, 0x00, 0xf2, 0x41, 0x0f, 0x10,
  0x14, 0xc2, 0xf2, 0x41, 0x0f, 0x10, 0x04, 0xc1, 0xf2, 0x0f, 0x59, 0xd6,
  0xf2, 0x0f, 0x59, 0xc1, 0xf2, 0x41, 0x0f, 0x58, 0x04, 0xc7, 0xf2, 0x0f,
  0x58, 0xc2, 0xf2, 0x41, 0x0f, 0x10, 0x14, 0xc0, 0xf2, 0x0f, 0x59, 0xd5,
  0xf2, 0x0f, 0x11, 0x04, 0xc1, 0xf2, 0x0f, 0x10, 0x04, 0xc7, 0xf2, 0x0f,
  0x59, 0xc3, 0xf2, 0x0f, 0x58, 0xc2, 0xf2, 0x0f, 0x11, 0x04, 0xc2, 0x48,
  0x83, 0xc0, 0x01, 0x48, 0x39, 0xc6, 0x75, 0xb8, 0xe9, 0x49, 0xf1, 0xff,
  0xff, 0x4c, 0x89, 0xd8, 0xe9, 0x55, 0xf7, 0xff, 0xff, 0x4c, 0x8b, 0x9c,
  0x24, 0xd0, 0x01, 0x00, 0x00, 0x41, 0xbc, 0x03, 0x00, 0x00, 0x00, 0xe9,
  0xf8, 0xf4, 0xff, 0xff, 0x4c, 0x8b, 0x5c, 0x24, 0x18, 0x4c, 0x89, 0xe2,
  0x4c, 0x8b, 0x54, 0x24, 0x58, 0x48, 0x29, 0xc2, 0x4c, 0x01, 0xe0, 0x4c,
  0x8b, 0x84, 0x24, 0x58, 0x01, 0x00, 0x00, 0x4c, 0x8b, 0x8c, 0x24, 0x60,
  0x01, 0x00, 0x00, 0x4c, 0x89, 0xde, 0x48, 0x0f, 0xaf, 0x44, 0x24, 0x70,
  0x48, 0x8b, 0xac, 0x24, 0x60, 0x02, 0x00, 0x00, 0x49, 0x0f, 0xaf, 0xf4,
  0x49, 0x0f, 0xaf, 0xd3, 0x49, 0x8d, 0x3c, 0x07, 0x4c, 0x03, 0x54, 0x24,
  0x48, 0x48, 0x8b, 0x4c, 0x24, 0x68, 0x4c, 0x89, 0xd0, 0x48, 0x29, 0xc8,
  0x4c, 0x39, 0xd1, 0x4c, 0x0f, 0x46, 0xd0, 0x4c, 0x89, 0xd0, 0x48, 0xc1,
  0xe0, 0x04, 0xf2, 0x0f, 0x10, 0x54, 0x05, 0x00, 0xf2, 0x0f, 0x10, 0x4c,
  0x05, 0x08, 0x4d, 0x85, 0xdb, 0x74, 0x44, 0x48, 0x89, 0xf0, 0x48, 0xf7,
  0xd8, 0x48, 0x8d, 0x0c, 0xc7, 0x48, 0x89, 0xd8, 0x0f, 0x1f, 0x40, 0x00,
  0xf2, 0x0f, 0x10, 0x04, 0xd1, 0x48, 0x83, 0xc1, 0x08, 0xf2, 0x0f, 0x59,
  0xc2, 0xf2, 0x0f, 0x58, 0x00, 0xf2, 0x0f, 0x11, 0x00, 0xf2, 0x0f, 0x10,
  0x41, 0xf8, 0xf2, 0x0f, 0x59, 0xc1, 0xf2, 0x42, 0x0f, 0x58, 0x04, 0xc0,
  0xf2, 0x42, 0x0f, 0x11, 0x04, 0xc0, 0x48, 0x83, 0xc0, 0x08, 0x4c, 0x39,
  0xc8, 0x75, 0xcd, 0x49, 0x83, 0xc4, 0x01, 0x4c, 0x01, 0xde, 0x48, 0x03,
  0x94, 0x24, 0xd0, 0x00, 0x00, 0x00, 0x4c, 0x39, 0xa4, 0x24, 0x10, 0x01,
  0x00, 0x00, 0x0f, 0x85, 0x70, 0xff, 0xff, 0xff, 0xe9, 0xe5, 0xf7, 0xff,
  0xff, 0x0f, 0x1f, 0x00, 0x48, 0x8b, 0x8c, 0x24, 0xc0, 0x00, 0x00, 0x00,
  0x4c, 0x8b, 0x84, 0x24, 0xb8, 0x00, 0x00, 0x00, 0x4a, 0x8d, 0x3c, 0x3a,
  0x4a, 0x8d, 0x34, 0x38, 0x0f, 0x1f, 0x84, 0x00, 0x00, 0x00, 0x00, 0x00,
  0xf2, 0x0f, 0x10, 0x17, 0xf2, 0x0f, 0x10, 0x31, 0x48, 0x83, 0xc7, 0x10,
  0x48, 0x83, 0xc6, 0x10, 0xf2, 0x0f, 0x10, 0x47, 0xf8, 0xf2, 0x0f, 0x10,
  0x69, 0x08, 0x66, 0x0f, 0x28, 0xfa, 0xf2, 0x0f, 0x10, 0x66, 0xf0, 0xf2,
  0x0f, 0x10, 0x4e, 0xf8, 0xf2, 0x0f, 0x59, 0xfe, 0x66, 0x0f, 0x28, 0xd8,
  0xf2, 0x0f, 0x59, 0xd5, 0xf2, 0x0f, 0x59, 0xdd, 0xf2, 0x0f, 0x10, 0x6c,
  0xd9, 0x08, 0xf2, 0x0f, 0x59, 0xc6, 0xf2, 0x0f, 0x10, 0x34, 0xd9, 0x48,
  0x83, 0xc1, 0x10, 0xf2, 0x0f, 0x58, 0xdf, 0x66, 0x0f, 0x28, 0xf9, 0xf2,
  0x0f, 0x5c, 0xc2, 0xf2, 0x0f, 0x59, 0xfd, 0x66, 0x0f, 0x28, 0xd4, 0xf2,
  0x0f, 0x59, 0xd6, 0xf2, 0x0f, 0x59, 0xe5, 0xf2, 0x0f, 0x59, 0xce, 0xf2,
  0x0f, 0x58, 0xd7, 0xf2, 0x0f, 0x5c, 0xcc, 0x66, 0x0f, 0x28, 0xe3, 0xf2,
  0x0f, 0x58, 0xe2, 0xf2, 0x0f, 0x5c, 0xd3, 0xf2, 0x0f, 0x11, 0x67, 0xf0,
  0x66, 0x0f, 0x28, 0xe0, 0xf2, 0x0f, 0x58, 0xc1, 0xf2, 0x0f, 0x5c, 0xe1,
  0xf2, 0x0f, 0x11, 0x66, 0xf0, 0xf2, 0x0f, 0x11, 0x47, 0xf8, 0xf2, 0x0f,
  0x11, 0x56, 0xf8, 0x4c, 0x39, 0xc1, 0x0f, 0x85, 0x58, 0xff, 0xff, 0xff,
  0xe9, 0xdc, 0xe9, 0xff, 0xff, 0x48, 0x83, 0xbc, 0x24, 0x10, 0x01, 0x00,
  0x00, 0x01, 0x0f, 0x86, 0x1e, 0x07, 0x00, 0x00, 0x48, 0x83, 0xbc, 0x24,
  0xa0, 0x00, 0x00, 0x00, 0x00, 0x0f, 0x84, 0xe3, 0xea, 0xff, 0xff, 0x48,
  0x83, 0x7c, 0x24, 0x60, 0x01, 0x0f, 0x85, 0x39, 0x07, 0x00, 0x00, 0x48,
  0x8b, 0x94, 0x24, 0xc8, 0x01, 0x00, 0x00, 0x48, 0x89, 0xf8, 0xbd, 0x01,
  0x00, 0x00, 0x00, 0x4c, 0x8d, 0x24, 0xfd, 0x00, 0x00, 0x00, 0x00, 0x48,
  0xf7, 0xd8, 0x4b, 0x8d, 0x34, 0x3c, 0x4c, 0x89, 0x24, 0x24, 0x4d, 0x89,
  0xe3, 0x4c, 0x8d, 0x34, 0xc5, 0x00, 0x00, 0x00, 0x00, 0x48, 0x89, 0xf8,
  0x48, 0x89, 0x74, 0x24, 0x10, 0x48, 0x89, 0xd3, 0x48, 0x0f, 0xaf, 0xfa,
  0x48, 0x8d, 0x70, 0xff, 0x49, 0x89, 0xc2, 0x48, 0x89, 0xc2, 0x48, 0x89,
  0x74, 0x24, 0x08, 0x49, 0xd1, 0xea, 0x49, 0x0f, 0xaf, 0xdc, 0x4c, 0x8d,
  0x2c, 0x00, 0x49, 0xc1, 0xe2, 0x04, 0x48, 0x83, 0xe2, 0xfe, 0x49, 0x89,
  0xc0, 0x49, 0x89, 0xc4, 0x49, 0x89, 0xf9, 0x49, 0x29, 0xc1, 0x48, 0x8d,
  0x43, 0x10, 0x4c, 0x39, 0xd8, 0x49, 0x8d, 0x43, 0x10, 0x0f, 0x9e, 0xc1,
  0x48, 0x39, 0xd8, 0x0f, 0x9e, 0xc0, 0x08, 0xc1, 0x0f, 0x84, 0x99, 0x00,
  0x00, 0x00, 0x48, 0x83, 0x7c, 0x24, 0x08, 0x01, 0x0f, 0x86, 0x8d, 0x00,
  0x00, 0x00, 0x4b, 0x8d, 0x34, 0x1f, 0x49, 0x8d, 0x0c, 0x1f, 0x31, 0xc0,
  0x0f, 0x1f, 0x40, 0x00, 0x66, 0x0f, 0x10, 0x0c, 0x06, 0x66, 0x0f, 0x10,
  0x04, 0x01, 0x66, 0x0f, 0x28, 0xd1, 0x66, 0x0f, 0x58, 0xd0, 0x66, 0x0f,
  0x5c, 0xc1, 0x0f, 0x11, 0x14, 0x06, 0x0f, 0x11, 0x04, 0x01, 0x48, 0x83,
  0xc0, 0x10, 0x4c, 0x39, 0xd0, 0x75, 0xd9, 0x49, 0x39, 0xd4, 0x74, 0x2c,
  0x4a, 0x8d, 0x04, 0x02, 0x49, 0x8d, 0x0c, 0xc7, 0x48, 0x8d, 0x04, 0x3a,
  0xf2, 0x0f, 0x10, 0x09, 0x49, 0x8d, 0x04, 0xc7, 0xf2, 0x0f, 0x10, 0x00,
  0x66, 0x0f, 0x28, 0xd1, 0xf2, 0x0f, 0x58, 0xd0, 0xf2, 0x0f, 0x5c, 0xc1,
  0xf2, 0x0f, 0x11, 0x11, 0xf2, 0x0f, 0x11, 0x00, 0x48, 0x83, 0xc5, 0x01,
  0x4c, 0x01, 0xf3, 0x4c, 0x03, 0x1c, 0x24, 0x4d, 0x01, 0xe0, 0x4c, 0x29,
  0xe7, 0x4d, 0x29, 0xe9, 0x48, 0x39, 0xac, 0x24, 0x10, 0x01, 0x00, 0x00,
  0x0f, 0x87, 0x50, 0xff, 0xff, 0xff, 0xe9, 0xb7, 0xe9, 0xff, 0xff, 0x48,
  0x8b, 0x74, 0x24, 0x10, 0x4b, 0x8d, 0x04, 0x1f, 0x49, 0x8d, 0x0c, 0x33,
  0x0f, 0x1f, 0x40, 0x00, 0xf2, 0x0f, 0x10, 0x08, 0xf2, 0x42, 0x0f, 0x10,
  0x04, 0xc8, 0x66, 0x0f, 0x28, 0xd1, 0xf2, 0x0f, 0x58, 0xd0, 0xf2, 0x0f,
  0x5c, 0xc1, 0xf2, 0x0f, 0x11, 0x10, 0xf2, 0x42, 0x0f, 0x11, 0x04, 0xc8,
  0x48, 0x83, 0xc0, 0x08, 0x48, 0x39, 0xc8, 0x75, 0xd7, 0xeb, 0x9d, 0x31,
  0xd2, 0xe9, 0x5c, 0xf7, 0xff, 0xff, 0x48, 0x8b, 0x44, 0x24, 0x60, 0x48,
  0x8b, 0x54, 0x24, 0x68, 0x41, 0xbb, 0x02, 0x00, 0x00, 0x00, 0x4c, 0x8b,
  0xb4, 0x24, 0xa0, 0x00, 0x00, 0x00, 0x48, 0x8b, 0xbc, 0x24, 0xe8, 0x00,
  0x00, 0x00, 0x48, 0x89, 0xc3, 0x48, 0x8d, 0x72, 0xfe, 0x48, 0x89, 0xc5,
  0x49, 0x0f, 0xaf, 0xde, 0x4f, 0x8d, 0x24, 0x36, 0x48, 0xc1, 0xe5, 0x04,
  0x49, 0xf7, 0xdc, 0x48, 0x0f, 0xaf, 0x74, 0x24, 0x18, 0x4d, 0x8d, 0x54,
  0x2f, 0xf8, 0x4c, 0x0f, 0xaf, 0xe0, 0x48, 0xc1, 0xe3, 0x03, 0x4c, 0x8d,
  0x0c, 0x1f, 0x48, 0x8b, 0xbc, 0x24, 0x10, 0x01, 0x00, 0x00, 0x4c, 0x8d,
  0x2c, 0x3f, 0x48, 0x8d, 0x3c, 0xc5, 0x00, 0x00, 0x00, 0x00, 0x48, 0x0f,
  0xaf, 0xd7, 0x49, 0x89, 0xd0, 0x4c, 0x89, 0xd1, 0x4c, 0x89, 0xc8, 0x31,
  0xd2, 0x0f, 0x1f, 0x00, 0xf2, 0x0f, 0x10, 0x00, 0x48, 0x83, 0xc2, 0x01,
  0x66, 0x0f, 0x16, 0x04, 0xf0, 0x48, 0x01, 0xf8, 0x0f, 0x11, 0x01, 0x4c,
  0x01, 0xc1, 0x49, 0x39, 0xd6, 0x75, 0xe5, 0x49, 0x83, 0xc3, 0x02, 0x49,
  0x01, 0xd9, 0x49, 0x01, 0xea, 0x4c, 0x01, 0xe6, 0x4d, 0x39, 0xeb, 0x75,
  0xc8, 0x48, 0x8b, 0x44, 0x24, 0x60, 0x48, 0x83, 0xe8, 0x02, 0x48, 0x89,
  0x44, 0x24, 0x78, 0x0f, 0x84, 0xcd, 0xf7, 0xff, 0xff, 0x4c, 0x8b, 0x5c,
  0x24, 0x18, 0x48, 0x8b, 0x9c, 0x24, 0xc8, 0x01, 0x00, 0x00, 0x48, 0xc7,
  0x84, 0x24, 0xb8, 0x00, 0x00, 0x00, 0x01, 0x00, 0x00, 0x00, 0x48, 0x8b,
  0x44, 0x24, 0x60, 0x48, 0x8b, 0x7c, 0x24, 0x68, 0x4c, 0x89, 0xbc, 0x24,
  0x80, 0x00, 0x00, 0x00, 0x49, 0x0f, 0xaf, 0xdb, 0x4c, 0x89, 0x9c, 0x24,
  0xc8, 0x00, 0x00, 0x00, 0x48, 0x89, 0xfa, 0x48, 0x8d, 0x0c, 0x00, 0x48,
  0x89, 0xc6, 0x48, 0xc1, 0xe6, 0x04, 0x48, 0x89, 0x8c, 0x24, 0xf8, 0x00,
  0x00, 0x00, 0x48, 0x89, 0x9c, 0x24, 0xc0, 0x00, 0x00, 0x00, 0x48, 0x8b,
  0x9c, 0x24, 0x10, 0x01, 0x00, 0x00, 0x48, 0x89, 0xb4, 0x24, 0xf0, 0x00,
  0x00, 0x00, 0x48, 0x8d, 0x5c, 0x1b, 0xff, 0x48, 0x89, 0xb4, 0x24, 0xd0,
  0x00, 0x00, 0x00, 0x48, 0x89, 0x9c, 0x24, 0xe0, 0x00, 0x00, 0x00, 0x48,
  0x89, 0xc3, 0x48, 0x83, 0xe8, 0x03, 0x48, 0x0f, 0xaf, 0xd3, 0x48, 0xc1,
  0xe3, 0x03, 0x48, 0x89, 0x44, 0x24, 0x40, 0x48, 0x0f, 0xaf, 0xfb, 0x48,
  0x89, 0x5c, 0x24, 0x38, 0x48, 0x89, 0xc3, 0x48, 0xd1, 0xe8, 0x48, 0xf7,
  0xd8, 0x48, 0x89, 0x8c, 0x24, 0xd8, 0x00, 0x00, 0x00, 0x48, 0xc1, 0xe0,
  0x04, 0x48, 0x89, 0x54, 0x24, 0x50, 0x48, 0x89, 0x7c, 0x24, 0x58, 0x48,
  0x89, 0xdf, 0x48, 0x83, 0xe7, 0xfe, 0x48, 0x89, 0x44, 0x24, 0x68, 0x48,
  0x89, 0x7c, 0x24, 0x48, 0x48, 0x89, 0xc7, 0x48, 0x89, 0xd8, 0x48, 0xc1,
  0xe8, 0x02, 0x48, 0x89, 0xc2, 0x48, 0xc1, 0xe2, 0x05, 0x48, 0x89, 0x94,
  0x24, 0xa8, 0x00, 0x00, 0x00, 0x48, 0x8d, 0x14, 0x85, 0x00, 0x00, 0x00,
  0x00, 0x48, 0x29, 0xd3, 0x4c, 0x8d, 0x72, 0x01, 0x48, 0x89, 0xd8, 0x48,
  0x89, 0x9c, 0x24, 0x90, 0x00, 0x00, 0x00, 0x48, 0x8d, 0x5a, 0x03, 0x48,
  0x83, 0xe8, 0x02, 0x48, 0x89, 0x9c, 0x24, 0x88, 0x00, 0x00, 0x00, 0x48,
  0x89, 0x84, 0x24, 0xb0, 0x00, 0x00, 0x00, 0x48, 0x8d, 0x47, 0xf8, 0x48,
  0x89, 0x44, 0x24, 0x70, 0x4c, 0x89, 0xb4, 0x24, 0x98, 0x00, 0x00, 0x00,
  0x4c, 0x8b, 0xb4, 0x24, 0xe8, 0x00, 0x00, 0x00, 0x48, 0x8b, 0x84, 0x24,
  0xd0, 0x00, 0x00, 0x00, 0x48, 0x8b, 0xac, 0x24, 0x80, 0x00, 0x00, 0x00,
  0x48, 0xc7, 0x04, 0x24, 0x00, 0x00, 0x00, 0x00, 0x48, 0x8b, 0x9c, 0x24,
  0xc0, 0x00, 0x00, 0x00, 0x4c, 0x8d, 0x78, 0xf0, 0x48, 0x01, 0xc5, 0x48,
  0x8b, 0x84, 0x24, 0xc8, 0x00, 0x00, 0x00, 0x48, 0x89, 0x5c, 0x24, 0x20,
  0x4d, 0x8d, 0x24, 0xde, 0x48, 0x89, 0x44, 0x24, 0x10, 0x4d, 0x8d, 0x2c,
  0xc6, 0x48, 0x8b, 0x84, 0x24, 0xd8, 0x00, 0x00, 0x00, 0x48, 0x89, 0x44,
  0x24, 0x08, 0x66, 0x0f, 0x1f, 0x44, 0x00, 0x00, 0x48, 0x8b, 0x44, 0x24,
  0x08, 0x48, 0x8b, 0x5c, 0x24, 0x48, 0x49, 0x8d, 0x77, 0x18, 0x4d, 0x8d,
  0x4f, 0x20, 0x48, 0x89, 0xc7, 0x48, 0x8d, 0x44, 0x03, 0x02, 0x48, 0x8b,
  0x5c, 0x24, 0x68, 0x48, 0x2b, 0x7c, 0x24, 0x60, 0x48, 0xc1, 0xe0, 0x03,
  0x48, 0x89, 0x7c, 0x24, 0x28, 0x49, 0x8d, 0x7f, 0x08, 0x4e, 0x8d, 0x04,
  0x3b, 0x4c, 0x8d, 0x50, 0x08, 0x48, 0x8b, 0x5c, 0x24, 0x70, 0x4c, 0x39,
  0xc0, 0x0f, 0x9e, 0xc2, 0x48, 0x39, 0xf7, 0x4e, 0x8d, 0x1c, 0x3b, 0x0f,
  0x9e, 0xc1, 0x09, 0xd1, 0x48, 0x83, 0x7c, 0x24, 0x40, 0x09, 0x0f, 0x97,
  0xc2, 0x21, 0xca, 0x4d, 0x39, 0xd0, 0x0f, 0x9d, 0xc1, 0x4c, 0x39, 0xcf,
  0x40, 0x0f, 0x9e, 0xc7, 0x09, 0xf9, 0x21, 0xd1, 0x49, 0x39, 0xf7, 0x0f,
  0x9e, 0xc2, 0x4c, 0x39, 0xd8, 0x0f, 0x9e, 0xc0, 0x09, 0xd0, 0x84, 0xc1,
  0x0f, 0x84, 0x7e, 0x02, 0x00, 0x00, 0x4d, 0x39, 0xd3, 0x0f, 0x9d, 0xc0,
  0x4d, 0x39, 0xcf, 0x0f, 0x9e, 0xc2, 0x08, 0xd0, 0x0f, 0x84, 0x6a, 0x02,
  0x00, 0x00, 0x48, 0x89, 0x6c, 0x24, 0x30, 0x4c, 0x8d, 0x55, 0x08, 0x4c,
  0x8d, 0x4d, 0xe8, 0x31, 0xc0, 0x48, 0x8d, 0x75, 0x10, 0x48, 0x8d, 0x4d,
  0xf0, 0x31, 0xd2, 0x48, 0x8b, 0xac, 0x24, 0xa8, 0x00, 0x00, 0x00, 0x49,
  0x8d, 0x5d, 0x08, 0x4d, 0x8d, 0x5c, 0x24, 0x08, 0x4d, 0x8d, 0x45, 0x10,
  0x49, 0x8d, 0x7c, 0x24, 0x10, 0x0f, 0x1f, 0x80, 0x00, 0x00, 0x00, 0x00,
  0x66, 0x41, 0x0f, 0x10, 0x0c, 0x03, 0x66, 0x0f, 0x10, 0x04, 0x03, 0x66,
  0x41, 0x0f, 0x16, 0x4c, 0x03, 0x10, 0x66, 0x0f, 0x16, 0x44, 0x03, 0x10,
  0x66, 0x0f, 0x28, 0xd1, 0x66, 0x0f, 0x58, 0xd0, 0x66, 0x0f, 0x5c, 0xc1,
  0x66, 0x41, 0x0f, 0x13, 0x14, 0x02, 0x66, 0x41, 0x0f, 0x17, 0x54, 0x02,
  0x10, 0x66, 0x41, 0x0f, 0x13, 0x04, 0x11, 0x66, 0x41, 0x0f, 0x17, 0x44,
  0x11, 0xf0, 0x66, 0x0f, 0x10, 0x04, 0x07, 0x66, 0x41, 0x0f, 0x10, 0x0c,
  0x00, 0x66, 0x0f, 0x16, 0x44, 0x07, 0x10, 0x66, 0x41, 0x0f, 0x16, 0x4c,
  0x00, 0x10, 0x66, 0x0f, 0x28, 0xd0, 0x66, 0x0f, 0x5c, 0xc1, 0x66, 0x0f,
  0x58, 0xd1, 0x66, 0x0f, 0x13, 0x14, 0x06, 0x66, 0x0f, 0x17, 0x54, 0x06,
  0x10, 0x48, 0x83, 0xc0, 0x20, 0x66, 0x0f, 0x13, 0x04, 0x11, 0x66, 0x0f,
  0x17, 0x44, 0x11, 0xf0, 0x48, 0x83, 0xea, 0x20, 0x48, 0x39, 0xe8, 0x0f,
  0x85, 0x77, 0xff, 0xff, 0xff, 0x48, 0x8b, 0x84, 0x24, 0x98, 0x00, 0x00,
  0x00, 0x4c, 0x8b, 0x44, 0x24, 0x20, 0x4c, 0x8b, 0x54, 0x24, 0x10, 0x4c,
  0x8b, 0x5c, 0x24, 0x08, 0x48, 0x89, 0xc1, 0x48, 0x89, 0xc6, 0x48, 0x8b,
  0x7c, 0x24, 0x28, 0x48, 0x8b, 0x6c, 0x24, 0x30, 0x4c, 0x01, 0xc1, 0x4c,
  0x01, 0xd6, 0x48, 0x8b, 0x9c, 0x24, 0x80, 0x00, 0x00, 0x00, 0x4c, 0x01,
  0xd8, 0xf2, 0x41, 0x0f, 0x10, 0x0c, 0xce, 0xf2, 0x41, 0x0f, 0x10, 0x04,
  0xf6, 0x48, 0x89, 0xc2, 0x66, 0x0f, 0x28, 0xd1, 0xf2, 0x0f, 0x58, 0xd0,
  0xf2, 0x0f, 0x5c, 0xc1, 0xf2, 0x41, 0x0f, 0x10, 0x4c, 0xf6, 0x08, 0xf2,
  0x0f, 0x11, 0x14, 0xc3, 0x48, 0x8b, 0x84, 0x24, 0x90, 0x00, 0x00, 0x00,
  0x66, 0x0f, 0x28, 0xd1, 0x48, 0x01, 0xf8, 0xf2, 0x0f, 0x11, 0x04, 0xc3,
  0xf2, 0x41, 0x0f, 0x10, 0x44, 0xce, 0x08, 0xf2, 0x0f, 0x58, 0xd0, 0xf2,
  0x0f, 0x5c, 0xc1, 0xf2, 0x0f, 0x11, 0x54, 0xd3, 0x08, 0x48, 0x8b, 0x54,
  0x24, 0x78, 0xf2, 0x0f, 0x11, 0x44, 0xc3, 0x08, 0x48, 0x8b, 0x84, 0x24,
  0x88, 0x00, 0x00, 0x00, 0x48, 0x39, 0xd0, 0x77, 0x65, 0x48, 0x89, 0xc1,
  0x48, 0x89, 0xc6, 0x4c, 0x01, 0xd8, 0x4c, 0x01, 0xc1, 0x4c, 0x01, 0xd6,
  0x48, 0x89, 0xc2, 0xf2, 0x41, 0x0f, 0x10, 0x0c, 0xce, 0xf2, 0x41, 0x0f,
  0x10, 0x04, 0xf6, 0x66, 0x0f, 0x28, 0xd1, 0xf2, 0x0f, 0x58, 0xd0, 0xf2,
  0x0f, 0x5c, 0xc1, 0xf2, 0x41, 0x0f, 0x10, 0x4c, 0xf6, 0x08, 0xf2, 0x0f,
  0x11, 0x14, 0xc3, 0x48, 0x8b, 0x84, 0x24, 0xb0, 0x00, 0x00, 0x00, 0x48,
  0x01, 0xf8, 0xf2, 0x0f, 0x11, 0x04, 0xc3, 0xf2, 0x41, 0x0f, 0x10, 0x44,
  0xce, 0x08, 0x66, 0x0f, 0x28, 0xd0, 0xf2, 0x0f, 0x5c, 0xc1, 0xf2, 0x0f,
  0x58, 0xd1, 0xf2, 0x0f, 0x11, 0x54, 0xd3, 0x08, 0xf2, 0x0f, 0x11, 0x44,
  0xc3, 0x08, 0x48, 0x8b, 0x7c, 0x24, 0x50, 0x48, 0x8b, 0x74, 0x24, 0x38,
  0x48, 0x01, 0x7c, 0x24, 0x08, 0x48, 0x8b, 0x7c, 0x24, 0x58, 0x48, 0x8b,
  0x5c, 0x24, 0x60, 0x48, 0x83, 0x04, 0x24, 0x01, 0x49, 0x01, 0xf5, 0x49,
  0x01, 0xf4, 0x48, 0x01, 0x5c, 0x24, 0x10, 0x48, 0x8b, 0x04, 0x24, 0x49,
  0x01, 0xff, 0x48, 0x01, 0xfd, 0x48, 0x01, 0x5c, 0x24, 0x20, 0x48, 0x39,
  0x84, 0x24, 0xa0, 0x00, 0x00, 0x00, 0x0f, 0x85, 0x5c, 0xfd, 0xff, 0xff,
  0x48, 0x8b, 0x9c, 0x24, 0xf8, 0x00, 0x00, 0x00, 0x48, 0x83, 0x84, 0x24,
  0xb8, 0x00, 0x00, 0x00, 0x02, 0x48, 0x01, 0x9c, 0x24, 0xd8, 0x00, 0x00,
  0x00, 0x48, 0x8b, 0x84, 0x24, 0xb8, 0x00, 0x00, 0x00, 0x48, 0x8b, 0x9c,
  0x24, 0xf0, 0x00, 0x00, 0x00, 0x48, 0x01, 0x9c, 0x24, 0xd0, 0x00, 0x00,
  0x00, 0x48, 0x8b, 0x5c, 0x24, 0x18, 0x48, 0x01, 0x9c, 0x24, 0xc8, 0x00,
  0x00, 0x00, 0x48, 0x29, 0x9c, 0x24, 0xc0, 0x00, 0x00, 0x00, 0x48, 0x39,
  0x84, 0x24, 0xe0, 0x00, 0x00, 0x00, 0x0f, 0x85, 0xb4, 0xfc, 0xff, 0xff,
  0xe9, 0x51, 0xf3, 0xff, 0xff, 0x0f, 0x1f, 0x00, 0x48, 0x8b, 0x4c, 0x24,
  0x78, 0x48, 0x89, 0xea, 0xb8, 0x01, 0x00, 0x00, 0x00, 0x0f, 0x1f, 0x00,
  0xf2, 0x41, 0x0f, 0x10, 0x0c, 0xc4, 0xf2, 0x41, 0x0f, 0x10, 0x44, 0xc5,
  0x00, 0x48, 0x83, 0xea, 0x10, 0x66, 0x0f, 0x28, 0xd1, 0xf2, 0x0f, 0x58,
  0xd0, 0xf2, 0x0f, 0x5c, 0xc1, 0xf2, 0x41, 0x0f, 0x10, 0x4c, 0xc5, 0x08,
  0xf2, 0x0f, 0x11, 0x54, 0xc5, 0x00, 0xf2, 0x0f, 0x11, 0x42, 0xf8, 0xf2,
  0x41, 0x0f, 0x10, 0x44, 0xc4, 0x08, 0x66, 0x0f, 0x28, 0xd0, 0xf2, 0x0f,
  0x5c, 0xc1, 0xf2, 0x0f, 0x58, 0xd1, 0xf2, 0x0f, 0x11, 0x54, 0xc5, 0x08,
  0x48, 0x83, 0xc0, 0x02, 0xf2, 0x0f, 0x11, 0x02, 0x48, 0x39, 0xc8, 0x76,
  0xab, 0xe9, 0xf4, 0xfe, 0xff, 0xff, 0x48, 0x83, 0x7c, 0x24, 0x18, 0x00,
  0x0f, 0x84, 0xd3, 0xf1, 0xff, 0xff, 0x48, 0x8b, 0x44, 0x24, 0x18, 0x48,
  0x8b, 0xbc, 0x24, 0xe8, 0x00, 0x00, 0x00, 0x4c, 0x89, 0xfe, 0x48, 0x8d,
  0x14, 0xc5, 0x00, 0x00, 0x00, 0x00, 0xe8, 0xcd, 0x5c, 0xff, 0xff, 0xe9,
  0xb1, 0xf1, 0xff, 0xff, 0x0f, 0x1f, 0x84, 0x00, 0x00, 0x00, 0x00, 0x00,
  0x48, 0x8b, 0x44, 0x24, 0x68, 0x48, 0x83, 0xe8, 0x02, 0x48, 0x89, 0x84,
  0x24, 0x58, 0x01, 0x00, 0x00, 0xe9, 0xfd, 0xe2, 0xff, 0xff, 0x31, 0xc9,
  0xe9, 0xcb, 0xf0, 0xff, 0xff, 0x0f, 0x1f, 0x00, 0x49, 0x89, 0xfb, 0x49,
  0x89, 0xf2, 0x41, 0x83, 0xe3, 0x01, 0x48, 0x85, 0xf6, 0x0f, 0x84, 0xb2,
  0x00, 0x00, 0x00, 0x49, 0x89, 0xf9, 0x48, 0x89, 0xce, 0x48, 0x83, 0xff,
  0x01, 0x0f, 0x85, 0xa3, 0x00, 0x00, 0x00, 0x49, 0x8d, 0x42, 0xff, 0x4a,
  0x8d, 0x0c, 0xd5, 0x00, 0x00, 0x00, 0x00, 0x48, 0x83, 0xf8, 0x01, 0x0f,
  0x86, 0x23, 0x02, 0x00, 0x00, 0x48, 0x83, 0xf9, 0x08, 0x0f, 0x84, 0x19,
  0x02, 0x00, 0x00, 0x4c, 0x89, 0xd7, 0x48, 0x01, 0xf1, 0x31, 0xc0, 0x48,
  0xd1, 0xef, 0x48, 0xc1, 0xe7, 0x04, 0x66, 0x0f, 0x1f, 0x44, 0x00, 0x00,
  0x66, 0x0f, 0x10, 0x0c, 0x42, 0x66, 0x0f, 0x10, 0x44, 0x42, 0x10, 0x66,
  0x0f, 0x12, 0x44, 0x42, 0x08, 0x66, 0x0f, 0x16, 0x4c, 0x42, 0x10, 0x66,
  0x0f, 0x28, 0xd0, 0x66, 0x0f, 0x58, 0xd1, 0x66, 0x0f, 0x5c, 0xc8, 0x0f,
  0x11, 0x14, 0x06, 0x0f, 0x11, 0x0c, 0x01, 0x48, 0x83, 0xc0, 0x10, 0x48,
  0x39, 0xc7, 0x75, 0xcc, 0x4c, 0x89, 0xd0, 0x48, 0x83, 0xe0, 0xfe, 0x41,
  0xf6, 0xc2, 0x01, 0x74, 0x2c, 0x48, 0x89, 0xc1, 0x48, 0xc1, 0xe1, 0x04,
  0xf2, 0x0f, 0x10, 0x4c, 0x0a, 0x08, 0xf2, 0x0f, 0x10, 0x04, 0x0a, 0x66,
  0x0f, 0x28, 0xd1, 0xf2, 0x0f, 0x58, 0xd0, 0xf2, 0x0f, 0x5c, 0xc1, 0xf2,
  0x0f, 0x11, 0x14, 0xc6, 0x4c, 0x01, 0xd0, 0xf2, 0x0f, 0x11, 0x04, 0xc6,
  0xc3, 0xc3, 0x41, 0x54, 0x48, 0x89, 0xd1, 0x4c, 0x8d, 0x24, 0xfd, 0x00,
  0x00, 0x00, 0x00, 0x48, 0x89, 0xf0, 0x55, 0x4c, 0x89, 0xd5, 0x53, 0x48,
  0x89, 0xfb, 0x48, 0x0f, 0xaf, 0xef, 0x31, 0xff, 0x48, 0xc1, 0xe3, 0x04,
  0x0f, 0x1f, 0x84, 0x00, 0x00, 0x00, 0x00, 0x00, 0xf2, 0x0f, 0x10, 0x01,
  0xf2, 0x0f, 0x10, 0x4c, 0x19, 0xf8, 0x48, 0x83, 0xc7, 0x01, 0x48, 0x01,
  0xd9, 0x66, 0x0f, 0x28, 0xd0, 0xf2, 0x0f, 0x5c, 0xc1, 0xf2, 0x0f, 0x58,
  0xd1, 0xf2, 0x0f, 0x11, 0x10, 0xf2, 0x0f, 0x11, 0x04, 0xe8, 0x4c, 0x01,
  0xe0, 0x4c, 0x39, 0xd7, 0x75, 0xd2, 0x4d, 0x85, 0xdb, 0x75, 0x56, 0x4c,
  0x89, 0xd3, 0x4c, 0x89, 0xcd, 0x4a, 0x8d, 0x3c, 0xcd, 0x00, 0x00, 0x00,
  0x00, 0xf2, 0x0f, 0x10, 0x0d, 0xc7, 0x8f, 0x00, 0x00, 0x49, 0x0f, 0xaf,
  0xd9, 0x48, 0xc1, 0xe5, 0x04, 0x48, 0x8d, 0x0c, 0x3a, 0x4a, 0x8d, 0x44,
  0xce, 0xf8, 0x66, 0x0f, 0x1f, 0x44, 0x00, 0x00, 0xf2, 0x0f, 0x10, 0x41,
  0xf8, 0x49, 0x83, 0xc3, 0x01, 0xf2, 0x0f, 0x58, 0xc0, 0xf2, 0x0f, 0x11,
  0x00, 0xf2, 0x0f, 0x10, 0x01, 0x48, 0x01, 0xe9, 0xf2, 0x0f, 0x59, 0xc1,
  0xf2, 0x0f, 0x11, 0x04, 0xd8, 0x48, 0x01, 0xf8, 0x4d, 0x39, 0xd3, 0x75,
  0xd7, 0x49, 0x83, 0xf9, 0x02, 0x0f, 0x86, 0xd4, 0x00, 0x00, 0x00, 0x4c,
  0x89, 0xd7, 0x4c, 0x89, 0xcd, 0x48, 0x89, 0xd1, 0x45, 0x31, 0xdb, 0x4a,
  0x8d, 0x1c, 0xcd, 0x00, 0x00, 0x00, 0x00, 0x48, 0xc1, 0xe5, 0x04, 0x48,
  0x0f, 0xaf, 0xfb, 0x4c, 0x8d, 0x65, 0xe8, 0x48, 0x01, 0xf7, 0x66, 0x2e,
  0x0f, 0x1f, 0x84, 0x00, 0x00, 0x00, 0x00, 0x00, 0x49, 0x83, 0xc3, 0x01,
  0x49, 0x8d, 0x14, 0x0c, 0xb8, 0x02, 0x00, 0x00, 0x00, 0x0f, 0x1f, 0x00,
  0xf2, 0x0f, 0x10, 0x44, 0xc1, 0xf8, 0xf2, 0x0f, 0x10, 0x12, 0x48, 0x83,
  0xea, 0x10, 0x66, 0x0f, 0x28, 0xc8, 0xf2, 0x0f, 0x58, 0xca, 0xf2, 0x0f,
  0x11, 0x4c, 0xc6, 0xf8, 0x66, 0x0f, 0x28, 0xc8, 0xf2, 0x0f, 0x10, 0x04,
  0xc1, 0xf2, 0x0f, 0x5c, 0xca, 0xf2, 0x0f, 0x10, 0x52, 0x18, 0x66, 0x0f,
  0x28, 0xe0, 0xf2, 0x0f, 0x5c, 0xc2, 0xf2, 0x0f, 0x58, 0xe2, 0xf2, 0x41,
  0x0f, 0x10, 0x54, 0xc0, 0xf8, 0x66, 0x0f, 0x28, 0xea, 0xf2, 0x0f, 0x11,
  0x04, 0xc6, 0xf2, 0x41, 0x0f, 0x10, 0x44, 0xc0, 0xf0, 0xf2, 0x0f, 0x59,
  0xe9, 0xf2, 0x0f, 0x59, 0xd4, 0x66, 0x0f, 0x28, 0xd8, 0xf2, 0x0f, 0x59,
  0xdc, 0xf2, 0x0f, 0x59, 0xc1, 0xf2, 0x0f, 0x58, 0xdd, 0xf2, 0x0f, 0x5c,
  0xc2, 0xf2, 0x0f, 0x11, 0x1c, 0xc7, 0xf2, 0x0f, 0x11, 0x44, 0xc7, 0xf8,
  0x48, 0x83, 0xc0, 0x02, 0x49, 0x39, 0xc1, 0x0f, 0x87, 0x7b, 0xff, 0xff,
  0xff, 0x48, 0x01, 0xe9, 0x48, 0x01, 0xde, 0x48, 0x01, 0xdf, 0x4d, 0x39,
  0xd3, 0x0f, 0x82, 0x59, 0xff, 0xff, 0xff, 0x5b, 0x5d, 0x41, 0x5c, 0xc3,
  0x48, 0x8d, 0x3c, 0x0e, 0x31, 0xc0, 0x66, 0x0f, 0x1f, 0x44, 0x00, 0x00,
  0xf2, 0x0f, 0x10, 0x4c, 0x42, 0x08, 0xf2, 0x0f, 0x10, 0x04, 0x42, 0x66,
  0x0f, 0x28, 0xd1, 0xf2, 0x0f, 0x58, 0xd0, 0xf2, 0x0f, 0x5c, 0xc1, 0xf2,
  0x0f, 0x11, 0x14, 0x06, 0xf2, 0x0f, 0x11, 0x04, 0x07, 0x48, 0x83, 0xc0,
  0x08, 0x48, 0x39, 0xc1, 0x75, 0xd6, 0xc3, 0x66, 0x66, 0x2e, 0x0f, 0x1f,
  0x84, 0x00, 0x00, 0x00, 0x00, 0x00, 0x66, 0x90, 0x41, 0x56, 0x41, 0x55,
  0x41, 0x54, 0x55, 0x48, 0x89, 0xf5, 0x53, 0x48, 0x85, 0xf6, 0x0f, 0x84,
  0x59, 0x01, 0x00, 0x00, 0x48, 0x89, 0xfb, 0x48, 0x89, 0xce, 0x48, 0x8d,
  0x7c, 0x2d, 0x00, 0x48, 0x83, 0xfb, 0x01, 0x0f, 0x85, 0x4d, 0x01, 0x00,
  0x00, 0x4c, 0x8d, 0x04, 0xed, 0x00, 0x00, 0x00, 0x00, 0x48, 0x89, 0xe8,
  0x48, 0xc1, 0xe0, 0x04, 0x49, 0x83, 0xf8, 0x08, 0x0f, 0x95, 0xc1, 0x48,
  0x83, 0xfd, 0x01, 0x41, 0x0f, 0x95, 0xc1, 0x44, 0x21, 0xc9, 0x48, 0x83,
  0xf8, 0x08, 0x41, 0x0f, 0x95, 0xc1, 0x44, 0x84, 0xc9, 0x0f, 0x84, 0x57,
  0x03, 0x00, 0x00, 0x48, 0x8d, 0x0c, 0xfd, 0x08, 0x00, 0x00, 0x00, 0x4c,
  0x39, 0xc1, 0x0f, 0x84, 0x46, 0x03, 0x00, 0x00, 0x49, 0x89, 0xea, 0x49,
  0x01, 0xf0, 0x48, 0x01, 0xf0, 0x49, 0x89, 0xf1, 0x49, 0xd1, 0xea, 0x66,
  0x0f, 0x28, 0x2d, 0xbd, 0x8b, 0x00, 0x00, 0x66, 0x0f, 0x28, 0x25, 0xd5,
  0x8c, 0x00, 0x00, 0x48, 0x89, 0xd1, 0x49, 0xc1, 0xe2, 0x04, 0x4d, 0x01,
  0xc2, 0x0f, 0x1f, 0x00, 0x66, 0x0f, 0x10, 0x11, 0x49, 0x83, 0xc0, 0x10,
  0x48, 0x83, 0xc0, 0x10, 0x49, 0x83, 0xc1, 0x10, 0x48, 0x83, 0xc1, 0x30,
  0x66, 0x0f, 0x28, 0xc2, 0x66, 0x0f, 0x28, 0xda, 0x0f, 0x16, 0x59, 0xe8,
  0x66, 0x0f, 0xc6, 0xc2, 0x01, 0x66, 0x0f, 0x16, 0x41, 0xf0, 0x66, 0x0f,
  0x58, 0xc0, 0x66, 0x0f, 0x28, 0xc8, 0x66, 0x0f, 0x58, 0xc3, 0x66, 0x0f,
  0x59, 0xcd, 0x41, 0x0f, 0x11, 0x41, 0xf0, 0x66, 0x0f, 0x10, 0x41, 0xe0,
  0x66, 0x0f, 0x14, 0xc2, 0x0f, 0x16, 0x41, 0xf8, 0x66, 0x0f, 0x58, 0xcb,
  0x66, 0x0f, 0x59, 0xc4, 0x66, 0x0f, 0x28, 0xd0, 0x66, 0x0f, 0x58, 0xd1,
  0x66, 0x0f, 0x5c, 0xc8, 0x0f, 0x11, 0x50, 0xf0, 0x41, 0x0f, 0x11, 0x48,
  0xf0, 0x4d, 0x39, 0xc2, 0x75, 0x92, 0x48, 0x89, 0xe8, 0x48, 0x83, 0xe0,
  0xfe, 0x40, 0xf6, 0xc5, 0x01, 0x74, 0x5a, 0x48, 0x8d, 0x0c, 0x40, 0xf2,
  0x0f, 0x10, 0x05, 0x29, 0x8d, 0x00, 0x00, 0x48, 0xc1, 0xe1, 0x03, 0xf2,
  0x0f, 0x10, 0x4c, 0x0a, 0x08, 0xf2, 0x0f, 0x10, 0x14, 0x0a, 0xf2, 0x0f,
  0x58, 0xc9, 0xf2, 0x0f, 0x59, 0xc1, 0xf2, 0x0f, 0x58, 0xca, 0xf2, 0x0f,
  0x11, 0x0c, 0xc6, 0xf2, 0x0f, 0x10, 0x0d, 0x21, 0x8d, 0x00, 0x00, 0x48,
  0x01, 0xf8, 0xf2, 0x0f, 0x59, 0x4c, 0x0a, 0x10, 0xf2, 0x0f, 0x58, 0xc2,
  0x66, 0x0f, 0x28, 0xd1, 0xf2, 0x0f, 0x58, 0xd0, 0xf2, 0x0f, 0x5c, 0xc1,
  0xf2, 0x0f, 0x11, 0x14, 0xc6, 0x48, 0x29, 0xe8, 0xf2, 0x0f, 0x11, 0x04,
  0xc6, 0x5b, 0x5d, 0x41, 0x5c, 0x41, 0x5d, 0x41, 0x5e, 0xc3, 0x49, 0x89,
  0xfd, 0x49, 0x89, 0xec, 0x48, 0x89, 0xd8, 0x49, 0x89, 0xda, 0x4c, 0x0f,
  0xaf, 0xeb, 0x4c, 0x8d, 0x1c, 0x5b, 0x48, 0xc1, 0xe0, 0x04, 0x49, 0xf7,
  0xda, 0x4c, 0x0f, 0xaf, 0xe3, 0x49, 0xc1, 0xe3, 0x03, 0x48, 0x01, 0xd0,
  0x49, 0xc1, 0xe2, 0x04, 0xf2, 0x0f, 0x10, 0x25, 0xa0, 0x8c, 0x00, 0x00,
  0xf2, 0x0f, 0x10, 0x1d, 0xb8, 0x8c, 0x00, 0x00, 0x4c, 0x8d, 0x34, 0xdd,
  0x00, 0x00, 0x00, 0x00, 0x45, 0x31, 0xc9, 0x0f, 0x1f, 0x44, 0x00, 0x00,
  0xf2, 0x0f, 0x10, 0x48, 0xf8, 0xf2, 0x42, 0x0f, 0x10, 0x14, 0x10, 0x49,
  0x83, 0xc1, 0x01, 0xf2, 0x0f, 0x58, 0xc9, 0x66, 0x0f, 0x28, 0xc1, 0xf2,
  0x0f, 0x58, 0xca, 0xf2, 0x0f, 0x59, 0xc4, 0xf2, 0x0f, 0x11, 0x09, 0xf2,
  0x0f, 0x10, 0x08, 0x4c, 0x01, 0xd8, 0xf2, 0x0f, 0x59, 0xcb, 0xf2, 0x0f,
  0x58, 0xc2, 0x66, 0x0f, 0x28, 0xd0, 0xf2, 0x0f, 0x58, 0xd1, 0xf2, 0x0f,
  0x5c, 0xc1, 0xf2, 0x42, 0x0f, 0x11, 0x14, 0xe9, 0xf2, 0x42, 0x0f, 0x11,
  0x04, 0xe1, 0x4c, 0x01, 0xf1, 0x4c, 0x39, 0xcd, 0x75, 0xae, 0x48, 0x83,
  0xfb, 0x02, 0x0f, 0x86, 0x51, 0xff, 0xff, 0xff, 0x48, 0x89, 0xf8, 0x49,
  0x89, 0xea, 0x49, 0x89, 0xd9, 0x48, 0x89, 0xd1, 0x4c, 0x8d, 0x24, 0xdd,
  0x00, 0x00, 0x00, 0x00, 0x4c, 0x8d, 0x34, 0x5b, 0x49, 0xc1, 0xe1, 0x04,
  0xf2, 0x0f, 0x10, 0x2d, 0x00, 0x8c, 0x00, 0x00, 0x4d, 0x0f, 0xaf, 0xd4,
  0x49, 0xc1, 0xe6, 0x03, 0x49, 0x01, 0xd1, 0x45, 0x31, 0xed, 0x49, 0x0f,
  0xaf, 0xc4, 0x4f, 0x8d, 0x1c, 0x20, 0x49, 0x01, 0xf2, 0x48, 0x8d, 0x3c,
  0x06, 0x0f, 0x1f, 0x00, 0x49, 0x8d, 0x51, 0xe8, 0xb8, 0x02, 0x00, 0x00,
  0x00, 0x0f, 0x1f, 0x80, 0x00, 0x00, 0x00, 0x00, 0xf2, 0x41, 0x0f, 0x10,
  0x4c, 0xc1, 0xf8, 0xf2, 0x41, 0x0f, 0x10, 0x14, 0xc1, 0x48, 0x83, 0xea,
  0x10, 0xf2, 0x44, 0x0f, 0x10, 0x4a, 0x10, 0xf2, 0x44, 0x0f, 0x10, 0x42,
  0x18, 0x66, 0x44, 0x0f, 0x28, 0xd9, 0x66, 0x44, 0x0f, 0x28, 0xd2, 0xf2,
  0x0f, 0x10, 0x7c, 0xc1, 0xf8, 0xf2, 0x0f, 0x10, 0x34, 0xc1, 0xf2, 0x45,
  0x0f, 0x58, 0xd9, 0xf2, 0x45, 0x0f, 0x5c, 0xd0, 0xf2, 0x41, 0x0f, 0x5c,
  0xc9, 0xf2, 0x41, 0x0f, 0x58, 0xd0, 0x66, 0x41, 0x0f, 0x28, 0xdb, 0x66,
  0x41, 0x0f, 0x28, 0xc2, 0xf2, 0x0f, 0x59, 0xdc, 0xf2, 0x0f, 0x59, 0xc4,
  0xf2, 0x0f, 0x59, 0xcd, 0xf2, 0x0f, 0x59, 0xd5, 0xf2, 0x0f, 0x58, 0xdf,
  0xf2, 0x41, 0x0f, 0x58, 0xfb, 0xf2, 0x0f, 0x58, 0xc6, 0xf2, 0x41, 0x0f,
  0x58, 0xf2, 0xf2, 0x0f, 0x11, 0x7c, 0xc6, 0xf8, 0x66, 0x0f, 0x28, 0xfb,
  0xf2, 0x0f, 0x5c, 0xda, 0x66, 0x44, 0x0f, 0x28, 0xc0, 0xf2, 0x0f, 0x11,
  0x34, 0xc6, 0xf2, 0x0f, 0x58, 0xfa, 0xf2, 0x41, 0x0f, 0x10, 0x74, 0xc0,
  0xf8, 0xf2, 0x44, 0x0f, 0x58, 0xc1, 0xf2, 0x41, 0x0f, 0x10, 0x54, 0xc0,
  0xf0, 0xf2, 0x0f, 0x5c, 0xc1, 0x66, 0x44, 0x0f, 0x28, 0xce, 0xf2, 0x44,
  0x0f, 0x59, 0xcb, 0x66, 0x0f, 0x28, 0xca, 0xf2, 0x41, 0x0f, 0x59, 0xf0,
  0xf2, 0x0f, 0x59, 0xd3, 0xf2, 0x41, 0x0f, 0x59, 0xc8, 0xf2, 0x0f, 0x5c,
  0xd6, 0xf2, 0x41, 0x0f, 0x58, 0xc9, 0xf2, 0x41, 0x0f, 0x11, 0x54, 0xc2,
  0xf8, 0xf2, 0x41, 0x0f, 0x10, 0x54, 0xc3, 0xf0, 0xf2, 0x41, 0x0f, 0x11,
  0x0c, 0xc2, 0xf2, 0x41, 0x0f, 0x10, 0x4c, 0xc3, 0xe8, 0x66, 0x0f, 0x28,
  0xf2, 0xf2, 0x0f, 0x59, 0xf7, 0x66, 0x0f, 0x28, 0xd9, 0xf2, 0x0f, 0x59,
  0xd8, 0xf2, 0x0f, 0x59, 0xcf, 0xf2, 0x0f, 0x59, 0xc2, 0xf2, 0x0f, 0x58,
  0xde, 0xf2, 0x0f, 0x5c, 0xc8, 0xf2, 0x0f, 0x11, 0x1c, 0xc7, 0xf2, 0x0f,
  0x11, 0x4c, 0xc7, 0xf8, 0x48, 0x83, 0xc0, 0x02, 0x48, 0x39, 0xc3, 0x0f,
  0x87, 0xe3, 0xfe, 0xff, 0xff, 0x49, 0x83, 0xc5, 0x01, 0x4d, 0x01, 0xf1,
  0x4c, 0x01, 0xf1, 0x4c, 0x01, 0xe6, 0x4d, 0x01, 0xe2, 0x4c, 0x01, 0xe7,
  0x4c, 0x39, 0xed, 0x0f, 0x85, 0xb7, 0xfe, 0xff, 0xff, 0x5b, 0x5d, 0x41,
  0x5c, 0x41, 0x5d, 0x41, 0x5e, 0xc3, 0x48, 0x8d, 0x0c, 0x2f, 0x48, 0x01,
  0xf0, 0xf2, 0x0f, 0x10, 0x25, 0x87, 0x8a, 0x00, 0x00, 0xf2, 0x0f, 0x10,
  0x1d, 0x9f, 0x8a, 0x00, 0x00, 0x48, 0x8d, 0x34, 0xce, 0x48, 0x89, 0xe9,
  0x48, 0x29, 0xfd, 0x48, 0xf7, 0xd9, 0x48, 0xc1, 0xe1, 0x04, 0x66, 0x0f,
  0x1f, 0x44, 0x00, 0x00, 0xf2, 0x0f, 0x10, 0x4a, 0x08, 0xf2, 0x0f, 0x10,
  0x12, 0x48, 0x83, 0xc2, 0x18, 0xf2, 0x0f, 0x58, 0xc9, 0x66, 0x0f, 0x28,
  0xc1, 0xf2, 0x0f, 0x58, 0xca, 0xf2, 0x0f, 0x59, 0xc4, 0xf2, 0x0f, 0x11,
  0x0c, 0x08, 0xf2, 0x0f, 0x10, 0x4a, 0xf8, 0xf2, 0x0f, 0x59, 0xcb, 0xf2,
  0x0f, 0x58, 0xc2, 0x66, 0x0f, 0x28, 0xd1, 0xf2, 0x0f, 0x58, 0xd0, 0xf2,
  0x0f, 0x5c, 0xc1, 0xf2, 0x0f, 0x11, 0x10, 0xf2, 0x0f, 0x11, 0x04, 0xe8,
  0x48, 0x83, 0xc0, 0x08, 0x48, 0x39, 0xc6, 0x75, 0xb3, 0x5b, 0x5d, 0x41,
  0x5c, 0x41, 0x5d, 0x41, 0x5e, 0xc3, 0x66, 0x2e, 0x0f, 0x1f, 0x84, 0x00,
  0x00, 0x00, 0x00, 0x00, 0x41, 0x57, 0x48, 0x89, 0xf0, 0x41, 0x56, 0x49,
  0x89, 0xfe, 0x41, 0x55, 0x41, 0x83, 0xe6, 0x01, 0x41, 0x54, 0x55, 0x53,
  0x48, 0x89, 0x74, 0x24, 0xd8, 0x48, 0x85, 0xf6, 0x0f, 0x84, 0xd6, 0x01,
  0x00, 0x00, 0x48, 0x89, 0xfd, 0x48, 0x8d, 0x3c, 0x00, 0x48, 0x89, 0xce,
  0x49, 0x89, 0xd5, 0x48, 0x8d, 0x0c, 0x07, 0x48, 0x89, 0x4c, 0x24, 0xc8,
  0x48, 0x83, 0xfd, 0x01, 0x0f, 0x85, 0xc1, 0x01, 0x00, 0x00, 0x48, 0x8d,
  0x14, 0xc5, 0x00, 0x00, 0x00, 0x00, 0x49, 0x89, 0xc0, 0x48, 0x89, 0xc3,
  0x49, 0xc1, 0xe0, 0x04, 0x48, 0x83, 0xfa, 0x08, 0x4c, 0x8d, 0x14, 0xcd,
  0x00, 0x00, 0x00, 0x00, 0x0f, 0x95, 0xc0, 0x48, 0x83, 0xfb, 0x01, 0x4c,
  0x8d, 0x0c, 0xfd, 0x08, 0x00, 0x00, 0x00, 0x41, 0x0f, 0x95, 0xc3, 0x44,
  0x21, 0xd8, 0x49, 0x83, 0xf8, 0x08, 0x41, 0x0f, 0x95, 0xc3, 0x44, 0x21,
  0xd8, 0x49, 0x83, 0xfa, 0x08, 0x41, 0x0f, 0x95, 0xc3, 0x44, 0x21, 0xd8,
  0x4d, 0x39, 0xd1, 0x41, 0x0f, 0x95, 0xc2, 0x44, 0x21, 0xd0, 0x4c, 0x39,
  0xca, 0x41, 0x0f, 0x95, 0xc1, 0x44, 0x84, 0xc8, 0x0f, 0x84, 0x88, 0x05,
  0x00, 0x00, 0x48, 0x8d, 0x04, 0xcd, 0x08, 0x00, 0x00, 0x00, 0x48, 0x39,
  0xd0, 0x0f, 0x84, 0x77, 0x05, 0x00, 0x00, 0x49, 0x01, 0xf0, 0x48, 0x89,
  0xd8, 0x48, 0xd1, 0xeb, 0x4c, 0x01, 0xc2, 0x48, 0xc1, 0xe0, 0x04, 0x48,
  0x89, 0xd9, 0x49, 0x89, 0xd1, 0x48, 0xc1, 0xe1, 0x04, 0x49, 0x29, 0xc1,
  0x31, 0xc0, 0x66, 0x2e, 0x0f, 0x1f, 0x84, 0x00, 0x00, 0x00, 0x00, 0x00,
  0x66, 0x41, 0x0f, 0x10, 0x4c, 0x85, 0x00, 0x66, 0x41, 0x0f, 0x10, 0x44,
  0x85, 0x10, 0x66, 0x41, 0x0f, 0x12, 0x44, 0x85, 0x08, 0x66, 0x41, 0x0f,
  0x10, 0x6c, 0x85, 0x20, 0x66, 0x41, 0x0f, 0x10, 0x5c, 0x85, 0x30, 0x66,
  0x41, 0x0f, 0x12, 0x5c, 0x85, 0x28, 0x66, 0x41, 0x0f, 0x16, 0x4c, 0x85,
  0x10, 0x66, 0x0f, 0x28, 0xf0, 0x66, 0x41, 0x0f, 0x16, 0x6c, 0x85, 0x30,
  0x66, 0x0f, 0x28, 0xd1, 0x66, 0x0f, 0x15, 0xf3, 0x66, 0x0f, 0x14, 0xc3,
  0x66, 0x0f, 0x14, 0xd5, 0x66, 0x0f, 0x58, 0xc0, 0x66, 0x0f, 0x28, 0xe6,
  0x66, 0x0f, 0x15, 0xcd, 0x66, 0x0f, 0x58, 0xe2, 0x66, 0x0f, 0x58, 0xc9,
  0x66, 0x0f, 0x5c, 0xd6, 0x66, 0x0f, 0x28, 0xd8, 0x66, 0x0f, 0x58, 0xdc,
  0x66, 0x0f, 0x5c, 0xe0, 0x66, 0x0f, 0x28, 0xc1, 0x66, 0x0f, 0x58, 0xc2,
  0x66, 0x0f, 0x5c, 0xd1, 0x0f, 0x11, 0x1c, 0x06, 0x41, 0x0f, 0x11, 0x24,
  0x00, 0x0f, 0x11, 0x04, 0x02, 0x41, 0x0f, 0x11, 0x14, 0x01, 0x48, 0x83,
  0xc0, 0x10, 0x48, 0x39, 0xc1, 0x0f, 0x85, 0x65, 0xff, 0xff, 0xff, 0x48,
  0x8b, 0x5c, 0x24, 0xd8, 0x48, 0x89, 0xd8, 0x48, 0x83, 0xe0, 0xfe, 0xf6,
  0xc3, 0x01, 0x74, 0x6c, 0x48, 0x89, 0xc2, 0x48, 0xc1, 0xe2, 0x05, 0xf2,
  0x41, 0x0f, 0x10, 0x4c, 0x15, 0x18, 0xf2, 0x41, 0x0f, 0x10, 0x44, 0x15,
  0x00, 0xf2, 0x41, 0x0f, 0x10, 0x54, 0x15, 0x08, 0x66, 0x0f, 0x28, 0xd9,
  0xf2, 0x0f, 0x58, 0xd8, 0xf2, 0x0f, 0x58, 0xd2, 0xf2, 0x0f, 0x5c, 0xc1,
  0xf2, 0x41, 0x0f, 0x10, 0x4c, 0x15, 0x10, 0xf2, 0x0f, 0x58, 0xc9, 0x66,
  0x0f, 0x28, 0xe2, 0xf2, 0x0f, 0x58, 0xe3, 0xf2, 0x0f, 0x5c, 0xda, 0x66,
  0x0f, 0x28, 0xd1, 0xf2, 0x0f, 0x58, 0xd0, 0xf2, 0x0f, 0x11, 0x24, 0xc6,
  0xf2, 0x0f, 0x5c, 0xc1, 0x48, 0x01, 0xf8, 0xf2, 0x0f, 0x11, 0x1c, 0xc6,
  0x48, 0x01, 0xd8, 0xf2, 0x0f, 0x11, 0x14, 0xc6, 0x48, 0x29, 0xf8, 0xf2,
  0x0f, 0x11, 0x04, 0xc6, 0x5b, 0x5d, 0x41, 0x5c, 0x41, 0x5d, 0x41, 0x5e,
  0x41, 0x5f, 0xc3, 0x49, 0x89, 0xc3, 0x48, 0x89, 0xe8, 0x49, 0x89, 0xea,
  0x49, 0x89, 0xe9, 0x48, 0xc1, 0xe0, 0x05, 0x49, 0x89, 0xff, 0x49, 0x89,
  0xcc, 0x48, 0x89, 0x7c, 0x24, 0xe0, 0x48, 0x89, 0x44, 0x24, 0xd0, 0x4c,
  0x0f, 0xaf, 0xfd, 0x49, 0xc1, 0xe2, 0x04, 0x49, 0xf7, 0xd9, 0x4c, 0x0f,
  0xaf, 0xe5, 0x4c, 0x89, 0x74, 0x24, 0xe8, 0x4c, 0x89, 0xc3, 0x4c, 0x01,
  0xd2, 0x4c, 0x0f, 0xaf, 0xdd, 0x48, 0x89, 0x6c, 0x24, 0xf0, 0x48, 0x89,
  0xf0, 0x49, 0xc1, 0xe1, 0x04, 0x48, 0x8d, 0x3c, 0xed, 0x00, 0x00, 0x00,
  0x00, 0x4c, 0x8b, 0x74, 0x24, 0xd8, 0x48, 0x8b, 0x6c, 0x24, 0xd0, 0x45,
  0x31, 0xc0, 0x66, 0x0f, 0x1f, 0x44, 0x00, 0x00, 0xf2, 0x42, 0x0f, 0x10,
  0x04, 0x0a, 0xf2, 0x42, 0x0f, 0x10, 0x4c, 0x12, 0xf8, 0x49, 0x83, 0xc0,
  0x01, 0xf2, 0x0f, 0x10, 0x52, 0xf8, 0x66, 0x0f, 0x28, 0xd8, 0xf2, 0x0f,
  0x5c, 0xc1, 0xf2, 0x0f, 0x58, 0xd9, 0xf2, 0x0f, 0x10, 0x0a, 0xf2, 0x0f,
  0x58, 0xd2, 0x48, 0x01, 0xea, 0xf2, 0x0f, 0x58, 0xc9, 0x66, 0x0f, 0x28,
  0xe3, 0xf2, 0x0f, 0x5c, 0xda, 0xf2, 0x0f, 0x58, 0xe2, 0x66, 0x0f, 0x28,
  0xd0, 0xf2, 0x0f, 0x58, 0xd1, 0xf2, 0x0f, 0x5c, 0xc1, 0xf2, 0x0f, 0x11,
  0x20, 0xf2, 0x42, 0x0f, 0x11, 0x1c, 0xf8, 0xf2, 0x42, 0x0f, 0x11, 0x14,
  0xe0, 0xf2, 0x42, 0x0f, 0x11, 0x04, 0xd8, 0x48, 0x01, 0xf8, 0x4d, 0x39,
  0xf0, 0x75, 0x99, 0x4c, 0x8b, 0x74, 0x24, 0xe8, 0x48, 0x8b, 0x7c, 0x24,
  0xe0, 0x48, 0x8b, 0x6c, 0x24, 0xf0, 0x4d, 0x85, 0xf6, 0x0f, 0x85, 0x23,
  0x03, 0x00, 0x00, 0x4c, 0x8b, 0x54, 0x24, 0xd8, 0x49, 0x89, 0xfb, 0x48,
  0x0f, 0xaf, 0xcd, 0x4c, 0x8d, 0x65, 0xff, 0x4c, 0x0f, 0xaf, 0xdd, 0x48,
  0x89, 0x7c, 0x24, 0xd0, 0x49, 0x89, 0xef, 0x49, 0x89, 0xe8, 0x4c, 0x0f,
  0xaf, 0xd5, 0x4c, 0x8d, 0x0c, 0xed, 0x00, 0x00, 0x00, 0x00, 0xf2, 0x0f,
  0x10, 0x3d, 0x16, 0x87, 0x00, 0x00, 0xf2, 0x0f, 0x10, 0x35, 0x16, 0x87,
  0x00, 0x00, 0x48, 0x8b, 0x7c, 0x24, 0xd8, 0x49, 0xc1, 0xe7, 0x05, 0x4a,
  0x8d, 0x04, 0xe6, 0x49, 0xc1, 0xe0, 0x04, 0x4b, 0x8d, 0x54, 0x0d, 0x00,
  0x0f, 0x1f, 0x84, 0x00, 0x00, 0x00, 0x00, 0x00, 0xf2, 0x0f, 0x10, 0x4a,
  0xf8, 0xf2, 0x42, 0x0f, 0x10, 0x6c, 0x02, 0xf8, 0x49, 0x83, 0xc6, 0x01,
  0xf2, 0x42, 0x0f, 0x10, 0x04, 0x02, 0xf2, 0x0f, 0x10, 0x22, 0x4c, 0x01,
  0xfa, 0x66, 0x0f, 0x28, 0xd9, 0xf2, 0x0f, 0x58, 0xcd, 0xf2, 0x0f, 0x5c,
  0xdd, 0x66, 0x0f, 0x28, 0xd0, 0xf2, 0x0f, 0x5c, 0xc4, 0xf2, 0x0f, 0x58,
  0xd4, 0xf2, 0x0f, 0x58, 0xc9, 0xf2, 0x0f, 0x58, 0xc0, 0xf2, 0x0f, 0x11,
  0x08, 0x66, 0x0f, 0x28, 0xcb, 0xf2, 0x0f, 0x5c, 0xca, 0xf2, 0x0f, 0x58,
  0xd3, 0xf2, 0x0f, 0x59, 0xcf, 0xf2, 0x0f, 0x59, 0xd6, 0xf2, 0x42, 0x0f,
  0x11, 0x0c, 0xd0, 0xf2, 0x42, 0x0f, 0x11, 0x04, 0xd8, 0xf2, 0x0f, 0x11,
  0x14, 0xc8, 0x4c, 0x01, 0xc8, 0x49, 0x39, 0xfe, 0x75, 0x92, 0x48, 0x8b,
  0x7c, 0x24, 0xd0, 0x48, 0x83, 0xfd, 0x02, 0x0f, 0x86, 0x3b, 0xfe, 0xff,
  0xff, 0x48, 0x89, 0xe8, 0x4c, 0x8b, 0x4c, 0x24, 0xc8, 0x4c, 0x8b, 0x54,
  0x24, 0xd8, 0x45, 0x31, 0xff, 0x48, 0xc1, 0xe0, 0x05, 0x48, 0x8d, 0x0c,
  0xed, 0x00, 0x00, 0x00, 0x00, 0x49, 0xc1, 0xe4, 0x04, 0x48, 0xc7, 0x44,
  0x24, 0xc8, 0x00, 0x00, 0x00, 0x00, 0x4c, 0x01, 0xe8, 0x4c, 0x0f, 0xaf,
  0xd1, 0x4c, 0x89, 0x6c, 0x24, 0xf0, 0x4c, 0x8d, 0x34, 0x0b, 0x48, 0x89,
  0x44, 0x24, 0xe8, 0x48, 0x89, 0xe8, 0x48, 0x0f, 0xaf, 0xf9, 0x49, 0x01,
  0xdc, 0x48, 0xc1, 0xe0, 0x04, 0x4c, 0x0f, 0xaf, 0xc9, 0x4c, 0x01, 0xe8,
  0x49, 0x01, 0xf2, 0x49, 0x89, 0xcd, 0x48, 0x89, 0x44, 0x24, 0xe0, 0x48,
  0x01, 0xf7, 0x49, 0x01, 0xf1, 0x0f, 0x1f, 0x80, 0x00, 0x00, 0x00, 0x00,
  0x4a, 0x8d, 0x44, 0xbd, 0x00, 0x4c, 0x89, 0xf9, 0x31, 0xd2, 0x48, 0x89,
  0x44, 0x24, 0xd0, 0x48, 0x8b, 0x44, 0x24, 0xf0, 0x48, 0xc1, 0xe1, 0x05,
  0x4c, 0x8d, 0x1c, 0x08, 0x48, 0x8b, 0x44, 0x24, 0xe8, 0x4c, 0x8d, 0x04,
  0x08, 0x48, 0x03, 0x4c, 0x24, 0xe0, 0xb8, 0x02, 0x00, 0x00, 0x00, 0x66,
  0x0f, 0x1f, 0x84, 0x00, 0x00, 0x00, 0x00, 0x00, 0xf2, 0x41, 0x0f, 0x10,
  0x54, 0xc3, 0xf8, 0xf2, 0x41, 0x0f, 0x10, 0x44, 0x10, 0xe8, 0xf2, 0x41,
  0x0f, 0x10, 0x5c, 0x10, 0xf0, 0xf2, 0x0f, 0x10, 0x64, 0x11, 0xf0, 0x66,
  0x0f, 0x28, 0xca, 0xf2, 0x0f, 0x5c, 0xd0, 0xf2, 0x44, 0x0f, 0x10, 0x44,
  0x11, 0xe8, 0x48, 0x83, 0xea, 0x10, 0xf2, 0x0f, 0x58, 0xc8, 0xf2, 0x41,
  0x0f, 0x10, 0x04, 0xc3, 0x66, 0x0f, 0x28, 0xe8, 0xf2, 0x0f, 0x5c, 0xc3,
  0xf2, 0x0f, 0x58, 0xeb, 0xf2, 0x0f, 0x10, 0x1c, 0xc1, 0x66, 0x0f, 0x28,
  0xf1, 0x66, 0x44, 0x0f, 0x28, 0xcb, 0xf2, 0x0f, 0x5c, 0xdc, 0xf2, 0x44,
  0x0f, 0x58, 0xcc, 0xf2, 0x0f, 0x10, 0x64, 0xc1, 0xf8, 0x66, 0x0f, 0x28,
  0xfc, 0xf2, 0x41, 0x0f, 0x5c, 0xe0, 0xf2, 0x41, 0x0f, 0x58, 0xf8, 0x66,
  0x44, 0x0f, 0x28, 0xc5, 0xf2, 0x44, 0x0f, 0x58, 0xc4, 0xf2, 0x0f, 0x5c,
  0xec, 0xf2, 0x0f, 0x58, 0xf7, 0xf2, 0x0f, 0x11, 0x74, 0xc6, 0xf8, 0x66,
  0x0f, 0x28, 0xf1, 0x66, 0x0f, 0x28, 0xc8, 0xf2, 0x0f, 0x5c, 0xc3, 0xf2,
  0x0f, 0x58, 0xcb, 0x66, 0x0f, 0x28, 0xda, 0xf2, 0x0f, 0x5c, 0xf7, 0xf2,
  0x41, 0x0f, 0x5c, 0xd9, 0x66, 0x0f, 0x28, 0xfa, 0xf2, 0x0f, 0x10, 0x54,
  0xc3, 0xf0, 0xf2, 0x41, 0x0f, 0x58, 0xf9, 0xf2, 0x0f, 0x11, 0x0c, 0xc6,
  0xf2, 0x0f, 0x10, 0x4c, 0xc3, 0xf8, 0x66, 0x0f, 0x28, 0xe2, 0xf2, 0x0f,
  0x59, 0xd3, 0xf2, 0x41, 0x0f, 0x59, 0xe0, 0x66, 0x44, 0x0f, 0x28, 0xc9,
  0xf2, 0x41, 0x0f, 0x59, 0xc8, 0xf2, 0x44, 0x0f, 0x59, 0xcb, 0xf2, 0x0f,
  0x5c, 0xd1, 0xf2, 0x41, 0x0f, 0x10, 0x4c, 0xc6, 0xe8, 0xf2, 0x41, 0x0f,
  0x58, 0xe1, 0x66, 0x0f, 0x28, 0xd9, 0xf2, 0x41, 0x0f, 0x11, 0x54, 0xc2,
  0xf8, 0xf2, 0x41, 0x0f, 0x10, 0x54, 0xc6, 0xf0, 0xf2, 0x0f, 0x59, 0xd8,
  0xf2, 0x0f, 0x59, 0xce, 0xf2, 0x41, 0x0f, 0x11, 0x24, 0xc2, 0xf2, 0x0f,
  0x59, 0xc2, 0x66, 0x0f, 0x28, 0xe2, 0xf2, 0x0f, 0x59, 0xe6, 0xf2, 0x0f,
  0x5c, 0xc8, 0xf2, 0x41, 0x0f, 0x10, 0x44, 0xc4, 0xf0, 0xf2, 0x0f, 0x58,
  0xdc, 0x66, 0x0f, 0x28, 0xd0, 0xf2, 0x0f, 0x11, 0x4c, 0xc7, 0xf8, 0xf2,
  0x41, 0x0f, 0x10, 0x4c, 0xc4, 0xf8, 0xf2, 0x0f, 0x59, 0xd5, 0xf2, 0x0f,
  0x11, 0x1c, 0xc7, 0xf2, 0x0f, 0x59, 0xc7, 0x66, 0x0f, 0x28, 0xd9, 0xf2,
  0x0f, 0x59, 0xdf, 0xf2, 0x0f, 0x59, 0xcd, 0xf2, 0x0f, 0x58, 0xd3, 0xf2,
  0x0f, 0x5c, 0xc1, 0xf2, 0x41, 0x0f, 0x11, 0x14, 0xc1, 0xf2, 0x41, 0x0f,
  0x11, 0x44, 0xc1, 0xf8, 0x48, 0x83, 0xc0, 0x02, 0x48, 0x39, 0xc5, 0x0f,
  0x87, 0x8f, 0xfe, 0xff, 0xff, 0x4b, 0x8d, 0x04, 0x7f, 0x4c, 0x8b, 0x7c,
  0x24, 0xd0, 0x4c, 0x01, 0xee, 0x4d, 0x01, 0xea, 0x48, 0x83, 0x44, 0x24,
  0xc8, 0x01, 0x4c, 0x01, 0xef, 0x48, 0x8b, 0x4c, 0x24, 0xc8, 0x4d, 0x01,
  0xe9, 0x49, 0x29, 0xc7, 0x48, 0x39, 0x4c, 0x24, 0xd8, 0x0f, 0x87, 0x29,
  0xfe, 0xff, 0xff, 0x5b, 0x5d, 0x41, 0x5c, 0x41, 0x5d, 0x41, 0x5e, 0x41,
  0x5f, 0xc3, 0x48, 0x83, 0xfd, 0x02, 0x0f, 0x86, 0xe4, 0xfb, 0xff, 0xff,
  0x48, 0x8b, 0x44, 0x24, 0xd8, 0x4c, 0x8d, 0x65, 0xff, 0x48, 0x8d, 0x3c,
  0x00, 0x48, 0x01, 0xf8, 0x48, 0x89, 0x44, 0x24, 0xc8, 0xe9, 0x8f, 0xfd,
  0xff, 0xff, 0x48, 0x8b, 0x5c, 0x24, 0xd8, 0x4c, 0x01, 0xc6, 0x48, 0x29,
  0xf9, 0x48, 0x89, 0xda, 0x48, 0x89, 0xd8, 0x48, 0x29, 0xfb, 0x48, 0xc1,
  0xe2, 0x05, 0x48, 0xf7, 0xd8, 0x49, 0x89, 0xd8, 0x4c, 0x01, 0xea, 0x48,
  0xc1, 0xe0, 0x04, 0x0f, 0x1f, 0x44, 0x00, 0x00, 0xf2, 0x41, 0x0f, 0x10,
  0x4d, 0x18, 0xf2, 0x41, 0x0f, 0x10, 0x45, 0x00, 0x49, 0x83, 0xc5, 0x20,
  0xf2, 0x41, 0x0f, 0x10, 0x55, 0xe8, 0x66, 0x0f, 0x28, 0xd9, 0xf2, 0x0f,
  0x58, 0xd8, 0xf2, 0x0f, 0x5c, 0xc1, 0xf2, 0x41, 0x0f, 0x10, 0x4d, 0xf0,
  0xf2, 0x0f, 0x58, 0xd2, 0xf2, 0x0f, 0x58, 0xc9, 0x66, 0x0f, 0x28, 0xe2,
  0xf2, 0x0f, 0x58, 0xe3, 0xf2, 0x0f, 0x5c, 0xda, 0x66, 0x0f, 0x28, 0xd1,
  0xf2, 0x0f, 0x58, 0xd0, 0xf2, 0x0f, 0x5c, 0xc1, 0xf2, 0x0f, 0x11, 0x24,
  0x06, 0xf2, 0x0f, 0x11, 0x1e, 0xf2, 0x0f, 0x11, 0x14, 0xce, 0xf2, 0x42,
  0x0f, 0x11, 0x04, 0xc6, 0x48, 0x83, 0xc6, 0x08, 0x4c, 0x39, 0xea, 0x75,
  0x9b, 0x5b, 0x5d, 0x41, 0x5c, 0x41, 0x5d, 0x41, 0x5e, 0x41, 0x5f, 0xc3,
  0x0f, 0x1f, 0x84, 0x00, 0x00, 0x00, 0x00, 0x00, 0x41, 0x57, 0x41, 0x56,
  0x41, 0x55, 0x41, 0x54, 0x55, 0x53, 0x48, 0x89, 0x74, 0x24, 0xb0, 0x48,
  0x85, 0xf6, 0x0f, 0x84, 0x52, 0x01, 0x00, 0x00, 0x48, 0x8d, 0x1c, 0x36,
  0x48, 0x89, 0xfd, 0x49, 0x89, 0xc9, 0x48, 0x89, 0xd7, 0x49, 0x89, 0xdf,
  0x48, 0x89, 0x5c, 0x24, 0xa8, 0x4c, 0x8d, 0x14, 0xb5, 0x00, 0x00, 0x00,
  0x00, 0x49, 0x01, 0xf7, 0x48, 0x83, 0xfd, 0x01, 0x0f, 0x85, 0x33, 0x01,
  0x00, 0x00, 0x48, 0x89, 0xf0, 0x49, 0x8d, 0x14, 0x32, 0x48, 0x89, 0xf3,
  0x4c, 0x8b, 0x44, 0x24, 0xa8, 0x48, 0xc1, 0xe0, 0x05, 0x4c, 0x29, 0xd3,
  0x4d, 0x29, 0xd7, 0xf2, 0x44, 0x0f, 0x10, 0x25, 0x1c, 0x82, 0x00, 0x00,
  0x48, 0x01, 0xc8, 0x48, 0x8d, 0x0c, 0xd1, 0x48, 0x89, 0xf2, 0xf2, 0x44,
  0x0f, 0x10, 0x1d, 0x11, 0x82, 0x00, 0x00, 0x48, 0xf7, 0xda, 0xf2, 0x0f,
  0x10, 0x2d, 0x16, 0x82, 0x00, 0x00, 0x48, 0x89, 0xde, 0x4d, 0x29, 0xd0,
  0xf2, 0x44, 0x0f, 0x10, 0x15, 0xff, 0x81, 0x00, 0x00, 0x48, 0xc1, 0xe2,
  0x05, 0x0f, 0x1f, 0x00, 0xf2, 0x0f, 0x10, 0x4f, 0x10, 0xf2, 0x0f, 0x10,
  0x47, 0x08, 0x48, 0x83, 0xc7, 0x28, 0xf2, 0x0f, 0x10, 0x57, 0xd8, 0xf2,
  0x0f, 0x10, 0x77, 0xf8, 0xf2, 0x0f, 0x58, 0xc9, 0xf2, 0x0f, 0x58, 0xc0,
  0x66, 0x0f, 0x28, 0xe2, 0xf2, 0x0f, 0x58, 0xf6, 0x66, 0x0f, 0x28, 0xd9,
  0xf2, 0x0f, 0x10, 0x4f, 0xf0, 0xf2, 0x0f, 0x58, 0xe0, 0xf2, 0x0f, 0x58,
  0xc9, 0xf2, 0x0f, 0x58, 0xe1, 0x66, 0x0f, 0x28, 0xf9, 0xf2, 0x41, 0x0f,
  0x59, 0xfb, 0xf2, 0x0f, 0x11, 0x24, 0x10, 0x66, 0x0f, 0x28, 0xe0, 0xf2,
  0x41, 0x0f, 0x59, 0xe4, 0xf2, 0x41, 0x0f, 0x59, 0xc3, 0xf2, 0x0f, 0x58,
  0xe2, 0xf2, 0x0f, 0x58, 0xc2, 0x66, 0x0f, 0x28, 0xd1, 0x66, 0x0f, 0x28,
  0xcb, 0xf2, 0x41, 0x0f, 0x59, 0xd4, 0xf2, 0x0f, 0x59, 0xcd, 0xf2, 0x0f,
  0x58, 0xe7, 0xf2, 0x0f, 0x58, 0xc2, 0x66, 0x0f, 0x28, 0xd6, 0xf2, 0x41,
  0x0f, 0x59, 0xd2, 0xf2, 0x0f, 0x59, 0xf5, 0xf2, 0x0f, 0x58, 0xd1, 0x66,
  0x0f, 0x28, 0xcb, 0xf2, 0x41, 0x0f, 0x59, 0xca, 0x66, 0x0f, 0x28, 0xda,
  0xf2, 0x0f, 0x58, 0xdc, 0xf2, 0x0f, 0x5c, 0xe2, 0xf2, 0x0f, 0x5c, 0xce,
  0xf2, 0x0f, 0x11, 0x18, 0xf2, 0x0f, 0x11, 0x24, 0xf0, 0x66, 0x0f, 0x28,
  0xd1, 0xf2, 0x0f, 0x58, 0xd0, 0xf2, 0x0f, 0x5c, 0xc1, 0xf2, 0x42, 0x0f,
  0x11, 0x14, 0xf8, 0xf2, 0x42, 0x0f, 0x11, 0x04, 0xc0, 0x48, 0x83, 0xc0,
  0x08, 0x48, 0x39, 0xc1, 0x0f, 0x85, 0x2e, 0xff, 0xff, 0xff, 0x5b, 0x5d,
  0x41, 0x5c, 0x41, 0x5d, 0x41, 0x5e, 0x41, 0x5f, 0xc3, 0x4d, 0x89, 0xc4,
  0x49, 0x89, 0xd8, 0x48, 0x89, 0xf3, 0x4d, 0x89, 0xfb, 0x48, 0x8d, 0x04,
  0xed, 0x00, 0x00, 0x00, 0x00, 0x48, 0x8d, 0x4e, 0xff, 0x4d, 0x89, 0xd6,
  0x48, 0x0f, 0xaf, 0xd8, 0x4c, 0x8d, 0x6e, 0x01, 0x4c, 0x0f, 0xaf, 0xd8,
  0x49, 0x8d, 0x52, 0x01, 0x48, 0x0f, 0xaf, 0xd0, 0x4c, 0x0f, 0xaf, 0xc0,
  0x4c, 0x0f, 0xaf, 0xe8, 0x4c, 0x0f, 0xaf, 0xf0, 0x48, 0x83, 0xf9, 0x01,
  0x40, 0x0f, 0x97, 0xc6, 0x48, 0x39, 0xd8, 0x0f, 0x95, 0xc1, 0x21, 0xf1,
  0x4c, 0x39, 0xf0, 0x40, 0x0f, 0x95, 0xc6, 0x21, 0xf1, 0x4d, 0x39, 0xdd,
  0x40, 0x0f, 0x95, 0xc6, 0x21, 0xce, 0x4c, 0x39, 0xd8, 0x0f, 0x95, 0xc1,
  0x21, 0xf1, 0x4d, 0x39, 0xc5, 0x40, 0x0f, 0x95, 0xc6, 0x21, 0xf1, 0x4c,
  0x39, 0xc0, 0x40, 0x0f, 0x95, 0xc6, 0x21, 0xf1, 0x4c, 0x39, 0xda, 0x40,
  0x0f, 0x95, 0xc6, 0x21, 0xce, 0x4c, 0x39, 0xc2, 0x0f, 0x95, 0xc1, 0x21,
  0xf1, 0x48, 0x39, 0xda, 0x0f, 0x95, 0xc2, 0x84, 0xd1, 0x0f, 0x84, 0xc4,
  0x06, 0x00, 0x00, 0x49, 0x8d, 0x57, 0x01, 0x48, 0x0f, 0xaf, 0xd0, 0x4c,
  0x39, 0xc2, 0x0f, 0x84, 0xb3, 0x06, 0x00, 0x00, 0x48, 0x8b, 0x74, 0x24,
  0xb0, 0x48, 0x8d, 0x4c, 0xad, 0x00, 0x48, 0x89, 0xea, 0x4d, 0x01, 0xc8,
  0x48, 0xc1, 0xe2, 0x04, 0x49, 0x89, 0xcd, 0x4c, 0x89, 0x64, 0x24, 0xf0,
  0x4d, 0x01, 0xcb, 0x48, 0xd1, 0xee, 0x49, 0xc1, 0xe5, 0x04, 0x66, 0x0f,
  0x28, 0x3d, 0x26, 0x7f, 0x00, 0x00, 0x66, 0x0f, 0x28, 0x35, 0x2e, 0x7f,
  0x00, 0x00, 0x48, 0x89, 0x74, 0x24, 0xc0, 0x48, 0x8d, 0x34, 0x17, 0x4c,
  0x01, 0xcb, 0x66, 0x0f, 0x28, 0x2d, 0x2a, 0x7f, 0x00, 0x00, 0x4c, 0x89,
  0x6c, 0x24, 0xb8, 0x4c, 0x8d, 0x2c, 0x16, 0x48, 0xc1, 0xe1, 0x03, 0x66,
  0x0f, 0x28, 0x25, 0x25, 0x7f, 0x00, 0x00, 0x4c, 0x89, 0x6c, 0x24, 0xd8,
  0x4c, 0x8d, 0x6c, 0x17, 0xf8, 0x4c, 0x8b, 0x64, 0x24, 0xd8, 0x4c, 0x89,
  0x6c, 0x24, 0xd0, 0x49, 0x89, 0xed, 0x49, 0xc1, 0xe5, 0x05, 0x48, 0x89,
  0x74, 0x24, 0xe0, 0x4c, 0x89, 0x7c, 0x24, 0xd8, 0x4a, 0x8d, 0x74, 0x2f,
  0xf8, 0x4c, 0x8b, 0x7c, 0x24, 0xe0, 0x4f, 0x8d, 0x2c, 0x31, 0x48, 0x89,
  0x74, 0x24, 0xc8, 0x4d, 0x89, 0xce, 0x31, 0xf6, 0x4c, 0x89, 0x54, 0x24,
  0xe8, 0x4c, 0x8b, 0x54, 0x24, 0xc8, 0x48, 0x89, 0x6c, 0x24, 0xc8, 0x48,
  0x8b, 0x6c, 0x24, 0xd0, 0x4c, 0x89, 0x4c, 0x24, 0xd0, 0x45, 0x31, 0xc9,
  0x0f, 0x1f, 0x40, 0x00, 0xf2, 0x0f, 0x10, 0x44, 0x35, 0x00, 0xf2, 0x44,
  0x0f, 0x10, 0x0c, 0x37, 0x49, 0x83, 0xc1, 0x01, 0xf2, 0x41, 0x0f, 0x10,
  0x14, 0x32, 0xf2, 0x41, 0x0f, 0x10, 0x0c, 0x37, 0x66, 0x0f, 0x16, 0x44,
  0x0d, 0x00, 0x66, 0x44, 0x0f, 0x16, 0x0c, 0x0f, 0xf2, 0x45, 0x0f, 0x10,
  0x04, 0x34, 0x48, 0x03, 0x74, 0x24, 0xb8, 0x66, 0x0f, 0x58, 0xc0, 0x66,
  0x41, 0x0f, 0x16, 0x14, 0x0a, 0x66, 0x41, 0x0f, 0x28, 0xd9, 0x66, 0x0f,
  0x58, 0xd2, 0x66, 0x41, 0x0f, 0x16, 0x0c, 0x0f, 0x66, 0x45, 0x0f, 0x16,
  0x04, 0x0c, 0x48, 0x03, 0x4c, 0x24, 0xb8, 0x66, 0x0f, 0x58, 0xc9, 0x66,
  0x45, 0x0f, 0x58, 0xc0, 0x66, 0x0f, 0x58, 0xd8, 0x66, 0x44, 0x0f, 0x28,
  0xd2, 0x66, 0x44, 0x0f, 0x59, 0xd6, 0x66, 0x0f, 0x58, 0xda, 0x66, 0x0f,
  0x59, 0xd7, 0x66, 0x41, 0x0f, 0x13, 0x1e, 0x66, 0x41, 0x0f, 0x17, 0x1c,
  0x06, 0x66, 0x0f, 0x28, 0xd8, 0x49, 0x01, 0xd6, 0x66, 0x0f, 0x59, 0xc6,
  0x66, 0x0f, 0x59, 0xdf, 0x66, 0x41, 0x0f, 0x58, 0xc1, 0x66, 0x41, 0x0f,
  0x58, 0xd9, 0x66, 0x45, 0x0f, 0x28, 0xc8, 0x66, 0x44, 0x0f, 0x59, 0xcd,
  0x66, 0x0f, 0x58, 0xc2, 0x66, 0x44, 0x0f, 0x59, 0xc4, 0x66, 0x0f, 0x28,
  0xd1, 0x66, 0x0f, 0x59, 0xd4, 0x66, 0x41, 0x0f, 0x58, 0xda, 0x66, 0x0f,
  0x59, 0xcd, 0x66, 0x44, 0x0f, 0x58, 0xca, 0x66, 0x41, 0x0f, 0x5c, 0xc8,
  0x66, 0x41, 0x0f, 0x28, 0xd1, 0x66, 0x0f, 0x58, 0xd3, 0x66, 0x41, 0x0f,
  0x13, 0x55, 0x00, 0x66, 0x41, 0x0f, 0x17, 0x54, 0x05, 0x00, 0x66, 0x0f,
  0x28, 0xd3, 0x49, 0x01, 0xd5, 0x66, 0x41, 0x0f, 0x5c, 0xd1, 0x66, 0x0f,
  0x13, 0x13, 0x66, 0x0f, 0x17, 0x14, 0x03, 0x66, 0x0f, 0x28, 0xd1, 0x48,
  0x01, 0xd3, 0x66, 0x0f, 0x58, 0xd0, 0x66, 0x0f, 0x5c, 0xc1, 0x66, 0x41,
  0x0f, 0x13, 0x13, 0x66, 0x41, 0x0f, 0x17, 0x14, 0x03, 0x49, 0x01, 0xd3,
  0x66, 0x41, 0x0f, 0x13, 0x00, 0x66, 0x41, 0x0f, 0x17, 0x04, 0x00, 0x49,
  0x01, 0xd0, 0x4c, 0x3b, 0x4c, 0x24, 0xc0, 0x0f, 0x85, 0xd7, 0xfe, 0xff,
  0xff, 0x48, 0x8b, 0x5c, 0x24, 0xb0, 0x4c, 0x8b, 0x54, 0x24, 0xe8, 0x48,
  0x8b, 0x6c, 0x24, 0xc8, 0x4c, 0x8b, 0x4c, 0x24, 0xd0, 0x48, 0x89, 0xde,
  0x4c, 0x8b, 0x64, 0x24, 0xf0, 0x4c, 0x8b, 0x7c, 0x24, 0xd8, 0x48, 0x83,
  0xe6, 0xfe, 0xf6, 0xc3, 0x01, 0x0f, 0x84, 0x2a, 0x01, 0x00, 0x00, 0xf2,
  0x44, 0x0f, 0x10, 0x1d, 0x50, 0x7e, 0x00, 0x00, 0x48, 0x8d, 0x0c, 0xb6,
  0xf2, 0x44, 0x0f, 0x10, 0x25, 0x3b, 0x7e, 0x00, 0x00, 0x48, 0x8d, 0x0c,
  0xcd, 0x10, 0x00, 0x00, 0x00, 0x48, 0x0f, 0xaf, 0xcd, 0x48, 0x01, 0xca,
  0xf2, 0x0f, 0x10, 0x44, 0x0f, 0xf8, 0xf2, 0x44, 0x0f, 0x10, 0x14, 0x0f,
  0xf2, 0x0f, 0x10, 0x24, 0x17, 0xf2, 0x0f, 0x10, 0x4c, 0x17, 0xf8, 0x48,
  0x89, 0xea, 0x48, 0x0f, 0xaf, 0xd6, 0xf2, 0x0f, 0x58, 0xc0, 0x66, 0x41,
  0x0f, 0x28, 0xd2, 0xf2, 0x0f, 0x58, 0xc9, 0xf2, 0x0f, 0x58, 0xe4, 0xf2,
  0x41, 0x0f, 0x58, 0xd2, 0xf2, 0x44, 0x0f, 0x10, 0x15, 0xff, 0x7d, 0x00,
  0x00, 0x48, 0x8d, 0x0c, 0x92, 0xf2, 0x0f, 0x10, 0x2c, 0xcf, 0x66, 0x0f,
  0x28, 0xf1, 0x48, 0x89, 0xc1, 0xf2, 0x41, 0x0f, 0x59, 0xf3, 0x66, 0x0f,
  0x28, 0xdd, 0xf2, 0x0f, 0x58, 0xd8, 0xf2, 0x0f, 0x58, 0xd9, 0xf2, 0x41,
  0x0f, 0x11, 0x1c, 0xd1, 0x66, 0x0f, 0x28, 0xd8, 0x49, 0x8d, 0x14, 0x32,
  0xf2, 0x41, 0x0f, 0x59, 0xc3, 0x48, 0x0f, 0xaf, 0xd0, 0xf2, 0x41, 0x0f,
  0x59, 0xdc, 0xf2, 0x44, 0x0f, 0x59, 0xe1, 0xf2, 0x0f, 0x58, 0xc5, 0xf2,
  0x0f, 0x58, 0xdd, 0xf2, 0x0f, 0x10, 0x2d, 0xb5, 0x7d, 0x00, 0x00, 0xf2,
  0x44, 0x0f, 0x58, 0xe0, 0x66, 0x0f, 0x28, 0xcd, 0x66, 0x0f, 0x28, 0xc4,
  0xf2, 0x41, 0x0f, 0x59, 0xc2, 0xf2, 0x0f, 0x58, 0xde, 0xf2, 0x0f, 0x59,
  0xca, 0xf2, 0x44, 0x0f, 0x59, 0xd2, 0xf2, 0x0f, 0x59, 0xe5, 0xf2, 0x0f,
  0x58, 0xc1, 0xf2, 0x44, 0x0f, 0x5c, 0xd4, 0x66, 0x0f, 0x28, 0xc8, 0xf2,
  0x0f, 0x58, 0xcb, 0xf2, 0x0f, 0x5c, 0xd8, 0x66, 0x41, 0x0f, 0x28, 0xc2,
  0xf2, 0x41, 0x0f, 0x58, 0xc4, 0xf2, 0x45, 0x0f, 0x5c, 0xe2, 0xf2, 0x41,
  0x0f, 0x11, 0x0c, 0x11, 0x48, 0x8d, 0x14, 0x33, 0x48, 0x0f, 0xaf, 0xd0,
  0xf2, 0x41, 0x0f, 0x11, 0x1c, 0x11, 0x49, 0x8d, 0x14, 0x37, 0x48, 0x0f,
  0xaf, 0xca, 0x48, 0x29, 0xda, 0x48, 0x0f, 0xaf, 0xc2, 0xf2, 0x41, 0x0f,
  0x11, 0x04, 0x09, 0xf2, 0x45, 0x0f, 0x11, 0x24, 0x01, 0x4c, 0x8d, 0x6d,
  0xff, 0x48, 0x83, 0xfd, 0x02, 0x0f, 0x86, 0x03, 0xfc, 0xff, 0xff, 0x48,
  0x8d, 0x44, 0xad, 0x00, 0x4c, 0x8b, 0x44, 0x24, 0xa8, 0x48, 0x8b, 0x5c,
  0x24, 0xb0, 0x49, 0x89, 0xee, 0x48, 0xc1, 0xe0, 0x03, 0x49, 0xc1, 0xe6,
  0x04, 0xf2, 0x0f, 0x10, 0x2d, 0x0f, 0x7d, 0x00, 0x00, 0x48, 0xc7, 0x44,
  0x24, 0xa8, 0x00, 0x00, 0x00, 0x00, 0x48, 0x89, 0x44, 0x24, 0xc0, 0x4a,
  0x8d, 0x0c, 0x37, 0x48, 0x8d, 0x04, 0xed, 0x00, 0x00, 0x00, 0x00, 0x49,
  0xc1, 0xe5, 0x04, 0x4c, 0x0f, 0xaf, 0xf8, 0x48, 0x89, 0x44, 0x24, 0xb8,
  0x4a, 0x8d, 0x34, 0x31, 0x4d, 0x01, 0xe5, 0x48, 0x0f, 0xaf, 0xd8, 0xf2,
  0x0f, 0x11, 0x6c, 0x24, 0xc8, 0xf2, 0x44, 0x0f, 0x10, 0x25, 0xb6, 0x7c,
  0x00, 0x00, 0xf2, 0x44, 0x0f, 0x10, 0x1d, 0xb5, 0x7c, 0x00, 0x00, 0xf2,
  0x44, 0x0f, 0x10, 0x15, 0xb4, 0x7c, 0x00, 0x00, 0x4c, 0x0f, 0xaf, 0xc0,
  0x4c, 0x0f, 0xaf, 0xd0, 0x4f, 0x8d, 0x1c, 0x39, 0x4d, 0x8d, 0x3c, 0x04,
  0x4c, 0x01, 0xcb, 0x4d, 0x01, 0xc8, 0x4d, 0x01, 0xfe, 0x4d, 0x01, 0xca,
  0x0f, 0x1f, 0x84, 0x00, 0x00, 0x00, 0x00, 0x00, 0xf2, 0x44, 0x0f, 0x10,
  0x6c, 0x24, 0xc8, 0x31, 0xd2, 0xb8, 0x02, 0x00, 0x00, 0x00, 0x66, 0x90,
  0xf2, 0x0f, 0x10, 0x54, 0xc1, 0xf8, 0xf2, 0x0f, 0x10, 0x44, 0x11, 0xe8,
  0xf2, 0x0f, 0x10, 0x5c, 0x11, 0xf0, 0xf2, 0x0f, 0x10, 0x7c, 0xc6, 0xf8,
  0x66, 0x0f, 0x28, 0xca, 0xf2, 0x0f, 0x5c, 0xd0, 0xf2, 0x0f, 0x10, 0x24,
  0xc6, 0xf2, 0x44, 0x0f, 0x10, 0x74, 0xc7, 0xf8, 0xf2, 0x0f, 0x58, 0xc8,
  0xf2, 0x0f, 0x10, 0x04, 0xc1, 0x66, 0x44, 0x0f, 0x28, 0xc7, 0x66, 0x44,
  0x0f, 0x28, 0xcc, 0x66, 0x0f, 0x28, 0xf0, 0xf2, 0x0f, 0x5c, 0xc3, 0xf2,
  0x0f, 0x58, 0xf3, 0xf2, 0x0f, 0x10, 0x5c, 0x16, 0xe8, 0xf2, 0x44, 0x0f,
  0x58, 0xc3, 0xf2, 0x0f, 0x5c, 0xfb, 0xf2, 0x0f, 0x10, 0x5c, 0x16, 0xf0,
  0x66, 0x44, 0x0f, 0x28, 0xf8, 0xf2, 0x45, 0x0f, 0x59, 0xfc, 0x48, 0x83,
  0xea, 0x10, 0xf2, 0x0f, 0x5c, 0xe3, 0xf2, 0x44, 0x0f, 0x58, 0xcb, 0x66,
  0x41, 0x0f, 0x28, 0xde, 0xf2, 0x0f, 0x58, 0xd9, 0x66, 0x41, 0x0f, 0x28,
  0xe8, 0xf2, 0x44, 0x0f, 0x58, 0x3c, 0xc7, 0xf2, 0x41, 0x0f, 0x59, 0xeb,
  0xf2, 0x41, 0x0f, 0x58, 0xd8, 0xf2, 0x45, 0x0f, 0x59, 0xc4, 0xf2, 0x41,
  0x0f, 0x11, 0x5c, 0xc1, 0xf8, 0xf2, 0x0f, 0x10, 0x1c, 0xc7, 0xf2, 0x0f,
  0x58, 0xd8, 0xf2, 0x41, 0x0f, 0x59, 0xc3, 0xf2, 0x0f, 0x58, 0x04, 0xc7,
  0xf2, 0x0f, 0x58, 0xdc, 0xf2, 0x41, 0x0f, 0x11, 0x1c, 0xc1, 0x66, 0x0f,
  0x28, 0xd9, 0xf2, 0x41, 0x0f, 0x59, 0xdc, 0xf2, 0x41, 0x0f, 0x59, 0xcb,
  0xf2, 0x41, 0x0f, 0x58, 0xde, 0xf2, 0x44, 0x0f, 0x58, 0xf1, 0xf2, 0x41,
  0x0f, 0x10, 0x4c, 0xc4, 0xf0, 0xf2, 0x0f, 0x58, 0xdd, 0x66, 0x0f, 0x28,
  0xec, 0xf2, 0x41, 0x0f, 0x59, 0xe4, 0xf2, 0x45, 0x0f, 0x58, 0xc6, 0x66,
  0x44, 0x0f, 0x28, 0xf2, 0xf2, 0x45, 0x0f, 0x59, 0xf5, 0xf2, 0x41, 0x0f,
  0x59, 0xd2, 0xf2, 0x41, 0x0f, 0x59, 0xeb, 0xf2, 0x0f, 0x58, 0xe0, 0x66,
  0x0f, 0x28, 0xc7, 0xf2, 0x41, 0x0f, 0x59, 0xc2, 0xf2, 0x41, 0x0f, 0x59,
  0xfd, 0xf2, 0x41, 0x0f, 0x58, 0xef, 0xf2, 0x44, 0x0f, 0x58, 0xf0, 0x66,
  0x41, 0x0f, 0x28, 0xc1, 0xf2, 0x0f, 0x5c, 0xd7, 0xf2, 0x45, 0x0f, 0x59,
  0xcd, 0x66, 0x0f, 0x28, 0xfe, 0xf2, 0x41, 0x0f, 0x59, 0xf2, 0xf2, 0x41,
  0x0f, 0x59, 0xc2, 0xf2, 0x41, 0x0f, 0x59, 0xfd, 0xf2, 0x41, 0x0f, 0x5c,
  0xf1, 0x66, 0x45, 0x0f, 0x28, 0xc8, 0xf2, 0x0f, 0x58, 0xf8, 0x66, 0x0f,
  0x28, 0xc4, 0xf2, 0x0f, 0x5c, 0xe2, 0xf2, 0x44, 0x0f, 0x58, 0xce, 0xf2,
  0x44, 0x0f, 0x5c, 0xc6, 0x66, 0x0f, 0x28, 0xf5, 0xf2, 0x0f, 0x58, 0xc2,
  0x66, 0x0f, 0x28, 0xd3, 0xf2, 0x41, 0x0f, 0x58, 0xf6, 0xf2, 0x0f, 0x5c,
  0xdf, 0xf2, 0x0f, 0x58, 0xd7, 0xf2, 0x41, 0x0f, 0x10, 0x7c, 0xc4, 0xf8,
  0xf2, 0x41, 0x0f, 0x5c, 0xee, 0x66, 0x44, 0x0f, 0x28, 0xf1, 0xf2, 0x44,
  0x0f, 0x59, 0xf6, 0x66, 0x44, 0x0f, 0x28, 0xff, 0xf2, 0x44, 0x0f, 0x59,
  0xfb, 0xf2, 0x0f, 0x59, 0xcb, 0xf2, 0x0f, 0x59, 0xf7, 0xf2, 0x45, 0x0f,
  0x58, 0xf7, 0xf2, 0x45, 0x0f, 0x10, 0x7c, 0xc6, 0xe0, 0xf2, 0x0f, 0x5c,
  0xce, 0xf2, 0x44, 0x0f, 0x11, 0x34, 0xc3, 0xf2, 0x45, 0x0f, 0x10, 0x74,
  0xc7, 0xe8, 0xf2, 0x0f, 0x11, 0x4c, 0xc3, 0xf8, 0xf2, 0x41, 0x0f, 0x10,
  0x4c, 0xc7, 0xf0, 0x66, 0x41, 0x0f, 0x28, 0xde, 0xf2, 0x0f, 0x59, 0xd8,
  0xf2, 0x0f, 0x59, 0xc1, 0x66, 0x0f, 0x28, 0xf1, 0xf2, 0x41, 0x0f, 0x10,
  0x4c, 0xc5, 0xf0, 0xf2, 0x41, 0x0f, 0x59, 0xf0, 0xf2, 0x45, 0x0f, 0x59,
  0xc6, 0xf2, 0x0f, 0x58, 0xde, 0xf2, 0x44, 0x0f, 0x5c, 0xc0, 0xf2, 0x41,
  0x0f, 0x10, 0x44, 0xc5, 0xf8, 0xf2, 0x41, 0x0f, 0x11, 0x1c, 0xc0, 0x66,
  0x0f, 0x28, 0xf0, 0x66, 0x0f, 0x28, 0xd9, 0xf2, 0x0f, 0x59, 0xdc, 0xf2,
  0x45, 0x0f, 0x11, 0x44, 0xc0, 0xf8, 0xf2, 0x0f, 0x59, 0xe0, 0xf2, 0x41,
  0x0f, 0x10, 0x44, 0xc6, 0xd8, 0xf2, 0x41, 0x0f, 0x59, 0xf1, 0xf2, 0x41,
  0x0f, 0x59, 0xc9, 0xf2, 0x0f, 0x58, 0xde, 0xf2, 0x0f, 0x5c, 0xcc, 0xf2,
  0x41, 0x0f, 0x11, 0x1c, 0xc3, 0x66, 0x41, 0x0f, 0x28, 0xdf, 0xf2, 0x41,
  0x0f, 0x11, 0x4c, 0xc3, 0xf8, 0xf2, 0x0f, 0x59, 0xda, 0x66, 0x0f, 0x28,
  0xc8, 0xf2, 0x0f, 0x59, 0xcd, 0xf2, 0x0f, 0x59, 0xc2, 0xf2, 0x41, 0x0f,
  0x59, 0xef, 0xf2, 0x0f, 0x58, 0xcb, 0xf2, 0x0f, 0x5c, 0xc5, 0xf2, 0x41,
  0x0f, 0x11, 0x0c, 0xc2, 0xf2, 0x41, 0x0f, 0x11, 0x44, 0xc2, 0xf8, 0x48,
  0x83, 0xc0, 0x02, 0x48, 0x39, 0xc5, 0x0f, 0x87, 0x84, 0xfd, 0xff, 0xff,
  0x48, 0x8b, 0x44, 0x24, 0xc0, 0x48, 0x83, 0x44, 0x24, 0xa8, 0x01, 0x48,
  0x8b, 0x54, 0x24, 0xa8, 0x48, 0x01, 0xc1, 0x48, 0x01, 0xc6, 0x48, 0x01,
  0xc7, 0x48, 0x8b, 0x44, 0x24, 0xb8, 0x49, 0x01, 0xc1, 0x48, 0x01, 0xc3,
  0x49, 0x01, 0xc0, 0x49, 0x01, 0xc3, 0x49, 0x01, 0xc2, 0x48, 0x39, 0x54,
  0x24, 0xb0, 0x0f, 0x85, 0x3c, 0xfd, 0xff, 0xff, 0x5b, 0x5d, 0x41, 0x5c,
  0x41, 0x5d, 0x41, 0x5e, 0x41, 0x5f, 0xc3, 0x4c, 0x8b, 0x74, 0x24, 0xa8,
  0x48, 0x8d, 0x54, 0xad, 0x00, 0x49, 0x89, 0xed, 0x4d, 0x89, 0xf8, 0x4c,
  0x8b, 0x5c, 0x24, 0xb0, 0x49, 0xc1, 0xe5, 0x04, 0x4c, 0x0f, 0xaf, 0xc5,
  0x48, 0x89, 0xee, 0x4c, 0x0f, 0xaf, 0xf5, 0x4c, 0x89, 0x54, 0x24, 0xc8,
  0x4a, 0x8d, 0x0c, 0x2f, 0x48, 0xf7, 0xde, 0x4c, 0x0f, 0xaf, 0xdd, 0x48,
  0xc1, 0xe6, 0x04, 0x48, 0x8d, 0x1c, 0xd5, 0x00, 0x00, 0x00, 0x00, 0x4c,
  0x89, 0xca, 0x48, 0x89, 0x5c, 0x24, 0xc0, 0x4c, 0x89, 0xd3, 0xf2, 0x44,
  0x0f, 0x10, 0x25, 0x5d, 0x79, 0x00, 0x00, 0x48, 0x0f, 0xaf, 0xdd, 0x4c,
  0x89, 0x74, 0x24, 0xb8, 0xf2, 0x44, 0x0f, 0x10, 0x1d, 0x53, 0x79, 0x00,
  0x00, 0x45, 0x31, 0xf6, 0x4c, 0x8b, 0x54, 0x24, 0xb8, 0xf2, 0x0f, 0x10,
  0x2d, 0x53, 0x79, 0x00, 0x00, 0x48, 0x89, 0x7c, 0x24, 0xb8, 0xf2, 0x44,
  0x0f, 0x10, 0x15, 0x3d, 0x79, 0x00, 0x00, 0x48, 0x8b, 0x7c, 0x24, 0xc0,
  0xf2, 0x0f, 0x10, 0x09, 0xf2, 0x0f, 0x10, 0x41, 0xf8, 0x49, 0x83, 0xc6,
  0x01, 0xf2, 0x0f, 0x10, 0x14, 0x31, 0xf2, 0x42, 0x0f, 0x10, 0x34, 0x29,
  0xf2, 0x0f, 0x58, 0xc9, 0xf2, 0x0f, 0x58, 0xc0, 0x66, 0x0f, 0x28, 0xe2,
  0xf2, 0x0f, 0x58, 0xf6, 0x66, 0x0f, 0x28, 0xd9, 0xf2, 0x42, 0x0f, 0x10,
  0x4c, 0x29, 0xf8, 0xf2, 0x0f, 0x58, 0xe0, 0x48, 0x01, 0xf9, 0xf2, 0x0f,
  0x58, 0xc9, 0xf2, 0x0f, 0x58, 0xe1, 0x66, 0x0f, 0x28, 0xf9, 0xf2, 0x41,
  0x0f, 0x59, 0xfb, 0xf2, 0x0f, 0x11, 0x22, 0x66, 0x0f, 0x28, 0xe0, 0xf2,
  0x41, 0x0f, 0x59, 0xe4, 0xf2, 0x41, 0x0f, 0x59, 0xc3, 0xf2, 0x0f, 0x58,
  0xe2, 0xf2, 0x0f, 0x58, 0xc2, 0x66, 0x0f, 0x28, 0xd1, 0x66, 0x0f, 0x28,
  0xcb, 0xf2, 0x41, 0x0f, 0x59, 0xd4, 0xf2, 0x0f, 0x59, 0xcd, 0xf2, 0x0f,
  0x58, 0xe7, 0xf2, 0x0f, 0x58, 0xc2, 0x66, 0x0f, 0x28, 0xd6, 0xf2, 0x41,
  0x0f, 0x59, 0xd2, 0xf2, 0x0f, 0x59, 0xf5, 0xf2, 0x0f, 0x58, 0xd1, 0x66,
  0x0f, 0x28, 0xcb, 0xf2, 0x41, 0x0f, 0x59, 0xca, 0x66, 0x0f, 0x28, 0xda,
  0xf2, 0x0f, 0x58, 0xdc, 0xf2, 0x0f, 0x5c, 0xe2, 0xf2, 0x0f, 0x5c, 0xce,
  0xf2, 0x0f, 0x11, 0x1c, 0xda, 0xf2, 0x42, 0x0f, 0x11, 0x24, 0xda, 0x66,
  0x0f, 0x28, 0xd1, 0xf2, 0x0f, 0x58, 0xd0, 0xf2, 0x0f, 0x5c, 0xc1, 0xf2,
  0x42, 0x0f, 0x11, 0x14, 0xc2, 0xf2, 0x42, 0x0f, 0x11, 0x04, 0xd2, 0x48,
  0x01, 0xc2, 0x4c, 0x39, 0x74, 0x24, 0xb0, 0x0f, 0x85, 0x27, 0xff, 0xff,
  0xff, 0x4c, 0x8b, 0x54, 0x24, 0xc8, 0x48, 0x8b, 0x7c, 0x24, 0xb8, 0xe9,
  0x19, 0xfb, 0xff, 0xff, 0x41, 0x57, 0x48, 0x8d, 0x46, 0x01, 0x41, 0x56,
  0x48, 0xd1, 0xe8, 0x4d, 0x89, 0xc6, 0x41, 0x55, 0x41, 0x54, 0x55, 0x53,
  0x48, 0x89, 0xf3, 0x48, 0x81, 0xec, 0x58, 0x02, 0x00, 0x00, 0x48, 0x89,
  0xbc, 0x24, 0xf0, 0x00, 0x00, 0x00, 0x48, 0x89, 0x84, 0x24, 0x18, 0x01,
  0x00, 0x00, 0x48, 0x89, 0xf8, 0x48, 0x0f, 0xaf, 0xfa, 0x48, 0x89, 0x74,
  0x24, 0x68, 0x48, 0x89, 0x94, 0x24, 0x88, 0x00, 0x00, 0x00, 0x48, 0x89,
  0x8c, 0x24, 0xe0, 0x00, 0x00, 0x00, 0x4c, 0x89, 0x8c, 0x24, 0xc0, 0x01,
  0x00, 0x00, 0x48, 0x89, 0x7c, 0x24, 0x20, 0x48, 0x85, 0xd2, 0x0f, 0x84,
  0xd7, 0x1f, 0x00, 0x00, 0x4c, 0x8d, 0x2c, 0xc5, 0x00, 0x00, 0x00, 0x00,
  0x48, 0x85, 0xc0, 0x0f, 0x84, 0x99, 0x1d, 0x00, 0x00, 0x49, 0x0f, 0xaf,
  0xdd, 0x49, 0x89, 0xcc, 0x49, 0x89, 0xd7, 0x4c, 0x89, 0xc1, 0x31, 0xed,
  0x4c, 0x89, 0xe6, 0x48, 0x89, 0xcf, 0x4c, 0x89, 0xea, 0x48, 0x83, 0xc5,
  0x01, 0xe8, 0x1e, 0x44, 0xff, 0xff, 0x49, 0x01, 0xdc, 0x48, 0x89, 0xc1,
  0x4c, 0x01, 0xe9, 0x49, 0x39, 0xef, 0x75, 0xe0, 0x48, 0x8b, 0x44, 0x24,
  0x68, 0x48, 0x83, 0xe8, 0x01, 0x48, 0x83, 0xbc, 0x24, 0x18, 0x01, 0x00,
  0x00, 0x01, 0x48, 0x89, 0x84, 0x24, 0xd8, 0x01, 0x00, 0x00, 0x0f, 0x86,
  0xa1, 0x1f, 0x00, 0x00, 0x48, 0x83, 0xbc, 0x24, 0xf0, 0x00, 0x00, 0x00,
  0x01, 0x0f, 0x85, 0x59, 0x1d, 0x00, 0x00, 0x48, 0x8b, 0x5c, 0x24, 0x20,
  0x49, 0x89, 0xc2, 0xbd, 0x02, 0x00, 0x00, 0x00, 0x4c, 0x8b, 0x9c, 0x24,
  0xe0, 0x00, 0x00, 0x00, 0x4c, 0x0f, 0xaf, 0xd3, 0x48, 0x89, 0xd8, 0x4d,
  0x8d, 0x7b, 0x10, 0x48, 0xf7, 0xd8, 0x4c, 0x89, 0x7c, 0x24, 0x08, 0x48,
  0xc1, 0xe0, 0x03, 0x48, 0x89, 0x44, 0x24, 0x40, 0x4a, 0x8d, 0x04, 0xd5,
  0x00, 0x00, 0x00, 0x00, 0x48, 0x89, 0x44, 0x24, 0x18, 0x48, 0x8d, 0x04,
  0x1b, 0x48, 0x89, 0x44, 0x24, 0x30, 0x4c, 0x89, 0xd0, 0x48, 0x29, 0xd8,
  0x48, 0x89, 0x44, 0x24, 0x28, 0x48, 0x8b, 0x84, 0x24, 0x18, 0x01, 0x00,
  0x00, 0x48, 0xc1, 0xe0, 0x04, 0x4c, 0x01, 0xd8, 0x48, 0x89, 0x44, 0x24,
  0x38, 0x48, 0x8b, 0x44, 0x24, 0x68, 0x48, 0x89, 0xc1, 0x48, 0x8d, 0x3c,
  0xc5, 0x00, 0x00, 0x00, 0x00, 0x48, 0xc1, 0xe1, 0x04, 0x49, 0x89, 0xc9,
  0x48, 0x89, 0xc1, 0x48, 0x89, 0xd8, 0x48, 0xd1, 0xeb, 0x49, 0x89, 0xdd,
  0x48, 0x89, 0xc3, 0x48, 0x89, 0xc6, 0x48, 0x83, 0xe8, 0x01, 0x48, 0x83,
  0xe3, 0xfe, 0x48, 0x89, 0x44, 0x24, 0x10, 0x49, 0xc1, 0xe5, 0x04, 0x48,
  0x0f, 0xaf, 0xcb, 0x49, 0x89, 0xd8, 0x49, 0x89, 0xcc, 0x48, 0x83, 0x7c,
  0x24, 0x10, 0x06, 0x48, 0x8d, 0x04, 0xf5, 0x08, 0x00, 0x00, 0x00, 0x0f,
  0x86, 0x98, 0x14, 0x00, 0x00, 0x48, 0x8b, 0x5c, 0x24, 0x18, 0x48, 0x39,
  0xc3, 0x0f, 0x84, 0x8a, 0x14, 0x00, 0x00, 0x48, 0x8b, 0x54, 0x24, 0x08,
  0x4d, 0x8d, 0x7c, 0x06, 0xf8, 0x4c, 0x01, 0xf3, 0x31, 0xc0, 0x48, 0x8d,
  0x4a, 0xf8, 0x66, 0x90, 0xf2, 0x0f, 0x10, 0x01, 0x66, 0x0f, 0x16, 0x04,
  0x39, 0x4c, 0x01, 0xc9, 0x66, 0x0f, 0x58, 0xc0, 0x41, 0x0f, 0x11, 0x04,
  0x07, 0xf2, 0x0f, 0x10, 0x02, 0x66, 0x0f, 0x16, 0x04, 0x3a, 0x4c, 0x01,
  0xca, 0x66, 0x0f, 0x58, 0xc0, 0x0f, 0x11, 0x04, 0x03, 0x48, 0x83, 0xc0,
  0x10, 0x4c, 0x39, 0xe8, 0x75, 0xce, 0x48, 0x8b, 0x44, 0x24, 0x20, 0x48,
  0x8d, 0x1c, 0x30, 0x4c, 0x39, 0xc0, 0x74, 0x2c, 0x49, 0x8d, 0x04, 0x2c,
  0x4c, 0x01, 0xc6, 0x4b, 0x8d, 0x14, 0x10, 0xf2, 0x41, 0x0f, 0x10, 0x44,
  0xc3, 0xf8, 0xf2, 0x0f, 0x58, 0xc0, 0xf2, 0x41, 0x0f, 0x11, 0x04, 0xf6,
  0xf2, 0x41, 0x0f, 0x10, 0x04, 0xc3, 0xf2, 0x0f, 0x58, 0xc0, 0xf2, 0x41,
  0x0f, 0x11, 0x04, 0xd6, 0x48, 0x8b, 0x4c, 0x24, 0x40, 0x48, 0x83, 0x44,
  0x24, 0x08, 0x10, 0x48, 0x83, 0xc5, 0x02, 0x48, 0x89, 0xde, 0x48, 0x01,
  0x4c, 0x24, 0x18, 0x48, 0x8b, 0x44, 0x24, 0x08, 0x48, 0x8b, 0x4c, 0x24,
  0x30, 0x4c, 0x2b, 0x54, 0x24, 0x20, 0x48, 0x29, 0x4c, 0x24, 0x28, 0x48,
  0x3b, 0x44, 0x24, 0x38, 0x0f, 0x85, 0x27, 0xff, 0xff, 0xff, 0x48, 0x8b,
  0x44, 0x24, 0x68, 0x48, 0x83, 0xe8, 0x02, 0x48, 0x89, 0x84, 0x24, 0xe0,
  0x01, 0x00, 0x00, 0x48, 0x8b, 0xb4, 0x24, 0xd8, 0x01, 0x00, 0x00, 0x48,
  0x8b, 0x4c, 0x24, 0x20, 0x48, 0x8b, 0x9c, 0x24, 0x18, 0x01, 0x00, 0x00,
  0x4c, 0x8b, 0x64, 0x24, 0x68, 0x49, 0x89, 0xf3, 0x48, 0x8d, 0x04, 0x09,
  0x4c, 0x0f, 0xaf, 0xd9, 0x48, 0x8d, 0x7b, 0xfd, 0x48, 0x89, 0x84, 0x24,
  0xd0, 0x00, 0x00, 0x00, 0x48, 0x8d, 0x53, 0xff, 0x48, 0x89, 0xbc, 0x24,
  0xa8, 0x00, 0x00, 0x00, 0x48, 0x89, 0xcb, 0x49, 0x8d, 0x7c, 0x24, 0xfd,
  0x48, 0x89, 0xbc, 0x24, 0xf0, 0x01, 0x00, 0x00, 0x48, 0x8d, 0x2c, 0xdd,
  0x00, 0x00, 0x00, 0x00, 0x4d, 0x89, 0xd8, 0x4d, 0x89, 0xda, 0x4c, 0x89,
  0x9c, 0x24, 0xe8, 0x01, 0x00, 0x00, 0x49, 0x29, 0xc8, 0x48, 0xf7, 0xd9,
  0x48, 0x89, 0x6c, 0x24, 0x70, 0x48, 0x89, 0xcf, 0x48, 0x89, 0x94, 0x24,
  0xb0, 0x00, 0x00, 0x00, 0x4d, 0x89, 0xc1, 0x48, 0x8b, 0x94, 0x24, 0xe0,
  0x00, 0x00, 0x00, 0x4c, 0x8d, 0x1c, 0xfd, 0x00, 0x00, 0x00, 0x00, 0x48,
  0x89, 0x8c, 0x24, 0x38, 0x02, 0x00, 0x00, 0x48, 0x89, 0xd9, 0x4c, 0x89,
  0x5c, 0x24, 0x78, 0x49, 0x89, 0xf3, 0x48, 0x89, 0xd0, 0x48, 0x8d, 0x75,
  0x10, 0x4c, 0x0f, 0xaf, 0xdd, 0x48, 0x89, 0xb4, 0x24, 0x50, 0x01, 0x00,
  0x00, 0x48, 0x89, 0xd3, 0x4c, 0x89, 0x84, 0x24, 0x60, 0x01, 0x00, 0x00,
  0x4d, 0x89, 0xd0, 0x48, 0x01, 0xeb, 0x4c, 0x01, 0xd8, 0x4c, 0x89, 0x9c,
  0x24, 0x40, 0x02, 0x00, 0x00, 0x48, 0x89, 0x84, 0x24, 0x48, 0x02, 0x00,
  0x00, 0x49, 0x89, 0xc7, 0x48, 0x89, 0xc8, 0x48, 0xc1, 0xe1, 0x04, 0x48,
  0x89, 0xce, 0x48, 0x89, 0x8c, 0x24, 0xc0, 0x00, 0x00, 0x00, 0x48, 0x01,
  0xd6, 0x49, 0x8d, 0x14, 0x2e, 0x48, 0x89, 0xb4, 0x24, 0x68, 0x01, 0x00,
  0x00, 0x4b, 0x8d, 0x34, 0xd6, 0x48, 0x89, 0xb4, 0x24, 0x80, 0x01, 0x00,
  0x00, 0x4b, 0x8d, 0x34, 0xce, 0x48, 0x89, 0xb4, 0x24, 0x88, 0x01, 0x00,
  0x00, 0x48, 0x89, 0xc6, 0x48, 0xd1, 0xe8, 0x49, 0x89, 0xc2, 0x49, 0x89,
  0xf5, 0x48, 0x89, 0x94, 0x24, 0xa0, 0x01, 0x00, 0x00, 0x48, 0x01, 0xea,
  0x49, 0x83, 0xe5, 0xfe, 0x49, 0xc1, 0xe2, 0x04, 0x48, 0x89, 0x94, 0x24,
  0xa8, 0x01, 0x00, 0x00, 0x48, 0x03, 0x54, 0x24, 0x78, 0x4c, 0x89, 0x94,
  0x24, 0x80, 0x00, 0x00, 0x00, 0x4a, 0x8d, 0x04, 0x2e, 0x4f, 0x8d, 0x14,
  0xee, 0x4c, 0x89, 0x94, 0x24, 0x20, 0x01, 0x00, 0x00, 0x4d, 0x8d, 0x14,
  0xc6, 0x48, 0x01, 0xf0, 0x4c, 0x89, 0x94, 0x24, 0x28, 0x01, 0x00, 0x00,
  0x4d, 0x8d, 0x14, 0xc6, 0x4b, 0x8d, 0x04, 0x28, 0x4c, 0x89, 0x94, 0x24,
  0x30, 0x01, 0x00, 0x00, 0x4d, 0x8d, 0x14, 0xc6, 0x4b, 0x8d, 0x04, 0x29,
  0x49, 0x29, 0xf1, 0x4c, 0x89, 0x94, 0x24, 0x38, 0x01, 0x00, 0x00, 0x4d,
  0x8d, 0x14, 0xc6, 0x4c, 0x89, 0x94, 0x24, 0x40, 0x01, 0x00, 0x00, 0x4c,
  0x8d, 0x14, 0xb5, 0x00, 0x00, 0x00, 0x00, 0x48, 0x89, 0x94, 0x24, 0x28,
  0x02, 0x00, 0x00, 0x48, 0x01, 0xea, 0x48, 0x89, 0x94, 0x24, 0x30, 0x02,
  0x00, 0x00, 0x48, 0x01, 0xca, 0x4c, 0x89, 0x94, 0x24, 0x08, 0x01, 0x00,
  0x00, 0x48, 0x8b, 0x84, 0x24, 0xd0, 0x00, 0x00, 0x00, 0x4c, 0x89, 0x8c,
  0x24, 0xb0, 0x01, 0x00, 0x00, 0x48, 0x01, 0xf0, 0x48, 0x89, 0x94, 0x24,
  0x90, 0x01, 0x00, 0x00, 0x48, 0x89, 0x84, 0x24, 0xc8, 0x01, 0x00, 0x00,
  0x4c, 0x89, 0xd0, 0x48, 0x01, 0xf0, 0x4c, 0x89, 0x9c, 0x24, 0x48, 0x01,
  0x00, 0x00, 0x48, 0x89, 0x84, 0x24, 0xd0, 0x01, 0x00, 0x00, 0x48, 0x89,
  0xf8, 0x48, 0x8d, 0x3c, 0xbd, 0x00, 0x00, 0x00, 0x00, 0x48, 0x89, 0xbc,
  0x24, 0xf8, 0x00, 0x00, 0x00, 0x48, 0x89, 0xf7, 0x48, 0xc1, 0xe7, 0x05,
  0x4c, 0x89, 0x84, 0x24, 0xe8, 0x00, 0x00, 0x00, 0x48, 0x89, 0xbc, 0x24,
  0xb8, 0x00, 0x00, 0x00, 0x48, 0x89, 0xd7, 0x48, 0x01, 0xea, 0x48, 0x01,
  0xcf, 0x48, 0x89, 0x94, 0x24, 0x00, 0x02, 0x00, 0x00, 0x48, 0x01, 0xea,
  0x48, 0x89, 0xf9, 0x48, 0x89, 0xbc, 0x24, 0xb8, 0x01, 0x00, 0x00, 0x48,
  0x89, 0xc7, 0x48, 0xc1, 0xe0, 0x05, 0x48, 0x89, 0x84, 0x24, 0xc8, 0x00,
  0x00, 0x00, 0x48, 0x8b, 0x84, 0x24, 0xf0, 0x01, 0x00, 0x00, 0x48, 0x89,
  0x94, 0x24, 0x08, 0x02, 0x00, 0x00, 0x49, 0x8d, 0x54, 0x24, 0xf9, 0x48,
  0x0f, 0xaf, 0xc5, 0x48, 0x89, 0xb4, 0x24, 0xd8, 0x00, 0x00, 0x00, 0x48,
  0xc7, 0x84, 0x24, 0x58, 0x01, 0x00, 0x00, 0x00, 0x00, 0x00, 0x00, 0x48,
  0xc7, 0x44, 0x24, 0x50, 0x01, 0x00, 0x00, 0x00, 0x4d, 0x8d, 0x0c, 0x06,
  0x48, 0x89, 0xf0, 0x4c, 0x29, 0xd0, 0x4c, 0x89, 0x8c, 0x24, 0x98, 0x01,
  0x00, 0x00, 0x4c, 0x8d, 0x0c, 0x3f, 0x48, 0xc1, 0xe7, 0x04, 0x48, 0x8d,
  0x0c, 0xc1, 0x49, 0x8d, 0x44, 0x24, 0xfc, 0x4c, 0x89, 0x8c, 0x24, 0x10,
  0x01, 0x00, 0x00, 0x48, 0x0f, 0xaf, 0xc5, 0x48, 0x89, 0x8c, 0x24, 0xf8,
  0x01, 0x00, 0x00, 0x48, 0x89, 0xbc, 0x24, 0x00, 0x01, 0x00, 0x00, 0x49,
  0x8d, 0x0c, 0x06, 0x49, 0x8d, 0x44, 0x24, 0xfb, 0x48, 0x0f, 0xaf, 0xc5,
  0x48, 0x89, 0x8c, 0x24, 0x10, 0x02, 0x00, 0x00, 0x49, 0x8d, 0x0c, 0x06,
  0x49, 0x8d, 0x44, 0x24, 0xfa, 0x48, 0x0f, 0xaf, 0xc5, 0x48, 0x89, 0x8c,
  0x24, 0x18, 0x02, 0x00, 0x00, 0x49, 0x8d, 0x0c, 0x06, 0x48, 0x8b, 0x84,
  0x24, 0x18, 0x01, 0x00, 0x00, 0x48, 0x89, 0x8c, 0x24, 0x20, 0x02, 0x00,
  0x00, 0x48, 0x8d, 0x48, 0xf9, 0x48, 0x89, 0xc8, 0x48, 0x83, 0xe0, 0xfc,
  0x48, 0x29, 0xc2, 0x48, 0x89, 0xc8, 0x48, 0x83, 0xe0, 0xfc, 0x48, 0x89,
  0x94, 0x24, 0x70, 0x01, 0x00, 0x00, 0x48, 0x83, 0xc0, 0x07, 0x48, 0x89,
  0x84, 0x24, 0x78, 0x01, 0x00, 0x00, 0x4c, 0x89, 0xe8, 0x48, 0x29, 0xf0,
  0x48, 0x89, 0x44, 0x24, 0x08, 0x4b, 0x8d, 0x44, 0x0d, 0x00, 0x48, 0x89,
  0x44, 0x24, 0x40, 0x48, 0x29, 0xf0, 0x48, 0x89, 0x44, 0x24, 0x48, 0x66,
  0x0f, 0x1f, 0x84, 0x00, 0x00, 0x00, 0x00, 0x00, 0x48, 0x83, 0x7c, 0x24,
  0x20, 0x00, 0x0f, 0x84, 0x5d, 0x01, 0x00, 0x00, 0x48, 0x8b, 0x84, 0x24,
  0x58, 0x01, 0x00, 0x00, 0x48, 0x8b, 0xbc, 0x24, 0x90, 0x02, 0x00, 0x00,
  0xf2, 0x0f, 0x10, 0x4c, 0x07, 0x10, 0xf2, 0x0f, 0x10, 0x74, 0x47, 0x20,
  0xf2, 0x0f, 0x10, 0x5c, 0x07, 0x18, 0xf2, 0x0f, 0x10, 0x6c, 0x47, 0x28,
  0x48, 0x8b, 0x84, 0x24, 0x50, 0x01, 0x00, 0x00, 0x48, 0x83, 0xe8, 0x08,
  0x48, 0x3b, 0x84, 0x24, 0x48, 0x01, 0x00, 0x00, 0x0f, 0x84, 0x8e, 0x0f,
  0x00, 0x00, 0x48, 0x83, 0x7c, 0x24, 0x20, 0x01, 0x0f, 0x84, 0x82, 0x0f,
  0x00, 0x00, 0x48, 0x8b, 0x94, 0x24, 0xa8, 0x01, 0x00, 0x00, 0x48, 0x8b,
  0x8c, 0x24, 0x80, 0x01, 0x00, 0x00, 0xf2, 0x44, 0x0f, 0x12, 0xd1, 0xf2,
  0x44, 0x0f, 0x12, 0xce, 0x48, 0x8b, 0xb4, 0x24, 0x88, 0x01, 0x00, 0x00,
  0xf2, 0x44, 0x0f, 0x12, 0xc3, 0xf2, 0x0f, 0x12, 0xfd, 0x31, 0xc0, 0x48,
  0x8b, 0xbc, 0x24, 0x80, 0x00, 0x00, 0x00, 0x4c, 0x8b, 0x84, 0x24, 0xa0,
  0x01, 0x00, 0x00, 0x66, 0x0f, 0x1f, 0x84, 0x00, 0x00, 0x00, 0x00, 0x00,
  0x66, 0x41, 0x0f, 0x10, 0x04, 0x00, 0x66, 0x0f, 0x10, 0x14, 0x02, 0x66,
  0x41, 0x0f, 0x10, 0x24, 0x06, 0x66, 0x41, 0x0f, 0x59, 0xc2, 0x66, 0x41,
  0x0f, 0x59, 0xd1, 0x66, 0x0f, 0x58, 0xc4, 0x66, 0x0f, 0x58, 0xc2, 0x66,
  0x0f, 0x10, 0x14, 0x06, 0x66, 0x0f, 0x59, 0xd7, 0x0f, 0x11, 0x04, 0x03,
  0x66, 0x0f, 0x10, 0x04, 0x01, 0x66, 0x41, 0x0f, 0x59, 0xc0, 0x66, 0x0f,
  0x58, 0xc2, 0x41, 0x0f, 0x11, 0x04, 0x07, 0x48, 0x83, 0xc0, 0x10, 0x48,
  0x39, 0xf8, 0x75, 0xb4, 0x4c, 0x39, 0x6c, 0x24, 0x20, 0x74, 0x76, 0x48,
  0x8b, 0x84, 0x24, 0xd8, 0x00, 0x00, 0x00, 0x48, 0x8b, 0x8c, 0x24, 0x38,
  0x01, 0x00, 0x00, 0x49, 0x8d, 0x7c, 0x05, 0x00, 0x48, 0x8b, 0x84, 0x24,
  0x28, 0x01, 0x00, 0x00, 0xf2, 0x0f, 0x59, 0x19, 0x48, 0x8b, 0x8c, 0x24,
  0x40, 0x01, 0x00, 0x00, 0xf2, 0x0f, 0x59, 0x08, 0x48, 0x8b, 0x84, 0x24,
  0x20, 0x01, 0x00, 0x00, 0xf2, 0x0f, 0x59, 0x29, 0x66, 0x0f, 0x28, 0xc1,
  0xf2, 0x0f, 0x58, 0x00, 0x48, 0x8b, 0x84, 0x24, 0x30, 0x01, 0x00, 0x00,
  0xf2, 0x0f, 0x59, 0x30, 0x48, 0x8b, 0x84, 0x24, 0xe0, 0x00, 0x00, 0x00,
  0xf2, 0x0f, 0x58, 0xc6, 0xf2, 0x0f, 0x11, 0x04, 0xf8, 0x66, 0x0f, 0x28,
  0xc3, 0x48, 0x8b, 0xbc, 0x24, 0xe8, 0x00, 0x00, 0x00, 0xf2, 0x0f, 0x58,
  0xc5, 0x4c, 0x01, 0xef, 0xf2, 0x0f, 0x11, 0x04, 0xf8, 0x48, 0x8b, 0x44,
  0x24, 0x50, 0x48, 0x01, 0xc0, 0x48, 0x83, 0xbc, 0x24, 0xa8, 0x00, 0x00,
  0x00, 0x03, 0x48, 0x89, 0x44, 0x24, 0x60, 0x0f, 0x86, 0xe1, 0x15, 0x00,
  0x00, 0x48, 0x8b, 0xbc, 0x24, 0x50, 0x01, 0x00, 0x00, 0x48, 0x8b, 0x8c,
  0x24, 0x48, 0x01, 0x00, 0x00, 0x48, 0x8d, 0x57, 0xf0, 0x48, 0x8d, 0x41,
  0x10, 0x48, 0x39, 0xc2, 0x0f, 0x9d, 0xc2, 0x48, 0x39, 0xf9, 0x0f, 0x9d,
  0xc0, 0x08, 0xc2, 0x0f, 0x84, 0x24, 0x0c, 0x00, 0x00, 0x48, 0x83, 0x7c,
  0x24, 0x20, 0x01, 0x0f, 0x84, 0x18, 0x0c, 0x00, 0x00, 0x48, 0x8b, 0x84,
  0x24, 0xd8, 0x00, 0x00, 0x00, 0x4c, 0x8b, 0x84, 0x24, 0x98, 0x01, 0x00,
  0x00, 0x48, 0xc7, 0x44, 0x24, 0x58, 0x03, 0x00, 0x00, 0x00, 0x4c, 0x8b,
  0x9c, 0x24, 0x90, 0x01, 0x00, 0x00, 0x48, 0x8b, 0x94, 0x24, 0xb0, 0x01,
  0x00, 0x00, 0x4c, 0x01, 0xe8, 0x48, 0x89, 0xc7, 0x48, 0x8b, 0x84, 0x24,
  0xe0, 0x00, 0x00, 0x00, 0x48, 0x8d, 0x3c, 0xf8, 0x48, 0x89, 0x7c, 0x24,
  0x38, 0x48, 0x8b, 0xbc, 0x24, 0xe8, 0x00, 0x00, 0x00, 0x4c, 0x01, 0xef,
  0x48, 0x8d, 0x0c, 0xf8, 0x48, 0x8b, 0x84, 0x24, 0xd0, 0x01, 0x00, 0x00,
  0x48, 0x8b, 0xbc, 0x24, 0xb8, 0x01, 0x00, 0x00, 0x48, 0x89, 0x44, 0x24,
  0x18, 0x48, 0x8b, 0x84, 0x24, 0xc8, 0x01, 0x00, 0x00, 0x48, 0x89, 0x44,
  0x24, 0x10, 0x66, 0x90, 0x4c, 0x8b, 0x4c, 0x24, 0x50, 0x48, 0x8b, 0x44,
  0x24, 0x60, 0x4c, 0x8b, 0x54, 0x24, 0x68, 0x48, 0x8b, 0xac, 0x24, 0x90,
  0x02, 0x00, 0x00, 0x4c, 0x01, 0xc8, 0x48, 0x89, 0xc6, 0x4c, 0x29, 0xd6,
  0x49, 0x39, 0xc2, 0x48, 0x0f, 0x42, 0xc6, 0x48, 0x89, 0xc6, 0x4c, 0x01,
  0xc8, 0x48, 0xc1, 0xe6, 0x04, 0xf2, 0x0f, 0x10, 0x4c, 0x35, 0x00, 0xf2,
  0x0f, 0x10, 0x44, 0x35, 0x08, 0x48, 0x89, 0xc6, 0x4c, 0x29, 0xd6, 0x49,
  0x39, 0xc2, 0x48, 0x0f, 0x42, 0xc6, 0x48, 0x89, 0xc6, 0x4c, 0x01, 0xc8,
  0x48, 0xc1, 0xe6, 0x04, 0xf2, 0x44, 0x0f, 0x10, 0x44, 0x35, 0x00, 0xf2,
  0x0f, 0x10, 0x6c, 0x35, 0x08, 0x48, 0x89, 0xc6, 0x4c, 0x29, 0xd6, 0x49,
  0x39, 0xc2, 0x48, 0x0f, 0x42, 0xc6, 0x48, 0x89, 0xc6, 0x4c, 0x01, 0xc8,
  0x48, 0xc1, 0xe6, 0x04, 0xf2, 0x0f, 0x10, 0x7c, 0x35, 0x00, 0xf2, 0x0f,
  0x10, 0x64, 0x35, 0x08, 0x48, 0x89, 0xc6, 0x4c, 0x29, 0xd0, 0x49, 0x39,
  0xf2, 0x48, 0x0f, 0x43, 0xc6, 0x48, 0x89, 0x44, 0x24, 0x60, 0x48, 0xc1,
  0xe0, 0x04, 0x48, 0x83, 0x7c, 0x24, 0x20, 0x00, 0xf2, 0x0f, 0x10, 0x74,
  0x05, 0x00, 0xf2, 0x0f, 0x10, 0x5c, 0x05, 0x08, 0x0f, 0x84, 0xf6, 0x01,
  0x00, 0x00, 0x48, 0x8b, 0x44, 0x24, 0x20, 0x48, 0x8b, 0x74, 0x24, 0x10,
  0xf2, 0x0f, 0x12, 0xd4, 0x48, 0x89, 0x94, 0x24, 0xa0, 0x00, 0x00, 0x00,
  0xf2, 0x44, 0x0f, 0x12, 0xfb, 0xf2, 0x44, 0x0f, 0x12, 0xf1, 0xf2, 0x44,
  0x0f, 0x12, 0xd0, 0x48, 0x8b, 0x94, 0x24, 0x80, 0x00, 0x00, 0x00, 0x48,
  0x01, 0xc6, 0x48, 0x03, 0x44, 0x24, 0x18, 0xf2, 0x45, 0x0f, 0x12, 0xe8,
  0xf2, 0x0f, 0x11, 0x8c, 0x24, 0x90, 0x00, 0x00, 0x00, 0x48, 0x89, 0x44,
  0x24, 0x30, 0x48, 0x8b, 0x44, 0x24, 0x78, 0xf2, 0x44, 0x0f, 0x12, 0xe7,
  0xf2, 0x44, 0x0f, 0x12, 0xde, 0x48, 0x89, 0x74, 0x24, 0x28, 0xf2, 0x44,
  0x0f, 0x12, 0xcd, 0x66, 0x41, 0x0f, 0x28, 0xcf, 0x4d, 0x8d, 0x0c, 0x00,
  0x4d, 0x8d, 0x24, 0x03, 0xf2, 0x0f, 0x11, 0x84, 0x24, 0x98, 0x00, 0x00,
  0x00, 0x66, 0x0f, 0x28, 0xc2, 0x48, 0x8d, 0x2c, 0x07, 0x48, 0x8b, 0x44,
  0x24, 0x70, 0x4c, 0x89, 0xce, 0x48, 0x29, 0xc6, 0x49, 0x89, 0xf2, 0x49,
  0x29, 0xc2, 0x31, 0xc0, 0x0f, 0x1f, 0x40, 0x00, 0x66, 0x45, 0x0f, 0x10,
  0x3c, 0x04, 0x66, 0x41, 0x0f, 0x10, 0x14, 0x03, 0x66, 0x45, 0x0f, 0x59,
  0xfe, 0x66, 0x41, 0x0f, 0x59, 0xd5, 0x66, 0x44, 0x0f, 0x58, 0xfa, 0x66,
  0x0f, 0x10, 0x54, 0x05, 0x00, 0x66, 0x41, 0x0f, 0x59, 0xd4, 0x66, 0x41,
  0x0f, 0x58, 0xd7, 0x66, 0x44, 0x0f, 0x10, 0x3c, 0x07, 0x66, 0x45, 0x0f,
  0x59, 0xfb, 0x66, 0x41, 0x0f, 0x58, 0xd7, 0x66, 0x44, 0x0f, 0x10, 0x3c,
  0x03, 0x66, 0x41, 0x0f, 0x58, 0xd7, 0x66, 0x45, 0x0f, 0x10, 0x3c, 0x00,
  0x66, 0x45, 0x0f, 0x59, 0xfa, 0x0f, 0x11, 0x14, 0x03, 0x66, 0x41, 0x0f,
  0x10, 0x14, 0x01, 0x66, 0x41, 0x0f, 0x59, 0xd1, 0x66, 0x44, 0x0f, 0x58,
  0xfa, 0x66, 0x0f, 0x10, 0x14, 0x06, 0x66, 0x0f, 0x59, 0xd0, 0x66, 0x41,
  0x0f, 0x58, 0xd7, 0x66, 0x45, 0x0f, 0x10, 0x3c, 0x02, 0x66, 0x44, 0x0f,
  0x59, 0xf9, 0x66, 0x41, 0x0f, 0x58, 0xd7, 0x66, 0x45, 0x0f, 0x10, 0x3c,
  0x07, 0x66, 0x41, 0x0f, 0x58, 0xd7, 0x41, 0x0f, 0x11, 0x14, 0x07, 0x48,
  0x83, 0xc0, 0x10, 0x48, 0x39, 0xd0, 0x0f, 0x85, 0x60, 0xff, 0xff, 0xff,
  0xf2, 0x0f, 0x10, 0x8c, 0x24, 0x90, 0x00, 0x00, 0x00, 0x48, 0x8b, 0x94,
  0x24, 0xa0, 0x00, 0x00, 0x00, 0xf2, 0x0f, 0x10, 0x84, 0x24, 0x98, 0x00,
  0x00, 0x00, 0x4c, 0x39, 0x6c, 0x24, 0x20, 0x0f, 0x84, 0x9b, 0x00, 0x00,
  0x00, 0x48, 0x8b, 0x44, 0x24, 0x10, 0x4c, 0x01, 0xe8, 0xf2, 0x41, 0x0f,
  0x59, 0x0c, 0xc6, 0x48, 0x8b, 0x44, 0x24, 0x28, 0x4c, 0x01, 0xe8, 0xf2,
  0x45, 0x0f, 0x59, 0x04, 0xc6, 0x48, 0x8b, 0x44, 0x24, 0x18, 0x4c, 0x01,
  0xe8, 0xf2, 0x41, 0x0f, 0x59, 0x3c, 0xc6, 0x48, 0x8b, 0x44, 0x24, 0x30,
  0xf2, 0x41, 0x0f, 0x58, 0xc8, 0x4c, 0x01, 0xe8, 0xf2, 0x41, 0x0f, 0x59,
  0x34, 0xc6, 0x48, 0x8b, 0x44, 0x24, 0x38, 0xf2, 0x0f, 0x58, 0xf9, 0xf2,
  0x0f, 0x58, 0xfe, 0xf2, 0x0f, 0x58, 0x38, 0xf2, 0x0f, 0x11, 0x38, 0x49,
  0x8d, 0x44, 0x15, 0x00, 0xf2, 0x41, 0x0f, 0x59, 0x04, 0xc6, 0x48, 0x8b,
  0x44, 0x24, 0x08, 0x48, 0x01, 0xd0, 0xf2, 0x41, 0x0f, 0x59, 0x2c, 0xc6,
  0x48, 0x8b, 0x44, 0x24, 0x40, 0x48, 0x01, 0xd0, 0xf2, 0x41, 0x0f, 0x59,
  0x24, 0xc6, 0x48, 0x8b, 0x44, 0x24, 0x48, 0xf2, 0x0f, 0x58, 0xc5, 0x48,
  0x01, 0xd0, 0xf2, 0x41, 0x0f, 0x59, 0x1c, 0xc6, 0xf2, 0x0f, 0x58, 0xe0,
  0xf2, 0x0f, 0x58, 0xe3, 0xf2, 0x0f, 0x58, 0x21, 0xf2, 0x0f, 0x11, 0x21,
  0x48, 0x8b, 0xb4, 0x24, 0xb8, 0x00, 0x00, 0x00, 0x4c, 0x8b, 0x8c, 0x24,
  0x08, 0x01, 0x00, 0x00, 0x48, 0x83, 0x44, 0x24, 0x58, 0x04, 0x48, 0x03,
  0x94, 0x24, 0xf8, 0x00, 0x00, 0x00, 0x4c, 0x01, 0x4c, 0x24, 0x10, 0x48,
  0x8b, 0x44, 0x24, 0x58, 0x49, 0x01, 0xf3, 0x48, 0x01, 0xf7, 0x4c, 0x01,
  0x4c, 0x24, 0x18, 0x4c, 0x03, 0x84, 0x24, 0xc8, 0x00, 0x00, 0x00, 0x48,
  0x3b, 0x84, 0x24, 0xa8, 0x00, 0x00, 0x00, 0x0f, 0x82, 0x0f, 0xfd, 0xff,
  0xff, 0x4c, 0x8b, 0xa4, 0x24, 0x78, 0x01, 0x00, 0x00, 0x48, 0x8b, 0x84,
  0x24, 0x70, 0x01, 0x00, 0x00, 0x4c, 0x3b, 0xa4, 0x24, 0xb0, 0x00, 0x00,
  0x00, 0x0f, 0x83, 0xbc, 0x11, 0x00, 0x00, 0x48, 0x8b, 0xbc, 0x24, 0x50,
  0x01, 0x00, 0x00, 0x48, 0x8b, 0xb4, 0x24, 0x48, 0x01, 0x00, 0x00, 0x48,
  0x8d, 0x4f, 0xf0, 0x48, 0x8d, 0x56, 0x10, 0x48, 0x39, 0xd1, 0x0f, 0x9d,
  0xc1, 0x48, 0x39, 0xfe, 0x0f, 0x9d, 0xc2, 0x08, 0xd1, 0x0f, 0x84, 0x01,
  0x06, 0x00, 0x00, 0x48, 0x8b, 0x7c, 0x24, 0x20, 0x48, 0x83, 0xff, 0x01,
  0x0f, 0x84, 0xf2, 0x05, 0x00, 0x00, 0x49, 0x89, 0xfa, 0x48, 0x0f, 0xaf,
  0xf8, 0x4c, 0x89, 0x64, 0x24, 0x10, 0x48, 0x8b, 0x94, 0x24, 0xe8, 0x00,
  0x00, 0x00, 0x48, 0x8b, 0xb4, 0x24, 0xe0, 0x00, 0x00, 0x00, 0x4d, 0x0f,
  0xaf, 0xd4, 0x4c, 0x8b, 0x5c, 0x24, 0x60, 0x4c, 0x01, 0xea, 0x48, 0x89,
  0xf9, 0x48, 0x8b, 0x7c, 0x24, 0x70, 0x48, 0x89, 0x54, 0x24, 0x38, 0x49,
  0x89, 0xf9, 0x48, 0x0f, 0xaf, 0xf8, 0x4c, 0x01, 0xe0, 0x4d, 0x0f, 0xaf,
  0xcc, 0x48, 0x89, 0x44, 0x24, 0x28, 0x49, 0x89, 0xf8, 0x48, 0x8b, 0xbc,
  0x24, 0xd8, 0x00, 0x00, 0x00, 0x4d, 0x01, 0xf1, 0x4d, 0x01, 0xf0, 0x4c,
  0x01, 0xef, 0x48, 0x89, 0x7c, 0x24, 0x30, 0x48, 0x8d, 0x3c, 0xfe, 0x48,
  0x8d, 0x34, 0xd6, 0x0f, 0x1f, 0x44, 0x00, 0x00, 0x48, 0x8b, 0x6c, 0x24,
  0x50, 0x48, 0x8b, 0x54, 0x24, 0x68, 0x4c, 0x8b, 0xa4, 0x24, 0x90, 0x02,
  0x00, 0x00, 0x49, 0x01, 0xeb, 0x4c, 0x89, 0xd8, 0x48, 0x29, 0xd0, 0x4c,
  0x39, 0xda, 0x4c, 0x0f, 0x42, 0xd8, 0x4c, 0x89, 0xd8, 0x49, 0x01, 0xeb,
  0x48, 0xc1, 0xe0, 0x04, 0xf2, 0x41, 0x0f, 0x10, 0x2c, 0x04, 0xf2, 0x41,
  0x0f, 0x10, 0x64, 0x04, 0x08, 0x4c, 0x89, 0xd8, 0x48, 0x29, 0xd0, 0x4c,
  0x39, 0xda, 0x4c, 0x0f, 0x42, 0xd8, 0x4c, 0x89, 0xd8, 0x48, 0xc1, 0xe0,
  0x04, 0x48, 0x83, 0x7c, 0x24, 0x20, 0x00, 0xf2, 0x41, 0x0f, 0x10, 0x14,
  0x04, 0xf2, 0x41, 0x0f, 0x10, 0x4c, 0x04, 0x08, 0x0f, 0x84, 0xee, 0x00,
  0x00, 0x00, 0x48, 0x8b, 0x44, 0x24, 0x20, 0xf2, 0x44, 0x0f, 0x12, 0xcd,
  0xf2, 0x0f, 0x12, 0xfc, 0xf2, 0x0f, 0x12, 0xf1, 0xf2, 0x44, 0x0f, 0x12,
  0xc2, 0x4a, 0x8d, 0x14, 0x10, 0x48, 0x8b, 0x44, 0x24, 0x70, 0x48, 0x89,
  0x54, 0x24, 0x18, 0x48, 0x8b, 0x94, 0x24, 0x80, 0x00, 0x00, 0x00, 0x4d,
  0x8d, 0x24, 0x01, 0x48, 0x8b, 0x44, 0x24, 0x78, 0x49, 0x8d, 0x2c, 0x00,
  0x31, 0xc0, 0x66, 0x0f, 0x1f, 0x44, 0x00, 0x00, 0x66, 0x41, 0x0f, 0x10,
  0x04, 0x04, 0x66, 0x41, 0x0f, 0x10, 0x1c, 0x01, 0x66, 0x41, 0x0f, 0x59,
  0xc0, 0x66, 0x41, 0x0f, 0x59, 0xd9, 0x66, 0x0f, 0x58, 0xc3, 0x66, 0x0f,
  0x10, 0x1c, 0x03, 0x66, 0x0f, 0x58, 0xc3, 0x66, 0x41, 0x0f, 0x10, 0x1c,
  0x00, 0x66, 0x0f, 0x59, 0xdf, 0x0f, 0x11, 0x04, 0x03, 0x66, 0x0f, 0x10,
  0x44, 0x05, 0x00, 0x66, 0x0f, 0x59, 0xc6, 0x66, 0x0f, 0x58, 0xc3, 0x66,
  0x41, 0x0f, 0x10, 0x1c, 0x07, 0x66, 0x0f, 0x58, 0xc3, 0x41, 0x0f, 0x11,
  0x04, 0x07, 0x48, 0x83, 0xc0, 0x10, 0x48, 0x39, 0xd0, 0x75, 0xa9, 0x48,
  0x8b, 0x54, 0x24, 0x18, 0x4c, 0x39, 0x6c, 0x24, 0x20, 0x74, 0x49, 0x4b,
  0x8d, 0x44, 0x15, 0x00, 0x4c, 0x01, 0xea, 0xf2, 0x41, 0x0f, 0x59, 0x2c,
  0xc6, 0x48, 0x8b, 0x44, 0x24, 0x08, 0xf2, 0x41, 0x0f, 0x59, 0x14, 0xd6,
  0x48, 0x01, 0xc8, 0xf2, 0x41, 0x0f, 0x59, 0x0c, 0xc6, 0x49, 0x8d, 0x44,
  0x0d, 0x00, 0xf2, 0x41, 0x0f, 0x59, 0x24, 0xc6, 0xf2, 0x0f, 0x58, 0xd5,
  0xf2, 0x0f, 0x58, 0x17, 0x66, 0x0f, 0x28, 0xc1, 0xf2, 0x0f, 0x11, 0x17,
  0xf2, 0x0f, 0x58, 0xc4, 0xf2, 0x0f, 0x58, 0x06, 0xf2, 0x0f, 0x11, 0x06,
  0x48, 0x83, 0x44, 0x24, 0x10, 0x02, 0x48, 0x8b, 0x44, 0x24, 0x28, 0x48,
  0x8b, 0x54, 0x24, 0x10, 0x4c, 0x03, 0x94, 0x24, 0xd0, 0x00, 0x00, 0x00,
  0x48, 0x03, 0x8c, 0x24, 0x10, 0x01, 0x00, 0x00, 0x4c, 0x03, 0x8c, 0x24,
  0xc0, 0x00, 0x00, 0x00, 0x48, 0x29, 0xd0, 0x4c, 0x03, 0x84, 0x24, 0x00,
  0x01, 0x00, 0x00, 0x48, 0x3b, 0x94, 0x24, 0xb0, 0x00, 0x00, 0x00, 0x0f,
  0x82, 0x6b, 0xfe, 0xff, 0xff, 0x4c, 0x89, 0x5c, 0x24, 0x60, 0x49, 0x89,
  0xd4, 0x48, 0x39, 0x94, 0x24, 0x18, 0x01, 0x00, 0x00, 0x0f, 0x86, 0x31,
  0x01, 0x00, 0x00, 0x4c, 0x8b, 0x5c, 0x24, 0x20, 0x48, 0x8b, 0x7c, 0x24,
  0x30, 0x48, 0x8b, 0x54, 0x24, 0x38, 0x4c, 0x8b, 0x44, 0x24, 0x60, 0x4c,
  0x89, 0xde, 0x4c, 0x89, 0xd9, 0x48, 0x8b, 0xac, 0x24, 0x80, 0x00, 0x00,
  0x00, 0x48, 0x0f, 0xaf, 0xf0, 0x4c, 0x01, 0xe0, 0x48, 0x0f, 0xaf, 0x44,
  0x24, 0x70, 0x49, 0x0f, 0xaf, 0xcc, 0x4e, 0x8d, 0x14, 0x30, 0x48, 0x8b,
  0x84, 0x24, 0xe0, 0x00, 0x00, 0x00, 0x4c, 0x89, 0x54, 0x24, 0x10, 0x4d,
  0x89, 0xda, 0x48, 0x8d, 0x3c, 0xf8, 0x48, 0x8d, 0x14, 0xd0, 0x4c, 0x8b,
  0x5c, 0x24, 0x68, 0x4c, 0x03, 0x44, 0x24, 0x50, 0x4c, 0x89, 0xc0, 0x4c,
  0x29, 0xd8, 0x4d, 0x39, 0xc3, 0x4c, 0x8b, 0x9c, 0x24, 0x90, 0x02, 0x00,
  0x00, 0x4c, 0x0f, 0x42, 0xc0, 0x4c, 0x89, 0xc0, 0x48, 0xc1, 0xe0, 0x04,
  0xf2, 0x41, 0x0f, 0x10, 0x14, 0x03, 0xf2, 0x41, 0x0f, 0x10, 0x4c, 0x03,
  0x08, 0x4d, 0x85, 0xd2, 0x0f, 0x84, 0x8e, 0x00, 0x00, 0x00, 0x4c, 0x8b,
  0x4c, 0x24, 0x10, 0x48, 0x89, 0xc8, 0x4d, 0x8d, 0x1c, 0xce, 0xf2, 0x0f,
  0x12, 0xe2, 0x48, 0xf7, 0xd8, 0xf2, 0x0f, 0x12, 0xd9, 0x4d, 0x8d, 0x0c,
  0xc1, 0x31, 0xc0, 0x0f, 0x1f, 0x44, 0x00, 0x00, 0x66, 0x41, 0x0f, 0x10,
  0x04, 0x03, 0x66, 0x0f, 0x10, 0x34, 0x03, 0x66, 0x0f, 0x59, 0xc4, 0x66,
  0x0f, 0x58, 0xc6, 0x0f, 0x11, 0x04, 0x03, 0x66, 0x41, 0x0f, 0x10, 0x04,
  0x01, 0x66, 0x41, 0x0f, 0x10, 0x34, 0x07, 0x66, 0x0f, 0x59, 0xc3, 0x66,
  0x0f, 0x58, 0xc6, 0x41, 0x0f, 0x11, 0x04, 0x07, 0x48, 0x83, 0xc0, 0x10,
  0x48, 0x39, 0xe8, 0x75, 0xc7, 0x4d, 0x39, 0xea, 0x74, 0x2e, 0x49, 0x8d,
  0x44, 0x0d, 0x00, 0xf2, 0x0f, 0x10, 0x07, 0xf2, 0x41, 0x0f, 0x59, 0x14,
  0xc6, 0x49, 0x8d, 0x44, 0x35, 0x00, 0xf2, 0x41, 0x0f, 0x59, 0x0c, 0xc6,
  0xf2, 0x0f, 0x58, 0xc2, 0xf2, 0x0f, 0x11, 0x07, 0xf2, 0x0f, 0x10, 0x02,
  0xf2, 0x0f, 0x58, 0xc1, 0xf2, 0x0f, 0x11, 0x02, 0x49, 0x83, 0xc4, 0x01,
  0x4c, 0x01, 0xd1, 0x4c, 0x29, 0xd6, 0x4c, 0x39, 0xa4, 0x24, 0x18, 0x01,
  0x00, 0x00, 0x0f, 0x85, 0x1e, 0xff, 0xff, 0xff, 0x48, 0x8b, 0x7c, 0x24,
  0x70, 0x48, 0x8b, 0x74, 0x24, 0x78, 0x48, 0x8b, 0x4c, 0x24, 0x20, 0x48,
  0x83, 0x44, 0x24, 0x50, 0x01, 0x48, 0x01, 0xb4, 0x24, 0x48, 0x01, 0x00,
  0x00, 0x49, 0x01, 0xf7, 0x48, 0x8b, 0x44, 0x24, 0x50, 0x48, 0x01, 0xfb,
  0x48, 0x8b, 0xb4, 0x24, 0xd0, 0x00, 0x00, 0x00, 0x48, 0x01, 0x8c, 0x24,
  0xd8, 0x00, 0x00, 0x00, 0x48, 0x29, 0x8c, 0x24, 0xe8, 0x00, 0x00, 0x00,
  0x48, 0x01, 0xbc, 0x24, 0x50, 0x01, 0x00, 0x00, 0x48, 0x29, 0xb4, 0x24,
  0x60, 0x01, 0x00, 0x00, 0x48, 0x01, 0xbc, 0x24, 0x68, 0x01, 0x00, 0x00,
  0x48, 0x83, 0x84, 0x24, 0x58, 0x01, 0x00, 0x00, 0x10, 0x48, 0x39, 0x84,
  0x24, 0x18, 0x01, 0x00, 0x00, 0x0f, 0x87, 0xcd, 0xf6, 0xff, 0xff, 0x48,
  0x85, 0xc9, 0x0f, 0x84, 0xa1, 0x00, 0x00, 0x00, 0x48, 0x89, 0xfb, 0x48,
  0x89, 0xca, 0x48, 0x8d, 0x7f, 0x08, 0x49, 0x89, 0xca, 0x48, 0x8d, 0x69,
  0xff, 0x4c, 0x8b, 0x9c, 0x24, 0x18, 0x01, 0x00, 0x00, 0x48, 0x8b, 0x8c,
  0x24, 0x20, 0x01, 0x00, 0x00, 0x48, 0xf7, 0xdf, 0x4c, 0x8b, 0x84, 0x24,
  0x80, 0x00, 0x00, 0x00, 0x4c, 0x8b, 0x8c, 0x24, 0xa0, 0x01, 0x00, 0x00,
  0xbe, 0x01, 0x00, 0x00, 0x00, 0x0f, 0x1f, 0x00, 0x48, 0x83, 0xfd, 0x01,
  0x0f, 0x86, 0xc3, 0x01, 0x00, 0x00, 0x4d, 0x8d, 0x24, 0xd6, 0x31, 0xc0,
  0x48, 0x85, 0xff, 0x0f, 0x84, 0xb4, 0x01, 0x00, 0x00, 0x0f, 0x1f, 0x80,
  0x00, 0x00, 0x00, 0x00, 0x66, 0x41, 0x0f, 0x10, 0x04, 0x04, 0x66, 0x41,
  0x0f, 0x10, 0x34, 0x06, 0x66, 0x0f, 0x58, 0xc6, 0x41, 0x0f, 0x11, 0x04,
  0x06, 0x48, 0x83, 0xc0, 0x10, 0x4c, 0x39, 0xc0, 0x75, 0xe2, 0x4d, 0x39,
  0xea, 0x74, 0x13, 0x49, 0x8d, 0x44, 0x15, 0x00, 0xf2, 0x0f, 0x10, 0x01,
  0xf2, 0x41, 0x0f, 0x58, 0x04, 0xc6, 0xf2, 0x0f, 0x11, 0x01, 0x48, 0x83,
  0xc6, 0x01, 0x48, 0x29, 0xdf, 0x4c, 0x01, 0xd2, 0x49, 0x39, 0xf3, 0x77,
  0x9b, 0x48, 0x83, 0xbc, 0x24, 0x88, 0x00, 0x00, 0x00, 0x00, 0x0f, 0x84,
  0xfd, 0x0c, 0x00, 0x00, 0x48, 0x8b, 0x9c, 0x24, 0xf0, 0x00, 0x00, 0x00,
  0x48, 0x83, 0xfb, 0x01, 0x0f, 0x85, 0xbd, 0x06, 0x00, 0x00, 0x4c, 0x8b,
  0x5c, 0x24, 0x20, 0x4c, 0x8b, 0x94, 0x24, 0x40, 0x02, 0x00, 0x00, 0x4c,
  0x8b, 0x84, 0x24, 0xe8, 0x01, 0x00, 0x00, 0x4c, 0x8b, 0x8c, 0x24, 0x80,
  0x00, 0x00, 0x00, 0x49, 0x8d, 0x43, 0xff, 0x4c, 0x89, 0xd9, 0x48, 0x8b,
  0xb4, 0x24, 0xe0, 0x00, 0x00, 0x00, 0x48, 0x8b, 0x6c, 0x24, 0x78, 0x48,
  0x89, 0x44, 0x24, 0x10, 0x48, 0x83, 0x7c, 0x24, 0x10, 0x01, 0x48, 0x8d,
  0x04, 0xcd, 0x08, 0x00, 0x00, 0x00, 0x48, 0x8b, 0xbc, 0x24, 0x48, 0x02,
  0x00, 0x00, 0x0f, 0x86, 0xb1, 0x00, 0x00, 0x00, 0x4c, 0x39, 0xd0, 0x0f,
  0x84, 0xa8, 0x00, 0x00, 0x00, 0x48, 0x83, 0xe8, 0x08, 0x4f, 0x8d, 0x24,
  0x16, 0x4c, 0x8d, 0x3c, 0x06, 0x49, 0x8d, 0x14, 0x06, 0x31, 0xc0, 0x0f,
  0x1f, 0x44, 0x00, 0x00, 0x66, 0x0f, 0x10, 0x34, 0x07, 0x66, 0x41, 0x0f,
  0x10, 0x04, 0x07, 0x66, 0x0f, 0x5c, 0xc6, 0x0f, 0x11, 0x04, 0x02, 0x66,
  0x0f, 0x28, 0xc6, 0x66, 0x41, 0x0f, 0x10, 0x34, 0x07, 0x66, 0x0f, 0x58,
  0xc6, 0x41, 0x0f, 0x11, 0x04, 0x04, 0x48, 0x83, 0xc0, 0x10, 0x4c, 0x39,
  0xc8, 0x75, 0xd1, 0x4d, 0x39, 0xeb, 0x74, 0x2a, 0x4a, 0x8d, 0x14, 0x29,
  0x4b, 0x8d, 0x04, 0x28, 0xf2, 0x0f, 0x10, 0x0c, 0xd6, 0xf2, 0x0f, 0x10,
  0x04, 0xc6, 0x66, 0x0f, 0x28, 0xd1, 0xf2, 0x0f, 0x5c, 0xd0, 0xf2, 0x0f,
  0x58, 0xc1, 0xf2, 0x41, 0x0f, 0x11, 0x14, 0xd6, 0xf2, 0x41, 0x0f, 0x11,
  0x04, 0xc6, 0x48, 0x83, 0xc3, 0x01, 0x49, 0x01, 0xea, 0x4c, 0x01, 0xd9,
  0x4d, 0x29, 0xd8, 0x48, 0x39, 0x9c, 0x24, 0x18, 0x01, 0x00, 0x00, 0x0f,
  0x86, 0x00, 0x0c, 0x00, 0x00, 0x48, 0x83, 0x7c, 0x24, 0x10, 0x01, 0x4a,
  0x8d, 0x3c, 0x16, 0x48, 0x8d, 0x04, 0xcd, 0x08, 0x00, 0x00, 0x00, 0x0f,
  0x87, 0x4f, 0xff, 0xff, 0xff, 0x48, 0x83, 0xe8, 0x08, 0x4f, 0x8d, 0x24,
  0x16, 0x4c, 0x8d, 0x3c, 0x06, 0x4a, 0x8d, 0x14, 0x30, 0x31, 0xc0, 0x0f,
  0x1f, 0x44, 0x00, 0x00, 0xf2, 0x41, 0x0f, 0x10, 0x0c, 0xc7, 0xf2, 0x0f,
  0x10, 0x04, 0xc7, 0x66, 0x0f, 0x28, 0xd1, 0xf2, 0x0f, 0x5c, 0xd0, 0xf2,
  0x0f, 0x58, 0xc1, 0xf2, 0x0f, 0x11, 0x14, 0xc2, 0xf2, 0x41, 0x0f, 0x11,
  0x04, 0xc4, 0x48, 0x83, 0xc0, 0x01, 0x49, 0x39, 0xc3, 0x75, 0xd5, 0xeb,
  0x89, 0x4c, 0x89, 0xf0, 0x0f, 0x1f, 0x84, 0x00, 0x00, 0x00, 0x00, 0x00,
  0xf2, 0x0f, 0x10, 0x00, 0xf2, 0x0f, 0x58, 0x04, 0xd0, 0x48, 0x83, 0xc0,
  0x08, 0xf2, 0x0f, 0x11, 0x40, 0xf8, 0x4c, 0x39, 0xc8, 0x75, 0xe9, 0xe9,
  0x62, 0xfe, 0xff, 0xff, 0x48, 0x8b, 0x54, 0x24, 0x20, 0x48, 0x8d, 0x70,
  0xff, 0x48, 0x8d, 0x48, 0xfe, 0x4c, 0x01, 0xe0, 0x49, 0x8d, 0x7c, 0x24,
  0x01, 0x4c, 0x29, 0xe6, 0x4c, 0x29, 0xe1, 0x48, 0x89, 0x44, 0x24, 0x28,
  0x48, 0x0f, 0xaf, 0xf2, 0x4c, 0x89, 0x6c, 0x24, 0x10, 0x4c, 0x8b, 0x54,
  0x24, 0x60, 0x48, 0x0f, 0xaf, 0xca, 0x48, 0x89, 0x5c, 0x24, 0x18, 0x48,
  0x8b, 0x6c, 0x24, 0x68, 0x48, 0x0f, 0xaf, 0x7c, 0x24, 0x70, 0x4c, 0x8b,
  0x9c, 0x24, 0xd8, 0x00, 0x00, 0x00, 0x4c, 0x89, 0x7c, 0x24, 0x30, 0x48,
  0x8b, 0x94, 0x24, 0xe0, 0x00, 0x00, 0x00, 0x4c, 0x89, 0x74, 0x24, 0x38,
  0x4c, 0x8b, 0x8c, 0x24, 0x60, 0x01, 0x00, 0x00, 0x48, 0x8b, 0x9c, 0x24,
  0x68, 0x01, 0x00, 0x00, 0x4c, 0x01, 0xf7, 0x4e, 0x8d, 0x04, 0xda, 0x4c,
  0x8b, 0x74, 0x24, 0x50, 0x4c, 0x8b, 0x9c, 0x24, 0x38, 0x02, 0x00, 0x00,
  0x4c, 0x8b, 0xac, 0x24, 0x90, 0x02, 0x00, 0x00, 0x4c, 0x8b, 0xbc, 0x24,
  0xf8, 0x00, 0x00, 0x00, 0x0f, 0x1f, 0x40, 0x00, 0x4d, 0x01, 0xf2, 0x4c,
  0x89, 0xd0, 0x48, 0x29, 0xe8, 0x4c, 0x39, 0xd5, 0x4c, 0x0f, 0x42, 0xd0,
  0x4c, 0x89, 0xd0, 0x4d, 0x01, 0xf2, 0x48, 0xc1, 0xe0, 0x04, 0xf2, 0x41,
  0x0f, 0x10, 0x6c, 0x05, 0x00, 0xf2, 0x41, 0x0f, 0x10, 0x64, 0x05, 0x08,
  0x4c, 0x89, 0xd0, 0x48, 0x29, 0xe8, 0x4c, 0x39, 0xd5, 0x4c, 0x0f, 0x42,
  0xd0, 0x4c, 0x89, 0xd0, 0x48, 0xc1, 0xe0, 0x04, 0x48, 0x83, 0x7c, 0x24,
  0x20, 0x00, 0xf2, 0x41, 0x0f, 0x10, 0x5c, 0x05, 0x00, 0xf2, 0x41, 0x0f,
  0x10, 0x54, 0x05, 0x08, 0x74, 0x5b, 0x48, 0x89, 0xfa, 0x4c, 0x89, 0xc0,
  0x0f, 0x1f, 0x84, 0x00, 0x00, 0x00, 0x00, 0x00, 0xf2, 0x0f, 0x10, 0x02,
  0xf2, 0x42, 0x0f, 0x10, 0x0c, 0xda, 0xf2, 0x0f, 0x59, 0xc3, 0xf2, 0x0f,
  0x59, 0xcd, 0xf2, 0x0f, 0x58, 0xc1, 0xf2, 0x0f, 0x58, 0x00, 0xf2, 0x0f,
  0x10, 0x0c, 0xf2, 0xf2, 0x0f, 0x59, 0xcc, 0xf2, 0x0f, 0x11, 0x00, 0xf2,
  0x0f, 0x10, 0x04, 0xca, 0x48, 0x83, 0xc2, 0x08, 0xf2, 0x0f, 0x59, 0xc2,
  0xf2, 0x0f, 0x58, 0xc1, 0xf2, 0x42, 0x0f, 0x58, 0x04, 0xc8, 0xf2, 0x42,
  0x0f, 0x11, 0x04, 0xc8, 0x48, 0x83, 0xc0, 0x08, 0x48, 0x39, 0xd8, 0x75,
  0xb3, 0x48, 0x8b, 0x44, 0x24, 0x28, 0x49, 0x83, 0xc4, 0x02, 0x4c, 0x01,
  0xfe, 0x4c, 0x01, 0xf9, 0x48, 0x03, 0xbc, 0x24, 0xc0, 0x00, 0x00, 0x00,
  0x4c, 0x29, 0xe0, 0x4c, 0x3b, 0xa4, 0x24, 0xb0, 0x00, 0x00, 0x00, 0x0f,
  0x82, 0x2b, 0xff, 0xff, 0xff, 0x4c, 0x8b, 0x6c, 0x24, 0x10, 0x48, 0x8b,
  0x5c, 0x24, 0x18, 0x4c, 0x89, 0x54, 0x24, 0x60, 0x4c, 0x8b, 0x7c, 0x24,
  0x30, 0x4c, 0x8b, 0x74, 0x24, 0x38, 0x4c, 0x39, 0xa4, 0x24, 0x18, 0x01,
  0x00, 0x00, 0x0f, 0x86, 0xc8, 0xfb, 0xff, 0xff, 0x4c, 0x8b, 0x5c, 0x24,
  0x20, 0x4c, 0x89, 0xe2, 0x4c, 0x8b, 0x54, 0x24, 0x60, 0x48, 0x29, 0xc2,
  0x4c, 0x01, 0xe0, 0x4c, 0x8b, 0x84, 0x24, 0x60, 0x01, 0x00, 0x00, 0x4c,
  0x8b, 0x8c, 0x24, 0x68, 0x01, 0x00, 0x00, 0x4c, 0x89, 0xde, 0x48, 0x0f,
  0xaf, 0x44, 0x24, 0x70, 0x48, 0x8b, 0xac, 0x24, 0x90, 0x02, 0x00, 0x00,
  0x49, 0x0f, 0xaf, 0xf4, 0x49, 0x0f, 0xaf, 0xd3, 0x49, 0x8d, 0x3c, 0x06,
  0x4c, 0x03, 0x54, 0x24, 0x50, 0x48, 0x8b, 0x4c, 0x24, 0x68, 0x4c, 0x89,
  0xd0, 0x48, 0x29, 0xc8, 0x4c, 0x39, 0xd1, 0x4c, 0x0f, 0x42, 0xd0, 0x4c,
  0x89, 0xd0, 0x48, 0xc1, 0xe0, 0x04, 0xf2, 0x0f, 0x10, 0x54, 0x05, 0x00,
  0xf2, 0x0f, 0x10, 0x4c, 0x05, 0x08, 0x4d, 0x85, 0xdb, 0x74, 0x48, 0x48,
  0x89, 0xf0, 0x48, 0xf7, 0xd8, 0x48, 0x8d, 0x0c, 0xc7, 0x48, 0x89, 0xd8,
  0x0f, 0x1f, 0x84, 0x00, 0x00, 0x00, 0x00, 0x00, 0xf2, 0x0f, 0x10, 0x04,
  0xd1, 0x48, 0x83, 0xc1, 0x08, 0xf2, 0x0f, 0x59, 0xc2, 0xf2, 0x0f, 0x58,
  0x00, 0xf2, 0x0f, 0x11, 0x00, 0xf2, 0x0f, 0x10, 0x41, 0xf8, 0xf2, 0x0f,
  0x59, 0xc1, 0xf2, 0x42, 0x0f, 0x58, 0x04, 0xc0, 0xf2, 0x42, 0x0f, 0x11,
  0x04, 0xc0, 0x48, 0x83, 0xc0, 0x08, 0x4c, 0x39, 0xc8, 0x75, 0xcd, 0x49,
  0x83, 0xc4, 0x01, 0x4c, 0x01, 0xde, 0x48, 0x03, 0x94, 0x24, 0xd0, 0x00,
  0x00, 0x00, 0x4c, 0x39, 0xa4, 0x24, 0x18, 0x01, 0x00, 0x00, 0x0f, 0x85,
  0x6c, 0xff, 0xff, 0xff, 0xe9, 0xef, 0xfa, 0xff, 0xff, 0x41, 0xbc, 0x03,
  0x00, 0x00, 0x00, 0x4c, 0x89, 0x6c, 0x24, 0x18, 0x4c, 0x8b, 0x9c, 0x24,
  0x20, 0x02, 0x00, 0x00, 0x4c, 0x89, 0x64, 0x24, 0x10, 0x4c, 0x8b, 0x94,
  0x24, 0x18, 0x02, 0x00, 0x00, 0x4c, 0x89, 0x74, 0x24, 0x28, 0x4c, 0x8b,
  0x8c, 0x24, 0x10, 0x02, 0x00, 0x00, 0x4c, 0x8b, 0x84, 0x24, 0x98, 0x01,
  0x00, 0x00, 0x48, 0x8b, 0xbc, 0x24, 0x08, 0x02, 0x00, 0x00, 0x48, 0x8b,
  0xb4, 0x24, 0x00, 0x02, 0x00, 0x00, 0x48, 0x8b, 0x8c, 0x24, 0x90, 0x01,
  0x00, 0x00, 0x48, 0x8b, 0x94, 0x24, 0xf8, 0x01, 0x00, 0x00, 0x48, 0x8b,
  0x6c, 0x24, 0x60, 0x4c, 0x8b, 0x64, 0x24, 0x20, 0x4c, 0x8b, 0x6c, 0x24,
  0x68, 0x4c, 0x8b, 0xb4, 0x24, 0x90, 0x02, 0x00, 0x00, 0x0f, 0x1f, 0x80,
  0x00, 0x00, 0x00, 0x00, 0x48, 0x03, 0x6c, 0x24, 0x50, 0x48, 0x89, 0xe8,
  0x4c, 0x29, 0xe8, 0x49, 0x39, 0xed, 0x48, 0x0f, 0x42, 0xe8, 0x48, 0x89,
  0xe8, 0x48, 0x03, 0x6c, 0x24, 0x50, 0x48, 0xc1, 0xe0, 0x04, 0xf2, 0x45,
  0x0f, 0x10, 0x04, 0x06, 0xf2, 0x41, 0x0f, 0x10, 0x7c, 0x06, 0x08, 0x48,
  0x89, 0xe8, 0x4c, 0x29, 0xe8, 0x49, 0x39, 0xed, 0x48, 0x0f, 0x42, 0xe8,
  0x48, 0x89, 0xe8, 0x48, 0x03, 0x6c, 0x24, 0x50, 0x48, 0xc1, 0xe0, 0x04,
  0xf2, 0x41, 0x0f, 0x10, 0x34, 0x06, 0xf2, 0x41, 0x0f, 0x10, 0x6c, 0x06,
  0x08, 0x48, 0x89, 0xe8, 0x4c, 0x29, 0xe8, 0x49, 0x39, 0xed, 0x48, 0x0f,
  0x42, 0xe8, 0x48, 0x89, 0xe8, 0x48, 0x03, 0x6c, 0x24, 0x50, 0x48, 0xc1,
  0xe0, 0x04, 0xf2, 0x41, 0x0f, 0x10, 0x24, 0x06, 0xf2, 0x41, 0x0f, 0x10,
  0x5c, 0x06, 0x08, 0x48, 0x89, 0xe8, 0x4c, 0x29, 0xe8, 0x49, 0x39, 0xed,
  0x48, 0x0f, 0x42, 0xe8, 0x48, 0x89, 0xe8, 0x48, 0xc1, 0xe0, 0x04, 0xf2,
  0x41, 0x0f, 0x10, 0x14, 0x06, 0xf2, 0x41, 0x0f, 0x10, 0x4c, 0x06, 0x08,
  0x4d, 0x85, 0xe4, 0x0f, 0x84, 0x9e, 0x00, 0x00, 0x00, 0x31, 0xc0, 0x0f,
  0x1f, 0x44, 0x00, 0x00, 0xf2, 0x0f, 0x10, 0x04, 0xc2, 0xf2, 0x44, 0x0f,
  0x10, 0x0c, 0xc1, 0xf2, 0x41, 0x0f, 0x59, 0xc0, 0xf2, 0x44, 0x0f, 0x59,
  0xce, 0xf2, 0x41, 0x0f, 0x58, 0xc1, 0xf2, 0x44, 0x0f, 0x10, 0x0c, 0xc6,
  0xf2, 0x44, 0x0f, 0x59, 0xcc, 0xf2, 0x41, 0x0f, 0x58, 0xc1, 0xf2, 0x44,
  0x0f, 0x10, 0x0c, 0xc7, 0xf2, 0x44, 0x0f, 0x59, 0xca, 0xf2, 0x41, 0x0f,
  0x58, 0xc1, 0xf2, 0x0f, 0x58, 0x04, 0xc3, 0xf2, 0x45, 0x0f, 0x10, 0x0c,
  0xc1, 0xf2, 0x44, 0x0f, 0x59, 0xcd, 0xf2, 0x0f, 0x11, 0x04, 0xc3, 0xf2,
  0x41, 0x0f, 0x10, 0x04, 0xc0, 0xf2, 0x0f, 0x59, 0xc7, 0xf2, 0x41, 0x0f,
  0x58, 0xc1, 0xf2, 0x45, 0x0f, 0x10, 0x0c, 0xc2, 0xf2, 0x44, 0x0f, 0x59,
  0xcb, 0xf2, 0x41, 0x0f, 0x58, 0xc1, 0xf2, 0x45, 0x0f, 0x10, 0x0c, 0xc3,
  0xf2, 0x44, 0x0f, 0x59, 0xc9, 0xf2, 0x41, 0x0f, 0x58, 0xc1, 0xf2, 0x41,
  0x0f, 0x58, 0x04, 0xc7, 0xf2, 0x41, 0x0f, 0x11, 0x04, 0xc7, 0x48, 0x83,
  0xc0, 0x01, 0x49, 0x39, 0xc4, 0x0f, 0x85, 0x69, 0xff, 0xff, 0xff, 0x48,
  0x8b, 0x84, 0x24, 0xb8, 0x00, 0x00, 0x00, 0x48, 0x83, 0x44, 0x24, 0x10,
  0x04, 0x48, 0x01, 0xc2, 0x48, 0x01, 0xc1, 0x48, 0x01, 0xc6, 0x48, 0x01,
  0xc7, 0x48, 0x8b, 0x84, 0x24, 0xc8, 0x00, 0x00, 0x00, 0x49, 0x01, 0xc0,
  0x49, 0x01, 0xc1, 0x49, 0x01, 0xc2, 0x49, 0x01, 0xc3, 0x48, 0x8b, 0x44,
  0x24, 0x10, 0x48, 0x39, 0x84, 0x24, 0xa8, 0x00, 0x00, 0x00, 0x0f, 0x87,
  0x80, 0xfe, 0xff, 0xff, 0x4c, 0x8b, 0x6c, 0x24, 0x18, 0x4c, 0x8b, 0x74,
  0x24, 0x28, 0x48, 0x89, 0x6c, 0x24, 0x60, 0xe9, 0x45, 0xf5, 0xff, 0xff,
  0x48, 0x8b, 0xbc, 0x24, 0xe0, 0x00, 0x00, 0x00, 0x48, 0x8b, 0x84, 0x24,
  0xd8, 0x00, 0x00, 0x00, 0x48, 0x8b, 0xb4, 0x24, 0x48, 0x01, 0x00, 0x00,
  0x4c, 0x8b, 0x84, 0x24, 0x88, 0x01, 0x00, 0x00, 0x48, 0x8d, 0x0c, 0xc7,
  0x4c, 0x8b, 0x8c, 0x24, 0x28, 0x02, 0x00, 0x00, 0x31, 0xc0, 0x4c, 0x8b,
  0x94, 0x24, 0x30, 0x02, 0x00, 0x00, 0x48, 0x8d, 0x14, 0x37, 0x48, 0x8b,
  0x74, 0x24, 0x20, 0x48, 0x8b, 0xbc, 0x24, 0x80, 0x01, 0x00, 0x00, 0x0f,
  0x1f, 0x44, 0x00, 0x00, 0xf2, 0x41, 0x0f, 0x10, 0x14, 0xc2, 0xf2, 0x41,
  0x0f, 0x10, 0x04, 0xc1, 0xf2, 0x0f, 0x59, 0xd6, 0xf2, 0x0f, 0x59, 0xc1,
  0xf2, 0x41, 0x0f, 0x58, 0x04, 0xc6, 0xf2, 0x0f, 0x58, 0xc2, 0xf2, 0x41,
  0x0f, 0x10, 0x14, 0xc0, 0xf2, 0x0f, 0x59, 0xd5, 0xf2, 0x0f, 0x11, 0x04,
  0xc1, 0xf2, 0x0f, 0x10, 0x04, 0xc7, 0xf2, 0x0f, 0x59, 0xc3, 0xf2, 0x0f,
  0x58, 0xc2, 0xf2, 0x0f, 0x11, 0x04, 0xc2, 0x48, 0x83, 0xc0, 0x01, 0x48,
  0x39, 0xc6, 0x75, 0xb8, 0xe9, 0xf4, 0xf0, 0xff, 0xff, 0x48, 0x8b, 0x5c,
  0x24, 0x20, 0x48, 0x8b, 0x54, 0x24, 0x08, 0x49, 0x8d, 0x44, 0x06, 0xf8,
  0x48, 0x01, 0xf3, 0x48, 0x8b, 0x74, 0x24, 0x28, 0x49, 0x8d, 0x0c, 0xde,
  0xf2, 0x0f, 0x10, 0x42, 0xf8, 0xf2, 0x0f, 0x58, 0xc0, 0xf2, 0x0f, 0x11,
  0x00, 0xf2, 0x0f, 0x10, 0x02, 0x48, 0x01, 0xfa, 0xf2, 0x0f, 0x58, 0xc0,
  0xf2, 0x0f, 0x11, 0x04, 0xf0, 0x48, 0x83, 0xc0, 0x08, 0x48, 0x39, 0xc8,
  0x75, 0xda, 0xe9, 0xb1, 0xeb, 0xff, 0xff, 0x48, 0x89, 0xd8, 0x49, 0x89,
  0xda, 0x48, 0x8b, 0x9c, 0x24, 0xd8, 0x01, 0x00, 0x00, 0x4c, 0x8b, 0x9c,
  0x24, 0x88, 0x00, 0x00, 0x00, 0x48, 0x8b, 0xac, 0x24, 0x00, 0x01, 0x00,
  0x00, 0x48, 0x8d, 0x3c, 0xc5, 0x00, 0x00, 0x00, 0x00, 0x41, 0xb9, 0x01,
  0x00, 0x00, 0x00, 0x4d, 0x0f, 0xaf, 0xd3, 0x48, 0x8d, 0x0c, 0xdd, 0xf8,
  0xff, 0xff, 0xff, 0x48, 0x8b, 0x9c, 0x24, 0xe0, 0x00, 0x00, 0x00, 0x49,
  0x0f, 0xaf, 0xcb, 0x49, 0xc1, 0xe2, 0x03, 0x48, 0x0f, 0xaf, 0xc8, 0x4d,
  0x89, 0xd0, 0x48, 0x8d, 0x34, 0x0b, 0x4c, 0x01, 0xf1, 0x4c, 0x89, 0xc0,
  0x31, 0xd2, 0x66, 0x2e, 0x0f, 0x1f, 0x84, 0x00, 0x00, 0x00, 0x00, 0x00,
  0xf2, 0x0f, 0x10, 0x04, 0x03, 0xf2, 0x0f, 0x10, 0x0c, 0x06, 0x48, 0x83,
  0xc2, 0x01, 0x66, 0x0f, 0x28, 0xd0, 0xf2, 0x0f, 0x58, 0xc1, 0xf2, 0x0f,
  0x5c, 0xd1, 0xf2, 0x41, 0x0f, 0x11, 0x14, 0x06, 0xf2, 0x0f, 0x11, 0x04,
  0x01, 0x48, 0x01, 0xf8, 0x49, 0x39, 0xd3, 0x75, 0xd3, 0x49, 0x83, 0xc1,
  0x01, 0x4d, 0x01, 0xd0, 0x48, 0x01, 0xee, 0x48, 0x01, 0xe9, 0x4c, 0x39,
  0x8c, 0x24, 0x18, 0x01, 0x00, 0x00, 0x77, 0xad, 0x48, 0x8b, 0x84, 0x24,
  0xf0, 0x00, 0x00, 0x00, 0x48, 0x83, 0xe8, 0x02, 0x48, 0x89, 0x44, 0x24,
  0x38, 0x0f, 0x84, 0x6e, 0x05, 0x00, 0x00, 0x48, 0x8b, 0x84, 0x24, 0xe8,
  0x01, 0x00, 0x00, 0x48, 0x8b, 0x9c, 0x24, 0xf0, 0x00, 0x00, 0x00, 0x48,
  0xc7, 0x44, 0x24, 0x60, 0x01, 0x00, 0x00, 0x00, 0x48, 0x8b, 0x7c, 0x24,
  0x20, 0x4c, 0x8b, 0xa4, 0x24, 0xe0, 0x00, 0x00, 0x00, 0x48, 0x8d, 0x04,
  0xc5, 0x10, 0x00, 0x00, 0x00, 0x48, 0x89, 0x44, 0x24, 0x70, 0x48, 0x8b,
  0x84, 0x24, 0x88, 0x00, 0x00, 0x00, 0x48, 0x89, 0xbc, 0x24, 0x80, 0x00,
  0x00, 0x00, 0x48, 0x01, 0xc0, 0x48, 0xf7, 0xd8, 0x48, 0x0f, 0xaf, 0xc3,
  0x48, 0x89, 0x84, 0x24, 0xa0, 0x00, 0x00, 0x00, 0x48, 0x8b, 0x84, 0x24,
  0xe0, 0x01, 0x00, 0x00, 0x48, 0x0f, 0xaf, 0xc7, 0x48, 0x89, 0x44, 0x24,
  0x28, 0x48, 0x8d, 0x04, 0xdd, 0x00, 0x00, 0x00, 0x00, 0x48, 0x89, 0x44,
  0x24, 0x30, 0x48, 0x8d, 0x43, 0xfd, 0x48, 0x89, 0x44, 0x24, 0x10, 0x48,
  0xc1, 0xe8, 0x02, 0x49, 0x89, 0xc7, 0x48, 0xc1, 0xe0, 0x02, 0x48, 0x8d,
  0x58, 0x01, 0x48, 0x83, 0xc0, 0x03, 0x49, 0xc1, 0xe7, 0x05, 0x48, 0x89,
  0x44, 0x24, 0x40, 0x49, 0x8d, 0x44, 0x24, 0xf0, 0x48, 0x89, 0x84, 0x24,
  0x90, 0x00, 0x00, 0x00, 0x49, 0x8d, 0x46, 0xf0, 0x48, 0x89, 0x84, 0x24,
  0x98, 0x00, 0x00, 0x00, 0x49, 0x8d, 0x44, 0x24, 0xf8, 0x48, 0x89, 0x44,
  0x24, 0x50, 0x49, 0x8d, 0x46, 0xf8, 0x48, 0x89, 0x5c, 0x24, 0x48, 0x48,
  0x89, 0x44, 0x24, 0x58, 0x4c, 0x8b, 0xac, 0x24, 0x80, 0x00, 0x00, 0x00,
  0x48, 0x8b, 0x5c, 0x24, 0x70, 0x48, 0xc7, 0x44, 0x24, 0x08, 0x00, 0x00,
  0x00, 0x00, 0x4a, 0x8d, 0x2c, 0xed, 0x10, 0x00, 0x00, 0x00, 0x66, 0x0f,
  0x1f, 0x44, 0x00, 0x00, 0x48, 0x8b, 0x44, 0x24, 0x28, 0x48, 0x8d, 0x55,
  0x08, 0x4c, 0x01, 0xe8, 0x48, 0x89, 0x44, 0x24, 0x18, 0x48, 0x8d, 0x43,
  0xf8, 0x48, 0x39, 0xd0, 0x0f, 0x95, 0xc1, 0x48, 0x83, 0x7c, 0x24, 0x10,
  0x09, 0x0f, 0x97, 0xc0, 0x21, 0xc8, 0x48, 0x39, 0xd3, 0x48, 0x8d, 0x53,
  0x08, 0x0f, 0x95, 0xc1, 0x21, 0xc8, 0x48, 0x39, 0xea, 0x0f, 0x95, 0xc2,
  0x84, 0xd0, 0x0f, 0x84, 0x30, 0x05, 0x00, 0x00, 0x48, 0x8d, 0x45, 0x10,
  0x48, 0x39, 0xd8, 0x0f, 0x84, 0x23, 0x05, 0x00, 0x00, 0x48, 0x8b, 0x44,
  0x24, 0x50, 0x48, 0x8b, 0x7c, 0x24, 0x58, 0x4d, 0x8d, 0x14, 0x1c, 0x49,
  0x8d, 0x0c, 0x2e, 0x49, 0x8d, 0x14, 0x1e, 0x4c, 0x8d, 0x5c, 0x05, 0x00,
  0x4c, 0x8d, 0x4c, 0x3d, 0x00, 0x4c, 0x8d, 0x04, 0x3b, 0x48, 0x8d, 0x34,
  0x03, 0x31, 0xc0, 0x49, 0x8d, 0x3c, 0x2c, 0x0f, 0x1f, 0x44, 0x00, 0x00,
  0x66, 0x41, 0x0f, 0x10, 0x0c, 0x03, 0x66, 0x41, 0x0f, 0x10, 0x04, 0x02,
  0x66, 0x41, 0x0f, 0x16, 0x4c, 0x03, 0x10, 0x66, 0x41, 0x0f, 0x16, 0x44,
  0x02, 0x10, 0x66, 0x0f, 0x28, 0xd1, 0x66, 0x0f, 0x5c, 0xd0, 0x66, 0x0f,
  0x58, 0xc1, 0x66, 0x41, 0x0f, 0x13, 0x14, 0x01, 0x66, 0x41, 0x0f, 0x17,
  0x54, 0x01, 0x10, 0x66, 0x41, 0x0f, 0x13, 0x04, 0x00, 0x66, 0x41, 0x0f,
  0x17, 0x44, 0x00, 0x10, 0x66, 0x0f, 0x10, 0x0c, 0x06, 0x66, 0x0f, 0x10,
  0x04, 0x07, 0x66, 0x0f, 0x16, 0x4c, 0x06, 0x10, 0x66, 0x0f, 0x16, 0x44,
  0x07, 0x10, 0x66, 0x0f, 0x28, 0xd1, 0x66, 0x0f, 0x58, 0xd0, 0x66, 0x0f,
  0x5c, 0xc1, 0x66, 0x0f, 0x13, 0x14, 0x01, 0x66, 0x0f, 0x17, 0x54, 0x01,
  0x10, 0x66, 0x0f, 0x13, 0x04, 0x02, 0x66, 0x0f, 0x17, 0x44, 0x02, 0x10,
  0x48, 0x83, 0xc0, 0x20, 0x4c, 0x39, 0xf8, 0x0f, 0x85, 0x7b, 0xff, 0xff,
  0xff, 0x48, 0x8b, 0x44, 0x24, 0x48, 0x48, 0x8b, 0x7c, 0x24, 0x18, 0x49,
  0x8d, 0x54, 0x05, 0x00, 0x48, 0x8d, 0x44, 0x07, 0x01, 0xf2, 0x41, 0x0f,
  0x10, 0x04, 0xd4, 0xf2, 0x41, 0x0f, 0x10, 0x0c, 0xc4, 0x48, 0x8d, 0x34,
  0xc5, 0x00, 0x00, 0x00, 0x00, 0x48, 0x8d, 0x0c, 0xd5, 0x00, 0x00, 0x00,
  0x00, 0x66, 0x0f, 0x28, 0xd0, 0xf2, 0x0f, 0x58, 0xc1, 0xf2, 0x0f, 0x5c,
  0xd1, 0xf2, 0x41, 0x0f, 0x10, 0x4c, 0x34, 0xf8, 0xf2, 0x41, 0x0f, 0x11,
  0x14, 0xd6, 0x66, 0x0f, 0x28, 0xd1, 0xf2, 0x41, 0x0f, 0x11, 0x44, 0x36,
  0xf8, 0xf2, 0x41, 0x0f, 0x10, 0x44, 0x0c, 0x08, 0xf2, 0x0f, 0x58, 0xd0,
  0xf2, 0x0f, 0x5c, 0xc1, 0xf2, 0x41, 0x0f, 0x11, 0x54, 0x0e, 0x08, 0xf2,
  0x41, 0x0f, 0x11, 0x04, 0xc6, 0x48, 0x8b, 0x44, 0x24, 0x40, 0x48, 0x39,
  0x44, 0x24, 0x38, 0x72, 0x66, 0x49, 0x8d, 0x54, 0x05, 0x00, 0x48, 0x8d,
  0x44, 0x07, 0x01, 0xf2, 0x41, 0x0f, 0x10, 0x0c, 0xd4, 0xf2, 0x41, 0x0f,
  0x10, 0x04, 0xc4, 0x48, 0x8d, 0x34, 0xc5, 0x00, 0x00, 0x00, 0x00, 0x48,
  0x8d, 0x0c, 0xd5, 0x00, 0x00, 0x00, 0x00, 0x66, 0x0f, 0x28, 0xd1, 0xf2,
  0x0f, 0x5c, 0xd0, 0xf2, 0x0f, 0x58, 0xc1, 0xf2, 0x41, 0x0f, 0x10, 0x4c,
  0x34, 0xf8, 0xf2, 0x41, 0x0f, 0x11, 0x14, 0xd6, 0x66, 0x0f, 0x28, 0xd1,
  0xf2, 0x41, 0x0f, 0x11, 0x44, 0x36, 0xf8, 0xf2, 0x41, 0x0f, 0x10, 0x44,
  0x0c, 0x08, 0xf2, 0x0f, 0x58, 0xd0, 0xf2, 0x0f, 0x5c, 0xc1, 0xf2, 0x41,
  0x0f, 0x11, 0x54, 0x0e, 0x08, 0xf2, 0x41, 0x0f, 0x11, 0x04, 0xc6, 0x48,
  0x8b, 0x7c, 0x24, 0x30, 0x48, 0x83, 0x44, 0x24, 0x08, 0x01, 0x4c, 0x03,
  0xac, 0x24, 0xf0, 0x00, 0x00, 0x00, 0x48, 0x8b, 0x44, 0x24, 0x08, 0x48,
  0x01, 0xfd, 0x48, 0x01, 0xfb, 0x48, 0x39, 0x84, 0x24, 0x88, 0x00, 0x00,
  0x00, 0x0f, 0x85, 0xed, 0xfd, 0xff, 0xff, 0x48, 0x8b, 0x7c, 0x24, 0x78,
  0x48, 0x83, 0x44, 0x24, 0x60, 0x01, 0x48, 0x01, 0x7c, 0x24, 0x70, 0x48,
  0x8b, 0x44, 0x24, 0x60, 0x48, 0x8b, 0x7c, 0x24, 0x20, 0x48, 0x01, 0xbc,
  0x24, 0x80, 0x00, 0x00, 0x00, 0x48, 0x8b, 0xbc, 0x24, 0xa0, 0x00, 0x00,
  0x00, 0x48, 0x01, 0x7c, 0x24, 0x28, 0x48, 0x39, 0x84, 0x24, 0x18, 0x01,
  0x00, 0x00, 0x0f, 0x87, 0x8c, 0xfd, 0xff, 0xff, 0x48, 0x8b, 0x84, 0x24,
  0xf0, 0x00, 0x00, 0x00, 0x4c, 0x8b, 0x7c, 0x24, 0x38, 0x48, 0x83, 0xe8,
  0x01, 0x48, 0x83, 0x7c, 0x24, 0x68, 0x01, 0x48, 0x89, 0x44, 0x24, 0x50,
  0x0f, 0x86, 0x0f, 0x02, 0x00, 0x00, 0x48, 0x8b, 0x44, 0x24, 0x50, 0x48,
  0x8b, 0x5c, 0x24, 0x10, 0x48, 0xc7, 0x44, 0x24, 0x30, 0x00, 0x00, 0x00,
  0x00, 0x4d, 0x8d, 0x56, 0x08, 0x48, 0xc7, 0x44, 0x24, 0x18, 0x01, 0x00,
  0x00, 0x00, 0x48, 0x8b, 0x8c, 0x24, 0xc0, 0x01, 0x00, 0x00, 0x49, 0x8d,
  0x6e, 0x10, 0x48, 0xc1, 0xe0, 0x03, 0x4c, 0x89, 0x7c, 0x24, 0x08, 0x4c,
  0x8b, 0x9c, 0x24, 0xf0, 0x00, 0x00, 0x00, 0x48, 0x89, 0x44, 0x24, 0x58,
  0x48, 0x89, 0xd8, 0x48, 0x83, 0xe3, 0xfe, 0x48, 0xc1, 0xe8, 0x02, 0x48,
  0x89, 0x5c, 0x24, 0x40, 0x48, 0x89, 0xc6, 0x48, 0xc1, 0xe0, 0x02, 0x48,
  0x89, 0x44, 0x24, 0x60, 0x4c, 0x8d, 0x68, 0x01, 0x4c, 0x8d, 0x48, 0x03,
  0x48, 0xc1, 0xe6, 0x05, 0x48, 0x8b, 0x44, 0x24, 0x20, 0x48, 0x89, 0x44,
  0x24, 0x38, 0x49, 0x8d, 0x46, 0x18, 0x48, 0x89, 0x44, 0x24, 0x48, 0x48,
  0x8b, 0x7c, 0x24, 0x30, 0x48, 0x8b, 0x44, 0x24, 0x60, 0x45, 0x31, 0xc0,
  0x48, 0x8b, 0x94, 0x24, 0xc0, 0x01, 0x00, 0x00, 0x48, 0x01, 0xf8, 0x48,
  0xc1, 0xe0, 0x03, 0x48, 0x8d, 0x1c, 0x02, 0x4c, 0x8d, 0x64, 0x02, 0x10,
  0x48, 0x8d, 0x04, 0xfa, 0x48, 0x8b, 0x7c, 0x24, 0x38, 0x48, 0x89, 0x44,
  0x24, 0x28, 0x66, 0x0f, 0x1f, 0x44, 0x00, 0x00, 0x48, 0x8d, 0x14, 0xfd,
  0x10, 0x00, 0x00, 0x00, 0x4c, 0x8d, 0x7a, 0x18, 0x48, 0x8d, 0x42, 0xf8,
  0x49, 0x39, 0xc7, 0x48, 0x8d, 0x42, 0x10, 0x41, 0x0f, 0x9e, 0xc7, 0x48,
  0x39, 0xd0, 0x0f, 0x9e, 0xc0, 0x41, 0x08, 0xc7, 0x0f, 0x84, 0xc6, 0x01,
  0x00, 0x00, 0x48, 0x83, 0x7c, 0x24, 0x10, 0x03, 0x0f, 0x86, 0xba, 0x01,
  0x00, 0x00, 0x48, 0x83, 0xea, 0x10, 0x31, 0xc0, 0x4d, 0x8d, 0x3c, 0x12,
  0x48, 0x01, 0xea, 0x0f, 0x1f, 0x44, 0x00, 0x00, 0x66, 0x0f, 0x10, 0x14,
  0x01, 0x66, 0x41, 0x0f, 0x10, 0x1c, 0x07, 0x66, 0x0f, 0x10, 0x04, 0x02,
  0x66, 0x0f, 0x10, 0x4c, 0x01, 0x10, 0x66, 0x0f, 0x12, 0x4c, 0x01, 0x08,
  0x66, 0x0f, 0x16, 0x54, 0x01, 0x10, 0x66, 0x41, 0x0f, 0x16, 0x5c, 0x07,
  0x10, 0x66, 0x0f, 0x16, 0x44, 0x02, 0x10, 0x66, 0x0f, 0x28, 0xe2, 0x66,
  0x0f, 0x59, 0xe3, 0x66, 0x0f, 0x28, 0xe9, 0x66, 0x0f, 0x59, 0xe8, 0x66,
  0x0f, 0x59, 0xcb, 0x66, 0x0f, 0x59, 0xc2, 0x66, 0x0f, 0x5c, 0xe5, 0x66,
  0x0f, 0x58, 0xc1, 0x66, 0x41, 0x0f, 0x13, 0x24, 0x07, 0x66, 0x41, 0x0f,
  0x17, 0x64, 0x07, 0x10, 0x66, 0x0f, 0x13, 0x04, 0x02, 0x66, 0x0f, 0x17,
  0x44, 0x02, 0x10, 0x48, 0x83, 0xc0, 0x20, 0x48, 0x39, 0xf0, 0x75, 0x90,
  0x4a, 0x8d, 0x04, 0x2f, 0xf2, 0x0f, 0x12, 0x0b, 0xf2, 0x0f, 0x12, 0x53,
  0x08, 0x49, 0x8d, 0x04, 0xc6, 0x66, 0x0f, 0x10, 0x00, 0x66, 0x0f, 0x59,
  0xc8, 0x66, 0x0f, 0xc6, 0xc0, 0x01, 0x66, 0x0f, 0x59, 0xc2, 0x66, 0x0f,
  0xd0, 0xc8, 0x0f, 0x11, 0x08, 0x4c, 0x3b, 0x4c, 0x24, 0x08, 0x77, 0x2d,
  0x49, 0x8d, 0x04, 0x39, 0xf2, 0x41, 0x0f, 0x12, 0x0c, 0x24, 0xf2, 0x41,
  0x0f, 0x12, 0x44, 0x24, 0x08, 0x49, 0x8d, 0x04, 0xc6, 0x66, 0x0f, 0x10,
  0x10, 0x66, 0x0f, 0x59, 0xca, 0x66, 0x0f, 0xc6, 0xd2, 0x01, 0x66, 0x0f,
  0x59, 0xc2, 0x66, 0x0f, 0xd0, 0xc8, 0x0f, 0x11, 0x08, 0x49, 0x83, 0xc0,
  0x01, 0x4c, 0x01, 0xdf, 0x4c, 0x39, 0x84, 0x24, 0x88, 0x00, 0x00, 0x00,
  0x0f, 0x85, 0xd6, 0xfe, 0xff, 0xff, 0x48, 0x8b, 0x7c, 0x24, 0x50, 0x48,
  0x83, 0x44, 0x24, 0x18, 0x01, 0x48, 0x01, 0x7c, 0x24, 0x30, 0x48, 0x8b,
  0x44, 0x24, 0x18, 0x48, 0x8b, 0x7c, 0x24, 0x20, 0x48, 0x03, 0x4c, 0x24,
  0x58, 0x48, 0x01, 0x7c, 0x24, 0x38, 0x48, 0x39, 0x44, 0x24, 0x68, 0x0f,
  0x85, 0x6e, 0xfe, 0xff, 0xff, 0x48, 0x81, 0xc4, 0x58, 0x02, 0x00, 0x00,
  0x5b, 0x5d, 0x41, 0x5c, 0x41, 0x5d, 0x41, 0x5e, 0x41, 0x5f, 0xc3, 0x4c,
  0x39, 0xa4, 0x24, 0x18, 0x01, 0x00, 0x00, 0x0f, 0x86, 0xbb, 0xf1, 0xff,
  0xff, 0x48, 0x8b, 0xbc, 0x24, 0x50, 0x01, 0x00, 0x00, 0x48, 0x8b, 0xb4,
  0x24, 0x48, 0x01, 0x00, 0x00, 0x48, 0x8d, 0x4f, 0xf0, 0x48, 0x8d, 0x56,
  0x10, 0x48, 0x39, 0xd1, 0x0f, 0x9d, 0xc1, 0x48, 0x39, 0xfe, 0x0f, 0x9d,
  0xc2, 0x08, 0xd1, 0x0f, 0x84, 0xc7, 0xf5, 0xff, 0xff, 0x48, 0x83, 0x7c,
  0x24, 0x20, 0x01, 0x0f, 0x84, 0xbb, 0xf5, 0xff, 0xff, 0x48, 0x8b, 0xbc,
  0x24, 0xd8, 0x00, 0x00, 0x00, 0x4c, 0x01, 0xef, 0x48, 0x89, 0x7c, 0x24,
  0x30, 0x48, 0x8b, 0xbc, 0x24, 0xe8, 0x00, 0x00, 0x00, 0x4c, 0x01, 0xef,
  0x48, 0x89, 0x7c, 0x24, 0x38, 0xe9, 0x2d, 0xf0, 0xff, 0xff, 0x48, 0x8b,
  0x84, 0x24, 0xf0, 0x01, 0x00, 0x00, 0x41, 0xbc, 0x03, 0x00, 0x00, 0x00,
  0xe9, 0xb8, 0xed, 0xff, 0xff, 0x0f, 0x1f, 0x80, 0x00, 0x00, 0x00, 0x00,
  0x49, 0x8d, 0x44, 0x12, 0xf0, 0x48, 0x8b, 0x54, 0x24, 0x40, 0x4c, 0x8b,
  0x7c, 0x24, 0x48, 0x48, 0x01, 0xfa, 0x4d, 0x8d, 0x3c, 0xd7, 0x48, 0x8b,
  0x54, 0x24, 0x28, 0x0f, 0x1f, 0x44, 0x00, 0x00, 0x66, 0x0f, 0x10, 0x00,
  0xf2, 0x0f, 0x12, 0x0a, 0x48, 0x83, 0xc0, 0x10, 0x48, 0x83, 0xc2, 0x10,
  0xf2, 0x0f, 0x12, 0x52, 0xf8, 0x66, 0x0f, 0x59, 0xc8, 0x66, 0x0f, 0xc6,
  0xc0, 0x01, 0x66, 0x0f, 0x59, 0xc2, 0x66, 0x0f, 0xd0, 0xc8, 0x0f, 0x11,
  0x48, 0xf0, 0x49, 0x39, 0xc7, 0x75, 0xd1, 0xe9, 0xd1, 0xfe, 0xff, 0xff,
  0x0f, 0x1f, 0x40, 0x00, 0x48, 0x8b, 0x8c, 0x24, 0x90, 0x00, 0x00, 0x00,
  0x4c, 0x8b, 0x44, 0x24, 0x38, 0xb8, 0x01, 0x00, 0x00, 0x00, 0x48, 0x8b,
  0x94, 0x24, 0x98, 0x00, 0x00, 0x00, 0x48, 0x8d, 0x3c, 0x29, 0x48, 0x8d,
  0x34, 0x19, 0x48, 0x8d, 0x0c, 0x2a, 0x48, 0x01, 0xda, 0x0f, 0x1f, 0x80,
  0x00, 0x00, 0x00, 0x00, 0xf2, 0x0f, 0x10, 0x0c, 0xc7, 0xf2, 0x0f, 0x10,
  0x44, 0xc6, 0x08, 0x66, 0x0f, 0x28, 0xd1, 0xf2, 0x0f, 0x5c, 0xd0, 0xf2,
  0x0f, 0x58, 0xc1, 0xf2, 0x0f, 0x10, 0x0c, 0xc6, 0xf2, 0x0f, 0x11, 0x14,
  0xc1, 0x66, 0x0f, 0x28, 0xd1, 0xf2, 0x0f, 0x11, 0x04, 0xc2, 0xf2, 0x0f,
  0x10, 0x44, 0xc7, 0x08, 0xf2, 0x0f, 0x58, 0xd0, 0xf2, 0x0f, 0x5c, 0xc1,
  0xf2, 0x0f, 0x11, 0x54, 0xc1, 0x08, 0xf2, 0x0f, 0x11, 0x44, 0xc2, 0x08,
  0x48, 0x83, 0xc0, 0x02, 0x49, 0x39, 0xc0, 0x73, 0xb3, 0xe9, 0xf5, 0xfb,
  0xff, 0xff, 0x48, 0x89, 0xf0, 0x48, 0x83, 0xe8, 0x01, 0x48, 0x83, 0xbc,
  0x24, 0x18, 0x01, 0x00, 0x00, 0x01, 0x48, 0x89, 0x84, 0x24, 0xd8, 0x01,
  0x00, 0x00, 0x0f, 0x86, 0x48, 0x02, 0x00, 0x00, 0x48, 0x8b, 0x84, 0x24,
  0xf0, 0x00, 0x00, 0x00, 0x48, 0x8b, 0xbc, 0x24, 0xe0, 0x00, 0x00, 0x00,
  0x41, 0xbb, 0x02, 0x00, 0x00, 0x00, 0x48, 0x8b, 0x4c, 0x24, 0x68, 0x4c,
  0x8b, 0xbc, 0x24, 0x88, 0x00, 0x00, 0x00, 0x48, 0x89, 0xc3, 0x48, 0x89,
  0xc5, 0x48, 0xc1, 0xe3, 0x04, 0x49, 0x0f, 0xaf, 0xef, 0x4f, 0x8d, 0x24,
  0x3f, 0x4c, 0x8d, 0x0c, 0x1f, 0x48, 0x8d, 0x79, 0xfe, 0x49, 0xf7, 0xdc,
  0x48, 0x89, 0xbc, 0x24, 0xe0, 0x01, 0x00, 0x00, 0x48, 0x0f, 0xaf, 0x7c,
  0x24, 0x20, 0x4c, 0x0f, 0xaf, 0xe0, 0x48, 0xc1, 0xe5, 0x03, 0x4d, 0x8d,
  0x14, 0x2e, 0x48, 0x89, 0xfe, 0x48, 0x8b, 0xbc, 0x24, 0x18, 0x01, 0x00,
  0x00, 0x4c, 0x8d, 0x2c, 0x3f, 0x48, 0x8d, 0x3c, 0xc5, 0x00, 0x00, 0x00,
  0x00, 0x48, 0x0f, 0xaf, 0xcf, 0x49, 0x89, 0xc8, 0x4c, 0x89, 0xd2, 0x4c,
  0x89, 0xc8, 0x31, 0xc9, 0x0f, 0x1f, 0x84, 0x00, 0x00, 0x00, 0x00, 0x00,
  0xf2, 0x0f, 0x10, 0x40, 0xf8, 0x48, 0x83, 0xc1, 0x01, 0xf2, 0x0f, 0x58,
  0xc0, 0xf2, 0x0f, 0x11, 0x02, 0xf2, 0x0f, 0x10, 0x00, 0x4c, 0x01, 0xc0,
  0xf2, 0x0f, 0x58, 0xc0, 0xf2, 0x0f, 0x11, 0x04, 0xf2, 0x48, 0x01, 0xfa,
  0x49, 0x39, 0xcf, 0x75, 0xd7, 0x49, 0x83, 0xc3, 0x02, 0x49, 0x01, 0xd9,
  0x49, 0x01, 0xea, 0x4c, 0x01, 0xe6, 0x4d, 0x39, 0xeb, 0x75, 0xb5, 0x48,
  0x83, 0xbc, 0x24, 0xf0, 0x00, 0x00, 0x00, 0x01, 0x0f, 0x84, 0x69, 0xe3,
  0xff, 0xff, 0x4c, 0x8b, 0x84, 0x24, 0xf0, 0x00, 0x00, 0x00, 0x49, 0x83,
  0xe8, 0x02, 0x0f, 0x84, 0x57, 0xe3, 0xff, 0xff, 0x4c, 0x8b, 0x5c, 0x24,
  0x68, 0x4c, 0x89, 0x74, 0x24, 0x08, 0x41, 0xbc, 0x01, 0x00, 0x00, 0x00,
  0x48, 0x8b, 0x84, 0x24, 0xf0, 0x00, 0x00, 0x00, 0x48, 0x8b, 0xbc, 0x24,
  0x88, 0x00, 0x00, 0x00, 0x4c, 0x8b, 0xac, 0x24, 0xe0, 0x00, 0x00, 0x00,
  0x48, 0x89, 0xc3, 0x48, 0xc1, 0xe3, 0x04, 0x48, 0x89, 0x5c, 0x24, 0x10,
  0x49, 0x01, 0xdd, 0x48, 0x89, 0xc3, 0x48, 0x0f, 0xaf, 0xc7, 0x4c, 0x8d,
  0x14, 0xdd, 0x00, 0x00, 0x00, 0x00, 0x48, 0x8b, 0x5c, 0x24, 0x20, 0x4d,
  0x0f, 0xaf, 0xda, 0x48, 0x89, 0xc2, 0x48, 0x0f, 0xaf, 0x84, 0x24, 0xd8,
  0x01, 0x00, 0x00, 0x48, 0xf7, 0xda, 0x4c, 0x8d, 0x3c, 0xd5, 0x00, 0x00,
  0x00, 0x00, 0x49, 0x8d, 0x2c, 0xc6, 0x48, 0x8b, 0x84, 0x24, 0x18, 0x01,
  0x00, 0x00, 0x49, 0x89, 0xfe, 0x48, 0x8d, 0x44, 0x00, 0xff, 0x48, 0x89,
  0x44, 0x24, 0x18, 0x48, 0x8b, 0x44, 0x24, 0x08, 0x48, 0x89, 0xee, 0x4c,
  0x89, 0xe9, 0x45, 0x31, 0xc9, 0x48, 0x8d, 0x3c, 0xd8, 0x0f, 0x1f, 0x00,
  0x48, 0x89, 0xca, 0xb8, 0x01, 0x00, 0x00, 0x00, 0x0f, 0x1f, 0x84, 0x00,
  0x00, 0x00, 0x00, 0x00, 0xf2, 0x0f, 0x10, 0x04, 0xc1, 0xf2, 0x0f, 0x10,
  0x4a, 0xe8, 0x48, 0x83, 0xea, 0x10, 0x66, 0x0f, 0x28, 0xd0, 0xf2, 0x0f,
  0x5c, 0xc1, 0xf2, 0x0f, 0x58, 0xd1, 0xf2, 0x0f, 0x10, 0x0a, 0xf2, 0x0f,
  0x11, 0x14, 0xc7, 0xf2, 0x0f, 0x11, 0x04, 0xc6, 0xf2, 0x0f, 0x10, 0x44,
  0xc1, 0x08, 0x66, 0x0f, 0x28, 0xd0, 0xf2, 0x0f, 0x58, 0xc1, 0xf2, 0x0f,
  0x5c, 0xd1, 0xf2, 0x0f, 0x11, 0x54, 0xc7, 0x08, 0xf2, 0x0f, 0x11, 0x44,
  0xc6, 0x08, 0x48, 0x83, 0xc0, 0x02, 0x4c, 0x39, 0xc0, 0x76, 0xb1, 0x49,
  0x83, 0xc1, 0x01, 0x4c, 0x01, 0xd9, 0x4c, 0x01, 0xd7, 0x4c, 0x01, 0xd6,
  0x4d, 0x39, 0xce, 0x75, 0x8f, 0x4c, 0x03, 0x6c, 0x24, 0x10, 0x48, 0x03,
  0x5c, 0x24, 0x20, 0x4c, 0x01, 0xfd, 0x49, 0x83, 0xc4, 0x02, 0x4c, 0x3b,
  0x64, 0x24, 0x18, 0x0f, 0x85, 0x5e, 0xff, 0xff, 0xff, 0x4c, 0x8b, 0x74,
  0x24, 0x08, 0xe9, 0x2c, 0xe2, 0xff, 0xff, 0x48, 0x89, 0xf0, 0x48, 0x8d,
  0x5e, 0xff, 0x48, 0x83, 0xe8, 0x02, 0x48, 0x89, 0x9c, 0x24, 0xd8, 0x01,
  0x00, 0x00, 0x48, 0x83, 0xbc, 0x24, 0x18, 0x01, 0x00, 0x00, 0x01, 0x48,
  0x89, 0x84, 0x24, 0xe0, 0x01, 0x00, 0x00, 0x0f, 0x87, 0x02, 0xe2, 0xff,
  0xff, 0x48, 0x83, 0xbc, 0x24, 0xf0, 0x00, 0x00, 0x00, 0x01, 0x0f, 0x84,
  0x29, 0xfc, 0xff, 0xff, 0x48, 0x83, 0x7c, 0x24, 0x68, 0x01, 0x0f, 0x86,
  0x1d, 0xfc, 0xff, 0xff, 0x48, 0x8b, 0x84, 0x24, 0xf0, 0x00, 0x00, 0x00,
  0x48, 0x83, 0xbc, 0x24, 0x88, 0x00, 0x00, 0x00, 0x00, 0x48, 0x8d, 0x58,
  0xff, 0x4c, 0x8d, 0x78, 0xfe, 0x48, 0x89, 0x5c, 0x24, 0x50, 0x0f, 0x84,
  0xf9, 0xfb, 0xff, 0xff, 0x4d, 0x85, 0xff, 0x0f, 0x84, 0xf0, 0xfb, 0xff,
  0xff, 0x48, 0x83, 0xe8, 0x03, 0x48, 0x89, 0x44, 0x24, 0x10, 0xe9, 0xd3,
  0xf9, 0xff, 0xff, 0x66, 0x0f, 0x1f, 0x84, 0x00, 0x00, 0x00, 0x00, 0x00,
  0x41, 0x57, 0x41, 0x56, 0x41, 0x55, 0x4d, 0x89, 0xc5, 0x41, 0x54, 0x4c,
  0x8d, 0x66, 0x01, 0x55, 0x49, 0xd1, 0xec, 0x48, 0x89, 0xf5, 0x53, 0x48,
  0x81, 0xec, 0xd8, 0x00, 0x00, 0x00, 0x48, 0x89, 0xbc, 0x24, 0x80, 0x00,
  0x00, 0x00, 0x48, 0x0f, 0xaf, 0xfa, 0x48, 0x8b, 0x9c, 0x24, 0x10, 0x01,
  0x00, 0x00, 0x48, 0x89, 0x54, 0x24, 0x78, 0x48, 0x89, 0x8c, 0x24, 0x90,
  0x00, 0x00, 0x00, 0x48, 0x89, 0x3c, 0x24, 0x48, 0x89, 0xf7, 0x48, 0xc1,
  0xe7, 0x04, 0x4c, 0x89, 0x8c, 0x24, 0xb8, 0x00, 0x00, 0x00, 0xe8, 0xc9,
  0x23, 0xff, 0xff, 0x48, 0x85, 0xc0, 0x0f, 0x84, 0x9e, 0x09, 0x00, 0x00,
  0xf3, 0x0f, 0x7e, 0x05, 0xf8, 0x56, 0x00, 0x00, 0x49, 0x89, 0xc6, 0x0f,
  0x11, 0x00, 0x48, 0x83, 0xfd, 0x01, 0x0f, 0x86, 0x5a, 0x09, 0x00, 0x00,
  0x66, 0x0f, 0xef, 0xd2, 0x48, 0x8d, 0x45, 0xff, 0xf2, 0x0f, 0x2a, 0x94,
  0x24, 0x18, 0x01, 0x00, 0x00, 0x48, 0x89, 0x84, 0x24, 0x88, 0x00, 0x00,
  0x00, 0x48, 0x83, 0xfd, 0x02, 0x0f, 0x84, 0x48, 0x09, 0x00, 0x00, 0x48,
  0xd1, 0xe8, 0xf2, 0x0f, 0x12, 0xe2, 0x48, 0x89, 0xc2, 0xb8, 0x10, 0x00,
  0x00, 0x00, 0x48, 0xc1, 0xe2, 0x05, 0x48, 0x83, 0xc2, 0x10, 0x66, 0x0f,
  0x10, 0x44, 0x03, 0x10, 0x66, 0x0f, 0x12, 0x44, 0x03, 0x08, 0x66, 0x0f,
  0x10, 0x0c, 0x03, 0x66, 0x0f, 0x59, 0xc4, 0x66, 0x0f, 0x16, 0x4c, 0x03,
  0x10, 0x66, 0x0f, 0x28, 0xd9, 0x66, 0x0f, 0x14, 0xd8, 0x66, 0x0f, 0x15,
  0xc8, 0x41, 0x0f, 0x11, 0x1c, 0x06, 0x41, 0x0f, 0x11, 0x4c, 0x06, 0x10,
  0x48, 0x83, 0xc0, 0x20, 0x48, 0x39, 0xc2, 0x75, 0xc5, 0x48, 0x8b, 0xbc,
  0x24, 0x88, 0x00, 0x00, 0x00, 0x48, 0x89, 0xf8, 0x48, 0x83, 0xc8, 0x01,
  0x83, 0xe7, 0x01, 0x74, 0x1d, 0x48, 0xc1, 0xe0, 0x04, 0x49, 0x8d, 0x14,
  0x06, 0x48, 0x01, 0xd8, 0xf2, 0x0f, 0x59, 0x50, 0x08, 0xf2, 0x0f, 0x10,
  0x08, 0xf2, 0x0f, 0x11, 0x0a, 0xf2, 0x0f, 0x11, 0x52, 0x08, 0x48, 0x83,
  0x7c, 0x24, 0x78, 0x00, 0x0f, 0x84, 0x81, 0x08, 0x00, 0x00, 0x48, 0x8b,
  0x84, 0x24, 0x80, 0x00, 0x00, 0x00, 0x48, 0x89, 0xc2, 0x48, 0xc1, 0xe2,
  0x04, 0x48, 0x85, 0xc0, 0x74, 0x71, 0x48, 0x89, 0xe8, 0x45, 0x31, 0xff,
  0x48, 0x89, 0x6c, 0x24, 0x18, 0x48, 0x8b, 0x6c, 0x24, 0x78, 0x48, 0x0f,
  0xaf, 0xc2, 0x48, 0x8b, 0x9c, 0x24, 0x90, 0x00, 0x00, 0x00, 0x4c, 0x89,
  0x64, 0x24, 0x08, 0x4c, 0x89, 0xef, 0x4c, 0x89, 0x74, 0x24, 0x10, 0x4d,
  0x89, 0xfc, 0x49, 0x89, 0xd6, 0x4d, 0x89, 0xef, 0x49, 0x89, 0xdd, 0x48,
  0x89, 0xc3, 0x66, 0x2e, 0x0f, 0x1f, 0x84, 0x00, 0x00, 0x00, 0x00, 0x00,
  0x4c, 0x89, 0xee, 0x4c, 0x89, 0xf2, 0x49, 0x83, 0xc4, 0x01, 0x49, 0x01,
  0xdd, 0xe8, 0x5e, 0x22, 0xff, 0xff, 0x48, 0x89, 0xc7, 0x4c, 0x01, 0xf7,
  0x4c, 0x39, 0xe5, 0x75, 0xe3, 0x4c, 0x8b, 0x64, 0x24, 0x08, 0x4c, 0x8b,
  0x74, 0x24, 0x10, 0x4d, 0x89, 0xfd, 0x48, 0x8b, 0x6c, 0x24, 0x18, 0x48,
  0x8b, 0x84, 0x24, 0x88, 0x00, 0x00, 0x00, 0x48, 0x89, 0x84, 0x24, 0x98,
  0x00, 0x00, 0x00, 0x49, 0x83, 0xfc, 0x01, 0x0f, 0x86, 0x1e, 0x01, 0x00,
  0x00, 0x48, 0x8b, 0x84, 0x24, 0x80, 0x00, 0x00, 0x00, 0x48, 0x85, 0xc0,
  0x0f, 0x84, 0x13, 0x08, 0x00, 0x00, 0x48, 0x89, 0xc3, 0x48, 0x8b, 0x4c,
  0x24, 0x78, 0x4c, 0x8d, 0x55, 0xfe, 0x4c, 0x89, 0x74, 0x24, 0x20, 0x48,
  0xc1, 0xe3, 0x04, 0x48, 0x89, 0x6c, 0x24, 0x28, 0x48, 0x89, 0xde, 0x48,
  0x8b, 0x9c, 0x24, 0x90, 0x00, 0x00, 0x00, 0x4c, 0x89, 0x6c, 0x24, 0x30,
  0x49, 0x89, 0xf3, 0x4d, 0x0f, 0xaf, 0xda, 0x4c, 0x8d, 0x3c, 0x33, 0x48,
  0x89, 0xc3, 0x48, 0x0f, 0xaf, 0xc1, 0x48, 0xc1, 0xe0, 0x04, 0x48, 0x89,
  0xc7, 0x49, 0x8d, 0x54, 0x05, 0x00, 0x48, 0x89, 0x44, 0x24, 0x08, 0x48,
  0x89, 0xd8, 0x48, 0xf7, 0xd8, 0x4c, 0x0f, 0xaf, 0xd7, 0x48, 0x89, 0xeb,
  0x49, 0x89, 0xd5, 0x48, 0xc1, 0xe0, 0x05, 0x48, 0x0f, 0xaf, 0xde, 0x48,
  0x89, 0xcd, 0x48, 0x89, 0x44, 0x24, 0x18, 0x48, 0x8d, 0x04, 0x09, 0x48,
  0xf7, 0xd8, 0x48, 0x0f, 0xaf, 0xc6, 0x48, 0x89, 0x44, 0x24, 0x10, 0xb8,
  0x01, 0x00, 0x00, 0x00, 0x49, 0x89, 0xc6, 0x90, 0x4c, 0x89, 0xe9, 0x4c,
  0x89, 0xfa, 0x45, 0x31, 0xc9, 0x0f, 0x1f, 0x80, 0x00, 0x00, 0x00, 0x00,
  0x4e, 0x8d, 0x04, 0x1a, 0x4a, 0x8d, 0x3c, 0x11, 0x31, 0xc0, 0x66, 0x0f,
  0x1f, 0x44, 0x00, 0x00, 0x66, 0x0f, 0x10, 0x3c, 0x02, 0x66, 0x41, 0x0f,
  0x10, 0x04, 0x00, 0x66, 0x41, 0x0f, 0x10, 0x34, 0x00, 0x66, 0x0f, 0x58,
  0xc7, 0x0f, 0x11, 0x04, 0x01, 0x66, 0x0f, 0x28, 0xc7, 0x66, 0x0f, 0x5c,
  0xc6, 0x0f, 0x11, 0x04, 0x07, 0x48, 0x83, 0xc0, 0x10, 0x48, 0x39, 0xc6,
  0x75, 0xd2, 0x49, 0x83, 0xc1, 0x01, 0x48, 0x01, 0xda, 0x48, 0x01, 0xf1,
  0x4c, 0x39, 0xcd, 0x75, 0xb3, 0x49, 0x83, 0xc6, 0x01, 0x49, 0x01, 0xf7,
  0x4c, 0x03, 0x6c, 0x24, 0x08, 0x4c, 0x03, 0x5c, 0x24, 0x18, 0x4c, 0x03,
  0x54, 0x24, 0x10, 0x4d, 0x39, 0xf4, 0x75, 0x88, 0x4c, 0x8b, 0x74, 0x24,
  0x20, 0x48, 0x8b, 0x6c, 0x24, 0x28, 0x4c, 0x8b, 0x6c, 0x24, 0x30, 0x4c,
  0x8b, 0x84, 0x24, 0x80, 0x00, 0x00, 0x00, 0x4d, 0x85, 0xc0, 0x0f, 0x84,
  0xac, 0x00, 0x00, 0x00, 0x4c, 0x8b, 0x7c, 0x24, 0x78, 0x4c, 0x89, 0xc1,
  0x4c, 0x89, 0x74, 0x24, 0x08, 0x4c, 0x89, 0xc3, 0x48, 0x89, 0x6c, 0x24,
  0x10, 0x48, 0xc1, 0xe3, 0x04, 0x45, 0x31, 0xc9, 0x45, 0x31, 0xd2, 0x49,
  0x0f, 0xaf, 0xcf, 0x48, 0x8b, 0xac, 0x24, 0x90, 0x00, 0x00, 0x00, 0x48,
  0xc1, 0xe1, 0x04, 0x4d, 0x8d, 0x5c, 0x0d, 0x00, 0x0f, 0x1f, 0x40, 0x00,
  0x4d, 0x89, 0xde, 0x4c, 0x89, 0xce, 0x31, 0xff, 0x4d, 0x29, 0xce, 0x0f,
  0x1f, 0x44, 0x00, 0x00, 0xf2, 0x41, 0x0f, 0x10, 0x44, 0x35, 0x00, 0xf2,
  0x41, 0x0f, 0x10, 0x4c, 0x35, 0x08, 0x49, 0x83, 0xfc, 0x01, 0x76, 0x21,
  0x49, 0x8d, 0x04, 0x36, 0xba, 0x01, 0x00, 0x00, 0x00, 0x0f, 0x1f, 0x00,
  0x48, 0x83, 0xc2, 0x01, 0xf2, 0x0f, 0x58, 0x00, 0xf2, 0x0f, 0x58, 0x48,
  0x08, 0x48, 0x01, 0xc8, 0x49, 0x39, 0xd4, 0x75, 0xeb, 0x66, 0x0f, 0x14,
  0xc1, 0x48, 0x83, 0xc7, 0x01, 0x0f, 0x11, 0x44, 0x35, 0x00, 0x48, 0x83,
  0xc6, 0x10, 0x49, 0x39, 0xf8, 0x75, 0xb5, 0x49, 0x83, 0xc2, 0x01, 0x49,
  0x01, 0xd9, 0x49, 0x01, 0xdb, 0x4d, 0x39, 0xd7, 0x75, 0x96, 0x4c, 0x8b,
  0x74, 0x24, 0x08, 0x48, 0x8b, 0x6c, 0x24, 0x10, 0x49, 0x83, 0xfc, 0x01,
  0x0f, 0x86, 0x17, 0x06, 0x00, 0x00, 0x48, 0x8b, 0x04, 0x24, 0x48, 0x8d,
  0x75, 0xfd, 0x48, 0x8b, 0x8c, 0x24, 0x90, 0x00, 0x00, 0x00, 0x48, 0xc7,
  0x44, 0x24, 0x20, 0x00, 0x00, 0x00, 0x00, 0x48, 0x89, 0xb4, 0x24, 0xb0,
  0x00, 0x00, 0x00, 0xf3, 0x0f, 0x7e, 0x35, 0x49, 0x52, 0x00, 0x00, 0x48,
  0x89, 0xc7, 0x4c, 0x89, 0x64, 0x24, 0x18, 0x48, 0xc1, 0xe7, 0x04, 0x48,
  0x89, 0xfb, 0x49, 0x8d, 0x7c, 0x24, 0xff, 0x48, 0x89, 0x7c, 0x24, 0x08,
  0x48, 0x89, 0xc7, 0x48, 0xf7, 0xd8, 0x4c, 0x8d, 0x14, 0x19, 0x48, 0x89,
  0xc2, 0x49, 0x89, 0xc3, 0x4d, 0x8d, 0x7c, 0x1d, 0x00, 0x48, 0xc1, 0xe7,
  0x05, 0x48, 0x8b, 0x84, 0x24, 0x88, 0x00, 0x00, 0x00, 0x48, 0xc1, 0xe2,
  0x05, 0x49, 0xc1, 0xe3, 0x04, 0x4c, 0x89, 0x7c, 0x24, 0x60, 0x48, 0x89,
  0x54, 0x24, 0x68, 0x49, 0x01, 0xdf, 0x48, 0x0f, 0xaf, 0xc3, 0x4c, 0x89,
  0x94, 0x24, 0xa8, 0x00, 0x00, 0x00, 0x4c, 0x89, 0x9c, 0x24, 0xc0, 0x00,
  0x00, 0x00, 0x48, 0x89, 0x7c, 0x24, 0x10, 0x48, 0x01, 0xc1, 0x4c, 0x01,
  0xe8, 0x4c, 0x89, 0x7c, 0x24, 0x58, 0x49, 0x01, 0xff, 0x48, 0x89, 0x44,
  0x24, 0x50, 0x48, 0x8d, 0x45, 0xfe, 0x48, 0x89, 0x84, 0x24, 0xc8, 0x00,
  0x00, 0x00, 0x48, 0x0f, 0xaf, 0xc3, 0x48, 0x89, 0x8c, 0x24, 0xa0, 0x00,
  0x00, 0x00, 0x4c, 0x89, 0x7c, 0x24, 0x30, 0x41, 0xbf, 0x01, 0x00, 0x00,
  0x00, 0x4c, 0x01, 0xe8, 0x48, 0x89, 0x44, 0x24, 0x48, 0x48, 0x89, 0xf0,
  0x49, 0x8d, 0x74, 0x24, 0xfb, 0x4d, 0x89, 0xdc, 0x48, 0x0f, 0xaf, 0xc3,
  0x48, 0x89, 0xf2, 0x48, 0x83, 0xe6, 0xfe, 0x48, 0x83, 0xe2, 0xfe, 0x48,
  0x89, 0x74, 0x24, 0x70, 0x4c, 0x01, 0xe8, 0x48, 0x89, 0x44, 0x24, 0x38,
  0x48, 0x8d, 0x45, 0xfb, 0x48, 0x29, 0xd0, 0x4c, 0x89, 0xd2, 0x48, 0x89,
  0x44, 0x24, 0x40, 0x0f, 0x1f, 0x44, 0x00, 0x00, 0x48, 0x83, 0x3c, 0x24,
  0x00, 0x0f, 0x84, 0xa1, 0x00, 0x00, 0x00, 0x48, 0x8b, 0x44, 0x24, 0x20,
  0x48, 0x8b, 0x74, 0x24, 0x48, 0x48, 0x8b, 0x7c, 0x24, 0x50, 0x4c, 0x8b,
  0x44, 0x24, 0x58, 0xf2, 0x41, 0x0f, 0x10, 0x44, 0x06, 0x18, 0x4c, 0x8b,
  0x4c, 0x24, 0x60, 0xf2, 0x41, 0x0f, 0x12, 0x6c, 0x06, 0x10, 0xf2, 0x41,
  0x0f, 0x12, 0x64, 0x46, 0x20, 0xf2, 0x41, 0x0f, 0x12, 0x5c, 0x46, 0x28,
  0x31, 0xc0, 0x66, 0x0f, 0x28, 0xd0, 0x66, 0x0f, 0x57, 0xd6, 0x66, 0x0f,
  0x14, 0xd0, 0x66, 0x2e, 0x0f, 0x1f, 0x84, 0x00, 0x00, 0x00, 0x00, 0x00,
  0x66, 0x41, 0x0f, 0x10, 0x04, 0x01, 0x66, 0x41, 0x0f, 0x10, 0x0c, 0x00,
  0x66, 0x41, 0x0f, 0x10, 0x7c, 0x05, 0x00, 0x66, 0x0f, 0x59, 0xc5, 0x66,
  0x0f, 0x59, 0xcc, 0x66, 0x0f, 0x58, 0xc7, 0x66, 0x0f, 0x58, 0xc1, 0x66,
  0x0f, 0x10, 0x0c, 0x06, 0x66, 0x0f, 0xc6, 0xc9, 0x01, 0x66, 0x0f, 0x59,
  0xcb, 0x0f, 0x11, 0x04, 0x02, 0x66, 0x0f, 0x10, 0x04, 0x07, 0x66, 0x0f,
  0xc6, 0xc0, 0x01, 0x66, 0x0f, 0x59, 0xc2, 0x66, 0x0f, 0xd0, 0xc1, 0x0f,
  0x11, 0x04, 0x01, 0x48, 0x83, 0xc0, 0x10, 0x48, 0x39, 0xd8, 0x75, 0xac,
  0x48, 0x83, 0x7c, 0x24, 0x08, 0x03, 0x4b, 0x8d, 0x34, 0x3f, 0x0f, 0x86,
  0xba, 0x03, 0x00, 0x00, 0x4c, 0x89, 0x6c, 0x24, 0x28, 0x4c, 0x8b, 0x44,
  0x24, 0x38, 0x41, 0xbb, 0x03, 0x00, 0x00, 0x00, 0x48, 0x8b, 0x7c, 0x24,
  0x30, 0x4c, 0x8b, 0x6c, 0x24, 0x68, 0x66, 0x90, 0x4c, 0x01, 0xfe, 0x48,
  0x89, 0xf0, 0x48, 0x29, 0xe8, 0x48, 0x39, 0xf5, 0x48, 0x0f, 0x42, 0xf0,
  0x48, 0x89, 0xf0, 0x4c, 0x01, 0xfe, 0x48, 0xc1, 0xe0, 0x04, 0x4c, 0x01,
  0xf0, 0xf2, 0x0f, 0x10, 0x28, 0xf2, 0x0f, 0x10, 0x58, 0x08, 0x48, 0x89,
  0xf0, 0x48, 0x29, 0xe8, 0x48, 0x39, 0xf5, 0x48, 0x0f, 0x42, 0xf0, 0x48,
  0x89, 0xf0, 0x48, 0xc1, 0xe0, 0x04, 0x4c, 0x01, 0xf0, 0x48, 0x83, 0x3c,
  0x24, 0x00, 0xf2, 0x0f, 0x10, 0x20, 0xf2, 0x0f, 0x10, 0x50, 0x08, 0x74,
  0x7f, 0x4d, 0x8d, 0x14, 0x3c, 0x66, 0x0f, 0x14, 0xed, 0x66, 0x0f, 0x14,
  0xe4, 0x31, 0xc0, 0x66, 0x0f, 0x14, 0xdb, 0x4f, 0x8d, 0x0c, 0x20, 0x66,
  0x0f, 0x14, 0xd2, 0x66, 0x0f, 0x1f, 0x84, 0x00, 0x00, 0x00, 0x00, 0x00,
  0x66, 0x0f, 0x10, 0x04, 0x07, 0x66, 0x41, 0x0f, 0x10, 0x0c, 0x02, 0x66,
  0x0f, 0x10, 0x3c, 0x02, 0x66, 0x0f, 0x59, 0xcd, 0x66, 0x0f, 0x59, 0xc4,
  0x66, 0x0f, 0x58, 0xc1, 0x66, 0x41, 0x0f, 0x10, 0x0c, 0x00, 0x66, 0x0f,
  0xc6, 0xc9, 0x01, 0x66, 0x0f, 0x59, 0xcb, 0x66, 0x0f, 0x58, 0xc7, 0x0f,
  0x11, 0x04, 0x02, 0x66, 0x41, 0x0f, 0x10, 0x04, 0x01, 0x66, 0x0f, 0xc6,
  0xc0, 0x01, 0x66, 0x0f, 0x59, 0xc2, 0x66, 0x0f, 0x58, 0xc1, 0x66, 0x0f,
  0x10, 0x0c, 0x01, 0x66, 0x0f, 0xd0, 0xc8, 0x0f, 0x11, 0x0c, 0x01, 0x48,
  0x83, 0xc0, 0x10, 0x48, 0x39, 0xc3, 0x75, 0xa4, 0x49, 0x83, 0xc3, 0x02,
  0x48, 0x03, 0x7c, 0x24, 0x10, 0x4d, 0x01, 0xe8, 0x4c, 0x3b, 0x5c, 0x24,
  0x08, 0x0f, 0x82, 0x1d, 0xff, 0xff, 0xff, 0x48, 0x8b, 0x44, 0x24, 0x70,
  0x4c, 0x8b, 0x6c, 0x24, 0x28, 0x48, 0x8b, 0x7c, 0x24, 0x40, 0x4c, 0x8d,
  0x48, 0x05, 0x4c, 0x39, 0x4c, 0x24, 0x18, 0x0f, 0x86, 0x93, 0x00, 0x00,
  0x00, 0x49, 0x89, 0xd8, 0x48, 0x0f, 0xaf, 0xfb, 0x4c, 0x8b, 0x14, 0x24,
  0x4d, 0x0f, 0xaf, 0xc1, 0x4c, 0x01, 0xef, 0x4d, 0x01, 0xe8, 0x4c, 0x01,
  0xfe, 0x48, 0x89, 0xf0, 0x48, 0x29, 0xe8, 0x48, 0x39, 0xf5, 0x48, 0x0f,
  0x42, 0xf0, 0x48, 0x89, 0xf0, 0x48, 0xc1, 0xe0, 0x04, 0xf2, 0x41, 0x0f,
  0x12, 0x1c, 0x06, 0xf2, 0x41, 0x0f, 0x12, 0x54, 0x06, 0x08, 0x31, 0xc0,
  0x4d, 0x85, 0xd2, 0x74, 0x42, 0x0f, 0x1f, 0x80, 0x00, 0x00, 0x00, 0x00,
  0x66, 0x41, 0x0f, 0x10, 0x04, 0x00, 0x66, 0x0f, 0x10, 0x2c, 0x02, 0x66,
  0x0f, 0x59, 0xc3, 0x66, 0x0f, 0x58, 0xc5, 0x0f, 0x11, 0x04, 0x02, 0x66,
  0x0f, 0x10, 0x04, 0x07, 0x66, 0x0f, 0x10, 0x0c, 0x01, 0x66, 0x0f, 0xc6,
  0xc0, 0x01, 0x66, 0x0f, 0x59, 0xc2, 0x66, 0x0f, 0xd0, 0xc8, 0x0f, 0x11,
  0x0c, 0x01, 0x48, 0x83, 0xc0, 0x10, 0x48, 0x39, 0xc3, 0x75, 0xc5, 0x49,
  0x83, 0xc1, 0x01, 0x49, 0x01, 0xd8, 0x4c, 0x01, 0xe7, 0x4c, 0x39, 0x4c,
  0x24, 0x18, 0x75, 0x82, 0x48, 0x83, 0x44, 0x24, 0x20, 0x10, 0x49, 0x83,
  0xc7, 0x01, 0x48, 0x01, 0xda, 0x4c, 0x01, 0xe1, 0x4c, 0x39, 0x7c, 0x24,
  0x18, 0x0f, 0x85, 0x79, 0xfd, 0xff, 0xff, 0x4c, 0x89, 0xf7, 0x4c, 0x8b,
  0x64, 0x24, 0x18, 0xe8, 0x14, 0x1c, 0xff, 0xff, 0x48, 0x83, 0xbc, 0x24,
  0x80, 0x00, 0x00, 0x00, 0x01, 0x0f, 0x84, 0xe6, 0x01, 0x00, 0x00, 0x48,
  0x83, 0x7c, 0x24, 0x78, 0x00, 0x0f, 0x84, 0xb3, 0x01, 0x00, 0x00, 0x48,
  0x8b, 0x3c, 0x24, 0x48, 0x8b, 0x4c, 0x24, 0x78, 0x41, 0xbf, 0x01, 0x00,
  0x00, 0x00, 0x4c, 0x29, 0xe5, 0x48, 0x8b, 0x9c, 0x24, 0x80, 0x00, 0x00,
  0x00, 0x48, 0x8b, 0xb4, 0x24, 0x90, 0x00, 0x00, 0x00, 0x48, 0x89, 0x2c,
  0x24, 0x4c, 0x8d, 0x4f, 0x01, 0x49, 0x89, 0xcc, 0x48, 0x89, 0xd8, 0x49,
  0xc1, 0xe1, 0x04, 0x4c, 0x8d, 0x5b, 0xff, 0x49, 0x29, 0xdf, 0x48, 0x0f,
  0xaf, 0xc1, 0x49, 0x01, 0xf1, 0x49, 0xc1, 0xe3, 0x04, 0x48, 0x89, 0xdd,
  0x49, 0xc1, 0xe7, 0x04, 0x4c, 0x89, 0x5c, 0x24, 0x10, 0x48, 0xc1, 0xe5,
  0x04, 0x48, 0x0f, 0xaf, 0xbc, 0x24, 0x88, 0x00, 0x00, 0x00, 0x4c, 0x89,
  0x7c, 0x24, 0x18, 0x4c, 0x8b, 0xbc, 0x24, 0x98, 0x00, 0x00, 0x00, 0x4c,
  0x8d, 0x45, 0xf0, 0x49, 0x89, 0xc5, 0x48, 0xf7, 0xd8, 0x49, 0xc1, 0xe5,
  0x04, 0x49, 0x89, 0xfa, 0x48, 0x8b, 0xbc, 0x24, 0xb8, 0x00, 0x00, 0x00,
  0x48, 0xc1, 0xe0, 0x04, 0x49, 0x83, 0xc2, 0x01, 0x4c, 0x89, 0x6c, 0x24,
  0x08, 0x49, 0x89, 0xc6, 0x44, 0x8b, 0xac, 0x24, 0x18, 0x01, 0x00, 0x00,
  0x49, 0xc1, 0xe2, 0x04, 0x49, 0x01, 0xf2, 0x48, 0x8b, 0xb4, 0x24, 0xc8,
  0x00, 0x00, 0x00, 0x49, 0x0f, 0xaf, 0xf3, 0x48, 0x01, 0xfe, 0x49, 0x83,
  0xef, 0x01, 0x4c, 0x89, 0xd1, 0x4c, 0x89, 0xca, 0x45, 0x31, 0xdb, 0x66,
  0x0f, 0x1f, 0x84, 0x00, 0x00, 0x00, 0x00, 0x00, 0x66, 0x0f, 0x10, 0x42,
  0xf0, 0x66, 0x0f, 0x10, 0x49, 0xf0, 0x66, 0x0f, 0x28, 0xd0, 0x66, 0x0f,
  0x5c, 0xc1, 0x66, 0x0f, 0x58, 0xd1, 0x0f, 0x11, 0x52, 0xf0, 0x0f, 0x11,
  0x41, 0xf0, 0x48, 0x83, 0xfb, 0x01, 0x0f, 0x86, 0x93, 0x00, 0x00, 0x00,
  0x66, 0x0f, 0xef, 0xed, 0x31, 0xc0, 0xf2, 0x41, 0x0f, 0x2a, 0xed, 0x66,
  0x0f, 0x14, 0xed, 0x66, 0x0f, 0x1f, 0x84, 0x00, 0x00, 0x00, 0x00, 0x00,
  0x66, 0x0f, 0x10, 0x04, 0x01, 0x66, 0x0f, 0x10, 0x14, 0x02, 0xf2, 0x0f,
  0x12, 0x1c, 0x07, 0x66, 0x0f, 0x28, 0xc8, 0x66, 0x0f, 0x28, 0xf0, 0x66,
  0x0f, 0x28, 0xe2, 0x66, 0x0f, 0x58, 0xca, 0x66, 0x0f, 0xc6, 0xf0, 0x01,
  0x66, 0x0f, 0x28, 0xfe, 0x66, 0x0f, 0xc6, 0xe2, 0x01, 0x66, 0x0f, 0x58,
  0xfc, 0x66, 0x0f, 0x5c, 0xd0, 0xf2, 0x0f, 0x12, 0x44, 0x06, 0x08, 0x66,
  0x0f, 0x59, 0xc5, 0x66, 0x0f, 0x5c, 0xe6, 0x66, 0x0f, 0x59, 0xd9, 0xf2,
  0x0f, 0x12, 0x4c, 0x07, 0x08, 0x66, 0x0f, 0x59, 0xcd, 0x66, 0x0f, 0x59,
  0xc4, 0x66, 0x0f, 0x59, 0xcf, 0x66, 0x0f, 0xd0, 0xd9, 0xf2, 0x0f, 0x12,
  0x0c, 0x06, 0x66, 0x0f, 0x59, 0xca, 0x0f, 0x11, 0x1c, 0x02, 0x66, 0x0f,
  0xd0, 0xc8, 0x0f, 0x11, 0x0c, 0x01, 0x48, 0x83, 0xc0, 0x10, 0x49, 0x39,
  0xc0, 0x75, 0x85, 0x49, 0x83, 0xc3, 0x01, 0x48, 0x01, 0xea, 0x48, 0x01,
  0xe9, 0x4d, 0x39, 0xdc, 0x0f, 0x85, 0x32, 0xff, 0xff, 0xff, 0x4c, 0x03,
  0x4c, 0x24, 0x08, 0x4d, 0x01, 0xf2, 0x48, 0x03, 0x7c, 0x24, 0x10, 0x48,
  0x03, 0x74, 0x24, 0x18, 0x4c, 0x39, 0x3c, 0x24, 0x0f, 0x85, 0x00, 0xff,
  0xff, 0xff, 0x31, 0xc0, 0x48, 0x81, 0xc4, 0xd8, 0x00, 0x00, 0x00, 0x5b,
  0x5d, 0x41, 0x5c, 0x41, 0x5d, 0x41, 0x5e, 0x41, 0x5f, 0xc3, 0x48, 0x8b,
  0xbc, 0x24, 0xb0, 0x00, 0x00, 0x00, 0x41, 0xb9, 0x03, 0x00, 0x00, 0x00,
  0xe9, 0x45, 0xfd, 0xff, 0xff, 0x48, 0x83, 0x3c, 0x24, 0x00, 0x74, 0xd2,
  0x48, 0x8b, 0x94, 0x24, 0xa0, 0x00, 0x00, 0x00, 0x48, 0x8b, 0x8c, 0x24,
  0xa8, 0x00, 0x00, 0x00, 0x48, 0x8b, 0xb4, 0x24, 0x80, 0x00, 0x00, 0x00,
  0x48, 0x8b, 0xbc, 0x24, 0xc0, 0x00, 0x00, 0x00, 0x31, 0xc0, 0x66, 0x0f,
  0x1f, 0x44, 0x00, 0x00, 0x66, 0x0f, 0x10, 0x04, 0x01, 0x66, 0x0f, 0x10,
  0x0c, 0x02, 0x66, 0x0f, 0x28, 0xd0, 0x66, 0x0f, 0x5c, 0xc1, 0x66, 0x0f,
  0x58, 0xd1, 0x0f, 0x11, 0x14, 0x01, 0x0f, 0x11, 0x04, 0x02, 0x48, 0x83,
  0xc0, 0x10, 0x48, 0x39, 0xc3, 0x75, 0xd9, 0x48, 0x83, 0xc6, 0x01, 0x48,
  0x01, 0xd9, 0x48, 0x01, 0xfa, 0x49, 0x39, 0xf4, 0x75, 0xc2, 0xe9, 0x6f,
  0xff, 0xff, 0xff, 0x48, 0x8b, 0x84, 0x24, 0x88, 0x00, 0x00, 0x00, 0x48,
  0x89, 0x84, 0x24, 0x98, 0x00, 0x00, 0x00, 0x49, 0x83, 0xfc, 0x01, 0x0f,
  0x87, 0xe9, 0xf9, 0xff, 0xff, 0x4c, 0x89, 0xf7, 0xe8, 0x93, 0x19, 0xff,
  0xff, 0xe9, 0x48, 0xff, 0xff, 0xff, 0x48, 0x8d, 0x45, 0xff, 0x48, 0x89,
  0x84, 0x24, 0x88, 0x00, 0x00, 0x00, 0xe9, 0x3b, 0xf7, 0xff, 0xff, 0xb8,
  0x01, 0x00, 0x00, 0x00, 0xe9, 0x14, 0xf7, 0xff, 0xff, 0x48, 0x83, 0x7c,
  0x24, 0x78, 0x00, 0x0f, 0x85, 0xab, 0xf9, 0xff, 0xff, 0xe9, 0xb0, 0xf9,
  0xff, 0xff, 0x83, 0xc8, 0xff, 0xe9, 0x16, 0xff, 0xff, 0xff, 0x66, 0x2e,
  0x0f, 0x1f, 0x84, 0x00, 0x00, 0x00, 0x00, 0x00, 0x41, 0x54, 0x55, 0x48,
  0x89, 0xfd, 0x48, 0x83, 0xec, 0x08, 0x48, 0x8b, 0x7f, 0x18, 0xe8, 0x3d,
  0x19, 0xff, 0xff, 0x4c, 0x8b, 0x65, 0x10, 0x48, 0xc7, 0x45, 0x18, 0x00,
  0x00, 0x00, 0x00, 0x49, 0x8b, 0x7c, 0x24, 0x10, 0xe8, 0x27, 0x19, 0xff,
  0xff, 0x4c, 0x89, 0xe7, 0xe8, 0x1f, 0x19, 0xff, 0xff, 0x48, 0x83, 0xc4,
  0x08, 0x48, 0x89, 0xef, 0x5d, 0x41, 0x5c, 0xe9, 0x10, 0x19, 0xff, 0xff,
  0x55, 0x48, 0x89, 0xfd, 0x48, 0x8b, 0x7f, 0x10, 0xe8, 0x03, 0x19, 0xff,
  0xff, 0x48, 0x89, 0xef, 0x5d, 0xe9, 0xfa, 0x18, 0xff, 0xff, 0x66, 0x2e,
  0x0f, 0x1f, 0x84, 0x00, 0x00, 0x00, 0x00, 0x00, 0x41, 0x57, 0x31, 0xc0,
  0x41, 0x56, 0x41, 0x55, 0x41, 0x54, 0x55, 0x53, 0x48, 0x83, 0xec, 0x38,
  0x48, 0x8b, 0x0f, 0x48, 0x89, 0x74, 0x24, 0x10, 0x48, 0x89, 0x0c, 0x24,
  0xf2, 0x0f, 0x11, 0x44, 0x24, 0x18, 0x48, 0x83, 0xf9, 0x01, 0x0f, 0x84,
  0x7e, 0x01, 0x00, 0x00, 0x48, 0x8b, 0x5f, 0x08, 0x48, 0xc1, 0xe1, 0x04,
  0x48, 0x89, 0xfd, 0x49, 0x89, 0xf5, 0x48, 0x89, 0xcf, 0x48, 0x89, 0x4c,
  0x24, 0x28, 0x41, 0x89, 0xd6, 0x48, 0x89, 0x5c, 0x24, 0x08, 0xe8, 0x61,
  0x19, 0xff, 0xff, 0x48, 0x89, 0x44, 0x24, 0x20, 0x49, 0x89, 0xc7, 0x48,
  0x85, 0xc0, 0x0f, 0x84, 0x1f, 0x03, 0x00, 0x00, 0x48, 0x85, 0xdb, 0x0f,
  0x84, 0x7f, 0x02, 0x00, 0x00, 0x44, 0x89, 0xf0, 0x48, 0x83, 0xc5, 0x18,
  0x4d, 0x89, 0xfe, 0x45, 0x31, 0xe4, 0xbb, 0x01, 0x00, 0x00, 0x00, 0x41,
  0x89, 0xc7, 0xeb, 0x67, 0x48, 0x83, 0xfe, 0x02, 0x0f, 0x84, 0x36, 0x01,
  0x00, 0x00, 0x48, 0x83, 0xfe, 0x03, 0x0f, 0x84, 0x54, 0x01, 0x00, 0x00,
  0x48, 0x83, 0xfe, 0x05, 0x0f, 0x84, 0x8a, 0x01, 0x00, 0x00, 0x48, 0x83,
  0xfe, 0x07, 0x0f, 0x84, 0x18, 0x02, 0x00, 0x00, 0x48, 0x83, 0xfe, 0x0b,
  0x0f, 0x84, 0xce, 0x01, 0x00, 0x00, 0x41, 0x57, 0x4d, 0x89, 0xc1, 0x4c,
  0x89, 0xe9, 0x4c, 0x89, 0xd2, 0xff, 0x75, 0x10, 0x4d, 0x89, 0xf0, 0x48,
  0x89, 0xc7, 0xe8, 0xc5, 0xf4, 0xff, 0xff, 0x5a, 0x59, 0x85, 0xc0, 0x0f,
  0x85, 0x96, 0x02, 0x00, 0x00, 0x0f, 0x1f, 0x00, 0x49, 0x83, 0xc4, 0x01,
  0x48, 0x83, 0xc5, 0x18, 0x4c, 0x39, 0x64, 0x24, 0x08, 0x74, 0x55, 0x48,
  0x8b, 0x75, 0x00, 0x49, 0x89, 0xda, 0x48, 0x8b, 0x04, 0x24, 0x31, 0xd2,
  0x4c, 0x8b, 0x45, 0x08, 0x48, 0x0f, 0xaf, 0xde, 0x48, 0xf7, 0xf3, 0x48,
  0x83, 0xfe, 0x04, 0x0f, 0x85, 0x77, 0xff, 0xff, 0xff, 0x4c, 0x89, 0xf1,
  0x4c, 0x89, 0xea, 0x4c, 0x89, 0xd6, 0x48, 0x89, 0xc7, 0x41, 0x83, 0xff,
  0x01, 0x0f, 0x85, 0xf1, 0x00, 0x00, 0x00, 0xe8, 0xac, 0x27, 0xff, 0xff,
  0x4c, 0x89, 0xf0, 0x49, 0x83, 0xc4, 0x01, 0x4d, 0x89, 0xee, 0x48, 0x83,
  0xc5, 0x18, 0x49, 0x89, 0xc5, 0x4c, 0x39, 0x64, 0x24, 0x08, 0x75, 0xab,
  0x4c, 0x3b, 0x6c, 0x24, 0x10, 0x0f, 0x84, 0xa1, 0x01, 0x00, 0x00, 0xf2,
  0x0f, 0x10, 0x05, 0xb1, 0x4c, 0x00, 0x00, 0xf2, 0x0f, 0x10, 0x54, 0x24,
  0x18, 0x66, 0x0f, 0x2e, 0xd0, 0x7a, 0x0a, 0x66, 0x0f, 0x2f, 0xd0, 0x0f,
  0x84, 0xe3, 0x01, 0x00, 0x00, 0x31, 0xc0, 0x48, 0x83, 0x3c, 0x24, 0x00,
  0xf2, 0x0f, 0x12, 0x4c, 0x24, 0x18, 0x74, 0x2a, 0x48, 0x8b, 0x54, 0x24,
  0x28, 0x48, 0x8b, 0x4c, 0x24, 0x20, 0x48, 0x8b, 0x74, 0x24, 0x10, 0x0f,
  0x1f, 0x44, 0x00, 0x00, 0x66, 0x0f, 0x10, 0x04, 0x01, 0x66, 0x0f, 0x59,
  0xc1, 0x0f, 0x11, 0x04, 0x06, 0x48, 0x83, 0xc0, 0x10, 0x48, 0x39, 0xc2,
  0x75, 0xea, 0x48, 0x8b, 0x7c, 0x24, 0x20, 0xe8, 0x48, 0x17, 0xff, 0xff,
  0x31, 0xc0, 0x48, 0x83, 0xc4, 0x38, 0x5b, 0x5d, 0x41, 0x5c, 0x41, 0x5d,
  0x41, 0x5e, 0x41, 0x5f, 0xc3, 0x0f, 0x1f, 0x80, 0x00, 0x00, 0x00, 0x00,
  0x4c, 0x89, 0xf1, 0x4c, 0x89, 0xea, 0x4c, 0x89, 0xd6, 0x48, 0x89, 0xc7,
  0x41, 0x83, 0xff, 0x01, 0x75, 0x7e, 0xe8, 0xb9, 0x1e, 0xff, 0xff, 0x4c,
  0x89, 0xf0, 0x4d, 0x89, 0xee, 0x49, 0x89, 0xc5, 0xe9, 0xf3, 0xfe, 0xff,
  0xff, 0x0f, 0x1f, 0x00, 0x4c, 0x89, 0xf1, 0x4c, 0x89, 0xea, 0x4c, 0x89,
  0xd6, 0x48, 0x89, 0xc7, 0x41, 0x83, 0xff, 0x01, 0x75, 0x6e, 0xe8, 0x41,
  0x21, 0xff, 0xff, 0x4c, 0x89, 0xf0, 0x4d, 0x89, 0xee, 0x49, 0x89, 0xc5,
  0xe9, 0xcb, 0xfe, 0xff, 0xff, 0x0f, 0x1f, 0x00, 0xe8, 0x3b, 0x2a, 0xff,
  0xff, 0x4c, 0x89, 0xf0, 0x4d, 0x89, 0xee, 0x49, 0x89, 0xc5, 0xe9, 0xb5,
  0xfe, 0xff, 0xff, 0x0f, 0x1f, 0x44, 0x00, 0x00, 0x4c, 0x89, 0xf1, 0x4c,
  0x89, 0xea, 0x4c, 0x89, 0xd6, 0x48, 0x89, 0xc7, 0x41, 0x83, 0xff, 0x01,
  0x75, 0x6e, 0xe8, 0xb1, 0x2d, 0xff, 0xff, 0x4c, 0x89, 0xf0, 0x4d, 0x89,
  0xee, 0x49, 0x89, 0xc5, 0xe9, 0x8b, 0xfe, 0xff, 0xff, 0x0f, 0x1f, 0x00,
  0xe8, 0x8b, 0x1f, 0xff, 0xff, 0x4c, 0x89, 0xf0, 0x4d, 0x89, 0xee, 0x49,
  0x89, 0xc5, 0xe9, 0x75, 0xfe, 0xff, 0xff, 0x0f, 0x1f, 0x44, 0x00, 0x00,
  0xe8, 0xa3, 0x23, 0xff, 0xff, 0x4c, 0x89, 0xf0, 0x4d, 0x89, 0xee, 0x49,
  0x89, 0xc5, 0xe9, 0x5d, 0xfe, 0xff, 0xff, 0x0f, 0x1f, 0x44, 0x00, 0x00,
  0x4c, 0x89, 0xf1, 0x4c, 0x89, 0xea, 0x48, 0x89, 0xc7, 0x45, 0x89, 0xf9,
  0x4c, 0x89, 0xd6, 0xe8, 0x9c, 0x5e, 0xff, 0xff, 0x4c, 0x89, 0xf0, 0x4d,
  0x89, 0xee, 0x49, 0x89, 0xc5, 0xe9, 0x36, 0xfe, 0xff, 0xff, 0x66, 0x0f,
  0x1f, 0x44, 0x00, 0x00, 0xe8, 0x83, 0x3f, 0xff, 0xff, 0x4c, 0x89, 0xf0,
  0x4d, 0x89, 0xee, 0x49, 0x89, 0xc5, 0xe9, 0x1d, 0xfe, 0xff, 0xff, 0x0f,
  0x1f, 0x44, 0x00, 0x00, 0x4c, 0x89, 0xf1, 0x4c, 0x89, 0xea, 0x48, 0x89,
  0xc7, 0x45, 0x89, 0xf9, 0x4c, 0x89, 0xd6, 0xe8, 0xac, 0x51, 0xff, 0xff,
  0x4c, 0x89, 0xf0, 0x4d, 0x89, 0xee, 0x49, 0x89, 0xc5, 0xe9, 0xf6, 0xfd,
  0xff, 0xff, 0x66, 0x0f, 0x1f, 0x44, 0x00, 0x00, 0xf2, 0x0f, 0x10, 0x05,
  0x10, 0x4b, 0x00, 0x00, 0xf2, 0x0f, 0x10, 0x64, 0x24, 0x18, 0x66, 0x0f,
  0x2e, 0xe0, 0x7a, 0x0a, 0x66, 0x0f, 0x2f, 0xe0, 0x0f, 0x84, 0x98, 0xfe,
  0xff, 0xff, 0x48, 0x83, 0x3c, 0x24, 0x00, 0x0f, 0x84, 0x8d, 0xfe, 0xff,
  0xff, 0x48, 0x8b, 0x74, 0x24, 0x10, 0x48, 0x8b, 0x44, 0x24, 0x28, 0xf2,
  0x0f, 0x12, 0x44, 0x24, 0x18, 0x48, 0x01, 0xf0, 0x0f, 0x1f, 0x40, 0x00,
  0x66, 0x0f, 0x10, 0x0e, 0x48, 0x83, 0xc6, 0x10, 0x66, 0x0f, 0x59, 0xc8,
  0x0f, 0x11, 0x4e, 0xf0, 0x48, 0x39, 0xf0, 0x75, 0xeb, 0xe9, 0x5c, 0xfe,
  0xff, 0xff, 0x66, 0x0f, 0x1f, 0x44, 0x00, 0x00, 0x48, 0x8b, 0x54, 0x24,
  0x28, 0x48, 0x8b, 0x7c, 0x24, 0x10, 0x4c, 0x89, 0xee, 0xe8, 0x26, 0x16,
  0xff, 0xff, 0x48, 0x8b, 0x7c, 0x24, 0x20, 0xe8, 0x8c, 0x15, 0xff, 0xff,
  0x31, 0xc0, 0xe9, 0x3f, 0xfe, 0xff, 0xff, 0x48, 0x8b, 0x7c, 0x24, 0x20,
  0xe8, 0x7b, 0x15, 0xff, 0xff, 0xb8, 0xff, 0xff, 0xff, 0xff, 0xe9, 0x2b,
  0xfe, 0xff, 0xff, 0x83, 0xc8, 0xff, 0xe9, 0x23, 0xfe, 0xff, 0xff, 0x66,
  0x0f, 0x1f, 0x84, 0x00, 0x00, 0x00, 0x00, 0x00, 0xba, 0xff, 0xff, 0xff,
  0xff, 0xe9, 0x66, 0xfc, 0xff, 0xff, 0x66, 0x0f, 0x1f, 0x44, 0x00, 0x00,
  0xba, 0x01, 0x00, 0x00, 0x00, 0xe9, 0x56, 0xfc, 0xff, 0xff, 0x66, 0x0f,
  0x1f, 0x44, 0x00, 0x00, 0x41, 0x56, 0x41, 0xbe, 0x01, 0x00, 0x00, 0x00,
  0x41, 0x55, 0x41, 0x54, 0x55, 0x53, 0xeb, 0x06, 0x41, 0xbe, 0x02, 0x00,
  0x00, 0x00, 0x49, 0x89, 0xfc, 0x48, 0xd1, 0xef, 0x41, 0xf6, 0xc4, 0x01,
  0x74, 0xee, 0x4d, 0x85, 0xe4, 0x0f, 0x88, 0x26, 0x01, 0x00, 0x00, 0x66,
  0x0f, 0xef, 0xc0, 0xf2, 0x49, 0x0f, 0x2a, 0xc4, 0xf2, 0x0f, 0x10, 0x0d,
  0x1c, 0x4a, 0x00, 0x00, 0x66, 0x0f, 0xef, 0xd2, 0xf2, 0x0f, 0x58, 0xc1,
  0x66, 0x0f, 0x2e, 0xd0, 0x0f, 0x87, 0x44, 0x01, 0x00, 0x00, 0xf2, 0x0f,
  0x51, 0xc0, 0xf2, 0x0f, 0x10, 0x1d, 0x06, 0x4a, 0x00, 0x00, 0x66, 0x0f,
  0x2f, 0xc3, 0x0f, 0x83, 0xda, 0x00, 0x00, 0x00, 0xf2, 0x48, 0x0f, 0x2c,
  0xc8, 0x49, 0xbd, 0x00, 0x00, 0x00, 0x00, 0x00, 0x00, 0x00, 0x80, 0xbd,
  0x03, 0x00, 0x00, 0x00, 0x48, 0x83, 0xf9, 0x02, 0x0f, 0x86, 0x94, 0x00,
  0x00, 0x00, 0x66, 0x0f, 0x1f, 0x44, 0x00, 0x00, 0x4c, 0x89, 0xe0, 0x31,
  0xd2, 0x48, 0xf7, 0xf5, 0x48, 0x89, 0xc3, 0x48, 0x0f, 0xaf, 0xc5, 0x4c,
  0x39, 0xe0, 0x74, 0x36, 0xeb, 0x6b, 0x66, 0x90, 0x66, 0x0f, 0xef, 0xc0,
  0xf2, 0x48, 0x0f, 0x2a, 0xc3, 0xf2, 0x0f, 0x58, 0xc1, 0x66, 0x0f, 0x2e,
  0xd0, 0x0f, 0x87, 0xb5, 0x00, 0x00, 0x00, 0xf2, 0x0f, 0x51, 0xc0, 0x48,
  0x89, 0xd8, 0x31, 0xd2, 0x48, 0xf7, 0xf5, 0x48, 0x89, 0xc2, 0x48, 0x0f,
  0xaf, 0xd5, 0x48, 0x39, 0xda, 0x75, 0x29, 0x48, 0x89, 0xc3, 0x48, 0x85,
  0xdb, 0x79, 0xc9, 0x48, 0x89, 0xd8, 0x48, 0x89, 0xda, 0x66, 0x0f, 0xef,
  0xc0, 0x48, 0xd1, 0xe8, 0x83, 0xe2, 0x01, 0x48, 0x09, 0xd0, 0xf2, 0x48,
  0x0f, 0x2a, 0xc0, 0xf2, 0x0f, 0x58, 0xc0, 0xeb, 0xb4, 0x0f, 0x1f, 0x00,
  0x66, 0x0f, 0x2f, 0xc3, 0x73, 0x32, 0xf2, 0x48, 0x0f, 0x2c, 0xc8, 0x49,
  0x89, 0xee, 0x49, 0x89, 0xdc, 0x48, 0x83, 0xc5, 0x02, 0x48, 0x39, 0xcd,
  0x0f, 0x86, 0x72, 0xff, 0xff, 0xff, 0x49, 0x83, 0xfc, 0x02, 0x5b, 0x5d,
  0x4d, 0x0f, 0x43, 0xf4, 0x41, 0x5c, 0x41, 0x5d, 0x4c, 0x89, 0xf0, 0x41,
  0x5e, 0xc3, 0x66, 0x0f, 0x1f, 0x44, 0x00, 0x00, 0xf2, 0x0f, 0x5c, 0xc3,
  0xf2, 0x48, 0x0f, 0x2c, 0xc8, 0x4c, 0x31, 0xe9, 0xeb, 0xc5, 0xf2, 0x0f,
  0x5c, 0xc3, 0xf2, 0x48, 0x0f, 0x2c, 0xc8, 0x48, 0x0f, 0xba, 0xf9, 0x3f,
  0xe9, 0x18, 0xff, 0xff, 0xff, 0x4c, 0x89, 0xe0, 0x66, 0x0f, 0xef, 0xc0,
  0x83, 0xe0, 0x01, 0x48, 0x09, 0xc7, 0xf2, 0x48, 0x0f, 0x2a, 0xc7, 0xf2,
  0x0f, 0x58, 0xc0, 0xe9, 0xc8, 0xfe, 0xff, 0xff, 0xe8, 0xcf, 0x14, 0xff,
  0xff, 0x48, 0x8b, 0x05, 0xe8, 0x48, 0x00, 0x00, 0x66, 0x0f, 0xef, 0xd2,
  0x66, 0x48, 0x0f, 0x6e, 0xd8, 0x48, 0x8b, 0x05, 0xd0, 0x48, 0x00, 0x00,
  0x66, 0x48, 0x0f, 0x6e, 0xc8, 0xe9, 0x29, 0xff, 0xff, 0xff, 0xe8, 0xa9,
  0x14, 0xff, 0xff, 0x48, 0x8b, 0x05, 0xba, 0x48, 0x00, 0x00, 0x66, 0x0f,
  0xef, 0xd2, 0x66, 0x48, 0x0f, 0x6e, 0xc8, 0xe9, 0xa6, 0xfe, 0xff, 0xff,
  0x0f, 0x1f, 0x40, 0x00, 0x41, 0x56, 0x48, 0x89, 0xf8, 0x41, 0x55, 0x48,
  0xd1, 0xe8, 0x41, 0x54, 0x49, 0x89, 0xfc, 0x55, 0x53, 0x48, 0x83, 0xec,
  0x20, 0x83, 0xe7, 0x01, 0x0f, 0x85, 0xc5, 0x02, 0x00, 0x00, 0x66, 0x0f,
  0xef, 0xd2, 0xf2, 0x0f, 0x10, 0x05, 0x8e, 0x48, 0x00, 0x00, 0x66, 0x0f,
  0x28, 0xca, 0x66, 0x90, 0x49, 0x89, 0xc6, 0xf2, 0x0f, 0x58, 0xc8, 0x48,
  0xd1, 0xe8, 0x4c, 0x89, 0xf2, 0x48, 0x83, 0xe2, 0xfe, 0x4c, 0x39, 0xf2,
  0x74, 0xea, 0x4d, 0x85, 0xf6, 0x0f, 0x88, 0x38, 0x02, 0x00, 0x00, 0x66,
  0x0f, 0xef, 0xc0, 0xf2, 0x49, 0x0f, 0x2a, 0xc6, 0xf2, 0x0f, 0x10, 0x1d,
  0x48, 0x48, 0x00, 0x00, 0xf2, 0x0f, 0x58, 0xc3, 0x66, 0x0f, 0x2e, 0xd0,
  0x0f, 0x87, 0x21, 0x03, 0x00, 0x00, 0xf2, 0x0f, 0x51, 0xc0, 0xf2, 0x0f,
  0x10, 0x25, 0x36, 0x48, 0x00, 0x00, 0x66, 0x0f, 0x2f, 0xc4, 0x0f, 0x83,
  0xd5, 0x01, 0x00, 0x00, 0xf2, 0x48, 0x0f, 0x2c, 0xc8, 0xf2, 0x0f, 0x10,
  0x2d, 0x2f, 0x48, 0x00, 0x00, 0xbd, 0x03, 0x00, 0x00, 0x00, 0x49, 0xbd,
  0x00, 0x00, 0x00, 0x00, 0x00, 0x00, 0x00, 0x80, 0x48, 0x83, 0xf9, 0x02,
  0x0f, 0x86, 0xb5, 0x00, 0x00, 0x00, 0x66, 0x0f, 0x1f, 0x44, 0x00, 0x00,
  0x4c, 0x89, 0xf0, 0x31, 0xd2, 0x48, 0xf7, 0xf5, 0x48, 0x89, 0xc3, 0x48,
  0x0f, 0xaf, 0xc5, 0x4c, 0x39, 0xf0, 0x0f, 0x85, 0x8a, 0x00, 0x00, 0x00,
  0x48, 0x83, 0xfd, 0x05, 0x0f, 0x87, 0xce, 0x00, 0x00, 0x00, 0x66, 0x0f,
  0xef, 0xf6, 0xf2, 0x48, 0x0f, 0x2a, 0xf5, 0xeb, 0x35, 0x0f, 0x1f, 0x00,
  0x66, 0x0f, 0xef, 0xc0, 0xf2, 0x48, 0x0f, 0x2a, 0xc3, 0xf2, 0x0f, 0x58,
  0xc3, 0x66, 0x0f, 0x2e, 0xd0, 0x0f, 0x87, 0x4a, 0x02, 0x00, 0x00, 0xf2,
  0x0f, 0x51, 0xc0, 0x48, 0x89, 0xd8, 0x31, 0xd2, 0x48, 0xf7, 0xf5, 0x48,
  0x89, 0xc2, 0x48, 0x0f, 0xaf, 0xd5, 0x48, 0x39, 0xda, 0x75, 0x31, 0x48,
  0x89, 0xc3, 0xf2, 0x0f, 0x58, 0xce, 0x48, 0x85, 0xdb, 0x79, 0xc5, 0x48,
  0x89, 0xd8, 0x48, 0x89, 0xda, 0x66, 0x0f, 0xef, 0xc0, 0x48, 0xd1, 0xe8,
  0x83, 0xe2, 0x01, 0x48, 0x09, 0xd0, 0xf2, 0x48, 0x0f, 0x2a, 0xc0, 0xf2,
  0x0f, 0x58, 0xc0, 0xeb, 0xb0, 0x0f, 0x1f, 0x80, 0x00, 0x00, 0x00, 0x00,
  0x66, 0x0f, 0x2f, 0xc4, 0x0f, 0x83, 0xd6, 0x00, 0x00, 0x00, 0xf2, 0x48,
  0x0f, 0x2c, 0xc8, 0x49, 0x89, 0xde, 0x48, 0x83, 0xc5, 0x02, 0x48, 0x39,
  0xcd, 0x0f, 0x86, 0x51, 0xff, 0xff, 0xff, 0x49, 0x83, 0xfe, 0x01, 0x76,
  0x17, 0x49, 0x83, 0xfe, 0x05, 0x0f, 0x87, 0xfd, 0x00, 0x00, 0x00, 0x66,
  0x0f, 0xef, 0xc0, 0xf2, 0x49, 0x0f, 0x2a, 0xc6, 0xf2, 0x0f, 0x58, 0xc8,
  0x4d, 0x85, 0xe4, 0x0f, 0x88, 0x23, 0x01, 0x00, 0x00, 0x66, 0x0f, 0xef,
  0xc0, 0xf2, 0x49, 0x0f, 0x2a, 0xc4, 0xf2, 0x0f, 0x59, 0xc1, 0x48, 0x83,
  0xc4, 0x20, 0x5b, 0x5d, 0x41, 0x5c, 0x41, 0x5d, 0x41, 0x5e, 0xc3, 0x90,
  0x48, 0x85, 0xed, 0x0f, 0x88, 0x8f, 0x00, 0x00, 0x00, 0x66, 0x0f, 0xef,
  0xf6, 0xf2, 0x48, 0x0f, 0x2a, 0xf5, 0xf2, 0x0f, 0x59, 0xf5, 0xeb, 0x3e,
  0x0f, 0x1f, 0x84, 0x00, 0x00, 0x00, 0x00, 0x00, 0x66, 0x0f, 0xef, 0xc0,
  0xf2, 0x48, 0x0f, 0x2a, 0xc3, 0xf2, 0x0f, 0x58, 0xc3, 0x66, 0x0f, 0x2e,
  0xd0, 0x0f, 0x87, 0x1c, 0x01, 0x00, 0x00, 0xf2, 0x0f, 0x51, 0xc0, 0x48,
  0x89, 0xd8, 0x31, 0xd2, 0x48, 0xf7, 0xf5, 0x48, 0x89, 0xc2, 0x48, 0x0f,
  0xaf, 0xd5, 0x48, 0x39, 0xd3, 0x0f, 0x85, 0x4d, 0xff, 0xff, 0xff, 0x48,
  0x89, 0xc3, 0xf2, 0x0f, 0x58, 0xce, 0x48, 0x85, 0xdb, 0x79, 0xc1, 0x48,
  0x89, 0xd8, 0x48, 0x89, 0xda, 0x66, 0x0f, 0xef, 0xc0, 0x48, 0xd1, 0xe8,
  0x83, 0xe2, 0x01, 0x48, 0x09, 0xd0, 0xf2, 0x48, 0x0f, 0x2a, 0xc0, 0xf2,
  0x0f, 0x58, 0xc0, 0xeb, 0xac, 0x0f, 0x1f, 0x00, 0xf2, 0x0f, 0x5c, 0xc4,
  0xf2, 0x48, 0x0f, 0x2c, 0xc8, 0x4c, 0x31, 0xe9, 0xe9, 0x1e, 0xff, 0xff,
  0xff, 0x0f, 0x1f, 0x80, 0x00, 0x00, 0x00, 0x00, 0x48, 0x89, 0xe8, 0x48,
  0x89, 0xea, 0x66, 0x0f, 0xef, 0xf6, 0x48, 0xd1, 0xe8, 0x83, 0xe2, 0x01,
  0x48, 0x09, 0xd0, 0xf2, 0x48, 0x0f, 0x2a, 0xf0, 0xf2, 0x0f, 0x58, 0xf6,
  0xe9, 0x59, 0xff, 0xff, 0xff, 0xf2, 0x0f, 0x5c, 0xc4, 0xf2, 0x48, 0x0f,
  0x2c, 0xc8, 0x48, 0x0f, 0xba, 0xf9, 0x3f, 0xe9, 0x1d, 0xfe, 0xff, 0xff,
  0x4d, 0x85, 0xf6, 0x78, 0x56, 0x66, 0x0f, 0xef, 0xc0, 0xf2, 0x49, 0x0f,
  0x2a, 0xc6, 0xf2, 0x0f, 0x59, 0x05, 0x3e, 0x46, 0x00, 0x00, 0xe9, 0xf1,
  0xfe, 0xff, 0xff, 0x4c, 0x89, 0xf0, 0x4c, 0x89, 0xf2, 0x66, 0x0f, 0xef,
  0xc0, 0x48, 0xd1, 0xe8, 0x83, 0xe2, 0x01, 0x48, 0x09, 0xd0, 0xf2, 0x48,
  0x0f, 0x2a, 0xc0, 0xf2, 0x0f, 0x58, 0xc0, 0xe9, 0xb0, 0xfd, 0xff, 0xff,
  0x4c, 0x89, 0xe0, 0x41, 0x83, 0xe4, 0x01, 0x66, 0x0f, 0xef, 0xc0, 0x48,
  0xd1, 0xe8, 0x4c, 0x09, 0xe0, 0xf2, 0x48, 0x0f, 0x2a, 0xc0, 0xf2, 0x0f,
  0x58, 0xc0, 0xe9, 0xc7, 0xfe, 0xff, 0xff, 0x4c, 0x89, 0xf0, 0x41, 0x83,
  0xe6, 0x01, 0x66, 0x0f, 0xef, 0xc0, 0x48, 0xd1, 0xe8, 0x4c, 0x09, 0xf0,
  0xf2, 0x48, 0x0f, 0x2a, 0xc0, 0xf2, 0x0f, 0x58, 0xc0, 0xeb, 0x97, 0x66,
  0x0f, 0xef, 0xd2, 0x4d, 0x89, 0xe6, 0x66, 0x0f, 0x28, 0xca, 0xe9, 0x53,
  0xfd, 0xff, 0xff, 0xf2, 0x0f, 0x11, 0x54, 0x24, 0x18, 0xf2, 0x0f, 0x11,
  0x4c, 0x24, 0x10, 0xf2, 0x0f, 0x11, 0x74, 0x24, 0x08, 0xe8, 0x86, 0x11,
  0xff, 0xff, 0x48, 0x8b, 0x05, 0x97, 0x45, 0x00, 0x00, 0xf2, 0x0f, 0x10,
  0x74, 0x24, 0x08, 0xf2, 0x0f, 0x10, 0x4c, 0x24, 0x10, 0xf2, 0x0f, 0x10,
  0x54, 0x24, 0x18, 0x66, 0x48, 0x0f, 0x6e, 0xd8, 0x48, 0x8b, 0x05, 0x81,
  0x45, 0x00, 0x00, 0xf2, 0x0f, 0x10, 0x2d, 0x89, 0x45, 0x00, 0x00, 0x66,
  0x48, 0x0f, 0x6e, 0xe0, 0xe9, 0x9a, 0xfe, 0xff, 0xff, 0xf2, 0x0f, 0x11,
  0x54, 0x24, 0x18, 0xf2, 0x0f, 0x11, 0x74, 0x24, 0x10, 0xf2, 0x0f, 0x11,
  0x4c, 0x24, 0x08, 0xe8, 0x38, 0x11, 0xff, 0xff, 0x48, 0x8b, 0x05, 0x51,
  0x45, 0x00, 0x00, 0xf2, 0x0f, 0x10, 0x2d, 0x59, 0x45, 0x00, 0x00, 0xf2,
  0x0f, 0x10, 0x54, 0x24, 0x18, 0xf2, 0x0f, 0x10, 0x74, 0x24, 0x10, 0x66,
  0x48, 0x0f, 0x6e, 0xe0, 0x48, 0x8b, 0x05, 0x29, 0x45, 0x00, 0x00, 0xf2,
  0x0f, 0x10, 0x4c, 0x24, 0x08, 0x66, 0x48, 0x0f, 0x6e, 0xd8, 0xe9, 0x6c,
  0xfd, 0xff, 0xff, 0xf2, 0x0f, 0x11, 0x54, 0x24, 0x10, 0xf2, 0x0f, 0x11,
  0x4c, 0x24, 0x08, 0xe8, 0xf0, 0x10, 0xff, 0xff, 0x48, 0x8b, 0x05, 0x01,
  0x45, 0x00, 0x00, 0xf2, 0x0f, 0x10, 0x54, 0x24, 0x10, 0xf2, 0x0f, 0x10,
  0x4c, 0x24, 0x08, 0x66, 0x48, 0x0f, 0x6e, 0xd8, 0xe9, 0xb5, 0xfc, 0xff,
  0xff, 0x0f, 0x1f, 0x00, 0x66, 0x0f, 0x28, 0xe0, 0x53, 0x48, 0x89, 0xfb,
  0xf2, 0x0f, 0x59, 0xe0, 0x48, 0x83, 0xec, 0x20, 0xf2, 0x0f, 0x10, 0x15,
  0xf0, 0x44, 0x00, 0x00, 0xf2, 0x0f, 0x11, 0x44, 0x24, 0x18, 0xf2, 0x0f,
  0x10, 0x05, 0xea, 0x44, 0x00, 0x00, 0x66, 0x0f, 0x28, 0xcc, 0xf2, 0x0f,
  0x11, 0x64, 0x24, 0x08, 0xe8, 0x7b, 0x10, 0xff, 0xff, 0xf2, 0x0f, 0x10,
  0x4c, 0x24, 0x08, 0xf2, 0x0f, 0x10, 0x15, 0xd5, 0x44, 0x00, 0x00, 0xe8,
  0x68, 0x10, 0xff, 0xff, 0xf2, 0x0f, 0x10, 0x4c, 0x24, 0x08, 0xf2, 0x0f,
  0x10, 0x15, 0xca, 0x44, 0x00, 0x00, 0xe8, 0x55, 0x10, 0xff, 0xff, 0xf2,
  0x0f, 0x10, 0x4c, 0x24, 0x08, 0xf2, 0x0f, 0x10, 0x15, 0xbf, 0x44, 0x00,
  0x00, 0xe8, 0x42, 0x10, 0xff, 0xff, 0xf2, 0x0f, 0x10, 0x4c, 0x24, 0x08,
  0xf2, 0x0f, 0x10, 0x15, 0xb4, 0x44, 0x00, 0x00, 0xe8, 0x2f, 0x10, 0xff,
  0xff, 0xf2, 0x0f, 0x10, 0x4c, 0x24, 0x08, 0xf2, 0x0f, 0x10, 0x15, 0xa9,
  0x44, 0x00, 0x00, 0xe8, 0x1c, 0x10, 0xff, 0xff, 0xf2, 0x0f, 0x10, 0x4c,
  0x24, 0x08, 0xf2, 0x0f, 0x10, 0x15, 0x9e, 0x44, 0x00, 0x00, 0xf2, 0x0f,
  0x11, 0x44, 0x24, 0x10, 0xf2, 0x0f, 0x10, 0x05, 0x98, 0x44, 0x00, 0x00,
  0xe8, 0xfb, 0x0f, 0xff, 0xff, 0xf2, 0x0f, 0x10, 0x4c, 0x24, 0x08, 0xf2,
  0x0f, 0x10, 0x15, 0x8d, 0x44, 0x00, 0x00, 0xe8, 0xe8, 0x0f, 0xff, 0xff,
  0xf2, 0x0f, 0x10, 0x4c, 0x24, 0x08, 0xf2, 0x0f, 0x10, 0x15, 0x82, 0x44,
  0x00, 0x00, 0xe8, 0xd5, 0x0f, 0xff, 0xff, 0xf2, 0x0f, 0x10, 0x15, 0x7d,
  0x44, 0x00, 0x00, 0xf2, 0x0f, 0x10, 0x4c, 0x24, 0x08, 0xe8, 0xc2, 0x0f,
  0xff, 0xff, 0xf2, 0x0f, 0x10, 0x15, 0x72, 0x44, 0x00, 0x00, 0xf2, 0x0f,
  0x10, 0x4c, 0x24, 0x08, 0xe8, 0xaf, 0x0f, 0xff, 0xff, 0xf2, 0x0f, 0x10,
  0x5c, 0x24, 0x18, 0xf2, 0x0f, 0x10, 0x54, 0x24, 0x08, 0xf2, 0x0f, 0x10,
  0x0d, 0x5b, 0x44, 0x00, 0x00, 0xf2, 0x0f, 0x59, 0xd3, 0xf2, 0x0f, 0x59,
  0xd0, 0x66, 0x0f, 0x28, 0xc3, 0xe8, 0x8a, 0x0f, 0xff, 0xff, 0xf2, 0x0f,
  0x10, 0x54, 0x24, 0x08, 0xf2, 0x0f, 0x59, 0x54, 0x24, 0x10, 0xf2, 0x0f,
  0x11, 0x43, 0x08, 0xf2, 0x0f, 0x11, 0x13, 0x48, 0x83, 0xc4, 0x20, 0x5b,
  0xc3, 0x66, 0x66, 0x2e, 0x0f, 0x1f, 0x84, 0x00, 0x00, 0x00, 0x00, 0x00,
  0x0f, 0x1f, 0x40, 0x00, 0x41, 0x57, 0x41, 0x56, 0x41, 0x55, 0x41, 0x54,
  0x55, 0x53, 0x48, 0x8d, 0x5f, 0x04, 0x48, 0x83, 0xec, 0x38, 0x48, 0xc1,
  0xeb, 0x03, 0x0f, 0x84, 0x21, 0x03, 0x00, 0x00, 0xf3, 0x0f, 0x7e, 0x05,
  0x5c, 0x42, 0x00, 0x00, 0x49, 0x89, 0xf5, 0x0f, 0x11, 0x06, 0x48, 0x83,
  0xfb, 0x01, 0x0f, 0x84, 0x09, 0x03, 0x00, 0x00, 0x66, 0x0f, 0xef, 0xc0,
  0x66, 0x0f, 0xef, 0xc9, 0x49, 0x89, 0xff, 0xf2, 0x48, 0x0f, 0x2a, 0xc3,
  0x66, 0x0f, 0x2e, 0xc8, 0x0f, 0x87, 0xd9, 0x03, 0x00, 0x00, 0xf2, 0x0f,
  0x51, 0xc0, 0xf2, 0x0f, 0x10, 0x0d, 0x46, 0x43, 0x00, 0x00, 0x66, 0x0f,
  0x2f, 0xc1, 0x0f, 0x83, 0x59, 0x03, 0x00, 0x00, 0xf2, 0x48, 0x0f, 0x2c,
  0xe8, 0x48, 0x83, 0xfd, 0x01, 0x76, 0x59, 0x4d, 0x85, 0xff, 0x0f, 0x88,
  0x58, 0x03, 0x00, 0x00, 0x66, 0x0f, 0xef, 0xdb, 0xf2, 0x49, 0x0f, 0x2a,
  0xdf, 0xf2, 0x0f, 0x11, 0x1c, 0x24, 0x4d, 0x8d, 0x75, 0x10, 0x41, 0xbc,
  0x01, 0x00, 0x00, 0x00, 0x66, 0x0f, 0xef, 0xc0, 0x4c, 0x89, 0xf7, 0x49,
  0x83, 0xc6, 0x10, 0xf2, 0x49, 0x0f, 0x2a, 0xc4, 0x49, 0x83, 0xc4, 0x01,
  0xf2, 0x0f, 0x58, 0xc0, 0xf2, 0x0f, 0x5e, 0x04, 0x24, 0xe8, 0xfe, 0xfd,
  0xff, 0xff, 0x4c, 0x39, 0xe5, 0x75, 0xd9, 0xf2, 0x0f, 0x10, 0x1d, 0xd1,
  0x42, 0x00, 0x00, 0x48, 0x39, 0xeb, 0x0f, 0x86, 0xf6, 0x01, 0x00, 0x00,
  0x4d, 0x85, 0xff, 0x0f, 0x88, 0x25, 0x03, 0x00, 0x00, 0x66, 0x0f, 0xef,
  0xdb, 0xf2, 0x49, 0x0f, 0x2a, 0xdf, 0xf2, 0x0f, 0x11, 0x5c, 0x24, 0x10,
  0x48, 0x89, 0xe8, 0x49, 0x89, 0xdc, 0xf2, 0x0f, 0x10, 0x1d, 0xa2, 0x42,
  0x00, 0x00, 0x49, 0x89, 0xef, 0x48, 0xc1, 0xe0, 0x04, 0x49, 0x29, 0xec,
  0x48, 0x89, 0x44, 0x24, 0x08, 0x49, 0x89, 0xc6, 0x48, 0x8d, 0x44, 0x24,
  0x20, 0x48, 0x89, 0x44, 0x24, 0x18, 0x66, 0x0f, 0x1f, 0x44, 0x00, 0x00,
  0x66, 0x0f, 0xef, 0xc0, 0x48, 0x8b, 0x7c, 0x24, 0x18, 0xf2, 0x0f, 0x11,
  0x1c, 0x24, 0xf2, 0x49, 0x0f, 0x2a, 0xc7, 0xf2, 0x0f, 0x58, 0xc0, 0xf2,
  0x0f, 0x5e, 0x44, 0x24, 0x10, 0xe8, 0x7e, 0xfd, 0xff, 0xff, 0xf2, 0x0f,
  0x10, 0x1c, 0x24, 0x4c, 0x89, 0xfe, 0x49, 0x01, 0xef, 0xf2, 0x0f, 0x10,
  0x4c, 0x24, 0x20, 0x49, 0x39, 0xdf, 0x4d, 0x89, 0xe1, 0xf2, 0x0f, 0x10,
  0x6c, 0x24, 0x28, 0x4c, 0x0f, 0x46, 0xcd, 0x66, 0x0f, 0x28, 0x25, 0x35,
  0x41, 0x00, 0x00, 0x66, 0x0f, 0x28, 0xc1, 0xf2, 0x43, 0x0f, 0x11, 0x6c,
  0x35, 0x08, 0xf2, 0x0f, 0x58, 0xc3, 0x49, 0x83, 0xf9, 0x01, 0xf2, 0x43,
  0x0f, 0x11, 0x44, 0x35, 0x00, 0x0f, 0x86, 0x2c, 0x01, 0x00, 0x00, 0x49,
  0x8d, 0x4e, 0xf8, 0x48, 0x83, 0xf9, 0x10, 0x0f, 0x86, 0xc7, 0x01, 0x00,
  0x00, 0x49, 0x83, 0xf9, 0x02, 0x0f, 0x84, 0xbd, 0x01, 0x00, 0x00, 0x49,
  0x83, 0xe9, 0x01, 0xf2, 0x0f, 0x12, 0xf9, 0xf2, 0x0f, 0x12, 0xf5, 0xb9,
  0x10, 0x00, 0x00, 0x00, 0x4d, 0x89, 0xc8, 0x4b, 0x8d, 0x7c, 0x35, 0x10,
  0x49, 0xd1, 0xe8, 0x49, 0xc1, 0xe0, 0x05, 0x49, 0x83, 0xc0, 0x10, 0x66,
  0x0f, 0x1f, 0x84, 0x00, 0x00, 0x00, 0x00, 0x00, 0x66, 0x45, 0x0f, 0x10,
  0x4c, 0x0d, 0x00, 0x66, 0x45, 0x0f, 0x10, 0x44, 0x0d, 0x10, 0x66, 0x45,
  0x0f, 0x12, 0x44, 0x0d, 0x08, 0x66, 0x45, 0x0f, 0x16, 0x4c, 0x0d, 0x10,
  0x66, 0x41, 0x0f, 0x28, 0xc1, 0x66, 0x41, 0x0f, 0x28, 0xd0, 0x66, 0x0f,
  0x59, 0xd6, 0x66, 0x0f, 0x59, 0xc7, 0x66, 0x0f, 0x5c, 0xc2, 0x66, 0x41,
  0x0f, 0x28, 0xd0, 0x66, 0x0f, 0x59, 0xd7, 0x66, 0x0f, 0x58, 0xc7, 0x66,
  0x41, 0x0f, 0x58, 0xc1, 0x66, 0x44, 0x0f, 0x59, 0xce, 0x66, 0x0f, 0x58,
  0xc4, 0x66, 0x41, 0x0f, 0x58, 0xd1, 0x66, 0x0f, 0x58, 0xd6, 0x66, 0x41,
  0x0f, 0x58, 0xd0, 0x66, 0x44, 0x0f, 0x28, 0xc0, 0x66, 0x44, 0x0f, 0x14,
  0xc2, 0x66, 0x0f, 0x15, 0xc2, 0x44, 0x0f, 0x11, 0x44, 0x0f, 0xf0, 0x0f,
  0x11, 0x04, 0x0f, 0x48, 0x83, 0xc1, 0x20, 0x4c, 0x39, 0xc1, 0x75, 0x84,
  0x4c, 0x89, 0xc9, 0x48, 0x83, 0xc9, 0x01, 0x41, 0x83, 0xe1, 0x01, 0x74,
  0x5e, 0x48, 0x89, 0xcf, 0x66, 0x0f, 0x28, 0xfd, 0x48, 0x01, 0xf1, 0x48,
  0xc1, 0xe7, 0x04, 0x48, 0xc1, 0xe1, 0x04, 0xf2, 0x41, 0x0f, 0x10, 0x54,
  0x3d, 0x00, 0xf2, 0x41, 0x0f, 0x10, 0x74, 0x3d, 0x08, 0xf2, 0x0f, 0x59,
  0xfe, 0x66, 0x0f, 0x28, 0xc2, 0xf2, 0x0f, 0x59, 0xc1, 0xf2, 0x0f, 0x5c,
  0xc7, 0xf2, 0x0f, 0x58, 0xc1, 0xf2, 0x0f, 0x59, 0xce, 0xf2, 0x0f, 0x58,
  0xc2, 0xf2, 0x0f, 0x59, 0xd5, 0xf2, 0x0f, 0x58, 0xc3, 0xf2, 0x0f, 0x58,
  0xca, 0xf2, 0x41, 0x0f, 0x11, 0x44, 0x0d, 0x00, 0xf2, 0x0f, 0x58, 0xe9,
  0xf2, 0x0f, 0x58, 0xee, 0xf2, 0x41, 0x0f, 0x11, 0x6c, 0x0d, 0x08, 0x49,
  0x29, 0xec, 0x4c, 0x03, 0x74, 0x24, 0x08, 0x49, 0x39, 0xdf, 0x0f, 0x82,
  0x58, 0xfe, 0xff, 0xff, 0x48, 0x83, 0xfd, 0x01, 0x76, 0x7f, 0x48, 0x8d,
  0x4d, 0xfe, 0x48, 0x83, 0xf9, 0x01, 0x0f, 0x86, 0x51, 0x01, 0x00, 0x00,
  0x48, 0x89, 0xce, 0x66, 0x0f, 0x28, 0x0d, 0xb9, 0x3f, 0x00, 0x00, 0x4c,
  0x89, 0xea, 0x48, 0xd1, 0xee, 0x48, 0xc1, 0xe6, 0x05, 0x4c, 0x01, 0xee,
  0x0f, 0x1f, 0x40, 0x00, 0x66, 0x0f, 0x10, 0x42, 0x10, 0x48, 0x83, 0xc2,
  0x20, 0x66, 0x0f, 0x16, 0x02, 0x66, 0x0f, 0x58, 0xc1, 0x66, 0x0f, 0x13,
  0x42, 0xf0, 0x66, 0x0f, 0x17, 0x02, 0x48, 0x39, 0xf2, 0x75, 0xe1, 0x48,
  0x83, 0xc9, 0x01, 0x48, 0x89, 0xca, 0x48, 0x83, 0xc1, 0x01, 0x48, 0xc1,
  0xe2, 0x04, 0x4c, 0x01, 0xea, 0xf2, 0x0f, 0x10, 0x02, 0xf2, 0x0f, 0x58,
  0xc3, 0xf2, 0x0f, 0x11, 0x02, 0x48, 0x39, 0xcd, 0x76, 0x13, 0x48, 0xc1,
  0xe1, 0x04, 0x49, 0x01, 0xcd, 0xf2, 0x41, 0x0f, 0x58, 0x5d, 0x00, 0xf2,
  0x41, 0x0f, 0x11, 0x5d, 0x00, 0x48, 0x83, 0xc4, 0x38, 0x5b, 0x5d, 0x41,
  0x5c, 0x41, 0x5d, 0x41, 0x5e, 0x41, 0x5f, 0xc3, 0x0f, 0x1f, 0x40, 0x00,
  0x49, 0xc1, 0xe1, 0x04, 0x49, 0x8d, 0x4d, 0x10, 0x4b, 0x8d, 0x74, 0x0d,
  0x00, 0x0f, 0x1f, 0x00, 0xf2, 0x0f, 0x10, 0x01, 0x66, 0x0f, 0x28, 0xd1,
  0x66, 0x0f, 0x28, 0xfd, 0x48, 0x83, 0xc1, 0x10, 0xf2, 0x0f, 0x10, 0x71,
  0xf8, 0xf2, 0x0f, 0x59, 0xd0, 0xf2, 0x0f, 0x59, 0xfe, 0xf2, 0x0f, 0x5c,
  0xd7, 0xf2, 0x0f, 0x58, 0xd1, 0xf2, 0x0f, 0x58, 0xd0, 0xf2, 0x0f, 0x59,
  0xc5, 0xf2, 0x0f, 0x58, 0xd3, 0xf2, 0x42, 0x0f, 0x11, 0x54, 0x31, 0xf0,
  0x66, 0x0f, 0x28, 0xd1, 0xf2, 0x0f, 0x59, 0xd6, 0xf2, 0x0f, 0x58, 0xc2,
  0xf2, 0x0f, 0x58, 0xc5, 0xf2, 0x0f, 0x58, 0xc6, 0xf2, 0x42, 0x0f, 0x11,
  0x44, 0x31, 0xf8, 0x48, 0x39, 0xce, 0x75, 0xa8, 0xe9, 0xea, 0xfe, 0xff,
  0xff, 0xf2, 0x0f, 0x5c, 0xc1, 0xf2, 0x48, 0x0f, 0x2c, 0xe8, 0x48, 0x0f,
  0xba, 0xfd, 0x3f, 0xe9, 0x99, 0xfc, 0xff, 0xff, 0x4c, 0x89, 0xfa, 0x4c,
  0x89, 0xf9, 0x66, 0x0f, 0xef, 0xc0, 0x48, 0xd1, 0xea, 0x83, 0xe1, 0x01,
  0x48, 0x09, 0xca, 0xf2, 0x48, 0x0f, 0x2a, 0xc2, 0xf2, 0x0f, 0x58, 0xc0,
  0xf2, 0x0f, 0x11, 0x04, 0x24, 0xe9, 0x90, 0xfc, 0xff, 0xff, 0x4c, 0x89,
  0xfa, 0x4c, 0x89, 0xf8, 0x66, 0x0f, 0xef, 0xc0, 0x48, 0xd1, 0xea, 0x83,
  0xe0, 0x01, 0x48, 0x09, 0xc2, 0xf2, 0x48, 0x0f, 0x2a, 0xc2, 0xf2, 0x0f,
  0x58, 0xc0, 0xf2, 0x0f, 0x11, 0x44, 0x24, 0x10, 0xe9, 0xc3, 0xfc, 0xff,
  0xff, 0xb9, 0x01, 0x00, 0x00, 0x00, 0xe9, 0xe4, 0xfe, 0xff, 0xff, 0xe8,
  0x54, 0x0b, 0xff, 0xff, 0xe9, 0x21, 0xfc, 0xff, 0xff, 0x66, 0x66, 0x2e,
  0x0f, 0x1f, 0x84, 0x00, 0x00, 0x00, 0x00, 0x00, 0x0f, 0x1f, 0x40, 0x00,
  0x41, 0x57, 0x41, 0x56, 0x41, 0x55, 0x49, 0x89, 0xfd, 0x41, 0x54, 0x4c,
  0x8d, 0x24, 0xfd, 0x00, 0x00, 0x00, 0x00, 0x48, 0x01, 0xff, 0x55, 0x48,
  0x89, 0xf5, 0x53, 0x4a, 0x8d, 0x1c, 0x26, 0x48, 0x89, 0xde, 0x48, 0x83,
  0xec, 0x18, 0xe8, 0x95, 0xfb, 0xff, 0xff, 0x49, 0x8d, 0x4d, 0x02, 0x48,
  0xc1, 0xe9, 0x02, 0x48, 0x83, 0xf9, 0x01, 0x0f, 0x86, 0xeb, 0x01, 0x00,
  0x00, 0x48, 0x8d, 0x51, 0xfe, 0x4c, 0x8d, 0x1c, 0x09, 0x49, 0x89, 0xd2,
  0x4d, 0x8d, 0x7b, 0xfe, 0x49, 0xd1, 0xea, 0x4a, 0x8d, 0x04, 0xfd, 0x00,
  0x00, 0x00, 0x00, 0x49, 0x8d, 0x72, 0x01, 0x4d, 0x89, 0xd0, 0x49, 0x89,
  0xc6, 0x49, 0xc1, 0xe0, 0x04, 0x49, 0x89, 0xf1, 0x49, 0x8d, 0x7c, 0xb5,
  0x00, 0x49, 0xc1, 0xe1, 0x04, 0x4d, 0x29, 0xc6, 0x4c, 0x8d, 0x68, 0x10,
  0x48, 0xc1, 0xe7, 0x03, 0x4d, 0x39, 0xce, 0x4c, 0x89, 0x4c, 0x24, 0x08,
  0x41, 0x0f, 0x9d, 0xc0, 0x4d, 0x85, 0xed, 0x41, 0x0f, 0x9e, 0xc1, 0x45,
  0x09, 0xc1, 0x48, 0x83, 0xfa, 0x03, 0x41, 0x0f, 0x97, 0xc0, 0x45, 0x21,
  0xc8, 0x4c, 0x39, 0xf7, 0x41, 0x0f, 0x9e, 0xc1, 0x4d, 0x39, 0xec, 0x41,
  0x0f, 0x9d, 0xc5, 0x45, 0x09, 0xe9, 0x45, 0x84, 0xc8, 0x0f, 0x84, 0x19,
  0x01, 0x00, 0x00, 0x48, 0x85, 0xff, 0x41, 0x0f, 0x9e, 0xc0, 0x4c, 0x3b,
  0x64, 0x24, 0x08, 0x40, 0x0f, 0x9d, 0xc7, 0x41, 0x08, 0xf8, 0x0f, 0x84,
  0x00, 0x01, 0x00, 0x00, 0x49, 0x89, 0xf2, 0x48, 0x01, 0xe8, 0x4e, 0x8d,
  0x4c, 0xdd, 0xf8, 0x45, 0x31, 0xc0, 0x49, 0xd1, 0xea, 0x31, 0xff, 0x49,
  0xc1, 0xe2, 0x05, 0x66, 0x0f, 0x1f, 0x84, 0x00, 0x00, 0x00, 0x00, 0x00,
  0x66, 0x0f, 0x10, 0x44, 0x7b, 0x20, 0x66, 0x0f, 0x10, 0x14, 0x7b, 0x0f,
  0x11, 0x44, 0x3d, 0x10, 0x0f, 0x11, 0x54, 0x3d, 0x00, 0x66, 0x0f, 0x10,
  0x4c, 0x7b, 0x10, 0x66, 0x0f, 0x10, 0x44, 0x7b, 0x30, 0x48, 0x83, 0xc7,
  0x20, 0x66, 0x42, 0x0f, 0x17, 0x0c, 0x00, 0x66, 0x42, 0x0f, 0x17, 0x44,
  0x00, 0xf0, 0x66, 0x43, 0x0f, 0x13, 0x0c, 0x01, 0x66, 0x43, 0x0f, 0x13,
  0x44, 0x01, 0xf0, 0x49, 0x83, 0xe8, 0x20, 0x4c, 0x39, 0xd7, 0x75, 0xb8,
  0x48, 0x89, 0xf0, 0x48, 0x83, 0xe0, 0xfe, 0x49, 0x89, 0xc0, 0x48, 0x8d,
  0x7c, 0x00, 0x01, 0x49, 0xf7, 0xd8, 0x4f, 0x8d, 0x04, 0x47, 0x48, 0x39,
  0xc6, 0x74, 0x3f, 0x48, 0x89, 0xc6, 0x48, 0xc1, 0xe0, 0x04, 0x48, 0xc1,
  0xe6, 0x05, 0xf2, 0x0f, 0x10, 0x04, 0x33, 0xf2, 0x0f, 0x11, 0x44, 0x05,
  0x00, 0xf2, 0x0f, 0x10, 0x44, 0x33, 0x08, 0xf2, 0x0f, 0x11, 0x44, 0xfd,
  0x00, 0xf2, 0x0f, 0x10, 0x44, 0x33, 0x18, 0x48, 0xc1, 0xe7, 0x04, 0xf2,
  0x42, 0x0f, 0x11, 0x44, 0xc5, 0x00, 0xf2, 0x0f, 0x10, 0x04, 0x3b, 0xf2,
  0x42, 0x0f, 0x11, 0x44, 0xc5, 0x08, 0x48, 0x83, 0xe2, 0xfe, 0x48, 0x8d,
  0x72, 0x03, 0x48, 0x83, 0xc2, 0x02, 0x48, 0x39, 0xd1, 0x74, 0x1e, 0x48,
  0x89, 0xd0, 0x48, 0xc1, 0xe0, 0x04, 0xf2, 0x0f, 0x10, 0x04, 0x03, 0xf2,
  0x0f, 0x11, 0x44, 0xd5, 0x00, 0xf2, 0x0f, 0x10, 0x44, 0x03, 0x08, 0xf2,
  0x0f, 0x11, 0x44, 0xf5, 0x00, 0x48, 0x83, 0xc4, 0x18, 0x5b, 0x5d, 0x41,
  0x5c, 0x41, 0x5d, 0x41, 0x5e, 0x41, 0x5f, 0xc3, 0x49, 0xc1, 0xe2, 0x05,
  0x48, 0x89, 0xde, 0x48, 0x89, 0xef, 0x48, 0x01, 0xe8, 0x4e, 0x8d, 0x44,
  0x13, 0x20, 0x66, 0x0f, 0x1f, 0x44, 0x00, 0x00, 0xf2, 0x0f, 0x10, 0x06,
  0x48, 0x83, 0xc6, 0x20, 0x48, 0x83, 0xc7, 0x10, 0x48, 0x83, 0xe8, 0x10,
  0xf2, 0x0f, 0x11, 0x47, 0xf0, 0xf2, 0x0f, 0x10, 0x46, 0xe8, 0xf2, 0x0f,
  0x11, 0x47, 0xf8, 0xf2, 0x0f, 0x10, 0x46, 0xf8, 0xf2, 0x0f, 0x11, 0x40,
  0x10, 0xf2, 0x0f, 0x10, 0x46, 0xf0, 0xf2, 0x0f, 0x11, 0x40, 0x18, 0x4c,
  0x39, 0xc6, 0x75, 0xc8, 0xe9, 0x6d, 0xff, 0xff, 0xff, 0x0f, 0x1f, 0x00,
  0x31, 0xd2, 0xbe, 0x01, 0x00, 0x00, 0x00, 0xe9, 0x6a, 0xff, 0xff, 0xff,
  0x66, 0x66, 0x2e, 0x0f, 0x1f, 0x84, 0x00, 0x00, 0x00, 0x00, 0x00, 0x90,
  0x41, 0x56, 0x4c, 0x8d, 0x77, 0x01, 0x41, 0x55, 0x49, 0xd1, 0xee, 0x41,
  0x54, 0x49, 0x89, 0xfc, 0x45, 0x89, 0xf5, 0x55, 0x48, 0x8d, 0x6c, 0xfe,
  0xf8, 0x48, 0xc1, 0xe7, 0x02, 0x53, 0x48, 0x89, 0xf3, 0x48, 0x89, 0xee,
  0xe8, 0x57, 0xf9, 0xff, 0xff, 0x45, 0x85, 0xe4, 0x0f, 0x88, 0x76, 0x01,
  0x00, 0x00, 0x31, 0xf6, 0x31, 0xc9, 0x31, 0xd2, 0x31, 0xc0, 0x66, 0x0f,
  0x1f, 0x44, 0x00, 0x00, 0x48, 0x63, 0xf9, 0x83, 0xc0, 0x04, 0x83, 0xc2,
  0x01, 0xf2, 0x0f, 0x10, 0x44, 0xfd, 0x00, 0x48, 0x63, 0xfe, 0xf2, 0x0f,
  0x11, 0x04, 0xfb, 0x8d, 0x79, 0x01, 0x83, 0xc1, 0x08, 0x48, 0x63, 0xff,
  0xf2, 0x0f, 0x10, 0x44, 0xfd, 0x00, 0x8d, 0x7e, 0x01, 0x83, 0xc6, 0x02,
  0x48, 0x63, 0xff, 0xf2, 0x0f, 0x11, 0x04, 0xfb, 0x44, 0x89, 0xe7, 0x29,
  0xc7, 0x39, 0xf8, 0x7e, 0xc3, 0x89, 0xc1, 0x44, 0x29, 0xe1, 0x85, 0xc9,
  0x7f, 0x57, 0x44, 0x89, 0xe1, 0x41, 0xb8, 0xfc, 0xff, 0xff, 0xff, 0x8d,
  0x78, 0x04, 0x29, 0xc1, 0x45, 0x29, 0xe0, 0x8d, 0x74, 0x09, 0x01, 0x8d,
  0x0c, 0x12, 0x66, 0x90, 0x48, 0x63, 0xc6, 0x83, 0xc2, 0x01, 0xf2, 0x0f,
  0x10, 0x44, 0xc5, 0x00, 0x48, 0x63, 0xc1, 0xf2, 0x0f, 0x11, 0x04, 0xc3,
  0x8d, 0x46, 0xff, 0x83, 0xee, 0x08, 0x48, 0x98, 0xf2, 0x0f, 0x10, 0x44,
  0xc5, 0x00, 0x8d, 0x41, 0x01, 0x83, 0xc1, 0x02, 0x48, 0x98, 0xf2, 0x0f,
  0x11, 0x04, 0xc3, 0x89, 0xf8, 0x83, 0xc7, 0x04, 0x45, 0x8d, 0x0c, 0x38,
  0x45, 0x85, 0xc9, 0x7e, 0xc3, 0x47, 0x8d, 0x04, 0x64, 0x44, 0x89, 0xc1,
  0x29, 0xc1, 0x39, 0xc1, 0x7c, 0x58, 0x89, 0xc1, 0xf3, 0x0f, 0x7e, 0x0d,
  0xcc, 0x39, 0x00, 0x00, 0x44, 0x29, 0xe1, 0x8d, 0x74, 0x09, 0x01, 0x8d,
  0x0c, 0x12, 0x66, 0x90, 0x4c, 0x63, 0xce, 0x48, 0x63, 0xf9, 0x83, 0xc0,
  0x04, 0x83, 0xc2, 0x01, 0xf2, 0x42, 0x0f, 0x10, 0x44, 0xcd, 0x00, 0x66,
  0x0f, 0x57, 0xc1, 0xf2, 0x0f, 0x11, 0x04, 0xfb, 0x8d, 0x7e, 0xff, 0x83,
  0xc6, 0x08, 0x48, 0x63, 0xff, 0xf2, 0x0f, 0x10, 0x44, 0xfd, 0x00, 0x8d,
  0x79, 0x01, 0x83, 0xc1, 0x02, 0x48, 0x63, 0xff, 0xf2, 0x0f, 0x11, 0x04,
  0xfb, 0x44, 0x89, 0xc7, 0x29, 0xc7, 0x39, 0xf8, 0x7e, 0xbe, 0x41, 0x39,
  0xd6, 0x7e, 0x53, 0x45, 0x01, 0xe4, 0xf3, 0x0f, 0x7e, 0x0d, 0x6e, 0x39,
  0x00, 0x00, 0x8d, 0x0c, 0x12, 0x41, 0x29, 0xc4, 0x43, 0x8d, 0x04, 0x24,
  0x0f, 0x1f, 0x40, 0x00, 0x48, 0x63, 0xf8, 0x48, 0x63, 0xf1, 0x83, 0xc2,
  0x01, 0xf2, 0x0f, 0x10, 0x44, 0xfd, 0x00, 0x66, 0x0f, 0x57, 0xc1, 0xf2,
  0x0f, 0x11, 0x04, 0xf3, 0x8d, 0x70, 0x01, 0x83, 0xe8, 0x08, 0x48, 0x63,
  0xf6, 0xf2, 0x0f, 0x10, 0x44, 0xf5, 0x00, 0x8d, 0x71, 0x01, 0x83, 0xc1,
  0x02, 0x48, 0x63, 0xf6, 0xf2, 0x0f, 0x11, 0x04, 0xf3, 0x41, 0x39, 0xd5,
  0x75, 0xc6, 0x5b, 0x5d, 0x41, 0x5c, 0x41, 0x5d, 0x41, 0x5e, 0xc3, 0x0f,
  0x1f, 0x44, 0x00, 0x00, 0x31, 0xd2, 0x31, 0xc0, 0xe9, 0xcc, 0xfe, 0xff,
  0xff, 0x66, 0x66, 0x2e, 0x0f, 0x1f, 0x84, 0x00, 0x00, 0x00, 0x00, 0x00,
  0x0f, 0x1f, 0x40, 0x00, 0x41, 0x54, 0x49, 0x89, 0xf4, 0x55, 0x48, 0x89,
  0xfd, 0x48, 0x83, 0xec, 0x08, 0x83, 0xe7, 0x03, 0x48, 0x89, 0xef, 0x74,
  0x33, 0x40, 0xf6, 0xc5, 0x01, 0x75, 0x1d, 0xe8, 0xe0, 0xfb, 0xff, 0xff,
  0x48, 0x83, 0xc4, 0x08, 0x4c, 0x89, 0xe6, 0x48, 0x89, 0xef, 0x5d, 0x41,
  0x5c, 0xe9, 0x7e, 0x08, 0xff, 0xff, 0x66, 0x0f, 0x1f, 0x44, 0x00, 0x00,
  0x48, 0x83, 0xc4, 0x08, 0x5d, 0x41, 0x5c, 0xe9, 0xfc, 0xfd, 0xff, 0xff,
  0x0f, 0x1f, 0x40, 0x00, 0xe8, 0x73, 0xf7, 0xff, 0xff, 0x4c, 0x89, 0xe6,
  0x48, 0x89, 0xef, 0xe8, 0xe8, 0x07, 0xff, 0xff, 0xeb, 0xc6, 0x66, 0x0f,
  0x1f, 0x44, 0x00, 0x00, 0x41, 0x54, 0x49, 0x89, 0xf4, 0x55, 0x48, 0x89,
  0xfd, 0x48, 0x83, 0xec, 0x08, 0xe8, 0x8e, 0xff, 0xff, 0xff, 0x48, 0x83,
  0xc4, 0x08, 0x4c, 0x89, 0xe6, 0x48, 0x89, 0xef, 0x5d, 0x41, 0x5c, 0xe9,
  0xac, 0x0a, 0xff, 0xff, 0x66, 0x66, 0x2e, 0x0f, 0x1f, 0x84, 0x00, 0x00,
  0x00, 0x00, 0x00, 0x90, 0x41, 0x57, 0x49, 0x89, 0xff, 0x41, 0x56, 0x41,
  0x55, 0x41, 0x54, 0x55, 0x53, 0x48, 0x83, 0xec, 0x28, 0x48, 0x8b, 0x1f,
  0x48, 0x89, 0x7c, 0x24, 0x10, 0x48, 0x89, 0xdf, 0x48, 0x89, 0x5c, 0x24,
  0x18, 0x48, 0xc1, 0xe7, 0x04, 0xe8, 0x46, 0x06, 0xff, 0xff, 0x48, 0x85,
  0xc0, 0x0f, 0x84, 0xbb, 0x01, 0x00, 0x00, 0x48, 0x89, 0xc6, 0x48, 0x89,
  0xdf, 0x49, 0x89, 0xc4, 0xe8, 0x8f, 0xff, 0xff, 0xff, 0x49, 0x83, 0x7f,
  0x08, 0x00, 0x0f, 0x84, 0x0c, 0x01, 0x00, 0x00, 0x48, 0x8b, 0x44, 0x24,
  0x10, 0x45, 0x31, 0xc0, 0x41, 0xbd, 0x01, 0x00, 0x00, 0x00, 0x48, 0xc7,
  0x44, 0x24, 0x08, 0x00, 0x00, 0x00, 0x00, 0x48, 0x8d, 0x78, 0x18, 0x66,
  0x0f, 0x1f, 0x84, 0x00, 0x00, 0x00, 0x00, 0x00, 0x48, 0x8b, 0x1f, 0x4c,
  0x89, 0xed, 0x48, 0x8b, 0x44, 0x24, 0x18, 0x31, 0xd2, 0x48, 0x8b, 0x74,
  0x24, 0x10, 0x4c, 0x0f, 0xaf, 0xeb, 0x49, 0xf7, 0xf5, 0x4c, 0x89, 0xc2,
  0x48, 0xc1, 0xe2, 0x04, 0x48, 0x03, 0x56, 0x10, 0x48, 0x89, 0x57, 0x08,
  0x48, 0x8d, 0x53, 0xff, 0x4c, 0x8d, 0x78, 0xff, 0x49, 0x0f, 0xaf, 0xd7,
  0x49, 0x01, 0xd0, 0x48, 0x83, 0xfb, 0x01, 0x0f, 0x86, 0x89, 0x00, 0x00,
  0x00, 0x49, 0x89, 0xee, 0x45, 0x31, 0xdb, 0x41, 0xba, 0x01, 0x00, 0x00,
  0x00, 0x4d, 0x89, 0xe9, 0x48, 0x83, 0xf8, 0x01, 0x76, 0x6e, 0x66, 0x2e,
  0x0f, 0x1f, 0x84, 0x00, 0x00, 0x00, 0x00, 0x00, 0x4d, 0x89, 0xf5, 0x4c,
  0x89, 0x04, 0x24, 0x4c, 0x89, 0xd9, 0xbe, 0x01, 0x00, 0x00, 0x00, 0x49,
  0xc1, 0xe5, 0x04, 0x48, 0xc1, 0xe1, 0x04, 0x4b, 0x8d, 0x14, 0x2c, 0x0f,
  0x1f, 0x44, 0x00, 0x00, 0xf2, 0x0f, 0x10, 0x02, 0x4c, 0x8b, 0x47, 0x08,
  0x48, 0x83, 0xc6, 0x01, 0xf2, 0x41, 0x0f, 0x11, 0x04, 0x08, 0xf2, 0x0f,
  0x10, 0x42, 0x08, 0x4c, 0x8b, 0x47, 0x08, 0x4c, 0x01, 0xea, 0xf2, 0x41,
  0x0f, 0x11, 0x44, 0x08, 0x08, 0x48, 0x83, 0xc1, 0x10, 0x48, 0x39, 0xf0,
  0x75, 0xd2, 0x49, 0x83, 0xc2, 0x01, 0x4c, 0x8b, 0x04, 0x24, 0x49, 0x01,
  0xee, 0x4d, 0x01, 0xfb, 0x4c, 0x39, 0xd3, 0x75, 0x9f, 0x4d, 0x89, 0xcd,
  0x48, 0x83, 0xfb, 0x0b, 0x77, 0x37, 0x48, 0x8b, 0x5c, 0x24, 0x10, 0x48,
  0x83, 0x44, 0x24, 0x08, 0x01, 0x48, 0x83, 0xc7, 0x18, 0x48, 0x8b, 0x44,
  0x24, 0x08, 0x48, 0x39, 0x43, 0x08, 0x0f, 0x87, 0x18, 0xff, 0xff, 0xff,
  0x4c, 0x89, 0xe7, 0xe8, 0x50, 0x04, 0xff, 0xff, 0x31, 0xc0, 0x48, 0x83,
  0xc4, 0x28, 0x5b, 0x5d, 0x41, 0x5c, 0x41, 0x5d, 0x41, 0x5e, 0x41, 0x5f,
  0xc3, 0x48, 0x8b, 0x74, 0x24, 0x10, 0xf2, 0x41, 0x0f, 0x10, 0x04, 0x24,
  0x4c, 0x89, 0xc2, 0x48, 0x0f, 0xaf, 0xc5, 0x48, 0xc1, 0xe2, 0x04, 0x49,
  0x01, 0xd8, 0x48, 0x03, 0x56, 0x10, 0x48, 0x89, 0x57, 0x10, 0x48, 0xc1,
  0xe0, 0x04, 0xf2, 0x0f, 0x11, 0x02, 0x48, 0x8b, 0x57, 0x10, 0xf2, 0x41,
  0x0f, 0x10, 0x44, 0x24, 0x08, 0x49, 0x8d, 0x0c, 0x04, 0xf2, 0x0f, 0x11,
  0x42, 0x08, 0xba, 0x01, 0x00, 0x00, 0x00, 0x0f, 0x1f, 0x44, 0x00, 0x00,
  0xf2, 0x0f, 0x10, 0x01, 0x4c, 0x8b, 0x4f, 0x10, 0x48, 0x89, 0xd6, 0x48,
  0x83, 0xc2, 0x01, 0x48, 0xc1, 0xe6, 0x04, 0xf2, 0x41, 0x0f, 0x11, 0x04,
  0x31, 0xf2, 0x0f, 0x10, 0x41, 0x08, 0x4c, 0x8b, 0x4f, 0x10, 0x48, 0x01,
  0xc1, 0xf2, 0x41, 0x0f, 0x11, 0x44, 0x31, 0x08, 0x48, 0x39, 0xd3, 0x75,
  0xcf, 0xe9, 0x4c, 0xff, 0xff, 0xff, 0x83, 0xc8, 0xff, 0xe9, 0x6c, 0xff,
  0xff, 0xff, 0x66, 0x2e, 0x0f, 0x1f, 0x84, 0x00, 0x00, 0x00, 0x00, 0x00,
  0x41, 0x57, 0x41, 0x56, 0x41, 0x55, 0x41, 0x54, 0x55, 0x53, 0x48, 0x89,
  0xfb, 0x48, 0x83, 0xec, 0x38, 0x4c, 0x8b, 0x37, 0x48, 0x89, 0x7c, 0x24,
  0x10, 0x4c, 0x89, 0xf7, 0x4c, 0x89, 0x74, 0x24, 0x20, 0x48, 0xc1, 0xe7,
  0x04, 0xe8, 0x46, 0x04, 0xff, 0xff, 0x48, 0x85, 0xc0, 0x0f, 0x84, 0x11,
  0x02, 0x00, 0x00, 0x48, 0x89, 0xc6, 0x4c, 0x89, 0xf7, 0x49, 0x89, 0xc7,
  0xe8, 0x2f, 0xfd, 0xff, 0xff, 0x48, 0x8b, 0x43, 0x10, 0x48, 0x89, 0x44,
  0x24, 0x08, 0x48, 0x8b, 0x43, 0x08, 0x48, 0x85, 0xc0, 0x0f, 0x84, 0xd4,
  0x01, 0x00, 0x00, 0x4c, 0x89, 0x7c, 0x24, 0x18, 0x48, 0x8d, 0x73, 0x18,
  0x31, 0xed, 0x41, 0xbc, 0x01, 0x00, 0x00, 0x00, 0xf2, 0x0f, 0x10, 0x15,
  0x50, 0x38, 0x00, 0x00, 0xf3, 0x0f, 0x7e, 0x0d, 0xf8, 0x35, 0x00, 0x00,
  0xeb, 0x2a, 0x66, 0x0f, 0x1f, 0x44, 0x00, 0x00, 0x49, 0x83, 0xf9, 0x05,
  0x0f, 0x87, 0xe3, 0x00, 0x00, 0x00, 0x48, 0x8b, 0x44, 0x24, 0x10, 0x48,
  0x83, 0xc5, 0x01, 0x48, 0x83, 0xc6, 0x18, 0x48, 0x8b, 0x40, 0x08, 0x48,
  0x39, 0xe8, 0x0f, 0x86, 0x82, 0x01, 0x00, 0x00, 0x4c, 0x8b, 0x0e, 0x48,
  0x83, 0xe8, 0x01, 0x4c, 0x89, 0xe3, 0x4d, 0x0f, 0xaf, 0xe1, 0x48, 0x39,
  0xe8, 0x76, 0xc9, 0x48, 0x8b, 0x44, 0x24, 0x20, 0x31, 0xd2, 0x48, 0x8b,
  0x4c, 0x24, 0x08, 0x49, 0xf7, 0xf4, 0x48, 0x89, 0x4e, 0x08, 0x4c, 0x8d,
  0x78, 0xff, 0x49, 0x8d, 0x41, 0xff, 0x49, 0x0f, 0xaf, 0xc7, 0x48, 0x8d,
  0x04, 0xc1, 0x48, 0x89, 0x44, 0x24, 0x08, 0x49, 0x83, 0xf9, 0x01, 0x76,
  0xa5, 0x4d, 0x89, 0xfa, 0x45, 0x31, 0xed, 0x49, 0x89, 0xde, 0x41, 0xbb,
  0x01, 0x00, 0x00, 0x00, 0x49, 0xd1, 0xea, 0x74, 0x87, 0x4c, 0x89, 0x64,
  0x24, 0x28, 0x4c, 0x8b, 0x64, 0x24, 0x18, 0x0f, 0x1f, 0x44, 0x00, 0x00,
  0x4d, 0x89, 0xf0, 0x4a, 0x8d, 0x14, 0xed, 0x00, 0x00, 0x00, 0x00, 0xb9,
  0x01, 0x00, 0x00, 0x00, 0x49, 0xc1, 0xe0, 0x04, 0x4b, 0x8d, 0x04, 0x04,
  0xf2, 0x0f, 0x10, 0x00, 0x48, 0x8b, 0x7e, 0x08, 0xf2, 0x0f, 0x11, 0x04,
  0x17, 0xf2, 0x0f, 0x10, 0x40, 0x08, 0x48, 0x8b, 0x7e, 0x08, 0x4c, 0x01,
  0xc0, 0xf2, 0x0f, 0x11, 0x44, 0x17, 0x08, 0x48, 0x89, 0xcf, 0x48, 0x83,
  0xc2, 0x10, 0x48, 0x83, 0xc1, 0x01, 0x49, 0x39, 0xfa, 0x75, 0xd1, 0x49,
  0x83, 0xc3, 0x01, 0x49, 0x01, 0xde, 0x4d, 0x01, 0xfd, 0x4d, 0x39, 0xd9,
  0x75, 0xaa, 0x4c, 0x8b, 0x64, 0x24, 0x28, 0x49, 0x83, 0xf9, 0x05, 0x0f,
  0x86, 0x1d, 0xff, 0xff, 0xff, 0x48, 0x8b, 0x44, 0x24, 0x08, 0x4c, 0x89,
  0xcf, 0x31, 0xd2, 0x48, 0x8b, 0x5c, 0x24, 0x18, 0x48, 0xc1, 0xe7, 0x04,
  0x4d, 0x89, 0xca, 0xb9, 0x01, 0x00, 0x00, 0x00, 0x48, 0x89, 0x46, 0x10,
  0x4c, 0x8d, 0x04, 0x38, 0x49, 0xd1, 0xea, 0x4c, 0x8d, 0x5f, 0x08, 0xf2,
  0x0f, 0x11, 0x10, 0x48, 0x8b, 0x46, 0x10, 0x48, 0xc7, 0x40, 0x08, 0x00,
  0x00, 0x00, 0x00, 0x48, 0x8b, 0x44, 0x24, 0x20, 0x49, 0xf7, 0xf1, 0x49,
  0x83, 0xe9, 0x01, 0x49, 0xc1, 0xe1, 0x04, 0x48, 0xc1, 0xe0, 0x04, 0x48,
  0x8d, 0x14, 0x03, 0x90, 0xf2, 0x0f, 0x10, 0x02, 0x48, 0x89, 0xcf, 0x48,
  0xc1, 0xe7, 0x04, 0x48, 0x03, 0x7e, 0x10, 0xf2, 0x0f, 0x11, 0x07, 0x4c,
  0x89, 0xdf, 0xf2, 0x0f, 0x10, 0x42, 0x08, 0x48, 0x8b, 0x5e, 0x10, 0x4c,
  0x29, 0xcf, 0xf2, 0x0f, 0x11, 0x04, 0x3b, 0xf2, 0x0f, 0x10, 0x02, 0x48,
  0x8b, 0x7e, 0x10, 0xf2, 0x42, 0x0f, 0x11, 0x04, 0x0f, 0xf2, 0x0f, 0x10,
  0x42, 0x08, 0x48, 0x8b, 0x7e, 0x10, 0x48, 0x01, 0xc2, 0x66, 0x0f, 0x57,
  0xc1, 0xf2, 0x42, 0x0f, 0x11, 0x44, 0x0f, 0x08, 0x48, 0x89, 0xcf, 0x49,
  0x83, 0xe9, 0x10, 0x48, 0x83, 0xc1, 0x01, 0x49, 0x39, 0xfa, 0x75, 0xa4,
  0x4c, 0x89, 0x44, 0x24, 0x08, 0xe9, 0x64, 0xfe, 0xff, 0xff, 0x4c, 0x8b,
  0x7c, 0x24, 0x18, 0x4c, 0x89, 0xff, 0xe8, 0x7d, 0x01, 0xff, 0xff, 0x31,
  0xc0, 0x48, 0x83, 0xc4, 0x38, 0x5b, 0x5d, 0x41, 0x5c, 0x41, 0x5d, 0x41,
  0x5e, 0x41, 0x5f, 0xc3, 0x83, 0xc8, 0xff, 0xeb, 0xec, 0x0f, 0x1f, 0x80,
  0x00, 0x00, 0x00, 0x00, 0x41, 0x56, 0x41, 0x55, 0x41, 0x54, 0x55, 0x53,
  0x48, 0x83, 0xec, 0x10, 0x48, 0x85, 0xff, 0x0f, 0x84, 0x7b, 0x02, 0x00,
  0x00, 0x48, 0x89, 0xfb, 0xbf, 0x70, 0x02, 0x00, 0x00, 0xe8, 0xfe, 0x01,
  0xff, 0xff, 0x49, 0x89, 0xc4, 0x48, 0x85, 0xc0, 0x0f, 0x84, 0x62, 0x02,
  0x00, 0x00, 0x4c, 0x8d, 0x68, 0x18, 0x48, 0x89, 0x18, 0x66, 0x0f, 0xef,
  0xc0, 0x48, 0x8d, 0x80, 0x70, 0x02, 0x00, 0x00, 0x48, 0xc7, 0x80, 0x98,
  0xfd, 0xff, 0xff, 0x00, 0x00, 0x00, 0x00, 0x4c, 0x89, 0xea, 0x48, 0xc7,
  0x80, 0xa0, 0xfd, 0xff, 0xff, 0x00, 0x00, 0x00, 0x00, 0x0f, 0x1f, 0x80,
  0x00, 0x00, 0x00, 0x00, 0x48, 0xc7, 0x02, 0x00, 0x00, 0x00, 0x00, 0x48,
  0x83, 0xc2, 0x18, 0x0f, 0x11, 0x42, 0xf0, 0x48, 0x39, 0xd0, 0x75, 0xec,
  0x48, 0x83, 0xfb, 0x01, 0x0f, 0x84, 0x15, 0x02, 0x00, 0x00, 0x48, 0x89,
  0xd8, 0x4c, 0x89, 0xea, 0x83, 0xe0, 0x03, 0x74, 0x15, 0xe9, 0xa7, 0x02,
  0x00, 0x00, 0x66, 0x90, 0x48, 0x83, 0xc2, 0x18, 0x48, 0x83, 0xf8, 0x19,
  0x0f, 0x84, 0xea, 0x01, 0x00, 0x00, 0x48, 0x89, 0xd9, 0x48, 0xc1, 0xeb,
  0x02, 0x48, 0x89, 0xc7, 0x48, 0xc7, 0x02, 0x04, 0x00, 0x00, 0x00, 0x48,
  0x83, 0xc0, 0x01, 0xf6, 0xc3, 0x03, 0x74, 0xd8, 0xf6, 0xc3, 0x01, 0x0f,
  0x85, 0xe2, 0x01, 0x00, 0x00, 0x48, 0xc1, 0xe9, 0x03, 0x48, 0x89, 0xcb,
  0x48, 0x83, 0xf8, 0x19, 0x0f, 0x84, 0xb6, 0x01, 0x00, 0x00, 0x48, 0x83,
  0xc7, 0x02, 0x48, 0x8d, 0x04, 0x40, 0x49, 0x8d, 0x04, 0xc4, 0x48, 0xc7,
  0x40, 0x18, 0x02, 0x00, 0x00, 0x00, 0x49, 0x8b, 0x54, 0x24, 0x18, 0x49,
  0xc7, 0x44, 0x24, 0x18, 0x02, 0x00, 0x00, 0x00, 0x48, 0x89, 0x50, 0x18,
  0x48, 0x85, 0xdb, 0x0f, 0x88, 0xbd, 0x01, 0x00, 0x00, 0x66, 0x0f, 0xef,
  0xc0, 0xf2, 0x48, 0x0f, 0x2a, 0xc3, 0x66, 0x0f, 0xef, 0xd2, 0x66, 0x0f,
  0x2e, 0xd0, 0x0f, 0x87, 0x5c, 0x02, 0x00, 0x00, 0xf2, 0x0f, 0x51, 0xc0,
  0xf2, 0x0f, 0x10, 0x0d, 0x5c, 0x35, 0x00, 0x00, 0x66, 0x0f, 0x2f, 0xc1,
  0x0f, 0x83, 0x7d, 0x01, 0x00, 0x00, 0xf2, 0x48, 0x0f, 0x2c, 0xc8, 0x48,
  0x83, 0xc1, 0x01, 0x48, 0x83, 0xf9, 0x03, 0x0f, 0x86, 0xd0, 0x01, 0x00,
  0x00, 0x48, 0x83, 0xfb, 0x01, 0x0f, 0x86, 0xba, 0x00, 0x00, 0x00, 0x49,
  0xbe, 0x00, 0x00, 0x00, 0x00, 0x00, 0x00, 0x00, 0x80, 0xbd, 0x03, 0x00,
  0x00, 0x00, 0xeb, 0x1b, 0x0f, 0x1f, 0x40, 0x00, 0x48, 0x83, 0xc5, 0x02,
  0x48, 0x83, 0xfb, 0x01, 0x0f, 0x86, 0x97, 0x00, 0x00, 0x00, 0x48, 0x39,
  0xcd, 0x0f, 0x83, 0x9a, 0x01, 0x00, 0x00, 0x48, 0x89, 0xd8, 0x31, 0xd2,
  0x48, 0xf7, 0xf5, 0x48, 0x85, 0xd2, 0x75, 0xdc, 0x48, 0x83, 0xff, 0x18,
  0x0f, 0x87, 0xfa, 0x00, 0x00, 0x00, 0x48, 0x8d, 0x4f, 0x01, 0x48, 0x8d,
  0x04, 0x49, 0x49, 0x8d, 0x34, 0xc4, 0xeb, 0x16, 0x0f, 0x1f, 0x40, 0x00,
  0x48, 0x83, 0xc6, 0x18, 0x48, 0x83, 0xf9, 0x19, 0x0f, 0x84, 0xda, 0x00,
  0x00, 0x00, 0x48, 0x83, 0xc1, 0x01, 0x48, 0x89, 0xd8, 0x31, 0xd2, 0x48,
  0x89, 0x2e, 0x48, 0x89, 0xcf, 0x48, 0xf7, 0xf5, 0x31, 0xd2, 0x48, 0x89,
  0xc3, 0x48, 0xf7, 0xf5, 0x48, 0x85, 0xd2, 0x74, 0xd3, 0x48, 0x85, 0xdb,
  0x0f, 0x88, 0x1a, 0x01, 0x00, 0x00, 0x66, 0x0f, 0xef, 0xc0, 0xf2, 0x48,
  0x0f, 0x2a, 0xc3, 0x66, 0x0f, 0x2e, 0xd0, 0x0f, 0x87, 0x67, 0x01, 0x00,
  0x00, 0xf2, 0x0f, 0x51, 0xc0, 0x66, 0x0f, 0x2f, 0xc1, 0x0f, 0x83, 0xe8,
  0x00, 0x00, 0x00, 0xf2, 0x48, 0x0f, 0x2c, 0xc8, 0x48, 0x83, 0xc1, 0x01,
  0xe9, 0x5b, 0xff, 0xff, 0xff, 0x49, 0x89, 0x7c, 0x24, 0x08, 0x48, 0x85,
  0xff, 0x74, 0x51, 0x4d, 0x8b, 0x14, 0x24, 0x31, 0xc9, 0x41, 0xb8, 0x01,
  0x00, 0x00, 0x00, 0x45, 0x31, 0xc9, 0x66, 0x90, 0x49, 0x8b, 0x75, 0x00,
  0x31, 0xd2, 0x4c, 0x89, 0xd0, 0x4c, 0x0f, 0xaf, 0xc6, 0x49, 0xf7, 0xf0,
  0x48, 0x8d, 0x56, 0xff, 0x48, 0x83, 0xe8, 0x01, 0x48, 0x0f, 0xaf, 0xc2,
  0x48, 0x01, 0xc1, 0x48, 0x83, 0xfe, 0x05, 0x48, 0x8d, 0x04, 0x71, 0x48,
  0x0f, 0x47, 0xc8, 0x49, 0x83, 0xc1, 0x01, 0x49, 0x83, 0xc5, 0x18, 0x4c,
  0x39, 0xcf, 0x75, 0xc8, 0x48, 0x8d, 0x3c, 0xcd, 0x00, 0x00, 0x00, 0x00,
  0xe8, 0xbb, 0xff, 0xfe, 0xff, 0x4c, 0x89, 0xe7, 0x49, 0x89, 0x44, 0x24,
  0x10, 0x48, 0x85, 0xc0, 0x74, 0x19, 0xe8, 0x39, 0xfb, 0xff, 0xff, 0x85,
  0xc0, 0x74, 0x18, 0x49, 0x8b, 0x7c, 0x24, 0x10, 0xe8, 0xdb, 0xfe, 0xfe,
  0xff, 0x0f, 0x1f, 0x00, 0x4c, 0x89, 0xe7, 0xe8, 0xd0, 0xfe, 0xfe, 0xff,
  0x45, 0x31, 0xe4, 0x48, 0x83, 0xc4, 0x10, 0x4c, 0x89, 0xe0, 0x5b, 0x5d,
  0x41, 0x5c, 0x41, 0x5d, 0x41, 0x5e, 0xc3, 0x48, 0x89, 0xc7, 0xe9, 0x4d,
  0xfe, 0xff, 0xff, 0xf2, 0x0f, 0x5c, 0xc1, 0xf2, 0x48, 0x0f, 0x2c, 0xc8,
  0x48, 0x0f, 0xba, 0xf9, 0x3f, 0xe9, 0x75, 0xfe, 0xff, 0xff, 0x48, 0x89,
  0xd8, 0x48, 0x89, 0xda, 0x66, 0x0f, 0xef, 0xc0, 0x48, 0xd1, 0xe8, 0x83,
  0xe2, 0x01, 0x48, 0x09, 0xd0, 0xf2, 0x48, 0x0f, 0x2a, 0xc0, 0xf2, 0x0f,
  0x58, 0xc0, 0xe9, 0x2b, 0xfe, 0xff, 0xff, 0xf2, 0x0f, 0x5c, 0xc1, 0xf2,
  0x48, 0x0f, 0x2c, 0xc8, 0x4c, 0x31, 0xf1, 0xe9, 0x0c, 0xff, 0xff, 0xff,
  0x48, 0x89, 0xd8, 0x48, 0x89, 0xda, 0x66, 0x0f, 0xef, 0xc0, 0x48, 0xd1,
  0xe8, 0x83, 0xe2, 0x01, 0x48, 0x09, 0xd0, 0xf2, 0x48, 0x0f, 0x2a, 0xc0,
  0xf2, 0x0f, 0x58, 0xc0, 0xe9, 0xce, 0xfe, 0xff, 0xff, 0x48, 0x83, 0xfb,
  0x01, 0x0f, 0x86, 0xea, 0xfe, 0xff, 0xff, 0x48, 0x8d, 0x47, 0x01, 0x48,
  0x8d, 0x14, 0x7f, 0x49, 0x89, 0x5c, 0xd4, 0x18, 0x48, 0x89, 0xc7, 0x49,
  0x89, 0x44, 0x24, 0x08, 0xe9, 0xda, 0xfe, 0xff, 0xff, 0x48, 0x89, 0xd8,
  0x31, 0xff, 0x83, 0xe0, 0x01, 0x0f, 0x85, 0xb5, 0xfd, 0xff, 0xff, 0x48,
  0xd1, 0xeb, 0xbf, 0x01, 0x00, 0x00, 0x00, 0xe9, 0x86, 0xfd, 0xff, 0xff,
  0x48, 0x89, 0x7c, 0x24, 0x08, 0xe8, 0x06, 0xff, 0xfe, 0xff, 0x48, 0x8b,
  0x05, 0x1f, 0x33, 0x00, 0x00, 0x48, 0x8b, 0x7c, 0x24, 0x08, 0x66, 0x0f,
  0xef, 0xd2, 0x66, 0x48, 0x0f, 0x6e, 0xc8, 0xe9, 0x79, 0xfe, 0xff, 0xff,
  0x48, 0x89, 0x7c, 0x24, 0x08, 0xe8, 0xe2, 0xfe, 0xfe, 0xff, 0x48, 0x8b,
  0x7c, 0x24, 0x08, 0x66, 0x0f, 0xef, 0xd2, 0xe9, 0x90, 0xfd, 0xff, 0xff,
  0x0f, 0x1f, 0x40, 0x00, 0x41, 0x55, 0x48, 0x8d, 0x57, 0x18, 0x41, 0x54,
  0x55, 0x53, 0x48, 0x83, 0xec, 0x18, 0x48, 0x8b, 0x1f, 0x48, 0x89, 0xd8,
  0x83, 0xe0, 0x03, 0x74, 0x15, 0xe9, 0x23, 0x02, 0x00, 0x00, 0x66, 0x90,
  0x48, 0x83, 0xc2, 0x18, 0x48, 0x83, 0xf8, 0x19, 0x0f, 0x84, 0x62, 0x01,
  0x00, 0x00, 0x48, 0x89, 0xde, 0x48, 0xc1, 0xeb, 0x02, 0x48, 0x89, 0xc1,
  0x48, 0xc7, 0x02, 0x04, 0x00, 0x00, 0x00, 0x48, 0x83, 0xc0, 0x01, 0xf6,
  0xc3, 0x03, 0x74, 0xd8, 0xf6, 0xc3, 0x01, 0x0f, 0x85, 0x9f, 0x01, 0x00,
  0x00, 0x48, 0xc1, 0xee, 0x03, 0x48, 0x89, 0xf3, 0x48, 0x83, 0xf8, 0x19,
  0x0f, 0x84, 0x2e, 0x01, 0x00, 0x00, 0x4c, 0x8d, 0x61, 0x02, 0x48, 0x8d,
  0x04, 0x40, 0x48, 0x8d, 0x04, 0xc7, 0x48, 0xc7, 0x40, 0x18, 0x02, 0x00,
  0x00, 0x00, 0x48, 0x8b, 0x57, 0x18, 0x48, 0xc7, 0x47, 0x18, 0x02, 0x00,
  0x00, 0x00, 0x48, 0x89, 0x50, 0x18, 0x48, 0x85, 0xdb, 0x0f, 0x88, 0x29,
  0x01, 0x00, 0x00, 0x66, 0x0f, 0xef, 0xc0, 0xf2, 0x48, 0x0f, 0x2a, 0xc3,
  0x66, 0x0f, 0xef, 0xd2, 0x66, 0x0f, 0x2e, 0xd0, 0x0f, 0x87, 0xb8, 0x01,
  0x00, 0x00, 0xf2, 0x0f, 0x51, 0xc0, 0xf2, 0x0f, 0x10, 0x0d, 0x3e, 0x32,
  0x00, 0x00, 0x66, 0x0f, 0x2f, 0xc1, 0x0f, 0x83, 0xe4, 0x00, 0x00, 0x00,
  0xf2, 0x48, 0x0f, 0x2c, 0xc8, 0x48, 0x83, 0xc1, 0x01, 0x48, 0x83, 0xf9,
  0x03, 0x0f, 0x86, 0x29, 0x01, 0x00, 0x00, 0x48, 0x83, 0xfb, 0x01, 0x0f,
  0x86, 0x32, 0x01, 0x00, 0x00, 0x49, 0xbd, 0x00, 0x00, 0x00, 0x00, 0x00,
  0x00, 0x00, 0x80, 0xbd, 0x03, 0x00, 0x00, 0x00, 0xeb, 0x1d, 0x66, 0x0f,
  0x1f, 0x44, 0x00, 0x00, 0x48, 0x83, 0xc5, 0x02, 0x48, 0x83, 0xfb, 0x01,
  0x0f, 0x86, 0x0d, 0x01, 0x00, 0x00, 0x48, 0x39, 0xcd, 0x0f, 0x83, 0xf1,
  0x00, 0x00, 0x00, 0x48, 0x89, 0xd8, 0x31, 0xd2, 0x48, 0xf7, 0xf5, 0x48,
  0x85, 0xd2, 0x75, 0xdc, 0x49, 0x83, 0xfc, 0x18, 0x77, 0x76, 0x49, 0x8d,
  0x4c, 0x24, 0x01, 0x48, 0x8d, 0x04, 0x49, 0x48, 0x8d, 0x34, 0xc7, 0xeb,
  0x15, 0x0f, 0x1f, 0x80, 0x00, 0x00, 0x00, 0x00, 0x48, 0x83, 0xc6, 0x18,
  0x48, 0x83, 0xf9, 0x19, 0x74, 0x56, 0x48, 0x83, 0xc1, 0x01, 0x48, 0x89,
  0xd8, 0x31, 0xd2, 0x48, 0x89, 0x2e, 0x49, 0x89, 0xcc, 0x48, 0xf7, 0xf5,
  0x31, 0xd2, 0x48, 0x89, 0xc3, 0x48, 0xf7, 0xf5, 0x48, 0x85, 0xd2, 0x74,
  0xd7, 0x48, 0x85, 0xdb, 0x0f, 0x88, 0xbe, 0x00, 0x00, 0x00, 0x66, 0x0f,
  0xef, 0xc0, 0xf2, 0x48, 0x0f, 0x2a, 0xc3, 0x66, 0x0f, 0x2e, 0xd0, 0x0f,
  0x87, 0x01, 0x01, 0x00, 0x00, 0xf2, 0x0f, 0x51, 0xc0, 0x66, 0x0f, 0x2f,
  0xc1, 0x73, 0x61, 0xf2, 0x48, 0x0f, 0x2c, 0xc8, 0x48, 0x83, 0xc1, 0x01,
  0xe9, 0x63, 0xff, 0xff, 0xff, 0x0f, 0x1f, 0x00, 0x48, 0x83, 0xc4, 0x18,
  0xb8, 0xff, 0xff, 0xff, 0xff, 0x5b, 0x5d, 0x41, 0x5c, 0x41, 0x5d, 0xc3,
  0xf2, 0x0f, 0x5c, 0xc1, 0xf2, 0x48, 0x0f, 0x2c, 0xc8, 0x48, 0x0f, 0xba,
  0xf9, 0x3f, 0xe9, 0x0e, 0xff, 0xff, 0xff, 0x0f, 0x1f, 0x44, 0x00, 0x00,
  0x48, 0x89, 0xd8, 0x48, 0x89, 0xda, 0x66, 0x0f, 0xef, 0xc0, 0x48, 0xd1,
  0xe8, 0x83, 0xe2, 0x01, 0x48, 0x09, 0xd0, 0xf2, 0x48, 0x0f, 0x2a, 0xc0,
  0xf2, 0x0f, 0x58, 0xc0, 0xe9, 0xbf, 0xfe, 0xff, 0xff, 0x0f, 0x1f, 0x80,
  0x00, 0x00, 0x00, 0x00, 0xf2, 0x0f, 0x5c, 0xc1, 0xf2, 0x48, 0x0f, 0x2c,
  0xc8, 0x4c, 0x31, 0xe9, 0xeb, 0x96, 0x66, 0x90, 0x49, 0x89, 0xc4, 0xe9,
  0x8e, 0xfe, 0xff, 0xff, 0x48, 0x83, 0xfb, 0x01, 0x76, 0x0d, 0x4b, 0x8d,
  0x04, 0x64, 0x49, 0x83, 0xc4, 0x01, 0x48, 0x89, 0x5c, 0xc7, 0x18, 0x4c,
  0x89, 0x67, 0x08, 0x48, 0x83, 0xc4, 0x18, 0x31, 0xc0, 0x5b, 0x5d, 0x41,
  0x5c, 0x41, 0x5d, 0xc3, 0x0f, 0x1f, 0x40, 0x00, 0x48, 0x89, 0xd8, 0x48,
  0x89, 0xda, 0x66, 0x0f, 0xef, 0xc0, 0x48, 0xd1, 0xe8, 0x83, 0xe2, 0x01,
  0x48, 0x09, 0xd0, 0xf2, 0x48, 0x0f, 0x2a, 0xc0, 0xf2, 0x0f, 0x58, 0xc0,
  0xe9, 0x2a, 0xff, 0xff, 0xff, 0x48, 0x89, 0xd8, 0x45, 0x31, 0xe4, 0x83,
  0xe0, 0x01, 0x0f, 0x85, 0x36, 0xfe, 0xff, 0xff, 0x48, 0xd1, 0xeb, 0x41,
  0xbc, 0x01, 0x00, 0x00, 0x00, 0xe9, 0x08, 0xfe, 0xff, 0xff, 0x48, 0x89,
  0x7c, 0x24, 0x08, 0xe8, 0x68, 0xfc, 0xfe, 0xff, 0x48, 0x8b, 0x7c, 0x24,
  0x08, 0x66, 0x0f, 0xef, 0xd2, 0xe9, 0x34, 0xfe, 0xff, 0xff, 0x48, 0x89,
  0x7c, 0x24, 0x08, 0xe8, 0x50, 0xfc, 0xfe, 0xff, 0x48, 0x8b, 0x05, 0x69,
  0x30, 0x00, 0x00, 0x48, 0x8b, 0x7c, 0x24, 0x08, 0x66, 0x0f, 0xef, 0xd2,
  0x66, 0x48, 0x0f, 0x6e, 0xc8, 0xe9, 0xdf, 0xfe, 0xff, 0xff, 0x66, 0x0f,
  0x1f, 0x44, 0x00, 0x00, 0x41, 0x54, 0x53, 0x48, 0x83, 0xec, 0x08, 0x48,
  0x85, 0xff, 0x0f, 0x84, 0xae, 0x00, 0x00, 0x00, 0x48, 0x89, 0xfb, 0xbf,
  0x70, 0x02, 0x00, 0x00, 0xe8, 0xd3, 0xfb, 0xfe, 0xff, 0x49, 0x89, 0xc4,
  0x48, 0x85, 0xc0, 0x0f, 0x84, 0x95, 0x00, 0x00, 0x00, 0x48, 0x89, 0x18,
  0x66, 0x0f, 0xef, 0xc0, 0x48, 0x8d, 0x40, 0x18, 0x49, 0x8d, 0x94, 0x24,
  0x70, 0x02, 0x00, 0x00, 0x48, 0xc7, 0x40, 0xf0, 0x00, 0x00, 0x00, 0x00,
  0x0f, 0x1f, 0x40, 0x00, 0x48, 0xc7, 0x00, 0x00, 0x00, 0x00, 0x00, 0x48,
  0x83, 0xc0, 0x18, 0x0f, 0x11, 0x40, 0xf0, 0x48, 0x39, 0xd0, 0x75, 0xec,
  0x49, 0xc7, 0x44, 0x24, 0x10, 0x00, 0x00, 0x00, 0x00, 0x48, 0x83, 0xfb,
  0x01, 0x74, 0x36, 0x4c, 0x89, 0xe7, 0xe8, 0xed, 0xfc, 0xff, 0xff, 0x4c,
  0x89, 0xe7, 0x85, 0xc0, 0x75, 0x3f, 0xe8, 0xa1, 0x60, 0xff, 0xff, 0x48,
  0xc1, 0xe0, 0x04, 0x48, 0x89, 0xc7, 0xe8, 0x65, 0xfb, 0xfe, 0xff, 0x4c,
  0x89, 0xe7, 0x49, 0x89, 0x44, 0x24, 0x10, 0x48, 0x85, 0xc0, 0x74, 0x21,
  0xe8, 0xe3, 0xf4, 0xff, 0xff, 0x85, 0xc0, 0x75, 0x0b, 0x48, 0x83, 0xc4,
  0x08, 0x4c, 0x89, 0xe0, 0x5b, 0x41, 0x5c, 0xc3, 0x49, 0x8b, 0x7c, 0x24,
  0x10, 0xe8, 0x7a, 0xfa, 0xfe, 0xff, 0x4c, 0x89, 0xe7, 0xe8, 0x72, 0xfa,
  0xfe, 0xff, 0x45, 0x31, 0xe4, 0x48, 0x83, 0xc4, 0x08, 0x4c, 0x89, 0xe0,
  0x5b, 0x41, 0x5c, 0xc3, 0x0f, 0x1f, 0x40, 0x00, 0x41, 0x56, 0x41, 0x55,
  0x41, 0x54, 0x55, 0x48, 0x89, 0xfd, 0xbf, 0x30, 0x00, 0x00, 0x00, 0x48,
  0x83, 0xec, 0x08, 0xe8, 0x08, 0xfb, 0xfe, 0xff, 0x49, 0x89, 0xc4, 0x48,
  0x85, 0xc0, 0x0f, 0x84, 0x57, 0x02, 0x00, 0x00, 0x48, 0x89, 0x28, 0x4c,
  0x8d, 0x6c, 0x2d, 0x00, 0x49, 0x8d, 0x7d, 0xff, 0xe8, 0x3b, 0x01, 0xff,
  0xff, 0x49, 0x89, 0x44, 0x24, 0x08, 0x48, 0x8d, 0x3c, 0x28, 0x48, 0xc1,
  0xe7, 0x04, 0xe8, 0xd9, 0xfa, 0xfe, 0xff, 0x49, 0x89, 0x44, 0x24, 0x18,
  0x49, 0x89, 0xc6, 0x48, 0x85, 0xc0, 0x0f, 0x84, 0x68, 0x02, 0x00, 0x00,
  0x49, 0x89, 0x44, 0x24, 0x20, 0x48, 0x89, 0xe8, 0x48, 0x89, 0xef, 0x48,
  0xc1, 0xe0, 0x04, 0x48, 0xc1, 0xe7, 0x05, 0x4c, 0x01, 0xf0, 0x49, 0x89,
  0x44, 0x24, 0x28, 0xe8, 0xa8, 0xfa, 0xfe, 0xff, 0x48, 0x89, 0xc5, 0x48,
  0x85, 0xc0, 0x0f, 0x84, 0x56, 0x02, 0x00, 0x00, 0x48, 0x89, 0xc6, 0x4c,
  0x89, 0xef, 0xe8, 0xf1, 0xf3, 0xff, 0xff, 0x49, 0x8b, 0x44, 0x24, 0x20,
  0xf2, 0x0f, 0x10, 0x15, 0xd4, 0x2e, 0x00, 0x00, 0xf2, 0x0f, 0x11, 0x10,
  0x49, 0x8b, 0x44, 0x24, 0x20, 0x48, 0xc7, 0x40, 0x08, 0x00, 0x00, 0x00,
  0x00, 0x49, 0x8b, 0x14, 0x24, 0x48, 0x83, 0xfa, 0x01, 0x76, 0x6a, 0xb9,
  0x10, 0x00, 0x00, 0x00, 0xbf, 0x01, 0x00, 0x00, 0x00, 0xbe, 0x01, 0x00,
  0x00, 0x00, 0x31, 0xc0, 0x0f, 0x1f, 0x84, 0x00, 0x00, 0x00, 0x00, 0x00,
  0x48, 0x01, 0xf8, 0x48, 0x01, 0xd2, 0x49, 0x89, 0xc0, 0x49, 0x29, 0xd0,
  0x48, 0x39, 0xc2, 0x49, 0x0f, 0x46, 0xc0, 0x4d, 0x8b, 0x44, 0x24, 0x20,
  0x48, 0x83, 0xc6, 0x01, 0x48, 0x83, 0xc7, 0x02, 0x48, 0x89, 0xc2, 0x48,
  0xc1, 0xe2, 0x04, 0xf2, 0x0f, 0x10, 0x44, 0x15, 0x00, 0xf2, 0x41, 0x0f,
  0x11, 0x04, 0x08, 0xf2, 0x0f, 0x10, 0x44, 0x15, 0x08, 0x49, 0x8b, 0x54,
  0x24, 0x20, 0xf2, 0x0f, 0x11, 0x44, 0x0a, 0x08, 0x49, 0x8b, 0x14, 0x24,
  0x48, 0x83, 0xc1, 0x10, 0x48, 0x39, 0xf2, 0x77, 0xaf, 0x49, 0x8b, 0x44,
  0x24, 0x08, 0x48, 0x85, 0xc0, 0x0f, 0x88, 0x61, 0x01, 0x00, 0x00, 0x66,
  0x0f, 0xef, 0xc0, 0xf2, 0x48, 0x0f, 0x2a, 0xc0, 0x66, 0x0f, 0x28, 0xca,
  0x49, 0x8b, 0x54, 0x24, 0x20, 0x49, 0x8b, 0x44, 0x24, 0x28, 0xb9, 0x02,
  0x00, 0x00, 0x00, 0xf2, 0x0f, 0x5e, 0xc8, 0xf2, 0x0f, 0x10, 0x02, 0xf2,
  0x0f, 0x59, 0xc1, 0xf2, 0x0f, 0x11, 0x00, 0x49, 0x8b, 0x54, 0x24, 0x20,
  0x49, 0x8b, 0x44, 0x24, 0x28, 0xf2, 0x0f, 0x10, 0x42, 0x08, 0xba, 0x10,
  0x00, 0x00, 0x00, 0xf2, 0x0f, 0x59, 0xc1, 0xf2, 0x0f, 0x11, 0x40, 0x08,
  0x49, 0x8b, 0x34, 0x24, 0x48, 0x8d, 0x04, 0x36, 0x48, 0x83, 0xf8, 0x02,
  0x76, 0x7d, 0x66, 0x2e, 0x0f, 0x1f, 0x84, 0x00, 0x00, 0x00, 0x00, 0x00,
  0x49, 0x8b, 0x44, 0x24, 0x20, 0x49, 0x8b, 0x74, 0x24, 0x28, 0xf2, 0x0f,
  0x10, 0x04, 0x10, 0x49, 0x8b, 0x44, 0x24, 0x08, 0xf2, 0x0f, 0x59, 0xc1,
  0x48, 0x01, 0xc0, 0x48, 0x29, 0xc8, 0xf2, 0x0f, 0x11, 0x04, 0xc6, 0x49,
  0x8b, 0x44, 0x24, 0x28, 0xf2, 0x0f, 0x11, 0x04, 0x10, 0x49, 0x8b, 0x44,
  0x24, 0x20, 0x49, 0x8b, 0x74, 0x24, 0x28, 0xf2, 0x0f, 0x10, 0x44, 0x10,
  0x08, 0x49, 0x8b, 0x44, 0x24, 0x08, 0xf2, 0x0f, 0x59, 0xc1, 0x48, 0x8d,
  0x44, 0x00, 0x01, 0x48, 0x29, 0xc8, 0x48, 0x83, 0xc1, 0x02, 0xf2, 0x0f,
  0x11, 0x04, 0xc6, 0x49, 0x8b, 0x44, 0x24, 0x28, 0xf2, 0x0f, 0x11, 0x44,
  0x10, 0x08, 0x49, 0x8b, 0x34, 0x24, 0x48, 0x83, 0xc2, 0x10, 0x48, 0x8d,
  0x04, 0x36, 0x48, 0x39, 0xc8, 0x77, 0x8d, 0x49, 0x8b, 0x7c, 0x24, 0x08,
  0x48, 0x89, 0xfa, 0x48, 0x29, 0xf2, 0x48, 0x8d, 0x54, 0x12, 0x01, 0x48,
  0x39, 0xc2, 0x72, 0x2f, 0x0f, 0x1f, 0x84, 0x00, 0x00, 0x00, 0x00, 0x00,
  0x49, 0x8b, 0x54, 0x24, 0x28, 0x48, 0xc7, 0x04, 0xc2, 0x00, 0x00, 0x00,
  0x00, 0x49, 0x8b, 0x7c, 0x24, 0x08, 0x48, 0x83, 0xc0, 0x01, 0x48, 0x89,
  0xfa, 0x49, 0x2b, 0x14, 0x24, 0x48, 0x8d, 0x54, 0x12, 0x01, 0x48, 0x39,
  0xc2, 0x73, 0xd9, 0xe8, 0xe4, 0xfc, 0xff, 0xff, 0x48, 0x85, 0xc0, 0x49,
  0x89, 0x44, 0x24, 0x10, 0x48, 0x89, 0xc7, 0x48, 0x8b, 0x05, 0x12, 0x2d,
  0x00, 0x00, 0x74, 0x4e, 0x49, 0x8b, 0x74, 0x24, 0x28, 0x66, 0x48, 0x0f,
  0x6e, 0xc0, 0xe8, 0x91, 0xe2, 0xff, 0xff, 0x48, 0x89, 0xef, 0x85, 0xc0,
  0x75, 0x3b, 0xe8, 0xe5, 0xf7, 0xfe, 0xff, 0x48, 0x83, 0xc4, 0x08, 0x4c,
  0x89, 0xe0, 0x5d, 0x41, 0x5c, 0x41, 0x5d, 0x41, 0x5e, 0xc3, 0x66, 0x0f,
  0x1f, 0x44, 0x00, 0x00, 0x48, 0x89, 0xc2, 0x83, 0xe0, 0x01, 0x66, 0x0f,
  0xef, 0xc0, 0x48, 0xd1, 0xea, 0x48, 0x09, 0xc2, 0xf2, 0x48, 0x0f, 0x2a,
  0xc2, 0xf2, 0x0f, 0x58, 0xc0, 0xe9, 0x8a, 0xfe, 0xff, 0xff, 0x48, 0x89,
  0xef, 0xe8, 0xaa, 0xf7, 0xfe, 0xff, 0x49, 0x8b, 0x7c, 0x24, 0x18, 0xe8,
  0xa0, 0xf7, 0xfe, 0xff, 0x4c, 0x89, 0xe7, 0x45, 0x31, 0xe4, 0xe8, 0x95,
  0xf7, 0xfe, 0xff, 0x48, 0x83, 0xc4, 0x08, 0x4c, 0x89, 0xe0, 0x5d, 0x41,
  0x5c, 0x41, 0x5d, 0x41, 0x5e, 0xc3, 0x4c, 0x89, 0xf7, 0xe8, 0x7e, 0xf7,
  0xfe, 0xff, 0x4c, 0x89, 0xe7, 0x45, 0x31, 0xe4, 0xe8, 0x73, 0xf7, 0xfe,
  0xff, 0xeb, 0x8c, 0x90, 0x41, 0x54, 0x55, 0x48, 0x83, 0xec, 0x18, 0x48,
  0x85, 0xff, 0x0f, 0x84, 0xf0, 0x00, 0x00, 0x00, 0x48, 0x89, 0xfd, 0xbf,
  0x10, 0x00, 0x00, 0x00, 0xe8, 0x13, 0xf8, 0xfe, 0xff, 0x49, 0x89, 0xc4,
  0x48, 0x85, 0xc0, 0x0f, 0x84, 0xd7, 0x00, 0x00, 0x00, 0x66, 0x0f, 0xef,
  0xc0, 0x0f, 0x11, 0x00, 0x48, 0x83, 0xfd, 0x31, 0x76, 0x44, 0x48, 0x89,
  0xef, 0xe8, 0xf2, 0xe1, 0xff, 0xff, 0x48, 0x85, 0xc0, 0x0f, 0x88, 0xf1,
  0x00, 0x00, 0x00, 0x66, 0x0f, 0xef, 0xc9, 0xf2, 0x48, 0x0f, 0x2a, 0xc8,
  0x48, 0x85, 0xed, 0x0f, 0x88, 0xb7, 0x00, 0x00, 0x00, 0x66, 0x0f, 0xef,
  0xc0, 0xf2, 0x48, 0x0f, 0x2a, 0xc5, 0x66, 0x0f, 0xef, 0xd2, 0x66, 0x0f,
  0x2e, 0xd0, 0x0f, 0x87, 0x07, 0x01, 0x00, 0x00, 0xf2, 0x0f, 0x51, 0xc0,
  0x66, 0x0f, 0x2f, 0xc1, 0x72, 0x26, 0x48, 0x89, 0xef, 0xe8, 0x8e, 0xf5,
  0xff, 0xff, 0x49, 0x89, 0x04, 0x24, 0x48, 0x85, 0xc0, 0x74, 0x6d, 0x48,
  0x83, 0xc4, 0x18, 0x4c, 0x89, 0xe0, 0x5d, 0x41, 0x5c, 0xc3, 0x66, 0x2e,
  0x0f, 0x1f, 0x84, 0x00, 0x00, 0x00, 0x00, 0x00, 0x48, 0x89, 0xef, 0xe8,
  0x38, 0xe3, 0xff, 0xff, 0x48, 0x8d, 0x7c, 0x2d, 0xff, 0xf2, 0x0f, 0x11,
  0x44, 0x24, 0x08, 0xe8, 0xc8, 0xfd, 0xfe, 0xff, 0x48, 0x89, 0xc7, 0xe8,
  0x20, 0xe3, 0xff, 0xff, 0xf2, 0x0f, 0x10, 0x4c, 0x24, 0x08, 0x48, 0x89,
  0xef, 0xf2, 0x0f, 0x59, 0x0d, 0x47, 0x2c, 0x00, 0x00, 0xf2, 0x0f, 0x58,
  0xc0, 0xf2, 0x0f, 0x59, 0x05, 0x43, 0x2c, 0x00, 0x00, 0x66, 0x0f, 0x2f,
  0xc8, 0x76, 0x7d, 0xe8, 0x28, 0xfc, 0xff, 0xff, 0x49, 0x89, 0x44, 0x24,
  0x08, 0x48, 0x85, 0xc0, 0x75, 0x99, 0x66, 0x0f, 0x1f, 0x44, 0x00, 0x00,
  0x4c, 0x89, 0xe7, 0xe8, 0x70, 0xf6, 0xfe, 0xff, 0x45, 0x31, 0xe4, 0x48,
  0x83, 0xc4, 0x18, 0x4c, 0x89, 0xe0, 0x5d, 0x41, 0x5c, 0xc3, 0x66, 0x90,
  0x48, 0x89, 0xe8, 0x48, 0x89, 0xea, 0x66, 0x0f, 0xef, 0xc0, 0x48, 0xd1,
  0xe8, 0x83, 0xe2, 0x01, 0x48, 0x09, 0xd0, 0xf2, 0x48, 0x0f, 0x2a, 0xc0,
  0xf2, 0x0f, 0x58, 0xc0, 0xe9, 0x31, 0xff, 0xff, 0xff, 0x0f, 0x1f, 0x80,
  0x00, 0x00, 0x00, 0x00, 0x48, 0x89, 0xc2, 0x83, 0xe0, 0x01, 0x66, 0x0f,
  0xef, 0xc9, 0x48, 0xd1, 0xea, 0x48, 0x09, 0xc2, 0xf2, 0x48, 0x0f, 0x2a,
  0xca, 0xf2, 0x0f, 0x58, 0xc9, 0xe9, 0xfa, 0xfe, 0xff, 0xff, 0x66, 0x2e,
  0x0f, 0x1f, 0x84, 0x00, 0x00, 0x00, 0x00, 0x00, 0xe8, 0xab, 0xf4, 0xff,
  0xff, 0x49, 0x89, 0x04, 0x24, 0x48, 0x85, 0xc0, 0x0f, 0x85, 0x19, 0xff,
  0xff, 0xff, 0xe9, 0x81, 0xff, 0xff, 0xff, 0xf2, 0x0f, 0x11, 0x4c, 0x24,
  0x08, 0xe8, 0xee, 0xf6, 0xfe, 0xff, 0xf2, 0x0f, 0x10, 0x4c, 0x24, 0x08,
  0xe9, 0xe7, 0xfe, 0xff, 0xff, 0x0f, 0x1f, 0x00, 0xf2, 0x0f, 0x10, 0x05,
  0xe8, 0x2a, 0x00, 0x00, 0xba, 0x01, 0x00, 0x00, 0x00, 0xe9, 0xde, 0xdc,
  0xff, 0xff, 0x66, 0x66, 0x2e, 0x0f, 0x1f, 0x84, 0x00, 0x00, 0x00, 0x00,
  0x00, 0x0f, 0x1f, 0x00, 0x41, 0x57, 0x49, 0x89, 0xff, 0x41, 0x56, 0x41,
  0x55, 0x41, 0x54, 0x49, 0x89, 0xf4, 0x55, 0x53, 0x48, 0x83, 0xec, 0x18,
  0x48, 0x8b, 0x57, 0x08, 0x4c, 0x8b, 0x2f, 0x48, 0x8b, 0x5f, 0x20, 0x4c,
  0x8b, 0x77, 0x28, 0xf2, 0x0f, 0x11, 0x04, 0x24, 0x48, 0x89, 0xd7, 0x48,
  0x89, 0x54, 0x24, 0x08, 0x48, 0xc1, 0xe7, 0x04, 0xe8, 0x47, 0xf6, 0xfe,
  0xff, 0x48, 0x85, 0xc0, 0x0f, 0x84, 0xbe, 0x04, 0x00, 0x00, 0x4d, 0x01,
  0xed, 0x48, 0x8b, 0x54, 0x24, 0x08, 0x48, 0x89, 0xc5, 0x0f, 0x84, 0xfc,
  0x00, 0x00, 0x00, 0x48, 0x8d, 0x43, 0x1f, 0x49, 0x8d, 0x4d, 0xff, 0x48,
  0x29, 0xe8, 0x48, 0x83, 0xf8, 0x3e, 0x0f, 0x86, 0x78, 0x03, 0x00, 0x00,
  0x48, 0x83, 0xf9, 0x01, 0x0f, 0x86, 0x6e, 0x03, 0x00, 0x00, 0x48, 0xd1,
  0xe9, 0x31, 0xc0, 0x48, 0x83, 0xc1, 0x01, 0x48, 0x89, 0xce, 0x48, 0xd1,
  0xee, 0x48, 0xc1, 0xe6, 0x05, 0x0f, 0x1f, 0x00, 0x66, 0x41, 0x0f, 0x10,
  0x0c, 0x04, 0x66, 0x0f, 0x10, 0x24, 0x03, 0x66, 0x41, 0x0f, 0x10, 0x54,
  0x04, 0x10, 0x66, 0x41, 0x0f, 0x12, 0x54, 0x04, 0x08, 0x66, 0x0f, 0x10,
  0x44, 0x03, 0x10, 0x66, 0x41, 0x0f, 0x16, 0x4c, 0x04, 0x10, 0x66, 0x0f,
  0x12, 0x44, 0x03, 0x08, 0x66, 0x0f, 0x16, 0x64, 0x03, 0x10, 0x66, 0x0f,
  0x28, 0xd9, 0x66, 0x0f, 0x28, 0xea, 0x66, 0x0f, 0x59, 0xe8, 0x66, 0x0f,
  0x59, 0xdc, 0x66, 0x0f, 0x59, 0xd4, 0x66, 0x0f, 0x59, 0xc8, 0x66, 0x0f,
  0x5c, 0xdd, 0x66, 0x0f, 0x28, 0xc2, 0x66, 0x0f, 0x58, 0xc1, 0x66, 0x0f,
  0x28, 0xcb, 0x66, 0x0f, 0x14, 0xc8, 0x66, 0x0f, 0x15, 0xd8, 0x0f, 0x11,
  0x4c, 0x05, 0x00, 0x0f, 0x11, 0x5c, 0x05, 0x10, 0x48, 0x83, 0xc0, 0x20,
  0x48, 0x39, 0xf0, 0x75, 0x8b, 0x48, 0x89, 0xc8, 0x48, 0x83, 0xe0, 0xfe,
  0x83, 0xe1, 0x01, 0x74, 0x46, 0x48, 0xc1, 0xe0, 0x04, 0x48, 0x8d, 0x0c,
  0x03, 0x48, 0x8d, 0x74, 0x03, 0x08, 0xf2, 0x41, 0x0f, 0x10, 0x04, 0x04,
  0xf2, 0x41, 0x0f, 0x10, 0x4c, 0x04, 0x08, 0xf2, 0x0f, 0x10, 0x11, 0xf2,
  0x0f, 0x10, 0x1e, 0xf2, 0x0f, 0x59, 0xd0, 0xf2, 0x0f, 0x59, 0xd9, 0xf2,
  0x0f, 0x5c, 0xd3, 0xf2, 0x0f, 0x11, 0x54, 0x05, 0x00, 0xf2, 0x0f, 0x59,
  0x06, 0xf2, 0x0f, 0x59, 0x09, 0xf2, 0x0f, 0x58, 0xc1, 0xf2, 0x0f, 0x11,
  0x44, 0x05, 0x08, 0x48, 0x8d, 0x0c, 0x12, 0x49, 0x39, 0xcd, 0x73, 0x20,
  0x48, 0x89, 0xca, 0x4a, 0x8d, 0x7c, 0xed, 0x00, 0x31, 0xf6, 0x48, 0x89,
  0x4c, 0x24, 0x08, 0x4c, 0x29, 0xea, 0x48, 0xc1, 0xe2, 0x03, 0xe8, 0xbd,
  0xf4, 0xfe, 0xff, 0x48, 0x8b, 0x4c, 0x24, 0x08, 0x49, 0x8b, 0x7f, 0x10,
  0xf2, 0x0f, 0x10, 0x04, 0x24, 0x48, 0x89, 0xee, 0x48, 0x89, 0x4c, 0x24,
  0x08, 0xe8, 0xd2, 0xde, 0xff, 0xff, 0x85, 0xc0, 0x0f, 0x85, 0x57, 0x03,
  0x00, 0x00, 0x48, 0x8b, 0x4c, 0x24, 0x08, 0x48, 0x85, 0xc9, 0x0f, 0x84,
  0xfa, 0x00, 0x00, 0x00, 0x48, 0x89, 0xe8, 0x48, 0x8d, 0x71, 0xff, 0x4c,
  0x29, 0xf0, 0x48, 0x83, 0xe8, 0x08, 0x48, 0x83, 0xf8, 0x10, 0x0f, 0x86,
  0x7c, 0x02, 0x00, 0x00, 0x48, 0x83, 0xfe, 0x01, 0x0f, 0x86, 0x72, 0x02,
  0x00, 0x00, 0x48, 0xd1, 0xee, 0x48, 0x89, 0xe8, 0x4c, 0x89, 0xf2, 0x48,
  0x83, 0xc6, 0x01, 0x48, 0x89, 0xf1, 0x48, 0xd1, 0xe9, 0x48, 0xc1, 0xe1,
  0x05, 0x48, 0x01, 0xe9, 0x66, 0x0f, 0x10, 0x08, 0x66, 0x0f, 0x10, 0x22,
  0x48, 0x83, 0xc0, 0x20, 0x48, 0x83, 0xc2, 0x20, 0x66, 0x0f, 0x10, 0x42,
  0xf0, 0x66, 0x0f, 0x10, 0x50, 0xf0, 0x66, 0x0f, 0x12, 0x42, 0xe8, 0x66,
  0x0f, 0x16, 0x48, 0xf0, 0x66, 0x0f, 0x12, 0x50, 0xe8, 0x66, 0x0f, 0x16,
  0x62, 0xf0, 0x66, 0x0f, 0x28, 0xe9, 0x66, 0x0f, 0x59, 0xe8, 0x66, 0x0f,
  0x28, 0xda, 0x66, 0x0f, 0x59, 0xcc, 0x66, 0x0f, 0x59, 0xc2, 0x66, 0x0f,
  0x59, 0xdc, 0x66, 0x0f, 0x58, 0xc1, 0x66, 0x0f, 0x5c, 0xdd, 0x66, 0x0f,
  0x28, 0xc8, 0x66, 0x0f, 0x14, 0xcb, 0x66, 0x0f, 0x15, 0xc3, 0x0f, 0x11,
  0x48, 0xe0, 0x0f, 0x11, 0x40, 0xf0, 0x48, 0x39, 0xc8, 0x75, 0x99, 0x48,
  0x89, 0xf0, 0x48, 0x83, 0xe0, 0xfe, 0x83, 0xe6, 0x01, 0x74, 0x4b, 0x48,
  0xc1, 0xe0, 0x04, 0x48, 0x8d, 0x4c, 0x05, 0x00, 0xf2, 0x41, 0x0f, 0x10,
  0x64, 0x06, 0x08, 0x48, 0x8d, 0x54, 0x05, 0x08, 0xf2, 0x41, 0x0f, 0x10,
  0x1c, 0x06, 0xf2, 0x0f, 0x10, 0x09, 0xf2, 0x0f, 0x10, 0x02, 0x66, 0x0f,
  0x28, 0xec, 0xf2, 0x0f, 0x59, 0xe8, 0x66, 0x0f, 0x28, 0xd1, 0xf2, 0x0f,
  0x59, 0xd3, 0xf2, 0x0f, 0x59, 0xcc, 0xf2, 0x0f, 0x59, 0xc3, 0xf2, 0x0f,
  0x58, 0xd5, 0xf2, 0x0f, 0x5c, 0xc1, 0xf2, 0x0f, 0x11, 0x11, 0xf2, 0x0f,
  0x11, 0x02, 0x49, 0x8b, 0x7f, 0x10, 0xf2, 0x0f, 0x10, 0x05, 0x26, 0x28,
  0x00, 0x00, 0x48, 0x89, 0xee, 0xe8, 0x2e, 0xfd, 0xff, 0xff, 0x41, 0x89,
  0xc6, 0x85, 0xc0, 0x0f, 0x85, 0x30, 0x02, 0x00, 0x00, 0x4d, 0x85, 0xed,
  0x0f, 0x84, 0xff, 0x00, 0x00, 0x00, 0x48, 0x8d, 0x43, 0x1f, 0x49, 0x8d,
  0x55, 0xff, 0x4c, 0x29, 0xe0, 0x48, 0x83, 0xf8, 0x3e, 0x0f, 0x86, 0xbd,
  0x01, 0x00, 0x00, 0x48, 0x83, 0xfa, 0x01, 0x0f, 0x86, 0xb3, 0x01, 0x00,
  0x00, 0x48, 0xd1, 0xea, 0x31, 0xc0, 0x48, 0x83, 0xc2, 0x01, 0x48, 0x89,
  0xd1, 0x48, 0xd1, 0xe9, 0x48, 0xc1, 0xe1, 0x05, 0x0f, 0x1f, 0x84, 0x00,
  0x00, 0x00, 0x00, 0x00, 0x66, 0x0f, 0x10, 0x4c, 0x05, 0x00, 0x66, 0x0f,
  0x10, 0x24, 0x03, 0x66, 0x0f, 0x10, 0x54, 0x05, 0x10, 0x66, 0x0f, 0x12,
  0x54, 0x05, 0x08, 0x66, 0x0f, 0x10, 0x44, 0x03, 0x10, 0x66, 0x0f, 0x16,
  0x4c, 0x05, 0x10, 0x66, 0x0f, 0x12, 0x44, 0x03, 0x08, 0x66, 0x0f, 0x16,
  0x64, 0x03, 0x10, 0x66, 0x0f, 0x28, 0xd9, 0x66, 0x0f, 0x28, 0xea, 0x66,
  0x0f, 0x59, 0xe8, 0x66, 0x0f, 0x59, 0xdc, 0x66, 0x0f, 0x59, 0xd4, 0x66,
  0x0f, 0x59, 0xc8, 0x66, 0x0f, 0x5c, 0xdd, 0x66, 0x0f, 0x28, 0xc2, 0x66,
  0x0f, 0x58, 0xc1, 0x66, 0x0f, 0x28, 0xcb, 0x66, 0x0f, 0x14, 0xc8, 0x66,
  0x0f, 0x15, 0xd8, 0x41, 0x0f, 0x11, 0x0c, 0x04, 0x41, 0x0f, 0x11, 0x5c,
  0x04, 0x10, 0x48, 0x83, 0xc0, 0x20, 0x48, 0x39, 0xc1, 0x75, 0x8d, 0x48,
  0x89, 0xd0, 0x48, 0x83, 0xe0, 0xfe, 0x83, 0xe2, 0x01, 0x74, 0x46, 0x48,
  0xc1, 0xe0, 0x04, 0x48, 0x8d, 0x0c, 0x03, 0x48, 0x8d, 0x54, 0x03, 0x08,
  0xf2, 0x0f, 0x10, 0x4c, 0x05, 0x00, 0xf2, 0x0f, 0x10, 0x44, 0x05, 0x08,
  0xf2, 0x0f, 0x10, 0x11, 0xf2, 0x0f, 0x10, 0x1a, 0xf2, 0x0f, 0x59, 0xd1,
  0xf2, 0x0f, 0x59, 0xd8, 0xf2, 0x0f, 0x5c, 0xd3, 0xf2, 0x41, 0x0f, 0x11,
  0x14, 0x04, 0xf2, 0x0f, 0x59, 0x01, 0xf2, 0x0f, 0x59, 0x0a, 0xf2, 0x0f,
  0x58, 0xc1, 0xf2, 0x41, 0x0f, 0x11, 0x44, 0x04, 0x08, 0x48, 0x89, 0xef,
  0xe8, 0xf3, 0xf1, 0xfe, 0xff, 0x48, 0x83, 0xc4, 0x18, 0x44, 0x89, 0xf0,
  0x5b, 0x5d, 0x41, 0x5c, 0x41, 0x5d, 0x41, 0x5e, 0x41, 0x5f, 0xc3, 0x90,
  0x31, 0xc0, 0x66, 0x0f, 0x1f, 0x44, 0x00, 0x00, 0xf2, 0x0f, 0x10, 0x14,
  0xc3, 0xf2, 0x0f, 0x10, 0x5c, 0xc3, 0x08, 0xf2, 0x41, 0x0f, 0x10, 0x04,
  0xc4, 0xf2, 0x41, 0x0f, 0x10, 0x4c, 0xc4, 0x08, 0xf2, 0x0f, 0x59, 0xd0,
  0xf2, 0x0f, 0x59, 0xd9, 0xf2, 0x0f, 0x5c, 0xd3, 0xf2, 0x0f, 0x11, 0x54,
  0xc5, 0x00, 0xf2, 0x0f, 0x59, 0x44, 0xc3, 0x08, 0xf2, 0x0f, 0x59, 0x0c,
  0xc3, 0xf2, 0x0f, 0x58, 0xc1, 0xf2, 0x0f, 0x11, 0x44, 0xc5, 0x08, 0x48,
  0x83, 0xc0, 0x02, 0x49, 0x39, 0xc5, 0x77, 0xb8, 0xe9, 0x1a, 0xfd, 0xff,
  0xff, 0x0f, 0x1f, 0x00, 0x31, 0xc0, 0x66, 0x0f, 0x1f, 0x44, 0x00, 0x00,
  0xf2, 0x41, 0x0f, 0x10, 0x64, 0xc6, 0x08, 0xf2, 0x0f, 0x10, 0x4c, 0xc5,
  0x00, 0xf2, 0x41, 0x0f, 0x10, 0x1c, 0xc6, 0xf2, 0x0f, 0x10, 0x44, 0xc5,
  0x08, 0x66, 0x0f, 0x28, 0xd1, 0x66, 0x0f, 0x28, 0xec, 0xf2, 0x0f, 0x59,
  0xe8, 0xf2, 0x0f, 0x59, 0xd3, 0xf2, 0x0f, 0x59, 0xcc, 0xf2, 0x0f, 0x59,
  0xc3, 0xf2, 0x0f, 0x58, 0xd5, 0xf2, 0x0f, 0x5c, 0xc1, 0xf2, 0x0f, 0x11,
  0x54, 0xc5, 0x00, 0xf2, 0x0f, 0x11, 0x44, 0xc5, 0x08, 0x48, 0x83, 0xc0,
  0x02, 0x48, 0x39, 0xc1, 0x77, 0xb2, 0xe9, 0x0b, 0xfe, 0xff, 0xff, 0x0f,
  0x1f, 0x44, 0x00, 0x00, 0x31, 0xc0, 0x66, 0x0f, 0x1f, 0x44, 0x00, 0x00,
  0xf2, 0x0f, 0x10, 0x14, 0xc3, 0xf2, 0x0f, 0x10, 0x5c, 0xc3, 0x08, 0xf2,
  0x0f, 0x10, 0x4c, 0xc5, 0x00, 0xf2, 0x0f, 0x10, 0x44, 0xc5, 0x08, 0xf2,
  0x0f, 0x59, 0xd1, 0xf2, 0x0f, 0x59, 0xd8, 0xf2, 0x0f, 0x5c, 0xd3, 0xf2,
  0x41, 0x0f, 0x11, 0x14, 0xc4, 0xf2, 0x0f, 0x59, 0x04, 0xc3, 0xf2, 0x0f,
  0x59, 0x4c, 0xc3, 0x08, 0xf2, 0x0f, 0x58, 0xc1, 0xf2, 0x41, 0x0f, 0x11,
  0x44, 0xc4, 0x08, 0x48, 0x83, 0xc0, 0x02, 0x49, 0x39, 0xc5, 0x77, 0xb8,
  0xe9, 0xd8, 0xfe, 0xff, 0xff, 0x48, 0x89, 0xef, 0x41, 0xbe, 0xff, 0xff,
  0xff, 0xff, 0xe8, 0xc5, 0xf0, 0xfe, 0xff, 0xe9, 0xcd, 0xfe, 0xff, 0xff,
  0x41, 0x83, 0xce, 0xff, 0xe9, 0xc4, 0xfe, 0xff, 0xff, 0x0f, 0x1f, 0x80,
  0x00, 0x00, 0x00, 0x00, 0x41, 0x57, 0x41, 0x56, 0x49, 0x89, 0xfe, 0x41,
  0x55, 0x41, 0x54, 0x49, 0x89, 0xf4, 0x55, 0x53, 0x48, 0x83, 0xec, 0x18,
  0x4c, 0x8b, 0x6f, 0x08, 0x48, 0x8b, 0x07, 0x48, 0x8b, 0x5f, 0x20, 0x4c,
  0x8b, 0x7f, 0x28, 0xf2, 0x0f, 0x11, 0x44, 0x24, 0x08, 0x4c, 0x89, 0xef,
  0x48, 0x89, 0x04, 0x24, 0x48, 0xc1, 0xe7, 0x04, 0xe8, 0x37, 0xf1, 0xfe,
  0xff, 0x48, 0x85, 0xc0, 0x0f, 0x84, 0x90, 0x03, 0x00, 0x00, 0x48, 0x8b,
  0x0c, 0x24, 0x48, 0x89, 0xc5, 0x48, 0x01, 0xc9, 0x0f, 0x84, 0xf5, 0x00,
  0x00, 0x00, 0x48, 0x8d, 0x43, 0x1f, 0x48, 0x8d, 0x71, 0xff, 0x48, 0x29,
  0xe8, 0x48, 0x83, 0xf8, 0x3e, 0x0f, 0x86, 0xb1, 0x02, 0x00, 0x00, 0x48,
  0x83, 0xfe, 0x01, 0x0f, 0x86, 0xa7, 0x02, 0x00, 0x00, 0x48, 0xd1, 0xee,
  0x31, 0xc0, 0x48, 0x83, 0xc6, 0x01, 0x48, 0x89, 0xf7, 0x48, 0xd1, 0xef,
  0x48, 0xc1, 0xe7, 0x05, 0x66, 0x41, 0x0f, 0x10, 0x1c, 0x04, 0x66, 0x0f,
  0x10, 0x24, 0x03, 0x66, 0x41, 0x0f, 0x10, 0x44, 0x04, 0x10, 0x66, 0x41,
  0x0f, 0x12, 0x44, 0x04, 0x08, 0x66, 0x0f, 0x10, 0x54, 0x03, 0x10, 0x66,
  0x41, 0x0f, 0x16, 0x5c, 0x04, 0x10, 0x66, 0x0f, 0x12, 0x54, 0x03, 0x08,
  0x66, 0x0f, 0x16, 0x64, 0x03, 0x10, 0x66, 0x0f, 0x28, 0xe8, 0x66, 0x0f,
  0x28, 0xcb, 0x66, 0x0f, 0x59, 0xea, 0x66, 0x0f, 0x59, 0xcc, 0x66, 0x0f,
  0x59, 0xd3, 0x66, 0x0f, 0x59, 0xc4, 0x66, 0x0f, 0x58, 0xcd, 0x66, 0x0f,
  0x5c, 0xc2, 0x66, 0x0f, 0x28, 0xd1, 0x66, 0x0f, 0x14, 0xd0, 0x66, 0x0f,
  0x15, 0xc8, 0x0f, 0x11, 0x54, 0x05, 0x00, 0x0f, 0x11, 0x4c, 0x05, 0x10,
  0x48, 0x83, 0xc0, 0x20, 0x48, 0x39, 0xf8, 0x75, 0x8f, 0x48, 0x89, 0xf0,
  0x48, 0x83, 0xe0, 0xfe, 0x83, 0xe6, 0x01, 0x74, 0x46, 0x48, 0xc1, 0xe0,
  0x04, 0x48, 0x8d, 0x34, 0x03, 0x48, 0x8d, 0x7c, 0x03, 0x08, 0xf2, 0x41,
  0x0f, 0x10, 0x0c, 0x04, 0xf2, 0x41, 0x0f, 0x10, 0x44, 0x04, 0x08, 0xf2,
  0x0f, 0x10, 0x16, 0xf2, 0x0f, 0x10, 0x1f, 0xf2, 0x0f, 0x59, 0xd1, 0xf2,
  0x0f, 0x59, 0xd8, 0xf2, 0x0f, 0x58, 0xd3, 0xf2, 0x0f, 0x11, 0x54, 0x05,
  0x00, 0xf2, 0x0f, 0x59, 0x0f, 0xf2, 0x0f, 0x59, 0x06, 0xf2, 0x0f, 0x5c,
  0xc1, 0xf2, 0x0f, 0x11, 0x44, 0x05, 0x08, 0x4d, 0x01, 0xed, 0x4c, 0x39,
  0xe9, 0x73, 0x1e, 0x4c, 0x89, 0xea, 0x48, 0x8d, 0x7c, 0xcd, 0x00, 0x31,
  0xf6, 0x48, 0x89, 0x0c, 0x24, 0x48, 0x29, 0xca, 0x48, 0xc1, 0xe2, 0x03,
  0xe8, 0xb7, 0xef, 0xfe, 0xff, 0x48, 0x8b, 0x0c, 0x24, 0x49, 0x8b, 0x7e,
  0x10, 0xf2, 0x0f, 0x10, 0x44, 0x24, 0x08, 0x48, 0x89, 0xee, 0x48, 0x89,
  0x0c, 0x24, 0xe8, 0xcd, 0xd9, 0xff, 0xff, 0x85, 0xc0, 0x0f, 0x85, 0x34,
  0x02, 0x00, 0x00, 0x4d, 0x85, 0xed, 0x48, 0x8b, 0x0c, 0x24, 0x74, 0x44,
  0x49, 0x83, 0xed, 0x01, 0x31, 0xc0, 0x31, 0xd2, 0x49, 0xd1, 0xed, 0x49,
  0x83, 0xc5, 0x01, 0x66, 0x41, 0x0f, 0x10, 0x04, 0x07, 0xf2, 0x0f, 0x12,
  0x4c, 0x05, 0x00, 0xf2, 0x0f, 0x12, 0x54, 0x05, 0x08, 0x48, 0x83, 0xc2,
  0x01, 0x66, 0x0f, 0x59, 0xc8, 0x66, 0x0f, 0xc6, 0xc0, 0x01, 0x66, 0x0f,
  0x59, 0xc2, 0x66, 0x0f, 0xd0, 0xc8, 0x0f, 0x11, 0x4c, 0x05, 0x00, 0x48,
  0x83, 0xc0, 0x10, 0x4c, 0x39, 0xea, 0x72, 0xcb, 0x49, 0x8b, 0x7e, 0x10,
  0xf2, 0x0f, 0x10, 0x05, 0xdc, 0x23, 0x00, 0x00, 0x48, 0x89, 0xee, 0x48,
  0x89, 0x0c, 0x24, 0xe8, 0xe0, 0xf8, 0xff, 0xff, 0x41, 0x89, 0xc5, 0x85,
  0xc0, 0x0f, 0x85, 0xc4, 0x01, 0x00, 0x00, 0x48, 0x8b, 0x0c, 0x24, 0x48,
  0x85, 0xc9, 0x0f, 0x84, 0xf3, 0x00, 0x00, 0x00, 0x48, 0x8d, 0x43, 0x1f,
  0x48, 0x8d, 0x51, 0xff, 0x4c, 0x29, 0xe0, 0x48, 0x83, 0xf8, 0x3e, 0x0f,
  0x86, 0x53, 0x01, 0x00, 0x00, 0x48, 0x83, 0xfa, 0x01, 0x0f, 0x86, 0x49,
  0x01, 0x00, 0x00, 0x48, 0xd1, 0xea, 0x31, 0xc0, 0x48, 0x83, 0xc2, 0x01,
  0x48, 0x89, 0xd1, 0x48, 0xd1, 0xe9, 0x48, 0xc1, 0xe1, 0x05, 0x66, 0x0f,
  0x10, 0x64, 0x05, 0x00, 0x66, 0x0f, 0x10, 0x04, 0x03, 0x66, 0x0f, 0x10,
  0x4c, 0x03, 0x10, 0x66, 0x0f, 0x12, 0x4c, 0x03, 0x08, 0x66, 0x0f, 0x16,
  0x64, 0x05, 0x10, 0x66, 0x0f, 0x10, 0x5c, 0x05, 0x10, 0x66, 0x0f, 0x12,
  0x5c, 0x05, 0x08, 0x66, 0x0f, 0x16, 0x44, 0x03, 0x10, 0x66, 0x0f, 0x28,
  0xe9, 0x66, 0x0f, 0x28, 0xd4, 0x66, 0x0f, 0x59, 0xd0, 0x66, 0x0f, 0x59,
  0xeb, 0x66, 0x0f, 0x59, 0xcc, 0x66, 0x0f, 0x59, 0xc3, 0x66, 0x0f, 0x58,
  0xd5, 0x66, 0x0f, 0x5c, 0xc1, 0x66, 0x0f, 0x28, 0xca, 0x66, 0x0f, 0x14,
  0xc8, 0x66, 0x0f, 0x15, 0xd0, 0x41, 0x0f, 0x11, 0x0c, 0x04, 0x41, 0x0f,
  0x11, 0x54, 0x04, 0x10, 0x48, 0x83, 0xc0, 0x20, 0x48, 0x39, 0xc1, 0x75,
  0x91, 0x48, 0x89, 0xd0, 0x48, 0x83, 0xe0, 0xfe, 0x83, 0xe2, 0x01, 0x74,
  0x46, 0x48, 0xc1, 0xe0, 0x04, 0x48, 0x8d, 0x14, 0x03, 0x48, 0x8d, 0x4c,
  0x03, 0x08, 0xf2, 0x0f, 0x10, 0x4c, 0x05, 0x00, 0xf2, 0x0f, 0x10, 0x44,
  0x05, 0x08, 0xf2, 0x0f, 0x10, 0x11, 0xf2, 0x0f, 0x10, 0x1a, 0xf2, 0x0f,
  0x59, 0xd0, 0xf2, 0x0f, 0x59, 0xd9, 0xf2, 0x0f, 0x58, 0xd3, 0xf2, 0x41,
  0x0f, 0x11, 0x14, 0x04, 0xf2, 0x0f, 0x59, 0x09, 0xf2, 0x0f, 0x59, 0x02,
  0xf2, 0x0f, 0x5c, 0xc1, 0xf2, 0x41, 0x0f, 0x11, 0x44, 0x04, 0x08, 0x48,
  0x89, 0xef, 0xe8, 0xad, 0xed, 0xfe, 0xff, 0x48, 0x83, 0xc4, 0x18, 0x44,
  0x89, 0xe8, 0x5b, 0x5d, 0x41, 0x5c, 0x41, 0x5d, 0x41, 0x5e, 0x41, 0x5f,
  0xc3, 0x0f, 0x1f, 0x00, 0x31, 0xc0, 0xf2, 0x0f, 0x10, 0x14, 0xc3, 0xf2,
  0x0f, 0x10, 0x5c, 0xc3, 0x08, 0xf2, 0x41, 0x0f, 0x10, 0x0c, 0xc4, 0xf2,
  0x41, 0x0f, 0x10, 0x44, 0xc4, 0x08, 0xf2, 0x0f, 0x59, 0xd1, 0xf2, 0x0f,
  0x59, 0xd8, 0xf2, 0x0f, 0x58, 0xd3, 0xf2, 0x0f, 0x11, 0x54, 0xc5, 0x00,
  0xf2, 0x0f, 0x59, 0x4c, 0xc3, 0x08, 0xf2, 0x0f, 0x59, 0x04, 0xc3, 0xf2,
  0x0f, 0x5c, 0xc1, 0xf2, 0x0f, 0x11, 0x44, 0xc5, 0x08, 0x48, 0x83, 0xc0,
  0x02, 0x48, 0x39, 0xc1, 0x77, 0xb8, 0xe9, 0xe0, 0xfd, 0xff, 0xff, 0x66,
  0x0f, 0x1f, 0x84, 0x00, 0x00, 0x00, 0x00, 0x00, 0x31, 0xc0, 0xf2, 0x0f,
  0x10, 0x54, 0xc3, 0x08, 0xf2, 0x0f, 0x10, 0x1c, 0xc3, 0xf2, 0x0f, 0x10,
  0x4c, 0xc5, 0x00, 0xf2, 0x0f, 0x10, 0x44, 0xc5, 0x08, 0xf2, 0x0f, 0x59,
  0xd9, 0xf2, 0x0f, 0x59, 0xd0, 0xf2, 0x0f, 0x58, 0xd3, 0xf2, 0x41, 0x0f,
  0x11, 0x14, 0xc4, 0xf2, 0x0f, 0x59, 0x4c, 0xc3, 0x08, 0xf2, 0x0f, 0x59,
  0x04, 0xc3, 0xf2, 0x0f, 0x5c, 0xc1, 0xf2, 0x41, 0x0f, 0x11, 0x44, 0xc4,
  0x08, 0x48, 0x83, 0xc0, 0x02, 0x48, 0x39, 0xc1, 0x77, 0xb8, 0xe9, 0x3c,
  0xff, 0xff, 0xff, 0x48, 0x89, 0xef, 0x41, 0xbd, 0xff, 0xff, 0xff, 0xff,
  0xe8, 0xe3, 0xec, 0xfe, 0xff, 0xe9, 0x31, 0xff, 0xff, 0xff, 0x41, 0x83,
  0xcd, 0xff, 0xe9, 0x28, 0xff, 0xff, 0xff, 0x0f, 0x1f, 0x44, 0x00, 0x00,
  0x41, 0x57, 0x48, 0x89, 0xf7, 0x31, 0xc0, 0x48, 0x8d, 0x35, 0x92, 0x1c,
  0x00, 0x00, 0x41, 0x56, 0x41, 0x55, 0x41, 0x54, 0x55, 0x53, 0x48, 0x81,
  0xec, 0xb8, 0x00, 0x00, 0x00, 0x48, 0x8d, 0x8c, 0x24, 0x98, 0x00, 0x00,
  0x00, 0x48, 0x8d, 0x94, 0x24, 0xa0, 0x00, 0x00, 0x00, 0x4c, 0x8d, 0x8c,
  0x24, 0xa8, 0x00, 0x00, 0x00, 0x4c, 0x8d, 0x84, 0x24, 0x9c, 0x00, 0x00,
  0x00, 0xe8, 0x5e, 0xed, 0xfe, 0xff, 0x85, 0xc0, 0x0f, 0x84, 0x56, 0x06,
  0x00, 0x00, 0x48, 0x8b, 0x05, 0xd7, 0x4d, 0x00, 0x00, 0x8b, 0x8c, 0x24,
  0x9c, 0x00, 0x00, 0x00, 0x44, 0x8b, 0xa4, 0x24, 0x98, 0x00, 0x00, 0x00,
  0x48, 0x8b, 0xac, 0x24, 0xa0, 0x00, 0x00, 0x00, 0xf2, 0x0f, 0x10, 0xac,
  0x24, 0xa8, 0x00, 0x00, 0x00, 0x48, 0x8b, 0x98, 0x28, 0x02, 0x00, 0x00,
  0x89, 0x4c, 0x24, 0x30, 0x48, 0x8b, 0x80, 0x68, 0x01, 0x00, 0x00, 0xf2,
  0x0f, 0x11, 0x2c, 0x24, 0x45, 0x85, 0xe4, 0x0f, 0x85, 0x8f, 0x01, 0x00,
  0x00, 0xbf, 0x0f, 0x00, 0x00, 0x00, 0xff, 0xd0, 0x45, 0x31, 0xc9, 0x41,
  0xb8, 0x71, 0x05, 0x00, 0x00, 0x31, 0xc9, 0x48, 0x89, 0xc6, 0xba, 0x01,
  0x00, 0x00, 0x00, 0x48, 0x89, 0xef, 0xff, 0xd3, 0x48, 0x89, 0x44, 0x24,
  0x10, 0x49, 0x89, 0xc6, 0x48, 0x85, 0xc0, 0x0f, 0x84, 0xdf, 0x05, 0x00,
  0x00, 0x8b, 0x70, 0x18, 0x48, 0x8b, 0x78, 0x20, 0x8d, 0x46, 0xff, 0x48,
  0x98, 0x48, 0x8b, 0x1c, 0xc7, 0x48, 0x8b, 0x05, 0x50, 0x4d, 0x00, 0x00,
  0xff, 0x90, 0xf0, 0x04, 0x00, 0x00, 0x4c, 0x63, 0xfb, 0x4d, 0x8b, 0x6e,
  0x10, 0x48, 0x89, 0xc5, 0xe8, 0xd3, 0xec, 0xfe, 0xff, 0x48, 0x89, 0x44,
  0x24, 0x20, 0x4d, 0x85, 0xff, 0x0f, 0x84, 0x15, 0x10, 0x00, 0x00, 0xbf,
  0x10, 0x00, 0x00, 0x00, 0xe8, 0x8b, 0xec, 0xfe, 0xff, 0x48, 0x89, 0x44,
  0x24, 0x08, 0x48, 0x85, 0xc0, 0x0f, 0x84, 0xfd, 0x0f, 0x00, 0x00, 0x48,
  0x89, 0xe8, 0x66, 0x0f, 0xef, 0xc0, 0x48, 0x99, 0x49, 0xf7, 0xff, 0x48,
  0x89, 0x44, 0x24, 0x28, 0x89, 0xc5, 0x48, 0x8b, 0x44, 0x24, 0x08, 0x0f,
  0x11, 0x00, 0x49, 0x83, 0xff, 0x31, 0x76, 0x48, 0x4c, 0x89, 0xff, 0xe8,
  0x54, 0xd6, 0xff, 0xff, 0x48, 0x85, 0xc0, 0x0f, 0x88, 0xa3, 0x0f, 0x00,
  0x00, 0x66, 0x0f, 0xef, 0xc9, 0xf2, 0x48, 0x0f, 0x2a, 0xc8, 0x4d, 0x85,
  0xff, 0x0f, 0x88, 0x69, 0x0f, 0x00, 0x00, 0x66, 0x0f, 0xef, 0xc0, 0xf2,
  0x49, 0x0f, 0x2a, 0xc7, 0x66, 0x0f, 0xef, 0xd2, 0x66, 0x0f, 0x2e, 0xd0,
  0x0f, 0x87, 0xde, 0x12, 0x00, 0x00, 0xf2, 0x0f, 0x51, 0xc0, 0x66, 0x0f,
  0x2f, 0xc1, 0x0f, 0x82, 0xc4, 0x0f, 0x00, 0x00, 0x4c, 0x89, 0xff, 0xe8,
  0x1c, 0xf0, 0xff, 0xff, 0x49, 0x89, 0xc6, 0x48, 0x8b, 0x44, 0x24, 0x08,
  0x4c, 0x89, 0x30, 0x4d, 0x85, 0xf6, 0x0f, 0x84, 0x6e, 0x0f, 0x00, 0x00,
  0x48, 0xc7, 0x44, 0x24, 0x18, 0x00, 0x00, 0x00, 0x00, 0x8b, 0x44, 0x24,
  0x28, 0x85, 0xc0, 0x0f, 0x8e, 0x28, 0x0d, 0x00, 0x00, 0x44, 0x8d, 0x0c,
  0x1b, 0x8b, 0x5c, 0x24, 0x30, 0x4d, 0x63, 0xc9, 0x4e, 0x8d, 0x3c, 0xcd,
  0x00, 0x00, 0x00, 0x00, 0x85, 0xdb, 0x0f, 0x85, 0x58, 0x08, 0x00, 0x00,
  0x44, 0x89, 0x64, 0x24, 0x28, 0x4d, 0x89, 0xfc, 0x4d, 0x89, 0xef, 0x4c,
  0x8b, 0x6c, 0x24, 0x18, 0xeb, 0x27, 0x66, 0x0f, 0x1f, 0x44, 0x00, 0x00,
  0x4c, 0x89, 0xfe, 0x4c, 0x89, 0xf7, 0xe8, 0x95, 0xd5, 0xff, 0xff, 0x85,
  0xc0, 0x0f, 0x85, 0xc5, 0x0c, 0x00, 0x00, 0x83, 0xc3, 0x01, 0x4d, 0x01,
  0xe7, 0x39, 0xdd, 0x0f, 0x8e, 0x2f, 0x0d, 0x00, 0x00, 0xf2, 0x0f, 0x10,
  0x04, 0x24, 0x4d, 0x85, 0xf6, 0x75, 0xd5, 0xba, 0x01, 0x00, 0x00, 0x00,
  0x4c, 0x89, 0xfe, 0x4c, 0x89, 0xef, 0xe8, 0xf5, 0xf4, 0xff, 0xff, 0xeb,
  0xce, 0x0f, 0x1f, 0x00, 0x85, 0xc9, 0x0f, 0x84, 0x48, 0x04, 0x00, 0x00,
  0xbf, 0x0c, 0x00, 0x00, 0x00, 0xff, 0xd0, 0x45, 0x31, 0xc9, 0x41, 0xb8,
  0x51, 0x05, 0x00, 0x00, 0x31, 0xc9, 0x48, 0x89, 0xc6, 0xba, 0x01, 0x00,
  0x00, 0x00, 0x48, 0x89, 0xef, 0xff, 0xd3, 0x48, 0x89, 0x44, 0x24, 0x78,
  0x48, 0x85, 0xc0, 0x0f, 0x84, 0x4b, 0x04, 0x00, 0x00, 0x48, 0x63, 0x78,
  0x18, 0x4c, 0x8b, 0x60, 0x20, 0x44, 0x8d, 0x7f, 0xff, 0x49, 0x89, 0xfd,
  0x48, 0xc1, 0xe7, 0x03, 0x4d, 0x63, 0xf7, 0x4b, 0x8b, 0x1c, 0xf4, 0xe8,
  0x1c, 0xeb, 0xfe, 0xff, 0x48, 0x89, 0xc5, 0x48, 0x85, 0xc0, 0x0f, 0x84,
  0xe2, 0x11, 0x00, 0x00, 0x45, 0x85, 0xff, 0x7e, 0x56, 0x49, 0x8d, 0x54,
  0x24, 0x08, 0x41, 0x8d, 0x45, 0xfe, 0x48, 0x39, 0xd5, 0x0f, 0x84, 0x08,
  0x11, 0x00, 0x00, 0x83, 0xf8, 0x03, 0x0f, 0x86, 0xff, 0x10, 0x00, 0x00,
  0x44, 0x89, 0xfa, 0x31, 0xc0, 0xd1, 0xea, 0x48, 0xc1, 0xe2, 0x04, 0x0f,
  0x1f, 0x44, 0x00, 0x00, 0xf3, 0x41, 0x0f, 0x6f, 0x34, 0x04, 0x0f, 0x11,
  0x74, 0x05, 0x00, 0x48, 0x83, 0xc0, 0x10, 0x48, 0x39, 0xd0, 0x75, 0xec,
  0x44, 0x89, 0xf8, 0x83, 0xe0, 0xfe, 0x41, 0x83, 0xe7, 0x01, 0x74, 0x0b,
  0x48, 0x98, 0x49, 0x8b, 0x14, 0xc4, 0x48, 0x89, 0x54, 0xc5, 0x00, 0x89,
  0xd8, 0xbf, 0x0f, 0x00, 0x00, 0x00, 0xc1, 0xe8, 0x1f, 0x01, 0xd8, 0xd1,
  0xf8, 0x83, 0xc0, 0x01, 0x48, 0x98, 0x4a, 0x89, 0x44, 0xf5, 0x00, 0x48,
  0x8b, 0x05, 0x2e, 0x4b, 0x00, 0x00, 0x4c, 0x8b, 0xa0, 0xc0, 0x05, 0x00,
  0x00, 0xff, 0x90, 0x68, 0x01, 0x00, 0x00, 0x31, 0xc9, 0x44, 0x89, 0xef,
  0x48, 0x89, 0xee, 0x48, 0x89, 0xc2, 0x41, 0xff, 0xd4, 0x48, 0x89, 0xef,
  0x49, 0x89, 0xc7, 0x48, 0x89, 0x44, 0x24, 0x10, 0xe8, 0xab, 0xe9, 0xfe,
  0xff, 0x4d, 0x85, 0xff, 0x0f, 0x84, 0xf2, 0x0d, 0x00, 0x00, 0x4c, 0x8b,
  0x7c, 0x24, 0x10, 0x4c, 0x8b, 0x64, 0x24, 0x78, 0x48, 0x63, 0xdb, 0x41,
  0x8b, 0x47, 0x18, 0x49, 0x8b, 0x57, 0x20, 0x41, 0x8b, 0x74, 0x24, 0x18,
  0x49, 0x8b, 0x7c, 0x24, 0x20, 0x89, 0x44, 0x24, 0x08, 0x83, 0xe8, 0x01,
  0x48, 0x98, 0x4c, 0x8b, 0x2c, 0xc2, 0x48, 0x8b, 0x05, 0xc7, 0x4a, 0x00,
  0x00, 0xff, 0x90, 0xf0, 0x04, 0x00, 0x00, 0x4d, 0x8b, 0x77, 0x10, 0x48,
  0x89, 0xc5, 0x49, 0x8b, 0x44, 0x24, 0x10, 0x48, 0x89, 0x44, 0x24, 0x20,
  0xe8, 0x43, 0xea, 0xfe, 0xff, 0x48, 0x89, 0xdf, 0x48, 0x89, 0x84, 0x24,
  0x88, 0x00, 0x00, 0x00, 0xe8, 0xd3, 0xf1, 0xff, 0xff, 0x48, 0x89, 0x44,
  0x24, 0x30, 0x48, 0x85, 0xc0, 0x0f, 0x84, 0x95, 0x0f, 0x00, 0x00, 0x48,
  0x89, 0xe8, 0x48, 0x99, 0x48, 0xf7, 0xfb, 0x89, 0x44, 0x24, 0x58, 0x85,
  0xc0, 0x0f, 0x8e, 0x5b, 0x02, 0x00, 0x00, 0x45, 0x01, 0xed, 0xc7, 0x44,
  0x24, 0x18, 0x00, 0x00, 0x00, 0x00, 0xf2, 0x0f, 0x12, 0x14, 0x24, 0x49,
  0x83, 0xc6, 0x08, 0x41, 0x8d, 0x45, 0xff, 0x4d, 0x63, 0xed, 0x0f, 0x29,
  0x54, 0x24, 0x40, 0x48, 0x98, 0x48, 0xc1, 0xe0, 0x03, 0x48, 0x89, 0x44,
  0x24, 0x50, 0x48, 0x8d, 0x04, 0xdd, 0x00, 0x00, 0x00, 0x00, 0x48, 0x89,
  0x44, 0x24, 0x28, 0x4a, 0x8d, 0x04, 0xed, 0x00, 0x00, 0x00, 0x00, 0x48,
  0x89, 0x44, 0x24, 0x60, 0x0f, 0x1f, 0x40, 0x00, 0x49, 0x8d, 0x46, 0xf8,
  0x48, 0x8b, 0x54, 0x24, 0x28, 0x48, 0x8b, 0x74, 0x24, 0x20, 0x4c, 0x89,
  0xf7, 0x48, 0x89, 0x44, 0x24, 0x38, 0x48, 0x8b, 0x44, 0x24, 0x50, 0x49,
  0xc7, 0x44, 0x06, 0xf8, 0x00, 0x00, 0x00, 0x00, 0xe8, 0x3f, 0xe9, 0xfe,
  0xff, 0x48, 0x8b, 0x44, 0x24, 0x30, 0x48, 0x8b, 0x28, 0x48, 0x85, 0xed,
  0x0f, 0x84, 0x6e, 0x09, 0x00, 0x00, 0x4c, 0x8b, 0x65, 0x00, 0x4c, 0x89,
  0x64, 0x24, 0x08, 0x49, 0x83, 0xfc, 0x01, 0x0f, 0x84, 0x91, 0x01, 0x00,
  0x00, 0x4a, 0x8d, 0x04, 0xe5, 0x00, 0x00, 0x00, 0x00, 0x48, 0x8b, 0x5d,
  0x08, 0x48, 0x89, 0xc7, 0x48, 0x89, 0x84, 0x24, 0x80, 0x00, 0x00, 0x00,
  0xe8, 0x2f, 0xe9, 0xfe, 0xff, 0x48, 0x89, 0x44, 0x24, 0x68, 0x49, 0x89,
  0xc5, 0x48, 0x85, 0xc0, 0x0f, 0x84, 0x93, 0x0e, 0x00, 0x00, 0x48, 0x89,
  0xdf, 0x48, 0x85, 0xdb, 0x0f, 0x84, 0x42, 0x0b, 0x00, 0x00, 0x48, 0x8d,
  0x04, 0x5b, 0x4c, 0x89, 0x74, 0x24, 0x70, 0x45, 0x31, 0xff, 0x48, 0x8d,
  0x5c, 0xc5, 0x00, 0x4c, 0x89, 0xf5, 0x4d, 0x89, 0xee, 0x49, 0x89, 0xed,
  0x48, 0x89, 0xfd, 0xeb, 0x4a, 0x0f, 0x1f, 0x00, 0x48, 0x83, 0xfe, 0x02,
  0x0f, 0x84, 0x26, 0x06, 0x00, 0x00, 0x48, 0x83, 0xfe, 0x03, 0x0f, 0x84,
  0x5c, 0x06, 0x00, 0x00, 0x48, 0x83, 0xfe, 0x05, 0x0f, 0x84, 0xf2, 0x05,
  0x00, 0x00, 0x48, 0x83, 0xec, 0x08, 0xff, 0x73, 0x10, 0x4d, 0x89, 0xc1,
  0x4c, 0x89, 0xe9, 0x4d, 0x89, 0xf0, 0x48, 0x89, 0xc2, 0xe8, 0xda, 0x67,
  0xff, 0xff, 0x41, 0x58, 0x41, 0x59, 0x49, 0x83, 0xc7, 0x01, 0x48, 0x83,
  0xeb, 0x18, 0x4c, 0x39, 0xfd, 0x74, 0x49, 0x48, 0x8b, 0x44, 0x24, 0x08,
  0x31, 0xd2, 0x48, 0x8b, 0x33, 0x4c, 0x8b, 0x43, 0x08, 0x49, 0xf7, 0xf4,
  0x31, 0xd2, 0x48, 0x89, 0xc7, 0x4c, 0x89, 0xe0, 0x48, 0xf7, 0xf6, 0x49,
  0x89, 0xc4, 0x48, 0x83, 0xfe, 0x04, 0x75, 0x94, 0x4c, 0x89, 0xf1, 0x4c,
  0x89, 0xea, 0x48, 0x89, 0xc6, 0x49, 0x83, 0xc7, 0x01, 0xe8, 0x62, 0x58,
  0xff, 0xff, 0x4c, 0x89, 0xf0, 0x48, 0x83, 0xeb, 0x18, 0x4d, 0x89, 0xee,
  0x49, 0x89, 0xc5, 0x4c, 0x39, 0xfd, 0x75, 0xb7, 0x4c, 0x8b, 0x74, 0x24,
  0x70, 0x4c, 0x89, 0xed, 0x4d, 0x39, 0xf5, 0x0f, 0x84, 0x7f, 0x0a, 0x00,
  0x00, 0xf2, 0x0f, 0x10, 0x3c, 0x24, 0x66, 0x0f, 0x2e, 0x3d, 0x92, 0x1c,
  0x00, 0x00, 0x7a, 0x0e, 0x66, 0x0f, 0x2f, 0x3d, 0x88, 0x1c, 0x00, 0x00,
  0x0f, 0x84, 0x02, 0x0b, 0x00, 0x00, 0x48, 0x8b, 0x7c, 0x24, 0x08, 0x48,
  0x85, 0xff, 0x74, 0x64, 0x48, 0x8d, 0x47, 0xff, 0x48, 0x83, 0xf8, 0x02,
  0x0f, 0x86, 0x4c, 0x0e, 0x00, 0x00, 0x48, 0x8b, 0x4c, 0x24, 0x38, 0x48,
  0x39, 0xcd, 0x0f, 0x84, 0x3e, 0x0e, 0x00, 0x00, 0x48, 0xd1, 0xef, 0x31,
  0xc0, 0x48, 0x89, 0xfa, 0x48, 0xc1, 0xe2, 0x04, 0x66, 0x0f, 0x10, 0x44,
  0x05, 0x00, 0x66, 0x0f, 0x59, 0x44, 0x24, 0x40, 0x0f, 0x11, 0x44, 0x01,
  0x08, 0x48, 0x83, 0xc0, 0x10, 0x48, 0x39, 0xd0, 0x75, 0xe6, 0x48, 0x8b,
  0x4c, 0x24, 0x08, 0x48, 0x89, 0xc8, 0x48, 0x83, 0xe0, 0xfe, 0x83, 0xe1,
  0x01, 0x74, 0x11, 0xf2, 0x0f, 0x10, 0x04, 0x24, 0xf2, 0x0f, 0x59, 0x44,
  0xc5, 0x00, 0xf2, 0x41, 0x0f, 0x11, 0x04, 0xc6, 0x48, 0x8b, 0x7c, 0x24,
  0x68, 0xe8, 0xfa, 0xe6, 0xfe, 0xff, 0xf2, 0x41, 0x0f, 0x10, 0x06, 0x83,
  0x44, 0x24, 0x18, 0x01, 0x48, 0x8b, 0x4c, 0x24, 0x28, 0x8b, 0x44, 0x24,
  0x18, 0x49, 0xc7, 0x06, 0x00, 0x00, 0x00, 0x00, 0xf2, 0x41, 0x0f, 0x11,
  0x46, 0xf8, 0x4c, 0x03, 0x74, 0x24, 0x60, 0x48, 0x01, 0x4c, 0x24, 0x20,
  0x39, 0x44, 0x24, 0x58, 0x0f, 0x85, 0xee, 0xfd, 0xff, 0xff, 0x31, 0xdb,
  0x48, 0x8b, 0x44, 0x24, 0x30, 0x4c, 0x8b, 0x60, 0x08, 0x4d, 0x85, 0xe4,
  0x74, 0x08, 0x4c, 0x89, 0xe7, 0xe8, 0x5e, 0xcd, 0xff, 0xff, 0x48, 0x8b,
  0x44, 0x24, 0x30, 0x48, 0x8b, 0x38, 0x48, 0x85, 0xff, 0x74, 0x05, 0xe8,
  0x8c, 0xcd, 0xff, 0xff, 0x48, 0x8b, 0x7c, 0x24, 0x30, 0xe8, 0x92, 0xe6,
  0xfe, 0xff, 0x48, 0x8b, 0xbc, 0x24, 0x88, 0x00, 0x00, 0x00, 0xe8, 0x95,
  0xe6, 0xfe, 0xff, 0x85, 0xdb, 0x0f, 0x85, 0xea, 0x0c, 0x00, 0x00, 0x48,
  0x8b, 0x7c, 0x24, 0x78, 0x48, 0x8b, 0x07, 0x48, 0x89, 0x04, 0x24, 0x48,
  0x83, 0xe8, 0x01, 0x48, 0x89, 0x07, 0x75, 0x41, 0xe9, 0xa8, 0x03, 0x00,
  0x00, 0x0f, 0x1f, 0x00, 0xbf, 0x0f, 0x00, 0x00, 0x00, 0xff, 0xd0, 0x31,
  0xc9, 0x45, 0x31, 0xc9, 0x41, 0xb8, 0x51, 0x05, 0x00, 0x00, 0x48, 0x89,
  0xc6, 0xba, 0x01, 0x00, 0x00, 0x00, 0x48, 0x89, 0xef, 0xff, 0xd3, 0x48,
  0x89, 0x44, 0x24, 0x78, 0x48, 0x89, 0xc1, 0x49, 0x89, 0xc7, 0x48, 0x85,
  0xc0, 0x75, 0x21, 0x90, 0x48, 0xc7, 0x44, 0x24, 0x10, 0x00, 0x00, 0x00,
  0x00, 0x48, 0x8b, 0x44, 0x24, 0x10, 0x48, 0x81, 0xc4, 0xb8, 0x00, 0x00,
  0x00, 0x5b, 0x5d, 0x41, 0x5c, 0x41, 0x5d, 0x41, 0x5e, 0x41, 0x5f, 0xc3,
  0x8b, 0x40, 0x18, 0x48, 0x8b, 0x51, 0x20, 0xbf, 0x0c, 0x00, 0x00, 0x00,
  0x89, 0x44, 0x24, 0x08, 0x83, 0xe8, 0x01, 0x48, 0x98, 0x48, 0x8b, 0x2c,
  0xc2, 0x48, 0x8b, 0x05, 0x48, 0x47, 0x00, 0x00, 0x48, 0x8b, 0x98, 0xc0,
  0x05, 0x00, 0x00, 0xff, 0x90, 0x68, 0x01, 0x00, 0x00, 0x49, 0x8b, 0x77,
  0x20, 0x41, 0x8b, 0x7f, 0x18, 0x31, 0xc9, 0x48, 0x89, 0xc2, 0xff, 0xd3,
  0x48, 0x89, 0x44, 0x24, 0x10, 0x48, 0x85, 0xc0, 0x0f, 0x84, 0x86, 0x09,
  0x00, 0x00, 0x8b, 0x70, 0x18, 0x48, 0x8b, 0x78, 0x20, 0x49, 0x89, 0xc7,
  0x4c, 0x63, 0xed, 0x48, 0x8b, 0x05, 0x0a, 0x47, 0x00, 0x00, 0xff, 0x90,
  0xf0, 0x04, 0x00, 0x00, 0x4d, 0x8b, 0x7f, 0x10, 0x48, 0x89, 0xc3, 0x48,
  0x8b, 0x44, 0x24, 0x78, 0x4c, 0x8b, 0x60, 0x10, 0xe8, 0x87, 0xe6, 0xfe,
  0xff, 0x4c, 0x89, 0xef, 0x48, 0x89, 0x84, 0x24, 0x88, 0x00, 0x00, 0x00,
  0xe8, 0x17, 0xee, 0xff, 0xff, 0x48, 0x89, 0x44, 0x24, 0x28, 0x48, 0x85,
  0xc0, 0x0f, 0x84, 0x79, 0x0b, 0x00, 0x00, 0x48, 0x89, 0xd8, 0x48, 0x99,
  0x49, 0xf7, 0xfd, 0x89, 0x44, 0x24, 0x40, 0x85, 0xc0, 0x0f, 0x8e, 0x43,
  0x02, 0x00, 0x00, 0x8d, 0x45, 0xff, 0x01, 0xed, 0xc7, 0x44, 0x24, 0x18,
  0x00, 0x00, 0x00, 0x00, 0x48, 0x98, 0x48, 0x63, 0xed, 0x48, 0xc1, 0xe0,
  0x03, 0x48, 0x89, 0x44, 0x24, 0x38, 0x4a, 0x8d, 0x04, 0xed, 0x00, 0x00,
  0x00, 0x00, 0x48, 0x89, 0x44, 0x24, 0x58, 0x48, 0x8d, 0x04, 0xed, 0x00,
  0x00, 0x00, 0x00, 0x48, 0x89, 0x44, 0x24, 0x60, 0x49, 0x8d, 0x44, 0x24,
  0x10, 0x48, 0x89, 0x44, 0x24, 0x20, 0x66, 0x0f, 0x1f, 0x44, 0x00, 0x00,
  0x48, 0x8b, 0x5c, 0x24, 0x20, 0x48, 0x8b, 0x54, 0x24, 0x38, 0x4d, 0x8d,
  0x6f, 0x08, 0x4c, 0x89, 0x7c, 0x24, 0x50, 0x4c, 0x89, 0xef, 0x48, 0x89,
  0xde, 0xe8, 0x92, 0xe5, 0xfe, 0xff, 0xf2, 0x0f, 0x10, 0x43, 0xf0, 0x48,
  0x8b, 0x44, 0x24, 0x28, 0xf2, 0x41, 0x0f, 0x11, 0x07, 0x48, 0x8b, 0x18,
  0x48, 0x85, 0xdb, 0x0f, 0x84, 0x47, 0x03, 0x00, 0x00, 0x48, 0x8b, 0x03,
  0x48, 0x89, 0x44, 0x24, 0x08, 0x48, 0x83, 0xf8, 0x01, 0x0f, 0x84, 0x91,
  0x01, 0x00, 0x00, 0x48, 0xc1, 0xe0, 0x03, 0x4c, 0x8b, 0x73, 0x08, 0x48,
  0x89, 0xc7, 0x48, 0x89, 0x84, 0x24, 0x80, 0x00, 0x00, 0x00, 0xe8, 0x7d,
  0xe5, 0xfe, 0xff, 0x48, 0x89, 0x44, 0x24, 0x68, 0x48, 0x85, 0xc0, 0x0f,
  0x84, 0x82, 0x0a, 0x00, 0x00, 0x4c, 0x89, 0xf1, 0x4d, 0x85, 0xf6, 0x0f,
  0x84, 0x13, 0x07, 0x00, 0x00, 0x4c, 0x89, 0x7c, 0x24, 0x70, 0x4d, 0x89,
  0xfd, 0x48, 0x83, 0xc3, 0x18, 0x45, 0x31, 0xf6, 0xbd, 0x01, 0x00, 0x00,
  0x00, 0x49, 0x89, 0xc7, 0x49, 0x89, 0xcc, 0xeb, 0x58, 0x0f, 0x1f, 0x80,
  0x00, 0x00, 0x00, 0x00, 0x48, 0x83, 0xfe, 0x02, 0x0f, 0x84, 0x36, 0x02,
  0x00, 0x00, 0x48, 0x83, 0xfe, 0x03, 0x0f, 0x84, 0x8c, 0x02, 0x00, 0x00,
  0x48, 0x83, 0xfe, 0x05, 0x0f, 0x84, 0x0a, 0x02, 0x00, 0x00, 0x48, 0x83,
  0xec, 0x08, 0xff, 0x73, 0x10, 0x4d, 0x89, 0xc1, 0x48, 0x89, 0xc7, 0x4d,
  0x89, 0xf8, 0x4c, 0x89, 0xe9, 0x4c, 0x89, 0xd2, 0xe8, 0x27, 0xa0, 0xff,
  0xff, 0x5e, 0x5f, 0x49, 0x83, 0xc6, 0x01, 0x48, 0x83, 0xc3, 0x18, 0x4d,
  0x39, 0xf4, 0x74, 0x45, 0x4c, 0x89, 0xe8, 0x4d, 0x89, 0xfd, 0x49, 0x89,
  0xc7, 0x48, 0x8b, 0x33, 0x49, 0x89, 0xea, 0x48, 0x8b, 0x44, 0x24, 0x08,
  0x31, 0xd2, 0x4c, 0x8b, 0x43, 0x08, 0x48, 0x0f, 0xaf, 0xee, 0x48, 0xf7,
  0xf5, 0x48, 0x83, 0xfe, 0x04, 0x75, 0x91, 0x4c, 0x89, 0xf9, 0x4c, 0x89,
  0xea, 0x4c, 0x89, 0xd6, 0x48, 0x89, 0xc7, 0xe8, 0xd0, 0x8e, 0xff, 0xff,
  0x49, 0x83, 0xc6, 0x01, 0x48, 0x83, 0xc3, 0x18, 0x4d, 0x39, 0xf4, 0x75,
  0xbb, 0x4d, 0x89, 0xfc, 0x4c, 0x8b, 0x7c, 0x24, 0x70, 0x4d, 0x39, 0xfc,
  0x0f, 0x84, 0x52, 0x06, 0x00, 0x00, 0xf2, 0x0f, 0x10, 0x05, 0xea, 0x18,
  0x00, 0x00, 0xf2, 0x0f, 0x10, 0x14, 0x24, 0x66, 0x0f, 0x2e, 0xd0, 0x7a,
  0x0a, 0x66, 0x0f, 0x2f, 0xd0, 0x0f, 0x84, 0x3d, 0x07, 0x00, 0x00, 0x48,
  0x8b, 0x7c, 0x24, 0x08, 0x48, 0x85, 0xff, 0x74, 0x6d, 0x48, 0x8d, 0x47,
  0xff, 0x48, 0x83, 0xf8, 0x02, 0x0f, 0x86, 0x51, 0x0a, 0x00, 0x00, 0x49,
  0x8d, 0x44, 0x24, 0x08, 0x49, 0x39, 0xc7, 0x0f, 0x84, 0x43, 0x0a, 0x00,
  0x00, 0x48, 0xd1, 0xef, 0x31, 0xc0, 0xf2, 0x0f, 0x12, 0x0c, 0x24, 0x48,
  0x89, 0xfa, 0x48, 0xc1, 0xe2, 0x04, 0x66, 0x0f, 0x1f, 0x44, 0x00, 0x00,
  0x66, 0x41, 0x0f, 0x10, 0x04, 0x04, 0x66, 0x0f, 0x59, 0xc1, 0x41, 0x0f,
  0x11, 0x04, 0x07, 0x48, 0x83, 0xc0, 0x10, 0x48, 0x39, 0xc2, 0x75, 0xe8,
  0x48, 0x8b, 0x4c, 0x24, 0x08, 0x48, 0x89, 0xc8, 0x48, 0x83, 0xe0, 0xfe,
  0x83, 0xe1, 0x01, 0x74, 0x11, 0xf2, 0x0f, 0x10, 0x04, 0x24, 0xf2, 0x41,
  0x0f, 0x59, 0x04, 0xc4, 0xf2, 0x41, 0x0f, 0x11, 0x04, 0xc7, 0x48, 0x8b,
  0x7c, 0x24, 0x68, 0xe8, 0x44, 0xe3, 0xfe, 0xff, 0x83, 0x44, 0x24, 0x18,
  0x01, 0x48, 0x8b, 0x7c, 0x24, 0x60, 0x8b, 0x44, 0x24, 0x18, 0x48, 0x01,
  0x7c, 0x24, 0x20, 0x4c, 0x03, 0x7c, 0x24, 0x58, 0x39, 0x44, 0x24, 0x40,
  0x0f, 0x85, 0x02, 0xfe, 0xff, 0xff, 0x48, 0x8b, 0x44, 0x24, 0x28, 0x48,
  0x8b, 0x40, 0x08, 0x48, 0x89, 0xc7, 0x48, 0x85, 0xc0, 0x74, 0x05, 0xe8,
  0xbc, 0xc9, 0xff, 0xff, 0x48, 0x8b, 0x44, 0x24, 0x28, 0x48, 0x8b, 0x38,
  0x48, 0x85, 0xff, 0x74, 0x05, 0xe8, 0xea, 0xc9, 0xff, 0xff, 0x48, 0x8b,
  0x7c, 0x24, 0x28, 0xe8, 0xf0, 0xe2, 0xfe, 0xff, 0x48, 0x8b, 0xbc, 0x24,
  0x88, 0x00, 0x00, 0x00, 0xe8, 0xf3, 0xe2, 0xfe, 0xff, 0x8b, 0x4c, 0x24,
  0x30, 0x85, 0xc9, 0x0f, 0x85, 0xe4, 0x08, 0x00, 0x00, 0x48, 0x8b, 0x4c,
  0x24, 0x78, 0x48, 0x8b, 0x01, 0x48, 0x89, 0x04, 0x24, 0x48, 0x83, 0xe8,
  0x01, 0x48, 0x89, 0x01, 0x0f, 0x85, 0x97, 0xfc, 0xff, 0xff, 0x48, 0x89,
  0xcf, 0xe8, 0xe6, 0xe2, 0xfe, 0xff, 0xe9, 0x8a, 0xfc, 0xff, 0xff, 0x90,
  0x44, 0x89, 0x64, 0x24, 0x28, 0x31, 0xdb, 0x4d, 0x89, 0xfc, 0x4d, 0x89,
  0xef, 0x4c, 0x8b, 0x6c, 0x24, 0x18, 0xeb, 0x25, 0x0f, 0x1f, 0x40, 0x00,
  0x4c, 0x89, 0xfe, 0x4c, 0x89, 0xf7, 0xe8, 0x2d, 0xcd, 0xff, 0xff, 0x85,
  0xc0, 0x0f, 0x85, 0x6d, 0x04, 0x00, 0x00, 0x83, 0xc3, 0x01, 0x4d, 0x01,
  0xe7, 0x39, 0xdd, 0x0f, 0x8e, 0xd7, 0x04, 0x00, 0x00, 0xf2, 0x0f, 0x10,
  0x04, 0x24, 0x4d, 0x85, 0xf6, 0x75, 0xd5, 0xba, 0xff, 0xff, 0xff, 0xff,
  0x4c, 0x89, 0xfe, 0x4c, 0x89, 0xef, 0xe8, 0xad, 0xf1, 0xff, 0xff, 0xeb,
  0xce, 0x0f, 0x1f, 0x00, 0x4c, 0x89, 0xf9, 0x4c, 0x89, 0xea, 0x4c, 0x89,
  0xd6, 0x48, 0x89, 0xc7, 0xe8, 0xe7, 0x93, 0xff, 0xff, 0xe9, 0xfd, 0xfd,
  0xff, 0xff, 0x66, 0x90, 0x4c, 0x89, 0xf9, 0x4c, 0x89, 0xea, 0x4c, 0x89,
  0xd6, 0x48, 0x89, 0xc7, 0xe8, 0x1f, 0x86, 0xff, 0xff, 0xe9, 0xe5, 0xfd,
  0xff, 0xff, 0x66, 0x2e, 0x0f, 0x1f, 0x84, 0x00, 0x00, 0x00, 0x00, 0x00,
  0x4c, 0x89, 0xf1, 0x4c, 0x89, 0xea, 0x48, 0x89, 0xc6, 0xe8, 0xe2, 0x57,
  0xff, 0xff, 0x4c, 0x89, 0xf0, 0x4d, 0x89, 0xee, 0x49, 0x89, 0xc5, 0xe9,
  0x0e, 0xfa, 0xff, 0xff, 0x0f, 0x1f, 0x40, 0x00, 0x4c, 0x89, 0xf1, 0x4c,
  0x89, 0xea, 0x48, 0x89, 0xc6, 0xe8, 0x52, 0x48, 0xff, 0xff, 0x4c, 0x89,
  0xf0, 0x4d, 0x89, 0xee, 0x49, 0x89, 0xc5, 0xe9, 0xee, 0xf9, 0xff, 0xff,
  0x0f, 0x1f, 0x40, 0x00, 0x4c, 0x89, 0xf9, 0x4c, 0x89, 0xea, 0x4c, 0x89,
  0xd6, 0x48, 0x89, 0xc7, 0xe8, 0x5f, 0x88, 0xff, 0xff, 0xe9, 0x85, 0xfd,
  0xff, 0xff, 0x66, 0x2e, 0x0f, 0x1f, 0x84, 0x00, 0x00, 0x00, 0x00, 0x00,
  0x4c, 0x89, 0xf1, 0x4c, 0x89, 0xea, 0x48, 0x89, 0xc6, 0xe8, 0xf2, 0x4e,
  0xff, 0xff, 0x4c, 0x89, 0xf0, 0x4d, 0x89, 0xee, 0x49, 0x89, 0xc5, 0xe9,
  0xae, 0xf9, 0xff, 0xff, 0x0f, 0x1f, 0x40, 0x00, 0x4c, 0x8b, 0x70, 0x08,
  0xf2, 0x0f, 0x11, 0x44, 0x24, 0x08, 0x49, 0x8b, 0x1e, 0x49, 0x89, 0xdc,
  0x49, 0xc1, 0xe4, 0x04, 0x4c, 0x89, 0xe7, 0xe8, 0x44, 0xe2, 0xfe, 0xff,
  0x48, 0x89, 0xc5, 0x48, 0x85, 0xc0, 0x0f, 0x84, 0xe4, 0x08, 0x00, 0x00,
  0xf2, 0x0f, 0x10, 0x44, 0x24, 0x08, 0x48, 0xc7, 0x40, 0x08, 0x00, 0x00,
  0x00, 0x00, 0x48, 0x8d, 0x4d, 0x10, 0x4c, 0x89, 0xee, 0x48, 0x89, 0xcf,
  0xf2, 0x0f, 0x11, 0x00, 0x48, 0x8d, 0x43, 0xff, 0x48, 0x8d, 0x14, 0xc5,
  0x00, 0x00, 0x00, 0x00, 0x48, 0x89, 0x44, 0x24, 0x08, 0xe8, 0xd6, 0xe1,
  0xfe, 0xff, 0x48, 0x89, 0xc1, 0xf6, 0xc3, 0x01, 0x75, 0x09, 0x48, 0xc7,
  0x44, 0xdd, 0x08, 0x00, 0x00, 0x00, 0x00, 0x48, 0x83, 0xfb, 0x02, 0x0f,
  0x86, 0x70, 0x06, 0x00, 0x00, 0x4c, 0x8d, 0x6b, 0xfd, 0x48, 0x8d, 0x14,
  0x1b, 0x4c, 0x89, 0xef, 0x4c, 0x8d, 0x54, 0xd5, 0xf8, 0x49, 0x8d, 0x74,
  0x24, 0xf8, 0x48, 0xd1, 0xef, 0x48, 0x8d, 0x04, 0xd5, 0xf0, 0xff, 0xff,
  0xff, 0x49, 0x89, 0xf8, 0x4c, 0x8d, 0x4f, 0x02, 0x49, 0xf7, 0xd8, 0x49,
  0xc1, 0xe1, 0x04, 0x49, 0xc1, 0xe0, 0x04, 0x4c, 0x39, 0xd1, 0x4e, 0x8d,
  0x14, 0x00, 0x41, 0x0f, 0x93, 0xc3, 0x4d, 0x39, 0xd1, 0x41, 0x0f, 0x9e,
  0xc2, 0x45, 0x09, 0xd3, 0x4c, 0x8d, 0x50, 0xf0, 0x49, 0x39, 0xf2, 0x41,
  0x0f, 0x95, 0xc2, 0x49, 0x83, 0xfd, 0x35, 0x41, 0x0f, 0x97, 0xc5, 0x45,
  0x21, 0xea, 0x45, 0x84, 0xd3, 0x0f, 0x84, 0xc5, 0x05, 0x00, 0x00, 0x49,
  0x01, 0xf0, 0x4d, 0x39, 0xc1, 0x4e, 0x8d, 0x44, 0x25, 0x00, 0x41, 0x0f,
  0x9e, 0xc1, 0x4c, 0x39, 0xc1, 0x41, 0x0f, 0x93, 0xc0, 0x45, 0x08, 0xc1,
  0x0f, 0x84, 0xa6, 0x05, 0x00, 0x00, 0x48, 0x83, 0xc7, 0x01, 0x48, 0x01,
  0xe8, 0x48, 0x01, 0xee, 0x45, 0x31, 0xc0, 0x49, 0x89, 0xf9, 0x49, 0xd1,
  0xe9, 0x49, 0xf7, 0xd9, 0x49, 0xc1, 0xe1, 0x05, 0x0f, 0x1f, 0x40, 0x00,
  0x66, 0x0f, 0x10, 0x01, 0x66, 0x0f, 0x10, 0x49, 0x10, 0x48, 0x83, 0xc1,
  0x20, 0x66, 0x42, 0x0f, 0x13, 0x04, 0x00, 0x66, 0x0f, 0x15, 0xc1, 0x66,
  0x0f, 0x57, 0x05, 0x19, 0x13, 0x00, 0x00, 0x66, 0x42, 0x0f, 0x13, 0x4c,
  0x00, 0xf0, 0x66, 0x42, 0x0f, 0x13, 0x04, 0x06, 0x66, 0x42, 0x0f, 0x17,
  0x44, 0x06, 0xf0, 0x49, 0x83, 0xe8, 0x20, 0x4d, 0x39, 0xc8, 0x75, 0xc4,
  0x48, 0x89, 0xf8, 0x48, 0x83, 0xc8, 0x01, 0x83, 0xe7, 0x01, 0x48, 0x8d,
  0x0c, 0x00, 0x74, 0x27, 0x48, 0xc1, 0xe0, 0x04, 0x48, 0x29, 0xca, 0xf2,
  0x0f, 0x10, 0x44, 0x05, 0x00, 0xf2, 0x0f, 0x11, 0x44, 0xd5, 0x00, 0xf2,
  0x0f, 0x10, 0x44, 0xcd, 0x08, 0x66, 0x0f, 0x57, 0x05, 0xdb, 0x12, 0x00,
  0x00, 0xf2, 0x0f, 0x11, 0x44, 0xd5, 0x08, 0xf2, 0x0f, 0x10, 0x04, 0x24,
  0xba, 0x01, 0x00, 0x00, 0x00, 0x48, 0x89, 0xee, 0x4c, 0x89, 0xf7, 0xe8,
  0x40, 0xea, 0xff, 0xff, 0x85, 0xc0, 0x0f, 0x85, 0x29, 0x07, 0x00, 0x00,
  0x48, 0x8b, 0x44, 0x24, 0x08, 0xba, 0x08, 0x00, 0x00, 0x00, 0x48, 0xc1,
  0xe0, 0x04, 0x48, 0x83, 0xc0, 0x08, 0x48, 0x85, 0xdb, 0x48, 0x0f, 0x44,
  0xc2, 0x48, 0x01, 0xe8, 0x49, 0x39, 0xc7, 0x48, 0x8d, 0x04, 0xdd, 0x00,
  0x00, 0x00, 0x00, 0x0f, 0x93, 0xc1, 0x48, 0x85, 0xdb, 0x48, 0x0f, 0x44,
  0xc2, 0x4c, 0x01, 0xf8, 0x48, 0x39, 0xc5, 0x0f, 0x93, 0xc0, 0x08, 0xc1,
  0x0f, 0x84, 0x26, 0x05, 0x00, 0x00, 0x48, 0x83, 0xfb, 0x06, 0x0f, 0x86,
  0x1c, 0x05, 0x00, 0x00, 0x48, 0x85, 0xdb, 0xb8, 0x01, 0x00, 0x00, 0x00,
  0x48, 0x0f, 0x45, 0xc3, 0x48, 0x8d, 0x50, 0xff, 0x31, 0xc0, 0x48, 0x89,
  0xd1, 0x48, 0xd1, 0xe9, 0x48, 0xc1, 0xe1, 0x04, 0x66, 0x0f, 0x10, 0x44,
  0x45, 0x00, 0x66, 0x0f, 0x16, 0x44, 0x45, 0x10, 0x41, 0x0f, 0x11, 0x04,
  0x07, 0x48, 0x83, 0xc0, 0x10, 0x48, 0x39, 0xc1, 0x75, 0xe6, 0x48, 0x89,
  0xd0, 0x48, 0x83, 0xe0, 0xfe, 0x48, 0x89, 0xc2, 0x48, 0x8d, 0x0c, 0xc5,
  0x00, 0x00, 0x00, 0x00, 0x48, 0xc1, 0xe2, 0x04, 0xf2, 0x0f, 0x10, 0x44,
  0x15, 0x00, 0xf2, 0x41, 0x0f, 0x11, 0x04, 0xc7, 0x48, 0x83, 0xc0, 0x01,
  0x48, 0x39, 0xc3, 0x76, 0x0d, 0xf2, 0x0f, 0x10, 0x44, 0x15, 0x10, 0xf2,
  0x41, 0x0f, 0x11, 0x44, 0x0f, 0x08, 0x48, 0x89, 0xef, 0xe8, 0x36, 0xdf,
  0xfe, 0xff, 0xe9, 0xed, 0xfb, 0xff, 0xff, 0x90, 0x4c, 0x8b, 0x60, 0x08,
  0x49, 0x8b, 0x1c, 0x24, 0x49, 0x89, 0xdd, 0x49, 0xc1, 0xe5, 0x04, 0x4c,
  0x89, 0xef, 0xe8, 0xd9, 0xdf, 0xfe, 0xff, 0x48, 0x89, 0xc5, 0x48, 0x85,
  0xc0, 0x0f, 0x84, 0x60, 0x06, 0x00, 0x00, 0x48, 0x85, 0xdb, 0x0f, 0x84,
  0x9e, 0x00, 0x00, 0x00, 0x48, 0x8b, 0x7c, 0x24, 0x38, 0x48, 0x8d, 0x04,
  0xdd, 0x08, 0x00, 0x00, 0x00, 0x49, 0x01, 0xed, 0x4d, 0x39, 0xee, 0x48,
  0x8d, 0x14, 0x07, 0x0f, 0x93, 0xc1, 0x48, 0x39, 0xd5, 0x0f, 0x93, 0xc2,
  0x08, 0xd1, 0x0f, 0x84, 0x7c, 0x04, 0x00, 0x00, 0x48, 0x8d, 0x53, 0xff,
  0x48, 0x83, 0xfa, 0x03, 0x0f, 0x86, 0x6e, 0x04, 0x00, 0x00, 0x48, 0x89,
  0xda, 0x31, 0xc0, 0x48, 0x89, 0xf9, 0x48, 0xd1, 0xea, 0x48, 0xc1, 0xe2,
  0x04, 0x0f, 0x1f, 0x80, 0x00, 0x00, 0x00, 0x00, 0x66, 0x0f, 0x10, 0x44,
  0x01, 0x08, 0x66, 0x0f, 0xef, 0xe4, 0x66, 0x0f, 0x28, 0xd8, 0x66, 0x0f,
  0x73, 0xd8, 0x08, 0x66, 0x0f, 0x14, 0xdc, 0x0f, 0x11, 0x44, 0x45, 0x10,
  0x0f, 0x11, 0x5c, 0x45, 0x00, 0x48, 0x83, 0xc0, 0x10, 0x48, 0x39, 0xd0,
  0x75, 0xd6, 0x48, 0x89, 0xda, 0x48, 0x83, 0xe2, 0xfe, 0xf6, 0xc3, 0x01,
  0x74, 0x1c, 0x48, 0x89, 0xd0, 0xf2, 0x41, 0x0f, 0x10, 0x04, 0xd6, 0x48,
  0xc1, 0xe0, 0x04, 0x48, 0xc7, 0x44, 0x05, 0x08, 0x00, 0x00, 0x00, 0x00,
  0xf2, 0x0f, 0x11, 0x44, 0x05, 0x00, 0xf2, 0x0f, 0x10, 0x04, 0x24, 0xba,
  0xff, 0xff, 0xff, 0xff, 0x48, 0x89, 0xee, 0x4c, 0x89, 0xe7, 0xe8, 0xa1,
  0xed, 0xff, 0xff, 0x85, 0xc0, 0x0f, 0x85, 0x68, 0x05, 0x00, 0x00, 0xf2,
  0x0f, 0x10, 0x45, 0x00, 0x49, 0x8d, 0x7e, 0x08, 0x48, 0x8d, 0x14, 0xdd,
  0xf8, 0xff, 0xff, 0xff, 0x48, 0x8d, 0x75, 0x10, 0xf2, 0x41, 0x0f, 0x11,
  0x06, 0xe8, 0xba, 0xde, 0xfe, 0xff, 0x48, 0x89, 0xef, 0xe8, 0x22, 0xde,
  0xfe, 0xff, 0xe9, 0x23, 0xf7, 0xff, 0xff, 0x0f, 0x1f, 0x44, 0x00, 0x00,
  0x41, 0xbc, 0x01, 0x00, 0x00, 0x00, 0x48, 0x83, 0x7c, 0x24, 0x18, 0x00,
  0x74, 0x0a, 0x48, 0x8b, 0x7c, 0x24, 0x18, 0xe8, 0xb0, 0xc4, 0xff, 0xff,
  0x4d, 0x85, 0xf6, 0x74, 0x11, 0x49, 0x8b, 0x7e, 0x10, 0xe8, 0xf2, 0xdd,
  0xfe, 0xff, 0x4c, 0x89, 0xf7, 0xe8, 0xea, 0xdd, 0xfe, 0xff, 0x48, 0x8b,
  0x7c, 0x24, 0x08, 0xe8, 0xe0, 0xdd, 0xfe, 0xff, 0x48, 0x8b, 0x7c, 0x24,
  0x20, 0xe8, 0xe6, 0xdd, 0xfe, 0xff, 0x45, 0x85, 0xe4, 0x0f, 0x84, 0xa6,
  0xf7, 0xff, 0xff, 0x48, 0x8b, 0x4c, 0x24, 0x10, 0x48, 0x8b, 0x01, 0x48,
  0x89, 0x04, 0x24, 0x48, 0x83, 0xe8, 0x01, 0x48, 0x89, 0x01, 0x0f, 0x84,
  0x64, 0x01, 0x00, 0x00, 0xe8, 0xef, 0xdd, 0xfe, 0xff, 0x48, 0x89, 0x44,
  0x24, 0x10, 0xe9, 0x7e, 0xf7, 0xff, 0xff, 0x0f, 0x1f, 0x44, 0x00, 0x00,
  0x44, 0x8b, 0x64, 0x24, 0x28, 0xeb, 0x87, 0x66, 0x0f, 0x1f, 0x84, 0x00,
  0x00, 0x00, 0x00, 0x00, 0xf2, 0x0f, 0x10, 0x2c, 0x24, 0x66, 0x0f, 0x2e,
  0x2d, 0x93, 0x12, 0x00, 0x00, 0x7a, 0x0e, 0x66, 0x0f, 0x2f, 0x2d, 0x89,
  0x12, 0x00, 0x00, 0x0f, 0x84, 0x25, 0xfa, 0xff, 0xff, 0x48, 0x8b, 0x44,
  0x24, 0x08, 0x48, 0x85, 0xc0, 0x0f, 0x84, 0x17, 0xfa, 0xff, 0xff, 0x48,
  0xd1, 0xe8, 0x48, 0x8b, 0x54, 0x24, 0x50, 0xf2, 0x0f, 0x12, 0x0c, 0x24,
  0x48, 0xc1, 0xe0, 0x04, 0x4c, 0x01, 0xf8, 0x90, 0x66, 0x0f, 0x10, 0x02,
  0x48, 0x83, 0xc2, 0x10, 0x66, 0x0f, 0x59, 0xc1, 0x0f, 0x11, 0x42, 0xf0,
  0x48, 0x39, 0xc2, 0x75, 0xeb, 0x48, 0x8b, 0x4c, 0x24, 0x08, 0x48, 0x89,
  0xc8, 0x48, 0x83, 0xe0, 0xfe, 0x83, 0xe1, 0x01, 0x0f, 0x84, 0xd8, 0xf9,
  0xff, 0xff, 0x49, 0x8d, 0x04, 0xc7, 0xf2, 0x0f, 0x10, 0x04, 0x24, 0xf2,
  0x0f, 0x59, 0x00, 0xf2, 0x0f, 0x11, 0x00, 0xe9, 0xc2, 0xf9, 0xff, 0xff,
  0xf2, 0x0f, 0x10, 0x24, 0x24, 0x66, 0x0f, 0x2e, 0x25, 0x13, 0x12, 0x00,
  0x00, 0x7a, 0x0e, 0x66, 0x0f, 0x2f, 0x25, 0x09, 0x12, 0x00, 0x00, 0x0f,
  0x84, 0xef, 0xf5, 0xff, 0xff, 0x48, 0x8b, 0x44, 0x24, 0x08, 0x48, 0x85,
  0xc0, 0x0f, 0x84, 0xe1, 0xf5, 0xff, 0xff, 0x48, 0x89, 0xc2, 0x4c, 0x89,
  0xf0, 0x48, 0xd1, 0xea, 0x48, 0xc1, 0xe2, 0x04, 0x4c, 0x01, 0xf2, 0x0f,
  0x1f, 0x44, 0x00, 0x00, 0x66, 0x0f, 0x10, 0x00, 0x66, 0x0f, 0x59, 0x44,
  0x24, 0x40, 0x48, 0x83, 0xc0, 0x10, 0x0f, 0x11, 0x40, 0xf0, 0x48, 0x39,
  0xd0, 0x75, 0xe9, 0x48, 0x8b, 0x4c, 0x24, 0x08, 0x48, 0x89, 0xc8, 0x48,
  0x83, 0xe0, 0xfe, 0x83, 0xe1, 0x01, 0x0f, 0x84, 0xa0, 0xf5, 0xff, 0xff,
  0x49, 0x8d, 0x04, 0xc6, 0xf2, 0x0f, 0x10, 0x04, 0x24, 0xf2, 0x0f, 0x59,
  0x00, 0xf2, 0x0f, 0x11, 0x00, 0xe9, 0x8a, 0xf5, 0xff, 0xff, 0x66, 0x0f,
  0x1f, 0x44, 0x00, 0x00, 0x48, 0x8b, 0x94, 0x24, 0x80, 0x00, 0x00, 0x00,
  0x4c, 0x89, 0xe6, 0x4c, 0x89, 0xff, 0xe8, 0x05, 0xdd, 0xfe, 0xff, 0xe9,
  0x22, 0xf9, 0xff, 0xff, 0x48, 0x8b, 0x94, 0x24, 0x80, 0x00, 0x00, 0x00,
  0x4c, 0x89, 0xee, 0x4c, 0x89, 0xf7, 0xe8, 0xed, 0xdc, 0xfe, 0xff, 0xe9,
  0x54, 0xf5, 0xff, 0xff, 0x0f, 0x1f, 0x84, 0x00, 0x00, 0x00, 0x00, 0x00,
  0x48, 0x89, 0xcf, 0xe8, 0x78, 0xdc, 0xfe, 0xff, 0xe9, 0x8f, 0xfe, 0xff,
  0xff, 0x0f, 0x1f, 0x00, 0x48, 0x8b, 0x4c, 0x24, 0x78, 0x48, 0x8b, 0x01,
  0x48, 0x89, 0x04, 0x24, 0x48, 0x83, 0xe8, 0x01, 0x48, 0x89, 0x01, 0x0f,
  0x85, 0x73, 0xfe, 0xff, 0xff, 0x48, 0x8b, 0x7c, 0x24, 0x78, 0xe8, 0x4d,
  0xdc, 0xfe, 0xff, 0xe9, 0x64, 0xfe, 0xff, 0xff, 0x0f, 0x1f, 0x84, 0x00,
  0x00, 0x00, 0x00, 0x00, 0x4c, 0x89, 0xf8, 0x4c, 0x89, 0xfa, 0x66, 0x0f,
  0xef, 0xc0, 0x48, 0xd1, 0xe8, 0x83, 0xe2, 0x01, 0x48, 0x09, 0xd0, 0xf2,
  0x48, 0x0f, 0x2a, 0xc0, 0xf2, 0x0f, 0x58, 0xc0, 0xe9, 0x7f, 0xf0, 0xff,
  0xff, 0x0f, 0x1f, 0x80, 0x00, 0x00, 0x00, 0x00, 0x48, 0x89, 0xc2, 0x83,
  0xe0, 0x01, 0x66, 0x0f, 0xef, 0xc9, 0x48, 0xd1, 0xea, 0x48, 0x09, 0xc2,
  0xf2, 0x48, 0x0f, 0x2a, 0xca, 0xf2, 0x0f, 0x58, 0xc9, 0xe9, 0x48, 0xf0,
  0xff, 0xff, 0x48, 0x89, 0xc7, 0xe8, 0xc2, 0xdb, 0xfe, 0xff, 0x66, 0x90,
  0x48, 0x8b, 0x7c, 0x24, 0x20, 0xe8, 0xc6, 0xdb, 0xfe, 0xff, 0xe9, 0xe4,
  0xfd, 0xff, 0xff, 0x90, 0x48, 0x8b, 0x7c, 0x24, 0x78, 0x48, 0x8b, 0x07,
  0x48, 0x89, 0x04, 0x24, 0x48, 0x83, 0xe8, 0x01, 0x48, 0x89, 0x07, 0x0f,
  0x84, 0x70, 0xff, 0xff, 0xff, 0xe9, 0xde, 0xfd, 0xff, 0xff, 0x66, 0x90,
  0x4c, 0x89, 0xff, 0xe8, 0xf8, 0xc7, 0xff, 0xff, 0x4b, 0x8d, 0x7c, 0x3f,
  0xff, 0xf2, 0x0f, 0x11, 0x44, 0x24, 0x18, 0xe8, 0x88, 0xe2, 0xfe, 0xff,
  0x48, 0x89, 0xc7, 0xe8, 0xe0, 0xc7, 0xff, 0xff, 0xf2, 0x0f, 0x10, 0x4c,
  0x24, 0x18, 0x4c, 0x89, 0xff, 0xf2, 0x0f, 0x58, 0xc0, 0xf2, 0x0f, 0x59,
  0x05, 0x0b, 0x11, 0x00, 0x00, 0x66, 0x0f, 0x2f, 0xc8, 0x0f, 0x86, 0x00,
  0xf0, 0xff, 0xff, 0xe8, 0xec, 0xe0, 0xff, 0xff, 0x48, 0x8b, 0x4c, 0x24,
  0x08, 0x48, 0x89, 0x44, 0x24, 0x18, 0x48, 0x89, 0x41, 0x08, 0x48, 0x85,
  0xc0, 0x0f, 0x84, 0x7b, 0x02, 0x00, 0x00, 0x8b, 0x54, 0x24, 0x28, 0x45,
  0x31, 0xf6, 0x85, 0xd2, 0x0f, 0x8f, 0x03, 0xf0, 0xff, 0xff, 0x48, 0x89,
  0xc7, 0xe8, 0xce, 0xc1, 0xff, 0xff, 0x48, 0x8b, 0x7c, 0x24, 0x08, 0xe8,
  0x14, 0xdb, 0xfe, 0xff, 0x48, 0x8b, 0x7c, 0x24, 0x20, 0xe8, 0x1a, 0xdb,
  0xfe, 0xff, 0xe9, 0xde, 0xf4, 0xff, 0xff, 0x0f, 0x1f, 0x44, 0x00, 0x00,
  0x49, 0x83, 0xec, 0x20, 0x48, 0xc1, 0xe7, 0x04, 0x48, 0x01, 0xe8, 0x49,
  0x29, 0xfc, 0x4a, 0x8d, 0x54, 0x25, 0x00, 0x0f, 0x1f, 0x44, 0x00, 0x00,
  0xf2, 0x0f, 0x10, 0x01, 0x48, 0x83, 0xe8, 0x10, 0x48, 0x83, 0xc1, 0x10,
  0xf2, 0x0f, 0x11, 0x40, 0x10, 0xf2, 0x0f, 0x10, 0x41, 0xf8, 0x66, 0x0f,
  0x57, 0x05, 0x8a, 0x0d, 0x00, 0x00, 0xf2, 0x0f, 0x11, 0x40, 0x18, 0x48,
  0x39, 0xc2, 0x75, 0xd8, 0xe9, 0xa6, 0xfa, 0xff, 0xff, 0xf2, 0x0f, 0x10,
  0x04, 0x24, 0xba, 0x01, 0x00, 0x00, 0x00, 0x48, 0x89, 0xee, 0x4c, 0x89,
  0xf7, 0xe8, 0xe6, 0xe4, 0xff, 0xff, 0x85, 0xc0, 0x0f, 0x85, 0xcf, 0x01,
  0x00, 0x00, 0x48, 0x85, 0xdb, 0x0f, 0x84, 0x57, 0xfb, 0xff, 0xff, 0x0f,
  0x1f, 0x44, 0x00, 0x00, 0x31, 0xc0, 0x66, 0x0f, 0x1f, 0x44, 0x00, 0x00,
  0x48, 0x89, 0xc2, 0x48, 0xc1, 0xe2, 0x04, 0xf2, 0x0f, 0x10, 0x44, 0x15,
  0x00, 0xf2, 0x41, 0x0f, 0x11, 0x04, 0xc7, 0x48, 0x83, 0xc0, 0x01, 0x48,
  0x39, 0xc3, 0x77, 0xe4, 0xe9, 0x29, 0xfb, 0xff, 0xff, 0x0f, 0x1f, 0x80,
  0x00, 0x00, 0x00, 0x00, 0x48, 0x8b, 0x4c, 0x24, 0x38, 0x48, 0x8d, 0x50,
  0xf8, 0x31, 0xc0, 0x0f, 0x1f, 0x44, 0x00, 0x00, 0xf2, 0x0f, 0x10, 0x44,
  0x01, 0x08, 0x48, 0xc7, 0x44, 0x45, 0x08, 0x00, 0x00, 0x00, 0x00, 0xf2,
  0x0f, 0x11, 0x44, 0x45, 0x00, 0x48, 0x83, 0xc0, 0x08, 0x48, 0x39, 0xd0,
  0x75, 0xe2, 0xe9, 0xc7, 0xfb, 0xff, 0xff, 0x4c, 0x8b, 0x7c, 0x24, 0x28,
  0xc7, 0x44, 0x24, 0x30, 0x01, 0x00, 0x00, 0x00, 0x49, 0x8b, 0x47, 0x08,
  0x48, 0x89, 0xc7, 0x48, 0x85, 0xc0, 0x0f, 0x85, 0xff, 0xf6, 0xff, 0xff,
  0x48, 0x89, 0xdf, 0xe8, 0xf8, 0xc0, 0xff, 0xff, 0x4c, 0x89, 0xff, 0xe8,
  0x00, 0xda, 0xfe, 0xff, 0x48, 0x8b, 0xbc, 0x24, 0x88, 0x00, 0x00, 0x00,
  0xe8, 0x03, 0xda, 0xfe, 0xff, 0x48, 0x8b, 0x4c, 0x24, 0x78, 0x48, 0x8b,
  0x01, 0x48, 0x89, 0x04, 0x24, 0x48, 0x83, 0xe8, 0x01, 0x48, 0x89, 0x01,
  0x0f, 0x85, 0x0d, 0xfc, 0xff, 0xff, 0x48, 0x8b, 0x7c, 0x24, 0x78, 0xe8,
  0x00, 0xda, 0xfe, 0xff, 0xe9, 0xfe, 0xfb, 0xff, 0xff, 0x4c, 0x8b, 0x7c,
  0x24, 0x30, 0xbb, 0x01, 0x00, 0x00, 0x00, 0x4d, 0x8b, 0x67, 0x08, 0x4d,
  0x85, 0xe4, 0x0f, 0x85, 0xfe, 0xf2, 0xff, 0xff, 0x48, 0x89, 0xef, 0xe8,
  0x9c, 0xc0, 0xff, 0xff, 0x4c, 0x89, 0xff, 0xe8, 0xa4, 0xd9, 0xfe, 0xff,
  0x0f, 0x1f, 0x40, 0x00, 0x48, 0x8b, 0xbc, 0x24, 0x88, 0x00, 0x00, 0x00,
  0xe8, 0xa3, 0xd9, 0xfe, 0xff, 0x48, 0x8b, 0x4c, 0x24, 0x78, 0x48, 0x8b,
  0x01, 0x48, 0x89, 0x04, 0x24, 0x48, 0x83, 0xe8, 0x01, 0x48, 0x89, 0x01,
  0x0f, 0x84, 0xd7, 0x00, 0x00, 0x00, 0x48, 0x8b, 0x7c, 0x24, 0x10, 0x48,
  0x8b, 0x07, 0x48, 0x89, 0x04, 0x24, 0x48, 0x83, 0xe8, 0x01, 0x48, 0x89,
  0x07, 0x0f, 0x85, 0xad, 0xfb, 0xff, 0xff, 0xe9, 0x0f, 0xfd, 0xff, 0xff,
  0x48, 0x8b, 0x54, 0x24, 0x08, 0x31, 0xc0, 0x0f, 0x1f, 0x44, 0x00, 0x00,
  0xf2, 0x0f, 0x10, 0x04, 0x24, 0xf2, 0x41, 0x0f, 0x59, 0x04, 0xc4, 0xf2,
  0x41, 0x0f, 0x11, 0x04, 0xc7, 0x48, 0x83, 0xc0, 0x01, 0x48, 0x39, 0xc2,
  0x75, 0xe6, 0xe9, 0xe3, 0xf5, 0xff, 0xff, 0x89, 0xc2, 0x31, 0xc0, 0x0f,
  0x1f, 0x44, 0x00, 0x00, 0x49, 0x8b, 0x0c, 0xc4, 0x48, 0x89, 0x4c, 0xc5,
  0x00, 0x48, 0x89, 0xc1, 0x48, 0x83, 0xc0, 0x01, 0x48, 0x39, 0xd1, 0x75,
  0xeb, 0xe9, 0x19, 0xef, 0xff, 0xff, 0x48, 0x8b, 0x54, 0x24, 0x08, 0x48,
  0x8b, 0x4c, 0x24, 0x38, 0x31, 0xc0, 0x66, 0x90, 0xf2, 0x0f, 0x10, 0x04,
  0x24, 0xf2, 0x0f, 0x59, 0x44, 0xc5, 0x00, 0xf2, 0x0f, 0x11, 0x44, 0xc1,
  0x08, 0x48, 0x83, 0xc0, 0x01, 0x48, 0x39, 0xc2, 0x75, 0xe6, 0xe9, 0xdd,
  0xf1, 0xff, 0xff, 0x48, 0x89, 0xef, 0xbb, 0x01, 0x00, 0x00, 0x00, 0xe8,
  0xd4, 0xd8, 0xfe, 0xff, 0xe9, 0x0b, 0xf2, 0xff, 0xff, 0x48, 0x89, 0xef,
  0xe8, 0xc7, 0xd8, 0xfe, 0xff, 0xc7, 0x44, 0x24, 0x30, 0x01, 0x00, 0x00,
  0x00, 0xe9, 0x98, 0xf5, 0xff, 0xff, 0x48, 0x89, 0xcf, 0xe8, 0xb2, 0xd8,
  0xfe, 0xff, 0xe9, 0xed, 0xfc, 0xff, 0xff, 0xbb, 0x01, 0x00, 0x00, 0x00,
  0xe9, 0xed, 0xf1, 0xff, 0xff, 0x48, 0x8b, 0x7c, 0x24, 0x78, 0xe8, 0xc9,
  0xd8, 0xfe, 0xff, 0xe9, 0x1a, 0xff, 0xff, 0xff, 0xc7, 0x44, 0x24, 0x30,
  0x01, 0x00, 0x00, 0x00, 0x4c, 0x89, 0xf7, 0xe9, 0x73, 0xf5, 0xff, 0xff,
  0xf2, 0x0f, 0x11, 0x4c, 0x24, 0x18, 0xe8, 0x79, 0xd9, 0xfe, 0xff, 0xf2,
  0x0f, 0x10, 0x4c, 0x24, 0x18, 0xe9, 0x10, 0xed, 0xff, 0xff, 0x48, 0x8b,
  0x4c, 0x24, 0x78, 0x48, 0x8b, 0x01, 0x48, 0x89, 0x04, 0x24, 0x48, 0x83,
  0xe8, 0x01, 0x48, 0x89, 0x01, 0x0f, 0x85, 0x25, 0xf2, 0xff, 0xff, 0x48,
  0x89, 0xcf, 0xe8, 0x7d, 0xd8, 0xfe, 0xff, 0xe9, 0x18, 0xf2, 0xff, 0xff,
  0x0f, 0x1f, 0x84, 0x00, 0x00, 0x00, 0x00, 0x00, 0x41, 0x55, 0xbe, 0xf5,
  0x03, 0x00, 0x00, 0x48, 0x8d, 0x3d, 0xc2, 0x38, 0x00, 0x00, 0x41, 0x54,
  0x55, 0xe8, 0xca, 0xd8, 0xfe, 0xff, 0x49, 0x89, 0xc5, 0x48, 0x85, 0xc0,
  0x0f, 0x84, 0xad, 0x00, 0x00, 0x00, 0x48, 0x8d, 0x3d, 0xf4, 0x07, 0x00,
  0x00, 0xe8, 0xc2, 0xd8, 0xfe, 0xff, 0x49, 0x89, 0xc4, 0x48, 0x85, 0xc0,
  0x0f, 0x84, 0xef, 0x00, 0x00, 0x00, 0x48, 0x8d, 0x35, 0xf9, 0x07, 0x00,
  0x00, 0x48, 0x89, 0xc7, 0xe8, 0x17, 0xd8, 0xfe, 0xff, 0x49, 0x83, 0x2c,
  0x24, 0x01, 0x48, 0x89, 0xc5, 0x0f, 0x84, 0x89, 0x00, 0x00, 0x00, 0x48,
  0x85, 0xed, 0x0f, 0x84, 0x8f, 0x01, 0x00, 0x00, 0x48, 0x8b, 0x05, 0x81,
  0x37, 0x00, 0x00, 0x48, 0x39, 0x45, 0x08, 0x0f, 0x85, 0xdf, 0x00, 0x00,
  0x00, 0x31, 0xf6, 0x48, 0x89, 0xef, 0xe8, 0xe5, 0xd8, 0xfe, 0xff, 0x48,
  0x83, 0x6d, 0x00, 0x01, 0x48, 0x89, 0x05, 0x11, 0x39, 0x00, 0x00, 0x74,
  0x67, 0x48, 0x85, 0xc0, 0x0f, 0x84, 0x42, 0x01, 0x00, 0x00, 0xff, 0x10,
  0x3d, 0x09, 0x00, 0x00, 0x01, 0x48, 0x8b, 0x05, 0xf8, 0x38, 0x00, 0x00,
  0x75, 0x66, 0xff, 0x90, 0x98, 0x06, 0x00, 0x00, 0x83, 0xf8, 0x0f, 0x48,
  0x8b, 0x05, 0xe6, 0x38, 0x00, 0x00, 0x0f, 0x86, 0xbf, 0x00, 0x00, 0x00,
  0xff, 0x90, 0x90, 0x06, 0x00, 0x00, 0x85, 0xc0, 0x0f, 0x84, 0xf3, 0x00,
  0x00, 0x00, 0x83, 0xf8, 0x01, 0x0f, 0x85, 0xcf, 0x00, 0x00, 0x00, 0x4c,
  0x89, 0xe8, 0x5d, 0x41, 0x5c, 0x41, 0x5d, 0xc3, 0x0f, 0x1f, 0x84, 0x00,
  0x00, 0x00, 0x00, 0x00, 0x4c, 0x89, 0xe7, 0xe8, 0x88, 0xd7, 0xfe, 0xff,
  0xe9, 0x6a, 0xff, 0xff, 0xff, 0x0f, 0x1f, 0x00, 0x48, 0x89, 0xef, 0xe8,
  0x78, 0xd7, 0xfe, 0xff, 0x48, 0x8b, 0x05, 0x99, 0x38, 0x00, 0x00, 0xeb,
  0x88, 0x0f, 0x1f, 0x80, 0x00, 0x00, 0x00, 0x00, 0xff, 0x10, 0xba, 0x09,
  0x00, 0x00, 0x01, 0x48, 0x8d, 0x35, 0xa2, 0x07, 0x00, 0x00, 0x89, 0xc1,
  0x48, 0x8b, 0x05, 0xb9, 0x36, 0x00, 0x00, 0x48, 0x8b, 0x38, 0x31, 0xc0,
  0xe8, 0x27, 0xd8, 0xfe, 0xff, 0xe8, 0x72, 0xd7, 0xfe, 0xff, 0x48, 0x8b,
  0x05, 0xbb, 0x36, 0x00, 0x00, 0x48, 0x8d, 0x35, 0x7c, 0x09, 0x00, 0x00,
  0x45, 0x31, 0xed, 0x48, 0x8b, 0x38, 0xe8, 0x49, 0xd7, 0xfe, 0xff, 0xeb,
  0x86, 0x0f, 0x1f, 0x80, 0x00, 0x00, 0x00, 0x00, 0x48, 0x8b, 0x05, 0x81,
  0x36, 0x00, 0x00, 0x48, 0x8d, 0x35, 0x32, 0x07, 0x00, 0x00, 0x48, 0x8b,
  0x38, 0xe8, 0x2a, 0xd7, 0xfe, 0xff, 0x48, 0x83, 0x6d, 0x00, 0x01, 0x75,
  0xbc, 0x48, 0x89, 0xef, 0xe8, 0xfb, 0xd6, 0xfe, 0xff, 0xeb, 0xb2, 0xff,
  0x90, 0x98, 0x06, 0x00, 0x00, 0xba, 0x10, 0x00, 0x00, 0x00, 0x48, 0x8d,
  0x35, 0x7f, 0x07, 0x00, 0x00, 0x89, 0xc1, 0x48, 0x8b, 0x05, 0x46, 0x36,
  0x00, 0x00, 0x48, 0x8b, 0x38, 0x31, 0xc0, 0xe8, 0xb4, 0xd7, 0xfe, 0xff,
  0xeb, 0x8b, 0x48, 0x8b, 0x05, 0x33, 0x36, 0x00, 0x00, 0x48, 0x8d, 0x35,
  0xb4, 0x08, 0x00, 0x00, 0x48, 0x8b, 0x38, 0xe8, 0xdc, 0xd6, 0xfe, 0xff,
  0xe9, 0x70, 0xff, 0xff, 0xff, 0x48, 0x8b, 0x05, 0x18, 0x36, 0x00, 0x00,
  0x48, 0x8d, 0x35, 0x69, 0x08, 0x00, 0x00, 0x48, 0x8b, 0x38, 0xe8, 0xc1,
  0xd6, 0xfe, 0xff, 0xe9, 0x55, 0xff, 0xff, 0xff, 0x48, 0x8b, 0x05, 0xfd,
  0x35, 0x00, 0x00, 0x48, 0x8d, 0x35, 0x78, 0x06, 0x00, 0x00, 0x48, 0x8b,
  0x38, 0xe8, 0xa6, 0xd6, 0xfe, 0xff, 0xe9, 0x3a, 0xff, 0xff, 0xff, 0x48,
  0x8b, 0x05, 0x02, 0x36, 0x00, 0x00, 0x48, 0x8d, 0x35, 0x48, 0x06, 0x00,
  0x00, 0x48, 0x8b, 0x38, 0xe8, 0x8b, 0xd6, 0xfe, 0xff, 0xe9, 0x1f, 0xff,
  0xff, 0xff, 0x00, 0x00, 0x48, 0x83, 0xec, 0x08, 0x48, 0x83, 0xc4, 0x08,
  0xc3, 0x00, 0x00, 0x00, 0x00, 0x00, 0x00, 0x00, 0x00, 0x00, 0x00, 0x00,
  0x00, 0x00, 0x00, 0x00, 0x00, 0x00, 0x00, 0x00, 0x00, 0x00, 0x00, 0x00,
  0x00, 0x00, 0x00, 0x00, 0x00, 0x00, 0x00, 0x00, 0x00, 0x00, 0x00, 0x00,
  0x00, 0x00, 0x00, 0x00, 0x00, 0x00, 0x00, 0x00, 0x00, 0x00, 0x00, 0x00,
  0x00, 0x00, 0x00, 0x00, 0x00, 0x00, 0x00, 0x00, 0x00, 0x00, 0x00, 0x00,
  0x00, 0x00, 0x00, 0x00, 0x00, 0x00, 0x00, 0x00, 0x00, 0x00, 0x00, 0x00,
  0x00, 0x00, 0x00, 0x00, 0x00, 0x00, 0x00, 0x00, 0x00, 0x00, 0x00, 0x00,
  0x00, 0x00, 0x00, 0x00, 0x00, 0x00, 0x00, 0x00, 0x00, 0x00, 0x00, 0x00,
  0x00, 0x00, 0x00, 0x00, 0x00, 0x00, 0x00, 0x00, 0x00, 0x00, 0x00, 0x00,
  0x00, 0x00, 0x00, 0x00, 0x00, 0x00, 0x00, 0x00, 0x00, 0x00, 0x00, 0x00,
  0x00, 0x00, 0x00, 0x00, 0x00, 0x00, 0x00, 0x00, 0x00, 0x00, 0x00, 0x00,
  0x00, 0x00, 0x00, 0x00, 0x00, 0x00, 0x00, 0x00, 0x00, 0x00, 0x00, 0x00,
  0x00, 0x00, 0x00, 0x00, 0x00, 0x00, 0x00, 0x00, 0x00, 0x00, 0x00, 0x00,
  0x00, 0x00, 0x00, 0x00, 0x00, 0x00, 0x00, 0x00, 0x00, 0x00, 0x00, 0x00,
  0x00, 0x00, 0x00, 0x00, 0x00, 0x00, 0x00, 0x00, 0x00, 0x00, 0x00, 0x00,
  0x00, 0x00, 0x00, 0x00, 0x00, 0x00, 0x00, 0x00, 0x00, 0x00, 0x00, 0x00,
  0x00, 0x00, 0x00, 0x00, 0x00, 0x00, 0x00, 0x00, 0x00, 0x00, 0x00, 0x00,
  0x00, 0x00, 0x00, 0x00, 0x00, 0x00, 0x00, 0x00, 0x00, 0x00, 0x00, 0x00,
  0x00, 0x00, 0x00, 0x00, 0x00, 0x00, 0x00, 0x00, 0x00, 0x00, 0x00, 0x00,
  0x00, 0x00, 0x00, 0x00, 0x00, 0x00, 0x00, 0x00, 0x00, 0x00, 0x00, 0x00,
  0x00, 0x00, 0x00, 0x00, 0x00, 0x00, 0x00, 0x00, 0x00, 0x00, 0x00, 0x00,
  0x00, 0x00, 0x00, 0x00, 0x00, 0x00, 0x00, 0x00, 0x00, 0x00, 0x00, 0x00,
  0x00, 0x00, 0x00, 0x00, 0x00, 0x00, 0x00, 0x00, 0x00, 0x00, 0x00, 0x00,
  0x00, 0x00, 0x00, 0x00, 0x00, 0x00, 0x00, 0x00, 0x00, 0x00, 0x00, 0x00,
  0x00, 0x00, 0x00, 0x00, 0x00, 0x00, 0x00, 0x00, 0x00, 0x00, 0x00, 0x00,
  0x00, 0x00, 0x00, 0x00, 0x00, 0x00, 0x00, 0x00, 0x00, 0x00, 0x00, 0x00,
  0x00, 0x00, 0x00, 0x00, 0x00, 0x00, 0x00, 0x00, 0x00, 0x00, 0x00, 0x00,
  0x00, 0x00, 0x00, 0x00, 0x00, 0x00, 0x00, 0x00, 0x00, 0x00, 0x00, 0x00,
  0x00, 0x00, 0x00, 0x00, 0x00, 0x00, 0x00, 0x00, 0x00, 0x00, 0x00, 0x00,
  0x00, 0x00, 0x00, 0x00, 0x00, 0x00, 0x00, 0x00, 0x00, 0x00, 0x00, 0x00,
  0x00, 0x00, 0x00, 0x00, 0x00, 0x00, 0x00, 0x00, 0x00, 0x00, 0x00, 0x00,
  0x00, 0x00, 0x00, 0x00, 0x00, 0x00, 0x00, 0x00, 0x00, 0x00, 0x00, 0x00,
  0x00, 0x00, 0x00, 0x00, 0x00, 0x00, 0x00, 0x00, 0x00, 0x00, 0x00, 0x00,
  0x00, 0x00, 0x00, 0x00, 0x00, 0x00, 0x00, 0x00, 0x00, 0x00, 0x00, 0x00,
  0x00, 0x00, 0x00, 0x00, 0x00, 0x00, 0x00, 0x00, 0x00, 0x00, 0x00, 0x00,
  0x00, 0x00, 0x00, 0x00, 0x00, 0x00, 0x00, 0x00, 0x00, 0x00, 0x00, 0x00,
  0x00, 0x00, 0x00, 0x00, 0x00, 0x00, 0x00, 0x00, 0x00, 0x00, 0x00, 0x00,
  0x00, 0x00, 0x00, 0x00, 0x00, 0x00, 0x00, 0x00, 0x00, 0x00, 0x00, 0x00,
  0x00, 0x00, 0x00, 0x00, 0x00, 0x00, 0x00, 0x00, 0x00, 0x00, 0x00, 0x00,
  0x00, 0x00, 0x00, 0x00, 0x00, 0x00, 0x00, 0x00, 0x00, 0x00, 0x00, 0x00,
  0x00, 0x00, 0x00, 0x00, 0x00, 0x00, 0x00, 0x00, 0x00, 0x00, 0x00, 0x00,
  0x00, 0x00, 0x00, 0x00, 0x00, 0x00, 0x00, 0x00, 0x00, 0x00, 0x00, 0x00,
  0x00, 0x00, 0x00, 0x00, 0x00, 0x00, 0x00, 0x00, 0x00, 0x00, 0x00, 0x00,
  0x00, 0x00, 0x00, 0x00, 0x00, 0x00, 0x00, 0x00, 0x00, 0x00, 0x00, 0x00,
  0x00, 0x00, 0x00, 0x00, 0x00, 0x00, 0x00, 0x00, 0x00, 0x00, 0x00, 0x00,
  0x00, 0x00, 0x00, 0x00, 0x00, 0x00, 0x00, 0x00, 0x00, 0x00, 0x00, 0x00,
  0x00, 0x00, 0x00, 0x00, 0x00, 0x00, 0x00, 0x00, 0x00, 0x00, 0x00, 0x00,
  0x00, 0x00, 0x00, 0x00, 0x00, 0x00, 0x00, 0x00, 0x00, 0x00, 0x00, 0x00,
  0x00, 0x00, 0x00, 0x00, 0x00, 0x00, 0x00, 0x00, 0x00, 0x00, 0x00, 0x00,
  0x00, 0x00, 0x00, 0x00, 0x00, 0x00, 0x00, 0x00, 0x00, 0x00, 0x00, 0x00,
  0x00, 0x00, 0x00, 0x00, 0x00, 0x00, 0x00, 0x00, 0x00, 0x00, 0x00, 0x00,
  0x00, 0x00, 0x00, 0x00, 0x00, 0x00, 0x00, 0x00, 0x00, 0x00, 0x00, 0x00,
  0x00, 0x00, 0x00, 0x00, 0x00, 0x00, 0x00, 0x00, 0x00, 0x00, 0x00, 0x00,
  0x00, 0x00, 0x00, 0x00, 0x00, 0x00, 0x00, 0x00, 0x00, 0x00, 0x00, 0x00,
  0x00, 0x00, 0x00, 0x00, 0x00, 0x00, 0x00, 0x00, 0x00, 0x00, 0x00, 0x00,
  0x00, 0x00, 0x00, 0x00, 0x00, 0x00, 0x00, 0x00, 0x00, 0x00, 0x00, 0x00,
  0x00, 0x00, 0x00, 0x00, 0x00, 0x00, 0x00, 0x00, 0x00, 0x00, 0x00, 0x00,
  0x00, 0x00, 0x00, 0x00, 0x00, 0x00, 0x00, 0x00, 0x00, 0x00, 0x00, 0x00,
  0x00, 0x00, 0x00, 0x00, 0x00, 0x00, 0x00, 0x00, 0x00, 0x00, 0x00, 0x00,
  0x00, 0x00, 0x00, 0x00, 0x00, 0x00, 0x00, 0x00, 0x00, 0x00, 0x00, 0x00,
  0x00, 0x00, 0x00, 0x00, 0x00, 0x00, 0x00, 0x00, 0x00, 0x00, 0x00, 0x00,
  0x00, 0x00, 0x00, 0x00, 0x00, 0x00, 0x00, 0x00, 0x00, 0x00, 0x00, 0x00,
  0x00, 0x00, 0x00, 0x00, 0x00, 0x00, 0x00, 0x00, 0x00, 0x00, 0x00, 0x00,
  0x00, 0x00, 0x00, 0x00, 0x00, 0x00, 0x00, 0x00, 0x00, 0x00, 0x00, 0x00,
  0x00, 0x00, 0x00, 0x00, 0x00, 0x00, 0x00, 0x00, 0x00, 0x00, 0x00, 0x00,
  0x00, 0x00, 0x00, 0x00, 0x00, 0x00, 0x00, 0x00, 0x00, 0x00, 0x00, 0x00,
  0x00, 0x00, 0x00, 0x00, 0x00, 0x00, 0x00, 0x00, 0x00, 0x00, 0x00, 0x00,
  0x00, 0x00, 0x00, 0x00, 0x00, 0x00, 0x00, 0x00, 0x00, 0x00, 0x00, 0x00,
  0x00, 0x00, 0x00, 0x00, 0x00, 0x00, 0x00, 0x00, 0x00, 0x00, 0x00, 0x00,
  0x00, 0x00, 0x00, 0x00, 0x00, 0x00, 0x00, 0x00, 0x00, 0x00, 0x00, 0x00,
  0x00, 0x00, 0x00, 0x00, 0x00, 0x00, 0x00, 0x00, 0x00, 0x00, 0x00, 0x00,
  0x00, 0x00, 0x00, 0x00, 0x00, 0x00, 0x00, 0x00, 0x00, 0x00, 0x00, 0x00,
  0x00, 0x00, 0x00, 0x00, 0x00, 0x00, 0x00, 0x00, 0x00, 0x00, 0x00, 0x00,
  0x00, 0x00, 0x00, 0x00, 0x00, 0x00, 0x00, 0x00, 0x00, 0x00, 0x00, 0x00,
  0x00, 0x00, 0x00, 0x00, 0x00, 0x00, 0x00, 0x00, 0x00, 0x00, 0x00, 0x00,
  0x00, 0x00, 0x00, 0x00, 0x00, 0x00, 0x00, 0x00, 0x00, 0x00, 0x00, 0x00,
  0x00, 0x00, 0x00, 0x00, 0x00, 0x00, 0x00, 0x00, 0x00, 0x00, 0x00, 0x00,
  0x00, 0x00, 0x00, 0x00, 0x00, 0x00, 0x00, 0x00, 0x00, 0x00, 0x00, 0x00,
  0x00, 0x00, 0x00, 0x00, 0x00, 0x00, 0x00, 0x00, 0x00, 0x00, 0x00, 0x00,
  0x00, 0x00, 0x00, 0x00, 0x00, 0x00, 0x00, 0x00, 0x00, 0x00, 0x00, 0x00,
  0x00, 0x00, 0x00, 0x00, 0x00, 0x00, 0x00, 0x00, 0x00, 0x00, 0x00, 0x00,
  0x00, 0x00, 0x00, 0x00, 0x00, 0x00, 0x00, 0x00, 0x00, 0x00, 0x00, 0x00,
  0x00, 0x00, 0x00, 0x00, 0x00, 0x00, 0x00, 0x00, 0x00, 0x00, 0x00, 0x00,
  0x00, 0x00, 0x00, 0x00, 0x00, 0x00, 0x00, 0x00, 0x00, 0x00, 0x00, 0x00,
  0x00, 0x00, 0x00, 0x00, 0x00, 0x00, 0x00, 0x00, 0x00, 0x00, 0x00, 0x00,
  0x00, 0x00, 0x00, 0x00, 0x00, 0x00, 0x00, 0x00, 0x00, 0x00, 0x00, 0x00,
  0x00, 0x00, 0x00, 0x00, 0x00, 0x00, 0x00, 0x00, 0x00, 0x00, 0x00, 0x00,
  0x00, 0x00, 0x00, 0x00, 0x00, 0x00, 0x00, 0x00, 0x00, 0x00, 0x00, 0x00,
  0x00, 0x00, 0x00, 0x00, 0x00, 0x00, 0x00, 0x00, 0x00, 0x00, 0x00, 0x00,
  0x00, 0x00, 0x00, 0x00, 0x00, 0x00, 0x00, 0x00, 0x00, 0x00, 0x00, 0x00,
  0x00, 0x00, 0x00, 0x00, 0x00, 0x00, 0x00, 0x00, 0x00, 0x00, 0x00, 0x00,
  0x00, 0x00, 0x00, 0x00, 0x00, 0x00, 0x00, 0x00, 0x00, 0x00, 0x00, 0x00,
  0x00, 0x00, 0x00, 0x00, 0x00, 0x00, 0x00, 0x00, 0x00, 0x00, 0x00, 0x00,
  0x00, 0x00, 0x00, 0x00, 0x00, 0x00, 0x00, 0x00, 0x00, 0x00, 0x00, 0x00,
  0x00, 0x00, 0x00, 0x00, 0x00, 0x00, 0x00, 0x00, 0x00, 0x00, 0x00, 0x00,
  0x00, 0x00, 0x00, 0x00, 0x00, 0x00, 0x00, 0x00, 0x00, 0x00, 0x00, 0x00,
  0x00, 0x00, 0x00, 0x00, 0x00, 0x00, 0x00, 0x00, 0x00, 0x00, 0x00, 0x00,
  0x00, 0x00, 0x00, 0x00, 0x00, 0x00, 0x00, 0x00, 0x00, 0x00, 0x00, 0x00,
  0x00, 0x00, 0x00, 0x00, 0x00, 0x00, 0x00, 0x00, 0x00, 0x00, 0x00, 0x00,
  0x00, 0x00, 0x00, 0x00, 0x00, 0x00, 0x00, 0x00, 0x00, 0x00, 0x00, 0x00,
  0x00, 0x00, 0x00, 0x00, 0x00, 0x00, 0x00, 0x00, 0x00, 0x00, 0x00, 0x00,
  0x00, 0x00, 0x00, 0x00, 0x00, 0x00, 0x00, 0x00, 0x00, 0x00, 0x00, 0x00,
  0x00, 0x00, 0x00, 0x00, 0x00, 0x00, 0x00, 0x00, 0x00, 0x00, 0x00, 0x00,
  0x00, 0x00, 0x00, 0x00, 0x00, 0x00, 0x00, 0x00, 0x00, 0x00, 0x00, 0x00,
  0x00, 0x00, 0x00, 0x00, 0x00, 0x00, 0x00, 0x00, 0x00, 0x00, 0x00, 0x00,
  0x00, 0x00, 0x00, 0x00, 0x00, 0x00, 0x00, 0x00, 0x00, 0x00, 0x00, 0x00,
  0x00, 0x00, 0x00, 0x00, 0x00, 0x00, 0x00, 0x00, 0x00, 0x00, 0x00, 0x00,
  0x00, 0x00, 0x00, 0x00, 0x00, 0x00, 0x00, 0x00, 0x00, 0x00, 0x00, 0x00,
  0x00, 0x00, 0x00, 0x00, 0x00, 0x00, 0x00, 0x00, 0x00, 0x00, 0x00, 0x00,
  0x00, 0x00, 0x00, 0x00, 0x00, 0x00, 0x00, 0x00, 0x00, 0x00, 0x00, 0x00,
  0x00, 0x00, 0x00, 0x00, 0x00, 0x00, 0x00, 0x00, 0x00, 0x00, 0x00, 0x00,
  0x00, 0x00, 0x00, 0x00, 0x00, 0x00, 0x00, 0x00, 0x00, 0x00, 0x00, 0x00,
  0x00, 0x00, 0x00, 0x00, 0x00, 0x00, 0x00, 0x00, 0x00, 0x00, 0x00, 0x00,
  0x00, 0x00, 0x00, 0x00, 0x00, 0x00, 0x00, 0x00, 0x00, 0x00, 0x00, 0x00,
  0x00, 0x00, 0x00, 0x00, 0x00, 0x00, 0x00, 0x00, 0x00, 0x00, 0x00, 0x00,
  0x00, 0x00, 0x00, 0x00, 0x00, 0x00, 0x00, 0x00, 0x00, 0x00, 0x00, 0x00,
  0x00, 0x00, 0x00, 0x00, 0x00, 0x00, 0x00, 0x00, 0x00, 0x00, 0x00, 0x00,
  0x00, 0x00, 0x00, 0x00, 0x00, 0x00, 0x00, 0x00, 0x00, 0x00, 0x00, 0x00,
  0x00, 0x00, 0x00, 0x00, 0x00, 0x00, 0x00, 0x00, 0x00, 0x00, 0x00, 0x00,
  0x00, 0x00, 0x00, 0x00, 0x00, 0x00, 0x00, 0x00, 0x00, 0x00, 0x00, 0x00,
  0x00, 0x00, 0x00, 0x00, 0x00, 0x00, 0x00, 0x00, 0x00, 0x00, 0x00, 0x00,
  0x00, 0x00, 0x00, 0x00, 0x00, 0x00, 0x00, 0x00, 0x00, 0x00, 0x00, 0x00,
  0x00, 0x00, 0x00, 0x00, 0x00, 0x00, 0x00, 0x00, 0x00, 0x00, 0x00, 0x00,
  0x00, 0x00, 0x00, 0x00, 0x00, 0x00, 0x00, 0x00, 0x00, 0x00, 0x00, 0x00,
  0x00, 0x00, 0x00, 0x00, 0x00, 0x00, 0x00, 0x00, 0x00, 0x00, 0x00, 0x00,
  0x00, 0x00, 0x00, 0x00, 0x00, 0x00, 0x00, 0x00, 0x00, 0x00, 0x00, 0x00,
  0x00, 0x00, 0x00, 0x00, 0x00, 0x00, 0x00, 0x00, 0x00, 0x00, 0x00, 0x00,
  0x00, 0x00, 0x00, 0x00, 0x00, 0x00, 0x00, 0x00, 0x4f, 0x69, 0x69, 0x64,
  0x3a, 0x65, 0x78, 0x65, 0x63, 0x75, 0x74, 0x65, 0x00, 0x6e, 0x75, 0x6d,
  0x70, 0x79, 0x2e, 0x63, 0x6f, 0x72, 0x65, 0x2e, 0x5f, 0x6d, 0x75, 0x6c,
  0x74, 0x69, 0x61, 0x72, 0x72, 0x61, 0x79, 0x5f, 0x75, 0x6d, 0x61, 0x74,
  0x68, 0x00, 0x5f, 0x41, 0x52, 0x52, 0x41, 0x59, 0x5f, 0x41, 0x50, 0x49,
  0x00, 0x5f, 0x41, 0x52, 0x52, 0x41, 0x59, 0x5f, 0x41, 0x50, 0x49, 0x20,
  0x6e, 0x6f, 0x74, 0x20, 0x66, 0x6f, 0x75, 0x6e, 0x64, 0x00, 0x5f, 0x41,
  0x52, 0x52, 0x41, 0x59, 0x5f, 0x41, 0x50, 0x49, 0x20, 0x69, 0x73, 0x20,
  0x4e, 0x55, 0x4c, 0x4c, 0x20, 0x70, 0x6f, 0x69, 0x6e, 0x74, 0x65, 0x72,
  0x00, 0x5f, 0x70, 0x6f, 0x63, 0x6b, 0x65, 0x74, 0x66, 0x66, 0x74, 0x5f,
  0x69, 0x6e, 0x74, 0x65, 0x72, 0x6e, 0x61, 0x6c, 0x00, 0x00, 0x00, 0x00,
  0x00, 0x00, 0x00, 0x00, 0x5f, 0x41, 0x52, 0x52, 0x41, 0x59, 0x5f, 0x41,
  0x50, 0x49, 0x20, 0x69, 0x73, 0x20, 0x6e, 0x6f, 0x74, 0x20, 0x50, 0x79,
  0x43, 0x61, 0x70, 0x73, 0x75, 0x6c, 0x65, 0x20, 0x6f, 0x62, 0x6a, 0x65,
  0x63, 0x74, 0x00, 0x00, 0x00, 0x00, 0x00, 0x00, 0x6d, 0x6f, 0x64, 0x75,
  0x6c, 0x65, 0x20, 0x63, 0x6f, 0x6d, 0x70, 0x69, 0x6c, 0x65, 0x64, 0x20,
  0x61, 0x67, 0x61, 0x69, 0x6e, 0x73, 0x74, 0x20, 0x41, 0x42, 0x49, 0x20,
  0x76, 0x65, 0x72, 0x73, 0x69, 0x6f, 0x6e, 0x20, 0x30, 0x78, 0x25, 0x78,
  0x20, 0x62, 0x75, 0x74, 0x20, 0x74, 0x68, 0x69, 0x73, 0x20, 0x76, 0x65,
  0x72, 0x73, 0x69, 0x6f, 0x6e, 0x20, 0x6f, 0x66, 0x20, 0x6e, 0x75, 0x6d,
  0x70, 0x79, 0x20, 0x69, 0x73, 0x20, 0x30, 0x78, 0x25, 0x78, 0x00, 0x00,
  0x00, 0x00, 0x00, 0x00, 0x6d, 0x6f, 0x64, 0x75, 0x6c, 0x65, 0x20, 0x63,
  0x6f, 0x6d, 0x70, 0x69, 0x6c, 0x65, 0x64, 0x20, 0x61, 0x67, 0x61, 0x69,
  0x6e, 0x73, 0x74, 0x20, 0x41, 0x50, 0x49, 0x20, 0x76, 0x65, 0x72, 0x73,
  0x69, 0x6f, 0x6e, 0x20, 0x30, 0x78, 0x25, 0x78, 0x20, 0x62, 0x75, 0x74,
  0x20, 0x74, 0x68, 0x69, 0x73, 0x20, 0x76, 0x65, 0x72, 0x73, 0x69, 0x6f,
  0x6e, 0x20, 0x6f, 0x66, 0x20, 0x6e, 0x75, 0x6d, 0x70, 0x79, 0x20, 0x69,
  0x73, 0x20, 0x30, 0x78, 0x25, 0x78, 0x20, 0x2e, 0x20, 0x43, 0x68, 0x65,
  0x63, 0x6b, 0x20, 0x74, 0x68, 0x65, 0x20, 0x73, 0x65, 0x63, 0x74, 0x69,
  0x6f, 0x6e, 0x20, 0x43, 0x2d, 0x41, 0x50, 0x49, 0x20, 0x69, 0x6e, 0x63,
  0x6f, 0x6d, 0x70, 0x61, 0x74, 0x69, 0x62, 0x69, 0x6c, 0x69, 0x74, 0x79,
  0x20, 0x61, 0x74, 0x20, 0x74, 0x68, 0x65, 0x20, 0x54, 0x72, 0x6f, 0x75,
  0x62, 0x6c, 0x65, 0x73, 0x68, 0x6f, 0x6f, 0x74, 0x69, 0x6e, 0x67, 0x20,
  0x49, 0x6d, 0x70, 0x6f, 0x72, 0x74, 0x45, 0x72, 0x72, 0x6f, 0x72, 0x20,
  0x73, 0x65, 0x63, 0x74, 0x69, 0x6f, 0x6e, 0x20, 0x61, 0x74, 0x20, 0x68,
  0x74, 0x74, 0x70, 0x73, 0x3a, 0x2f, 0x2f, 0x6e, 0x75, 0x6d, 0x70, 0x79,
  0x2e, 0x6f, 0x72, 0x67, 0x2f, 0x64, 0x65, 0x76, 0x64, 0x6f, 0x63, 0x73,
  0x2f, 0x75, 0x73, 0x65, 0x72, 0x2f, 0x74, 0x72, 0x6f, 0x75, 0x62, 0x6c,
  0x65, 0x73, 0x68, 0x6f, 0x6f, 0x74, 0x69, 0x6e, 0x67, 0x2d, 0x69, 0x6d,
  0x70, 0x6f, 0x72, 0x74, 0x65, 0x72, 0x72, 0x6f, 0x72, 0x2e, 0x68, 0x74,
  0x6d, 0x6c, 0x23, 0x63, 0x2d, 0x61, 0x70, 0x69, 0x2d, 0x69, 0x6e, 0x63,
  0x6f, 0x6d, 0x70, 0x61, 0x74, 0x69, 0x62, 0x69, 0x6c, 0x69, 0x74, 0x79,
  0x20, 0x66, 0x6f, 0x72, 0x20, 0x69, 0x6e, 0x64, 0x69, 0x63, 0x61, 0x74,
  0x69, 0x6f, 0x6e, 0x73, 0x20, 0x6f, 0x6e, 0x20, 0x68, 0x6f, 0x77, 0x20,
  0x74, 0x6f, 0x20, 0x73, 0x6f, 0x6c, 0x76, 0x65, 0x20, 0x74, 0x68, 0x69,
  0x73, 0x20, 0x70, 0x72, 0x6f, 0x62, 0x6c, 0x65, 0x6d, 0x20, 0x2e, 0x00,
  0x46, 0x41, 0x54, 0x41, 0x4c, 0x3a, 0x20, 0x6d, 0x6f, 0x64, 0x75, 0x6c,
  0x65, 0x20, 0x63, 0x6f, 0x6d, 0x70, 0x69, 0x6c, 0x65, 0x64, 0x20, 0x61,
  0x73, 0x20, 0x75, 0x6e, 0x6b, 0x6e, 0x6f, 0x77, 0x6e, 0x20, 0x65, 0x6e,
  0x64, 0x69, 0x61, 0x6e, 0x00, 0x00, 0x00, 0x00, 0x00, 0x00, 0x00, 0x00,
  0x46, 0x41, 0x54, 0x41, 0x4c, 0x3a, 0x20, 0x6d, 0x6f, 0x64, 0x75, 0x6c,
  0x65, 0x20, 0x63, 0x6f, 0x6d, 0x70, 0x69, 0x6c, 0x65, 0x64, 0x20, 0x61,
  0x73, 0x20, 0x6c, 0x69, 0x74, 0x74, 0x6c, 0x65, 0x20, 0x65, 0x6e, 0x64,
  0x69, 0x61, 0x6e, 0x2c, 0x20, 0x62, 0x75, 0x74, 0x20, 0x64, 0x65, 0x74,
  0x65, 0x63, 0x74, 0x65, 0x64, 0x20, 0x64, 0x69, 0x66, 0x66, 0x65, 0x72,
  0x65, 0x6e, 0x74, 0x20, 0x65, 0x6e, 0x64, 0x69, 0x61, 0x6e, 0x6e, 0x65,
  0x73, 0x73, 0x20, 0x61, 0x74, 0x20, 0x72, 0x75, 0x6e, 0x74, 0x69, 0x6d,
  0x65, 0x00, 0x00, 0x00, 0x6e, 0x75, 0x6d, 0x70, 0x79, 0x2e, 0x63, 0x6f,
  0x72, 0x65, 0x2e, 0x6d, 0x75, 0x6c, 0x74, 0x69, 0x61, 0x72, 0x72, 0x61,
  0x79, 0x20, 0x66, 0x61, 0x69, 0x6c, 0x65, 0x64, 0x20, 0x74, 0x6f, 0x20,
  0x69, 0x6d, 0x70, 0x6f, 0x72, 0x74, 0x00, 0x00, 0xcd, 0x3b, 0x7f, 0x66,
  0x9e, 0xa0, 0xe6, 0x3f, 0xcd, 0x3b, 0x7f, 0x66, 0x9e, 0xa0, 0xe6, 0x3f,
  0x00, 0x00, 0x00, 0x00, 0x00, 0x00, 0x00, 0x80, 0x00, 0x00, 0x00, 0x00,
  0x00, 0x00, 0x00, 0x80, 0x00, 0x00, 0x00, 0x00, 0x00, 0x00, 0x00, 0x80,
  0x00, 0x00, 0x00, 0x00, 0x00, 0x00, 0x00, 0x00, 0x00, 0x00, 0x00, 0x00,
  0x00, 0x00, 0xe0, 0xbf, 0x00, 0x00, 0x00, 0x00, 0x00, 0x00, 0xe0, 0xbf,
  0xaa, 0x4c, 0x58, 0xe8, 0x7a, 0xb6, 0xeb, 0x3f, 0xaa, 0x4c, 0x58, 0xe8,
  0x7a, 0xb6, 0xeb, 0x3f, 0xaa, 0x4c, 0x58, 0xe8, 0x7a, 0xb6, 0xeb, 0x3f,
  0xaa, 0x4c, 0x58, 0xe8, 0x7a, 0xb6, 0xeb, 0xbf, 0xaa, 0x4c, 0x58, 0xe8,
  0x7a, 0xb6, 0xeb, 0xbf, 0xaa, 0x4c, 0x58, 0xe8, 0x7a, 0xb6, 0xeb, 0x3f,
  0x50, 0xe9, 0x2f, 0x37, 0xef, 0xc6, 0xd3, 0x3f, 0x50, 0xe9, 0x2f, 0x37,
  0xef, 0xc6, 0xd3, 0x3f, 0xa8, 0xf4, 0x97, 0x9b, 0x77, 0xe3, 0xe9, 0xbf,
  0xa8, 0xf4, 0x97, 0x9b, 0x77, 0xe3, 0xe9, 0xbf, 0x5e, 0x5a, 0x75, 0x04,
  0x23, 0xcf, 0xe2, 0x3f, 0x5e, 0x5a, 0x75, 0x04, 0x23, 0xcf, 0xe2, 0x3f,
  0xff, 0x54, 0x44, 0x13, 0x0e, 0x6f, 0xee, 0x3f, 0xff, 0x54, 0x44, 0x13,
  0x0e, 0x6f, 0xee, 0x3f, 0x5e, 0x5a, 0x75, 0x04, 0x23, 0xcf, 0xe2, 0xbf,
  0x5e, 0x5a, 0x75, 0x04, 0x23, 0xcf, 0xe2, 0xbf, 0xff, 0x54, 0x44, 0x13,
  0x0e, 0x6f, 0xee, 0xbf, 0xff, 0x54, 0x44, 0x13, 0x0e, 0x6f, 0xee, 0xbf,
  0xd1, 0xed, 0x8b, 0xe2, 0xa0, 0xf3, 0xe3, 0x3f, 0xd1, 0xed, 0x8b, 0xe2,
  0xa0, 0xf3, 0xe3, 0x3f, 0x82, 0x45, 0x02, 0xe3, 0x90, 0x7b, 0xcc, 0xbf,
  0x82, 0x45, 0x02, 0xe3, 0x90, 0x7b, 0xcc, 0xbf, 0x71, 0x5c, 0xcb, 0xa9,
  0xbc, 0xd4, 0xec, 0xbf, 0x71, 0x5c, 0xcb, 0xa9, 0xbc, 0xd4, 0xec, 0xbf,
  0xba, 0xf0, 0x64, 0x87, 0x8c, 0xeb, 0xea, 0x3f, 0xba, 0xf0, 0x64, 0x87,
  0x8c, 0xeb, 0xea, 0x3f, 0xb6, 0x12, 0xc7, 0xd9, 0x28, 0x96, 0xda, 0x3f,
  0xb6, 0x12, 0xc7, 0xd9, 0x28, 0x96, 0xda, 0x3f, 0xdb, 0x44, 0x0f, 0x64,
  0x5f, 0x37, 0xc2, 0xbf, 0xdb, 0x44, 0x0f, 0x64, 0x5f, 0x37, 0xc2, 0xbf,
  0x87, 0x58, 0x77, 0x7f, 0x9e, 0xf4, 0xe4, 0xbf, 0x87, 0x58, 0x77, 0x7f,
  0x9e, 0xf4, 0xe4, 0xbf, 0x57, 0x50, 0xcd, 0x9b, 0x2a, 0xb4, 0xee, 0xbf,
  0x57, 0x50, 0xcd, 0x9b, 0x2a, 0xb4, 0xee, 0xbf, 0xaa, 0x4c, 0x58, 0xe8,
  0x7a, 0xb6, 0xfb, 0x3f, 0xaa, 0x4c, 0x58, 0xe8, 0x7a, 0xb6, 0xfb, 0x3f,
  0x00, 0x00, 0x00, 0x00, 0x00, 0x00, 0xf0, 0x3f, 0x00, 0x00, 0x00, 0x00,
  0x00, 0x00, 0x00, 0x00, 0x00, 0x00, 0x00, 0x00, 0x00, 0x00, 0xf0, 0x3f,
  0x00, 0x00, 0x00, 0x00, 0x00, 0x00, 0xf0, 0x3f, 0x50, 0xe9, 0x2f, 0x37,
  0xef, 0xc6, 0xd3, 0x3f, 0xa8, 0xf4, 0x97, 0x9b, 0x77, 0xe3, 0xe9, 0xbf,
  0x5e, 0x5a, 0x75, 0x04, 0x23, 0xcf, 0xe2, 0x3f, 0xff, 0x54, 0x44, 0x13,
  0x0e, 0x6f, 0xee, 0x3f, 0x5e, 0x5a, 0x75, 0x04, 0x23, 0xcf, 0xe2, 0xbf,
  0xff, 0x54, 0x44, 0x13, 0x0e, 0x6f, 0xee, 0xbf, 0x4b, 0xde, 0x05, 0x75,
  0xc3, 0x04, 0xe9, 0x3f, 0x69, 0xe9, 0x58, 0x05, 0x9c, 0x32, 0xef, 0x3f,
  0xc1, 0xab, 0x71, 0x4d, 0xc0, 0xc4, 0xdb, 0x3f, 0xd1, 0xed, 0x8b, 0xe2,
  0xa0, 0xf3, 0xe3, 0x3f, 0x82, 0x45, 0x02, 0xe3, 0x90, 0x7b, 0xcc, 0xbf,
  0x71, 0x5c, 0xcb, 0xa9, 0xbc, 0xd4, 0xec, 0xbf, 0x0b, 0x58, 0xbb, 0xf8,
  0xed, 0x4c, 0xe1, 0x3f, 0x13, 0x2c, 0xee, 0x8e, 0xb4, 0x1b, 0xed, 0x3f,
  0xef, 0x42, 0x38, 0x04, 0x9e, 0xac, 0xef, 0x3f, 0xa1, 0x28, 0x3a, 0xbb,
  0x19, 0x2f, 0xe8, 0x3f, 0xbf, 0x8d, 0x76, 0xfd, 0xe7, 0x07, 0xd2, 0x3f,
  0xba, 0xf0, 0x64, 0x87, 0x8c, 0xeb, 0xea, 0x3f, 0xb6, 0x12, 0xc7, 0xd9,
  0x28, 0x96, 0xda, 0x3f, 0xdb, 0x44, 0x0f, 0x64, 0x5f, 0x37, 0xc2, 0xbf,
  0x87, 0x58, 0x77, 0x7f, 0x9e, 0xf4, 0xe4, 0xbf, 0x57, 0x50, 0xcd, 0x9b,
  0x2a, 0xb4, 0xee, 0xbf, 0xaa, 0x4c, 0x58, 0xe8, 0x7a, 0xb6, 0xeb, 0x3f,
  0x00, 0x00, 0x00, 0x00, 0x00, 0x00, 0xe0, 0xbf, 0xcd, 0x3b, 0x7f, 0x66,
  0x9e, 0xa0, 0xe6, 0xbf, 0xcd, 0x3b, 0x7f, 0x66, 0x9e, 0xa0, 0xe6, 0x3f,
  0x00, 0x00, 0x00, 0x00, 0x00, 0x00, 0x00, 0xc0, 0xaa, 0x4c, 0x58, 0xe8,
  0x7a, 0xb6, 0xfb, 0x3f, 0xcd, 0x3b, 0x7f, 0x66, 0x9e, 0xa0, 0xf6, 0x3f,
  0xcd, 0x3b, 0x7f, 0x66, 0x9e, 0xa0, 0xf6, 0xbf, 0x00, 0x00, 0x00, 0x00,
  0x00, 0x00, 0xf0, 0x3f, 0x7b, 0x14, 0xae, 0x47, 0xe1, 0x7a, 0x84, 0x3f,
  0x00, 0x00, 0x00, 0x00, 0x00, 0x00, 0xe0, 0x43, 0x00, 0x00, 0x00, 0x00,
  0x00, 0x00, 0x00, 0x40, 0x9a, 0x99, 0x99, 0x99, 0x99, 0x99, 0xf1, 0x3f,
  0x67, 0xb4, 0x5e, 0xf0, 0xe1, 0x9c, 0x5f, 0x3f, 0x97, 0xf1, 0xf6, 0x3d,
  0x22, 0x2f, 0x1b, 0xbf, 0x26, 0x65, 0xe7, 0xee, 0x1e, 0x6d, 0x9a, 0xbf,
  0x6a, 0x29, 0x68, 0x68, 0x50, 0x1f, 0xce, 0x3f, 0x19, 0xb2, 0x3c, 0x7e,
  0x3c, 0x5d, 0xf5, 0xbf, 0xbd, 0x5a, 0x1b, 0x08, 0x1f, 0x3c, 0x10, 0x40,
  0xde, 0x45, 0xbe, 0xc9, 0x3c, 0xbd, 0x13, 0xc0, 0x73, 0x9a, 0x02, 0x3a,
  0x06, 0x30, 0x7e, 0xbf, 0x6a, 0x3e, 0xe5, 0x5c, 0xed, 0x3e, 0x3e, 0x3f,
  0x8e, 0x8b, 0xa3, 0xfc, 0x82, 0x07, 0xb5, 0x3f, 0x5e, 0x53, 0x2d, 0xce,
  0x2c, 0x2d, 0xe3, 0xbf, 0x06, 0x87, 0x75, 0x67, 0xbc, 0x66, 0x04, 0x40,
  0x3e, 0xbe, 0x25, 0xe6, 0xbc, 0xab, 0x14, 0xc0, 0x18, 0x2d, 0x44, 0x54,
  0xfb, 0x21, 0x09, 0x40, 0x00, 0x00, 0x00, 0x00, 0x00, 0x00, 0xe0, 0x3f,
  0x00, 0x00, 0x00, 0x00, 0x00, 0x00, 0xf8, 0x3f, 0x01, 0x1b, 0x03, 0x3b,
  0xac, 0x01, 0x00, 0x00, 0x34, 0x00, 0x00, 0x00, 0x38, 0xca, 0xfe, 0xff,
  0xc8, 0x01, 0x00, 0x00, 0x48, 0xcc, 0xfe, 0xff, 0xf0, 0x01, 0x00, 0x00,
  0xb8, 0xcc, 0xfe, 0xff, 0x04, 0x02, 0x00, 0x00, 0x38, 0xcf, 0xfe, 0xff,
  0x34, 0x02, 0x00, 0x00, 0x58, 0xd1, 0xfe, 0xff, 0x64, 0x02, 0x00, 0x00,
  0xe8, 0xd1, 0xfe, 0xff, 0x78, 0x02, 0x00, 0x00, 0x38, 0xd3, 0xfe, 0xff,
  0xb0, 0x02, 0x00, 0x00, 0x98, 0xd4, 0xfe, 0xff, 0xe8, 0x02, 0x00, 0x00,
  0x68, 0xd7, 0xfe, 0xff, 0x44, 0x03, 0x00, 0x00, 0x28, 0xda, 0xfe, 0xff,
  0xa0, 0x03, 0x00, 0x00, 0xa8, 0xdd, 0xfe, 0xff, 0xfc, 0x03, 0x00, 0x00,
  0x48, 0xe1, 0xfe, 0xff, 0x58, 0x04, 0x00, 0x00, 0x88, 0xf3, 0xfe, 0xff,
  0xa8, 0x04, 0x00, 0x00, 0xd8, 0x05, 0xff, 0xff, 0xf8, 0x04, 0x00, 0x00,
  0x88, 0x12, 0xff, 0xff, 0x48, 0x05, 0x00, 0x00, 0x38, 0x30, 0xff, 0xff,
  0x98, 0x05, 0x00, 0x00, 0xa8, 0x30, 0xff, 0xff, 0xac, 0x05, 0x00, 0x00,
  0x88, 0x37, 0xff, 0xff, 0xf8, 0x05, 0x00, 0x00, 0xf8, 0x3a, 0xff, 0xff,
  0x4c, 0x06, 0x00, 0x00, 0x18, 0x40, 0xff, 0xff, 0xac, 0x06, 0x00, 0x00,
  0x28, 0x4a, 0xff, 0xff, 0x0c, 0x07, 0x00, 0x00, 0x38, 0x6e, 0xff, 0xff,
  0x5c, 0x07, 0x00, 0x00, 0xd8, 0x70, 0xff, 0xff, 0x8c, 0x07, 0x00, 0x00,
  0x18, 0x75, 0xff, 0xff, 0xf0, 0x07, 0x00, 0x00, 0xe8, 0x7b, 0xff, 0xff,
  0x60, 0x08, 0x00, 0x00, 0x28, 0x86, 0xff, 0xff, 0xc0, 0x08, 0x00, 0x00,
  0xe8, 0xa6, 0xff, 0xff, 0x10, 0x09, 0x00, 0x00, 0xf8, 0xb0, 0xff, 0xff,
  0x60, 0x09, 0x00, 0x00, 0x38, 0xb1, 0xff, 0xff, 0x88, 0x09, 0x00, 0x00,
  0x58, 0xb1, 0xff, 0xff, 0xa4, 0x09, 0x00, 0x00, 0xe8, 0xb4, 0xff, 0xff,
  0x00, 0x0a, 0x00, 0x00, 0xf8, 0xb4, 0xff, 0xff, 0x14, 0x0a, 0x00, 0x00,
  0x08, 0xb5, 0xff, 0xff, 0x28, 0x0a, 0x00, 0x00, 0xb8, 0xb6, 0xff, 0xff,
  0x68, 0x0a, 0x00, 0x00, 0x78, 0xba, 0xff, 0xff, 0xac, 0x0a, 0x00, 0x00,
  0xc8, 0xbb, 0xff, 0xff, 0xd0, 0x0a, 0x00, 0x00, 0x08, 0xc0, 0xff, 0xff,
  0x1c, 0x0b, 0x00, 0x00, 0x48, 0xc2, 0xff, 0xff, 0x68, 0x0b, 0x00, 0x00,
  0x08, 0xc4, 0xff, 0xff, 0xa8, 0x0b, 0x00, 0x00, 0x68, 0xc4, 0xff, 0xff,
  0xe0, 0x0b, 0x00, 0x00, 0x98, 0xc4, 0xff, 0xff, 0x08, 0x0c, 0x00, 0x00,
  0x98, 0xc6, 0xff, 0xff, 0x54, 0x0c, 0x00, 0x00, 0xe8, 0xc8, 0xff, 0xff,
  0xa0, 0x0c, 0x00, 0x00, 0x78, 0xcc, 0xff, 0xff, 0xe4, 0x0c, 0x00, 0x00,
  0x18, 0xcf, 0xff, 0xff, 0x34, 0x0d, 0x00, 0x00, 0xe8, 0xcf, 0xff, 0xff,
  0x68, 0x0d, 0x00, 0x00, 0xd8, 0xd2, 0xff, 0xff, 0xb8, 0x0d, 0x00, 0x00,
  0x68, 0xd4, 0xff, 0xff, 0xf0, 0x0d, 0x00, 0x00, 0x88, 0xd4, 0xff, 0xff,
  0x04, 0x0e, 0x00, 0x00, 0x98, 0xd9, 0xff, 0xff, 0x50, 0x0e, 0x00, 0x00,
  0x78, 0xdd, 0xff, 0xff, 0x9c, 0x0e, 0x00, 0x00, 0x08, 0xf2, 0xff, 0xff,
  0x10, 0x0f, 0x00, 0x00, 0x00, 0x00, 0x00, 0x00, 0x14, 0x00, 0x00, 0x00,
  0x00, 0x00, 0x00, 0x00, 0x01, 0x7a, 0x52, 0x00, 0x01, 0x78, 0x10, 0x01,
  0x1b, 0x0c, 0x07, 0x08, 0x90, 0x01, 0x00, 0x00, 0x24, 0x00, 0x00, 0x00,
  0x1c, 0x00, 0x00, 0x00, 0x68, 0xc8, 0xfe, 0xff, 0x50, 0x01, 0x00, 0x00,
  0x00, 0x0e, 0x10, 0x46, 0x0e, 0x18, 0x4a, 0x0f, 0x0b, 0x77, 0x08, 0x80,
  0x00, 0x3f, 0x1a, 0x3b, 0x2a, 0x33, 0x24, 0x22, 0x00, 0x00, 0x00, 0x00,
  0x10, 0x00, 0x00, 0x00, 0x44, 0x00, 0x00, 0x00, 0x50, 0xca, 0xfe, 0xff,
  0x6a, 0x00, 0x00, 0x00, 0x00, 0x00, 0x00, 0x00, 0x2c, 0x00, 0x00, 0x00,
  0x58, 0x00, 0x00, 0x00, 0xac, 0xca, 0xfe, 0xff, 0x79, 0x02, 0x00, 0x00,
  0x00, 0x02, 0xf7, 0x0e, 0x10, 0x86, 0x02, 0x4c, 0x0e, 0x18, 0x83, 0x03,
  0x02, 0xdd, 0x0e, 0x10, 0x41, 0x0e, 0x08, 0x47, 0xc3, 0xc6, 0x02, 0x48,
  0x0e, 0x18, 0x83, 0x03, 0x86, 0x02, 0x00, 0x00, 0x2c, 0x00, 0x00, 0x00,
  0x88, 0x00, 0x00, 0x00, 0xfc, 0xcc, 0xfe, 0xff, 0x19, 0x02, 0x00, 0x00,
  0x00, 0x02, 0xa7, 0x0e, 0x10, 0x86, 0x02, 0x4c, 0x0e, 0x18, 0x83, 0x03,
  0x02, 0xe1, 0x0e, 0x10, 0x41, 0x0e, 0x08, 0x4b, 0xc3, 0xc6, 0x70, 0x0e,
  0x18, 0x83, 0x03, 0x86, 0x02, 0x00, 0x00, 0x00, 0x10, 0x00, 0x00, 0x00,
  0xb8, 0x00, 0x00, 0x00, 0xec, 0xce, 0xfe, 0xff, 0x86, 0x00, 0x00, 0x00,
  0x00, 0x00, 0x00, 0x00, 0x34, 0x00, 0x00, 0x00, 0xcc, 0x00, 0x00, 0x00,
  0x68, 0xcf, 0xfe, 0xff, 0x43, 0x01, 0x00, 0x00, 0x00, 0x42, 0x0e, 0x10,
  0x8c, 0x02, 0x41, 0x0e, 0x18, 0x86, 0x03, 0x41, 0x0e, 0x20, 0x83, 0x04,
  0x02, 0xf8, 0x0a, 0x0e, 0x18, 0x41, 0x0e, 0x10, 0x42, 0x0e, 0x08, 0x41,
  0x0b, 0x7f, 0x0e, 0x18, 0x41, 0x0e, 0x10, 0x42, 0x0e, 0x08, 0x00, 0x00,
  0x34, 0x00, 0x00, 0x00, 0x04, 0x01, 0x00, 0x00, 0x80, 0xd0, 0xfe, 0xff,
  0x53, 0x01, 0x00, 0x00, 0x00, 0x42, 0x0e, 0x10, 0x8c, 0x02, 0x41, 0x0e,
  0x18, 0x86, 0x03, 0x41, 0x0e, 0x20, 0x83, 0x04, 0x03, 0x04, 0x01, 0x0a,
  0x0e, 0x18, 0x41, 0x0e, 0x10, 0x42, 0x0e, 0x08, 0x41, 0x0b, 0x02, 0x43,
  0x0e, 0x18, 0x41, 0x0e, 0x10, 0x42, 0x0e, 0x08, 0x58, 0x00, 0x00, 0x00,
  0x3c, 0x01, 0x00, 0x00, 0xa8, 0xd1, 0xfe, 0xff, 0xcc, 0x02, 0x00, 0x00,
  0x00, 0x42, 0x0e, 0x10, 0x8f, 0x02, 0x42, 0x0e, 0x18, 0x8e, 0x03, 0x42,
  0x0e, 0x20, 0x8d, 0x04, 0x42, 0x0e, 0x28, 0x8c, 0x05, 0x44, 0x0e, 0x30,
  0x86, 0x06, 0x41, 0x0e, 0x38, 0x83, 0x07, 0x03, 0x07, 0x02, 0x0a, 0x0e,
  0x30, 0x41, 0x0e, 0x28, 0x42, 0x0e, 0x20, 0x42, 0x0e, 0x18, 0x42, 0x0e,
  0x10, 0x42, 0x0e, 0x08, 0x41, 0x0b, 0x02, 0xa4, 0x0e, 0x30, 0x41, 0x0e,
  0x28, 0x42, 0x0e, 0x20, 0x42, 0x0e, 0x18, 0x42, 0x0e, 0x10, 0x42, 0x0e,
  0x08, 0x00, 0x00, 0x00, 0x58, 0x00, 0x00, 0x00, 0x98, 0x01, 0x00, 0x00,
  0x1c, 0xd4, 0xfe, 0xff, 0xb8, 0x02, 0x00, 0x00, 0x00, 0x42, 0x0e, 0x10,
  0x8f, 0x02, 0x42, 0x0e, 0x18, 0x8e, 0x03, 0x42, 0x0e, 0x20, 0x8d, 0x04,
  0x42, 0x0e, 0x28, 0x8c, 0x05, 0x44, 0x0e, 0x30, 0x86, 0x06, 0x41, 0x0e,
  0x38, 0x83, 0x07, 0x03, 0x04, 0x02, 0x0a, 0x0e, 0x30, 0x41, 0x0e, 0x28,
  0x42, 0x0e, 0x20, 0x42, 0x0e, 0x18, 0x42, 0x0e, 0x10, 0x42, 0x0e, 0x08,
  0x41, 0x0b, 0x02, 0x93, 0x0e, 0x30, 0x41, 0x0e, 0x28, 0x42, 0x0e, 0x20,
  0x42, 0x0e, 0x18, 0x42, 0x0e, 0x10, 0x42, 0x0e, 0x08, 0x00, 0x00, 0x00,
  0x58, 0x00, 0x00, 0x00, 0xf4, 0x01, 0x00, 0x00, 0x80, 0xd6, 0xfe, 0xff,
  0x78, 0x03, 0x00, 0x00, 0x00, 0x42, 0x0e, 0x10, 0x8f, 0x02, 0x48, 0x0e,
  0x18, 0x8e, 0x03, 0x42, 0x0e, 0x20, 0x8d, 0x04, 0x42, 0x0e, 0x28, 0x8c,
  0x05, 0x41, 0x0e, 0x30, 0x86, 0x06, 0x41, 0x0e, 0x38, 0x83, 0x07, 0x03,
  0xa3, 0x02, 0x0a, 0x0e, 0x30, 0x41, 0x0e, 0x28, 0x42, 0x0e, 0x20, 0x42,
  0x0e, 0x18, 0x42, 0x0e, 0x10, 0x42, 0x0e, 0x08, 0x41, 0x0b, 0x02, 0xb1,
  0x0e, 0x30, 0x41, 0x0e, 0x28, 0x42, 0x0e, 0x20, 0x42, 0x0e, 0x18, 0x42,
  0x0e, 0x10, 0x42, 0x0e, 0x08, 0x00, 0x00, 0x00, 0x58, 0x00, 0x00, 0x00,
  0x50, 0x02, 0x00, 0x00, 0xa4, 0xd9, 0xfe, 0xff, 0x98, 0x03, 0x00, 0x00,
  0x00, 0x42, 0x0e, 0x10, 0x8f, 0x02, 0x48, 0x0e, 0x18, 0x8e, 0x03, 0x42,
  0x0e, 0x20, 0x8d, 0x04, 0x42, 0x0e, 0x28, 0x8c, 0x05, 0x41, 0x0e, 0x30,
  0x86, 0x06, 0x41, 0x0e, 0x38, 0x83, 0x07, 0x03, 0xc7, 0x02, 0x0a, 0x0e,
  0x30, 0x41, 0x0e, 0x28, 0x42, 0x0e, 0x20, 0x42, 0x0e, 0x18, 0x42, 0x0e,
  0x10, 0x42, 0x0e, 0x08, 0x41, 0x0b, 0x02, 0xad, 0x0e, 0x30, 0x41, 0x0e,
  0x28, 0x42, 0x0e, 0x20, 0x42, 0x0e, 0x18, 0x42, 0x0e, 0x10, 0x42, 0x0e,
  0x08, 0x00, 0x00, 0x00, 0x4c, 0x00, 0x00, 0x00, 0xac, 0x02, 0x00, 0x00,
  0xe8, 0xdc, 0xfe, 0xff, 0x33, 0x12, 0x00, 0x00, 0x00, 0x42, 0x0e, 0x10,
  0x8f, 0x02, 0x42, 0x0e, 0x18, 0x8e, 0x03, 0x45, 0x0e, 0x20, 0x8d, 0x04,
  0x42, 0x0e, 0x28, 0x8c, 0x05, 0x41, 0x0e, 0x30, 0x86, 0x06, 0x41, 0x0e,
  0x38, 0x83, 0x07, 0x47, 0x0e, 0x98, 0x03, 0x03, 0x46, 0x0d, 0x0a, 0x0e,
  0x38, 0x41, 0x0e, 0x30, 0x41, 0x0e, 0x28, 0x42, 0x0e, 0x20, 0x42, 0x0e,
  0x18, 0x42, 0x0e, 0x10, 0x42, 0x0e, 0x08, 0x44, 0x0b, 0x00, 0x00, 0x00,
  0x4c, 0x00, 0x00, 0x00, 0xfc, 0x02, 0x00, 0x00, 0xd8, 0xee, 0xfe, 0xff,
  0x4e, 0x12, 0x00, 0x00, 0x00, 0x42, 0x0e, 0x10, 0x8f, 0x02, 0x42, 0x0e,
  0x18, 0x8e, 0x03, 0x45, 0x0e, 0x20, 0x8d, 0x04, 0x42, 0x0e, 0x28, 0x8c,
  0x05, 0x41, 0x0e, 0x30, 0x86, 0x06, 0x41, 0x0e, 0x38, 0x83, 0x07, 0x47,
  0x0e, 0xa8, 0x03, 0x03, 0x4b, 0x0d, 0x0a, 0x0e, 0x38, 0x41, 0x0e, 0x30,
  0x41, 0x0e, 0x28, 0x42, 0x0e, 0x20, 0x42, 0x0e, 0x18, 0x42, 0x0e, 0x10,
  0x42, 0x0e, 0x08, 0x47, 0x0b, 0x00, 0x00, 0x00, 0x4c, 0x00, 0x00, 0x00,
  0x4c, 0x03, 0x00, 0x00, 0xd8, 0x00, 0xff, 0xff, 0xa4, 0x0c, 0x00, 0x00,
  0x00, 0x42, 0x0e, 0x10, 0x8f, 0x02, 0x4c, 0x0e, 0x18, 0x8e, 0x03, 0x47,
  0x0e, 0x20, 0x8d, 0x04, 0x42, 0x0e, 0x28, 0x8c, 0x05, 0x41, 0x0e, 0x30,
  0x86, 0x06, 0x41, 0x0e, 0x38, 0x83, 0x07, 0x47, 0x0e, 0xe8, 0x01, 0x03,
  0xdb, 0x09, 0x0a, 0x0e, 0x38, 0x41, 0x0e, 0x30, 0x41, 0x0e, 0x28, 0x42,
  0x0e, 0x20, 0x42, 0x0e, 0x18, 0x42, 0x0e, 0x10, 0x42, 0x0e, 0x08, 0x41,
  0x0b, 0x00, 0x00, 0x00, 0x4c, 0x00, 0x00, 0x00, 0x9c, 0x03, 0x00, 0x00,
  0x38, 0x0d, 0xff, 0xff, 0xac, 0x1d, 0x00, 0x00, 0x00, 0x42, 0x0e, 0x10,
  0x8f, 0x02, 0x4a, 0x0e, 0x18, 0x8e, 0x03, 0x47, 0x0e, 0x20, 0x8d, 0x04,
  0x42, 0x0e, 0x28, 0x8c, 0x05, 0x41, 0x0e, 0x30, 0x86, 0x06, 0x41, 0x0e,
  0x38, 0x83, 0x07, 0x4a, 0x0e, 0xf8, 0x03, 0x03, 0x0c, 0x17, 0x0a, 0x0e,
  0x38, 0x41, 0x0e, 0x30, 0x41, 0x0e, 0x28, 0x42, 0x0e, 0x20, 0x42, 0x0e,
  0x18, 0x42, 0x0e, 0x10, 0x42, 0x0e, 0x08, 0x41, 0x0b, 0x00, 0x00, 0x00,
  0x10, 0x00, 0x00, 0x00, 0xec, 0x03, 0x00, 0x00, 0x98, 0x2a, 0xff, 0xff,
  0x67, 0x00, 0x00, 0x00, 0x00, 0x00, 0x00, 0x00, 0x48, 0x00, 0x00, 0x00,
  0x00, 0x04, 0x00, 0x00, 0xf4, 0x2a, 0xff, 0xff, 0xd2, 0x06, 0x00, 0x00,
  0x00, 0x42, 0x0e, 0x10, 0x8f, 0x02, 0x45, 0x0e, 0x18, 0x8e, 0x03, 0x42,
  0x0e, 0x20, 0x8d, 0x04, 0x42, 0x0e, 0x28, 0x8c, 0x05, 0x41, 0x0e, 0x30,
  0x86, 0x06, 0x41, 0x0e, 0x38, 0x83, 0x07, 0x47, 0x0e, 0x88, 0x01, 0x02,
  0xc4, 0x0a, 0x0e, 0x38, 0x41, 0x0e, 0x30, 0x41, 0x0e, 0x28, 0x42, 0x0e,
  0x20, 0x42, 0x0e, 0x18, 0x42, 0x0e, 0x10, 0x42, 0x0e, 0x08, 0x41, 0x0b,
  0x50, 0x00, 0x00, 0x00, 0x4c, 0x04, 0x00, 0x00, 0x88, 0x31, 0xff, 0xff,
  0x65, 0x03, 0x00, 0x00, 0x00, 0x42, 0x0e, 0x10, 0x8e, 0x02, 0x42, 0x0e,
  0x18, 0x8d, 0x03, 0x42, 0x0e, 0x20, 0x8c, 0x04, 0x41, 0x0e, 0x28, 0x86,
  0x05, 0x44, 0x0e, 0x30, 0x83, 0x06, 0x03, 0x1f, 0x01, 0x0a, 0x0e, 0x28,
  0x41, 0x0e, 0x20, 0x42, 0x0e, 0x18, 0x42, 0x0e, 0x10, 0x42, 0x0e, 0x08,
  0x41, 0x0b, 0x03, 0x24, 0x02, 0x0a, 0x0e, 0x28, 0x41, 0x0e, 0x20, 0x42,
  0x0e, 0x18, 0x42, 0x0e, 0x10, 0x42, 0x0e, 0x08, 0x41, 0x0b, 0x00, 0x00,
  0x5c, 0x00, 0x00, 0x00, 0xa0, 0x04, 0x00, 0x00, 0xa4, 0x34, 0xff, 0xff,
  0x15, 0x05, 0x00, 0x00, 0x00, 0x42, 0x0e, 0x10, 0x8f, 0x02, 0x45, 0x0e,
  0x18, 0x8e, 0x03, 0x45, 0x0e, 0x20, 0x8d, 0x04, 0x46, 0x0e, 0x28, 0x8c,
  0x05, 0x41, 0x0e, 0x30, 0x86, 0x06, 0x44, 0x0e, 0x38, 0x83, 0x07, 0x03,
  0x58, 0x01, 0x0a, 0x0e, 0x30, 0x41, 0x0e, 0x28, 0x42, 0x0e, 0x20, 0x42,
  0x0e, 0x18, 0x42, 0x0e, 0x10, 0x42, 0x0e, 0x08, 0x41, 0x0b, 0x03, 0x66,
  0x03, 0x0a, 0x0e, 0x30, 0x41, 0x0e, 0x28, 0x42, 0x0e, 0x20, 0x42, 0x0e,
  0x18, 0x42, 0x0e, 0x10, 0x42, 0x0e, 0x08, 0x41, 0x0b, 0x00, 0x00, 0x00,
  0x5c, 0x00, 0x00, 0x00, 0x00, 0x05, 0x00, 0x00, 0x64, 0x39, 0xff, 0xff,
  0x02, 0x0a, 0x00, 0x00, 0x00, 0x42, 0x0e, 0x10, 0x8f, 0x02, 0x42, 0x0e,
  0x18, 0x8e, 0x03, 0x42, 0x0e, 0x20, 0x8d, 0x04, 0x42, 0x0e, 0x28, 0x8c,
  0x05, 0x41, 0x0e, 0x30, 0x86, 0x06, 0x41, 0x0e, 0x38, 0x83, 0x07, 0x03,
  0x4d, 0x01, 0x0a, 0x0e, 0x30, 0x41, 0x0e, 0x28, 0x42, 0x0e, 0x20, 0x42,
  0x0e, 0x18, 0x42, 0x0e, 0x10, 0x42, 0x0e, 0x08, 0x41, 0x0b, 0x03, 0x60,
  0x07, 0x0a, 0x0e, 0x30, 0x41, 0x0e, 0x28, 0x42, 0x0e, 0x20, 0x42, 0x0e,
  0x18, 0x42, 0x0e, 0x10, 0x42, 0x0e, 0x08, 0x41, 0x0b, 0x00, 0x00, 0x00,
  0x4c, 0x00, 0x00, 0x00, 0x60, 0x05, 0x00, 0x00, 0x14, 0x43, 0xff, 0xff,
  0x0d, 0x24, 0x00, 0x00, 0x00, 0x42, 0x0e, 0x10, 0x8f, 0x02, 0x49, 0x0e,
  0x18, 0x8e, 0x03, 0x45, 0x0e, 0x20, 0x8d, 0x04, 0x42, 0x0e, 0x28, 0x8c,
  0x05, 0x41, 0x0e, 0x30, 0x86, 0x06, 0x41, 0x0e, 0x38, 0x83, 0x07, 0x4e,
  0x0e, 0xe0, 0x04, 0x03, 0x83, 0x16, 0x0a, 0x0e, 0x38, 0x41, 0x0e, 0x30,
  0x41, 0x0e, 0x28, 0x42, 0x0e, 0x20, 0x42, 0x0e, 0x18, 0x42, 0x0e, 0x10,
  0x42, 0x0e, 0x08, 0x41, 0x0b, 0x00, 0x00, 0x00, 0x2c, 0x00, 0x00, 0x00,
  0xb0, 0x05, 0x00, 0x00, 0xd4, 0x66, 0xff, 0xff, 0x93, 0x02, 0x00, 0x00,
  0x00, 0x02, 0xc8, 0x0e, 0x10, 0x8c, 0x02, 0x4f, 0x0e, 0x18, 0x86, 0x03,
  0x44, 0x0e, 0x20, 0x83, 0x04, 0x03, 0x7d, 0x01, 0x0e, 0x18, 0x41, 0x0e,
  0x10, 0x42, 0x0e, 0x08, 0x41, 0xc3, 0xc6, 0xcc, 0x60, 0x00, 0x00, 0x00,
  0xe0, 0x05, 0x00, 0x00, 0x44, 0x69, 0xff, 0xff, 0x36, 0x04, 0x00, 0x00,
  0x00, 0x42, 0x0e, 0x10, 0x8e, 0x02, 0x42, 0x0e, 0x18, 0x8d, 0x03, 0x42,
  0x0e, 0x20, 0x8c, 0x04, 0x41, 0x0e, 0x28, 0x86, 0x05, 0x44, 0x0e, 0x30,
  0x83, 0x06, 0x03, 0x63, 0x01, 0x0a, 0x0e, 0x28, 0x41, 0x0e, 0x20, 0x42,
  0x0e, 0x18, 0x42, 0x0e, 0x10, 0x42, 0x0e, 0x08, 0x41, 0x0b, 0x03, 0x34,
  0x02, 0x0a, 0x0e, 0x28, 0x41, 0x0e, 0x20, 0x42, 0x0e, 0x18, 0x42, 0x0e,
  0x10, 0x42, 0x0e, 0x08, 0x41, 0x0b, 0x02, 0x7c, 0x0e, 0x28, 0x41, 0x0e,
  0x20, 0x42, 0x0e, 0x18, 0x42, 0x0e, 0x10, 0x42, 0x0e, 0x08, 0x00, 0x00,
  0x6c, 0x00, 0x00, 0x00, 0x44, 0x06, 0x00, 0x00, 0x20, 0x6d, 0xff, 0xff,
  0xc8, 0x06, 0x00, 0x00, 0x00, 0x42, 0x0e, 0x10, 0x8f, 0x02, 0x45, 0x0e,
  0x18, 0x8e, 0x03, 0x45, 0x0e, 0x20, 0x8d, 0x04, 0x46, 0x0e, 0x28, 0x8c,
  0x05, 0x41, 0x0e, 0x30, 0x86, 0x06, 0x41, 0x0e, 0x38, 0x83, 0x07, 0x03,
  0xe5, 0x01, 0x0a, 0x0e, 0x30, 0x41, 0x0e, 0x28, 0x42, 0x0e, 0x20, 0x42,
  0x0e, 0x18, 0x42, 0x0e, 0x10, 0x42, 0x0e, 0x08, 0x41, 0x0b, 0x03, 0xfd,
  0x03, 0x0a, 0x0e, 0x30, 0x41, 0x0e, 0x28, 0x42, 0x0e, 0x20, 0x42, 0x0e,
  0x18, 0x42, 0x0e, 0x10, 0x42, 0x0e, 0x08, 0x41, 0x0b, 0x02, 0xb4, 0x0e,
  0x30, 0x41, 0x0e, 0x28, 0x42, 0x0e, 0x20, 0x42, 0x0e, 0x18, 0x42, 0x0e,
  0x10, 0x42, 0x0e, 0x08, 0x5c, 0x00, 0x00, 0x00, 0xb4, 0x06, 0x00, 0x00,
  0x80, 0x73, 0xff, 0xff, 0x40, 0x0a, 0x00, 0x00, 0x00, 0x42, 0x0e, 0x10,
  0x8f, 0x02, 0x42, 0x0e, 0x18, 0x8e, 0x03, 0x42, 0x0e, 0x20, 0x8d, 0x04,
  0x42, 0x0e, 0x28, 0x8c, 0x05, 0x41, 0x0e, 0x30, 0x86, 0x06, 0x41, 0x0e,
  0x38, 0x83, 0x07, 0x03, 0x61, 0x01, 0x0a, 0x0e, 0x30, 0x41, 0x0e, 0x28,
  0x42, 0x0e, 0x20, 0x42, 0x0e, 0x18, 0x42, 0x0e, 0x10, 0x42, 0x0e, 0x08,
  0x41, 0x0b, 0x03, 0x50, 0x07, 0x0a, 0x0e, 0x30, 0x41, 0x0e, 0x28, 0x42,
  0x0e, 0x20, 0x42, 0x0e, 0x18, 0x42, 0x0e, 0x10, 0x42, 0x0e, 0x08, 0x41,
  0x0b, 0x00, 0x00, 0x00, 0x4c, 0x00, 0x00, 0x00, 0x14, 0x07, 0x00, 0x00,
  0x60, 0x7d, 0xff, 0xff, 0xb7, 0x20, 0x00, 0x00, 0x00, 0x42, 0x0e, 0x10,
  0x8f, 0x02, 0x46, 0x0e, 0x18, 0x8e, 0x03, 0x48, 0x0e, 0x20, 0x8d, 0x04,
  0x42, 0x0e, 0x28, 0x8c, 0x05, 0x41, 0x0e, 0x30, 0x86, 0x06, 0x41, 0x0e,
  0x38, 0x83, 0x07, 0x4a, 0x0e, 0x90, 0x05, 0x03, 0x82, 0x1c, 0x0a, 0x0e,
  0x38, 0x41, 0x0e, 0x30, 0x41, 0x0e, 0x28, 0x42, 0x0e, 0x20, 0x42, 0x0e,
  0x18, 0x42, 0x0e, 0x10, 0x42, 0x0e, 0x08, 0x41, 0x0b, 0x00, 0x00, 0x00,
  0x4c, 0x00, 0x00, 0x00, 0x64, 0x07, 0x00, 0x00, 0xd0, 0x9d, 0xff, 0xff,
  0x06, 0x0a, 0x00, 0x00, 0x00, 0x42, 0x0e, 0x10, 0x8f, 0x02, 0x42, 0x0e,
  0x18, 0x8e, 0x03, 0x42, 0x0e, 0x20, 0x8d, 0x04, 0x45, 0x0e, 0x28, 0x8c,
  0x05, 0x45, 0x0e, 0x30, 0x86, 0x06, 0x47, 0x0e, 0x38, 0x83, 0x07, 0x47,
  0x0e, 0x90, 0x02, 0x03, 0x05, 0x09, 0x0a, 0x0e, 0x38, 0x41, 0x0e, 0x30,
  0x41, 0x0e, 0x28, 0x42, 0x0e, 0x20, 0x42, 0x0e, 0x18, 0x42, 0x0e, 0x10,
  0x42, 0x0e, 0x08, 0x41, 0x0b, 0x00, 0x00, 0x00, 0x24, 0x00, 0x00, 0x00,
  0xb4, 0x07, 0x00, 0x00, 0x90, 0xa7, 0xff, 0xff, 0x40, 0x00, 0x00, 0x00,
  0x00, 0x42, 0x0e, 0x10, 0x8c, 0x02, 0x41, 0x0e, 0x18, 0x86, 0x03, 0x47,
  0x0e, 0x20, 0x6b, 0x0e, 0x18, 0x44, 0x0e, 0x10, 0x42, 0x0e, 0x08, 0x00,
  0x18, 0x00, 0x00, 0x00, 0xdc, 0x07, 0x00, 0x00, 0xa8, 0xa7, 0xff, 0xff,
  0x16, 0x00, 0x00, 0x00, 0x00, 0x41, 0x0e, 0x10, 0x86, 0x02, 0x50, 0x0e,
  0x08, 0x00, 0x00, 0x00, 0x58, 0x00, 0x00, 0x00, 0xf8, 0x07, 0x00, 0x00,
  0xac, 0xa7, 0xff, 0xff, 0x87, 0x03, 0x00, 0x00, 0x00, 0x42, 0x0e, 0x10,
  0x8f, 0x02, 0x44, 0x0e, 0x18, 0x8e, 0x03, 0x42, 0x0e, 0x20, 0x8d, 0x04,
  0x42, 0x0e, 0x28, 0x8c, 0x05, 0x41, 0x0e, 0x30, 0x86, 0x06, 0x41, 0x0e,
  0x38, 0x83, 0x07, 0x44, 0x0e, 0x70, 0x02, 0xa4, 0x0e, 0x78, 0x4c, 0x0e,
  0x80, 0x01, 0x4c, 0x0e, 0x78, 0x41, 0x0e, 0x70, 0x02, 0xe1, 0x0a, 0x0e,
  0x38, 0x41, 0x0e, 0x30, 0x41, 0x0e, 0x28, 0x42, 0x0e, 0x20, 0x42, 0x0e,
  0x18, 0x42, 0x0e, 0x10, 0x42, 0x0e, 0x08, 0x48, 0x0b, 0x00, 0x00, 0x00,
  0x10, 0x00, 0x00, 0x00, 0x54, 0x08, 0x00, 0x00, 0xe0, 0xaa, 0xff, 0xff,
  0x0a, 0x00, 0x00, 0x00, 0x00, 0x00, 0x00, 0x00, 0x10, 0x00, 0x00, 0x00,
  0x68, 0x08, 0x00, 0x00, 0xdc, 0xaa, 0xff, 0xff, 0x0a, 0x00, 0x00, 0x00,
  0x00, 0x00, 0x00, 0x00, 0x3c, 0x00, 0x00, 0x00, 0x7c, 0x08, 0x00, 0x00,
  0xd8, 0xaa, 0xff, 0xff, 0xac, 0x01, 0x00, 0x00, 0x00, 0x42, 0x0e, 0x10,
  0x8e, 0x02, 0x48, 0x0e, 0x18, 0x8d, 0x03, 0x42, 0x0e, 0x20, 0x8c, 0x04,
  0x41, 0x0e, 0x28, 0x86, 0x05, 0x41, 0x0e, 0x30, 0x83, 0x06, 0x03, 0x0d,
  0x01, 0x0a, 0x0e, 0x28, 0x41, 0x0e, 0x20, 0x46, 0x0e, 0x18, 0x42, 0x0e,
  0x10, 0x45, 0x0e, 0x08, 0x47, 0x0b, 0x00, 0x00, 0x40, 0x00, 0x00, 0x00,
  0xbc, 0x08, 0x00, 0x00, 0x48, 0xac, 0xff, 0xff, 0xbd, 0x03, 0x00, 0x00,
  0x00, 0x42, 0x0e, 0x10, 0x8e, 0x02, 0x45, 0x0e, 0x18, 0x8d, 0x03, 0x45,
  0x0e, 0x20, 0x8c, 0x04, 0x44, 0x0e, 0x28, 0x86, 0x05, 0x41, 0x0e, 0x30,
  0x83, 0x06, 0x44, 0x0e, 0x50, 0x03, 0x81, 0x01, 0x0a, 0x0e, 0x30, 0x41,
  0x0e, 0x28, 0x41, 0x0e, 0x20, 0x42, 0x0e, 0x18, 0x42, 0x0e, 0x10, 0x42,
  0x0e, 0x08, 0x42, 0x0b, 0x20, 0x00, 0x00, 0x00, 0x00, 0x09, 0x00, 0x00,
  0xc4, 0xaf, 0xff, 0xff, 0x41, 0x01, 0x00, 0x00, 0x00, 0x45, 0x0e, 0x10,
  0x83, 0x02, 0x4b, 0x0e, 0x30, 0x03, 0x2f, 0x01, 0x0e, 0x10, 0x41, 0x0e,
  0x08, 0x00, 0x00, 0x00, 0x48, 0x00, 0x00, 0x00, 0x24, 0x09, 0x00, 0x00,
  0xf0, 0xb0, 0xff, 0xff, 0x31, 0x04, 0x00, 0x00, 0x00, 0x42, 0x0e, 0x10,
  0x8f, 0x02, 0x42, 0x0e, 0x18, 0x8e, 0x03, 0x42, 0x0e, 0x20, 0x8d, 0x04,
  0x42, 0x0e, 0x28, 0x8c, 0x05, 0x41, 0x0e, 0x30, 0x86, 0x06, 0x41, 0x0e,
  0x38, 0x83, 0x07, 0x48, 0x0e, 0x70, 0x03, 0x2f, 0x03, 0x0a, 0x0e, 0x38,
  0x41, 0x0e, 0x30, 0x41, 0x0e, 0x28, 0x42, 0x0e, 0x20, 0x42, 0x0e, 0x18,
  0x42, 0x0e, 0x10, 0x42, 0x0e, 0x08, 0x45, 0x0b, 0x48, 0x00, 0x00, 0x00,
  0x70, 0x09, 0x00, 0x00, 0xe4, 0xb4, 0xff, 0xff, 0x34, 0x02, 0x00, 0x00,
  0x00, 0x42, 0x0e, 0x10, 0x8f, 0x02, 0x42, 0x0e, 0x18, 0x8e, 0x03, 0x42,
  0x0e, 0x20, 0x8d, 0x04, 0x45, 0x0e, 0x28, 0x8c, 0x05, 0x4c, 0x0e, 0x30,
  0x86, 0x06, 0x44, 0x0e, 0x38, 0x83, 0x07, 0x4b, 0x0e, 0x50, 0x03, 0x9f,
  0x01, 0x0a, 0x0e, 0x38, 0x41, 0x0e, 0x30, 0x41, 0x0e, 0x28, 0x42, 0x0e,
  0x20, 0x42, 0x0e, 0x18, 0x42, 0x0e, 0x10, 0x42, 0x0e, 0x08, 0x41, 0x0b,
  0x3c, 0x00, 0x00, 0x00, 0xbc, 0x09, 0x00, 0x00, 0xd8, 0xb6, 0xff, 0xff,
  0xb1, 0x01, 0x00, 0x00, 0x00, 0x42, 0x0e, 0x10, 0x8e, 0x02, 0x46, 0x0e,
  0x18, 0x8d, 0x03, 0x45, 0x0e, 0x20, 0x8c, 0x04, 0x47, 0x0e, 0x28, 0x86,
  0x05, 0x4a, 0x0e, 0x30, 0x83, 0x06, 0x03, 0x7d, 0x01, 0x0a, 0x0e, 0x28,
  0x41, 0x0e, 0x20, 0x42, 0x0e, 0x18, 0x42, 0x0e, 0x10, 0x42, 0x0e, 0x08,
  0x46, 0x0b, 0x00, 0x00, 0x34, 0x00, 0x00, 0x00, 0xfc, 0x09, 0x00, 0x00,
  0x58, 0xb8, 0xff, 0xff, 0x5a, 0x00, 0x00, 0x00, 0x00, 0x42, 0x0e, 0x10,
  0x8c, 0x02, 0x44, 0x0e, 0x18, 0x86, 0x03, 0x47, 0x0e, 0x20, 0x57, 0x0a,
  0x0e, 0x18, 0x47, 0x0e, 0x10, 0x42, 0x0e, 0x08, 0x4b, 0x0b, 0x44, 0x0a,
  0x0e, 0x18, 0x41, 0x0e, 0x10, 0x42, 0x0e, 0x08, 0x49, 0x0b, 0x00, 0x00,
  0x24, 0x00, 0x00, 0x00, 0x34, 0x0a, 0x00, 0x00, 0x80, 0xb8, 0xff, 0xff,
  0x24, 0x00, 0x00, 0x00, 0x00, 0x42, 0x0e, 0x10, 0x8c, 0x02, 0x44, 0x0e,
  0x18, 0x86, 0x03, 0x47, 0x0e, 0x20, 0x49, 0x0e, 0x18, 0x47, 0x0e, 0x10,
  0x42, 0x0e, 0x08, 0x00, 0x48, 0x00, 0x00, 0x00, 0x5c, 0x0a, 0x00, 0x00,
  0x88, 0xb8, 0xff, 0xff, 0xf6, 0x01, 0x00, 0x00, 0x00, 0x42, 0x0e, 0x10,
  0x8f, 0x02, 0x45, 0x0e, 0x18, 0x8e, 0x03, 0x42, 0x0e, 0x20, 0x8d, 0x04,
  0x42, 0x0e, 0x28, 0x8c, 0x05, 0x41, 0x0e, 0x30, 0x86, 0x06, 0x41, 0x0e,
  0x38, 0x83, 0x07, 0x44, 0x0e, 0x60, 0x03, 0x55, 0x01, 0x0a, 0x0e, 0x38,
  0x41, 0x0e, 0x30, 0x41, 0x0e, 0x28, 0x42, 0x0e, 0x20, 0x42, 0x0e, 0x18,
  0x42, 0x0e, 0x10, 0x42, 0x0e, 0x08, 0x41, 0x0b, 0x48, 0x00, 0x00, 0x00,
  0xa8, 0x0a, 0x00, 0x00, 0x3c, 0xba, 0xff, 0xff, 0x49, 0x02, 0x00, 0x00,
  0x00, 0x42, 0x0e, 0x10, 0x8f, 0x02, 0x42, 0x0e, 0x18, 0x8e, 0x03, 0x42,
  0x0e, 0x20, 0x8d, 0x04, 0x42, 0x0e, 0x28, 0x8c, 0x05, 0x41, 0x0e, 0x30,
  0x86, 0x06, 0x41, 0x0e, 0x38, 0x83, 0x07, 0x47, 0x0e, 0x70, 0x03, 0x28,
  0x02, 0x0a, 0x0e, 0x38, 0x41, 0x0e, 0x30, 0x41, 0x0e, 0x28, 0x42, 0x0e,
  0x20, 0x42, 0x0e, 0x18, 0x42, 0x0e, 0x10, 0x42, 0x0e, 0x08, 0x41, 0x0b,
  0x40, 0x00, 0x00, 0x00, 0xf4, 0x0a, 0x00, 0x00, 0x40, 0xbc, 0xff, 0xff,
  0x8c, 0x03, 0x00, 0x00, 0x00, 0x42, 0x0e, 0x10, 0x8e, 0x02, 0x42, 0x0e,
  0x18, 0x8d, 0x03, 0x42, 0x0e, 0x20, 0x8c, 0x04, 0x41, 0x0e, 0x28, 0x86,
  0x05, 0x41, 0x0e, 0x30, 0x83, 0x06, 0x44, 0x0e, 0x40, 0x03, 0x8b, 0x02,
  0x0a, 0x0e, 0x30, 0x44, 0x0e, 0x28, 0x41, 0x0e, 0x20, 0x42, 0x0e, 0x18,
  0x42, 0x0e, 0x10, 0x42, 0x0e, 0x08, 0x41, 0x0b, 0x4c, 0x00, 0x00, 0x00,
  0x38, 0x0b, 0x00, 0x00, 0x8c, 0xbf, 0xff, 0xff, 0x9a, 0x02, 0x00, 0x00,
  0x00, 0x42, 0x0e, 0x10, 0x8d, 0x02, 0x46, 0x0e, 0x18, 0x8c, 0x03, 0x41,
  0x0e, 0x20, 0x86, 0x04, 0x41, 0x0e, 0x28, 0x83, 0x05, 0x44, 0x0e, 0x40,
  0x03, 0x86, 0x01, 0x0a, 0x0e, 0x28, 0x46, 0x0e, 0x20, 0x41, 0x0e, 0x18,
  0x42, 0x0e, 0x10, 0x42, 0x0e, 0x08, 0x41, 0x0b, 0x02, 0x73, 0x0a, 0x0e,
  0x28, 0x43, 0x0e, 0x20, 0x41, 0x0e, 0x18, 0x42, 0x0e, 0x10, 0x42, 0x0e,
  0x08, 0x45, 0x0b, 0x00, 0x30, 0x00, 0x00, 0x00, 0x88, 0x0b, 0x00, 0x00,
  0xdc, 0xc1, 0xff, 0xff, 0xcc, 0x00, 0x00, 0x00, 0x00, 0x42, 0x0e, 0x10,
  0x8c, 0x02, 0x41, 0x0e, 0x18, 0x83, 0x03, 0x44, 0x0e, 0x20, 0x02, 0x9e,
  0x0a, 0x0e, 0x18, 0x44, 0x0e, 0x10, 0x42, 0x0e, 0x08, 0x41, 0x0b, 0x59,
  0x0e, 0x18, 0x44, 0x0e, 0x10, 0x42, 0x0e, 0x08, 0x4c, 0x00, 0x00, 0x00,
  0xbc, 0x0b, 0x00, 0x00, 0x78, 0xc2, 0xff, 0xff, 0xef, 0x02, 0x00, 0x00,
  0x00, 0x42, 0x0e, 0x10, 0x8e, 0x02, 0x42, 0x0e, 0x18, 0x8d, 0x03, 0x42,
  0x0e, 0x20, 0x8c, 0x04, 0x41, 0x0e, 0x28, 0x86, 0x05, 0x4c, 0x0e, 0x30,
  0x03, 0x6c, 0x02, 0x0a, 0x0e, 0x28, 0x44, 0x0e, 0x20, 0x42, 0x0e, 0x18,
  0x42, 0x0e, 0x10, 0x42, 0x0e, 0x08, 0x47, 0x0b, 0x7f, 0x0a, 0x0e, 0x28,
  0x44, 0x0e, 0x20, 0x42, 0x0e, 0x18, 0x42, 0x0e, 0x10, 0x42, 0x0e, 0x08,
  0x41, 0x0b, 0x00, 0x00, 0x34, 0x00, 0x00, 0x00, 0x0c, 0x0c, 0x00, 0x00,
  0x18, 0xc5, 0xff, 0xff, 0x8d, 0x01, 0x00, 0x00, 0x00, 0x42, 0x0e, 0x10,
  0x8c, 0x02, 0x41, 0x0e, 0x18, 0x86, 0x03, 0x44, 0x0e, 0x30, 0x02, 0x88,
  0x0a, 0x0e, 0x18, 0x44, 0x0e, 0x10, 0x42, 0x0e, 0x08, 0x4b, 0x0b, 0x02,
  0x67, 0x0a, 0x0e, 0x18, 0x44, 0x0e, 0x10, 0x42, 0x0e, 0x08, 0x43, 0x0b,
  0x10, 0x00, 0x00, 0x00, 0x44, 0x0c, 0x00, 0x00, 0x70, 0xc6, 0xff, 0xff,
  0x12, 0x00, 0x00, 0x00, 0x00, 0x00, 0x00, 0x00, 0x48, 0x00, 0x00, 0x00,
  0x58, 0x0c, 0x00, 0x00, 0x7c, 0xc6, 0xff, 0xff, 0x09, 0x05, 0x00, 0x00,
  0x00, 0x42, 0x0e, 0x10, 0x8f, 0x02, 0x45, 0x0e, 0x18, 0x8e, 0x03, 0x42,
  0x0e, 0x20, 0x8d, 0x04, 0x42, 0x0e, 0x28, 0x8c, 0x05, 0x44, 0x0e, 0x30,
  0x86, 0x06, 0x41, 0x0e, 0x38, 0x83, 0x07, 0x44, 0x0e, 0x50, 0x03, 0xbd,
  0x03, 0x0a, 0x0e, 0x38, 0x44, 0x0e, 0x30, 0x41, 0x0e, 0x28, 0x42, 0x0e,
  0x20, 0x42, 0x0e, 0x18, 0x42, 0x0e, 0x10, 0x42, 0x0e, 0x08, 0x42, 0x0b,
  0x48, 0x00, 0x00, 0x00, 0xa4, 0x0c, 0x00, 0x00, 0x40, 0xcb, 0xff, 0xff,
  0xdb, 0x03, 0x00, 0x00, 0x00, 0x42, 0x0e, 0x10, 0x8f, 0x02, 0x42, 0x0e,
  0x18, 0x8e, 0x03, 0x45, 0x0e, 0x20, 0x8d, 0x04, 0x42, 0x0e, 0x28, 0x8c,
  0x05, 0x44, 0x0e, 0x30, 0x86, 0x06, 0x41, 0x0e, 0x38, 0x83, 0x07, 0x44,
  0x0e, 0x50, 0x03, 0xf3, 0x02, 0x0a, 0x0e, 0x38, 0x44, 0x0e, 0x30, 0x41,
  0x0e, 0x28, 0x42, 0x0e, 0x20, 0x42, 0x0e, 0x18, 0x42, 0x0e, 0x10, 0x42,
  0x0e, 0x08, 0x44, 0x0b, 0x70, 0x00, 0x00, 0x00, 0xf0, 0x0c, 0x00, 0x00,
  0xd4, 0xce, 0xff, 0xff, 0x88, 0x14, 0x00, 0x00, 0x00, 0x42, 0x0e, 0x10,
  0x8f, 0x02, 0x4e, 0x0e, 0x18, 0x8e, 0x03, 0x42, 0x0e, 0x20, 0x8d, 0x04,
  0x42, 0x0e, 0x28, 0x8c, 0x05, 0x41, 0x0e, 0x30, 0x86, 0x06, 0x41, 0x0e,
  0x38, 0x83, 0x07, 0x47, 0x0e, 0xf0, 0x01, 0x03, 0xa5, 0x04, 0x0e, 0xf8,
  0x01, 0x43, 0x0e, 0x80, 0x02, 0x53, 0x0e, 0xf8, 0x01, 0x42, 0x0e, 0xf0,
  0x01, 0x03, 0xdb, 0x01, 0x0a, 0x0e, 0x38, 0x41, 0x0e, 0x30, 0x41, 0x0e,
  0x28, 0x42, 0x0e, 0x20, 0x42, 0x0e, 0x18, 0x42, 0x0e, 0x10, 0x42, 0x0e,
  0x08, 0x41, 0x0b, 0x03, 0xb2, 0x01, 0x0e, 0xf8, 0x01, 0x43, 0x0e, 0x80,
  0x02, 0x55, 0x0e, 0xf8, 0x01, 0x41, 0x0e, 0xf0, 0x01, 0x00, 0x00, 0x00,
  0x2c, 0x00, 0x00, 0x00, 0x64, 0x0d, 0x00, 0x00, 0xf0, 0xe2, 0xff, 0xff,
  0x0a, 0x02, 0x00, 0x00, 0x00, 0x42, 0x0e, 0x10, 0x8d, 0x02, 0x4e, 0x0e,
  0x18, 0x8c, 0x03, 0x41, 0x0e, 0x20, 0x86, 0x04, 0x02, 0xc2, 0x0a, 0x0e,
  0x18, 0x42, 0x0e, 0x10, 0x42, 0x0e, 0x08, 0x49, 0x0b, 0x00, 0x00, 0x00,
  0x00, 0x00, 0x00, 0x00, 0x00, 0x00, 0x00, 0x00, 0x00, 0x00, 0x00, 0x00,
  0x00, 0x00, 0x00, 0x00, 0x00, 0x00, 0x00, 0x00, 0x00, 0x00, 0x00, 0x00,
  0x00, 0x00, 0x00, 0x00, 0x00, 0x00, 0x00, 0x00, 0x00, 0x00, 0x00, 0x00,
  0x00, 0x00, 0x00, 0x00, 0x00, 0x00, 0x00, 0x00, 0x00, 0x00, 0x00, 0x00,
  0x00, 0x00, 0x00, 0x00, 0x00, 0x00, 0x00, 0x00, 0x00, 0x00, 0x00, 0x00,
  0x00, 0x00, 0x00, 0x00, 0x00, 0x00, 0x00, 0x00, 0x00, 0x00, 0x00, 0x00,
  0x00, 0x00, 0x00, 0x00, 0x00, 0x00, 0x00, 0x00, 0x00, 0x00, 0x00, 0x00,
  0x00, 0x00, 0x00, 0x00, 0x00, 0x00, 0x00, 0x00, 0x00, 0x00, 0x00, 0x00,
  0x00, 0x00, 0x00, 0x00, 0x00, 0x00, 0x00, 0x00, 0x00, 0x00, 0x00, 0x00,
  0x00, 0x00, 0x00, 0x00, 0x00, 0x00, 0x00, 0x00, 0x00, 0x00, 0x00, 0x00,
  0x00, 0x00, 0x00, 0x00, 0x00, 0x00, 0x00, 0x00, 0x00, 0x00, 0x00, 0x00,
  0x00, 0x00, 0x00, 0x00, 0x00, 0x00, 0x00, 0x00, 0x00, 0x00, 0x00, 0x00,
  0x00, 0x00, 0x00, 0x00, 0x00, 0x00, 0x00, 0x00, 0x00, 0x00, 0x00, 0x00,
  0x00, 0x00, 0x00, 0x00, 0x00, 0x00, 0x00, 0x00, 0x00, 0x00, 0x00, 0x00,
  0x00, 0x00, 0x00, 0x00, 0x00, 0x00, 0x00, 0x00, 0x00, 0x00, 0x00, 0x00,
  0x00, 0x00, 0x00, 0x00, 0x00, 0x00, 0x00, 0x00, 0x00, 0x00, 0x00, 0x00,
  0x00, 0x00, 0x00, 0x00, 0x00, 0x00, 0x00, 0x00, 0x00, 0x00, 0x00, 0x00,
  0x00, 0x00, 0x00, 0x00, 0x00, 0x00, 0x00, 0x00, 0x00, 0x00, 0x00, 0x00,
  0x00, 0x00, 0x00, 0x00, 0x00, 0x00, 0x00, 0x00, 0x00, 0x00, 0x00, 0x00,
  0x00, 0x00, 0x00, 0x00, 0x00, 0x00, 0x00, 0x00, 0x00, 0x00, 0x00, 0x00,
  0x00, 0x00, 0x00, 0x00, 0x00, 0x00, 0x00, 0x00, 0x00, 0x00, 0x00, 0x00,
  0x00, 0x00, 0x00, 0x00, 0x00, 0x00, 0x00, 0x00, 0x00, 0x00, 0x00, 0x00,
  0x00, 0x00, 0x00, 0x00, 0x00, 0x00, 0x00, 0x00, 0x00, 0x00, 0x00, 0x00,
  0x00, 0x00, 0x00, 0x00, 0x00, 0x00, 0x00, 0x00, 0x00, 0x00, 0x00, 0x00,
  0x00, 0x00, 0x00, 0x00, 0x00, 0x00, 0x00, 0x00, 0x00, 0x00, 0x00, 0x00,
  0x00, 0x00, 0x00, 0x00, 0x00, 0x00, 0x00, 0x00, 0x00, 0x00, 0x00, 0x00,
  0x00, 0x00, 0x00, 0x00, 0x00, 0x00, 0x00, 0x00, 0x00, 0x00, 0x00, 0x00,
  0x00, 0x00, 0x00, 0x00, 0x00, 0x00, 0x00, 0x00, 0x00, 0x00, 0x00, 0x00,
  0x00, 0x00, 0x00, 0x00, 0x00, 0x00, 0x00, 0x00, 0x00, 0x00, 0x00, 0x00,
  0x00, 0x00, 0x00, 0x00, 0x00, 0x00, 0x00, 0x00, 0x00, 0x00, 0x00, 0x00,
  0x00, 0x00, 0x00, 0x00, 0x00, 0x00, 0x00, 0x00, 0x00, 0x00, 0x00, 0x00,
  0x00, 0x00, 0x00, 0x00, 0x00, 0x00, 0x00, 0x00, 0x00, 0x00, 0x00, 0x00,
  0x00, 0x00, 0x00, 0x00, 0x00, 0x00, 0x00, 0x00, 0x00, 0x00, 0x00, 0x00,
  0x00, 0x00, 0x00, 0x00, 0x00, 0x00, 0x00, 0x00, 0x00, 0x00, 0x00, 0x00,
  0x00, 0x00, 0x00, 0x00, 0x00, 0x00, 0x00, 0x00, 0x00, 0x00, 0x00, 0x00,
  0x00, 0x00, 0x00, 0x00, 0x00, 0x00, 0x00, 0x00, 0x00, 0x00, 0x00, 0x00,
  0x00, 0x00, 0x00, 0x00, 0x00, 0x00, 0x00, 0x00, 0x00, 0x00, 0x00, 0x00,
  0x00, 0x00, 0x00, 0x00, 0x00, 0x00, 0x00, 0x00, 0x00, 0x00, 0x00, 0x00,
  0x00, 0x00, 0x00, 0x00, 0x00, 0x00, 0x00, 0x00, 0x00, 0x00, 0x00, 0x00,
  0x00, 0x00, 0x00, 0x00, 0x00, 0x00, 0x00, 0x00, 0x00, 0x00, 0x00, 0x00,
  0x00, 0x00, 0x00, 0x00, 0x00, 0x00, 0x00, 0x00, 0x00, 0x00, 0x00, 0x00,
  0x00, 0x00, 0x00, 0x00, 0x00, 0x00, 0x00, 0x00, 0x00, 0x00, 0x00, 0x00,
  0x00, 0x00, 0x00, 0x00, 0x00, 0x00, 0x00, 0x00, 0x00, 0x00, 0x00, 0x00,
  0x00, 0x00, 0x00, 0x00, 0x00, 0x00, 0x00, 0x00, 0x00, 0x00, 0x00, 0x00,
  0x00, 0x00, 0x00, 0x00, 0x00, 0x00, 0x00, 0x00, 0x00, 0x00, 0x00, 0x00,
  0x00, 0x00, 0x00, 0x00, 0x00, 0x00, 0x00, 0x00, 0x00, 0x00, 0x00, 0x00,
  0x00, 0x00, 0x00, 0x00, 0x00, 0x00, 0x00, 0x00, 0x00, 0x00, 0x00, 0x00,
  0x00, 0x00, 0x00, 0x00, 0x00, 0x00, 0x00, 0x00, 0x00, 0x00, 0x00, 0x00,
  0x00, 0x00, 0x00, 0x00, 0x00, 0x00, 0x00, 0x00, 0x00, 0x00, 0x00, 0x00,
  0x00, 0x00, 0x00, 0x00, 0x00, 0x00, 0x00, 0x00, 0x00, 0x00, 0x00, 0x00,
  0x00, 0x00, 0x00, 0x00, 0x00, 0x00, 0x00, 0x00, 0x00, 0x00, 0x00, 0x00,
  0x00, 0x00, 0x00, 0x00, 0x00, 0x00, 0x00, 0x00, 0x00, 0x00, 0x00, 0x00,
  0x00, 0x00, 0x00, 0x00, 0x00, 0x00, 0x00, 0x00, 0x00, 0x00, 0x00, 0x00,
  0x00, 0x00, 0x00, 0x00, 0x00, 0x00, 0x00, 0x00, 0x00, 0x00, 0x00, 0x00,
  0x00, 0x00, 0x00, 0x00, 0x00, 0x00, 0x00, 0x00, 0x00, 0x00, 0x00, 0x00,
  0x00, 0x00, 0x00, 0x00, 0x00, 0x00, 0x00, 0x00, 0x00, 0x00, 0x00, 0x00,
  0x00, 0x00, 0x00, 0x00, 0x00, 0x00, 0x00, 0x00, 0x00, 0x00, 0x00, 0x00,
  0x00, 0x00, 0x00, 0x00, 0x00, 0x00, 0x00, 0x00, 0x00, 0x00, 0x00, 0x00,
  0x00, 0x00, 0x00, 0x00, 0x00, 0x00, 0x00, 0x00, 0x00, 0x00, 0x00, 0x00,
  0x00, 0x00, 0x00, 0x00, 0x00, 0x00, 0x00, 0x00, 0x00, 0x00, 0x00, 0x00,
  0x00, 0x00, 0x00, 0x00, 0x00, 0x00, 0x00, 0x00, 0x00, 0x00, 0x00, 0x00,
  0x00, 0x00, 0x00, 0x00, 0x00, 0x00, 0x00, 0x00, 0x00, 0x00, 0x00, 0x00,
  0x00, 0x00, 0x00, 0x00, 0x00, 0x00, 0x00, 0x00, 0x00, 0x00, 0x00, 0x00,
  0x00, 0x00, 0x00, 0x00, 0x00, 0x00, 0x00, 0x00, 0x00, 0x00, 0x00, 0x00,
  0x00, 0x00, 0x00, 0x00, 0x00, 0x00, 0x00, 0x00, 0x00, 0x00, 0x00, 0x00,
  0x00, 0x00, 0x00, 0x00, 0x00, 0x00, 0x00, 0x00, 0x00, 0x00, 0x00, 0x00,
  0x00, 0x00, 0x00, 0x00, 0x00, 0x00, 0x00, 0x00, 0x00, 0x00, 0x00, 0x00,
  0x00, 0x00, 0x00, 0x00, 0x00, 0x00, 0x00, 0x00, 0x00, 0x00, 0x00, 0x00,
  0x00, 0x00, 0x00, 0x00, 0x00, 0x00, 0x00, 0x00, 0x00, 0x00, 0x00, 0x00,
  0x00, 0x00, 0x00, 0x00, 0x00, 0x00, 0x00, 0x00, 0x00, 0x00, 0x00, 0x00,
  0x00, 0x00, 0x00, 0x00, 0x00, 0x00, 0x00, 0x00, 0x00, 0x00, 0x00, 0x00,
  0x00, 0x00, 0x00, 0x00, 0x00, 0x00, 0x00, 0x00, 0x00, 0x00, 0x00, 0x00,
  0x00, 0x00, 0x00, 0x00, 0x00, 0x00, 0x00, 0x00, 0x00, 0x00, 0x00, 0x00,
  0x00, 0x00, 0x00, 0x00, 0x00, 0x00, 0x00, 0x00, 0x00, 0x00, 0x00, 0x00,
  0x00, 0x00, 0x00, 0x00, 0x00, 0x00, 0x00, 0x00, 0x00, 0x00, 0x00, 0x00,
  0x00, 0x00, 0x00, 0x00, 0x00, 0x00, 0x00, 0x00, 0x00, 0x00, 0x00, 0x00,
  0x00, 0x00, 0x00, 0x00, 0x00, 0x00, 0x00, 0x00, 0x00, 0x00, 0x00, 0x00,
  0x00, 0x00, 0x00, 0x00, 0x00, 0x00, 0x00, 0x00, 0x00, 0x00, 0x00, 0x00,
  0x00, 0x00, 0x00, 0x00, 0x00, 0x00, 0x00, 0x00, 0x00, 0x00, 0x00, 0x00,
  0x00, 0x00, 0x00, 0x00, 0x00, 0x00, 0x00, 0x00, 0x00, 0x00, 0x00, 0x00,
  0x00, 0x00, 0x00, 0x00, 0x00, 0x00, 0x00, 0x00, 0x00, 0x00, 0x00, 0x00,
  0x00, 0x00, 0x00, 0x00, 0x00, 0x00, 0x00, 0x00, 0x00, 0x00, 0x00, 0x00,
  0x00, 0x00, 0x00, 0x00, 0x00, 0x00, 0x00, 0x00, 0x00, 0x00, 0x00, 0x00,
  0x00, 0x00, 0x00, 0x00, 0x00, 0x00, 0x00, 0x00, 0x00, 0x00, 0x00, 0x00,
  0x00, 0x00, 0x00, 0x00, 0x00, 0x00, 0x00, 0x00, 0x00, 0x00, 0x00, 0x00,
  0x00, 0x00, 0x00, 0x00, 0x00, 0x00, 0x00, 0x00, 0x00, 0x00, 0x00, 0x00,
  0x00, 0x00, 0x00, 0x00, 0x00, 0x00, 0x00, 0x00, 0x00, 0x00, 0x00, 0x00,
  0x00, 0x00, 0x00, 0x00, 0x00, 0x00, 0x00, 0x00, 0x00, 0x00, 0x00, 0x00,
  0x00, 0x00, 0x00, 0x00, 0x00, 0x00, 0x00, 0x00, 0x00, 0x00, 0x00, 0x00,
  0x00, 0x00, 0x00, 0x00, 0x00, 0x00, 0x00, 0x00, 0x00, 0x00, 0x00, 0x00,
  0x00, 0x00, 0x00, 0x00, 0x00, 0x00, 0x00, 0x00, 0x00, 0x00, 0x00, 0x00,
  0x00, 0x00, 0x00, 0x00, 0x00, 0x00, 0x00, 0x00, 0x00, 0x00, 0x00, 0x00,
  0x00, 0x00, 0x00, 0x00, 0x00, 0x00, 0x00, 0x00, 0x00, 0x00, 0x00, 0x00,
  0x00, 0x00, 0x00, 0x00, 0x00, 0x00, 0x00, 0x00, 0x00, 0x00, 0x00, 0x00,
  0x00, 0x00, 0x00, 0x00, 0x00, 0x00, 0x00, 0x00, 0x00, 0x00, 0x00, 0x00,
  0x00, 0x00, 0x00, 0x00, 0x00, 0x00, 0x00, 0x00, 0x00, 0x00, 0x00, 0x00,
  0x00, 0x00, 0x00, 0x00, 0x00, 0x00, 0x00, 0x00, 0x00, 0x00, 0x00, 0x00,
  0x00, 0x00, 0x00, 0x00, 0x00, 0x00, 0x00, 0x00, 0x00, 0x00, 0x00, 0x00,
  0x00, 0x00, 0x00, 0x00, 0x00, 0x00, 0x00, 0x00, 0x00, 0x00, 0x00, 0x00,
  0x00, 0x00, 0x00, 0x00, 0x00, 0x00, 0x00, 0x00, 0x00, 0x00, 0x00, 0x00,
  0x00, 0x00, 0x00, 0x00, 0x00, 0x00, 0x00, 0x00, 0x00, 0x00, 0x00, 0x00,
  0x00, 0x00, 0x00, 0x00, 0x00, 0x00, 0x00, 0x00, 0x00, 0x00, 0x00, 0x00,
  0x00, 0x00, 0x00, 0x00, 0x00, 0x00, 0x00, 0x00, 0x00, 0x00, 0x00, 0x00,
  0x00, 0x00, 0x00, 0x00, 0x00, 0x00, 0x00, 0x00, 0x00, 0x00, 0x00, 0x00,
  0x00, 0x00, 0x00, 0x00, 0x00, 0x00, 0x00, 0x00, 0x00, 0x00, 0x00, 0x00,
  0x00, 0x00, 0x00, 0x00, 0x00, 0x00, 0x00, 0x00, 0x00, 0x00, 0x00, 0x00,
  0x00, 0x00, 0x00, 0x00, 0x00, 0x00, 0x00, 0x00, 0x00, 0x00, 0x00, 0x00,
  0x00, 0x00, 0x00, 0x00, 0x00, 0x00, 0x00, 0x00, 0x00, 0x00, 0x00, 0x00,
  0x00, 0x00, 0x00, 0x00, 0x00, 0x00, 0x00, 0x00, 0x00, 0x00, 0x00, 0x00,
  0x00, 0x00, 0x00, 0x00, 0x00, 0x00, 0x00, 0x00, 0x00, 0x00, 0x00, 0x00,
  0x00, 0x00, 0x00, 0x00, 0x00, 0x00, 0x00, 0x00, 0x00, 0x00, 0x00, 0x00,
  0x00, 0x00, 0x00, 0x00, 0x00, 0x00, 0x00, 0x00, 0x00, 0x00, 0x00, 0x00,
  0x00, 0x00, 0x00, 0x00, 0x00, 0x00, 0x00, 0x00, 0x00, 0x00, 0x00, 0x00,
  0x00, 0x00, 0x00, 0x00, 0x00, 0x00, 0x00, 0x00, 0x00, 0x00, 0x00, 0x00,
  0x00, 0x00, 0x00, 0x00, 0x00, 0x00, 0x00, 0x00, 0x00, 0x00, 0x00, 0x00,
  0x00, 0x00, 0x00, 0x00, 0x00, 0x00, 0x00, 0x00, 0x00, 0x00, 0x00, 0x00,
  0x00, 0x00, 0x00, 0x00, 0x00, 0x00, 0x00, 0x00, 0x00, 0x00, 0x00, 0x00,
  0x00, 0x00, 0x00, 0x00, 0x00, 0x00, 0x00, 0x00, 0x00, 0x00, 0x00, 0x00,
  0x00, 0x00, 0x00, 0x00, 0x00, 0x00, 0x00, 0x00, 0x00, 0x00, 0x00, 0x00,
  0x00, 0x00, 0x00, 0x00, 0x00, 0x00, 0x00, 0x00, 0x00, 0x00, 0x00, 0x00,
  0x00, 0x00, 0x00, 0x00, 0x00, 0x00, 0x00, 0x00, 0x00, 0x00, 0x00, 0x00,
  0x00, 0x00, 0x00, 0x00, 0x00, 0x00, 0x00, 0x00, 0x00, 0x00, 0x00, 0x00,
  0x00, 0x00, 0x00, 0x00, 0x00, 0x00, 0x00, 0x00, 0x00, 0x00, 0x00, 0x00,
  0x00, 0x00, 0x00, 0x00, 0x00, 0x00, 0x00, 0x00, 0x00, 0x00, 0x00, 0x00,
  0x00, 0x00, 0x00, 0x00, 0x00, 0x00, 0x00, 0x00, 0x00, 0x00, 0x00, 0x00,
  0x00, 0x00, 0x00, 0x00, 0x00, 0x00, 0x00, 0x00, 0x00, 0x00, 0x00, 0x00,
  0x00, 0x00, 0x00, 0x00, 0x00, 0x00, 0x00, 0x00, 0x00, 0x00, 0x00, 0x00,
  0x00, 0x00, 0x00, 0x00, 0x00, 0x00, 0x00, 0x00, 0x00, 0x00, 0x00, 0x00,
  0x00, 0x00, 0x00, 0x00, 0x00, 0x00, 0x00, 0x00, 0x00, 0x00, 0x00, 0x00,
  0x00, 0x00, 0x00, 0x00, 0x00, 0x00, 0x00, 0x00, 0x00, 0x00, 0x00, 0x00,
  0x00, 0x00, 0x00, 0x00, 0x00, 0x00, 0x00, 0x00, 0x00, 0x00, 0x00, 0x00,
  0x00, 0x00, 0x00, 0x00, 0x00, 0x00, 0x00, 0x00, 0x00, 0x00, 0x00, 0x00,
  0x00, 0x00, 0x00, 0x00, 0x00, 0x00, 0x00, 0x00, 0x00, 0x00, 0x00, 0x00,
  0x00, 0x00, 0x00, 0x00, 0x00, 0x00, 0x00, 0x00, 0x00, 0x00, 0x00, 0x00,
  0x00, 0x00, 0x00, 0x00, 0x00, 0x00, 0x00, 0x00, 0x00, 0x00, 0x00, 0x00,
  0x00, 0x00, 0x00, 0x00, 0x00, 0x00, 0x00, 0x00, 0x00, 0x00, 0x00, 0x00,
  0x00, 0x00, 0x00, 0x00, 0x00, 0x00, 0x00, 0x00, 0x00, 0x00, 0x00, 0x00,
  0x00, 0x00, 0x00, 0x00, 0x00, 0x00, 0x00, 0x00, 0x00, 0x00, 0x00, 0x00,
  0x00, 0x00, 0x00, 0x00, 0x00, 0x00, 0x00, 0x00, 0x00, 0x00, 0x00, 0x00,
  0x00, 0x00, 0x00, 0x00, 0x00, 0x00, 0x00, 0x00, 0x00, 0x00, 0x00, 0x00,
  0x00, 0x00, 0x00, 0x00, 0x00, 0x00, 0x00, 0x00, 0x00, 0x00, 0x00, 0x00,
  0x00, 0x00, 0x00, 0x00, 0x00, 0x00, 0x00, 0x00, 0x00, 0x00, 0x00, 0x00,
  0x00, 0x00, 0x00, 0x00, 0x00, 0x00, 0x00, 0x00, 0x00, 0x00, 0x00, 0x00,
  0x00, 0x00, 0x00, 0x00, 0x00, 0x00, 0x00, 0x00, 0x00, 0x00, 0x00, 0x00,
  0x00, 0x00, 0x00, 0x00, 0x00, 0x00, 0x00, 0x00, 0x00, 0x00, 0x00, 0x00,
  0x00, 0x00, 0x00, 0x00, 0x00, 0x00, 0x00, 0x00, 0x00, 0x00, 0x00, 0x00,
  0x00, 0x00, 0x00, 0x00, 0x00, 0x00, 0x00, 0x00, 0x00, 0x00, 0x00, 0x00,
  0x00, 0x00, 0x00, 0x00, 0x00, 0x00, 0x00, 0x00, 0x00, 0x00, 0x00, 0x00,
  0x00, 0x00, 0x00, 0x00, 0x00, 0x00, 0x00, 0x00, 0x00, 0x00, 0x00, 0x00,
  0x00, 0x00, 0x00, 0x00, 0x00, 0x00, 0x00, 0x00, 0x00, 0x00, 0x00, 0x00,
  0x00, 0x00, 0x00, 0x00, 0x00, 0x00, 0x00, 0x00, 0x00, 0x00, 0x00, 0x00,
  0x00, 0x00, 0x00, 0x00, 0x00, 0x00, 0x00, 0x00, 0x00, 0x00, 0x00, 0x00,
  0x00, 0x00, 0x00, 0x00, 0x00, 0x00, 0x00, 0x00, 0x00, 0x00, 0x00, 0x00,
  0x00, 0x00, 0x00, 0x00, 0x00, 0x00, 0x00, 0x00, 0x00, 0x00, 0x00, 0x00,
  0x00, 0x00, 0x00, 0x00, 0x00, 0x00, 0x00, 0x00, 0x00, 0x00, 0x00, 0x00,
  0x00, 0x00, 0x00, 0x00, 0x00, 0x00, 0x00, 0x00, 0x00, 0x00, 0x00, 0x00,
  0x00, 0x00, 0x00, 0x00, 0x00, 0x00, 0x00, 0x00, 0x00, 0x00, 0x00, 0x00,
  0x00, 0x00, 0x00, 0x00, 0x00, 0x00, 0x00, 0x00, 0x00, 0x00, 0x00, 0x00,
  0x00, 0x00, 0x00, 0x00, 0x00, 0x00, 0x00, 0x00, 0x00, 0x00, 0x00, 0x00,
  0x00, 0x00, 0x00, 0x00, 0x00, 0x00, 0x00, 0x00, 0x00, 0x00, 0x00, 0x00,
  0x00, 0x00, 0x00, 0x00, 0x00, 0x00, 0x00, 0x00, 0x00, 0x00, 0x00, 0x00,
  0x00, 0x00, 0x00, 0x00, 0x00, 0x00, 0x00, 0x00, 0x00, 0x00, 0x00, 0x00,
  0x00, 0x00, 0x00, 0x00, 0x00, 0x00, 0x00, 0x00, 0x00, 0x00, 0x00, 0x00,
  0x00, 0x00, 0x00, 0x00, 0x00, 0x00, 0x00, 0x00, 0x00, 0x00, 0x00, 0x00,
  0x00, 0x00, 0x00, 0x00, 0x00, 0x00, 0x00, 0x00, 0x00, 0x00, 0x00, 0x00,
  0x00, 0x00, 0x00, 0x00, 0x00, 0x00, 0x00, 0x00, 0x00, 0x00, 0x00, 0x00,
  0x00, 0x00, 0x00, 0x00, 0x00, 0x00, 0x00, 0x00, 0x00, 0x00, 0x00, 0x00,
  0x00, 0x00, 0x00, 0x00, 0x00, 0x00, 0x00, 0x00, 0x00, 0x00, 0x00, 0x00,
  0x00, 0x00, 0x00, 0x00, 0x00, 0x00, 0x00, 0x00, 0x00, 0x00, 0x00, 0x00,
  0x00, 0x00, 0x00, 0x00, 0x00, 0x00, 0x00, 0x00, 0x00, 0x00, 0x00, 0x00,
  0x00, 0x00, 0x00, 0x00, 0x00, 0x00, 0x00, 0x00, 0x00, 0x00, 0x00, 0x00,
  0x00, 0x00, 0x00, 0x00, 0x00, 0x00, 0x00, 0x00, 0x00, 0x00, 0x00, 0x00,
  0x00, 0x00, 0x00, 0x00, 0x00, 0x00, 0x00, 0x00, 0x00, 0x00, 0x00, 0x00,
  0x00, 0x00, 0x00, 0x00, 0x00, 0x00, 0x00, 0x00, 0x00, 0x00, 0x00, 0x00,
  0x00, 0x00, 0x00, 0x00, 0x00, 0x00, 0x00, 0x00, 0x00, 0x00, 0x00, 0x00,
  0x00, 0x00, 0x00, 0x00, 0x00, 0x00, 0x00, 0x00, 0x00, 0x00, 0x00, 0x00,
  0x00, 0x00, 0x00, 0x00, 0x00, 0x00, 0x00, 0x00, 0x00, 0x00, 0x00, 0x00,
  0x00, 0x00, 0x00, 0x00, 0x00, 0x00, 0x00, 0x00, 0x00, 0x00, 0x00, 0x00,
  0x00, 0x00, 0x00, 0x00, 0x00, 0x00, 0x00, 0x00, 0x00, 0x00, 0x00, 0x00,
  0x00, 0x00, 0x00, 0x00, 0x00, 0x00, 0x00, 0x00, 0x00, 0x00, 0x00, 0x00,
  0x00, 0x00, 0x00, 0x00, 0x00, 0x00, 0x00, 0x00, 0x00, 0x00, 0x00, 0x00,
  0x00, 0x00, 0x00, 0x00, 0x00, 0x00, 0x00, 0x00, 0x00, 0x00, 0x00, 0x00,
  0x00, 0x00, 0x00, 0x00, 0x00, 0x00, 0x00, 0x00, 0x00, 0x00, 0x00, 0x00,
  0x00, 0x00, 0x00, 0x00, 0x00, 0x00, 0x00, 0x00, 0x00, 0x00, 0x00, 0x00,
  0x00, 0x00, 0x00, 0x00, 0x00, 0x00, 0x00, 0x00, 0x00, 0x00, 0x00, 0x00,
  0x00, 0x00, 0x00, 0x00, 0x20, 0x12, 0x00, 0x00, 0x00, 0x00, 0x00, 0x00,
  0xe0, 0x11, 0x00, 0x00, 0x00, 0x00, 0x00, 0x00, 0xe8, 0x6d, 0x01, 0x00,
  0x00, 0x00, 0x00, 0x00, 0x01, 0x00, 0x00, 0x00, 0x00, 0x00, 0x00, 0x00,
  0xbe, 0x01, 0x00, 0x00, 0x00, 0x00, 0x00, 0x00, 0x01, 0x00, 0x00, 0x00,
  0x00, 0x00, 0x00, 0x00, 0xce, 0x01, 0x00, 0x00, 0x00, 0x00, 0x00, 0x00,
  0x0c, 0x00, 0x00, 0x00, 0x00, 0x00, 0x00, 0x00, 0x00, 0x10, 0x00, 0x00,
  0x00, 0x00, 0x00, 0x00, 0x0d, 0x00, 0x00, 0x00, 0x00, 0x00, 0x00, 0x00,
  0xfc, 0x39, 0x01, 0x00, 0x00, 0x00, 0x00, 0x00, 0x19, 0x00, 0x00, 0x00,
  0x00, 0x00, 0x00, 0x00, 0xd8, 0x6d, 0x01, 0x00, 0x00, 0x00, 0x00, 0x00,
  0x1b, 0x00, 0x00, 0x00, 0x00, 0x00, 0x00, 0x00, 0x08, 0x00, 0x00, 0x00,
  0x00, 0x00, 0x00, 0x00, 0x1a, 0x00, 0x00, 0x00, 0x00, 0x00, 0x00, 0x00,
  0xe0, 0x6d, 0x01, 0x00, 0x00, 0x00, 0x00, 0x00, 0x1c, 0x00, 0x00, 0x00,
  0x00, 0x00, 0x00, 0x00, 0x08, 0x00, 0x00, 0x00, 0x00, 0x00, 0x00, 0x00,
  0xf5, 0xfe, 0xff, 0x6f, 0x00, 0x00, 0x00, 0x00, 0x60, 0x02, 0x00, 0x00,
  0x00, 0x00, 0x00, 0x00, 0x05, 0x00, 0x00, 0x00, 0x00, 0x00, 0x00, 0x00,
  0x60, 0x05, 0x00, 0x00, 0x00, 0x00, 0x00, 0x00, 0x06, 0x00, 0x00, 0x00,
  0x00, 0x00, 0x00, 0x00, 0x90, 0x02, 0x00, 0x00, 0x00, 0x00, 0x00, 0x00,
  0x0a, 0x00, 0x00, 0x00, 0x00, 0x00, 0x00, 0x00, 0xef, 0x01, 0x00, 0x00,
  0x00, 0x00, 0x00, 0x00, 0x0b, 0x00, 0x00, 0x00, 0x00, 0x00, 0x00, 0x00,
  0x18, 0x00, 0x00, 0x00, 0x00, 0x00, 0x00, 0x00, 0x03, 0x00, 0x00, 0x00,
  0x00, 0x00, 0x00, 0x00, 0x00, 0x70, 0x01, 0x00, 0x00, 0x00, 0x00, 0x00,
  0x02, 0x00, 0x00, 0x00, 0x00, 0x00, 0x00, 0x00, 0xe0, 0x01, 0x00, 0x00,
  0x00, 0x00, 0x00, 0x00, 0x14, 0x00, 0x00, 0x00, 0x00, 0x00, 0x00, 0x00,
  0x07, 0x00, 0x00, 0x00, 0x00, 0x00, 0x00, 0x00, 0x17, 0x00, 0x00, 0x00,
  0x00, 0x00, 0x00, 0x00, 0x40, 0x09, 0x00, 0x00, 0x00, 0x00, 0x00, 0x00,
  0x07, 0x00, 0x00, 0x00, 0x00, 0x00, 0x00, 0x00, 0xc0, 0x07, 0x00, 0x00,
  0x00, 0x00, 0x00, 0x00, 0x08, 0x00, 0x00, 0x00, 0x00, 0x00, 0x00, 0x00,
  0x80, 0x01, 0x00, 0x00, 0x00, 0x00, 0x00, 0x00, 0x09, 0x00, 0x00, 0x00,
  0x00, 0x00, 0x00, 0x00, 0x18, 0x00, 0x00, 0x00, 0x00, 0x00, 0x00, 0x00,
  0xfe, 0xff, 0xff, 0x6f, 0x00, 0x00, 0x00, 0x00, 0x90, 0x07, 0x00, 0x00,
  0x00, 0x00, 0x00, 0x00, 0xff, 0xff, 0xff, 0x6f, 0x00, 0x00, 0x00, 0x00,
  0x01, 0x00, 0x00, 0x00, 0x00, 0x00, 0x00, 0x00, 0xf0, 0xff, 0xff, 0x6f,
  0x00, 0x00, 0x00, 0x00, 0x50, 0x07, 0x00, 0x00, 0x00, 0x00, 0x00, 0x00,
  0xf9, 0xff, 0xff, 0x6f, 0x00, 0x00, 0x00, 0x00, 0x08, 0x00, 0x00, 0x00,
  0x00, 0x00, 0x00, 0x00, 0x00, 0x00, 0x00, 0x00, 0x00, 0x00, 0x00, 0x00,
  0x00, 0x00, 0x00, 0x00, 0x00, 0x00, 0x00, 0x00, 0x00, 0x00, 0x00, 0x00,
  0x00, 0x00, 0x00, 0x00, 0x00, 0x00, 0x00, 0x00, 0x00, 0x00, 0x00, 0x00,
  0x00, 0x00, 0x00, 0x00, 0x00, 0x00, 0x00, 0x00, 0x00, 0x00, 0x00, 0x00,
  0x00, 0x00, 0x00, 0x00, 0x00, 0x00, 0x00, 0x00, 0x00, 0x00, 0x00, 0x00,
  0x00, 0x00, 0x00, 0x00, 0x00, 0x00, 0x00, 0x00, 0x00, 0x00, 0x00, 0x00,
  0x00, 0x00, 0x00, 0x00, 0x00, 0x00, 0x00, 0x00, 0x00, 0x00, 0x00, 0x00,
  0x00, 0x00, 0x00, 0x00, 0x00, 0x00, 0x00, 0x00, 0x00, 0x00, 0x00, 0x00,
  0x00, 0x00, 0x00, 0x00, 0x00, 0x00, 0x00, 0x00, 0x00, 0x00, 0x00, 0x00,
  0x00, 0x00, 0x00, 0x00, 0x00, 0x00, 0x00, 0x00, 0x00, 0x00, 0x00, 0x00,
  0x00, 0x00, 0x00, 0x00, 0x00, 0x00, 0x00, 0x00, 0x00, 0x00, 0x00, 0x00,
  0x00, 0x00, 0x00, 0x00, 0x00, 0x00, 0x00, 0x00, 0x00, 0x00, 0x00, 0x00,
  0x00, 0x00, 0x00, 0x00, 0xf0, 0x6d, 0x01, 0x00, 0x00, 0x00, 0x00, 0x00,
  0x00, 0x00, 0x00, 0x00, 0x00, 0x00, 0x00, 0x00, 0x00, 0x00, 0x00, 0x00,
  0x00, 0x00, 0x00, 0x00, 0x36, 0x10, 0x00, 0x00, 0x00, 0x00, 0x00, 0x00,
  0x46, 0x10, 0x00, 0x00, 0x00, 0x00, 0x00, 0x00, 0x56, 0x10, 0x00, 0x00,
  0x00, 0x00, 0x00, 0x00, 0x66, 0x10, 0x00, 0x00, 0x00, 0x00, 0x00, 0x00,
  0x76, 0x10, 0x00, 0x00, 0x00, 0x00, 0x00, 0x00, 0x86, 0x10, 0x00, 0x00,
  0x00, 0x00, 0x00, 0x00, 0x96, 0x10, 0x00, 0x00, 0x00, 0x00, 0x00, 0x00,
  0xa6, 0x10, 0x00, 0x00, 0x00, 0x00, 0x00, 0x00, 0xb6, 0x10, 0x00, 0x00,
  0x00, 0x00, 0x00, 0x00, 0xc6, 0x10, 0x00, 0x00, 0x00, 0x00, 0x00, 0x00,
  0xd6, 0x10, 0x00, 0x00, 0x00, 0x00, 0x00, 0x00, 0xe6, 0x10, 0x00, 0x00,
  0x00, 0x00, 0x00, 0x00, 0xf6, 0x10, 0x00, 0x00, 0x00, 0x00, 0x00, 0x00,
  0x06, 0x11, 0x00, 0x00, 0x00, 0x00, 0x00, 0x00, 0x16, 0x11, 0x00, 0x00,
  0x00, 0x00, 0x00, 0x00, 0x26, 0x11, 0x00, 0x00, 0x00, 0x00, 0x00, 0x00,
  0x36, 0x11, 0x00, 0x00, 0x00, 0x00, 0x00, 0x00, 0x46, 0x11, 0x00, 0x00,
  0x00, 0x00, 0x00, 0x00, 0x56, 0x11, 0x00, 0x00, 0x00, 0x00, 0x00, 0x00,
  0x66, 0x11, 0x00, 0x00, 0x00, 0x00, 0x00, 0x00, 0x00, 0x00, 0x00, 0x00,
  0x00, 0x00, 0x00, 0x00, 0x01, 0x00, 0x00, 0x00, 0x00, 0x00, 0x00, 0x00,
  0x00, 0x00, 0x00, 0x00, 0x00, 0x00, 0x00, 0x00, 0x00, 0x00, 0x00, 0x00,
  0x00, 0x00, 0x00, 0x00, 0x00, 0x00, 0x00, 0x00, 0x00, 0x00, 0x00, 0x00,
  0x00, 0x00, 0x00, 0x00, 0x00, 0x00, 0x00, 0x00, 0x65, 0x40, 0x01, 0x00,
  0x00, 0x00, 0x00, 0x00, 0x00, 0x00, 0x00, 0x00, 0x00, 0x00, 0x00, 0x00,
  0xff, 0xff, 0xff, 0xff, 0xff, 0xff, 0xff, 0xff, 0x40, 0x71, 0x01, 0x00,
  0x00, 0x00, 0x00, 0x00, 0x00, 0x00, 0x00, 0x00, 0x00, 0x00, 0x00, 0x00,
  0x00, 0x00, 0x00, 0x00, 0x00, 0x00, 0x00, 0x00, 0x00, 0x00, 0x00, 0x00,
  0x00, 0x00, 0x00, 0x00, 0x00, 0x00, 0x00, 0x00, 0x00, 0x00, 0x00, 0x00,
  0x00, 0x00, 0x00, 0x00, 0x00, 0x00, 0x00, 0x00, 0x00, 0x00, 0x00, 0x00,
  0x00, 0x00, 0x00, 0x00, 0x00, 0x00, 0x00, 0x00, 0x00, 0x00, 0x00, 0x00,
  0x05, 0x40, 0x01, 0x00, 0x00, 0x00, 0x00, 0x00, 0x60, 0x23, 0x01, 0x00,
  0x00, 0x00, 0x00, 0x00, 0x01, 0x00, 0x00, 0x00, 0x00, 0x00, 0x00, 0x00,
  0xcf, 0x42, 0x01, 0x00, 0x00, 0x00, 0x00, 0x00, 0x00, 0x00, 0x00, 0x00,
  0x00, 0x00, 0x00, 0x00, 0x00, 0x00, 0x00, 0x00, 0x00, 0x00, 0x00, 0x00,
  0x00, 0x00, 0x00, 0x00, 0x00, 0x00, 0x00, 0x00, 0x00, 0x00, 0x00, 0x00,
  0x00, 0x00, 0x00, 0x00, 0x47, 0x43, 0x43, 0x3a, 0x20, 0x28, 0x47, 0x4e,
  0x55, 0x29, 0x20, 0x31, 0x30, 0x2e, 0x32, 0x2e, 0x31, 0x20, 0x32, 0x30,
  0x32, 0x31, 0x30, 0x31, 0x33, 0x30, 0x20, 0x28, 0x52, 0x65, 0x64, 0x20,
  0x48, 0x61, 0x74, 0x20, 0x31, 0x30, 0x2e, 0x32, 0x2e, 0x31, 0x2d, 0x31,
  0x31, 0x29, 0x00, 0x00, 0x00, 0x00, 0x00, 0x00, 0x00, 0x00, 0x00, 0x00,
  0x00, 0x00, 0x00, 0x00, 0x00, 0x00, 0x00, 0x00, 0x00, 0x00, 0x00, 0x00,
  0x00, 0x00, 0x00, 0x00, 0x00, 0x00, 0x00, 0x00, 0x03, 0x00, 0x01, 0x00,
  0x38, 0x02, 0x00, 0x00, 0x00, 0x00, 0x00, 0x00, 0x00, 0x00, 0x00, 0x00,
  0x00, 0x00, 0x00, 0x00, 0x00, 0x00, 0x00, 0x00, 0x03, 0x00, 0x02, 0x00,
  0x60, 0x02, 0x00, 0x00, 0x00, 0x00, 0x00, 0x00, 0x00, 0x00, 0x00, 0x00,
  0x00, 0x00, 0x00, 0x00, 0x00, 0x00, 0x00, 0x00, 0x03, 0x00, 0x03, 0x00,
  0x90, 0x02, 0x00, 0x00, 0x00, 0x00, 0x00, 0x00, 0x00, 0x00, 0x00, 0x00,
  0x00, 0x00, 0x00, 0x00, 0x00, 0x00, 0x00, 0x00, 0x03, 0x00, 0x04, 0x00,
  0x60, 0x05, 0x00, 0x00, 0x00, 0x00, 0x00, 0x00, 0x00, 0x00, 0x00, 0x00,
  0x00, 0x00, 0x00, 0x00, 0x00, 0x00, 0x00, 0x00, 0x03, 0x00, 0x05, 0x00,
  0x50, 0x07, 0x00, 0x00, 0x00, 0x00, 0x00, 0x00, 0x00, 0x00, 0x00, 0x00,
  0x00, 0x00, 0x00, 0x00, 0x00, 0x00, 0x00, 0x00, 0x03, 0x00, 0x06, 0x00,
  0x90, 0x07, 0x00, 0x00, 0x00, 0x00, 0x00, 0x00, 0x00, 0x00, 0x00, 0x00,
  0x00, 0x00, 0x00, 0x00, 0x00, 0x00, 0x00, 0x00, 0x03, 0x00, 0x07, 0x00,
  0xc0, 0x07, 0x00, 0x00, 0x00, 0x00, 0x00, 0x00, 0x00, 0x00, 0x00, 0x00,
  0x00, 0x00, 0x00, 0x00, 0x00, 0x00, 0x00, 0x00, 0x03, 0x00, 0x08, 0x00,
  0x40, 0x09, 0x00, 0x00, 0x00, 0x00, 0x00, 0x00, 0x00, 0x00, 0x00, 0x00,
  0x00, 0x00, 0x00, 0x00, 0x00, 0x00, 0x00, 0x00, 0x03, 0x00, 0x09, 0x00,
  0x00, 0x10, 0x00, 0x00, 0x00, 0x00, 0x00, 0x00, 0x00, 0x00, 0x00, 0x00,
  0x00, 0x00, 0x00, 0x00, 0x00, 0x00, 0x00, 0x00, 0x03, 0x00, 0x0a, 0x00,
  0x20, 0x10, 0x00, 0x00, 0x00, 0x00, 0x00, 0x00, 0x00, 0x00, 0x00, 0x00,
  0x00, 0x00, 0x00, 0x00, 0x00, 0x00, 0x00, 0x00, 0x03, 0x00, 0x0b, 0x00,
  0x70, 0x11, 0x00, 0x00, 0x00, 0x00, 0x00, 0x00, 0x00, 0x00, 0x00, 0x00,
  0x00, 0x00, 0x00, 0x00, 0x00, 0x00, 0x00, 0x00, 0x03, 0x00, 0x0c, 0x00,
  0xfc, 0x39, 0x01, 0x00, 0x00, 0x00, 0x00, 0x00, 0x00, 0x00, 0x00, 0x00,
  0x00, 0x00, 0x00, 0x00, 0x00, 0x00, 0x00, 0x00, 0x03, 0x00, 0x0d, 0x00,
  0x00, 0x40, 0x01, 0x00, 0x00, 0x00, 0x00, 0x00, 0x00, 0x00, 0x00, 0x00,
  0x00, 0x00, 0x00, 0x00, 0x00, 0x00, 0x00, 0x00, 0x03, 0x00, 0x0e, 0x00,
  0xe8, 0x45, 0x01, 0x00, 0x00, 0x00, 0x00, 0x00, 0x00, 0x00, 0x00, 0x00,
  0x00, 0x00, 0x00, 0x00, 0x00, 0x00, 0x00, 0x00, 0x03, 0x00, 0x0f, 0x00,
  0x98, 0x47, 0x01, 0x00, 0x00, 0x00, 0x00, 0x00, 0x00, 0x00, 0x00, 0x00,
  0x00, 0x00, 0x00, 0x00, 0x00, 0x00, 0x00, 0x00, 0x03, 0x00, 0x10, 0x00,
  0xd8, 0x6d, 0x01, 0x00, 0x00, 0x00, 0x00, 0x00, 0x00, 0x00, 0x00, 0x00,
  0x00, 0x00, 0x00, 0x00, 0x00, 0x00, 0x00, 0x00, 0x03, 0x00, 0x11, 0x00,
  0xe0, 0x6d, 0x01, 0x00, 0x00, 0x00, 0x00, 0x00, 0x00, 0x00, 0x00, 0x00,
  0x00, 0x00, 0x00, 0x00, 0x00, 0x00, 0x00, 0x00, 0x03, 0x00, 0x12, 0x00,
  0xe8, 0x6d, 0x01, 0x00, 0x00, 0x00, 0x00, 0x00, 0x00, 0x00, 0x00, 0x00,
  0x00, 0x00, 0x00, 0x00, 0x00, 0x00, 0x00, 0x00, 0x03, 0x00, 0x13, 0x00,
  0xf0, 0x6d, 0x01, 0x00, 0x00, 0x00, 0x00, 0x00, 0x00, 0x00, 0x00, 0x00,
  0x00, 0x00, 0x00, 0x00, 0x00, 0x00, 0x00, 0x00, 0x03, 0x00, 0x14, 0x00,
  0xc0, 0x6f, 0x01, 0x00, 0x00, 0x00, 0x00, 0x00, 0x00, 0x00, 0x00, 0x00,
  0x00, 0x00, 0x00, 0x00, 0x00, 0x00, 0x00, 0x00, 0x03, 0x00, 0x15, 0x00,
  0x00, 0x70, 0x01, 0x00, 0x00, 0x00, 0x00, 0x00, 0x00, 0x00, 0x00, 0x00,
  0x00, 0x00, 0x00, 0x00, 0x00, 0x00, 0x00, 0x00, 0x03, 0x00, 0x16, 0x00,
  0xc0, 0x70, 0x01, 0x00, 0x00, 0x00, 0x00, 0x00, 0x00, 0x00, 0x00, 0x00,
  0x00, 0x00, 0x00, 0x00, 0x00, 0x00, 0x00, 0x00, 0x03, 0x00, 0x17, 0x00,
  0x80, 0x71, 0x01, 0x00, 0x00, 0x00, 0x00, 0x00, 0x00, 0x00, 0x00, 0x00,
  0x00, 0x00, 0x00, 0x00, 0x00, 0x00, 0x00, 0x00, 0x03, 0x00, 0x18, 0x00,
  0x00, 0x00, 0x00, 0x00, 0x00, 0x00, 0x00, 0x00, 0x00, 0x00, 0x00, 0x00,
  0x00, 0x00, 0x00, 0x00, 0x01, 0x00, 0x00, 0x00, 0x04, 0x00, 0xf1, 0xff,
  0x00, 0x00, 0x00, 0x00, 0x00, 0x00, 0x00, 0x00, 0x00, 0x00, 0x00, 0x00,
  0x00, 0x00, 0x00, 0x00, 0x0c, 0x00, 0x00, 0x00, 0x02, 0x00, 0x0b, 0x00,
  0x70, 0x11, 0x00, 0x00, 0x00, 0x00, 0x00, 0x00, 0x00, 0x00, 0x00, 0x00,
  0x00, 0x00, 0x00, 0x00, 0x0e, 0x00, 0x00, 0x00, 0x02, 0x00, 0x0b, 0x00,
  0xa0, 0x11, 0x00, 0x00, 0x00, 0x00, 0x00, 0x00, 0x00, 0x00, 0x00, 0x00,
  0x00, 0x00, 0x00, 0x00, 0x21, 0x00, 0x00, 0x00, 0x02, 0x00, 0x0b, 0x00,
  0xe0, 0x11, 0x00, 0x00, 0x00, 0x00, 0x00, 0x00, 0x00, 0x00, 0x00, 0x00,
  0x00, 0x00, 0x00, 0x00, 0x37, 0x00, 0x00, 0x00, 0x01, 0x00, 0x17, 0x00,
  0x80, 0x71, 0x01, 0x00, 0x00, 0x00, 0x00, 0x00, 0x01, 0x00, 0x00, 0x00,
  0x00, 0x00, 0x00, 0x00, 0x43, 0x00, 0x00, 0x00, 0x01, 0x00, 0x11, 0x00,
  0xe0, 0x6d, 0x01, 0x00, 0x00, 0x00, 0x00, 0x00, 0x00, 0x00, 0x00, 0x00,
  0x00, 0x00, 0x00, 0x00, 0x6a, 0x00, 0x00, 0x00, 0x02, 0x00, 0x0b, 0x00,
  0x20, 0x12, 0x00, 0x00, 0x00, 0x00, 0x00, 0x00, 0x00, 0x00, 0x00, 0x00,
  0x00, 0x00, 0x00, 0x00, 0x76, 0x00, 0x00, 0x00, 0x01, 0x00, 0x10, 0x00,
  0xd8, 0x6d, 0x01, 0x00, 0x00, 0x00, 0x00, 0x00, 0x00, 0x00, 0x00, 0x00,
  0x00, 0x00, 0x00, 0x00, 0x95, 0x00, 0x00, 0x00, 0x04, 0x00, 0xf1, 0xff,
  0x00, 0x00, 0x00, 0x00, 0x00, 0x00, 0x00, 0x00, 0x00, 0x00, 0x00, 0x00,
  0x00, 0x00, 0x00, 0x00, 0xa2, 0x00, 0x00, 0x00, 0x02, 0x00, 0x0b, 0x00,
  0x30, 0x12, 0x00, 0x00, 0x00, 0x00, 0x00, 0x00, 0x6a, 0x00, 0x00, 0x00,
  0x00, 0x00, 0x00, 0x00, 0xb6, 0x00, 0x00, 0x00, 0x02, 0x00, 0x0b, 0x00,
  0xa0, 0x12, 0x00, 0x00, 0x00, 0x00, 0x00, 0x00, 0x79, 0x02, 0x00, 0x00,
  0x00, 0x00, 0x00, 0x00, 0xc6, 0x00, 0x00, 0x00, 0x02, 0x00, 0x0b, 0x00,
  0x20, 0x15, 0x00, 0x00, 0x00, 0x00, 0x00, 0x00, 0x19, 0x02, 0x00, 0x00,
  0x00, 0x00, 0x00, 0x00, 0xd7, 0x00, 0x00, 0x00, 0x02, 0x00, 0x0b, 0x00,
  0x40, 0x17, 0x00, 0x00, 0x00, 0x00, 0x00, 0x00, 0x86, 0x00, 0x00, 0x00,
  0x00, 0x00, 0x00, 0x00, 0xe1, 0x00, 0x00, 0x00, 0x02, 0x00, 0x0b, 0x00,
  0xd0, 0x17, 0x00, 0x00, 0x00, 0x00, 0x00, 0x00, 0x43, 0x01, 0x00, 0x00,
  0x00, 0x00, 0x00, 0x00, 0xe8, 0x00, 0x00, 0x00, 0x02, 0x00, 0x0b, 0x00,
  0x20, 0x19, 0x00, 0x00, 0x00, 0x00, 0x00, 0x00, 0x53, 0x01, 0x00, 0x00,
  0x00, 0x00, 0x00, 0x00, 0xef, 0x00, 0x00, 0x00, 0x02, 0x00, 0x0b, 0x00,
  0x80, 0x1a, 0x00, 0x00, 0x00, 0x00, 0x00, 0x00, 0xcc, 0x02, 0x00, 0x00,
  0x00, 0x00, 0x00, 0x00, 0xf6, 0x00, 0x00, 0x00, 0x02, 0x00, 0x0b, 0x00,
  0x50, 0x1d, 0x00, 0x00, 0x00, 0x00, 0x00, 0x00, 0xb8, 0x02, 0x00, 0x00,
  0x00, 0x00, 0x00, 0x00, 0xfd, 0x00, 0x00, 0x00, 0x02, 0x00, 0x0b, 0x00,
  0x10, 0x20, 0x00, 0x00, 0x00, 0x00, 0x00, 0x00, 0x78, 0x03, 0x00, 0x00,
  0x00, 0x00, 0x00, 0x00, 0x04, 0x01, 0x00, 0x00, 0x02, 0x00, 0x0b, 0x00,
  0x90, 0x23, 0x00, 0x00, 0x00, 0x00, 0x00, 0x00, 0x98, 0x03, 0x00, 0x00,
  0x00, 0x00, 0x00, 0x00, 0x0b, 0x01, 0x00, 0x00, 0x02, 0x00, 0x0b, 0x00,
  0x30, 0x27, 0x00, 0x00, 0x00, 0x00, 0x00, 0x00, 0x33, 0x12, 0x00, 0x00,
  0x00, 0x00, 0x00, 0x00, 0x12, 0x01, 0x00, 0x00, 0x02, 0x00, 0x0b, 0x00,
  0x70, 0x39, 0x00, 0x00, 0x00, 0x00, 0x00, 0x00, 0x4e, 0x12, 0x00, 0x00,
  0x00, 0x00, 0x00, 0x00, 0x19, 0x01, 0x00, 0x00, 0x02, 0x00, 0x0b, 0x00,
  0xc0, 0x4b, 0x00, 0x00, 0x00, 0x00, 0x00, 0x00, 0xa4, 0x0c, 0x00, 0x00,
  0x00, 0x00, 0x00, 0x00, 0x1f, 0x01, 0x00, 0x00, 0x02, 0x00, 0x0b, 0x00,
  0x70, 0x58, 0x00, 0x00, 0x00, 0x00, 0x00, 0x00, 0xac, 0x1d, 0x00, 0x00,
  0x00, 0x00, 0x00, 0x00, 0x26, 0x01, 0x00, 0x00, 0x02, 0x00, 0x0b, 0x00,
  0x20, 0x76, 0x00, 0x00, 0x00, 0x00, 0x00, 0x00, 0x67, 0x00, 0x00, 0x00,
  0x00, 0x00, 0x00, 0x00, 0x33, 0x01, 0x00, 0x00, 0x02, 0x00, 0x0b, 0x00,
  0x90, 0x76, 0x00, 0x00, 0x00, 0x00, 0x00, 0x00, 0xd2, 0x06, 0x00, 0x00,
  0x00, 0x00, 0x00, 0x00, 0x39, 0x01, 0x00, 0x00, 0x02, 0x00, 0x0b, 0x00,
  0x70, 0x7d, 0x00, 0x00, 0x00, 0x00, 0x00, 0x00, 0x65, 0x03, 0x00, 0x00,
  0x00, 0x00, 0x00, 0x00, 0x3f, 0x01, 0x00, 0x00, 0x02, 0x00, 0x0b, 0x00,
  0xe0, 0x80, 0x00, 0x00, 0x00, 0x00, 0x00, 0x00, 0x15, 0x05, 0x00, 0x00,
  0x00, 0x00, 0x00, 0x00, 0x45, 0x01, 0x00, 0x00, 0x02, 0x00, 0x0b, 0x00,
  0x00, 0x86, 0x00, 0x00, 0x00, 0x00, 0x00, 0x00, 0x02, 0x0a, 0x00, 0x00,
  0x00, 0x00, 0x00, 0x00, 0x4b, 0x01, 0x00, 0x00, 0x02, 0x00, 0x0b, 0x00,
  0x10, 0x90, 0x00, 0x00, 0x00, 0x00, 0x00, 0x00, 0x0d, 0x24, 0x00, 0x00,
  0x00, 0x00, 0x00, 0x00, 0x51, 0x01, 0x00, 0x00, 0x02, 0x00, 0x0b, 0x00,
  0x20, 0xb4, 0x00, 0x00, 0x00, 0x00, 0x00, 0x00, 0x93, 0x02, 0x00, 0x00,
  0x00, 0x00, 0x00, 0x00, 0x57, 0x01, 0x00, 0x00, 0x02, 0x00, 0x0b, 0x00,
  0xc0, 0xb6, 0x00, 0x00, 0x00, 0x00, 0x00, 0x00, 0x36, 0x04, 0x00, 0x00,
  0x00, 0x00, 0x00, 0x00, 0x5d, 0x01, 0x00, 0x00, 0x02, 0x00, 0x0b, 0x00,
  0x00, 0xbb, 0x00, 0x00, 0x00, 0x00, 0x00, 0x00, 0xc8, 0x06, 0x00, 0x00,
  0x00, 0x00, 0x00, 0x00, 0x63, 0x01, 0x00, 0x00, 0x02, 0x00, 0x0b, 0x00,
  0xd0, 0xc1, 0x00, 0x00, 0x00, 0x00, 0x00, 0x00, 0x40, 0x0a, 0x00, 0x00,
  0x00, 0x00, 0x00, 0x00, 0x69, 0x01, 0x00, 0x00, 0x02, 0x00, 0x0b, 0x00,
  0x10, 0xcc, 0x00, 0x00, 0x00, 0x00, 0x00, 0x00, 0xb7, 0x20, 0x00, 0x00,
  0x00, 0x00, 0x00, 0x00, 0x6f, 0x01, 0x00, 0x00, 0x02, 0x00, 0x0b, 0x00,
  0xd0, 0xec, 0x00, 0x00, 0x00, 0x00, 0x00, 0x00, 0x06, 0x0a, 0x00, 0x00,
  0x00, 0x00, 0x00, 0x00, 0x75, 0x01, 0x00, 0x00, 0x02, 0x00, 0x0b, 0x00,
  0xe0, 0xf6, 0x00, 0x00, 0x00, 0x00, 0x00, 0x00, 0x40, 0x00, 0x00, 0x00,
  0x00, 0x00, 0x00, 0x00, 0x8a, 0x01, 0x00, 0x00, 0x02, 0x00, 0x0b, 0x00,
  0x20, 0xf7, 0x00, 0x00, 0x00, 0x00, 0x00, 0x00, 0x16, 0x00, 0x00, 0x00,
  0x00, 0x00, 0x00, 0x00, 0x9d, 0x01, 0x00, 0x00, 0x02, 0x00, 0x0b, 0x00,
  0x40, 0xf7, 0x00, 0x00, 0x00, 0x00, 0x00, 0x00, 0x87, 0x03, 0x00, 0x00,
  0x00, 0x00, 0x00, 0x00, 0xa6, 0x01, 0x00, 0x00, 0x02, 0x00, 0x0b, 0x00,
  0xd0, 0xfa, 0x00, 0x00, 0x00, 0x00, 0x00, 0x00, 0x0a, 0x00, 0x00, 0x00,
  0x00, 0x00, 0x00, 0x00, 0xb4, 0x01, 0x00, 0x00, 0x02, 0x00, 0x0b, 0x00,
  0xe0, 0xfa, 0x00, 0x00, 0x00, 0x00, 0x00, 0x00, 0x0a, 0x00, 0x00, 0x00,
  0x00, 0x00, 0x00, 0x00, 0xc3, 0x01, 0x00, 0x00, 0x02, 0x00, 0x0b, 0x00,
  0xf0, 0xfa, 0x00, 0x00, 0x00, 0x00, 0x00, 0x00, 0xac, 0x01, 0x00, 0x00,
  0x00, 0x00, 0x00, 0x00, 0xd8, 0x01, 0x00, 0x00, 0x02, 0x00, 0x0b, 0x00,
  0xa0, 0xfc, 0x00, 0x00, 0x00, 0x00, 0x00, 0x00, 0xbd, 0x03, 0x00, 0x00,
  0x00, 0x00, 0x00, 0x00, 0xe3, 0x01, 0x00, 0x00, 0x02, 0x00, 0x0b, 0x00,
  0x60, 0x00, 0x01, 0x00, 0x00, 0x00, 0x00, 0x00, 0x41, 0x01, 0x00, 0x00,
  0x00, 0x00, 0x00, 0x00, 0xf1, 0x01, 0x00, 0x00, 0x02, 0x00, 0x0b, 0x00,
  0xb0, 0x01, 0x01, 0x00, 0x00, 0x00, 0x00, 0x00, 0x31, 0x04, 0x00, 0x00,
  0x00, 0x00, 0x00, 0x00, 0x03, 0x02, 0x00, 0x00, 0x02, 0x00, 0x0b, 0x00,
  0xf0, 0x05, 0x01, 0x00, 0x00, 0x00, 0x00, 0x00, 0x34, 0x02, 0x00, 0x00,
  0x00, 0x00, 0x00, 0x00, 0x17, 0x02, 0x00, 0x00, 0x02, 0x00, 0x0b, 0x00,
  0x30, 0x08, 0x01, 0x00, 0x00, 0x00, 0x00, 0x00, 0xb1, 0x01, 0x00, 0x00,
  0x00, 0x00, 0x00, 0x00, 0x27, 0x02, 0x00, 0x00, 0x02, 0x00, 0x0b, 0x00,
  0xf0, 0x09, 0x01, 0x00, 0x00, 0x00, 0x00, 0x00, 0x5a, 0x00, 0x00, 0x00,
  0x00, 0x00, 0x00, 0x00, 0x3a, 0x02, 0x00, 0x00, 0x02, 0x00, 0x0b, 0x00,
  0x50, 0x0a, 0x01, 0x00, 0x00, 0x00, 0x00, 0x00, 0x24, 0x00, 0x00, 0x00,
  0x00, 0x00, 0x00, 0x00, 0x48, 0x02, 0x00, 0x00, 0x02, 0x00, 0x0b, 0x00,
  0x80, 0x0a, 0x01, 0x00, 0x00, 0x00, 0x00, 0x00, 0xf6, 0x01, 0x00, 0x00,
  0x00, 0x00, 0x00, 0x00, 0x5b, 0x02, 0x00, 0x00, 0x02, 0x00, 0x0b, 0x00,
  0x80, 0x0c, 0x01, 0x00, 0x00, 0x00, 0x00, 0x00, 0x49, 0x02, 0x00, 0x00,
  0x00, 0x00, 0x00, 0x00, 0x6e, 0x02, 0x00, 0x00, 0x02, 0x00, 0x0b, 0x00,
  0xd0, 0x0e, 0x01, 0x00, 0x00, 0x00, 0x00, 0x00, 0x8c, 0x03, 0x00, 0x00,
  0x00, 0x00, 0x00, 0x00, 0x7e, 0x02, 0x00, 0x00, 0x02, 0x00, 0x0b, 0x00,
  0x60, 0x12, 0x01, 0x00, 0x00, 0x00, 0x00, 0x00, 0x9a, 0x02, 0x00, 0x00,
  0x00, 0x00, 0x00, 0x00, 0x9a, 0x02, 0x00, 0x00, 0x02, 0x00, 0x0b, 0x00,
  0x00, 0x15, 0x01, 0x00, 0x00, 0x00, 0x00, 0x00, 0xcc, 0x00, 0x00, 0x00,
  0x00, 0x00, 0x00, 0x00, 0xaa, 0x02, 0x00, 0x00, 0x02, 0x00, 0x0b, 0x00,
  0xd0, 0x15, 0x01, 0x00, 0x00, 0x00, 0x00, 0x00, 0xef, 0x02, 0x00, 0x00,
  0x00, 0x00, 0x00, 0x00, 0xbc, 0x02, 0x00, 0x00, 0x02, 0x00, 0x0b, 0x00,
  0xc0, 0x18, 0x01, 0x00, 0x00, 0x00, 0x00, 0x00, 0x8d, 0x01, 0x00, 0x00,
  0x00, 0x00, 0x00, 0x00, 0xcb, 0x02, 0x00, 0x00, 0x02, 0x00, 0x0b, 0x00,
  0x50, 0x1a, 0x01, 0x00, 0x00, 0x00, 0x00, 0x00, 0x12, 0x00, 0x00, 0x00,
  0x00, 0x00, 0x00, 0x00, 0xe6, 0x02, 0x00, 0x00, 0x02, 0x00, 0x0b, 0x00,
  0x70, 0x1a, 0x01, 0x00, 0x00, 0x00, 0x00, 0x00, 0x09, 0x05, 0x00, 0x00,
  0x00, 0x00, 0x00, 0x00, 0xfe, 0x02, 0x00, 0x00, 0x02, 0x00, 0x0b, 0x00,
  0x80, 0x1f, 0x01, 0x00, 0x00, 0x00, 0x00, 0x00, 0xdb, 0x03, 0x00, 0x00,
  0x00, 0x00, 0x00, 0x00, 0x16, 0x03, 0x00, 0x00, 0x02, 0x00, 0x0b, 0x00,
  0x60, 0x23, 0x01, 0x00, 0x00, 0x00, 0x00, 0x00, 0x88, 0x14, 0x00, 0x00,
  0x00, 0x00, 0x00, 0x00, 0x1e, 0x03, 0x00, 0x00, 0x01, 0x00, 0x17, 0x00,
  0x88, 0x71, 0x01, 0x00, 0x00, 0x00, 0x00, 0x00, 0x08, 0x00, 0x00, 0x00,
  0x00, 0x00, 0x00, 0x00, 0x2a, 0x03, 0x00, 0x00, 0x01, 0x00, 0x16, 0x00,
  0xc0, 0x70, 0x01, 0x00, 0x00, 0x00, 0x00, 0x00, 0x68, 0x00, 0x00, 0x00,
  0x00, 0x00, 0x00, 0x00, 0x34, 0x03, 0x00, 0x00, 0x01, 0x00, 0x16, 0x00,
  0x40, 0x71, 0x01, 0x00, 0x00, 0x00, 0x00, 0x00, 0x40, 0x00, 0x00, 0x00,
  0x00, 0x00, 0x00, 0x00, 0x3c, 0x03, 0x00, 0x00, 0x01, 0x00, 0x0d, 0x00,
  0xcf, 0x42, 0x01, 0x00, 0x00, 0x00, 0x00, 0x00, 0x01, 0x00, 0x00, 0x00,
  0x00, 0x00, 0x00, 0x00, 0x01, 0x00, 0x00, 0x00, 0x04, 0x00, 0xf1, 0xff,
  0x00, 0x00, 0x00, 0x00, 0x00, 0x00, 0x00, 0x00, 0x00, 0x00, 0x00, 0x00,
  0x00, 0x00, 0x00, 0x00, 0x4b, 0x03, 0x00, 0x00, 0x01, 0x00, 0x0f, 0x00,
  0x28, 0x55, 0x01, 0x00, 0x00, 0x00, 0x00, 0x00, 0x00, 0x00, 0x00, 0x00,
  0x00, 0x00, 0x00, 0x00, 0x00, 0x00, 0x00, 0x00, 0x04, 0x00, 0xf1, 0xff,
  0x00, 0x00, 0x00, 0x00, 0x00, 0x00, 0x00, 0x00, 0x00, 0x00, 0x00, 0x00,
  0x00, 0x00, 0x00, 0x00, 0x59, 0x03, 0x00, 0x00, 0x01, 0x00, 0x12, 0x00,
  0xe8, 0x6d, 0x01, 0x00, 0x00, 0x00, 0x00, 0x00, 0x00, 0x00, 0x00, 0x00,
  0x00, 0x00, 0x00, 0x00, 0x66, 0x03, 0x00, 0x00, 0x01, 0x00, 0x13, 0x00,
  0xf0, 0x6d, 0x01, 0x00, 0x00, 0x00, 0x00, 0x00, 0x00, 0x00, 0x00, 0x00,
  0x00, 0x00, 0x00, 0x00, 0x6f, 0x03, 0x00, 0x00, 0x00, 0x00, 0x0e, 0x00,
  0xe8, 0x45, 0x01, 0x00, 0x00, 0x00, 0x00, 0x00, 0x00, 0x00, 0x00, 0x00,
  0x00, 0x00, 0x00, 0x00, 0x82, 0x03, 0x00, 0x00, 0x01, 0x00, 0x16, 0x00,
  0x80, 0x71, 0x01, 0x00, 0x00, 0x00, 0x00, 0x00, 0x00, 0x00, 0x00, 0x00,
  0x00, 0x00, 0x00, 0x00, 0x8e, 0x03, 0x00, 0x00, 0x01, 0x00, 0x15, 0x00,
  0x00, 0x70, 0x01, 0x00, 0x00, 0x00, 0x00, 0x00, 0x00, 0x00, 0x00, 0x00,
  0x00, 0x00, 0x00, 0x00, 0xa4, 0x03, 0x00, 0x00, 0x12, 0x00, 0x00, 0x00,
  0x00, 0x00, 0x00, 0x00, 0x00, 0x00, 0x00, 0x00, 0x00, 0x00, 0x00, 0x00,
  0x00, 0x00, 0x00, 0x00, 0xb6, 0x03, 0x00, 0x00, 0x20, 0x00, 0x00, 0x00,
  0x00, 0x00, 0x00, 0x00, 0x00, 0x00, 0x00, 0x00, 0x00, 0x00, 0x00, 0x00,
  0x00, 0x00, 0x00, 0x00, 0xd2, 0x03, 0x00, 0x00, 0x10, 0x00, 0x00, 0x00,
  0x00, 0x00, 0x00, 0x00, 0x00, 0x00, 0x00, 0x00, 0x00, 0x00, 0x00, 0x00,
  0x00, 0x00, 0x00, 0x00, 0xe7, 0x03, 0x00, 0x00, 0x10, 0x00, 0x00, 0x00,
  0x00, 0x00, 0x00, 0x00, 0x00, 0x00, 0x00, 0x00, 0x00, 0x00, 0x00, 0x00,
  0x00, 0x00, 0x00, 0x00, 0xfe, 0x03, 0x00, 0x00, 0x10, 0x00, 0x00, 0x00,
  0x00, 0x00, 0x00, 0x00, 0x00, 0x00, 0x00, 0x00, 0x00, 0x00, 0x00, 0x00,
  0x00, 0x00, 0x00, 0x00, 0x0a, 0x04, 0x00, 0x00, 0x10, 0x00, 0x00, 0x00,
  0x00, 0x00, 0x00, 0x00, 0x00, 0x00, 0x00, 0x00, 0x00, 0x00, 0x00, 0x00,
  0x00, 0x00, 0x00, 0x00, 0x19, 0x04, 0x00, 0x00, 0x12, 0x00, 0x0c, 0x00,
  0xfc, 0x39, 0x01, 0x00, 0x00, 0x00, 0x00, 0x00, 0x00, 0x00, 0x00, 0x00,
  0x00, 0x00, 0x00, 0x00, 0x1f, 0x04, 0x00, 0x00, 0x10, 0x00, 0x00, 0x00,
  0x00, 0x00, 0x00, 0x00, 0x00, 0x00, 0x00, 0x00, 0x00, 0x00, 0x00, 0x00,
  0x00, 0x00, 0x00, 0x00, 0x32, 0x04, 0x00, 0x00, 0x10, 0x00, 0x00, 0x00,
  0x00, 0x00, 0x00, 0x00, 0x00, 0x00, 0x00, 0x00, 0x00, 0x00, 0x00, 0x00,
  0x00, 0x00, 0x00, 0x00, 0x42, 0x04, 0x00, 0x00, 0x10, 0x00, 0x00, 0x00,
  0x00, 0x00, 0x00, 0x00, 0x00, 0x00, 0x00, 0x00, 0x00, 0x00, 0x00, 0x00,
  0x00, 0x00, 0x00, 0x00, 0x4e, 0x04, 0x00, 0x00, 0x12, 0x00, 0x00, 0x00,
  0x00, 0x00, 0x00, 0x00, 0x00, 0x00, 0x00, 0x00, 0x00, 0x00, 0x00, 0x00,
  0x00, 0x00, 0x00, 0x00, 0x62, 0x04, 0x00, 0x00, 0x20, 0x00, 0x00, 0x00,
  0x00, 0x00, 0x00, 0x00, 0x00, 0x00, 0x00, 0x00, 0x00, 0x00, 0x00, 0x00,
  0x00, 0x00, 0x00, 0x00, 0x71, 0x04, 0x00, 0x00, 0x12, 0x00, 0x00, 0x00,
  0x00, 0x00, 0x00, 0x00, 0x00, 0x00, 0x00, 0x00, 0x00, 0x00, 0x00, 0x00,
  0x00, 0x00, 0x00, 0x00, 0x84, 0x04, 0x00, 0x00, 0x10, 0x00, 0x00, 0x00,
  0x00, 0x00, 0x00, 0x00, 0x00, 0x00, 0x00, 0x00, 0x00, 0x00, 0x00, 0x00,
  0x00, 0x00, 0x00, 0x00, 0x95, 0x04, 0x00, 0x00, 0x10, 0x00, 0x00, 0x00,
  0x00, 0x00, 0x00, 0x00, 0x00, 0x00, 0x00, 0x00, 0x00, 0x00, 0x00, 0x00,
  0x00, 0x00, 0x00, 0x00, 0xab, 0x04, 0x00, 0x00, 0x12, 0x00, 0x00, 0x00,
  0x00, 0x00, 0x00, 0x00, 0x00, 0x00, 0x00, 0x00, 0x00, 0x00, 0x00, 0x00,
  0x00, 0x00, 0x00, 0x00, 0xbf, 0x04, 0x00, 0x00, 0x10, 0x00, 0x00, 0x00,
  0x00, 0x00, 0x00, 0x00, 0x00, 0x00, 0x00, 0x00, 0x00, 0x00, 0x00, 0x00,
  0x00, 0x00, 0x00, 0x00, 0xd7, 0x04, 0x00, 0x00, 0x10, 0x00, 0x00, 0x00,
  0x00, 0x00, 0x00, 0x00, 0x00, 0x00, 0x00, 0x00, 0x00, 0x00, 0x00, 0x00,
  0x00, 0x00, 0x00, 0x00, 0xe6, 0x04, 0x00, 0x00, 0x10, 0x00, 0x00, 0x00,
  0x00, 0x00, 0x00, 0x00, 0x00, 0x00, 0x00, 0x00, 0x00, 0x00, 0x00, 0x00,
  0x00, 0x00, 0x00, 0x00, 0xea, 0x04, 0x00, 0x00, 0x10, 0x00, 0x00, 0x00,
  0x00, 0x00, 0x00, 0x00, 0x00, 0x00, 0x00, 0x00, 0x00, 0x00, 0x00, 0x00,
  0x00, 0x00, 0x00, 0x00, 0xfc, 0x04, 0x00, 0x00, 0x10, 0x00, 0x00, 0x00,
  0x00, 0x00, 0x00, 0x00, 0x00, 0x00, 0x00, 0x00, 0x00, 0x00, 0x00, 0x00,
  0x00, 0x00, 0x00, 0x00, 0x0e, 0x05, 0x00, 0x00, 0x10, 0x00, 0x00, 0x00,
  0x00, 0x00, 0x00, 0x00, 0x00, 0x00, 0x00, 0x00, 0x00, 0x00, 0x00, 0x00,
  0x00, 0x00, 0x00, 0x00, 0x23, 0x05, 0x00, 0x00, 0x10, 0x00, 0x00, 0x00,
  0x00, 0x00, 0x00, 0x00, 0x00, 0x00, 0x00, 0x00, 0x00, 0x00, 0x00, 0x00,
  0x00, 0x00, 0x00, 0x00, 0x28, 0x05, 0x00, 0x00, 0x10, 0x00, 0x00, 0x00,
  0x00, 0x00, 0x00, 0x00, 0x00, 0x00, 0x00, 0x00, 0x00, 0x00, 0x00, 0x00,
  0x00, 0x00, 0x00, 0x00, 0x35, 0x05, 0x00, 0x00, 0x10, 0x00, 0x00, 0x00,
  0x00, 0x00, 0x00, 0x00, 0x00, 0x00, 0x00, 0x00, 0x00, 0x00, 0x00, 0x00,
  0x00, 0x00, 0x00, 0x00, 0x4a, 0x05, 0x00, 0x00, 0x20, 0x00, 0x00, 0x00,
  0x00, 0x00, 0x00, 0x00, 0x00, 0x00, 0x00, 0x00, 0x00, 0x00, 0x00, 0x00,
  0x00, 0x00, 0x00, 0x00, 0x64, 0x05, 0x00, 0x00, 0x22, 0x00, 0x00, 0x00,
  0x00, 0x00, 0x00, 0x00, 0x00, 0x00, 0x00, 0x00, 0x00, 0x00, 0x00, 0x00,
  0x00, 0x00, 0x00, 0x00, 0x80, 0x05, 0x00, 0x00, 0x12, 0x00, 0x09, 0x00,
  0x00, 0x10, 0x00, 0x00, 0x00, 0x00, 0x00, 0x00, 0x00, 0x00, 0x00, 0x00,
  0x00, 0x00, 0x00, 0x00, 0x86, 0x05, 0x00, 0x00, 0x12, 0x00, 0x0b, 0x00,
  0xf0, 0x37, 0x01, 0x00, 0x00, 0x00, 0x00, 0x00, 0x0a, 0x02, 0x00, 0x00,
  0x00, 0x00, 0x00, 0x00, 0x00, 0x63, 0x72, 0x74, 0x73, 0x74, 0x75, 0x66,
  0x66, 0x2e, 0x63, 0x00, 0x64, 0x65, 0x72, 0x65, 0x67, 0x69, 0x73, 0x74,
  0x65, 0x72, 0x5f, 0x74, 0x6d, 0x5f, 0x63, 0x6c, 0x6f, 0x6e, 0x65, 0x73,
  0x00, 0x5f, 0x5f, 0x64, 0x6f, 0x5f, 0x67, 0x6c, 0x6f, 0x62, 0x61, 0x6c,
  0x5f, 0x64, 0x74, 0x6f, 0x72, 0x73, 0x5f, 0x61, 0x75, 0x78, 0x00, 0x63,
  0x6f, 0x6d, 0x70, 0x6c, 0x65, 0x74, 0x65, 0x64, 0x2e, 0x30, 0x00, 0x5f,
  0x5f, 0x64, 0x6f, 0x5f, 0x67, 0x6c, 0x6f, 0x62, 0x61, 0x6c, 0x5f, 0x64,
  0x74, 0x6f, 0x72, 0x73, 0x5f, 0x61, 0x75, 0x78, 0x5f, 0x66, 0x69, 0x6e,
  0x69, 0x5f, 0x61, 0x72, 0x72, 0x61, 0x79, 0x5f, 0x65, 0x6e, 0x74, 0x72,
  0x79, 0x00, 0x66, 0x72, 0x61, 0x6d, 0x65, 0x5f, 0x64, 0x75, 0x6d, 0x6d,
  0x79, 0x00, 0x5f, 0x5f, 0x66, 0x72, 0x61, 0x6d, 0x65, 0x5f, 0x64, 0x75,
  0x6d, 0x6d, 0x79, 0x5f, 0x69, 0x6e, 0x69, 0x74, 0x5f, 0x61, 0x72, 0x72,
  0x61, 0x79, 0x5f, 0x65, 0x6e, 0x74, 0x72, 0x79, 0x00, 0x5f, 0x70, 0x6f,
  0x63, 0x6b, 0x65, 0x74, 0x66, 0x66, 0x74, 0x2e, 0x63, 0x00, 0x66, 0x69,
  0x6c, 0x6c, 0x5f, 0x66, 0x69, 0x72, 0x73, 0x74, 0x5f, 0x71, 0x75, 0x61,
  0x64, 0x72, 0x61, 0x6e, 0x74, 0x00, 0x66, 0x69, 0x6c, 0x6c, 0x5f, 0x66,
  0x69, 0x72, 0x73, 0x74, 0x5f, 0x68, 0x61, 0x6c, 0x66, 0x00, 0x66, 0x69,
  0x6c, 0x6c, 0x5f, 0x73, 0x65, 0x63, 0x6f, 0x6e, 0x64, 0x5f, 0x68, 0x61,
  0x6c, 0x66, 0x00, 0x67, 0x6f, 0x6f, 0x64, 0x5f, 0x73, 0x69, 0x7a, 0x65,
  0x00, 0x70, 0x61, 0x73, 0x73, 0x32, 0x62, 0x00, 0x70, 0x61, 0x73, 0x73,
  0x32, 0x66, 0x00, 0x70, 0x61, 0x73, 0x73, 0x33, 0x62, 0x00, 0x70, 0x61,
  0x73, 0x73, 0x33, 0x66, 0x00, 0x70, 0x61, 0x73, 0x73, 0x34, 0x62, 0x00,
  0x70, 0x61, 0x73, 0x73, 0x34, 0x66, 0x00, 0x70, 0x61, 0x73, 0x73, 0x35,
  0x62, 0x00, 0x70, 0x61, 0x73, 0x73, 0x35, 0x66, 0x00, 0x70, 0x61, 0x73,
  0x73, 0x37, 0x00, 0x70, 0x61, 0x73, 0x73, 0x31, 0x31, 0x00, 0x63, 0x66,
  0x66, 0x74, 0x70, 0x5f, 0x74, 0x77, 0x73, 0x69, 0x7a, 0x65, 0x00, 0x72,
  0x61, 0x64, 0x66, 0x32, 0x00, 0x72, 0x61, 0x64, 0x66, 0x33, 0x00, 0x72,
  0x61, 0x64, 0x66, 0x34, 0x00, 0x72, 0x61, 0x64, 0x66, 0x35, 0x00, 0x72,
  0x61, 0x64, 0x66, 0x67, 0x00, 0x72, 0x61, 0x64, 0x62, 0x32, 0x00, 0x72,
  0x61, 0x64, 0x62, 0x33, 0x00, 0x72, 0x61, 0x64, 0x62, 0x34, 0x00, 0x72,
  0x61, 0x64, 0x62, 0x35, 0x00, 0x72, 0x61, 0x64, 0x62, 0x67, 0x00, 0x70,
  0x61, 0x73, 0x73, 0x67, 0x00, 0x64, 0x65, 0x73, 0x74, 0x72, 0x6f, 0x79,
  0x5f, 0x66, 0x66, 0x74, 0x62, 0x6c, 0x75, 0x65, 0x5f, 0x70, 0x6c, 0x61,
  0x6e, 0x00, 0x64, 0x65, 0x73, 0x74, 0x72, 0x6f, 0x79, 0x5f, 0x72, 0x66,
  0x66, 0x74, 0x70, 0x5f, 0x70, 0x6c, 0x61, 0x6e, 0x00, 0x70, 0x61, 0x73,
  0x73, 0x5f, 0x61, 0x6c, 0x6c, 0x00, 0x63, 0x66, 0x66, 0x74, 0x70, 0x5f,
  0x66, 0x6f, 0x72, 0x77, 0x61, 0x72, 0x64, 0x00, 0x63, 0x66, 0x66, 0x74,
  0x70, 0x5f, 0x62, 0x61, 0x63, 0x6b, 0x77, 0x61, 0x72, 0x64, 0x00, 0x6c,
  0x61, 0x72, 0x67, 0x65, 0x73, 0x74, 0x5f, 0x70, 0x72, 0x69, 0x6d, 0x65,
  0x5f, 0x66, 0x61, 0x63, 0x74, 0x6f, 0x72, 0x00, 0x63, 0x6f, 0x73, 0x74,
  0x5f, 0x67, 0x75, 0x65, 0x73, 0x73, 0x00, 0x6d, 0x79, 0x5f, 0x73, 0x69,
  0x6e, 0x63, 0x6f, 0x73, 0x6d, 0x31, 0x70, 0x69, 0x00, 0x63, 0x61, 0x6c,
  0x63, 0x5f, 0x66, 0x69, 0x72, 0x73, 0x74, 0x5f, 0x6f, 0x63, 0x74, 0x61,
  0x6e, 0x74, 0x00, 0x63, 0x61, 0x6c, 0x63, 0x5f, 0x66, 0x69, 0x72, 0x73,
  0x74, 0x5f, 0x71, 0x75, 0x61, 0x64, 0x72, 0x61, 0x6e, 0x74, 0x00, 0x63,
  0x61, 0x6c, 0x63, 0x5f, 0x66, 0x69, 0x72, 0x73, 0x74, 0x5f, 0x68, 0x61,
  0x6c, 0x66, 0x00, 0x73, 0x69, 0x6e, 0x63, 0x6f, 0x73, 0x5f, 0x32, 0x70,
  0x69, 0x62, 0x79, 0x6e, 0x5f, 0x68, 0x61, 0x6c, 0x66, 0x00, 0x73, 0x69,
  0x6e, 0x63, 0x6f, 0x73, 0x5f, 0x32, 0x70, 0x69, 0x62, 0x79, 0x6e, 0x00,
  0x63, 0x66, 0x66, 0x74, 0x70, 0x5f, 0x63, 0x6f, 0x6d, 0x70, 0x5f, 0x74,
  0x77, 0x69, 0x64, 0x64, 0x6c, 0x65, 0x00, 0x72, 0x66, 0x66, 0x74, 0x70,
  0x5f, 0x63, 0x6f, 0x6d, 0x70, 0x5f, 0x74, 0x77, 0x69, 0x64, 0x64, 0x6c,
  0x65, 0x00, 0x6d, 0x61, 0x6b, 0x65, 0x5f, 0x72, 0x66, 0x66, 0x74, 0x70,
  0x5f, 0x70, 0x6c, 0x61, 0x6e, 0x00, 0x63, 0x66, 0x66, 0x74, 0x70, 0x5f,
  0x66, 0x61, 0x63, 0x74, 0x6f, 0x72, 0x69, 0x7a, 0x65, 0x2e, 0x63, 0x6f,
  0x6e, 0x73, 0x74, 0x70, 0x72, 0x6f, 0x70, 0x2e, 0x30, 0x00, 0x6d, 0x61,
  0x6b, 0x65, 0x5f, 0x63, 0x66, 0x66, 0x74, 0x70, 0x5f, 0x70, 0x6c, 0x61,
  0x6e, 0x00, 0x6d, 0x61, 0x6b, 0x65, 0x5f, 0x66, 0x66, 0x74, 0x62, 0x6c,
  0x75, 0x65, 0x5f, 0x70, 0x6c, 0x61, 0x6e, 0x00, 0x6d, 0x61, 0x6b, 0x65,
  0x5f, 0x72, 0x66, 0x66, 0x74, 0x5f, 0x70, 0x6c, 0x61, 0x6e, 0x00, 0x63,
  0x66, 0x66, 0x74, 0x70, 0x5f, 0x62, 0x61, 0x63, 0x6b, 0x77, 0x61, 0x72,
  0x64, 0x2e, 0x63, 0x6f, 0x6e, 0x73, 0x74, 0x70, 0x72, 0x6f, 0x70, 0x2e,
  0x30, 0x00, 0x66, 0x66, 0x74, 0x62, 0x6c, 0x75, 0x65, 0x5f, 0x66, 0x66,
  0x74, 0x2e, 0x63, 0x6f, 0x6e, 0x73, 0x74, 0x70, 0x72, 0x6f, 0x70, 0x2e,
  0x31, 0x00, 0x66, 0x66, 0x74, 0x62, 0x6c, 0x75, 0x65, 0x5f, 0x66, 0x66,
  0x74, 0x2e, 0x63, 0x6f, 0x6e, 0x73, 0x74, 0x70, 0x72, 0x6f, 0x70, 0x2e,
  0x30, 0x00, 0x65, 0x78, 0x65, 0x63, 0x75, 0x74, 0x65, 0x00, 0x50, 0x79,
  0x41, 0x72, 0x72, 0x61, 0x79, 0x5f, 0x41, 0x50, 0x49, 0x00, 0x6d, 0x6f,
  0x64, 0x75, 0x6c, 0x65, 0x64, 0x65, 0x66, 0x00, 0x6d, 0x65, 0x74, 0x68,
  0x6f, 0x64, 0x73, 0x00, 0x65, 0x78, 0x65, 0x63, 0x75, 0x74, 0x65, 0x5f,
  0x5f, 0x64, 0x6f, 0x63, 0x5f, 0x5f, 0x00, 0x5f, 0x5f, 0x46, 0x52, 0x41,
  0x4d, 0x45, 0x5f, 0x45, 0x4e, 0x44, 0x5f, 0x5f, 0x00, 0x5f, 0x5f, 0x64,
  0x73, 0x6f, 0x5f, 0x68, 0x61, 0x6e, 0x64, 0x6c, 0x65, 0x00, 0x5f, 0x44,
  0x59, 0x4e, 0x41, 0x4d, 0x49, 0x43, 0x00, 0x5f, 0x5f, 0x47, 0x4e, 0x55,
  0x5f, 0x45, 0x48, 0x5f, 0x46, 0x52, 0x41, 0x4d, 0x45, 0x5f, 0x48, 0x44,
  0x52, 0x00, 0x5f, 0x5f, 0x54, 0x4d, 0x43, 0x5f, 0x45, 0x4e, 0x44, 0x5f,
  0x5f, 0x00, 0x5f, 0x47, 0x4c, 0x4f, 0x42, 0x41, 0x4c, 0x5f, 0x4f, 0x46,
  0x46, 0x53, 0x45, 0x54, 0x5f, 0x54, 0x41, 0x42, 0x4c, 0x45, 0x5f, 0x00,
  0x66, 0x72, 0x65, 0x65, 0x40, 0x40, 0x47, 0x4c, 0x49, 0x42, 0x43, 0x5f,
  0x32, 0x2e, 0x32, 0x2e, 0x35, 0x00, 0x5f, 0x49, 0x54, 0x4d, 0x5f, 0x64,
  0x65, 0x72, 0x65, 0x67, 0x69, 0x73, 0x74, 0x65, 0x72, 0x54, 0x4d, 0x43,
  0x6c, 0x6f, 0x6e, 0x65, 0x54, 0x61, 0x62, 0x6c, 0x65, 0x00, 0x50, 0x79,
  0x45, 0x76, 0x61, 0x6c, 0x5f, 0x52, 0x65, 0x73, 0x74, 0x6f, 0x72, 0x65,
  0x54, 0x68, 0x72, 0x65, 0x61, 0x64, 0x00, 0x50, 0x79, 0x4f, 0x62, 0x6a,
  0x65, 0x63, 0x74, 0x5f, 0x47, 0x65, 0x74, 0x41, 0x74, 0x74, 0x72, 0x53,
  0x74, 0x72, 0x69, 0x6e, 0x67, 0x00, 0x5f, 0x50, 0x79, 0x5f, 0x44, 0x65,
  0x61, 0x6c, 0x6c, 0x6f, 0x63, 0x00, 0x50, 0x79, 0x45, 0x72, 0x72, 0x5f,
  0x4e, 0x6f, 0x4d, 0x65, 0x6d, 0x6f, 0x72, 0x79, 0x00, 0x5f, 0x66, 0x69,
  0x6e, 0x69, 0x00, 0x50, 0x79, 0x45, 0x78, 0x63, 0x5f, 0x52, 0x75, 0x6e,
  0x74, 0x69, 0x6d, 0x65, 0x45, 0x72, 0x72, 0x6f, 0x72, 0x00, 0x50, 0x79,
  0x45, 0x72, 0x72, 0x5f, 0x53, 0x65, 0x74, 0x53, 0x74, 0x72, 0x69, 0x6e,
  0x67, 0x00, 0x50, 0x79, 0x45, 0x72, 0x72, 0x5f, 0x50, 0x72, 0x69, 0x6e,
  0x74, 0x00, 0x6d, 0x65, 0x6d, 0x73, 0x65, 0x74, 0x40, 0x40, 0x47, 0x4c,
  0x49, 0x42, 0x43, 0x5f, 0x32, 0x2e, 0x32, 0x2e, 0x35, 0x00, 0x5f, 0x5f,
  0x67, 0x6d, 0x6f, 0x6e, 0x5f, 0x73, 0x74, 0x61, 0x72, 0x74, 0x5f, 0x5f,
  0x00, 0x6d, 0x65, 0x6d, 0x63, 0x70, 0x79, 0x40, 0x40, 0x47, 0x4c, 0x49,
  0x42, 0x43, 0x5f, 0x32, 0x2e, 0x31, 0x34, 0x00, 0x50, 0x79, 0x4d, 0x6f,
  0x64, 0x75, 0x6c, 0x65, 0x5f, 0x43, 0x72, 0x65, 0x61, 0x74, 0x65, 0x32,
  0x00, 0x50, 0x79, 0x49, 0x6d, 0x70, 0x6f, 0x72, 0x74, 0x5f, 0x49, 0x6d,
  0x70, 0x6f, 0x72, 0x74, 0x4d, 0x6f, 0x64, 0x75, 0x6c, 0x65, 0x00, 0x6d,
  0x61, 0x6c, 0x6c, 0x6f, 0x63, 0x40, 0x40, 0x47, 0x4c, 0x49, 0x42, 0x43,
  0x5f, 0x32, 0x2e, 0x32, 0x2e, 0x35, 0x00, 0x5f, 0x50, 0x79, 0x41, 0x72,
  0x67, 0x5f, 0x50, 0x61, 0x72, 0x73, 0x65, 0x54, 0x75, 0x70, 0x6c, 0x65,
  0x5f, 0x53, 0x69, 0x7a, 0x65, 0x54, 0x00, 0x50, 0x79, 0x43, 0x61, 0x70,
  0x73, 0x75, 0x6c, 0x65, 0x5f, 0x54, 0x79, 0x70, 0x65, 0x00, 0x66, 0x6d,
  0x61, 0x00, 0x50, 0x79, 0x45, 0x76, 0x61, 0x6c, 0x5f, 0x53, 0x61, 0x76,
  0x65, 0x54, 0x68, 0x72, 0x65, 0x61, 0x64, 0x00, 0x50, 0x79, 0x45, 0x78,
  0x63, 0x5f, 0x49, 0x6d, 0x70, 0x6f, 0x72, 0x74, 0x45, 0x72, 0x72, 0x6f,
  0x72, 0x00, 0x50, 0x79, 0x45, 0x78, 0x63, 0x5f, 0x41, 0x74, 0x74, 0x72,
  0x69, 0x62, 0x75, 0x74, 0x65, 0x45, 0x72, 0x72, 0x6f, 0x72, 0x00, 0x73,
  0x71, 0x72, 0x74, 0x00, 0x50, 0x79, 0x45, 0x72, 0x72, 0x5f, 0x46, 0x6f,
  0x72, 0x6d, 0x61, 0x74, 0x00, 0x50, 0x79, 0x43, 0x61, 0x70, 0x73, 0x75,
  0x6c, 0x65, 0x5f, 0x47, 0x65, 0x74, 0x50, 0x6f, 0x69, 0x6e, 0x74, 0x65,
  0x72, 0x00, 0x5f, 0x49, 0x54, 0x4d, 0x5f, 0x72, 0x65, 0x67, 0x69, 0x73,
  0x74, 0x65, 0x72, 0x54, 0x4d, 0x43, 0x6c, 0x6f, 0x6e, 0x65, 0x54, 0x61,
  0x62, 0x6c, 0x65, 0x00, 0x5f, 0x5f, 0x63, 0x78, 0x61, 0x5f, 0x66, 0x69,
  0x6e, 0x61, 0x6c, 0x69, 0x7a, 0x65, 0x40, 0x40, 0x47, 0x4c, 0x49, 0x42,
  0x43, 0x5f, 0x32, 0x2e, 0x32, 0x2e, 0x35, 0x00, 0x5f, 0x69, 0x6e, 0x69,
  0x74, 0x00, 0x50, 0x79, 0x49, 0x6e, 0x69, 0x74, 0x5f, 0x5f, 0x70, 0x6f,
  0x63, 0x6b, 0x65, 0x74, 0x66, 0x66, 0x74, 0x5f, 0x69, 0x6e, 0x74, 0x65,
  0x72, 0x6e, 0x61, 0x6c, 0x00, 0x00, 0x2e, 0x73, 0x79, 0x6d, 0x74, 0x61,
  0x62, 0x00, 0x2e, 0x73, 0x74, 0x72, 0x74, 0x61, 0x62, 0x00, 0x2e, 0x73,
  0x68, 0x73, 0x74, 0x72, 0x74, 0x61, 0x62, 0x00, 0x2e, 0x6e, 0x6f, 0x74,
  0x65, 0x2e, 0x67, 0x6e, 0x75, 0x2e, 0x62, 0x75, 0x69, 0x6c, 0x64, 0x2d,
  0x69, 0x64, 0x00, 0x2e, 0x67, 0x6e, 0x75, 0x2e, 0x68, 0x61, 0x73, 0x68,
  0x00, 0x2e, 0x64, 0x79, 0x6e, 0x73, 0x79, 0x6d, 0x00, 0x2e, 0x64, 0x79,
  0x6e, 0x73, 0x74, 0x72, 0x00, 0x2e, 0x67, 0x6e, 0x75, 0x2e, 0x76, 0x65,
  0x72, 0x73, 0x69, 0x6f, 0x6e, 0x00, 0x2e, 0x67, 0x6e, 0x75, 0x2e, 0x76,
  0x65, 0x72, 0x73, 0x69, 0x6f, 0x6e, 0x5f, 0x72, 0x00, 0x2e, 0x72, 0x65,
  0x6c, 0x61, 0x2e, 0x64, 0x79, 0x6e, 0x00, 0x2e, 0x72, 0x65, 0x6c, 0x61,
  0x2e, 0x70, 0x6c, 0x74, 0x00, 0x2e, 0x69, 0x6e, 0x69, 0x74, 0x00, 0x2e,
  0x74, 0x65, 0x78, 0x74, 0x00, 0x2e, 0x66, 0x69, 0x6e, 0x69, 0x00, 0x2e,
  0x72, 0x6f, 0x64, 0x61, 0x74, 0x61, 0x00, 0x2e, 0x65, 0x68, 0x5f, 0x66,
  0x72, 0x61, 0x6d, 0x65, 0x5f, 0x68, 0x64, 0x72, 0x00, 0x2e, 0x65, 0x68,
  0x5f, 0x66, 0x72, 0x61, 0x6d, 0x65, 0x00, 0x2e, 0x69, 0x6e, 0x69, 0x74,
  0x5f, 0x61, 0x72, 0x72, 0x61, 0x79, 0x00, 0x2e, 0x66, 0x69, 0x6e, 0x69,
  0x5f, 0x61, 0x72, 0x72, 0x61, 0x79, 0x00, 0x2e, 0x64, 0x61, 0x74, 0x61,
  0x2e, 0x72, 0x65, 0x6c, 0x2e, 0x72, 0x6f, 0x00, 0x2e, 0x64, 0x79, 0x6e,
  0x61, 0x6d, 0x69, 0x63, 0x00, 0x2e, 0x67, 0x6f, 0x74, 0x00, 0x2e, 0x67,
  0x6f, 0x74, 0x2e, 0x70, 0x6c, 0x74, 0x00, 0x2e, 0x64, 0x61, 0x74, 0x61,
  0x00, 0x2e, 0x62, 0x73, 0x73, 0x00, 0x2e, 0x63, 0x6f, 0x6d, 0x6d, 0x65,
  0x6e, 0x74, 0x00, 0x00, 0x00, 0x00, 0x00, 0x00, 0x00, 0x00, 0x00, 0x00,
  0x00, 0x00, 0x00, 0x00, 0x00, 0x00, 0x00, 0x00, 0x00, 0x00, 0x00, 0x00,
  0x00, 0x00, 0x00, 0x00, 0x00, 0x00, 0x00, 0x00, 0x00, 0x00, 0x00, 0x00,
  0x00, 0x00, 0x00, 0x00, 0x00, 0x00, 0x00, 0x00, 0x00, 0x00, 0x00, 0x00,
  0x00, 0x00, 0x00, 0x00, 0x00, 0x00, 0x00, 0x00, 0x00, 0x00, 0x00, 0x00,
  0x00, 0x00, 0x00, 0x00, 0x00, 0x00, 0x00, 0x00, 0x00, 0x00, 0x00, 0x00,
  0x1b, 0x00, 0x00, 0x00, 0x07, 0x00, 0x00, 0x00, 0x02, 0x00, 0x00, 0x00,
  0x00, 0x00, 0x00, 0x00, 0x38, 0x02, 0x00, 0x00, 0x00, 0x00, 0x00, 0x00,
  0x38, 0x02, 0x00, 0x00, 0x00, 0x00, 0x00, 0x00, 0x24, 0x00, 0x00, 0x00,
  0x00, 0x00, 0x00, 0x00, 0x00, 0x00, 0x00, 0x00, 0x00, 0x00, 0x00, 0x00,
  0x04, 0x00, 0x00, 0x00, 0x00, 0x00, 0x00, 0x00, 0x00, 0x00, 0x00, 0x00,
  0x00, 0x00, 0x00, 0x00, 0x2e, 0x00, 0x00, 0x00, 0xf6, 0xff, 0xff, 0x6f,
  0x02, 0x00, 0x00, 0x00, 0x00, 0x00, 0x00, 0x00, 0x60, 0x02, 0x00, 0x00,
  0x00, 0x00, 0x00, 0x00, 0x60, 0x02, 0x00, 0x00, 0x00, 0x00, 0x00, 0x00,
  0x30, 0x00, 0x00, 0x00, 0x00, 0x00, 0x00, 0x00, 0x03, 0x00, 0x00, 0x00,
  0x00, 0x00, 0x00, 0x00, 0x08, 0x00, 0x00, 0x00, 0x00, 0x00, 0x00, 0x00,
  0x00, 0x00, 0x00, 0x00, 0x00, 0x00, 0x00, 0x00, 0x38, 0x00, 0x00, 0x00,
  0x0b, 0x00, 0x00, 0x00, 0x02, 0x00, 0x00, 0x00, 0x00, 0x00, 0x00, 0x00,
  0x90, 0x02, 0x00, 0x00, 0x00, 0x00, 0x00, 0x00, 0x90, 0x02, 0x00, 0x00,
  0x00, 0x00, 0x00, 0x00, 0xd0, 0x02, 0x00, 0x00, 0x00, 0x00, 0x00, 0x00,
  0x04, 0x00, 0x00, 0x00, 0x01, 0x00, 0x00, 0x00, 0x08, 0x00, 0x00, 0x00,
  0x00, 0x00, 0x00, 0x00, 0x18, 0x00, 0x00, 0x00, 0x00, 0x00, 0x00, 0x00,
  0x40, 0x00, 0x00, 0x00, 0x03, 0x00, 0x00, 0x00, 0x02, 0x00, 0x00, 0x00,
  0x00, 0x00, 0x00, 0x00, 0x60, 0x05, 0x00, 0x00, 0x00, 0x00, 0x00, 0x00,
  0x60, 0x05, 0x00, 0x00, 0x00, 0x00, 0x00, 0x00, 0xef, 0x01, 0x00, 0x00,
  0x00, 0x00, 0x00, 0x00, 0x00, 0x00, 0x00, 0x00, 0x00, 0x00, 0x00, 0x00,
  0x01, 0x00, 0x00, 0x00, 0x00, 0x00, 0x00, 0x00, 0x00, 0x00, 0x00, 0x00,
  0x00, 0x00, 0x00, 0x00, 0x48, 0x00, 0x00, 0x00, 0xff, 0xff, 0xff, 0x6f,
  0x02, 0x00, 0x00, 0x00, 0x00, 0x00, 0x00, 0x00, 0x50, 0x07, 0x00, 0x00,
  0x00, 0x00, 0x00, 0x00, 0x50, 0x07, 0x00, 0x00, 0x00, 0x00, 0x00, 0x00,
  0x3c, 0x00, 0x00, 0x00, 0x00, 0x00, 0x00, 0x00, 0x03, 0x00, 0x00, 0x00,
  0x00, 0x00, 0x00, 0x00, 0x02, 0x00, 0x00, 0x00, 0x00, 0x00, 0x00, 0x00,
  0x02, 0x00, 0x00, 0x00, 0x00, 0x00, 0x00, 0x00, 0x55, 0x00, 0x00, 0x00,
  0xfe, 0xff, 0xff, 0x6f, 0x02, 0x00, 0x00, 0x00, 0x00, 0x00, 0x00, 0x00,
  0x90, 0x07, 0x00, 0x00, 0x00, 0x00, 0x00, 0x00, 0x90, 0x07, 0x00, 0x00,
  0x00, 0x00, 0x00, 0x00, 0x30, 0x00, 0x00, 0x00, 0x00, 0x00, 0x00, 0x00,
  0x04, 0x00, 0x00, 0x00, 0x01, 0x00, 0x00, 0x00, 0x08, 0x00, 0x00, 0x00,
  0x00, 0x00, 0x00, 0x00, 0x00, 0x00, 0x00, 0x00, 0x00, 0x00, 0x00, 0x00,
  0x64, 0x00, 0x00, 0x00, 0x04, 0x00, 0x00, 0x00, 0x02, 0x00, 0x00, 0x00,
  0x00, 0x00, 0x00, 0x00, 0xc0, 0x07, 0x00, 0x00, 0x00, 0x00, 0x00, 0x00,
  0xc0, 0x07, 0x00, 0x00, 0x00, 0x00, 0x00, 0x00, 0x80, 0x01, 0x00, 0x00,
  0x00, 0x00, 0x00, 0x00, 0x03, 0x00, 0x00, 0x00, 0x00, 0x00, 0x00, 0x00,
  0x08, 0x00, 0x00, 0x00, 0x00, 0x00, 0x00, 0x00, 0x18, 0x00, 0x00, 0x00,
  0x00, 0x00, 0x00, 0x00, 0x6e, 0x00, 0x00, 0x00, 0x04, 0x00, 0x00, 0x00,
  0x42, 0x00, 0x00, 0x00, 0x00, 0x00, 0x00, 0x00, 0x40, 0x09, 0x00, 0x00,
  0x00, 0x00, 0x00, 0x00, 0x40, 0x09, 0x00, 0x00, 0x00, 0x00, 0x00, 0x00,
  0xe0, 0x01, 0x00, 0x00, 0x00, 0x00, 0x00, 0x00, 0x03, 0x00, 0x00, 0x00,
  0x15, 0x00, 0x00, 0x00, 0x08, 0x00, 0x00, 0x00, 0x00, 0x00, 0x00, 0x00,
  0x18, 0x00, 0x00, 0x00, 0x00, 0x00, 0x00, 0x00, 0x78, 0x00, 0x00, 0x00,
  0x01, 0x00, 0x00, 0x00, 0x06, 0x00, 0x00, 0x00, 0x00, 0x00, 0x00, 0x00,
  0x00, 0x10, 0x00, 0x00, 0x00, 0x00, 0x00, 0x00, 0x00, 0x10, 0x00, 0x00,
  0x00, 0x00, 0x00, 0x00, 0x1a, 0x00, 0x00, 0x00, 0x00, 0x00, 0x00, 0x00,
  0x00, 0x00, 0x00, 0x00, 0x00, 0x00, 0x00, 0x00, 0x04, 0x00, 0x00, 0x00,
  0x00, 0x00, 0x00, 0x00, 0x00, 0x00, 0x00, 0x00, 0x00, 0x00, 0x00, 0x00,
  0x73, 0x00, 0x00, 0x00, 0x01, 0x00, 0x00, 0x00, 0x06, 0x00, 0x00, 0x00,
  0x00, 0x00, 0x00, 0x00, 0x20, 0x10, 0x00, 0x00, 0x00, 0x00, 0x00, 0x00,
  0x20, 0x10, 0x00, 0x00, 0x00, 0x00, 0x00, 0x00, 0x50, 0x01, 0x00, 0x00,
  0x00, 0x00, 0x00, 0x00, 0x00, 0x00, 0x00, 0x00, 0x00, 0x00, 0x00, 0x00,
  0x10, 0x00, 0x00, 0x00, 0x00, 0x00, 0x00, 0x00, 0x10, 0x00, 0x00, 0x00,
  0x00, 0x00, 0x00, 0x00, 0x7e, 0x00, 0x00, 0x00, 0x01, 0x00, 0x00, 0x00,
  0x06, 0x00, 0x00, 0x00, 0x00, 0x00, 0x00, 0x00, 0x70, 0x11, 0x00, 0x00,
  0x00, 0x00, 0x00, 0x00, 0x70, 0x11, 0x00, 0x00, 0x00, 0x00, 0x00, 0x00,
  0x8a, 0x28, 0x01, 0x00, 0x00, 0x00, 0x00, 0x00, 0x00, 0x00, 0x00, 0x00,
  0x00, 0x00, 0x00, 0x00, 0x10, 0x00, 0x00, 0x00, 0x00, 0x00, 0x00, 0x00,
  0x00, 0x00, 0x00, 0x00, 0x00, 0x00, 0x00, 0x00, 0x84, 0x00, 0x00, 0x00,
  0x01, 0x00, 0x00, 0x00, 0x06, 0x00, 0x00, 0x00, 0x00, 0x00, 0x00, 0x00,
  0xfc, 0x39, 0x01, 0x00, 0x00, 0x00, 0x00, 0x00, 0xfc, 0x39, 0x01, 0x00,
  0x00, 0x00, 0x00, 0x00, 0x09, 0x00, 0x00, 0x00, 0x00, 0x00, 0x00, 0x00,
  0x00, 0x00, 0x00, 0x00, 0x00, 0x00, 0x00, 0x00, 0x04, 0x00, 0x00, 0x00,
  0x00, 0x00, 0x00, 0x00, 0x00, 0x00, 0x00, 0x00, 0x00, 0x00, 0x00, 0x00,
  0x8a, 0x00, 0x00, 0x00, 0x01, 0x00, 0x00, 0x00, 0x02, 0x00, 0x00, 0x00,
  0x00, 0x00, 0x00, 0x00, 0x00, 0x40, 0x01, 0x00, 0x00, 0x00, 0x00, 0x00,
  0x00, 0x40, 0x01, 0x00, 0x00, 0x00, 0x00, 0x00, 0xe8, 0x05, 0x00, 0x00,
  0x00, 0x00, 0x00, 0x00, 0x00, 0x00, 0x00, 0x00, 0x00, 0x00, 0x00, 0x00,
  0x10, 0x00, 0x00, 0x00, 0x00, 0x00, 0x00, 0x00, 0x00, 0x00, 0x00, 0x00,
  0x00, 0x00, 0x00, 0x00, 0x92, 0x00, 0x00, 0x00, 0x01, 0x00, 0x00, 0x00,
  0x02, 0x00, 0x00, 0x00, 0x00, 0x00, 0x00, 0x00, 0xe8, 0x45, 0x01, 0x00,
  0x00, 0x00, 0x00, 0x00, 0xe8, 0x45, 0x01, 0x00, 0x00, 0x00, 0x00, 0x00,
  0xac, 0x01, 0x00, 0x00, 0x00, 0x00, 0x00, 0x00, 0x00, 0x00, 0x00, 0x00,
  0x00, 0x00, 0x00, 0x00, 0x04, 0x00, 0x00, 0x00, 0x00, 0x00, 0x00, 0x00,
  0x00, 0x00, 0x00, 0x00, 0x00, 0x00, 0x00, 0x00, 0xa0, 0x00, 0x00, 0x00,
  0x01, 0x00, 0x00, 0x00, 0x02, 0x00, 0x00, 0x00, 0x00, 0x00, 0x00, 0x00,
  0x98, 0x47, 0x01, 0x00, 0x00, 0x00, 0x00, 0x00, 0x98, 0x47, 0x01, 0x00,
  0x00, 0x00, 0x00, 0x00, 0x94, 0x0d, 0x00, 0x00, 0x00, 0x00, 0x00, 0x00,
  0x00, 0x00, 0x00, 0x00, 0x00, 0x00, 0x00, 0x00, 0x08, 0x00, 0x00, 0x00,
  0x00, 0x00, 0x00, 0x00, 0x00, 0x00, 0x00, 0x00, 0x00, 0x00, 0x00, 0x00,
  0xaa, 0x00, 0x00, 0x00, 0x0e, 0x00, 0x00, 0x00, 0x03, 0x00, 0x00, 0x00,
  0x00, 0x00, 0x00, 0x00, 0xd8, 0x6d, 0x01, 0x00, 0x00, 0x00, 0x00, 0x00,
  0xd8, 0x5d, 0x01, 0x00, 0x00, 0x00, 0x00, 0x00, 0x08, 0x00, 0x00, 0x00,
  0x00, 0x00, 0x00, 0x00, 0x00, 0x00, 0x00, 0x00, 0x00, 0x00, 0x00, 0x00,
  0x08, 0x00, 0x00, 0x00, 0x00, 0x00, 0x00, 0x00, 0x08, 0x00, 0x00, 0x00,
  0x00, 0x00, 0x00, 0x00, 0xb6, 0x00, 0x00, 0x00, 0x0f, 0x00, 0x00, 0x00,
  0x03, 0x00, 0x00, 0x00, 0x00, 0x00, 0x00, 0x00, 0xe0, 0x6d, 0x01, 0x00,
  0x00, 0x00, 0x00, 0x00, 0xe0, 0x5d, 0x01, 0x00, 0x00, 0x00, 0x00, 0x00,
  0x08, 0x00, 0x00, 0x00, 0x00, 0x00, 0x00, 0x00, 0x00, 0x00, 0x00, 0x00,
  0x00, 0x00, 0x00, 0x00, 0x08, 0x00, 0x00, 0x00, 0x00, 0x00, 0x00, 0x00,
  0x08, 0x00, 0x00, 0x00, 0x00, 0x00, 0x00, 0x00, 0xc2, 0x00, 0x00, 0x00,
  0x01, 0x00, 0x00, 0x00, 0x03, 0x00, 0x00, 0x00, 0x00, 0x00, 0x00, 0x00,
  0xe8, 0x6d, 0x01, 0x00, 0x00, 0x00, 0x00, 0x00, 0xe8, 0x5d, 0x01, 0x00,
  0x00, 0x00, 0x00, 0x00, 0x08, 0x00, 0x00, 0x00, 0x00, 0x00, 0x00, 0x00,
  0x00, 0x00, 0x00, 0x00, 0x00, 0x00, 0x00, 0x00, 0x08, 0x00, 0x00, 0x00,
  0x00, 0x00, 0x00, 0x00, 0x00, 0x00, 0x00, 0x00, 0x00, 0x00, 0x00, 0x00,
  0xcf, 0x00, 0x00, 0x00, 0x06, 0x00, 0x00, 0x00, 0x03, 0x00, 0x00, 0x00,
  0x00, 0x00, 0x00, 0x00, 0xf0, 0x6d, 0x01, 0x00, 0x00, 0x00, 0x00, 0x00,
  0xf0, 0x5d, 0x01, 0x00, 0x00, 0x00, 0x00, 0x00, 0xd0, 0x01, 0x00, 0x00,
  0x00, 0x00, 0x00, 0x00, 0x04, 0x00, 0x00, 0x00, 0x00, 0x00, 0x00, 0x00,
  0x08, 0x00, 0x00, 0x00, 0x00, 0x00, 0x00, 0x00, 0x10, 0x00, 0x00, 0x00,
  0x00, 0x00, 0x00, 0x00, 0xd8, 0x00, 0x00, 0x00, 0x01, 0x00, 0x00, 0x00,
  0x03, 0x00, 0x00, 0x00, 0x00, 0x00, 0x00, 0x00, 0xc0, 0x6f, 0x01, 0x00,
  0x00, 0x00, 0x00, 0x00, 0xc0, 0x5f, 0x01, 0x00, 0x00, 0x00, 0x00, 0x00,
  0x40, 0x00, 0x00, 0x00, 0x00, 0x00, 0x00, 0x00, 0x00, 0x00, 0x00, 0x00,
  0x00, 0x00, 0x00, 0x00, 0x08, 0x00, 0x00, 0x00, 0x00, 0x00, 0x00, 0x00,
  0x08, 0x00, 0x00, 0x00, 0x00, 0x00, 0x00, 0x00, 0xdd, 0x00, 0x00, 0x00,
  0x01, 0x00, 0x00, 0x00, 0x03, 0x00, 0x00, 0x00, 0x00, 0x00, 0x00, 0x00,
  0x00, 0x70, 0x01, 0x00, 0x00, 0x00, 0x00, 0x00, 0x00, 0x60, 0x01, 0x00,
  0x00, 0x00, 0x00, 0x00, 0xb8, 0x00, 0x00, 0x00, 0x00, 0x00, 0x00, 0x00,
  0x00, 0x00, 0x00, 0x00, 0x00, 0x00, 0x00, 0x00, 0x08, 0x00, 0x00, 0x00,
  0x00, 0x00, 0x00, 0x00, 0x08, 0x00, 0x00, 0x00, 0x00, 0x00, 0x00, 0x00,
  0xe6, 0x00, 0x00, 0x00, 0x01, 0x00, 0x00, 0x00, 0x03, 0x00, 0x00, 0x00,
  0x00, 0x00, 0x00, 0x00, 0xc0, 0x70, 0x01, 0x00, 0x00, 0x00, 0x00, 0x00,
  0xc0, 0x60, 0x01, 0x00, 0x00, 0x00, 0x00, 0x00, 0xc0, 0x00, 0x00, 0x00,
  0x00, 0x00, 0x00, 0x00, 0x00, 0x00, 0x00, 0x00, 0x00, 0x00, 0x00, 0x00,
  0x20, 0x00, 0x00, 0x00, 0x00, 0x00, 0x00, 0x00, 0x00, 0x00, 0x00, 0x00,
  0x00, 0x00, 0x00, 0x00, 0xec, 0x00, 0x00, 0x00, 0x08, 0x00, 0x00, 0x00,
  0x03, 0x00, 0x00, 0x00, 0x00, 0x00, 0x00, 0x00, 0x80, 0x71, 0x01, 0x00,
  0x00, 0x00, 0x00, 0x00, 0x80, 0x61, 0x01, 0x00, 0x00, 0x00, 0x00, 0x00,
  0x10, 0x00, 0x00, 0x00, 0x00, 0x00, 0x00, 0x00, 0x00, 0x00, 0x00, 0x00,
  0x00, 0x00, 0x00, 0x00, 0x08, 0x00, 0x00, 0x00, 0x00, 0x00, 0x00, 0x00,
  0x00, 0x00, 0x00, 0x00, 0x00, 0x00, 0x00, 0x00, 0xf1, 0x00, 0x00, 0x00,
  0x01, 0x00, 0x00, 0x00, 0x30, 0x00, 0x00, 0x00, 0x00, 0x00, 0x00, 0x00,
  0x00, 0x00, 0x00, 0x00, 0x00, 0x00, 0x00, 0x00, 0x80, 0x61, 0x01, 0x00,
  0x00, 0x00, 0x00, 0x00, 0x2f, 0x00, 0x00, 0x00, 0x00, 0x00, 0x00, 0x00,
  0x00, 0x00, 0x00, 0x00, 0x00, 0x00, 0x00, 0x00, 0x01, 0x00, 0x00, 0x00,
  0x00, 0x00, 0x00, 0x00, 0x01, 0x00, 0x00, 0x00, 0x00, 0x00, 0x00, 0x00,
  0x01, 0x00, 0x00, 0x00, 0x02, 0x00, 0x00, 0x00, 0x00, 0x00, 0x00, 0x00,
  0x00, 0x00, 0x00, 0x00, 0x00, 0x00, 0x00, 0x00, 0x00, 0x00, 0x00, 0x00,
  0xb0, 0x61, 0x01, 0x00, 0x00, 0x00, 0x00, 0x00, 0xb8, 0x0b, 0x00, 0x00,
  0x00, 0x00, 0x00, 0x00, 0x1a, 0x00, 0x00, 0x00, 0x60, 0x00, 0x00, 0x00,
  0x08, 0x00, 0x00, 0x00, 0x00, 0x00, 0x00, 0x00, 0x18, 0x00, 0x00, 0x00,
  0x00, 0x00, 0x00, 0x00, 0x09, 0x00, 0x00, 0x00, 0x03, 0x00, 0x00, 0x00,
  0x00, 0x00, 0x00, 0x00, 0x00, 0x00, 0x00, 0x00, 0x00, 0x00, 0x00, 0x00,
  0x00, 0x00, 0x00, 0x00, 0x68, 0x6d, 0x01, 0x00, 0x00, 0x00, 0x00, 0x00,
  0xa1, 0x05, 0x00, 0x00, 0x00, 0x00, 0x00, 0x00, 0x00, 0x00, 0x00, 0x00,
  0x00, 0x00, 0x00, 0x00, 0x01, 0x00, 0x00, 0x00, 0x00, 0x00, 0x00, 0x00,
  0x00, 0x00, 0x00, 0x00, 0x00, 0x00, 0x00, 0x00, 0x11, 0x00, 0x00, 0x00,
  0x03, 0x00, 0x00, 0x00, 0x00, 0x00, 0x00, 0x00, 0x00, 0x00, 0x00, 0x00,
  0x00, 0x00, 0x00, 0x00, 0x00, 0x00, 0x00, 0x00, 0x09, 0x73, 0x01, 0x00,
  0x00, 0x00, 0x00, 0x00, 0xfa, 0x00, 0x00, 0x00, 0x00, 0x00, 0x00, 0x00,
  0x00, 0x00, 0x00, 0x00, 0x00, 0x00, 0x00, 0x00, 0x01, 0x00, 0x00, 0x00,
  0x00, 0x00, 0x00, 0x00, 0x00, 0x00, 0x00, 0x00, 0x00, 0x00, 0x00, 0x00
};
unsigned int ___pocketfft_internal_cpython_311_x86_64_linux_gnu_so_len = 97032;
