unsigned char ___speedups_cpython_311_x86_64_linux_gnu_so[] = {
  0x7f, 0x45, 0x4c, 0x46, 0x02, 0x01, 0x01, 0x00, 0x00, 0x00, 0x00, 0x00,
  0x00, 0x00, 0x00, 0x00, 0x03, 0x00, 0x3e, 0x00, 0x01, 0x00, 0x00, 0x00,
  0x90, 0x10, 0x00, 0x00, 0x00, 0x00, 0x00, 0x00, 0x40, 0x00, 0x00, 0x00,
  0x00, 0x00, 0x00, 0x00, 0x00, 0xa1, 0x00, 0x00, 0x00, 0x00, 0x00, 0x00,
  0x00, 0x00, 0x00, 0x00, 0x40, 0x00, 0x38, 0x00, 0x09, 0x00, 0x40, 0x00,
  0x23, 0x00, 0x22, 0x00, 0x01, 0x00, 0x00, 0x00, 0x04, 0x00, 0x00, 0x00,
  0x00, 0x00, 0x00, 0x00, 0x00, 0x00, 0x00, 0x00, 0x00, 0x00, 0x00, 0x00,
  0x00, 0x00, 0x00, 0x00, 0x00, 0x00, 0x00, 0x00, 0x00, 0x00, 0x00, 0x00,
  0x70, 0x06, 0x00, 0x00, 0x00, 0x00, 0x00, 0x00, 0x70, 0x06, 0x00, 0x00,
  0x00, 0x00, 0x00, 0x00, 0x00, 0x10, 0x00, 0x00, 0x00, 0x00, 0x00, 0x00,
  0x01, 0x00, 0x00, 0x00, 0x05, 0x00, 0x00, 0x00, 0x00, 0x10, 0x00, 0x00,
  0x00, 0x00, 0x00, 0x00, 0x00, 0x10, 0x00, 0x00, 0x00, 0x00, 0x00, 0x00,
  0x00, 0x10, 0x00, 0x00, 0x00, 0x00, 0x00, 0x00, 0xfd, 0x08, 0x00, 0x00,
  0x00, 0x00, 0x00, 0x00, 0xfd, 0x08, 0x00, 0x00, 0x00, 0x00, 0x00, 0x00,
  0x00, 0x10, 0x00, 0x00, 0x00, 0x00, 0x00, 0x00, 0x01, 0x00, 0x00, 0x00,
  0x04, 0x00, 0x00, 0x00, 0x00, 0x20, 0x00, 0x00, 0x00, 0x00, 0x00, 0x00,
  0x00, 0x20, 0x00, 0x00, 0x00, 0x00, 0x00, 0x00, 0x00, 0x20, 0x00, 0x00,
  0x00, 0x00, 0x00, 0x00, 0xcc, 0x02, 0x00, 0x00, 0x00, 0x00, 0x00, 0x00,
  0xcc, 0x02, 0x00, 0x00, 0x00, 0x00, 0x00, 0x00, 0x00, 0x10, 0x00, 0x00,
  0x00, 0x00, 0x00, 0x00, 0x01, 0x00, 0x00, 0x00, 0x06, 0x00, 0x00, 0x00,
  0xf8, 0x2d, 0x00, 0x00, 0x00, 0x00, 0x00, 0x00, 0xf8, 0x3d, 0x00, 0x00,
  0x00, 0x00, 0x00, 0x00, 0xf8, 0x3d, 0x00, 0x00, 0x00, 0x00, 0x00, 0x00,
  0x28, 0x03, 0x00, 0x00, 0x00, 0x00, 0x00, 0x00, 0x30, 0x03, 0x00, 0x00,
  0x00, 0x00, 0x00, 0x00, 0x00, 0x10, 0x00, 0x00, 0x00, 0x00, 0x00, 0x00,
  0x02, 0x00, 0x00, 0x00, 0x06, 0x00, 0x00, 0x00, 0x10, 0x2e, 0x00, 0x00,
  0x00, 0x00, 0x00, 0x00, 0x10, 0x3e, 0x00, 0x00, 0x00, 0x00, 0x00, 0x00,
  0x10, 0x3e, 0x00, 0x00, 0x00, 0x00, 0x00, 0x00, 0xd0, 0x01, 0x00, 0x00,
  0x00, 0x00, 0x00, 0x00, 0xd0, 0x01, 0x00, 0x00, 0x00, 0x00, 0x00, 0x00,
  0x08, 0x00, 0x00, 0x00, 0x00, 0x00, 0x00, 0x00, 0x04, 0x00, 0x00, 0x00,
  0x04, 0x00, 0x00, 0x00, 0x38, 0x02, 0x00, 0x00, 0x00, 0x00, 0x00, 0x00,
  0x38, 0x02, 0x00, 0x00, 0x00, 0x00, 0x00, 0x00, 0x38, 0x02, 0x00, 0x00,
  0x00, 0x00, 0x00, 0x00, 0x24, 0x00, 0x00, 0x00, 0x00, 0x00, 0x00, 0x00,
  0x24, 0x00, 0x00, 0x00, 0x00, 0x00, 0x00, 0x00, 0x04, 0x00, 0x00, 0x00,
  0x00, 0x00, 0x00, 0x00, 0x50, 0xe5, 0x74, 0x64, 0x04, 0x00, 0x00, 0x00,
  0x00, 0x22, 0x00, 0x00, 0x00, 0x00, 0x00, 0x00, 0x00, 0x22, 0x00, 0x00,
  0x00, 0x00, 0x00, 0x00, 0x00, 0x22, 0x00, 0x00, 0x00, 0x00, 0x00, 0x00,
  0x24, 0x00, 0x00, 0x00, 0x00, 0x00, 0x00, 0x00, 0x24, 0x00, 0x00, 0x00,
  0x00, 0x00, 0x00, 0x00, 0x04, 0x00, 0x00, 0x00, 0x00, 0x00, 0x00, 0x00,
  0x51, 0xe5, 0x74, 0x64, 0x06, 0x00, 0x00, 0x00, 0x00, 0x00, 0x00, 0x00,
  0x00, 0x00, 0x00, 0x00, 0x00, 0x00, 0x00, 0x00, 0x00, 0x00, 0x00, 0x00,
  0x00, 0x00, 0x00, 0x00, 0x00, 0x00, 0x00, 0x00, 0x00, 0x00, 0x00, 0x00,
  0x00, 0x00, 0x00, 0x00, 0x00, 0x00, 0x00, 0x00, 0x00, 0x00, 0x00, 0x00,
  0x10, 0x00, 0x00, 0x00, 0x00, 0x00, 0x00, 0x00, 0x52, 0xe5, 0x74, 0x64,
  0x04, 0x00, 0x00, 0x00, 0xf8, 0x2d, 0x00, 0x00, 0x00, 0x00, 0x00, 0x00,
  0xf8, 0x3d, 0x00, 0x00, 0x00, 0x00, 0x00, 0x00, 0xf8, 0x3d, 0x00, 0x00,
  0x00, 0x00, 0x00, 0x00, 0x08, 0x02, 0x00, 0x00, 0x00, 0x00, 0x00, 0x00,
  0x08, 0x02, 0x00, 0x00, 0x00, 0x00, 0x00, 0x00, 0x01, 0x00, 0x00, 0x00,
  0x00, 0x00, 0x00, 0x00, 0x04, 0x00, 0x00, 0x00, 0x14, 0x00, 0x00, 0x00,
  0x03, 0x00, 0x00, 0x00, 0x47, 0x4e, 0x55, 0x00, 0x23, 0x75, 0x0f, 0xb2,
  0xb8, 0xb5, 0xce, 0x27, 0x12, 0x0e, 0xf9, 0x14, 0x88, 0xf6, 0x6e, 0xef,
  0xbd, 0x4c, 0x64, 0x8f, 0x00, 0x00, 0x00, 0x00, 0x03, 0x00, 0x00, 0x00,
  0x09, 0x00, 0x00, 0x00, 0x01, 0x00, 0x00, 0x00, 0x06, 0x00, 0x00, 0x00,
  0x10, 0x80, 0x00, 0x00, 0x00, 0x06, 0x40, 0x01, 0x00, 0x00, 0x00, 0x00,
  0x09, 0x00, 0x00, 0x00, 0x0a, 0x00, 0x00, 0x00, 0xb9, 0x8d, 0xf1, 0x0e,
  0xea, 0xd3, 0xef, 0x0e, 0x29, 0xb1, 0x40, 0xb9, 0x00, 0x00, 0x00, 0x00,
  0x00, 0x00, 0x00, 0x00, 0x00, 0x00, 0x00, 0x00, 0x00, 0x00, 0x00, 0x00,
  0x00, 0x00, 0x00, 0x00, 0x00, 0x00, 0x00, 0x00, 0x61, 0x00, 0x00, 0x00,
  0x10, 0x00, 0x00, 0x00, 0x00, 0x00, 0x00, 0x00, 0x00, 0x00, 0x00, 0x00,
  0x00, 0x00, 0x00, 0x00, 0x00, 0x00, 0x00, 0x00, 0x1c, 0x00, 0x00, 0x00,
  0x20, 0x00, 0x00, 0x00, 0x00, 0x00, 0x00, 0x00, 0x00, 0x00, 0x00, 0x00,
  0x00, 0x00, 0x00, 0x00, 0x00, 0x00, 0x00, 0x00, 0x01, 0x00, 0x00, 0x00,
  0x20, 0x00, 0x00, 0x00, 0x00, 0x00, 0x00, 0x00, 0x00, 0x00, 0x00, 0x00,
  0x00, 0x00, 0x00, 0x00, 0x00, 0x00, 0x00, 0x00, 0x80, 0x00, 0x00, 0x00,
  0x12, 0x00, 0x00, 0x00, 0x00, 0x00, 0x00, 0x00, 0x00, 0x00, 0x00, 0x00,
  0x00, 0x00, 0x00, 0x00, 0x00, 0x00, 0x00, 0x00, 0x98, 0x00, 0x00, 0x00,
  0x10, 0x00, 0x00, 0x00, 0x00, 0x00, 0x00, 0x00, 0x00, 0x00, 0x00, 0x00,
  0x00, 0x00, 0x00, 0x00, 0x00, 0x00, 0x00, 0x00, 0x38, 0x00, 0x00, 0x00,
  0x20, 0x00, 0x00, 0x00, 0x00, 0x00, 0x00, 0x00, 0x00, 0x00, 0x00, 0x00,
  0x00, 0x00, 0x00, 0x00, 0x00, 0x00, 0x00, 0x00, 0x52, 0x00, 0x00, 0x00,
  0x22, 0x00, 0x00, 0x00, 0x00, 0x00, 0x00, 0x00, 0x00, 0x00, 0x00, 0x00,
  0x00, 0x00, 0x00, 0x00, 0x00, 0x00, 0x00, 0x00, 0x72, 0x00, 0x00, 0x00,
  0x10, 0x00, 0x00, 0x00, 0x00, 0x00, 0x00, 0x00, 0x00, 0x00, 0x00, 0x00,
  0x00, 0x00, 0x00, 0x00, 0x00, 0x00, 0x00, 0x00, 0x10, 0x00, 0x00, 0x00,
  0x12, 0x00, 0x09, 0x00, 0x00, 0x10, 0x00, 0x00, 0x00, 0x00, 0x00, 0x00,
  0x00, 0x00, 0x00, 0x00, 0x00, 0x00, 0x00, 0x00, 0x16, 0x00, 0x00, 0x00,
  0x12, 0x00, 0x0c, 0x00, 0xf4, 0x18, 0x00, 0x00, 0x00, 0x00, 0x00, 0x00,
  0x00, 0x00, 0x00, 0x00, 0x00, 0x00, 0x00, 0x00, 0x87, 0x00, 0x00, 0x00,
  0x12, 0x00, 0x0b, 0x00, 0xe0, 0x18, 0x00, 0x00, 0x00, 0x00, 0x00, 0x00,
  0x11, 0x00, 0x00, 0x00, 0x00, 0x00, 0x00, 0x00, 0x00, 0x5f, 0x5f, 0x67,
  0x6d, 0x6f, 0x6e, 0x5f, 0x73, 0x74, 0x61, 0x72, 0x74, 0x5f, 0x5f, 0x00,
  0x5f, 0x69, 0x6e, 0x69, 0x74, 0x00, 0x5f, 0x66, 0x69, 0x6e, 0x69, 0x00,
  0x5f, 0x49, 0x54, 0x4d, 0x5f, 0x64, 0x65, 0x72, 0x65, 0x67, 0x69, 0x73,
  0x74, 0x65, 0x72, 0x54, 0x4d, 0x43, 0x6c, 0x6f, 0x6e, 0x65, 0x54, 0x61,
  0x62, 0x6c, 0x65, 0x00, 0x5f, 0x49, 0x54, 0x4d, 0x5f, 0x72, 0x65, 0x67,
  0x69, 0x73, 0x74, 0x65, 0x72, 0x54, 0x4d, 0x43, 0x6c, 0x6f, 0x6e, 0x65,
  0x54, 0x61, 0x62, 0x6c, 0x65, 0x00, 0x5f, 0x5f, 0x63, 0x78, 0x61, 0x5f,
  0x66, 0x69, 0x6e, 0x61, 0x6c, 0x69, 0x7a, 0x65, 0x00, 0x5f, 0x50, 0x79,
  0x55, 0x6e, 0x69, 0x63, 0x6f, 0x64, 0x65, 0x5f, 0x52, 0x65, 0x61, 0x64,
  0x79, 0x00, 0x50, 0x79, 0x55, 0x6e, 0x69, 0x63, 0x6f, 0x64, 0x65, 0x5f,
  0x4e, 0x65, 0x77, 0x00, 0x6d, 0x65, 0x6d, 0x63, 0x70, 0x79, 0x00, 0x50,
  0x79, 0x49, 0x6e, 0x69, 0x74, 0x5f, 0x5f, 0x73, 0x70, 0x65, 0x65, 0x64,
  0x75, 0x70, 0x73, 0x00, 0x50, 0x79, 0x4d, 0x6f, 0x64, 0x75, 0x6c, 0x65,
  0x5f, 0x43, 0x72, 0x65, 0x61, 0x74, 0x65, 0x32, 0x00, 0x6c, 0x69, 0x62,
  0x70, 0x74, 0x68, 0x72, 0x65, 0x61, 0x64, 0x2e, 0x73, 0x6f, 0x2e, 0x30,
  0x00, 0x6c, 0x69, 0x62, 0x63, 0x2e, 0x73, 0x6f, 0x2e, 0x36, 0x00, 0x47,
  0x4c, 0x49, 0x42, 0x43, 0x5f, 0x32, 0x2e, 0x32, 0x2e, 0x35, 0x00, 0x47,
  0x4c, 0x49, 0x42, 0x43, 0x5f, 0x32, 0x2e, 0x31, 0x34, 0x00, 0x00, 0x00,
  0x00, 0x00, 0x00, 0x00, 0x00, 0x00, 0x02, 0x00, 0x00, 0x00, 0x00, 0x00,
  0x03, 0x00, 0x00, 0x00, 0x01, 0x00, 0x01, 0x00, 0x01, 0x00, 0x00, 0x00,
  0x00, 0x00, 0x00, 0x00, 0x01, 0x00, 0x02, 0x00, 0xb9, 0x00, 0x00, 0x00,
  0x10, 0x00, 0x00, 0x00, 0x00, 0x00, 0x00, 0x00, 0x75, 0x1a, 0x69, 0x09,
  0x00, 0x00, 0x03, 0x00, 0xc3, 0x00, 0x00, 0x00, 0x10, 0x00, 0x00, 0x00,
  0x94, 0x91, 0x96, 0x06, 0x00, 0x00, 0x02, 0x00, 0xcf, 0x00, 0x00, 0x00,
  0x00, 0x00, 0x00, 0x00, 0xf8, 0x3d, 0x00, 0x00, 0x00, 0x00, 0x00, 0x00,
  0x08, 0x00, 0x00, 0x00, 0x00, 0x00, 0x00, 0x00, 0x40, 0x11, 0x00, 0x00,
  0x00, 0x00, 0x00, 0x00, 0x00, 0x3e, 0x00, 0x00, 0x00, 0x00, 0x00, 0x00,
  0x08, 0x00, 0x00, 0x00, 0x00, 0x00, 0x00, 0x00, 0x00, 0x11, 0x00, 0x00,
  0x00, 0x00, 0x00, 0x00, 0x08, 0x3e, 0x00, 0x00, 0x00, 0x00, 0x00, 0x00,
  0x08, 0x00, 0x00, 0x00, 0x00, 0x00, 0x00, 0x00, 0x08, 0x3e, 0x00, 0x00,
  0x00, 0x00, 0x00, 0x00, 0x88, 0x40, 0x00, 0x00, 0x00, 0x00, 0x00, 0x00,
  0x08, 0x00, 0x00, 0x00, 0x00, 0x00, 0x00, 0x00, 0x5c, 0x21, 0x00, 0x00,
  0x00, 0x00, 0x00, 0x00, 0xa0, 0x40, 0x00, 0x00, 0x00, 0x00, 0x00, 0x00,
  0x08, 0x00, 0x00, 0x00, 0x00, 0x00, 0x00, 0x00, 0xe0, 0x40, 0x00, 0x00,
  0x00, 0x00, 0x00, 0x00, 0xe0, 0x40, 0x00, 0x00, 0x00, 0x00, 0x00, 0x00,
  0x08, 0x00, 0x00, 0x00, 0x00, 0x00, 0x00, 0x00, 0x71, 0x21, 0x00, 0x00,
  0x00, 0x00, 0x00, 0x00, 0xe8, 0x40, 0x00, 0x00, 0x00, 0x00, 0x00, 0x00,
  0x08, 0x00, 0x00, 0x00, 0x00, 0x00, 0x00, 0x00, 0x50, 0x11, 0x00, 0x00,
  0x00, 0x00, 0x00, 0x00, 0xe0, 0x3f, 0x00, 0x00, 0x00, 0x00, 0x00, 0x00,
  0x06, 0x00, 0x00, 0x00, 0x02, 0x00, 0x00, 0x00, 0x00, 0x00, 0x00, 0x00,
  0x00, 0x00, 0x00, 0x00, 0xe8, 0x3f, 0x00, 0x00, 0x00, 0x00, 0x00, 0x00,
  0x06, 0x00, 0x00, 0x00, 0x03, 0x00, 0x00, 0x00, 0x00, 0x00, 0x00, 0x00,
  0x00, 0x00, 0x00, 0x00, 0xf0, 0x3f, 0x00, 0x00, 0x00, 0x00, 0x00, 0x00,
  0x06, 0x00, 0x00, 0x00, 0x06, 0x00, 0x00, 0x00, 0x00, 0x00, 0x00, 0x00,
  0x00, 0x00, 0x00, 0x00, 0xf8, 0x3f, 0x00, 0x00, 0x00, 0x00, 0x00, 0x00,
  0x06, 0x00, 0x00, 0x00, 0x07, 0x00, 0x00, 0x00, 0x00, 0x00, 0x00, 0x00,
  0x00, 0x00, 0x00, 0x00, 0x18, 0x40, 0x00, 0x00, 0x00, 0x00, 0x00, 0x00,
  0x07, 0x00, 0x00, 0x00, 0x01, 0x00, 0x00, 0x00, 0x00, 0x00, 0x00, 0x00,
  0x00, 0x00, 0x00, 0x00, 0x20, 0x40, 0x00, 0x00, 0x00, 0x00, 0x00, 0x00,
  0x07, 0x00, 0x00, 0x00, 0x03, 0x00, 0x00, 0x00, 0x00, 0x00, 0x00, 0x00,
  0x00, 0x00, 0x00, 0x00, 0x28, 0x40, 0x00, 0x00, 0x00, 0x00, 0x00, 0x00,
  0x07, 0x00, 0x00, 0x00, 0x04, 0x00, 0x00, 0x00, 0x00, 0x00, 0x00, 0x00,
  0x00, 0x00, 0x00, 0x00, 0x30, 0x40, 0x00, 0x00, 0x00, 0x00, 0x00, 0x00,
  0x07, 0x00, 0x00, 0x00, 0x05, 0x00, 0x00, 0x00, 0x00, 0x00, 0x00, 0x00,
  0x00, 0x00, 0x00, 0x00, 0x38, 0x40, 0x00, 0x00, 0x00, 0x00, 0x00, 0x00,
  0x07, 0x00, 0x00, 0x00, 0x07, 0x00, 0x00, 0x00, 0x00, 0x00, 0x00, 0x00,
  0x00, 0x00, 0x00, 0x00, 0x40, 0x40, 0x00, 0x00, 0x00, 0x00, 0x00, 0x00,
  0x07, 0x00, 0x00, 0x00, 0x08, 0x00, 0x00, 0x00, 0x00, 0x00, 0x00, 0x00,
  0x00, 0x00, 0x00, 0x00, 0x00, 0x00, 0x00, 0x00, 0x00, 0x00, 0x00, 0x00,
  0x00, 0x00, 0x00, 0x00, 0x00, 0x00, 0x00, 0x00, 0x00, 0x00, 0x00, 0x00,
  0x00, 0x00, 0x00, 0x00, 0x00, 0x00, 0x00, 0x00, 0x00, 0x00, 0x00, 0x00,
  0x00, 0x00, 0x00, 0x00, 0x00, 0x00, 0x00, 0x00, 0x00, 0x00, 0x00, 0x00,
  0x00, 0x00, 0x00, 0x00, 0x00, 0x00, 0x00, 0x00, 0x00, 0x00, 0x00, 0x00,
  0x00, 0x00, 0x00, 0x00, 0x00, 0x00, 0x00, 0x00, 0x00, 0x00, 0x00, 0x00,
  0x00, 0x00, 0x00, 0x00, 0x00, 0x00, 0x00, 0x00, 0x00, 0x00, 0x00, 0x00,
  0x00, 0x00, 0x00, 0x00, 0x00, 0x00, 0x00, 0x00, 0x00, 0x00, 0x00, 0x00,
  0x00, 0x00, 0x00, 0x00, 0x00, 0x00, 0x00, 0x00, 0x00, 0x00, 0x00, 0x00,
  0x00, 0x00, 0x00, 0x00, 0x00, 0x00, 0x00, 0x00, 0x00, 0x00, 0x00, 0x00,
  0x00, 0x00, 0x00, 0x00, 0x00, 0x00, 0x00, 0x00, 0x00, 0x00, 0x00, 0x00,
  0x00, 0x00, 0x00, 0x00, 0x00, 0x00, 0x00, 0x00, 0x00, 0x00, 0x00, 0x00,
  0x00, 0x00, 0x00, 0x00, 0x00, 0x00, 0x00, 0x00, 0x00, 0x00, 0x00, 0x00,
  0x00, 0x00, 0x00, 0x00, 0x00, 0x00, 0x00, 0x00, 0x00, 0x00, 0x00, 0x00,
  0x00, 0x00, 0x00, 0x00, 0x00, 0x00, 0x00, 0x00, 0x00, 0x00, 0x00, 0x00,
  0x00, 0x00, 0x00, 0x00, 0x00, 0x00, 0x00, 0x00, 0x00, 0x00, 0x00, 0x00,
  0x00, 0x00, 0x00, 0x00, 0x00, 0x00, 0x00, 0x00, 0x00, 0x00, 0x00, 0x00,
  0x00, 0x00, 0x00, 0x00, 0x00, 0x00, 0x00, 0x00, 0x00, 0x00, 0x00, 0x00,
  0x00, 0x00, 0x00, 0x00, 0x00, 0x00, 0x00, 0x00, 0x00, 0x00, 0x00, 0x00,
  0x00, 0x00, 0x00, 0x00, 0x00, 0x00, 0x00, 0x00, 0x00, 0x00, 0x00, 0x00,
  0x00, 0x00, 0x00, 0x00, 0x00, 0x00, 0x00, 0x00, 0x00, 0x00, 0x00, 0x00,
  0x00, 0x00, 0x00, 0x00, 0x00, 0x00, 0x00, 0x00, 0x00, 0x00, 0x00, 0x00,
  0x00, 0x00, 0x00, 0x00, 0x00, 0x00, 0x00, 0x00, 0x00, 0x00, 0x00, 0x00,
  0x00, 0x00, 0x00, 0x00, 0x00, 0x00, 0x00, 0x00, 0x00, 0x00, 0x00, 0x00,
  0x00, 0x00, 0x00, 0x00, 0x00, 0x00, 0x00, 0x00, 0x00, 0x00, 0x00, 0x00,
  0x00, 0x00, 0x00, 0x00, 0x00, 0x00, 0x00, 0x00, 0x00, 0x00, 0x00, 0x00,
  0x00, 0x00, 0x00, 0x00, 0x00, 0x00, 0x00, 0x00, 0x00, 0x00, 0x00, 0x00,
  0x00, 0x00, 0x00, 0x00, 0x00, 0x00, 0x00, 0x00, 0x00, 0x00, 0x00, 0x00,
  0x00, 0x00, 0x00, 0x00, 0x00, 0x00, 0x00, 0x00, 0x00, 0x00, 0x00, 0x00,
  0x00, 0x00, 0x00, 0x00, 0x00, 0x00, 0x00, 0x00, 0x00, 0x00, 0x00, 0x00,
  0x00, 0x00, 0x00, 0x00, 0x00, 0x00, 0x00, 0x00, 0x00, 0x00, 0x00, 0x00,
  0x00, 0x00, 0x00, 0x00, 0x00, 0x00, 0x00, 0x00, 0x00, 0x00, 0x00, 0x00,
  0x00, 0x00, 0x00, 0x00, 0x00, 0x00, 0x00, 0x00, 0x00, 0x00, 0x00, 0x00,
  0x00, 0x00, 0x00, 0x00, 0x00, 0x00, 0x00, 0x00, 0x00, 0x00, 0x00, 0x00,
  0x00, 0x00, 0x00, 0x00, 0x00, 0x00, 0x00, 0x00, 0x00, 0x00, 0x00, 0x00,
  0x00, 0x00, 0x00, 0x00, 0x00, 0x00, 0x00, 0x00, 0x00, 0x00, 0x00, 0x00,
  0x00, 0x00, 0x00, 0x00, 0x00, 0x00, 0x00, 0x00, 0x00, 0x00, 0x00, 0x00,
  0x00, 0x00, 0x00, 0x00, 0x00, 0x00, 0x00, 0x00, 0x00, 0x00, 0x00, 0x00,
  0x00, 0x00, 0x00, 0x00, 0x00, 0x00, 0x00, 0x00, 0x00, 0x00, 0x00, 0x00,
  0x00, 0x00, 0x00, 0x00, 0x00, 0x00, 0x00, 0x00, 0x00, 0x00, 0x00, 0x00,
  0x00, 0x00, 0x00, 0x00, 0x00, 0x00, 0x00, 0x00, 0x00, 0x00, 0x00, 0x00,
  0x00, 0x00, 0x00, 0x00, 0x00, 0x00, 0x00, 0x00, 0x00, 0x00, 0x00, 0x00,
  0x00, 0x00, 0x00, 0x00, 0x00, 0x00, 0x00, 0x00, 0x00, 0x00, 0x00, 0x00,
  0x00, 0x00, 0x00, 0x00, 0x00, 0x00, 0x00, 0x00, 0x00, 0x00, 0x00, 0x00,
  0x00, 0x00, 0x00, 0x00, 0x00, 0x00, 0x00, 0x00, 0x00, 0x00, 0x00, 0x00,
  0x00, 0x00, 0x00, 0x00, 0x00, 0x00, 0x00, 0x00, 0x00, 0x00, 0x00, 0x00,
  0x00, 0x00, 0x00, 0x00, 0x00, 0x00, 0x00, 0x00, 0x00, 0x00, 0x00, 0x00,
  0x00, 0x00, 0x00, 0x00, 0x00, 0x00, 0x00, 0x00, 0x00, 0x00, 0x00, 0x00,
  0x00, 0x00, 0x00, 0x00, 0x00, 0x00, 0x00, 0x00, 0x00, 0x00, 0x00, 0x00,
  0x00, 0x00, 0x00, 0x00, 0x00, 0x00, 0x00, 0x00, 0x00, 0x00, 0x00, 0x00,
  0x00, 0x00, 0x00, 0x00, 0x00, 0x00, 0x00, 0x00, 0x00, 0x00, 0x00, 0x00,
  0x00, 0x00, 0x00, 0x00, 0x00, 0x00, 0x00, 0x00, 0x00, 0x00, 0x00, 0x00,
  0x00, 0x00, 0x00, 0x00, 0x00, 0x00, 0x00, 0x00, 0x00, 0x00, 0x00, 0x00,
  0x00, 0x00, 0x00, 0x00, 0x00, 0x00, 0x00, 0x00, 0x00, 0x00, 0x00, 0x00,
  0x00, 0x00, 0x00, 0x00, 0x00, 0x00, 0x00, 0x00, 0x00, 0x00, 0x00, 0x00,
  0x00, 0x00, 0x00, 0x00, 0x00, 0x00, 0x00, 0x00, 0x00, 0x00, 0x00, 0x00,
  0x00, 0x00, 0x00, 0x00, 0x00, 0x00, 0x00, 0x00, 0x00, 0x00, 0x00, 0x00,
  0x00, 0x00, 0x00, 0x00, 0x00, 0x00, 0x00, 0x00, 0x00, 0x00, 0x00, 0x00,
  0x00, 0x00, 0x00, 0x00, 0x00, 0x00, 0x00, 0x00, 0x00, 0x00, 0x00, 0x00,
  0x00, 0x00, 0x00, 0x00, 0x00, 0x00, 0x00, 0x00, 0x00, 0x00, 0x00, 0x00,
  0x00, 0x00, 0x00, 0x00, 0x00, 0x00, 0x00, 0x00, 0x00, 0x00, 0x00, 0x00,
  0x00, 0x00, 0x00, 0x00, 0x00, 0x00, 0x00, 0x00, 0x00, 0x00, 0x00, 0x00,
  0x00, 0x00, 0x00, 0x00, 0x00, 0x00, 0x00, 0x00, 0x00, 0x00, 0x00, 0x00,
  0x00, 0x00, 0x00, 0x00, 0x00, 0x00, 0x00, 0x00, 0x00, 0x00, 0x00, 0x00,
  0x00, 0x00, 0x00, 0x00, 0x00, 0x00, 0x00, 0x00, 0x00, 0x00, 0x00, 0x00,
  0x00, 0x00, 0x00, 0x00, 0x00, 0x00, 0x00, 0x00, 0x00, 0x00, 0x00, 0x00,
  0x00, 0x00, 0x00, 0x00, 0x00, 0x00, 0x00, 0x00, 0x00, 0x00, 0x00, 0x00,
  0x00, 0x00, 0x00, 0x00, 0x00, 0x00, 0x00, 0x00, 0x00, 0x00, 0x00, 0x00,
  0x00, 0x00, 0x00, 0x00, 0x00, 0x00, 0x00, 0x00, 0x00, 0x00, 0x00, 0x00,
  0x00, 0x00, 0x00, 0x00, 0x00, 0x00, 0x00, 0x00, 0x00, 0x00, 0x00, 0x00,
  0x00, 0x00, 0x00, 0x00, 0x00, 0x00, 0x00, 0x00, 0x00, 0x00, 0x00, 0x00,
  0x00, 0x00, 0x00, 0x00, 0x00, 0x00, 0x00, 0x00, 0x00, 0x00, 0x00, 0x00,
  0x00, 0x00, 0x00, 0x00, 0x00, 0x00, 0x00, 0x00, 0x00, 0x00, 0x00, 0x00,
  0x00, 0x00, 0x00, 0x00, 0x00, 0x00, 0x00, 0x00, 0x00, 0x00, 0x00, 0x00,
  0x00, 0x00, 0x00, 0x00, 0x00, 0x00, 0x00, 0x00, 0x00, 0x00, 0x00, 0x00,
  0x00, 0x00, 0x00, 0x00, 0x00, 0x00, 0x00, 0x00, 0x00, 0x00, 0x00, 0x00,
  0x00, 0x00, 0x00, 0x00, 0x00, 0x00, 0x00, 0x00, 0x00, 0x00, 0x00, 0x00,
  0x00, 0x00, 0x00, 0x00, 0x00, 0x00, 0x00, 0x00, 0x00, 0x00, 0x00, 0x00,
  0x00, 0x00, 0x00, 0x00, 0x00, 0x00, 0x00, 0x00, 0x00, 0x00, 0x00, 0x00,
  0x00, 0x00, 0x00, 0x00, 0x00, 0x00, 0x00, 0x00, 0x00, 0x00, 0x00, 0x00,
  0x00, 0x00, 0x00, 0x00, 0x00, 0x00, 0x00, 0x00, 0x00, 0x00, 0x00, 0x00,
  0x00, 0x00, 0x00, 0x00, 0x00, 0x00, 0x00, 0x00, 0x00, 0x00, 0x00, 0x00,
  0x00, 0x00, 0x00, 0x00, 0x00, 0x00, 0x00, 0x00, 0x00, 0x00, 0x00, 0x00,
  0x00, 0x00, 0x00, 0x00, 0x00, 0x00, 0x00, 0x00, 0x00, 0x00, 0x00, 0x00,
  0x00, 0x00, 0x00, 0x00, 0x00, 0x00, 0x00, 0x00, 0x00, 0x00, 0x00, 0x00,
  0x00, 0x00, 0x00, 0x00, 0x00, 0x00, 0x00, 0x00, 0x00, 0x00, 0x00, 0x00,
  0x00, 0x00, 0x00, 0x00, 0x00, 0x00, 0x00, 0x00, 0x00, 0x00, 0x00, 0x00,
  0x00, 0x00, 0x00, 0x00, 0x00, 0x00, 0x00, 0x00, 0x00, 0x00, 0x00, 0x00,
  0x00, 0x00, 0x00, 0x00, 0x00, 0x00, 0x00, 0x00, 0x00, 0x00, 0x00, 0x00,
  0x00, 0x00, 0x00, 0x00, 0x00, 0x00, 0x00, 0x00, 0x00, 0x00, 0x00, 0x00,
  0x00, 0x00, 0x00, 0x00, 0x00, 0x00, 0x00, 0x00, 0x00, 0x00, 0x00, 0x00,
  0x00, 0x00, 0x00, 0x00, 0x00, 0x00, 0x00, 0x00, 0x00, 0x00, 0x00, 0x00,
  0x00, 0x00, 0x00, 0x00, 0x00, 0x00, 0x00, 0x00, 0x00, 0x00, 0x00, 0x00,
  0x00, 0x00, 0x00, 0x00, 0x00, 0x00, 0x00, 0x00, 0x00, 0x00, 0x00, 0x00,
  0x00, 0x00, 0x00, 0x00, 0x00, 0x00, 0x00, 0x00, 0x00, 0x00, 0x00, 0x00,
  0x00, 0x00, 0x00, 0x00, 0x00, 0x00, 0x00, 0x00, 0x00, 0x00, 0x00, 0x00,
  0x00, 0x00, 0x00, 0x00, 0x00, 0x00, 0x00, 0x00, 0x00, 0x00, 0x00, 0x00,
  0x00, 0x00, 0x00, 0x00, 0x00, 0x00, 0x00, 0x00, 0x00, 0x00, 0x00, 0x00,
  0x00, 0x00, 0x00, 0x00, 0x00, 0x00, 0x00, 0x00, 0x00, 0x00, 0x00, 0x00,
  0x00, 0x00, 0x00, 0x00, 0x00, 0x00, 0x00, 0x00, 0x00, 0x00, 0x00, 0x00,
  0x00, 0x00, 0x00, 0x00, 0x00, 0x00, 0x00, 0x00, 0x00, 0x00, 0x00, 0x00,
  0x00, 0x00, 0x00, 0x00, 0x00, 0x00, 0x00, 0x00, 0x00, 0x00, 0x00, 0x00,
  0x00, 0x00, 0x00, 0x00, 0x00, 0x00, 0x00, 0x00, 0x00, 0x00, 0x00, 0x00,
  0x00, 0x00, 0x00, 0x00, 0x00, 0x00, 0x00, 0x00, 0x00, 0x00, 0x00, 0x00,
  0x00, 0x00, 0x00, 0x00, 0x00, 0x00, 0x00, 0x00, 0x00, 0x00, 0x00, 0x00,
  0x00, 0x00, 0x00, 0x00, 0x00, 0x00, 0x00, 0x00, 0x00, 0x00, 0x00, 0x00,
  0x00, 0x00, 0x00, 0x00, 0x00, 0x00, 0x00, 0x00, 0x00, 0x00, 0x00, 0x00,
  0x00, 0x00, 0x00, 0x00, 0x00, 0x00, 0x00, 0x00, 0x00, 0x00, 0x00, 0x00,
  0x00, 0x00, 0x00, 0x00, 0x00, 0x00, 0x00, 0x00, 0x00, 0x00, 0x00, 0x00,
  0x00, 0x00, 0x00, 0x00, 0x00, 0x00, 0x00, 0x00, 0x00, 0x00, 0x00, 0x00,
  0x00, 0x00, 0x00, 0x00, 0x00, 0x00, 0x00, 0x00, 0x00, 0x00, 0x00, 0x00,
  0x00, 0x00, 0x00, 0x00, 0x00, 0x00, 0x00, 0x00, 0x00, 0x00, 0x00, 0x00,
  0x00, 0x00, 0x00, 0x00, 0x00, 0x00, 0x00, 0x00, 0x00, 0x00, 0x00, 0x00,
  0x00, 0x00, 0x00, 0x00, 0x00, 0x00, 0x00, 0x00, 0x00, 0x00, 0x00, 0x00,
  0x00, 0x00, 0x00, 0x00, 0x00, 0x00, 0x00, 0x00, 0x00, 0x00, 0x00, 0x00,
  0x00, 0x00, 0x00, 0x00, 0x00, 0x00, 0x00, 0x00, 0x00, 0x00, 0x00, 0x00,
  0x00, 0x00, 0x00, 0x00, 0x00, 0x00, 0x00, 0x00, 0x00, 0x00, 0x00, 0x00,
  0x00, 0x00, 0x00, 0x00, 0x00, 0x00, 0x00, 0x00, 0x00, 0x00, 0x00, 0x00,
  0x00, 0x00, 0x00, 0x00, 0x00, 0x00, 0x00, 0x00, 0x00, 0x00, 0x00, 0x00,
  0x00, 0x00, 0x00, 0x00, 0x00, 0x00, 0x00, 0x00, 0x00, 0x00, 0x00, 0x00,
  0x00, 0x00, 0x00, 0x00, 0x00, 0x00, 0x00, 0x00, 0x00, 0x00, 0x00, 0x00,
  0x00, 0x00, 0x00, 0x00, 0x00, 0x00, 0x00, 0x00, 0x00, 0x00, 0x00, 0x00,
  0x00, 0x00, 0x00, 0x00, 0x00, 0x00, 0x00, 0x00, 0x00, 0x00, 0x00, 0x00,
  0x00, 0x00, 0x00, 0x00, 0x00, 0x00, 0x00, 0x00, 0x00, 0x00, 0x00, 0x00,
  0x00, 0x00, 0x00, 0x00, 0x00, 0x00, 0x00, 0x00, 0x00, 0x00, 0x00, 0x00,
  0x00, 0x00, 0x00, 0x00, 0x00, 0x00, 0x00, 0x00, 0x00, 0x00, 0x00, 0x00,
  0x00, 0x00, 0x00, 0x00, 0x00, 0x00, 0x00, 0x00, 0x00, 0x00, 0x00, 0x00,
  0x00, 0x00, 0x00, 0x00, 0x00, 0x00, 0x00, 0x00, 0x00, 0x00, 0x00, 0x00,
  0x00, 0x00, 0x00, 0x00, 0x00, 0x00, 0x00, 0x00, 0x00, 0x00, 0x00, 0x00,
  0x00, 0x00, 0x00, 0x00, 0x00, 0x00, 0x00, 0x00, 0x00, 0x00, 0x00, 0x00,
  0x00, 0x00, 0x00, 0x00, 0x00, 0x00, 0x00, 0x00, 0x00, 0x00, 0x00, 0x00,
  0x00, 0x00, 0x00, 0x00, 0x00, 0x00, 0x00, 0x00, 0x00, 0x00, 0x00, 0x00,
  0x00, 0x00, 0x00, 0x00, 0x00, 0x00, 0x00, 0x00, 0x00, 0x00, 0x00, 0x00,
  0x00, 0x00, 0x00, 0x00, 0x00, 0x00, 0x00, 0x00, 0x00, 0x00, 0x00, 0x00,
  0x00, 0x00, 0x00, 0x00, 0x00, 0x00, 0x00, 0x00, 0x00, 0x00, 0x00, 0x00,
  0x00, 0x00, 0x00, 0x00, 0x00, 0x00, 0x00, 0x00, 0x00, 0x00, 0x00, 0x00,
  0x00, 0x00, 0x00, 0x00, 0x00, 0x00, 0x00, 0x00, 0x00, 0x00, 0x00, 0x00,
  0x00, 0x00, 0x00, 0x00, 0x00, 0x00, 0x00, 0x00, 0x00, 0x00, 0x00, 0x00,
  0x00, 0x00, 0x00, 0x00, 0x00, 0x00, 0x00, 0x00, 0x00, 0x00, 0x00, 0x00,
  0x00, 0x00, 0x00, 0x00, 0x00, 0x00, 0x00, 0x00, 0x00, 0x00, 0x00, 0x00,
  0x00, 0x00, 0x00, 0x00, 0x00, 0x00, 0x00, 0x00, 0x00, 0x00, 0x00, 0x00,
  0x00, 0x00, 0x00, 0x00, 0x00, 0x00, 0x00, 0x00, 0x00, 0x00, 0x00, 0x00,
  0x00, 0x00, 0x00, 0x00, 0x00, 0x00, 0x00, 0x00, 0x00, 0x00, 0x00, 0x00,
  0x00, 0x00, 0x00, 0x00, 0x00, 0x00, 0x00, 0x00, 0x00, 0x00, 0x00, 0x00,
  0x00, 0x00, 0x00, 0x00, 0x00, 0x00, 0x00, 0x00, 0x00, 0x00, 0x00, 0x00,
  0x00, 0x00, 0x00, 0x00, 0x00, 0x00, 0x00, 0x00, 0x00, 0x00, 0x00, 0x00,
  0x00, 0x00, 0x00, 0x00, 0x00, 0x00, 0x00, 0x00, 0x00, 0x00, 0x00, 0x00,
  0x00, 0x00, 0x00, 0x00, 0x00, 0x00, 0x00, 0x00, 0x00, 0x00, 0x00, 0x00,
  0x00, 0x00, 0x00, 0x00, 0x00, 0x00, 0x00, 0x00, 0x00, 0x00, 0x00, 0x00,
  0x00, 0x00, 0x00, 0x00, 0x00, 0x00, 0x00, 0x00, 0x00, 0x00, 0x00, 0x00,
  0x00, 0x00, 0x00, 0x00, 0x00, 0x00, 0x00, 0x00, 0x00, 0x00, 0x00, 0x00,
  0x00, 0x00, 0x00, 0x00, 0x00, 0x00, 0x00, 0x00, 0x00, 0x00, 0x00, 0x00,
  0x00, 0x00, 0x00, 0x00, 0x00, 0x00, 0x00, 0x00, 0x00, 0x00, 0x00, 0x00,
  0x00, 0x00, 0x00, 0x00, 0x00, 0x00, 0x00, 0x00, 0x00, 0x00, 0x00, 0x00,
  0x00, 0x00, 0x00, 0x00, 0x00, 0x00, 0x00, 0x00, 0x00, 0x00, 0x00, 0x00,
  0x00, 0x00, 0x00, 0x00, 0x00, 0x00, 0x00, 0x00, 0x00, 0x00, 0x00, 0x00,
  0x00, 0x00, 0x00, 0x00, 0x00, 0x00, 0x00, 0x00, 0x00, 0x00, 0x00, 0x00,
  0x00, 0x00, 0x00, 0x00, 0x00, 0x00, 0x00, 0x00, 0x00, 0x00, 0x00, 0x00,
  0x00, 0x00, 0x00, 0x00, 0x00, 0x00, 0x00, 0x00, 0x00, 0x00, 0x00, 0x00,
  0x00, 0x00, 0x00, 0x00, 0x00, 0x00, 0x00, 0x00, 0x00, 0x00, 0x00, 0x00,
  0x00, 0x00, 0x00, 0x00, 0x00, 0x00, 0x00, 0x00, 0x00, 0x00, 0x00, 0x00,
  0x00, 0x00, 0x00, 0x00, 0x00, 0x00, 0x00, 0x00, 0x00, 0x00, 0x00, 0x00,
  0x00, 0x00, 0x00, 0x00, 0x00, 0x00, 0x00, 0x00, 0x00, 0x00, 0x00, 0x00,
  0x00, 0x00, 0x00, 0x00, 0x00, 0x00, 0x00, 0x00, 0x00, 0x00, 0x00, 0x00,
  0x00, 0x00, 0x00, 0x00, 0x00, 0x00, 0x00, 0x00, 0x00, 0x00, 0x00, 0x00,
  0x00, 0x00, 0x00, 0x00, 0x00, 0x00, 0x00, 0x00, 0x00, 0x00, 0x00, 0x00,
  0x00, 0x00, 0x00, 0x00, 0x00, 0x00, 0x00, 0x00, 0x00, 0x00, 0x00, 0x00,
  0x00, 0x00, 0x00, 0x00, 0x00, 0x00, 0x00, 0x00, 0x00, 0x00, 0x00, 0x00,
  0x00, 0x00, 0x00, 0x00, 0x00, 0x00, 0x00, 0x00, 0x00, 0x00, 0x00, 0x00,
  0x00, 0x00, 0x00, 0x00, 0x00, 0x00, 0x00, 0x00, 0x00, 0x00, 0x00, 0x00,
  0x00, 0x00, 0x00, 0x00, 0x00, 0x00, 0x00, 0x00, 0x00, 0x00, 0x00, 0x00,
  0x00, 0x00, 0x00, 0x00, 0x00, 0x00, 0x00, 0x00, 0x00, 0x00, 0x00, 0x00,
  0x00, 0x00, 0x00, 0x00, 0x00, 0x00, 0x00, 0x00, 0x00, 0x00, 0x00, 0x00,
  0x00, 0x00, 0x00, 0x00, 0x00, 0x00, 0x00, 0x00, 0x00, 0x00, 0x00, 0x00,
  0x00, 0x00, 0x00, 0x00, 0x00, 0x00, 0x00, 0x00, 0x00, 0x00, 0x00, 0x00,
  0x00, 0x00, 0x00, 0x00, 0x00, 0x00, 0x00, 0x00, 0x00, 0x00, 0x00, 0x00,
  0x00, 0x00, 0x00, 0x00, 0x00, 0x00, 0x00, 0x00, 0x00, 0x00, 0x00, 0x00,
  0x00, 0x00, 0x00, 0x00, 0x00, 0x00, 0x00, 0x00, 0x00, 0x00, 0x00, 0x00,
  0x00, 0x00, 0x00, 0x00, 0x00, 0x00, 0x00, 0x00, 0x00, 0x00, 0x00, 0x00,
  0x00, 0x00, 0x00, 0x00, 0x00, 0x00, 0x00, 0x00, 0x00, 0x00, 0x00, 0x00,
  0x00, 0x00, 0x00, 0x00, 0x00, 0x00, 0x00, 0x00, 0x00, 0x00, 0x00, 0x00,
  0x00, 0x00, 0x00, 0x00, 0x00, 0x00, 0x00, 0x00, 0x00, 0x00, 0x00, 0x00,
  0x00, 0x00, 0x00, 0x00, 0x00, 0x00, 0x00, 0x00, 0x00, 0x00, 0x00, 0x00,
  0x00, 0x00, 0x00, 0x00, 0x00, 0x00, 0x00, 0x00, 0x00, 0x00, 0x00, 0x00,
  0x00, 0x00, 0x00, 0x00, 0x00, 0x00, 0x00, 0x00, 0x00, 0x00, 0x00, 0x00,
  0x00, 0x00, 0x00, 0x00, 0x00, 0x00, 0x00, 0x00, 0x00, 0x00, 0x00, 0x00,
  0x00, 0x00, 0x00, 0x00, 0x00, 0x00, 0x00, 0x00, 0x00, 0x00, 0x00, 0x00,
  0x00, 0x00, 0x00, 0x00, 0x00, 0x00, 0x00, 0x00, 0x00, 0x00, 0x00, 0x00,
  0x00, 0x00, 0x00, 0x00, 0x00, 0x00, 0x00, 0x00, 0x00, 0x00, 0x00, 0x00,
  0x00, 0x00, 0x00, 0x00, 0x00, 0x00, 0x00, 0x00, 0x00, 0x00, 0x00, 0x00,
  0x00, 0x00, 0x00, 0x00, 0x00, 0x00, 0x00, 0x00, 0x00, 0x00, 0x00, 0x00,
  0x00, 0x00, 0x00, 0x00, 0x00, 0x00, 0x00, 0x00, 0x00, 0x00, 0x00, 0x00,
  0x00, 0x00, 0x00, 0x00, 0x00, 0x00, 0x00, 0x00, 0x00, 0x00, 0x00, 0x00,
  0x00, 0x00, 0x00, 0x00, 0x00, 0x00, 0x00, 0x00, 0x00, 0x00, 0x00, 0x00,
  0x00, 0x00, 0x00, 0x00, 0x00, 0x00, 0x00, 0x00, 0x00, 0x00, 0x00, 0x00,
  0x00, 0x00, 0x00, 0x00, 0x00, 0x00, 0x00, 0x00, 0x00, 0x00, 0x00, 0x00,
  0x00, 0x00, 0x00, 0x00, 0x00, 0x00, 0x00, 0x00, 0x00, 0x00, 0x00, 0x00,
  0x00, 0x00, 0x00, 0x00, 0x00, 0x00, 0x00, 0x00, 0x00, 0x00, 0x00, 0x00,
  0x00, 0x00, 0x00, 0x00, 0x00, 0x00, 0x00, 0x00, 0x00, 0x00, 0x00, 0x00,
  0x00, 0x00, 0x00, 0x00, 0x00, 0x00, 0x00, 0x00, 0x00, 0x00, 0x00, 0x00,
  0x00, 0x00, 0x00, 0x00, 0x00, 0x00, 0x00, 0x00, 0x00, 0x00, 0x00, 0x00,
  0x00, 0x00, 0x00, 0x00, 0x00, 0x00, 0x00, 0x00, 0x00, 0x00, 0x00, 0x00,
  0x00, 0x00, 0x00, 0x00, 0x00, 0x00, 0x00, 0x00, 0x00, 0x00, 0x00, 0x00,
  0x00, 0x00, 0x00, 0x00, 0x00, 0x00, 0x00, 0x00, 0x00, 0x00, 0x00, 0x00,
  0x00, 0x00, 0x00, 0x00, 0x48, 0x83, 0xec, 0x08, 0x48, 0x8b, 0x05, 0xdd,
  0x2f, 0x00, 0x00, 0x48, 0x85, 0xc0, 0x74, 0x05, 0xe8, 0x2b, 0x00, 0x00,
  0x00, 0x48, 0x83, 0xc4, 0x08, 0xc3, 0x00, 0x00, 0x00, 0x00, 0x00, 0x00,
  0xff, 0x35, 0xe2, 0x2f, 0x00, 0x00, 0xff, 0x25, 0xe4, 0x2f, 0x00, 0x00,
  0x0f, 0x1f, 0x40, 0x00, 0xff, 0x25, 0xe2, 0x2f, 0x00, 0x00, 0x68, 0x00,
  0x00, 0x00, 0x00, 0xe9, 0xe0, 0xff, 0xff, 0xff, 0xff, 0x25, 0xda, 0x2f,
  0x00, 0x00, 0x68, 0x01, 0x00, 0x00, 0x00, 0xe9, 0xd0, 0xff, 0xff, 0xff,
  0xff, 0x25, 0xd2, 0x2f, 0x00, 0x00, 0x68, 0x02, 0x00, 0x00, 0x00, 0xe9,
  0xc0, 0xff, 0xff, 0xff, 0xff, 0x25, 0xca, 0x2f, 0x00, 0x00, 0x68, 0x03,
  0x00, 0x00, 0x00, 0xe9, 0xb0, 0xff, 0xff, 0xff, 0xff, 0x25, 0xc2, 0x2f,
  0x00, 0x00, 0x68, 0x04, 0x00, 0x00, 0x00, 0xe9, 0xa0, 0xff, 0xff, 0xff,
  0xff, 0x25, 0xba, 0x2f, 0x00, 0x00, 0x68, 0x05, 0x00, 0x00, 0x00, 0xe9,
  0x90, 0xff, 0xff, 0xff, 0x48, 0x8d, 0x3d, 0x89, 0x30, 0x00, 0x00, 0x48,
  0x8d, 0x05, 0x82, 0x30, 0x00, 0x00, 0x48, 0x39, 0xf8, 0x74, 0x15, 0x48,
  0x8b, 0x05, 0x36, 0x2f, 0x00, 0x00, 0x48, 0x85, 0xc0, 0x74, 0x09, 0xff,
  0xe0, 0x0f, 0x1f, 0x80, 0x00, 0x00, 0x00, 0x00, 0xc3, 0x0f, 0x1f, 0x80,
  0x00, 0x00, 0x00, 0x00, 0x48, 0x8d, 0x3d, 0x59, 0x30, 0x00, 0x00, 0x48,
  0x8d, 0x35, 0x52, 0x30, 0x00, 0x00, 0x48, 0x29, 0xfe, 0x48, 0x89, 0xf0,
  0x48, 0xc1, 0xee, 0x3f, 0x48, 0xc1, 0xf8, 0x03, 0x48, 0x01, 0xc6, 0x48,
  0xd1, 0xfe, 0x74, 0x14, 0x48, 0x8b, 0x05, 0x05, 0x2f, 0x00, 0x00, 0x48,
  0x85, 0xc0, 0x74, 0x08, 0xff, 0xe0, 0x66, 0x0f, 0x1f, 0x44, 0x00, 0x00,
  0xc3, 0x0f, 0x1f, 0x80, 0x00, 0x00, 0x00, 0x00, 0x80, 0x3d, 0x19, 0x30,
  0x00, 0x00, 0x00, 0x75, 0x2f, 0x55, 0x48, 0x83, 0x3d, 0xe6, 0x2e, 0x00,
  0x00, 0x00, 0x48, 0x89, 0xe5, 0x74, 0x0c, 0x48, 0x8d, 0x3d, 0xea, 0x2c,
  0x00, 0x00, 0xe8, 0x4d, 0xff, 0xff, 0xff, 0xe8, 0x68, 0xff, 0xff, 0xff,
  0xc6, 0x05, 0xf1, 0x2f, 0x00, 0x00, 0x01, 0x5d, 0xc3, 0x0f, 0x1f, 0x80,
  0x00, 0x00, 0x00, 0x00, 0xc3, 0x0f, 0x1f, 0x80, 0x00, 0x00, 0x00, 0x00,
  0xe9, 0x7b, 0xff, 0xff, 0xff, 0x66, 0x2e, 0x0f, 0x1f, 0x84, 0x00, 0x00,
  0x00, 0x00, 0x00, 0x90, 0x41, 0x57, 0x41, 0x56, 0x41, 0x55, 0x41, 0x54,
  0x55, 0x53, 0x48, 0x83, 0xec, 0x08, 0x48, 0x8b, 0x46, 0x08, 0xf6, 0x80,
  0xab, 0x00, 0x00, 0x00, 0x10, 0x74, 0x27, 0x0f, 0xb6, 0x4e, 0x20, 0x48,
  0x89, 0xf3, 0x84, 0xc9, 0x79, 0x3a, 0x89, 0xc8, 0xc0, 0xe8, 0x02, 0x83,
  0xe0, 0x07, 0x3c, 0x02, 0x74, 0x4a, 0x3c, 0x04, 0x0f, 0x84, 0x0e, 0x02,
  0x00, 0x00, 0x3c, 0x01, 0x0f, 0x84, 0x0e, 0x01, 0x00, 0x00, 0x45, 0x31,
  0xe4, 0x48, 0x83, 0xc4, 0x08, 0x4c, 0x89, 0xe0, 0x5b, 0x5d, 0x41, 0x5c,
  0x41, 0x5d, 0x41, 0x5e, 0x41, 0x5f, 0xc3, 0x66, 0x0f, 0x1f, 0x84, 0x00,
  0x00, 0x00, 0x00, 0x00, 0x48, 0x89, 0xf7, 0xe8, 0x78, 0xfe, 0xff, 0xff,
  0x85, 0xc0, 0x75, 0xd6, 0x0f, 0xb6, 0x4b, 0x20, 0x89, 0xc8, 0xc0, 0xe8,
  0x02, 0x83, 0xe0, 0x07, 0x3c, 0x02, 0x75, 0xb6, 0xf6, 0xc1, 0x20, 0x0f,
  0x85, 0x5b, 0x06, 0x00, 0x00, 0x48, 0x8b, 0x53, 0x48, 0x48, 0x8b, 0x73,
  0x10, 0x4c, 0x8d, 0x34, 0x72, 0x4c, 0x39, 0xf2, 0x0f, 0x83, 0x9e, 0x01,
  0x00, 0x00, 0x31, 0xff, 0xeb, 0x1a, 0x66, 0x90, 0x66, 0x83, 0xf8, 0x22,
  0x74, 0x09, 0x83, 0xe8, 0x26, 0x66, 0x83, 0xf8, 0x01, 0x77, 0x04, 0x48,
  0x83, 0xc7, 0x04, 0x49, 0x39, 0xd6, 0x76, 0x1e, 0x0f, 0xb7, 0x02, 0x48,
  0x83, 0xc2, 0x02, 0x66, 0x83, 0xf8, 0x3c, 0x74, 0x08, 0x76, 0xd9, 0x66,
  0x83, 0xf8, 0x3e, 0x75, 0xe6, 0x48, 0x83, 0xc7, 0x03, 0x49, 0x39, 0xd6,
  0x77, 0xe2, 0x48, 0x85, 0xff, 0x0f, 0x84, 0x59, 0x01, 0x00, 0x00, 0x48,
  0x01, 0xf7, 0xbe, 0xff, 0xff, 0x00, 0x00, 0xe8, 0x44, 0xfe, 0xff, 0xff,
  0x49, 0x89, 0xc4, 0x48, 0x85, 0xc0, 0x0f, 0x84, 0x4a, 0xff, 0xff, 0xff,
  0x0f, 0xb6, 0x43, 0x20, 0xa8, 0x20, 0x0f, 0x85, 0x54, 0x06, 0x00, 0x00,
  0x4c, 0x8b, 0x6b, 0x48, 0x41, 0x0f, 0xb6, 0x44, 0x24, 0x20, 0xa8, 0x20,
  0x0f, 0x85, 0x2a, 0x06, 0x00, 0x00, 0x49, 0x8b, 0x7c, 0x24, 0x48, 0x4c,
  0x89, 0xeb, 0x31, 0xd2, 0x48, 0x8d, 0x2d, 0x89, 0x0d, 0x00, 0x00, 0x4d,
  0x39, 0xee, 0x0f, 0x86, 0x55, 0x06, 0x00, 0x00, 0x0f, 0xb7, 0x03, 0x83,
  0xe8, 0x22, 0x66, 0x83, 0xf8, 0x1c, 0x0f, 0x87, 0x30, 0x03, 0x00, 0x00,
  0x0f, 0xb7, 0xc0, 0x48, 0x63, 0x44, 0x85, 0x00, 0x48, 0x01, 0xe8, 0xff,
  0xe0, 0x0f, 0x1f, 0x00, 0xf6, 0xc1, 0x20, 0x0f, 0x85, 0x57, 0x05, 0x00,
  0x00, 0x48, 0x8b, 0x53, 0x48, 0x48, 0x8b, 0x73, 0x10, 0x48, 0x8d, 0x2c,
  0x32, 0x48, 0x39, 0xea, 0x0f, 0x83, 0xca, 0x00, 0x00, 0x00, 0x31, 0xff,
  0xeb, 0x1a, 0x66, 0x0f, 0x1f, 0x44, 0x00, 0x00, 0x3c, 0x22, 0x74, 0x07,
  0x83, 0xe8, 0x26, 0x3c, 0x01, 0x77, 0x04, 0x48, 0x83, 0xc7, 0x04, 0x48,
  0x39, 0xd5, 0x74, 0x1a, 0x0f, 0xb6, 0x02, 0x48, 0x83, 0xc2, 0x01, 0x3c,
  0x3c, 0x74, 0x06, 0x76, 0xdf, 0x3c, 0x3e, 0x75, 0xea, 0x48, 0x83, 0xc7,
  0x03, 0x48, 0x39, 0xd5, 0x75, 0xe6, 0x48, 0x85, 0xff, 0x0f, 0x84, 0x89,
  0x00, 0x00, 0x00, 0xc0, 0xe9, 0x06, 0x83, 0xe1, 0x01, 0x80, 0xf9, 0x01,
  0x45, 0x19, 0xc0, 0x48, 0x01, 0xf7, 0x41, 0x81, 0xe0, 0x80, 0x00, 0x00,
  0x00, 0x41, 0x83, 0xc0, 0x7f, 0x44, 0x89, 0xc6, 0xe8, 0x5f, 0xfd, 0xff,
  0xff, 0x49, 0x89, 0xc4, 0x48, 0x85, 0xc0, 0x0f, 0x84, 0x65, 0xfe, 0xff,
  0xff, 0x0f, 0xb6, 0x43, 0x20, 0xa8, 0x20, 0x0f, 0x85, 0x0f, 0x05, 0x00,
  0x00, 0x4c, 0x8b, 0x73, 0x48, 0x41, 0x0f, 0xb6, 0x44, 0x24, 0x20, 0xa8,
  0x20, 0x0f, 0x85, 0x15, 0x05, 0x00, 0x00, 0x49, 0x8b, 0x7c, 0x24, 0x48,
  0x31, 0xdb, 0x4c, 0x8d, 0x2d, 0x1b, 0x0d, 0x00, 0x00, 0x31, 0xd2, 0x4c,
  0x39, 0xf5, 0x0f, 0x86, 0xbf, 0x03, 0x00, 0x00, 0x0f, 0x1f, 0x40, 0x00,
  0x41, 0x0f, 0xb6, 0x06, 0x83, 0xe8, 0x22, 0x3c, 0x1c, 0x0f, 0x87, 0x91,
  0x03, 0x00, 0x00, 0x0f, 0xb6, 0xc0, 0x49, 0x63, 0x44, 0x85, 0x00, 0x4c,
  0x01, 0xe8, 0xff, 0xe0, 0x0f, 0x1f, 0x40, 0x00, 0x48, 0x83, 0x03, 0x01,
  0x49, 0x89, 0xdc, 0xe9, 0x01, 0xfe, 0xff, 0xff, 0x0f, 0x1f, 0x40, 0x00,
  0xf6, 0xc1, 0x20, 0x0f, 0x85, 0x77, 0x04, 0x00, 0x00, 0x48, 0x8b, 0x53,
  0x48, 0x48, 0x8b, 0x4b, 0x10, 0x4c, 0x8d, 0x2c, 0x8a, 0x4c, 0x39, 0xea,
  0x73, 0xd6, 0x31, 0xff, 0xeb, 0x20, 0x66, 0x2e, 0x0f, 0x1f, 0x84, 0x00,
  0x00, 0x00, 0x00, 0x00, 0x83, 0xf8, 0x22, 0x74, 0x08, 0x83, 0xe8, 0x26,
  0x83, 0xf8, 0x01, 0x77, 0x04, 0x48, 0x83, 0xc7, 0x04, 0x49, 0x39, 0xd5,
  0x76, 0x1b, 0x8b, 0x02, 0x48, 0x83, 0xc2, 0x04, 0x83, 0xf8, 0x3c, 0x74,
  0x07, 0x76, 0xdd, 0x83, 0xf8, 0x3e, 0x75, 0xe9, 0x48, 0x83, 0xc7, 0x03,
  0x49, 0x39, 0xd5, 0x77, 0xe5, 0x48, 0x85, 0xff, 0x74, 0x92, 0x48, 0x01,
  0xcf, 0xbe, 0xff, 0xff, 0x10, 0x00, 0xe8, 0x7d, 0xfc, 0xff, 0xff, 0x49,
  0x89, 0xc4, 0x48, 0x85, 0xc0, 0x0f, 0x84, 0x83, 0xfd, 0xff, 0xff, 0x0f,
  0xb6, 0x43, 0x20, 0xa8, 0x20, 0x0f, 0x85, 0x5d, 0x04, 0x00, 0x00, 0x48,
  0x8b, 0x6b, 0x48, 0x41, 0x0f, 0xb6, 0x44, 0x24, 0x20, 0xa8, 0x20, 0x0f,
  0x85, 0x93, 0x04, 0x00, 0x00, 0x49, 0x8b, 0x7c, 0x24, 0x48, 0x49, 0x89,
  0xee, 0x31, 0xd2, 0x49, 0x39, 0xed, 0x76, 0x52, 0x0f, 0x1f, 0x40, 0x00,
  0x41, 0x8b, 0x06, 0x83, 0xe8, 0x22, 0x83, 0xf8, 0x1c, 0x77, 0x15, 0x48,
  0x8d, 0x0d, 0x96, 0x0c, 0x00, 0x00, 0x48, 0x63, 0x04, 0x81, 0x48, 0x01,
  0xc8, 0xff, 0xe0, 0x0f, 0x1f, 0x44, 0x00, 0x00, 0x48, 0x83, 0xc2, 0x01,
  0x0f, 0x1f, 0x40, 0x00, 0x49, 0x83, 0xc6, 0x04, 0x4d, 0x39, 0xf5, 0x77,
  0xcf, 0x49, 0x83, 0xed, 0x01, 0x48, 0xc1, 0xe2, 0x02, 0x49, 0x29, 0xed,
  0x49, 0xc1, 0xed, 0x02, 0x4a, 0x8d, 0x04, 0xad, 0x04, 0x00, 0x00, 0x00,
  0x48, 0x29, 0xd0, 0x48, 0x01, 0xc5, 0x48, 0x89, 0xee, 0xe8, 0xba, 0xfb,
  0xff, 0xff, 0xe9, 0xfa, 0xfc, 0xff, 0xff, 0x0f, 0x1f, 0x44, 0x00, 0x00,
  0x48, 0x8d, 0x1c, 0x95, 0x00, 0x00, 0x00, 0x00, 0x4c, 0x89, 0xf6, 0x48,
  0x89, 0xda, 0x48, 0x29, 0xde, 0xe8, 0x9a, 0xfb, 0xff, 0xff, 0x66, 0x0f,
  0x6f, 0x25, 0x32, 0x0d, 0x00, 0x00, 0x48, 0x8d, 0x14, 0x18, 0x48, 0x8d,
  0x7a, 0x10, 0x0f, 0x11, 0x22, 0x31, 0xd2, 0xeb, 0x9b, 0x0f, 0x1f, 0x00,
  0x48, 0x8d, 0x1c, 0x95, 0x00, 0x00, 0x00, 0x00, 0x4c, 0x89, 0xf6, 0x48,
  0x89, 0xda, 0x48, 0x29, 0xde, 0xe8, 0x6a, 0xfb, 0xff, 0xff, 0x66, 0x0f,
  0x6f, 0x1d, 0xf2, 0x0c, 0x00, 0x00, 0x48, 0x8d, 0x14, 0x18, 0x48, 0x8d,
  0x7a, 0x10, 0x0f, 0x11, 0x1a, 0x31, 0xd2, 0xe9, 0x68, 0xff, 0xff, 0xff,
  0x48, 0x8d, 0x1c, 0x95, 0x00, 0x00, 0x00, 0x00, 0x4c, 0x89, 0xf6, 0x48,
  0x89, 0xda, 0x48, 0x29, 0xde, 0xe8, 0x3a, 0xfb, 0xff, 0xff, 0x66, 0x0f,
  0x6f, 0x0d, 0xa2, 0x0c, 0x00, 0x00, 0x48, 0x8d, 0x14, 0x18, 0xc7, 0x42,
  0x10, 0x3b, 0x00, 0x00, 0x00, 0x48, 0x8d, 0x7a, 0x14, 0x0f, 0x11, 0x0a,
  0x31, 0xd2, 0xe9, 0x31, 0xff, 0xff, 0xff, 0x66, 0x0f, 0x1f, 0x84, 0x00,
  0x00, 0x00, 0x00, 0x00, 0x48, 0x8d, 0x1c, 0x95, 0x00, 0x00, 0x00, 0x00,
  0x4c, 0x89, 0xf6, 0x48, 0x89, 0xda, 0x48, 0x29, 0xde, 0xe8, 0xfa, 0xfa,
  0xff, 0xff, 0x66, 0x0f, 0x6f, 0x15, 0x72, 0x0c, 0x00, 0x00, 0x48, 0x8d,
  0x14, 0x18, 0xc7, 0x42, 0x10, 0x3b, 0x00, 0x00, 0x00, 0x48, 0x8d, 0x7a,
  0x14, 0x0f, 0x11, 0x12, 0x31, 0xd2, 0xe9, 0xf1, 0xfe, 0xff, 0xff, 0x66,
  0x0f, 0x1f, 0x84, 0x00, 0x00, 0x00, 0x00, 0x00, 0x48, 0x8d, 0x1c, 0x95,
  0x00, 0x00, 0x00, 0x00, 0x4c, 0x89, 0xf6, 0x48, 0x89, 0xda, 0x48, 0x29,
  0xde, 0xe8, 0xba, 0xfa, 0xff, 0xff, 0x66, 0x0f, 0x6f, 0x05, 0x12, 0x0c,
  0x00, 0x00, 0x48, 0x8d, 0x14, 0x18, 0xc7, 0x42, 0x10, 0x3b, 0x00, 0x00,
  0x00, 0x48, 0x8d, 0x7a, 0x14, 0x0f, 0x11, 0x02, 0x31, 0xd2, 0xe9, 0xb1,
  0xfe, 0xff, 0xff, 0x66, 0x0f, 0x1f, 0x84, 0x00, 0x00, 0x00, 0x00, 0x00,
  0x48, 0x83, 0xc2, 0x01, 0x0f, 0x1f, 0x40, 0x00, 0x48, 0x83, 0xc3, 0x02,
  0x49, 0x39, 0xde, 0x0f, 0x87, 0xab, 0xfc, 0xff, 0xff, 0x49, 0x8d, 0x4e,
  0xff, 0x48, 0x01, 0xd2, 0x4c, 0x29, 0xe9, 0x48, 0xd1, 0xe9, 0x48, 0x8d,
  0x44, 0x09, 0x02, 0x48, 0x29, 0xd0, 0x49, 0x01, 0xc5, 0x4c, 0x89, 0xee,
  0xe8, 0x5b, 0xfa, 0xff, 0xff, 0xe9, 0x9b, 0xfb, 0xff, 0xff, 0x66, 0x0f,
  0x1f, 0x44, 0x00, 0x00, 0x4c, 0x8d, 0x3c, 0x12, 0x48, 0x89, 0xde, 0x4c,
  0x89, 0xfa, 0x4c, 0x29, 0xfe, 0xe8, 0x3e, 0xfa, 0xff, 0xff, 0x4a, 0x8d,
  0x14, 0x38, 0x48, 0x8b, 0x05, 0x83, 0x0b, 0x00, 0x00, 0x48, 0x8d, 0x7a,
  0x08, 0x48, 0x89, 0x02, 0x31, 0xd2, 0xeb, 0xa0, 0x0f, 0x1f, 0x84, 0x00,
  0x00, 0x00, 0x00, 0x00, 0x4c, 0x8d, 0x3c, 0x12, 0x48, 0x89, 0xde, 0x4c,
  0x89, 0xfa, 0x4c, 0x29, 0xfe, 0xe8, 0x0e, 0xfa, 0xff, 0xff, 0x4a, 0x8d,
  0x14, 0x38, 0x48, 0x8b, 0x05, 0x4b, 0x0b, 0x00, 0x00, 0x48, 0x8d, 0x7a,
  0x08, 0x48, 0x89, 0x02, 0x31, 0xd2, 0xe9, 0x6d, 0xff, 0xff, 0xff, 0x0f,
  0x1f, 0x44, 0x00, 0x00, 0x4c, 0x8d, 0x3c, 0x12, 0x48, 0x89, 0xde, 0x4c,
  0x89, 0xfa, 0x4c, 0x29, 0xfe, 0xe8, 0xde, 0xf9, 0xff, 0xff, 0xb9, 0x3b,
  0x00, 0x00, 0x00, 0x4a, 0x8d, 0x14, 0x38, 0x48, 0x8b, 0x05, 0x06, 0x0b,
  0x00, 0x00, 0x66, 0x89, 0x4a, 0x08, 0x48, 0x8d, 0x7a, 0x0a, 0x48, 0x89,
  0x02, 0x31, 0xd2, 0xe9, 0x34, 0xff, 0xff, 0xff, 0x0f, 0x1f, 0x40, 0x00,
  0x4c, 0x8d, 0x3c, 0x12, 0x48, 0x89, 0xde, 0x4c, 0x89, 0xfa, 0x4c, 0x29,
  0xfe, 0xe8, 0xa6, 0xf9, 0xff, 0xff, 0x4a, 0x8d, 0x14, 0x38, 0x48, 0x8b,
  0x05, 0xdb, 0x0a, 0x00, 0x00, 0x48, 0x8d, 0x7a, 0x0a, 0x48, 0x89, 0x02,
  0xb8, 0x3b, 0x00, 0x00, 0x00, 0x66, 0x89, 0x42, 0x08, 0x31, 0xd2, 0xe9,
  0xfc, 0xfe, 0xff, 0xff, 0x0f, 0x1f, 0x40, 0x00, 0x4c, 0x8d, 0x3c, 0x12,
  0x48, 0x89, 0xde, 0x4c, 0x29, 0xfe, 0x4c, 0x89, 0xfa, 0xe8, 0x6e, 0xf9,
  0xff, 0xff, 0xbe, 0x3b, 0x00, 0x00, 0x00, 0x4a, 0x8d, 0x14, 0x38, 0x48,
  0x8b, 0x05, 0x8e, 0x0a, 0x00, 0x00, 0x66, 0x89, 0x72, 0x08, 0x48, 0x8d,
  0x7a, 0x0a, 0x48, 0x89, 0x02, 0x31, 0xd2, 0xe9, 0xc4, 0xfe, 0xff, 0xff,
  0x0f, 0x1f, 0x40, 0x00, 0x48, 0x83, 0xc3, 0x01, 0x0f, 0x1f, 0x40, 0x00,
  0x49, 0x83, 0xc6, 0x01, 0x4c, 0x39, 0xf5, 0x0f, 0x85, 0x4b, 0xfc, 0xff,
  0xff, 0x48, 0x89, 0xda, 0x49, 0x29, 0xde, 0x4c, 0x89, 0xf6, 0xe8, 0x25,
  0xf9, 0xff, 0xff, 0xe9, 0x65, 0xfa, 0xff, 0xff, 0x4c, 0x89, 0xf6, 0x48,
  0x89, 0xda, 0x48, 0x29, 0xde, 0xe8, 0x12, 0xf9, 0xff, 0xff, 0x48, 0x01,
  0xc3, 0xc7, 0x03, 0x26, 0x67, 0x74, 0x3b, 0x48, 0x8d, 0x7b, 0x04, 0x31,
  0xdb, 0xeb, 0xc1, 0x90, 0x4c, 0x89, 0xf6, 0x48, 0x89, 0xda, 0x48, 0x29,
  0xde, 0xe8, 0xf2, 0xf8, 0xff, 0xff, 0x48, 0x01, 0xc3, 0xc7, 0x03, 0x26,
  0x6c, 0x74, 0x3b, 0x48, 0x8d, 0x7b, 0x04, 0x31, 0xdb, 0xeb, 0xa1, 0x90,
  0x4c, 0x89, 0xf6, 0x48, 0x89, 0xda, 0x48, 0x29, 0xde, 0xe8, 0xd2, 0xf8,
  0xff, 0xff, 0x48, 0x01, 0xc3, 0xc7, 0x03, 0x26, 0x23, 0x33, 0x39, 0x48,
  0x8d, 0x7b, 0x05, 0xc6, 0x43, 0x04, 0x3b, 0x31, 0xdb, 0xe9, 0x7a, 0xff,
  0xff, 0xff, 0x66, 0x2e, 0x0f, 0x1f, 0x84, 0x00, 0x00, 0x00, 0x00, 0x00,
  0x4c, 0x89, 0xf6, 0x48, 0x89, 0xda, 0x48, 0x29, 0xde, 0xe8, 0xa2, 0xf8,
  0xff, 0xff, 0x48, 0x01, 0xc3, 0xc7, 0x03, 0x26, 0x61, 0x6d, 0x70, 0x48,
  0x8d, 0x7b, 0x05, 0xc6, 0x43, 0x04, 0x3b, 0x31, 0xdb, 0xe9, 0x4a, 0xff,
  0xff, 0xff, 0x66, 0x2e, 0x0f, 0x1f, 0x84, 0x00, 0x00, 0x00, 0x00, 0x00,
  0x4c, 0x89, 0xf6, 0x48, 0x89, 0xda, 0x48, 0x29, 0xde, 0xe8, 0x72, 0xf8,
  0xff, 0xff, 0x48, 0x01, 0xc3, 0xc7, 0x03, 0x26, 0x23, 0x33, 0x34, 0x48,
  0x8d, 0x7b, 0x05, 0xc6, 0x43, 0x04, 0x3b, 0x31, 0xdb, 0xe9, 0x1a, 0xff,
  0xff, 0xff, 0x66, 0x2e, 0x0f, 0x1f, 0x84, 0x00, 0x00, 0x00, 0x00, 0x00,
  0x48, 0x8d, 0x43, 0x30, 0x48, 0x8d, 0x53, 0x48, 0xf6, 0xc1, 0x40, 0x48,
  0x0f, 0x45, 0xd0, 0xe9, 0x99, 0xfa, 0xff, 0xff, 0x0f, 0x1f, 0x40, 0x00,
  0x48, 0x8d, 0x43, 0x30, 0x48, 0x8d, 0x53, 0x48, 0x83, 0xe1, 0x40, 0x48,
  0x0f, 0x45, 0xd0, 0xe9, 0x79, 0xfb, 0xff, 0xff, 0x0f, 0x1f, 0x40, 0x00,
  0x48, 0x8d, 0x43, 0x30, 0x48, 0x8d, 0x53, 0x48, 0x83, 0xe1, 0x40, 0x48,
  0x0f, 0x45, 0xd0, 0xe9, 0x95, 0xf9, 0xff, 0xff, 0x0f, 0x1f, 0x40, 0x00,
  0x48, 0x8d, 0x53, 0x30, 0x48, 0x83, 0xc3, 0x48, 0xa8, 0x40, 0x48, 0x0f,
  0x44, 0xd3, 0x49, 0x89, 0xd6, 0xe9, 0xdf, 0xfa, 0xff, 0xff, 0x66, 0x90,
  0x49, 0x8d, 0x7c, 0x24, 0x30, 0x49, 0x8d, 0x54, 0x24, 0x48, 0xa8, 0x40,
  0x48, 0x0f, 0x44, 0xfa, 0xe9, 0xdb, 0xfa, 0xff, 0xff, 0x0f, 0x1f, 0x00,
  0x48, 0x8d, 0x53, 0x30, 0x48, 0x83, 0xc3, 0x48, 0xa8, 0x40, 0x48, 0x0f,
  0x44, 0xd3, 0x48, 0x89, 0xd5, 0xe9, 0x91, 0xfb, 0xff, 0xff, 0x66, 0x90,
  0x49, 0x8d, 0x7c, 0x24, 0x30, 0x49, 0x8d, 0x54, 0x24, 0x48, 0xa8, 0x40,
  0x48, 0x0f, 0x44, 0xfa, 0xe9, 0xc6, 0xf9, 0xff, 0xff, 0x0f, 0x1f, 0x00,
  0x48, 0x8d, 0x53, 0x30, 0x48, 0x83, 0xc3, 0x48, 0xa8, 0x40, 0x48, 0x0f,
  0x44, 0xd3, 0x49, 0x89, 0xd5, 0xe9, 0x9a, 0xf9, 0xff, 0xff, 0x66, 0x90,
  0x49, 0x8d, 0x7c, 0x24, 0x30, 0x49, 0x8d, 0x54, 0x24, 0x48, 0xa8, 0x40,
  0x48, 0x0f, 0x44, 0xfa, 0xe9, 0x5d, 0xfb, 0xff, 0xff, 0x31, 0xd2, 0xe9,
  0x11, 0xfd, 0xff, 0xff, 0x0f, 0x1f, 0x40, 0x00, 0xbe, 0xf5, 0x03, 0x00,
  0x00, 0x48, 0x8d, 0x3d, 0x74, 0x27, 0x00, 0x00, 0xe9, 0x6f, 0xf7, 0xff,
  0xff, 0x00, 0x00, 0x00, 0x48, 0x83, 0xec, 0x08, 0x48, 0x83, 0xc4, 0x08,
  0xc3, 0x00, 0x00, 0x00, 0x00, 0x00, 0x00, 0x00, 0x00, 0x00, 0x00, 0x00,
  0x00, 0x00, 0x00, 0x00, 0x00, 0x00, 0x00, 0x00, 0x00, 0x00, 0x00, 0x00,
  0x00, 0x00, 0x00, 0x00, 0x00, 0x00, 0x00, 0x00, 0x00, 0x00, 0x00, 0x00,
  0x00, 0x00, 0x00, 0x00, 0x00, 0x00, 0x00, 0x00, 0x00, 0x00, 0x00, 0x00,
  0x00, 0x00, 0x00, 0x00, 0x00, 0x00, 0x00, 0x00, 0x00, 0x00, 0x00, 0x00,
  0x00, 0x00, 0x00, 0x00, 0x00, 0x00, 0x00, 0x00, 0x00, 0x00, 0x00, 0x00,
  0x00, 0x00, 0x00, 0x00, 0x00, 0x00, 0x00, 0x00, 0x00, 0x00, 0x00, 0x00,
  0x00, 0x00, 0x00, 0x00, 0x00, 0x00, 0x00, 0x00, 0x00, 0x00, 0x00, 0x00,
  0x00, 0x00, 0x00, 0x00, 0x00, 0x00, 0x00, 0x00, 0x00, 0x00, 0x00, 0x00,
  0x00, 0x00, 0x00, 0x00, 0x00, 0x00, 0x00, 0x00, 0x00, 0x00, 0x00, 0x00,
  0x00, 0x00, 0x00, 0x00, 0x00, 0x00, 0x00, 0x00, 0x00, 0x00, 0x00, 0x00,
  0x00, 0x00, 0x00, 0x00, 0x00, 0x00, 0x00, 0x00, 0x00, 0x00, 0x00, 0x00,
  0x00, 0x00, 0x00, 0x00, 0x00, 0x00, 0x00, 0x00, 0x00, 0x00, 0x00, 0x00,
  0x00, 0x00, 0x00, 0x00, 0x00, 0x00, 0x00, 0x00, 0x00, 0x00, 0x00, 0x00,
  0x00, 0x00, 0x00, 0x00, 0x00, 0x00, 0x00, 0x00, 0x00, 0x00, 0x00, 0x00,
  0x00, 0x00, 0x00, 0x00, 0x00, 0x00, 0x00, 0x00, 0x00, 0x00, 0x00, 0x00,
  0x00, 0x00, 0x00, 0x00, 0x00, 0x00, 0x00, 0x00, 0x00, 0x00, 0x00, 0x00,
  0x00, 0x00, 0x00, 0x00, 0x00, 0x00, 0x00, 0x00, 0x00, 0x00, 0x00, 0x00,
  0x00, 0x00, 0x00, 0x00, 0x00, 0x00, 0x00, 0x00, 0x00, 0x00, 0x00, 0x00,
  0x00, 0x00, 0x00, 0x00, 0x00, 0x00, 0x00, 0x00, 0x00, 0x00, 0x00, 0x00,
  0x00, 0x00, 0x00, 0x00, 0x00, 0x00, 0x00, 0x00, 0x00, 0x00, 0x00, 0x00,
  0x00, 0x00, 0x00, 0x00, 0x00, 0x00, 0x00, 0x00, 0x00, 0x00, 0x00, 0x00,
  0x00, 0x00, 0x00, 0x00, 0x00, 0x00, 0x00, 0x00, 0x00, 0x00, 0x00, 0x00,
  0x00, 0x00, 0x00, 0x00, 0x00, 0x00, 0x00, 0x00, 0x00, 0x00, 0x00, 0x00,
  0x00, 0x00, 0x00, 0x00, 0x00, 0x00, 0x00, 0x00, 0x00, 0x00, 0x00, 0x00,
  0x00, 0x00, 0x00, 0x00, 0x00, 0x00, 0x00, 0x00, 0x00, 0x00, 0x00, 0x00,
  0x00, 0x00, 0x00, 0x00, 0x00, 0x00, 0x00, 0x00, 0x00, 0x00, 0x00, 0x00,
  0x00, 0x00, 0x00, 0x00, 0x00, 0x00, 0x00, 0x00, 0x00, 0x00, 0x00, 0x00,
  0x00, 0x00, 0x00, 0x00, 0x00, 0x00, 0x00, 0x00, 0x00, 0x00, 0x00, 0x00,
  0x00, 0x00, 0x00, 0x00, 0x00, 0x00, 0x00, 0x00, 0x00, 0x00, 0x00, 0x00,
  0x00, 0x00, 0x00, 0x00, 0x00, 0x00, 0x00, 0x00, 0x00, 0x00, 0x00, 0x00,
  0x00, 0x00, 0x00, 0x00, 0x00, 0x00, 0x00, 0x00, 0x00, 0x00, 0x00, 0x00,
  0x00, 0x00, 0x00, 0x00, 0x00, 0x00, 0x00, 0x00, 0x00, 0x00, 0x00, 0x00,
  0x00, 0x00, 0x00, 0x00, 0x00, 0x00, 0x00, 0x00, 0x00, 0x00, 0x00, 0x00,
  0x00, 0x00, 0x00, 0x00, 0x00, 0x00, 0x00, 0x00, 0x00, 0x00, 0x00, 0x00,
  0x00, 0x00, 0x00, 0x00, 0x00, 0x00, 0x00, 0x00, 0x00, 0x00, 0x00, 0x00,
  0x00, 0x00, 0x00, 0x00, 0x00, 0x00, 0x00, 0x00, 0x00, 0x00, 0x00, 0x00,
  0x00, 0x00, 0x00, 0x00, 0x00, 0x00, 0x00, 0x00, 0x00, 0x00, 0x00, 0x00,
  0x00, 0x00, 0x00, 0x00, 0x00, 0x00, 0x00, 0x00, 0x00, 0x00, 0x00, 0x00,
  0x00, 0x00, 0x00, 0x00, 0x00, 0x00, 0x00, 0x00, 0x00, 0x00, 0x00, 0x00,
  0x00, 0x00, 0x00, 0x00, 0x00, 0x00, 0x00, 0x00, 0x00, 0x00, 0x00, 0x00,
  0x00, 0x00, 0x00, 0x00, 0x00, 0x00, 0x00, 0x00, 0x00, 0x00, 0x00, 0x00,
  0x00, 0x00, 0x00, 0x00, 0x00, 0x00, 0x00, 0x00, 0x00, 0x00, 0x00, 0x00,
  0x00, 0x00, 0x00, 0x00, 0x00, 0x00, 0x00, 0x00, 0x00, 0x00, 0x00, 0x00,
  0x00, 0x00, 0x00, 0x00, 0x00, 0x00, 0x00, 0x00, 0x00, 0x00, 0x00, 0x00,
  0x00, 0x00, 0x00, 0x00, 0x00, 0x00, 0x00, 0x00, 0x00, 0x00, 0x00, 0x00,
  0x00, 0x00, 0x00, 0x00, 0x00, 0x00, 0x00, 0x00, 0x00, 0x00, 0x00, 0x00,
  0x00, 0x00, 0x00, 0x00, 0x00, 0x00, 0x00, 0x00, 0x00, 0x00, 0x00, 0x00,
  0x00, 0x00, 0x00, 0x00, 0x00, 0x00, 0x00, 0x00, 0x00, 0x00, 0x00, 0x00,
  0x00, 0x00, 0x00, 0x00, 0x00, 0x00, 0x00, 0x00, 0x00, 0x00, 0x00, 0x00,
  0x00, 0x00, 0x00, 0x00, 0x00, 0x00, 0x00, 0x00, 0x00, 0x00, 0x00, 0x00,
  0x00, 0x00, 0x00, 0x00, 0x00, 0x00, 0x00, 0x00, 0x00, 0x00, 0x00, 0x00,
  0x00, 0x00, 0x00, 0x00, 0x00, 0x00, 0x00, 0x00, 0x00, 0x00, 0x00, 0x00,
  0x00, 0x00, 0x00, 0x00, 0x00, 0x00, 0x00, 0x00, 0x00, 0x00, 0x00, 0x00,
  0x00, 0x00, 0x00, 0x00, 0x00, 0x00, 0x00, 0x00, 0x00, 0x00, 0x00, 0x00,
  0x00, 0x00, 0x00, 0x00, 0x00, 0x00, 0x00, 0x00, 0x00, 0x00, 0x00, 0x00,
  0x00, 0x00, 0x00, 0x00, 0x00, 0x00, 0x00, 0x00, 0x00, 0x00, 0x00, 0x00,
  0x00, 0x00, 0x00, 0x00, 0x00, 0x00, 0x00, 0x00, 0x00, 0x00, 0x00, 0x00,
  0x00, 0x00, 0x00, 0x00, 0x00, 0x00, 0x00, 0x00, 0x00, 0x00, 0x00, 0x00,
  0x00, 0x00, 0x00, 0x00, 0x00, 0x00, 0x00, 0x00, 0x00, 0x00, 0x00, 0x00,
  0x00, 0x00, 0x00, 0x00, 0x00, 0x00, 0x00, 0x00, 0x00, 0x00, 0x00, 0x00,
  0x00, 0x00, 0x00, 0x00, 0x00, 0x00, 0x00, 0x00, 0x00, 0x00, 0x00, 0x00,
  0x00, 0x00, 0x00, 0x00, 0x00, 0x00, 0x00, 0x00, 0x00, 0x00, 0x00, 0x00,
  0x00, 0x00, 0x00, 0x00, 0x00, 0x00, 0x00, 0x00, 0x00, 0x00, 0x00, 0x00,
  0x00, 0x00, 0x00, 0x00, 0x00, 0x00, 0x00, 0x00, 0x00, 0x00, 0x00, 0x00,
  0x00, 0x00, 0x00, 0x00, 0x00, 0x00, 0x00, 0x00, 0x00, 0x00, 0x00, 0x00,
  0x00, 0x00, 0x00, 0x00, 0x00, 0x00, 0x00, 0x00, 0x00, 0x00, 0x00, 0x00,
  0x00, 0x00, 0x00, 0x00, 0x00, 0x00, 0x00, 0x00, 0x00, 0x00, 0x00, 0x00,
  0x00, 0x00, 0x00, 0x00, 0x00, 0x00, 0x00, 0x00, 0x00, 0x00, 0x00, 0x00,
  0x00, 0x00, 0x00, 0x00, 0x00, 0x00, 0x00, 0x00, 0x00, 0x00, 0x00, 0x00,
  0x00, 0x00, 0x00, 0x00, 0x00, 0x00, 0x00, 0x00, 0x00, 0x00, 0x00, 0x00,
  0x00, 0x00, 0x00, 0x00, 0x00, 0x00, 0x00, 0x00, 0x00, 0x00, 0x00, 0x00,
  0x00, 0x00, 0x00, 0x00, 0x00, 0x00, 0x00, 0x00, 0x00, 0x00, 0x00, 0x00,
  0x00, 0x00, 0x00, 0x00, 0x00, 0x00, 0x00, 0x00, 0x00, 0x00, 0x00, 0x00,
  0x00, 0x00, 0x00, 0x00, 0x00, 0x00, 0x00, 0x00, 0x00, 0x00, 0x00, 0x00,
  0x00, 0x00, 0x00, 0x00, 0x00, 0x00, 0x00, 0x00, 0x00, 0x00, 0x00, 0x00,
  0x00, 0x00, 0x00, 0x00, 0x00, 0x00, 0x00, 0x00, 0x00, 0x00, 0x00, 0x00,
  0x00, 0x00, 0x00, 0x00, 0x00, 0x00, 0x00, 0x00, 0x00, 0x00, 0x00, 0x00,
  0x00, 0x00, 0x00, 0x00, 0x00, 0x00, 0x00, 0x00, 0x00, 0x00, 0x00, 0x00,
  0x00, 0x00, 0x00, 0x00, 0x00, 0x00, 0x00, 0x00, 0x00, 0x00, 0x00, 0x00,
  0x00, 0x00, 0x00, 0x00, 0x00, 0x00, 0x00, 0x00, 0x00, 0x00, 0x00, 0x00,
  0x00, 0x00, 0x00, 0x00, 0x00, 0x00, 0x00, 0x00, 0x00, 0x00, 0x00, 0x00,
  0x00, 0x00, 0x00, 0x00, 0x00, 0x00, 0x00, 0x00, 0x00, 0x00, 0x00, 0x00,
  0x00, 0x00, 0x00, 0x00, 0x00, 0x00, 0x00, 0x00, 0x00, 0x00, 0x00, 0x00,
  0x00, 0x00, 0x00, 0x00, 0x00, 0x00, 0x00, 0x00, 0x00, 0x00, 0x00, 0x00,
  0x00, 0x00, 0x00, 0x00, 0x00, 0x00, 0x00, 0x00, 0x00, 0x00, 0x00, 0x00,
  0x00, 0x00, 0x00, 0x00, 0x00, 0x00, 0x00, 0x00, 0x00, 0x00, 0x00, 0x00,
  0x00, 0x00, 0x00, 0x00, 0x00, 0x00, 0x00, 0x00, 0x00, 0x00, 0x00, 0x00,
  0x00, 0x00, 0x00, 0x00, 0x00, 0x00, 0x00, 0x00, 0x00, 0x00, 0x00, 0x00,
  0x00, 0x00, 0x00, 0x00, 0x00, 0x00, 0x00, 0x00, 0x00, 0x00, 0x00, 0x00,
  0x00, 0x00, 0x00, 0x00, 0x00, 0x00, 0x00, 0x00, 0x00, 0x00, 0x00, 0x00,
  0x00, 0x00, 0x00, 0x00, 0x00, 0x00, 0x00, 0x00, 0x00, 0x00, 0x00, 0x00,
  0x00, 0x00, 0x00, 0x00, 0x00, 0x00, 0x00, 0x00, 0x00, 0x00, 0x00, 0x00,
  0x00, 0x00, 0x00, 0x00, 0x00, 0x00, 0x00, 0x00, 0x00, 0x00, 0x00, 0x00,
  0x00, 0x00, 0x00, 0x00, 0x00, 0x00, 0x00, 0x00, 0x00, 0x00, 0x00, 0x00,
  0x00, 0x00, 0x00, 0x00, 0x00, 0x00, 0x00, 0x00, 0x00, 0x00, 0x00, 0x00,
  0x00, 0x00, 0x00, 0x00, 0x00, 0x00, 0x00, 0x00, 0x00, 0x00, 0x00, 0x00,
  0x00, 0x00, 0x00, 0x00, 0x00, 0x00, 0x00, 0x00, 0x00, 0x00, 0x00, 0x00,
  0x00, 0x00, 0x00, 0x00, 0x00, 0x00, 0x00, 0x00, 0x00, 0x00, 0x00, 0x00,
  0x00, 0x00, 0x00, 0x00, 0x00, 0x00, 0x00, 0x00, 0x00, 0x00, 0x00, 0x00,
  0x00, 0x00, 0x00, 0x00, 0x00, 0x00, 0x00, 0x00, 0x00, 0x00, 0x00, 0x00,
  0x00, 0x00, 0x00, 0x00, 0x00, 0x00, 0x00, 0x00, 0x00, 0x00, 0x00, 0x00,
  0x00, 0x00, 0x00, 0x00, 0x00, 0x00, 0x00, 0x00, 0x00, 0x00, 0x00, 0x00,
  0x00, 0x00, 0x00, 0x00, 0x00, 0x00, 0x00, 0x00, 0x00, 0x00, 0x00, 0x00,
  0x00, 0x00, 0x00, 0x00, 0x00, 0x00, 0x00, 0x00, 0x00, 0x00, 0x00, 0x00,
  0x00, 0x00, 0x00, 0x00, 0x00, 0x00, 0x00, 0x00, 0x00, 0x00, 0x00, 0x00,
  0x00, 0x00, 0x00, 0x00, 0x00, 0x00, 0x00, 0x00, 0x00, 0x00, 0x00, 0x00,
  0x00, 0x00, 0x00, 0x00, 0x00, 0x00, 0x00, 0x00, 0x00, 0x00, 0x00, 0x00,
  0x00, 0x00, 0x00, 0x00, 0x00, 0x00, 0x00, 0x00, 0x00, 0x00, 0x00, 0x00,
  0x00, 0x00, 0x00, 0x00, 0x00, 0x00, 0x00, 0x00, 0x00, 0x00, 0x00, 0x00,
  0x00, 0x00, 0x00, 0x00, 0x00, 0x00, 0x00, 0x00, 0x00, 0x00, 0x00, 0x00,
  0x00, 0x00, 0x00, 0x00, 0x00, 0x00, 0x00, 0x00, 0x00, 0x00, 0x00, 0x00,
  0x00, 0x00, 0x00, 0x00, 0x00, 0x00, 0x00, 0x00, 0x00, 0x00, 0x00, 0x00,
  0x00, 0x00, 0x00, 0x00, 0x00, 0x00, 0x00, 0x00, 0x00, 0x00, 0x00, 0x00,
  0x00, 0x00, 0x00, 0x00, 0x00, 0x00, 0x00, 0x00, 0x00, 0x00, 0x00, 0x00,
  0x00, 0x00, 0x00, 0x00, 0x00, 0x00, 0x00, 0x00, 0x00, 0x00, 0x00, 0x00,
  0x00, 0x00, 0x00, 0x00, 0x00, 0x00, 0x00, 0x00, 0x00, 0x00, 0x00, 0x00,
  0x00, 0x00, 0x00, 0x00, 0x00, 0x00, 0x00, 0x00, 0x00, 0x00, 0x00, 0x00,
  0x00, 0x00, 0x00, 0x00, 0x00, 0x00, 0x00, 0x00, 0x00, 0x00, 0x00, 0x00,
  0x00, 0x00, 0x00, 0x00, 0x00, 0x00, 0x00, 0x00, 0x00, 0x00, 0x00, 0x00,
  0x00, 0x00, 0x00, 0x00, 0x00, 0x00, 0x00, 0x00, 0x00, 0x00, 0x00, 0x00,
  0x00, 0x00, 0x00, 0x00, 0x00, 0x00, 0x00, 0x00, 0x00, 0x00, 0x00, 0x00,
  0x00, 0x00, 0x00, 0x00, 0x00, 0x00, 0x00, 0x00, 0x00, 0x00, 0x00, 0x00,
  0x00, 0x00, 0x00, 0x00, 0x00, 0x00, 0x00, 0x00, 0x00, 0x00, 0x00, 0x00,
  0x00, 0x00, 0x00, 0x00, 0x00, 0x00, 0x00, 0x00, 0x00, 0x00, 0x00, 0x00,
  0x00, 0x00, 0x00, 0x00, 0x00, 0x00, 0x00, 0x00, 0x00, 0x00, 0x00, 0x00,
  0x00, 0x00, 0x00, 0x00, 0x00, 0x00, 0x00, 0x00, 0x00, 0x00, 0x00, 0x00,
  0x00, 0x00, 0x00, 0x00, 0x00, 0x00, 0x00, 0x00, 0x00, 0x00, 0x00, 0x00,
  0x00, 0x00, 0x00, 0x00, 0x00, 0x00, 0x00, 0x00, 0x00, 0x00, 0x00, 0x00,
  0x00, 0x00, 0x00, 0x00, 0x00, 0x00, 0x00, 0x00, 0x00, 0x00, 0x00, 0x00,
  0x00, 0x00, 0x00, 0x00, 0x00, 0x00, 0x00, 0x00, 0x00, 0x00, 0x00, 0x00,
  0x00, 0x00, 0x00, 0x00, 0x00, 0x00, 0x00, 0x00, 0x00, 0x00, 0x00, 0x00,
  0x00, 0x00, 0x00, 0x00, 0x00, 0x00, 0x00, 0x00, 0x00, 0x00, 0x00, 0x00,
  0x00, 0x00, 0x00, 0x00, 0x00, 0x00, 0x00, 0x00, 0x00, 0x00, 0x00, 0x00,
  0x00, 0x00, 0x00, 0x00, 0x00, 0x00, 0x00, 0x00, 0x00, 0x00, 0x00, 0x00,
  0x00, 0x00, 0x00, 0x00, 0x00, 0x00, 0x00, 0x00, 0x00, 0x00, 0x00, 0x00,
  0x00, 0x00, 0x00, 0x00, 0x00, 0x00, 0x00, 0x00, 0x00, 0x00, 0x00, 0x00,
  0x00, 0x00, 0x00, 0x00, 0x00, 0x00, 0x00, 0x00, 0x00, 0x00, 0x00, 0x00,
  0x00, 0x00, 0x00, 0x00, 0x00, 0x00, 0x00, 0x00, 0x00, 0x00, 0x00, 0x00,
  0x00, 0x00, 0x00, 0x00, 0x00, 0x00, 0x00, 0x00, 0x00, 0x00, 0x00, 0x00,
  0x00, 0x00, 0x00, 0x00, 0x00, 0x00, 0x00, 0x00, 0x00, 0x00, 0x00, 0x00,
  0x00, 0x00, 0x00, 0x00, 0x00, 0x00, 0x00, 0x00, 0x00, 0x00, 0x00, 0x00,
  0x00, 0x00, 0x00, 0x00, 0x00, 0x00, 0x00, 0x00, 0x00, 0x00, 0x00, 0x00,
  0x00, 0x00, 0x00, 0x00, 0x00, 0x00, 0x00, 0x00, 0x00, 0x00, 0x00, 0x00,
  0x00, 0x00, 0x00, 0x00, 0x00, 0x00, 0x00, 0x00, 0x00, 0x00, 0x00, 0x00,
  0x00, 0x00, 0x00, 0x00, 0x00, 0x00, 0x00, 0x00, 0x00, 0x00, 0x00, 0x00,
  0x00, 0x00, 0x00, 0x00, 0x00, 0x00, 0x00, 0x00, 0x00, 0x00, 0x00, 0x00,
  0x00, 0x00, 0x00, 0x00, 0x00, 0x00, 0x00, 0x00, 0x00, 0x00, 0x00, 0x00,
  0x00, 0x00, 0x00, 0x00, 0x00, 0x00, 0x00, 0x00, 0x00, 0x00, 0x00, 0x00,
  0x00, 0x00, 0x00, 0x00, 0x00, 0x00, 0x00, 0x00, 0xd0, 0xf6, 0xff, 0xff,
  0xc0, 0xf5, 0xff, 0xff, 0xc0, 0xf5, 0xff, 0xff, 0xc0, 0xf5, 0xff, 0xff,
  0x98, 0xf6, 0xff, 0xff, 0x60, 0xf6, 0xff, 0xff, 0xc0, 0xf5, 0xff, 0xff,
  0xc0, 0xf5, 0xff, 0xff, 0xc0, 0xf5, 0xff, 0xff, 0xc0, 0xf5, 0xff, 0xff,
  0xc0, 0xf5, 0xff, 0xff, 0xc0, 0xf5, 0xff, 0xff, 0xc0, 0xf5, 0xff, 0xff,
  0xc0, 0xf5, 0xff, 0xff, 0xc0, 0xf5, 0xff, 0xff, 0xc0, 0xf5, 0xff, 0xff,
  0xc0, 0xf5, 0xff, 0xff, 0xc0, 0xf5, 0xff, 0xff, 0xc0, 0xf5, 0xff, 0xff,
  0xc0, 0xf5, 0xff, 0xff, 0xc0, 0xf5, 0xff, 0xff, 0xc0, 0xf5, 0xff, 0xff,
  0xc0, 0xf5, 0xff, 0xff, 0xc0, 0xf5, 0xff, 0xff, 0xc0, 0xf5, 0xff, 0xff,
  0xc0, 0xf5, 0xff, 0xff, 0x30, 0xf6, 0xff, 0xff, 0xc0, 0xf5, 0xff, 0xff,
  0x00, 0xf6, 0xff, 0xff, 0x5c, 0xf7, 0xff, 0xff, 0x94, 0xf6, 0xff, 0xff,
  0x94, 0xf6, 0xff, 0xff, 0x94, 0xf6, 0xff, 0xff, 0x2c, 0xf7, 0xff, 0xff,
  0xfc, 0xf6, 0xff, 0xff, 0x94, 0xf6, 0xff, 0xff, 0x94, 0xf6, 0xff, 0xff,
  0x94, 0xf6, 0xff, 0xff, 0x94, 0xf6, 0xff, 0xff, 0x94, 0xf6, 0xff, 0xff,
  0x94, 0xf6, 0xff, 0xff, 0x94, 0xf6, 0xff, 0xff, 0x94, 0xf6, 0xff, 0xff,
  0x94, 0xf6, 0xff, 0xff, 0x94, 0xf6, 0xff, 0xff, 0x94, 0xf6, 0xff, 0xff,
  0x94, 0xf6, 0xff, 0xff, 0x94, 0xf6, 0xff, 0xff, 0x94, 0xf6, 0xff, 0xff,
  0x94, 0xf6, 0xff, 0xff, 0x94, 0xf6, 0xff, 0xff, 0x94, 0xf6, 0xff, 0xff,
  0x94, 0xf6, 0xff, 0xff, 0x94, 0xf6, 0xff, 0xff, 0x94, 0xf6, 0xff, 0xff,
  0xdc, 0xf6, 0xff, 0xff, 0x94, 0xf6, 0xff, 0xff, 0xbc, 0xf6, 0xff, 0xff,
  0x98, 0xf4, 0xff, 0xff, 0x78, 0xf3, 0xff, 0xff, 0x78, 0xf3, 0xff, 0xff,
  0x78, 0xf3, 0xff, 0xff, 0x58, 0xf4, 0xff, 0xff, 0x18, 0xf4, 0xff, 0xff,
  0x78, 0xf3, 0xff, 0xff, 0x78, 0xf3, 0xff, 0xff, 0x78, 0xf3, 0xff, 0xff,
  0x78, 0xf3, 0xff, 0xff, 0x78, 0xf3, 0xff, 0xff, 0x78, 0xf3, 0xff, 0xff,
  0x78, 0xf3, 0xff, 0xff, 0x78, 0xf3, 0xff, 0xff, 0x78, 0xf3, 0xff, 0xff,
  0x78, 0xf3, 0xff, 0xff, 0x78, 0xf3, 0xff, 0xff, 0x78, 0xf3, 0xff, 0xff,
  0x78, 0xf3, 0xff, 0xff, 0x78, 0xf3, 0xff, 0xff, 0x78, 0xf3, 0xff, 0xff,
  0x78, 0xf3, 0xff, 0xff, 0x78, 0xf3, 0xff, 0xff, 0x78, 0xf3, 0xff, 0xff,
  0x78, 0xf3, 0xff, 0xff, 0x78, 0xf3, 0xff, 0xff, 0xe8, 0xf3, 0xff, 0xff,
  0x78, 0xf3, 0xff, 0xff, 0xb8, 0xf3, 0xff, 0xff, 0x6d, 0x61, 0x72, 0x6b,
  0x75, 0x70, 0x73, 0x61, 0x66, 0x65, 0x2e, 0x5f, 0x73, 0x70, 0x65, 0x65,
  0x64, 0x75, 0x70, 0x73, 0x00, 0x5f, 0x65, 0x73, 0x63, 0x61, 0x70, 0x65,
  0x5f, 0x69, 0x6e, 0x6e, 0x65, 0x72, 0x00, 0x00, 0x26, 0x00, 0x23, 0x00,
  0x33, 0x00, 0x34, 0x00, 0x26, 0x00, 0x23, 0x00, 0x33, 0x00, 0x39, 0x00,
  0x26, 0x00, 0x61, 0x00, 0x6d, 0x00, 0x70, 0x00, 0x26, 0x00, 0x6c, 0x00,
  0x74, 0x00, 0x3b, 0x00, 0x26, 0x00, 0x67, 0x00, 0x74, 0x00, 0x3b, 0x00,
  0x00, 0x00, 0x00, 0x00, 0x00, 0x00, 0x00, 0x00, 0x26, 0x00, 0x00, 0x00,
  0x23, 0x00, 0x00, 0x00, 0x33, 0x00, 0x00, 0x00, 0x34, 0x00, 0x00, 0x00,
  0x26, 0x00, 0x00, 0x00, 0x23, 0x00, 0x00, 0x00, 0x33, 0x00, 0x00, 0x00,
  0x39, 0x00, 0x00, 0x00, 0x26, 0x00, 0x00, 0x00, 0x61, 0x00, 0x00, 0x00,
  0x6d, 0x00, 0x00, 0x00, 0x70, 0x00, 0x00, 0x00, 0x26, 0x00, 0x00, 0x00,
  0x6c, 0x00, 0x00, 0x00, 0x74, 0x00, 0x00, 0x00, 0x3b, 0x00, 0x00, 0x00,
  0x26, 0x00, 0x00, 0x00, 0x67, 0x00, 0x00, 0x00, 0x74, 0x00, 0x00, 0x00,
  0x3b, 0x00, 0x00, 0x00, 0x01, 0x1b, 0x03, 0x3b, 0x24, 0x00, 0x00, 0x00,
  0x03, 0x00, 0x00, 0x00, 0x20, 0xee, 0xff, 0xff, 0x40, 0x00, 0x00, 0x00,
  0x50, 0xef, 0xff, 0xff, 0x68, 0x00, 0x00, 0x00, 0xe0, 0xf6, 0xff, 0xff,
  0xb4, 0x00, 0x00, 0x00, 0x00, 0x00, 0x00, 0x00, 0x14, 0x00, 0x00, 0x00,
  0x00, 0x00, 0x00, 0x00, 0x01, 0x7a, 0x52, 0x00, 0x01, 0x78, 0x10, 0x01,
  0x1b, 0x0c, 0x07, 0x08, 0x90, 0x01, 0x00, 0x00, 0x24, 0x00, 0x00, 0x00,
  0x1c, 0x00, 0x00, 0x00, 0xd8, 0xed, 0xff, 0xff, 0x70, 0x00, 0x00, 0x00,
  0x00, 0x0e, 0x10, 0x46, 0x0e, 0x18, 0x4a, 0x0f, 0x0b, 0x77, 0x08, 0x80,
  0x00, 0x3f, 0x1a, 0x3b, 0x2a, 0x33, 0x24, 0x22, 0x00, 0x00, 0x00, 0x00,
  0x48, 0x00, 0x00, 0x00, 0x44, 0x00, 0x00, 0x00, 0xe0, 0xee, 0xff, 0xff,
  0x8c, 0x07, 0x00, 0x00, 0x00, 0x42, 0x0e, 0x10, 0x8f, 0x02, 0x42, 0x0e,
  0x18, 0x8e, 0x03, 0x42, 0x0e, 0x20, 0x8d, 0x04, 0x42, 0x0e, 0x28, 0x8c,
  0x05, 0x41, 0x0e, 0x30, 0x86, 0x06, 0x41, 0x0e, 0x38, 0x83, 0x07, 0x44,
  0x0e, 0x40, 0x7b, 0x0a, 0x0e, 0x38, 0x44, 0x0e, 0x30, 0x41, 0x0e, 0x28,
  0x42, 0x0e, 0x20, 0x42, 0x0e, 0x18, 0x42, 0x0e, 0x10, 0x42, 0x0e, 0x08,
  0x4a, 0x0b, 0x00, 0x00, 0x10, 0x00, 0x00, 0x00, 0x90, 0x00, 0x00, 0x00,
  0x24, 0xf6, 0xff, 0xff, 0x11, 0x00, 0x00, 0x00, 0x00, 0x00, 0x00, 0x00,
  0x00, 0x00, 0x00, 0x00, 0x00, 0x00, 0x00, 0x00, 0x00, 0x00, 0x00, 0x00,
  0x00, 0x00, 0x00, 0x00, 0x00, 0x00, 0x00, 0x00, 0x00, 0x00, 0x00, 0x00,
  0x00, 0x00, 0x00, 0x00, 0x00, 0x00, 0x00, 0x00, 0x00, 0x00, 0x00, 0x00,
  0x00, 0x00, 0x00, 0x00, 0x00, 0x00, 0x00, 0x00, 0x00, 0x00, 0x00, 0x00,
  0x00, 0x00, 0x00, 0x00, 0x00, 0x00, 0x00, 0x00, 0x00, 0x00, 0x00, 0x00,
  0x00, 0x00, 0x00, 0x00, 0x00, 0x00, 0x00, 0x00, 0x00, 0x00, 0x00, 0x00,
  0x00, 0x00, 0x00, 0x00, 0x00, 0x00, 0x00, 0x00, 0x00, 0x00, 0x00, 0x00,
  0x00, 0x00, 0x00, 0x00, 0x00, 0x00, 0x00, 0x00, 0x00, 0x00, 0x00, 0x00,
  0x00, 0x00, 0x00, 0x00, 0x00, 0x00, 0x00, 0x00, 0x00, 0x00, 0x00, 0x00,
  0x00, 0x00, 0x00, 0x00, 0x00, 0x00, 0x00, 0x00, 0x00, 0x00, 0x00, 0x00,
  0x00, 0x00, 0x00, 0x00, 0x00, 0x00, 0x00, 0x00, 0x00, 0x00, 0x00, 0x00,
  0x00, 0x00, 0x00, 0x00, 0x00, 0x00, 0x00, 0x00, 0x00, 0x00, 0x00, 0x00,
  0x00, 0x00, 0x00, 0x00, 0x00, 0x00, 0x00, 0x00, 0x00, 0x00, 0x00, 0x00,
  0x00, 0x00, 0x00, 0x00, 0x00, 0x00, 0x00, 0x00, 0x00, 0x00, 0x00, 0x00,
  0x00, 0x00, 0x00, 0x00, 0x00, 0x00, 0x00, 0x00, 0x00, 0x00, 0x00, 0x00,
  0x00, 0x00, 0x00, 0x00, 0x00, 0x00, 0x00, 0x00, 0x00, 0x00, 0x00, 0x00,
  0x00, 0x00, 0x00, 0x00, 0x00, 0x00, 0x00, 0x00, 0x00, 0x00, 0x00, 0x00,
  0x00, 0x00, 0x00, 0x00, 0x00, 0x00, 0x00, 0x00, 0x00, 0x00, 0x00, 0x00,
  0x00, 0x00, 0x00, 0x00, 0x00, 0x00, 0x00, 0x00, 0x00, 0x00, 0x00, 0x00,
  0x00, 0x00, 0x00, 0x00, 0x00, 0x00, 0x00, 0x00, 0x00, 0x00, 0x00, 0x00,
  0x00, 0x00, 0x00, 0x00, 0x00, 0x00, 0x00, 0x00, 0x00, 0x00, 0x00, 0x00,
  0x00, 0x00, 0x00, 0x00, 0x00, 0x00, 0x00, 0x00, 0x00, 0x00, 0x00, 0x00,
  0x00, 0x00, 0x00, 0x00, 0x00, 0x00, 0x00, 0x00, 0x00, 0x00, 0x00, 0x00,
  0x00, 0x00, 0x00, 0x00, 0x00, 0x00, 0x00, 0x00, 0x00, 0x00, 0x00, 0x00,
  0x00, 0x00, 0x00, 0x00, 0x00, 0x00, 0x00, 0x00, 0x00, 0x00, 0x00, 0x00,
  0x00, 0x00, 0x00, 0x00, 0x00, 0x00, 0x00, 0x00, 0x00, 0x00, 0x00, 0x00,
  0x00, 0x00, 0x00, 0x00, 0x00, 0x00, 0x00, 0x00, 0x00, 0x00, 0x00, 0x00,
  0x00, 0x00, 0x00, 0x00, 0x00, 0x00, 0x00, 0x00, 0x00, 0x00, 0x00, 0x00,
  0x00, 0x00, 0x00, 0x00, 0x00, 0x00, 0x00, 0x00, 0x00, 0x00, 0x00, 0x00,
  0x00, 0x00, 0x00, 0x00, 0x00, 0x00, 0x00, 0x00, 0x00, 0x00, 0x00, 0x00,
  0x00, 0x00, 0x00, 0x00, 0x00, 0x00, 0x00, 0x00, 0x00, 0x00, 0x00, 0x00,
  0x00, 0x00, 0x00, 0x00, 0x00, 0x00, 0x00, 0x00, 0x00, 0x00, 0x00, 0x00,
  0x00, 0x00, 0x00, 0x00, 0x00, 0x00, 0x00, 0x00, 0x00, 0x00, 0x00, 0x00,
  0x00, 0x00, 0x00, 0x00, 0x00, 0x00, 0x00, 0x00, 0x00, 0x00, 0x00, 0x00,
  0x00, 0x00, 0x00, 0x00, 0x00, 0x00, 0x00, 0x00, 0x00, 0x00, 0x00, 0x00,
  0x00, 0x00, 0x00, 0x00, 0x00, 0x00, 0x00, 0x00, 0x00, 0x00, 0x00, 0x00,
  0x00, 0x00, 0x00, 0x00, 0x00, 0x00, 0x00, 0x00, 0x00, 0x00, 0x00, 0x00,
  0x00, 0x00, 0x00, 0x00, 0x00, 0x00, 0x00, 0x00, 0x00, 0x00, 0x00, 0x00,
  0x00, 0x00, 0x00, 0x00, 0x00, 0x00, 0x00, 0x00, 0x00, 0x00, 0x00, 0x00,
  0x00, 0x00, 0x00, 0x00, 0x00, 0x00, 0x00, 0x00, 0x00, 0x00, 0x00, 0x00,
  0x00, 0x00, 0x00, 0x00, 0x00, 0x00, 0x00, 0x00, 0x00, 0x00, 0x00, 0x00,
  0x00, 0x00, 0x00, 0x00, 0x00, 0x00, 0x00, 0x00, 0x00, 0x00, 0x00, 0x00,
  0x00, 0x00, 0x00, 0x00, 0x00, 0x00, 0x00, 0x00, 0x00, 0x00, 0x00, 0x00,
  0x00, 0x00, 0x00, 0x00, 0x00, 0x00, 0x00, 0x00, 0x00, 0x00, 0x00, 0x00,
  0x00, 0x00, 0x00, 0x00, 0x00, 0x00, 0x00, 0x00, 0x00, 0x00, 0x00, 0x00,
  0x00, 0x00, 0x00, 0x00, 0x00, 0x00, 0x00, 0x00, 0x00, 0x00, 0x00, 0x00,
  0x00, 0x00, 0x00, 0x00, 0x00, 0x00, 0x00, 0x00, 0x00, 0x00, 0x00, 0x00,
  0x00, 0x00, 0x00, 0x00, 0x00, 0x00, 0x00, 0x00, 0x00, 0x00, 0x00, 0x00,
  0x00, 0x00, 0x00, 0x00, 0x00, 0x00, 0x00, 0x00, 0x00, 0x00, 0x00, 0x00,
  0x00, 0x00, 0x00, 0x00, 0x00, 0x00, 0x00, 0x00, 0x00, 0x00, 0x00, 0x00,
  0x00, 0x00, 0x00, 0x00, 0x00, 0x00, 0x00, 0x00, 0x00, 0x00, 0x00, 0x00,
  0x00, 0x00, 0x00, 0x00, 0x00, 0x00, 0x00, 0x00, 0x00, 0x00, 0x00, 0x00,
  0x00, 0x00, 0x00, 0x00, 0x00, 0x00, 0x00, 0x00, 0x00, 0x00, 0x00, 0x00,
  0x00, 0x00, 0x00, 0x00, 0x00, 0x00, 0x00, 0x00, 0x00, 0x00, 0x00, 0x00,
  0x00, 0x00, 0x00, 0x00, 0x00, 0x00, 0x00, 0x00, 0x00, 0x00, 0x00, 0x00,
  0x00, 0x00, 0x00, 0x00, 0x00, 0x00, 0x00, 0x00, 0x00, 0x00, 0x00, 0x00,
  0x00, 0x00, 0x00, 0x00, 0x00, 0x00, 0x00, 0x00, 0x00, 0x00, 0x00, 0x00,
  0x00, 0x00, 0x00, 0x00, 0x00, 0x00, 0x00, 0x00, 0x00, 0x00, 0x00, 0x00,
  0x00, 0x00, 0x00, 0x00, 0x00, 0x00, 0x00, 0x00, 0x00, 0x00, 0x00, 0x00,
  0x00, 0x00, 0x00, 0x00, 0x00, 0x00, 0x00, 0x00, 0x00, 0x00, 0x00, 0x00,
  0x00, 0x00, 0x00, 0x00, 0x00, 0x00, 0x00, 0x00, 0x00, 0x00, 0x00, 0x00,
  0x00, 0x00, 0x00, 0x00, 0x00, 0x00, 0x00, 0x00, 0x00, 0x00, 0x00, 0x00,
  0x00, 0x00, 0x00, 0x00, 0x00, 0x00, 0x00, 0x00, 0x00, 0x00, 0x00, 0x00,
  0x00, 0x00, 0x00, 0x00, 0x00, 0x00, 0x00, 0x00, 0x00, 0x00, 0x00, 0x00,
  0x00, 0x00, 0x00, 0x00, 0x00, 0x00, 0x00, 0x00, 0x00, 0x00, 0x00, 0x00,
  0x00, 0x00, 0x00, 0x00, 0x00, 0x00, 0x00, 0x00, 0x00, 0x00, 0x00, 0x00,
  0x00, 0x00, 0x00, 0x00, 0x00, 0x00, 0x00, 0x00, 0x00, 0x00, 0x00, 0x00,
  0x00, 0x00, 0x00, 0x00, 0x00, 0x00, 0x00, 0x00, 0x00, 0x00, 0x00, 0x00,
  0x00, 0x00, 0x00, 0x00, 0x00, 0x00, 0x00, 0x00, 0x00, 0x00, 0x00, 0x00,
  0x00, 0x00, 0x00, 0x00, 0x00, 0x00, 0x00, 0x00, 0x00, 0x00, 0x00, 0x00,
  0x00, 0x00, 0x00, 0x00, 0x00, 0x00, 0x00, 0x00, 0x00, 0x00, 0x00, 0x00,
  0x00, 0x00, 0x00, 0x00, 0x00, 0x00, 0x00, 0x00, 0x00, 0x00, 0x00, 0x00,
  0x00, 0x00, 0x00, 0x00, 0x00, 0x00, 0x00, 0x00, 0x00, 0x00, 0x00, 0x00,
  0x00, 0x00, 0x00, 0x00, 0x00, 0x00, 0x00, 0x00, 0x00, 0x00, 0x00, 0x00,
  0x00, 0x00, 0x00, 0x00, 0x00, 0x00, 0x00, 0x00, 0x00, 0x00, 0x00, 0x00,
  0x00, 0x00, 0x00, 0x00, 0x00, 0x00, 0x00, 0x00, 0x00, 0x00, 0x00, 0x00,
  0x00, 0x00, 0x00, 0x00, 0x00, 0x00, 0x00, 0x00, 0x00, 0x00, 0x00, 0x00,
  0x00, 0x00, 0x00, 0x00, 0x00, 0x00, 0x00, 0x00, 0x00, 0x00, 0x00, 0x00,
  0x00, 0x00, 0x00, 0x00, 0x00, 0x00, 0x00, 0x00, 0x00, 0x00, 0x00, 0x00,
  0x00, 0x00, 0x00, 0x00, 0x00, 0x00, 0x00, 0x00, 0x00, 0x00, 0x00, 0x00,
  0x00, 0x00, 0x00, 0x00, 0x00, 0x00, 0x00, 0x00, 0x00, 0x00, 0x00, 0x00,
  0x00, 0x00, 0x00, 0x00, 0x00, 0x00, 0x00, 0x00, 0x00, 0x00, 0x00, 0x00,
  0x00, 0x00, 0x00, 0x00, 0x00, 0x00, 0x00, 0x00, 0x00, 0x00, 0x00, 0x00,
  0x00, 0x00, 0x00, 0x00, 0x00, 0x00, 0x00, 0x00, 0x00, 0x00, 0x00, 0x00,
  0x00, 0x00, 0x00, 0x00, 0x00, 0x00, 0x00, 0x00, 0x00, 0x00, 0x00, 0x00,
  0x00, 0x00, 0x00, 0x00, 0x00, 0x00, 0x00, 0x00, 0x00, 0x00, 0x00, 0x00,
  0x00, 0x00, 0x00, 0x00, 0x00, 0x00, 0x00, 0x00, 0x00, 0x00, 0x00, 0x00,
  0x00, 0x00, 0x00, 0x00, 0x00, 0x00, 0x00, 0x00, 0x00, 0x00, 0x00, 0x00,
  0x00, 0x00, 0x00, 0x00, 0x00, 0x00, 0x00, 0x00, 0x00, 0x00, 0x00, 0x00,
  0x00, 0x00, 0x00, 0x00, 0x00, 0x00, 0x00, 0x00, 0x00, 0x00, 0x00, 0x00,
  0x00, 0x00, 0x00, 0x00, 0x00, 0x00, 0x00, 0x00, 0x00, 0x00, 0x00, 0x00,
  0x00, 0x00, 0x00, 0x00, 0x00, 0x00, 0x00, 0x00, 0x00, 0x00, 0x00, 0x00,
  0x00, 0x00, 0x00, 0x00, 0x00, 0x00, 0x00, 0x00, 0x00, 0x00, 0x00, 0x00,
  0x00, 0x00, 0x00, 0x00, 0x00, 0x00, 0x00, 0x00, 0x00, 0x00, 0x00, 0x00,
  0x00, 0x00, 0x00, 0x00, 0x00, 0x00, 0x00, 0x00, 0x00, 0x00, 0x00, 0x00,
  0x00, 0x00, 0x00, 0x00, 0x00, 0x00, 0x00, 0x00, 0x00, 0x00, 0x00, 0x00,
  0x00, 0x00, 0x00, 0x00, 0x00, 0x00, 0x00, 0x00, 0x00, 0x00, 0x00, 0x00,
  0x00, 0x00, 0x00, 0x00, 0x00, 0x00, 0x00, 0x00, 0x00, 0x00, 0x00, 0x00,
  0x00, 0x00, 0x00, 0x00, 0x00, 0x00, 0x00, 0x00, 0x00, 0x00, 0x00, 0x00,
  0x00, 0x00, 0x00, 0x00, 0x00, 0x00, 0x00, 0x00, 0x00, 0x00, 0x00, 0x00,
  0x00, 0x00, 0x00, 0x00, 0x00, 0x00, 0x00, 0x00, 0x00, 0x00, 0x00, 0x00,
  0x00, 0x00, 0x00, 0x00, 0x00, 0x00, 0x00, 0x00, 0x00, 0x00, 0x00, 0x00,
  0x00, 0x00, 0x00, 0x00, 0x00, 0x00, 0x00, 0x00, 0x00, 0x00, 0x00, 0x00,
  0x00, 0x00, 0x00, 0x00, 0x00, 0x00, 0x00, 0x00, 0x00, 0x00, 0x00, 0x00,
  0x00, 0x00, 0x00, 0x00, 0x00, 0x00, 0x00, 0x00, 0x00, 0x00, 0x00, 0x00,
  0x00, 0x00, 0x00, 0x00, 0x00, 0x00, 0x00, 0x00, 0x00, 0x00, 0x00, 0x00,
  0x00, 0x00, 0x00, 0x00, 0x00, 0x00, 0x00, 0x00, 0x00, 0x00, 0x00, 0x00,
  0x00, 0x00, 0x00, 0x00, 0x00, 0x00, 0x00, 0x00, 0x00, 0x00, 0x00, 0x00,
  0x00, 0x00, 0x00, 0x00, 0x00, 0x00, 0x00, 0x00, 0x00, 0x00, 0x00, 0x00,
  0x00, 0x00, 0x00, 0x00, 0x00, 0x00, 0x00, 0x00, 0x00, 0x00, 0x00, 0x00,
  0x00, 0x00, 0x00, 0x00, 0x00, 0x00, 0x00, 0x00, 0x00, 0x00, 0x00, 0x00,
  0x00, 0x00, 0x00, 0x00, 0x00, 0x00, 0x00, 0x00, 0x00, 0x00, 0x00, 0x00,
  0x00, 0x00, 0x00, 0x00, 0x00, 0x00, 0x00, 0x00, 0x00, 0x00, 0x00, 0x00,
  0x00, 0x00, 0x00, 0x00, 0x00, 0x00, 0x00, 0x00, 0x00, 0x00, 0x00, 0x00,
  0x00, 0x00, 0x00, 0x00, 0x00, 0x00, 0x00, 0x00, 0x00, 0x00, 0x00, 0x00,
  0x00, 0x00, 0x00, 0x00, 0x00, 0x00, 0x00, 0x00, 0x00, 0x00, 0x00, 0x00,
  0x00, 0x00, 0x00, 0x00, 0x00, 0x00, 0x00, 0x00, 0x00, 0x00, 0x00, 0x00,
  0x00, 0x00, 0x00, 0x00, 0x00, 0x00, 0x00, 0x00, 0x00, 0x00, 0x00, 0x00,
  0x00, 0x00, 0x00, 0x00, 0x00, 0x00, 0x00, 0x00, 0x00, 0x00, 0x00, 0x00,
  0x00, 0x00, 0x00, 0x00, 0x00, 0x00, 0x00, 0x00, 0x00, 0x00, 0x00, 0x00,
  0x00, 0x00, 0x00, 0x00, 0x00, 0x00, 0x00, 0x00, 0x00, 0x00, 0x00, 0x00,
  0x00, 0x00, 0x00, 0x00, 0x00, 0x00, 0x00, 0x00, 0x00, 0x00, 0x00, 0x00,
  0x00, 0x00, 0x00, 0x00, 0x00, 0x00, 0x00, 0x00, 0x00, 0x00, 0x00, 0x00,
  0x00, 0x00, 0x00, 0x00, 0x00, 0x00, 0x00, 0x00, 0x00, 0x00, 0x00, 0x00,
  0x00, 0x00, 0x00, 0x00, 0x00, 0x00, 0x00, 0x00, 0x00, 0x00, 0x00, 0x00,
  0x00, 0x00, 0x00, 0x00, 0x00, 0x00, 0x00, 0x00, 0x00, 0x00, 0x00, 0x00,
  0x00, 0x00, 0x00, 0x00, 0x00, 0x00, 0x00, 0x00, 0x00, 0x00, 0x00, 0x00,
  0x00, 0x00, 0x00, 0x00, 0x00, 0x00, 0x00, 0x00, 0x00, 0x00, 0x00, 0x00,
  0x00, 0x00, 0x00, 0x00, 0x00, 0x00, 0x00, 0x00, 0x00, 0x00, 0x00, 0x00,
  0x00, 0x00, 0x00, 0x00, 0x00, 0x00, 0x00, 0x00, 0x00, 0x00, 0x00, 0x00,
  0x00, 0x00, 0x00, 0x00, 0x00, 0x00, 0x00, 0x00, 0x00, 0x00, 0x00, 0x00,
  0x00, 0x00, 0x00, 0x00, 0x00, 0x00, 0x00, 0x00, 0x00, 0x00, 0x00, 0x00,
  0x00, 0x00, 0x00, 0x00, 0x00, 0x00, 0x00, 0x00, 0x00, 0x00, 0x00, 0x00,
  0x00, 0x00, 0x00, 0x00, 0x00, 0x00, 0x00, 0x00, 0x00, 0x00, 0x00, 0x00,
  0x00, 0x00, 0x00, 0x00, 0x00, 0x00, 0x00, 0x00, 0x00, 0x00, 0x00, 0x00,
  0x00, 0x00, 0x00, 0x00, 0x00, 0x00, 0x00, 0x00, 0x00, 0x00, 0x00, 0x00,
  0x00, 0x00, 0x00, 0x00, 0x00, 0x00, 0x00, 0x00, 0x00, 0x00, 0x00, 0x00,
  0x00, 0x00, 0x00, 0x00, 0x00, 0x00, 0x00, 0x00, 0x00, 0x00, 0x00, 0x00,
  0x00, 0x00, 0x00, 0x00, 0x00, 0x00, 0x00, 0x00, 0x00, 0x00, 0x00, 0x00,
  0x00, 0x00, 0x00, 0x00, 0x00, 0x00, 0x00, 0x00, 0x00, 0x00, 0x00, 0x00,
  0x00, 0x00, 0x00, 0x00, 0x00, 0x00, 0x00, 0x00, 0x00, 0x00, 0x00, 0x00,
  0x00, 0x00, 0x00, 0x00, 0x00, 0x00, 0x00, 0x00, 0x00, 0x00, 0x00, 0x00,
  0x00, 0x00, 0x00, 0x00, 0x00, 0x00, 0x00, 0x00, 0x00, 0x00, 0x00, 0x00,
  0x00, 0x00, 0x00, 0x00, 0x00, 0x00, 0x00, 0x00, 0x00, 0x00, 0x00, 0x00,
  0x00, 0x00, 0x00, 0x00, 0x00, 0x00, 0x00, 0x00, 0x00, 0x00, 0x00, 0x00,
  0x00, 0x00, 0x00, 0x00, 0x00, 0x00, 0x00, 0x00, 0x00, 0x00, 0x00, 0x00,
  0x00, 0x00, 0x00, 0x00, 0x00, 0x00, 0x00, 0x00, 0x00, 0x00, 0x00, 0x00,
  0x00, 0x00, 0x00, 0x00, 0x00, 0x00, 0x00, 0x00, 0x00, 0x00, 0x00, 0x00,
  0x00, 0x00, 0x00, 0x00, 0x00, 0x00, 0x00, 0x00, 0x00, 0x00, 0x00, 0x00,
  0x00, 0x00, 0x00, 0x00, 0x00, 0x00, 0x00, 0x00, 0x00, 0x00, 0x00, 0x00,
  0x00, 0x00, 0x00, 0x00, 0x00, 0x00, 0x00, 0x00, 0x00, 0x00, 0x00, 0x00,
  0x00, 0x00, 0x00, 0x00, 0x00, 0x00, 0x00, 0x00, 0x00, 0x00, 0x00, 0x00,
  0x00, 0x00, 0x00, 0x00, 0x00, 0x00, 0x00, 0x00, 0x00, 0x00, 0x00, 0x00,
  0x00, 0x00, 0x00, 0x00, 0x00, 0x00, 0x00, 0x00, 0x00, 0x00, 0x00, 0x00,
  0x00, 0x00, 0x00, 0x00, 0x00, 0x00, 0x00, 0x00, 0x00, 0x00, 0x00, 0x00,
  0x00, 0x00, 0x00, 0x00, 0x00, 0x00, 0x00, 0x00, 0x00, 0x00, 0x00, 0x00,
  0x00, 0x00, 0x00, 0x00, 0x00, 0x00, 0x00, 0x00, 0x00, 0x00, 0x00, 0x00,
  0x00, 0x00, 0x00, 0x00, 0x00, 0x00, 0x00, 0x00, 0x00, 0x00, 0x00, 0x00,
  0x00, 0x00, 0x00, 0x00, 0x00, 0x00, 0x00, 0x00, 0x00, 0x00, 0x00, 0x00,
  0x00, 0x00, 0x00, 0x00, 0x00, 0x00, 0x00, 0x00, 0x00, 0x00, 0x00, 0x00,
  0x00, 0x00, 0x00, 0x00, 0x00, 0x00, 0x00, 0x00, 0x00, 0x00, 0x00, 0x00,
  0x00, 0x00, 0x00, 0x00, 0x00, 0x00, 0x00, 0x00, 0x00, 0x00, 0x00, 0x00,
  0x00, 0x00, 0x00, 0x00, 0x00, 0x00, 0x00, 0x00, 0x00, 0x00, 0x00, 0x00,
  0x00, 0x00, 0x00, 0x00, 0x00, 0x00, 0x00, 0x00, 0x00, 0x00, 0x00, 0x00,
  0x00, 0x00, 0x00, 0x00, 0x00, 0x00, 0x00, 0x00, 0x00, 0x00, 0x00, 0x00,
  0x00, 0x00, 0x00, 0x00, 0x00, 0x00, 0x00, 0x00, 0x00, 0x00, 0x00, 0x00,
  0x00, 0x00, 0x00, 0x00, 0x00, 0x00, 0x00, 0x00, 0x00, 0x00, 0x00, 0x00,
  0x00, 0x00, 0x00, 0x00, 0x00, 0x00, 0x00, 0x00, 0x00, 0x00, 0x00, 0x00,
  0x00, 0x00, 0x00, 0x00, 0x00, 0x00, 0x00, 0x00, 0x00, 0x00, 0x00, 0x00,
  0x00, 0x00, 0x00, 0x00, 0x00, 0x00, 0x00, 0x00, 0x00, 0x00, 0x00, 0x00,
  0x00, 0x00, 0x00, 0x00, 0x00, 0x00, 0x00, 0x00, 0x00, 0x00, 0x00, 0x00,
  0x00, 0x00, 0x00, 0x00, 0x00, 0x00, 0x00, 0x00, 0x00, 0x00, 0x00, 0x00,
  0x00, 0x00, 0x00, 0x00, 0x00, 0x00, 0x00, 0x00, 0x00, 0x00, 0x00, 0x00,
  0x00, 0x00, 0x00, 0x00, 0x00, 0x00, 0x00, 0x00, 0x00, 0x00, 0x00, 0x00,
  0x00, 0x00, 0x00, 0x00, 0x00, 0x00, 0x00, 0x00, 0x00, 0x00, 0x00, 0x00,
  0x00, 0x00, 0x00, 0x00, 0x00, 0x00, 0x00, 0x00, 0x00, 0x00, 0x00, 0x00,
  0x00, 0x00, 0x00, 0x00, 0x00, 0x00, 0x00, 0x00, 0x00, 0x00, 0x00, 0x00,
  0x00, 0x00, 0x00, 0x00, 0x00, 0x00, 0x00, 0x00, 0x00, 0x00, 0x00, 0x00,
  0x00, 0x00, 0x00, 0x00, 0x00, 0x00, 0x00, 0x00, 0x00, 0x00, 0x00, 0x00,
  0x00, 0x00, 0x00, 0x00, 0x00, 0x00, 0x00, 0x00, 0x00, 0x00, 0x00, 0x00,
  0x00, 0x00, 0x00, 0x00, 0x00, 0x00, 0x00, 0x00, 0x00, 0x00, 0x00, 0x00,
  0x00, 0x00, 0x00, 0x00, 0x00, 0x00, 0x00, 0x00, 0x00, 0x00, 0x00, 0x00,
  0x00, 0x00, 0x00, 0x00, 0x00, 0x00, 0x00, 0x00, 0x00, 0x00, 0x00, 0x00,
  0x00, 0x00, 0x00, 0x00, 0x00, 0x00, 0x00, 0x00, 0x00, 0x00, 0x00, 0x00,
  0x00, 0x00, 0x00, 0x00, 0x00, 0x00, 0x00, 0x00, 0x00, 0x00, 0x00, 0x00,
  0x00, 0x00, 0x00, 0x00, 0x00, 0x00, 0x00, 0x00, 0x00, 0x00, 0x00, 0x00,
  0x00, 0x00, 0x00, 0x00, 0x00, 0x00, 0x00, 0x00, 0x00, 0x00, 0x00, 0x00,
  0x00, 0x00, 0x00, 0x00, 0x00, 0x00, 0x00, 0x00, 0x00, 0x00, 0x00, 0x00,
  0x00, 0x00, 0x00, 0x00, 0x00, 0x00, 0x00, 0x00, 0x00, 0x00, 0x00, 0x00,
  0x00, 0x00, 0x00, 0x00, 0x00, 0x00, 0x00, 0x00, 0x00, 0x00, 0x00, 0x00,
  0x00, 0x00, 0x00, 0x00, 0x00, 0x00, 0x00, 0x00, 0x00, 0x00, 0x00, 0x00,
  0x00, 0x00, 0x00, 0x00, 0x00, 0x00, 0x00, 0x00, 0x00, 0x00, 0x00, 0x00,
  0x00, 0x00, 0x00, 0x00, 0x00, 0x00, 0x00, 0x00, 0x00, 0x00, 0x00, 0x00,
  0x00, 0x00, 0x00, 0x00, 0x00, 0x00, 0x00, 0x00, 0x00, 0x00, 0x00, 0x00,
  0x00, 0x00, 0x00, 0x00, 0x00, 0x00, 0x00, 0x00, 0x00, 0x00, 0x00, 0x00,
  0x00, 0x00, 0x00, 0x00, 0x00, 0x00, 0x00, 0x00, 0x00, 0x00, 0x00, 0x00,
  0x00, 0x00, 0x00, 0x00, 0x00, 0x00, 0x00, 0x00, 0x00, 0x00, 0x00, 0x00,
  0x00, 0x00, 0x00, 0x00, 0x00, 0x00, 0x00, 0x00, 0x00, 0x00, 0x00, 0x00,
  0x00, 0x00, 0x00, 0x00, 0x00, 0x00, 0x00, 0x00, 0x00, 0x00, 0x00, 0x00,
  0x00, 0x00, 0x00, 0x00, 0x00, 0x00, 0x00, 0x00, 0x00, 0x00, 0x00, 0x00,
  0x00, 0x00, 0x00, 0x00, 0x00, 0x00, 0x00, 0x00, 0x00, 0x00, 0x00, 0x00,
  0x00, 0x00, 0x00, 0x00, 0x00, 0x00, 0x00, 0x00, 0x00, 0x00, 0x00, 0x00,
  0x00, 0x00, 0x00, 0x00, 0x00, 0x00, 0x00, 0x00, 0x00, 0x00, 0x00, 0x00,
  0x00, 0x00, 0x00, 0x00, 0x00, 0x00, 0x00, 0x00, 0x00, 0x00, 0x00, 0x00,
  0x00, 0x00, 0x00, 0x00, 0x00, 0x00, 0x00, 0x00, 0x00, 0x00, 0x00, 0x00,
  0x00, 0x00, 0x00, 0x00, 0x00, 0x00, 0x00, 0x00, 0x00, 0x00, 0x00, 0x00,
  0x00, 0x00, 0x00, 0x00, 0x00, 0x00, 0x00, 0x00, 0x00, 0x00, 0x00, 0x00,
  0x00, 0x00, 0x00, 0x00, 0x00, 0x00, 0x00, 0x00, 0x00, 0x00, 0x00, 0x00,
  0x00, 0x00, 0x00, 0x00, 0x00, 0x00, 0x00, 0x00, 0x00, 0x00, 0x00, 0x00,
  0x00, 0x00, 0x00, 0x00, 0x00, 0x00, 0x00, 0x00, 0x00, 0x00, 0x00, 0x00,
  0x00, 0x00, 0x00, 0x00, 0x00, 0x00, 0x00, 0x00, 0x00, 0x00, 0x00, 0x00,
  0x00, 0x00, 0x00, 0x00, 0x00, 0x00, 0x00, 0x00, 0x00, 0x00, 0x00, 0x00,
  0x00, 0x00, 0x00, 0x00, 0x00, 0x00, 0x00, 0x00, 0x00, 0x00, 0x00, 0x00,
  0x00, 0x00, 0x00, 0x00, 0x00, 0x00, 0x00, 0x00, 0x00, 0x00, 0x00, 0x00,
  0x00, 0x00, 0x00, 0x00, 0x00, 0x00, 0x00, 0x00, 0x00, 0x00, 0x00, 0x00,
  0x00, 0x00, 0x00, 0x00, 0x00, 0x00, 0x00, 0x00, 0x00, 0x00, 0x00, 0x00,
  0x00, 0x00, 0x00, 0x00, 0x00, 0x00, 0x00, 0x00, 0x00, 0x00, 0x00, 0x00,
  0x00, 0x00, 0x00, 0x00, 0x00, 0x00, 0x00, 0x00, 0x00, 0x00, 0x00, 0x00,
  0x00, 0x00, 0x00, 0x00, 0x00, 0x00, 0x00, 0x00, 0x00, 0x00, 0x00, 0x00,
  0x00, 0x00, 0x00, 0x00, 0x00, 0x00, 0x00, 0x00, 0x00, 0x00, 0x00, 0x00,
  0x00, 0x00, 0x00, 0x00, 0x00, 0x00, 0x00, 0x00, 0x00, 0x00, 0x00, 0x00,
  0x00, 0x00, 0x00, 0x00, 0x00, 0x00, 0x00, 0x00, 0x00, 0x00, 0x00, 0x00,
  0x00, 0x00, 0x00, 0x00, 0x00, 0x00, 0x00, 0x00, 0x00, 0x00, 0x00, 0x00,
  0x00, 0x00, 0x00, 0x00, 0x00, 0x00, 0x00, 0x00, 0x00, 0x00, 0x00, 0x00,
  0x00, 0x00, 0x00, 0x00, 0x00, 0x00, 0x00, 0x00, 0x00, 0x00, 0x00, 0x00,
  0x00, 0x00, 0x00, 0x00, 0x00, 0x00, 0x00, 0x00, 0x00, 0x00, 0x00, 0x00,
  0x00, 0x00, 0x00, 0x00, 0x00, 0x00, 0x00, 0x00, 0x00, 0x00, 0x00, 0x00,
  0x00, 0x00, 0x00, 0x00, 0x00, 0x00, 0x00, 0x00, 0x00, 0x00, 0x00, 0x00,
  0x00, 0x00, 0x00, 0x00, 0x00, 0x00, 0x00, 0x00, 0x00, 0x00, 0x00, 0x00,
  0x00, 0x00, 0x00, 0x00, 0x00, 0x00, 0x00, 0x00, 0x00, 0x00, 0x00, 0x00,
  0x00, 0x00, 0x00, 0x00, 0x00, 0x00, 0x00, 0x00, 0x00, 0x00, 0x00, 0x00,
  0x00, 0x00, 0x00, 0x00, 0x00, 0x00, 0x00, 0x00, 0x00, 0x00, 0x00, 0x00,
  0x00, 0x00, 0x00, 0x00, 0x00, 0x00, 0x00, 0x00, 0x00, 0x00, 0x00, 0x00,
  0x00, 0x00, 0x00, 0x00, 0x00, 0x00, 0x00, 0x00, 0x00, 0x00, 0x00, 0x00,
  0x00, 0x00, 0x00, 0x00, 0x00, 0x00, 0x00, 0x00, 0x00, 0x00, 0x00, 0x00,
  0x00, 0x00, 0x00, 0x00, 0x00, 0x00, 0x00, 0x00, 0x00, 0x00, 0x00, 0x00,
  0x00, 0x00, 0x00, 0x00, 0x00, 0x00, 0x00, 0x00, 0x00, 0x00, 0x00, 0x00,
  0x00, 0x00, 0x00, 0x00, 0x00, 0x00, 0x00, 0x00, 0x00, 0x00, 0x00, 0x00,
  0x00, 0x00, 0x00, 0x00, 0x00, 0x00, 0x00, 0x00, 0x40, 0x11, 0x00, 0x00,
  0x00, 0x00, 0x00, 0x00, 0x00, 0x11, 0x00, 0x00, 0x00, 0x00, 0x00, 0x00,
  0x08, 0x3e, 0x00, 0x00, 0x00, 0x00, 0x00, 0x00, 0x01, 0x00, 0x00, 0x00,
  0x00, 0x00, 0x00, 0x00, 0xa9, 0x00, 0x00, 0x00, 0x00, 0x00, 0x00, 0x00,
  0x01, 0x00, 0x00, 0x00, 0x00, 0x00, 0x00, 0x00, 0xb9, 0x00, 0x00, 0x00,
  0x00, 0x00, 0x00, 0x00, 0x0c, 0x00, 0x00, 0x00, 0x00, 0x00, 0x00, 0x00,
  0x00, 0x10, 0x00, 0x00, 0x00, 0x00, 0x00, 0x00, 0x0d, 0x00, 0x00, 0x00,
  0x00, 0x00, 0x00, 0x00, 0xf4, 0x18, 0x00, 0x00, 0x00, 0x00, 0x00, 0x00,
  0x19, 0x00, 0x00, 0x00, 0x00, 0x00, 0x00, 0x00, 0xf8, 0x3d, 0x00, 0x00,
  0x00, 0x00, 0x00, 0x00, 0x1b, 0x00, 0x00, 0x00, 0x00, 0x00, 0x00, 0x00,
  0x08, 0x00, 0x00, 0x00, 0x00, 0x00, 0x00, 0x00, 0x1a, 0x00, 0x00, 0x00,
  0x00, 0x00, 0x00, 0x00, 0x00, 0x3e, 0x00, 0x00, 0x00, 0x00, 0x00, 0x00,
  0x1c, 0x00, 0x00, 0x00, 0x00, 0x00, 0x00, 0x00, 0x08, 0x00, 0x00, 0x00,
  0x00, 0x00, 0x00, 0x00, 0xf5, 0xfe, 0xff, 0x6f, 0x00, 0x00, 0x00, 0x00,
  0x60, 0x02, 0x00, 0x00, 0x00, 0x00, 0x00, 0x00, 0x05, 0x00, 0x00, 0x00,
  0x00, 0x00, 0x00, 0x00, 0xb0, 0x03, 0x00, 0x00, 0x00, 0x00, 0x00, 0x00,
  0x06, 0x00, 0x00, 0x00, 0x00, 0x00, 0x00, 0x00, 0x90, 0x02, 0x00, 0x00,
  0x00, 0x00, 0x00, 0x00, 0x0a, 0x00, 0x00, 0x00, 0x00, 0x00, 0x00, 0x00,
  0xda, 0x00, 0x00, 0x00, 0x00, 0x00, 0x00, 0x00, 0x0b, 0x00, 0x00, 0x00,
  0x00, 0x00, 0x00, 0x00, 0x18, 0x00, 0x00, 0x00, 0x00, 0x00, 0x00, 0x00,
  0x03, 0x00, 0x00, 0x00, 0x00, 0x00, 0x00, 0x00, 0x00, 0x40, 0x00, 0x00,
  0x00, 0x00, 0x00, 0x00, 0x02, 0x00, 0x00, 0x00, 0x00, 0x00, 0x00, 0x00,
  0x90, 0x00, 0x00, 0x00, 0x00, 0x00, 0x00, 0x00, 0x14, 0x00, 0x00, 0x00,
  0x00, 0x00, 0x00, 0x00, 0x07, 0x00, 0x00, 0x00, 0x00, 0x00, 0x00, 0x00,
  0x17, 0x00, 0x00, 0x00, 0x00, 0x00, 0x00, 0x00, 0xe0, 0x05, 0x00, 0x00,
  0x00, 0x00, 0x00, 0x00, 0x07, 0x00, 0x00, 0x00, 0x00, 0x00, 0x00, 0x00,
  0xd8, 0x04, 0x00, 0x00, 0x00, 0x00, 0x00, 0x00, 0x08, 0x00, 0x00, 0x00,
  0x00, 0x00, 0x00, 0x00, 0x08, 0x01, 0x00, 0x00, 0x00, 0x00, 0x00, 0x00,
  0x09, 0x00, 0x00, 0x00, 0x00, 0x00, 0x00, 0x00, 0x18, 0x00, 0x00, 0x00,
  0x00, 0x00, 0x00, 0x00, 0xfe, 0xff, 0xff, 0x6f, 0x00, 0x00, 0x00, 0x00,
  0xa8, 0x04, 0x00, 0x00, 0x00, 0x00, 0x00, 0x00, 0xff, 0xff, 0xff, 0x6f,
  0x00, 0x00, 0x00, 0x00, 0x01, 0x00, 0x00, 0x00, 0x00, 0x00, 0x00, 0x00,
  0xf0, 0xff, 0xff, 0x6f, 0x00, 0x00, 0x00, 0x00, 0x8a, 0x04, 0x00, 0x00,
  0x00, 0x00, 0x00, 0x00, 0xf9, 0xff, 0xff, 0x6f, 0x00, 0x00, 0x00, 0x00,
  0x07, 0x00, 0x00, 0x00, 0x00, 0x00, 0x00, 0x00, 0x00, 0x00, 0x00, 0x00,
  0x00, 0x00, 0x00, 0x00, 0x00, 0x00, 0x00, 0x00, 0x00, 0x00, 0x00, 0x00,
  0x00, 0x00, 0x00, 0x00, 0x00, 0x00, 0x00, 0x00, 0x00, 0x00, 0x00, 0x00,
  0x00, 0x00, 0x00, 0x00, 0x00, 0x00, 0x00, 0x00, 0x00, 0x00, 0x00, 0x00,
  0x00, 0x00, 0x00, 0x00, 0x00, 0x00, 0x00, 0x00, 0x00, 0x00, 0x00, 0x00,
  0x00, 0x00, 0x00, 0x00, 0x00, 0x00, 0x00, 0x00, 0x00, 0x00, 0x00, 0x00,
  0x00, 0x00, 0x00, 0x00, 0x00, 0x00, 0x00, 0x00, 0x00, 0x00, 0x00, 0x00,
  0x00, 0x00, 0x00, 0x00, 0x00, 0x00, 0x00, 0x00, 0x00, 0x00, 0x00, 0x00,
  0x00, 0x00, 0x00, 0x00, 0x00, 0x00, 0x00, 0x00, 0x00, 0x00, 0x00, 0x00,
  0x00, 0x00, 0x00, 0x00, 0x00, 0x00, 0x00, 0x00, 0x00, 0x00, 0x00, 0x00,
  0x10, 0x3e, 0x00, 0x00, 0x00, 0x00, 0x00, 0x00, 0x00, 0x00, 0x00, 0x00,
  0x00, 0x00, 0x00, 0x00, 0x00, 0x00, 0x00, 0x00, 0x00, 0x00, 0x00, 0x00,
  0x36, 0x10, 0x00, 0x00, 0x00, 0x00, 0x00, 0x00, 0x46, 0x10, 0x00, 0x00,
  0x00, 0x00, 0x00, 0x00, 0x56, 0x10, 0x00, 0x00, 0x00, 0x00, 0x00, 0x00,
  0x66, 0x10, 0x00, 0x00, 0x00, 0x00, 0x00, 0x00, 0x76, 0x10, 0x00, 0x00,
  0x00, 0x00, 0x00, 0x00, 0x86, 0x10, 0x00, 0x00, 0x00, 0x00, 0x00, 0x00,
  0x00, 0x00, 0x00, 0x00, 0x00, 0x00, 0x00, 0x00, 0x00, 0x00, 0x00, 0x00,
  0x00, 0x00, 0x00, 0x00, 0x00, 0x00, 0x00, 0x00, 0x00, 0x00, 0x00, 0x00,
  0x01, 0x00, 0x00, 0x00, 0x00, 0x00, 0x00, 0x00, 0x00, 0x00, 0x00, 0x00,
  0x00, 0x00, 0x00, 0x00, 0x00, 0x00, 0x00, 0x00, 0x00, 0x00, 0x00, 0x00,
  0x00, 0x00, 0x00, 0x00, 0x00, 0x00, 0x00, 0x00, 0x00, 0x00, 0x00, 0x00,
  0x00, 0x00, 0x00, 0x00, 0x5c, 0x21, 0x00, 0x00, 0x00, 0x00, 0x00, 0x00,
  0x00, 0x00, 0x00, 0x00, 0x00, 0x00, 0x00, 0x00, 0xff, 0xff, 0xff, 0xff,
  0xff, 0xff, 0xff, 0xff, 0xe0, 0x40, 0x00, 0x00, 0x00, 0x00, 0x00, 0x00,
  0x00, 0x00, 0x00, 0x00, 0x00, 0x00, 0x00, 0x00, 0x00, 0x00, 0x00, 0x00,
  0x00, 0x00, 0x00, 0x00, 0x00, 0x00, 0x00, 0x00, 0x00, 0x00, 0x00, 0x00,
  0x00, 0x00, 0x00, 0x00, 0x00, 0x00, 0x00, 0x00, 0x00, 0x00, 0x00, 0x00,
  0x00, 0x00, 0x00, 0x00, 0x00, 0x00, 0x00, 0x00, 0x00, 0x00, 0x00, 0x00,
  0x00, 0x00, 0x00, 0x00, 0x00, 0x00, 0x00, 0x00, 0x71, 0x21, 0x00, 0x00,
  0x00, 0x00, 0x00, 0x00, 0x50, 0x11, 0x00, 0x00, 0x00, 0x00, 0x00, 0x00,
  0x08, 0x00, 0x00, 0x00, 0x00, 0x00, 0x00, 0x00, 0x00, 0x00, 0x00, 0x00,
  0x00, 0x00, 0x00, 0x00, 0x00, 0x00, 0x00, 0x00, 0x00, 0x00, 0x00, 0x00,
  0x00, 0x00, 0x00, 0x00, 0x00, 0x00, 0x00, 0x00, 0x00, 0x00, 0x00, 0x00,
  0x00, 0x00, 0x00, 0x00, 0x00, 0x00, 0x00, 0x00, 0x00, 0x00, 0x00, 0x00,
  0x47, 0x43, 0x43, 0x3a, 0x20, 0x28, 0x47, 0x4e, 0x55, 0x29, 0x20, 0x31,
  0x30, 0x2e, 0x32, 0x2e, 0x31, 0x20, 0x32, 0x30, 0x32, 0x31, 0x30, 0x31,
  0x33, 0x30, 0x20, 0x28, 0x52, 0x65, 0x64, 0x20, 0x48, 0x61, 0x74, 0x20,
  0x31, 0x30, 0x2e, 0x32, 0x2e, 0x31, 0x2d, 0x31, 0x31, 0x29, 0x00, 0x2c,
  0x00, 0x00, 0x00, 0x02, 0x00, 0x00, 0x00, 0x00, 0x00, 0x08, 0x00, 0x00,
  0x00, 0x00, 0x00, 0x50, 0x11, 0x00, 0x00, 0x00, 0x00, 0x00, 0x00, 0xa1,
  0x07, 0x00, 0x00, 0x00, 0x00, 0x00, 0x00, 0x00, 0x00, 0x00, 0x00, 0x00,
  0x00, 0x00, 0x00, 0x00, 0x00, 0x00, 0x00, 0x00, 0x00, 0x00, 0x00, 0xd0,
  0x24, 0x00, 0x00, 0x04, 0x00, 0x00, 0x00, 0x00, 0x00, 0x08, 0x01, 0x0e,
  0x06, 0x00, 0x00, 0x0c, 0xc5, 0x04, 0x00, 0x00, 0xe2, 0x01, 0x00, 0x00,
  0x00, 0x07, 0x00, 0x00, 0x00, 0x00, 0x00, 0x00, 0x00, 0x00, 0x00, 0x00,
  0x00, 0x00, 0x00, 0x00, 0x02, 0xd6, 0x08, 0x00, 0x00, 0x04, 0xd1, 0x17,
  0x35, 0x00, 0x00, 0x00, 0x03, 0x08, 0x07, 0xf1, 0x02, 0x00, 0x00, 0x04,
  0x7c, 0x01, 0x00, 0x00, 0x04, 0x41, 0x01, 0x18, 0x49, 0x00, 0x00, 0x00,
  0x05, 0x04, 0x05, 0x69, 0x6e, 0x74, 0x00, 0x03, 0x01, 0x08, 0x1d, 0x0a,
  0x00, 0x00, 0x03, 0x02, 0x07, 0x3f, 0x0b, 0x00, 0x00, 0x03, 0x04, 0x07,
  0xf6, 0x02, 0x00, 0x00, 0x03, 0x01, 0x06, 0x1f, 0x0a, 0x00, 0x00, 0x03,
  0x02, 0x05, 0x2e, 0x08, 0x00, 0x00, 0x03, 0x08, 0x05, 0xd1, 0x05, 0x00,
  0x00, 0x06, 0x08, 0x02, 0xd3, 0x08, 0x00, 0x00, 0x05, 0xb5, 0x1b, 0x73,
  0x00, 0x00, 0x00, 0x07, 0x08, 0x8e, 0x00, 0x00, 0x00, 0x03, 0x01, 0x06,
  0x26, 0x0a, 0x00, 0x00, 0x08, 0x8e, 0x00, 0x00, 0x00, 0x03, 0x08, 0x05,
  0xcc, 0x05, 0x00, 0x00, 0x07, 0x08, 0x95, 0x00, 0x00, 0x00, 0x02, 0xd5,
  0x08, 0x00, 0x00, 0x06, 0x6d, 0x13, 0x7c, 0x00, 0x00, 0x00, 0x03, 0x08,
  0x07, 0xec, 0x02, 0x00, 0x00, 0x07, 0x08, 0xc0, 0x00, 0x00, 0x00, 0x09,
  0x02, 0xf5, 0x04, 0x00, 0x00, 0x07, 0x30, 0x18, 0x50, 0x00, 0x00, 0x00,
  0x02, 0xa7, 0x07, 0x00, 0x00, 0x07, 0x31, 0x1c, 0x57, 0x00, 0x00, 0x00,
  0x02, 0x8c, 0x02, 0x00, 0x00, 0x07, 0x33, 0x17, 0x5e, 0x00, 0x00, 0x00,
  0x02, 0x98, 0x04, 0x00, 0x00, 0x08, 0x83, 0x19, 0xa7, 0x00, 0x00, 0x00,
  0x02, 0x78, 0x00, 0x00, 0x00, 0x08, 0x91, 0x14, 0xe5, 0x00, 0x00, 0x00,
  0x03, 0x04, 0x04, 0x38, 0x09, 0x00, 0x00, 0x03, 0x08, 0x04, 0xdc, 0x0b,
  0x00, 0x00, 0x0a, 0xc4, 0x09, 0x00, 0x00, 0x08, 0x09, 0x38, 0x08, 0x33,
  0x01, 0x00, 0x00, 0x0b, 0x5e, 0x01, 0x00, 0x00, 0x09, 0x3a, 0x09, 0x49,
  0x00, 0x00, 0x00, 0x00, 0x0b, 0x24, 0x00, 0x00, 0x00, 0x09, 0x3b, 0x09,
  0x49, 0x00, 0x00, 0x00, 0x04, 0x00, 0x07, 0x08, 0x0b, 0x01, 0x00, 0x00,
  0x0c, 0x33, 0x01, 0x00, 0x00, 0x02, 0xe3, 0x0b, 0x00, 0x00, 0x0a, 0x0c,
  0x1c, 0x4a, 0x01, 0x00, 0x00, 0x0a, 0xe3, 0x0b, 0x00, 0x00, 0x68, 0x0b,
  0x4a, 0x08, 0xcd, 0x01, 0x00, 0x00, 0x0b, 0xb1, 0x00, 0x00, 0x00, 0x0b,
  0x4b, 0x14, 0x32, 0x10, 0x00, 0x00, 0x00, 0x0b, 0x17, 0x07, 0x00, 0x00,
  0x0b, 0x4c, 0x0f, 0xa1, 0x00, 0x00, 0x00, 0x28, 0x0b, 0xf1, 0x09, 0x00,
  0x00, 0x0b, 0x4d, 0x0f, 0xa1, 0x00, 0x00, 0x00, 0x30, 0x0b, 0xc5, 0x05,
  0x00, 0x00, 0x0b, 0x4e, 0x0e, 0xe5, 0x00, 0x00, 0x00, 0x38, 0x0b, 0x82,
  0x00, 0x00, 0x00, 0x0b, 0x4f, 0x10, 0xfa, 0x0d, 0x00, 0x00, 0x40, 0x0b,
  0x83, 0x08, 0x00, 0x00, 0x0b, 0x50, 0x15, 0x3e, 0x10, 0x00, 0x00, 0x48,
  0x0b, 0x54, 0x09, 0x00, 0x00, 0x0b, 0x51, 0x10, 0x02, 0x08, 0x00, 0x00,
  0x50, 0x0b, 0xee, 0x00, 0x00, 0x00, 0x0b, 0x52, 0x0b, 0xf8, 0x06, 0x00,
  0x00, 0x58, 0x0b, 0x5a, 0x02, 0x00, 0x00, 0x0b, 0x53, 0x0c, 0x2d, 0x08,
  0x00, 0x00, 0x60, 0x00, 0x02, 0xda, 0x05, 0x00, 0x00, 0x0a, 0x0d, 0x21,
  0xd9, 0x01, 0x00, 0x00, 0x0a, 0xda, 0x05, 0x00, 0x00, 0x10, 0x0b, 0x3c,
  0x08, 0x01, 0x02, 0x00, 0x00, 0x0b, 0x93, 0x00, 0x00, 0x00, 0x0b, 0x3d,
  0x09, 0x49, 0x00, 0x00, 0x00, 0x00, 0x0b, 0xab, 0x03, 0x00, 0x00, 0x0b,
  0x3e, 0x0b, 0x7a, 0x00, 0x00, 0x00, 0x08, 0x00, 0x02, 0xa8, 0x08, 0x00,
  0x00, 0x0a, 0x0e, 0x1c, 0x0d, 0x02, 0x00, 0x00, 0x0a, 0xa8, 0x08, 0x00,
  0x00, 0x20, 0x0c, 0x36, 0x08, 0x4f, 0x02, 0x00, 0x00, 0x0b, 0x69, 0x08,
  0x00, 0x00, 0x0c, 0x37, 0x12, 0xa1, 0x00, 0x00, 0x00, 0x00, 0x0b, 0x08,
  0x02, 0x00, 0x00, 0x0c, 0x38, 0x11, 0xd9, 0x0f, 0x00, 0x00, 0x08, 0x0b,
  0xb9, 0x0a, 0x00, 0x00, 0x0c, 0x39, 0x11, 0x49, 0x00, 0x00, 0x00, 0x10,
  0x0b, 0x94, 0x08, 0x00, 0x00, 0x0c, 0x3b, 0x12, 0xa1, 0x00, 0x00, 0x00,
  0x18, 0x00, 0x02, 0x98, 0x00, 0x00, 0x00, 0x0a, 0x0f, 0x1c, 0x5b, 0x02,
  0x00, 0x00, 0x0a, 0x98, 0x00, 0x00, 0x00, 0x28, 0x0d, 0x0b, 0x08, 0xaa,
  0x02, 0x00, 0x00, 0x0b, 0x6c, 0x08, 0x00, 0x00, 0x0d, 0x0c, 0x11, 0xa1,
  0x00, 0x00, 0x00, 0x00, 0x0d, 0x67, 0x65, 0x74, 0x00, 0x0d, 0x0d, 0x0c,
  0x5e, 0x10, 0x00, 0x00, 0x08, 0x0d, 0x73, 0x65, 0x74, 0x00, 0x0d, 0x0e,
  0x0c, 0x6a, 0x10, 0x00, 0x00, 0x10, 0x0d, 0x64, 0x6f, 0x63, 0x00, 0x0d,
  0x0f, 0x11, 0xa1, 0x00, 0x00, 0x00, 0x18, 0x0b, 0x9b, 0x08, 0x00, 0x00,
  0x0d, 0x10, 0x0b, 0x7a, 0x00, 0x00, 0x00, 0x20, 0x00, 0x02, 0xf7, 0x09,
  0x00, 0x00, 0x0a, 0x10, 0x1c, 0xb6, 0x02, 0x00, 0x00, 0x0e, 0xf7, 0x09,
  0x00, 0x00, 0x02, 0x79, 0x06, 0x00, 0x00, 0x0a, 0x12, 0x18, 0xc7, 0x02,
  0x00, 0x00, 0x0a, 0xb1, 0x03, 0x00, 0x00, 0x10, 0x02, 0x64, 0x08, 0xef,
  0x02, 0x00, 0x00, 0x0b, 0x79, 0x08, 0x00, 0x00, 0x02, 0x66, 0x10, 0xe5,
  0x00, 0x00, 0x00, 0x00, 0x0b, 0x64, 0x0b, 0x00, 0x00, 0x02, 0x67, 0x13,
  0x50, 0x06, 0x00, 0x00, 0x08, 0x00, 0x02, 0x8b, 0x04, 0x00, 0x00, 0x0a,
  0x14, 0x1c, 0xfb, 0x02, 0x00, 0x00, 0x0f, 0x89, 0x05, 0x00, 0x00, 0x98,
  0x01, 0x0e, 0x94, 0x08, 0x9a, 0x05, 0x00, 0x00, 0x0b, 0xb9, 0x02, 0x00,
  0x00, 0x0e, 0x95, 0x05, 0x7a, 0x06, 0x00, 0x00, 0x00, 0x0b, 0x18, 0x01,
  0x00, 0x00, 0x0e, 0x96, 0x11, 0xa1, 0x00, 0x00, 0x00, 0x18, 0x0b, 0x72,
  0x07, 0x00, 0x00, 0x0e, 0x97, 0x10, 0xe5, 0x00, 0x00, 0x00, 0x20, 0x0b,
  0x31, 0x07, 0x00, 0x00, 0x0e, 0x97, 0x1e, 0xe5, 0x00, 0x00, 0x00, 0x28,
  0x0b, 0xbd, 0x00, 0x00, 0x00, 0x0e, 0x9b, 0x10, 0x4a, 0x08, 0x00, 0x00,
  0x30, 0x0b, 0x81, 0x0b, 0x00, 0x00, 0x0e, 0x9c, 0x10, 0xe5, 0x00, 0x00,
  0x00, 0x38, 0x0b, 0x69, 0x02, 0x00, 0x00, 0x0e, 0x9d, 0x11, 0x67, 0x08,
  0x00, 0x00, 0x40, 0x0b, 0x03, 0x0b, 0x00, 0x00, 0x0e, 0x9e, 0x11, 0x99,
  0x08, 0x00, 0x00, 0x48, 0x0b, 0x2d, 0x03, 0x00, 0x00, 0x0e, 0x9f, 0x15,
  0xdc, 0x0d, 0x00, 0x00, 0x50, 0x0b, 0xb4, 0x08, 0x00, 0x00, 0x0e, 0xa1,
  0x0e, 0xd0, 0x08, 0x00, 0x00, 0x58, 0x0b, 0xf6, 0x0a, 0x00, 0x00, 0x0e,
  0xa5, 0x16, 0xe2, 0x0d, 0x00, 0x00, 0x60, 0x0b, 0x4f, 0x0a, 0x00, 0x00,
  0x0e, 0xa6, 0x18, 0xe8, 0x0d, 0x00, 0x00, 0x68, 0x0b, 0xe0, 0x00, 0x00,
  0x00, 0x0e, 0xa7, 0x17, 0xee, 0x0d, 0x00, 0x00, 0x70, 0x0b, 0x2f, 0x00,
  0x00, 0x00, 0x0e, 0xab, 0x0e, 0xdc, 0x08, 0x00, 0x00, 0x78, 0x0b, 0x44,
  0x08, 0x00, 0x00, 0x0e, 0xac, 0x11, 0xcd, 0x06, 0x00, 0x00, 0x80, 0x0b,
  0xb2, 0x0a, 0x00, 0x00, 0x0e, 0xad, 0x0e, 0xd0, 0x08, 0x00, 0x00, 0x88,
  0x0b, 0x18, 0x03, 0x00, 0x00, 0x0e, 0xae, 0x12, 0x8d, 0x08, 0x00, 0x00,
  0x90, 0x0b, 0xc1, 0x03, 0x00, 0x00, 0x0e, 0xaf, 0x12, 0xc4, 0x08, 0x00,
  0x00, 0x98, 0x0b, 0xeb, 0x03, 0x00, 0x00, 0x0e, 0xb2, 0x14, 0xf4, 0x0d,
  0x00, 0x00, 0xa0, 0x0b, 0xf6, 0x07, 0x00, 0x00, 0x0e, 0xb5, 0x13, 0x35,
  0x00, 0x00, 0x00, 0xa8, 0x0b, 0xff, 0x06, 0x00, 0x00, 0x0e, 0xb7, 0x11,
  0xa1, 0x00, 0x00, 0x00, 0xb0, 0x0b, 0x8c, 0x01, 0x00, 0x00, 0x0e, 0xbb,
  0x12, 0x02, 0x08, 0x00, 0x00, 0xb8, 0x0b, 0xda, 0x0a, 0x00, 0x00, 0x0e,
  0xbe, 0x0d, 0xf8, 0x06, 0x00, 0x00, 0xc0, 0x0b, 0xdc, 0x03, 0x00, 0x00,
  0x0e, 0xc2, 0x11, 0xfd, 0x08, 0x00, 0x00, 0xc8, 0x0b, 0x48, 0x02, 0x00,
  0x00, 0x0e, 0xc5, 0x10, 0xe5, 0x00, 0x00, 0x00, 0xd0, 0x0b, 0x61, 0x08,
  0x00, 0x00, 0x0e, 0xc8, 0x11, 0x28, 0x09, 0x00, 0x00, 0xd8, 0x0b, 0x42,
  0x03, 0x00, 0x00, 0x0e, 0xc9, 0x12, 0x34, 0x09, 0x00, 0x00, 0xe0, 0x0b,
  0x72, 0x04, 0x00, 0x00, 0x0e, 0xcc, 0x12, 0xfa, 0x0d, 0x00, 0x00, 0xe8,
  0x0b, 0xf5, 0x05, 0x00, 0x00, 0x0e, 0xcd, 0x12, 0x00, 0x0e, 0x00, 0x00,
  0xf0, 0x0b, 0xbb, 0x04, 0x00, 0x00, 0x0e, 0xce, 0x12, 0x06, 0x0e, 0x00,
  0x00, 0xf8, 0x10, 0xd5, 0x06, 0x00, 0x00, 0x0e, 0xd0, 0x13, 0x50, 0x06,
  0x00, 0x00, 0x00, 0x01, 0x10, 0x83, 0x0a, 0x00, 0x00, 0x0e, 0xd1, 0x0f,
  0x33, 0x06, 0x00, 0x00, 0x08, 0x01, 0x10, 0xbc, 0x07, 0x00, 0x00, 0x0e,
  0xd2, 0x12, 0x40, 0x09, 0x00, 0x00, 0x10, 0x01, 0x10, 0x0e, 0x0b, 0x00,
  0x00, 0x0e, 0xd3, 0x12, 0x4c, 0x09, 0x00, 0x00, 0x18, 0x01, 0x10, 0x75,
  0x0a, 0x00, 0x00, 0x0e, 0xd4, 0x10, 0xe5, 0x00, 0x00, 0x00, 0x20, 0x01,
  0x10, 0x84, 0x01, 0x00, 0x00, 0x0e, 0xd5, 0x0e, 0x58, 0x09, 0x00, 0x00,
  0x28, 0x01, 0x10, 0x6a, 0x03, 0x00, 0x00, 0x0e, 0xd6, 0x0f, 0x8f, 0x09,
  0x00, 0x00, 0x30, 0x01, 0x10, 0x28, 0x0b, 0x00, 0x00, 0x0e, 0xd7, 0x0d,
  0x64, 0x09, 0x00, 0x00, 0x38, 0x01, 0x10, 0x71, 0x08, 0x00, 0x00, 0x0e,
  0xd8, 0x0e, 0x2d, 0x08, 0x00, 0x00, 0x40, 0x01, 0x10, 0x3d, 0x0a, 0x00,
  0x00, 0x0e, 0xd9, 0x0d, 0xf8, 0x06, 0x00, 0x00, 0x48, 0x01, 0x10, 0x8b,
  0x08, 0x00, 0x00, 0x0e, 0xda, 0x0f, 0x33, 0x06, 0x00, 0x00, 0x50, 0x01,
  0x10, 0x4f, 0x04, 0x00, 0x00, 0x0e, 0xdb, 0x0f, 0x33, 0x06, 0x00, 0x00,
  0x58, 0x01, 0x10, 0x03, 0x03, 0x00, 0x00, 0x0e, 0xdc, 0x0f, 0x33, 0x06,
  0x00, 0x00, 0x60, 0x01, 0x10, 0x7d, 0x04, 0x00, 0x00, 0x0e, 0xdd, 0x0f,
  0x33, 0x06, 0x00, 0x00, 0x68, 0x01, 0x10, 0xd6, 0x01, 0x00, 0x00, 0x0e,
  0xde, 0x0f, 0x33, 0x06, 0x00, 0x00, 0x70, 0x01, 0x10, 0x96, 0x0b, 0x00,
  0x00, 0x0e, 0xdf, 0x10, 0x4a, 0x08, 0x00, 0x00, 0x78, 0x01, 0x10, 0x7f,
  0x07, 0x00, 0x00, 0x0e, 0xe2, 0x12, 0x5e, 0x00, 0x00, 0x00, 0x80, 0x01,
  0x10, 0xc8, 0x0b, 0x00, 0x00, 0x0e, 0xe4, 0x10, 0x4a, 0x08, 0x00, 0x00,
  0x88, 0x01, 0x10, 0x9d, 0x03, 0x00, 0x00, 0x0e, 0xe5, 0x14, 0x37, 0x0a,
  0x00, 0x00, 0x90, 0x01, 0x00, 0x11, 0x50, 0x0f, 0x14, 0x09, 0x33, 0x06,
  0x00, 0x00, 0x0d, 0x62, 0x75, 0x66, 0x00, 0x0f, 0x15, 0x0b, 0x7a, 0x00,
  0x00, 0x00, 0x00, 0x0d, 0x6f, 0x62, 0x6a, 0x00, 0x0f, 0x16, 0x0f, 0x33,
  0x06, 0x00, 0x00, 0x08, 0x0d, 0x6c, 0x65, 0x6e, 0x00, 0x0f, 0x17, 0x10,
  0xe5, 0x00, 0x00, 0x00, 0x10, 0x0b, 0x34, 0x07, 0x00, 0x00, 0x0f, 0x18,
  0x10, 0xe5, 0x00, 0x00, 0x00, 0x18, 0x0b, 0xd7, 0x00, 0x00, 0x00, 0x0f,
  0x1a, 0x09, 0x49, 0x00, 0x00, 0x00, 0x20, 0x0b, 0xd1, 0x01, 0x00, 0x00,
  0x0f, 0x1b, 0x09, 0x49, 0x00, 0x00, 0x00, 0x24, 0x0b, 0x8c, 0x00, 0x00,
  0x00, 0x0f, 0x1c, 0x0b, 0x88, 0x00, 0x00, 0x00, 0x28, 0x0b, 0xcb, 0x01,
  0x00, 0x00, 0x0f, 0x1d, 0x11, 0x3e, 0x06, 0x00, 0x00, 0x30, 0x0b, 0x5f,
  0x00, 0x00, 0x00, 0x0f, 0x1e, 0x11, 0x3e, 0x06, 0x00, 0x00, 0x38, 0x0b,
  0xc2, 0x0a, 0x00, 0x00, 0x0f, 0x1f, 0x11, 0x3e, 0x06, 0x00, 0x00, 0x40,
  0x0b, 0xfd, 0x04, 0x00, 0x00, 0x0f, 0x20, 0x0b, 0x7a, 0x00, 0x00, 0x00,
  0x48, 0x00, 0x07, 0x08, 0xbb, 0x02, 0x00, 0x00, 0x08, 0x33, 0x06, 0x00,
  0x00, 0x07, 0x08, 0xe5, 0x00, 0x00, 0x00, 0x02, 0x06, 0x05, 0x00, 0x00,
  0x0f, 0x21, 0x03, 0x9a, 0x05, 0x00, 0x00, 0x07, 0x08, 0xef, 0x02, 0x00,
  0x00, 0x11, 0x18, 0x02, 0x6d, 0x09, 0x7a, 0x06, 0x00, 0x00, 0x0b, 0xb9,
  0x02, 0x00, 0x00, 0x02, 0x6e, 0x0e, 0xbb, 0x02, 0x00, 0x00, 0x00, 0x0b,
  0xff, 0x07, 0x00, 0x00, 0x02, 0x6f, 0x10, 0xe5, 0x00, 0x00, 0x00, 0x10,
  0x00, 0x02, 0x53, 0x00, 0x00, 0x00, 0x02, 0x70, 0x03, 0x56, 0x06, 0x00,
  0x00, 0x02, 0x2a, 0x0c, 0x00, 0x00, 0x02, 0xc4, 0x16, 0x92, 0x06, 0x00,
  0x00, 0x07, 0x08, 0x98, 0x06, 0x00, 0x00, 0x12, 0x33, 0x06, 0x00, 0x00,
  0xa7, 0x06, 0x00, 0x00, 0x13, 0x33, 0x06, 0x00, 0x00, 0x00, 0x02, 0x48,
  0x00, 0x00, 0x00, 0x02, 0xc5, 0x16, 0xb3, 0x06, 0x00, 0x00, 0x07, 0x08,
  0xb9, 0x06, 0x00, 0x00, 0x12, 0x33, 0x06, 0x00, 0x00, 0xcd, 0x06, 0x00,
  0x00, 0x13, 0x33, 0x06, 0x00, 0x00, 0x13, 0x33, 0x06, 0x00, 0x00, 0x00,
  0x02, 0xa6, 0x0a, 0x00, 0x00, 0x02, 0xc6, 0x16, 0xd9, 0x06, 0x00, 0x00,
  0x07, 0x08, 0xdf, 0x06, 0x00, 0x00, 0x12, 0x33, 0x06, 0x00, 0x00, 0xf8,
  0x06, 0x00, 0x00, 0x13, 0x33, 0x06, 0x00, 0x00, 0x13, 0x33, 0x06, 0x00,
  0x00, 0x13, 0x33, 0x06, 0x00, 0x00, 0x00, 0x02, 0x47, 0x0c, 0x00, 0x00,
  0x02, 0xc7, 0x0f, 0x04, 0x07, 0x00, 0x00, 0x07, 0x08, 0x0a, 0x07, 0x00,
  0x00, 0x12, 0x49, 0x00, 0x00, 0x00, 0x19, 0x07, 0x00, 0x00, 0x13, 0x33,
  0x06, 0x00, 0x00, 0x00, 0x02, 0x98, 0x01, 0x00, 0x00, 0x02, 0xc8, 0x16,
  0x25, 0x07, 0x00, 0x00, 0x07, 0x08, 0x2b, 0x07, 0x00, 0x00, 0x12, 0xe5,
  0x00, 0x00, 0x00, 0x3a, 0x07, 0x00, 0x00, 0x13, 0x33, 0x06, 0x00, 0x00,
  0x00, 0x02, 0x1d, 0x0c, 0x00, 0x00, 0x02, 0xc9, 0x15, 0x46, 0x07, 0x00,
  0x00, 0x07, 0x08, 0x4c, 0x07, 0x00, 0x00, 0x12, 0x33, 0x06, 0x00, 0x00,
  0x60, 0x07, 0x00, 0x00, 0x13, 0x33, 0x06, 0x00, 0x00, 0x13, 0xe5, 0x00,
  0x00, 0x00, 0x00, 0x02, 0x25, 0x09, 0x00, 0x00, 0x02, 0xcb, 0x0e, 0x6c,
  0x07, 0x00, 0x00, 0x07, 0x08, 0x72, 0x07, 0x00, 0x00, 0x12, 0x49, 0x00,
  0x00, 0x00, 0x8b, 0x07, 0x00, 0x00, 0x13, 0x33, 0x06, 0x00, 0x00, 0x13,
  0xe5, 0x00, 0x00, 0x00, 0x13, 0x33, 0x06, 0x00, 0x00, 0x00, 0x02, 0x3d,
  0x07, 0x00, 0x00, 0x02, 0xcd, 0x0e, 0x97, 0x07, 0x00, 0x00, 0x07, 0x08,
  0x9d, 0x07, 0x00, 0x00, 0x12, 0x49, 0x00, 0x00, 0x00, 0xb6, 0x07, 0x00,
  0x00, 0x13, 0x33, 0x06, 0x00, 0x00, 0x13, 0x33, 0x06, 0x00, 0x00, 0x13,
  0x33, 0x06, 0x00, 0x00, 0x00, 0x02, 0x07, 0x08, 0x00, 0x00, 0x02, 0xcf,
  0x0f, 0xc2, 0x07, 0x00, 0x00, 0x07, 0x08, 0xc8, 0x07, 0x00, 0x00, 0x12,
  0x49, 0x00, 0x00, 0x00, 0xdc, 0x07, 0x00, 0x00, 0x13, 0x33, 0x06, 0x00,
  0x00, 0x13, 0x33, 0x06, 0x00, 0x00, 0x00, 0x02, 0xeb, 0x05, 0x00, 0x00,
  0x02, 0xd0, 0x0f, 0xe8, 0x07, 0x00, 0x00, 0x07, 0x08, 0xee, 0x07, 0x00,
  0x00, 0x12, 0x49, 0x00, 0x00, 0x00, 0x02, 0x08, 0x00, 0x00, 0x13, 0x33,
  0x06, 0x00, 0x00, 0x13, 0x7a, 0x00, 0x00, 0x00, 0x00, 0x02, 0x5e, 0x0a,
  0x00, 0x00, 0x02, 0xd1, 0x0f, 0x0e, 0x08, 0x00, 0x00, 0x07, 0x08, 0x14,
  0x08, 0x00, 0x00, 0x12, 0x49, 0x00, 0x00, 0x00, 0x2d, 0x08, 0x00, 0x00,
  0x13, 0x33, 0x06, 0x00, 0x00, 0x13, 0xdc, 0x07, 0x00, 0x00, 0x13, 0x7a,
  0x00, 0x00, 0x00, 0x00, 0x02, 0x9e, 0x07, 0x00, 0x00, 0x02, 0xd4, 0x10,
  0x39, 0x08, 0x00, 0x00, 0x07, 0x08, 0x3f, 0x08, 0x00, 0x00, 0x14, 0x4a,
  0x08, 0x00, 0x00, 0x13, 0x7a, 0x00, 0x00, 0x00, 0x00, 0x02, 0x10, 0x02,
  0x00, 0x00, 0x02, 0xd5, 0x10, 0x56, 0x08, 0x00, 0x00, 0x07, 0x08, 0x5c,
  0x08, 0x00, 0x00, 0x14, 0x67, 0x08, 0x00, 0x00, 0x13, 0x33, 0x06, 0x00,
  0x00, 0x00, 0x02, 0xfc, 0x01, 0x00, 0x00, 0x02, 0xd6, 0x15, 0x73, 0x08,
  0x00, 0x00, 0x07, 0x08, 0x79, 0x08, 0x00, 0x00, 0x12, 0x33, 0x06, 0x00,
  0x00, 0x8d, 0x08, 0x00, 0x00, 0x13, 0x33, 0x06, 0x00, 0x00, 0x13, 0x88,
  0x00, 0x00, 0x00, 0x00, 0x02, 0xcd, 0x0a, 0x00, 0x00, 0x02, 0xd7, 0x15,
  0xb3, 0x06, 0x00, 0x00, 0x02, 0xbf, 0x01, 0x00, 0x00, 0x02, 0xd8, 0x0f,
  0xa5, 0x08, 0x00, 0x00, 0x07, 0x08, 0xab, 0x08, 0x00, 0x00, 0x12, 0x49,
  0x00, 0x00, 0x00, 0xc4, 0x08, 0x00, 0x00, 0x13, 0x33, 0x06, 0x00, 0x00,
  0x13, 0x88, 0x00, 0x00, 0x00, 0x13, 0x33, 0x06, 0x00, 0x00, 0x00, 0x02,
  0xa4, 0x00, 0x00, 0x00, 0x02, 0xd9, 0x0f, 0x97, 0x07, 0x00, 0x00, 0x02,
  0x0b, 0x09, 0x00, 0x00, 0x02, 0xda, 0x15, 0x92, 0x06, 0x00, 0x00, 0x02,
  0x39, 0x03, 0x00, 0x00, 0x02, 0xdb, 0x15, 0xe8, 0x08, 0x00, 0x00, 0x07,
  0x08, 0xee, 0x08, 0x00, 0x00, 0x12, 0xf1, 0x00, 0x00, 0x00, 0xfd, 0x08,
  0x00, 0x00, 0x13, 0x33, 0x06, 0x00, 0x00, 0x00, 0x02, 0xe3, 0x0a, 0x00,
  0x00, 0x02, 0xdc, 0x15, 0x09, 0x09, 0x00, 0x00, 0x07, 0x08, 0x0f, 0x09,
  0x00, 0x00, 0x12, 0x33, 0x06, 0x00, 0x00, 0x28, 0x09, 0x00, 0x00, 0x13,
  0x33, 0x06, 0x00, 0x00, 0x13, 0x33, 0x06, 0x00, 0x00, 0x13, 0x49, 0x00,
  0x00, 0x00, 0x00, 0x02, 0x4f, 0x0c, 0x00, 0x00, 0x02, 0xdd, 0x15, 0x92,
  0x06, 0x00, 0x00, 0x02, 0xd6, 0x07, 0x00, 0x00, 0x02, 0xde, 0x15, 0x92,
  0x06, 0x00, 0x00, 0x02, 0xb9, 0x06, 0x00, 0x00, 0x02, 0xdf, 0x15, 0xd9,
  0x06, 0x00, 0x00, 0x02, 0xac, 0x02, 0x00, 0x00, 0x02, 0xe0, 0x0f, 0x97,
  0x07, 0x00, 0x00, 0x02, 0x24, 0x03, 0x00, 0x00, 0x02, 0xe1, 0x0f, 0x97,
  0x07, 0x00, 0x00, 0x02, 0xd4, 0x0b, 0x00, 0x00, 0x02, 0xe2, 0x15, 0x70,
  0x09, 0x00, 0x00, 0x07, 0x08, 0x76, 0x09, 0x00, 0x00, 0x12, 0x33, 0x06,
  0x00, 0x00, 0x8f, 0x09, 0x00, 0x00, 0x13, 0x50, 0x06, 0x00, 0x00, 0x13,
  0x33, 0x06, 0x00, 0x00, 0x13, 0x33, 0x06, 0x00, 0x00, 0x00, 0x02, 0xdd,
  0x06, 0x00, 0x00, 0x02, 0xe3, 0x15, 0x9b, 0x09, 0x00, 0x00, 0x07, 0x08,
  0xa1, 0x09, 0x00, 0x00, 0x12, 0x33, 0x06, 0x00, 0x00, 0xb5, 0x09, 0x00,
  0x00, 0x13, 0x50, 0x06, 0x00, 0x00, 0x13, 0xe5, 0x00, 0x00, 0x00, 0x00,
  0x15, 0x05, 0x04, 0x49, 0x00, 0x00, 0x00, 0x02, 0xa4, 0x02, 0x0e, 0xd7,
  0x09, 0x00, 0x00, 0x16, 0x20, 0x01, 0x00, 0x00, 0x00, 0x17, 0xb0, 0x07,
  0x00, 0x00, 0x7f, 0x16, 0x10, 0x04, 0x00, 0x00, 0x01, 0x00, 0x04, 0x3e,
  0x01, 0x00, 0x00, 0x02, 0xa8, 0x02, 0x03, 0xb5, 0x09, 0x00, 0x00, 0x02,
  0x6c, 0x0b, 0x00, 0x00, 0x0e, 0x36, 0x0f, 0xf0, 0x09, 0x00, 0x00, 0x07,
  0x08, 0xf6, 0x09, 0x00, 0x00, 0x12, 0x49, 0x00, 0x00, 0x00, 0x0f, 0x0a,
  0x00, 0x00, 0x13, 0x33, 0x06, 0x00, 0x00, 0x13, 0x0f, 0x0a, 0x00, 0x00,
  0x13, 0x49, 0x00, 0x00, 0x00, 0x00, 0x07, 0x08, 0x44, 0x06, 0x00, 0x00,
  0x02, 0x8b, 0x03, 0x00, 0x00, 0x0e, 0x37, 0x10, 0x21, 0x0a, 0x00, 0x00,
  0x07, 0x08, 0x27, 0x0a, 0x00, 0x00, 0x14, 0x37, 0x0a, 0x00, 0x00, 0x13,
  0x33, 0x06, 0x00, 0x00, 0x13, 0x0f, 0x0a, 0x00, 0x00, 0x00, 0x02, 0x7d,
  0x02, 0x00, 0x00, 0x0e, 0x39, 0x15, 0x43, 0x0a, 0x00, 0x00, 0x07, 0x08,
  0x49, 0x0a, 0x00, 0x00, 0x12, 0x33, 0x06, 0x00, 0x00, 0x67, 0x0a, 0x00,
  0x00, 0x13, 0x33, 0x06, 0x00, 0x00, 0x13, 0x67, 0x0a, 0x00, 0x00, 0x13,
  0x29, 0x00, 0x00, 0x00, 0x13, 0x33, 0x06, 0x00, 0x00, 0x00, 0x07, 0x08,
  0x39, 0x06, 0x00, 0x00, 0x18, 0x20, 0x01, 0x0e, 0x3d, 0x09, 0x50, 0x0c,
  0x00, 0x00, 0x0b, 0x7a, 0x0b, 0x00, 0x00, 0x0e, 0x42, 0x10, 0xa7, 0x06,
  0x00, 0x00, 0x00, 0x0b, 0x11, 0x0c, 0x00, 0x00, 0x0e, 0x43, 0x10, 0xa7,
  0x06, 0x00, 0x00, 0x08, 0x0b, 0x0c, 0x03, 0x00, 0x00, 0x0e, 0x44, 0x10,
  0xa7, 0x06, 0x00, 0x00, 0x10, 0x0b, 0x6c, 0x06, 0x00, 0x00, 0x0e, 0x45,
  0x10, 0xa7, 0x06, 0x00, 0x00, 0x18, 0x0b, 0x6b, 0x0a, 0x00, 0x00, 0x0e,
  0x46, 0x10, 0xa7, 0x06, 0x00, 0x00, 0x20, 0x0b, 0x66, 0x05, 0x00, 0x00,
  0x0e, 0x47, 0x11, 0xcd, 0x06, 0x00, 0x00, 0x28, 0x0b, 0xdf, 0x09, 0x00,
  0x00, 0x0e, 0x48, 0x0f, 0x86, 0x06, 0x00, 0x00, 0x30, 0x0b, 0x7f, 0x03,
  0x00, 0x00, 0x0e, 0x49, 0x0f, 0x86, 0x06, 0x00, 0x00, 0x38, 0x0b, 0x95,
  0x05, 0x00, 0x00, 0x0e, 0x4a, 0x0f, 0x86, 0x06, 0x00, 0x00, 0x40, 0x0b,
  0xef, 0x0b, 0x00, 0x00, 0x0e, 0x4b, 0x0d, 0xf8, 0x06, 0x00, 0x00, 0x48,
  0x0b, 0xa0, 0x01, 0x00, 0x00, 0x0e, 0x4c, 0x0f, 0x86, 0x06, 0x00, 0x00,
  0x50, 0x0b, 0x2f, 0x0b, 0x00, 0x00, 0x0e, 0x4d, 0x10, 0xa7, 0x06, 0x00,
  0x00, 0x58, 0x0b, 0x82, 0x06, 0x00, 0x00, 0x0e, 0x4e, 0x10, 0xa7, 0x06,
  0x00, 0x00, 0x60, 0x0b, 0x2a, 0x07, 0x00, 0x00, 0x0e, 0x4f, 0x10, 0xa7,
  0x06, 0x00, 0x00, 0x68, 0x0b, 0x96, 0x09, 0x00, 0x00, 0x0e, 0x50, 0x10,
  0xa7, 0x06, 0x00, 0x00, 0x70, 0x0b, 0xd1, 0x02, 0x00, 0x00, 0x0e, 0x51,
  0x10, 0xa7, 0x06, 0x00, 0x00, 0x78, 0x0b, 0x4d, 0x09, 0x00, 0x00, 0x0e,
  0x52, 0x0f, 0x86, 0x06, 0x00, 0x00, 0x80, 0x0b, 0x38, 0x08, 0x00, 0x00,
  0x0e, 0x53, 0x0b, 0x7a, 0x00, 0x00, 0x00, 0x88, 0x0b, 0x35, 0x09, 0x00,
  0x00, 0x0e, 0x54, 0x0f, 0x86, 0x06, 0x00, 0x00, 0x90, 0x0b, 0x9d, 0x02,
  0x00, 0x00, 0x0e, 0x56, 0x10, 0xa7, 0x06, 0x00, 0x00, 0x98, 0x0b, 0x12,
  0x08, 0x00, 0x00, 0x0e, 0x57, 0x10, 0xa7, 0x06, 0x00, 0x00, 0xa0, 0x0b,
  0xb4, 0x0b, 0x00, 0x00, 0x0e, 0x58, 0x10, 0xa7, 0x06, 0x00, 0x00, 0xa8,
  0x0b, 0xd7, 0x02, 0x00, 0x00, 0x0e, 0x59, 0x10, 0xa7, 0x06, 0x00, 0x00,
  0xb0, 0x0b, 0x67, 0x00, 0x00, 0x00, 0x0e, 0x5a, 0x11, 0xcd, 0x06, 0x00,
  0x00, 0xb8, 0x0b, 0x2b, 0x0a, 0x00, 0x00, 0x0e, 0x5b, 0x10, 0xa7, 0x06,
  0x00, 0x00, 0xc0, 0x0b, 0x1b, 0x04, 0x00, 0x00, 0x0e, 0x5c, 0x10, 0xa7,
  0x06, 0x00, 0x00, 0xc8, 0x0b, 0x97, 0x0a, 0x00, 0x00, 0x0e, 0x5d, 0x10,
  0xa7, 0x06, 0x00, 0x00, 0xd0, 0x0b, 0xc8, 0x00, 0x00, 0x00, 0x0e, 0x5e,
  0x10, 0xa7, 0x06, 0x00, 0x00, 0xd8, 0x0b, 0xe7, 0x06, 0x00, 0x00, 0x0e,
  0x5f, 0x10, 0xa7, 0x06, 0x00, 0x00, 0xe0, 0x0b, 0x8e, 0x07, 0x00, 0x00,
  0x0e, 0x61, 0x10, 0xa7, 0x06, 0x00, 0x00, 0xe8, 0x0b, 0x3e, 0x09, 0x00,
  0x00, 0x0e, 0x62, 0x10, 0xa7, 0x06, 0x00, 0x00, 0xf0, 0x0b, 0xa3, 0x04,
  0x00, 0x00, 0x0e, 0x63, 0x10, 0xa7, 0x06, 0x00, 0x00, 0xf8, 0x10, 0x9d,
  0x0b, 0x00, 0x00, 0x0e, 0x64, 0x10, 0xa7, 0x06, 0x00, 0x00, 0x00, 0x01,
  0x10, 0x67, 0x09, 0x00, 0x00, 0x0e, 0x66, 0x0f, 0x86, 0x06, 0x00, 0x00,
  0x08, 0x01, 0x10, 0xf6, 0x00, 0x00, 0x00, 0x0e, 0x68, 0x10, 0xa7, 0x06,
  0x00, 0x00, 0x10, 0x01, 0x10, 0x2d, 0x04, 0x00, 0x00, 0x0e, 0x69, 0x10,
  0xa7, 0x06, 0x00, 0x00, 0x18, 0x01, 0x00, 0x02, 0x0d, 0x0a, 0x00, 0x00,
  0x0e, 0x6a, 0x03, 0x6d, 0x0a, 0x00, 0x00, 0x11, 0x50, 0x0e, 0x6c, 0x09,
  0xe8, 0x0c, 0x00, 0x00, 0x0b, 0xc1, 0x02, 0x00, 0x00, 0x0e, 0x6d, 0x0d,
  0x19, 0x07, 0x00, 0x00, 0x00, 0x0b, 0xaa, 0x05, 0x00, 0x00, 0x0e, 0x6e,
  0x10, 0xa7, 0x06, 0x00, 0x00, 0x08, 0x0b, 0x07, 0x0c, 0x00, 0x00, 0x0e,
  0x6f, 0x12, 0x3a, 0x07, 0x00, 0x00, 0x10, 0x0b, 0x61, 0x02, 0x00, 0x00,
  0x0e, 0x70, 0x12, 0x3a, 0x07, 0x00, 0x00, 0x18, 0x0b, 0x56, 0x04, 0x00,
  0x00, 0x0e, 0x71, 0x0b, 0x7a, 0x00, 0x00, 0x00, 0x20, 0x0b, 0xc7, 0x08,
  0x00, 0x00, 0x0e, 0x72, 0x15, 0x60, 0x07, 0x00, 0x00, 0x28, 0x0b, 0x52,
  0x07, 0x00, 0x00, 0x0e, 0x73, 0x0b, 0x7a, 0x00, 0x00, 0x00, 0x30, 0x0b,
  0x8c, 0x06, 0x00, 0x00, 0x0e, 0x74, 0x10, 0xb6, 0x07, 0x00, 0x00, 0x38,
  0x0b, 0x10, 0x05, 0x00, 0x00, 0x0e, 0x76, 0x10, 0xa7, 0x06, 0x00, 0x00,
  0x40, 0x0b, 0x52, 0x0b, 0x00, 0x00, 0x0e, 0x77, 0x12, 0x3a, 0x07, 0x00,
  0x00, 0x48, 0x00, 0x02, 0xb2, 0x09, 0x00, 0x00, 0x0e, 0x78, 0x03, 0x5c,
  0x0c, 0x00, 0x00, 0x11, 0x18, 0x0e, 0x7a, 0x09, 0x25, 0x0d, 0x00, 0x00,
  0x0b, 0xf5, 0x06, 0x00, 0x00, 0x0e, 0x7b, 0x0d, 0x19, 0x07, 0x00, 0x00,
  0x00, 0x0b, 0xc9, 0x07, 0x00, 0x00, 0x0e, 0x7c, 0x10, 0xa7, 0x06, 0x00,
  0x00, 0x08, 0x0b, 0x14, 0x09, 0x00, 0x00, 0x0e, 0x7d, 0x13, 0x8b, 0x07,
  0x00, 0x00, 0x10, 0x00, 0x02, 0xb4, 0x05, 0x00, 0x00, 0x0e, 0x7e, 0x03,
  0xf4, 0x0c, 0x00, 0x00, 0x02, 0x46, 0x0a, 0x00, 0x00, 0x0e, 0x80, 0x18,
  0x3d, 0x0d, 0x00, 0x00, 0x07, 0x08, 0x43, 0x0d, 0x00, 0x00, 0x12, 0xd7,
  0x09, 0x00, 0x00, 0x5c, 0x0d, 0x00, 0x00, 0x13, 0x33, 0x06, 0x00, 0x00,
  0x13, 0x33, 0x06, 0x00, 0x00, 0x13, 0x5c, 0x0d, 0x00, 0x00, 0x00, 0x07,
  0x08, 0x33, 0x06, 0x00, 0x00, 0x11, 0x20, 0x0e, 0x82, 0x09, 0xa0, 0x0d,
  0x00, 0x00, 0x0b, 0x61, 0x03, 0x00, 0x00, 0x0e, 0x83, 0x0f, 0x86, 0x06,
  0x00, 0x00, 0x00, 0x0b, 0xa1, 0x05, 0x00, 0x00, 0x0e, 0x84, 0x0f, 0x86,
  0x06, 0x00, 0x00, 0x08, 0x0b, 0xe3, 0x07, 0x00, 0x00, 0x0e, 0x85, 0x0f,
  0x86, 0x06, 0x00, 0x00, 0x10, 0x0b, 0x95, 0x02, 0x00, 0x00, 0x0e, 0x86,
  0x0e, 0x31, 0x0d, 0x00, 0x00, 0x18, 0x00, 0x02, 0x09, 0x01, 0x00, 0x00,
  0x0e, 0x87, 0x03, 0x62, 0x0d, 0x00, 0x00, 0x11, 0x10, 0x0e, 0x89, 0x09,
  0xd0, 0x0d, 0x00, 0x00, 0x0b, 0x1b, 0x0b, 0x00, 0x00, 0x0e, 0x8a, 0x14,
  0xe4, 0x09, 0x00, 0x00, 0x00, 0x0b, 0x2d, 0x01, 0x00, 0x00, 0x0e, 0x8b,
  0x18, 0x15, 0x0a, 0x00, 0x00, 0x08, 0x00, 0x02, 0x53, 0x03, 0x00, 0x00,
  0x0e, 0x8c, 0x03, 0xac, 0x0d, 0x00, 0x00, 0x07, 0x08, 0xa0, 0x0d, 0x00,
  0x00, 0x07, 0x08, 0x50, 0x0c, 0x00, 0x00, 0x07, 0x08, 0xe8, 0x0c, 0x00,
  0x00, 0x07, 0x08, 0x25, 0x0d, 0x00, 0x00, 0x07, 0x08, 0xd0, 0x0d, 0x00,
  0x00, 0x07, 0x08, 0x01, 0x02, 0x00, 0x00, 0x07, 0x08, 0xaa, 0x02, 0x00,
  0x00, 0x07, 0x08, 0x4f, 0x02, 0x00, 0x00, 0x02, 0x08, 0x04, 0x00, 0x00,
  0x10, 0x66, 0x12, 0xd9, 0x00, 0x00, 0x00, 0x02, 0x00, 0x04, 0x00, 0x00,
  0x10, 0x67, 0x12, 0xcd, 0x00, 0x00, 0x00, 0x02, 0xf8, 0x03, 0x00, 0x00,
  0x10, 0x68, 0x11, 0xc1, 0x00, 0x00, 0x00, 0x11, 0x04, 0x03, 0x95, 0x05,
  0x8a, 0x0e, 0x00, 0x00, 0x19, 0x74, 0x02, 0x00, 0x00, 0x03, 0x9e, 0x16,
  0x5e, 0x00, 0x00, 0x00, 0x04, 0x02, 0x1e, 0x00, 0x19, 0x4e, 0x03, 0x00,
  0x00, 0x03, 0xba, 0x16, 0x5e, 0x00, 0x00, 0x00, 0x04, 0x03, 0x1b, 0x00,
  0x19, 0x26, 0x08, 0x00, 0x00, 0x03, 0xbf, 0x16, 0x5e, 0x00, 0x00, 0x00,
  0x04, 0x01, 0x1a, 0x00, 0x19, 0xee, 0x08, 0x00, 0x00, 0x03, 0xc3, 0x16,
  0x5e, 0x00, 0x00, 0x00, 0x04, 0x01, 0x19, 0x00, 0x19, 0xc1, 0x08, 0x00,
  0x00, 0x03, 0xc8, 0x16, 0x5e, 0x00, 0x00, 0x00, 0x04, 0x01, 0x18, 0x00,
  0x00, 0x11, 0x30, 0x03, 0x48, 0x09, 0xd5, 0x0e, 0x00, 0x00, 0x0b, 0xb9,
  0x02, 0x00, 0x00, 0x03, 0x92, 0x05, 0xbb, 0x02, 0x00, 0x00, 0x00, 0x0b,
  0x90, 0x0a, 0x00, 0x00, 0x03, 0x93, 0x10, 0xe5, 0x00, 0x00, 0x00, 0x10,
  0x0b, 0x32, 0x00, 0x00, 0x00, 0x03, 0x94, 0x0f, 0xf1, 0x00, 0x00, 0x00,
  0x18, 0x0b, 0xeb, 0x09, 0x00, 0x00, 0x03, 0xcc, 0x07, 0x30, 0x0e, 0x00,
  0x00, 0x20, 0x0b, 0x6f, 0x05, 0x00, 0x00, 0x03, 0xcd, 0x0e, 0xd5, 0x0e,
  0x00, 0x00, 0x28, 0x00, 0x07, 0x08, 0x3c, 0x00, 0x00, 0x00, 0x02, 0x88,
  0x09, 0x00, 0x00, 0x03, 0xce, 0x03, 0x8a, 0x0e, 0x00, 0x00, 0x11, 0x48,
  0x03, 0xd3, 0x09, 0x25, 0x0f, 0x00, 0x00, 0x0b, 0xbb, 0x02, 0x00, 0x00,
  0x03, 0xd4, 0x13, 0xdb, 0x0e, 0x00, 0x00, 0x00, 0x0b, 0x8b, 0x0a, 0x00,
  0x00, 0x03, 0xd5, 0x10, 0xe5, 0x00, 0x00, 0x00, 0x30, 0x0b, 0xa3, 0x08,
  0x00, 0x00, 0x03, 0xd7, 0x0b, 0x88, 0x00, 0x00, 0x00, 0x38, 0x0b, 0x73,
  0x03, 0x00, 0x00, 0x03, 0xd8, 0x10, 0xe5, 0x00, 0x00, 0x00, 0x40, 0x00,
  0x02, 0xf4, 0x08, 0x00, 0x00, 0x03, 0xda, 0x03, 0xe7, 0x0e, 0x00, 0x00,
  0x1a, 0x08, 0x03, 0xe1, 0x05, 0x6b, 0x0f, 0x00, 0x00, 0x1b, 0x61, 0x6e,
  0x79, 0x00, 0x03, 0xe2, 0x0f, 0x7a, 0x00, 0x00, 0x00, 0x1c, 0xef, 0x0a,
  0x00, 0x00, 0x03, 0xe3, 0x12, 0x6b, 0x0f, 0x00, 0x00, 0x1c, 0x03, 0x0a,
  0x00, 0x00, 0x03, 0xe4, 0x12, 0x71, 0x0f, 0x00, 0x00, 0x1c, 0x08, 0x0a,
  0x00, 0x00, 0x03, 0xe5, 0x12, 0x77, 0x0f, 0x00, 0x00, 0x00, 0x07, 0x08,
  0x24, 0x0e, 0x00, 0x00, 0x07, 0x08, 0x18, 0x0e, 0x00, 0x00, 0x07, 0x08,
  0x0c, 0x0e, 0x00, 0x00, 0x11, 0x50, 0x03, 0xdf, 0x09, 0xa1, 0x0f, 0x00,
  0x00, 0x0b, 0xbb, 0x02, 0x00, 0x00, 0x03, 0xe0, 0x1c, 0x25, 0x0f, 0x00,
  0x00, 0x00, 0x0b, 0x22, 0x05, 0x00, 0x00, 0x03, 0xe6, 0x07, 0x31, 0x0f,
  0x00, 0x00, 0x48, 0x00, 0x02, 0xf7, 0x0b, 0x00, 0x00, 0x03, 0xe7, 0x03,
  0x7d, 0x0f, 0x00, 0x00, 0x1d, 0x6d, 0x01, 0x00, 0x00, 0x07, 0x04, 0x5e,
  0x00, 0x00, 0x00, 0x03, 0x30, 0x01, 0x06, 0xd9, 0x0f, 0x00, 0x00, 0x16,
  0x9d, 0x09, 0x00, 0x00, 0x00, 0x16, 0x74, 0x05, 0x00, 0x00, 0x01, 0x16,
  0x4c, 0x08, 0x00, 0x00, 0x02, 0x16, 0xaa, 0x01, 0x00, 0x00, 0x04, 0x00,
  0x02, 0x1e, 0x07, 0x00, 0x00, 0x0c, 0x13, 0x15, 0xb3, 0x06, 0x00, 0x00,
  0x0a, 0x06, 0x07, 0x00, 0x00, 0x28, 0x0b, 0x2c, 0x10, 0x27, 0x10, 0x00,
  0x00, 0x0b, 0xb9, 0x02, 0x00, 0x00, 0x0b, 0x2d, 0x03, 0xbb, 0x02, 0x00,
  0x00, 0x00, 0x0b, 0x63, 0x07, 0x00, 0x00, 0x0b, 0x2e, 0x0f, 0x2c, 0x10,
  0x00, 0x00, 0x10, 0x0b, 0x00, 0x00, 0x00, 0x00, 0x0b, 0x2f, 0x0e, 0xe5,
  0x00, 0x00, 0x00, 0x18, 0x0b, 0x08, 0x00, 0x00, 0x00, 0x0b, 0x30, 0x0d,
  0x33, 0x06, 0x00, 0x00, 0x20, 0x00, 0x1e, 0x33, 0x06, 0x00, 0x00, 0x07,
  0x08, 0x27, 0x10, 0x00, 0x00, 0x02, 0x06, 0x07, 0x00, 0x00, 0x0b, 0x31,
  0x03, 0xe5, 0x0f, 0x00, 0x00, 0x07, 0x08, 0xcd, 0x01, 0x00, 0x00, 0x07,
  0x08, 0x4a, 0x10, 0x00, 0x00, 0x12, 0x33, 0x06, 0x00, 0x00, 0x5e, 0x10,
  0x00, 0x00, 0x13, 0x33, 0x06, 0x00, 0x00, 0x13, 0x7a, 0x00, 0x00, 0x00,
  0x00, 0x02, 0x48, 0x04, 0x00, 0x00, 0x0d, 0x08, 0x15, 0x44, 0x10, 0x00,
  0x00, 0x02, 0x4b, 0x07, 0x00, 0x00, 0x0d, 0x09, 0x0f, 0x76, 0x10, 0x00,
  0x00, 0x07, 0x08, 0x7c, 0x10, 0x00, 0x00, 0x12, 0x49, 0x00, 0x00, 0x00,
  0x95, 0x10, 0x00, 0x00, 0x13, 0x33, 0x06, 0x00, 0x00, 0x13, 0x33, 0x06,
  0x00, 0x00, 0x13, 0x7a, 0x00, 0x00, 0x00, 0x00, 0x1f, 0x01, 0x02, 0x00,
  0x00, 0xa5, 0x10, 0x00, 0x00, 0x20, 0x35, 0x00, 0x00, 0x00, 0x01, 0x00,
  0x21, 0xcd, 0x03, 0x00, 0x00, 0x01, 0xad, 0x14, 0x95, 0x10, 0x00, 0x00,
  0x09, 0x03, 0xe0, 0x40, 0x00, 0x00, 0x00, 0x00, 0x00, 0x00, 0x21, 0x1b,
  0x02, 0x00, 0x00, 0x01, 0xb2, 0x1b, 0x4a, 0x01, 0x00, 0x00, 0x09, 0x03,
  0x60, 0x40, 0x00, 0x00, 0x00, 0x00, 0x00, 0x00, 0x22, 0xf5, 0x01, 0x00,
  0x00, 0x11, 0x2a, 0x0e, 0x7a, 0x00, 0x00, 0x00, 0xf1, 0x10, 0x00, 0x00,
  0x13, 0x7a, 0x00, 0x00, 0x00, 0x13, 0xba, 0x00, 0x00, 0x00, 0x13, 0x29,
  0x00, 0x00, 0x00, 0x00, 0x23, 0x00, 0x06, 0x00, 0x00, 0x03, 0xd8, 0x01,
  0x17, 0x33, 0x06, 0x00, 0x00, 0x0d, 0x11, 0x00, 0x00, 0x13, 0xe5, 0x00,
  0x00, 0x00, 0x13, 0x0c, 0x0e, 0x00, 0x00, 0x00, 0x23, 0xa8, 0x06, 0x00,
  0x00, 0x03, 0xe4, 0x01, 0x11, 0x49, 0x00, 0x00, 0x00, 0x24, 0x11, 0x00,
  0x00, 0x13, 0x33, 0x06, 0x00, 0x00, 0x00, 0x22, 0x37, 0x00, 0x00, 0x00,
  0x12, 0x87, 0x18, 0x33, 0x06, 0x00, 0x00, 0x3f, 0x11, 0x00, 0x00, 0x13,
  0x3f, 0x11, 0x00, 0x00, 0x13, 0x49, 0x00, 0x00, 0x00, 0x00, 0x07, 0x08,
  0x3e, 0x01, 0x00, 0x00, 0x24, 0xdd, 0x08, 0x00, 0x00, 0x01, 0xbf, 0x01,
  0x33, 0x06, 0x00, 0x00, 0xe0, 0x18, 0x00, 0x00, 0x00, 0x00, 0x00, 0x00,
  0x11, 0x00, 0x00, 0x00, 0x00, 0x00, 0x00, 0x00, 0x01, 0x9c, 0x94, 0x11,
  0x00, 0x00, 0x25, 0x6d, 0x00, 0x01, 0xc1, 0x0c, 0x33, 0x06, 0x00, 0x00,
  0x26, 0xf1, 0x18, 0x00, 0x00, 0x00, 0x00, 0x00, 0x00, 0x24, 0x11, 0x00,
  0x00, 0x27, 0x01, 0x55, 0x09, 0x03, 0x60, 0x40, 0x00, 0x00, 0x00, 0x00,
  0x00, 0x00, 0x27, 0x01, 0x54, 0x03, 0x0a, 0xf5, 0x03, 0x00, 0x00, 0x28,
  0xc6, 0x06, 0x00, 0x00, 0x01, 0x98, 0x01, 0x33, 0x06, 0x00, 0x00, 0x50,
  0x11, 0x00, 0x00, 0x00, 0x00, 0x00, 0x00, 0x8c, 0x07, 0x00, 0x00, 0x00,
  0x00, 0x00, 0x00, 0x01, 0x9c, 0x16, 0x22, 0x00, 0x00, 0x29, 0xb8, 0x00,
  0x00, 0x00, 0x01, 0x98, 0x1a, 0x33, 0x06, 0x00, 0x00, 0x08, 0x00, 0x00,
  0x00, 0x00, 0x00, 0x00, 0x00, 0x2a, 0x73, 0x00, 0x01, 0x98, 0x2a, 0x33,
  0x06, 0x00, 0x00, 0x8e, 0x00, 0x00, 0x00, 0x6a, 0x00, 0x00, 0x00, 0x2b,
  0xab, 0x24, 0x00, 0x00, 0x50, 0x11, 0x00, 0x00, 0x00, 0x00, 0x00, 0x00,
  0x02, 0x00, 0x50, 0x11, 0x00, 0x00, 0x00, 0x00, 0x00, 0x00, 0x00, 0x00,
  0x00, 0x00, 0x00, 0x00, 0x00, 0x00, 0x01, 0x9a, 0x07, 0x10, 0x12, 0x00,
  0x00, 0x2c, 0xbc, 0x24, 0x00, 0x00, 0x14, 0x02, 0x00, 0x00, 0x12, 0x02,
  0x00, 0x00, 0x00, 0x2d, 0x56, 0x24, 0x00, 0x00, 0x50, 0x11, 0x00, 0x00,
  0x00, 0x00, 0x00, 0x00, 0x05, 0x00, 0x00, 0x00, 0x00, 0x00, 0x01, 0x9a,
  0x07, 0x58, 0x12, 0x00, 0x00, 0x2c, 0x75, 0x24, 0x00, 0x00, 0x39, 0x02,
  0x00, 0x00, 0x37, 0x02, 0x00, 0x00, 0x2c, 0x68, 0x24, 0x00, 0x00, 0x61,
  0x02, 0x00, 0x00, 0x5f, 0x02, 0x00, 0x00, 0x2e, 0x00, 0x00, 0x00, 0x00,
  0x2f, 0x82, 0x24, 0x00, 0x00, 0x87, 0x02, 0x00, 0x00, 0x85, 0x02, 0x00,
  0x00, 0x00, 0x00, 0x2d, 0x51, 0x23, 0x00, 0x00, 0x72, 0x11, 0x00, 0x00,
  0x00, 0x00, 0x00, 0x00, 0x01, 0x00, 0x30, 0x00, 0x00, 0x00, 0x01, 0x9e,
  0x06, 0xbd, 0x12, 0x00, 0x00, 0x2c, 0x63, 0x23, 0x00, 0x00, 0xb3, 0x02,
  0x00, 0x00, 0xaf, 0x02, 0x00, 0x00, 0x30, 0x37, 0x24, 0x00, 0x00, 0x72,
  0x11, 0x00, 0x00, 0x00, 0x00, 0x00, 0x00, 0x03, 0x00, 0x70, 0x00, 0x00,
  0x00, 0x03, 0xee, 0x01, 0x09, 0xa8, 0x12, 0x00, 0x00, 0x2c, 0x49, 0x24,
  0x00, 0x00, 0xeb, 0x02, 0x00, 0x00, 0xe9, 0x02, 0x00, 0x00, 0x00, 0x31,
  0xb8, 0x11, 0x00, 0x00, 0x00, 0x00, 0x00, 0x00, 0x0d, 0x11, 0x00, 0x00,
  0x27, 0x01, 0x55, 0x02, 0x73, 0x00, 0x00, 0x00, 0x2d, 0x83, 0x22, 0x00,
  0x00, 0xcc, 0x11, 0x00, 0x00, 0x00, 0x00, 0x00, 0x00, 0x01, 0x00, 0xa0,
  0x00, 0x00, 0x00, 0x01, 0xa5, 0x0a, 0xbb, 0x17, 0x00, 0x00, 0x2c, 0x94,
  0x22, 0x00, 0x00, 0x1e, 0x03, 0x00, 0x00, 0x0e, 0x03, 0x00, 0x00, 0x2e,
  0xa0, 0x00, 0x00, 0x00, 0x2f, 0x9f, 0x22, 0x00, 0x00, 0xe1, 0x03, 0x00,
  0x00, 0xd5, 0x03, 0x00, 0x00, 0x2f, 0xab, 0x22, 0x00, 0x00, 0x6b, 0x04,
  0x00, 0x00, 0x63, 0x04, 0x00, 0x00, 0x2f, 0xb7, 0x22, 0x00, 0x00, 0x07,
  0x05, 0x00, 0x00, 0xc7, 0x04, 0x00, 0x00, 0x2f, 0xc3, 0x22, 0x00, 0x00,
  0xa5, 0x07, 0x00, 0x00, 0x9b, 0x07, 0x00, 0x00, 0x2f, 0xcf, 0x22, 0x00,
  0x00, 0x18, 0x08, 0x00, 0x00, 0x14, 0x08, 0x00, 0x00, 0x2d, 0x8f, 0x23,
  0x00, 0x00, 0xcc, 0x11, 0x00, 0x00, 0x00, 0x00, 0x00, 0x00, 0x03, 0x00,
  0x40, 0x01, 0x00, 0x00, 0x01, 0x67, 0x11, 0x50, 0x14, 0x00, 0x00, 0x2c,
  0xa1, 0x23, 0x00, 0x00, 0x53, 0x08, 0x00, 0x00, 0x4f, 0x08, 0x00, 0x00,
  0x32, 0xf9, 0x23, 0x00, 0x00, 0xcc, 0x11, 0x00, 0x00, 0x00, 0x00, 0x00,
  0x00, 0x05, 0x00, 0xcc, 0x11, 0x00, 0x00, 0x00, 0x00, 0x00, 0x00, 0x00,
  0x00, 0x00, 0x00, 0x00, 0x00, 0x00, 0x00, 0x03, 0x51, 0x01, 0x09, 0x86,
  0x13, 0x00, 0x00, 0x2c, 0x0b, 0x24, 0x00, 0x00, 0x8b, 0x08, 0x00, 0x00,
  0x89, 0x08, 0x00, 0x00, 0x00, 0x32, 0xae, 0x23, 0x00, 0x00, 0xd5, 0x11,
  0x00, 0x00, 0x00, 0x00, 0x00, 0x00, 0x01, 0x00, 0xd5, 0x11, 0x00, 0x00,
  0x00, 0x00, 0x00, 0x00, 0x04, 0x00, 0x00, 0x00, 0x00, 0x00, 0x00, 0x00,
  0x03, 0x54, 0x01, 0x0c, 0xc8, 0x13, 0x00, 0x00, 0x2c, 0xc0, 0x23, 0x00,
  0x00, 0xb0, 0x08, 0x00, 0x00, 0xae, 0x08, 0x00, 0x00, 0x2f, 0xcc, 0x23,
  0x00, 0x00, 0xd5, 0x08, 0x00, 0x00, 0xd3, 0x08, 0x00, 0x00, 0x00, 0x33,
  0x8f, 0x23, 0x00, 0x00, 0x30, 0x18, 0x00, 0x00, 0x00, 0x00, 0x00, 0x00,
  0x01, 0x00, 0x80, 0x01, 0x00, 0x00, 0x03, 0x50, 0x01, 0x15, 0x2c, 0xa1,
  0x23, 0x00, 0x00, 0xfa, 0x08, 0x00, 0x00, 0xf8, 0x08, 0x00, 0x00, 0x34,
  0xda, 0x23, 0x00, 0x00, 0x30, 0x18, 0x00, 0x00, 0x00, 0x00, 0x00, 0x00,
  0x03, 0x00, 0x30, 0x18, 0x00, 0x00, 0x00, 0x00, 0x00, 0x00, 0x18, 0x00,
  0x00, 0x00, 0x00, 0x00, 0x00, 0x00, 0x03, 0x52, 0x01, 0x10, 0x2c, 0xec,
  0x23, 0x00, 0x00, 0x1f, 0x09, 0x00, 0x00, 0x1d, 0x09, 0x00, 0x00, 0x34,
  0x18, 0x24, 0x00, 0x00, 0x30, 0x18, 0x00, 0x00, 0x00, 0x00, 0x00, 0x00,
  0x05, 0x00, 0x30, 0x18, 0x00, 0x00, 0x00, 0x00, 0x00, 0x00, 0x00, 0x00,
  0x00, 0x00, 0x00, 0x00, 0x00, 0x00, 0x03, 0x42, 0x01, 0x09, 0x2c, 0x2a,
  0x24, 0x00, 0x00, 0x44, 0x09, 0x00, 0x00, 0x42, 0x09, 0x00, 0x00, 0x00,
  0x00, 0x00, 0x00, 0x2b, 0x70, 0x23, 0x00, 0x00, 0xd9, 0x11, 0x00, 0x00,
  0x00, 0x00, 0x00, 0x00, 0x04, 0x00, 0xd9, 0x11, 0x00, 0x00, 0x00, 0x00,
  0x00, 0x00, 0x04, 0x00, 0x00, 0x00, 0x00, 0x00, 0x00, 0x00, 0x01, 0x68,
  0x1b, 0x84, 0x14, 0x00, 0x00, 0x2c, 0x82, 0x23, 0x00, 0x00, 0x69, 0x09,
  0x00, 0x00, 0x67, 0x09, 0x00, 0x00, 0x00, 0x2d, 0x8f, 0x23, 0x00, 0x00,
  0x48, 0x12, 0x00, 0x00, 0x00, 0x00, 0x00, 0x00, 0x01, 0x00, 0xb0, 0x01,
  0x00, 0x00, 0x01, 0x77, 0x08, 0xaa, 0x15, 0x00, 0x00, 0x2c, 0xa1, 0x23,
  0x00, 0x00, 0x92, 0x09, 0x00, 0x00, 0x8c, 0x09, 0x00, 0x00, 0x32, 0xf9,
  0x23, 0x00, 0x00, 0x48, 0x12, 0x00, 0x00, 0x00, 0x00, 0x00, 0x00, 0x03,
  0x00, 0x48, 0x12, 0x00, 0x00, 0x00, 0x00, 0x00, 0x00, 0x04, 0x00, 0x00,
  0x00, 0x00, 0x00, 0x00, 0x00, 0x03, 0x51, 0x01, 0x09, 0xe0, 0x14, 0x00,
  0x00, 0x2c, 0x0b, 0x24, 0x00, 0x00, 0xe0, 0x09, 0x00, 0x00, 0xde, 0x09,
  0x00, 0x00, 0x00, 0x32, 0xae, 0x23, 0x00, 0x00, 0x54, 0x12, 0x00, 0x00,
  0x00, 0x00, 0x00, 0x00, 0x01, 0x00, 0x54, 0x12, 0x00, 0x00, 0x00, 0x00,
  0x00, 0x00, 0x04, 0x00, 0x00, 0x00, 0x00, 0x00, 0x00, 0x00, 0x03, 0x54,
  0x01, 0x0c, 0x22, 0x15, 0x00, 0x00, 0x2c, 0xc0, 0x23, 0x00, 0x00, 0x05,
  0x0a, 0x00, 0x00, 0x03, 0x0a, 0x00, 0x00, 0x2f, 0xcc, 0x23, 0x00, 0x00,
  0x2a, 0x0a, 0x00, 0x00, 0x28, 0x0a, 0x00, 0x00, 0x00, 0x33, 0x8f, 0x23,
  0x00, 0x00, 0xa8, 0x18, 0x00, 0x00, 0x00, 0x00, 0x00, 0x00, 0x01, 0x00,
  0xf0, 0x01, 0x00, 0x00, 0x03, 0x50, 0x01, 0x15, 0x2c, 0xa1, 0x23, 0x00,
  0x00, 0x51, 0x0a, 0x00, 0x00, 0x4d, 0x0a, 0x00, 0x00, 0x34, 0xda, 0x23,
  0x00, 0x00, 0xa8, 0x18, 0x00, 0x00, 0x00, 0x00, 0x00, 0x00, 0x03, 0x00,
  0xa8, 0x18, 0x00, 0x00, 0x00, 0x00, 0x00, 0x00, 0x18, 0x00, 0x00, 0x00,
  0x00, 0x00, 0x00, 0x00, 0x03, 0x52, 0x01, 0x10, 0x2c, 0xec, 0x23, 0x00,
  0x00, 0x8e, 0x0a, 0x00, 0x00, 0x8a, 0x0a, 0x00, 0x00, 0x34, 0x18, 0x24,
  0x00, 0x00, 0xa8, 0x18, 0x00, 0x00, 0x00, 0x00, 0x00, 0x00, 0x05, 0x00,
  0xa8, 0x18, 0x00, 0x00, 0x00, 0x00, 0x00, 0x00, 0x00, 0x00, 0x00, 0x00,
  0x00, 0x00, 0x00, 0x00, 0x03, 0x42, 0x01, 0x09, 0x2c, 0x2a, 0x24, 0x00,
  0x00, 0xc9, 0x0a, 0x00, 0x00, 0xc7, 0x0a, 0x00, 0x00, 0x00, 0x00, 0x00,
  0x00, 0x2d, 0x8f, 0x23, 0x00, 0x00, 0x58, 0x12, 0x00, 0x00, 0x00, 0x00,
  0x00, 0x00, 0x04, 0x00, 0x20, 0x02, 0x00, 0x00, 0x01, 0x78, 0x09, 0xd0,
  0x16, 0x00, 0x00, 0x2c, 0xa1, 0x23, 0x00, 0x00, 0xf0, 0x0a, 0x00, 0x00,
  0xec, 0x0a, 0x00, 0x00, 0x32, 0xf9, 0x23, 0x00, 0x00, 0x58, 0x12, 0x00,
  0x00, 0x00, 0x00, 0x00, 0x00, 0x06, 0x00, 0x58, 0x12, 0x00, 0x00, 0x00,
  0x00, 0x00, 0x00, 0x06, 0x00, 0x00, 0x00, 0x00, 0x00, 0x00, 0x00, 0x03,
  0x51, 0x01, 0x09, 0x06, 0x16, 0x00, 0x00, 0x2c, 0x0b, 0x24, 0x00, 0x00,
  0x28, 0x0b, 0x00, 0x00, 0x26, 0x0b, 0x00, 0x00, 0x00, 0x32, 0xae, 0x23,
  0x00, 0x00, 0x66, 0x12, 0x00, 0x00, 0x00, 0x00, 0x00, 0x00, 0x01, 0x00,
  0x66, 0x12, 0x00, 0x00, 0x00, 0x00, 0x00, 0x00, 0x05, 0x00, 0x00, 0x00,
  0x00, 0x00, 0x00, 0x00, 0x03, 0x54, 0x01, 0x0c, 0x48, 0x16, 0x00, 0x00,
  0x2c, 0xc0, 0x23, 0x00, 0x00, 0x4d, 0x0b, 0x00, 0x00, 0x4b, 0x0b, 0x00,
  0x00, 0x2f, 0xcc, 0x23, 0x00, 0x00, 0x72, 0x0b, 0x00, 0x00, 0x70, 0x0b,
  0x00, 0x00, 0x00, 0x33, 0x8f, 0x23, 0x00, 0x00, 0x90, 0x18, 0x00, 0x00,
  0x00, 0x00, 0x00, 0x00, 0x01, 0x00, 0x60, 0x02, 0x00, 0x00, 0x03, 0x50,
  0x01, 0x15, 0x2c, 0xa1, 0x23, 0x00, 0x00, 0x97, 0x0b, 0x00, 0x00, 0x95,
  0x0b, 0x00, 0x00, 0x34, 0xda, 0x23, 0x00, 0x00, 0x90, 0x18, 0x00, 0x00,
  0x00, 0x00, 0x00, 0x00, 0x03, 0x00, 0x90, 0x18, 0x00, 0x00, 0x00, 0x00,
  0x00, 0x00, 0x18, 0x00, 0x00, 0x00, 0x00, 0x00, 0x00, 0x00, 0x03, 0x52,
  0x01, 0x10, 0x2c, 0xec, 0x23, 0x00, 0x00, 0xbc, 0x0b, 0x00, 0x00, 0xba,
  0x0b, 0x00, 0x00, 0x34, 0x18, 0x24, 0x00, 0x00, 0x90, 0x18, 0x00, 0x00,
  0x00, 0x00, 0x00, 0x00, 0x05, 0x00, 0x90, 0x18, 0x00, 0x00, 0x00, 0x00,
  0x00, 0x00, 0x00, 0x00, 0x00, 0x00, 0x00, 0x00, 0x00, 0x00, 0x03, 0x42,
  0x01, 0x09, 0x2c, 0x2a, 0x24, 0x00, 0x00, 0xe1, 0x0b, 0x00, 0x00, 0xdf,
  0x0b, 0x00, 0x00, 0x00, 0x00, 0x00, 0x00, 0x35, 0xdb, 0x22, 0x00, 0x00,
  0x90, 0x02, 0x00, 0x00, 0xa4, 0x17, 0x00, 0x00, 0x2f, 0xdc, 0x22, 0x00,
  0x00, 0x20, 0x0c, 0x00, 0x00, 0x04, 0x0c, 0x00, 0x00, 0x36, 0xf5, 0x15,
  0x00, 0x00, 0x00, 0x00, 0x00, 0x00, 0xc8, 0x24, 0x00, 0x00, 0x02, 0x17,
  0x00, 0x00, 0x27, 0x01, 0x54, 0x02, 0x7d, 0x00, 0x00, 0x36, 0x12, 0x16,
  0x00, 0x00, 0x00, 0x00, 0x00, 0x00, 0xc8, 0x24, 0x00, 0x00, 0x23, 0x17,
  0x00, 0x00, 0x27, 0x01, 0x54, 0x05, 0x73, 0x00, 0x7f, 0x00, 0x1c, 0x27,
  0x01, 0x51, 0x02, 0x7f, 0x00, 0x00, 0x36, 0x42, 0x16, 0x00, 0x00, 0x00,
  0x00, 0x00, 0x00, 0xc8, 0x24, 0x00, 0x00, 0x44, 0x17, 0x00, 0x00, 0x27,
  0x01, 0x54, 0x05, 0x73, 0x00, 0x7f, 0x00, 0x1c, 0x27, 0x01, 0x51, 0x02,
  0x7f, 0x00, 0x00, 0x36, 0x72, 0x16, 0x00, 0x00, 0x00, 0x00, 0x00, 0x00,
  0xc8, 0x24, 0x00, 0x00, 0x65, 0x17, 0x00, 0x00, 0x27, 0x01, 0x54, 0x05,
  0x73, 0x00, 0x7f, 0x00, 0x1c, 0x27, 0x01, 0x51, 0x02, 0x7f, 0x00, 0x00,
  0x36, 0xaa, 0x16, 0x00, 0x00, 0x00, 0x00, 0x00, 0x00, 0xc8, 0x24, 0x00,
  0x00, 0x86, 0x17, 0x00, 0x00, 0x27, 0x01, 0x54, 0x05, 0x73, 0x00, 0x7f,
  0x00, 0x1c, 0x27, 0x01, 0x51, 0x02, 0x7f, 0x00, 0x00, 0x31, 0xe2, 0x16,
  0x00, 0x00, 0x00, 0x00, 0x00, 0x00, 0xc8, 0x24, 0x00, 0x00, 0x27, 0x01,
  0x54, 0x05, 0x73, 0x00, 0x7f, 0x00, 0x1c, 0x27, 0x01, 0x51, 0x02, 0x7f,
  0x00, 0x00, 0x00, 0x31, 0x3c, 0x12, 0x00, 0x00, 0x00, 0x00, 0x00, 0x00,
  0xf1, 0x10, 0x00, 0x00, 0x27, 0x01, 0x54, 0x03, 0x0a, 0xff, 0xff, 0x00,
  0x00, 0x00, 0x2d, 0xea, 0x22, 0x00, 0x00, 0xa0, 0x12, 0x00, 0x00, 0x00,
  0x00, 0x00, 0x00, 0x02, 0x00, 0xe0, 0x02, 0x00, 0x00, 0x01, 0xa3, 0x0a,
  0x19, 0x1d, 0x00, 0x00, 0x2c, 0xfb, 0x22, 0x00, 0x00, 0x4f, 0x0d, 0x00,
  0x00, 0x41, 0x0d, 0x00, 0x00, 0x2e, 0xe0, 0x02, 0x00, 0x00, 0x2f, 0x06,
  0x23, 0x00, 0x00, 0xfa, 0x0d, 0x00, 0x00, 0xf0, 0x0d, 0x00, 0x00, 0x2f,
  0x12, 0x23, 0x00, 0x00, 0x6f, 0x0e, 0x00, 0x00, 0x69, 0x0e, 0x00, 0x00,
  0x2f, 0x1e, 0x23, 0x00, 0x00, 0xf6, 0x0e, 0x00, 0x00, 0xb8, 0x0e, 0x00,
  0x00, 0x2f, 0x2a, 0x23, 0x00, 0x00, 0x7f, 0x11, 0x00, 0x00, 0x77, 0x11,
  0x00, 0x00, 0x2f, 0x36, 0x23, 0x00, 0x00, 0xdf, 0x11, 0x00, 0x00, 0xdb,
  0x11, 0x00, 0x00, 0x2d, 0x8f, 0x23, 0x00, 0x00, 0xa0, 0x12, 0x00, 0x00,
  0x00, 0x00, 0x00, 0x00, 0x04, 0x00, 0x60, 0x03, 0x00, 0x00, 0x01, 0x4d,
  0x11, 0x4e, 0x19, 0x00, 0x00, 0x2c, 0xa1, 0x23, 0x00, 0x00, 0x1a, 0x12,
  0x00, 0x00, 0x16, 0x12, 0x00, 0x00, 0x32, 0xf9, 0x23, 0x00, 0x00, 0xa0,
  0x12, 0x00, 0x00, 0x00, 0x00, 0x00, 0x00, 0x06, 0x00, 0xa0, 0x12, 0x00,
  0x00, 0x00, 0x00, 0x00, 0x00, 0x00, 0x00, 0x00, 0x00, 0x00, 0x00, 0x00,
  0x00, 0x03, 0x51, 0x01, 0x09, 0x84, 0x18, 0x00, 0x00, 0x2c, 0x0b, 0x24,
  0x00, 0x00, 0x52, 0x12, 0x00, 0x00, 0x50, 0x12, 0x00, 0x00, 0x00, 0x32,
  0xae, 0x23, 0x00, 0x00, 0xa9, 0x12, 0x00, 0x00, 0x00, 0x00, 0x00, 0x00,
  0x01, 0x00, 0xa9, 0x12, 0x00, 0x00, 0x00, 0x00, 0x00, 0x00, 0x04, 0x00,
  0x00, 0x00, 0x00, 0x00, 0x00, 0x00, 0x03, 0x54, 0x01, 0x0c, 0xc6, 0x18,
  0x00, 0x00, 0x2c, 0xc0, 0x23, 0x00, 0x00, 0x77, 0x12, 0x00, 0x00, 0x75,
  0x12, 0x00, 0x00, 0x2f, 0xcc, 0x23, 0x00, 0x00, 0x9c, 0x12, 0x00, 0x00,
  0x9a, 0x12, 0x00, 0x00, 0x00, 0x33, 0x8f, 0x23, 0x00, 0x00, 0x00, 0x18,
  0x00, 0x00, 0x00, 0x00, 0x00, 0x00, 0x01, 0x00, 0xa0, 0x03, 0x00, 0x00,
  0x03, 0x50, 0x01, 0x15, 0x2c, 0xa1, 0x23, 0x00, 0x00, 0xc1, 0x12, 0x00,
  0x00, 0xbf, 0x12, 0x00, 0x00, 0x34, 0xda, 0x23, 0x00, 0x00, 0x00, 0x18,
  0x00, 0x00, 0x00, 0x00, 0x00, 0x00, 0x03, 0x00, 0x00, 0x18, 0x00, 0x00,
  0x00, 0x00, 0x00, 0x00, 0x18, 0x00, 0x00, 0x00, 0x00, 0x00, 0x00, 0x00,
  0x03, 0x52, 0x01, 0x10, 0x2c, 0xec, 0x23, 0x00, 0x00, 0xe6, 0x12, 0x00,
  0x00, 0xe4, 0x12, 0x00, 0x00, 0x34, 0x18, 0x24, 0x00, 0x00, 0x00, 0x18,
  0x00, 0x00, 0x00, 0x00, 0x00, 0x00, 0x05, 0x00, 0x00, 0x18, 0x00, 0x00,
  0x00, 0x00, 0x00, 0x00, 0x00, 0x00, 0x00, 0x00, 0x00, 0x00, 0x00, 0x00,
  0x03, 0x42, 0x01, 0x09, 0x2c, 0x2a, 0x24, 0x00, 0x00, 0x0b, 0x13, 0x00,
  0x00, 0x09, 0x13, 0x00, 0x00, 0x00, 0x00, 0x00, 0x00, 0x2b, 0x70, 0x23,
  0x00, 0x00, 0xad, 0x12, 0x00, 0x00, 0x00, 0x00, 0x00, 0x00, 0x04, 0x00,
  0xad, 0x12, 0x00, 0x00, 0x00, 0x00, 0x00, 0x00, 0x04, 0x00, 0x00, 0x00,
  0x00, 0x00, 0x00, 0x00, 0x01, 0x4e, 0x1b, 0x82, 0x19, 0x00, 0x00, 0x2c,
  0x82, 0x23, 0x00, 0x00, 0x30, 0x13, 0x00, 0x00, 0x2e, 0x13, 0x00, 0x00,
  0x00, 0x2b, 0x18, 0x24, 0x00, 0x00, 0xff, 0x12, 0x00, 0x00, 0x00, 0x00,
  0x00, 0x00, 0x01, 0x00, 0xff, 0x12, 0x00, 0x00, 0x00, 0x00, 0x00, 0x00,
  0x06, 0x00, 0x00, 0x00, 0x00, 0x00, 0x00, 0x00, 0x01, 0x5a, 0x07, 0xb6,
  0x19, 0x00, 0x00, 0x2c, 0x2a, 0x24, 0x00, 0x00, 0x55, 0x13, 0x00, 0x00,
  0x53, 0x13, 0x00, 0x00, 0x00, 0x2d, 0x8f, 0x23, 0x00, 0x00, 0x2d, 0x13,
  0x00, 0x00, 0x00, 0x00, 0x00, 0x00, 0x01, 0x00, 0xd0, 0x03, 0x00, 0x00,
  0x01, 0x5e, 0x08, 0xdc, 0x1a, 0x00, 0x00, 0x2c, 0xa1, 0x23, 0x00, 0x00,
  0x7e, 0x13, 0x00, 0x00, 0x78, 0x13, 0x00, 0x00, 0x32, 0xf9, 0x23, 0x00,
  0x00, 0x2d, 0x13, 0x00, 0x00, 0x00, 0x00, 0x00, 0x00, 0x03, 0x00, 0x2d,
  0x13, 0x00, 0x00, 0x00, 0x00, 0x00, 0x00, 0x04, 0x00, 0x00, 0x00, 0x00,
  0x00, 0x00, 0x00, 0x03, 0x51, 0x01, 0x09, 0x12, 0x1a, 0x00, 0x00, 0x2c,
  0x0b, 0x24, 0x00, 0x00, 0xcc, 0x13, 0x00, 0x00, 0xca, 0x13, 0x00, 0x00,
  0x00, 0x32, 0xae, 0x23, 0x00, 0x00, 0x39, 0x13, 0x00, 0x00, 0x00, 0x00,
  0x00, 0x00, 0x01, 0x00, 0x39, 0x13, 0x00, 0x00, 0x00, 0x00, 0x00, 0x00,
  0x04, 0x00, 0x00, 0x00, 0x00, 0x00, 0x00, 0x00, 0x03, 0x54, 0x01, 0x0c,
  0x54, 0x1a, 0x00, 0x00, 0x2c, 0xc0, 0x23, 0x00, 0x00, 0xf1, 0x13, 0x00,
  0x00, 0xef, 0x13, 0x00, 0x00, 0x2f, 0xcc, 0x23, 0x00, 0x00, 0x16, 0x14,
  0x00, 0x00, 0x14, 0x14, 0x00, 0x00, 0x00, 0x33, 0x8f, 0x23, 0x00, 0x00,
  0x48, 0x18, 0x00, 0x00, 0x00, 0x00, 0x00, 0x00, 0x01, 0x00, 0x10, 0x04,
  0x00, 0x00, 0x03, 0x50, 0x01, 0x15, 0x2c, 0xa1, 0x23, 0x00, 0x00, 0x3d,
  0x14, 0x00, 0x00, 0x39, 0x14, 0x00, 0x00, 0x34, 0xda, 0x23, 0x00, 0x00,
  0x48, 0x18, 0x00, 0x00, 0x00, 0x00, 0x00, 0x00, 0x03, 0x00, 0x48, 0x18,
  0x00, 0x00, 0x00, 0x00, 0x00, 0x00, 0x18, 0x00, 0x00, 0x00, 0x00, 0x00,
  0x00, 0x00, 0x03, 0x52, 0x01, 0x10, 0x2c, 0xec, 0x23, 0x00, 0x00, 0x7a,
  0x14, 0x00, 0x00, 0x76, 0x14, 0x00, 0x00, 0x34, 0x18, 0x24, 0x00, 0x00,
  0x48, 0x18, 0x00, 0x00, 0x00, 0x00, 0x00, 0x00, 0x05, 0x00, 0x48, 0x18,
  0x00, 0x00, 0x00, 0x00, 0x00, 0x00, 0x00, 0x00, 0x00, 0x00, 0x00, 0x00,
  0x00, 0x00, 0x03, 0x42, 0x01, 0x09, 0x2c, 0x2a, 0x24, 0x00, 0x00, 0xb5,
  0x14, 0x00, 0x00, 0xb3, 0x14, 0x00, 0x00, 0x00, 0x00, 0x00, 0x00, 0x2d,
  0x8f, 0x23, 0x00, 0x00, 0x3d, 0x13, 0x00, 0x00, 0x00, 0x00, 0x00, 0x00,
  0x04, 0x00, 0x40, 0x04, 0x00, 0x00, 0x01, 0x5f, 0x09, 0x02, 0x1c, 0x00,
  0x00, 0x2c, 0xa1, 0x23, 0x00, 0x00, 0xdc, 0x14, 0x00, 0x00, 0xd8, 0x14,
  0x00, 0x00, 0x32, 0xf9, 0x23, 0x00, 0x00, 0x3d, 0x13, 0x00, 0x00, 0x00,
  0x00, 0x00, 0x00, 0x06, 0x00, 0x3d, 0x13, 0x00, 0x00, 0x00, 0x00, 0x00,
  0x00, 0x06, 0x00, 0x00, 0x00, 0x00, 0x00, 0x00, 0x00, 0x03, 0x51, 0x01,
  0x09, 0x38, 0x1b, 0x00, 0x00, 0x2c, 0x0b, 0x24, 0x00, 0x00, 0x14, 0x15,
  0x00, 0x00, 0x12, 0x15, 0x00, 0x00, 0x00, 0x32, 0xae, 0x23, 0x00, 0x00,
  0x4b, 0x13, 0x00, 0x00, 0x00, 0x00, 0x00, 0x00, 0x01, 0x00, 0x4b, 0x13,
  0x00, 0x00, 0x00, 0x00, 0x00, 0x00, 0x05, 0x00, 0x00, 0x00, 0x00, 0x00,
  0x00, 0x00, 0x03, 0x54, 0x01, 0x0c, 0x7a, 0x1b, 0x00, 0x00, 0x2c, 0xc0,
  0x23, 0x00, 0x00, 0x39, 0x15, 0x00, 0x00, 0x37, 0x15, 0x00, 0x00, 0x2f,
  0xcc, 0x23, 0x00, 0x00, 0x5e, 0x15, 0x00, 0x00, 0x5c, 0x15, 0x00, 0x00,
  0x00, 0x33, 0x8f, 0x23, 0x00, 0x00, 0x60, 0x18, 0x00, 0x00, 0x00, 0x00,
  0x00, 0x00, 0x01, 0x00, 0x80, 0x04, 0x00, 0x00, 0x03, 0x50, 0x01, 0x15,
  0x2c, 0xa1, 0x23, 0x00, 0x00, 0x83, 0x15, 0x00, 0x00, 0x81, 0x15, 0x00,
  0x00, 0x34, 0xda, 0x23, 0x00, 0x00, 0x60, 0x18, 0x00, 0x00, 0x00, 0x00,
  0x00, 0x00, 0x03, 0x00, 0x60, 0x18, 0x00, 0x00, 0x00, 0x00, 0x00, 0x00,
  0x18, 0x00, 0x00, 0x00, 0x00, 0x00, 0x00, 0x00, 0x03, 0x52, 0x01, 0x10,
  0x2c, 0xec, 0x23, 0x00, 0x00, 0xa8, 0x15, 0x00, 0x00, 0xa6, 0x15, 0x00,
  0x00, 0x34, 0x18, 0x24, 0x00, 0x00, 0x60, 0x18, 0x00, 0x00, 0x00, 0x00,
  0x00, 0x00, 0x05, 0x00, 0x60, 0x18, 0x00, 0x00, 0x00, 0x00, 0x00, 0x00,
  0x00, 0x00, 0x00, 0x00, 0x00, 0x00, 0x00, 0x00, 0x03, 0x42, 0x01, 0x09,
  0x2c, 0x2a, 0x24, 0x00, 0x00, 0xcd, 0x15, 0x00, 0x00, 0xcb, 0x15, 0x00,
  0x00, 0x00, 0x00, 0x00, 0x00, 0x35, 0x42, 0x23, 0x00, 0x00, 0xb0, 0x04,
  0x00, 0x00, 0xd6, 0x1c, 0x00, 0x00, 0x2f, 0x43, 0x23, 0x00, 0x00, 0x0a,
  0x16, 0x00, 0x00, 0xf0, 0x15, 0x00, 0x00, 0x36, 0x2b, 0x17, 0x00, 0x00,
  0x00, 0x00, 0x00, 0x00, 0xc8, 0x24, 0x00, 0x00, 0x34, 0x1c, 0x00, 0x00,
  0x27, 0x01, 0x54, 0x02, 0x7e, 0x00, 0x00, 0x36, 0x3e, 0x17, 0x00, 0x00,
  0x00, 0x00, 0x00, 0x00, 0xc8, 0x24, 0x00, 0x00, 0x55, 0x1c, 0x00, 0x00,
  0x27, 0x01, 0x54, 0x05, 0x7e, 0x00, 0x73, 0x00, 0x1c, 0x27, 0x01, 0x51,
  0x02, 0x73, 0x00, 0x00, 0x36, 0x5e, 0x17, 0x00, 0x00, 0x00, 0x00, 0x00,
  0x00, 0xc8, 0x24, 0x00, 0x00, 0x76, 0x1c, 0x00, 0x00, 0x27, 0x01, 0x54,
  0x05, 0x7e, 0x00, 0x73, 0x00, 0x1c, 0x27, 0x01, 0x51, 0x02, 0x73, 0x00,
  0x00, 0x36, 0x7e, 0x17, 0x00, 0x00, 0x00, 0x00, 0x00, 0x00, 0xc8, 0x24,
  0x00, 0x00, 0x97, 0x1c, 0x00, 0x00, 0x27, 0x01, 0x54, 0x05, 0x7e, 0x00,
  0x73, 0x00, 0x1c, 0x27, 0x01, 0x51, 0x02, 0x73, 0x00, 0x00, 0x36, 0xae,
  0x17, 0x00, 0x00, 0x00, 0x00, 0x00, 0x00, 0xc8, 0x24, 0x00, 0x00, 0xb8,
  0x1c, 0x00, 0x00, 0x27, 0x01, 0x54, 0x05, 0x7e, 0x00, 0x73, 0x00, 0x1c,
  0x27, 0x01, 0x51, 0x02, 0x73, 0x00, 0x00, 0x31, 0xde, 0x17, 0x00, 0x00,
  0x00, 0x00, 0x00, 0x00, 0xc8, 0x24, 0x00, 0x00, 0x27, 0x01, 0x54, 0x05,
  0x7e, 0x00, 0x73, 0x00, 0x1c, 0x27, 0x01, 0x51, 0x02, 0x73, 0x00, 0x00,
  0x00, 0x2b, 0x90, 0x24, 0x00, 0x00, 0x88, 0x13, 0x00, 0x00, 0x00, 0x00,
  0x00, 0x00, 0x02, 0x00, 0x88, 0x13, 0x00, 0x00, 0x00, 0x00, 0x00, 0x00,
  0x04, 0x00, 0x00, 0x00, 0x00, 0x00, 0x00, 0x00, 0x01, 0x55, 0x03, 0x0a,
  0x1d, 0x00, 0x00, 0x2c, 0x9e, 0x24, 0x00, 0x00, 0x19, 0x17, 0x00, 0x00,
  0x17, 0x17, 0x00, 0x00, 0x00, 0x37, 0x21, 0x13, 0x00, 0x00, 0x00, 0x00,
  0x00, 0x00, 0xf1, 0x10, 0x00, 0x00, 0x00, 0x00, 0x38, 0x16, 0x22, 0x00,
  0x00, 0x98, 0x13, 0x00, 0x00, 0x00, 0x00, 0x00, 0x00, 0x02, 0x00, 0xf0,
  0x04, 0x00, 0x00, 0x01, 0xa7, 0x0a, 0x2c, 0x27, 0x22, 0x00, 0x00, 0x4a,
  0x17, 0x00, 0x00, 0x3c, 0x17, 0x00, 0x00, 0x2e, 0xf0, 0x04, 0x00, 0x00,
  0x2f, 0x32, 0x22, 0x00, 0x00, 0xf5, 0x17, 0x00, 0x00, 0xeb, 0x17, 0x00,
  0x00, 0x2f, 0x3e, 0x22, 0x00, 0x00, 0x6e, 0x18, 0x00, 0x00, 0x64, 0x18,
  0x00, 0x00, 0x2f, 0x4a, 0x22, 0x00, 0x00, 0x1b, 0x19, 0x00, 0x00, 0xdf,
  0x18, 0x00, 0x00, 0x2f, 0x56, 0x22, 0x00, 0x00, 0x93, 0x1b, 0x00, 0x00,
  0x89, 0x1b, 0x00, 0x00, 0x2f, 0x62, 0x22, 0x00, 0x00, 0x06, 0x1c, 0x00,
  0x00, 0x02, 0x1c, 0x00, 0x00, 0x2d, 0x8f, 0x23, 0x00, 0x00, 0x98, 0x13,
  0x00, 0x00, 0x00, 0x00, 0x00, 0x00, 0x04, 0x00, 0x80, 0x05, 0x00, 0x00,
  0x01, 0x81, 0x11, 0xa8, 0x1e, 0x00, 0x00, 0x2c, 0xa1, 0x23, 0x00, 0x00,
  0x41, 0x1c, 0x00, 0x00, 0x3d, 0x1c, 0x00, 0x00, 0x32, 0xf9, 0x23, 0x00,
  0x00, 0x98, 0x13, 0x00, 0x00, 0x00, 0x00, 0x00, 0x00, 0x06, 0x00, 0x98,
  0x13, 0x00, 0x00, 0x00, 0x00, 0x00, 0x00, 0x00, 0x00, 0x00, 0x00, 0x00,
  0x00, 0x00, 0x00, 0x03, 0x51, 0x01, 0x09, 0xde, 0x1d, 0x00, 0x00, 0x2c,
  0x0b, 0x24, 0x00, 0x00, 0x79, 0x1c, 0x00, 0x00, 0x77, 0x1c, 0x00, 0x00,
  0x00, 0x32, 0xae, 0x23, 0x00, 0x00, 0xa1, 0x13, 0x00, 0x00, 0x00, 0x00,
  0x00, 0x00, 0x01, 0x00, 0xa1, 0x13, 0x00, 0x00, 0x00, 0x00, 0x00, 0x00,
  0x04, 0x00, 0x00, 0x00, 0x00, 0x00, 0x00, 0x00, 0x03, 0x54, 0x01, 0x0c,
  0x20, 0x1e, 0x00, 0x00, 0x2c, 0xc0, 0x23, 0x00, 0x00, 0x9e, 0x1c, 0x00,
  0x00, 0x9c, 0x1c, 0x00, 0x00, 0x2f, 0xcc, 0x23, 0x00, 0x00, 0xc3, 0x1c,
  0x00, 0x00, 0xc1, 0x1c, 0x00, 0x00, 0x00, 0x33, 0x8f, 0x23, 0x00, 0x00,
  0x18, 0x18, 0x00, 0x00, 0x00, 0x00, 0x00, 0x00, 0x01, 0x00, 0xc0, 0x05,
  0x00, 0x00, 0x03, 0x50, 0x01, 0x15, 0x2c, 0xa1, 0x23, 0x00, 0x00, 0xe8,
  0x1c, 0x00, 0x00, 0xe6, 0x1c, 0x00, 0x00, 0x34, 0xda, 0x23, 0x00, 0x00,
  0x18, 0x18, 0x00, 0x00, 0x00, 0x00, 0x00, 0x00, 0x03, 0x00, 0x18, 0x18,
  0x00, 0x00, 0x00, 0x00, 0x00, 0x00, 0x18, 0x00, 0x00, 0x00, 0x00, 0x00,
  0x00, 0x00, 0x03, 0x52, 0x01, 0x10, 0x2c, 0xec, 0x23, 0x00, 0x00, 0x0d,
  0x1d, 0x00, 0x00, 0x0b, 0x1d, 0x00, 0x00, 0x34, 0x18, 0x24, 0x00, 0x00,
  0x18, 0x18, 0x00, 0x00, 0x00, 0x00, 0x00, 0x00, 0x05, 0x00, 0x18, 0x18,
  0x00, 0x00, 0x00, 0x00, 0x00, 0x00, 0x00, 0x00, 0x00, 0x00, 0x00, 0x00,
  0x00, 0x00, 0x03, 0x42, 0x01, 0x09, 0x2c, 0x2a, 0x24, 0x00, 0x00, 0x32,
  0x1d, 0x00, 0x00, 0x30, 0x1d, 0x00, 0x00, 0x00, 0x00, 0x00, 0x00, 0x2b,
  0x70, 0x23, 0x00, 0x00, 0xa5, 0x13, 0x00, 0x00, 0x00, 0x00, 0x00, 0x00,
  0x04, 0x00, 0xa5, 0x13, 0x00, 0x00, 0x00, 0x00, 0x00, 0x00, 0x04, 0x00,
  0x00, 0x00, 0x00, 0x00, 0x00, 0x00, 0x01, 0x82, 0x1b, 0xdc, 0x1e, 0x00,
  0x00, 0x2c, 0x82, 0x23, 0x00, 0x00, 0x57, 0x1d, 0x00, 0x00, 0x55, 0x1d,
  0x00, 0x00, 0x00, 0x2d, 0x8f, 0x23, 0x00, 0x00, 0x0f, 0x14, 0x00, 0x00,
  0x00, 0x00, 0x00, 0x00, 0x01, 0x00, 0xf0, 0x05, 0x00, 0x00, 0x01, 0x91,
  0x08, 0x02, 0x20, 0x00, 0x00, 0x2c, 0xa1, 0x23, 0x00, 0x00, 0x80, 0x1d,
  0x00, 0x00, 0x7a, 0x1d, 0x00, 0x00, 0x32, 0xf9, 0x23, 0x00, 0x00, 0x0f,
  0x14, 0x00, 0x00, 0x00, 0x00, 0x00, 0x00, 0x03, 0x00, 0x0f, 0x14, 0x00,
  0x00, 0x00, 0x00, 0x00, 0x00, 0x04, 0x00, 0x00, 0x00, 0x00, 0x00, 0x00,
  0x00, 0x03, 0x51, 0x01, 0x09, 0x38, 0x1f, 0x00, 0x00, 0x2c, 0x0b, 0x24,
  0x00, 0x00, 0xce, 0x1d, 0x00, 0x00, 0xcc, 0x1d, 0x00, 0x00, 0x00, 0x32,
  0xae, 0x23, 0x00, 0x00, 0x1b, 0x14, 0x00, 0x00, 0x00, 0x00, 0x00, 0x00,
  0x01, 0x00, 0x1b, 0x14, 0x00, 0x00, 0x00, 0x00, 0x00, 0x00, 0x04, 0x00,
  0x00, 0x00, 0x00, 0x00, 0x00, 0x00, 0x03, 0x54, 0x01, 0x0c, 0x7a, 0x1f,
  0x00, 0x00, 0x2c, 0xc0, 0x23, 0x00, 0x00, 0xf3, 0x1d, 0x00, 0x00, 0xf1,
  0x1d, 0x00, 0x00, 0x2f, 0xcc, 0x23, 0x00, 0x00, 0x18, 0x1e, 0x00, 0x00,
  0x16, 0x1e, 0x00, 0x00, 0x00, 0x33, 0x8f, 0x23, 0x00, 0x00, 0x78, 0x18,
  0x00, 0x00, 0x00, 0x00, 0x00, 0x00, 0x01, 0x00, 0x30, 0x06, 0x00, 0x00,
  0x03, 0x50, 0x01, 0x15, 0x2c, 0xa1, 0x23, 0x00, 0x00, 0x3f, 0x1e, 0x00,
  0x00, 0x3b, 0x1e, 0x00, 0x00, 0x34, 0xda, 0x23, 0x00, 0x00, 0x78, 0x18,
  0x00, 0x00, 0x00, 0x00, 0x00, 0x00, 0x03, 0x00, 0x78, 0x18, 0x00, 0x00,
  0x00, 0x00, 0x00, 0x00, 0x18, 0x00, 0x00, 0x00, 0x00, 0x00, 0x00, 0x00,
  0x03, 0x52, 0x01, 0x10, 0x2c, 0xec, 0x23, 0x00, 0x00, 0x7c, 0x1e, 0x00,
  0x00, 0x78, 0x1e, 0x00, 0x00, 0x34, 0x18, 0x24, 0x00, 0x00, 0x78, 0x18,
  0x00, 0x00, 0x00, 0x00, 0x00, 0x00, 0x05, 0x00, 0x78, 0x18, 0x00, 0x00,
  0x00, 0x00, 0x00, 0x00, 0x00, 0x00, 0x00, 0x00, 0x00, 0x00, 0x00, 0x00,
  0x03, 0x42, 0x01, 0x09, 0x2c, 0x2a, 0x24, 0x00, 0x00, 0xb7, 0x1e, 0x00,
  0x00, 0xb5, 0x1e, 0x00, 0x00, 0x00, 0x00, 0x00, 0x00, 0x2d, 0x8f, 0x23,
  0x00, 0x00, 0x1f, 0x14, 0x00, 0x00, 0x00, 0x00, 0x00, 0x00, 0x04, 0x00,
  0x60, 0x06, 0x00, 0x00, 0x01, 0x92, 0x09, 0x28, 0x21, 0x00, 0x00, 0x2c,
  0xa1, 0x23, 0x00, 0x00, 0xde, 0x1e, 0x00, 0x00, 0xda, 0x1e, 0x00, 0x00,
  0x32, 0xf9, 0x23, 0x00, 0x00, 0x1f, 0x14, 0x00, 0x00, 0x00, 0x00, 0x00,
  0x00, 0x06, 0x00, 0x1f, 0x14, 0x00, 0x00, 0x00, 0x00, 0x00, 0x00, 0x06,
  0x00, 0x00, 0x00, 0x00, 0x00, 0x00, 0x00, 0x03, 0x51, 0x01, 0x09, 0x5e,
  0x20, 0x00, 0x00, 0x2c, 0x0b, 0x24, 0x00, 0x00, 0x16, 0x1f, 0x00, 0x00,
  0x14, 0x1f, 0x00, 0x00, 0x00, 0x32, 0xae, 0x23, 0x00, 0x00, 0x2d, 0x14,
  0x00, 0x00, 0x00, 0x00, 0x00, 0x00, 0x01, 0x00, 0x2d, 0x14, 0x00, 0x00,
  0x00, 0x00, 0x00, 0x00, 0x05, 0x00, 0x00, 0x00, 0x00, 0x00, 0x00, 0x00,
  0x03, 0x54, 0x01, 0x0c, 0xa0, 0x20, 0x00, 0x00, 0x2c, 0xc0, 0x23, 0x00,
  0x00, 0x3b, 0x1f, 0x00, 0x00, 0x39, 0x1f, 0x00, 0x00, 0x2f, 0xcc, 0x23,
  0x00, 0x00, 0x60, 0x1f, 0x00, 0x00, 0x5e, 0x1f, 0x00, 0x00, 0x00, 0x33,
  0x8f, 0x23, 0x00, 0x00, 0xc0, 0x18, 0x00, 0x00, 0x00, 0x00, 0x00, 0x00,
  0x01, 0x00, 0xa0, 0x06, 0x00, 0x00, 0x03, 0x50, 0x01, 0x15, 0x2c, 0xa1,
  0x23, 0x00, 0x00, 0x85, 0x1f, 0x00, 0x00, 0x83, 0x1f, 0x00, 0x00, 0x34,
  0xda, 0x23, 0x00, 0x00, 0xc0, 0x18, 0x00, 0x00, 0x00, 0x00, 0x00, 0x00,
  0x03, 0x00, 0xc0, 0x18, 0x00, 0x00, 0x00, 0x00, 0x00, 0x00, 0x15, 0x00,
  0x00, 0x00, 0x00, 0x00, 0x00, 0x00, 0x03, 0x52, 0x01, 0x10, 0x2c, 0xec,
  0x23, 0x00, 0x00, 0xaa, 0x1f, 0x00, 0x00, 0xa8, 0x1f, 0x00, 0x00, 0x34,
  0x18, 0x24, 0x00, 0x00, 0xc0, 0x18, 0x00, 0x00, 0x00, 0x00, 0x00, 0x00,
  0x05, 0x00, 0xc0, 0x18, 0x00, 0x00, 0x00, 0x00, 0x00, 0x00, 0x00, 0x00,
  0x00, 0x00, 0x00, 0x00, 0x00, 0x00, 0x03, 0x42, 0x01, 0x09, 0x2c, 0x2a,
  0x24, 0x00, 0x00, 0xcf, 0x1f, 0x00, 0x00, 0xcd, 0x1f, 0x00, 0x00, 0x00,
  0x00, 0x00, 0x00, 0x35, 0x6e, 0x22, 0x00, 0x00, 0xd0, 0x06, 0x00, 0x00,
  0xfc, 0x21, 0x00, 0x00, 0x2f, 0x6f, 0x22, 0x00, 0x00, 0x0a, 0x20, 0x00,
  0x00, 0xf2, 0x1f, 0x00, 0x00, 0x36, 0x96, 0x14, 0x00, 0x00, 0x00, 0x00,
  0x00, 0x00, 0xc8, 0x24, 0x00, 0x00, 0x5a, 0x21, 0x00, 0x00, 0x27, 0x01,
  0x54, 0x02, 0x76, 0x00, 0x00, 0x36, 0xb6, 0x14, 0x00, 0x00, 0x00, 0x00,
  0x00, 0x00, 0xc8, 0x24, 0x00, 0x00, 0x7b, 0x21, 0x00, 0x00, 0x27, 0x01,
  0x54, 0x05, 0x7e, 0x00, 0x73, 0x00, 0x1c, 0x27, 0x01, 0x51, 0x02, 0x73,
  0x00, 0x00, 0x36, 0xe6, 0x14, 0x00, 0x00, 0x00, 0x00, 0x00, 0x00, 0xc8,
  0x24, 0x00, 0x00, 0x9c, 0x21, 0x00, 0x00, 0x27, 0x01, 0x54, 0x05, 0x7e,
  0x00, 0x73, 0x00, 0x1c, 0x27, 0x01, 0x51, 0x02, 0x73, 0x00, 0x00, 0x36,
  0x16, 0x15, 0x00, 0x00, 0x00, 0x00, 0x00, 0x00, 0xc8, 0x24, 0x00, 0x00,
  0xbd, 0x21, 0x00, 0x00, 0x27, 0x01, 0x54, 0x05, 0x7e, 0x00, 0x73, 0x00,
  0x1c, 0x27, 0x01, 0x51, 0x02, 0x73, 0x00, 0x00, 0x36, 0x56, 0x15, 0x00,
  0x00, 0x00, 0x00, 0x00, 0x00, 0xc8, 0x24, 0x00, 0x00, 0xde, 0x21, 0x00,
  0x00, 0x27, 0x01, 0x54, 0x05, 0x7e, 0x00, 0x73, 0x00, 0x1c, 0x27, 0x01,
  0x51, 0x02, 0x73, 0x00, 0x00, 0x31, 0x96, 0x15, 0x00, 0x00, 0x00, 0x00,
  0x00, 0x00, 0xc8, 0x24, 0x00, 0x00, 0x27, 0x01, 0x54, 0x05, 0x7e, 0x00,
  0x73, 0x00, 0x1c, 0x27, 0x01, 0x51, 0x02, 0x73, 0x00, 0x00, 0x00, 0x31,
  0x03, 0x14, 0x00, 0x00, 0x00, 0x00, 0x00, 0x00, 0xf1, 0x10, 0x00, 0x00,
  0x27, 0x01, 0x54, 0x05, 0x0c, 0xff, 0xff, 0x10, 0x00, 0x00, 0x00, 0x00,
  0x00, 0x39, 0x51, 0x05, 0x00, 0x00, 0x01, 0x7f, 0x01, 0x33, 0x06, 0x00,
  0x00, 0x01, 0x7d, 0x22, 0x00, 0x00, 0x3a, 0x69, 0x6e, 0x00, 0x01, 0x7f,
  0x27, 0x7d, 0x22, 0x00, 0x00, 0x25, 0x69, 0x6e, 0x70, 0x00, 0x01, 0x81,
  0x0b, 0x77, 0x0f, 0x00, 0x00, 0x3b, 0x5f, 0x09, 0x00, 0x00, 0x01, 0x82,
  0x0b, 0x77, 0x0f, 0x00, 0x00, 0x3b, 0xbc, 0x08, 0x00, 0x00, 0x01, 0x83,
  0x0b, 0x77, 0x0f, 0x00, 0x00, 0x25, 0x6f, 0x75, 0x74, 0x00, 0x01, 0x84,
  0x0c, 0x33, 0x06, 0x00, 0x00, 0x3b, 0x39, 0x0b, 0x00, 0x00, 0x01, 0x85,
  0x0d, 0xe5, 0x00, 0x00, 0x00, 0x3c, 0x3b, 0xcb, 0x02, 0x00, 0x00, 0x01,
  0x93, 0x02, 0xe5, 0x00, 0x00, 0x00, 0x00, 0x00, 0x07, 0x08, 0xa1, 0x0f,
  0x00, 0x00, 0x39, 0x3c, 0x05, 0x00, 0x00, 0x01, 0x65, 0x01, 0x33, 0x06,
  0x00, 0x00, 0x01, 0xea, 0x22, 0x00, 0x00, 0x3a, 0x69, 0x6e, 0x00, 0x01,
  0x65, 0x27, 0x7d, 0x22, 0x00, 0x00, 0x25, 0x69, 0x6e, 0x70, 0x00, 0x01,
  0x67, 0x0b, 0x71, 0x0f, 0x00, 0x00, 0x3b, 0x5f, 0x09, 0x00, 0x00, 0x01,
  0x68, 0x0b, 0x71, 0x0f, 0x00, 0x00, 0x3b, 0xbc, 0x08, 0x00, 0x00, 0x01,
  0x69, 0x0b, 0x71, 0x0f, 0x00, 0x00, 0x25, 0x6f, 0x75, 0x74, 0x00, 0x01,
  0x6a, 0x0c, 0x33, 0x06, 0x00, 0x00, 0x3b, 0x39, 0x0b, 0x00, 0x00, 0x01,
  0x6b, 0x0d, 0xe5, 0x00, 0x00, 0x00, 0x3c, 0x3b, 0xcb, 0x02, 0x00, 0x00,
  0x01, 0x79, 0x02, 0xe5, 0x00, 0x00, 0x00, 0x00, 0x00, 0x39, 0x27, 0x05,
  0x00, 0x00, 0x01, 0x4b, 0x01, 0x33, 0x06, 0x00, 0x00, 0x01, 0x51, 0x23,
  0x00, 0x00, 0x3a, 0x69, 0x6e, 0x00, 0x01, 0x4b, 0x27, 0x7d, 0x22, 0x00,
  0x00, 0x25, 0x69, 0x6e, 0x70, 0x00, 0x01, 0x4d, 0x0b, 0x6b, 0x0f, 0x00,
  0x00, 0x3b, 0x5f, 0x09, 0x00, 0x00, 0x01, 0x4e, 0x0b, 0x6b, 0x0f, 0x00,
  0x00, 0x3b, 0xbc, 0x08, 0x00, 0x00, 0x01, 0x4f, 0x0b, 0x6b, 0x0f, 0x00,
  0x00, 0x25, 0x6f, 0x75, 0x74, 0x00, 0x01, 0x50, 0x0c, 0x33, 0x06, 0x00,
  0x00, 0x3b, 0x39, 0x0b, 0x00, 0x00, 0x01, 0x51, 0x0d, 0xe5, 0x00, 0x00,
  0x00, 0x3c, 0x3b, 0xcb, 0x02, 0x00, 0x00, 0x01, 0x60, 0x02, 0xe5, 0x00,
  0x00, 0x00, 0x00, 0x00, 0x3d, 0x98, 0x06, 0x00, 0x00, 0x03, 0xec, 0x01,
  0x13, 0x49, 0x00, 0x00, 0x00, 0x03, 0x70, 0x23, 0x00, 0x00, 0x3e, 0x6f,
  0x70, 0x00, 0x03, 0xec, 0x01, 0x2d, 0x33, 0x06, 0x00, 0x00, 0x00, 0x3d,
  0xe0, 0x04, 0x00, 0x00, 0x03, 0x66, 0x01, 0x1a, 0xe5, 0x00, 0x00, 0x00,
  0x03, 0x8f, 0x23, 0x00, 0x00, 0x3e, 0x6f, 0x70, 0x00, 0x03, 0x66, 0x01,
  0x39, 0x33, 0x06, 0x00, 0x00, 0x00, 0x3d, 0x63, 0x04, 0x00, 0x00, 0x03,
  0x50, 0x01, 0x15, 0x7a, 0x00, 0x00, 0x00, 0x03, 0xae, 0x23, 0x00, 0x00,
  0x3e, 0x6f, 0x70, 0x00, 0x03, 0x50, 0x01, 0x2e, 0x33, 0x06, 0x00, 0x00,
  0x00, 0x3d, 0x2d, 0x02, 0x00, 0x00, 0x03, 0x48, 0x01, 0x15, 0x7a, 0x00,
  0x00, 0x00, 0x03, 0xda, 0x23, 0x00, 0x00, 0x3e, 0x6f, 0x70, 0x00, 0x03,
  0x48, 0x01, 0x3a, 0x33, 0x06, 0x00, 0x00, 0x3f, 0x22, 0x05, 0x00, 0x00,
  0x03, 0x49, 0x01, 0x0b, 0x7a, 0x00, 0x00, 0x00, 0x00, 0x3d, 0x70, 0x09,
  0x00, 0x00, 0x03, 0x41, 0x01, 0x15, 0x7a, 0x00, 0x00, 0x00, 0x03, 0xf9,
  0x23, 0x00, 0x00, 0x3e, 0x6f, 0x70, 0x00, 0x03, 0x41, 0x01, 0x37, 0x33,
  0x06, 0x00, 0x00, 0x00, 0x3d, 0x0f, 0x00, 0x00, 0x00, 0x03, 0x20, 0x01,
  0x1c, 0x5e, 0x00, 0x00, 0x00, 0x03, 0x18, 0x24, 0x00, 0x00, 0x3e, 0x6f,
  0x70, 0x00, 0x03, 0x20, 0x01, 0x3b, 0x33, 0x06, 0x00, 0x00, 0x00, 0x3d,
  0x4b, 0x01, 0x00, 0x00, 0x03, 0x16, 0x01, 0x1c, 0x5e, 0x00, 0x00, 0x00,
  0x03, 0x37, 0x24, 0x00, 0x00, 0x3e, 0x6f, 0x70, 0x00, 0x03, 0x16, 0x01,
  0x39, 0x33, 0x06, 0x00, 0x00, 0x00, 0x3d, 0x34, 0x0c, 0x00, 0x00, 0x03,
  0x0c, 0x01, 0x1c, 0x5e, 0x00, 0x00, 0x00, 0x03, 0x56, 0x24, 0x00, 0x00,
  0x3e, 0x6f, 0x70, 0x00, 0x03, 0x0c, 0x01, 0x39, 0x33, 0x06, 0x00, 0x00,
  0x00, 0x3d, 0xcd, 0x09, 0x00, 0x00, 0x02, 0xfb, 0x02, 0x01, 0x49, 0x00,
  0x00, 0x00, 0x03, 0x90, 0x24, 0x00, 0x00, 0x40, 0x67, 0x0b, 0x00, 0x00,
  0x02, 0xfb, 0x02, 0x21, 0x50, 0x06, 0x00, 0x00, 0x40, 0x6a, 0x07, 0x00,
  0x00, 0x02, 0xfb, 0x02, 0x35, 0x35, 0x00, 0x00, 0x00, 0x3f, 0xbc, 0x0a,
  0x00, 0x00, 0x02, 0xfd, 0x02, 0x13, 0x35, 0x00, 0x00, 0x00, 0x00, 0x41,
  0xec, 0x07, 0x00, 0x00, 0x02, 0xeb, 0x01, 0x14, 0x03, 0xab, 0x24, 0x00,
  0x00, 0x3e, 0x6f, 0x70, 0x00, 0x02, 0xeb, 0x01, 0x28, 0x33, 0x06, 0x00,
  0x00, 0x00, 0x39, 0xb9, 0x03, 0x00, 0x00, 0x02, 0x84, 0x1d, 0x50, 0x06,
  0x00, 0x00, 0x03, 0xc8, 0x24, 0x00, 0x00, 0x3a, 0x6f, 0x62, 0x00, 0x02,
  0x84, 0x2f, 0x33, 0x06, 0x00, 0x00, 0x00, 0x42, 0xf5, 0x01, 0x00, 0x00,
  0xeb, 0x01, 0x00, 0x00, 0x13, 0x00, 0x00, 0x01, 0x11, 0x01, 0x25, 0x0e,
  0x13, 0x0b, 0x03, 0x0e, 0x1b, 0x0e, 0x55, 0x17, 0x11, 0x01, 0x10, 0x17,
  0x00, 0x00, 0x02, 0x16, 0x00, 0x03, 0x0e, 0x3a, 0x0b, 0x3b, 0x0b, 0x39,
  0x0b, 0x49, 0x13, 0x00, 0x00, 0x03, 0x24, 0x00, 0x0b, 0x0b, 0x3e, 0x0b,
  0x03, 0x0e, 0x00, 0x00, 0x04, 0x16, 0x00, 0x03, 0x0e, 0x3a, 0x0b, 0x3b,
  0x05, 0x39, 0x0b, 0x49, 0x13, 0x00, 0x00, 0x05, 0x24, 0x00, 0x0b, 0x0b,
  0x3e, 0x0b, 0x03, 0x08, 0x00, 0x00, 0x06, 0x0f, 0x00, 0x0b, 0x0b, 0x00,
  0x00, 0x07, 0x0f, 0x00, 0x0b, 0x0b, 0x49, 0x13, 0x00, 0x00, 0x08, 0x26,
  0x00, 0x49, 0x13, 0x00, 0x00, 0x09, 0x26, 0x00, 0x00, 0x00, 0x0a, 0x13,
  0x01, 0x03, 0x0e, 0x0b, 0x0b, 0x3a, 0x0b, 0x3b, 0x0b, 0x39, 0x0b, 0x01,
  0x13, 0x00, 0x00, 0x0b, 0x0d, 0x00, 0x03, 0x0e, 0x3a, 0x0b, 0x3b, 0x0b,
  0x39, 0x0b, 0x49, 0x13, 0x38, 0x0b, 0x00, 0x00, 0x0c, 0x37, 0x00, 0x49,
  0x13, 0x00, 0x00, 0x0d, 0x0d, 0x00, 0x03, 0x08, 0x3a, 0x0b, 0x3b, 0x0b,
  0x39, 0x0b, 0x49, 0x13, 0x38, 0x0b, 0x00, 0x00, 0x0e, 0x13, 0x00, 0x03,
  0x0e, 0x3c, 0x19, 0x00, 0x00, 0x0f, 0x13, 0x01, 0x03, 0x0e, 0x0b, 0x05,
  0x3a, 0x0b, 0x3b, 0x0b, 0x39, 0x0b, 0x01, 0x13, 0x00, 0x00, 0x10, 0x0d,
  0x00, 0x03, 0x0e, 0x3a, 0x0b, 0x3b, 0x0b, 0x39, 0x0b, 0x49, 0x13, 0x38,
  0x05, 0x00, 0x00, 0x11, 0x13, 0x01, 0x0b, 0x0b, 0x3a, 0x0b, 0x3b, 0x0b,
  0x39, 0x0b, 0x01, 0x13, 0x00, 0x00, 0x12, 0x15, 0x01, 0x27, 0x19, 0x49,
  0x13, 0x01, 0x13, 0x00, 0x00, 0x13, 0x05, 0x00, 0x49, 0x13, 0x00, 0x00,
  0x14, 0x15, 0x01, 0x27, 0x19, 0x01, 0x13, 0x00, 0x00, 0x15, 0x04, 0x01,
  0x3e, 0x0b, 0x0b, 0x0b, 0x49, 0x13, 0x3a, 0x0b, 0x3b, 0x05, 0x39, 0x0b,
  0x01, 0x13, 0x00, 0x00, 0x16, 0x28, 0x00, 0x03, 0x0e, 0x1c, 0x0b, 0x00,
  0x00, 0x17, 0x28, 0x00, 0x03, 0x0e, 0x1c, 0x0d, 0x00, 0x00, 0x18, 0x13,
  0x01, 0x0b, 0x05, 0x3a, 0x0b, 0x3b, 0x0b, 0x39, 0x0b, 0x01, 0x13, 0x00,
  0x00, 0x19, 0x0d, 0x00, 0x03, 0x0e, 0x3a, 0x0b, 0x3b, 0x0b, 0x39, 0x0b,
  0x49, 0x13, 0x0b, 0x0b, 0x0d, 0x0b, 0x0c, 0x0b, 0x38, 0x0b, 0x00, 0x00,
  0x1a, 0x17, 0x01, 0x0b, 0x0b, 0x3a, 0x0b, 0x3b, 0x0b, 0x39, 0x0b, 0x01,
  0x13, 0x00, 0x00, 0x1b, 0x0d, 0x00, 0x03, 0x08, 0x3a, 0x0b, 0x3b, 0x0b,
  0x39, 0x0b, 0x49, 0x13, 0x00, 0x00, 0x1c, 0x0d, 0x00, 0x03, 0x0e, 0x3a,
  0x0b, 0x3b, 0x0b, 0x39, 0x0b, 0x49, 0x13, 0x00, 0x00, 0x1d, 0x04, 0x01,
  0x03, 0x0e, 0x3e, 0x0b, 0x0b, 0x0b, 0x49, 0x13, 0x3a, 0x0b, 0x3b, 0x05,
  0x39, 0x0b, 0x01, 0x13, 0x00, 0x00, 0x1e, 0x15, 0x00, 0x27, 0x19, 0x49,
  0x13, 0x00, 0x00, 0x1f, 0x01, 0x01, 0x49, 0x13, 0x01, 0x13, 0x00, 0x00,
  0x20, 0x21, 0x00, 0x49, 0x13, 0x2f, 0x0b, 0x00, 0x00, 0x21, 0x34, 0x00,
  0x03, 0x0e, 0x3a, 0x0b, 0x3b, 0x0b, 0x39, 0x0b, 0x49, 0x13, 0x02, 0x18,
  0x00, 0x00, 0x22, 0x2e, 0x01, 0x3f, 0x19, 0x03, 0x0e, 0x3a, 0x0b, 0x3b,
  0x0b, 0x39, 0x0b, 0x27, 0x19, 0x49, 0x13, 0x3c, 0x19, 0x01, 0x13, 0x00,
  0x00, 0x23, 0x2e, 0x01, 0x3f, 0x19, 0x03, 0x0e, 0x3a, 0x0b, 0x3b, 0x05,
  0x39, 0x0b, 0x27, 0x19, 0x49, 0x13, 0x3c, 0x19, 0x01, 0x13, 0x00, 0x00,
  0x24, 0x2e, 0x01, 0x3f, 0x19, 0x03, 0x0e, 0x3a, 0x0b, 0x3b, 0x0b, 0x39,
  0x0b, 0x27, 0x19, 0x49, 0x13, 0x11, 0x01, 0x12, 0x07, 0x40, 0x18, 0x97,
  0x42, 0x19, 0x01, 0x13, 0x00, 0x00, 0x25, 0x34, 0x00, 0x03, 0x08, 0x3a,
  0x0b, 0x3b, 0x0b, 0x39, 0x0b, 0x49, 0x13, 0x00, 0x00, 0x26, 0x89, 0x82,
  0x01, 0x01, 0x11, 0x01, 0x95, 0x42, 0x19, 0x31, 0x13, 0x00, 0x00, 0x27,
  0x8a, 0x82, 0x01, 0x00, 0x02, 0x18, 0x91, 0x42, 0x18, 0x00, 0x00, 0x28,
  0x2e, 0x01, 0x03, 0x0e, 0x3a, 0x0b, 0x3b, 0x0b, 0x39, 0x0b, 0x27, 0x19,
  0x49, 0x13, 0x11, 0x01, 0x12, 0x07, 0x40, 0x18, 0x97, 0x42, 0x19, 0x01,
  0x13, 0x00, 0x00, 0x29, 0x05, 0x00, 0x03, 0x0e, 0x3a, 0x0b, 0x3b, 0x0b,
  0x39, 0x0b, 0x49, 0x13, 0x02, 0x17, 0xb7, 0x42, 0x17, 0x00, 0x00, 0x2a,
  0x05, 0x00, 0x03, 0x08, 0x3a, 0x0b, 0x3b, 0x0b, 0x39, 0x0b, 0x49, 0x13,
  0x02, 0x17, 0xb7, 0x42, 0x17, 0x00, 0x00, 0x2b, 0x1d, 0x01, 0x31, 0x13,
  0x52, 0x01, 0xb8, 0x42, 0x05, 0x11, 0x01, 0x12, 0x07, 0x58, 0x0b, 0x59,
  0x0b, 0x57, 0x0b, 0x01, 0x13, 0x00, 0x00, 0x2c, 0x05, 0x00, 0x31, 0x13,
  0x02, 0x17, 0xb7, 0x42, 0x17, 0x00, 0x00, 0x2d, 0x1d, 0x01, 0x31, 0x13,
  0x52, 0x01, 0xb8, 0x42, 0x05, 0x55, 0x17, 0x58, 0x0b, 0x59, 0x0b, 0x57,
  0x0b, 0x01, 0x13, 0x00, 0x00, 0x2e, 0x0b, 0x01, 0x55, 0x17, 0x00, 0x00,
  0x2f, 0x34, 0x00, 0x31, 0x13, 0x02, 0x17, 0xb7, 0x42, 0x17, 0x00, 0x00,
  0x30, 0x1d, 0x01, 0x31, 0x13, 0x52, 0x01, 0xb8, 0x42, 0x05, 0x55, 0x17,
  0x58, 0x0b, 0x59, 0x05, 0x57, 0x0b, 0x01, 0x13, 0x00, 0x00, 0x31, 0x89,
  0x82, 0x01, 0x01, 0x11, 0x01, 0x31, 0x13, 0x00, 0x00, 0x32, 0x1d, 0x01,
  0x31, 0x13, 0x52, 0x01, 0xb8, 0x42, 0x05, 0x11, 0x01, 0x12, 0x07, 0x58,
  0x0b, 0x59, 0x05, 0x57, 0x0b, 0x01, 0x13, 0x00, 0x00, 0x33, 0x1d, 0x01,
  0x31, 0x13, 0x52, 0x01, 0xb8, 0x42, 0x05, 0x55, 0x17, 0x58, 0x0b, 0x59,
  0x05, 0x57, 0x0b, 0x00, 0x00, 0x34, 0x1d, 0x01, 0x31, 0x13, 0x52, 0x01,
  0xb8, 0x42, 0x05, 0x11, 0x01, 0x12, 0x07, 0x58, 0x0b, 0x59, 0x05, 0x57,
  0x0b, 0x00, 0x00, 0x35, 0x0b, 0x01, 0x31, 0x13, 0x55, 0x17, 0x01, 0x13,
  0x00, 0x00, 0x36, 0x89, 0x82, 0x01, 0x01, 0x11, 0x01, 0x31, 0x13, 0x01,
  0x13, 0x00, 0x00, 0x37, 0x89, 0x82, 0x01, 0x00, 0x11, 0x01, 0x31, 0x13,
  0x00, 0x00, 0x38, 0x1d, 0x01, 0x31, 0x13, 0x52, 0x01, 0xb8, 0x42, 0x05,
  0x55, 0x17, 0x58, 0x0b, 0x59, 0x0b, 0x57, 0x0b, 0x00, 0x00, 0x39, 0x2e,
  0x01, 0x03, 0x0e, 0x3a, 0x0b, 0x3b, 0x0b, 0x39, 0x0b, 0x27, 0x19, 0x49,
  0x13, 0x20, 0x0b, 0x01, 0x13, 0x00, 0x00, 0x3a, 0x05, 0x00, 0x03, 0x08,
  0x3a, 0x0b, 0x3b, 0x0b, 0x39, 0x0b, 0x49, 0x13, 0x00, 0x00, 0x3b, 0x34,
  0x00, 0x03, 0x0e, 0x3a, 0x0b, 0x3b, 0x0b, 0x39, 0x0b, 0x49, 0x13, 0x00,
  0x00, 0x3c, 0x0b, 0x01, 0x00, 0x00, 0x3d, 0x2e, 0x01, 0x03, 0x0e, 0x3a,
  0x0b, 0x3b, 0x05, 0x39, 0x0b, 0x27, 0x19, 0x49, 0x13, 0x20, 0x0b, 0x01,
  0x13, 0x00, 0x00, 0x3e, 0x05, 0x00, 0x03, 0x08, 0x3a, 0x0b, 0x3b, 0x05,
  0x39, 0x0b, 0x49, 0x13, 0x00, 0x00, 0x3f, 0x34, 0x00, 0x03, 0x0e, 0x3a,
  0x0b, 0x3b, 0x05, 0x39, 0x0b, 0x49, 0x13, 0x00, 0x00, 0x40, 0x05, 0x00,
  0x03, 0x0e, 0x3a, 0x0b, 0x3b, 0x05, 0x39, 0x0b, 0x49, 0x13, 0x00, 0x00,
  0x41, 0x2e, 0x01, 0x03, 0x0e, 0x3a, 0x0b, 0x3b, 0x05, 0x39, 0x0b, 0x27,
  0x19, 0x20, 0x0b, 0x01, 0x13, 0x00, 0x00, 0x42, 0x2e, 0x00, 0x3f, 0x19,
  0x3c, 0x19, 0x6e, 0x0e, 0x03, 0x0e, 0x3a, 0x0b, 0x3b, 0x0b, 0x00, 0x00,
  0x00, 0x11, 0x09, 0x00, 0x00, 0x03, 0x00, 0x12, 0x02, 0x00, 0x00, 0x01,
  0x01, 0xfb, 0x0e, 0x0d, 0x00, 0x01, 0x01, 0x01, 0x01, 0x00, 0x00, 0x00,
  0x01, 0x00, 0x00, 0x01, 0x73, 0x72, 0x63, 0x2f, 0x6d, 0x61, 0x72, 0x6b,
  0x75, 0x70, 0x73, 0x61, 0x66, 0x65, 0x00, 0x2f, 0x6f, 0x70, 0x74, 0x2f,
  0x5f, 0x69, 0x6e, 0x74, 0x65, 0x72, 0x6e, 0x61, 0x6c, 0x2f, 0x63, 0x70,
  0x79, 0x74, 0x68, 0x6f, 0x6e, 0x2d, 0x33, 0x2e, 0x31, 0x31, 0x2e, 0x31,
  0x30, 0x2f, 0x69, 0x6e, 0x63, 0x6c, 0x75, 0x64, 0x65, 0x2f, 0x70, 0x79,
  0x74, 0x68, 0x6f, 0x6e, 0x33, 0x2e, 0x31, 0x31, 0x00, 0x2f, 0x6f, 0x70,
  0x74, 0x2f, 0x5f, 0x69, 0x6e, 0x74, 0x65, 0x72, 0x6e, 0x61, 0x6c, 0x2f,
  0x63, 0x70, 0x79, 0x74, 0x68, 0x6f, 0x6e, 0x2d, 0x33, 0x2e, 0x31, 0x31,
  0x2e, 0x31, 0x30, 0x2f, 0x69, 0x6e, 0x63, 0x6c, 0x75, 0x64, 0x65, 0x2f,
  0x70, 0x79, 0x74, 0x68, 0x6f, 0x6e, 0x33, 0x2e, 0x31, 0x31, 0x2f, 0x63,
  0x70, 0x79, 0x74, 0x68, 0x6f, 0x6e, 0x00, 0x2f, 0x6f, 0x70, 0x74, 0x2f,
  0x72, 0x68, 0x2f, 0x64, 0x65, 0x76, 0x74, 0x6f, 0x6f, 0x6c, 0x73, 0x65,
  0x74, 0x2d, 0x31, 0x30, 0x2f, 0x72, 0x6f, 0x6f, 0x74, 0x2f, 0x75, 0x73,
  0x72, 0x2f, 0x6c, 0x69, 0x62, 0x2f, 0x67, 0x63, 0x63, 0x2f, 0x78, 0x38,
  0x36, 0x5f, 0x36, 0x34, 0x2d, 0x72, 0x65, 0x64, 0x68, 0x61, 0x74, 0x2d,
  0x6c, 0x69, 0x6e, 0x75, 0x78, 0x2f, 0x31, 0x30, 0x2f, 0x69, 0x6e, 0x63,
  0x6c, 0x75, 0x64, 0x65, 0x00, 0x2f, 0x75, 0x73, 0x72, 0x2f, 0x69, 0x6e,
  0x63, 0x6c, 0x75, 0x64, 0x65, 0x2f, 0x62, 0x69, 0x74, 0x73, 0x00, 0x2f,
  0x75, 0x73, 0x72, 0x2f, 0x69, 0x6e, 0x63, 0x6c, 0x75, 0x64, 0x65, 0x2f,
  0x73, 0x79, 0x73, 0x00, 0x2f, 0x75, 0x73, 0x72, 0x2f, 0x69, 0x6e, 0x63,
  0x6c, 0x75, 0x64, 0x65, 0x00, 0x00, 0x5f, 0x73, 0x70, 0x65, 0x65, 0x64,
  0x75, 0x70, 0x73, 0x2e, 0x63, 0x00, 0x01, 0x00, 0x00, 0x6f, 0x62, 0x6a,
  0x65, 0x63, 0x74, 0x2e, 0x68, 0x00, 0x02, 0x00, 0x00, 0x75, 0x6e, 0x69,
  0x63, 0x6f, 0x64, 0x65, 0x6f, 0x62, 0x6a, 0x65, 0x63, 0x74, 0x2e, 0x68,
  0x00, 0x03, 0x00, 0x00, 0x73, 0x74, 0x64, 0x64, 0x65, 0x66, 0x2e, 0x68,
  0x00, 0x04, 0x00, 0x00, 0x74, 0x79, 0x70, 0x65, 0x73, 0x2e, 0x68, 0x00,
  0x05, 0x00, 0x00, 0x74, 0x79, 0x70, 0x65, 0x73, 0x2e, 0x68, 0x00, 0x06,
  0x00, 0x00, 0x73, 0x74, 0x64, 0x69, 0x6e, 0x74, 0x2e, 0x68, 0x00, 0x07,
  0x00, 0x00, 0x70, 0x79, 0x70, 0x6f, 0x72, 0x74, 0x2e, 0x68, 0x00, 0x02,
  0x00, 0x00, 0x74, 0x69, 0x6d, 0x65, 0x2e, 0x68, 0x00, 0x06, 0x00, 0x00,
  0x70, 0x79, 0x74, 0x79, 0x70, 0x65, 0x64, 0x65, 0x66, 0x73, 0x2e, 0x68,
  0x00, 0x02, 0x00, 0x00, 0x6d, 0x6f, 0x64, 0x75, 0x6c, 0x65, 0x6f, 0x62,
  0x6a, 0x65, 0x63, 0x74, 0x2e, 0x68, 0x00, 0x02, 0x00, 0x00, 0x6d, 0x65,
  0x74, 0x68, 0x6f, 0x64, 0x6f, 0x62, 0x6a, 0x65, 0x63, 0x74, 0x2e, 0x68,
  0x00, 0x02, 0x00, 0x00, 0x64, 0x65, 0x73, 0x63, 0x72, 0x6f, 0x62, 0x6a,
  0x65, 0x63, 0x74, 0x2e, 0x68, 0x00, 0x02, 0x00, 0x00, 0x6f, 0x62, 0x6a,
  0x65, 0x63, 0x74, 0x2e, 0x68, 0x00, 0x03, 0x00, 0x00, 0x70, 0x79, 0x62,
  0x75, 0x66, 0x66, 0x65, 0x72, 0x2e, 0x68, 0x00, 0x02, 0x00, 0x00, 0x75,
  0x6e, 0x69, 0x63, 0x6f, 0x64, 0x65, 0x6f, 0x62, 0x6a, 0x65, 0x63, 0x74,
  0x2e, 0x68, 0x00, 0x02, 0x00, 0x00, 0x73, 0x74, 0x72, 0x69, 0x6e, 0x67,
  0x2e, 0x68, 0x00, 0x07, 0x00, 0x00, 0x6d, 0x6f, 0x64, 0x73, 0x75, 0x70,
  0x70, 0x6f, 0x72, 0x74, 0x2e, 0x68, 0x00, 0x02, 0x00, 0x00, 0x3c, 0x62,
  0x75, 0x69, 0x6c, 0x74, 0x2d, 0x69, 0x6e, 0x3e, 0x00, 0x00, 0x00, 0x00,
  0x00, 0x05, 0x01, 0x00, 0x09, 0x02, 0x50, 0x11, 0x00, 0x00, 0x00, 0x00,
  0x00, 0x00, 0x03, 0x98, 0x01, 0x01, 0x05, 0x02, 0x13, 0x04, 0x02, 0x05,
  0x1d, 0x03, 0x6a, 0x01, 0x05, 0x05, 0x13, 0x06, 0x01, 0x05, 0x01, 0x06,
  0x03, 0xf6, 0x04, 0x01, 0x05, 0x05, 0x14, 0x17, 0x14, 0x06, 0x01, 0x04,
  0x01, 0x05, 0x01, 0x03, 0x95, 0x7b, 0x01, 0x04, 0x02, 0x05, 0x0b, 0x03,
  0xe9, 0x04, 0xd6, 0x04, 0x01, 0x05, 0x05, 0x03, 0x98, 0x7b, 0x4a, 0x04,
  0x03, 0x05, 0x2a, 0x03, 0xf3, 0x00, 0x90, 0x04, 0x01, 0x05, 0x02, 0x06,
  0x03, 0x91, 0x7f, 0x74, 0x04, 0x03, 0x05, 0x13, 0x03, 0xce, 0x02, 0x01,
  0x05, 0x05, 0x14, 0x05, 0x1c, 0x03, 0x9e, 0x7e, 0x01, 0x05, 0x05, 0x13,
  0x06, 0x01, 0x05, 0x08, 0x03, 0xe1, 0x01, 0x01, 0x4a, 0x04, 0x01, 0x05,
  0x02, 0x06, 0x03, 0xb3, 0x7d, 0x01, 0x05, 0x0a, 0x06, 0x01, 0x05, 0x02,
  0x82, 0x4a, 0xf2, 0x05, 0x01, 0x03, 0x0a, 0x3c, 0x04, 0x03, 0x05, 0x05,
  0x06, 0x03, 0xc6, 0x02, 0x08, 0x9e, 0x05, 0x0c, 0x06, 0x01, 0x3c, 0x58,
  0x04, 0x01, 0x05, 0x05, 0x03, 0xad, 0x7d, 0x01, 0x05, 0x02, 0x06, 0x85,
  0x05, 0x0a, 0x06, 0x01, 0x05, 0x02, 0x82, 0x05, 0x03, 0x06, 0x4e, 0x05,
  0x01, 0x03, 0x40, 0x01, 0x05, 0x02, 0x14, 0x04, 0x03, 0x05, 0x15, 0x03,
  0xe9, 0x01, 0x01, 0x05, 0x05, 0x13, 0x05, 0x1c, 0x03, 0x4f, 0x01, 0x05,
  0x05, 0x13, 0x06, 0x01, 0x05, 0x08, 0x03, 0x30, 0x01, 0x05, 0x05, 0x06,
  0x93, 0x05, 0x15, 0x03, 0x74, 0x01, 0x05, 0x05, 0x13, 0x13, 0x13, 0x05,
  0x0a, 0x06, 0x01, 0x05, 0x05, 0x06, 0x4b, 0x13, 0x06, 0x01, 0x04, 0x01,
  0x05, 0x02, 0x06, 0x03, 0x9b, 0x7e, 0x01, 0x04, 0x03, 0x05, 0x1a, 0x03,
  0xfe, 0x01, 0x01, 0x05, 0x05, 0x13, 0x13, 0x05, 0x23, 0x06, 0x01, 0x4a,
  0x04, 0x01, 0x05, 0x0b, 0x03, 0x80, 0x7e, 0x01, 0x05, 0x02, 0x06, 0x4b,
  0x13, 0x13, 0x14, 0x01, 0x05, 0x0d, 0x06, 0x8e, 0x05, 0x02, 0x68, 0x06,
  0xe4, 0x4a, 0x01, 0x58, 0x06, 0x74, 0x06, 0xd6, 0x4a, 0x01, 0x05, 0x20,
  0x58, 0x05, 0x02, 0x13, 0x05, 0x05, 0x06, 0x01, 0x05, 0x02, 0x06, 0x95,
  0x06, 0x01, 0x04, 0x03, 0x05, 0x05, 0x06, 0x03, 0xf4, 0x01, 0x01, 0x13,
  0x04, 0x01, 0x05, 0x08, 0x06, 0x03, 0x8b, 0x7e, 0x01, 0x3c, 0x9e, 0x05,
  0x02, 0x06, 0x3d, 0x05, 0x05, 0x06, 0x01, 0x05, 0x02, 0x06, 0x93, 0x04,
  0x03, 0x05, 0x15, 0x03, 0xd9, 0x01, 0x01, 0x05, 0x05, 0x13, 0x05, 0x1c,
  0x03, 0x4f, 0x01, 0x05, 0x05, 0x13, 0x05, 0x2a, 0x06, 0x01, 0x4a, 0x05,
  0x08, 0x03, 0x30, 0x01, 0x05, 0x05, 0x06, 0x85, 0x05, 0x15, 0x03, 0x74,
  0x01, 0x05, 0x05, 0x13, 0x13, 0x13, 0x05, 0x0a, 0x06, 0x01, 0x05, 0x05,
  0x06, 0x4b, 0x13, 0x06, 0x01, 0x04, 0x01, 0x05, 0x02, 0x06, 0x03, 0xab,
  0x7e, 0x01, 0x04, 0x03, 0x05, 0x15, 0x03, 0xd8, 0x01, 0x01, 0x05, 0x05,
  0x13, 0x05, 0x1c, 0x03, 0x4f, 0x01, 0x05, 0x05, 0x13, 0x05, 0x2a, 0x06,
  0x01, 0x05, 0x08, 0x03, 0x30, 0x66, 0x05, 0x05, 0x06, 0x85, 0x05, 0x15,
  0x03, 0x74, 0x01, 0x05, 0x05, 0x13, 0x13, 0x13, 0x05, 0x0a, 0x06, 0x01,
  0x05, 0x05, 0x06, 0x59, 0x13, 0x06, 0x01, 0x04, 0x01, 0x05, 0x02, 0x06,
  0x03, 0xac, 0x7e, 0x01, 0x08, 0x4a, 0x06, 0xf2, 0xf2, 0x05, 0x03, 0x06,
  0x03, 0x2a, 0x01, 0x05, 0x01, 0x03, 0xa8, 0x7f, 0x01, 0x05, 0x02, 0x14,
  0x04, 0x03, 0x05, 0x15, 0x03, 0x83, 0x02, 0x01, 0x05, 0x05, 0x13, 0x05,
  0x1c, 0x03, 0x4f, 0x01, 0x05, 0x05, 0x13, 0x06, 0x01, 0x05, 0x08, 0x03,
  0x30, 0x01, 0x05, 0x05, 0x06, 0x93, 0x05, 0x15, 0x03, 0x74, 0x01, 0x05,
  0x05, 0x13, 0x13, 0x13, 0x05, 0x0a, 0x06, 0x01, 0x05, 0x05, 0x06, 0x4b,
  0x13, 0x06, 0x01, 0x04, 0x01, 0x05, 0x02, 0x06, 0x03, 0x81, 0x7e, 0x01,
  0x04, 0x03, 0x05, 0x1a, 0x03, 0x98, 0x02, 0x01, 0x05, 0x05, 0x13, 0x13,
  0x05, 0x23, 0x06, 0x01, 0x4a, 0x04, 0x01, 0x05, 0x0b, 0x03, 0xe6, 0x7d,
  0x01, 0x05, 0x02, 0x06, 0x4b, 0x13, 0x13, 0x14, 0x01, 0x05, 0x0d, 0x06,
  0x8e, 0x05, 0x02, 0xa0, 0x06, 0xac, 0x4a, 0x01, 0x58, 0x06, 0x74, 0x06,
  0x9e, 0x4a, 0x01, 0x05, 0x20, 0x58, 0x05, 0x02, 0x13, 0x05, 0x05, 0x06,
  0x01, 0x05, 0x02, 0x06, 0x95, 0x04, 0x03, 0x05, 0x1c, 0x03, 0xbd, 0x01,
  0x01, 0x05, 0x05, 0x13, 0x13, 0x05, 0x2a, 0x06, 0x01, 0x04, 0x01, 0x05,
  0x08, 0x03, 0xc1, 0x7e, 0x66, 0x90, 0xac, 0x04, 0x03, 0x05, 0x05, 0x06,
  0x03, 0x8e, 0x02, 0x01, 0x13, 0x04, 0x01, 0x05, 0x08, 0x06, 0x03, 0xf1,
  0x7d, 0x01, 0x82, 0x05, 0x02, 0x06, 0x3e, 0x05, 0x05, 0x06, 0x01, 0x05,
  0x02, 0x06, 0x93, 0x04, 0x03, 0x05, 0x15, 0x03, 0xf2, 0x01, 0x01, 0x05,
  0x05, 0x13, 0x05, 0x1c, 0x03, 0x4f, 0x01, 0x05, 0x05, 0x13, 0x05, 0x2a,
  0x06, 0x01, 0x4a, 0x05, 0x08, 0x03, 0x30, 0x01, 0x05, 0x05, 0x06, 0x85,
  0x05, 0x15, 0x03, 0x74, 0x01, 0x05, 0x05, 0x13, 0x13, 0x13, 0x05, 0x0a,
  0x06, 0x01, 0x05, 0x05, 0x06, 0x4b, 0x13, 0x06, 0x01, 0x04, 0x01, 0x05,
  0x02, 0x06, 0x03, 0x92, 0x7e, 0x01, 0x04, 0x03, 0x05, 0x15, 0x03, 0xf1,
  0x01, 0x01, 0x05, 0x05, 0x13, 0x05, 0x1c, 0x03, 0x4f, 0x01, 0x05, 0x05,
  0x13, 0x05, 0x2a, 0x06, 0x01, 0x05, 0x08, 0x03, 0x30, 0x66, 0x05, 0x05,
  0x06, 0x85, 0x05, 0x15, 0x03, 0x74, 0x01, 0x05, 0x05, 0x13, 0x13, 0x13,
  0x05, 0x0a, 0x06, 0x01, 0x05, 0x05, 0x06, 0x59, 0x13, 0x06, 0x01, 0x04,
  0x01, 0x05, 0x02, 0x06, 0x03, 0x93, 0x7e, 0x01, 0x08, 0x74, 0x06, 0xe4,
  0x08, 0x12, 0x05, 0x03, 0x06, 0x03, 0x75, 0x01, 0x04, 0x02, 0x05, 0x14,
  0x03, 0x96, 0x03, 0x01, 0x05, 0x05, 0x03, 0x0b, 0x01, 0x05, 0x12, 0x06,
  0x01, 0x4a, 0x04, 0x01, 0x05, 0x03, 0x06, 0x03, 0xe0, 0x7c, 0x01, 0x05,
  0x0a, 0x06, 0x01, 0xba, 0x05, 0x03, 0x06, 0x03, 0xd1, 0x00, 0x01, 0x05,
  0x01, 0x03, 0x58, 0x01, 0x05, 0x02, 0x14, 0x04, 0x03, 0x05, 0x15, 0x03,
  0xcf, 0x01, 0x01, 0x05, 0x05, 0x13, 0x05, 0x1c, 0x03, 0x4f, 0x01, 0x05,
  0x05, 0x13, 0x06, 0x01, 0x05, 0x08, 0x03, 0x30, 0x01, 0x05, 0x05, 0x06,
  0x93, 0x05, 0x15, 0x03, 0x74, 0x01, 0x05, 0x05, 0x13, 0x13, 0x13, 0x05,
  0x0a, 0x06, 0x01, 0x05, 0x05, 0x06, 0x4b, 0x13, 0x06, 0x01, 0x04, 0x01,
  0x05, 0x02, 0x06, 0x03, 0xb5, 0x7e, 0x01, 0x04, 0x03, 0x05, 0x1a, 0x03,
  0xe4, 0x01, 0x01, 0x05, 0x05, 0x13, 0x13, 0x05, 0x23, 0x06, 0x01, 0x4a,
  0x04, 0x01, 0x05, 0x0b, 0x03, 0x9a, 0x7e, 0x01, 0x05, 0x02, 0x06, 0x4b,
  0x13, 0x13, 0x14, 0x01, 0x05, 0x0d, 0x06, 0x56, 0x05, 0x02, 0xd8, 0x06,
  0xc8, 0x4a, 0x01, 0x58, 0x06, 0x66, 0x06, 0xba, 0x4a, 0x01, 0x05, 0x20,
  0x58, 0x05, 0x02, 0x13, 0x05, 0x05, 0x06, 0x01, 0x05, 0x02, 0x06, 0x5d,
  0x06, 0x01, 0x04, 0x03, 0x05, 0x05, 0x06, 0x03, 0xda, 0x01, 0x01, 0x13,
  0x04, 0x01, 0x05, 0x08, 0x06, 0x03, 0xa5, 0x7e, 0x01, 0x3c, 0x9e, 0x05,
  0x02, 0x06, 0x3d, 0x05, 0x05, 0x06, 0x01, 0x05, 0x02, 0x06, 0x93, 0x04,
  0x03, 0x05, 0x15, 0x03, 0xbf, 0x01, 0x01, 0x05, 0x05, 0x13, 0x05, 0x1c,
  0x03, 0x4f, 0x01, 0x05, 0x05, 0x13, 0x05, 0x2a, 0x06, 0x01, 0x4a, 0x05,
  0x08, 0x03, 0x30, 0x01, 0x05, 0x05, 0x06, 0x85, 0x05, 0x15, 0x03, 0x74,
  0x01, 0x05, 0x05, 0x13, 0x13, 0x13, 0x05, 0x0a, 0x06, 0x01, 0x05, 0x05,
  0x06, 0x4b, 0x13, 0x06, 0x01, 0x04, 0x01, 0x05, 0x02, 0x06, 0x03, 0xc5,
  0x7e, 0x01, 0x04, 0x03, 0x05, 0x15, 0x03, 0xbe, 0x01, 0x01, 0x05, 0x05,
  0x13, 0x05, 0x1c, 0x03, 0x4f, 0x01, 0x05, 0x05, 0x13, 0x05, 0x2a, 0x06,
  0x01, 0x05, 0x08, 0x03, 0x30, 0x66, 0x05, 0x05, 0x06, 0x85, 0x05, 0x15,
  0x03, 0x74, 0x01, 0x05, 0x05, 0x13, 0x13, 0x13, 0x05, 0x0a, 0x06, 0x01,
  0x05, 0x05, 0x06, 0x59, 0x13, 0x06, 0x01, 0x04, 0x01, 0x05, 0x02, 0x06,
  0x03, 0xc6, 0x7e, 0x01, 0xd6, 0x06, 0xac, 0x06, 0x08, 0x4a, 0x82, 0x4a,
  0x06, 0x58, 0x4a, 0x4a, 0x3c, 0x06, 0x08, 0x20, 0x06, 0x82, 0x05, 0x1f,
  0x06, 0x01, 0x05, 0x02, 0x13, 0x05, 0x09, 0x06, 0x01, 0x05, 0x02, 0x06,
  0x9d, 0x06, 0xd6, 0x06, 0x82, 0xba, 0x01, 0x01, 0x01, 0x01, 0x06, 0x4a,
  0x06, 0x3c, 0x74, 0x06, 0xd6, 0x06, 0x82, 0xba, 0x01, 0x01, 0x01, 0x01,
  0x06, 0x4a, 0x06, 0x3c, 0x74, 0x06, 0xd6, 0x06, 0x82, 0xba, 0x01, 0x01,
  0x01, 0x01, 0x06, 0x01, 0x06, 0xd6, 0x01, 0xf2, 0x06, 0xd6, 0x06, 0x82,
  0xba, 0x01, 0x01, 0x01, 0x01, 0x06, 0x01, 0x06, 0xd6, 0x01, 0xf2, 0x06,
  0xd6, 0x06, 0x82, 0xba, 0x01, 0x01, 0x01, 0x01, 0x06, 0x01, 0x06, 0xd6,
  0x01, 0x06, 0xf2, 0x06, 0x03, 0x66, 0x01, 0x82, 0x4a, 0x06, 0x90, 0x74,
  0x06, 0x08, 0x12, 0x06, 0x82, 0x05, 0x1f, 0x06, 0x01, 0x05, 0x02, 0x13,
  0x05, 0x09, 0x06, 0x01, 0x05, 0x02, 0x06, 0xab, 0x06, 0x9e, 0x06, 0x82,
  0x4a, 0x01, 0x01, 0x01, 0x01, 0x06, 0xac, 0x06, 0x3c, 0xba, 0x06, 0x9e,
  0x06, 0x82, 0x4a, 0x01, 0x01, 0x01, 0x01, 0x06, 0xac, 0x06, 0x3c, 0xba,
  0x06, 0x9e, 0x06, 0x82, 0x90, 0x01, 0x01, 0x01, 0x01, 0x06, 0x01, 0x06,
  0x08, 0x20, 0x01, 0xac, 0x06, 0x9e, 0x06, 0x82, 0x4a, 0x01, 0x01, 0x01,
  0x01, 0x06, 0x01, 0x06, 0xd6, 0x06, 0x01, 0x06, 0x90, 0xac, 0x06, 0xc8,
  0x06, 0x58, 0x90, 0x01, 0x01, 0x01, 0x01, 0x06, 0x01, 0x06, 0x08, 0x20,
  0x01, 0x06, 0xac, 0x06, 0x03, 0x67, 0x01, 0x82, 0x4a, 0x06, 0x90, 0x06,
  0x66, 0x06, 0x82, 0x05, 0x1f, 0x06, 0x01, 0x05, 0x02, 0x13, 0x05, 0x09,
  0x06, 0x01, 0x05, 0x02, 0x06, 0x57, 0xd6, 0x3c, 0x01, 0x01, 0x01, 0x01,
  0x9e, 0x58, 0xd6, 0x3c, 0x01, 0x01, 0x01, 0x01, 0x9e, 0x58, 0xd6, 0x3c,
  0x01, 0x01, 0x01, 0x01, 0x01, 0x06, 0x9e, 0x06, 0x4a, 0x08, 0x12, 0xd6,
  0x3c, 0x01, 0x01, 0x01, 0x01, 0x01, 0x06, 0x9e, 0x06, 0x4a, 0x08, 0x12,
  0xd6, 0x3c, 0x01, 0x01, 0x01, 0x01, 0x01, 0x06, 0x9e, 0x06, 0x4a, 0x06,
  0x08, 0x12, 0x04, 0x03, 0x05, 0x15, 0x06, 0x03, 0xf0, 0x01, 0x01, 0x05,
  0x09, 0x14, 0x05, 0x15, 0x03, 0x6f, 0x01, 0x05, 0x05, 0x13, 0x05, 0x1c,
  0x03, 0x54, 0x01, 0x05, 0x05, 0x13, 0x13, 0x06, 0x01, 0x05, 0x10, 0x03,
  0x2b, 0x01, 0x08, 0x74, 0x05, 0x15, 0x06, 0x03, 0x0d, 0x01, 0x05, 0x09,
  0x14, 0x05, 0x15, 0x03, 0x6f, 0x01, 0x05, 0x05, 0x13, 0x05, 0x1c, 0x03,
  0x54, 0x01, 0x05, 0x05, 0x13, 0x13, 0x06, 0x01, 0x05, 0x10, 0x03, 0x2b,
  0x01, 0x08, 0x74, 0x05, 0x15, 0x06, 0x03, 0x0d, 0x01, 0x05, 0x09, 0x14,
  0x05, 0x15, 0x03, 0x6f, 0x01, 0x05, 0x05, 0x13, 0x05, 0x1c, 0x03, 0x54,
  0x01, 0x05, 0x05, 0x13, 0x13, 0x06, 0x01, 0x05, 0x10, 0x03, 0x2b, 0x01,
  0x08, 0x74, 0x05, 0x15, 0x06, 0x03, 0x0d, 0x01, 0x05, 0x09, 0x14, 0x05,
  0x15, 0x03, 0x6f, 0x01, 0x05, 0x05, 0x13, 0x05, 0x1c, 0x03, 0x54, 0x01,
  0x05, 0x05, 0x13, 0x13, 0x06, 0x01, 0x05, 0x10, 0x03, 0x2b, 0x01, 0x82,
  0xf2, 0x05, 0x15, 0x06, 0x03, 0x0d, 0x01, 0x05, 0x09, 0x14, 0x05, 0x15,
  0x03, 0x6f, 0x01, 0x05, 0x05, 0x13, 0x05, 0x1c, 0x03, 0x54, 0x01, 0x05,
  0x05, 0x13, 0x13, 0x06, 0x01, 0x05, 0x10, 0x03, 0x2b, 0x01, 0x08, 0x74,
  0x05, 0x15, 0x06, 0x03, 0x0d, 0x01, 0x05, 0x09, 0x14, 0x05, 0x15, 0x03,
  0x6f, 0x01, 0x05, 0x05, 0x13, 0x05, 0x1c, 0x03, 0x54, 0x01, 0x05, 0x05,
  0x13, 0x13, 0x06, 0x01, 0x05, 0x10, 0x03, 0x2b, 0x01, 0x82, 0xf2, 0x05,
  0x15, 0x06, 0x03, 0x0d, 0x01, 0x05, 0x09, 0x14, 0x05, 0x15, 0x03, 0x6f,
  0x01, 0x05, 0x05, 0x13, 0x05, 0x1c, 0x03, 0x54, 0x01, 0x05, 0x05, 0x13,
  0x13, 0x06, 0x01, 0x05, 0x10, 0x03, 0x2b, 0x01, 0x08, 0x74, 0x05, 0x15,
  0x06, 0x03, 0x0d, 0x01, 0x05, 0x09, 0x14, 0x05, 0x15, 0x03, 0x6f, 0x01,
  0x05, 0x05, 0x13, 0x05, 0x1c, 0x03, 0x54, 0x01, 0x05, 0x05, 0x13, 0x13,
  0x06, 0x01, 0x05, 0x10, 0x03, 0x2b, 0x01, 0x82, 0xf2, 0x05, 0x15, 0x06,
  0x03, 0x0d, 0x01, 0x05, 0x09, 0x14, 0x05, 0x15, 0x03, 0x6f, 0x01, 0x05,
  0x05, 0x13, 0x05, 0x1c, 0x03, 0x54, 0x01, 0x05, 0x05, 0x13, 0x13, 0x06,
  0x01, 0x05, 0x10, 0x03, 0x2b, 0x01, 0x08, 0x4a, 0x04, 0x01, 0x05, 0x02,
  0x03, 0xb6, 0x7e, 0x01, 0x05, 0x01, 0x06, 0x03, 0xc7, 0x00, 0xac, 0x05,
  0x02, 0x13, 0x05, 0x10, 0x06, 0x01, 0x08, 0x00, 0x01, 0x01, 0x6d, 0x5f,
  0x69, 0x6e, 0x64, 0x65, 0x78, 0x00, 0x6d, 0x5f, 0x63, 0x6f, 0x70, 0x79,
  0x00, 0x50, 0x79, 0x55, 0x6e, 0x69, 0x63, 0x6f, 0x64, 0x65, 0x5f, 0x49,
  0x53, 0x5f, 0x43, 0x4f, 0x4d, 0x50, 0x41, 0x43, 0x54, 0x00, 0x74, 0x7a,
  0x5f, 0x64, 0x73, 0x74, 0x74, 0x69, 0x6d, 0x65, 0x00, 0x74, 0x70, 0x5f,
  0x68, 0x61, 0x73, 0x68, 0x00, 0x50, 0x79, 0x4d, 0x6f, 0x64, 0x75, 0x6c,
  0x65, 0x5f, 0x43, 0x72, 0x65, 0x61, 0x74, 0x65, 0x32, 0x00, 0x62, 0x69,
  0x6e, 0x61, 0x72, 0x79, 0x66, 0x75, 0x6e, 0x63, 0x00, 0x50, 0x79, 0x56,
  0x61, 0x72, 0x4f, 0x62, 0x6a, 0x65, 0x63, 0x74, 0x00, 0x73, 0x74, 0x72,
  0x69, 0x64, 0x65, 0x73, 0x00, 0x6e, 0x62, 0x5f, 0x69, 0x6e, 0x70, 0x6c,
  0x61, 0x63, 0x65, 0x5f, 0x70, 0x6f, 0x77, 0x65, 0x72, 0x00, 0x50, 0x79,
  0x5f, 0x68, 0x61, 0x73, 0x68, 0x5f, 0x74, 0x00, 0x6d, 0x5f, 0x6d, 0x65,
  0x74, 0x68, 0x6f, 0x64, 0x73, 0x00, 0x66, 0x6f, 0x72, 0x6d, 0x61, 0x74,
  0x00, 0x73, 0x6c, 0x6f, 0x74, 0x00, 0x50, 0x79, 0x47, 0x65, 0x74, 0x53,
  0x65, 0x74, 0x44, 0x65, 0x66, 0x00, 0x73, 0x65, 0x74, 0x61, 0x74, 0x74,
  0x72, 0x6f, 0x66, 0x75, 0x6e, 0x63, 0x00, 0x6d, 0x5f, 0x62, 0x61, 0x73,
  0x65, 0x00, 0x73, 0x65, 0x6c, 0x66, 0x00, 0x74, 0x70, 0x5f, 0x64, 0x65,
  0x61, 0x6c, 0x6c, 0x6f, 0x63, 0x00, 0x6e, 0x62, 0x5f, 0x69, 0x6e, 0x70,
  0x6c, 0x61, 0x63, 0x65, 0x5f, 0x78, 0x6f, 0x72, 0x00, 0x72, 0x65, 0x61,
  0x64, 0x6f, 0x6e, 0x6c, 0x79, 0x00, 0x74, 0x70, 0x5f, 0x61, 0x73, 0x5f,
  0x6d, 0x61, 0x70, 0x70, 0x69, 0x6e, 0x67, 0x00, 0x6d, 0x5f, 0x63, 0x6c,
  0x65, 0x61, 0x72, 0x00, 0x6e, 0x62, 0x5f, 0x6d, 0x61, 0x74, 0x72, 0x69,
  0x78, 0x5f, 0x6d, 0x75, 0x6c, 0x74, 0x69, 0x70, 0x6c, 0x79, 0x00, 0x50,
  0x79, 0x41, 0x73, 0x79, 0x6e, 0x63, 0x4d, 0x65, 0x74, 0x68, 0x6f, 0x64,
  0x73, 0x00, 0x74, 0x70, 0x5f, 0x6e, 0x61, 0x6d, 0x65, 0x00, 0x50, 0x59,
  0x47, 0x45, 0x4e, 0x5f, 0x52, 0x45, 0x54, 0x55, 0x52, 0x4e, 0x00, 0x62,
  0x66, 0x5f, 0x72, 0x65, 0x6c, 0x65, 0x61, 0x73, 0x65, 0x62, 0x75, 0x66,
  0x66, 0x65, 0x72, 0x00, 0x50, 0x79, 0x53, 0x65, 0x6e, 0x64, 0x52, 0x65,
  0x73, 0x75, 0x6c, 0x74, 0x00, 0x50, 0x79, 0x55, 0x6e, 0x69, 0x63, 0x6f,
  0x64, 0x65, 0x5f, 0x49, 0x53, 0x5f, 0x41, 0x53, 0x43, 0x49, 0x49, 0x00,
  0x74, 0x7a, 0x5f, 0x6d, 0x69, 0x6e, 0x75, 0x74, 0x65, 0x73, 0x77, 0x65,
  0x73, 0x74, 0x00, 0x50, 0x79, 0x55, 0x6e, 0x69, 0x63, 0x6f, 0x64, 0x65,
  0x5f, 0x4b, 0x69, 0x6e, 0x64, 0x00, 0x77, 0x63, 0x68, 0x61, 0x72, 0x5f,
  0x74, 0x00, 0x74, 0x70, 0x5f, 0x69, 0x6e, 0x69, 0x74, 0x00, 0x74, 0x70,
  0x5f, 0x74, 0x72, 0x61, 0x76, 0x65, 0x72, 0x73, 0x65, 0x00, 0x6c, 0x65,
  0x6e, 0x66, 0x75, 0x6e, 0x63, 0x00, 0x6e, 0x62, 0x5f, 0x69, 0x6e, 0x76,
  0x65, 0x72, 0x74, 0x00, 0x50, 0x79, 0x55, 0x6e, 0x69, 0x63, 0x6f, 0x64,
  0x65, 0x5f, 0x34, 0x42, 0x59, 0x54, 0x45, 0x5f, 0x4b, 0x49, 0x4e, 0x44,
  0x00, 0x73, 0x65, 0x74, 0x61, 0x74, 0x74, 0x72, 0x66, 0x75, 0x6e, 0x63,
  0x00, 0x73, 0x68, 0x61, 0x70, 0x65, 0x00, 0x6e, 0x64, 0x69, 0x6d, 0x00,
  0x74, 0x70, 0x5f, 0x77, 0x65, 0x61, 0x6b, 0x6c, 0x69, 0x73, 0x74, 0x00,
  0x2f, 0x70, 0x72, 0x6f, 0x6a, 0x65, 0x63, 0x74, 0x00, 0x5f, 0x5f, 0x62,
  0x75, 0x69, 0x6c, 0x74, 0x69, 0x6e, 0x5f, 0x6d, 0x65, 0x6d, 0x63, 0x70,
  0x79, 0x00, 0x67, 0x65, 0x74, 0x61, 0x74, 0x74, 0x72, 0x66, 0x75, 0x6e,
  0x63, 0x00, 0x6d, 0x6c, 0x5f, 0x6d, 0x65, 0x74, 0x68, 0x00, 0x64, 0x65,
  0x73, 0x74, 0x72, 0x75, 0x63, 0x74, 0x6f, 0x72, 0x00, 0x6d, 0x6f, 0x64,
  0x75, 0x6c, 0x65, 0x5f, 0x64, 0x65, 0x66, 0x69, 0x6e, 0x69, 0x74, 0x69,
  0x6f, 0x6e, 0x00, 0x5f, 0x50, 0x79, 0x55, 0x6e, 0x69, 0x63, 0x6f, 0x64,
  0x65, 0x5f, 0x4e, 0x4f, 0x4e, 0x43, 0x4f, 0x4d, 0x50, 0x41, 0x43, 0x54,
  0x5f, 0x44, 0x41, 0x54, 0x41, 0x00, 0x74, 0x70, 0x5f, 0x77, 0x65, 0x61,
  0x6b, 0x6c, 0x69, 0x73, 0x74, 0x6f, 0x66, 0x66, 0x73, 0x65, 0x74, 0x00,
  0x6d, 0x5f, 0x66, 0x72, 0x65, 0x65, 0x00, 0x73, 0x71, 0x5f, 0x69, 0x74,
  0x65, 0x6d, 0x00, 0x74, 0x70, 0x5f, 0x67, 0x65, 0x74, 0x61, 0x74, 0x74,
  0x72, 0x00, 0x69, 0x6e, 0x74, 0x65, 0x72, 0x6e, 0x65, 0x64, 0x00, 0x76,
  0x65, 0x63, 0x74, 0x6f, 0x72, 0x63, 0x61, 0x6c, 0x6c, 0x66, 0x75, 0x6e,
  0x63, 0x00, 0x75, 0x69, 0x6e, 0x74, 0x33, 0x32, 0x5f, 0x74, 0x00, 0x61,
  0x6d, 0x5f, 0x73, 0x65, 0x6e, 0x64, 0x00, 0x6e, 0x62, 0x5f, 0x69, 0x6e,
  0x70, 0x6c, 0x61, 0x63, 0x65, 0x5f, 0x61, 0x64, 0x64, 0x00, 0x64, 0x65,
  0x73, 0x63, 0x72, 0x73, 0x65, 0x74, 0x66, 0x75, 0x6e, 0x63, 0x00, 0x6f,
  0x62, 0x5f, 0x62, 0x61, 0x73, 0x65, 0x00, 0x73, 0x71, 0x5f, 0x6c, 0x65,
  0x6e, 0x67, 0x74, 0x68, 0x00, 0x6e, 0x63, 0x6f, 0x70, 0x79, 0x00, 0x6e,
  0x62, 0x5f, 0x6f, 0x72, 0x00, 0x6e, 0x62, 0x5f, 0x69, 0x6e, 0x70, 0x6c,
  0x61, 0x63, 0x65, 0x5f, 0x72, 0x65, 0x6d, 0x61, 0x69, 0x6e, 0x64, 0x65,
  0x72, 0x00, 0x6c, 0x6f, 0x6e, 0x67, 0x20, 0x6c, 0x6f, 0x6e, 0x67, 0x20,
  0x75, 0x6e, 0x73, 0x69, 0x67, 0x6e, 0x65, 0x64, 0x20, 0x69, 0x6e, 0x74,
  0x00, 0x74, 0x70, 0x5f, 0x63, 0x61, 0x63, 0x68, 0x65, 0x00, 0x6e, 0x62,
  0x5f, 0x6d, 0x75, 0x6c, 0x74, 0x69, 0x70, 0x6c, 0x79, 0x00, 0x74, 0x70,
  0x5f, 0x67, 0x65, 0x74, 0x61, 0x74, 0x74, 0x72, 0x6f, 0x00, 0x69, 0x6e,
  0x69, 0x74, 0x70, 0x72, 0x6f, 0x63, 0x00, 0x74, 0x70, 0x5f, 0x61, 0x73,
  0x5f, 0x61, 0x73, 0x79, 0x6e, 0x63, 0x00, 0x68, 0x61, 0x73, 0x68, 0x66,
  0x75, 0x6e, 0x63, 0x00, 0x74, 0x70, 0x5f, 0x69, 0x74, 0x65, 0x72, 0x6e,
  0x65, 0x78, 0x74, 0x00, 0x6b, 0x69, 0x6e, 0x64, 0x00, 0x50, 0x79, 0x42,
  0x75, 0x66, 0x66, 0x65, 0x72, 0x50, 0x72, 0x6f, 0x63, 0x73, 0x00, 0x61,
  0x6d, 0x5f, 0x61, 0x77, 0x61, 0x69, 0x74, 0x00, 0x74, 0x70, 0x5f, 0x61,
  0x6c, 0x6c, 0x6f, 0x63, 0x00, 0x77, 0x73, 0x74, 0x72, 0x5f, 0x6c, 0x65,
  0x6e, 0x67, 0x74, 0x68, 0x00, 0x6e, 0x62, 0x5f, 0x70, 0x6f, 0x73, 0x69,
  0x74, 0x69, 0x76, 0x65, 0x00, 0x72, 0x65, 0x6c, 0x65, 0x61, 0x73, 0x65,
  0x62, 0x75, 0x66, 0x66, 0x65, 0x72, 0x70, 0x72, 0x6f, 0x63, 0x00, 0x74,
  0x70, 0x5f, 0x76, 0x65, 0x63, 0x74, 0x6f, 0x72, 0x63, 0x61, 0x6c, 0x6c,
  0x00, 0x76, 0x61, 0x6c, 0x75, 0x65, 0x00, 0x5f, 0x6f, 0x62, 0x6a, 0x65,
  0x63, 0x74, 0x00, 0x50, 0x79, 0x5f, 0x54, 0x59, 0x50, 0x45, 0x00, 0x74,
  0x70, 0x5f, 0x73, 0x65, 0x74, 0x61, 0x74, 0x74, 0x72, 0x6f, 0x00, 0x6d,
  0x6f, 0x64, 0x75, 0x6c, 0x65, 0x5f, 0x6d, 0x65, 0x74, 0x68, 0x6f, 0x64,
  0x73, 0x00, 0x74, 0x70, 0x5f, 0x72, 0x69, 0x63, 0x68, 0x63, 0x6f, 0x6d,
  0x70, 0x61, 0x72, 0x65, 0x00, 0x74, 0x70, 0x5f, 0x61, 0x73, 0x5f, 0x62,
  0x75, 0x66, 0x66, 0x65, 0x72, 0x00, 0x50, 0x79, 0x5f, 0x55, 0x43, 0x53,
  0x31, 0x00, 0x50, 0x79, 0x5f, 0x55, 0x43, 0x53, 0x32, 0x00, 0x50, 0x79,
  0x5f, 0x55, 0x43, 0x53, 0x34, 0x00, 0x50, 0x59, 0x47, 0x45, 0x4e, 0x5f,
  0x4e, 0x45, 0x58, 0x54, 0x00, 0x6e, 0x62, 0x5f, 0x69, 0x6e, 0x70, 0x6c,
  0x61, 0x63, 0x65, 0x5f, 0x72, 0x73, 0x68, 0x69, 0x66, 0x74, 0x00, 0x6e,
  0x62, 0x5f, 0x69, 0x6e, 0x70, 0x6c, 0x61, 0x63, 0x65, 0x5f, 0x6d, 0x61,
  0x74, 0x72, 0x69, 0x78, 0x5f, 0x6d, 0x75, 0x6c, 0x74, 0x69, 0x70, 0x6c,
  0x79, 0x00, 0x67, 0x65, 0x74, 0x74, 0x65, 0x72, 0x00, 0x74, 0x70, 0x5f,
  0x6d, 0x72, 0x6f, 0x00, 0x77, 0x61, 0x73, 0x5f, 0x73, 0x71, 0x5f, 0x73,
  0x6c, 0x69, 0x63, 0x65, 0x00, 0x50, 0x79, 0x55, 0x6e, 0x69, 0x63, 0x6f,
  0x64, 0x65, 0x5f, 0x44, 0x41, 0x54, 0x41, 0x00, 0x74, 0x70, 0x5f, 0x6d,
  0x65, 0x74, 0x68, 0x6f, 0x64, 0x73, 0x00, 0x74, 0x70, 0x5f, 0x73, 0x75,
  0x62, 0x63, 0x6c, 0x61, 0x73, 0x73, 0x65, 0x73, 0x00, 0x50, 0x79, 0x54,
  0x79, 0x70, 0x65, 0x4f, 0x62, 0x6a, 0x65, 0x63, 0x74, 0x00, 0x50, 0x79,
  0x5f, 0x73, 0x73, 0x69, 0x7a, 0x65, 0x5f, 0x74, 0x00, 0x6e, 0x62, 0x5f,
  0x69, 0x6e, 0x70, 0x6c, 0x61, 0x63, 0x65, 0x5f, 0x66, 0x6c, 0x6f, 0x6f,
  0x72, 0x5f, 0x64, 0x69, 0x76, 0x69, 0x64, 0x65, 0x00, 0x74, 0x70, 0x5f,
  0x67, 0x65, 0x74, 0x73, 0x65, 0x74, 0x00, 0x73, 0x72, 0x63, 0x2f, 0x6d,
  0x61, 0x72, 0x6b, 0x75, 0x70, 0x73, 0x61, 0x66, 0x65, 0x2f, 0x5f, 0x73,
  0x70, 0x65, 0x65, 0x64, 0x75, 0x70, 0x73, 0x2e, 0x63, 0x00, 0x50, 0x79,
  0x55, 0x6e, 0x69, 0x63, 0x6f, 0x64, 0x65, 0x5f, 0x47, 0x45, 0x54, 0x5f,
  0x4c, 0x45, 0x4e, 0x47, 0x54, 0x48, 0x00, 0x75, 0x69, 0x6e, 0x74, 0x38,
  0x5f, 0x74, 0x00, 0x69, 0x6e, 0x74, 0x65, 0x72, 0x6e, 0x61, 0x6c, 0x00,
  0x50, 0x79, 0x5f, 0x62, 0x75, 0x66, 0x66, 0x65, 0x72, 0x00, 0x73, 0x71,
  0x5f, 0x69, 0x6e, 0x70, 0x6c, 0x61, 0x63, 0x65, 0x5f, 0x63, 0x6f, 0x6e,
  0x63, 0x61, 0x74, 0x00, 0x64, 0x61, 0x74, 0x61, 0x00, 0x65, 0x73, 0x63,
  0x61, 0x70, 0x65, 0x5f, 0x75, 0x6e, 0x69, 0x63, 0x6f, 0x64, 0x65, 0x5f,
  0x6b, 0x69, 0x6e, 0x64, 0x31, 0x00, 0x65, 0x73, 0x63, 0x61, 0x70, 0x65,
  0x5f, 0x75, 0x6e, 0x69, 0x63, 0x6f, 0x64, 0x65, 0x5f, 0x6b, 0x69, 0x6e,
  0x64, 0x32, 0x00, 0x65, 0x73, 0x63, 0x61, 0x70, 0x65, 0x5f, 0x75, 0x6e,
  0x69, 0x63, 0x6f, 0x64, 0x65, 0x5f, 0x6b, 0x69, 0x6e, 0x64, 0x34, 0x00,
  0x6e, 0x62, 0x5f, 0x70, 0x6f, 0x77, 0x65, 0x72, 0x00, 0x77, 0x73, 0x74,
  0x72, 0x00, 0x50, 0x79, 0x55, 0x6e, 0x69, 0x63, 0x6f, 0x64, 0x65, 0x5f,
  0x31, 0x42, 0x59, 0x54, 0x45, 0x5f, 0x4b, 0x49, 0x4e, 0x44, 0x00, 0x5f,
  0x74, 0x79, 0x70, 0x65, 0x6f, 0x62, 0x6a, 0x65, 0x63, 0x74, 0x00, 0x6e,
  0x62, 0x5f, 0x61, 0x62, 0x73, 0x6f, 0x6c, 0x75, 0x74, 0x65, 0x00, 0x61,
  0x6d, 0x5f, 0x61, 0x69, 0x74, 0x65, 0x72, 0x00, 0x73, 0x71, 0x5f, 0x63,
  0x6f, 0x6e, 0x63, 0x61, 0x74, 0x00, 0x50, 0x79, 0x4d, 0x61, 0x70, 0x70,
  0x69, 0x6e, 0x67, 0x4d, 0x65, 0x74, 0x68, 0x6f, 0x64, 0x73, 0x00, 0x6d,
  0x5f, 0x73, 0x69, 0x7a, 0x65, 0x00, 0x6c, 0x6f, 0x6e, 0x67, 0x20, 0x6c,
  0x6f, 0x6e, 0x67, 0x20, 0x69, 0x6e, 0x74, 0x00, 0x50, 0x79, 0x4d, 0x6f,
  0x64, 0x75, 0x6c, 0x65, 0x44, 0x65, 0x66, 0x5f, 0x53, 0x6c, 0x6f, 0x74,
  0x00, 0x76, 0x69, 0x73, 0x69, 0x74, 0x70, 0x72, 0x6f, 0x63, 0x00, 0x74,
  0x70, 0x5f, 0x6d, 0x65, 0x6d, 0x62, 0x65, 0x72, 0x73, 0x00, 0x50, 0x79,
  0x55, 0x6e, 0x69, 0x63, 0x6f, 0x64, 0x65, 0x5f, 0x4e, 0x65, 0x77, 0x00,
  0x47, 0x4e, 0x55, 0x20, 0x43, 0x31, 0x37, 0x20, 0x31, 0x30, 0x2e, 0x32,
  0x2e, 0x31, 0x20, 0x32, 0x30, 0x32, 0x31, 0x30, 0x31, 0x33, 0x30, 0x20,
  0x28, 0x52, 0x65, 0x64, 0x20, 0x48, 0x61, 0x74, 0x20, 0x31, 0x30, 0x2e,
  0x32, 0x2e, 0x31, 0x2d, 0x31, 0x31, 0x29, 0x20, 0x2d, 0x6d, 0x74, 0x75,
  0x6e, 0x65, 0x3d, 0x67, 0x65, 0x6e, 0x65, 0x72, 0x69, 0x63, 0x20, 0x2d,
  0x6d, 0x61, 0x72, 0x63, 0x68, 0x3d, 0x78, 0x38, 0x36, 0x2d, 0x36, 0x34,
  0x20, 0x2d, 0x67, 0x20, 0x2d, 0x4f, 0x33, 0x20, 0x2d, 0x66, 0x77, 0x72,
  0x61, 0x70, 0x76, 0x20, 0x2d, 0x66, 0x50, 0x49, 0x43, 0x00, 0x6e, 0x62,
  0x5f, 0x72, 0x65, 0x6d, 0x61, 0x69, 0x6e, 0x64, 0x65, 0x72, 0x00, 0x50,
  0x79, 0x4f, 0x62, 0x6a, 0x65, 0x63, 0x74, 0x00, 0x6e, 0x62, 0x5f, 0x72,
  0x73, 0x68, 0x69, 0x66, 0x74, 0x00, 0x73, 0x71, 0x5f, 0x63, 0x6f, 0x6e,
  0x74, 0x61, 0x69, 0x6e, 0x73, 0x00, 0x50, 0x79, 0x55, 0x6e, 0x69, 0x63,
  0x6f, 0x64, 0x65, 0x5f, 0x52, 0x45, 0x41, 0x44, 0x59, 0x00, 0x5f, 0x50,
  0x79, 0x55, 0x6e, 0x69, 0x63, 0x6f, 0x64, 0x65, 0x5f, 0x52, 0x65, 0x61,
  0x64, 0x79, 0x00, 0x64, 0x65, 0x73, 0x63, 0x72, 0x67, 0x65, 0x74, 0x66,
  0x75, 0x6e, 0x63, 0x00, 0x65, 0x73, 0x63, 0x61, 0x70, 0x65, 0x5f, 0x75,
  0x6e, 0x69, 0x63, 0x6f, 0x64, 0x65, 0x00, 0x74, 0x70, 0x5f, 0x62, 0x61,
  0x73, 0x65, 0x00, 0x61, 0x6c, 0x6c, 0x6f, 0x63, 0x66, 0x75, 0x6e, 0x63,
  0x00, 0x6e, 0x62, 0x5f, 0x69, 0x6e, 0x70, 0x6c, 0x61, 0x63, 0x65, 0x5f,
  0x6f, 0x72, 0x00, 0x6d, 0x70, 0x5f, 0x6c, 0x65, 0x6e, 0x67, 0x74, 0x68,
  0x00, 0x74, 0x70, 0x5f, 0x64, 0x6f, 0x63, 0x00, 0x50, 0x79, 0x4d, 0x6f,
  0x64, 0x75, 0x6c, 0x65, 0x44, 0x65, 0x66, 0x5f, 0x42, 0x61, 0x73, 0x65,
  0x00, 0x6d, 0x5f, 0x6e, 0x61, 0x6d, 0x65, 0x00, 0x50, 0x79, 0x43, 0x46,
  0x75, 0x6e, 0x63, 0x74, 0x69, 0x6f, 0x6e, 0x00, 0x6e, 0x62, 0x5f, 0x61,
  0x6e, 0x64, 0x00, 0x74, 0x70, 0x5f, 0x69, 0x74, 0x65, 0x6d, 0x73, 0x69,
  0x7a, 0x65, 0x00, 0x6f, 0x62, 0x6a, 0x6f, 0x62, 0x6a, 0x61, 0x72, 0x67,
  0x70, 0x72, 0x6f, 0x63, 0x00, 0x73, 0x65, 0x74, 0x74, 0x65, 0x72, 0x00,
  0x77, 0x61, 0x73, 0x5f, 0x73, 0x71, 0x5f, 0x61, 0x73, 0x73, 0x5f, 0x73,
  0x6c, 0x69, 0x63, 0x65, 0x00, 0x6d, 0x5f, 0x69, 0x6e, 0x69, 0x74, 0x00,
  0x66, 0x65, 0x61, 0x74, 0x75, 0x72, 0x65, 0x00, 0x74, 0x70, 0x5f, 0x62,
  0x61, 0x73, 0x69, 0x63, 0x73, 0x69, 0x7a, 0x65, 0x00, 0x74, 0x70, 0x5f,
  0x76, 0x65, 0x72, 0x73, 0x69, 0x6f, 0x6e, 0x5f, 0x74, 0x61, 0x67, 0x00,
  0x6e, 0x62, 0x5f, 0x66, 0x6c, 0x6f, 0x6f, 0x72, 0x5f, 0x64, 0x69, 0x76,
  0x69, 0x64, 0x65, 0x00, 0x66, 0x72, 0x65, 0x65, 0x66, 0x75, 0x6e, 0x63,
  0x00, 0x75, 0x69, 0x6e, 0x74, 0x31, 0x36, 0x5f, 0x74, 0x00, 0x50, 0x59,
  0x47, 0x45, 0x4e, 0x5f, 0x45, 0x52, 0x52, 0x4f, 0x52, 0x00, 0x74, 0x70,
  0x5f, 0x64, 0x65, 0x73, 0x63, 0x72, 0x5f, 0x67, 0x65, 0x74, 0x00, 0x6d,
  0x70, 0x5f, 0x73, 0x75, 0x62, 0x73, 0x63, 0x72, 0x69, 0x70, 0x74, 0x00,
  0x69, 0x74, 0x65, 0x72, 0x6e, 0x65, 0x78, 0x74, 0x66, 0x75, 0x6e, 0x63,
  0x00, 0x61, 0x6d, 0x5f, 0x61, 0x6e, 0x65, 0x78, 0x74, 0x00, 0x50, 0x79,
  0x5f, 0x49, 0x4e, 0x43, 0x52, 0x45, 0x46, 0x00, 0x74, 0x70, 0x5f, 0x66,
  0x6c, 0x61, 0x67, 0x73, 0x00, 0x6f, 0x62, 0x5f, 0x73, 0x69, 0x7a, 0x65,
  0x00, 0x6f, 0x62, 0x6a, 0x6f, 0x62, 0x6a, 0x70, 0x72, 0x6f, 0x63, 0x00,
  0x6e, 0x62, 0x5f, 0x69, 0x6e, 0x70, 0x6c, 0x61, 0x63, 0x65, 0x5f, 0x73,
  0x75, 0x62, 0x74, 0x72, 0x61, 0x63, 0x74, 0x00, 0x63, 0x6f, 0x6d, 0x70,
  0x61, 0x63, 0x74, 0x00, 0x73, 0x68, 0x6f, 0x72, 0x74, 0x20, 0x69, 0x6e,
  0x74, 0x00, 0x6e, 0x62, 0x5f, 0x72, 0x65, 0x73, 0x65, 0x72, 0x76, 0x65,
  0x64, 0x00, 0x74, 0x70, 0x5f, 0x63, 0x61, 0x6c, 0x6c, 0x00, 0x50, 0x79,
  0x55, 0x6e, 0x69, 0x63, 0x6f, 0x64, 0x65, 0x5f, 0x32, 0x42, 0x59, 0x54,
  0x45, 0x5f, 0x4b, 0x49, 0x4e, 0x44, 0x00, 0x74, 0x70, 0x5f, 0x69, 0x74,
  0x65, 0x72, 0x00, 0x6d, 0x6c, 0x5f, 0x6e, 0x61, 0x6d, 0x65, 0x00, 0x74,
  0x70, 0x5f, 0x66, 0x72, 0x65, 0x65, 0x00, 0x6f, 0x62, 0x5f, 0x72, 0x65,
  0x66, 0x63, 0x6e, 0x74, 0x00, 0x6d, 0x5f, 0x73, 0x6c, 0x6f, 0x74, 0x73,
  0x00, 0x74, 0x70, 0x5f, 0x62, 0x61, 0x73, 0x65, 0x73, 0x00, 0x6d, 0x6c,
  0x5f, 0x64, 0x6f, 0x63, 0x00, 0x63, 0x6c, 0x6f, 0x73, 0x75, 0x72, 0x65,
  0x00, 0x75, 0x74, 0x66, 0x38, 0x00, 0x50, 0x79, 0x4d, 0x65, 0x74, 0x68,
  0x6f, 0x64, 0x44, 0x65, 0x66, 0x00, 0x74, 0x70, 0x5f, 0x72, 0x65, 0x70,
  0x72, 0x00, 0x6f, 0x75, 0x74, 0x70, 0x00, 0x72, 0x65, 0x61, 0x64, 0x79,
  0x00, 0x73, 0x71, 0x5f, 0x61, 0x73, 0x73, 0x5f, 0x69, 0x74, 0x65, 0x6d,
  0x00, 0x5f, 0x5f, 0x73, 0x73, 0x69, 0x7a, 0x65, 0x5f, 0x74, 0x00, 0x50,
  0x79, 0x49, 0x6e, 0x69, 0x74, 0x5f, 0x5f, 0x73, 0x70, 0x65, 0x65, 0x64,
  0x75, 0x70, 0x73, 0x00, 0x61, 0x73, 0x63, 0x69, 0x69, 0x00, 0x50, 0x79,
  0x43, 0x6f, 0x6d, 0x70, 0x61, 0x63, 0x74, 0x55, 0x6e, 0x69, 0x63, 0x6f,
  0x64, 0x65, 0x4f, 0x62, 0x6a, 0x65, 0x63, 0x74, 0x00, 0x72, 0x65, 0x70,
  0x72, 0x66, 0x75, 0x6e, 0x63, 0x00, 0x6d, 0x70, 0x5f, 0x61, 0x73, 0x73,
  0x5f, 0x73, 0x75, 0x62, 0x73, 0x63, 0x72, 0x69, 0x70, 0x74, 0x00, 0x73,
  0x73, 0x69, 0x7a, 0x65, 0x6f, 0x62, 0x6a, 0x61, 0x72, 0x67, 0x70, 0x72,
  0x6f, 0x63, 0x00, 0x6e, 0x62, 0x5f, 0x66, 0x6c, 0x6f, 0x61, 0x74, 0x00,
  0x6e, 0x62, 0x5f, 0x74, 0x72, 0x75, 0x65, 0x5f, 0x64, 0x69, 0x76, 0x69,
  0x64, 0x65, 0x00, 0x6e, 0x62, 0x5f, 0x69, 0x6e, 0x74, 0x00, 0x6d, 0x5f,
  0x74, 0x72, 0x61, 0x76, 0x65, 0x72, 0x73, 0x65, 0x00, 0x69, 0x6e, 0x70,
  0x5f, 0x65, 0x6e, 0x64, 0x00, 0x6e, 0x62, 0x5f, 0x69, 0x6e, 0x64, 0x65,
  0x78, 0x00, 0x5f, 0x50, 0x79, 0x55, 0x6e, 0x69, 0x63, 0x6f, 0x64, 0x65,
  0x5f, 0x43, 0x4f, 0x4d, 0x50, 0x41, 0x43, 0x54, 0x5f, 0x44, 0x41, 0x54,
  0x41, 0x00, 0x50, 0x79, 0x41, 0x53, 0x43, 0x49, 0x49, 0x4f, 0x62, 0x6a,
  0x65, 0x63, 0x74, 0x00, 0x6e, 0x62, 0x5f, 0x78, 0x6f, 0x72, 0x00, 0x50,
  0x79, 0x55, 0x6e, 0x69, 0x63, 0x6f, 0x64, 0x65, 0x5f, 0x57, 0x43, 0x48,
  0x41, 0x52, 0x5f, 0x4b, 0x49, 0x4e, 0x44, 0x00, 0x50, 0x79, 0x53, 0x65,
  0x71, 0x75, 0x65, 0x6e, 0x63, 0x65, 0x4d, 0x65, 0x74, 0x68, 0x6f, 0x64,
  0x73, 0x00, 0x74, 0x69, 0x6d, 0x65, 0x7a, 0x6f, 0x6e, 0x65, 0x00, 0x50,
  0x79, 0x54, 0x79, 0x70, 0x65, 0x5f, 0x48, 0x61, 0x73, 0x46, 0x65, 0x61,
  0x74, 0x75, 0x72, 0x65, 0x00, 0x6e, 0x62, 0x5f, 0x6e, 0x65, 0x67, 0x61,
  0x74, 0x69, 0x76, 0x65, 0x00, 0x73, 0x74, 0x61, 0x74, 0x65, 0x00, 0x6d,
  0x5f, 0x64, 0x6f, 0x63, 0x00, 0x50, 0x79, 0x4d, 0x65, 0x6d, 0x62, 0x65,
  0x72, 0x44, 0x65, 0x66, 0x00, 0x75, 0x63, 0x73, 0x32, 0x00, 0x75, 0x63,
  0x73, 0x34, 0x00, 0x50, 0x79, 0x4e, 0x75, 0x6d, 0x62, 0x65, 0x72, 0x4d,
  0x65, 0x74, 0x68, 0x6f, 0x64, 0x73, 0x00, 0x75, 0x6e, 0x73, 0x69, 0x67,
  0x6e, 0x65, 0x64, 0x20, 0x63, 0x68, 0x61, 0x72, 0x00, 0x6e, 0x62, 0x5f,
  0x69, 0x6e, 0x70, 0x6c, 0x61, 0x63, 0x65, 0x5f, 0x6c, 0x73, 0x68, 0x69,
  0x66, 0x74, 0x00, 0x74, 0x70, 0x5f, 0x69, 0x73, 0x5f, 0x67, 0x63, 0x00,
  0x73, 0x65, 0x6e, 0x64, 0x66, 0x75, 0x6e, 0x63, 0x00, 0x74, 0x70, 0x5f,
  0x61, 0x73, 0x5f, 0x73, 0x65, 0x71, 0x75, 0x65, 0x6e, 0x63, 0x65, 0x00,
  0x74, 0x72, 0x61, 0x76, 0x65, 0x72, 0x73, 0x65, 0x70, 0x72, 0x6f, 0x63,
  0x00, 0x6e, 0x62, 0x5f, 0x64, 0x69, 0x76, 0x6d, 0x6f, 0x64, 0x00, 0x74,
  0x70, 0x5f, 0x64, 0x69, 0x63, 0x74, 0x6f, 0x66, 0x66, 0x73, 0x65, 0x74,
  0x00, 0x74, 0x70, 0x5f, 0x64, 0x69, 0x63, 0x74, 0x00, 0x75, 0x74, 0x66,
  0x38, 0x5f, 0x6c, 0x65, 0x6e, 0x67, 0x74, 0x68, 0x00, 0x6e, 0x62, 0x5f,
  0x69, 0x6e, 0x70, 0x6c, 0x61, 0x63, 0x65, 0x5f, 0x61, 0x6e, 0x64, 0x00,
  0x74, 0x65, 0x72, 0x6e, 0x61, 0x72, 0x79, 0x66, 0x75, 0x6e, 0x63, 0x00,
  0x74, 0x70, 0x5f, 0x73, 0x74, 0x72, 0x00, 0x6d, 0x6c, 0x5f, 0x66, 0x6c,
  0x61, 0x67, 0x73, 0x00, 0x73, 0x75, 0x62, 0x6f, 0x66, 0x66, 0x73, 0x65,
  0x74, 0x73, 0x00, 0x67, 0x65, 0x74, 0x61, 0x74, 0x74, 0x72, 0x6f, 0x66,
  0x75, 0x6e, 0x63, 0x00, 0x74, 0x70, 0x5f, 0x63, 0x6c, 0x65, 0x61, 0x72,
  0x00, 0x72, 0x69, 0x63, 0x68, 0x63, 0x6d, 0x70, 0x66, 0x75, 0x6e, 0x63,
  0x00, 0x6c, 0x61, 0x74, 0x69, 0x6e, 0x31, 0x00, 0x74, 0x70, 0x5f, 0x61,
  0x73, 0x5f, 0x6e, 0x75, 0x6d, 0x62, 0x65, 0x72, 0x00, 0x74, 0x70, 0x5f,
  0x73, 0x65, 0x74, 0x61, 0x74, 0x74, 0x72, 0x00, 0x74, 0x70, 0x5f, 0x64,
  0x65, 0x73, 0x63, 0x72, 0x5f, 0x73, 0x65, 0x74, 0x00, 0x62, 0x66, 0x5f,
  0x67, 0x65, 0x74, 0x62, 0x75, 0x66, 0x66, 0x65, 0x72, 0x00, 0x74, 0x70,
  0x5f, 0x6e, 0x65, 0x77, 0x00, 0x6e, 0x62, 0x5f, 0x6c, 0x73, 0x68, 0x69,
  0x66, 0x74, 0x00, 0x64, 0x65, 0x6c, 0x74, 0x61, 0x00, 0x73, 0x68, 0x6f,
  0x72, 0x74, 0x20, 0x75, 0x6e, 0x73, 0x69, 0x67, 0x6e, 0x65, 0x64, 0x20,
  0x69, 0x6e, 0x74, 0x00, 0x73, 0x71, 0x5f, 0x69, 0x6e, 0x70, 0x6c, 0x61,
  0x63, 0x65, 0x5f, 0x72, 0x65, 0x70, 0x65, 0x61, 0x74, 0x00, 0x6f, 0x62,
  0x5f, 0x74, 0x79, 0x70, 0x65, 0x00, 0x67, 0x65, 0x74, 0x62, 0x75, 0x66,
  0x66, 0x65, 0x72, 0x70, 0x72, 0x6f, 0x63, 0x00, 0x6e, 0x62, 0x5f, 0x61,
  0x64, 0x64, 0x00, 0x74, 0x70, 0x5f, 0x76, 0x65, 0x63, 0x74, 0x6f, 0x72,
  0x63, 0x61, 0x6c, 0x6c, 0x5f, 0x6f, 0x66, 0x66, 0x73, 0x65, 0x74, 0x00,
  0x74, 0x70, 0x5f, 0x64, 0x65, 0x6c, 0x00, 0x6e, 0x62, 0x5f, 0x69, 0x6e,
  0x70, 0x6c, 0x61, 0x63, 0x65, 0x5f, 0x74, 0x72, 0x75, 0x65, 0x5f, 0x64,
  0x69, 0x76, 0x69, 0x64, 0x65, 0x00, 0x6e, 0x62, 0x5f, 0x69, 0x6e, 0x70,
  0x6c, 0x61, 0x63, 0x65, 0x5f, 0x6d, 0x75, 0x6c, 0x74, 0x69, 0x70, 0x6c,
  0x79, 0x00, 0x74, 0x70, 0x5f, 0x66, 0x69, 0x6e, 0x61, 0x6c, 0x69, 0x7a,
  0x65, 0x00, 0x6e, 0x65, 0x77, 0x66, 0x75, 0x6e, 0x63, 0x00, 0x64, 0x6f,
  0x75, 0x62, 0x6c, 0x65, 0x00, 0x50, 0x79, 0x4d, 0x6f, 0x64, 0x75, 0x6c,
  0x65, 0x44, 0x65, 0x66, 0x00, 0x6e, 0x62, 0x5f, 0x62, 0x6f, 0x6f, 0x6c,
  0x00, 0x50, 0x79, 0x55, 0x6e, 0x69, 0x63, 0x6f, 0x64, 0x65, 0x4f, 0x62,
  0x6a, 0x65, 0x63, 0x74, 0x00, 0x73, 0x71, 0x5f, 0x72, 0x65, 0x70, 0x65,
  0x61, 0x74, 0x00, 0x6e, 0x62, 0x5f, 0x73, 0x75, 0x62, 0x74, 0x72, 0x61,
  0x63, 0x74, 0x00, 0x73, 0x73, 0x69, 0x7a, 0x65, 0x61, 0x72, 0x67, 0x66,
  0x75, 0x6e, 0x63, 0x00, 0x75, 0x6e, 0x61, 0x72, 0x79, 0x66, 0x75, 0x6e,
  0x63, 0x00, 0x50, 0x79, 0x55, 0x6e, 0x69, 0x63, 0x6f, 0x64, 0x65, 0x5f,
  0x49, 0x53, 0x5f, 0x52, 0x45, 0x41, 0x44, 0x59, 0x00, 0x69, 0x6e, 0x71,
  0x75, 0x69, 0x72, 0x79, 0x00, 0x67, 0x65, 0x74, 0x69, 0x74, 0x65, 0x72,
  0x66, 0x75, 0x6e, 0x63, 0x00, 0x00, 0x00, 0x00, 0x00, 0x00, 0x00, 0x00,
  0x00, 0x50, 0x11, 0x00, 0x00, 0x00, 0x00, 0x00, 0x00, 0x82, 0x11, 0x00,
  0x00, 0x00, 0x00, 0x00, 0x00, 0x01, 0x00, 0x55, 0x82, 0x11, 0x00, 0x00,
  0x00, 0x00, 0x00, 0x00, 0xa7, 0x11, 0x00, 0x00, 0x00, 0x00, 0x00, 0x00,
  0x04, 0x00, 0xf3, 0x01, 0x55, 0x9f, 0xa7, 0x11, 0x00, 0x00, 0x00, 0x00,
  0x00, 0x00, 0xb3, 0x11, 0x00, 0x00, 0x00, 0x00, 0x00, 0x00, 0x01, 0x00,
  0x55, 0xb3, 0x11, 0x00, 0x00, 0x00, 0x00, 0x00, 0x00, 0xdc, 0x18, 0x00,
  0x00, 0x00, 0x00, 0x00, 0x00, 0x04, 0x00, 0xf3, 0x01, 0x55, 0x9f, 0x00,
  0x00, 0x00, 0x00, 0x00, 0x00, 0x00, 0x00, 0x00, 0x00, 0x00, 0x00, 0x00,
  0x00, 0x00, 0x00, 0x00, 0x00, 0x00, 0x00, 0x00, 0x00, 0x00, 0x02, 0x02,
  0x00, 0x00, 0x02, 0x02, 0x00, 0x00, 0x02, 0x02, 0x00, 0x00, 0x00, 0x00,
  0x00, 0x00, 0x00, 0x00, 0x00, 0x00, 0x00, 0x00, 0x00, 0x00, 0x00, 0x00,
  0x00, 0x00, 0x00, 0x50, 0x11, 0x00, 0x00, 0x00, 0x00, 0x00, 0x00, 0x82,
  0x11, 0x00, 0x00, 0x00, 0x00, 0x00, 0x00, 0x01, 0x00, 0x54, 0x82, 0x11,
  0x00, 0x00, 0x00, 0x00, 0x00, 0x00, 0x92, 0x11, 0x00, 0x00, 0x00, 0x00,
  0x00, 0x00, 0x01, 0x00, 0x53, 0x92, 0x11, 0x00, 0x00, 0x00, 0x00, 0x00,
  0x00, 0xa7, 0x11, 0x00, 0x00, 0x00, 0x00, 0x00, 0x00, 0x04, 0x00, 0xf3,
  0x01, 0x54, 0x9f, 0xa7, 0x11, 0x00, 0x00, 0x00, 0x00, 0x00, 0x00, 0x58,
  0x12, 0x00, 0x00, 0x00, 0x00, 0x00, 0x00, 0x01, 0x00, 0x53, 0x58, 0x12,
  0x00, 0x00, 0x00, 0x00, 0x00, 0x00, 0x9d, 0x12, 0x00, 0x00, 0x00, 0x00,
  0x00, 0x00, 0x04, 0x00, 0xf3, 0x01, 0x54, 0x9f, 0x9d, 0x12, 0x00, 0x00,
  0x00, 0x00, 0x00, 0x00, 0x3d, 0x13, 0x00, 0x00, 0x00, 0x00, 0x00, 0x00,
  0x01, 0x00, 0x53, 0x3d, 0x13, 0x00, 0x00, 0x00, 0x00, 0x00, 0x00, 0x84,
  0x13, 0x00, 0x00, 0x00, 0x00, 0x00, 0x00, 0x04, 0x00, 0xf3, 0x01, 0x54,
  0x9f, 0x84, 0x13, 0x00, 0x00, 0x00, 0x00, 0x00, 0x00, 0x1f, 0x14, 0x00,
  0x00, 0x00, 0x00, 0x00, 0x00, 0x01, 0x00, 0x53, 0x1f, 0x14, 0x00, 0x00,
  0x00, 0x00, 0x00, 0x00, 0xf6, 0x17, 0x00, 0x00, 0x00, 0x00, 0x00, 0x00,
  0x04, 0x00, 0xf3, 0x01, 0x54, 0x9f, 0xf6, 0x17, 0x00, 0x00, 0x00, 0x00,
  0x00, 0x00, 0x50, 0x18, 0x00, 0x00, 0x00, 0x00, 0x00, 0x00, 0x01, 0x00,
  0x53, 0x50, 0x18, 0x00, 0x00, 0x00, 0x00, 0x00, 0x00, 0x5e, 0x18, 0x00,
  0x00, 0x00, 0x00, 0x00, 0x00, 0x04, 0x00, 0x73, 0xb8, 0x7f, 0x9f, 0x5e,
  0x18, 0x00, 0x00, 0x00, 0x00, 0x00, 0x00, 0x75, 0x18, 0x00, 0x00, 0x00,
  0x00, 0x00, 0x00, 0x04, 0x00, 0xf3, 0x01, 0x54, 0x9f, 0x75, 0x18, 0x00,
  0x00, 0x00, 0x00, 0x00, 0x00, 0x80, 0x18, 0x00, 0x00, 0x00, 0x00, 0x00,
  0x00, 0x01, 0x00, 0x53, 0x80, 0x18, 0x00, 0x00, 0x00, 0x00, 0x00, 0x00,
  0x8e, 0x18, 0x00, 0x00, 0x00, 0x00, 0x00, 0x00, 0x04, 0x00, 0x73, 0xb8,
  0x7f, 0x9f, 0x8e, 0x18, 0x00, 0x00, 0x00, 0x00, 0x00, 0x00, 0xa5, 0x18,
  0x00, 0x00, 0x00, 0x00, 0x00, 0x00, 0x04, 0x00, 0xf3, 0x01, 0x54, 0x9f,
  0xa5, 0x18, 0x00, 0x00, 0x00, 0x00, 0x00, 0x00, 0xb0, 0x18, 0x00, 0x00,
  0x00, 0x00, 0x00, 0x00, 0x01, 0x00, 0x53, 0xb0, 0x18, 0x00, 0x00, 0x00,
  0x00, 0x00, 0x00, 0xbe, 0x18, 0x00, 0x00, 0x00, 0x00, 0x00, 0x00, 0x04,
  0x00, 0x73, 0xb8, 0x7f, 0x9f, 0xbe, 0x18, 0x00, 0x00, 0x00, 0x00, 0x00,
  0x00, 0xdc, 0x18, 0x00, 0x00, 0x00, 0x00, 0x00, 0x00, 0x04, 0x00, 0xf3,
  0x01, 0x54, 0x9f, 0x00, 0x00, 0x00, 0x00, 0x00, 0x00, 0x00, 0x00, 0x00,
  0x00, 0x00, 0x00, 0x00, 0x00, 0x00, 0x00, 0x02, 0x04, 0x50, 0x11, 0x00,
  0x00, 0x00, 0x00, 0x00, 0x00, 0x50, 0x11, 0x00, 0x00, 0x00, 0x00, 0x00,
  0x00, 0x01, 0x00, 0x54, 0x00, 0x00, 0x00, 0x00, 0x00, 0x00, 0x00, 0x00,
  0x00, 0x00, 0x00, 0x00, 0x00, 0x00, 0x00, 0x00, 0x04, 0x09, 0x50, 0x11,
  0x00, 0x00, 0x00, 0x00, 0x00, 0x00, 0x50, 0x11, 0x00, 0x00, 0x00, 0x00,
  0x00, 0x00, 0x04, 0x00, 0x40, 0x48, 0x24, 0x9f, 0x00, 0x00, 0x00, 0x00,
  0x00, 0x00, 0x00, 0x00, 0x00, 0x00, 0x00, 0x00, 0x00, 0x00, 0x00, 0x00,
  0x04, 0x09, 0x50, 0x11, 0x00, 0x00, 0x00, 0x00, 0x00, 0x00, 0x50, 0x11,
  0x00, 0x00, 0x00, 0x00, 0x00, 0x00, 0x02, 0x00, 0x74, 0x08, 0x00, 0x00,
  0x00, 0x00, 0x00, 0x00, 0x00, 0x00, 0x00, 0x00, 0x00, 0x00, 0x00, 0x00,
  0x00, 0x00, 0x08, 0x09, 0x50, 0x11, 0x00, 0x00, 0x00, 0x00, 0x00, 0x00,
  0x50, 0x11, 0x00, 0x00, 0x00, 0x00, 0x00, 0x00, 0x06, 0x00, 0x74, 0x08,
  0x06, 0x23, 0xa8, 0x01, 0x00, 0x00, 0x00, 0x00, 0x00, 0x00, 0x00, 0x00,
  0x00, 0x00, 0x00, 0x00, 0x00, 0x00, 0x00, 0x00, 0x01, 0x00, 0x00, 0x00,
  0x72, 0x11, 0x00, 0x00, 0x00, 0x00, 0x00, 0x00, 0x76, 0x11, 0x00, 0x00,
  0x00, 0x00, 0x00, 0x00, 0x01, 0x00, 0x54, 0xa7, 0x11, 0x00, 0x00, 0x00,
  0x00, 0x00, 0x00, 0xb8, 0x11, 0x00, 0x00, 0x00, 0x00, 0x00, 0x00, 0x01,
  0x00, 0x53, 0x00, 0x00, 0x00, 0x00, 0x00, 0x00, 0x00, 0x00, 0x00, 0x00,
  0x00, 0x00, 0x00, 0x00, 0x00, 0x00, 0x03, 0x05, 0x72, 0x11, 0x00, 0x00,
  0x00, 0x00, 0x00, 0x00, 0x72, 0x11, 0x00, 0x00, 0x00, 0x00, 0x00, 0x00,
  0x01, 0x00, 0x54, 0x00, 0x00, 0x00, 0x00, 0x00, 0x00, 0x00, 0x00, 0x00,
  0x00, 0x00, 0x00, 0x00, 0x00, 0x00, 0x00, 0x01, 0x02, 0x02, 0x00, 0x00,
  0x00, 0x00, 0x00, 0x00, 0x00, 0x00, 0x00, 0x00, 0x00, 0x00, 0x00, 0xcc,
  0x11, 0x00, 0x00, 0x00, 0x00, 0x00, 0x00, 0x58, 0x12, 0x00, 0x00, 0x00,
  0x00, 0x00, 0x00, 0x01, 0x00, 0x53, 0x58, 0x12, 0x00, 0x00, 0x00, 0x00,
  0x00, 0x00, 0x9d, 0x12, 0x00, 0x00, 0x00, 0x00, 0x00, 0x00, 0x04, 0x00,
  0xf3, 0x01, 0x54, 0x9f, 0xb7, 0x15, 0x00, 0x00, 0x00, 0x00, 0x00, 0x00,
  0x04, 0x17, 0x00, 0x00, 0x00, 0x00, 0x00, 0x00, 0x04, 0x00, 0xf3, 0x01,
  0x54, 0x9f, 0x2c, 0x18, 0x00, 0x00, 0x00, 0x00, 0x00, 0x00, 0x44, 0x18,
  0x00, 0x00, 0x00, 0x00, 0x00, 0x00, 0x01, 0x00, 0x53, 0x8e, 0x18, 0x00,
  0x00, 0x00, 0x00, 0x00, 0x00, 0xa5, 0x18, 0x00, 0x00, 0x00, 0x00, 0x00,
  0x00, 0x04, 0x00, 0xf3, 0x01, 0x54, 0x9f, 0xa5, 0x18, 0x00, 0x00, 0x00,
  0x00, 0x00, 0x00, 0xb0, 0x18, 0x00, 0x00, 0x00, 0x00, 0x00, 0x00, 0x01,
  0x00, 0x53, 0xb0, 0x18, 0x00, 0x00, 0x00, 0x00, 0x00, 0x00, 0xbe, 0x18,
  0x00, 0x00, 0x00, 0x00, 0x00, 0x00, 0x04, 0x00, 0x73, 0xb8, 0x7f, 0x9f,
  0xd5, 0x18, 0x00, 0x00, 0x00, 0x00, 0x00, 0x00, 0xdc, 0x18, 0x00, 0x00,
  0x00, 0x00, 0x00, 0x00, 0x04, 0x00, 0xf3, 0x01, 0x54, 0x9f, 0x00, 0x00,
  0x00, 0x00, 0x00, 0x00, 0x00, 0x00, 0x00, 0x00, 0x00, 0x00, 0x00, 0x00,
  0x00, 0x00, 0x02, 0x00, 0x02, 0x00, 0x00, 0x00, 0x00, 0x00, 0x00, 0x00,
  0x00, 0x00, 0xd9, 0x11, 0x00, 0x00, 0x00, 0x00, 0x00, 0x00, 0x3b, 0x12,
  0x00, 0x00, 0x00, 0x00, 0x00, 0x00, 0x01, 0x00, 0x51, 0x58, 0x12, 0x00,
  0x00, 0x00, 0x00, 0x00, 0x00, 0x80, 0x12, 0x00, 0x00, 0x00, 0x00, 0x00,
  0x00, 0x01, 0x00, 0x5d, 0x80, 0x12, 0x00, 0x00, 0x00, 0x00, 0x00, 0x00,
  0x9d, 0x12, 0x00, 0x00, 0x00, 0x00, 0x00, 0x00, 0x01, 0x00, 0x53, 0xb7,
  0x15, 0x00, 0x00, 0x00, 0x00, 0x00, 0x00, 0x04, 0x17, 0x00, 0x00, 0x00,
  0x00, 0x00, 0x00, 0x01, 0x00, 0x53, 0x8e, 0x18, 0x00, 0x00, 0x00, 0x00,
  0x00, 0x00, 0xa5, 0x18, 0x00, 0x00, 0x00, 0x00, 0x00, 0x00, 0x01, 0x00,
  0x5d, 0xd5, 0x18, 0x00, 0x00, 0x00, 0x00, 0x00, 0x00, 0xdc, 0x18, 0x00,
  0x00, 0x00, 0x00, 0x00, 0x00, 0x01, 0x00, 0x53, 0x00, 0x00, 0x00, 0x00,
  0x00, 0x00, 0x00, 0x00, 0x00, 0x00, 0x00, 0x00, 0x00, 0x00, 0x00, 0x00,
  0x00, 0x00, 0x00, 0x00, 0x00, 0x00, 0x00, 0x00, 0xe1, 0x11, 0x00, 0x00,
  0x00, 0x00, 0x00, 0x00, 0x9d, 0x12, 0x00, 0x00, 0x00, 0x00, 0x00, 0x00,
  0x01, 0x00, 0x5e, 0xb7, 0x15, 0x00, 0x00, 0x00, 0x00, 0x00, 0x00, 0x04,
  0x17, 0x00, 0x00, 0x00, 0x00, 0x00, 0x00, 0x01, 0x00, 0x5e, 0x8e, 0x18,
  0x00, 0x00, 0x00, 0x00, 0x00, 0x00, 0xbe, 0x18, 0x00, 0x00, 0x00, 0x00,
  0x00, 0x00, 0x01, 0x00, 0x5e, 0xd5, 0x18, 0x00, 0x00, 0x00, 0x00, 0x00,
  0x00, 0xdc, 0x18, 0x00, 0x00, 0x00, 0x00, 0x00, 0x00, 0x01, 0x00, 0x5e,
  0x00, 0x00, 0x00, 0x00, 0x00, 0x00, 0x00, 0x00, 0x00, 0x00, 0x00, 0x00,
  0x00, 0x00, 0x00, 0x00, 0x02, 0x00, 0x00, 0x00, 0x00, 0x00, 0x00, 0x02,
  0x02, 0x03, 0x03, 0x04, 0x04, 0x00, 0x00, 0x00, 0x00, 0x02, 0x02, 0x03,
  0x03, 0x04, 0x04, 0x00, 0x00, 0x00, 0x00, 0x02, 0x02, 0x03, 0x03, 0x04,
  0x04, 0x05, 0x05, 0x01, 0x01, 0x00, 0x00, 0x02, 0x02, 0x03, 0x03, 0x04,
  0x04, 0x05, 0x05, 0x01, 0x01, 0x00, 0x00, 0x02, 0x02, 0x03, 0x03, 0x04,
  0x04, 0x05, 0x05, 0x01, 0x01, 0x00, 0x00, 0x00, 0x6b, 0x12, 0x00, 0x00,
  0x00, 0x00, 0x00, 0x00, 0x9d, 0x12, 0x00, 0x00, 0x00, 0x00, 0x00, 0x00,
  0x01, 0x00, 0x55, 0xb7, 0x15, 0x00, 0x00, 0x00, 0x00, 0x00, 0x00, 0xf4,
  0x15, 0x00, 0x00, 0x00, 0x00, 0x00, 0x00, 0x01, 0x00, 0x55, 0xfa, 0x15,
  0x00, 0x00, 0x00, 0x00, 0x00, 0x00, 0x11, 0x16, 0x00, 0x00, 0x00, 0x00,
  0x00, 0x00, 0x01, 0x00, 0x55, 0x16, 0x16, 0x00, 0x00, 0x00, 0x00, 0x00,
  0x00, 0x16, 0x16, 0x00, 0x00, 0x00, 0x00, 0x00, 0x00, 0x01, 0x00, 0x51,
  0x16, 0x16, 0x00, 0x00, 0x00, 0x00, 0x00, 0x00, 0x16, 0x16, 0x00, 0x00,
  0x00, 0x00, 0x00, 0x00, 0x03, 0x00, 0x71, 0x02, 0x9f, 0x16, 0x16, 0x00,
  0x00, 0x00, 0x00, 0x00, 0x00, 0x16, 0x16, 0x00, 0x00, 0x00, 0x00, 0x00,
  0x00, 0x03, 0x00, 0x71, 0x04, 0x9f, 0x16, 0x16, 0x00, 0x00, 0x00, 0x00,
  0x00, 0x00, 0x21, 0x16, 0x00, 0x00, 0x00, 0x00, 0x00, 0x00, 0x03, 0x00,
  0x71, 0x06, 0x9f, 0x21, 0x16, 0x00, 0x00, 0x00, 0x00, 0x00, 0x00, 0x41,
  0x16, 0x00, 0x00, 0x00, 0x00, 0x00, 0x00, 0x01, 0x00, 0x55, 0x46, 0x16,
  0x00, 0x00, 0x00, 0x00, 0x00, 0x00, 0x46, 0x16, 0x00, 0x00, 0x00, 0x00,
  0x00, 0x00, 0x01, 0x00, 0x51, 0x46, 0x16, 0x00, 0x00, 0x00, 0x00, 0x00,
  0x00, 0x46, 0x16, 0x00, 0x00, 0x00, 0x00, 0x00, 0x00, 0x03, 0x00, 0x71,
  0x02, 0x9f, 0x46, 0x16, 0x00, 0x00, 0x00, 0x00, 0x00, 0x00, 0x46, 0x16,
  0x00, 0x00, 0x00, 0x00, 0x00, 0x00, 0x03, 0x00, 0x71, 0x04, 0x9f, 0x46,
  0x16, 0x00, 0x00, 0x00, 0x00, 0x00, 0x00, 0x51, 0x16, 0x00, 0x00, 0x00,
  0x00, 0x00, 0x00, 0x03, 0x00, 0x71, 0x06, 0x9f, 0x51, 0x16, 0x00, 0x00,
  0x00, 0x00, 0x00, 0x00, 0x71, 0x16, 0x00, 0x00, 0x00, 0x00, 0x00, 0x00,
  0x01, 0x00, 0x55, 0x7b, 0x16, 0x00, 0x00, 0x00, 0x00, 0x00, 0x00, 0x7b,
  0x16, 0x00, 0x00, 0x00, 0x00, 0x00, 0x00, 0x01, 0x00, 0x51, 0x7b, 0x16,
  0x00, 0x00, 0x00, 0x00, 0x00, 0x00, 0x7b, 0x16, 0x00, 0x00, 0x00, 0x00,
  0x00, 0x00, 0x03, 0x00, 0x71, 0x02, 0x9f, 0x7b, 0x16, 0x00, 0x00, 0x00,
  0x00, 0x00, 0x00, 0x7b, 0x16, 0x00, 0x00, 0x00, 0x00, 0x00, 0x00, 0x03,
  0x00, 0x71, 0x04, 0x9f, 0x7b, 0x16, 0x00, 0x00, 0x00, 0x00, 0x00, 0x00,
  0x7b, 0x16, 0x00, 0x00, 0x00, 0x00, 0x00, 0x00, 0x03, 0x00, 0x71, 0x06,
  0x9f, 0x7b, 0x16, 0x00, 0x00, 0x00, 0x00, 0x00, 0x00, 0x8d, 0x16, 0x00,
  0x00, 0x00, 0x00, 0x00, 0x00, 0x03, 0x00, 0x71, 0x08, 0x9f, 0x8d, 0x16,
  0x00, 0x00, 0x00, 0x00, 0x00, 0x00, 0xa9, 0x16, 0x00, 0x00, 0x00, 0x00,
  0x00, 0x00, 0x01, 0x00, 0x55, 0xae, 0x16, 0x00, 0x00, 0x00, 0x00, 0x00,
  0x00, 0xae, 0x16, 0x00, 0x00, 0x00, 0x00, 0x00, 0x00, 0x01, 0x00, 0x51,
  0xae, 0x16, 0x00, 0x00, 0x00, 0x00, 0x00, 0x00, 0xae, 0x16, 0x00, 0x00,
  0x00, 0x00, 0x00, 0x00, 0x03, 0x00, 0x71, 0x02, 0x9f, 0xae, 0x16, 0x00,
  0x00, 0x00, 0x00, 0x00, 0x00, 0xae, 0x16, 0x00, 0x00, 0x00, 0x00, 0x00,
  0x00, 0x03, 0x00, 0x71, 0x04, 0x9f, 0xae, 0x16, 0x00, 0x00, 0x00, 0x00,
  0x00, 0x00, 0xae, 0x16, 0x00, 0x00, 0x00, 0x00, 0x00, 0x00, 0x03, 0x00,
  0x71, 0x06, 0x9f, 0xae, 0x16, 0x00, 0x00, 0x00, 0x00, 0x00, 0x00, 0xbc,
  0x16, 0x00, 0x00, 0x00, 0x00, 0x00, 0x00, 0x03, 0x00, 0x71, 0x08, 0x9f,
  0xbc, 0x16, 0x00, 0x00, 0x00, 0x00, 0x00, 0x00, 0xe1, 0x16, 0x00, 0x00,
  0x00, 0x00, 0x00, 0x00, 0x01, 0x00, 0x55, 0xeb, 0x16, 0x00, 0x00, 0x00,
  0x00, 0x00, 0x00, 0xeb, 0x16, 0x00, 0x00, 0x00, 0x00, 0x00, 0x00, 0x01,
  0x00, 0x51, 0xeb, 0x16, 0x00, 0x00, 0x00, 0x00, 0x00, 0x00, 0xeb, 0x16,
  0x00, 0x00, 0x00, 0x00, 0x00, 0x00, 0x03, 0x00, 0x71, 0x02, 0x9f, 0xeb,
  0x16, 0x00, 0x00, 0x00, 0x00, 0x00, 0x00, 0xeb, 0x16, 0x00, 0x00, 0x00,
  0x00, 0x00, 0x00, 0x03, 0x00, 0x71, 0x04, 0x9f, 0xeb, 0x16, 0x00, 0x00,
  0x00, 0x00, 0x00, 0x00, 0xeb, 0x16, 0x00, 0x00, 0x00, 0x00, 0x00, 0x00,
  0x03, 0x00, 0x71, 0x06, 0x9f, 0xeb, 0x16, 0x00, 0x00, 0x00, 0x00, 0x00,
  0x00, 0xfd, 0x16, 0x00, 0x00, 0x00, 0x00, 0x00, 0x00, 0x03, 0x00, 0x71,
  0x08, 0x9f, 0xfd, 0x16, 0x00, 0x00, 0x00, 0x00, 0x00, 0x00, 0x04, 0x17,
  0x00, 0x00, 0x00, 0x00, 0x00, 0x00, 0x01, 0x00, 0x55, 0xd5, 0x18, 0x00,
  0x00, 0x00, 0x00, 0x00, 0x00, 0xdc, 0x18, 0x00, 0x00, 0x00, 0x00, 0x00,
  0x00, 0x01, 0x00, 0x55, 0x00, 0x00, 0x00, 0x00, 0x00, 0x00, 0x00, 0x00,
  0x00, 0x00, 0x00, 0x00, 0x00, 0x00, 0x00, 0x00, 0x00, 0x00, 0x00, 0x00,
  0x00, 0x00, 0x00, 0x00, 0x00, 0x00, 0x3f, 0x12, 0x00, 0x00, 0x00, 0x00,
  0x00, 0x00, 0x4c, 0x12, 0x00, 0x00, 0x00, 0x00, 0x00, 0x00, 0x01, 0x00,
  0x50, 0x4c, 0x12, 0x00, 0x00, 0x00, 0x00, 0x00, 0x00, 0x9d, 0x12, 0x00,
  0x00, 0x00, 0x00, 0x00, 0x00, 0x01, 0x00, 0x5c, 0xb7, 0x15, 0x00, 0x00,
  0x00, 0x00, 0x00, 0x00, 0x04, 0x17, 0x00, 0x00, 0x00, 0x00, 0x00, 0x00,
  0x01, 0x00, 0x5c, 0x8e, 0x18, 0x00, 0x00, 0x00, 0x00, 0x00, 0x00, 0xbe,
  0x18, 0x00, 0x00, 0x00, 0x00, 0x00, 0x00, 0x01, 0x00, 0x5c, 0xd5, 0x18,
  0x00, 0x00, 0x00, 0x00, 0x00, 0x00, 0xdc, 0x18, 0x00, 0x00, 0x00, 0x00,
  0x00, 0x00, 0x01, 0x00, 0x5c, 0x00, 0x00, 0x00, 0x00, 0x00, 0x00, 0x00,
  0x00, 0x00, 0x00, 0x00, 0x00, 0x00, 0x00, 0x00, 0x00, 0x03, 0x00, 0x00,
  0x00, 0xe1, 0x11, 0x00, 0x00, 0x00, 0x00, 0x00, 0x00, 0xee, 0x11, 0x00,
  0x00, 0x00, 0x00, 0x00, 0x00, 0x02, 0x00, 0x30, 0x9f, 0xee, 0x11, 0x00,
  0x00, 0x00, 0x00, 0x00, 0x00, 0x32, 0x12, 0x00, 0x00, 0x00, 0x00, 0x00,
  0x00, 0x01, 0x00, 0x55, 0x00, 0x00, 0x00, 0x00, 0x00, 0x00, 0x00, 0x00,
  0x00, 0x00, 0x00, 0x00, 0x00, 0x00, 0x00, 0x00, 0x03, 0x02, 0x00, 0x00,
  0xcc, 0x11, 0x00, 0x00, 0x00, 0x00, 0x00, 0x00, 0xd9, 0x11, 0x00, 0x00,
  0x00, 0x00, 0x00, 0x00, 0x01, 0x00, 0x53, 0x2c, 0x18, 0x00, 0x00, 0x00,
  0x00, 0x00, 0x00, 0x44, 0x18, 0x00, 0x00, 0x00, 0x00, 0x00, 0x00, 0x01,
  0x00, 0x53, 0x00, 0x00, 0x00, 0x00, 0x00, 0x00, 0x00, 0x00, 0x00, 0x00,
  0x00, 0x00, 0x00, 0x00, 0x00, 0x00, 0x05, 0x07, 0xcc, 0x11, 0x00, 0x00,
  0x00, 0x00, 0x00, 0x00, 0xcc, 0x11, 0x00, 0x00, 0x00, 0x00, 0x00, 0x00,
  0x01, 0x00, 0x53, 0x00, 0x00, 0x00, 0x00, 0x00, 0x00, 0x00, 0x00, 0x00,
  0x00, 0x00, 0x00, 0x00, 0x00, 0x00, 0x00, 0x01, 0x02, 0xd5, 0x11, 0x00,
  0x00, 0x00, 0x00, 0x00, 0x00, 0xd9, 0x11, 0x00, 0x00, 0x00, 0x00, 0x00,
  0x00, 0x01, 0x00, 0x53, 0x00, 0x00, 0x00, 0x00, 0x00, 0x00, 0x00, 0x00,
  0x00, 0x00, 0x00, 0x00, 0x00, 0x00, 0x00, 0x00, 0x00, 0x02, 0xd9, 0x11,
  0x00, 0x00, 0x00, 0x00, 0x00, 0x00, 0xd9, 0x11, 0x00, 0x00, 0x00, 0x00,
  0x00, 0x00, 0x01, 0x00, 0x51, 0x00, 0x00, 0x00, 0x00, 0x00, 0x00, 0x00,
  0x00, 0x00, 0x00, 0x00, 0x00, 0x00, 0x00, 0x00, 0x00, 0x00, 0x00, 0x2c,
  0x18, 0x00, 0x00, 0x00, 0x00, 0x00, 0x00, 0x44, 0x18, 0x00, 0x00, 0x00,
  0x00, 0x00, 0x00, 0x01, 0x00, 0x53, 0x00, 0x00, 0x00, 0x00, 0x00, 0x00,
  0x00, 0x00, 0x00, 0x00, 0x00, 0x00, 0x00, 0x00, 0x00, 0x00, 0x03, 0x00,
  0x2c, 0x18, 0x00, 0x00, 0x00, 0x00, 0x00, 0x00, 0x44, 0x18, 0x00, 0x00,
  0x00, 0x00, 0x00, 0x00, 0x01, 0x00, 0x53, 0x00, 0x00, 0x00, 0x00, 0x00,
  0x00, 0x00, 0x00, 0x00, 0x00, 0x00, 0x00, 0x00, 0x00, 0x00, 0x00, 0x05,
  0x08, 0x2c, 0x18, 0x00, 0x00, 0x00, 0x00, 0x00, 0x00, 0x2c, 0x18, 0x00,
  0x00, 0x00, 0x00, 0x00, 0x00, 0x01, 0x00, 0x53, 0x00, 0x00, 0x00, 0x00,
  0x00, 0x00, 0x00, 0x00, 0x00, 0x00, 0x00, 0x00, 0x00, 0x00, 0x00, 0x00,
  0x04, 0x00, 0xd9, 0x11, 0x00, 0x00, 0x00, 0x00, 0x00, 0x00, 0xdd, 0x11,
  0x00, 0x00, 0x00, 0x00, 0x00, 0x00, 0x01, 0x00, 0x53, 0x00, 0x00, 0x00,
  0x00, 0x00, 0x00, 0x00, 0x00, 0x00, 0x00, 0x00, 0x00, 0x00, 0x00, 0x00,
  0x00, 0x01, 0x02, 0x00, 0x00, 0x00, 0x00, 0x48, 0x12, 0x00, 0x00, 0x00,
  0x00, 0x00, 0x00, 0x58, 0x12, 0x00, 0x00, 0x00, 0x00, 0x00, 0x00, 0x01,
  0x00, 0x53, 0xa5, 0x18, 0x00, 0x00, 0x00, 0x00, 0x00, 0x00, 0xb0, 0x18,
  0x00, 0x00, 0x00, 0x00, 0x00, 0x00, 0x01, 0x00, 0x53, 0xb0, 0x18, 0x00,
  0x00, 0x00, 0x00, 0x00, 0x00, 0xbe, 0x18, 0x00, 0x00, 0x00, 0x00, 0x00,
  0x00, 0x04, 0x00, 0x73, 0xb8, 0x7f, 0x9f, 0x00, 0x00, 0x00, 0x00, 0x00,
  0x00, 0x00, 0x00, 0x00, 0x00, 0x00, 0x00, 0x00, 0x00, 0x00, 0x00, 0x03,
  0x05, 0x48, 0x12, 0x00, 0x00, 0x00, 0x00, 0x00, 0x00, 0x48, 0x12, 0x00,
  0x00, 0x00, 0x00, 0x00, 0x00, 0x01, 0x00, 0x53, 0x00, 0x00, 0x00, 0x00,
  0x00, 0x00, 0x00, 0x00, 0x00, 0x00, 0x00, 0x00, 0x00, 0x00, 0x00, 0x00,
  0x01, 0x02, 0x54, 0x12, 0x00, 0x00, 0x00, 0x00, 0x00, 0x00, 0x58, 0x12,
  0x00, 0x00, 0x00, 0x00, 0x00, 0x00, 0x01, 0x00, 0x53, 0x00, 0x00, 0x00,
  0x00, 0x00, 0x00, 0x00, 0x00, 0x00, 0x00, 0x00, 0x00, 0x00, 0x00, 0x00,
  0x00, 0x00, 0x02, 0x58, 0x12, 0x00, 0x00, 0x00, 0x00, 0x00, 0x00, 0x58,
  0x12, 0x00, 0x00, 0x00, 0x00, 0x00, 0x00, 0x01, 0x00, 0x5d, 0x00, 0x00,
  0x00, 0x00, 0x00, 0x00, 0x00, 0x00, 0x00, 0x00, 0x00, 0x00, 0x00, 0x00,
  0x00, 0x00, 0x00, 0x00, 0x00, 0x00, 0xa5, 0x18, 0x00, 0x00, 0x00, 0x00,
  0x00, 0x00, 0xb0, 0x18, 0x00, 0x00, 0x00, 0x00, 0x00, 0x00, 0x01, 0x00,
  0x53, 0xb0, 0x18, 0x00, 0x00, 0x00, 0x00, 0x00, 0x00, 0xbe, 0x18, 0x00,
  0x00, 0x00, 0x00, 0x00, 0x00, 0x04, 0x00, 0x73, 0xb8, 0x7f, 0x9f, 0x00,
  0x00, 0x00, 0x00, 0x00, 0x00, 0x00, 0x00, 0x00, 0x00, 0x00, 0x00, 0x00,
  0x00, 0x00, 0x00, 0x03, 0x00, 0x00, 0x00, 0xa5, 0x18, 0x00, 0x00, 0x00,
  0x00, 0x00, 0x00, 0xb0, 0x18, 0x00, 0x00, 0x00, 0x00, 0x00, 0x00, 0x01,
  0x00, 0x53, 0xb0, 0x18, 0x00, 0x00, 0x00, 0x00, 0x00, 0x00, 0xbe, 0x18,
  0x00, 0x00, 0x00, 0x00, 0x00, 0x00, 0x04, 0x00, 0x73, 0xb8, 0x7f, 0x9f,
  0x00, 0x00, 0x00, 0x00, 0x00, 0x00, 0x00, 0x00, 0x00, 0x00, 0x00, 0x00,
  0x00, 0x00, 0x00, 0x00, 0x05, 0x08, 0xa5, 0x18, 0x00, 0x00, 0x00, 0x00,
  0x00, 0x00, 0xa5, 0x18, 0x00, 0x00, 0x00, 0x00, 0x00, 0x00, 0x01, 0x00,
  0x53, 0x00, 0x00, 0x00, 0x00, 0x00, 0x00, 0x00, 0x00, 0x00, 0x00, 0x00,
  0x00, 0x00, 0x00, 0x00, 0x00, 0x04, 0x02, 0x00, 0x00, 0x58, 0x12, 0x00,
  0x00, 0x00, 0x00, 0x00, 0x00, 0x6b, 0x12, 0x00, 0x00, 0x00, 0x00, 0x00,
  0x00, 0x01, 0x00, 0x5c, 0x8e, 0x18, 0x00, 0x00, 0x00, 0x00, 0x00, 0x00,
  0xa5, 0x18, 0x00, 0x00, 0x00, 0x00, 0x00, 0x00, 0x01, 0x00, 0x5c, 0x00,
  0x00, 0x00, 0x00, 0x00, 0x00, 0x00, 0x00, 0x00, 0x00, 0x00, 0x00, 0x00,
  0x00, 0x00, 0x00, 0x06, 0x08, 0x58, 0x12, 0x00, 0x00, 0x00, 0x00, 0x00,
  0x00, 0x58, 0x12, 0x00, 0x00, 0x00, 0x00, 0x00, 0x00, 0x01, 0x00, 0x5c,
  0x00, 0x00, 0x00, 0x00, 0x00, 0x00, 0x00, 0x00, 0x00, 0x00, 0x00, 0x00,
  0x00, 0x00, 0x00, 0x00, 0x01, 0x02, 0x66, 0x12, 0x00, 0x00, 0x00, 0x00,
  0x00, 0x00, 0x6b, 0x12, 0x00, 0x00, 0x00, 0x00, 0x00, 0x00, 0x01, 0x00,
  0x5c, 0x00, 0x00, 0x00, 0x00, 0x00, 0x00, 0x00, 0x00, 0x00, 0x00, 0x00,
  0x00, 0x00, 0x00, 0x00, 0x00, 0x00, 0x02, 0x6b, 0x12, 0x00, 0x00, 0x00,
  0x00, 0x00, 0x00, 0x6b, 0x12, 0x00, 0x00, 0x00, 0x00, 0x00, 0x00, 0x01,
  0x00, 0x55, 0x00, 0x00, 0x00, 0x00, 0x00, 0x00, 0x00, 0x00, 0x00, 0x00,
  0x00, 0x00, 0x00, 0x00, 0x00, 0x00, 0x00, 0x00, 0x8e, 0x18, 0x00, 0x00,
  0x00, 0x00, 0x00, 0x00, 0xa5, 0x18, 0x00, 0x00, 0x00, 0x00, 0x00, 0x00,
  0x01, 0x00, 0x5c, 0x00, 0x00, 0x00, 0x00, 0x00, 0x00, 0x00, 0x00, 0x00,
  0x00, 0x00, 0x00, 0x00, 0x00, 0x00, 0x00, 0x03, 0x00, 0x8e, 0x18, 0x00,
  0x00, 0x00, 0x00, 0x00, 0x00, 0xa5, 0x18, 0x00, 0x00, 0x00, 0x00, 0x00,
  0x00, 0x01, 0x00, 0x5c, 0x00, 0x00, 0x00, 0x00, 0x00, 0x00, 0x00, 0x00,
  0x00, 0x00, 0x00, 0x00, 0x00, 0x00, 0x00, 0x00, 0x05, 0x08, 0x8e, 0x18,
  0x00, 0x00, 0x00, 0x00, 0x00, 0x00, 0x8e, 0x18, 0x00, 0x00, 0x00, 0x00,
  0x00, 0x00, 0x01, 0x00, 0x5c, 0x00, 0x00, 0x00, 0x00, 0x00, 0x00, 0x00,
  0x00, 0x00, 0x00, 0x00, 0x00, 0x00, 0x00, 0x00, 0x00, 0x02, 0x00, 0x00,
  0x00, 0x00, 0x00, 0x00, 0x00, 0x01, 0x00, 0x00, 0x00, 0x01, 0x00, 0x00,
  0x00, 0x01, 0x00, 0x00, 0x00, 0x01, 0x00, 0x00, 0x00, 0x01, 0x00, 0x00,
  0x00, 0x6b, 0x12, 0x00, 0x00, 0x00, 0x00, 0x00, 0x00, 0x80, 0x12, 0x00,
  0x00, 0x00, 0x00, 0x00, 0x00, 0x02, 0x00, 0x30, 0x9f, 0x80, 0x12, 0x00,
  0x00, 0x00, 0x00, 0x00, 0x00, 0x9d, 0x12, 0x00, 0x00, 0x00, 0x00, 0x00,
  0x00, 0x01, 0x00, 0x51, 0xb7, 0x15, 0x00, 0x00, 0x00, 0x00, 0x00, 0x00,
  0xdc, 0x15, 0x00, 0x00, 0x00, 0x00, 0x00, 0x00, 0x01, 0x00, 0x51, 0xfa,
  0x15, 0x00, 0x00, 0x00, 0x00, 0x00, 0x00, 0x0a, 0x16, 0x00, 0x00, 0x00,
  0x00, 0x00, 0x00, 0x01, 0x00, 0x51, 0x16, 0x16, 0x00, 0x00, 0x00, 0x00,
  0x00, 0x00, 0x28, 0x16, 0x00, 0x00, 0x00, 0x00, 0x00, 0x00, 0x02, 0x00,
  0x30, 0x9f, 0x28, 0x16, 0x00, 0x00, 0x00, 0x00, 0x00, 0x00, 0x3a, 0x16,
  0x00, 0x00, 0x00, 0x00, 0x00, 0x00, 0x01, 0x00, 0x51, 0x46, 0x16, 0x00,
  0x00, 0x00, 0x00, 0x00, 0x00, 0x5b, 0x16, 0x00, 0x00, 0x00, 0x00, 0x00,
  0x00, 0x02, 0x00, 0x30, 0x9f, 0x5b, 0x16, 0x00, 0x00, 0x00, 0x00, 0x00,
  0x00, 0x6a, 0x16, 0x00, 0x00, 0x00, 0x00, 0x00, 0x00, 0x01, 0x00, 0x51,
  0x7b, 0x16, 0x00, 0x00, 0x00, 0x00, 0x00, 0x00, 0x94, 0x16, 0x00, 0x00,
  0x00, 0x00, 0x00, 0x00, 0x02, 0x00, 0x30, 0x9f, 0x94, 0x16, 0x00, 0x00,
  0x00, 0x00, 0x00, 0x00, 0xa2, 0x16, 0x00, 0x00, 0x00, 0x00, 0x00, 0x00,
  0x01, 0x00, 0x51, 0xae, 0x16, 0x00, 0x00, 0x00, 0x00, 0x00, 0x00, 0xcc,
  0x16, 0x00, 0x00, 0x00, 0x00, 0x00, 0x00, 0x02, 0x00, 0x30, 0x9f, 0xcc,
  0x16, 0x00, 0x00, 0x00, 0x00, 0x00, 0x00, 0xdd, 0x16, 0x00, 0x00, 0x00,
  0x00, 0x00, 0x00, 0x01, 0x00, 0x51, 0xeb, 0x16, 0x00, 0x00, 0x00, 0x00,
  0x00, 0x00, 0x04, 0x17, 0x00, 0x00, 0x00, 0x00, 0x00, 0x00, 0x02, 0x00,
  0x30, 0x9f, 0xd5, 0x18, 0x00, 0x00, 0x00, 0x00, 0x00, 0x00, 0xdc, 0x18,
  0x00, 0x00, 0x00, 0x00, 0x00, 0x00, 0x02, 0x00, 0x30, 0x9f, 0x00, 0x00,
  0x00, 0x00, 0x00, 0x00, 0x00, 0x00, 0x00, 0x00, 0x00, 0x00, 0x00, 0x00,
  0x00, 0x00, 0x02, 0x02, 0x02, 0x00, 0x00, 0x00, 0x00, 0x00, 0x00, 0x00,
  0x00, 0x00, 0x00, 0x00, 0x9d, 0x12, 0x00, 0x00, 0x00, 0x00, 0x00, 0x00,
  0x3d, 0x13, 0x00, 0x00, 0x00, 0x00, 0x00, 0x00, 0x01, 0x00, 0x53, 0x3d,
  0x13, 0x00, 0x00, 0x00, 0x00, 0x00, 0x00, 0x84, 0x13, 0x00, 0x00, 0x00,
  0x00, 0x00, 0x00, 0x04, 0x00, 0xf3, 0x01, 0x54, 0x9f, 0x04, 0x17, 0x00,
  0x00, 0x00, 0x00, 0x00, 0x00, 0xf6, 0x17, 0x00, 0x00, 0x00, 0x00, 0x00,
  0x00, 0x04, 0x00, 0xf3, 0x01, 0x54, 0x9f, 0xf6, 0x17, 0x00, 0x00, 0x00,
  0x00, 0x00, 0x00, 0x14, 0x18, 0x00, 0x00, 0x00, 0x00, 0x00, 0x00, 0x01,
  0x00, 0x53, 0x44, 0x18, 0x00, 0x00, 0x00, 0x00, 0x00, 0x00, 0x50, 0x18,
  0x00, 0x00, 0x00, 0x00, 0x00, 0x00, 0x01, 0x00, 0x53, 0x50, 0x18, 0x00,
  0x00, 0x00, 0x00, 0x00, 0x00, 0x5e, 0x18, 0x00, 0x00, 0x00, 0x00, 0x00,
  0x00, 0x04, 0x00, 0x73, 0xb8, 0x7f, 0x9f, 0x5e, 0x18, 0x00, 0x00, 0x00,
  0x00, 0x00, 0x00, 0x75, 0x18, 0x00, 0x00, 0x00, 0x00, 0x00, 0x00, 0x04,
  0x00, 0xf3, 0x01, 0x54, 0x9f, 0x00, 0x00, 0x00, 0x00, 0x00, 0x00, 0x00,
  0x00, 0x00, 0x00, 0x00, 0x00, 0x00, 0x00, 0x00, 0x00, 0x02, 0x00, 0x02,
  0x00, 0x00, 0x00, 0x00, 0x00, 0x00, 0x00, 0xad, 0x12, 0x00, 0x00, 0x00,
  0x00, 0x00, 0x00, 0x20, 0x13, 0x00, 0x00, 0x00, 0x00, 0x00, 0x00, 0x01,
  0x00, 0x51, 0x3d, 0x13, 0x00, 0x00, 0x00, 0x00, 0x00, 0x00, 0x84, 0x13,
  0x00, 0x00, 0x00, 0x00, 0x00, 0x00, 0x01, 0x00, 0x5e, 0x04, 0x17, 0x00,
  0x00, 0x00, 0x00, 0x00, 0x00, 0x23, 0x17, 0x00, 0x00, 0x00, 0x00, 0x00,
  0x00, 0x01, 0x00, 0x5e, 0x30, 0x17, 0x00, 0x00, 0x00, 0x00, 0x00, 0x00,
  0xf6, 0x17, 0x00, 0x00, 0x00, 0x00, 0x00, 0x00, 0x01, 0x00, 0x5e, 0x5e,
  0x18, 0x00, 0x00, 0x00, 0x00, 0x00, 0x00, 0x75, 0x18, 0x00, 0x00, 0x00,
  0x00, 0x00, 0x00, 0x01, 0x00, 0x5e, 0x00, 0x00, 0x00, 0x00, 0x00, 0x00,
  0x00, 0x00, 0x00, 0x00, 0x00, 0x00, 0x00, 0x00, 0x00, 0x00, 0x00, 0x00,
  0x00, 0x00, 0x00, 0x00, 0xb5, 0x12, 0x00, 0x00, 0x00, 0x00, 0x00, 0x00,
  0x84, 0x13, 0x00, 0x00, 0x00, 0x00, 0x00, 0x00, 0x01, 0x00, 0x56, 0x04,
  0x17, 0x00, 0x00, 0x00, 0x00, 0x00, 0x00, 0xf6, 0x17, 0x00, 0x00, 0x00,
  0x00, 0x00, 0x00, 0x01, 0x00, 0x56, 0x44, 0x18, 0x00, 0x00, 0x00, 0x00,
  0x00, 0x00, 0x75, 0x18, 0x00, 0x00, 0x00, 0x00, 0x00, 0x00, 0x01, 0x00,
  0x56, 0x00, 0x00, 0x00, 0x00, 0x00, 0x00, 0x00, 0x00, 0x00, 0x00, 0x00,
  0x00, 0x00, 0x00, 0x00, 0x00, 0x02, 0x00, 0x00, 0x00, 0x00, 0x00, 0x00,
  0x02, 0x02, 0x03, 0x03, 0x04, 0x04, 0x00, 0x00, 0x00, 0x00, 0x02, 0x02,
  0x03, 0x03, 0x04, 0x04, 0x00, 0x00, 0x00, 0x00, 0x02, 0x02, 0x03, 0x03,
  0x04, 0x04, 0x05, 0x05, 0x00, 0x00, 0x00, 0x00, 0x02, 0x02, 0x03, 0x03,
  0x04, 0x04, 0x05, 0x05, 0x00, 0x00, 0x00, 0x00, 0x02, 0x02, 0x03, 0x03,
  0x04, 0x04, 0x05, 0x05, 0x00, 0x00, 0x00, 0x50, 0x13, 0x00, 0x00, 0x00,
  0x00, 0x00, 0x00, 0x84, 0x13, 0x00, 0x00, 0x00, 0x00, 0x00, 0x00, 0x01,
  0x00, 0x55, 0x04, 0x17, 0x00, 0x00, 0x00, 0x00, 0x00, 0x00, 0x2a, 0x17,
  0x00, 0x00, 0x00, 0x00, 0x00, 0x00, 0x01, 0x00, 0x55, 0x30, 0x17, 0x00,
  0x00, 0x00, 0x00, 0x00, 0x00, 0x3d, 0x17, 0x00, 0x00, 0x00, 0x00, 0x00,
  0x00, 0x01, 0x00, 0x55, 0x41, 0x17, 0x00, 0x00, 0x00, 0x00, 0x00, 0x00,
  0x41, 0x17, 0x00, 0x00, 0x00, 0x00, 0x00, 0x00, 0x01, 0x00, 0x53, 0x41,
  0x17, 0x00, 0x00, 0x00, 0x00, 0x00, 0x00, 0x41, 0x17, 0x00, 0x00, 0x00,
  0x00, 0x00, 0x00, 0x03, 0x00, 0x73, 0x01, 0x9f, 0x41, 0x17, 0x00, 0x00,
  0x00, 0x00, 0x00, 0x00, 0x41, 0x17, 0x00, 0x00, 0x00, 0x00, 0x00, 0x00,
  0x03, 0x00, 0x73, 0x02, 0x9f, 0x41, 0x17, 0x00, 0x00, 0x00, 0x00, 0x00,
  0x00, 0x4b, 0x17, 0x00, 0x00, 0x00, 0x00, 0x00, 0x00, 0x03, 0x00, 0x73,
  0x03, 0x9f, 0x4b, 0x17, 0x00, 0x00, 0x00, 0x00, 0x00, 0x00, 0x5d, 0x17,
  0x00, 0x00, 0x00, 0x00, 0x00, 0x00, 0x01, 0x00, 0x55, 0x61, 0x17, 0x00,
  0x00, 0x00, 0x00, 0x00, 0x00, 0x61, 0x17, 0x00, 0x00, 0x00, 0x00, 0x00,
  0x00, 0x01, 0x00, 0x53, 0x61, 0x17, 0x00, 0x00, 0x00, 0x00, 0x00, 0x00,
  0x61, 0x17, 0x00, 0x00, 0x00, 0x00, 0x00, 0x00, 0x03, 0x00, 0x73, 0x01,
  0x9f, 0x61, 0x17, 0x00, 0x00, 0x00, 0x00, 0x00, 0x00, 0x61, 0x17, 0x00,
  0x00, 0x00, 0x00, 0x00, 0x00, 0x03, 0x00, 0x73, 0x02, 0x9f, 0x61, 0x17,
  0x00, 0x00, 0x00, 0x00, 0x00, 0x00, 0x6b, 0x17, 0x00, 0x00, 0x00, 0x00,
  0x00, 0x00, 0x03, 0x00, 0x73, 0x03, 0x9f, 0x6b, 0x17, 0x00, 0x00, 0x00,
  0x00, 0x00, 0x00, 0x7d, 0x17, 0x00, 0x00, 0x00, 0x00, 0x00, 0x00, 0x01,
  0x00, 0x55, 0x81, 0x17, 0x00, 0x00, 0x00, 0x00, 0x00, 0x00, 0x81, 0x17,
  0x00, 0x00, 0x00, 0x00, 0x00, 0x00, 0x01, 0x00, 0x53, 0x81, 0x17, 0x00,
  0x00, 0x00, 0x00, 0x00, 0x00, 0x81, 0x17, 0x00, 0x00, 0x00, 0x00, 0x00,
  0x00, 0x03, 0x00, 0x73, 0x01, 0x9f, 0x81, 0x17, 0x00, 0x00, 0x00, 0x00,
  0x00, 0x00, 0x81, 0x17, 0x00, 0x00, 0x00, 0x00, 0x00, 0x00, 0x03, 0x00,
  0x73, 0x02, 0x9f, 0x81, 0x17, 0x00, 0x00, 0x00, 0x00, 0x00, 0x00, 0x81,
  0x17, 0x00, 0x00, 0x00, 0x00, 0x00, 0x00, 0x03, 0x00, 0x73, 0x03, 0x9f,
  0x81, 0x17, 0x00, 0x00, 0x00, 0x00, 0x00, 0x00, 0x8b, 0x17, 0x00, 0x00,
  0x00, 0x00, 0x00, 0x00, 0x03, 0x00, 0x73, 0x04, 0x9f, 0x8b, 0x17, 0x00,
  0x00, 0x00, 0x00, 0x00, 0x00, 0xad, 0x17, 0x00, 0x00, 0x00, 0x00, 0x00,
  0x00, 0x01, 0x00, 0x55, 0xb1, 0x17, 0x00, 0x00, 0x00, 0x00, 0x00, 0x00,
  0xb1, 0x17, 0x00, 0x00, 0x00, 0x00, 0x00, 0x00, 0x01, 0x00, 0x53, 0xb1,
  0x17, 0x00, 0x00, 0x00, 0x00, 0x00, 0x00, 0xb1, 0x17, 0x00, 0x00, 0x00,
  0x00, 0x00, 0x00, 0x03, 0x00, 0x73, 0x01, 0x9f, 0xb1, 0x17, 0x00, 0x00,
  0x00, 0x00, 0x00, 0x00, 0xb1, 0x17, 0x00, 0x00, 0x00, 0x00, 0x00, 0x00,
  0x03, 0x00, 0x73, 0x02, 0x9f, 0xb1, 0x17, 0x00, 0x00, 0x00, 0x00, 0x00,
  0x00, 0xb1, 0x17, 0x00, 0x00, 0x00, 0x00, 0x00, 0x00, 0x03, 0x00, 0x73,
  0x03, 0x9f, 0xb1, 0x17, 0x00, 0x00, 0x00, 0x00, 0x00, 0x00, 0xbb, 0x17,
  0x00, 0x00, 0x00, 0x00, 0x00, 0x00, 0x03, 0x00, 0x73, 0x04, 0x9f, 0xbb,
  0x17, 0x00, 0x00, 0x00, 0x00, 0x00, 0x00, 0xdd, 0x17, 0x00, 0x00, 0x00,
  0x00, 0x00, 0x00, 0x01, 0x00, 0x55, 0xe1, 0x17, 0x00, 0x00, 0x00, 0x00,
  0x00, 0x00, 0xe1, 0x17, 0x00, 0x00, 0x00, 0x00, 0x00, 0x00, 0x01, 0x00,
  0x53, 0xe1, 0x17, 0x00, 0x00, 0x00, 0x00, 0x00, 0x00, 0xe1, 0x17, 0x00,
  0x00, 0x00, 0x00, 0x00, 0x00, 0x03, 0x00, 0x73, 0x01, 0x9f, 0xe1, 0x17,
  0x00, 0x00, 0x00, 0x00, 0x00, 0x00, 0xe1, 0x17, 0x00, 0x00, 0x00, 0x00,
  0x00, 0x00, 0x03, 0x00, 0x73, 0x02, 0x9f, 0xe1, 0x17, 0x00, 0x00, 0x00,
  0x00, 0x00, 0x00, 0xe1, 0x17, 0x00, 0x00, 0x00, 0x00, 0x00, 0x00, 0x03,
  0x00, 0x73, 0x03, 0x9f, 0xe1, 0x17, 0x00, 0x00, 0x00, 0x00, 0x00, 0x00,
  0xeb, 0x17, 0x00, 0x00, 0x00, 0x00, 0x00, 0x00, 0x03, 0x00, 0x73, 0x04,
  0x9f, 0xeb, 0x17, 0x00, 0x00, 0x00, 0x00, 0x00, 0x00, 0xf6, 0x17, 0x00,
  0x00, 0x00, 0x00, 0x00, 0x00, 0x01, 0x00, 0x55, 0x00, 0x00, 0x00, 0x00,
  0x00, 0x00, 0x00, 0x00, 0x00, 0x00, 0x00, 0x00, 0x00, 0x00, 0x00, 0x00,
  0x00, 0x00, 0x00, 0x00, 0x00, 0x00, 0x00, 0x00, 0x24, 0x13, 0x00, 0x00,
  0x00, 0x00, 0x00, 0x00, 0x31, 0x13, 0x00, 0x00, 0x00, 0x00, 0x00, 0x00,
  0x01, 0x00, 0x50, 0x31, 0x13, 0x00, 0x00, 0x00, 0x00, 0x00, 0x00, 0x84,
  0x13, 0x00, 0x00, 0x00, 0x00, 0x00, 0x00, 0x01, 0x00, 0x5c, 0x04, 0x17,
  0x00, 0x00, 0x00, 0x00, 0x00, 0x00, 0xf6, 0x17, 0x00, 0x00, 0x00, 0x00,
  0x00, 0x00, 0x01, 0x00, 0x5c, 0x44, 0x18, 0x00, 0x00, 0x00, 0x00, 0x00,
  0x00, 0x75, 0x18, 0x00, 0x00, 0x00, 0x00, 0x00, 0x00, 0x01, 0x00, 0x5c,
  0x00, 0x00, 0x00, 0x00, 0x00, 0x00, 0x00, 0x00, 0x00, 0x00, 0x00, 0x00,
  0x00, 0x00, 0x00, 0x00, 0x03, 0x00, 0x00, 0x00, 0xb5, 0x12, 0x00, 0x00,
  0x00, 0x00, 0x00, 0x00, 0xc2, 0x12, 0x00, 0x00, 0x00, 0x00, 0x00, 0x00,
  0x02, 0x00, 0x30, 0x9f, 0xc2, 0x12, 0x00, 0x00, 0x00, 0x00, 0x00, 0x00,
  0x0e, 0x13, 0x00, 0x00, 0x00, 0x00, 0x00, 0x00, 0x01, 0x00, 0x55, 0x00,
  0x00, 0x00, 0x00, 0x00, 0x00, 0x00, 0x00, 0x00, 0x00, 0x00, 0x00, 0x00,
  0x00, 0x00, 0x00, 0x04, 0x02, 0x00, 0x00, 0x9d, 0x12, 0x00, 0x00, 0x00,
  0x00, 0x00, 0x00, 0xad, 0x12, 0x00, 0x00, 0x00, 0x00, 0x00, 0x00, 0x01,
  0x00, 0x53, 0xf6, 0x17, 0x00, 0x00, 0x00, 0x00, 0x00, 0x00, 0x14, 0x18,
  0x00, 0x00, 0x00, 0x00, 0x00, 0x00, 0x01, 0x00, 0x53, 0x00, 0x00, 0x00,
  0x00, 0x00, 0x00, 0x00, 0x00, 0x00, 0x00, 0x00, 0x00, 0x00, 0x00, 0x00,
  0x00, 0x06, 0x08, 0x9d, 0x12, 0x00, 0x00, 0x00, 0x00, 0x00, 0x00, 0x9d,
  0x12, 0x00, 0x00, 0x00, 0x00, 0x00, 0x00, 0x01, 0x00, 0x53, 0x00, 0x00,
  0x00, 0x00, 0x00, 0x00, 0x00, 0x00, 0x00, 0x00, 0x00, 0x00, 0x00, 0x00,
  0x00, 0x00, 0x01, 0x02, 0xa9, 0x12, 0x00, 0x00, 0x00, 0x00, 0x00, 0x00,
  0xad, 0x12, 0x00, 0x00, 0x00, 0x00, 0x00, 0x00, 0x01, 0x00, 0x53, 0x00,
  0x00, 0x00, 0x00, 0x00, 0x00, 0x00, 0x00, 0x00, 0x00, 0x00, 0x00, 0x00,
  0x00, 0x00, 0x00, 0x00, 0x02, 0xad, 0x12, 0x00, 0x00, 0x00, 0x00, 0x00,
  0x00, 0xad, 0x12, 0x00, 0x00, 0x00, 0x00, 0x00, 0x00, 0x01, 0x00, 0x51,
  0x00, 0x00, 0x00, 0x00, 0x00, 0x00, 0x00, 0x00, 0x00, 0x00, 0x00, 0x00,
  0x00, 0x00, 0x00, 0x00, 0x00, 0x00, 0xf6, 0x17, 0x00, 0x00, 0x00, 0x00,
  0x00, 0x00, 0x14, 0x18, 0x00, 0x00, 0x00, 0x00, 0x00, 0x00, 0x01, 0x00,
  0x53, 0x00, 0x00, 0x00, 0x00, 0x00, 0x00, 0x00, 0x00, 0x00, 0x00, 0x00,
  0x00, 0x00, 0x00, 0x00, 0x00, 0x03, 0x00, 0xf6, 0x17, 0x00, 0x00, 0x00,
  0x00, 0x00, 0x00, 0x14, 0x18, 0x00, 0x00, 0x00, 0x00, 0x00, 0x00, 0x01,
  0x00, 0x53, 0x00, 0x00, 0x00, 0x00, 0x00, 0x00, 0x00, 0x00, 0x00, 0x00,
  0x00, 0x00, 0x00, 0x00, 0x00, 0x00, 0x05, 0x08, 0xf6, 0x17, 0x00, 0x00,
  0x00, 0x00, 0x00, 0x00, 0xf6, 0x17, 0x00, 0x00, 0x00, 0x00, 0x00, 0x00,
  0x01, 0x00, 0x53, 0x00, 0x00, 0x00, 0x00, 0x00, 0x00, 0x00, 0x00, 0x00,
  0x00, 0x00, 0x00, 0x00, 0x00, 0x00, 0x00, 0x04, 0x00, 0xad, 0x12, 0x00,
  0x00, 0x00, 0x00, 0x00, 0x00, 0xb1, 0x12, 0x00, 0x00, 0x00, 0x00, 0x00,
  0x00, 0x01, 0x00, 0x53, 0x00, 0x00, 0x00, 0x00, 0x00, 0x00, 0x00, 0x00,
  0x00, 0x00, 0x00, 0x00, 0x00, 0x00, 0x00, 0x00, 0x01, 0x04, 0xff, 0x12,
  0x00, 0x00, 0x00, 0x00, 0x00, 0x00, 0xff, 0x12, 0x00, 0x00, 0x00, 0x00,
  0x00, 0x00, 0x01, 0x00, 0x53, 0x00, 0x00, 0x00, 0x00, 0x00, 0x00, 0x00,
  0x00, 0x00, 0x00, 0x00, 0x00, 0x00, 0x00, 0x00, 0x00, 0x01, 0x02, 0x00,
  0x00, 0x00, 0x00, 0x2d, 0x13, 0x00, 0x00, 0x00, 0x00, 0x00, 0x00, 0x3d,
  0x13, 0x00, 0x00, 0x00, 0x00, 0x00, 0x00, 0x01, 0x00, 0x53, 0x44, 0x18,
  0x00, 0x00, 0x00, 0x00, 0x00, 0x00, 0x50, 0x18, 0x00, 0x00, 0x00, 0x00,
  0x00, 0x00, 0x01, 0x00, 0x53, 0x50, 0x18, 0x00, 0x00, 0x00, 0x00, 0x00,
  0x00, 0x5e, 0x18, 0x00, 0x00, 0x00, 0x00, 0x00, 0x00, 0x04, 0x00, 0x73,
  0xb8, 0x7f, 0x9f, 0x00, 0x00, 0x00, 0x00, 0x00, 0x00, 0x00, 0x00, 0x00,
  0x00, 0x00, 0x00, 0x00, 0x00, 0x00, 0x00, 0x03, 0x05, 0x2d, 0x13, 0x00,
  0x00, 0x00, 0x00, 0x00, 0x00, 0x2d, 0x13, 0x00, 0x00, 0x00, 0x00, 0x00,
  0x00, 0x01, 0x00, 0x53, 0x00, 0x00, 0x00, 0x00, 0x00, 0x00, 0x00, 0x00,
  0x00, 0x00, 0x00, 0x00, 0x00, 0x00, 0x00, 0x00, 0x01, 0x02, 0x39, 0x13,
  0x00, 0x00, 0x00, 0x00, 0x00, 0x00, 0x3d, 0x13, 0x00, 0x00, 0x00, 0x00,
  0x00, 0x00, 0x01, 0x00, 0x53, 0x00, 0x00, 0x00, 0x00, 0x00, 0x00, 0x00,
  0x00, 0x00, 0x00, 0x00, 0x00, 0x00, 0x00, 0x00, 0x00, 0x00, 0x02, 0x3d,
  0x13, 0x00, 0x00, 0x00, 0x00, 0x00, 0x00, 0x3d, 0x13, 0x00, 0x00, 0x00,
  0x00, 0x00, 0x00, 0x01, 0x00, 0x5e, 0x00, 0x00, 0x00, 0x00, 0x00, 0x00,
  0x00, 0x00, 0x00, 0x00, 0x00, 0x00, 0x00, 0x00, 0x00, 0x00, 0x00, 0x00,
  0x00, 0x00, 0x44, 0x18, 0x00, 0x00, 0x00, 0x00, 0x00, 0x00, 0x50, 0x18,
  0x00, 0x00, 0x00, 0x00, 0x00, 0x00, 0x01, 0x00, 0x53, 0x50, 0x18, 0x00,
  0x00, 0x00, 0x00, 0x00, 0x00, 0x5e, 0x18, 0x00, 0x00, 0x00, 0x00, 0x00,
  0x00, 0x04, 0x00, 0x73, 0xb8, 0x7f, 0x9f, 0x00, 0x00, 0x00, 0x00, 0x00,
  0x00, 0x00, 0x00, 0x00, 0x00, 0x00, 0x00, 0x00, 0x00, 0x00, 0x00, 0x03,
  0x00, 0x00, 0x00, 0x44, 0x18, 0x00, 0x00, 0x00, 0x00, 0x00, 0x00, 0x50,
  0x18, 0x00, 0x00, 0x00, 0x00, 0x00, 0x00, 0x01, 0x00, 0x53, 0x50, 0x18,
  0x00, 0x00, 0x00, 0x00, 0x00, 0x00, 0x5e, 0x18, 0x00, 0x00, 0x00, 0x00,
  0x00, 0x00, 0x04, 0x00, 0x73, 0xb8, 0x7f, 0x9f, 0x00, 0x00, 0x00, 0x00,
  0x00, 0x00, 0x00, 0x00, 0x00, 0x00, 0x00, 0x00, 0x00, 0x00, 0x00, 0x00,
  0x05, 0x08, 0x44, 0x18, 0x00, 0x00, 0x00, 0x00, 0x00, 0x00, 0x44, 0x18,
  0x00, 0x00, 0x00, 0x00, 0x00, 0x00, 0x01, 0x00, 0x53, 0x00, 0x00, 0x00,
  0x00, 0x00, 0x00, 0x00, 0x00, 0x00, 0x00, 0x00, 0x00, 0x00, 0x00, 0x00,
  0x00, 0x04, 0x02, 0x00, 0x00, 0x3d, 0x13, 0x00, 0x00, 0x00, 0x00, 0x00,
  0x00, 0x50, 0x13, 0x00, 0x00, 0x00, 0x00, 0x00, 0x00, 0x01, 0x00, 0x5c,
  0x5e, 0x18, 0x00, 0x00, 0x00, 0x00, 0x00, 0x00, 0x75, 0x18, 0x00, 0x00,
  0x00, 0x00, 0x00, 0x00, 0x01, 0x00, 0x5c, 0x00, 0x00, 0x00, 0x00, 0x00,
  0x00, 0x00, 0x00, 0x00, 0x00, 0x00, 0x00, 0x00, 0x00, 0x00, 0x00, 0x06,
  0x08, 0x3d, 0x13, 0x00, 0x00, 0x00, 0x00, 0x00, 0x00, 0x3d, 0x13, 0x00,
  0x00, 0x00, 0x00, 0x00, 0x00, 0x01, 0x00, 0x5c, 0x00, 0x00, 0x00, 0x00,
  0x00, 0x00, 0x00, 0x00, 0x00, 0x00, 0x00, 0x00, 0x00, 0x00, 0x00, 0x00,
  0x01, 0x02, 0x4b, 0x13, 0x00, 0x00, 0x00, 0x00, 0x00, 0x00, 0x50, 0x13,
  0x00, 0x00, 0x00, 0x00, 0x00, 0x00, 0x01, 0x00, 0x5c, 0x00, 0x00, 0x00,
  0x00, 0x00, 0x00, 0x00, 0x00, 0x00, 0x00, 0x00, 0x00, 0x00, 0x00, 0x00,
  0x00, 0x00, 0x02, 0x50, 0x13, 0x00, 0x00, 0x00, 0x00, 0x00, 0x00, 0x50,
  0x13, 0x00, 0x00, 0x00, 0x00, 0x00, 0x00, 0x01, 0x00, 0x55, 0x00, 0x00,
  0x00, 0x00, 0x00, 0x00, 0x00, 0x00, 0x00, 0x00, 0x00, 0x00, 0x00, 0x00,
  0x00, 0x00, 0x00, 0x00, 0x5e, 0x18, 0x00, 0x00, 0x00, 0x00, 0x00, 0x00,
  0x75, 0x18, 0x00, 0x00, 0x00, 0x00, 0x00, 0x00, 0x01, 0x00, 0x5c, 0x00,
  0x00, 0x00, 0x00, 0x00, 0x00, 0x00, 0x00, 0x00, 0x00, 0x00, 0x00, 0x00,
  0x00, 0x00, 0x00, 0x03, 0x00, 0x5e, 0x18, 0x00, 0x00, 0x00, 0x00, 0x00,
  0x00, 0x75, 0x18, 0x00, 0x00, 0x00, 0x00, 0x00, 0x00, 0x01, 0x00, 0x5c,
  0x00, 0x00, 0x00, 0x00, 0x00, 0x00, 0x00, 0x00, 0x00, 0x00, 0x00, 0x00,
  0x00, 0x00, 0x00, 0x00, 0x05, 0x08, 0x5e, 0x18, 0x00, 0x00, 0x00, 0x00,
  0x00, 0x00, 0x5e, 0x18, 0x00, 0x00, 0x00, 0x00, 0x00, 0x00, 0x01, 0x00,
  0x5c, 0x00, 0x00, 0x00, 0x00, 0x00, 0x00, 0x00, 0x00, 0x00, 0x00, 0x00,
  0x00, 0x00, 0x00, 0x00, 0x00, 0x02, 0x00, 0x00, 0x00, 0x00, 0x00, 0x00,
  0x00, 0x01, 0x00, 0x00, 0x00, 0x01, 0x00, 0x00, 0x00, 0x01, 0x00, 0x00,
  0x00, 0x01, 0x00, 0x00, 0x00, 0x01, 0x00, 0x50, 0x13, 0x00, 0x00, 0x00,
  0x00, 0x00, 0x00, 0x64, 0x13, 0x00, 0x00, 0x00, 0x00, 0x00, 0x00, 0x02,
  0x00, 0x30, 0x9f, 0x64, 0x13, 0x00, 0x00, 0x00, 0x00, 0x00, 0x00, 0x84,
  0x13, 0x00, 0x00, 0x00, 0x00, 0x00, 0x00, 0x01, 0x00, 0x53, 0x04, 0x17,
  0x00, 0x00, 0x00, 0x00, 0x00, 0x00, 0x23, 0x17, 0x00, 0x00, 0x00, 0x00,
  0x00, 0x00, 0x01, 0x00, 0x53, 0x30, 0x17, 0x00, 0x00, 0x00, 0x00, 0x00,
  0x00, 0x41, 0x17, 0x00, 0x00, 0x00, 0x00, 0x00, 0x00, 0x01, 0x00, 0x53,
  0x41, 0x17, 0x00, 0x00, 0x00, 0x00, 0x00, 0x00, 0x4f, 0x17, 0x00, 0x00,
  0x00, 0x00, 0x00, 0x00, 0x02, 0x00, 0x30, 0x9f, 0x4f, 0x17, 0x00, 0x00,
  0x00, 0x00, 0x00, 0x00, 0x61, 0x17, 0x00, 0x00, 0x00, 0x00, 0x00, 0x00,
  0x01, 0x00, 0x53, 0x61, 0x17, 0x00, 0x00, 0x00, 0x00, 0x00, 0x00, 0x6f,
  0x17, 0x00, 0x00, 0x00, 0x00, 0x00, 0x00, 0x02, 0x00, 0x30, 0x9f, 0x6f,
  0x17, 0x00, 0x00, 0x00, 0x00, 0x00, 0x00, 0x81, 0x17, 0x00, 0x00, 0x00,
  0x00, 0x00, 0x00, 0x01, 0x00, 0x53, 0x81, 0x17, 0x00, 0x00, 0x00, 0x00,
  0x00, 0x00, 0x96, 0x17, 0x00, 0x00, 0x00, 0x00, 0x00, 0x00, 0x02, 0x00,
  0x30, 0x9f, 0x96, 0x17, 0x00, 0x00, 0x00, 0x00, 0x00, 0x00, 0xb1, 0x17,
  0x00, 0x00, 0x00, 0x00, 0x00, 0x00, 0x01, 0x00, 0x53, 0xb1, 0x17, 0x00,
  0x00, 0x00, 0x00, 0x00, 0x00, 0xc6, 0x17, 0x00, 0x00, 0x00, 0x00, 0x00,
  0x00, 0x02, 0x00, 0x30, 0x9f, 0xc6, 0x17, 0x00, 0x00, 0x00, 0x00, 0x00,
  0x00, 0xe1, 0x17, 0x00, 0x00, 0x00, 0x00, 0x00, 0x00, 0x01, 0x00, 0x53,
  0xe1, 0x17, 0x00, 0x00, 0x00, 0x00, 0x00, 0x00, 0xf6, 0x17, 0x00, 0x00,
  0x00, 0x00, 0x00, 0x00, 0x02, 0x00, 0x30, 0x9f, 0x00, 0x00, 0x00, 0x00,
  0x00, 0x00, 0x00, 0x00, 0x00, 0x00, 0x00, 0x00, 0x00, 0x00, 0x00, 0x00,
  0x02, 0x00, 0x84, 0x13, 0x00, 0x00, 0x00, 0x00, 0x00, 0x00, 0x8c, 0x13,
  0x00, 0x00, 0x00, 0x00, 0x00, 0x00, 0x01, 0x00, 0x53, 0x00, 0x00, 0x00,
  0x00, 0x00, 0x00, 0x00, 0x00, 0x00, 0x00, 0x00, 0x00, 0x00, 0x00, 0x00,
  0x00, 0x02, 0x02, 0x02, 0x03, 0x00, 0x00, 0x00, 0x00, 0x00, 0x00, 0x00,
  0x00, 0x00, 0x00, 0x98, 0x13, 0x00, 0x00, 0x00, 0x00, 0x00, 0x00, 0x1f,
  0x14, 0x00, 0x00, 0x00, 0x00, 0x00, 0x00, 0x01, 0x00, 0x53, 0x1f, 0x14,
  0x00, 0x00, 0x00, 0x00, 0x00, 0x00, 0x96, 0x14, 0x00, 0x00, 0x00, 0x00,
  0x00, 0x00, 0x04, 0x00, 0xf3, 0x01, 0x54, 0x9f, 0x9b, 0x14, 0x00, 0x00,
  0x00, 0x00, 0x00, 0x00, 0xb7, 0x15, 0x00, 0x00, 0x00, 0x00, 0x00, 0x00,
  0x04, 0x00, 0xf3, 0x01, 0x54, 0x9f, 0x14, 0x18, 0x00, 0x00, 0x00, 0x00,
  0x00, 0x00, 0x2c, 0x18, 0x00, 0x00, 0x00, 0x00, 0x00, 0x00, 0x01, 0x00,
  0x53, 0x75, 0x18, 0x00, 0x00, 0x00, 0x00, 0x00, 0x00, 0x80, 0x18, 0x00,
  0x00, 0x00, 0x00, 0x00, 0x00, 0x01, 0x00, 0x53, 0x80, 0x18, 0x00, 0x00,
  0x00, 0x00, 0x00, 0x00, 0x8e, 0x18, 0x00, 0x00, 0x00, 0x00, 0x00, 0x00,
  0x04, 0x00, 0x73, 0xb8, 0x7f, 0x9f, 0xbe, 0x18, 0x00, 0x00, 0x00, 0x00,
  0x00, 0x00, 0xd5, 0x18, 0x00, 0x00, 0x00, 0x00, 0x00, 0x00, 0x04, 0x00,
  0xf3, 0x01, 0x54, 0x9f, 0x00, 0x00, 0x00, 0x00, 0x00, 0x00, 0x00, 0x00,
  0x00, 0x00, 0x00, 0x00, 0x00, 0x00, 0x00, 0x00, 0x02, 0x00, 0x02, 0x00,
  0x00, 0x03, 0x00, 0x00, 0x00, 0x00, 0xa5, 0x13, 0x00, 0x00, 0x00, 0x00,
  0x00, 0x00, 0x02, 0x14, 0x00, 0x00, 0x00, 0x00, 0x00, 0x00, 0x01, 0x00,
  0x51, 0x1f, 0x14, 0x00, 0x00, 0x00, 0x00, 0x00, 0x00, 0x3c, 0x14, 0x00,
  0x00, 0x00, 0x00, 0x00, 0x00, 0x01, 0x00, 0x56, 0x3c, 0x14, 0x00, 0x00,
  0x00, 0x00, 0x00, 0x00, 0x96, 0x14, 0x00, 0x00, 0x00, 0x00, 0x00, 0x00,
  0x01, 0x00, 0x5e, 0x9b, 0x14, 0x00, 0x00, 0x00, 0x00, 0x00, 0x00, 0xb7,
  0x15, 0x00, 0x00, 0x00, 0x00, 0x00, 0x00, 0x01, 0x00, 0x5e, 0xbe, 0x18,
  0x00, 0x00, 0x00, 0x00, 0x00, 0x00, 0xd5, 0x18, 0x00, 0x00, 0x00, 0x00,
  0x00, 0x00, 0x01, 0x00, 0x56, 0x00, 0x00, 0x00, 0x00, 0x00, 0x00, 0x00,
  0x00, 0x00, 0x00, 0x00, 0x00, 0x00, 0x00, 0x00, 0x00, 0x00, 0x00, 0x00,
  0x00, 0x00, 0x00, 0x00, 0x00, 0x00, 0x00, 0xad, 0x13, 0x00, 0x00, 0x00,
  0x00, 0x00, 0x00, 0x75, 0x14, 0x00, 0x00, 0x00, 0x00, 0x00, 0x00, 0x01,
  0x00, 0x5d, 0x75, 0x14, 0x00, 0x00, 0x00, 0x00, 0x00, 0x00, 0x7c, 0x14,
  0x00, 0x00, 0x00, 0x00, 0x00, 0x00, 0x03, 0x00, 0x7d, 0x01, 0x9f, 0x9b,
  0x14, 0x00, 0x00, 0x00, 0x00, 0x00, 0x00, 0xb7, 0x15, 0x00, 0x00, 0x00,
  0x00, 0x00, 0x00, 0x01, 0x00, 0x5d, 0x75, 0x18, 0x00, 0x00, 0x00, 0x00,
  0x00, 0x00, 0x8e, 0x18, 0x00, 0x00, 0x00, 0x00, 0x00, 0x00, 0x01, 0x00,
  0x5d, 0xbe, 0x18, 0x00, 0x00, 0x00, 0x00, 0x00, 0x00, 0xd5, 0x18, 0x00,
  0x00, 0x00, 0x00, 0x00, 0x00, 0x01, 0x00, 0x5d, 0x00, 0x00, 0x00, 0x00,
  0x00, 0x00, 0x00, 0x00, 0x00, 0x00, 0x00, 0x00, 0x00, 0x00, 0x00, 0x00,
  0x02, 0x00, 0x00, 0x00, 0x00, 0x02, 0x02, 0x03, 0x03, 0x04, 0x04, 0x00,
  0x00, 0x00, 0x00, 0x02, 0x02, 0x03, 0x03, 0x04, 0x04, 0x00, 0x00, 0x00,
  0x00, 0x02, 0x02, 0x03, 0x03, 0x04, 0x04, 0x05, 0x05, 0x01, 0x01, 0x00,
  0x00, 0x02, 0x02, 0x03, 0x03, 0x04, 0x04, 0x05, 0x05, 0x01, 0x01, 0x00,
  0x00, 0x02, 0x02, 0x03, 0x03, 0x04, 0x04, 0x05, 0x05, 0x01, 0x01, 0x00,
  0x32, 0x14, 0x00, 0x00, 0x00, 0x00, 0x00, 0x00, 0x95, 0x14, 0x00, 0x00,
  0x00, 0x00, 0x00, 0x00, 0x01, 0x00, 0x55, 0x9b, 0x14, 0x00, 0x00, 0x00,
  0x00, 0x00, 0x00, 0xb5, 0x14, 0x00, 0x00, 0x00, 0x00, 0x00, 0x00, 0x01,
  0x00, 0x55, 0xc2, 0x14, 0x00, 0x00, 0x00, 0x00, 0x00, 0x00, 0xc2, 0x14,
  0x00, 0x00, 0x00, 0x00, 0x00, 0x00, 0x01, 0x00, 0x51, 0xc2, 0x14, 0x00,
  0x00, 0x00, 0x00, 0x00, 0x00, 0xc2, 0x14, 0x00, 0x00, 0x00, 0x00, 0x00,
  0x00, 0x03, 0x00, 0x71, 0x04, 0x9f, 0xc2, 0x14, 0x00, 0x00, 0x00, 0x00,
  0x00, 0x00, 0xc2, 0x14, 0x00, 0x00, 0x00, 0x00, 0x00, 0x00, 0x03, 0x00,
  0x71, 0x08, 0x9f, 0xc2, 0x14, 0x00, 0x00, 0x00, 0x00, 0x00, 0x00, 0xc6,
  0x14, 0x00, 0x00, 0x00, 0x00, 0x00, 0x00, 0x03, 0x00, 0x71, 0x0c, 0x9f,
  0xc6, 0x14, 0x00, 0x00, 0x00, 0x00, 0x00, 0x00, 0xe5, 0x14, 0x00, 0x00,
  0x00, 0x00, 0x00, 0x00, 0x01, 0x00, 0x55, 0xf2, 0x14, 0x00, 0x00, 0x00,
  0x00, 0x00, 0x00, 0xf2, 0x14, 0x00, 0x00, 0x00, 0x00, 0x00, 0x00, 0x01,
  0x00, 0x51, 0xf2, 0x14, 0x00, 0x00, 0x00, 0x00, 0x00, 0x00, 0xf2, 0x14,
  0x00, 0x00, 0x00, 0x00, 0x00, 0x00, 0x03, 0x00, 0x71, 0x04, 0x9f, 0xf2,
  0x14, 0x00, 0x00, 0x00, 0x00, 0x00, 0x00, 0xf2, 0x14, 0x00, 0x00, 0x00,
  0x00, 0x00, 0x00, 0x03, 0x00, 0x71, 0x08, 0x9f, 0xf2, 0x14, 0x00, 0x00,
  0x00, 0x00, 0x00, 0x00, 0xf6, 0x14, 0x00, 0x00, 0x00, 0x00, 0x00, 0x00,
  0x03, 0x00, 0x71, 0x0c, 0x9f, 0xf6, 0x14, 0x00, 0x00, 0x00, 0x00, 0x00,
  0x00, 0x15, 0x15, 0x00, 0x00, 0x00, 0x00, 0x00, 0x00, 0x01, 0x00, 0x55,
  0x22, 0x15, 0x00, 0x00, 0x00, 0x00, 0x00, 0x00, 0x22, 0x15, 0x00, 0x00,
  0x00, 0x00, 0x00, 0x00, 0x01, 0x00, 0x51, 0x22, 0x15, 0x00, 0x00, 0x00,
  0x00, 0x00, 0x00, 0x22, 0x15, 0x00, 0x00, 0x00, 0x00, 0x00, 0x00, 0x03,
  0x00, 0x71, 0x04, 0x9f, 0x22, 0x15, 0x00, 0x00, 0x00, 0x00, 0x00, 0x00,
  0x22, 0x15, 0x00, 0x00, 0x00, 0x00, 0x00, 0x00, 0x03, 0x00, 0x71, 0x08,
  0x9f, 0x22, 0x15, 0x00, 0x00, 0x00, 0x00, 0x00, 0x00, 0x22, 0x15, 0x00,
  0x00, 0x00, 0x00, 0x00, 0x00, 0x03, 0x00, 0x71, 0x0c, 0x9f, 0x22, 0x15,
  0x00, 0x00, 0x00, 0x00, 0x00, 0x00, 0x30, 0x15, 0x00, 0x00, 0x00, 0x00,
  0x00, 0x00, 0x03, 0x00, 0x71, 0x10, 0x9f, 0x30, 0x15, 0x00, 0x00, 0x00,
  0x00, 0x00, 0x00, 0x55, 0x15, 0x00, 0x00, 0x00, 0x00, 0x00, 0x00, 0x01,
  0x00, 0x55, 0x62, 0x15, 0x00, 0x00, 0x00, 0x00, 0x00, 0x00, 0x62, 0x15,
  0x00, 0x00, 0x00, 0x00, 0x00, 0x00, 0x01, 0x00, 0x51, 0x62, 0x15, 0x00,
  0x00, 0x00, 0x00, 0x00, 0x00, 0x62, 0x15, 0x00, 0x00, 0x00, 0x00, 0x00,
  0x00, 0x03, 0x00, 0x71, 0x04, 0x9f, 0x62, 0x15, 0x00, 0x00, 0x00, 0x00,
  0x00, 0x00, 0x62, 0x15, 0x00, 0x00, 0x00, 0x00, 0x00, 0x00, 0x03, 0x00,
  0x71, 0x08, 0x9f, 0x62, 0x15, 0x00, 0x00, 0x00, 0x00, 0x00, 0x00, 0x62,
  0x15, 0x00, 0x00, 0x00, 0x00, 0x00, 0x00, 0x03, 0x00, 0x71, 0x0c, 0x9f,
  0x62, 0x15, 0x00, 0x00, 0x00, 0x00, 0x00, 0x00, 0x70, 0x15, 0x00, 0x00,
  0x00, 0x00, 0x00, 0x00, 0x03, 0x00, 0x71, 0x10, 0x9f, 0x70, 0x15, 0x00,
  0x00, 0x00, 0x00, 0x00, 0x00, 0x95, 0x15, 0x00, 0x00, 0x00, 0x00, 0x00,
  0x00, 0x01, 0x00, 0x55, 0xa2, 0x15, 0x00, 0x00, 0x00, 0x00, 0x00, 0x00,
  0xa2, 0x15, 0x00, 0x00, 0x00, 0x00, 0x00, 0x00, 0x01, 0x00, 0x51, 0xa2,
  0x15, 0x00, 0x00, 0x00, 0x00, 0x00, 0x00, 0xa2, 0x15, 0x00, 0x00, 0x00,
  0x00, 0x00, 0x00, 0x03, 0x00, 0x71, 0x04, 0x9f, 0xa2, 0x15, 0x00, 0x00,
  0x00, 0x00, 0x00, 0x00, 0xa2, 0x15, 0x00, 0x00, 0x00, 0x00, 0x00, 0x00,
  0x03, 0x00, 0x71, 0x08, 0x9f, 0xa2, 0x15, 0x00, 0x00, 0x00, 0x00, 0x00,
  0x00, 0xa2, 0x15, 0x00, 0x00, 0x00, 0x00, 0x00, 0x00, 0x03, 0x00, 0x71,
  0x0c, 0x9f, 0xa2, 0x15, 0x00, 0x00, 0x00, 0x00, 0x00, 0x00, 0xb0, 0x15,
  0x00, 0x00, 0x00, 0x00, 0x00, 0x00, 0x03, 0x00, 0x71, 0x10, 0x9f, 0xb0,
  0x15, 0x00, 0x00, 0x00, 0x00, 0x00, 0x00, 0xb7, 0x15, 0x00, 0x00, 0x00,
  0x00, 0x00, 0x00, 0x01, 0x00, 0x55, 0x00, 0x00, 0x00, 0x00, 0x00, 0x00,
  0x00, 0x00, 0x00, 0x00, 0x00, 0x00, 0x00, 0x00, 0x00, 0x00, 0x00, 0x00,
  0x00, 0x03, 0x00, 0x00, 0x00, 0x00, 0x00, 0x00, 0x06, 0x14, 0x00, 0x00,
  0x00, 0x00, 0x00, 0x00, 0x13, 0x14, 0x00, 0x00, 0x00, 0x00, 0x00, 0x00,
  0x01, 0x00, 0x50, 0x13, 0x14, 0x00, 0x00, 0x00, 0x00, 0x00, 0x00, 0x96,
  0x14, 0x00, 0x00, 0x00, 0x00, 0x00, 0x00, 0x01, 0x00, 0x5c, 0x9b, 0x14,
  0x00, 0x00, 0x00, 0x00, 0x00, 0x00, 0xb7, 0x15, 0x00, 0x00, 0x00, 0x00,
  0x00, 0x00, 0x01, 0x00, 0x5c, 0x75, 0x18, 0x00, 0x00, 0x00, 0x00, 0x00,
  0x00, 0x8e, 0x18, 0x00, 0x00, 0x00, 0x00, 0x00, 0x00, 0x01, 0x00, 0x5c,
  0xbe, 0x18, 0x00, 0x00, 0x00, 0x00, 0x00, 0x00, 0xd5, 0x18, 0x00, 0x00,
  0x00, 0x00, 0x00, 0x00, 0x01, 0x00, 0x5c, 0x00, 0x00, 0x00, 0x00, 0x00,
  0x00, 0x00, 0x00, 0x00, 0x00, 0x00, 0x00, 0x00, 0x00, 0x00, 0x00, 0x03,
  0x00, 0x00, 0x00, 0xad, 0x13, 0x00, 0x00, 0x00, 0x00, 0x00, 0x00, 0xb6,
  0x13, 0x00, 0x00, 0x00, 0x00, 0x00, 0x00, 0x02, 0x00, 0x30, 0x9f, 0xb6,
  0x13, 0x00, 0x00, 0x00, 0x00, 0x00, 0x00, 0xf9, 0x13, 0x00, 0x00, 0x00,
  0x00, 0x00, 0x00, 0x01, 0x00, 0x55, 0x00, 0x00, 0x00, 0x00, 0x00, 0x00,
  0x00, 0x00, 0x00, 0x00, 0x00, 0x00, 0x00, 0x00, 0x00, 0x00, 0x04, 0x02,
  0x00, 0x00, 0x98, 0x13, 0x00, 0x00, 0x00, 0x00, 0x00, 0x00, 0xa5, 0x13,
  0x00, 0x00, 0x00, 0x00, 0x00, 0x00, 0x01, 0x00, 0x53, 0x14, 0x18, 0x00,
  0x00, 0x00, 0x00, 0x00, 0x00, 0x2c, 0x18, 0x00, 0x00, 0x00, 0x00, 0x00,
  0x00, 0x01, 0x00, 0x53, 0x00, 0x00, 0x00, 0x00, 0x00, 0x00, 0x00, 0x00,
  0x00, 0x00, 0x00, 0x00, 0x00, 0x00, 0x00, 0x00, 0x06, 0x08, 0x98, 0x13,
  0x00, 0x00, 0x00, 0x00, 0x00, 0x00, 0x98, 0x13, 0x00, 0x00, 0x00, 0x00,
  0x00, 0x00, 0x01, 0x00, 0x53, 0x00, 0x00, 0x00, 0x00, 0x00, 0x00, 0x00,
  0x00, 0x00, 0x00, 0x00, 0x00, 0x00, 0x00, 0x00, 0x00, 0x01, 0x02, 0xa1,
  0x13, 0x00, 0x00, 0x00, 0x00, 0x00, 0x00, 0xa5, 0x13, 0x00, 0x00, 0x00,
  0x00, 0x00, 0x00, 0x01, 0x00, 0x53, 0x00, 0x00, 0x00, 0x00, 0x00, 0x00,
  0x00, 0x00, 0x00, 0x00, 0x00, 0x00, 0x00, 0x00, 0x00, 0x00, 0x00, 0x02,
  0xa5, 0x13, 0x00, 0x00, 0x00, 0x00, 0x00, 0x00, 0xa5, 0x13, 0x00, 0x00,
  0x00, 0x00, 0x00, 0x00, 0x01, 0x00, 0x51, 0x00, 0x00, 0x00, 0x00, 0x00,
  0x00, 0x00, 0x00, 0x00, 0x00, 0x00, 0x00, 0x00, 0x00, 0x00, 0x00, 0x00,
  0x00, 0x14, 0x18, 0x00, 0x00, 0x00, 0x00, 0x00, 0x00, 0x2c, 0x18, 0x00,
  0x00, 0x00, 0x00, 0x00, 0x00, 0x01, 0x00, 0x53, 0x00, 0x00, 0x00, 0x00,
  0x00, 0x00, 0x00, 0x00, 0x00, 0x00, 0x00, 0x00, 0x00, 0x00, 0x00, 0x00,
  0x03, 0x00, 0x14, 0x18, 0x00, 0x00, 0x00, 0x00, 0x00, 0x00, 0x2c, 0x18,
  0x00, 0x00, 0x00, 0x00, 0x00, 0x00, 0x01, 0x00, 0x53, 0x00, 0x00, 0x00,
  0x00, 0x00, 0x00, 0x00, 0x00, 0x00, 0x00, 0x00, 0x00, 0x00, 0x00, 0x00,
  0x00, 0x05, 0x08, 0x14, 0x18, 0x00, 0x00, 0x00, 0x00, 0x00, 0x00, 0x14,
  0x18, 0x00, 0x00, 0x00, 0x00, 0x00, 0x00, 0x01, 0x00, 0x53, 0x00, 0x00,
  0x00, 0x00, 0x00, 0x00, 0x00, 0x00, 0x00, 0x00, 0x00, 0x00, 0x00, 0x00,
  0x00, 0x00, 0x04, 0x00, 0xa5, 0x13, 0x00, 0x00, 0x00, 0x00, 0x00, 0x00,
  0xa9, 0x13, 0x00, 0x00, 0x00, 0x00, 0x00, 0x00, 0x01, 0x00, 0x53, 0x00,
  0x00, 0x00, 0x00, 0x00, 0x00, 0x00, 0x00, 0x00, 0x00, 0x00, 0x00, 0x00,
  0x00, 0x00, 0x00, 0x01, 0x02, 0x00, 0x00, 0x00, 0x00, 0x0f, 0x14, 0x00,
  0x00, 0x00, 0x00, 0x00, 0x00, 0x1f, 0x14, 0x00, 0x00, 0x00, 0x00, 0x00,
  0x00, 0x01, 0x00, 0x53, 0x75, 0x18, 0x00, 0x00, 0x00, 0x00, 0x00, 0x00,
  0x80, 0x18, 0x00, 0x00, 0x00, 0x00, 0x00, 0x00, 0x01, 0x00, 0x53, 0x80,
  0x18, 0x00, 0x00, 0x00, 0x00, 0x00, 0x00, 0x8e, 0x18, 0x00, 0x00, 0x00,
  0x00, 0x00, 0x00, 0x04, 0x00, 0x73, 0xb8, 0x7f, 0x9f, 0x00, 0x00, 0x00,
  0x00, 0x00, 0x00, 0x00, 0x00, 0x00, 0x00, 0x00, 0x00, 0x00, 0x00, 0x00,
  0x00, 0x03, 0x05, 0x0f, 0x14, 0x00, 0x00, 0x00, 0x00, 0x00, 0x00, 0x0f,
  0x14, 0x00, 0x00, 0x00, 0x00, 0x00, 0x00, 0x01, 0x00, 0x53, 0x00, 0x00,
  0x00, 0x00, 0x00, 0x00, 0x00, 0x00, 0x00, 0x00, 0x00, 0x00, 0x00, 0x00,
  0x00, 0x00, 0x01, 0x02, 0x1b, 0x14, 0x00, 0x00, 0x00, 0x00, 0x00, 0x00,
  0x1f, 0x14, 0x00, 0x00, 0x00, 0x00, 0x00, 0x00, 0x01, 0x00, 0x53, 0x00,
  0x00, 0x00, 0x00, 0x00, 0x00, 0x00, 0x00, 0x00, 0x00, 0x00, 0x00, 0x00,
  0x00, 0x00, 0x00, 0x00, 0x02, 0x1f, 0x14, 0x00, 0x00, 0x00, 0x00, 0x00,
  0x00, 0x1f, 0x14, 0x00, 0x00, 0x00, 0x00, 0x00, 0x00, 0x01, 0x00, 0x56,
  0x00, 0x00, 0x00, 0x00, 0x00, 0x00, 0x00, 0x00, 0x00, 0x00, 0x00, 0x00,
  0x00, 0x00, 0x00, 0x00, 0x00, 0x00, 0x00, 0x00, 0x75, 0x18, 0x00, 0x00,
  0x00, 0x00, 0x00, 0x00, 0x80, 0x18, 0x00, 0x00, 0x00, 0x00, 0x00, 0x00,
  0x01, 0x00, 0x53, 0x80, 0x18, 0x00, 0x00, 0x00, 0x00, 0x00, 0x00, 0x8e,
  0x18, 0x00, 0x00, 0x00, 0x00, 0x00, 0x00, 0x04, 0x00, 0x73, 0xb8, 0x7f,
  0x9f, 0x00, 0x00, 0x00, 0x00, 0x00, 0x00, 0x00, 0x00, 0x00, 0x00, 0x00,
  0x00, 0x00, 0x00, 0x00, 0x00, 0x03, 0x00, 0x00, 0x00, 0x75, 0x18, 0x00,
  0x00, 0x00, 0x00, 0x00, 0x00, 0x80, 0x18, 0x00, 0x00, 0x00, 0x00, 0x00,
  0x00, 0x01, 0x00, 0x53, 0x80, 0x18, 0x00, 0x00, 0x00, 0x00, 0x00, 0x00,
  0x8e, 0x18, 0x00, 0x00, 0x00, 0x00, 0x00, 0x00, 0x04, 0x00, 0x73, 0xb8,
  0x7f, 0x9f, 0x00, 0x00, 0x00, 0x00, 0x00, 0x00, 0x00, 0x00, 0x00, 0x00,
  0x00, 0x00, 0x00, 0x00, 0x00, 0x00, 0x05, 0x08, 0x75, 0x18, 0x00, 0x00,
  0x00, 0x00, 0x00, 0x00, 0x75, 0x18, 0x00, 0x00, 0x00, 0x00, 0x00, 0x00,
  0x01, 0x00, 0x53, 0x00, 0x00, 0x00, 0x00, 0x00, 0x00, 0x00, 0x00, 0x00,
  0x00, 0x00, 0x00, 0x00, 0x00, 0x00, 0x00, 0x04, 0x02, 0x00, 0x00, 0x1f,
  0x14, 0x00, 0x00, 0x00, 0x00, 0x00, 0x00, 0x32, 0x14, 0x00, 0x00, 0x00,
  0x00, 0x00, 0x00, 0x01, 0x00, 0x5c, 0xbe, 0x18, 0x00, 0x00, 0x00, 0x00,
  0x00, 0x00, 0xd5, 0x18, 0x00, 0x00, 0x00, 0x00, 0x00, 0x00, 0x01, 0x00,
  0x5c, 0x00, 0x00, 0x00, 0x00, 0x00, 0x00, 0x00, 0x00, 0x00, 0x00, 0x00,
  0x00, 0x00, 0x00, 0x00, 0x00, 0x06, 0x08, 0x1f, 0x14, 0x00, 0x00, 0x00,
  0x00, 0x00, 0x00, 0x1f, 0x14, 0x00, 0x00, 0x00, 0x00, 0x00, 0x00, 0x01,
  0x00, 0x5c, 0x00, 0x00, 0x00, 0x00, 0x00, 0x00, 0x00, 0x00, 0x00, 0x00,
  0x00, 0x00, 0x00, 0x00, 0x00, 0x00, 0x01, 0x02, 0x2d, 0x14, 0x00, 0x00,
  0x00, 0x00, 0x00, 0x00, 0x32, 0x14, 0x00, 0x00, 0x00, 0x00, 0x00, 0x00,
  0x01, 0x00, 0x5c, 0x00, 0x00, 0x00, 0x00, 0x00, 0x00, 0x00, 0x00, 0x00,
  0x00, 0x00, 0x00, 0x00, 0x00, 0x00, 0x00, 0x00, 0x02, 0x32, 0x14, 0x00,
  0x00, 0x00, 0x00, 0x00, 0x00, 0x32, 0x14, 0x00, 0x00, 0x00, 0x00, 0x00,
  0x00, 0x01, 0x00, 0x55, 0x00, 0x00, 0x00, 0x00, 0x00, 0x00, 0x00, 0x00,
  0x00, 0x00, 0x00, 0x00, 0x00, 0x00, 0x00, 0x00, 0x00, 0x00, 0xbe, 0x18,
  0x00, 0x00, 0x00, 0x00, 0x00, 0x00, 0xd5, 0x18, 0x00, 0x00, 0x00, 0x00,
  0x00, 0x00, 0x01, 0x00, 0x5c, 0x00, 0x00, 0x00, 0x00, 0x00, 0x00, 0x00,
  0x00, 0x00, 0x00, 0x00, 0x00, 0x00, 0x00, 0x00, 0x00, 0x03, 0x00, 0xbe,
  0x18, 0x00, 0x00, 0x00, 0x00, 0x00, 0x00, 0xd5, 0x18, 0x00, 0x00, 0x00,
  0x00, 0x00, 0x00, 0x01, 0x00, 0x5c, 0x00, 0x00, 0x00, 0x00, 0x00, 0x00,
  0x00, 0x00, 0x00, 0x00, 0x00, 0x00, 0x00, 0x00, 0x00, 0x00, 0x05, 0x08,
  0xbe, 0x18, 0x00, 0x00, 0x00, 0x00, 0x00, 0x00, 0xbe, 0x18, 0x00, 0x00,
  0x00, 0x00, 0x00, 0x00, 0x01, 0x00, 0x5c, 0x00, 0x00, 0x00, 0x00, 0x00,
  0x00, 0x00, 0x00, 0x00, 0x00, 0x00, 0x00, 0x00, 0x00, 0x00, 0x00, 0x02,
  0x00, 0x00, 0x00, 0x00, 0x00, 0x01, 0x00, 0x00, 0x00, 0x01, 0x00, 0x00,
  0x00, 0x01, 0x00, 0x00, 0x00, 0x01, 0x00, 0x00, 0x00, 0x01, 0x00, 0x32,
  0x14, 0x00, 0x00, 0x00, 0x00, 0x00, 0x00, 0x3c, 0x14, 0x00, 0x00, 0x00,
  0x00, 0x00, 0x00, 0x02, 0x00, 0x30, 0x9f, 0x3c, 0x14, 0x00, 0x00, 0x00,
  0x00, 0x00, 0x00, 0x79, 0x14, 0x00, 0x00, 0x00, 0x00, 0x00, 0x00, 0x01,
  0x00, 0x51, 0x9b, 0x14, 0x00, 0x00, 0x00, 0x00, 0x00, 0x00, 0xae, 0x14,
  0x00, 0x00, 0x00, 0x00, 0x00, 0x00, 0x01, 0x00, 0x51, 0xc2, 0x14, 0x00,
  0x00, 0x00, 0x00, 0x00, 0x00, 0xcd, 0x14, 0x00, 0x00, 0x00, 0x00, 0x00,
  0x00, 0x02, 0x00, 0x30, 0x9f, 0xcd, 0x14, 0x00, 0x00, 0x00, 0x00, 0x00,
  0x00, 0xde, 0x14, 0x00, 0x00, 0x00, 0x00, 0x00, 0x00, 0x01, 0x00, 0x51,
  0xf2, 0x14, 0x00, 0x00, 0x00, 0x00, 0x00, 0x00, 0x00, 0x15, 0x00, 0x00,
  0x00, 0x00, 0x00, 0x00, 0x02, 0x00, 0x30, 0x9f, 0x00, 0x15, 0x00, 0x00,
  0x00, 0x00, 0x00, 0x00, 0x0e, 0x15, 0x00, 0x00, 0x00, 0x00, 0x00, 0x00,
  0x01, 0x00, 0x51, 0x22, 0x15, 0x00, 0x00, 0x00, 0x00, 0x00, 0x00, 0x37,
  0x15, 0x00, 0x00, 0x00, 0x00, 0x00, 0x00, 0x02, 0x00, 0x30, 0x9f, 0x37,
  0x15, 0x00, 0x00, 0x00, 0x00, 0x00, 0x00, 0x4e, 0x15, 0x00, 0x00, 0x00,
  0x00, 0x00, 0x00, 0x01, 0x00, 0x51, 0x62, 0x15, 0x00, 0x00, 0x00, 0x00,
  0x00, 0x00, 0x77, 0x15, 0x00, 0x00, 0x00, 0x00, 0x00, 0x00, 0x02, 0x00,
  0x30, 0x9f, 0x77, 0x15, 0x00, 0x00, 0x00, 0x00, 0x00, 0x00, 0x8e, 0x15,
  0x00, 0x00, 0x00, 0x00, 0x00, 0x00, 0x01, 0x00, 0x51, 0xa2, 0x15, 0x00,
  0x00, 0x00, 0x00, 0x00, 0x00, 0xb7, 0x15, 0x00, 0x00, 0x00, 0x00, 0x00,
  0x00, 0x02, 0x00, 0x30, 0x9f, 0x00, 0x00, 0x00, 0x00, 0x00, 0x00, 0x00,
  0x00, 0x00, 0x00, 0x00, 0x00, 0x00, 0x00, 0x00, 0x00, 0x50, 0x11, 0x00,
  0x00, 0x00, 0x00, 0x00, 0x00, 0x50, 0x11, 0x00, 0x00, 0x00, 0x00, 0x00,
  0x00, 0x5e, 0x11, 0x00, 0x00, 0x00, 0x00, 0x00, 0x00, 0x62, 0x11, 0x00,
  0x00, 0x00, 0x00, 0x00, 0x00, 0x00, 0x00, 0x00, 0x00, 0x00, 0x00, 0x00,
  0x00, 0x00, 0x00, 0x00, 0x00, 0x00, 0x00, 0x00, 0x00, 0x6b, 0x11, 0x00,
  0x00, 0x00, 0x00, 0x00, 0x00, 0x72, 0x11, 0x00, 0x00, 0x00, 0x00, 0x00,
  0x00, 0x72, 0x11, 0x00, 0x00, 0x00, 0x00, 0x00, 0x00, 0x76, 0x11, 0x00,
  0x00, 0x00, 0x00, 0x00, 0x00, 0xb0, 0x11, 0x00, 0x00, 0x00, 0x00, 0x00,
  0x00, 0xb8, 0x11, 0x00, 0x00, 0x00, 0x00, 0x00, 0x00, 0x00, 0x00, 0x00,
  0x00, 0x00, 0x00, 0x00, 0x00, 0x00, 0x00, 0x00, 0x00, 0x00, 0x00, 0x00,
  0x00, 0x6b, 0x11, 0x00, 0x00, 0x00, 0x00, 0x00, 0x00, 0x72, 0x11, 0x00,
  0x00, 0x00, 0x00, 0x00, 0x00, 0x72, 0x11, 0x00, 0x00, 0x00, 0x00, 0x00,
  0x00, 0x72, 0x11, 0x00, 0x00, 0x00, 0x00, 0x00, 0x00, 0x00, 0x00, 0x00,
  0x00, 0x00, 0x00, 0x00, 0x00, 0x00, 0x00, 0x00, 0x00, 0x00, 0x00, 0x00,
  0x00, 0xcc, 0x11, 0x00, 0x00, 0x00, 0x00, 0x00, 0x00, 0x2f, 0x12, 0x00,
  0x00, 0x00, 0x00, 0x00, 0x00, 0x2f, 0x12, 0x00, 0x00, 0x00, 0x00, 0x00,
  0x00, 0xa0, 0x12, 0x00, 0x00, 0x00, 0x00, 0x00, 0x00, 0xc0, 0x15, 0x00,
  0x00, 0x00, 0x00, 0x00, 0x00, 0x08, 0x17, 0x00, 0x00, 0x00, 0x00, 0x00,
  0x00, 0x30, 0x18, 0x00, 0x00, 0x00, 0x00, 0x00, 0x00, 0x30, 0x18, 0x00,
  0x00, 0x00, 0x00, 0x00, 0x00, 0x30, 0x18, 0x00, 0x00, 0x00, 0x00, 0x00,
  0x00, 0x48, 0x18, 0x00, 0x00, 0x00, 0x00, 0x00, 0x00, 0x90, 0x18, 0x00,
  0x00, 0x00, 0x00, 0x00, 0x00, 0x90, 0x18, 0x00, 0x00, 0x00, 0x00, 0x00,
  0x00, 0x90, 0x18, 0x00, 0x00, 0x00, 0x00, 0x00, 0x00, 0xa8, 0x18, 0x00,
  0x00, 0x00, 0x00, 0x00, 0x00, 0xa8, 0x18, 0x00, 0x00, 0x00, 0x00, 0x00,
  0x00, 0xc0, 0x18, 0x00, 0x00, 0x00, 0x00, 0x00, 0x00, 0xd5, 0x18, 0x00,
  0x00, 0x00, 0x00, 0x00, 0x00, 0xdc, 0x18, 0x00, 0x00, 0x00, 0x00, 0x00,
  0x00, 0x00, 0x00, 0x00, 0x00, 0x00, 0x00, 0x00, 0x00, 0x00, 0x00, 0x00,
  0x00, 0x00, 0x00, 0x00, 0x00, 0xcc, 0x11, 0x00, 0x00, 0x00, 0x00, 0x00,
  0x00, 0xd9, 0x11, 0x00, 0x00, 0x00, 0x00, 0x00, 0x00, 0x30, 0x18, 0x00,
  0x00, 0x00, 0x00, 0x00, 0x00, 0x30, 0x18, 0x00, 0x00, 0x00, 0x00, 0x00,
  0x00, 0x30, 0x18, 0x00, 0x00, 0x00, 0x00, 0x00, 0x00, 0x48, 0x18, 0x00,
  0x00, 0x00, 0x00, 0x00, 0x00, 0x00, 0x00, 0x00, 0x00, 0x00, 0x00, 0x00,
  0x00, 0x00, 0x00, 0x00, 0x00, 0x00, 0x00, 0x00, 0x00, 0x30, 0x18, 0x00,
  0x00, 0x00, 0x00, 0x00, 0x00, 0x30, 0x18, 0x00, 0x00, 0x00, 0x00, 0x00,
  0x00, 0x30, 0x18, 0x00, 0x00, 0x00, 0x00, 0x00, 0x00, 0x48, 0x18, 0x00,
  0x00, 0x00, 0x00, 0x00, 0x00, 0x00, 0x00, 0x00, 0x00, 0x00, 0x00, 0x00,
  0x00, 0x00, 0x00, 0x00, 0x00, 0x00, 0x00, 0x00, 0x00, 0x48, 0x12, 0x00,
  0x00, 0x00, 0x00, 0x00, 0x00, 0x58, 0x12, 0x00, 0x00, 0x00, 0x00, 0x00,
  0x00, 0xa8, 0x18, 0x00, 0x00, 0x00, 0x00, 0x00, 0x00, 0xa8, 0x18, 0x00,
  0x00, 0x00, 0x00, 0x00, 0x00, 0xa8, 0x18, 0x00, 0x00, 0x00, 0x00, 0x00,
  0x00, 0xc0, 0x18, 0x00, 0x00, 0x00, 0x00, 0x00, 0x00, 0x00, 0x00, 0x00,
  0x00, 0x00, 0x00, 0x00, 0x00, 0x00, 0x00, 0x00, 0x00, 0x00, 0x00, 0x00,
  0x00, 0xa8, 0x18, 0x00, 0x00, 0x00, 0x00, 0x00, 0x00, 0xa8, 0x18, 0x00,
  0x00, 0x00, 0x00, 0x00, 0x00, 0xa8, 0x18, 0x00, 0x00, 0x00, 0x00, 0x00,
  0x00, 0xc0, 0x18, 0x00, 0x00, 0x00, 0x00, 0x00, 0x00, 0x00, 0x00, 0x00,
  0x00, 0x00, 0x00, 0x00, 0x00, 0x00, 0x00, 0x00, 0x00, 0x00, 0x00, 0x00,
  0x00, 0x58, 0x12, 0x00, 0x00, 0x00, 0x00, 0x00, 0x00, 0x6b, 0x12, 0x00,
  0x00, 0x00, 0x00, 0x00, 0x00, 0x90, 0x18, 0x00, 0x00, 0x00, 0x00, 0x00,
  0x00, 0x90, 0x18, 0x00, 0x00, 0x00, 0x00, 0x00, 0x00, 0x90, 0x18, 0x00,
  0x00, 0x00, 0x00, 0x00, 0x00, 0xa8, 0x18, 0x00, 0x00, 0x00, 0x00, 0x00,
  0x00, 0x00, 0x00, 0x00, 0x00, 0x00, 0x00, 0x00, 0x00, 0x00, 0x00, 0x00,
  0x00, 0x00, 0x00, 0x00, 0x00, 0x90, 0x18, 0x00, 0x00, 0x00, 0x00, 0x00,
  0x00, 0x90, 0x18, 0x00, 0x00, 0x00, 0x00, 0x00, 0x00, 0x90, 0x18, 0x00,
  0x00, 0x00, 0x00, 0x00, 0x00, 0xa8, 0x18, 0x00, 0x00, 0x00, 0x00, 0x00,
  0x00, 0x00, 0x00, 0x00, 0x00, 0x00, 0x00, 0x00, 0x00, 0x00, 0x00, 0x00,
  0x00, 0x00, 0x00, 0x00, 0x00, 0x6b, 0x12, 0x00, 0x00, 0x00, 0x00, 0x00,
  0x00, 0xa0, 0x12, 0x00, 0x00, 0x00, 0x00, 0x00, 0x00, 0xc0, 0x15, 0x00,
  0x00, 0x00, 0x00, 0x00, 0x00, 0xf5, 0x15, 0x00, 0x00, 0x00, 0x00, 0x00,
  0x00, 0x00, 0x16, 0x00, 0x00, 0x00, 0x00, 0x00, 0x00, 0x08, 0x17, 0x00,
  0x00, 0x00, 0x00, 0x00, 0x00, 0xd5, 0x18, 0x00, 0x00, 0x00, 0x00, 0x00,
  0x00, 0xdc, 0x18, 0x00, 0x00, 0x00, 0x00, 0x00, 0x00, 0x00, 0x00, 0x00,
  0x00, 0x00, 0x00, 0x00, 0x00, 0x00, 0x00, 0x00, 0x00, 0x00, 0x00, 0x00,
  0x00, 0xa0, 0x12, 0x00, 0x00, 0x00, 0x00, 0x00, 0x00, 0x19, 0x13, 0x00,
  0x00, 0x00, 0x00, 0x00, 0x00, 0x19, 0x13, 0x00, 0x00, 0x00, 0x00, 0x00,
  0x00, 0x98, 0x13, 0x00, 0x00, 0x00, 0x00, 0x00, 0x00, 0x08, 0x17, 0x00,
  0x00, 0x00, 0x00, 0x00, 0x00, 0x00, 0x18, 0x00, 0x00, 0x00, 0x00, 0x00,
  0x00, 0x00, 0x18, 0x00, 0x00, 0x00, 0x00, 0x00, 0x00, 0x18, 0x18, 0x00,
  0x00, 0x00, 0x00, 0x00, 0x00, 0x48, 0x18, 0x00, 0x00, 0x00, 0x00, 0x00,
  0x00, 0x48, 0x18, 0x00, 0x00, 0x00, 0x00, 0x00, 0x00, 0x48, 0x18, 0x00,
  0x00, 0x00, 0x00, 0x00, 0x00, 0x60, 0x18, 0x00, 0x00, 0x00, 0x00, 0x00,
  0x00, 0x60, 0x18, 0x00, 0x00, 0x00, 0x00, 0x00, 0x00, 0x78, 0x18, 0x00,
  0x00, 0x00, 0x00, 0x00, 0x00, 0x00, 0x00, 0x00, 0x00, 0x00, 0x00, 0x00,
  0x00, 0x00, 0x00, 0x00, 0x00, 0x00, 0x00, 0x00, 0x00, 0xa0, 0x12, 0x00,
  0x00, 0x00, 0x00, 0x00, 0x00, 0xad, 0x12, 0x00, 0x00, 0x00, 0x00, 0x00,
  0x00, 0x00, 0x18, 0x00, 0x00, 0x00, 0x00, 0x00, 0x00, 0x00, 0x18, 0x00,
  0x00, 0x00, 0x00, 0x00, 0x00, 0x00, 0x18, 0x00, 0x00, 0x00, 0x00, 0x00,
  0x00, 0x18, 0x18, 0x00, 0x00, 0x00, 0x00, 0x00, 0x00, 0x00, 0x00, 0x00,
  0x00, 0x00, 0x00, 0x00, 0x00, 0x00, 0x00, 0x00, 0x00, 0x00, 0x00, 0x00,
  0x00, 0x00, 0x18, 0x00, 0x00, 0x00, 0x00, 0x00, 0x00, 0x00, 0x18, 0x00,
  0x00, 0x00, 0x00, 0x00, 0x00, 0x00, 0x18, 0x00, 0x00, 0x00, 0x00, 0x00,
  0x00, 0x18, 0x18, 0x00, 0x00, 0x00, 0x00, 0x00, 0x00, 0x00, 0x00, 0x00,
  0x00, 0x00, 0x00, 0x00, 0x00, 0x00, 0x00, 0x00, 0x00, 0x00, 0x00, 0x00,
  0x00, 0x2d, 0x13, 0x00, 0x00, 0x00, 0x00, 0x00, 0x00, 0x3d, 0x13, 0x00,
  0x00, 0x00, 0x00, 0x00, 0x00, 0x48, 0x18, 0x00, 0x00, 0x00, 0x00, 0x00,
  0x00, 0x48, 0x18, 0x00, 0x00, 0x00, 0x00, 0x00, 0x00, 0x48, 0x18, 0x00,
  0x00, 0x00, 0x00, 0x00, 0x00, 0x60, 0x18, 0x00, 0x00, 0x00, 0x00, 0x00,
  0x00, 0x00, 0x00, 0x00, 0x00, 0x00, 0x00, 0x00, 0x00, 0x00, 0x00, 0x00,
  0x00, 0x00, 0x00, 0x00, 0x00, 0x48, 0x18, 0x00, 0x00, 0x00, 0x00, 0x00,
  0x00, 0x48, 0x18, 0x00, 0x00, 0x00, 0x00, 0x00, 0x00, 0x48, 0x18, 0x00,
  0x00, 0x00, 0x00, 0x00, 0x00, 0x60, 0x18, 0x00, 0x00, 0x00, 0x00, 0x00,
  0x00, 0x00, 0x00, 0x00, 0x00, 0x00, 0x00, 0x00, 0x00, 0x00, 0x00, 0x00,
  0x00, 0x00, 0x00, 0x00, 0x00, 0x3d, 0x13, 0x00, 0x00, 0x00, 0x00, 0x00,
  0x00, 0x50, 0x13, 0x00, 0x00, 0x00, 0x00, 0x00, 0x00, 0x60, 0x18, 0x00,
  0x00, 0x00, 0x00, 0x00, 0x00, 0x60, 0x18, 0x00, 0x00, 0x00, 0x00, 0x00,
  0x00, 0x60, 0x18, 0x00, 0x00, 0x00, 0x00, 0x00, 0x00, 0x78, 0x18, 0x00,
  0x00, 0x00, 0x00, 0x00, 0x00, 0x00, 0x00, 0x00, 0x00, 0x00, 0x00, 0x00,
  0x00, 0x00, 0x00, 0x00, 0x00, 0x00, 0x00, 0x00, 0x00, 0x60, 0x18, 0x00,
  0x00, 0x00, 0x00, 0x00, 0x00, 0x60, 0x18, 0x00, 0x00, 0x00, 0x00, 0x00,
  0x00, 0x60, 0x18, 0x00, 0x00, 0x00, 0x00, 0x00, 0x00, 0x78, 0x18, 0x00,
  0x00, 0x00, 0x00, 0x00, 0x00, 0x00, 0x00, 0x00, 0x00, 0x00, 0x00, 0x00,
  0x00, 0x00, 0x00, 0x00, 0x00, 0x00, 0x00, 0x00, 0x00, 0x50, 0x13, 0x00,
  0x00, 0x00, 0x00, 0x00, 0x00, 0x88, 0x13, 0x00, 0x00, 0x00, 0x00, 0x00,
  0x00, 0x08, 0x17, 0x00, 0x00, 0x00, 0x00, 0x00, 0x00, 0x2b, 0x17, 0x00,
  0x00, 0x00, 0x00, 0x00, 0x00, 0x30, 0x17, 0x00, 0x00, 0x00, 0x00, 0x00,
  0x00, 0x00, 0x18, 0x00, 0x00, 0x00, 0x00, 0x00, 0x00, 0x00, 0x00, 0x00,
  0x00, 0x00, 0x00, 0x00, 0x00, 0x00, 0x00, 0x00, 0x00, 0x00, 0x00, 0x00,
  0x00, 0x98, 0x13, 0x00, 0x00, 0x00, 0x00, 0x00, 0x00, 0xf6, 0x13, 0x00,
  0x00, 0x00, 0x00, 0x00, 0x00, 0xf6, 0x13, 0x00, 0x00, 0x00, 0x00, 0x00,
  0x00, 0xc0, 0x15, 0x00, 0x00, 0x00, 0x00, 0x00, 0x00, 0x18, 0x18, 0x00,
  0x00, 0x00, 0x00, 0x00, 0x00, 0x18, 0x18, 0x00, 0x00, 0x00, 0x00, 0x00,
  0x00, 0x18, 0x18, 0x00, 0x00, 0x00, 0x00, 0x00, 0x00, 0x30, 0x18, 0x00,
  0x00, 0x00, 0x00, 0x00, 0x00, 0x78, 0x18, 0x00, 0x00, 0x00, 0x00, 0x00,
  0x00, 0x78, 0x18, 0x00, 0x00, 0x00, 0x00, 0x00, 0x00, 0x78, 0x18, 0x00,
  0x00, 0x00, 0x00, 0x00, 0x00, 0x90, 0x18, 0x00, 0x00, 0x00, 0x00, 0x00,
  0x00, 0xc0, 0x18, 0x00, 0x00, 0x00, 0x00, 0x00, 0x00, 0xc0, 0x18, 0x00,
  0x00, 0x00, 0x00, 0x00, 0x00, 0xc0, 0x18, 0x00, 0x00, 0x00, 0x00, 0x00,
  0x00, 0xd5, 0x18, 0x00, 0x00, 0x00, 0x00, 0x00, 0x00, 0x00, 0x00, 0x00,
  0x00, 0x00, 0x00, 0x00, 0x00, 0x00, 0x00, 0x00, 0x00, 0x00, 0x00, 0x00,
  0x00, 0x98, 0x13, 0x00, 0x00, 0x00, 0x00, 0x00, 0x00, 0xa5, 0x13, 0x00,
  0x00, 0x00, 0x00, 0x00, 0x00, 0x18, 0x18, 0x00, 0x00, 0x00, 0x00, 0x00,
  0x00, 0x18, 0x18, 0x00, 0x00, 0x00, 0x00, 0x00, 0x00, 0x18, 0x18, 0x00,
  0x00, 0x00, 0x00, 0x00, 0x00, 0x30, 0x18, 0x00, 0x00, 0x00, 0x00, 0x00,
  0x00, 0x00, 0x00, 0x00, 0x00, 0x00, 0x00, 0x00, 0x00, 0x00, 0x00, 0x00,
  0x00, 0x00, 0x00, 0x00, 0x00, 0x18, 0x18, 0x00, 0x00, 0x00, 0x00, 0x00,
  0x00, 0x18, 0x18, 0x00, 0x00, 0x00, 0x00, 0x00, 0x00, 0x18, 0x18, 0x00,
  0x00, 0x00, 0x00, 0x00, 0x00, 0x30, 0x18, 0x00, 0x00, 0x00, 0x00, 0x00,
  0x00, 0x00, 0x00, 0x00, 0x00, 0x00, 0x00, 0x00, 0x00, 0x00, 0x00, 0x00,
  0x00, 0x00, 0x00, 0x00, 0x00, 0x0f, 0x14, 0x00, 0x00, 0x00, 0x00, 0x00,
  0x00, 0x1f, 0x14, 0x00, 0x00, 0x00, 0x00, 0x00, 0x00, 0x78, 0x18, 0x00,
  0x00, 0x00, 0x00, 0x00, 0x00, 0x78, 0x18, 0x00, 0x00, 0x00, 0x00, 0x00,
  0x00, 0x78, 0x18, 0x00, 0x00, 0x00, 0x00, 0x00, 0x00, 0x90, 0x18, 0x00,
  0x00, 0x00, 0x00, 0x00, 0x00, 0x00, 0x00, 0x00, 0x00, 0x00, 0x00, 0x00,
  0x00, 0x00, 0x00, 0x00, 0x00, 0x00, 0x00, 0x00, 0x00, 0x78, 0x18, 0x00,
  0x00, 0x00, 0x00, 0x00, 0x00, 0x78, 0x18, 0x00, 0x00, 0x00, 0x00, 0x00,
  0x00, 0x78, 0x18, 0x00, 0x00, 0x00, 0x00, 0x00, 0x00, 0x90, 0x18, 0x00,
  0x00, 0x00, 0x00, 0x00, 0x00, 0x00, 0x00, 0x00, 0x00, 0x00, 0x00, 0x00,
  0x00, 0x00, 0x00, 0x00, 0x00, 0x00, 0x00, 0x00, 0x00, 0x1f, 0x14, 0x00,
  0x00, 0x00, 0x00, 0x00, 0x00, 0x32, 0x14, 0x00, 0x00, 0x00, 0x00, 0x00,
  0x00, 0xc0, 0x18, 0x00, 0x00, 0x00, 0x00, 0x00, 0x00, 0xc0, 0x18, 0x00,
  0x00, 0x00, 0x00, 0x00, 0x00, 0xc0, 0x18, 0x00, 0x00, 0x00, 0x00, 0x00,
  0x00, 0xd5, 0x18, 0x00, 0x00, 0x00, 0x00, 0x00, 0x00, 0x00, 0x00, 0x00,
  0x00, 0x00, 0x00, 0x00, 0x00, 0x00, 0x00, 0x00, 0x00, 0x00, 0x00, 0x00,
  0x00, 0xc0, 0x18, 0x00, 0x00, 0x00, 0x00, 0x00, 0x00, 0xc0, 0x18, 0x00,
  0x00, 0x00, 0x00, 0x00, 0x00, 0xc0, 0x18, 0x00, 0x00, 0x00, 0x00, 0x00,
  0x00, 0xd5, 0x18, 0x00, 0x00, 0x00, 0x00, 0x00, 0x00, 0x00, 0x00, 0x00,
  0x00, 0x00, 0x00, 0x00, 0x00, 0x00, 0x00, 0x00, 0x00, 0x00, 0x00, 0x00,
  0x00, 0x32, 0x14, 0x00, 0x00, 0x00, 0x00, 0x00, 0x00, 0x96, 0x14, 0x00,
  0x00, 0x00, 0x00, 0x00, 0x00, 0xa0, 0x14, 0x00, 0x00, 0x00, 0x00, 0x00,
  0x00, 0xc0, 0x15, 0x00, 0x00, 0x00, 0x00, 0x00, 0x00, 0x00, 0x00, 0x00,
  0x00, 0x00, 0x00, 0x00, 0x00, 0x00, 0x00, 0x00, 0x00, 0x00, 0x00, 0x00,
  0x00, 0x50, 0x11, 0x00, 0x00, 0x00, 0x00, 0x00, 0x00, 0xf1, 0x18, 0x00,
  0x00, 0x00, 0x00, 0x00, 0x00, 0x00, 0x00, 0x00, 0x00, 0x00, 0x00, 0x00,
  0x00, 0x00, 0x00, 0x00, 0x00, 0x00, 0x00, 0x00, 0x00, 0x00, 0x00, 0x00,
  0x00, 0x00, 0x00, 0x00, 0x00, 0x00, 0x00, 0x00, 0x00, 0x00, 0x00, 0x00,
  0x00, 0x00, 0x00, 0x00, 0x00, 0x00, 0x00, 0x00, 0x00, 0x00, 0x00, 0x00,
  0x00, 0x00, 0x00, 0x00, 0x00, 0x00, 0x00, 0x00, 0x03, 0x00, 0x01, 0x00,
  0x38, 0x02, 0x00, 0x00, 0x00, 0x00, 0x00, 0x00, 0x00, 0x00, 0x00, 0x00,
  0x00, 0x00, 0x00, 0x00, 0x00, 0x00, 0x00, 0x00, 0x03, 0x00, 0x02, 0x00,
  0x60, 0x02, 0x00, 0x00, 0x00, 0x00, 0x00, 0x00, 0x00, 0x00, 0x00, 0x00,
  0x00, 0x00, 0x00, 0x00, 0x00, 0x00, 0x00, 0x00, 0x03, 0x00, 0x03, 0x00,
  0x90, 0x02, 0x00, 0x00, 0x00, 0x00, 0x00, 0x00, 0x00, 0x00, 0x00, 0x00,
  0x00, 0x00, 0x00, 0x00, 0x00, 0x00, 0x00, 0x00, 0x03, 0x00, 0x04, 0x00,
  0xb0, 0x03, 0x00, 0x00, 0x00, 0x00, 0x00, 0x00, 0x00, 0x00, 0x00, 0x00,
  0x00, 0x00, 0x00, 0x00, 0x00, 0x00, 0x00, 0x00, 0x03, 0x00, 0x05, 0x00,
  0x8a, 0x04, 0x00, 0x00, 0x00, 0x00, 0x00, 0x00, 0x00, 0x00, 0x00, 0x00,
  0x00, 0x00, 0x00, 0x00, 0x00, 0x00, 0x00, 0x00, 0x03, 0x00, 0x06, 0x00,
  0xa8, 0x04, 0x00, 0x00, 0x00, 0x00, 0x00, 0x00, 0x00, 0x00, 0x00, 0x00,
  0x00, 0x00, 0x00, 0x00, 0x00, 0x00, 0x00, 0x00, 0x03, 0x00, 0x07, 0x00,
  0xd8, 0x04, 0x00, 0x00, 0x00, 0x00, 0x00, 0x00, 0x00, 0x00, 0x00, 0x00,
  0x00, 0x00, 0x00, 0x00, 0x00, 0x00, 0x00, 0x00, 0x03, 0x00, 0x08, 0x00,
  0xe0, 0x05, 0x00, 0x00, 0x00, 0x00, 0x00, 0x00, 0x00, 0x00, 0x00, 0x00,
  0x00, 0x00, 0x00, 0x00, 0x00, 0x00, 0x00, 0x00, 0x03, 0x00, 0x09, 0x00,
  0x00, 0x10, 0x00, 0x00, 0x00, 0x00, 0x00, 0x00, 0x00, 0x00, 0x00, 0x00,
  0x00, 0x00, 0x00, 0x00, 0x00, 0x00, 0x00, 0x00, 0x03, 0x00, 0x0a, 0x00,
  0x20, 0x10, 0x00, 0x00, 0x00, 0x00, 0x00, 0x00, 0x00, 0x00, 0x00, 0x00,
  0x00, 0x00, 0x00, 0x00, 0x00, 0x00, 0x00, 0x00, 0x03, 0x00, 0x0b, 0x00,
  0x90, 0x10, 0x00, 0x00, 0x00, 0x00, 0x00, 0x00, 0x00, 0x00, 0x00, 0x00,
  0x00, 0x00, 0x00, 0x00, 0x00, 0x00, 0x00, 0x00, 0x03, 0x00, 0x0c, 0x00,
  0xf4, 0x18, 0x00, 0x00, 0x00, 0x00, 0x00, 0x00, 0x00, 0x00, 0x00, 0x00,
  0x00, 0x00, 0x00, 0x00, 0x00, 0x00, 0x00, 0x00, 0x03, 0x00, 0x0d, 0x00,
  0x00, 0x20, 0x00, 0x00, 0x00, 0x00, 0x00, 0x00, 0x00, 0x00, 0x00, 0x00,
  0x00, 0x00, 0x00, 0x00, 0x00, 0x00, 0x00, 0x00, 0x03, 0x00, 0x0e, 0x00,
  0x00, 0x22, 0x00, 0x00, 0x00, 0x00, 0x00, 0x00, 0x00, 0x00, 0x00, 0x00,
  0x00, 0x00, 0x00, 0x00, 0x00, 0x00, 0x00, 0x00, 0x03, 0x00, 0x0f, 0x00,
  0x28, 0x22, 0x00, 0x00, 0x00, 0x00, 0x00, 0x00, 0x00, 0x00, 0x00, 0x00,
  0x00, 0x00, 0x00, 0x00, 0x00, 0x00, 0x00, 0x00, 0x03, 0x00, 0x10, 0x00,
  0xf8, 0x3d, 0x00, 0x00, 0x00, 0x00, 0x00, 0x00, 0x00, 0x00, 0x00, 0x00,
  0x00, 0x00, 0x00, 0x00, 0x00, 0x00, 0x00, 0x00, 0x03, 0x00, 0x11, 0x00,
  0x00, 0x3e, 0x00, 0x00, 0x00, 0x00, 0x00, 0x00, 0x00, 0x00, 0x00, 0x00,
  0x00, 0x00, 0x00, 0x00, 0x00, 0x00, 0x00, 0x00, 0x03, 0x00, 0x12, 0x00,
  0x08, 0x3e, 0x00, 0x00, 0x00, 0x00, 0x00, 0x00, 0x00, 0x00, 0x00, 0x00,
  0x00, 0x00, 0x00, 0x00, 0x00, 0x00, 0x00, 0x00, 0x03, 0x00, 0x13, 0x00,
  0x10, 0x3e, 0x00, 0x00, 0x00, 0x00, 0x00, 0x00, 0x00, 0x00, 0x00, 0x00,
  0x00, 0x00, 0x00, 0x00, 0x00, 0x00, 0x00, 0x00, 0x03, 0x00, 0x14, 0x00,
  0xe0, 0x3f, 0x00, 0x00, 0x00, 0x00, 0x00, 0x00, 0x00, 0x00, 0x00, 0x00,
  0x00, 0x00, 0x00, 0x00, 0x00, 0x00, 0x00, 0x00, 0x03, 0x00, 0x15, 0x00,
  0x00, 0x40, 0x00, 0x00, 0x00, 0x00, 0x00, 0x00, 0x00, 0x00, 0x00, 0x00,
  0x00, 0x00, 0x00, 0x00, 0x00, 0x00, 0x00, 0x00, 0x03, 0x00, 0x16, 0x00,
  0x60, 0x40, 0x00, 0x00, 0x00, 0x00, 0x00, 0x00, 0x00, 0x00, 0x00, 0x00,
  0x00, 0x00, 0x00, 0x00, 0x00, 0x00, 0x00, 0x00, 0x03, 0x00, 0x17, 0x00,
  0x20, 0x41, 0x00, 0x00, 0x00, 0x00, 0x00, 0x00, 0x00, 0x00, 0x00, 0x00,
  0x00, 0x00, 0x00, 0x00, 0x00, 0x00, 0x00, 0x00, 0x03, 0x00, 0x18, 0x00,
  0x00, 0x00, 0x00, 0x00, 0x00, 0x00, 0x00, 0x00, 0x00, 0x00, 0x00, 0x00,
  0x00, 0x00, 0x00, 0x00, 0x00, 0x00, 0x00, 0x00, 0x03, 0x00, 0x19, 0x00,
  0x00, 0x00, 0x00, 0x00, 0x00, 0x00, 0x00, 0x00, 0x00, 0x00, 0x00, 0x00,
  0x00, 0x00, 0x00, 0x00, 0x00, 0x00, 0x00, 0x00, 0x03, 0x00, 0x1a, 0x00,
  0x00, 0x00, 0x00, 0x00, 0x00, 0x00, 0x00, 0x00, 0x00, 0x00, 0x00, 0x00,
  0x00, 0x00, 0x00, 0x00, 0x00, 0x00, 0x00, 0x00, 0x03, 0x00, 0x1b, 0x00,
  0x00, 0x00, 0x00, 0x00, 0x00, 0x00, 0x00, 0x00, 0x00, 0x00, 0x00, 0x00,
  0x00, 0x00, 0x00, 0x00, 0x00, 0x00, 0x00, 0x00, 0x03, 0x00, 0x1c, 0x00,
  0x00, 0x00, 0x00, 0x00, 0x00, 0x00, 0x00, 0x00, 0x00, 0x00, 0x00, 0x00,
  0x00, 0x00, 0x00, 0x00, 0x00, 0x00, 0x00, 0x00, 0x03, 0x00, 0x1d, 0x00,
  0x00, 0x00, 0x00, 0x00, 0x00, 0x00, 0x00, 0x00, 0x00, 0x00, 0x00, 0x00,
  0x00, 0x00, 0x00, 0x00, 0x00, 0x00, 0x00, 0x00, 0x03, 0x00, 0x1e, 0x00,
  0x00, 0x00, 0x00, 0x00, 0x00, 0x00, 0x00, 0x00, 0x00, 0x00, 0x00, 0x00,
  0x00, 0x00, 0x00, 0x00, 0x00, 0x00, 0x00, 0x00, 0x03, 0x00, 0x1f, 0x00,
  0x00, 0x00, 0x00, 0x00, 0x00, 0x00, 0x00, 0x00, 0x00, 0x00, 0x00, 0x00,
  0x00, 0x00, 0x00, 0x00, 0x01, 0x00, 0x00, 0x00, 0x04, 0x00, 0xf1, 0xff,
  0x00, 0x00, 0x00, 0x00, 0x00, 0x00, 0x00, 0x00, 0x00, 0x00, 0x00, 0x00,
  0x00, 0x00, 0x00, 0x00, 0x0c, 0x00, 0x00, 0x00, 0x02, 0x00, 0x0b, 0x00,
  0x90, 0x10, 0x00, 0x00, 0x00, 0x00, 0x00, 0x00, 0x00, 0x00, 0x00, 0x00,
  0x00, 0x00, 0x00, 0x00, 0x0e, 0x00, 0x00, 0x00, 0x02, 0x00, 0x0b, 0x00,
  0xc0, 0x10, 0x00, 0x00, 0x00, 0x00, 0x00, 0x00, 0x00, 0x00, 0x00, 0x00,
  0x00, 0x00, 0x00, 0x00, 0x21, 0x00, 0x00, 0x00, 0x02, 0x00, 0x0b, 0x00,
  0x00, 0x11, 0x00, 0x00, 0x00, 0x00, 0x00, 0x00, 0x00, 0x00, 0x00, 0x00,
  0x00, 0x00, 0x00, 0x00, 0x37, 0x00, 0x00, 0x00, 0x01, 0x00, 0x17, 0x00,
  0x20, 0x41, 0x00, 0x00, 0x00, 0x00, 0x00, 0x00, 0x01, 0x00, 0x00, 0x00,
  0x00, 0x00, 0x00, 0x00, 0x43, 0x00, 0x00, 0x00, 0x01, 0x00, 0x11, 0x00,
  0x00, 0x3e, 0x00, 0x00, 0x00, 0x00, 0x00, 0x00, 0x00, 0x00, 0x00, 0x00,
  0x00, 0x00, 0x00, 0x00, 0x6a, 0x00, 0x00, 0x00, 0x02, 0x00, 0x0b, 0x00,
  0x40, 0x11, 0x00, 0x00, 0x00, 0x00, 0x00, 0x00, 0x00, 0x00, 0x00, 0x00,
  0x00, 0x00, 0x00, 0x00, 0x76, 0x00, 0x00, 0x00, 0x01, 0x00, 0x10, 0x00,
  0xf8, 0x3d, 0x00, 0x00, 0x00, 0x00, 0x00, 0x00, 0x00, 0x00, 0x00, 0x00,
  0x00, 0x00, 0x00, 0x00, 0x95, 0x00, 0x00, 0x00, 0x04, 0x00, 0xf1, 0xff,
  0x00, 0x00, 0x00, 0x00, 0x00, 0x00, 0x00, 0x00, 0x00, 0x00, 0x00, 0x00,
  0x00, 0x00, 0x00, 0x00, 0xa1, 0x00, 0x00, 0x00, 0x02, 0x00, 0x0b, 0x00,
  0x50, 0x11, 0x00, 0x00, 0x00, 0x00, 0x00, 0x00, 0x8c, 0x07, 0x00, 0x00,
  0x00, 0x00, 0x00, 0x00, 0xb0, 0x00, 0x00, 0x00, 0x01, 0x00, 0x16, 0x00,
  0x60, 0x40, 0x00, 0x00, 0x00, 0x00, 0x00, 0x00, 0x68, 0x00, 0x00, 0x00,
  0x00, 0x00, 0x00, 0x00, 0xc2, 0x00, 0x00, 0x00, 0x01, 0x00, 0x16, 0x00,
  0xe0, 0x40, 0x00, 0x00, 0x00, 0x00, 0x00, 0x00, 0x40, 0x00, 0x00, 0x00,
  0x00, 0x00, 0x00, 0x00, 0x01, 0x00, 0x00, 0x00, 0x04, 0x00, 0xf1, 0xff,
  0x00, 0x00, 0x00, 0x00, 0x00, 0x00, 0x00, 0x00, 0x00, 0x00, 0x00, 0x00,
  0x00, 0x00, 0x00, 0x00, 0xd1, 0x00, 0x00, 0x00, 0x01, 0x00, 0x0f, 0x00,
  0xc8, 0x22, 0x00, 0x00, 0x00, 0x00, 0x00, 0x00, 0x00, 0x00, 0x00, 0x00,
  0x00, 0x00, 0x00, 0x00, 0x00, 0x00, 0x00, 0x00, 0x04, 0x00, 0xf1, 0xff,
  0x00, 0x00, 0x00, 0x00, 0x00, 0x00, 0x00, 0x00, 0x00, 0x00, 0x00, 0x00,
  0x00, 0x00, 0x00, 0x00, 0xdf, 0x00, 0x00, 0x00, 0x01, 0x00, 0x12, 0x00,
  0x08, 0x3e, 0x00, 0x00, 0x00, 0x00, 0x00, 0x00, 0x00, 0x00, 0x00, 0x00,
  0x00, 0x00, 0x00, 0x00, 0xec, 0x00, 0x00, 0x00, 0x01, 0x00, 0x13, 0x00,
  0x10, 0x3e, 0x00, 0x00, 0x00, 0x00, 0x00, 0x00, 0x00, 0x00, 0x00, 0x00,
  0x00, 0x00, 0x00, 0x00, 0xf5, 0x00, 0x00, 0x00, 0x00, 0x00, 0x0e, 0x00,
  0x00, 0x22, 0x00, 0x00, 0x00, 0x00, 0x00, 0x00, 0x00, 0x00, 0x00, 0x00,
  0x00, 0x00, 0x00, 0x00, 0x08, 0x01, 0x00, 0x00, 0x01, 0x00, 0x16, 0x00,
  0x20, 0x41, 0x00, 0x00, 0x00, 0x00, 0x00, 0x00, 0x00, 0x00, 0x00, 0x00,
  0x00, 0x00, 0x00, 0x00, 0x14, 0x01, 0x00, 0x00, 0x01, 0x00, 0x15, 0x00,
  0x00, 0x40, 0x00, 0x00, 0x00, 0x00, 0x00, 0x00, 0x00, 0x00, 0x00, 0x00,
  0x00, 0x00, 0x00, 0x00, 0x2a, 0x01, 0x00, 0x00, 0x10, 0x00, 0x00, 0x00,
  0x00, 0x00, 0x00, 0x00, 0x00, 0x00, 0x00, 0x00, 0x00, 0x00, 0x00, 0x00,
  0x00, 0x00, 0x00, 0x00, 0x3b, 0x01, 0x00, 0x00, 0x20, 0x00, 0x00, 0x00,
  0x00, 0x00, 0x00, 0x00, 0x00, 0x00, 0x00, 0x00, 0x00, 0x00, 0x00, 0x00,
  0x00, 0x00, 0x00, 0x00, 0x57, 0x01, 0x00, 0x00, 0x12, 0x00, 0x0c, 0x00,
  0xf4, 0x18, 0x00, 0x00, 0x00, 0x00, 0x00, 0x00, 0x00, 0x00, 0x00, 0x00,
  0x00, 0x00, 0x00, 0x00, 0x5d, 0x01, 0x00, 0x00, 0x12, 0x00, 0x0b, 0x00,
  0xe0, 0x18, 0x00, 0x00, 0x00, 0x00, 0x00, 0x00, 0x11, 0x00, 0x00, 0x00,
  0x00, 0x00, 0x00, 0x00, 0x6e, 0x01, 0x00, 0x00, 0x20, 0x00, 0x00, 0x00,
  0x00, 0x00, 0x00, 0x00, 0x00, 0x00, 0x00, 0x00, 0x00, 0x00, 0x00, 0x00,
  0x00, 0x00, 0x00, 0x00, 0x7d, 0x01, 0x00, 0x00, 0x12, 0x00, 0x00, 0x00,
  0x00, 0x00, 0x00, 0x00, 0x00, 0x00, 0x00, 0x00, 0x00, 0x00, 0x00, 0x00,
  0x00, 0x00, 0x00, 0x00, 0x90, 0x01, 0x00, 0x00, 0x10, 0x00, 0x00, 0x00,
  0x00, 0x00, 0x00, 0x00, 0x00, 0x00, 0x00, 0x00, 0x00, 0x00, 0x00, 0x00,
  0x00, 0x00, 0x00, 0x00, 0xa1, 0x01, 0x00, 0x00, 0x20, 0x00, 0x00, 0x00,
  0x00, 0x00, 0x00, 0x00, 0x00, 0x00, 0x00, 0x00, 0x00, 0x00, 0x00, 0x00,
  0x00, 0x00, 0x00, 0x00, 0xbb, 0x01, 0x00, 0x00, 0x22, 0x00, 0x00, 0x00,
  0x00, 0x00, 0x00, 0x00, 0x00, 0x00, 0x00, 0x00, 0x00, 0x00, 0x00, 0x00,
  0x00, 0x00, 0x00, 0x00, 0xd7, 0x01, 0x00, 0x00, 0x12, 0x00, 0x09, 0x00,
  0x00, 0x10, 0x00, 0x00, 0x00, 0x00, 0x00, 0x00, 0x00, 0x00, 0x00, 0x00,
  0x00, 0x00, 0x00, 0x00, 0xdd, 0x01, 0x00, 0x00, 0x10, 0x00, 0x00, 0x00,
  0x00, 0x00, 0x00, 0x00, 0x00, 0x00, 0x00, 0x00, 0x00, 0x00, 0x00, 0x00,
  0x00, 0x00, 0x00, 0x00, 0x00, 0x63, 0x72, 0x74, 0x73, 0x74, 0x75, 0x66,
  0x66, 0x2e, 0x63, 0x00, 0x64, 0x65, 0x72, 0x65, 0x67, 0x69, 0x73, 0x74,
  0x65, 0x72, 0x5f, 0x74, 0x6d, 0x5f, 0x63, 0x6c, 0x6f, 0x6e, 0x65, 0x73,
  0x00, 0x5f, 0x5f, 0x64, 0x6f, 0x5f, 0x67, 0x6c, 0x6f, 0x62, 0x61, 0x6c,
  0x5f, 0x64, 0x74, 0x6f, 0x72, 0x73, 0x5f, 0x61, 0x75, 0x78, 0x00, 0x63,
  0x6f, 0x6d, 0x70, 0x6c, 0x65, 0x74, 0x65, 0x64, 0x2e, 0x30, 0x00, 0x5f,
  0x5f, 0x64, 0x6f, 0x5f, 0x67, 0x6c, 0x6f, 0x62, 0x61, 0x6c, 0x5f, 0x64,
  0x74, 0x6f, 0x72, 0x73, 0x5f, 0x61, 0x75, 0x78, 0x5f, 0x66, 0x69, 0x6e,
  0x69, 0x5f, 0x61, 0x72, 0x72, 0x61, 0x79, 0x5f, 0x65, 0x6e, 0x74, 0x72,
  0x79, 0x00, 0x66, 0x72, 0x61, 0x6d, 0x65, 0x5f, 0x64, 0x75, 0x6d, 0x6d,
  0x79, 0x00, 0x5f, 0x5f, 0x66, 0x72, 0x61, 0x6d, 0x65, 0x5f, 0x64, 0x75,
  0x6d, 0x6d, 0x79, 0x5f, 0x69, 0x6e, 0x69, 0x74, 0x5f, 0x61, 0x72, 0x72,
  0x61, 0x79, 0x5f, 0x65, 0x6e, 0x74, 0x72, 0x79, 0x00, 0x5f, 0x73, 0x70,
  0x65, 0x65, 0x64, 0x75, 0x70, 0x73, 0x2e, 0x63, 0x00, 0x65, 0x73, 0x63,
  0x61, 0x70, 0x65, 0x5f, 0x75, 0x6e, 0x69, 0x63, 0x6f, 0x64, 0x65, 0x00,
  0x6d, 0x6f, 0x64, 0x75, 0x6c, 0x65, 0x5f, 0x64, 0x65, 0x66, 0x69, 0x6e,
  0x69, 0x74, 0x69, 0x6f, 0x6e, 0x00, 0x6d, 0x6f, 0x64, 0x75, 0x6c, 0x65,
  0x5f, 0x6d, 0x65, 0x74, 0x68, 0x6f, 0x64, 0x73, 0x00, 0x5f, 0x5f, 0x46,
  0x52, 0x41, 0x4d, 0x45, 0x5f, 0x45, 0x4e, 0x44, 0x5f, 0x5f, 0x00, 0x5f,
  0x5f, 0x64, 0x73, 0x6f, 0x5f, 0x68, 0x61, 0x6e, 0x64, 0x6c, 0x65, 0x00,
  0x5f, 0x44, 0x59, 0x4e, 0x41, 0x4d, 0x49, 0x43, 0x00, 0x5f, 0x5f, 0x47,
  0x4e, 0x55, 0x5f, 0x45, 0x48, 0x5f, 0x46, 0x52, 0x41, 0x4d, 0x45, 0x5f,
  0x48, 0x44, 0x52, 0x00, 0x5f, 0x5f, 0x54, 0x4d, 0x43, 0x5f, 0x45, 0x4e,
  0x44, 0x5f, 0x5f, 0x00, 0x5f, 0x47, 0x4c, 0x4f, 0x42, 0x41, 0x4c, 0x5f,
  0x4f, 0x46, 0x46, 0x53, 0x45, 0x54, 0x5f, 0x54, 0x41, 0x42, 0x4c, 0x45,
  0x5f, 0x00, 0x5f, 0x50, 0x79, 0x55, 0x6e, 0x69, 0x63, 0x6f, 0x64, 0x65,
  0x5f, 0x52, 0x65, 0x61, 0x64, 0x79, 0x00, 0x5f, 0x49, 0x54, 0x4d, 0x5f,
  0x64, 0x65, 0x72, 0x65, 0x67, 0x69, 0x73, 0x74, 0x65, 0x72, 0x54, 0x4d,
  0x43, 0x6c, 0x6f, 0x6e, 0x65, 0x54, 0x61, 0x62, 0x6c, 0x65, 0x00, 0x5f,
  0x66, 0x69, 0x6e, 0x69, 0x00, 0x50, 0x79, 0x49, 0x6e, 0x69, 0x74, 0x5f,
  0x5f, 0x73, 0x70, 0x65, 0x65, 0x64, 0x75, 0x70, 0x73, 0x00, 0x5f, 0x5f,
  0x67, 0x6d, 0x6f, 0x6e, 0x5f, 0x73, 0x74, 0x61, 0x72, 0x74, 0x5f, 0x5f,
  0x00, 0x6d, 0x65, 0x6d, 0x63, 0x70, 0x79, 0x40, 0x40, 0x47, 0x4c, 0x49,
  0x42, 0x43, 0x5f, 0x32, 0x2e, 0x31, 0x34, 0x00, 0x50, 0x79, 0x4d, 0x6f,
  0x64, 0x75, 0x6c, 0x65, 0x5f, 0x43, 0x72, 0x65, 0x61, 0x74, 0x65, 0x32,
  0x00, 0x5f, 0x49, 0x54, 0x4d, 0x5f, 0x72, 0x65, 0x67, 0x69, 0x73, 0x74,
  0x65, 0x72, 0x54, 0x4d, 0x43, 0x6c, 0x6f, 0x6e, 0x65, 0x54, 0x61, 0x62,
  0x6c, 0x65, 0x00, 0x5f, 0x5f, 0x63, 0x78, 0x61, 0x5f, 0x66, 0x69, 0x6e,
  0x61, 0x6c, 0x69, 0x7a, 0x65, 0x40, 0x40, 0x47, 0x4c, 0x49, 0x42, 0x43,
  0x5f, 0x32, 0x2e, 0x32, 0x2e, 0x35, 0x00, 0x5f, 0x69, 0x6e, 0x69, 0x74,
  0x00, 0x50, 0x79, 0x55, 0x6e, 0x69, 0x63, 0x6f, 0x64, 0x65, 0x5f, 0x4e,
  0x65, 0x77, 0x00, 0x00, 0x2e, 0x73, 0x79, 0x6d, 0x74, 0x61, 0x62, 0x00,
  0x2e, 0x73, 0x74, 0x72, 0x74, 0x61, 0x62, 0x00, 0x2e, 0x73, 0x68, 0x73,
  0x74, 0x72, 0x74, 0x61, 0x62, 0x00, 0x2e, 0x6e, 0x6f, 0x74, 0x65, 0x2e,
  0x67, 0x6e, 0x75, 0x2e, 0x62, 0x75, 0x69, 0x6c, 0x64, 0x2d, 0x69, 0x64,
  0x00, 0x2e, 0x67, 0x6e, 0x75, 0x2e, 0x68, 0x61, 0x73, 0x68, 0x00, 0x2e,
  0x64, 0x79, 0x6e, 0x73, 0x79, 0x6d, 0x00, 0x2e, 0x64, 0x79, 0x6e, 0x73,
  0x74, 0x72, 0x00, 0x2e, 0x67, 0x6e, 0x75, 0x2e, 0x76, 0x65, 0x72, 0x73,
  0x69, 0x6f, 0x6e, 0x00, 0x2e, 0x67, 0x6e, 0x75, 0x2e, 0x76, 0x65, 0x72,
  0x73, 0x69, 0x6f, 0x6e, 0x5f, 0x72, 0x00, 0x2e, 0x72, 0x65, 0x6c, 0x61,
  0x2e, 0x64, 0x79, 0x6e, 0x00, 0x2e, 0x72, 0x65, 0x6c, 0x61, 0x2e, 0x70,
  0x6c, 0x74, 0x00, 0x2e, 0x69, 0x6e, 0x69, 0x74, 0x00, 0x2e, 0x74, 0x65,
  0x78, 0x74, 0x00, 0x2e, 0x66, 0x69, 0x6e, 0x69, 0x00, 0x2e, 0x72, 0x6f,
  0x64, 0x61, 0x74, 0x61, 0x00, 0x2e, 0x65, 0x68, 0x5f, 0x66, 0x72, 0x61,
  0x6d, 0x65, 0x5f, 0x68, 0x64, 0x72, 0x00, 0x2e, 0x65, 0x68, 0x5f, 0x66,
  0x72, 0x61, 0x6d, 0x65, 0x00, 0x2e, 0x69, 0x6e, 0x69, 0x74, 0x5f, 0x61,
  0x72, 0x72, 0x61, 0x79, 0x00, 0x2e, 0x66, 0x69, 0x6e, 0x69, 0x5f, 0x61,
  0x72, 0x72, 0x61, 0x79, 0x00, 0x2e, 0x64, 0x61, 0x74, 0x61, 0x2e, 0x72,
  0x65, 0x6c, 0x2e, 0x72, 0x6f, 0x00, 0x2e, 0x64, 0x79, 0x6e, 0x61, 0x6d,
  0x69, 0x63, 0x00, 0x2e, 0x67, 0x6f, 0x74, 0x00, 0x2e, 0x67, 0x6f, 0x74,
  0x2e, 0x70, 0x6c, 0x74, 0x00, 0x2e, 0x64, 0x61, 0x74, 0x61, 0x00, 0x2e,
  0x62, 0x73, 0x73, 0x00, 0x2e, 0x63, 0x6f, 0x6d, 0x6d, 0x65, 0x6e, 0x74,
  0x00, 0x2e, 0x64, 0x65, 0x62, 0x75, 0x67, 0x5f, 0x61, 0x72, 0x61, 0x6e,
  0x67, 0x65, 0x73, 0x00, 0x2e, 0x64, 0x65, 0x62, 0x75, 0x67, 0x5f, 0x69,
  0x6e, 0x66, 0x6f, 0x00, 0x2e, 0x64, 0x65, 0x62, 0x75, 0x67, 0x5f, 0x61,
  0x62, 0x62, 0x72, 0x65, 0x76, 0x00, 0x2e, 0x64, 0x65, 0x62, 0x75, 0x67,
  0x5f, 0x6c, 0x69, 0x6e, 0x65, 0x00, 0x2e, 0x64, 0x65, 0x62, 0x75, 0x67,
  0x5f, 0x73, 0x74, 0x72, 0x00, 0x2e, 0x64, 0x65, 0x62, 0x75, 0x67, 0x5f,
  0x6c, 0x6f, 0x63, 0x00, 0x2e, 0x64, 0x65, 0x62, 0x75, 0x67, 0x5f, 0x72,
  0x61, 0x6e, 0x67, 0x65, 0x73, 0x00, 0x00, 0x00, 0x00, 0x00, 0x00, 0x00,
  0x00, 0x00, 0x00, 0x00, 0x00, 0x00, 0x00, 0x00, 0x00, 0x00, 0x00, 0x00,
  0x00, 0x00, 0x00, 0x00, 0x00, 0x00, 0x00, 0x00, 0x00, 0x00, 0x00, 0x00,
  0x00, 0x00, 0x00, 0x00, 0x00, 0x00, 0x00, 0x00, 0x00, 0x00, 0x00, 0x00,
  0x00, 0x00, 0x00, 0x00, 0x00, 0x00, 0x00, 0x00, 0x00, 0x00, 0x00, 0x00,
  0x00, 0x00, 0x00, 0x00, 0x00, 0x00, 0x00, 0x00, 0x00, 0x00, 0x00, 0x00,
  0x1b, 0x00, 0x00, 0x00, 0x07, 0x00, 0x00, 0x00, 0x02, 0x00, 0x00, 0x00,
  0x00, 0x00, 0x00, 0x00, 0x38, 0x02, 0x00, 0x00, 0x00, 0x00, 0x00, 0x00,
  0x38, 0x02, 0x00, 0x00, 0x00, 0x00, 0x00, 0x00, 0x24, 0x00, 0x00, 0x00,
  0x00, 0x00, 0x00, 0x00, 0x00, 0x00, 0x00, 0x00, 0x00, 0x00, 0x00, 0x00,
  0x04, 0x00, 0x00, 0x00, 0x00, 0x00, 0x00, 0x00, 0x00, 0x00, 0x00, 0x00,
  0x00, 0x00, 0x00, 0x00, 0x2e, 0x00, 0x00, 0x00, 0xf6, 0xff, 0xff, 0x6f,
  0x02, 0x00, 0x00, 0x00, 0x00, 0x00, 0x00, 0x00, 0x60, 0x02, 0x00, 0x00,
  0x00, 0x00, 0x00, 0x00, 0x60, 0x02, 0x00, 0x00, 0x00, 0x00, 0x00, 0x00,
  0x30, 0x00, 0x00, 0x00, 0x00, 0x00, 0x00, 0x00, 0x03, 0x00, 0x00, 0x00,
  0x00, 0x00, 0x00, 0x00, 0x08, 0x00, 0x00, 0x00, 0x00, 0x00, 0x00, 0x00,
  0x00, 0x00, 0x00, 0x00, 0x00, 0x00, 0x00, 0x00, 0x38, 0x00, 0x00, 0x00,
  0x0b, 0x00, 0x00, 0x00, 0x02, 0x00, 0x00, 0x00, 0x00, 0x00, 0x00, 0x00,
  0x90, 0x02, 0x00, 0x00, 0x00, 0x00, 0x00, 0x00, 0x90, 0x02, 0x00, 0x00,
  0x00, 0x00, 0x00, 0x00, 0x20, 0x01, 0x00, 0x00, 0x00, 0x00, 0x00, 0x00,
  0x04, 0x00, 0x00, 0x00, 0x01, 0x00, 0x00, 0x00, 0x08, 0x00, 0x00, 0x00,
  0x00, 0x00, 0x00, 0x00, 0x18, 0x00, 0x00, 0x00, 0x00, 0x00, 0x00, 0x00,
  0x40, 0x00, 0x00, 0x00, 0x03, 0x00, 0x00, 0x00, 0x02, 0x00, 0x00, 0x00,
  0x00, 0x00, 0x00, 0x00, 0xb0, 0x03, 0x00, 0x00, 0x00, 0x00, 0x00, 0x00,
  0xb0, 0x03, 0x00, 0x00, 0x00, 0x00, 0x00, 0x00, 0xda, 0x00, 0x00, 0x00,
  0x00, 0x00, 0x00, 0x00, 0x00, 0x00, 0x00, 0x00, 0x00, 0x00, 0x00, 0x00,
  0x01, 0x00, 0x00, 0x00, 0x00, 0x00, 0x00, 0x00, 0x00, 0x00, 0x00, 0x00,
  0x00, 0x00, 0x00, 0x00, 0x48, 0x00, 0x00, 0x00, 0xff, 0xff, 0xff, 0x6f,
  0x02, 0x00, 0x00, 0x00, 0x00, 0x00, 0x00, 0x00, 0x8a, 0x04, 0x00, 0x00,
  0x00, 0x00, 0x00, 0x00, 0x8a, 0x04, 0x00, 0x00, 0x00, 0x00, 0x00, 0x00,
  0x18, 0x00, 0x00, 0x00, 0x00, 0x00, 0x00, 0x00, 0x03, 0x00, 0x00, 0x00,
  0x00, 0x00, 0x00, 0x00, 0x02, 0x00, 0x00, 0x00, 0x00, 0x00, 0x00, 0x00,
  0x02, 0x00, 0x00, 0x00, 0x00, 0x00, 0x00, 0x00, 0x55, 0x00, 0x00, 0x00,
  0xfe, 0xff, 0xff, 0x6f, 0x02, 0x00, 0x00, 0x00, 0x00, 0x00, 0x00, 0x00,
  0xa8, 0x04, 0x00, 0x00, 0x00, 0x00, 0x00, 0x00, 0xa8, 0x04, 0x00, 0x00,
  0x00, 0x00, 0x00, 0x00, 0x30, 0x00, 0x00, 0x00, 0x00, 0x00, 0x00, 0x00,
  0x04, 0x00, 0x00, 0x00, 0x01, 0x00, 0x00, 0x00, 0x08, 0x00, 0x00, 0x00,
  0x00, 0x00, 0x00, 0x00, 0x00, 0x00, 0x00, 0x00, 0x00, 0x00, 0x00, 0x00,
  0x64, 0x00, 0x00, 0x00, 0x04, 0x00, 0x00, 0x00, 0x02, 0x00, 0x00, 0x00,
  0x00, 0x00, 0x00, 0x00, 0xd8, 0x04, 0x00, 0x00, 0x00, 0x00, 0x00, 0x00,
  0xd8, 0x04, 0x00, 0x00, 0x00, 0x00, 0x00, 0x00, 0x08, 0x01, 0x00, 0x00,
  0x00, 0x00, 0x00, 0x00, 0x03, 0x00, 0x00, 0x00, 0x00, 0x00, 0x00, 0x00,
  0x08, 0x00, 0x00, 0x00, 0x00, 0x00, 0x00, 0x00, 0x18, 0x00, 0x00, 0x00,
  0x00, 0x00, 0x00, 0x00, 0x6e, 0x00, 0x00, 0x00, 0x04, 0x00, 0x00, 0x00,
  0x42, 0x00, 0x00, 0x00, 0x00, 0x00, 0x00, 0x00, 0xe0, 0x05, 0x00, 0x00,
  0x00, 0x00, 0x00, 0x00, 0xe0, 0x05, 0x00, 0x00, 0x00, 0x00, 0x00, 0x00,
  0x90, 0x00, 0x00, 0x00, 0x00, 0x00, 0x00, 0x00, 0x03, 0x00, 0x00, 0x00,
  0x15, 0x00, 0x00, 0x00, 0x08, 0x00, 0x00, 0x00, 0x00, 0x00, 0x00, 0x00,
  0x18, 0x00, 0x00, 0x00, 0x00, 0x00, 0x00, 0x00, 0x78, 0x00, 0x00, 0x00,
  0x01, 0x00, 0x00, 0x00, 0x06, 0x00, 0x00, 0x00, 0x00, 0x00, 0x00, 0x00,
  0x00, 0x10, 0x00, 0x00, 0x00, 0x00, 0x00, 0x00, 0x00, 0x10, 0x00, 0x00,
  0x00, 0x00, 0x00, 0x00, 0x1a, 0x00, 0x00, 0x00, 0x00, 0x00, 0x00, 0x00,
  0x00, 0x00, 0x00, 0x00, 0x00, 0x00, 0x00, 0x00, 0x04, 0x00, 0x00, 0x00,
  0x00, 0x00, 0x00, 0x00, 0x00, 0x00, 0x00, 0x00, 0x00, 0x00, 0x00, 0x00,
  0x73, 0x00, 0x00, 0x00, 0x01, 0x00, 0x00, 0x00, 0x06, 0x00, 0x00, 0x00,
  0x00, 0x00, 0x00, 0x00, 0x20, 0x10, 0x00, 0x00, 0x00, 0x00, 0x00, 0x00,
  0x20, 0x10, 0x00, 0x00, 0x00, 0x00, 0x00, 0x00, 0x70, 0x00, 0x00, 0x00,
  0x00, 0x00, 0x00, 0x00, 0x00, 0x00, 0x00, 0x00, 0x00, 0x00, 0x00, 0x00,
  0x10, 0x00, 0x00, 0x00, 0x00, 0x00, 0x00, 0x00, 0x10, 0x00, 0x00, 0x00,
  0x00, 0x00, 0x00, 0x00, 0x7e, 0x00, 0x00, 0x00, 0x01, 0x00, 0x00, 0x00,
  0x06, 0x00, 0x00, 0x00, 0x00, 0x00, 0x00, 0x00, 0x90, 0x10, 0x00, 0x00,
  0x00, 0x00, 0x00, 0x00, 0x90, 0x10, 0x00, 0x00, 0x00, 0x00, 0x00, 0x00,
  0x61, 0x08, 0x00, 0x00, 0x00, 0x00, 0x00, 0x00, 0x00, 0x00, 0x00, 0x00,
  0x00, 0x00, 0x00, 0x00, 0x10, 0x00, 0x00, 0x00, 0x00, 0x00, 0x00, 0x00,
  0x00, 0x00, 0x00, 0x00, 0x00, 0x00, 0x00, 0x00, 0x84, 0x00, 0x00, 0x00,
  0x01, 0x00, 0x00, 0x00, 0x06, 0x00, 0x00, 0x00, 0x00, 0x00, 0x00, 0x00,
  0xf4, 0x18, 0x00, 0x00, 0x00, 0x00, 0x00, 0x00, 0xf4, 0x18, 0x00, 0x00,
  0x00, 0x00, 0x00, 0x00, 0x09, 0x00, 0x00, 0x00, 0x00, 0x00, 0x00, 0x00,
  0x00, 0x00, 0x00, 0x00, 0x00, 0x00, 0x00, 0x00, 0x04, 0x00, 0x00, 0x00,
  0x00, 0x00, 0x00, 0x00, 0x00, 0x00, 0x00, 0x00, 0x00, 0x00, 0x00, 0x00,
  0x8a, 0x00, 0x00, 0x00, 0x01, 0x00, 0x00, 0x00, 0x02, 0x00, 0x00, 0x00,
  0x00, 0x00, 0x00, 0x00, 0x00, 0x20, 0x00, 0x00, 0x00, 0x00, 0x00, 0x00,
  0x00, 0x20, 0x00, 0x00, 0x00, 0x00, 0x00, 0x00, 0x00, 0x02, 0x00, 0x00,
  0x00, 0x00, 0x00, 0x00, 0x00, 0x00, 0x00, 0x00, 0x00, 0x00, 0x00, 0x00,
  0x10, 0x00, 0x00, 0x00, 0x00, 0x00, 0x00, 0x00, 0x00, 0x00, 0x00, 0x00,
  0x00, 0x00, 0x00, 0x00, 0x92, 0x00, 0x00, 0x00, 0x01, 0x00, 0x00, 0x00,
  0x02, 0x00, 0x00, 0x00, 0x00, 0x00, 0x00, 0x00, 0x00, 0x22, 0x00, 0x00,
  0x00, 0x00, 0x00, 0x00, 0x00, 0x22, 0x00, 0x00, 0x00, 0x00, 0x00, 0x00,
  0x24, 0x00, 0x00, 0x00, 0x00, 0x00, 0x00, 0x00, 0x00, 0x00, 0x00, 0x00,
  0x00, 0x00, 0x00, 0x00, 0x04, 0x00, 0x00, 0x00, 0x00, 0x00, 0x00, 0x00,
  0x00, 0x00, 0x00, 0x00, 0x00, 0x00, 0x00, 0x00, 0xa0, 0x00, 0x00, 0x00,
  0x01, 0x00, 0x00, 0x00, 0x02, 0x00, 0x00, 0x00, 0x00, 0x00, 0x00, 0x00,
  0x28, 0x22, 0x00, 0x00, 0x00, 0x00, 0x00, 0x00, 0x28, 0x22, 0x00, 0x00,
  0x00, 0x00, 0x00, 0x00, 0xa4, 0x00, 0x00, 0x00, 0x00, 0x00, 0x00, 0x00,
  0x00, 0x00, 0x00, 0x00, 0x00, 0x00, 0x00, 0x00, 0x08, 0x00, 0x00, 0x00,
  0x00, 0x00, 0x00, 0x00, 0x00, 0x00, 0x00, 0x00, 0x00, 0x00, 0x00, 0x00,
  0xaa, 0x00, 0x00, 0x00, 0x0e, 0x00, 0x00, 0x00, 0x03, 0x00, 0x00, 0x00,
  0x00, 0x00, 0x00, 0x00, 0xf8, 0x3d, 0x00, 0x00, 0x00, 0x00, 0x00, 0x00,
  0xf8, 0x2d, 0x00, 0x00, 0x00, 0x00, 0x00, 0x00, 0x08, 0x00, 0x00, 0x00,
  0x00, 0x00, 0x00, 0x00, 0x00, 0x00, 0x00, 0x00, 0x00, 0x00, 0x00, 0x00,
  0x08, 0x00, 0x00, 0x00, 0x00, 0x00, 0x00, 0x00, 0x08, 0x00, 0x00, 0x00,
  0x00, 0x00, 0x00, 0x00, 0xb6, 0x00, 0x00, 0x00, 0x0f, 0x00, 0x00, 0x00,
  0x03, 0x00, 0x00, 0x00, 0x00, 0x00, 0x00, 0x00, 0x00, 0x3e, 0x00, 0x00,
  0x00, 0x00, 0x00, 0x00, 0x00, 0x2e, 0x00, 0x00, 0x00, 0x00, 0x00, 0x00,
  0x08, 0x00, 0x00, 0x00, 0x00, 0x00, 0x00, 0x00, 0x00, 0x00, 0x00, 0x00,
  0x00, 0x00, 0x00, 0x00, 0x08, 0x00, 0x00, 0x00, 0x00, 0x00, 0x00, 0x00,
  0x08, 0x00, 0x00, 0x00, 0x00, 0x00, 0x00, 0x00, 0xc2, 0x00, 0x00, 0x00,
  0x01, 0x00, 0x00, 0x00, 0x03, 0x00, 0x00, 0x00, 0x00, 0x00, 0x00, 0x00,
  0x08, 0x3e, 0x00, 0x00, 0x00, 0x00, 0x00, 0x00, 0x08, 0x2e, 0x00, 0x00,
  0x00, 0x00, 0x00, 0x00, 0x08, 0x00, 0x00, 0x00, 0x00, 0x00, 0x00, 0x00,
  0x00, 0x00, 0x00, 0x00, 0x00, 0x00, 0x00, 0x00, 0x08, 0x00, 0x00, 0x00,
  0x00, 0x00, 0x00, 0x00, 0x00, 0x00, 0x00, 0x00, 0x00, 0x00, 0x00, 0x00,
  0xcf, 0x00, 0x00, 0x00, 0x06, 0x00, 0x00, 0x00, 0x03, 0x00, 0x00, 0x00,
  0x00, 0x00, 0x00, 0x00, 0x10, 0x3e, 0x00, 0x00, 0x00, 0x00, 0x00, 0x00,
  0x10, 0x2e, 0x00, 0x00, 0x00, 0x00, 0x00, 0x00, 0xd0, 0x01, 0x00, 0x00,
  0x00, 0x00, 0x00, 0x00, 0x04, 0x00, 0x00, 0x00, 0x00, 0x00, 0x00, 0x00,
  0x08, 0x00, 0x00, 0x00, 0x00, 0x00, 0x00, 0x00, 0x10, 0x00, 0x00, 0x00,
  0x00, 0x00, 0x00, 0x00, 0xd8, 0x00, 0x00, 0x00, 0x01, 0x00, 0x00, 0x00,
  0x03, 0x00, 0x00, 0x00, 0x00, 0x00, 0x00, 0x00, 0xe0, 0x3f, 0x00, 0x00,
  0x00, 0x00, 0x00, 0x00, 0xe0, 0x2f, 0x00, 0x00, 0x00, 0x00, 0x00, 0x00,
  0x20, 0x00, 0x00, 0x00, 0x00, 0x00, 0x00, 0x00, 0x00, 0x00, 0x00, 0x00,
  0x00, 0x00, 0x00, 0x00, 0x08, 0x00, 0x00, 0x00, 0x00, 0x00, 0x00, 0x00,
  0x08, 0x00, 0x00, 0x00, 0x00, 0x00, 0x00, 0x00, 0xdd, 0x00, 0x00, 0x00,
  0x01, 0x00, 0x00, 0x00, 0x03, 0x00, 0x00, 0x00, 0x00, 0x00, 0x00, 0x00,
  0x00, 0x40, 0x00, 0x00, 0x00, 0x00, 0x00, 0x00, 0x00, 0x30, 0x00, 0x00,
  0x00, 0x00, 0x00, 0x00, 0x48, 0x00, 0x00, 0x00, 0x00, 0x00, 0x00, 0x00,
  0x00, 0x00, 0x00, 0x00, 0x00, 0x00, 0x00, 0x00, 0x08, 0x00, 0x00, 0x00,
  0x00, 0x00, 0x00, 0x00, 0x08, 0x00, 0x00, 0x00, 0x00, 0x00, 0x00, 0x00,
  0xe6, 0x00, 0x00, 0x00, 0x01, 0x00, 0x00, 0x00, 0x03, 0x00, 0x00, 0x00,
  0x00, 0x00, 0x00, 0x00, 0x60, 0x40, 0x00, 0x00, 0x00, 0x00, 0x00, 0x00,
  0x60, 0x30, 0x00, 0x00, 0x00, 0x00, 0x00, 0x00, 0xc0, 0x00, 0x00, 0x00,
  0x00, 0x00, 0x00, 0x00, 0x00, 0x00, 0x00, 0x00, 0x00, 0x00, 0x00, 0x00,
  0x20, 0x00, 0x00, 0x00, 0x00, 0x00, 0x00, 0x00, 0x00, 0x00, 0x00, 0x00,
  0x00, 0x00, 0x00, 0x00, 0xec, 0x00, 0x00, 0x00, 0x08, 0x00, 0x00, 0x00,
  0x03, 0x00, 0x00, 0x00, 0x00, 0x00, 0x00, 0x00, 0x20, 0x41, 0x00, 0x00,
  0x00, 0x00, 0x00, 0x00, 0x20, 0x31, 0x00, 0x00, 0x00, 0x00, 0x00, 0x00,
  0x08, 0x00, 0x00, 0x00, 0x00, 0x00, 0x00, 0x00, 0x00, 0x00, 0x00, 0x00,
  0x00, 0x00, 0x00, 0x00, 0x01, 0x00, 0x00, 0x00, 0x00, 0x00, 0x00, 0x00,
  0x00, 0x00, 0x00, 0x00, 0x00, 0x00, 0x00, 0x00, 0xf1, 0x00, 0x00, 0x00,
  0x01, 0x00, 0x00, 0x00, 0x30, 0x00, 0x00, 0x00, 0x00, 0x00, 0x00, 0x00,
  0x00, 0x00, 0x00, 0x00, 0x00, 0x00, 0x00, 0x00, 0x20, 0x31, 0x00, 0x00,
  0x00, 0x00, 0x00, 0x00, 0x2f, 0x00, 0x00, 0x00, 0x00, 0x00, 0x00, 0x00,
  0x00, 0x00, 0x00, 0x00, 0x00, 0x00, 0x00, 0x00, 0x01, 0x00, 0x00, 0x00,
  0x00, 0x00, 0x00, 0x00, 0x01, 0x00, 0x00, 0x00, 0x00, 0x00, 0x00, 0x00,
  0xfa, 0x00, 0x00, 0x00, 0x01, 0x00, 0x00, 0x00, 0x00, 0x00, 0x00, 0x00,
  0x00, 0x00, 0x00, 0x00, 0x00, 0x00, 0x00, 0x00, 0x00, 0x00, 0x00, 0x00,
  0x4f, 0x31, 0x00, 0x00, 0x00, 0x00, 0x00, 0x00, 0x30, 0x00, 0x00, 0x00,
  0x00, 0x00, 0x00, 0x00, 0x00, 0x00, 0x00, 0x00, 0x00, 0x00, 0x00, 0x00,
  0x01, 0x00, 0x00, 0x00, 0x00, 0x00, 0x00, 0x00, 0x00, 0x00, 0x00, 0x00,
  0x00, 0x00, 0x00, 0x00, 0x09, 0x01, 0x00, 0x00, 0x01, 0x00, 0x00, 0x00,
  0x00, 0x00, 0x00, 0x00, 0x00, 0x00, 0x00, 0x00, 0x00, 0x00, 0x00, 0x00,
  0x00, 0x00, 0x00, 0x00, 0x7f, 0x31, 0x00, 0x00, 0x00, 0x00, 0x00, 0x00,
  0xd4, 0x24, 0x00, 0x00, 0x00, 0x00, 0x00, 0x00, 0x00, 0x00, 0x00, 0x00,
  0x00, 0x00, 0x00, 0x00, 0x01, 0x00, 0x00, 0x00, 0x00, 0x00, 0x00, 0x00,
  0x00, 0x00, 0x00, 0x00, 0x00, 0x00, 0x00, 0x00, 0x15, 0x01, 0x00, 0x00,
  0x01, 0x00, 0x00, 0x00, 0x00, 0x00, 0x00, 0x00, 0x00, 0x00, 0x00, 0x00,
  0x00, 0x00, 0x00, 0x00, 0x00, 0x00, 0x00, 0x00, 0x53, 0x56, 0x00, 0x00,
  0x00, 0x00, 0x00, 0x00, 0xea, 0x03, 0x00, 0x00, 0x00, 0x00, 0x00, 0x00,
  0x00, 0x00, 0x00, 0x00, 0x00, 0x00, 0x00, 0x00, 0x01, 0x00, 0x00, 0x00,
  0x00, 0x00, 0x00, 0x00, 0x00, 0x00, 0x00, 0x00, 0x00, 0x00, 0x00, 0x00,
  0x23, 0x01, 0x00, 0x00, 0x01, 0x00, 0x00, 0x00, 0x00, 0x00, 0x00, 0x00,
  0x00, 0x00, 0x00, 0x00, 0x00, 0x00, 0x00, 0x00, 0x00, 0x00, 0x00, 0x00,
  0x3d, 0x5a, 0x00, 0x00, 0x00, 0x00, 0x00, 0x00, 0x15, 0x09, 0x00, 0x00,
  0x00, 0x00, 0x00, 0x00, 0x00, 0x00, 0x00, 0x00, 0x00, 0x00, 0x00, 0x00,
  0x01, 0x00, 0x00, 0x00, 0x00, 0x00, 0x00, 0x00, 0x00, 0x00, 0x00, 0x00,
  0x00, 0x00, 0x00, 0x00, 0x2f, 0x01, 0x00, 0x00, 0x01, 0x00, 0x00, 0x00,
  0x30, 0x00, 0x00, 0x00, 0x00, 0x00, 0x00, 0x00, 0x00, 0x00, 0x00, 0x00,
  0x00, 0x00, 0x00, 0x00, 0x52, 0x63, 0x00, 0x00, 0x00, 0x00, 0x00, 0x00,
  0x5b, 0x0c, 0x00, 0x00, 0x00, 0x00, 0x00, 0x00, 0x00, 0x00, 0x00, 0x00,
  0x00, 0x00, 0x00, 0x00, 0x01, 0x00, 0x00, 0x00, 0x00, 0x00, 0x00, 0x00,
  0x01, 0x00, 0x00, 0x00, 0x00, 0x00, 0x00, 0x00, 0x3a, 0x01, 0x00, 0x00,
  0x01, 0x00, 0x00, 0x00, 0x00, 0x00, 0x00, 0x00, 0x00, 0x00, 0x00, 0x00,
  0x00, 0x00, 0x00, 0x00, 0x00, 0x00, 0x00, 0x00, 0xad, 0x6f, 0x00, 0x00,
  0x00, 0x00, 0x00, 0x00, 0x04, 0x21, 0x00, 0x00, 0x00, 0x00, 0x00, 0x00,
  0x00, 0x00, 0x00, 0x00, 0x00, 0x00, 0x00, 0x00, 0x01, 0x00, 0x00, 0x00,
  0x00, 0x00, 0x00, 0x00, 0x00, 0x00, 0x00, 0x00, 0x00, 0x00, 0x00, 0x00,
  0x45, 0x01, 0x00, 0x00, 0x01, 0x00, 0x00, 0x00, 0x00, 0x00, 0x00, 0x00,
  0x00, 0x00, 0x00, 0x00, 0x00, 0x00, 0x00, 0x00, 0x00, 0x00, 0x00, 0x00,
  0xb1, 0x90, 0x00, 0x00, 0x00, 0x00, 0x00, 0x00, 0x20, 0x07, 0x00, 0x00,
  0x00, 0x00, 0x00, 0x00, 0x00, 0x00, 0x00, 0x00, 0x00, 0x00, 0x00, 0x00,
  0x01, 0x00, 0x00, 0x00, 0x00, 0x00, 0x00, 0x00, 0x00, 0x00, 0x00, 0x00,
  0x00, 0x00, 0x00, 0x00, 0x01, 0x00, 0x00, 0x00, 0x02, 0x00, 0x00, 0x00,
  0x00, 0x00, 0x00, 0x00, 0x00, 0x00, 0x00, 0x00, 0x00, 0x00, 0x00, 0x00,
  0x00, 0x00, 0x00, 0x00, 0xd8, 0x97, 0x00, 0x00, 0x00, 0x00, 0x00, 0x00,
  0xe8, 0x05, 0x00, 0x00, 0x00, 0x00, 0x00, 0x00, 0x21, 0x00, 0x00, 0x00,
  0x34, 0x00, 0x00, 0x00, 0x08, 0x00, 0x00, 0x00, 0x00, 0x00, 0x00, 0x00,
  0x18, 0x00, 0x00, 0x00, 0x00, 0x00, 0x00, 0x00, 0x09, 0x00, 0x00, 0x00,
  0x03, 0x00, 0x00, 0x00, 0x00, 0x00, 0x00, 0x00, 0x00, 0x00, 0x00, 0x00,
  0x00, 0x00, 0x00, 0x00, 0x00, 0x00, 0x00, 0x00, 0xc0, 0x9d, 0x00, 0x00,
  0x00, 0x00, 0x00, 0x00, 0xeb, 0x01, 0x00, 0x00, 0x00, 0x00, 0x00, 0x00,
  0x00, 0x00, 0x00, 0x00, 0x00, 0x00, 0x00, 0x00, 0x01, 0x00, 0x00, 0x00,
  0x00, 0x00, 0x00, 0x00, 0x00, 0x00, 0x00, 0x00, 0x00, 0x00, 0x00, 0x00,
  0x11, 0x00, 0x00, 0x00, 0x03, 0x00, 0x00, 0x00, 0x00, 0x00, 0x00, 0x00,
  0x00, 0x00, 0x00, 0x00, 0x00, 0x00, 0x00, 0x00, 0x00, 0x00, 0x00, 0x00,
  0xab, 0x9f, 0x00, 0x00, 0x00, 0x00, 0x00, 0x00, 0x53, 0x01, 0x00, 0x00,
  0x00, 0x00, 0x00, 0x00, 0x00, 0x00, 0x00, 0x00, 0x00, 0x00, 0x00, 0x00,
  0x01, 0x00, 0x00, 0x00, 0x00, 0x00, 0x00, 0x00, 0x00, 0x00, 0x00, 0x00,
  0x00, 0x00, 0x00, 0x00
};
unsigned int ___speedups_cpython_311_x86_64_linux_gnu_so_len = 43456;
