unsigned char __lapack_lite_cpython_311_x86_64_linux_gnu_so[] = {
  0x7f, 0x45, 0x4c, 0x46, 0x02, 0x01, 0x01, 0x00, 0x00, 0x00, 0x00, 0x00,
  0x00, 0x00, 0x00, 0x00, 0x03, 0x00, 0x3e, 0x00, 0x01, 0x00, 0x00, 0x00,
  0x00, 0x12, 0x00, 0x00, 0x00, 0x00, 0x00, 0x00, 0x40, 0x00, 0x00, 0x00,
  0x00, 0x00, 0x00, 0x00, 0x60, 0x51, 0x00, 0x00, 0x00, 0x00, 0x00, 0x00,
  0x00, 0x00, 0x00, 0x00, 0x40, 0x00, 0x38, 0x00, 0x0b, 0x00, 0x40, 0x00,
  0x1c, 0x00, 0x16, 0x00, 0x01, 0x00, 0x00, 0x00, 0x04, 0x00, 0x00, 0x00,
  0x00, 0x00, 0x00, 0x00, 0x00, 0x00, 0x00, 0x00, 0x00, 0x00, 0x00, 0x00,
  0x00, 0x00, 0x00, 0x00, 0x00, 0x00, 0x00, 0x00, 0x00, 0x00, 0x00, 0x00,
  0x70, 0x0f, 0x00, 0x00, 0x00, 0x00, 0x00, 0x00, 0x70, 0x0f, 0x00, 0x00,
  0x00, 0x00, 0x00, 0x00, 0x00, 0x10, 0x00, 0x00, 0x00, 0x00, 0x00, 0x00,
  0x51, 0xe5, 0x74, 0x64, 0x06, 0x00, 0x00, 0x00, 0x00, 0x00, 0x00, 0x00,
  0x00, 0x00, 0x00, 0x00, 0x00, 0x00, 0x00, 0x00, 0x00, 0x00, 0x00, 0x00,
  0x00, 0x00, 0x00, 0x00, 0x00, 0x00, 0x00, 0x00, 0x00, 0x00, 0x00, 0x00,
  0x00, 0x00, 0x00, 0x00, 0x00, 0x00, 0x00, 0x00, 0x00, 0x00, 0x00, 0x00,
  0x10, 0x00, 0x00, 0x00, 0x00, 0x00, 0x00, 0x00, 0x01, 0x00, 0x00, 0x00,
  0x05, 0x00, 0x00, 0x00, 0x00, 0x10, 0x00, 0x00, 0x00, 0x00, 0x00, 0x00,
  0x00, 0x10, 0x00, 0x00, 0x00, 0x00, 0x00, 0x00, 0x00, 0x10, 0x00, 0x00,
  0x00, 0x00, 0x00, 0x00, 0xe5, 0x13, 0x00, 0x00, 0x00, 0x00, 0x00, 0x00,
  0xe5, 0x13, 0x00, 0x00, 0x00, 0x00, 0x00, 0x00, 0x00, 0x10, 0x00, 0x00,
  0x00, 0x00, 0x00, 0x00, 0x01, 0x00, 0x00, 0x00, 0x04, 0x00, 0x00, 0x00,
  0x00, 0x30, 0x00, 0x00, 0x00, 0x00, 0x00, 0x00, 0x00, 0x30, 0x00, 0x00,
  0x00, 0x00, 0x00, 0x00, 0x00, 0x30, 0x00, 0x00, 0x00, 0x00, 0x00, 0x00,
  0x48, 0x0b, 0x00, 0x00, 0x00, 0x00, 0x00, 0x00, 0x48, 0x0b, 0x00, 0x00,
  0x00, 0x00, 0x00, 0x00, 0x00, 0x10, 0x00, 0x00, 0x00, 0x00, 0x00, 0x00,
  0x50, 0xe5, 0x74, 0x64, 0x04, 0x00, 0x00, 0x00, 0x9c, 0x35, 0x00, 0x00,
  0x00, 0x00, 0x00, 0x00, 0x9c, 0x35, 0x00, 0x00, 0x00, 0x00, 0x00, 0x00,
  0x9c, 0x35, 0x00, 0x00, 0x00, 0x00, 0x00, 0x00, 0x64, 0x00, 0x00, 0x00,
  0x00, 0x00, 0x00, 0x00, 0x64, 0x00, 0x00, 0x00, 0x00, 0x00, 0x00, 0x00,
  0x04, 0x00, 0x00, 0x00, 0x00, 0x00, 0x00, 0x00, 0x01, 0x00, 0x00, 0x00,
  0x06, 0x00, 0x00, 0x00, 0xa0, 0x3d, 0x00, 0x00, 0x00, 0x00, 0x00, 0x00,
  0xa0, 0x4d, 0x00, 0x00, 0x00, 0x00, 0x00, 0x00, 0xa0, 0x4d, 0x00, 0x00,
  0x00, 0x00, 0x00, 0x00, 0xe0, 0x04, 0x00, 0x00, 0x00, 0x00, 0x00, 0x00,
  0xf8, 0x04, 0x00, 0x00, 0x00, 0x00, 0x00, 0x00, 0x00, 0x10, 0x00, 0x00,
  0x00, 0x00, 0x00, 0x00, 0x52, 0xe5, 0x74, 0x64, 0x04, 0x00, 0x00, 0x00,
  0xa0, 0x3d, 0x00, 0x00, 0x00, 0x00, 0x00, 0x00, 0xa0, 0x4d, 0x00, 0x00,
  0x00, 0x00, 0x00, 0x00, 0xa0, 0x4d, 0x00, 0x00, 0x00, 0x00, 0x00, 0x00,
  0x60, 0x02, 0x00, 0x00, 0x00, 0x00, 0x00, 0x00, 0x60, 0x02, 0x00, 0x00,
  0x00, 0x00, 0x00, 0x00, 0x01, 0x00, 0x00, 0x00, 0x00, 0x00, 0x00, 0x00,
  0x01, 0x00, 0x00, 0x00, 0x06, 0x00, 0x00, 0x00, 0x00, 0x60, 0x00, 0x00,
  0x00, 0x00, 0x00, 0x00, 0x00, 0x60, 0x00, 0x00, 0x00, 0x00, 0x00, 0x00,
  0x00, 0x60, 0x00, 0x00, 0x00, 0x00, 0x00, 0x00, 0x60, 0x07, 0x00, 0x00,
  0x00, 0x00, 0x00, 0x00, 0x60, 0x07, 0x00, 0x00, 0x00, 0x00, 0x00, 0x00,
  0x00, 0x10, 0x00, 0x00, 0x00, 0x00, 0x00, 0x00, 0x04, 0x00, 0x00, 0x00,
  0x04, 0x00, 0x00, 0x00, 0x38, 0x67, 0x00, 0x00, 0x00, 0x00, 0x00, 0x00,
  0x38, 0x67, 0x00, 0x00, 0x00, 0x00, 0x00, 0x00, 0x38, 0x67, 0x00, 0x00,
  0x00, 0x00, 0x00, 0x00, 0x24, 0x00, 0x00, 0x00, 0x00, 0x00, 0x00, 0x00,
  0x24, 0x00, 0x00, 0x00, 0x00, 0x00, 0x00, 0x00, 0x04, 0x00, 0x00, 0x00,
  0x00, 0x00, 0x00, 0x00, 0x02, 0x00, 0x00, 0x00, 0x06, 0x00, 0x00, 0x00,
  0x00, 0x70, 0x00, 0x00, 0x00, 0x00, 0x00, 0x00, 0x00, 0x70, 0x00, 0x00,
  0x00, 0x00, 0x00, 0x00, 0x00, 0x70, 0x00, 0x00, 0x00, 0x00, 0x00, 0x00,
  0x00, 0x02, 0x00, 0x00, 0x00, 0x00, 0x00, 0x00, 0x00, 0x02, 0x00, 0x00,
  0x00, 0x00, 0x00, 0x00, 0x08, 0x00, 0x00, 0x00, 0x00, 0x00, 0x00, 0x00,
  0x01, 0x00, 0x00, 0x00, 0x06, 0x00, 0x00, 0x00, 0x00, 0x70, 0x00, 0x00,
  0x00, 0x00, 0x00, 0x00, 0x00, 0x70, 0x00, 0x00, 0x00, 0x00, 0x00, 0x00,
  0x00, 0x70, 0x00, 0x00, 0x00, 0x00, 0x00, 0x00, 0x28, 0x05, 0x00, 0x00,
  0x00, 0x00, 0x00, 0x00, 0x28, 0x05, 0x00, 0x00, 0x00, 0x00, 0x00, 0x00,
  0x00, 0x10, 0x00, 0x00, 0x00, 0x00, 0x00, 0x00, 0x58, 0x58, 0x58, 0x58,
  0x58, 0x58, 0x58, 0x58, 0x58, 0x58, 0x58, 0x58, 0x58, 0x58, 0x58, 0x58,
  0x58, 0x58, 0x58, 0x58, 0x58, 0x58, 0x58, 0x58, 0x58, 0x58, 0x58, 0x58,
  0x58, 0x58, 0x58, 0x58, 0x58, 0x58, 0x58, 0x58, 0x58, 0x58, 0x58, 0x58,
  0x58, 0x58, 0x58, 0x58, 0x58, 0x58, 0x58, 0x58, 0x58, 0x58, 0x58, 0x58,
  0x58, 0x58, 0x58, 0x58, 0x58, 0x58, 0x58, 0x58, 0x58, 0x58, 0x58, 0x58,
  0x58, 0x58, 0x58, 0x58, 0x58, 0x58, 0x58, 0x58, 0x58, 0x58, 0x58, 0x58,
  0x58, 0x58, 0x58, 0x58, 0x58, 0x58, 0x58, 0x58, 0x58, 0x58, 0x58, 0x58,
  0x58, 0x58, 0x58, 0x58, 0x58, 0x58, 0x58, 0x58, 0x58, 0x58, 0x58, 0x58,
  0x58, 0x58, 0x58, 0x58, 0x58, 0x58, 0x58, 0x58, 0x58, 0x58, 0x58, 0x58,
  0x58, 0x58, 0x58, 0x58, 0x58, 0x58, 0x58, 0x58, 0x58, 0x58, 0x58, 0x58,
  0x58, 0x58, 0x58, 0x58, 0x58, 0x58, 0x58, 0x58, 0x58, 0x58, 0x58, 0x58,
  0x58, 0x58, 0x58, 0x58, 0x58, 0x58, 0x58, 0x58, 0x58, 0x58, 0x58, 0x58,
  0x58, 0x58, 0x58, 0x58, 0x58, 0x58, 0x58, 0x58, 0x58, 0x58, 0x58, 0x58,
  0x58, 0x58, 0x58, 0x58, 0x58, 0x58, 0x58, 0x58, 0x58, 0x58, 0x58, 0x58,
  0x58, 0x58, 0x58, 0x58, 0x58, 0x58, 0x58, 0x58, 0x58, 0x58, 0x58, 0x58,
  0x58, 0x58, 0x58, 0x58, 0x58, 0x58, 0x58, 0x58, 0x58, 0x58, 0x58, 0x58,
  0x58, 0x58, 0x58, 0x58, 0x58, 0x58, 0x58, 0x58, 0x58, 0x58, 0x58, 0x58,
  0x58, 0x58, 0x58, 0x58, 0x58, 0x58, 0x58, 0x58, 0x58, 0x58, 0x58, 0x58,
  0x58, 0x58, 0x58, 0x58, 0x58, 0x58, 0x58, 0x58, 0x58, 0x58, 0x58, 0x58,
  0x58, 0x58, 0x58, 0x58, 0x58, 0x58, 0x58, 0x58, 0x58, 0x58, 0x58, 0x58,
  0x58, 0x58, 0x58, 0x58, 0x58, 0x58, 0x58, 0x58, 0x58, 0x58, 0x58, 0x58,
  0x58, 0x58, 0x58, 0x58, 0x58, 0x58, 0x58, 0x58, 0x58, 0x58, 0x58, 0x58,
  0x58, 0x58, 0x58, 0x58, 0x58, 0x58, 0x58, 0x58, 0x58, 0x58, 0x58, 0x58,
  0x58, 0x58, 0x58, 0x58, 0x58, 0x58, 0x58, 0x58, 0x58, 0x58, 0x58, 0x58,
  0x58, 0x58, 0x58, 0x58, 0x58, 0x58, 0x58, 0x58, 0x58, 0x58, 0x58, 0x58,
  0x58, 0x58, 0x58, 0x58, 0x58, 0x58, 0x58, 0x58, 0x58, 0x58, 0x58, 0x58,
  0x58, 0x58, 0x58, 0x58, 0x58, 0x58, 0x58, 0x58, 0x58, 0x58, 0x58, 0x58,
  0x58, 0x58, 0x58, 0x58, 0x58, 0x58, 0x58, 0x58, 0x58, 0x58, 0x58, 0x58,
  0x58, 0x58, 0x58, 0x58, 0x58, 0x58, 0x58, 0x58, 0x58, 0x58, 0x58, 0x58,
  0x58, 0x58, 0x58, 0x58, 0x58, 0x58, 0x58, 0x58, 0x58, 0x58, 0x58, 0x58,
  0x58, 0x58, 0x58, 0x58, 0x58, 0x58, 0x58, 0x58, 0x58, 0x58, 0x58, 0x58,
  0x58, 0x58, 0x58, 0x58, 0x58, 0x58, 0x58, 0x58, 0x58, 0x58, 0x58, 0x58,
  0x58, 0x58, 0x58, 0x58, 0x58, 0x58, 0x58, 0x58, 0x58, 0x58, 0x58, 0x58,
  0x58, 0x58, 0x58, 0x58, 0x58, 0x58, 0x58, 0x58, 0x58, 0x58, 0x58, 0x58,
  0x58, 0x58, 0x58, 0x58, 0x58, 0x58, 0x58, 0x58, 0x58, 0x58, 0x58, 0x58,
  0x58, 0x58, 0x58, 0x58, 0x58, 0x58, 0x58, 0x58, 0x58, 0x58, 0x58, 0x58,
  0x58, 0x58, 0x58, 0x58, 0x58, 0x58, 0x58, 0x58, 0x58, 0x58, 0x58, 0x58,
  0x58, 0x58, 0x58, 0x58, 0x58, 0x58, 0x58, 0x58, 0x58, 0x58, 0x58, 0x58,
  0x58, 0x58, 0x58, 0x58, 0x58, 0x58, 0x58, 0x58, 0x58, 0x58, 0x58, 0x58,
  0x58, 0x58, 0x58, 0x58, 0x58, 0x58, 0x58, 0x58, 0x58, 0x58, 0x58, 0x58,
  0x58, 0x58, 0x58, 0x58, 0x58, 0x58, 0x58, 0x58, 0x58, 0x58, 0x58, 0x58,
  0x58, 0x58, 0x58, 0x58, 0x58, 0x58, 0x58, 0x58, 0x58, 0x58, 0x58, 0x58,
  0x58, 0x58, 0x58, 0x58, 0x58, 0x58, 0x58, 0x58, 0x58, 0x58, 0x58, 0x58,
  0x58, 0x58, 0x58, 0x58, 0x58, 0x58, 0x58, 0x58, 0x58, 0x58, 0x58, 0x58,
  0x58, 0x58, 0x58, 0x58, 0x58, 0x58, 0x58, 0x58, 0x58, 0x58, 0x58, 0x58,
  0x58, 0x58, 0x58, 0x58, 0x58, 0x58, 0x58, 0x58, 0x58, 0x58, 0x58, 0x58,
  0x58, 0x58, 0x58, 0x58, 0x58, 0x58, 0x58, 0x58, 0x58, 0x58, 0x58, 0x58,
  0x58, 0x58, 0x58, 0x58, 0x58, 0x58, 0x58, 0x58, 0x58, 0x58, 0x58, 0x58,
  0x58, 0x58, 0x58, 0x58, 0x58, 0x58, 0x58, 0x58, 0x58, 0x58, 0x58, 0x58,
  0x58, 0x58, 0x58, 0x58, 0x58, 0x58, 0x58, 0x58, 0x58, 0x58, 0x58, 0x58,
  0x58, 0x58, 0x58, 0x58, 0x58, 0x58, 0x58, 0x58, 0x58, 0x58, 0x58, 0x58,
  0x58, 0x58, 0x58, 0x58, 0x58, 0x58, 0x58, 0x58, 0x58, 0x58, 0x58, 0x58,
  0x58, 0x58, 0x58, 0x58, 0x58, 0x58, 0x58, 0x58, 0x58, 0x58, 0x58, 0x58,
  0x58, 0x58, 0x58, 0x58, 0x58, 0x58, 0x58, 0x58, 0x58, 0x58, 0x58, 0x58,
  0x58, 0x58, 0x58, 0x58, 0x58, 0x58, 0x58, 0x58, 0x58, 0x58, 0x58, 0x58,
  0x58, 0x58, 0x58, 0x58, 0x58, 0x58, 0x58, 0x58, 0x58, 0x58, 0x58, 0x58,
  0x58, 0x58, 0x58, 0x58, 0x58, 0x58, 0x58, 0x58, 0x58, 0x58, 0x58, 0x58,
  0x58, 0x58, 0x58, 0x58, 0x58, 0x58, 0x58, 0x58, 0x58, 0x58, 0x58, 0x58,
  0x58, 0x58, 0x58, 0x58, 0x58, 0x58, 0x58, 0x58, 0x58, 0x58, 0x58, 0x58,
  0x58, 0x58, 0x58, 0x58, 0x58, 0x58, 0x58, 0x58, 0x58, 0x58, 0x58, 0x58,
  0x58, 0x58, 0x58, 0x58, 0x58, 0x58, 0x58, 0x58, 0x58, 0x58, 0x58, 0x58,
  0x58, 0x58, 0x58, 0x58, 0x58, 0x58, 0x58, 0x58, 0x58, 0x58, 0x58, 0x58,
  0x58, 0x58, 0x58, 0x58, 0x58, 0x58, 0x58, 0x58, 0x58, 0x58, 0x58, 0x58,
  0x58, 0x58, 0x58, 0x58, 0x58, 0x58, 0x58, 0x58, 0x58, 0x58, 0x58, 0x58,
  0x58, 0x58, 0x58, 0x58, 0x58, 0x58, 0x58, 0x58, 0x58, 0x58, 0x58, 0x58,
  0x58, 0x58, 0x58, 0x58, 0x58, 0x58, 0x58, 0x58, 0x58, 0x58, 0x58, 0x58,
  0x58, 0x58, 0x58, 0x58, 0x58, 0x58, 0x58, 0x58, 0x58, 0x58, 0x58, 0x58,
  0x58, 0x58, 0x58, 0x58, 0x58, 0x58, 0x58, 0x58, 0x58, 0x58, 0x58, 0x58,
  0x58, 0x58, 0x58, 0x58, 0x58, 0x58, 0x58, 0x58, 0x58, 0x58, 0x58, 0x58,
  0x58, 0x58, 0x58, 0x58, 0x58, 0x58, 0x58, 0x58, 0x58, 0x58, 0x58, 0x58,
  0x58, 0x58, 0x58, 0x58, 0x58, 0x58, 0x58, 0x58, 0x58, 0x58, 0x58, 0x58,
  0x58, 0x58, 0x58, 0x58, 0x58, 0x58, 0x58, 0x58, 0x58, 0x58, 0x58, 0x58,
  0x58, 0x58, 0x58, 0x58, 0x58, 0x58, 0x58, 0x58, 0x58, 0x58, 0x58, 0x58,
  0x58, 0x58, 0x58, 0x58, 0x58, 0x58, 0x58, 0x58, 0x58, 0x58, 0x58, 0x58,
  0x58, 0x58, 0x58, 0x58, 0x58, 0x58, 0x58, 0x58, 0x58, 0x58, 0x58, 0x58,
  0x58, 0x58, 0x58, 0x58, 0x58, 0x58, 0x58, 0x58, 0x58, 0x58, 0x58, 0x58,
  0x58, 0x58, 0x58, 0x58, 0x58, 0x58, 0x58, 0x58, 0x58, 0x58, 0x58, 0x58,
  0x58, 0x58, 0x58, 0x58, 0x58, 0x58, 0x58, 0x58, 0x58, 0x58, 0x58, 0x58,
  0x58, 0x58, 0x58, 0x58, 0x58, 0x58, 0x58, 0x58, 0x58, 0x58, 0x58, 0x58,
  0x58, 0x58, 0x58, 0x58, 0x58, 0x58, 0x58, 0x58, 0x58, 0x58, 0x58, 0x58,
  0x58, 0x58, 0x58, 0x58, 0x58, 0x58, 0x58, 0x58, 0x58, 0x58, 0x58, 0x58,
  0x58, 0x58, 0x58, 0x58, 0x58, 0x58, 0x58, 0x58, 0x58, 0x58, 0x58, 0x58,
  0x58, 0x58, 0x58, 0x58, 0x58, 0x58, 0x58, 0x58, 0x58, 0x58, 0x58, 0x58,
  0x58, 0x58, 0x58, 0x58, 0x58, 0x58, 0x58, 0x58, 0x58, 0x58, 0x58, 0x58,
  0x58, 0x58, 0x58, 0x58, 0x58, 0x58, 0x58, 0x58, 0x58, 0x58, 0x58, 0x58,
  0x58, 0x58, 0x58, 0x58, 0x58, 0x58, 0x58, 0x58, 0x58, 0x58, 0x58, 0x58,
  0x58, 0x58, 0x58, 0x58, 0x58, 0x58, 0x58, 0x58, 0x58, 0x58, 0x58, 0x58,
  0x58, 0x58, 0x58, 0x58, 0x58, 0x58, 0x58, 0x58, 0x58, 0x58, 0x58, 0x58,
  0x58, 0x58, 0x58, 0x58, 0x58, 0x58, 0x58, 0x58, 0x58, 0x58, 0x58, 0x58,
  0x58, 0x58, 0x58, 0x58, 0x58, 0x58, 0x58, 0x58, 0x58, 0x58, 0x58, 0x58,
  0x58, 0x58, 0x58, 0x58, 0x58, 0x58, 0x58, 0x58, 0x58, 0x58, 0x58, 0x58,
  0x58, 0x58, 0x58, 0x58, 0x58, 0x58, 0x58, 0x58, 0x58, 0x58, 0x58, 0x58,
  0x58, 0x58, 0x58, 0x58, 0x58, 0x58, 0x58, 0x58, 0x58, 0x58, 0x58, 0x58,
  0x58, 0x58, 0x58, 0x58, 0x58, 0x58, 0x58, 0x58, 0x58, 0x58, 0x58, 0x58,
  0x58, 0x58, 0x58, 0x58, 0x58, 0x58, 0x58, 0x58, 0x58, 0x58, 0x58, 0x58,
  0x58, 0x58, 0x58, 0x58, 0x58, 0x58, 0x58, 0x58, 0x58, 0x58, 0x58, 0x58,
  0x58, 0x58, 0x58, 0x58, 0x58, 0x58, 0x58, 0x58, 0x58, 0x58, 0x58, 0x58,
  0x58, 0x58, 0x58, 0x58, 0x58, 0x58, 0x58, 0x58, 0x58, 0x58, 0x58, 0x58,
  0x58, 0x58, 0x58, 0x58, 0x58, 0x58, 0x58, 0x58, 0x58, 0x58, 0x58, 0x58,
  0x58, 0x58, 0x58, 0x58, 0x58, 0x58, 0x58, 0x58, 0x58, 0x58, 0x58, 0x58,
  0x58, 0x58, 0x58, 0x58, 0x58, 0x58, 0x58, 0x58, 0x58, 0x58, 0x58, 0x58,
  0x58, 0x58, 0x58, 0x58, 0x58, 0x58, 0x58, 0x58, 0x58, 0x58, 0x58, 0x58,
  0x58, 0x58, 0x58, 0x58, 0x58, 0x58, 0x58, 0x58, 0x58, 0x58, 0x58, 0x58,
  0x58, 0x58, 0x58, 0x58, 0x58, 0x58, 0x58, 0x58, 0x58, 0x58, 0x58, 0x58,
  0x58, 0x58, 0x58, 0x58, 0x58, 0x58, 0x58, 0x58, 0x58, 0x58, 0x58, 0x58,
  0x58, 0x58, 0x58, 0x58, 0x58, 0x58, 0x58, 0x58, 0x58, 0x58, 0x58, 0x58,
  0x58, 0x58, 0x58, 0x58, 0x58, 0x58, 0x58, 0x58, 0x58, 0x58, 0x58, 0x58,
  0x58, 0x58, 0x58, 0x58, 0x58, 0x58, 0x58, 0x58, 0x58, 0x58, 0x58, 0x58,
  0x58, 0x58, 0x58, 0x58, 0x58, 0x58, 0x58, 0x58, 0x58, 0x58, 0x58, 0x58,
  0x58, 0x58, 0x58, 0x58, 0x58, 0x58, 0x58, 0x58, 0x58, 0x58, 0x58, 0x58,
  0x58, 0x58, 0x58, 0x58, 0x58, 0x58, 0x58, 0x58, 0x58, 0x58, 0x58, 0x58,
  0x58, 0x58, 0x58, 0x58, 0x58, 0x58, 0x58, 0x58, 0x58, 0x58, 0x58, 0x58,
  0x58, 0x58, 0x58, 0x58, 0x58, 0x58, 0x58, 0x58, 0x58, 0x58, 0x58, 0x58,
  0x58, 0x58, 0x58, 0x58, 0x58, 0x58, 0x58, 0x58, 0x58, 0x58, 0x58, 0x58,
  0x58, 0x58, 0x58, 0x58, 0x58, 0x58, 0x58, 0x58, 0x58, 0x58, 0x58, 0x58,
  0x58, 0x58, 0x58, 0x58, 0x58, 0x58, 0x58, 0x58, 0x58, 0x58, 0x58, 0x58,
  0x58, 0x58, 0x58, 0x58, 0x58, 0x58, 0x58, 0x58, 0x58, 0x58, 0x58, 0x58,
  0x58, 0x58, 0x58, 0x58, 0x58, 0x58, 0x58, 0x58, 0x58, 0x58, 0x58, 0x58,
  0x58, 0x58, 0x58, 0x58, 0x58, 0x58, 0x58, 0x58, 0x58, 0x58, 0x58, 0x58,
  0x58, 0x58, 0x58, 0x58, 0x58, 0x58, 0x58, 0x58, 0x58, 0x58, 0x58, 0x58,
  0x58, 0x58, 0x58, 0x58, 0x58, 0x58, 0x58, 0x58, 0x58, 0x58, 0x58, 0x58,
  0x58, 0x58, 0x58, 0x58, 0x58, 0x58, 0x58, 0x58, 0x58, 0x58, 0x58, 0x58,
  0x58, 0x58, 0x58, 0x58, 0x58, 0x58, 0x58, 0x58, 0x58, 0x58, 0x58, 0x58,
  0x58, 0x58, 0x58, 0x58, 0x58, 0x58, 0x58, 0x58, 0x58, 0x58, 0x58, 0x58,
  0x58, 0x58, 0x58, 0x58, 0x58, 0x58, 0x58, 0x58, 0x58, 0x58, 0x58, 0x58,
  0x58, 0x58, 0x58, 0x58, 0x58, 0x58, 0x58, 0x58, 0x58, 0x58, 0x58, 0x58,
  0x58, 0x58, 0x58, 0x58, 0x58, 0x58, 0x58, 0x58, 0x58, 0x58, 0x58, 0x58,
  0x58, 0x58, 0x58, 0x58, 0x58, 0x58, 0x58, 0x58, 0x58, 0x58, 0x58, 0x58,
  0x58, 0x58, 0x58, 0x58, 0x58, 0x58, 0x58, 0x58, 0x58, 0x58, 0x58, 0x58,
  0x58, 0x58, 0x58, 0x58, 0x58, 0x58, 0x58, 0x58, 0x58, 0x58, 0x58, 0x58,
  0x58, 0x58, 0x58, 0x58, 0x58, 0x58, 0x58, 0x58, 0x58, 0x58, 0x58, 0x58,
  0x58, 0x58, 0x58, 0x58, 0x58, 0x58, 0x58, 0x58, 0x58, 0x58, 0x58, 0x58,
  0x58, 0x58, 0x58, 0x58, 0x58, 0x58, 0x58, 0x58, 0x58, 0x58, 0x58, 0x58,
  0x58, 0x58, 0x58, 0x58, 0x58, 0x58, 0x58, 0x58, 0x58, 0x58, 0x58, 0x58,
  0x58, 0x58, 0x58, 0x58, 0x58, 0x58, 0x58, 0x58, 0x58, 0x58, 0x58, 0x58,
  0x58, 0x58, 0x58, 0x58, 0x58, 0x58, 0x58, 0x58, 0x58, 0x58, 0x58, 0x58,
  0x58, 0x58, 0x58, 0x58, 0x58, 0x58, 0x58, 0x58, 0x58, 0x58, 0x58, 0x58,
  0x58, 0x58, 0x58, 0x58, 0x58, 0x58, 0x58, 0x58, 0x58, 0x58, 0x58, 0x58,
  0x58, 0x58, 0x58, 0x58, 0x58, 0x58, 0x58, 0x58, 0x58, 0x58, 0x58, 0x58,
  0x58, 0x58, 0x58, 0x58, 0x58, 0x58, 0x58, 0x58, 0x58, 0x58, 0x58, 0x58,
  0x58, 0x58, 0x58, 0x58, 0x58, 0x58, 0x58, 0x58, 0x58, 0x58, 0x58, 0x58,
  0x58, 0x58, 0x58, 0x58, 0x58, 0x58, 0x58, 0x58, 0x58, 0x58, 0x58, 0x58,
  0x58, 0x58, 0x58, 0x58, 0x58, 0x58, 0x58, 0x58, 0x58, 0x58, 0x58, 0x58,
  0x58, 0x58, 0x58, 0x58, 0x58, 0x58, 0x58, 0x58, 0x58, 0x58, 0x58, 0x58,
  0x58, 0x58, 0x58, 0x58, 0x58, 0x58, 0x00, 0x00, 0x00, 0x00, 0x00, 0x00,
  0x00, 0x00, 0x00, 0x00, 0x00, 0x00, 0x00, 0x00, 0x00, 0x00, 0x00, 0x00,
  0x00, 0x00, 0x00, 0x00, 0x00, 0x00, 0x00, 0x00, 0x00, 0x00, 0x00, 0x00,
  0x00, 0x00, 0x02, 0x00, 0x00, 0x00, 0x00, 0x00, 0x00, 0x00, 0x00, 0x00,
  0x00, 0x00, 0x00, 0x00, 0x00, 0x00, 0x00, 0x00, 0x00, 0x00, 0x00, 0x00,
  0x00, 0x00, 0x00, 0x00, 0x00, 0x00, 0x00, 0x00, 0x00, 0x00, 0x00, 0x00,
  0x00, 0x00, 0x00, 0x00, 0x00, 0x00, 0x00, 0x00, 0x00, 0x00, 0x01, 0x00,
  0x01, 0x00, 0x01, 0x00, 0x01, 0x00, 0x00, 0x00, 0x01, 0x00, 0x01, 0x00,
  0xc5, 0x02, 0x00, 0x00, 0x10, 0x00, 0x00, 0x00, 0x00, 0x00, 0x00, 0x00,
  0x75, 0x1a, 0x69, 0x09, 0x00, 0x00, 0x02, 0x00, 0xcf, 0x02, 0x00, 0x00,
  0x00, 0x00, 0x00, 0x00, 0xa0, 0x4d, 0x00, 0x00, 0x00, 0x00, 0x00, 0x00,
  0x08, 0x00, 0x00, 0x00, 0x00, 0x00, 0x00, 0x00, 0xb0, 0x12, 0x00, 0x00,
  0x00, 0x00, 0x00, 0x00, 0xa8, 0x4d, 0x00, 0x00, 0x00, 0x00, 0x00, 0x00,
  0x08, 0x00, 0x00, 0x00, 0x00, 0x00, 0x00, 0x00, 0x70, 0x12, 0x00, 0x00,
  0x00, 0x00, 0x00, 0x00, 0xb0, 0x4d, 0x00, 0x00, 0x00, 0x00, 0x00, 0x00,
  0x08, 0x00, 0x00, 0x00, 0x00, 0x00, 0x00, 0x00, 0xb0, 0x4d, 0x00, 0x00,
  0x00, 0x00, 0x00, 0x00, 0x28, 0x51, 0x00, 0x00, 0x00, 0x00, 0x00, 0x00,
  0x08, 0x00, 0x00, 0x00, 0x00, 0x00, 0x00, 0x00, 0x9f, 0x31, 0x00, 0x00,
  0x00, 0x00, 0x00, 0x00, 0x40, 0x51, 0x00, 0x00, 0x00, 0x00, 0x00, 0x00,
  0x08, 0x00, 0x00, 0x00, 0x00, 0x00, 0x00, 0x00, 0x80, 0x51, 0x00, 0x00,
  0x00, 0x00, 0x00, 0x00, 0x80, 0x51, 0x00, 0x00, 0x00, 0x00, 0x00, 0x00,
  0x08, 0x00, 0x00, 0x00, 0x00, 0x00, 0x00, 0x00, 0x13, 0x31, 0x00, 0x00,
  0x00, 0x00, 0x00, 0x00, 0x88, 0x51, 0x00, 0x00, 0x00, 0x00, 0x00, 0x00,
  0x08, 0x00, 0x00, 0x00, 0x00, 0x00, 0x00, 0x00, 0x60, 0x1d, 0x00, 0x00,
  0x00, 0x00, 0x00, 0x00, 0xa0, 0x51, 0x00, 0x00, 0x00, 0x00, 0x00, 0x00,
  0x08, 0x00, 0x00, 0x00, 0x00, 0x00, 0x00, 0x00, 0xf5, 0x30, 0x00, 0x00,
  0x00, 0x00, 0x00, 0x00, 0xa8, 0x51, 0x00, 0x00, 0x00, 0x00, 0x00, 0x00,
  0x08, 0x00, 0x00, 0x00, 0x00, 0x00, 0x00, 0x00, 0xc0, 0x1b, 0x00, 0x00,
  0x00, 0x00, 0x00, 0x00, 0xc0, 0x51, 0x00, 0x00, 0x00, 0x00, 0x00, 0x00,
  0x08, 0x00, 0x00, 0x00, 0x00, 0x00, 0x00, 0x00, 0xd3, 0x30, 0x00, 0x00,
  0x00, 0x00, 0x00, 0x00, 0xc8, 0x51, 0x00, 0x00, 0x00, 0x00, 0x00, 0x00,
  0x08, 0x00, 0x00, 0x00, 0x00, 0x00, 0x00, 0x00, 0x40, 0x1a, 0x00, 0x00,
  0x00, 0x00, 0x00, 0x00, 0xe0, 0x51, 0x00, 0x00, 0x00, 0x00, 0x00, 0x00,
  0x08, 0x00, 0x00, 0x00, 0x00, 0x00, 0x00, 0x00, 0x8d, 0x30, 0x00, 0x00,
  0x00, 0x00, 0x00, 0x00, 0xe8, 0x51, 0x00, 0x00, 0x00, 0x00, 0x00, 0x00,
  0x08, 0x00, 0x00, 0x00, 0x00, 0x00, 0x00, 0x00, 0x40, 0x17, 0x00, 0x00,
  0x00, 0x00, 0x00, 0x00, 0x00, 0x52, 0x00, 0x00, 0x00, 0x00, 0x00, 0x00,
  0x08, 0x00, 0x00, 0x00, 0x00, 0x00, 0x00, 0x00, 0x46, 0x30, 0x00, 0x00,
  0x00, 0x00, 0x00, 0x00, 0x08, 0x52, 0x00, 0x00, 0x00, 0x00, 0x00, 0x00,
  0x08, 0x00, 0x00, 0x00, 0x00, 0x00, 0x00, 0x00, 0xa0, 0x15, 0x00, 0x00,
  0x00, 0x00, 0x00, 0x00, 0x20, 0x52, 0x00, 0x00, 0x00, 0x00, 0x00, 0x00,
  0x08, 0x00, 0x00, 0x00, 0x00, 0x00, 0x00, 0x00, 0x0f, 0x30, 0x00, 0x00,
  0x00, 0x00, 0x00, 0x00, 0x28, 0x52, 0x00, 0x00, 0x00, 0x00, 0x00, 0x00,
  0x08, 0x00, 0x00, 0x00, 0x00, 0x00, 0x00, 0x00, 0x20, 0x14, 0x00, 0x00,
  0x00, 0x00, 0x00, 0x00, 0x40, 0x52, 0x00, 0x00, 0x00, 0x00, 0x00, 0x00,
  0x08, 0x00, 0x00, 0x00, 0x00, 0x00, 0x00, 0x00, 0xab, 0x31, 0x00, 0x00,
  0x00, 0x00, 0x00, 0x00, 0x48, 0x52, 0x00, 0x00, 0x00, 0x00, 0x00, 0x00,
  0x08, 0x00, 0x00, 0x00, 0x00, 0x00, 0x00, 0x00, 0xc0, 0x12, 0x00, 0x00,
  0x00, 0x00, 0x00, 0x00, 0xa8, 0x4f, 0x00, 0x00, 0x00, 0x00, 0x00, 0x00,
  0x06, 0x00, 0x00, 0x00, 0x01, 0x00, 0x00, 0x00, 0x00, 0x00, 0x00, 0x00,
  0x00, 0x00, 0x00, 0x00, 0xb0, 0x4f, 0x00, 0x00, 0x00, 0x00, 0x00, 0x00,
  0x06, 0x00, 0x00, 0x00, 0x03, 0x00, 0x00, 0x00, 0x00, 0x00, 0x00, 0x00,
  0x00, 0x00, 0x00, 0x00, 0xb8, 0x4f, 0x00, 0x00, 0x00, 0x00, 0x00, 0x00,
  0x06, 0x00, 0x00, 0x00, 0x04, 0x00, 0x00, 0x00, 0x00, 0x00, 0x00, 0x00,
  0x00, 0x00, 0x00, 0x00, 0xc0, 0x4f, 0x00, 0x00, 0x00, 0x00, 0x00, 0x00,
  0x06, 0x00, 0x00, 0x00, 0x07, 0x00, 0x00, 0x00, 0x00, 0x00, 0x00, 0x00,
  0x00, 0x00, 0x00, 0x00, 0xc8, 0x4f, 0x00, 0x00, 0x00, 0x00, 0x00, 0x00,
  0x06, 0x00, 0x00, 0x00, 0x0c, 0x00, 0x00, 0x00, 0x00, 0x00, 0x00, 0x00,
  0x00, 0x00, 0x00, 0x00, 0xd0, 0x4f, 0x00, 0x00, 0x00, 0x00, 0x00, 0x00,
  0x06, 0x00, 0x00, 0x00, 0x0e, 0x00, 0x00, 0x00, 0x00, 0x00, 0x00, 0x00,
  0x00, 0x00, 0x00, 0x00, 0xd8, 0x4f, 0x00, 0x00, 0x00, 0x00, 0x00, 0x00,
  0x06, 0x00, 0x00, 0x00, 0x10, 0x00, 0x00, 0x00, 0x00, 0x00, 0x00, 0x00,
  0x00, 0x00, 0x00, 0x00, 0xe0, 0x4f, 0x00, 0x00, 0x00, 0x00, 0x00, 0x00,
  0x06, 0x00, 0x00, 0x00, 0x12, 0x00, 0x00, 0x00, 0x00, 0x00, 0x00, 0x00,
  0x00, 0x00, 0x00, 0x00, 0xe8, 0x4f, 0x00, 0x00, 0x00, 0x00, 0x00, 0x00,
  0x06, 0x00, 0x00, 0x00, 0x15, 0x00, 0x00, 0x00, 0x00, 0x00, 0x00, 0x00,
  0x00, 0x00, 0x00, 0x00, 0xf0, 0x4f, 0x00, 0x00, 0x00, 0x00, 0x00, 0x00,
  0x06, 0x00, 0x00, 0x00, 0x1a, 0x00, 0x00, 0x00, 0x00, 0x00, 0x00, 0x00,
  0x00, 0x00, 0x00, 0x00, 0xf8, 0x4f, 0x00, 0x00, 0x00, 0x00, 0x00, 0x00,
  0x06, 0x00, 0x00, 0x00, 0x1d, 0x00, 0x00, 0x00, 0x00, 0x00, 0x00, 0x00,
  0x00, 0x00, 0x00, 0x00, 0x18, 0x50, 0x00, 0x00, 0x00, 0x00, 0x00, 0x00,
  0x07, 0x00, 0x00, 0x00, 0x02, 0x00, 0x00, 0x00, 0x00, 0x00, 0x00, 0x00,
  0x00, 0x00, 0x00, 0x00, 0x20, 0x50, 0x00, 0x00, 0x00, 0x00, 0x00, 0x00,
  0x07, 0x00, 0x00, 0x00, 0x04, 0x00, 0x00, 0x00, 0x00, 0x00, 0x00, 0x00,
  0x00, 0x00, 0x00, 0x00, 0x28, 0x50, 0x00, 0x00, 0x00, 0x00, 0x00, 0x00,
  0x07, 0x00, 0x00, 0x00, 0x05, 0x00, 0x00, 0x00, 0x00, 0x00, 0x00, 0x00,
  0x00, 0x00, 0x00, 0x00, 0x30, 0x50, 0x00, 0x00, 0x00, 0x00, 0x00, 0x00,
  0x07, 0x00, 0x00, 0x00, 0x06, 0x00, 0x00, 0x00, 0x00, 0x00, 0x00, 0x00,
  0x00, 0x00, 0x00, 0x00, 0x38, 0x50, 0x00, 0x00, 0x00, 0x00, 0x00, 0x00,
  0x07, 0x00, 0x00, 0x00, 0x08, 0x00, 0x00, 0x00, 0x00, 0x00, 0x00, 0x00,
  0x00, 0x00, 0x00, 0x00, 0x40, 0x50, 0x00, 0x00, 0x00, 0x00, 0x00, 0x00,
  0x07, 0x00, 0x00, 0x00, 0x09, 0x00, 0x00, 0x00, 0x00, 0x00, 0x00, 0x00,
  0x00, 0x00, 0x00, 0x00, 0x48, 0x50, 0x00, 0x00, 0x00, 0x00, 0x00, 0x00,
  0x07, 0x00, 0x00, 0x00, 0x0a, 0x00, 0x00, 0x00, 0x00, 0x00, 0x00, 0x00,
  0x00, 0x00, 0x00, 0x00, 0x50, 0x50, 0x00, 0x00, 0x00, 0x00, 0x00, 0x00,
  0x07, 0x00, 0x00, 0x00, 0x0b, 0x00, 0x00, 0x00, 0x00, 0x00, 0x00, 0x00,
  0x00, 0x00, 0x00, 0x00, 0x58, 0x50, 0x00, 0x00, 0x00, 0x00, 0x00, 0x00,
  0x07, 0x00, 0x00, 0x00, 0x0d, 0x00, 0x00, 0x00, 0x00, 0x00, 0x00, 0x00,
  0x00, 0x00, 0x00, 0x00, 0x60, 0x50, 0x00, 0x00, 0x00, 0x00, 0x00, 0x00,
  0x07, 0x00, 0x00, 0x00, 0x0f, 0x00, 0x00, 0x00, 0x00, 0x00, 0x00, 0x00,
  0x00, 0x00, 0x00, 0x00, 0x68, 0x50, 0x00, 0x00, 0x00, 0x00, 0x00, 0x00,
  0x07, 0x00, 0x00, 0x00, 0x10, 0x00, 0x00, 0x00, 0x00, 0x00, 0x00, 0x00,
  0x00, 0x00, 0x00, 0x00, 0x70, 0x50, 0x00, 0x00, 0x00, 0x00, 0x00, 0x00,
  0x07, 0x00, 0x00, 0x00, 0x11, 0x00, 0x00, 0x00, 0x00, 0x00, 0x00, 0x00,
  0x00, 0x00, 0x00, 0x00, 0x78, 0x50, 0x00, 0x00, 0x00, 0x00, 0x00, 0x00,
  0x07, 0x00, 0x00, 0x00, 0x13, 0x00, 0x00, 0x00, 0x00, 0x00, 0x00, 0x00,
  0x00, 0x00, 0x00, 0x00, 0x80, 0x50, 0x00, 0x00, 0x00, 0x00, 0x00, 0x00,
  0x07, 0x00, 0x00, 0x00, 0x14, 0x00, 0x00, 0x00, 0x00, 0x00, 0x00, 0x00,
  0x00, 0x00, 0x00, 0x00, 0x88, 0x50, 0x00, 0x00, 0x00, 0x00, 0x00, 0x00,
  0x07, 0x00, 0x00, 0x00, 0x16, 0x00, 0x00, 0x00, 0x00, 0x00, 0x00, 0x00,
  0x00, 0x00, 0x00, 0x00, 0x90, 0x50, 0x00, 0x00, 0x00, 0x00, 0x00, 0x00,
  0x07, 0x00, 0x00, 0x00, 0x17, 0x00, 0x00, 0x00, 0x00, 0x00, 0x00, 0x00,
  0x00, 0x00, 0x00, 0x00, 0x98, 0x50, 0x00, 0x00, 0x00, 0x00, 0x00, 0x00,
  0x07, 0x00, 0x00, 0x00, 0x26, 0x00, 0x00, 0x00, 0x00, 0x00, 0x00, 0x00,
  0x00, 0x00, 0x00, 0x00, 0xa0, 0x50, 0x00, 0x00, 0x00, 0x00, 0x00, 0x00,
  0x07, 0x00, 0x00, 0x00, 0x18, 0x00, 0x00, 0x00, 0x00, 0x00, 0x00, 0x00,
  0x00, 0x00, 0x00, 0x00, 0xa8, 0x50, 0x00, 0x00, 0x00, 0x00, 0x00, 0x00,
  0x07, 0x00, 0x00, 0x00, 0x19, 0x00, 0x00, 0x00, 0x00, 0x00, 0x00, 0x00,
  0x00, 0x00, 0x00, 0x00, 0xb0, 0x50, 0x00, 0x00, 0x00, 0x00, 0x00, 0x00,
  0x07, 0x00, 0x00, 0x00, 0x1b, 0x00, 0x00, 0x00, 0x00, 0x00, 0x00, 0x00,
  0x00, 0x00, 0x00, 0x00, 0xb8, 0x50, 0x00, 0x00, 0x00, 0x00, 0x00, 0x00,
  0x07, 0x00, 0x00, 0x00, 0x1c, 0x00, 0x00, 0x00, 0x00, 0x00, 0x00, 0x00,
  0x00, 0x00, 0x00, 0x00, 0xc0, 0x50, 0x00, 0x00, 0x00, 0x00, 0x00, 0x00,
  0x07, 0x00, 0x00, 0x00, 0x1e, 0x00, 0x00, 0x00, 0x00, 0x00, 0x00, 0x00,
  0x00, 0x00, 0x00, 0x00, 0xc8, 0x50, 0x00, 0x00, 0x00, 0x00, 0x00, 0x00,
  0x07, 0x00, 0x00, 0x00, 0x1f, 0x00, 0x00, 0x00, 0x00, 0x00, 0x00, 0x00,
  0x00, 0x00, 0x00, 0x00, 0xd0, 0x50, 0x00, 0x00, 0x00, 0x00, 0x00, 0x00,
  0x07, 0x00, 0x00, 0x00, 0x20, 0x00, 0x00, 0x00, 0x00, 0x00, 0x00, 0x00,
  0x00, 0x00, 0x00, 0x00, 0xd8, 0x50, 0x00, 0x00, 0x00, 0x00, 0x00, 0x00,
  0x07, 0x00, 0x00, 0x00, 0x21, 0x00, 0x00, 0x00, 0x00, 0x00, 0x00, 0x00,
  0x00, 0x00, 0x00, 0x00, 0xe0, 0x50, 0x00, 0x00, 0x00, 0x00, 0x00, 0x00,
  0x07, 0x00, 0x00, 0x00, 0x22, 0x00, 0x00, 0x00, 0x00, 0x00, 0x00, 0x00,
  0x00, 0x00, 0x00, 0x00, 0xe8, 0x50, 0x00, 0x00, 0x00, 0x00, 0x00, 0x00,
  0x07, 0x00, 0x00, 0x00, 0x23, 0x00, 0x00, 0x00, 0x00, 0x00, 0x00, 0x00,
  0x00, 0x00, 0x00, 0x00, 0xf0, 0x50, 0x00, 0x00, 0x00, 0x00, 0x00, 0x00,
  0x07, 0x00, 0x00, 0x00, 0x24, 0x00, 0x00, 0x00, 0x00, 0x00, 0x00, 0x00,
  0x00, 0x00, 0x00, 0x00, 0xf8, 0x50, 0x00, 0x00, 0x00, 0x00, 0x00, 0x00,
  0x07, 0x00, 0x00, 0x00, 0x25, 0x00, 0x00, 0x00, 0x00, 0x00, 0x00, 0x00,
  0x00, 0x00, 0x00, 0x00, 0x00, 0x00, 0x00, 0x00, 0x00, 0x00, 0x00, 0x00,
  0x00, 0x00, 0x00, 0x00, 0x00, 0x00, 0x00, 0x00, 0x00, 0x00, 0x00, 0x00,
  0x00, 0x00, 0x00, 0x00, 0x00, 0x00, 0x00, 0x00, 0x00, 0x00, 0x00, 0x00,
  0x00, 0x00, 0x00, 0x00, 0x00, 0x00, 0x00, 0x00, 0x00, 0x00, 0x00, 0x00,
  0x00, 0x00, 0x00, 0x00, 0x00, 0x00, 0x00, 0x00, 0x00, 0x00, 0x00, 0x00,
  0x00, 0x00, 0x00, 0x00, 0x00, 0x00, 0x00, 0x00, 0x00, 0x00, 0x00, 0x00,
  0x00, 0x00, 0x00, 0x00, 0x00, 0x00, 0x00, 0x00, 0x00, 0x00, 0x00, 0x00,
  0x00, 0x00, 0x00, 0x00, 0x00, 0x00, 0x00, 0x00, 0x00, 0x00, 0x00, 0x00,
  0x00, 0x00, 0x00, 0x00, 0x00, 0x00, 0x00, 0x00, 0x00, 0x00, 0x00, 0x00,
  0x00, 0x00, 0x00, 0x00, 0x00, 0x00, 0x00, 0x00, 0x00, 0x00, 0x00, 0x00,
  0x00, 0x00, 0x00, 0x00, 0x00, 0x00, 0x00, 0x00, 0x00, 0x00, 0x00, 0x00,
  0x00, 0x00, 0x00, 0x00, 0x00, 0x00, 0x00, 0x00, 0x00, 0x00, 0x00, 0x00,
  0x00, 0x00, 0x00, 0x00, 0x48, 0x83, 0xec, 0x08, 0x48, 0x8b, 0x05, 0xad,
  0x3f, 0x00, 0x00, 0x48, 0x85, 0xc0, 0x74, 0x05, 0xe8, 0x2b, 0x00, 0x00,
  0x00, 0x48, 0x83, 0xc4, 0x08, 0xc3, 0x00, 0x00, 0x00, 0x00, 0x00, 0x00,
  0xff, 0x35, 0xe2, 0x3f, 0x00, 0x00, 0xff, 0x25, 0xe4, 0x3f, 0x00, 0x00,
  0x0f, 0x1f, 0x40, 0x00, 0xff, 0x25, 0xe2, 0x3f, 0x00, 0x00, 0x68, 0x00,
  0x00, 0x00, 0x00, 0xe9, 0xe0, 0xff, 0xff, 0xff, 0xff, 0x25, 0xda, 0x3f,
  0x00, 0x00, 0x68, 0x01, 0x00, 0x00, 0x00, 0xe9, 0xd0, 0xff, 0xff, 0xff,
  0xff, 0x25, 0xd2, 0x3f, 0x00, 0x00, 0x68, 0x02, 0x00, 0x00, 0x00, 0xe9,
  0xc0, 0xff, 0xff, 0xff, 0xff, 0x25, 0xca, 0x3f, 0x00, 0x00, 0x68, 0x03,
  0x00, 0x00, 0x00, 0xe9, 0xb0, 0xff, 0xff, 0xff, 0xff, 0x25, 0xc2, 0x3f,
  0x00, 0x00, 0x68, 0x04, 0x00, 0x00, 0x00, 0xe9, 0xa0, 0xff, 0xff, 0xff,
  0xff, 0x25, 0xba, 0x3f, 0x00, 0x00, 0x68, 0x05, 0x00, 0x00, 0x00, 0xe9,
  0x90, 0xff, 0xff, 0xff, 0xff, 0x25, 0xb2, 0x3f, 0x00, 0x00, 0x68, 0x06,
  0x00, 0x00, 0x00, 0xe9, 0x80, 0xff, 0xff, 0xff, 0xff, 0x25, 0xaa, 0x3f,
  0x00, 0x00, 0x68, 0x07, 0x00, 0x00, 0x00, 0xe9, 0x70, 0xff, 0xff, 0xff,
  0xff, 0x25, 0xa2, 0x3f, 0x00, 0x00, 0x68, 0x08, 0x00, 0x00, 0x00, 0xe9,
  0x60, 0xff, 0xff, 0xff, 0xff, 0x25, 0x9a, 0x3f, 0x00, 0x00, 0x68, 0x09,
  0x00, 0x00, 0x00, 0xe9, 0x50, 0xff, 0xff, 0xff, 0xff, 0x25, 0x92, 0x3f,
  0x00, 0x00, 0x68, 0x0a, 0x00, 0x00, 0x00, 0xe9, 0x40, 0xff, 0xff, 0xff,
  0xff, 0x25, 0x8a, 0x3f, 0x00, 0x00, 0x68, 0x0b, 0x00, 0x00, 0x00, 0xe9,
  0x30, 0xff, 0xff, 0xff, 0xff, 0x25, 0x82, 0x3f, 0x00, 0x00, 0x68, 0x0c,
  0x00, 0x00, 0x00, 0xe9, 0x20, 0xff, 0xff, 0xff, 0xff, 0x25, 0x7a, 0x3f,
  0x00, 0x00, 0x68, 0x0d, 0x00, 0x00, 0x00, 0xe9, 0x10, 0xff, 0xff, 0xff,
  0xff, 0x25, 0x72, 0x3f, 0x00, 0x00, 0x68, 0x0e, 0x00, 0x00, 0x00, 0xe9,
  0x00, 0xff, 0xff, 0xff, 0xff, 0x25, 0x6a, 0x3f, 0x00, 0x00, 0x68, 0x0f,
  0x00, 0x00, 0x00, 0xe9, 0xf0, 0xfe, 0xff, 0xff, 0xff, 0x25, 0x62, 0x3f,
  0x00, 0x00, 0x68, 0x10, 0x00, 0x00, 0x00, 0xe9, 0xe0, 0xfe, 0xff, 0xff,
  0xff, 0x25, 0x5a, 0x3f, 0x00, 0x00, 0x68, 0x11, 0x00, 0x00, 0x00, 0xe9,
  0xd0, 0xfe, 0xff, 0xff, 0xff, 0x25, 0x52, 0x3f, 0x00, 0x00, 0x68, 0x12,
  0x00, 0x00, 0x00, 0xe9, 0xc0, 0xfe, 0xff, 0xff, 0xff, 0x25, 0x4a, 0x3f,
  0x00, 0x00, 0x68, 0x13, 0x00, 0x00, 0x00, 0xe9, 0xb0, 0xfe, 0xff, 0xff,
  0xff, 0x25, 0x42, 0x3f, 0x00, 0x00, 0x68, 0x14, 0x00, 0x00, 0x00, 0xe9,
  0xa0, 0xfe, 0xff, 0xff, 0xff, 0x25, 0x3a, 0x3f, 0x00, 0x00, 0x68, 0x15,
  0x00, 0x00, 0x00, 0xe9, 0x90, 0xfe, 0xff, 0xff, 0xff, 0x25, 0x32, 0x3f,
  0x00, 0x00, 0x68, 0x16, 0x00, 0x00, 0x00, 0xe9, 0x80, 0xfe, 0xff, 0xff,
  0xff, 0x25, 0x2a, 0x3f, 0x00, 0x00, 0x68, 0x17, 0x00, 0x00, 0x00, 0xe9,
  0x70, 0xfe, 0xff, 0xff, 0xff, 0x25, 0x22, 0x3f, 0x00, 0x00, 0x68, 0x18,
  0x00, 0x00, 0x00, 0xe9, 0x60, 0xfe, 0xff, 0xff, 0xff, 0x25, 0x1a, 0x3f,
  0x00, 0x00, 0x68, 0x19, 0x00, 0x00, 0x00, 0xe9, 0x50, 0xfe, 0xff, 0xff,
  0xff, 0x25, 0x12, 0x3f, 0x00, 0x00, 0x68, 0x1a, 0x00, 0x00, 0x00, 0xe9,
  0x40, 0xfe, 0xff, 0xff, 0xff, 0x25, 0x0a, 0x3f, 0x00, 0x00, 0x68, 0x1b,
  0x00, 0x00, 0x00, 0xe9, 0x30, 0xfe, 0xff, 0xff, 0xff, 0x25, 0x02, 0x3f,
  0x00, 0x00, 0x68, 0x1c, 0x00, 0x00, 0x00, 0xe9, 0x20, 0xfe, 0xff, 0xff,
  0x48, 0x8d, 0x3d, 0x79, 0x40, 0x00, 0x00, 0x48, 0x8d, 0x05, 0x72, 0x40,
  0x00, 0x00, 0x48, 0x39, 0xf8, 0x74, 0x15, 0x48, 0x8b, 0x05, 0xae, 0x3d,
  0x00, 0x00, 0x48, 0x85, 0xc0, 0x74, 0x09, 0xff, 0xe0, 0x0f, 0x1f, 0x80,
  0x00, 0x00, 0x00, 0x00, 0xc3, 0x0f, 0x1f, 0x80, 0x00, 0x00, 0x00, 0x00,
  0x48, 0x8d, 0x3d, 0x49, 0x40, 0x00, 0x00, 0x48, 0x8d, 0x35, 0x42, 0x40,
  0x00, 0x00, 0x48, 0x29, 0xfe, 0x48, 0x89, 0xf0, 0x48, 0xc1, 0xee, 0x3f,
  0x48, 0xc1, 0xf8, 0x03, 0x48, 0x01, 0xc6, 0x48, 0xd1, 0xfe, 0x74, 0x14,
  0x48, 0x8b, 0x05, 0x75, 0x3d, 0x00, 0x00, 0x48, 0x85, 0xc0, 0x74, 0x08,
  0xff, 0xe0, 0x66, 0x0f, 0x1f, 0x44, 0x00, 0x00, 0xc3, 0x0f, 0x1f, 0x80,
  0x00, 0x00, 0x00, 0x00, 0x80, 0x3d, 0x09, 0x40, 0x00, 0x00, 0x00, 0x75,
  0x2f, 0x55, 0x48, 0x83, 0x3d, 0x56, 0x3d, 0x00, 0x00, 0x00, 0x48, 0x89,
  0xe5, 0x74, 0x0c, 0x48, 0x8d, 0x3d, 0x22, 0x3b, 0x00, 0x00, 0xe8, 0x3d,
  0xfe, 0xff, 0xff, 0xe8, 0x68, 0xff, 0xff, 0xff, 0xc6, 0x05, 0xe1, 0x3f,
  0x00, 0x00, 0x01, 0x5d, 0xc3, 0x0f, 0x1f, 0x80, 0x00, 0x00, 0x00, 0x00,
  0xc3, 0x0f, 0x1f, 0x80, 0x00, 0x00, 0x00, 0x00, 0xe9, 0x7b, 0xff, 0xff,
  0xff, 0x66, 0x2e, 0x0f, 0x1f, 0x84, 0x00, 0x00, 0x00, 0x00, 0x00, 0x90,
  0x55, 0x48, 0x83, 0xec, 0x10, 0x48, 0xc7, 0x44, 0x24, 0x08, 0xff, 0xff,
  0xff, 0xff, 0xe8, 0x1d, 0xfe, 0xff, 0xff, 0x48, 0x8d, 0x74, 0x24, 0x08,
  0x48, 0x8d, 0x3d, 0x21, 0x1d, 0x00, 0x00, 0x48, 0x89, 0xc5, 0xe8, 0x49,
  0xfe, 0xff, 0xff, 0x48, 0x85, 0xed, 0x74, 0x08, 0x48, 0x89, 0xef, 0xe8,
  0xec, 0xfd, 0xff, 0xff, 0xe8, 0xb7, 0xfd, 0xff, 0xff, 0x49, 0x89, 0xc0,
  0x31, 0xc0, 0x4d, 0x85, 0xc0, 0x75, 0x0b, 0x48, 0x8b, 0x05, 0xe6, 0x3c,
  0x00, 0x00, 0x48, 0x83, 0x00, 0x01, 0x48, 0x83, 0xc4, 0x10, 0x5d, 0xc3,
  0x66, 0x66, 0x2e, 0x0f, 0x1f, 0x84, 0x00, 0x00, 0x00, 0x00, 0x00, 0x90,
  0x41, 0x57, 0x49, 0x89, 0xcf, 0x41, 0x56, 0x4d, 0x89, 0xc6, 0x41, 0x55,
  0x49, 0x89, 0xd5, 0x41, 0x54, 0x55, 0x89, 0xf5, 0x53, 0x48, 0x89, 0xfb,
  0x48, 0x83, 0xec, 0x08, 0x48, 0x8b, 0x05, 0x4d, 0x3f, 0x00, 0x00, 0x48,
  0x8b, 0x7f, 0x08, 0x48, 0x8b, 0x70, 0x10, 0x48, 0x39, 0xfe, 0x74, 0x0c,
  0xe8, 0xbb, 0xfd, 0xff, 0xff, 0x41, 0x89, 0xc4, 0x85, 0xc0, 0x74, 0x34,
  0x44, 0x8b, 0x63, 0x40, 0x41, 0x83, 0xe4, 0x01, 0x74, 0x72, 0x48, 0x8b,
  0x43, 0x38, 0x3b, 0x68, 0x1c, 0x75, 0x41, 0x80, 0x78, 0x1a, 0x3e, 0x0f,
  0x84, 0x7f, 0x00, 0x00, 0x00, 0x48, 0x83, 0xc4, 0x08, 0x44, 0x89, 0xe0,
  0x5b, 0x5d, 0x41, 0x5c, 0x41, 0x5d, 0x41, 0x5e, 0x41, 0x5f, 0xc3, 0x0f,
  0x1f, 0x44, 0x00, 0x00, 0x48, 0x8b, 0x3d, 0xf1, 0x3e, 0x00, 0x00, 0x4c,
  0x89, 0xf1, 0x4c, 0x89, 0xea, 0x31, 0xc0, 0x48, 0x8d, 0x35, 0x12, 0x1e,
  0x00, 0x00, 0xe8, 0xf5, 0xfc, 0xff, 0xff, 0xeb, 0xcc, 0x0f, 0x1f, 0x00,
  0x48, 0x8b, 0x3d, 0xd1, 0x3e, 0x00, 0x00, 0x4d, 0x89, 0xf0, 0x4c, 0x89,
  0xf9, 0x4c, 0x89, 0xea, 0x48, 0x8d, 0x35, 0x61, 0x1e, 0x00, 0x00, 0x31,
  0xc0, 0x45, 0x31, 0xe4, 0xe8, 0xcf, 0xfc, 0xff, 0xff, 0xeb, 0xa6, 0x0f,
  0x1f, 0x44, 0x00, 0x00, 0x48, 0x8b, 0x3d, 0xa9, 0x3e, 0x00, 0x00, 0x4c,
  0x89, 0xf1, 0x4c, 0x89, 0xea, 0x31, 0xc0, 0x48, 0x8d, 0x35, 0x02, 0x1e,
  0x00, 0x00, 0xe8, 0xad, 0xfc, 0xff, 0xff, 0xeb, 0x84, 0x0f, 0x1f, 0x00,
  0x48, 0x8b, 0x3d, 0x89, 0x3e, 0x00, 0x00, 0x4c, 0x89, 0xf1, 0x4c, 0x89,
  0xea, 0x31, 0xc0, 0x48, 0x8d, 0x35, 0x52, 0x1e, 0x00, 0x00, 0x45, 0x31,
  0xe4, 0xe8, 0x8a, 0xfc, 0xff, 0xff, 0xe9, 0x5e, 0xff, 0xff, 0xff, 0x0f,
  0x1f, 0x44, 0x00, 0x00, 0x41, 0x57, 0x48, 0x89, 0xf7, 0x48, 0x8d, 0x35,
  0xd9, 0x1b, 0x00, 0x00, 0x41, 0x56, 0x41, 0x55, 0x41, 0x54, 0x55, 0x53,
  0x48, 0x83, 0xec, 0x58, 0x4c, 0x8d, 0x6c, 0x24, 0x18, 0x4c, 0x8d, 0x64,
  0x24, 0x10, 0x48, 0x8d, 0x6c, 0x24, 0x08, 0x48, 0x83, 0xec, 0x08, 0x4d,
  0x89, 0xe8, 0x4c, 0x89, 0xe1, 0x4c, 0x8d, 0x7c, 0x24, 0x50, 0x48, 0x89,
  0xea, 0x41, 0x57, 0x4c, 0x8d, 0x74, 0x24, 0x30, 0x41, 0x56, 0x48, 0x8d,
  0x44, 0x24, 0x50, 0x50, 0x48, 0x8d, 0x44, 0x24, 0x50, 0x50, 0x31, 0xc0,
  0x48, 0x8d, 0x5c, 0x24, 0x68, 0x53, 0x4c, 0x8d, 0x4c, 0x24, 0x58, 0xe8,
  0xe0, 0xfb, 0xff, 0xff, 0x48, 0x83, 0xc4, 0x30, 0x85, 0xc0, 0x0f, 0x84,
  0xfc, 0x00, 0x00, 0x00, 0x48, 0x8b, 0x7c, 0x24, 0x28, 0x4c, 0x8d, 0x05,
  0x77, 0x1b, 0x00, 0x00, 0x48, 0x8d, 0x0d, 0x77, 0x1b, 0x00, 0x00, 0xbe,
  0x0f, 0x00, 0x00, 0x00, 0x48, 0x8d, 0x15, 0xd0, 0x1b, 0x00, 0x00, 0xe8,
  0x70, 0xfe, 0xff, 0xff, 0x85, 0xc0, 0x0f, 0x84, 0xd0, 0x00, 0x00, 0x00,
  0x48, 0x8b, 0x7c, 0x24, 0x30, 0x4c, 0x8d, 0x05, 0x4b, 0x1b, 0x00, 0x00,
  0x48, 0x8d, 0x0d, 0x4b, 0x1b, 0x00, 0x00, 0xbe, 0x0f, 0x00, 0x00, 0x00,
  0x48, 0x8d, 0x15, 0x4b, 0x1b, 0x00, 0x00, 0xe8, 0x44, 0xfe, 0xff, 0xff,
  0x85, 0xc0, 0x0f, 0x84, 0xa4, 0x00, 0x00, 0x00, 0x48, 0x8b, 0x7c, 0x24,
  0x38, 0x4c, 0x8d, 0x05, 0x1f, 0x1b, 0x00, 0x00, 0x48, 0x8d, 0x0d, 0x1f,
  0x1b, 0x00, 0x00, 0xbe, 0x0f, 0x00, 0x00, 0x00, 0x48, 0x8d, 0x15, 0xab,
  0x1b, 0x00, 0x00, 0xe8, 0x18, 0xfe, 0xff, 0xff, 0x85, 0xc0, 0x74, 0x7c,
  0x48, 0x8b, 0x44, 0x24, 0x30, 0x48, 0x83, 0xec, 0x08, 0x4c, 0x89, 0xe6,
  0x49, 0x89, 0xd8, 0x4c, 0x89, 0xea, 0x48, 0x89, 0xef, 0x4c, 0x8b, 0x48,
  0x10, 0x48, 0x8b, 0x44, 0x24, 0x30, 0x48, 0x8b, 0x48, 0x10, 0x41, 0x57,
  0x41, 0x56, 0x48, 0x8b, 0x44, 0x24, 0x50, 0xff, 0x70, 0x10, 0xe8, 0x81,
  0xfb, 0xff, 0xff, 0x48, 0x83, 0xc4, 0x20, 0x49, 0x89, 0xc4, 0xe8, 0x65,
  0xfb, 0xff, 0xff, 0x48, 0x85, 0xc0, 0x75, 0x38, 0x4c, 0x8b, 0x44, 0x24,
  0x48, 0x4c, 0x89, 0xe2, 0x48, 0x8d, 0x0d, 0xc7, 0x1a, 0x00, 0x00, 0x48,
  0x8d, 0x35, 0xc5, 0x1a, 0x00, 0x00, 0x48, 0x8d, 0x3d, 0xc6, 0x1a, 0x00,
  0x00, 0xe8, 0x7e, 0xfc, 0xff, 0xff, 0x48, 0x83, 0xc4, 0x58, 0x5b, 0x5d,
  0x41, 0x5c, 0x41, 0x5d, 0x41, 0x5e, 0x41, 0x5f, 0xc3, 0x0f, 0x1f, 0x80,
  0x00, 0x00, 0x00, 0x00, 0x48, 0x83, 0xc4, 0x58, 0x31, 0xc0, 0x5b, 0x5d,
  0x41, 0x5c, 0x41, 0x5d, 0x41, 0x5e, 0x41, 0x5f, 0xc3, 0x0f, 0x1f, 0x80,
  0x00, 0x00, 0x00, 0x00, 0x41, 0x56, 0x48, 0x89, 0xf7, 0x48, 0x8d, 0x35,
  0x91, 0x1a, 0x00, 0x00, 0x41, 0x55, 0x41, 0x54, 0x55, 0x53, 0x48, 0x83,
  0xec, 0x40, 0x4c, 0x8d, 0x74, 0x24, 0x38, 0x4c, 0x8d, 0x6c, 0x24, 0x30,
  0x48, 0x89, 0xe5, 0x4c, 0x8d, 0x64, 0x24, 0x08, 0x41, 0x56, 0x4d, 0x89,
  0xe9, 0x48, 0x89, 0xea, 0x4c, 0x89, 0xe1, 0x48, 0x8d, 0x5c, 0x24, 0x18,
  0x53, 0x48, 0x8d, 0x44, 0x24, 0x38, 0x50, 0x48, 0x8d, 0x44, 0x24, 0x38,
  0x50, 0x31, 0xc0, 0x4c, 0x8d, 0x44, 0x24, 0x38, 0xe8, 0x6f, 0xfa, 0xff,
  0xff, 0x48, 0x89, 0xec, 0x85, 0xc0, 0x0f, 0x84, 0x2c, 0x01, 0x00, 0x00,
  0x48, 0x8b, 0x7c, 0x24, 0x18, 0x4c, 0x8d, 0x05, 0x3e, 0x1a, 0x00, 0x00,
  0x48, 0x8d, 0x0d, 0x07, 0x1a, 0x00, 0x00, 0xbe, 0x0f, 0x00, 0x00, 0x00,
  0x48, 0x8d, 0x15, 0x60, 0x1a, 0x00, 0x00, 0xe8, 0x00, 0xfd, 0xff, 0xff,
  0x85, 0xc0, 0x0f, 0x84, 0x00, 0x01, 0x00, 0x00, 0x48, 0x8b, 0x7c, 0x24,
  0x20, 0x4c, 0x8d, 0x05, 0x12, 0x1a, 0x00, 0x00, 0x48, 0x8d, 0x0d, 0xdb,
  0x19, 0x00, 0x00, 0xbe, 0x0f, 0x00, 0x00, 0x00, 0x48, 0x8d, 0x15, 0xdb,
  0x19, 0x00, 0x00, 0xe8, 0xd4, 0xfc, 0xff, 0xff, 0x85, 0xc0, 0x0f, 0x84,
  0xd4, 0x00, 0x00, 0x00, 0x48, 0x8b, 0x7c, 0x24, 0x28, 0x4c, 0x8d, 0x05,
  0xe6, 0x19, 0x00, 0x00, 0x48, 0x8d, 0x0d, 0xaf, 0x19, 0x00, 0x00, 0xbe,
  0x0f, 0x00, 0x00, 0x00, 0x48, 0x8d, 0x15, 0x3b, 0x1a, 0x00, 0x00, 0xe8,
  0xa8, 0xfc, 0xff, 0xff, 0x85, 0xc0, 0x0f, 0x84, 0xa8, 0x00, 0x00, 0x00,
  0x48, 0x8b, 0x44, 0x24, 0x28, 0x4c, 0x89, 0xe9, 0x4c, 0x89, 0xe6, 0x48,
  0x89, 0xef, 0x4c, 0x8b, 0x48, 0x10, 0x48, 0x8b, 0x44, 0x24, 0x20, 0x4c,
  0x8b, 0x40, 0x10, 0x48, 0x8b, 0x44, 0x24, 0x18, 0x48, 0x8b, 0x50, 0x10,
  0x41, 0x56, 0x53, 0xe8, 0xa4, 0xfa, 0xff, 0xff, 0x49, 0x89, 0xc4, 0xe8,
  0xfc, 0xf9, 0xff, 0xff, 0x5a, 0x59, 0x48, 0x85, 0xc0, 0x75, 0x6d, 0x48,
  0x83, 0xec, 0x08, 0x48, 0x8d, 0x05, 0x60, 0x19, 0x00, 0x00, 0x4c, 0x89,
  0xe2, 0xff, 0x74, 0x24, 0x40, 0x4c, 0x8d, 0x0d, 0x79, 0x19, 0x00, 0x00,
  0x48, 0x8d, 0x0d, 0x74, 0x19, 0x00, 0x00, 0x50, 0x48, 0x8d, 0x05, 0x90,
  0x19, 0x00, 0x00, 0x48, 0x8d, 0x35, 0x67, 0x19, 0x00, 0x00, 0xff, 0x74,
  0x24, 0x28, 0x48, 0x8d, 0x3d, 0x64, 0x19, 0x00, 0x00, 0x50, 0x48, 0x8d,
  0x05, 0x7c, 0x19, 0x00, 0x00, 0xff, 0x74, 0x24, 0x58, 0x50, 0x31, 0xc0,
  0xff, 0x74, 0x24, 0x40, 0x4c, 0x8b, 0x44, 0x24, 0x40, 0xe8, 0xde, 0xfa,
  0xff, 0xff, 0x48, 0x83, 0xc4, 0x40, 0x48, 0x83, 0xc4, 0x40, 0x5b, 0x5d,
  0x41, 0x5c, 0x41, 0x5d, 0x41, 0x5e, 0xc3, 0x0f, 0x1f, 0x44, 0x00, 0x00,
  0x48, 0x83, 0xc4, 0x40, 0x31, 0xc0, 0x5b, 0x5d, 0x41, 0x5c, 0x41, 0x5d,
  0x41, 0x5e, 0xc3, 0x66, 0x0f, 0x1f, 0x84, 0x00, 0x00, 0x00, 0x00, 0x00,
  0x41, 0x57, 0x48, 0x89, 0xf7, 0x48, 0x8d, 0x35, 0x31, 0x19, 0x00, 0x00,
  0x41, 0x56, 0x41, 0x55, 0x41, 0x54, 0x55, 0x53, 0x48, 0x81, 0xec, 0xa8,
  0x00, 0x00, 0x00, 0x4c, 0x8d, 0x6c, 0x24, 0x38, 0x4c, 0x8d, 0x64, 0x24,
  0x30, 0x48, 0x8d, 0x6c, 0x24, 0x28, 0x48, 0x83, 0xec, 0x08, 0x4d, 0x89,
  0xe8, 0x4c, 0x89, 0xe1, 0x4c, 0x8d, 0xbc, 0x24, 0xa0, 0x00, 0x00, 0x00,
  0x48, 0x89, 0xea, 0x41, 0x57, 0x48, 0x8d, 0x84, 0x24, 0xa0, 0x00, 0x00,
  0x00, 0x50, 0x48, 0x8d, 0x84, 0x24, 0xa0, 0x00, 0x00, 0x00, 0x50, 0x4c,
  0x8d, 0xb4, 0x24, 0xa0, 0x00, 0x00, 0x00, 0x41, 0x56, 0x48, 0x8d, 0x84,
  0x24, 0xa0, 0x00, 0x00, 0x00, 0x50, 0x48, 0x8d, 0x84, 0x24, 0xa0, 0x00,
  0x00, 0x00, 0x48, 0x89, 0x44, 0x24, 0x38, 0x50, 0x48, 0x8d, 0x84, 0x24,
  0xa0, 0x00, 0x00, 0x00, 0x48, 0x89, 0x44, 0x24, 0x48, 0x50, 0x48, 0x8d,
  0x84, 0x24, 0xa0, 0x00, 0x00, 0x00, 0x50, 0x48, 0x8d, 0x84, 0x24, 0xa0,
  0x00, 0x00, 0x00, 0x48, 0x89, 0x44, 0x24, 0x60, 0x50, 0x48, 0x8d, 0x84,
  0x24, 0xa0, 0x00, 0x00, 0x00, 0x50, 0x31, 0xc0, 0x48, 0x8d, 0x9c, 0x24,
  0xa0, 0x00, 0x00, 0x00, 0x53, 0x4c, 0x8d, 0x8c, 0x24, 0xa0, 0x00, 0x00,
  0x00, 0xe8, 0x66, 0xf8, 0xff, 0xff, 0x48, 0x83, 0xc4, 0x60, 0x85, 0xc0,
  0x0f, 0x84, 0x22, 0x02, 0x00, 0x00, 0x48, 0x8b, 0x7c, 0x24, 0x40, 0x4c,
  0x8d, 0x05, 0x7b, 0x18, 0x00, 0x00, 0x48, 0x8d, 0x0d, 0xfd, 0x17, 0x00,
  0x00, 0xbe, 0x0f, 0x00, 0x00, 0x00, 0x48, 0x8d, 0x15, 0x56, 0x18, 0x00,
  0x00, 0xe8, 0xf6, 0xfa, 0xff, 0xff, 0x85, 0xc0, 0x0f, 0x84, 0xf6, 0x01,
  0x00, 0x00, 0x48, 0x8b, 0x7c, 0x24, 0x50, 0x4c, 0x8d, 0x05, 0x4f, 0x18,
  0x00, 0x00, 0x48, 0x8d, 0x0d, 0xd1, 0x17, 0x00, 0x00, 0xbe, 0x0f, 0x00,
  0x00, 0x00, 0x48, 0x8d, 0x15, 0x71, 0x18, 0x00, 0x00, 0xe8, 0xca, 0xfa,
  0xff, 0xff, 0x85, 0xc0, 0x0f, 0x84, 0xca, 0x01, 0x00, 0x00, 0x48, 0x8b,
  0x7c, 0x24, 0x60, 0x4c, 0x8d, 0x05, 0x23, 0x18, 0x00, 0x00, 0x48, 0x8d,
  0x0d, 0x23, 0x18, 0x00, 0x00, 0xbe, 0x0c, 0x00, 0x00, 0x00, 0x48, 0x8d,
  0x15, 0x4a, 0x18, 0x00, 0x00, 0xe8, 0x9e, 0xfa, 0xff, 0xff, 0x85, 0xc0,
  0x0f, 0x84, 0x9e, 0x01, 0x00, 0x00, 0x48, 0x8b, 0x7c, 0x24, 0x78, 0x4c,
  0x8d, 0x05, 0xf7, 0x17, 0x00, 0x00, 0x48, 0x8d, 0x0d, 0x79, 0x17, 0x00,
  0x00, 0xbe, 0x0f, 0x00, 0x00, 0x00, 0x48, 0x8d, 0x15, 0x05, 0x18, 0x00,
  0x00, 0xe8, 0x72, 0xfa, 0xff, 0xff, 0x85, 0xc0, 0x0f, 0x84, 0x72, 0x01,
  0x00, 0x00, 0x48, 0x8b, 0xbc, 0x24, 0x88, 0x00, 0x00, 0x00, 0x4c, 0x8d,
  0x05, 0xc8, 0x17, 0x00, 0x00, 0x48, 0x8d, 0x0d, 0xc8, 0x17, 0x00, 0x00,
  0xbe, 0x0c, 0x00, 0x00, 0x00, 0x48, 0x8d, 0x15, 0xc7, 0x17, 0x00, 0x00,
  0xe8, 0x43, 0xfa, 0xff, 0xff, 0x85, 0xc0, 0x0f, 0x84, 0x43, 0x01, 0x00,
  0x00, 0x48, 0x8b, 0xbc, 0x24, 0x90, 0x00, 0x00, 0x00, 0x4c, 0x8d, 0x05,
  0x99, 0x17, 0x00, 0x00, 0x48, 0x8d, 0x0d, 0xaa, 0x17, 0x00, 0x00, 0xbe,
  0x05, 0x00, 0x00, 0x00, 0x48, 0x8d, 0x15, 0xa6, 0x17, 0x00, 0x00, 0xe8,
  0x14, 0xfa, 0xff, 0xff, 0x85, 0xc0, 0x0f, 0x84, 0x14, 0x01, 0x00, 0x00,
  0x48, 0x8b, 0x44, 0x24, 0x50, 0x48, 0x83, 0xec, 0x08, 0x4c, 0x89, 0xe6,
  0x49, 0x89, 0xd8, 0x4c, 0x89, 0xea, 0x48, 0x89, 0xef, 0x4c, 0x8b, 0x48,
  0x10, 0x48, 0x8b, 0x44, 0x24, 0x48, 0x48, 0x8b, 0x48, 0x10, 0x41, 0x57,
  0x48, 0x8b, 0x84, 0x24, 0xa0, 0x00, 0x00, 0x00, 0xff, 0x70, 0x10, 0x48,
  0x8b, 0x84, 0x24, 0xa0, 0x00, 0x00, 0x00, 0xff, 0x70, 0x10, 0x41, 0x56,
  0x48, 0x8b, 0x84, 0x24, 0xa0, 0x00, 0x00, 0x00, 0xff, 0x70, 0x10, 0xff,
  0x74, 0x24, 0x38, 0xff, 0x74, 0x24, 0x48, 0x48, 0x8b, 0x84, 0x24, 0xa0,
  0x00, 0x00, 0x00, 0xff, 0x70, 0x10, 0xff, 0x74, 0x24, 0x60, 0xe8, 0x69,
  0xf8, 0xff, 0xff, 0x48, 0x83, 0xc4, 0x50, 0x49, 0x89, 0xc4, 0xe8, 0x2d,
  0xf7, 0xff, 0xff, 0x48, 0x85, 0xc0, 0x0f, 0x85, 0x9c, 0x00, 0x00, 0x00,
  0x48, 0x83, 0xec, 0x08, 0x48, 0x8d, 0x05, 0x8f, 0x16, 0x00, 0x00, 0x4c,
  0x89, 0xe2, 0xff, 0xb4, 0x24, 0xa0, 0x00, 0x00, 0x00, 0x4c, 0x8d, 0x0d,
  0xa5, 0x16, 0x00, 0x00, 0x48, 0x8d, 0x0d, 0xa0, 0x16, 0x00, 0x00, 0x50,
  0x48, 0x8d, 0x05, 0xbc, 0x16, 0x00, 0x00, 0x48, 0x8d, 0x35, 0xf5, 0x16,
  0x00, 0x00, 0xff, 0xb4, 0x24, 0x98, 0x00, 0x00, 0x00, 0x48, 0x8d, 0x3d,
  0xd4, 0x18, 0x00, 0x00, 0x50, 0x48, 0x8d, 0x05, 0xe7, 0x16, 0x00, 0x00,
  0xff, 0xb4, 0x24, 0x98, 0x00, 0x00, 0x00, 0x50, 0x48, 0x8d, 0x05, 0xdd,
  0x16, 0x00, 0x00, 0xff, 0xb4, 0x24, 0x90, 0x00, 0x00, 0x00, 0x50, 0x48,
  0x8d, 0x05, 0x87, 0x16, 0x00, 0x00, 0xff, 0xb4, 0x24, 0x90, 0x00, 0x00,
  0x00, 0x50, 0x48, 0x8d, 0x05, 0xc3, 0x16, 0x00, 0x00, 0xff, 0xb4, 0x24,
  0x90, 0x00, 0x00, 0x00, 0x50, 0x31, 0xc0, 0xff, 0xb4, 0x24, 0x98, 0x00,
  0x00, 0x00, 0x4c, 0x8b, 0x84, 0x24, 0x98, 0x00, 0x00, 0x00, 0xe8, 0xd1,
  0xf7, 0xff, 0xff, 0x48, 0x83, 0xc4, 0x70, 0xeb, 0x05, 0x0f, 0x1f, 0x00,
  0x31, 0xc0, 0x48, 0x81, 0xc4, 0xa8, 0x00, 0x00, 0x00, 0x5b, 0x5d, 0x41,
  0x5c, 0x41, 0x5d, 0x41, 0x5e, 0x41, 0x5f, 0xc3, 0x0f, 0x1f, 0x40, 0x00,
  0x41, 0x57, 0x48, 0x89, 0xf7, 0x48, 0x8d, 0x35, 0x7d, 0x16, 0x00, 0x00,
  0x41, 0x56, 0x41, 0x55, 0x41, 0x54, 0x55, 0x53, 0x48, 0x83, 0xec, 0x58,
  0x4c, 0x8d, 0x6c, 0x24, 0x18, 0x4c, 0x8d, 0x64, 0x24, 0x10, 0x48, 0x8d,
  0x6c, 0x24, 0x08, 0x48, 0x83, 0xec, 0x08, 0x4d, 0x89, 0xe8, 0x4c, 0x89,
  0xe1, 0x4c, 0x8d, 0x7c, 0x24, 0x50, 0x48, 0x89, 0xea, 0x41, 0x57, 0x4c,
  0x8d, 0x74, 0x24, 0x30, 0x41, 0x56, 0x48, 0x8d, 0x44, 0x24, 0x50, 0x50,
  0x48, 0x8d, 0x44, 0x24, 0x50, 0x50, 0x31, 0xc0, 0x48, 0x8d, 0x5c, 0x24,
  0x68, 0x53, 0x4c, 0x8d, 0x4c, 0x24, 0x58, 0xe8, 0xc0, 0xf5, 0xff, 0xff,
  0x48, 0x83, 0xc4, 0x30, 0x85, 0xc0, 0x0f, 0x84, 0xfc, 0x00, 0x00, 0x00,
  0x48, 0x8b, 0x7c, 0x24, 0x28, 0x4c, 0x8d, 0x05, 0x1b, 0x16, 0x00, 0x00,
  0x48, 0x8d, 0x0d, 0xd5, 0x15, 0x00, 0x00, 0xbe, 0x0c, 0x00, 0x00, 0x00,
  0x48, 0x8d, 0x15, 0xb0, 0x15, 0x00, 0x00, 0xe8, 0x50, 0xf8, 0xff, 0xff,
  0x85, 0xc0, 0x0f, 0x84, 0xd0, 0x00, 0x00, 0x00, 0x48, 0x8b, 0x7c, 0x24,
  0x30, 0x4c, 0x8d, 0x05, 0xef, 0x15, 0x00, 0x00, 0x48, 0x8d, 0x0d, 0xa9,
  0x15, 0x00, 0x00, 0xbe, 0x0c, 0x00, 0x00, 0x00, 0x48, 0x8d, 0x15, 0x2b,
  0x15, 0x00, 0x00, 0xe8, 0x24, 0xf8, 0xff, 0xff, 0x85, 0xc0, 0x0f, 0x84,
  0xa4, 0x00, 0x00, 0x00, 0x48, 0x8b, 0x7c, 0x24, 0x38, 0x4c, 0x8d, 0x05,
  0xc3, 0x15, 0x00, 0x00, 0x48, 0x8d, 0x0d, 0x7d, 0x15, 0x00, 0x00, 0xbe,
  0x0c, 0x00, 0x00, 0x00, 0x48, 0x8d, 0x15, 0x8b, 0x15, 0x00, 0x00, 0xe8,
  0xf8, 0xf7, 0xff, 0xff, 0x85, 0xc0, 0x74, 0x7c, 0x48, 0x8b, 0x44, 0x24,
  0x30, 0x48, 0x83, 0xec, 0x08, 0x4c, 0x89, 0xe6, 0x49, 0x89, 0xd8, 0x4c,
  0x89, 0xea, 0x48, 0x89, 0xef, 0x4c, 0x8b, 0x48, 0x10, 0x48, 0x8b, 0x44,
  0x24, 0x30, 0x48, 0x8b, 0x48, 0x10, 0x41, 0x57, 0x41, 0x56, 0x48, 0x8b,
  0x44, 0x24, 0x50, 0xff, 0x70, 0x10, 0xe8, 0x11, 0xf5, 0xff, 0xff, 0x48,
  0x83, 0xc4, 0x20, 0x49, 0x89, 0xc4, 0xe8, 0x45, 0xf5, 0xff, 0xff, 0x48,
  0x85, 0xc0, 0x75, 0x38, 0x4c, 0x8b, 0x44, 0x24, 0x48, 0x4c, 0x89, 0xe2,
  0x48, 0x8d, 0x0d, 0xa7, 0x14, 0x00, 0x00, 0x48, 0x8d, 0x35, 0x54, 0x15,
  0x00, 0x00, 0x48, 0x8d, 0x3d, 0x55, 0x15, 0x00, 0x00, 0xe8, 0x5e, 0xf6,
  0xff, 0xff, 0x48, 0x83, 0xc4, 0x58, 0x5b, 0x5d, 0x41, 0x5c, 0x41, 0x5d,
  0x41, 0x5e, 0x41, 0x5f, 0xc3, 0x0f, 0x1f, 0x80, 0x00, 0x00, 0x00, 0x00,
  0x48, 0x83, 0xc4, 0x58, 0x31, 0xc0, 0x5b, 0x5d, 0x41, 0x5c, 0x41, 0x5d,
  0x41, 0x5e, 0x41, 0x5f, 0xc3, 0x0f, 0x1f, 0x80, 0x00, 0x00, 0x00, 0x00,
  0x41, 0x56, 0x48, 0x89, 0xf7, 0x48, 0x8d, 0x35, 0x20, 0x15, 0x00, 0x00,
  0x41, 0x55, 0x41, 0x54, 0x55, 0x53, 0x48, 0x83, 0xec, 0x40, 0x4c, 0x8d,
  0x74, 0x24, 0x38, 0x4c, 0x8d, 0x6c, 0x24, 0x30, 0x48, 0x89, 0xe5, 0x4c,
  0x8d, 0x64, 0x24, 0x08, 0x41, 0x56, 0x4d, 0x89, 0xe9, 0x48, 0x89, 0xea,
  0x4c, 0x89, 0xe1, 0x48, 0x8d, 0x5c, 0x24, 0x18, 0x53, 0x48, 0x8d, 0x44,
  0x24, 0x38, 0x50, 0x48, 0x8d, 0x44, 0x24, 0x38, 0x50, 0x31, 0xc0, 0x4c,
  0x8d, 0x44, 0x24, 0x38, 0xe8, 0x4f, 0xf4, 0xff, 0xff, 0x48, 0x89, 0xec,
  0x85, 0xc0, 0x0f, 0x84, 0x2c, 0x01, 0x00, 0x00, 0x48, 0x8b, 0x7c, 0x24,
  0x18, 0x4c, 0x8d, 0x05, 0xcd, 0x14, 0x00, 0x00, 0x48, 0x8d, 0x0d, 0x65,
  0x14, 0x00, 0x00, 0xbe, 0x0c, 0x00, 0x00, 0x00, 0x48, 0x8d, 0x15, 0x40,
  0x14, 0x00, 0x00, 0xe8, 0xe0, 0xf6, 0xff, 0xff, 0x85, 0xc0, 0x0f, 0x84,
  0x00, 0x01, 0x00, 0x00, 0x48, 0x8b, 0x7c, 0x24, 0x20, 0x4c, 0x8d, 0x05,
  0xa1, 0x14, 0x00, 0x00, 0x48, 0x8d, 0x0d, 0x39, 0x14, 0x00, 0x00, 0xbe,
  0x0c, 0x00, 0x00, 0x00, 0x48, 0x8d, 0x15, 0xbb, 0x13, 0x00, 0x00, 0xe8,
  0xb4, 0xf6, 0xff, 0xff, 0x85, 0xc0, 0x0f, 0x84, 0xd4, 0x00, 0x00, 0x00,
  0x48, 0x8b, 0x7c, 0x24, 0x28, 0x4c, 0x8d, 0x05, 0x75, 0x14, 0x00, 0x00,
  0x48, 0x8d, 0x0d, 0x0d, 0x14, 0x00, 0x00, 0xbe, 0x0c, 0x00, 0x00, 0x00,
  0x48, 0x8d, 0x15, 0x1b, 0x14, 0x00, 0x00, 0xe8, 0x88, 0xf6, 0xff, 0xff,
  0x85, 0xc0, 0x0f, 0x84, 0xa8, 0x00, 0x00, 0x00, 0x48, 0x8b, 0x44, 0x24,
  0x28, 0x4c, 0x89, 0xe9, 0x4c, 0x89, 0xe6, 0x48, 0x89, 0xef, 0x4c, 0x8b,
  0x48, 0x10, 0x48, 0x8b, 0x44, 0x24, 0x20, 0x4c, 0x8b, 0x40, 0x10, 0x48,
  0x8b, 0x44, 0x24, 0x18, 0x48, 0x8b, 0x50, 0x10, 0x41, 0x56, 0x53, 0xe8,
  0xc4, 0xf3, 0xff, 0xff, 0x49, 0x89, 0xc4, 0xe8, 0xdc, 0xf3, 0xff, 0xff,
  0x5a, 0x59, 0x48, 0x85, 0xc0, 0x75, 0x6d, 0x48, 0x83, 0xec, 0x08, 0x48,
  0x8d, 0x05, 0x40, 0x13, 0x00, 0x00, 0x4c, 0x89, 0xe2, 0xff, 0x74, 0x24,
  0x40, 0x4c, 0x8d, 0x0d, 0x59, 0x13, 0x00, 0x00, 0x48, 0x8d, 0x0d, 0x54,
  0x13, 0x00, 0x00, 0x50, 0x48, 0x8d, 0x05, 0x70, 0x13, 0x00, 0x00, 0x48,
  0x8d, 0x35, 0xf2, 0x13, 0x00, 0x00, 0xff, 0x74, 0x24, 0x28, 0x48, 0x8d,
  0x3d, 0x44, 0x13, 0x00, 0x00, 0x50, 0x48, 0x8d, 0x05, 0x5c, 0x13, 0x00,
  0x00, 0xff, 0x74, 0x24, 0x58, 0x50, 0x31, 0xc0, 0xff, 0x74, 0x24, 0x40,
  0x4c, 0x8b, 0x44, 0x24, 0x40, 0xe8, 0xbe, 0xf4, 0xff, 0xff, 0x48, 0x83,
  0xc4, 0x40, 0x48, 0x83, 0xc4, 0x40, 0x5b, 0x5d, 0x41, 0x5c, 0x41, 0x5d,
  0x41, 0x5e, 0xc3, 0x0f, 0x1f, 0x44, 0x00, 0x00, 0x48, 0x83, 0xc4, 0x40,
  0x31, 0xc0, 0x5b, 0x5d, 0x41, 0x5c, 0x41, 0x5d, 0x41, 0x5e, 0xc3, 0x66,
  0x0f, 0x1f, 0x84, 0x00, 0x00, 0x00, 0x00, 0x00, 0x41, 0x57, 0x48, 0x89,
  0xf7, 0x48, 0x8d, 0x35, 0x98, 0x13, 0x00, 0x00, 0x41, 0x56, 0x41, 0x55,
  0x41, 0x54, 0x55, 0x53, 0x48, 0x81, 0xec, 0x98, 0x00, 0x00, 0x00, 0x4c,
  0x8d, 0xbc, 0x24, 0x88, 0x00, 0x00, 0x00, 0x4c, 0x8d, 0x6c, 0x24, 0x30,
  0x4c, 0x8d, 0x64, 0x24, 0x28, 0x48, 0x8d, 0x6c, 0x24, 0x20, 0x41, 0x57,
  0x4d, 0x89, 0xe8, 0x4c, 0x89, 0xe1, 0x48, 0x89, 0xea, 0x48, 0x8d, 0x84,
  0x24, 0x80, 0x00, 0x00, 0x00, 0x50, 0x4c, 0x8d, 0xb4, 0x24, 0x90, 0x00,
  0x00, 0x00, 0x41, 0x56, 0x48, 0x8d, 0x84, 0x24, 0x88, 0x00, 0x00, 0x00,
  0x50, 0x48, 0x8d, 0x84, 0x24, 0x88, 0x00, 0x00, 0x00, 0x48, 0x89, 0x44,
  0x24, 0x28, 0x50, 0x48, 0x8d, 0x84, 0x24, 0x88, 0x00, 0x00, 0x00, 0x48,
  0x89, 0x44, 0x24, 0x38, 0x50, 0x48, 0x8d, 0x84, 0x24, 0x88, 0x00, 0x00,
  0x00, 0x50, 0x48, 0x8d, 0x84, 0x24, 0x88, 0x00, 0x00, 0x00, 0x48, 0x89,
  0x44, 0x24, 0x50, 0x50, 0x48, 0x8d, 0x84, 0x24, 0x88, 0x00, 0x00, 0x00,
  0x50, 0x31, 0xc0, 0x48, 0x8d, 0x9c, 0x24, 0x88, 0x00, 0x00, 0x00, 0x53,
  0x4c, 0x8d, 0x8c, 0x24, 0x88, 0x00, 0x00, 0x00, 0xe8, 0x53, 0xf2, 0xff,
  0xff, 0x48, 0x83, 0xc4, 0x50, 0x85, 0xc0, 0x0f, 0x84, 0xf7, 0x01, 0x00,
  0x00, 0x48, 0x8b, 0x7c, 0x24, 0x38, 0x4c, 0x8d, 0x05, 0xee, 0x12, 0x00,
  0x00, 0x48, 0x8d, 0x0d, 0x68, 0x12, 0x00, 0x00, 0xbe, 0x0c, 0x00, 0x00,
  0x00, 0x48, 0x8d, 0x15, 0x43, 0x12, 0x00, 0x00, 0xe8, 0xe3, 0xf4, 0xff,
  0xff, 0x85, 0xc0, 0x0f, 0x84, 0xcb, 0x01, 0x00, 0x00, 0x48, 0x8b, 0x7c,
  0x24, 0x48, 0x4c, 0x8d, 0x05, 0xc2, 0x12, 0x00, 0x00, 0x48, 0x8d, 0x0d,
  0x3c, 0x12, 0x00, 0x00, 0xbe, 0x0c, 0x00, 0x00, 0x00, 0x48, 0x8d, 0x15,
  0x5e, 0x12, 0x00, 0x00, 0xe8, 0xb7, 0xf4, 0xff, 0xff, 0x85, 0xc0, 0x0f,
  0x84, 0x9f, 0x01, 0x00, 0x00, 0x48, 0x8b, 0x7c, 0x24, 0x58, 0x4c, 0x8d,
  0x05, 0x96, 0x12, 0x00, 0x00, 0x48, 0x8d, 0x0d, 0x10, 0x12, 0x00, 0x00,
  0xbe, 0x0c, 0x00, 0x00, 0x00, 0x48, 0x8d, 0x15, 0x37, 0x12, 0x00, 0x00,
  0xe8, 0x8b, 0xf4, 0xff, 0xff, 0x85, 0xc0, 0x0f, 0x84, 0x73, 0x01, 0x00,
  0x00, 0x48, 0x8b, 0x7c, 0x24, 0x70, 0x4c, 0x8d, 0x05, 0x6a, 0x12, 0x00,
  0x00, 0x48, 0x8d, 0x0d, 0xe4, 0x11, 0x00, 0x00, 0xbe, 0x0c, 0x00, 0x00,
  0x00, 0x48, 0x8d, 0x15, 0xf2, 0x11, 0x00, 0x00, 0xe8, 0x5f, 0xf4, 0xff,
  0xff, 0x85, 0xc0, 0x0f, 0x84, 0x47, 0x01, 0x00, 0x00, 0x48, 0x8b, 0x7c,
  0x24, 0x78, 0x4c, 0x8d, 0x05, 0x3e, 0x12, 0x00, 0x00, 0x48, 0x8d, 0x0d,
  0xc9, 0x11, 0x00, 0x00, 0xbe, 0x05, 0x00, 0x00, 0x00, 0x48, 0x8d, 0x15,
  0xc5, 0x11, 0x00, 0x00, 0xe8, 0x33, 0xf4, 0xff, 0xff, 0x85, 0xc0, 0x0f,
  0x84, 0x1b, 0x01, 0x00, 0x00, 0x48, 0x8b, 0x44, 0x24, 0x48, 0x4c, 0x89,
  0xe6, 0x49, 0x89, 0xd8, 0x4c, 0x89, 0xea, 0x48, 0x89, 0xef, 0x4c, 0x8b,
  0x48, 0x10, 0x48, 0x8b, 0x44, 0x24, 0x38, 0x48, 0x8b, 0x48, 0x10, 0x41,
  0x57, 0x48, 0x8b, 0x84, 0x24, 0x80, 0x00, 0x00, 0x00, 0xff, 0x70, 0x10,
  0x41, 0x56, 0x48, 0x8b, 0x84, 0x24, 0x88, 0x00, 0x00, 0x00, 0xff, 0x70,
  0x10, 0xff, 0x74, 0x24, 0x28, 0xff, 0x74, 0x24, 0x38, 0x48, 0x8b, 0x84,
  0x24, 0x88, 0x00, 0x00, 0x00, 0xff, 0x70, 0x10, 0xff, 0x74, 0x24, 0x50,
  0xe8, 0x57, 0xf2, 0xff, 0xff, 0x48, 0x83, 0xc4, 0x40, 0x49, 0x89, 0xc4,
  0xe8, 0x5b, 0xf1, 0xff, 0xff, 0x48, 0x85, 0xc0, 0x0f, 0x85, 0xb2, 0x00,
  0x00, 0x00, 0x48, 0x8d, 0x05, 0xc1, 0x10, 0x00, 0x00, 0xff, 0xb4, 0x24,
  0x88, 0x00, 0x00, 0x00, 0x4c, 0x89, 0xe2, 0x4c, 0x8d, 0x0d, 0xd7, 0x10,
  0x00, 0x00, 0x50, 0x48, 0x8d, 0x05, 0xf5, 0x10, 0x00, 0x00, 0x48, 0x8d,
  0x0d, 0xca, 0x10, 0x00, 0x00, 0xff, 0xb4, 0x24, 0x90, 0x00, 0x00, 0x00,
  0x48, 0x8d, 0x35, 0x87, 0x11, 0x00, 0x00, 0x48, 0x8d, 0x3d, 0x2e, 0x13,
  0x00, 0x00, 0x50, 0x48, 0x8d, 0x05, 0x19, 0x11, 0x00, 0x00, 0xff, 0xb4,
  0x24, 0x88, 0x00, 0x00, 0x00, 0x50, 0x48, 0x8d, 0x05, 0x71, 0x11, 0x00,
  0x00, 0x50, 0x48, 0x8d, 0x05, 0x07, 0x11, 0x00, 0x00, 0xff, 0xb4, 0x24,
  0x88, 0x00, 0x00, 0x00, 0x50, 0x48, 0x8d, 0x05, 0xb1, 0x10, 0x00, 0x00,
  0xff, 0xb4, 0x24, 0x88, 0x00, 0x00, 0x00, 0x50, 0x48, 0x8d, 0x05, 0xed,
  0x10, 0x00, 0x00, 0xff, 0xb4, 0x24, 0x88, 0x00, 0x00, 0x00, 0x50, 0xb8,
  0x01, 0x00, 0x00, 0x00, 0xff, 0xb4, 0x24, 0x90, 0x00, 0x00, 0x00, 0x4c,
  0x8b, 0x84, 0x24, 0x90, 0x00, 0x00, 0x00, 0xf2, 0x0f, 0x10, 0x84, 0x24,
  0xd0, 0x00, 0x00, 0x00, 0xe8, 0xef, 0xf1, 0xff, 0xff, 0x48, 0x83, 0xc4,
  0x70, 0xeb, 0x0b, 0x66, 0x0f, 0x1f, 0x84, 0x00, 0x00, 0x00, 0x00, 0x00,
  0x31, 0xc0, 0x48, 0x81, 0xc4, 0x98, 0x00, 0x00, 0x00, 0x5b, 0x5d, 0x41,
  0x5c, 0x41, 0x5d, 0x41, 0x5e, 0x41, 0x5f, 0xc3, 0x66, 0x66, 0x2e, 0x0f,
  0x1f, 0x84, 0x00, 0x00, 0x00, 0x00, 0x00, 0x90, 0x41, 0x55, 0xbe, 0xf5,
  0x03, 0x00, 0x00, 0x48, 0x8d, 0x3d, 0xc2, 0x30, 0x00, 0x00, 0x41, 0x54,
  0x55, 0xe8, 0x6a, 0xf1, 0xff, 0xff, 0x49, 0x89, 0xc5, 0x48, 0x85, 0xc0,
  0x0f, 0x84, 0xff, 0x00, 0x00, 0x00, 0x48, 0x8d, 0x3d, 0xcf, 0x10, 0x00,
  0x00, 0xe8, 0x32, 0xf1, 0xff, 0xff, 0x49, 0x89, 0xc4, 0x48, 0x85, 0xc0,
  0x0f, 0x84, 0x3f, 0x01, 0x00, 0x00, 0x48, 0x8d, 0x35, 0xd4, 0x10, 0x00,
  0x00, 0x48, 0x89, 0xc7, 0xe8, 0xc7, 0xf0, 0xff, 0xff, 0x49, 0x83, 0x2c,
  0x24, 0x01, 0x48, 0x89, 0xc5, 0x0f, 0x84, 0xd9, 0x00, 0x00, 0x00, 0x48,
  0x85, 0xed, 0x0f, 0x84, 0xdf, 0x01, 0x00, 0x00, 0x48, 0x8b, 0x05, 0x29,
  0x2f, 0x00, 0x00, 0x48, 0x39, 0x45, 0x08, 0x0f, 0x85, 0x2f, 0x01, 0x00,
  0x00, 0x31, 0xf6, 0x48, 0x89, 0xef, 0xe8, 0x25, 0xf1, 0xff, 0xff, 0x48,
  0x83, 0x6d, 0x00, 0x01, 0x48, 0x89, 0x05, 0xd9, 0x31, 0x00, 0x00, 0x0f,
  0x84, 0xb3, 0x00, 0x00, 0x00, 0x48, 0x85, 0xc0, 0x0f, 0x84, 0x8e, 0x01,
  0x00, 0x00, 0xff, 0x10, 0x3d, 0x09, 0x00, 0x00, 0x01, 0x48, 0x8b, 0x05,
  0xbc, 0x31, 0x00, 0x00, 0x0f, 0x85, 0xae, 0x00, 0x00, 0x00, 0xff, 0x90,
  0x98, 0x06, 0x00, 0x00, 0x83, 0xf8, 0x0f, 0x48, 0x8b, 0x05, 0xa6, 0x31,
  0x00, 0x00, 0x0f, 0x86, 0x07, 0x01, 0x00, 0x00, 0xff, 0x90, 0x90, 0x06,
  0x00, 0x00, 0x85, 0xc0, 0x0f, 0x84, 0x3b, 0x01, 0x00, 0x00, 0x83, 0xf8,
  0x01, 0x0f, 0x85, 0x17, 0x01, 0x00, 0x00, 0x4c, 0x89, 0xef, 0xe8, 0xf1,
  0xef, 0xff, 0xff, 0x31, 0xd2, 0x31, 0xf6, 0x48, 0x8d, 0x3d, 0x66, 0x10,
  0x00, 0x00, 0x48, 0x89, 0xc5, 0xe8, 0x3e, 0xf0, 0xff, 0xff, 0x48, 0x8d,
  0x35, 0x63, 0x10, 0x00, 0x00, 0x48, 0x89, 0xef, 0x48, 0x89, 0xc2, 0x48,
  0x89, 0x05, 0x52, 0x31, 0x00, 0x00, 0xe8, 0xf5, 0xee, 0xff, 0xff, 0x48,
  0x8b, 0x15, 0x9e, 0x2e, 0x00, 0x00, 0x48, 0x8d, 0x35, 0x4f, 0x10, 0x00,
  0x00, 0x48, 0x89, 0xef, 0xe8, 0xdf, 0xee, 0xff, 0xff, 0x4c, 0x89, 0xe8,
  0x5d, 0x41, 0x5c, 0x41, 0x5d, 0xc3, 0x66, 0x0f, 0x1f, 0x44, 0x00, 0x00,
  0x4c, 0x89, 0xe7, 0xe8, 0x18, 0xf0, 0xff, 0xff, 0xe9, 0x1a, 0xff, 0xff,
  0xff, 0x0f, 0x1f, 0x00, 0x48, 0x89, 0xef, 0xe8, 0x08, 0xf0, 0xff, 0xff,
  0x48, 0x8b, 0x05, 0x11, 0x31, 0x00, 0x00, 0xe9, 0x39, 0xff, 0xff, 0xff,
  0x0f, 0x1f, 0x40, 0x00, 0xff, 0x10, 0xba, 0x09, 0x00, 0x00, 0x01, 0x48,
  0x8d, 0x35, 0x8a, 0x11, 0x00, 0x00, 0x89, 0xc1, 0x48, 0x8b, 0x05, 0x49,
  0x2e, 0x00, 0x00, 0x48, 0x8b, 0x38, 0x31, 0xc0, 0xe8, 0xf7, 0xee, 0xff,
  0xff, 0xe8, 0xc2, 0xef, 0xff, 0xff, 0x48, 0x8b, 0x05, 0xf3, 0x2d, 0x00,
  0x00, 0x45, 0x31, 0xed, 0x48, 0x8d, 0x35, 0x61, 0x13, 0x00, 0x00, 0x48,
  0x8b, 0x38, 0xe8, 0xf9, 0xef, 0xff, 0xff, 0x4c, 0x89, 0xe8, 0x5d, 0x41,
  0x5c, 0x41, 0x5d, 0xc3, 0x48, 0x8b, 0x05, 0x11, 0x2e, 0x00, 0x00, 0x48,
  0x8d, 0x35, 0x1a, 0x11, 0x00, 0x00, 0x48, 0x8b, 0x38, 0xe8, 0xda, 0xef,
  0xff, 0xff, 0x48, 0x83, 0x6d, 0x00, 0x01, 0x75, 0xbc, 0x48, 0x89, 0xef,
  0xe8, 0x8b, 0xef, 0xff, 0xff, 0xeb, 0xb2, 0xff, 0x90, 0x98, 0x06, 0x00,
  0x00, 0xba, 0x10, 0x00, 0x00, 0x00, 0x48, 0x8d, 0x35, 0x67, 0x11, 0x00,
  0x00, 0x89, 0xc1, 0x48, 0x8b, 0x05, 0xd6, 0x2d, 0x00, 0x00, 0x48, 0x8b,
  0x38, 0x31, 0xc0, 0xe8, 0x84, 0xee, 0xff, 0xff, 0xeb, 0x8b, 0x48, 0x8b,
  0x05, 0xc3, 0x2d, 0x00, 0x00, 0x48, 0x8d, 0x35, 0x9c, 0x12, 0x00, 0x00,
  0x48, 0x8b, 0x38, 0xe8, 0x8c, 0xef, 0xff, 0xff, 0xe9, 0x70, 0xff, 0xff,
  0xff, 0x48, 0x8b, 0x05, 0xa8, 0x2d, 0x00, 0x00, 0x48, 0x8d, 0x35, 0x51,
  0x12, 0x00, 0x00, 0x48, 0x8b, 0x38, 0xe8, 0x71, 0xef, 0xff, 0xff, 0xe9,
  0x55, 0xff, 0xff, 0xff, 0x48, 0x8b, 0x05, 0x8d, 0x2d, 0x00, 0x00, 0x48,
  0x8d, 0x35, 0x03, 0x0f, 0x00, 0x00, 0x48, 0x8b, 0x38, 0xe8, 0x56, 0xef,
  0xff, 0xff, 0xe9, 0x3a, 0xff, 0xff, 0xff, 0x48, 0x8b, 0x05, 0x82, 0x2d,
  0x00, 0x00, 0x48, 0x8d, 0x35, 0xd3, 0x0e, 0x00, 0x00, 0x48, 0x8b, 0x38,
  0xe8, 0x3b, 0xef, 0xff, 0xff, 0xe9, 0x1f, 0xff, 0xff, 0xff, 0x66, 0x0f,
  0x1f, 0x44, 0x00, 0x00, 0x41, 0x56, 0x41, 0x55, 0x41, 0x54, 0x55, 0x48,
  0x89, 0xf5, 0x53, 0x48, 0x89, 0xfb, 0x48, 0x83, 0xec, 0x50, 0x0f, 0xb6,
  0x17, 0x84, 0xd2, 0x0f, 0x84, 0xf3, 0x00, 0x00, 0x00, 0x80, 0x7f, 0x01,
  0x00, 0x0f, 0x84, 0xf3, 0x00, 0x00, 0x00, 0x80, 0x7f, 0x02, 0x00, 0x0f,
  0x84, 0xf5, 0x00, 0x00, 0x00, 0x80, 0x7f, 0x03, 0x00, 0x0f, 0x84, 0xf5,
  0x00, 0x00, 0x00, 0x80, 0x7f, 0x04, 0x00, 0x0f, 0x84, 0xf5, 0x00, 0x00,
  0x00, 0x80, 0x7f, 0x05, 0x01, 0xb8, 0x05, 0x00, 0x00, 0x00, 0x83, 0xd8,
  0xff, 0x44, 0x8d, 0x60, 0xff, 0x49, 0x63, 0xcc, 0x80, 0x3c, 0x0b, 0x20,
  0x0f, 0x85, 0xe2, 0x00, 0x00, 0x00, 0x8d, 0x48, 0xfe, 0x48, 0x63, 0xf1,
  0x80, 0x3c, 0x33, 0x20, 0x75, 0x4c, 0x85, 0xc9, 0x0f, 0x84, 0x9a, 0x00,
  0x00, 0x00, 0x44, 0x8d, 0x60, 0xfd, 0x49, 0x63, 0xf4, 0x80, 0x3c, 0x33,
  0x20, 0x0f, 0x85, 0x8e, 0x00, 0x00, 0x00, 0x45, 0x85, 0xe4, 0x74, 0x2e,
  0x8d, 0x48, 0xfc, 0x48, 0x63, 0xf1, 0x80, 0x3c, 0x33, 0x20, 0x75, 0x22,
  0x85, 0xc9, 0x74, 0x74, 0x44, 0x8d, 0x60, 0xfb, 0x49, 0x63, 0xc4, 0x80,
  0x3c, 0x03, 0x20, 0x75, 0x6c, 0x45, 0x85, 0xe4, 0x74, 0x0c, 0x80, 0xfa,
  0x20, 0xb8, 0x00, 0x00, 0x00, 0x00, 0x44, 0x0f, 0x44, 0xe0, 0xe8, 0xd1,
  0xed, 0xff, 0xff, 0x49, 0x89, 0xe6, 0x44, 0x8b, 0x4d, 0x00, 0x49, 0x89,
  0xd8, 0x44, 0x89, 0xe1, 0x41, 0x89, 0xc5, 0x48, 0x8d, 0x15, 0xfa, 0x11,
  0x00, 0x00, 0x4c, 0x89, 0xf7, 0xbe, 0x44, 0x00, 0x00, 0x00, 0x31, 0xc0,
  0xe8, 0x0b, 0xed, 0xff, 0xff, 0x48, 0x8b, 0x05, 0x34, 0x2c, 0x00, 0x00,
  0x4c, 0x89, 0xf6, 0x48, 0x8b, 0x38, 0xe8, 0x39, 0xee, 0xff, 0xff, 0x44,
  0x89, 0xef, 0xe8, 0xc1, 0xec, 0xff, 0xff, 0x48, 0x83, 0xc4, 0x50, 0x31,
  0xc0, 0x5b, 0x5d, 0x41, 0x5c, 0x41, 0x5d, 0x41, 0x5e, 0xc3, 0x66, 0x90,
  0x45, 0x31, 0xe4, 0xeb, 0xa5, 0x41, 0x89, 0xcc, 0xeb, 0xa0, 0x45, 0x31,
  0xe4, 0x80, 0x3f, 0x20, 0x41, 0x0f, 0x95, 0xc4, 0xeb, 0x94, 0xb8, 0x02,
  0x00, 0x00, 0x00, 0xe9, 0x21, 0xff, 0xff, 0xff, 0xb8, 0x03, 0x00, 0x00,
  0x00, 0xe9, 0x17, 0xff, 0xff, 0xff, 0xb8, 0x04, 0x00, 0x00, 0x00, 0xe9,
  0x0d, 0xff, 0xff, 0xff, 0x41, 0x89, 0xc4, 0xe9, 0x6e, 0xff, 0xff, 0xff,
  0x48, 0x83, 0xec, 0x08, 0x48, 0x83, 0xc4, 0x08, 0xc3, 0x00, 0x00, 0x00,
  0x00, 0x00, 0x00, 0x00, 0x00, 0x00, 0x00, 0x00, 0x00, 0x00, 0x00, 0x00,
  0x00, 0x00, 0x00, 0x00, 0x00, 0x00, 0x00, 0x00, 0x00, 0x00, 0x00, 0x00,
  0x00, 0x00, 0x00, 0x00, 0x00, 0x00, 0x00, 0x00, 0x00, 0x00, 0x00, 0x00,
  0x00, 0x00, 0x00, 0x00, 0x00, 0x00, 0x00, 0x00, 0x00, 0x00, 0x00, 0x00,
  0x00, 0x00, 0x00, 0x00, 0x00, 0x00, 0x00, 0x00, 0x00, 0x00, 0x00, 0x00,
  0x00, 0x00, 0x00, 0x00, 0x00, 0x00, 0x00, 0x00, 0x00, 0x00, 0x00, 0x00,
  0x00, 0x00, 0x00, 0x00, 0x00, 0x00, 0x00, 0x00, 0x00, 0x00, 0x00, 0x00,
  0x00, 0x00, 0x00, 0x00, 0x00, 0x00, 0x00, 0x00, 0x00, 0x00, 0x00, 0x00,
  0x00, 0x00, 0x00, 0x00, 0x00, 0x00, 0x00, 0x00, 0x00, 0x00, 0x00, 0x00,
  0x00, 0x00, 0x00, 0x00, 0x00, 0x00, 0x00, 0x00, 0x00, 0x00, 0x00, 0x00,
  0x00, 0x00, 0x00, 0x00, 0x00, 0x00, 0x00, 0x00, 0x00, 0x00, 0x00, 0x00,
  0x00, 0x00, 0x00, 0x00, 0x00, 0x00, 0x00, 0x00, 0x00, 0x00, 0x00, 0x00,
  0x00, 0x00, 0x00, 0x00, 0x00, 0x00, 0x00, 0x00, 0x00, 0x00, 0x00, 0x00,
  0x00, 0x00, 0x00, 0x00, 0x00, 0x00, 0x00, 0x00, 0x00, 0x00, 0x00, 0x00,
  0x00, 0x00, 0x00, 0x00, 0x00, 0x00, 0x00, 0x00, 0x00, 0x00, 0x00, 0x00,
  0x00, 0x00, 0x00, 0x00, 0x00, 0x00, 0x00, 0x00, 0x00, 0x00, 0x00, 0x00,
  0x00, 0x00, 0x00, 0x00, 0x00, 0x00, 0x00, 0x00, 0x00, 0x00, 0x00, 0x00,
  0x00, 0x00, 0x00, 0x00, 0x00, 0x00, 0x00, 0x00, 0x00, 0x00, 0x00, 0x00,
  0x00, 0x00, 0x00, 0x00, 0x00, 0x00, 0x00, 0x00, 0x00, 0x00, 0x00, 0x00,
  0x00, 0x00, 0x00, 0x00, 0x00, 0x00, 0x00, 0x00, 0x00, 0x00, 0x00, 0x00,
  0x00, 0x00, 0x00, 0x00, 0x00, 0x00, 0x00, 0x00, 0x00, 0x00, 0x00, 0x00,
  0x00, 0x00, 0x00, 0x00, 0x00, 0x00, 0x00, 0x00, 0x00, 0x00, 0x00, 0x00,
  0x00, 0x00, 0x00, 0x00, 0x00, 0x00, 0x00, 0x00, 0x00, 0x00, 0x00, 0x00,
  0x00, 0x00, 0x00, 0x00, 0x00, 0x00, 0x00, 0x00, 0x00, 0x00, 0x00, 0x00,
  0x00, 0x00, 0x00, 0x00, 0x00, 0x00, 0x00, 0x00, 0x00, 0x00, 0x00, 0x00,
  0x00, 0x00, 0x00, 0x00, 0x00, 0x00, 0x00, 0x00, 0x00, 0x00, 0x00, 0x00,
  0x00, 0x00, 0x00, 0x00, 0x00, 0x00, 0x00, 0x00, 0x00, 0x00, 0x00, 0x00,
  0x00, 0x00, 0x00, 0x00, 0x00, 0x00, 0x00, 0x00, 0x00, 0x00, 0x00, 0x00,
  0x00, 0x00, 0x00, 0x00, 0x00, 0x00, 0x00, 0x00, 0x00, 0x00, 0x00, 0x00,
  0x00, 0x00, 0x00, 0x00, 0x00, 0x00, 0x00, 0x00, 0x00, 0x00, 0x00, 0x00,
  0x00, 0x00, 0x00, 0x00, 0x00, 0x00, 0x00, 0x00, 0x00, 0x00, 0x00, 0x00,
  0x00, 0x00, 0x00, 0x00, 0x00, 0x00, 0x00, 0x00, 0x00, 0x00, 0x00, 0x00,
  0x00, 0x00, 0x00, 0x00, 0x00, 0x00, 0x00, 0x00, 0x00, 0x00, 0x00, 0x00,
  0x00, 0x00, 0x00, 0x00, 0x00, 0x00, 0x00, 0x00, 0x00, 0x00, 0x00, 0x00,
  0x00, 0x00, 0x00, 0x00, 0x00, 0x00, 0x00, 0x00, 0x00, 0x00, 0x00, 0x00,
  0x00, 0x00, 0x00, 0x00, 0x00, 0x00, 0x00, 0x00, 0x00, 0x00, 0x00, 0x00,
  0x00, 0x00, 0x00, 0x00, 0x00, 0x00, 0x00, 0x00, 0x00, 0x00, 0x00, 0x00,
  0x00, 0x00, 0x00, 0x00, 0x00, 0x00, 0x00, 0x00, 0x00, 0x00, 0x00, 0x00,
  0x00, 0x00, 0x00, 0x00, 0x00, 0x00, 0x00, 0x00, 0x00, 0x00, 0x00, 0x00,
  0x00, 0x00, 0x00, 0x00, 0x00, 0x00, 0x00, 0x00, 0x00, 0x00, 0x00, 0x00,
  0x00, 0x00, 0x00, 0x00, 0x00, 0x00, 0x00, 0x00, 0x00, 0x00, 0x00, 0x00,
  0x00, 0x00, 0x00, 0x00, 0x00, 0x00, 0x00, 0x00, 0x00, 0x00, 0x00, 0x00,
  0x00, 0x00, 0x00, 0x00, 0x00, 0x00, 0x00, 0x00, 0x00, 0x00, 0x00, 0x00,
  0x00, 0x00, 0x00, 0x00, 0x00, 0x00, 0x00, 0x00, 0x00, 0x00, 0x00, 0x00,
  0x00, 0x00, 0x00, 0x00, 0x00, 0x00, 0x00, 0x00, 0x00, 0x00, 0x00, 0x00,
  0x00, 0x00, 0x00, 0x00, 0x00, 0x00, 0x00, 0x00, 0x00, 0x00, 0x00, 0x00,
  0x00, 0x00, 0x00, 0x00, 0x00, 0x00, 0x00, 0x00, 0x00, 0x00, 0x00, 0x00,
  0x00, 0x00, 0x00, 0x00, 0x00, 0x00, 0x00, 0x00, 0x00, 0x00, 0x00, 0x00,
  0x00, 0x00, 0x00, 0x00, 0x00, 0x00, 0x00, 0x00, 0x00, 0x00, 0x00, 0x00,
  0x00, 0x00, 0x00, 0x00, 0x00, 0x00, 0x00, 0x00, 0x00, 0x00, 0x00, 0x00,
  0x00, 0x00, 0x00, 0x00, 0x00, 0x00, 0x00, 0x00, 0x00, 0x00, 0x00, 0x00,
  0x00, 0x00, 0x00, 0x00, 0x00, 0x00, 0x00, 0x00, 0x00, 0x00, 0x00, 0x00,
  0x00, 0x00, 0x00, 0x00, 0x00, 0x00, 0x00, 0x00, 0x00, 0x00, 0x00, 0x00,
  0x00, 0x00, 0x00, 0x00, 0x00, 0x00, 0x00, 0x00, 0x00, 0x00, 0x00, 0x00,
  0x00, 0x00, 0x00, 0x00, 0x00, 0x00, 0x00, 0x00, 0x00, 0x00, 0x00, 0x00,
  0x00, 0x00, 0x00, 0x00, 0x00, 0x00, 0x00, 0x00, 0x00, 0x00, 0x00, 0x00,
  0x00, 0x00, 0x00, 0x00, 0x00, 0x00, 0x00, 0x00, 0x00, 0x00, 0x00, 0x00,
  0x00, 0x00, 0x00, 0x00, 0x00, 0x00, 0x00, 0x00, 0x00, 0x00, 0x00, 0x00,
  0x00, 0x00, 0x00, 0x00, 0x00, 0x00, 0x00, 0x00, 0x00, 0x00, 0x00, 0x00,
  0x00, 0x00, 0x00, 0x00, 0x00, 0x00, 0x00, 0x00, 0x00, 0x00, 0x00, 0x00,
  0x00, 0x00, 0x00, 0x00, 0x00, 0x00, 0x00, 0x00, 0x00, 0x00, 0x00, 0x00,
  0x00, 0x00, 0x00, 0x00, 0x00, 0x00, 0x00, 0x00, 0x00, 0x00, 0x00, 0x00,
  0x00, 0x00, 0x00, 0x00, 0x00, 0x00, 0x00, 0x00, 0x00, 0x00, 0x00, 0x00,
  0x00, 0x00, 0x00, 0x00, 0x00, 0x00, 0x00, 0x00, 0x00, 0x00, 0x00, 0x00,
  0x00, 0x00, 0x00, 0x00, 0x00, 0x00, 0x00, 0x00, 0x00, 0x00, 0x00, 0x00,
  0x00, 0x00, 0x00, 0x00, 0x00, 0x00, 0x00, 0x00, 0x00, 0x00, 0x00, 0x00,
  0x00, 0x00, 0x00, 0x00, 0x00, 0x00, 0x00, 0x00, 0x00, 0x00, 0x00, 0x00,
  0x00, 0x00, 0x00, 0x00, 0x00, 0x00, 0x00, 0x00, 0x00, 0x00, 0x00, 0x00,
  0x00, 0x00, 0x00, 0x00, 0x00, 0x00, 0x00, 0x00, 0x00, 0x00, 0x00, 0x00,
  0x00, 0x00, 0x00, 0x00, 0x00, 0x00, 0x00, 0x00, 0x00, 0x00, 0x00, 0x00,
  0x00, 0x00, 0x00, 0x00, 0x00, 0x00, 0x00, 0x00, 0x00, 0x00, 0x00, 0x00,
  0x00, 0x00, 0x00, 0x00, 0x00, 0x00, 0x00, 0x00, 0x00, 0x00, 0x00, 0x00,
  0x00, 0x00, 0x00, 0x00, 0x00, 0x00, 0x00, 0x00, 0x00, 0x00, 0x00, 0x00,
  0x00, 0x00, 0x00, 0x00, 0x00, 0x00, 0x00, 0x00, 0x00, 0x00, 0x00, 0x00,
  0x00, 0x00, 0x00, 0x00, 0x00, 0x00, 0x00, 0x00, 0x00, 0x00, 0x00, 0x00,
  0x00, 0x00, 0x00, 0x00, 0x00, 0x00, 0x00, 0x00, 0x00, 0x00, 0x00, 0x00,
  0x00, 0x00, 0x00, 0x00, 0x00, 0x00, 0x00, 0x00, 0x00, 0x00, 0x00, 0x00,
  0x00, 0x00, 0x00, 0x00, 0x00, 0x00, 0x00, 0x00, 0x00, 0x00, 0x00, 0x00,
  0x00, 0x00, 0x00, 0x00, 0x00, 0x00, 0x00, 0x00, 0x00, 0x00, 0x00, 0x00,
  0x00, 0x00, 0x00, 0x00, 0x00, 0x00, 0x00, 0x00, 0x00, 0x00, 0x00, 0x00,
  0x00, 0x00, 0x00, 0x00, 0x00, 0x00, 0x00, 0x00, 0x00, 0x00, 0x00, 0x00,
  0x00, 0x00, 0x00, 0x00, 0x00, 0x00, 0x00, 0x00, 0x00, 0x00, 0x00, 0x00,
  0x00, 0x00, 0x00, 0x00, 0x00, 0x00, 0x00, 0x00, 0x00, 0x00, 0x00, 0x00,
  0x00, 0x00, 0x00, 0x00, 0x00, 0x00, 0x00, 0x00, 0x00, 0x00, 0x00, 0x00,
  0x00, 0x00, 0x00, 0x00, 0x00, 0x00, 0x00, 0x00, 0x00, 0x00, 0x00, 0x00,
  0x00, 0x00, 0x00, 0x00, 0x00, 0x00, 0x00, 0x00, 0x00, 0x00, 0x00, 0x00,
  0x00, 0x00, 0x00, 0x00, 0x00, 0x00, 0x00, 0x00, 0x00, 0x00, 0x00, 0x00,
  0x00, 0x00, 0x00, 0x00, 0x00, 0x00, 0x00, 0x00, 0x00, 0x00, 0x00, 0x00,
  0x00, 0x00, 0x00, 0x00, 0x00, 0x00, 0x00, 0x00, 0x00, 0x00, 0x00, 0x00,
  0x00, 0x00, 0x00, 0x00, 0x00, 0x00, 0x00, 0x00, 0x00, 0x00, 0x00, 0x00,
  0x00, 0x00, 0x00, 0x00, 0x00, 0x00, 0x00, 0x00, 0x00, 0x00, 0x00, 0x00,
  0x00, 0x00, 0x00, 0x00, 0x00, 0x00, 0x00, 0x00, 0x00, 0x00, 0x00, 0x00,
  0x00, 0x00, 0x00, 0x00, 0x00, 0x00, 0x00, 0x00, 0x00, 0x00, 0x00, 0x00,
  0x00, 0x00, 0x00, 0x00, 0x00, 0x00, 0x00, 0x00, 0x00, 0x00, 0x00, 0x00,
  0x00, 0x00, 0x00, 0x00, 0x00, 0x00, 0x00, 0x00, 0x00, 0x00, 0x00, 0x00,
  0x00, 0x00, 0x00, 0x00, 0x00, 0x00, 0x00, 0x00, 0x00, 0x00, 0x00, 0x00,
  0x00, 0x00, 0x00, 0x00, 0x00, 0x00, 0x00, 0x00, 0x00, 0x00, 0x00, 0x00,
  0x00, 0x00, 0x00, 0x00, 0x00, 0x00, 0x00, 0x00, 0x00, 0x00, 0x00, 0x00,
  0x00, 0x00, 0x00, 0x00, 0x00, 0x00, 0x00, 0x00, 0x00, 0x00, 0x00, 0x00,
  0x00, 0x00, 0x00, 0x00, 0x00, 0x00, 0x00, 0x00, 0x00, 0x00, 0x00, 0x00,
  0x00, 0x00, 0x00, 0x00, 0x00, 0x00, 0x00, 0x00, 0x00, 0x00, 0x00, 0x00,
  0x00, 0x00, 0x00, 0x00, 0x00, 0x00, 0x00, 0x00, 0x00, 0x00, 0x00, 0x00,
  0x00, 0x00, 0x00, 0x00, 0x00, 0x00, 0x00, 0x00, 0x00, 0x00, 0x00, 0x00,
  0x00, 0x00, 0x00, 0x00, 0x00, 0x00, 0x00, 0x00, 0x00, 0x00, 0x00, 0x00,
  0x00, 0x00, 0x00, 0x00, 0x00, 0x00, 0x00, 0x00, 0x00, 0x00, 0x00, 0x00,
  0x00, 0x00, 0x00, 0x00, 0x00, 0x00, 0x00, 0x00, 0x00, 0x00, 0x00, 0x00,
  0x00, 0x00, 0x00, 0x00, 0x00, 0x00, 0x00, 0x00, 0x00, 0x00, 0x00, 0x00,
  0x00, 0x00, 0x00, 0x00, 0x00, 0x00, 0x00, 0x00, 0x00, 0x00, 0x00, 0x00,
  0x00, 0x00, 0x00, 0x00, 0x00, 0x00, 0x00, 0x00, 0x00, 0x00, 0x00, 0x00,
  0x00, 0x00, 0x00, 0x00, 0x00, 0x00, 0x00, 0x00, 0x00, 0x00, 0x00, 0x00,
  0x00, 0x00, 0x00, 0x00, 0x00, 0x00, 0x00, 0x00, 0x00, 0x00, 0x00, 0x00,
  0x00, 0x00, 0x00, 0x00, 0x00, 0x00, 0x00, 0x00, 0x00, 0x00, 0x00, 0x00,
  0x00, 0x00, 0x00, 0x00, 0x00, 0x00, 0x00, 0x00, 0x00, 0x00, 0x00, 0x00,
  0x00, 0x00, 0x00, 0x00, 0x00, 0x00, 0x00, 0x00, 0x00, 0x00, 0x00, 0x00,
  0x00, 0x00, 0x00, 0x00, 0x00, 0x00, 0x00, 0x00, 0x00, 0x00, 0x00, 0x00,
  0x00, 0x00, 0x00, 0x00, 0x00, 0x00, 0x00, 0x00, 0x00, 0x00, 0x00, 0x00,
  0x00, 0x00, 0x00, 0x00, 0x00, 0x00, 0x00, 0x00, 0x00, 0x00, 0x00, 0x00,
  0x00, 0x00, 0x00, 0x00, 0x00, 0x00, 0x00, 0x00, 0x00, 0x00, 0x00, 0x00,
  0x00, 0x00, 0x00, 0x00, 0x00, 0x00, 0x00, 0x00, 0x00, 0x00, 0x00, 0x00,
  0x00, 0x00, 0x00, 0x00, 0x00, 0x00, 0x00, 0x00, 0x00, 0x00, 0x00, 0x00,
  0x00, 0x00, 0x00, 0x00, 0x00, 0x00, 0x00, 0x00, 0x00, 0x00, 0x00, 0x00,
  0x00, 0x00, 0x00, 0x00, 0x00, 0x00, 0x00, 0x00, 0x00, 0x00, 0x00, 0x00,
  0x00, 0x00, 0x00, 0x00, 0x00, 0x00, 0x00, 0x00, 0x00, 0x00, 0x00, 0x00,
  0x00, 0x00, 0x00, 0x00, 0x00, 0x00, 0x00, 0x00, 0x00, 0x00, 0x00, 0x00,
  0x00, 0x00, 0x00, 0x00, 0x00, 0x00, 0x00, 0x00, 0x00, 0x00, 0x00, 0x00,
  0x00, 0x00, 0x00, 0x00, 0x00, 0x00, 0x00, 0x00, 0x00, 0x00, 0x00, 0x00,
  0x00, 0x00, 0x00, 0x00, 0x00, 0x00, 0x00, 0x00, 0x00, 0x00, 0x00, 0x00,
  0x00, 0x00, 0x00, 0x00, 0x00, 0x00, 0x00, 0x00, 0x00, 0x00, 0x00, 0x00,
  0x00, 0x00, 0x00, 0x00, 0x00, 0x00, 0x00, 0x00, 0x00, 0x00, 0x00, 0x00,
  0x00, 0x00, 0x00, 0x00, 0x00, 0x00, 0x00, 0x00, 0x00, 0x00, 0x00, 0x00,
  0x00, 0x00, 0x00, 0x00, 0x00, 0x00, 0x00, 0x00, 0x00, 0x00, 0x00, 0x00,
  0x00, 0x00, 0x00, 0x00, 0x00, 0x00, 0x00, 0x00, 0x00, 0x00, 0x00, 0x00,
  0x00, 0x00, 0x00, 0x00, 0x00, 0x00, 0x00, 0x00, 0x00, 0x00, 0x00, 0x00,
  0x00, 0x00, 0x00, 0x00, 0x00, 0x00, 0x00, 0x00, 0x00, 0x00, 0x00, 0x00,
  0x00, 0x00, 0x00, 0x00, 0x00, 0x00, 0x00, 0x00, 0x00, 0x00, 0x00, 0x00,
  0x00, 0x00, 0x00, 0x00, 0x00, 0x00, 0x00, 0x00, 0x00, 0x00, 0x00, 0x00,
  0x00, 0x00, 0x00, 0x00, 0x00, 0x00, 0x00, 0x00, 0x00, 0x00, 0x00, 0x00,
  0x00, 0x00, 0x00, 0x00, 0x00, 0x00, 0x00, 0x00, 0x00, 0x00, 0x00, 0x00,
  0x00, 0x00, 0x00, 0x00, 0x00, 0x00, 0x00, 0x00, 0x00, 0x00, 0x00, 0x00,
  0x00, 0x00, 0x00, 0x00, 0x00, 0x00, 0x00, 0x00, 0x00, 0x00, 0x00, 0x00,
  0x00, 0x00, 0x00, 0x00, 0x00, 0x00, 0x00, 0x00, 0x00, 0x00, 0x00, 0x00,
  0x00, 0x00, 0x00, 0x00, 0x00, 0x00, 0x00, 0x00, 0x00, 0x00, 0x00, 0x00,
  0x00, 0x00, 0x00, 0x00, 0x00, 0x00, 0x00, 0x00, 0x00, 0x00, 0x00, 0x00,
  0x00, 0x00, 0x00, 0x00, 0x00, 0x00, 0x00, 0x00, 0x00, 0x00, 0x00, 0x00,
  0x00, 0x00, 0x00, 0x00, 0x00, 0x00, 0x00, 0x00, 0x00, 0x00, 0x00, 0x00,
  0x00, 0x00, 0x00, 0x00, 0x00, 0x00, 0x00, 0x00, 0x00, 0x00, 0x00, 0x00,
  0x00, 0x00, 0x00, 0x00, 0x00, 0x00, 0x00, 0x00, 0x00, 0x00, 0x00, 0x00,
  0x00, 0x00, 0x00, 0x00, 0x00, 0x00, 0x00, 0x00, 0x00, 0x00, 0x00, 0x00,
  0x00, 0x00, 0x00, 0x00, 0x00, 0x00, 0x00, 0x00, 0x00, 0x00, 0x00, 0x00,
  0x00, 0x00, 0x00, 0x00, 0x00, 0x00, 0x00, 0x00, 0x00, 0x00, 0x00, 0x00,
  0x00, 0x00, 0x00, 0x00, 0x00, 0x00, 0x00, 0x00, 0x00, 0x00, 0x00, 0x00,
  0x00, 0x00, 0x00, 0x00, 0x00, 0x00, 0x00, 0x00, 0x00, 0x00, 0x00, 0x00,
  0x00, 0x00, 0x00, 0x00, 0x00, 0x00, 0x00, 0x00, 0x00, 0x00, 0x00, 0x00,
  0x00, 0x00, 0x00, 0x00, 0x00, 0x00, 0x00, 0x00, 0x00, 0x00, 0x00, 0x00,
  0x00, 0x00, 0x00, 0x00, 0x00, 0x00, 0x00, 0x00, 0x00, 0x00, 0x00, 0x00,
  0x00, 0x00, 0x00, 0x00, 0x00, 0x00, 0x00, 0x00, 0x00, 0x00, 0x00, 0x00,
  0x00, 0x00, 0x00, 0x00, 0x00, 0x00, 0x00, 0x00, 0x00, 0x00, 0x00, 0x00,
  0x00, 0x00, 0x00, 0x00, 0x00, 0x00, 0x00, 0x00, 0x00, 0x00, 0x00, 0x00,
  0x00, 0x00, 0x00, 0x00, 0x00, 0x00, 0x00, 0x00, 0x00, 0x00, 0x00, 0x00,
  0x00, 0x00, 0x00, 0x00, 0x00, 0x00, 0x00, 0x00, 0x00, 0x00, 0x00, 0x00,
  0x00, 0x00, 0x00, 0x00, 0x00, 0x00, 0x00, 0x00, 0x00, 0x00, 0x00, 0x00,
  0x00, 0x00, 0x00, 0x00, 0x00, 0x00, 0x00, 0x00, 0x00, 0x00, 0x00, 0x00,
  0x00, 0x00, 0x00, 0x00, 0x00, 0x00, 0x00, 0x00, 0x00, 0x00, 0x00, 0x00,
  0x00, 0x00, 0x00, 0x00, 0x00, 0x00, 0x00, 0x00, 0x00, 0x00, 0x00, 0x00,
  0x00, 0x00, 0x00, 0x00, 0x00, 0x00, 0x00, 0x00, 0x00, 0x00, 0x00, 0x00,
  0x00, 0x00, 0x00, 0x00, 0x00, 0x00, 0x00, 0x00, 0x00, 0x00, 0x00, 0x00,
  0x00, 0x00, 0x00, 0x00, 0x00, 0x00, 0x00, 0x00, 0x00, 0x00, 0x00, 0x00,
  0x00, 0x00, 0x00, 0x00, 0x00, 0x00, 0x00, 0x00, 0x00, 0x00, 0x00, 0x00,
  0x00, 0x00, 0x00, 0x00, 0x00, 0x00, 0x00, 0x00, 0x00, 0x00, 0x00, 0x00,
  0x00, 0x00, 0x00, 0x00, 0x00, 0x00, 0x00, 0x00, 0x00, 0x00, 0x00, 0x00,
  0x00, 0x00, 0x00, 0x00, 0x00, 0x00, 0x00, 0x00, 0x00, 0x00, 0x00, 0x00,
  0x00, 0x00, 0x00, 0x00, 0x00, 0x00, 0x00, 0x00, 0x00, 0x00, 0x00, 0x00,
  0x00, 0x00, 0x00, 0x00, 0x00, 0x00, 0x00, 0x00, 0x00, 0x00, 0x00, 0x00,
  0x00, 0x00, 0x00, 0x00, 0x00, 0x00, 0x00, 0x00, 0x00, 0x00, 0x00, 0x00,
  0x00, 0x00, 0x00, 0x00, 0x00, 0x00, 0x00, 0x00, 0x00, 0x00, 0x00, 0x00,
  0x00, 0x00, 0x00, 0x00, 0x00, 0x00, 0x00, 0x00, 0x00, 0x00, 0x00, 0x00,
  0x00, 0x00, 0x00, 0x00, 0x00, 0x00, 0x00, 0x00, 0x00, 0x00, 0x00, 0x00,
  0x00, 0x00, 0x00, 0x00, 0x00, 0x00, 0x00, 0x00, 0x00, 0x00, 0x00, 0x00,
  0x00, 0x00, 0x00, 0x00, 0x00, 0x00, 0x00, 0x00, 0x00, 0x00, 0x00, 0x00,
  0x00, 0x00, 0x00, 0x00, 0x00, 0x00, 0x00, 0x00, 0x00, 0x00, 0x00, 0x00,
  0x00, 0x00, 0x00, 0x00, 0x00, 0x00, 0x00, 0x00, 0x00, 0x00, 0x00, 0x00,
  0x00, 0x00, 0x00, 0x00, 0x00, 0x00, 0x00, 0x00, 0x00, 0x00, 0x00, 0x00,
  0x00, 0x00, 0x00, 0x00, 0x00, 0x00, 0x00, 0x00, 0x00, 0x00, 0x00, 0x00,
  0x00, 0x00, 0x00, 0x00, 0x00, 0x00, 0x00, 0x00, 0x00, 0x00, 0x00, 0x00,
  0x00, 0x00, 0x00, 0x00, 0x00, 0x00, 0x00, 0x00, 0x00, 0x00, 0x00, 0x00,
  0x00, 0x00, 0x00, 0x00, 0x00, 0x00, 0x00, 0x00, 0x00, 0x00, 0x00, 0x00,
  0x00, 0x00, 0x00, 0x00, 0x00, 0x00, 0x00, 0x00, 0x00, 0x00, 0x00, 0x00,
  0x00, 0x00, 0x00, 0x00, 0x00, 0x00, 0x00, 0x00, 0x00, 0x00, 0x00, 0x00,
  0x00, 0x00, 0x00, 0x00, 0x00, 0x00, 0x00, 0x00, 0x00, 0x00, 0x00, 0x00,
  0x00, 0x00, 0x00, 0x00, 0x00, 0x00, 0x00, 0x00, 0x00, 0x00, 0x00, 0x00,
  0x00, 0x00, 0x00, 0x00, 0x00, 0x00, 0x00, 0x00, 0x00, 0x00, 0x00, 0x00,
  0x00, 0x00, 0x00, 0x00, 0x00, 0x00, 0x00, 0x00, 0x00, 0x00, 0x00, 0x00,
  0x00, 0x00, 0x00, 0x00, 0x00, 0x00, 0x00, 0x00, 0x00, 0x00, 0x00, 0x00,
  0x00, 0x00, 0x00, 0x00, 0x00, 0x00, 0x00, 0x00, 0x00, 0x00, 0x00, 0x00,
  0x00, 0x00, 0x00, 0x00, 0x00, 0x00, 0x00, 0x00, 0x00, 0x00, 0x00, 0x00,
  0x00, 0x00, 0x00, 0x00, 0x00, 0x00, 0x00, 0x00, 0x00, 0x00, 0x00, 0x00,
  0x00, 0x00, 0x00, 0x00, 0x00, 0x00, 0x00, 0x00, 0x00, 0x00, 0x00, 0x00,
  0x00, 0x00, 0x00, 0x00, 0x00, 0x00, 0x00, 0x00, 0x00, 0x00, 0x00, 0x00,
  0x00, 0x00, 0x00, 0x00, 0x00, 0x00, 0x00, 0x00, 0x00, 0x00, 0x00, 0x00,
  0x00, 0x00, 0x00, 0x00, 0x00, 0x00, 0x00, 0x00, 0x00, 0x00, 0x00, 0x00,
  0x00, 0x00, 0x00, 0x00, 0x00, 0x00, 0x00, 0x00, 0x00, 0x00, 0x00, 0x00,
  0x00, 0x00, 0x00, 0x00, 0x00, 0x00, 0x00, 0x00, 0x00, 0x00, 0x00, 0x00,
  0x00, 0x00, 0x00, 0x00, 0x00, 0x00, 0x00, 0x00, 0x00, 0x00, 0x00, 0x00,
  0x00, 0x00, 0x00, 0x00, 0x00, 0x00, 0x00, 0x00, 0x00, 0x00, 0x00, 0x00,
  0x00, 0x00, 0x00, 0x00, 0x00, 0x00, 0x00, 0x00, 0x00, 0x00, 0x00, 0x00,
  0x00, 0x00, 0x00, 0x00, 0x00, 0x00, 0x00, 0x00, 0x00, 0x00, 0x00, 0x00,
  0x00, 0x00, 0x00, 0x00, 0x00, 0x00, 0x00, 0x00, 0x00, 0x00, 0x00, 0x00,
  0x00, 0x00, 0x00, 0x00, 0x00, 0x00, 0x00, 0x00, 0x00, 0x00, 0x00, 0x00,
  0x00, 0x00, 0x00, 0x00, 0x00, 0x00, 0x00, 0x00, 0x00, 0x00, 0x00, 0x00,
  0x00, 0x00, 0x00, 0x00, 0x00, 0x00, 0x00, 0x00, 0x00, 0x00, 0x00, 0x00,
  0x00, 0x00, 0x00, 0x00, 0x00, 0x00, 0x00, 0x00, 0x00, 0x00, 0x00, 0x00,
  0x00, 0x00, 0x00, 0x00, 0x00, 0x00, 0x00, 0x00, 0x00, 0x00, 0x00, 0x00,
  0x00, 0x00, 0x00, 0x00, 0x00, 0x00, 0x00, 0x00, 0x00, 0x00, 0x00, 0x00,
  0x00, 0x00, 0x00, 0x00, 0x00, 0x00, 0x00, 0x00, 0x00, 0x00, 0x00, 0x00,
  0x00, 0x00, 0x00, 0x00, 0x00, 0x00, 0x00, 0x00, 0x00, 0x00, 0x00, 0x00,
  0x00, 0x00, 0x00, 0x00, 0x00, 0x00, 0x00, 0x00, 0x00, 0x00, 0x00, 0x00,
  0x00, 0x00, 0x00, 0x00, 0x00, 0x00, 0x00, 0x00, 0x00, 0x00, 0x00, 0x00,
  0x00, 0x00, 0x00, 0x00, 0x00, 0x00, 0x00, 0x00, 0x00, 0x00, 0x00, 0x00,
  0x00, 0x00, 0x00, 0x00, 0x00, 0x00, 0x00, 0x00, 0x00, 0x00, 0x00, 0x00,
  0x00, 0x00, 0x00, 0x00, 0x00, 0x00, 0x00, 0x00, 0x00, 0x00, 0x00, 0x00,
  0x00, 0x00, 0x00, 0x00, 0x00, 0x00, 0x00, 0x00, 0x00, 0x00, 0x00, 0x00,
  0x00, 0x00, 0x00, 0x00, 0x00, 0x00, 0x00, 0x00, 0x00, 0x00, 0x00, 0x00,
  0x00, 0x00, 0x00, 0x00, 0x00, 0x00, 0x00, 0x00, 0x00, 0x00, 0x00, 0x00,
  0x00, 0x00, 0x00, 0x00, 0x00, 0x00, 0x00, 0x00, 0x00, 0x00, 0x00, 0x00,
  0x00, 0x00, 0x00, 0x00, 0x00, 0x00, 0x00, 0x00, 0x00, 0x00, 0x00, 0x00,
  0x00, 0x00, 0x00, 0x00, 0x00, 0x00, 0x00, 0x00, 0x00, 0x00, 0x00, 0x00,
  0x00, 0x00, 0x00, 0x00, 0x00, 0x00, 0x00, 0x00, 0x00, 0x00, 0x00, 0x00,
  0x00, 0x00, 0x00, 0x00, 0x00, 0x00, 0x00, 0x00, 0x00, 0x00, 0x00, 0x00,
  0x00, 0x00, 0x00, 0x00, 0x00, 0x00, 0x00, 0x00, 0x00, 0x00, 0x00, 0x00,
  0x00, 0x00, 0x00, 0x00, 0x00, 0x00, 0x00, 0x00, 0x00, 0x00, 0x00, 0x00,
  0x00, 0x00, 0x00, 0x00, 0x00, 0x00, 0x00, 0x00, 0x00, 0x00, 0x00, 0x00,
  0x00, 0x00, 0x00, 0x00, 0x00, 0x00, 0x00, 0x00, 0x00, 0x00, 0x00, 0x00,
  0x00, 0x00, 0x00, 0x00, 0x00, 0x00, 0x00, 0x00, 0x00, 0x00, 0x00, 0x00,
  0x00, 0x00, 0x00, 0x00, 0x00, 0x00, 0x00, 0x00, 0x00, 0x00, 0x00, 0x00,
  0x00, 0x00, 0x00, 0x00, 0x00, 0x00, 0x00, 0x00, 0x00, 0x00, 0x00, 0x00,
  0x00, 0x00, 0x00, 0x00, 0x00, 0x00, 0x00, 0x00, 0x00, 0x00, 0x00, 0x00,
  0x00, 0x00, 0x00, 0x00, 0x00, 0x00, 0x00, 0x00, 0x00, 0x00, 0x00, 0x00,
  0x00, 0x00, 0x00, 0x00, 0x00, 0x00, 0x00, 0x00, 0x00, 0x00, 0x00, 0x00,
  0x00, 0x00, 0x00, 0x00, 0x00, 0x00, 0x00, 0x00, 0x00, 0x00, 0x00, 0x00,
  0x00, 0x00, 0x00, 0x00, 0x00, 0x00, 0x00, 0x00, 0x00, 0x00, 0x00, 0x00,
  0x00, 0x00, 0x00, 0x00, 0x00, 0x00, 0x00, 0x00, 0x00, 0x00, 0x00, 0x00,
  0x00, 0x00, 0x00, 0x00, 0x00, 0x00, 0x00, 0x00, 0x00, 0x00, 0x00, 0x00,
  0x00, 0x00, 0x00, 0x00, 0x00, 0x00, 0x00, 0x00, 0x00, 0x00, 0x00, 0x00,
  0x00, 0x00, 0x00, 0x00, 0x00, 0x00, 0x00, 0x00, 0x00, 0x00, 0x00, 0x00,
  0x00, 0x00, 0x00, 0x00, 0x00, 0x00, 0x00, 0x00, 0x00, 0x00, 0x00, 0x00,
  0x00, 0x00, 0x00, 0x00, 0x00, 0x00, 0x00, 0x00, 0x00, 0x00, 0x00, 0x00,
  0x00, 0x00, 0x00, 0x00, 0x00, 0x00, 0x00, 0x00, 0x00, 0x00, 0x00, 0x00,
  0x00, 0x00, 0x00, 0x00, 0x00, 0x00, 0x00, 0x00, 0x00, 0x00, 0x00, 0x00,
  0x00, 0x00, 0x00, 0x00, 0x00, 0x00, 0x00, 0x00, 0x00, 0x00, 0x00, 0x00,
  0x00, 0x00, 0x00, 0x00, 0x00, 0x00, 0x00, 0x00, 0x00, 0x00, 0x00, 0x00,
  0x00, 0x00, 0x00, 0x00, 0x00, 0x00, 0x00, 0x00, 0x00, 0x00, 0x00, 0x00,
  0x00, 0x00, 0x00, 0x00, 0x00, 0x00, 0x00, 0x00, 0x00, 0x00, 0x00, 0x00,
  0x00, 0x00, 0x00, 0x00, 0x00, 0x00, 0x00, 0x00, 0x00, 0x00, 0x00, 0x00,
  0x00, 0x00, 0x00, 0x00, 0x00, 0x00, 0x00, 0x00, 0x00, 0x00, 0x00, 0x00,
  0x00, 0x00, 0x00, 0x00, 0x00, 0x00, 0x00, 0x00, 0x00, 0x00, 0x00, 0x00,
  0x00, 0x00, 0x00, 0x00, 0x00, 0x00, 0x00, 0x00, 0x00, 0x00, 0x00, 0x00,
  0x00, 0x00, 0x00, 0x00, 0x00, 0x00, 0x00, 0x00, 0x00, 0x00, 0x00, 0x00,
  0x00, 0x00, 0x00, 0x00, 0x00, 0x00, 0x00, 0x00, 0x00, 0x00, 0x00, 0x00,
  0x74, 0x65, 0x73, 0x74, 0x00, 0x6c, 0x6c, 0x6c, 0x4f, 0x6c, 0x4f, 0x4f,
  0x6c, 0x6c, 0x3a, 0x7a, 0x75, 0x6e, 0x67, 0x71, 0x72, 0x00, 0x4e, 0x50,
  0x59, 0x5f, 0x43, 0x44, 0x4f, 0x55, 0x42, 0x4c, 0x45, 0x00, 0x74, 0x61,
  0x75, 0x00, 0x69, 0x6e, 0x66, 0x6f, 0x00, 0x7a, 0x75, 0x6e, 0x67, 0x71,
  0x72, 0x5f, 0x00, 0x7b, 0x73, 0x3a, 0x6c, 0x2c, 0x73, 0x3a, 0x6c, 0x7d,
  0x00, 0x6c, 0x6c, 0x4f, 0x6c, 0x4f, 0x4f, 0x6c, 0x6c, 0x3a, 0x7a, 0x67,
  0x65, 0x71, 0x72, 0x66, 0x00, 0x6e, 0x00, 0x6d, 0x00, 0x7a, 0x67, 0x65,
  0x71, 0x72, 0x66, 0x5f, 0x00, 0x7b, 0x73, 0x3a, 0x6c, 0x2c, 0x73, 0x3a,
  0x6c, 0x2c, 0x73, 0x3a, 0x6c, 0x2c, 0x73, 0x3a, 0x6c, 0x2c, 0x73, 0x3a,
  0x6c, 0x2c, 0x73, 0x3a, 0x6c, 0x7d, 0x00, 0x6c, 0x77, 0x6f, 0x72, 0x6b,
  0x00, 0x6c, 0x64, 0x61, 0x00, 0x6c, 0x6c, 0x6c, 0x4f, 0x6c, 0x4f, 0x6c,
  0x4f, 0x64, 0x6c, 0x4f, 0x6c, 0x4f, 0x4f, 0x6c, 0x3a, 0x7a, 0x67, 0x65,
  0x6c, 0x73, 0x64, 0x00, 0x4e, 0x50, 0x59, 0x5f, 0x44, 0x4f, 0x55, 0x42,
  0x4c, 0x45, 0x00, 0x72, 0x77, 0x6f, 0x72, 0x6b, 0x00, 0x4e, 0x50, 0x59,
  0x5f, 0x49, 0x4e, 0x54, 0x00, 0x69, 0x77, 0x6f, 0x72, 0x6b, 0x00, 0x7a,
  0x67, 0x65, 0x6c, 0x73, 0x64, 0x5f, 0x00, 0x72, 0x61, 0x6e, 0x6b, 0x00,
  0x6c, 0x64, 0x62, 0x00, 0x6e, 0x72, 0x68, 0x73, 0x00, 0x6c, 0x6c, 0x6c,
  0x4f, 0x6c, 0x4f, 0x4f, 0x6c, 0x6c, 0x3a, 0x64, 0x6f, 0x72, 0x67, 0x71,
  0x72, 0x00, 0x64, 0x6f, 0x72, 0x67, 0x71, 0x72, 0x5f, 0x00, 0x7b, 0x73,
  0x3a, 0x69, 0x2c, 0x73, 0x3a, 0x69, 0x7d, 0x00, 0x6c, 0x6c, 0x4f, 0x6c,
  0x4f, 0x4f, 0x6c, 0x6c, 0x3a, 0x64, 0x67, 0x65, 0x71, 0x72, 0x66, 0x00,
  0x64, 0x67, 0x65, 0x71, 0x72, 0x66, 0x5f, 0x00, 0x6c, 0x6c, 0x6c, 0x4f,
  0x6c, 0x4f, 0x6c, 0x4f, 0x64, 0x6c, 0x4f, 0x6c, 0x4f, 0x6c, 0x3a, 0x64,
  0x67, 0x65, 0x6c, 0x73, 0x64, 0x00, 0x64, 0x67, 0x65, 0x6c, 0x73, 0x64,
  0x5f, 0x00, 0x72, 0x63, 0x6f, 0x6e, 0x64, 0x00, 0x6e, 0x75, 0x6d, 0x70,
  0x79, 0x2e, 0x63, 0x6f, 0x72, 0x65, 0x2e, 0x5f, 0x6d, 0x75, 0x6c, 0x74,
  0x69, 0x61, 0x72, 0x72, 0x61, 0x79, 0x5f, 0x75, 0x6d, 0x61, 0x74, 0x68,
  0x00, 0x5f, 0x41, 0x52, 0x52, 0x41, 0x59, 0x5f, 0x41, 0x50, 0x49, 0x00,
  0x5f, 0x41, 0x52, 0x52, 0x41, 0x59, 0x5f, 0x41, 0x50, 0x49, 0x20, 0x6e,
  0x6f, 0x74, 0x20, 0x66, 0x6f, 0x75, 0x6e, 0x64, 0x00, 0x5f, 0x41, 0x52,
  0x52, 0x41, 0x59, 0x5f, 0x41, 0x50, 0x49, 0x20, 0x69, 0x73, 0x20, 0x4e,
  0x55, 0x4c, 0x4c, 0x20, 0x70, 0x6f, 0x69, 0x6e, 0x74, 0x65, 0x72, 0x00,
  0x6c, 0x61, 0x70, 0x61, 0x63, 0x6b, 0x5f, 0x6c, 0x69, 0x74, 0x65, 0x2e,
  0x4c, 0x61, 0x70, 0x61, 0x63, 0x6b, 0x45, 0x72, 0x72, 0x6f, 0x72, 0x00,
  0x5f, 0x69, 0x6c, 0x70, 0x36, 0x34, 0x00, 0x6c, 0x61, 0x70, 0x61, 0x63,
  0x6b, 0x5f, 0x6c, 0x69, 0x74, 0x65, 0x00, 0x78, 0x65, 0x72, 0x62, 0x6c,
  0x61, 0x00, 0x00, 0x00, 0x00, 0x00, 0x00, 0x00, 0x45, 0x78, 0x70, 0x65,
  0x63, 0x74, 0x65, 0x64, 0x20, 0x61, 0x6e, 0x20, 0x61, 0x72, 0x72, 0x61,
  0x79, 0x20, 0x66, 0x6f, 0x72, 0x20, 0x70, 0x61, 0x72, 0x61, 0x6d, 0x65,
  0x74, 0x65, 0x72, 0x20, 0x25, 0x73, 0x20, 0x69, 0x6e, 0x20, 0x6c, 0x61,
  0x70, 0x61, 0x63, 0x6b, 0x5f, 0x6c, 0x69, 0x74, 0x65, 0x2e, 0x25, 0x73,
  0x00, 0x00, 0x00, 0x00, 0x50, 0x61, 0x72, 0x61, 0x6d, 0x65, 0x74, 0x65,
  0x72, 0x20, 0x25, 0x73, 0x20, 0x69, 0x73, 0x20, 0x6e, 0x6f, 0x74, 0x20,
  0x63, 0x6f, 0x6e, 0x74, 0x69, 0x67, 0x75, 0x6f, 0x75, 0x73, 0x20, 0x69,
  0x6e, 0x20, 0x6c, 0x61, 0x70, 0x61, 0x63, 0x6b, 0x5f, 0x6c, 0x69, 0x74,
  0x65, 0x2e, 0x25, 0x73, 0x00, 0x00, 0x00, 0x00, 0x00, 0x00, 0x00, 0x00,
  0x50, 0x61, 0x72, 0x61, 0x6d, 0x65, 0x74, 0x65, 0x72, 0x20, 0x25, 0x73,
  0x20, 0x69, 0x73, 0x20, 0x6e, 0x6f, 0x74, 0x20, 0x6f, 0x66, 0x20, 0x74,
  0x79, 0x70, 0x65, 0x20, 0x25, 0x73, 0x20, 0x69, 0x6e, 0x20, 0x6c, 0x61,
  0x70, 0x61, 0x63, 0x6b, 0x5f, 0x6c, 0x69, 0x74, 0x65, 0x2e, 0x25, 0x73,
  0x00, 0x00, 0x00, 0x00, 0x00, 0x00, 0x00, 0x00, 0x50, 0x61, 0x72, 0x61,
  0x6d, 0x65, 0x74, 0x65, 0x72, 0x20, 0x25, 0x73, 0x20, 0x68, 0x61, 0x73,
  0x20, 0x6e, 0x6f, 0x6e, 0x2d, 0x6e, 0x61, 0x74, 0x69, 0x76, 0x65, 0x20,
  0x62, 0x79, 0x74, 0x65, 0x20, 0x6f, 0x72, 0x64, 0x65, 0x72, 0x20, 0x69,
  0x6e, 0x20, 0x6c, 0x61, 0x70, 0x61, 0x63, 0x6b, 0x5f, 0x6c, 0x69, 0x74,
  0x65, 0x2e, 0x25, 0x73, 0x00, 0x00, 0x00, 0x00, 0x00, 0x00, 0x00, 0x00,
  0x7b, 0x73, 0x3a, 0x6c, 0x2c, 0x73, 0x3a, 0x6c, 0x2c, 0x73, 0x3a, 0x6c,
  0x2c, 0x73, 0x3a, 0x6c, 0x2c, 0x73, 0x3a, 0x6c, 0x2c, 0x73, 0x3a, 0x6c,
  0x2c, 0x73, 0x3a, 0x6c, 0x2c, 0x73, 0x3a, 0x6c, 0x2c, 0x73, 0x3a, 0x6c,
  0x7d, 0x00, 0x00, 0x00, 0x7b, 0x73, 0x3a, 0x6c, 0x2c, 0x73, 0x3a, 0x6c,
  0x2c, 0x73, 0x3a, 0x6c, 0x2c, 0x73, 0x3a, 0x6c, 0x2c, 0x73, 0x3a, 0x6c,
  0x2c, 0x73, 0x3a, 0x6c, 0x2c, 0x73, 0x3a, 0x64, 0x2c, 0x73, 0x3a, 0x6c,
  0x2c, 0x73, 0x3a, 0x6c, 0x2c, 0x73, 0x3a, 0x6c, 0x7d, 0x00, 0x00, 0x00,
  0x00, 0x00, 0x00, 0x00, 0x5f, 0x41, 0x52, 0x52, 0x41, 0x59, 0x5f, 0x41,
  0x50, 0x49, 0x20, 0x69, 0x73, 0x20, 0x6e, 0x6f, 0x74, 0x20, 0x50, 0x79,
  0x43, 0x61, 0x70, 0x73, 0x75, 0x6c, 0x65, 0x20, 0x6f, 0x62, 0x6a, 0x65,
  0x63, 0x74, 0x00, 0x00, 0x00, 0x00, 0x00, 0x00, 0x6d, 0x6f, 0x64, 0x75,
  0x6c, 0x65, 0x20, 0x63, 0x6f, 0x6d, 0x70, 0x69, 0x6c, 0x65, 0x64, 0x20,
  0x61, 0x67, 0x61, 0x69, 0x6e, 0x73, 0x74, 0x20, 0x41, 0x42, 0x49, 0x20,
  0x76, 0x65, 0x72, 0x73, 0x69, 0x6f, 0x6e, 0x20, 0x30, 0x78, 0x25, 0x78,
  0x20, 0x62, 0x75, 0x74, 0x20, 0x74, 0x68, 0x69, 0x73, 0x20, 0x76, 0x65,
  0x72, 0x73, 0x69, 0x6f, 0x6e, 0x20, 0x6f, 0x66, 0x20, 0x6e, 0x75, 0x6d,
  0x70, 0x79, 0x20, 0x69, 0x73, 0x20, 0x30, 0x78, 0x25, 0x78, 0x00, 0x00,
  0x00, 0x00, 0x00, 0x00, 0x6d, 0x6f, 0x64, 0x75, 0x6c, 0x65, 0x20, 0x63,
  0x6f, 0x6d, 0x70, 0x69, 0x6c, 0x65, 0x64, 0x20, 0x61, 0x67, 0x61, 0x69,
  0x6e, 0x73, 0x74, 0x20, 0x41, 0x50, 0x49, 0x20, 0x76, 0x65, 0x72, 0x73,
  0x69, 0x6f, 0x6e, 0x20, 0x30, 0x78, 0x25, 0x78, 0x20, 0x62, 0x75, 0x74,
  0x20, 0x74, 0x68, 0x69, 0x73, 0x20, 0x76, 0x65, 0x72, 0x73, 0x69, 0x6f,
  0x6e, 0x20, 0x6f, 0x66, 0x20, 0x6e, 0x75, 0x6d, 0x70, 0x79, 0x20, 0x69,
  0x73, 0x20, 0x30, 0x78, 0x25, 0x78, 0x20, 0x2e, 0x20, 0x43, 0x68, 0x65,
  0x63, 0x6b, 0x20, 0x74, 0x68, 0x65, 0x20, 0x73, 0x65, 0x63, 0x74, 0x69,
  0x6f, 0x6e, 0x20, 0x43, 0x2d, 0x41, 0x50, 0x49, 0x20, 0x69, 0x6e, 0x63,
  0x6f, 0x6d, 0x70, 0x61, 0x74, 0x69, 0x62, 0x69, 0x6c, 0x69, 0x74, 0x79,
  0x20, 0x61, 0x74, 0x20, 0x74, 0x68, 0x65, 0x20, 0x54, 0x72, 0x6f, 0x75,
  0x62, 0x6c, 0x65, 0x73, 0x68, 0x6f, 0x6f, 0x74, 0x69, 0x6e, 0x67, 0x20,
  0x49, 0x6d, 0x70, 0x6f, 0x72, 0x74, 0x45, 0x72, 0x72, 0x6f, 0x72, 0x20,
  0x73, 0x65, 0x63, 0x74, 0x69, 0x6f, 0x6e, 0x20, 0x61, 0x74, 0x20, 0x68,
  0x74, 0x74, 0x70, 0x73, 0x3a, 0x2f, 0x2f, 0x6e, 0x75, 0x6d, 0x70, 0x79,
  0x2e, 0x6f, 0x72, 0x67, 0x2f, 0x64, 0x65, 0x76, 0x64, 0x6f, 0x63, 0x73,
  0x2f, 0x75, 0x73, 0x65, 0x72, 0x2f, 0x74, 0x72, 0x6f, 0x75, 0x62, 0x6c,
  0x65, 0x73, 0x68, 0x6f, 0x6f, 0x74, 0x69, 0x6e, 0x67, 0x2d, 0x69, 0x6d,
  0x70, 0x6f, 0x72, 0x74, 0x65, 0x72, 0x72, 0x6f, 0x72, 0x2e, 0x68, 0x74,
  0x6d, 0x6c, 0x23, 0x63, 0x2d, 0x61, 0x70, 0x69, 0x2d, 0x69, 0x6e, 0x63,
  0x6f, 0x6d, 0x70, 0x61, 0x74, 0x69, 0x62, 0x69, 0x6c, 0x69, 0x74, 0x79,
  0x20, 0x66, 0x6f, 0x72, 0x20, 0x69, 0x6e, 0x64, 0x69, 0x63, 0x61, 0x74,
  0x69, 0x6f, 0x6e, 0x73, 0x20, 0x6f, 0x6e, 0x20, 0x68, 0x6f, 0x77, 0x20,
  0x74, 0x6f, 0x20, 0x73, 0x6f, 0x6c, 0x76, 0x65, 0x20, 0x74, 0x68, 0x69,
  0x73, 0x20, 0x70, 0x72, 0x6f, 0x62, 0x6c, 0x65, 0x6d, 0x20, 0x2e, 0x00,
  0x46, 0x41, 0x54, 0x41, 0x4c, 0x3a, 0x20, 0x6d, 0x6f, 0x64, 0x75, 0x6c,
  0x65, 0x20, 0x63, 0x6f, 0x6d, 0x70, 0x69, 0x6c, 0x65, 0x64, 0x20, 0x61,
  0x73, 0x20, 0x75, 0x6e, 0x6b, 0x6e, 0x6f, 0x77, 0x6e, 0x20, 0x65, 0x6e,
  0x64, 0x69, 0x61, 0x6e, 0x00, 0x00, 0x00, 0x00, 0x00, 0x00, 0x00, 0x00,
  0x46, 0x41, 0x54, 0x41, 0x4c, 0x3a, 0x20, 0x6d, 0x6f, 0x64, 0x75, 0x6c,
  0x65, 0x20, 0x63, 0x6f, 0x6d, 0x70, 0x69, 0x6c, 0x65, 0x64, 0x20, 0x61,
  0x73, 0x20, 0x6c, 0x69, 0x74, 0x74, 0x6c, 0x65, 0x20, 0x65, 0x6e, 0x64,
  0x69, 0x61, 0x6e, 0x2c, 0x20, 0x62, 0x75, 0x74, 0x20, 0x64, 0x65, 0x74,
  0x65, 0x63, 0x74, 0x65, 0x64, 0x20, 0x64, 0x69, 0x66, 0x66, 0x65, 0x72,
  0x65, 0x6e, 0x74, 0x20, 0x65, 0x6e, 0x64, 0x69, 0x61, 0x6e, 0x6e, 0x65,
  0x73, 0x73, 0x20, 0x61, 0x74, 0x20, 0x72, 0x75, 0x6e, 0x74, 0x69, 0x6d,
  0x65, 0x00, 0x00, 0x00, 0x6e, 0x75, 0x6d, 0x70, 0x79, 0x2e, 0x63, 0x6f,
  0x72, 0x65, 0x2e, 0x6d, 0x75, 0x6c, 0x74, 0x69, 0x61, 0x72, 0x72, 0x61,
  0x79, 0x20, 0x66, 0x61, 0x69, 0x6c, 0x65, 0x64, 0x20, 0x74, 0x6f, 0x20,
  0x69, 0x6d, 0x70, 0x6f, 0x72, 0x74, 0x00, 0x00, 0x00, 0x00, 0x00, 0x00,
  0x00, 0x00, 0x00, 0x00, 0x00, 0x00, 0x00, 0x00, 0x00, 0x00, 0x00, 0x00,
  0x00, 0x00, 0x00, 0x00, 0x00, 0x00, 0x00, 0x00, 0x4f, 0x6e, 0x20, 0x65,
  0x6e, 0x74, 0x72, 0x79, 0x20, 0x74, 0x6f, 0x20, 0x25, 0x2e, 0x2a, 0x73,
  0x20, 0x70, 0x61, 0x72, 0x61, 0x6d, 0x65, 0x74, 0x65, 0x72, 0x20, 0x6e,
  0x75, 0x6d, 0x62, 0x65, 0x72, 0x20, 0x25, 0x64, 0x20, 0x68, 0x61, 0x64,
  0x20, 0x61, 0x6e, 0x20, 0x69, 0x6c, 0x6c, 0x65, 0x67, 0x61, 0x6c, 0x20,
  0x76, 0x61, 0x6c, 0x75, 0x65, 0x00, 0x00, 0x00, 0x01, 0x1b, 0x03, 0x3b,
  0x60, 0x00, 0x00, 0x00, 0x0b, 0x00, 0x00, 0x00, 0x84, 0xda, 0xff, 0xff,
  0x7c, 0x00, 0x00, 0x00, 0x24, 0xdd, 0xff, 0xff, 0xa4, 0x00, 0x00, 0x00,
  0x84, 0xdd, 0xff, 0xff, 0xc4, 0x00, 0x00, 0x00, 0x84, 0xde, 0xff, 0xff,
  0x10, 0x01, 0x00, 0x00, 0x04, 0xe0, 0xff, 0xff, 0xa4, 0x01, 0x00, 0x00,
  0xa4, 0xe1, 0xff, 0xff, 0x3c, 0x02, 0x00, 0x00, 0xa4, 0xe4, 0xff, 0xff,
  0x24, 0x03, 0x00, 0x00, 0x24, 0xe6, 0xff, 0xff, 0xb8, 0x03, 0x00, 0x00,
  0xc4, 0xe7, 0xff, 0xff, 0x50, 0x04, 0x00, 0x00, 0x94, 0xea, 0xff, 0xff,
  0x28, 0x05, 0x00, 0x00, 0xf4, 0xec, 0xff, 0xff, 0x64, 0x05, 0x00, 0x00,
  0x14, 0x00, 0x00, 0x00, 0x00, 0x00, 0x00, 0x00, 0x01, 0x7a, 0x52, 0x00,
  0x01, 0x78, 0x10, 0x01, 0x1b, 0x0c, 0x07, 0x08, 0x90, 0x01, 0x00, 0x00,
  0x24, 0x00, 0x00, 0x00, 0x1c, 0x00, 0x00, 0x00, 0x00, 0xda, 0xff, 0xff,
  0xe0, 0x01, 0x00, 0x00, 0x00, 0x0e, 0x10, 0x46, 0x0e, 0x18, 0x4a, 0x0f,
  0x0b, 0x77, 0x08, 0x80, 0x00, 0x3f, 0x1a, 0x3b, 0x2a, 0x33, 0x24, 0x22,
  0x00, 0x00, 0x00, 0x00, 0x1c, 0x00, 0x00, 0x00, 0x44, 0x00, 0x00, 0x00,
  0x78, 0xdc, 0xff, 0xff, 0x54, 0x00, 0x00, 0x00, 0x00, 0x41, 0x0e, 0x10,
  0x86, 0x02, 0x44, 0x0e, 0x20, 0x02, 0x4d, 0x0e, 0x10, 0x41, 0x0e, 0x08,
  0x48, 0x00, 0x00, 0x00, 0x64, 0x00, 0x00, 0x00, 0xb8, 0xdc, 0xff, 0xff,
  0xfb, 0x00, 0x00, 0x00, 0x00, 0x42, 0x0e, 0x10, 0x8f, 0x02, 0x45, 0x0e,
  0x18, 0x8e, 0x03, 0x45, 0x0e, 0x20, 0x8d, 0x04, 0x45, 0x0e, 0x28, 0x8c,
  0x05, 0x41, 0x0e, 0x30, 0x86, 0x06, 0x43, 0x0e, 0x38, 0x83, 0x07, 0x47,
  0x0e, 0x40, 0x02, 0x41, 0x0a, 0x0e, 0x38, 0x44, 0x0e, 0x30, 0x41, 0x0e,
  0x28, 0x42, 0x0e, 0x20, 0x42, 0x0e, 0x18, 0x42, 0x0e, 0x10, 0x42, 0x0e,
  0x08, 0x46, 0x0b, 0x00, 0x90, 0x00, 0x00, 0x00, 0xb0, 0x00, 0x00, 0x00,
  0x6c, 0xdd, 0xff, 0xff, 0x79, 0x01, 0x00, 0x00, 0x00, 0x42, 0x0e, 0x10,
  0x8f, 0x02, 0x4c, 0x0e, 0x18, 0x8e, 0x03, 0x42, 0x0e, 0x20, 0x8d, 0x04,
  0x42, 0x0e, 0x28, 0x8c, 0x05, 0x41, 0x0e, 0x30, 0x86, 0x06, 0x41, 0x0e,
  0x38, 0x83, 0x07, 0x44, 0x0e, 0x90, 0x01, 0x53, 0x0e, 0x98, 0x01, 0x50,
  0x0e, 0xa0, 0x01, 0x47, 0x0e, 0xa8, 0x01, 0x46, 0x0e, 0xb0, 0x01, 0x46,
  0x0e, 0xb8, 0x01, 0x48, 0x0e, 0xc0, 0x01, 0x4e, 0x0e, 0x90, 0x01, 0x02,
  0x91, 0x0e, 0x98, 0x01, 0x5b, 0x0e, 0xa0, 0x01, 0x42, 0x0e, 0xa8, 0x01,
  0x48, 0x0e, 0xb0, 0x01, 0x49, 0x0e, 0x90, 0x01, 0x73, 0x0a, 0x0e, 0x38,
  0x41, 0x0e, 0x30, 0x41, 0x0e, 0x28, 0x42, 0x0e, 0x20, 0x42, 0x0e, 0x18,
  0x42, 0x0e, 0x10, 0x42, 0x0e, 0x08, 0x48, 0x0b, 0x44, 0x0e, 0x38, 0x43,
  0x0e, 0x30, 0x41, 0x0e, 0x28, 0x42, 0x0e, 0x20, 0x42, 0x0e, 0x18, 0x42,
  0x0e, 0x10, 0x42, 0x0e, 0x08, 0x00, 0x00, 0x00, 0x94, 0x00, 0x00, 0x00,
  0x44, 0x01, 0x00, 0x00, 0x58, 0xde, 0xff, 0xff, 0x97, 0x01, 0x00, 0x00,
  0x00, 0x42, 0x0e, 0x10, 0x8e, 0x02, 0x4c, 0x0e, 0x18, 0x8d, 0x03, 0x42,
  0x0e, 0x20, 0x8c, 0x04, 0x41, 0x0e, 0x28, 0x86, 0x05, 0x41, 0x0e, 0x30,
  0x83, 0x06, 0x44, 0x0e, 0x70, 0x54, 0x0e, 0x78, 0x4f, 0x0e, 0x80, 0x01,
  0x46, 0x0e, 0x88, 0x01, 0x46, 0x0e, 0x90, 0x01, 0x4f, 0x0e, 0x70, 0x02,
  0xb2, 0x0e, 0x78, 0x41, 0x0e, 0x80, 0x01, 0x4e, 0x0e, 0x78, 0x41, 0x0e,
  0x70, 0x49, 0x0e, 0x78, 0x4e, 0x0e, 0x80, 0x01, 0x4f, 0x0e, 0x88, 0x01,
  0x52, 0x0e, 0x90, 0x01, 0x48, 0x0e, 0x98, 0x01, 0x4b, 0x0e, 0xa0, 0x01,
  0x41, 0x0e, 0xa8, 0x01, 0x46, 0x0e, 0xb0, 0x01, 0x4e, 0x0e, 0x70, 0x44,
  0x0a, 0x0e, 0x30, 0x41, 0x0e, 0x28, 0x41, 0x0e, 0x20, 0x42, 0x0e, 0x18,
  0x42, 0x0e, 0x10, 0x42, 0x0e, 0x08, 0x46, 0x0b, 0x44, 0x0e, 0x30, 0x43,
  0x0e, 0x28, 0x41, 0x0e, 0x20, 0x42, 0x0e, 0x18, 0x42, 0x0e, 0x10, 0x42,
  0x0e, 0x08, 0x00, 0x00, 0xe4, 0x00, 0x00, 0x00, 0xdc, 0x01, 0x00, 0x00,
  0x60, 0xdf, 0xff, 0xff, 0xfc, 0x02, 0x00, 0x00, 0x00, 0x42, 0x0e, 0x10,
  0x8f, 0x02, 0x4c, 0x0e, 0x18, 0x8e, 0x03, 0x42, 0x0e, 0x20, 0x8d, 0x04,
  0x42, 0x0e, 0x28, 0x8c, 0x05, 0x41, 0x0e, 0x30, 0x86, 0x06, 0x41, 0x0e,
  0x38, 0x83, 0x07, 0x47, 0x0e, 0xe0, 0x01, 0x53, 0x0e, 0xe8, 0x01, 0x53,
  0x0e, 0xf0, 0x01, 0x49, 0x0e, 0xf8, 0x01, 0x49, 0x0e, 0x80, 0x02, 0x4a,
  0x0e, 0x88, 0x02, 0x49, 0x0e, 0x90, 0x02, 0x4e, 0x0e, 0x98, 0x02, 0x4e,
  0x0e, 0xa0, 0x02, 0x49, 0x0e, 0xa8, 0x02, 0x4e, 0x0e, 0xb0, 0x02, 0x49,
  0x0e, 0xb8, 0x02, 0x4b, 0x0e, 0xc0, 0x02, 0x51, 0x0e, 0xe0, 0x01, 0x03,
  0x1f, 0x01, 0x0e, 0xe8, 0x01, 0x5b, 0x0e, 0xf0, 0x01, 0x4b, 0x0e, 0xf8,
  0x01, 0x4b, 0x0e, 0x80, 0x02, 0x42, 0x0e, 0x88, 0x02, 0x4b, 0x0e, 0x90,
  0x02, 0x44, 0x0e, 0x98, 0x02, 0x44, 0x0e, 0xa0, 0x02, 0x4b, 0x0e, 0xa8,
  0x02, 0x44, 0x0e, 0xb0, 0x02, 0x49, 0x0e, 0xe0, 0x01, 0x55, 0x0e, 0xe8,
  0x01, 0x51, 0x0e, 0xf0, 0x01, 0x4f, 0x0e, 0xf8, 0x01, 0x55, 0x0e, 0x80,
  0x02, 0x48, 0x0e, 0x88, 0x02, 0x4e, 0x0e, 0x90, 0x02, 0x41, 0x0e, 0x98,
  0x02, 0x4e, 0x0e, 0xa0, 0x02, 0x41, 0x0e, 0xa8, 0x02, 0x4e, 0x0e, 0xb0,
  0x02, 0x41, 0x0e, 0xb8, 0x02, 0x4e, 0x0e, 0xc0, 0x02, 0x41, 0x0e, 0xc8,
  0x02, 0x49, 0x0e, 0xd0, 0x02, 0x51, 0x0e, 0xe0, 0x01, 0x4e, 0x0e, 0x38,
  0x41, 0x0e, 0x30, 0x41, 0x0e, 0x28, 0x42, 0x0e, 0x20, 0x42, 0x0e, 0x18,
  0x42, 0x0e, 0x10, 0x42, 0x0e, 0x08, 0x00, 0x00, 0x90, 0x00, 0x00, 0x00,
  0xc4, 0x02, 0x00, 0x00, 0x78, 0xe1, 0xff, 0xff, 0x79, 0x01, 0x00, 0x00,
  0x00, 0x42, 0x0e, 0x10, 0x8f, 0x02, 0x4c, 0x0e, 0x18, 0x8e, 0x03, 0x42,
  0x0e, 0x20, 0x8d, 0x04, 0x42, 0x0e, 0x28, 0x8c, 0x05, 0x41, 0x0e, 0x30,
  0x86, 0x06, 0x41, 0x0e, 0x38, 0x83, 0x07, 0x44, 0x0e, 0x90, 0x01, 0x53,
  0x0e, 0x98, 0x01, 0x50, 0x0e, 0xa0, 0x01, 0x47, 0x0e, 0xa8, 0x01, 0x46,
  0x0e, 0xb0, 0x01, 0x46, 0x0e, 0xb8, 0x01, 0x48, 0x0e, 0xc0, 0x01, 0x4e,
  0x0e, 0x90, 0x01, 0x02, 0x91, 0x0e, 0x98, 0x01, 0x5b, 0x0e, 0xa0, 0x01,
  0x42, 0x0e, 0xa8, 0x01, 0x48, 0x0e, 0xb0, 0x01, 0x49, 0x0e, 0x90, 0x01,
  0x73, 0x0a, 0x0e, 0x38, 0x41, 0x0e, 0x30, 0x41, 0x0e, 0x28, 0x42, 0x0e,
  0x20, 0x42, 0x0e, 0x18, 0x42, 0x0e, 0x10, 0x42, 0x0e, 0x08, 0x48, 0x0b,
  0x44, 0x0e, 0x38, 0x43, 0x0e, 0x30, 0x41, 0x0e, 0x28, 0x42, 0x0e, 0x20,
  0x42, 0x0e, 0x18, 0x42, 0x0e, 0x10, 0x42, 0x0e, 0x08, 0x00, 0x00, 0x00,
  0x94, 0x00, 0x00, 0x00, 0x58, 0x03, 0x00, 0x00, 0x64, 0xe2, 0xff, 0xff,
  0x97, 0x01, 0x00, 0x00, 0x00, 0x42, 0x0e, 0x10, 0x8e, 0x02, 0x4c, 0x0e,
  0x18, 0x8d, 0x03, 0x42, 0x0e, 0x20, 0x8c, 0x04, 0x41, 0x0e, 0x28, 0x86,
  0x05, 0x41, 0x0e, 0x30, 0x83, 0x06, 0x44, 0x0e, 0x70, 0x54, 0x0e, 0x78,
  0x4f, 0x0e, 0x80, 0x01, 0x46, 0x0e, 0x88, 0x01, 0x46, 0x0e, 0x90, 0x01,
  0x4f, 0x0e, 0x70, 0x02, 0xb2, 0x0e, 0x78, 0x41, 0x0e, 0x80, 0x01, 0x4e,
  0x0e, 0x78, 0x41, 0x0e, 0x70, 0x49, 0x0e, 0x78, 0x4e, 0x0e, 0x80, 0x01,
  0x4f, 0x0e, 0x88, 0x01, 0x52, 0x0e, 0x90, 0x01, 0x48, 0x0e, 0x98, 0x01,
  0x4b, 0x0e, 0xa0, 0x01, 0x41, 0x0e, 0xa8, 0x01, 0x46, 0x0e, 0xb0, 0x01,
  0x4e, 0x0e, 0x70, 0x44, 0x0a, 0x0e, 0x30, 0x41, 0x0e, 0x28, 0x41, 0x0e,
  0x20, 0x42, 0x0e, 0x18, 0x42, 0x0e, 0x10, 0x42, 0x0e, 0x08, 0x46, 0x0b,
  0x44, 0x0e, 0x30, 0x43, 0x0e, 0x28, 0x41, 0x0e, 0x20, 0x42, 0x0e, 0x18,
  0x42, 0x0e, 0x10, 0x42, 0x0e, 0x08, 0x00, 0x00, 0xd4, 0x00, 0x00, 0x00,
  0xf0, 0x03, 0x00, 0x00, 0x6c, 0xe3, 0xff, 0xff, 0xc4, 0x02, 0x00, 0x00,
  0x00, 0x42, 0x0e, 0x10, 0x8f, 0x02, 0x4c, 0x0e, 0x18, 0x8e, 0x03, 0x42,
  0x0e, 0x20, 0x8d, 0x04, 0x42, 0x0e, 0x28, 0x8c, 0x05, 0x41, 0x0e, 0x30,
  0x86, 0x06, 0x41, 0x0e, 0x38, 0x83, 0x07, 0x47, 0x0e, 0xd0, 0x01, 0x59,
  0x0e, 0xd8, 0x01, 0x52, 0x0e, 0xe0, 0x01, 0x4a, 0x0e, 0xe8, 0x01, 0x49,
  0x0e, 0xf0, 0x01, 0x4e, 0x0e, 0xf8, 0x01, 0x4e, 0x0e, 0x80, 0x02, 0x49,
  0x0e, 0x88, 0x02, 0x4e, 0x0e, 0x90, 0x02, 0x49, 0x0e, 0x98, 0x02, 0x4b,
  0x0e, 0xa0, 0x02, 0x51, 0x0e, 0xd0, 0x01, 0x03, 0x04, 0x01, 0x0e, 0xd8,
  0x01, 0x4b, 0x0e, 0xe0, 0x01, 0x42, 0x0e, 0xe8, 0x01, 0x4b, 0x0e, 0xf0,
  0x01, 0x44, 0x0e, 0xf8, 0x01, 0x44, 0x0e, 0x80, 0x02, 0x4b, 0x0e, 0x88,
  0x02, 0x44, 0x0e, 0x90, 0x02, 0x49, 0x0e, 0xd0, 0x01, 0x5f, 0x0e, 0xd8,
  0x01, 0x4b, 0x0e, 0xe0, 0x01, 0x55, 0x0e, 0xe8, 0x01, 0x4f, 0x0e, 0xf0,
  0x01, 0x4e, 0x0e, 0xf8, 0x01, 0x41, 0x0e, 0x80, 0x02, 0x48, 0x0e, 0x88,
  0x02, 0x4e, 0x0e, 0x90, 0x02, 0x41, 0x0e, 0x98, 0x02, 0x4e, 0x0e, 0xa0,
  0x02, 0x41, 0x0e, 0xa8, 0x02, 0x4e, 0x0e, 0xb0, 0x02, 0x41, 0x0e, 0xb8,
  0x02, 0x4c, 0x0e, 0xc0, 0x02, 0x5a, 0x0e, 0xd0, 0x01, 0x54, 0x0e, 0x38,
  0x41, 0x0e, 0x30, 0x41, 0x0e, 0x28, 0x42, 0x0e, 0x20, 0x42, 0x0e, 0x18,
  0x42, 0x0e, 0x10, 0x42, 0x0e, 0x08, 0x00, 0x00, 0x38, 0x00, 0x00, 0x00,
  0xc8, 0x04, 0x00, 0x00, 0x64, 0xe5, 0xff, 0xff, 0x5a, 0x02, 0x00, 0x00,
  0x00, 0x42, 0x0e, 0x10, 0x8d, 0x02, 0x4e, 0x0e, 0x18, 0x8c, 0x03, 0x41,
  0x0e, 0x20, 0x86, 0x04, 0x03, 0x14, 0x01, 0x0a, 0x0e, 0x18, 0x42, 0x0e,
  0x10, 0x42, 0x0e, 0x08, 0x47, 0x0b, 0x02, 0x6b, 0x0a, 0x0e, 0x18, 0x42,
  0x0e, 0x10, 0x42, 0x0e, 0x08, 0x41, 0x0b, 0x00, 0x40, 0x00, 0x00, 0x00,
  0x04, 0x05, 0x00, 0x00, 0x88, 0xe7, 0xff, 0xff, 0x4c, 0x01, 0x00, 0x00,
  0x00, 0x42, 0x0e, 0x10, 0x8e, 0x02, 0x42, 0x0e, 0x18, 0x8d, 0x03, 0x42,
  0x0e, 0x20, 0x8c, 0x04, 0x41, 0x0e, 0x28, 0x86, 0x05, 0x44, 0x0e, 0x30,
  0x83, 0x06, 0x47, 0x0e, 0x80, 0x01, 0x02, 0xf1, 0x0a, 0x0e, 0x30, 0x43,
  0x0e, 0x28, 0x41, 0x0e, 0x20, 0x42, 0x0e, 0x18, 0x42, 0x0e, 0x10, 0x42,
  0x0e, 0x08, 0x43, 0x0b, 0x00, 0x00, 0x00, 0x00, 0x00, 0x00, 0x00, 0x00,
  0x00, 0x00, 0x00, 0x00, 0x00, 0x00, 0x00, 0x00, 0x00, 0x00, 0x00, 0x00,
  0x00, 0x00, 0x00, 0x00, 0x00, 0x00, 0x00, 0x00, 0x00, 0x00, 0x00, 0x00,
  0x00, 0x00, 0x00, 0x00, 0x00, 0x00, 0x00, 0x00, 0x00, 0x00, 0x00, 0x00,
  0x00, 0x00, 0x00, 0x00, 0x00, 0x00, 0x00, 0x00, 0x00, 0x00, 0x00, 0x00,
  0x00, 0x00, 0x00, 0x00, 0x00, 0x00, 0x00, 0x00, 0x00, 0x00, 0x00, 0x00,
  0x00, 0x00, 0x00, 0x00, 0x00, 0x00, 0x00, 0x00, 0x00, 0x00, 0x00, 0x00,
  0x00, 0x00, 0x00, 0x00, 0x00, 0x00, 0x00, 0x00, 0x00, 0x00, 0x00, 0x00,
  0x00, 0x00, 0x00, 0x00, 0x00, 0x00, 0x00, 0x00, 0x00, 0x00, 0x00, 0x00,
  0x00, 0x00, 0x00, 0x00, 0x00, 0x00, 0x00, 0x00, 0x00, 0x00, 0x00, 0x00,
  0x00, 0x00, 0x00, 0x00, 0x00, 0x00, 0x00, 0x00, 0x00, 0x00, 0x00, 0x00,
  0x00, 0x00, 0x00, 0x00, 0x00, 0x00, 0x00, 0x00, 0x00, 0x00, 0x00, 0x00,
  0x00, 0x00, 0x00, 0x00, 0x00, 0x00, 0x00, 0x00, 0x00, 0x00, 0x00, 0x00,
  0x00, 0x00, 0x00, 0x00, 0x00, 0x00, 0x00, 0x00, 0x00, 0x00, 0x00, 0x00,
  0x00, 0x00, 0x00, 0x00, 0x00, 0x00, 0x00, 0x00, 0x00, 0x00, 0x00, 0x00,
  0x00, 0x00, 0x00, 0x00, 0x00, 0x00, 0x00, 0x00, 0x00, 0x00, 0x00, 0x00,
  0x00, 0x00, 0x00, 0x00, 0x00, 0x00, 0x00, 0x00, 0x00, 0x00, 0x00, 0x00,
  0x00, 0x00, 0x00, 0x00, 0x00, 0x00, 0x00, 0x00, 0x00, 0x00, 0x00, 0x00,
  0x00, 0x00, 0x00, 0x00, 0x00, 0x00, 0x00, 0x00, 0x00, 0x00, 0x00, 0x00,
  0x00, 0x00, 0x00, 0x00, 0x00, 0x00, 0x00, 0x00, 0x00, 0x00, 0x00, 0x00,
  0x00, 0x00, 0x00, 0x00, 0x00, 0x00, 0x00, 0x00, 0x00, 0x00, 0x00, 0x00,
  0x00, 0x00, 0x00, 0x00, 0x00, 0x00, 0x00, 0x00, 0x00, 0x00, 0x00, 0x00,
  0x00, 0x00, 0x00, 0x00, 0x00, 0x00, 0x00, 0x00, 0x00, 0x00, 0x00, 0x00,
  0x00, 0x00, 0x00, 0x00, 0x00, 0x00, 0x00, 0x00, 0x00, 0x00, 0x00, 0x00,
  0x00, 0x00, 0x00, 0x00, 0x00, 0x00, 0x00, 0x00, 0x00, 0x00, 0x00, 0x00,
  0x00, 0x00, 0x00, 0x00, 0x00, 0x00, 0x00, 0x00, 0x00, 0x00, 0x00, 0x00,
  0x00, 0x00, 0x00, 0x00, 0x00, 0x00, 0x00, 0x00, 0x00, 0x00, 0x00, 0x00,
  0x00, 0x00, 0x00, 0x00, 0x00, 0x00, 0x00, 0x00, 0x00, 0x00, 0x00, 0x00,
  0x00, 0x00, 0x00, 0x00, 0x00, 0x00, 0x00, 0x00, 0x00, 0x00, 0x00, 0x00,
  0x00, 0x00, 0x00, 0x00, 0x00, 0x00, 0x00, 0x00, 0x00, 0x00, 0x00, 0x00,
  0x00, 0x00, 0x00, 0x00, 0x00, 0x00, 0x00, 0x00, 0x00, 0x00, 0x00, 0x00,
  0x00, 0x00, 0x00, 0x00, 0x00, 0x00, 0x00, 0x00, 0x00, 0x00, 0x00, 0x00,
  0x00, 0x00, 0x00, 0x00, 0x00, 0x00, 0x00, 0x00, 0x00, 0x00, 0x00, 0x00,
  0x00, 0x00, 0x00, 0x00, 0x00, 0x00, 0x00, 0x00, 0x00, 0x00, 0x00, 0x00,
  0x00, 0x00, 0x00, 0x00, 0x00, 0x00, 0x00, 0x00, 0x00, 0x00, 0x00, 0x00,
  0x00, 0x00, 0x00, 0x00, 0x00, 0x00, 0x00, 0x00, 0x00, 0x00, 0x00, 0x00,
  0x00, 0x00, 0x00, 0x00, 0x00, 0x00, 0x00, 0x00, 0x00, 0x00, 0x00, 0x00,
  0x00, 0x00, 0x00, 0x00, 0x00, 0x00, 0x00, 0x00, 0x00, 0x00, 0x00, 0x00,
  0x00, 0x00, 0x00, 0x00, 0x00, 0x00, 0x00, 0x00, 0x00, 0x00, 0x00, 0x00,
  0x00, 0x00, 0x00, 0x00, 0x00, 0x00, 0x00, 0x00, 0x00, 0x00, 0x00, 0x00,
  0x00, 0x00, 0x00, 0x00, 0x00, 0x00, 0x00, 0x00, 0x00, 0x00, 0x00, 0x00,
  0x00, 0x00, 0x00, 0x00, 0x00, 0x00, 0x00, 0x00, 0x00, 0x00, 0x00, 0x00,
  0x00, 0x00, 0x00, 0x00, 0x00, 0x00, 0x00, 0x00, 0x00, 0x00, 0x00, 0x00,
  0x00, 0x00, 0x00, 0x00, 0x00, 0x00, 0x00, 0x00, 0x00, 0x00, 0x00, 0x00,
  0x00, 0x00, 0x00, 0x00, 0x00, 0x00, 0x00, 0x00, 0x00, 0x00, 0x00, 0x00,
  0x00, 0x00, 0x00, 0x00, 0x00, 0x00, 0x00, 0x00, 0x00, 0x00, 0x00, 0x00,
  0x00, 0x00, 0x00, 0x00, 0x00, 0x00, 0x00, 0x00, 0x00, 0x00, 0x00, 0x00,
  0x00, 0x00, 0x00, 0x00, 0x00, 0x00, 0x00, 0x00, 0x00, 0x00, 0x00, 0x00,
  0x00, 0x00, 0x00, 0x00, 0x00, 0x00, 0x00, 0x00, 0x00, 0x00, 0x00, 0x00,
  0x00, 0x00, 0x00, 0x00, 0x00, 0x00, 0x00, 0x00, 0x00, 0x00, 0x00, 0x00,
  0x00, 0x00, 0x00, 0x00, 0x00, 0x00, 0x00, 0x00, 0xb0, 0x12, 0x00, 0x00,
  0x00, 0x00, 0x00, 0x00, 0x70, 0x12, 0x00, 0x00, 0x00, 0x00, 0x00, 0x00,
  0xb0, 0x4d, 0x00, 0x00, 0x00, 0x00, 0x00, 0x00, 0x58, 0x58, 0x58, 0x58,
  0x58, 0x58, 0x58, 0x58, 0x58, 0x58, 0x58, 0x58, 0x58, 0x58, 0x58, 0x58,
  0x58, 0x58, 0x58, 0x58, 0x58, 0x58, 0x58, 0x58, 0x58, 0x58, 0x58, 0x58,
  0x58, 0x58, 0x58, 0x58, 0x58, 0x58, 0x58, 0x58, 0x58, 0x58, 0x58, 0x58,
  0x58, 0x58, 0x58, 0x58, 0x58, 0x58, 0x58, 0x58, 0x58, 0x58, 0x58, 0x58,
  0x58, 0x58, 0x58, 0x58, 0x58, 0x58, 0x58, 0x58, 0x58, 0x58, 0x58, 0x58,
  0x58, 0x58, 0x58, 0x58, 0x58, 0x58, 0x58, 0x58, 0x58, 0x58, 0x58, 0x58,
  0x58, 0x58, 0x58, 0x58, 0x58, 0x58, 0x58, 0x58, 0x58, 0x58, 0x58, 0x58,
  0x58, 0x58, 0x58, 0x58, 0x58, 0x58, 0x58, 0x58, 0x58, 0x58, 0x58, 0x58,
  0x58, 0x58, 0x58, 0x58, 0x58, 0x58, 0x58, 0x58, 0x58, 0x58, 0x58, 0x58,
  0x58, 0x58, 0x58, 0x58, 0x58, 0x58, 0x58, 0x58, 0x58, 0x58, 0x58, 0x58,
  0x58, 0x58, 0x58, 0x58, 0x58, 0x58, 0x58, 0x58, 0x58, 0x58, 0x58, 0x58,
  0x58, 0x58, 0x58, 0x58, 0x58, 0x58, 0x58, 0x58, 0x58, 0x58, 0x58, 0x58,
  0x58, 0x58, 0x58, 0x58, 0x58, 0x58, 0x58, 0x58, 0x58, 0x58, 0x58, 0x58,
  0x58, 0x58, 0x58, 0x58, 0x58, 0x58, 0x58, 0x58, 0x58, 0x58, 0x58, 0x58,
  0x58, 0x58, 0x58, 0x58, 0x58, 0x58, 0x58, 0x58, 0x58, 0x58, 0x58, 0x58,
  0x58, 0x58, 0x58, 0x58, 0x58, 0x58, 0x58, 0x58, 0x58, 0x58, 0x58, 0x58,
  0x58, 0x58, 0x58, 0x58, 0x58, 0x58, 0x58, 0x58, 0x58, 0x58, 0x58, 0x58,
  0x58, 0x58, 0x58, 0x58, 0x58, 0x58, 0x58, 0x58, 0x58, 0x58, 0x58, 0x58,
  0x58, 0x58, 0x58, 0x58, 0x58, 0x58, 0x58, 0x58, 0x58, 0x58, 0x58, 0x58,
  0x58, 0x58, 0x58, 0x58, 0x58, 0x58, 0x58, 0x58, 0x58, 0x58, 0x58, 0x58,
  0x58, 0x58, 0x58, 0x58, 0x58, 0x58, 0x58, 0x58, 0x58, 0x58, 0x58, 0x58,
  0x58, 0x58, 0x58, 0x58, 0x58, 0x58, 0x58, 0x58, 0x58, 0x58, 0x58, 0x58,
  0x58, 0x58, 0x58, 0x58, 0x58, 0x58, 0x58, 0x58, 0x58, 0x58, 0x58, 0x58,
  0x58, 0x58, 0x58, 0x58, 0x58, 0x58, 0x58, 0x58, 0x58, 0x58, 0x58, 0x58,
  0x58, 0x58, 0x58, 0x58, 0x58, 0x58, 0x58, 0x58, 0x58, 0x58, 0x58, 0x58,
  0x58, 0x58, 0x58, 0x58, 0x58, 0x58, 0x58, 0x58, 0x58, 0x58, 0x58, 0x58,
  0x58, 0x58, 0x58, 0x58, 0x58, 0x58, 0x58, 0x58, 0x58, 0x58, 0x58, 0x58,
  0x58, 0x58, 0x58, 0x58, 0x58, 0x58, 0x58, 0x58, 0x58, 0x58, 0x58, 0x58,
  0x58, 0x58, 0x58, 0x58, 0x58, 0x58, 0x58, 0x58, 0x58, 0x58, 0x58, 0x58,
  0x58, 0x58, 0x58, 0x58, 0x58, 0x58, 0x58, 0x58, 0x58, 0x58, 0x58, 0x58,
  0x58, 0x58, 0x58, 0x58, 0x58, 0x58, 0x58, 0x58, 0x58, 0x58, 0x58, 0x58,
  0x58, 0x58, 0x58, 0x58, 0x58, 0x58, 0x58, 0x58, 0x58, 0x58, 0x58, 0x58,
  0x58, 0x58, 0x58, 0x58, 0x58, 0x58, 0x58, 0x58, 0x58, 0x58, 0x58, 0x58,
  0x58, 0x58, 0x58, 0x58, 0x58, 0x58, 0x58, 0x58, 0x58, 0x58, 0x58, 0x58,
  0x58, 0x58, 0x58, 0x58, 0x58, 0x58, 0x58, 0x58, 0x58, 0x58, 0x58, 0x58,
  0x58, 0x58, 0x58, 0x58, 0x58, 0x58, 0x58, 0x58, 0x58, 0x58, 0x58, 0x58,
  0x58, 0x58, 0x58, 0x58, 0x58, 0x58, 0x58, 0x58, 0x58, 0x58, 0x58, 0x58,
  0x58, 0x58, 0x58, 0x58, 0x58, 0x58, 0x58, 0x58, 0x58, 0x58, 0x58, 0x58,
  0x58, 0x58, 0x58, 0x58, 0x58, 0x58, 0x58, 0x58, 0x58, 0x58, 0x58, 0x58,
  0x58, 0x58, 0x58, 0x58, 0x58, 0x58, 0x58, 0x58, 0x58, 0x58, 0x58, 0x58,
  0x58, 0x58, 0x58, 0x58, 0x58, 0x58, 0x58, 0x58, 0x58, 0x58, 0x58, 0x58,
  0x00, 0x00, 0x00, 0x00, 0x00, 0x00, 0x00, 0x00, 0x00, 0x00, 0x00, 0x00,
  0x00, 0x00, 0x00, 0x00, 0x00, 0x00, 0x00, 0x00, 0x00, 0x00, 0x00, 0x00,
  0x00, 0x00, 0x00, 0x00, 0x00, 0x00, 0x00, 0x00, 0x00, 0x00, 0x00, 0x00,
  0x00, 0x00, 0x00, 0x00, 0x00, 0x00, 0x00, 0x00, 0x00, 0x00, 0x00, 0x00,
  0x00, 0x00, 0x00, 0x00, 0x00, 0x00, 0x00, 0x00, 0x00, 0x00, 0x00, 0x00,
  0x00, 0x00, 0x00, 0x00, 0x00, 0x00, 0x00, 0x00, 0x00, 0x00, 0x00, 0x00,
  0x00, 0x00, 0x00, 0x00, 0x00, 0x00, 0x00, 0x00, 0x00, 0x00, 0x00, 0x00,
  0x00, 0x00, 0x00, 0x00, 0xb8, 0x4d, 0x00, 0x00, 0x00, 0x00, 0x00, 0x00,
  0x00, 0x00, 0x00, 0x00, 0x00, 0x00, 0x00, 0x00, 0x00, 0x00, 0x00, 0x00,
  0x00, 0x00, 0x00, 0x00, 0x36, 0x10, 0x00, 0x00, 0x00, 0x00, 0x00, 0x00,
  0x46, 0x10, 0x00, 0x00, 0x00, 0x00, 0x00, 0x00, 0x56, 0x10, 0x00, 0x00,
  0x00, 0x00, 0x00, 0x00, 0x66, 0x10, 0x00, 0x00, 0x00, 0x00, 0x00, 0x00,
  0x76, 0x10, 0x00, 0x00, 0x00, 0x00, 0x00, 0x00, 0x86, 0x10, 0x00, 0x00,
  0x00, 0x00, 0x00, 0x00, 0x96, 0x10, 0x00, 0x00, 0x00, 0x00, 0x00, 0x00,
  0xa6, 0x10, 0x00, 0x00, 0x00, 0x00, 0x00, 0x00, 0xb6, 0x10, 0x00, 0x00,
  0x00, 0x00, 0x00, 0x00, 0xc6, 0x10, 0x00, 0x00, 0x00, 0x00, 0x00, 0x00,
  0xd6, 0x10, 0x00, 0x00, 0x00, 0x00, 0x00, 0x00, 0xe6, 0x10, 0x00, 0x00,
  0x00, 0x00, 0x00, 0x00, 0xf6, 0x10, 0x00, 0x00, 0x00, 0x00, 0x00, 0x00,
  0x06, 0x11, 0x00, 0x00, 0x00, 0x00, 0x00, 0x00, 0x16, 0x11, 0x00, 0x00,
  0x00, 0x00, 0x00, 0x00, 0x26, 0x11, 0x00, 0x00, 0x00, 0x00, 0x00, 0x00,
  0x36, 0x11, 0x00, 0x00, 0x00, 0x00, 0x00, 0x00, 0x46, 0x11, 0x00, 0x00,
  0x00, 0x00, 0x00, 0x00, 0x56, 0x11, 0x00, 0x00, 0x00, 0x00, 0x00, 0x00,
  0x66, 0x11, 0x00, 0x00, 0x00, 0x00, 0x00, 0x00, 0x76, 0x11, 0x00, 0x00,
  0x00, 0x00, 0x00, 0x00, 0x86, 0x11, 0x00, 0x00, 0x00, 0x00, 0x00, 0x00,
  0x96, 0x11, 0x00, 0x00, 0x00, 0x00, 0x00, 0x00, 0xa6, 0x11, 0x00, 0x00,
  0x00, 0x00, 0x00, 0x00, 0xb6, 0x11, 0x00, 0x00, 0x00, 0x00, 0x00, 0x00,
  0xc6, 0x11, 0x00, 0x00, 0x00, 0x00, 0x00, 0x00, 0xd6, 0x11, 0x00, 0x00,
  0x00, 0x00, 0x00, 0x00, 0xe6, 0x11, 0x00, 0x00, 0x00, 0x00, 0x00, 0x00,
  0xf6, 0x11, 0x00, 0x00, 0x00, 0x00, 0x00, 0x00, 0x01, 0x00, 0x00, 0x00,
  0x00, 0x00, 0x00, 0x00, 0x00, 0x00, 0x00, 0x00, 0x00, 0x00, 0x00, 0x00,
  0x00, 0x00, 0x00, 0x00, 0x00, 0x00, 0x00, 0x00, 0x00, 0x00, 0x00, 0x00,
  0x00, 0x00, 0x00, 0x00, 0x00, 0x00, 0x00, 0x00, 0x00, 0x00, 0x00, 0x00,
  0x9f, 0x31, 0x00, 0x00, 0x00, 0x00, 0x00, 0x00, 0x00, 0x00, 0x00, 0x00,
  0x00, 0x00, 0x00, 0x00, 0xff, 0xff, 0xff, 0xff, 0xff, 0xff, 0xff, 0xff,
  0x80, 0x51, 0x00, 0x00, 0x00, 0x00, 0x00, 0x00, 0x00, 0x00, 0x00, 0x00,
  0x00, 0x00, 0x00, 0x00, 0x00, 0x00, 0x00, 0x00, 0x00, 0x00, 0x00, 0x00,
  0x00, 0x00, 0x00, 0x00, 0x00, 0x00, 0x00, 0x00, 0x00, 0x00, 0x00, 0x00,
  0x00, 0x00, 0x00, 0x00, 0x00, 0x00, 0x00, 0x00, 0x00, 0x00, 0x00, 0x00,
  0x00, 0x00, 0x00, 0x00, 0x00, 0x00, 0x00, 0x00, 0x00, 0x00, 0x00, 0x00,
  0x00, 0x00, 0x00, 0x00, 0x13, 0x31, 0x00, 0x00, 0x00, 0x00, 0x00, 0x00,
  0x60, 0x1d, 0x00, 0x00, 0x00, 0x00, 0x00, 0x00, 0x01, 0x00, 0x00, 0x00,
  0x00, 0x00, 0x00, 0x00, 0x00, 0x00, 0x00, 0x00, 0x00, 0x00, 0x00, 0x00,
  0xf5, 0x30, 0x00, 0x00, 0x00, 0x00, 0x00, 0x00, 0xc0, 0x1b, 0x00, 0x00,
  0x00, 0x00, 0x00, 0x00, 0x01, 0x00, 0x00, 0x00, 0x00, 0x00, 0x00, 0x00,
  0x00, 0x00, 0x00, 0x00, 0x00, 0x00, 0x00, 0x00, 0xd3, 0x30, 0x00, 0x00,
  0x00, 0x00, 0x00, 0x00, 0x40, 0x1a, 0x00, 0x00, 0x00, 0x00, 0x00, 0x00,
  0x01, 0x00, 0x00, 0x00, 0x00, 0x00, 0x00, 0x00, 0x00, 0x00, 0x00, 0x00,
  0x00, 0x00, 0x00, 0x00, 0x8d, 0x30, 0x00, 0x00, 0x00, 0x00, 0x00, 0x00,
  0x40, 0x17, 0x00, 0x00, 0x00, 0x00, 0x00, 0x00, 0x01, 0x00, 0x00, 0x00,
  0x00, 0x00, 0x00, 0x00, 0x00, 0x00, 0x00, 0x00, 0x00, 0x00, 0x00, 0x00,
  0x46, 0x30, 0x00, 0x00, 0x00, 0x00, 0x00, 0x00, 0xa0, 0x15, 0x00, 0x00,
  0x00, 0x00, 0x00, 0x00, 0x01, 0x00, 0x00, 0x00, 0x00, 0x00, 0x00, 0x00,
  0x00, 0x00, 0x00, 0x00, 0x00, 0x00, 0x00, 0x00, 0x0f, 0x30, 0x00, 0x00,
  0x00, 0x00, 0x00, 0x00, 0x20, 0x14, 0x00, 0x00, 0x00, 0x00, 0x00, 0x00,
  0x01, 0x00, 0x00, 0x00, 0x00, 0x00, 0x00, 0x00, 0x00, 0x00, 0x00, 0x00,
  0x00, 0x00, 0x00, 0x00, 0xab, 0x31, 0x00, 0x00, 0x00, 0x00, 0x00, 0x00,
  0xc0, 0x12, 0x00, 0x00, 0x00, 0x00, 0x00, 0x00, 0x01, 0x00, 0x00, 0x00,
  0x00, 0x00, 0x00, 0x00, 0x00, 0x00, 0x00, 0x00, 0x00, 0x00, 0x00, 0x00,
  0x00, 0x00, 0x00, 0x00, 0x00, 0x00, 0x00, 0x00, 0x00, 0x00, 0x00, 0x00,
  0x00, 0x00, 0x00, 0x00, 0x00, 0x00, 0x00, 0x00, 0x00, 0x00, 0x00, 0x00,
  0x00, 0x00, 0x00, 0x00, 0x00, 0x00, 0x00, 0x00, 0x47, 0x43, 0x43, 0x3a,
  0x20, 0x28, 0x47, 0x4e, 0x55, 0x29, 0x20, 0x31, 0x30, 0x2e, 0x32, 0x2e,
  0x31, 0x20, 0x32, 0x30, 0x32, 0x31, 0x30, 0x31, 0x33, 0x30, 0x20, 0x28,
  0x52, 0x65, 0x64, 0x20, 0x48, 0x61, 0x74, 0x20, 0x31, 0x30, 0x2e, 0x32,
  0x2e, 0x31, 0x2d, 0x31, 0x31, 0x29, 0x00, 0x00, 0x00, 0x00, 0x00, 0x00,
  0x00, 0x00, 0x00, 0x00, 0x00, 0x00, 0x00, 0x00, 0x00, 0x00, 0x00, 0x00,
  0x00, 0x00, 0x00, 0x00, 0x00, 0x00, 0x00, 0x00, 0x00, 0x00, 0x00, 0x00,
  0x03, 0x00, 0x19, 0x00, 0x38, 0x67, 0x00, 0x00, 0x00, 0x00, 0x00, 0x00,
  0x00, 0x00, 0x00, 0x00, 0x00, 0x00, 0x00, 0x00, 0x00, 0x00, 0x00, 0x00,
  0x03, 0x00, 0x18, 0x00, 0x00, 0x67, 0x00, 0x00, 0x00, 0x00, 0x00, 0x00,
  0x00, 0x00, 0x00, 0x00, 0x00, 0x00, 0x00, 0x00, 0x00, 0x00, 0x00, 0x00,
  0x03, 0x00, 0x17, 0x00, 0x10, 0x63, 0x00, 0x00, 0x00, 0x00, 0x00, 0x00,
  0x00, 0x00, 0x00, 0x00, 0x00, 0x00, 0x00, 0x00, 0x00, 0x00, 0x00, 0x00,
  0x03, 0x00, 0x1b, 0x00, 0x00, 0x72, 0x00, 0x00, 0x00, 0x00, 0x00, 0x00,
  0x00, 0x00, 0x00, 0x00, 0x00, 0x00, 0x00, 0x00, 0x00, 0x00, 0x00, 0x00,
  0x03, 0x00, 0x01, 0x00, 0x72, 0x09, 0x00, 0x00, 0x00, 0x00, 0x00, 0x00,
  0x00, 0x00, 0x00, 0x00, 0x00, 0x00, 0x00, 0x00, 0x00, 0x00, 0x00, 0x00,
  0x03, 0x00, 0x02, 0x00, 0xc8, 0x09, 0x00, 0x00, 0x00, 0x00, 0x00, 0x00,
  0x00, 0x00, 0x00, 0x00, 0x00, 0x00, 0x00, 0x00, 0x00, 0x00, 0x00, 0x00,
  0x03, 0x00, 0x03, 0x00, 0xe8, 0x09, 0x00, 0x00, 0x00, 0x00, 0x00, 0x00,
  0x00, 0x00, 0x00, 0x00, 0x00, 0x00, 0x00, 0x00, 0x00, 0x00, 0x00, 0x00,
  0x03, 0x00, 0x04, 0x00, 0xb8, 0x0c, 0x00, 0x00, 0x00, 0x00, 0x00, 0x00,
  0x00, 0x00, 0x00, 0x00, 0x00, 0x00, 0x00, 0x00, 0x00, 0x00, 0x00, 0x00,
  0x03, 0x00, 0x05, 0x00, 0x00, 0x10, 0x00, 0x00, 0x00, 0x00, 0x00, 0x00,
  0x00, 0x00, 0x00, 0x00, 0x00, 0x00, 0x00, 0x00, 0x00, 0x00, 0x00, 0x00,
  0x03, 0x00, 0x06, 0x00, 0x20, 0x10, 0x00, 0x00, 0x00, 0x00, 0x00, 0x00,
  0x00, 0x00, 0x00, 0x00, 0x00, 0x00, 0x00, 0x00, 0x00, 0x00, 0x00, 0x00,
  0x03, 0x00, 0x07, 0x00, 0x00, 0x12, 0x00, 0x00, 0x00, 0x00, 0x00, 0x00,
  0x00, 0x00, 0x00, 0x00, 0x00, 0x00, 0x00, 0x00, 0x00, 0x00, 0x00, 0x00,
  0x03, 0x00, 0x08, 0x00, 0xdc, 0x23, 0x00, 0x00, 0x00, 0x00, 0x00, 0x00,
  0x00, 0x00, 0x00, 0x00, 0x00, 0x00, 0x00, 0x00, 0x00, 0x00, 0x00, 0x00,
  0x03, 0x00, 0x09, 0x00, 0x00, 0x30, 0x00, 0x00, 0x00, 0x00, 0x00, 0x00,
  0x00, 0x00, 0x00, 0x00, 0x00, 0x00, 0x00, 0x00, 0x00, 0x00, 0x00, 0x00,
  0x03, 0x00, 0x0a, 0x00, 0x9c, 0x35, 0x00, 0x00, 0x00, 0x00, 0x00, 0x00,
  0x00, 0x00, 0x00, 0x00, 0x00, 0x00, 0x00, 0x00, 0x00, 0x00, 0x00, 0x00,
  0x03, 0x00, 0x0b, 0x00, 0x00, 0x36, 0x00, 0x00, 0x00, 0x00, 0x00, 0x00,
  0x00, 0x00, 0x00, 0x00, 0x00, 0x00, 0x00, 0x00, 0x00, 0x00, 0x00, 0x00,
  0x03, 0x00, 0x0c, 0x00, 0xa0, 0x4d, 0x00, 0x00, 0x00, 0x00, 0x00, 0x00,
  0x00, 0x00, 0x00, 0x00, 0x00, 0x00, 0x00, 0x00, 0x00, 0x00, 0x00, 0x00,
  0x03, 0x00, 0x0d, 0x00, 0xa8, 0x4d, 0x00, 0x00, 0x00, 0x00, 0x00, 0x00,
  0x00, 0x00, 0x00, 0x00, 0x00, 0x00, 0x00, 0x00, 0x00, 0x00, 0x00, 0x00,
  0x03, 0x00, 0x0e, 0x00, 0xb0, 0x4d, 0x00, 0x00, 0x00, 0x00, 0x00, 0x00,
  0x00, 0x00, 0x00, 0x00, 0x00, 0x00, 0x00, 0x00, 0x00, 0x00, 0x00, 0x00,
  0x03, 0x00, 0x1a, 0x00, 0x00, 0x70, 0x00, 0x00, 0x00, 0x00, 0x00, 0x00,
  0x00, 0x00, 0x00, 0x00, 0x00, 0x00, 0x00, 0x00, 0x00, 0x00, 0x00, 0x00,
  0x03, 0x00, 0x0f, 0x00, 0xa8, 0x4f, 0x00, 0x00, 0x00, 0x00, 0x00, 0x00,
  0x00, 0x00, 0x00, 0x00, 0x00, 0x00, 0x00, 0x00, 0x00, 0x00, 0x00, 0x00,
  0x03, 0x00, 0x10, 0x00, 0x00, 0x50, 0x00, 0x00, 0x00, 0x00, 0x00, 0x00,
  0x00, 0x00, 0x00, 0x00, 0x00, 0x00, 0x00, 0x00, 0x00, 0x00, 0x00, 0x00,
  0x03, 0x00, 0x11, 0x00, 0x00, 0x51, 0x00, 0x00, 0x00, 0x00, 0x00, 0x00,
  0x00, 0x00, 0x00, 0x00, 0x00, 0x00, 0x00, 0x00, 0x00, 0x00, 0x00, 0x00,
  0x03, 0x00, 0x12, 0x00, 0x80, 0x52, 0x00, 0x00, 0x00, 0x00, 0x00, 0x00,
  0x00, 0x00, 0x00, 0x00, 0x00, 0x00, 0x00, 0x00, 0x00, 0x00, 0x00, 0x00,
  0x03, 0x00, 0x13, 0x00, 0x00, 0x00, 0x00, 0x00, 0x00, 0x00, 0x00, 0x00,
  0x00, 0x00, 0x00, 0x00, 0x00, 0x00, 0x00, 0x00, 0x01, 0x00, 0x00, 0x00,
  0x04, 0x00, 0xf1, 0xff, 0x00, 0x00, 0x00, 0x00, 0x00, 0x00, 0x00, 0x00,
  0x00, 0x00, 0x00, 0x00, 0x00, 0x00, 0x00, 0x00, 0x0c, 0x00, 0x00, 0x00,
  0x02, 0x00, 0x07, 0x00, 0x00, 0x12, 0x00, 0x00, 0x00, 0x00, 0x00, 0x00,
  0x00, 0x00, 0x00, 0x00, 0x00, 0x00, 0x00, 0x00, 0x0e, 0x00, 0x00, 0x00,
  0x02, 0x00, 0x07, 0x00, 0x30, 0x12, 0x00, 0x00, 0x00, 0x00, 0x00, 0x00,
  0x00, 0x00, 0x00, 0x00, 0x00, 0x00, 0x00, 0x00, 0x21, 0x00, 0x00, 0x00,
  0x02, 0x00, 0x07, 0x00, 0x70, 0x12, 0x00, 0x00, 0x00, 0x00, 0x00, 0x00,
  0x00, 0x00, 0x00, 0x00, 0x00, 0x00, 0x00, 0x00, 0x37, 0x00, 0x00, 0x00,
  0x01, 0x00, 0x12, 0x00, 0x80, 0x52, 0x00, 0x00, 0x00, 0x00, 0x00, 0x00,
  0x01, 0x00, 0x00, 0x00, 0x00, 0x00, 0x00, 0x00, 0x43, 0x00, 0x00, 0x00,
  0x01, 0x00, 0x0d, 0x00, 0xa8, 0x4d, 0x00, 0x00, 0x00, 0x00, 0x00, 0x00,
  0x00, 0x00, 0x00, 0x00, 0x00, 0x00, 0x00, 0x00, 0x6a, 0x00, 0x00, 0x00,
  0x02, 0x00, 0x07, 0x00, 0xb0, 0x12, 0x00, 0x00, 0x00, 0x00, 0x00, 0x00,
  0x00, 0x00, 0x00, 0x00, 0x00, 0x00, 0x00, 0x00, 0x76, 0x00, 0x00, 0x00,
  0x01, 0x00, 0x0c, 0x00, 0xa0, 0x4d, 0x00, 0x00, 0x00, 0x00, 0x00, 0x00,
  0x00, 0x00, 0x00, 0x00, 0x00, 0x00, 0x00, 0x00, 0x95, 0x00, 0x00, 0x00,
  0x04, 0x00, 0xf1, 0xff, 0x00, 0x00, 0x00, 0x00, 0x00, 0x00, 0x00, 0x00,
  0x00, 0x00, 0x00, 0x00, 0x00, 0x00, 0x00, 0x00, 0xa9, 0x00, 0x00, 0x00,
  0x02, 0x00, 0x07, 0x00, 0xc0, 0x12, 0x00, 0x00, 0x00, 0x00, 0x00, 0x00,
  0x54, 0x00, 0x00, 0x00, 0x00, 0x00, 0x00, 0x00, 0xbc, 0x00, 0x00, 0x00,
  0x02, 0x00, 0x07, 0x00, 0x20, 0x13, 0x00, 0x00, 0x00, 0x00, 0x00, 0x00,
  0xfb, 0x00, 0x00, 0x00, 0x00, 0x00, 0x00, 0x00, 0xc9, 0x00, 0x00, 0x00,
  0x01, 0x00, 0x12, 0x00, 0x90, 0x52, 0x00, 0x00, 0x00, 0x00, 0x00, 0x00,
  0x08, 0x00, 0x00, 0x00, 0x00, 0x00, 0x00, 0x00, 0xd5, 0x00, 0x00, 0x00,
  0x01, 0x00, 0x12, 0x00, 0x88, 0x52, 0x00, 0x00, 0x00, 0x00, 0x00, 0x00,
  0x08, 0x00, 0x00, 0x00, 0x00, 0x00, 0x00, 0x00, 0xe1, 0x00, 0x00, 0x00,
  0x02, 0x00, 0x07, 0x00, 0x20, 0x14, 0x00, 0x00, 0x00, 0x00, 0x00, 0x00,
  0x79, 0x01, 0x00, 0x00, 0x00, 0x00, 0x00, 0x00, 0xf4, 0x00, 0x00, 0x00,
  0x02, 0x00, 0x07, 0x00, 0xa0, 0x15, 0x00, 0x00, 0x00, 0x00, 0x00, 0x00,
  0x97, 0x01, 0x00, 0x00, 0x00, 0x00, 0x00, 0x00, 0x07, 0x01, 0x00, 0x00,
  0x02, 0x00, 0x07, 0x00, 0x40, 0x17, 0x00, 0x00, 0x00, 0x00, 0x00, 0x00,
  0xfc, 0x02, 0x00, 0x00, 0x00, 0x00, 0x00, 0x00, 0x1a, 0x01, 0x00, 0x00,
  0x02, 0x00, 0x07, 0x00, 0x40, 0x1a, 0x00, 0x00, 0x00, 0x00, 0x00, 0x00,
  0x79, 0x01, 0x00, 0x00, 0x00, 0x00, 0x00, 0x00, 0x2d, 0x01, 0x00, 0x00,
  0x02, 0x00, 0x07, 0x00, 0xc0, 0x1b, 0x00, 0x00, 0x00, 0x00, 0x00, 0x00,
  0x97, 0x01, 0x00, 0x00, 0x00, 0x00, 0x00, 0x00, 0x40, 0x01, 0x00, 0x00,
  0x02, 0x00, 0x07, 0x00, 0x60, 0x1d, 0x00, 0x00, 0x00, 0x00, 0x00, 0x00,
  0xc4, 0x02, 0x00, 0x00, 0x00, 0x00, 0x00, 0x00, 0x53, 0x01, 0x00, 0x00,
  0x01, 0x00, 0x11, 0x00, 0x00, 0x51, 0x00, 0x00, 0x00, 0x00, 0x00, 0x00,
  0x68, 0x00, 0x00, 0x00, 0x00, 0x00, 0x00, 0x00, 0x5d, 0x01, 0x00, 0x00,
  0x01, 0x00, 0x11, 0x00, 0x80, 0x51, 0x00, 0x00, 0x00, 0x00, 0x00, 0x00,
  0x00, 0x01, 0x00, 0x00, 0x00, 0x00, 0x00, 0x00, 0x78, 0x01, 0x00, 0x00,
  0x04, 0x00, 0xf1, 0xff, 0x00, 0x00, 0x00, 0x00, 0x00, 0x00, 0x00, 0x00,
  0x00, 0x00, 0x00, 0x00, 0x00, 0x00, 0x00, 0x00, 0x88, 0x01, 0x00, 0x00,
  0x01, 0x00, 0x09, 0x00, 0x60, 0x35, 0x00, 0x00, 0x00, 0x00, 0x00, 0x00,
  0x3a, 0x00, 0x00, 0x00, 0x00, 0x00, 0x00, 0x00, 0x01, 0x00, 0x00, 0x00,
  0x04, 0x00, 0xf1, 0xff, 0x00, 0x00, 0x00, 0x00, 0x00, 0x00, 0x00, 0x00,
  0x00, 0x00, 0x00, 0x00, 0x00, 0x00, 0x00, 0x00, 0x91, 0x01, 0x00, 0x00,
  0x01, 0x00, 0x0b, 0x00, 0x44, 0x3b, 0x00, 0x00, 0x00, 0x00, 0x00, 0x00,
  0x00, 0x00, 0x00, 0x00, 0x00, 0x00, 0x00, 0x00, 0x00, 0x00, 0x00, 0x00,
  0x04, 0x00, 0xf1, 0xff, 0x00, 0x00, 0x00, 0x00, 0x00, 0x00, 0x00, 0x00,
  0x00, 0x00, 0x00, 0x00, 0x00, 0x00, 0x00, 0x00, 0x9f, 0x01, 0x00, 0x00,
  0x00, 0x00, 0x0a, 0x00, 0x9c, 0x35, 0x00, 0x00, 0x00, 0x00, 0x00, 0x00,
  0x00, 0x00, 0x00, 0x00, 0x00, 0x00, 0x00, 0x00, 0xb2, 0x01, 0x00, 0x00,
  0x01, 0x00, 0x10, 0x00, 0x00, 0x50, 0x00, 0x00, 0x00, 0x00, 0x00, 0x00,
  0x00, 0x00, 0x00, 0x00, 0x00, 0x00, 0x00, 0x00, 0xc8, 0x01, 0x00, 0x00,
  0x01, 0x00, 0x11, 0x00, 0x80, 0x52, 0x00, 0x00, 0x00, 0x00, 0x00, 0x00,
  0x00, 0x00, 0x00, 0x00, 0x00, 0x00, 0x00, 0x00, 0xd4, 0x01, 0x00, 0x00,
  0x01, 0x00, 0x0e, 0x00, 0xb0, 0x4d, 0x00, 0x00, 0x00, 0x00, 0x00, 0x00,
  0x00, 0x00, 0x00, 0x00, 0x00, 0x00, 0x00, 0x00, 0xe1, 0x01, 0x00, 0x00,
  0x01, 0x00, 0x1a, 0x00, 0xb8, 0x4d, 0x00, 0x00, 0x00, 0x00, 0x00, 0x00,
  0x00, 0x00, 0x00, 0x00, 0x00, 0x00, 0x00, 0x00, 0xea, 0x01, 0x00, 0x00,
  0x10, 0x00, 0x00, 0x00, 0x00, 0x00, 0x00, 0x00, 0x00, 0x00, 0x00, 0x00,
  0x00, 0x00, 0x00, 0x00, 0x00, 0x00, 0x00, 0x00, 0xfc, 0x01, 0x00, 0x00,
  0x10, 0x00, 0x00, 0x00, 0x00, 0x00, 0x00, 0x00, 0x00, 0x00, 0x00, 0x00,
  0x00, 0x00, 0x00, 0x00, 0x00, 0x00, 0x00, 0x00, 0x11, 0x02, 0x00, 0x00,
  0x10, 0x00, 0x00, 0x00, 0x00, 0x00, 0x00, 0x00, 0x00, 0x00, 0x00, 0x00,
  0x00, 0x00, 0x00, 0x00, 0x00, 0x00, 0x00, 0x00, 0x22, 0x02, 0x00, 0x00,
  0x20, 0x00, 0x00, 0x00, 0x00, 0x00, 0x00, 0x00, 0x00, 0x00, 0x00, 0x00,
  0x00, 0x00, 0x00, 0x00, 0x00, 0x00, 0x00, 0x00, 0x31, 0x02, 0x00, 0x00,
  0x10, 0x00, 0x00, 0x00, 0x00, 0x00, 0x00, 0x00, 0x00, 0x00, 0x00, 0x00,
  0x00, 0x00, 0x00, 0x00, 0x00, 0x00, 0x00, 0x00, 0x44, 0x02, 0x00, 0x00,
  0x10, 0x00, 0x00, 0x00, 0x00, 0x00, 0x00, 0x00, 0x00, 0x00, 0x00, 0x00,
  0x00, 0x00, 0x00, 0x00, 0x00, 0x00, 0x00, 0x00, 0x5c, 0x02, 0x00, 0x00,
  0x10, 0x00, 0x00, 0x00, 0x00, 0x00, 0x00, 0x00, 0x00, 0x00, 0x00, 0x00,
  0x00, 0x00, 0x00, 0x00, 0x00, 0x00, 0x00, 0x00, 0x6b, 0x02, 0x00, 0x00,
  0x12, 0x00, 0x08, 0x00, 0xdc, 0x23, 0x00, 0x00, 0x00, 0x00, 0x00, 0x00,
  0x00, 0x00, 0x00, 0x00, 0x00, 0x00, 0x00, 0x00, 0x71, 0x02, 0x00, 0x00,
  0x12, 0x00, 0x00, 0x00, 0x00, 0x00, 0x00, 0x00, 0x00, 0x00, 0x00, 0x00,
  0x00, 0x00, 0x00, 0x00, 0x00, 0x00, 0x00, 0x00, 0x7c, 0x02, 0x00, 0x00,
  0x10, 0x00, 0x00, 0x00, 0x00, 0x00, 0x00, 0x00, 0x00, 0x00, 0x00, 0x00,
  0x00, 0x00, 0x00, 0x00, 0x00, 0x00, 0x00, 0x00, 0x8a, 0x02, 0x00, 0x00,
  0x12, 0x00, 0x00, 0x00, 0x00, 0x00, 0x00, 0x00, 0x00, 0x00, 0x00, 0x00,
  0x00, 0x00, 0x00, 0x00, 0x00, 0x00, 0x00, 0x00, 0x95, 0x02, 0x00, 0x00,
  0x10, 0x00, 0x00, 0x00, 0x00, 0x00, 0x00, 0x00, 0x00, 0x00, 0x00, 0x00,
  0x00, 0x00, 0x00, 0x00, 0x00, 0x00, 0x00, 0x00, 0xa2, 0x02, 0x00, 0x00,
  0x20, 0x00, 0x00, 0x00, 0x00, 0x00, 0x00, 0x00, 0x00, 0x00, 0x00, 0x00,
  0x00, 0x00, 0x00, 0x00, 0x00, 0x00, 0x00, 0x00, 0xbe, 0x02, 0x00, 0x00,
  0x10, 0x00, 0x00, 0x00, 0x00, 0x00, 0x00, 0x00, 0x00, 0x00, 0x00, 0x00,
  0x00, 0x00, 0x00, 0x00, 0x00, 0x00, 0x00, 0x00, 0xcd, 0x02, 0x00, 0x00,
  0x20, 0x00, 0x00, 0x00, 0x00, 0x00, 0x00, 0x00, 0x00, 0x00, 0x00, 0x00,
  0x00, 0x00, 0x00, 0x00, 0x00, 0x00, 0x00, 0x00, 0xe7, 0x02, 0x00, 0x00,
  0x12, 0x00, 0x00, 0x00, 0x00, 0x00, 0x00, 0x00, 0x00, 0x00, 0x00, 0x00,
  0x00, 0x00, 0x00, 0x00, 0x00, 0x00, 0x00, 0x00, 0xf2, 0x02, 0x00, 0x00,
  0x22, 0x00, 0x00, 0x00, 0x00, 0x00, 0x00, 0x00, 0x00, 0x00, 0x00, 0x00,
  0x00, 0x00, 0x00, 0x00, 0x00, 0x00, 0x00, 0x00, 0x0e, 0x03, 0x00, 0x00,
  0x10, 0x00, 0x00, 0x00, 0x00, 0x00, 0x00, 0x00, 0x00, 0x00, 0x00, 0x00,
  0x00, 0x00, 0x00, 0x00, 0x00, 0x00, 0x00, 0x00, 0x23, 0x03, 0x00, 0x00,
  0x10, 0x00, 0x00, 0x00, 0x00, 0x00, 0x00, 0x00, 0x00, 0x00, 0x00, 0x00,
  0x00, 0x00, 0x00, 0x00, 0x00, 0x00, 0x00, 0x00, 0x32, 0x03, 0x00, 0x00,
  0x10, 0x00, 0x00, 0x00, 0x00, 0x00, 0x00, 0x00, 0x00, 0x00, 0x00, 0x00,
  0x00, 0x00, 0x00, 0x00, 0x00, 0x00, 0x00, 0x00, 0x44, 0x03, 0x00, 0x00,
  0x10, 0x00, 0x00, 0x00, 0x00, 0x00, 0x00, 0x00, 0x00, 0x00, 0x00, 0x00,
  0x00, 0x00, 0x00, 0x00, 0x00, 0x00, 0x00, 0x00, 0x55, 0x03, 0x00, 0x00,
  0x10, 0x00, 0x00, 0x00, 0x00, 0x00, 0x00, 0x00, 0x00, 0x00, 0x00, 0x00,
  0x00, 0x00, 0x00, 0x00, 0x00, 0x00, 0x00, 0x00, 0x68, 0x03, 0x00, 0x00,
  0x10, 0x00, 0x00, 0x00, 0x00, 0x00, 0x00, 0x00, 0x00, 0x00, 0x00, 0x00,
  0x00, 0x00, 0x00, 0x00, 0x00, 0x00, 0x00, 0x00, 0x79, 0x03, 0x00, 0x00,
  0x10, 0x00, 0x00, 0x00, 0x00, 0x00, 0x00, 0x00, 0x00, 0x00, 0x00, 0x00,
  0x00, 0x00, 0x00, 0x00, 0x00, 0x00, 0x00, 0x00, 0x8b, 0x03, 0x00, 0x00,
  0x12, 0x00, 0x07, 0x00, 0x90, 0x22, 0x00, 0x00, 0x00, 0x00, 0x00, 0x00,
  0x4c, 0x01, 0x00, 0x00, 0x00, 0x00, 0x00, 0x00, 0x96, 0x03, 0x00, 0x00,
  0x10, 0x00, 0x00, 0x00, 0x00, 0x00, 0x00, 0x00, 0x00, 0x00, 0x00, 0x00,
  0x00, 0x00, 0x00, 0x00, 0x00, 0x00, 0x00, 0x00, 0xad, 0x03, 0x00, 0x00,
  0x12, 0x00, 0x00, 0x00, 0x00, 0x00, 0x00, 0x00, 0x00, 0x00, 0x00, 0x00,
  0x00, 0x00, 0x00, 0x00, 0x00, 0x00, 0x00, 0x00, 0xb8, 0x03, 0x00, 0x00,
  0x10, 0x00, 0x00, 0x00, 0x00, 0x00, 0x00, 0x00, 0x00, 0x00, 0x00, 0x00,
  0x00, 0x00, 0x00, 0x00, 0x00, 0x00, 0x00, 0x00, 0xc7, 0x03, 0x00, 0x00,
  0x10, 0x00, 0x00, 0x00, 0x00, 0x00, 0x00, 0x00, 0x00, 0x00, 0x00, 0x00,
  0x00, 0x00, 0x00, 0x00, 0x00, 0x00, 0x00, 0x00, 0xda, 0x03, 0x00, 0x00,
  0x10, 0x00, 0x00, 0x00, 0x00, 0x00, 0x00, 0x00, 0x00, 0x00, 0x00, 0x00,
  0x00, 0x00, 0x00, 0x00, 0x00, 0x00, 0x00, 0x00, 0xe6, 0x03, 0x00, 0x00,
  0x10, 0x00, 0x00, 0x00, 0x00, 0x00, 0x00, 0x00, 0x00, 0x00, 0x00, 0x00,
  0x00, 0x00, 0x00, 0x00, 0x00, 0x00, 0x00, 0x00, 0xfb, 0x03, 0x00, 0x00,
  0x10, 0x00, 0x00, 0x00, 0x00, 0x00, 0x00, 0x00, 0x00, 0x00, 0x00, 0x00,
  0x00, 0x00, 0x00, 0x00, 0x00, 0x00, 0x00, 0x00, 0x07, 0x04, 0x00, 0x00,
  0x10, 0x00, 0x00, 0x00, 0x00, 0x00, 0x00, 0x00, 0x00, 0x00, 0x00, 0x00,
  0x00, 0x00, 0x00, 0x00, 0x00, 0x00, 0x00, 0x00, 0x1d, 0x04, 0x00, 0x00,
  0x12, 0x00, 0x00, 0x00, 0x00, 0x00, 0x00, 0x00, 0x00, 0x00, 0x00, 0x00,
  0x00, 0x00, 0x00, 0x00, 0x00, 0x00, 0x00, 0x00, 0x28, 0x04, 0x00, 0x00,
  0x10, 0x00, 0x00, 0x00, 0x00, 0x00, 0x00, 0x00, 0x00, 0x00, 0x00, 0x00,
  0x00, 0x00, 0x00, 0x00, 0x00, 0x00, 0x00, 0x00, 0x39, 0x04, 0x00, 0x00,
  0x10, 0x00, 0x00, 0x00, 0x00, 0x00, 0x00, 0x00, 0x00, 0x00, 0x00, 0x00,
  0x00, 0x00, 0x00, 0x00, 0x00, 0x00, 0x00, 0x00, 0x49, 0x04, 0x00, 0x00,
  0x12, 0x00, 0x07, 0x00, 0x30, 0x20, 0x00, 0x00, 0x00, 0x00, 0x00, 0x00,
  0x5a, 0x02, 0x00, 0x00, 0x00, 0x00, 0x00, 0x00, 0x5c, 0x04, 0x00, 0x00,
  0x10, 0x00, 0x00, 0x00, 0x00, 0x00, 0x00, 0x00, 0x00, 0x00, 0x00, 0x00,
  0x00, 0x00, 0x00, 0x00, 0x00, 0x00, 0x00, 0x00, 0x71, 0x04, 0x00, 0x00,
  0x12, 0x00, 0x00, 0x00, 0x00, 0x00, 0x00, 0x00, 0x00, 0x00, 0x00, 0x00,
  0x00, 0x00, 0x00, 0x00, 0x00, 0x00, 0x00, 0x00, 0x7c, 0x04, 0x00, 0x00,
  0x10, 0x00, 0x00, 0x00, 0x00, 0x00, 0x00, 0x00, 0x00, 0x00, 0x00, 0x00,
  0x00, 0x00, 0x00, 0x00, 0x00, 0x00, 0x00, 0x00, 0x91, 0x04, 0x00, 0x00,
  0x12, 0x00, 0x05, 0x00, 0x00, 0x10, 0x00, 0x00, 0x00, 0x00, 0x00, 0x00,
  0x00, 0x00, 0x00, 0x00, 0x00, 0x00, 0x00, 0x00, 0x00, 0x63, 0x72, 0x74,
  0x73, 0x74, 0x75, 0x66, 0x66, 0x2e, 0x63, 0x00, 0x64, 0x65, 0x72, 0x65,
  0x67, 0x69, 0x73, 0x74, 0x65, 0x72, 0x5f, 0x74, 0x6d, 0x5f, 0x63, 0x6c,
  0x6f, 0x6e, 0x65, 0x73, 0x00, 0x5f, 0x5f, 0x64, 0x6f, 0x5f, 0x67, 0x6c,
  0x6f, 0x62, 0x61, 0x6c, 0x5f, 0x64, 0x74, 0x6f, 0x72, 0x73, 0x5f, 0x61,
  0x75, 0x78, 0x00, 0x63, 0x6f, 0x6d, 0x70, 0x6c, 0x65, 0x74, 0x65, 0x64,
  0x2e, 0x30, 0x00, 0x5f, 0x5f, 0x64, 0x6f, 0x5f, 0x67, 0x6c, 0x6f, 0x62,
  0x61, 0x6c, 0x5f, 0x64, 0x74, 0x6f, 0x72, 0x73, 0x5f, 0x61, 0x75, 0x78,
  0x5f, 0x66, 0x69, 0x6e, 0x69, 0x5f, 0x61, 0x72, 0x72, 0x61, 0x79, 0x5f,
  0x65, 0x6e, 0x74, 0x72, 0x79, 0x00, 0x66, 0x72, 0x61, 0x6d, 0x65, 0x5f,
  0x64, 0x75, 0x6d, 0x6d, 0x79, 0x00, 0x5f, 0x5f, 0x66, 0x72, 0x61, 0x6d,
  0x65, 0x5f, 0x64, 0x75, 0x6d, 0x6d, 0x79, 0x5f, 0x69, 0x6e, 0x69, 0x74,
  0x5f, 0x61, 0x72, 0x72, 0x61, 0x79, 0x5f, 0x65, 0x6e, 0x74, 0x72, 0x79,
  0x00, 0x6c, 0x61, 0x70, 0x61, 0x63, 0x6b, 0x5f, 0x6c, 0x69, 0x74, 0x65,
  0x6d, 0x6f, 0x64, 0x75, 0x6c, 0x65, 0x2e, 0x63, 0x00, 0x6c, 0x61, 0x70,
  0x61, 0x63, 0x6b, 0x5f, 0x6c, 0x69, 0x74, 0x65, 0x5f, 0x78, 0x65, 0x72,
  0x62, 0x6c, 0x61, 0x00, 0x63, 0x68, 0x65, 0x63, 0x6b, 0x5f, 0x6f, 0x62,
  0x6a, 0x65, 0x63, 0x74, 0x00, 0x50, 0x79, 0x41, 0x72, 0x72, 0x61, 0x79,
  0x5f, 0x41, 0x50, 0x49, 0x00, 0x4c, 0x61, 0x70, 0x61, 0x63, 0x6b, 0x45,
  0x72, 0x72, 0x6f, 0x72, 0x00, 0x6c, 0x61, 0x70, 0x61, 0x63, 0x6b, 0x5f,
  0x6c, 0x69, 0x74, 0x65, 0x5f, 0x7a, 0x75, 0x6e, 0x67, 0x71, 0x72, 0x00,
  0x6c, 0x61, 0x70, 0x61, 0x63, 0x6b, 0x5f, 0x6c, 0x69, 0x74, 0x65, 0x5f,
  0x7a, 0x67, 0x65, 0x71, 0x72, 0x66, 0x00, 0x6c, 0x61, 0x70, 0x61, 0x63,
  0x6b, 0x5f, 0x6c, 0x69, 0x74, 0x65, 0x5f, 0x7a, 0x67, 0x65, 0x6c, 0x73,
  0x64, 0x00, 0x6c, 0x61, 0x70, 0x61, 0x63, 0x6b, 0x5f, 0x6c, 0x69, 0x74,
  0x65, 0x5f, 0x64, 0x6f, 0x72, 0x67, 0x71, 0x72, 0x00, 0x6c, 0x61, 0x70,
  0x61, 0x63, 0x6b, 0x5f, 0x6c, 0x69, 0x74, 0x65, 0x5f, 0x64, 0x67, 0x65,
  0x71, 0x72, 0x66, 0x00, 0x6c, 0x61, 0x70, 0x61, 0x63, 0x6b, 0x5f, 0x6c,
  0x69, 0x74, 0x65, 0x5f, 0x64, 0x67, 0x65, 0x6c, 0x73, 0x64, 0x00, 0x6d,
  0x6f, 0x64, 0x75, 0x6c, 0x65, 0x64, 0x65, 0x66, 0x00, 0x6c, 0x61, 0x70,
  0x61, 0x63, 0x6b, 0x5f, 0x6c, 0x69, 0x74, 0x65, 0x5f, 0x6d, 0x6f, 0x64,
  0x75, 0x6c, 0x65, 0x5f, 0x6d, 0x65, 0x74, 0x68, 0x6f, 0x64, 0x73, 0x00,
  0x70, 0x79, 0x74, 0x68, 0x6f, 0x6e, 0x5f, 0x78, 0x65, 0x72, 0x62, 0x6c,
  0x61, 0x2e, 0x63, 0x00, 0x66, 0x6f, 0x72, 0x6d, 0x61, 0x74, 0x2e, 0x30,
  0x00, 0x5f, 0x5f, 0x46, 0x52, 0x41, 0x4d, 0x45, 0x5f, 0x45, 0x4e, 0x44,
  0x5f, 0x5f, 0x00, 0x5f, 0x5f, 0x47, 0x4e, 0x55, 0x5f, 0x45, 0x48, 0x5f,
  0x46, 0x52, 0x41, 0x4d, 0x45, 0x5f, 0x48, 0x44, 0x52, 0x00, 0x5f, 0x47,
  0x4c, 0x4f, 0x42, 0x41, 0x4c, 0x5f, 0x4f, 0x46, 0x46, 0x53, 0x45, 0x54,
  0x5f, 0x54, 0x41, 0x42, 0x4c, 0x45, 0x5f, 0x00, 0x5f, 0x5f, 0x54, 0x4d,
  0x43, 0x5f, 0x45, 0x4e, 0x44, 0x5f, 0x5f, 0x00, 0x5f, 0x5f, 0x64, 0x73,
  0x6f, 0x5f, 0x68, 0x61, 0x6e, 0x64, 0x6c, 0x65, 0x00, 0x5f, 0x44, 0x59,
  0x4e, 0x41, 0x4d, 0x49, 0x43, 0x00, 0x50, 0x79, 0x45, 0x78, 0x63, 0x5f,
  0x49, 0x6d, 0x70, 0x6f, 0x72, 0x74, 0x45, 0x72, 0x72, 0x6f, 0x72, 0x00,
  0x50, 0x79, 0x44, 0x69, 0x63, 0x74, 0x5f, 0x53, 0x65, 0x74, 0x49, 0x74,
  0x65, 0x6d, 0x53, 0x74, 0x72, 0x69, 0x6e, 0x67, 0x00, 0x50, 0x79, 0x45,
  0x78, 0x63, 0x5f, 0x56, 0x61, 0x6c, 0x75, 0x65, 0x45, 0x72, 0x72, 0x6f,
  0x72, 0x00, 0x5f, 0x5f, 0x67, 0x6d, 0x6f, 0x6e, 0x5f, 0x73, 0x74, 0x61,
  0x72, 0x74, 0x5f, 0x5f, 0x00, 0x50, 0x79, 0x47, 0x49, 0x4c, 0x53, 0x74,
  0x61, 0x74, 0x65, 0x5f, 0x52, 0x65, 0x6c, 0x65, 0x61, 0x73, 0x65, 0x00,
  0x5f, 0x50, 0x79, 0x41, 0x72, 0x67, 0x5f, 0x50, 0x61, 0x72, 0x73, 0x65,
  0x54, 0x75, 0x70, 0x6c, 0x65, 0x5f, 0x53, 0x69, 0x7a, 0x65, 0x54, 0x00,
  0x50, 0x79, 0x43, 0x61, 0x70, 0x73, 0x75, 0x6c, 0x65, 0x5f, 0x54, 0x79,
  0x70, 0x65, 0x00, 0x5f, 0x66, 0x69, 0x6e, 0x69, 0x00, 0x64, 0x6f, 0x72,
  0x67, 0x71, 0x72, 0x5f, 0x36, 0x34, 0x5f, 0x00, 0x50, 0x79, 0x4f, 0x53,
  0x5f, 0x73, 0x6e, 0x70, 0x72, 0x69, 0x6e, 0x74, 0x66, 0x00, 0x64, 0x67,
  0x65, 0x71, 0x72, 0x66, 0x5f, 0x36, 0x34, 0x5f, 0x00, 0x50, 0x79, 0x45,
  0x72, 0x72, 0x5f, 0x46, 0x6f, 0x72, 0x6d, 0x61, 0x74, 0x00, 0x5f, 0x49,
  0x54, 0x4d, 0x5f, 0x64, 0x65, 0x72, 0x65, 0x67, 0x69, 0x73, 0x74, 0x65,
  0x72, 0x54, 0x4d, 0x43, 0x6c, 0x6f, 0x6e, 0x65, 0x54, 0x61, 0x62, 0x6c,
  0x65, 0x00, 0x50, 0x79, 0x45, 0x72, 0x72, 0x5f, 0x4f, 0x63, 0x63, 0x75,
  0x72, 0x72, 0x65, 0x64, 0x00, 0x5f, 0x49, 0x54, 0x4d, 0x5f, 0x72, 0x65,
  0x67, 0x69, 0x73, 0x74, 0x65, 0x72, 0x54, 0x4d, 0x43, 0x6c, 0x6f, 0x6e,
  0x65, 0x54, 0x61, 0x62, 0x6c, 0x65, 0x00, 0x7a, 0x75, 0x6e, 0x67, 0x71,
  0x72, 0x5f, 0x36, 0x34, 0x5f, 0x00, 0x5f, 0x5f, 0x63, 0x78, 0x61, 0x5f,
  0x66, 0x69, 0x6e, 0x61, 0x6c, 0x69, 0x7a, 0x65, 0x40, 0x40, 0x47, 0x4c,
  0x49, 0x42, 0x43, 0x5f, 0x32, 0x2e, 0x32, 0x2e, 0x35, 0x00, 0x50, 0x79,
  0x45, 0x76, 0x61, 0x6c, 0x5f, 0x52, 0x65, 0x73, 0x74, 0x6f, 0x72, 0x65,
  0x54, 0x68, 0x72, 0x65, 0x61, 0x64, 0x00, 0x5f, 0x50, 0x79, 0x5f, 0x54,
  0x72, 0x75, 0x65, 0x53, 0x74, 0x72, 0x75, 0x63, 0x74, 0x00, 0x50, 0x79,
  0x45, 0x76, 0x61, 0x6c, 0x5f, 0x53, 0x61, 0x76, 0x65, 0x54, 0x68, 0x72,
  0x65, 0x61, 0x64, 0x00, 0x50, 0x79, 0x4d, 0x6f, 0x64, 0x75, 0x6c, 0x65,
  0x5f, 0x47, 0x65, 0x74, 0x44, 0x69, 0x63, 0x74, 0x00, 0x50, 0x79, 0x45,
  0x78, 0x63, 0x5f, 0x52, 0x75, 0x6e, 0x74, 0x69, 0x6d, 0x65, 0x45, 0x72,
  0x72, 0x6f, 0x72, 0x00, 0x50, 0x79, 0x54, 0x79, 0x70, 0x65, 0x5f, 0x49,
  0x73, 0x53, 0x75, 0x62, 0x74, 0x79, 0x70, 0x65, 0x00, 0x50, 0x79, 0x47,
  0x49, 0x4c, 0x53, 0x74, 0x61, 0x74, 0x65, 0x5f, 0x45, 0x6e, 0x73, 0x75,
  0x72, 0x65, 0x00, 0x78, 0x65, 0x72, 0x62, 0x6c, 0x61, 0x5f, 0x36, 0x34,
  0x5f, 0x00, 0x50, 0x79, 0x4f, 0x62, 0x6a, 0x65, 0x63, 0x74, 0x5f, 0x47,
  0x65, 0x74, 0x41, 0x74, 0x74, 0x72, 0x53, 0x74, 0x72, 0x69, 0x6e, 0x67,
  0x00, 0x7a, 0x67, 0x65, 0x71, 0x72, 0x66, 0x5f, 0x36, 0x34, 0x5f, 0x00,
  0x5f, 0x50, 0x79, 0x5f, 0x4e, 0x6f, 0x6e, 0x65, 0x53, 0x74, 0x72, 0x75,
  0x63, 0x74, 0x00, 0x50, 0x79, 0x45, 0x72, 0x72, 0x5f, 0x4e, 0x65, 0x77,
  0x45, 0x78, 0x63, 0x65, 0x70, 0x74, 0x69, 0x6f, 0x6e, 0x00, 0x50, 0x79,
  0x45, 0x72, 0x72, 0x5f, 0x50, 0x72, 0x69, 0x6e, 0x74, 0x00, 0x50, 0x79,
  0x45, 0x78, 0x63, 0x5f, 0x41, 0x74, 0x74, 0x72, 0x69, 0x62, 0x75, 0x74,
  0x65, 0x45, 0x72, 0x72, 0x6f, 0x72, 0x00, 0x5f, 0x50, 0x79, 0x5f, 0x44,
  0x65, 0x61, 0x6c, 0x6c, 0x6f, 0x63, 0x00, 0x50, 0x79, 0x49, 0x6d, 0x70,
  0x6f, 0x72, 0x74, 0x5f, 0x49, 0x6d, 0x70, 0x6f, 0x72, 0x74, 0x4d, 0x6f,
  0x64, 0x75, 0x6c, 0x65, 0x00, 0x64, 0x67, 0x65, 0x6c, 0x73, 0x64, 0x5f,
  0x36, 0x34, 0x5f, 0x00, 0x50, 0x79, 0x4d, 0x6f, 0x64, 0x75, 0x6c, 0x65,
  0x5f, 0x43, 0x72, 0x65, 0x61, 0x74, 0x65, 0x32, 0x00, 0x50, 0x79, 0x45,
  0x72, 0x72, 0x5f, 0x53, 0x65, 0x74, 0x53, 0x74, 0x72, 0x69, 0x6e, 0x67,
  0x00, 0x50, 0x79, 0x49, 0x6e, 0x69, 0x74, 0x5f, 0x6c, 0x61, 0x70, 0x61,
  0x63, 0x6b, 0x5f, 0x6c, 0x69, 0x74, 0x65, 0x00, 0x50, 0x79, 0x43, 0x61,
  0x70, 0x73, 0x75, 0x6c, 0x65, 0x5f, 0x47, 0x65, 0x74, 0x50, 0x6f, 0x69,
  0x6e, 0x74, 0x65, 0x72, 0x00, 0x7a, 0x67, 0x65, 0x6c, 0x73, 0x64, 0x5f,
  0x36, 0x34, 0x5f, 0x00, 0x5f, 0x50, 0x79, 0x5f, 0x42, 0x75, 0x69, 0x6c,
  0x64, 0x56, 0x61, 0x6c, 0x75, 0x65, 0x5f, 0x53, 0x69, 0x7a, 0x65, 0x54,
  0x00, 0x5f, 0x69, 0x6e, 0x69, 0x74, 0x00, 0x00, 0x2e, 0x73, 0x79, 0x6d,
  0x74, 0x61, 0x62, 0x00, 0x2e, 0x73, 0x74, 0x72, 0x74, 0x61, 0x62, 0x00,
  0x2e, 0x73, 0x68, 0x73, 0x74, 0x72, 0x74, 0x61, 0x62, 0x00, 0x2e, 0x6e,
  0x6f, 0x74, 0x65, 0x2e, 0x67, 0x6e, 0x75, 0x2e, 0x62, 0x75, 0x69, 0x6c,
  0x64, 0x2d, 0x69, 0x64, 0x00, 0x2e, 0x67, 0x6e, 0x75, 0x2e, 0x68, 0x61,
  0x73, 0x68, 0x00, 0x2e, 0x64, 0x79, 0x6e, 0x73, 0x79, 0x6d, 0x00, 0x2e,
  0x64, 0x79, 0x6e, 0x73, 0x74, 0x72, 0x00, 0x2e, 0x67, 0x6e, 0x75, 0x2e,
  0x76, 0x65, 0x72, 0x73, 0x69, 0x6f, 0x6e, 0x00, 0x2e, 0x67, 0x6e, 0x75,
  0x2e, 0x76, 0x65, 0x72, 0x73, 0x69, 0x6f, 0x6e, 0x5f, 0x72, 0x00, 0x2e,
  0x72, 0x65, 0x6c, 0x61, 0x2e, 0x64, 0x79, 0x6e, 0x00, 0x2e, 0x72, 0x65,
  0x6c, 0x61, 0x2e, 0x70, 0x6c, 0x74, 0x00, 0x2e, 0x69, 0x6e, 0x69, 0x74,
  0x00, 0x2e, 0x74, 0x65, 0x78, 0x74, 0x00, 0x2e, 0x66, 0x69, 0x6e, 0x69,
  0x00, 0x2e, 0x72, 0x6f, 0x64, 0x61, 0x74, 0x61, 0x00, 0x2e, 0x65, 0x68,
  0x5f, 0x66, 0x72, 0x61, 0x6d, 0x65, 0x5f, 0x68, 0x64, 0x72, 0x00, 0x2e,
  0x65, 0x68, 0x5f, 0x66, 0x72, 0x61, 0x6d, 0x65, 0x00, 0x2e, 0x69, 0x6e,
  0x69, 0x74, 0x5f, 0x61, 0x72, 0x72, 0x61, 0x79, 0x00, 0x2e, 0x66, 0x69,
  0x6e, 0x69, 0x5f, 0x61, 0x72, 0x72, 0x61, 0x79, 0x00, 0x2e, 0x64, 0x61,
  0x74, 0x61, 0x2e, 0x72, 0x65, 0x6c, 0x2e, 0x72, 0x6f, 0x00, 0x2e, 0x64,
  0x79, 0x6e, 0x61, 0x6d, 0x69, 0x63, 0x00, 0x2e, 0x67, 0x6f, 0x74, 0x00,
  0x2e, 0x67, 0x6f, 0x74, 0x2e, 0x70, 0x6c, 0x74, 0x00, 0x2e, 0x64, 0x61,
  0x74, 0x61, 0x00, 0x2e, 0x62, 0x73, 0x73, 0x00, 0x2e, 0x63, 0x6f, 0x6d,
  0x6d, 0x65, 0x6e, 0x74, 0x00, 0x00, 0x00, 0x00, 0x00, 0x00, 0x00, 0x00,
  0x00, 0x00, 0x00, 0x00, 0x00, 0x00, 0x00, 0x00, 0x00, 0x00, 0x00, 0x00,
  0x00, 0x00, 0x00, 0x00, 0x00, 0x00, 0x00, 0x00, 0x00, 0x00, 0x00, 0x00,
  0x00, 0x00, 0x00, 0x00, 0x00, 0x00, 0x00, 0x00, 0x00, 0x00, 0x00, 0x00,
  0x00, 0x00, 0x00, 0x00, 0x00, 0x00, 0x00, 0x00, 0x00, 0x00, 0x00, 0x00,
  0x00, 0x00, 0x00, 0x00, 0x00, 0x00, 0x00, 0x00, 0x00, 0x00, 0x00, 0x00,
  0x00, 0x00, 0x00, 0x00, 0x48, 0x00, 0x00, 0x00, 0xff, 0xff, 0xff, 0x6f,
  0x02, 0x00, 0x00, 0x00, 0x00, 0x00, 0x00, 0x00, 0x72, 0x09, 0x00, 0x00,
  0x00, 0x00, 0x00, 0x00, 0x72, 0x09, 0x00, 0x00, 0x00, 0x00, 0x00, 0x00,
  0x54, 0x00, 0x00, 0x00, 0x00, 0x00, 0x00, 0x00, 0x17, 0x00, 0x00, 0x00,
  0x00, 0x00, 0x00, 0x00, 0x02, 0x00, 0x00, 0x00, 0x00, 0x00, 0x00, 0x00,
  0x02, 0x00, 0x00, 0x00, 0x00, 0x00, 0x00, 0x00, 0x55, 0x00, 0x00, 0x00,
  0xfe, 0xff, 0xff, 0x6f, 0x02, 0x00, 0x00, 0x00, 0x00, 0x00, 0x00, 0x00,
  0xc8, 0x09, 0x00, 0x00, 0x00, 0x00, 0x00, 0x00, 0xc8, 0x09, 0x00, 0x00,
  0x00, 0x00, 0x00, 0x00, 0x20, 0x00, 0x00, 0x00, 0x00, 0x00, 0x00, 0x00,
  0x1b, 0x00, 0x00, 0x00, 0x01, 0x00, 0x00, 0x00, 0x08, 0x00, 0x00, 0x00,
  0x00, 0x00, 0x00, 0x00, 0x00, 0x00, 0x00, 0x00, 0x00, 0x00, 0x00, 0x00,
  0x64, 0x00, 0x00, 0x00, 0x04, 0x00, 0x00, 0x00, 0x02, 0x00, 0x00, 0x00,
  0x00, 0x00, 0x00, 0x00, 0xe8, 0x09, 0x00, 0x00, 0x00, 0x00, 0x00, 0x00,
  0xe8, 0x09, 0x00, 0x00, 0x00, 0x00, 0x00, 0x00, 0xd0, 0x02, 0x00, 0x00,
  0x00, 0x00, 0x00, 0x00, 0x17, 0x00, 0x00, 0x00, 0x00, 0x00, 0x00, 0x00,
  0x08, 0x00, 0x00, 0x00, 0x00, 0x00, 0x00, 0x00, 0x18, 0x00, 0x00, 0x00,
  0x00, 0x00, 0x00, 0x00, 0x6e, 0x00, 0x00, 0x00, 0x04, 0x00, 0x00, 0x00,
  0x42, 0x00, 0x00, 0x00, 0x00, 0x00, 0x00, 0x00, 0xb8, 0x0c, 0x00, 0x00,
  0x00, 0x00, 0x00, 0x00, 0xb8, 0x0c, 0x00, 0x00, 0x00, 0x00, 0x00, 0x00,
  0xb8, 0x02, 0x00, 0x00, 0x00, 0x00, 0x00, 0x00, 0x17, 0x00, 0x00, 0x00,
  0x10, 0x00, 0x00, 0x00, 0x08, 0x00, 0x00, 0x00, 0x00, 0x00, 0x00, 0x00,
  0x18, 0x00, 0x00, 0x00, 0x00, 0x00, 0x00, 0x00, 0x78, 0x00, 0x00, 0x00,
  0x01, 0x00, 0x00, 0x00, 0x06, 0x00, 0x00, 0x00, 0x00, 0x00, 0x00, 0x00,
  0x00, 0x10, 0x00, 0x00, 0x00, 0x00, 0x00, 0x00, 0x00, 0x10, 0x00, 0x00,
  0x00, 0x00, 0x00, 0x00, 0x1a, 0x00, 0x00, 0x00, 0x00, 0x00, 0x00, 0x00,
  0x00, 0x00, 0x00, 0x00, 0x00, 0x00, 0x00, 0x00, 0x04, 0x00, 0x00, 0x00,
  0x00, 0x00, 0x00, 0x00, 0x00, 0x00, 0x00, 0x00, 0x00, 0x00, 0x00, 0x00,
  0x73, 0x00, 0x00, 0x00, 0x01, 0x00, 0x00, 0x00, 0x06, 0x00, 0x00, 0x00,
  0x00, 0x00, 0x00, 0x00, 0x20, 0x10, 0x00, 0x00, 0x00, 0x00, 0x00, 0x00,
  0x20, 0x10, 0x00, 0x00, 0x00, 0x00, 0x00, 0x00, 0xe0, 0x01, 0x00, 0x00,
  0x00, 0x00, 0x00, 0x00, 0x00, 0x00, 0x00, 0x00, 0x00, 0x00, 0x00, 0x00,
  0x10, 0x00, 0x00, 0x00, 0x00, 0x00, 0x00, 0x00, 0x10, 0x00, 0x00, 0x00,
  0x00, 0x00, 0x00, 0x00, 0x7e, 0x00, 0x00, 0x00, 0x01, 0x00, 0x00, 0x00,
  0x06, 0x00, 0x00, 0x00, 0x00, 0x00, 0x00, 0x00, 0x00, 0x12, 0x00, 0x00,
  0x00, 0x00, 0x00, 0x00, 0x00, 0x12, 0x00, 0x00, 0x00, 0x00, 0x00, 0x00,
  0xdc, 0x11, 0x00, 0x00, 0x00, 0x00, 0x00, 0x00, 0x00, 0x00, 0x00, 0x00,
  0x00, 0x00, 0x00, 0x00, 0x10, 0x00, 0x00, 0x00, 0x00, 0x00, 0x00, 0x00,
  0x00, 0x00, 0x00, 0x00, 0x00, 0x00, 0x00, 0x00, 0x84, 0x00, 0x00, 0x00,
  0x01, 0x00, 0x00, 0x00, 0x06, 0x00, 0x00, 0x00, 0x00, 0x00, 0x00, 0x00,
  0xdc, 0x23, 0x00, 0x00, 0x00, 0x00, 0x00, 0x00, 0xdc, 0x23, 0x00, 0x00,
  0x00, 0x00, 0x00, 0x00, 0x09, 0x00, 0x00, 0x00, 0x00, 0x00, 0x00, 0x00,
  0x00, 0x00, 0x00, 0x00, 0x00, 0x00, 0x00, 0x00, 0x04, 0x00, 0x00, 0x00,
  0x00, 0x00, 0x00, 0x00, 0x00, 0x00, 0x00, 0x00, 0x00, 0x00, 0x00, 0x00,
  0x8a, 0x00, 0x00, 0x00, 0x01, 0x00, 0x00, 0x00, 0x02, 0x00, 0x00, 0x00,
  0x00, 0x00, 0x00, 0x00, 0x00, 0x30, 0x00, 0x00, 0x00, 0x00, 0x00, 0x00,
  0x00, 0x30, 0x00, 0x00, 0x00, 0x00, 0x00, 0x00, 0x9a, 0x05, 0x00, 0x00,
  0x00, 0x00, 0x00, 0x00, 0x00, 0x00, 0x00, 0x00, 0x00, 0x00, 0x00, 0x00,
  0x20, 0x00, 0x00, 0x00, 0x00, 0x00, 0x00, 0x00, 0x00, 0x00, 0x00, 0x00,
  0x00, 0x00, 0x00, 0x00, 0x92, 0x00, 0x00, 0x00, 0x01, 0x00, 0x00, 0x00,
  0x02, 0x00, 0x00, 0x00, 0x00, 0x00, 0x00, 0x00, 0x9c, 0x35, 0x00, 0x00,
  0x00, 0x00, 0x00, 0x00, 0x9c, 0x35, 0x00, 0x00, 0x00, 0x00, 0x00, 0x00,
  0x64, 0x00, 0x00, 0x00, 0x00, 0x00, 0x00, 0x00, 0x00, 0x00, 0x00, 0x00,
  0x00, 0x00, 0x00, 0x00, 0x04, 0x00, 0x00, 0x00, 0x00, 0x00, 0x00, 0x00,
  0x00, 0x00, 0x00, 0x00, 0x00, 0x00, 0x00, 0x00, 0xa0, 0x00, 0x00, 0x00,
  0x01, 0x00, 0x00, 0x00, 0x02, 0x00, 0x00, 0x00, 0x00, 0x00, 0x00, 0x00,
  0x00, 0x36, 0x00, 0x00, 0x00, 0x00, 0x00, 0x00, 0x00, 0x36, 0x00, 0x00,
  0x00, 0x00, 0x00, 0x00, 0x48, 0x05, 0x00, 0x00, 0x00, 0x00, 0x00, 0x00,
  0x00, 0x00, 0x00, 0x00, 0x00, 0x00, 0x00, 0x00, 0x08, 0x00, 0x00, 0x00,
  0x00, 0x00, 0x00, 0x00, 0x00, 0x00, 0x00, 0x00, 0x00, 0x00, 0x00, 0x00,
  0xaa, 0x00, 0x00, 0x00, 0x0e, 0x00, 0x00, 0x00, 0x03, 0x00, 0x00, 0x00,
  0x00, 0x00, 0x00, 0x00, 0xa0, 0x4d, 0x00, 0x00, 0x00, 0x00, 0x00, 0x00,
  0xa0, 0x3d, 0x00, 0x00, 0x00, 0x00, 0x00, 0x00, 0x08, 0x00, 0x00, 0x00,
  0x00, 0x00, 0x00, 0x00, 0x00, 0x00, 0x00, 0x00, 0x00, 0x00, 0x00, 0x00,
  0x08, 0x00, 0x00, 0x00, 0x00, 0x00, 0x00, 0x00, 0x08, 0x00, 0x00, 0x00,
  0x00, 0x00, 0x00, 0x00, 0xb6, 0x00, 0x00, 0x00, 0x0f, 0x00, 0x00, 0x00,
  0x03, 0x00, 0x00, 0x00, 0x00, 0x00, 0x00, 0x00, 0xa8, 0x4d, 0x00, 0x00,
  0x00, 0x00, 0x00, 0x00, 0xa8, 0x3d, 0x00, 0x00, 0x00, 0x00, 0x00, 0x00,
  0x08, 0x00, 0x00, 0x00, 0x00, 0x00, 0x00, 0x00, 0x00, 0x00, 0x00, 0x00,
  0x00, 0x00, 0x00, 0x00, 0x08, 0x00, 0x00, 0x00, 0x00, 0x00, 0x00, 0x00,
  0x08, 0x00, 0x00, 0x00, 0x00, 0x00, 0x00, 0x00, 0xc2, 0x00, 0x00, 0x00,
  0x01, 0x00, 0x00, 0x00, 0x03, 0x00, 0x00, 0x00, 0x00, 0x00, 0x00, 0x00,
  0xb0, 0x4d, 0x00, 0x00, 0x00, 0x00, 0x00, 0x00, 0xb0, 0x3d, 0x00, 0x00,
  0x00, 0x00, 0x00, 0x00, 0x08, 0x00, 0x00, 0x00, 0x00, 0x00, 0x00, 0x00,
  0x00, 0x00, 0x00, 0x00, 0x00, 0x00, 0x00, 0x00, 0x08, 0x00, 0x00, 0x00,
  0x00, 0x00, 0x00, 0x00, 0x00, 0x00, 0x00, 0x00, 0x00, 0x00, 0x00, 0x00,
  0xd8, 0x00, 0x00, 0x00, 0x01, 0x00, 0x00, 0x00, 0x03, 0x00, 0x00, 0x00,
  0x00, 0x00, 0x00, 0x00, 0xa8, 0x4f, 0x00, 0x00, 0x00, 0x00, 0x00, 0x00,
  0xa8, 0x3f, 0x00, 0x00, 0x00, 0x00, 0x00, 0x00, 0x58, 0x00, 0x00, 0x00,
  0x00, 0x00, 0x00, 0x00, 0x00, 0x00, 0x00, 0x00, 0x00, 0x00, 0x00, 0x00,
  0x08, 0x00, 0x00, 0x00, 0x00, 0x00, 0x00, 0x00, 0x08, 0x00, 0x00, 0x00,
  0x00, 0x00, 0x00, 0x00, 0xdd, 0x00, 0x00, 0x00, 0x01, 0x00, 0x00, 0x00,
  0x03, 0x00, 0x00, 0x00, 0x00, 0x00, 0x00, 0x00, 0x00, 0x50, 0x00, 0x00,
  0x00, 0x00, 0x00, 0x00, 0x00, 0x40, 0x00, 0x00, 0x00, 0x00, 0x00, 0x00,
  0x00, 0x01, 0x00, 0x00, 0x00, 0x00, 0x00, 0x00, 0x00, 0x00, 0x00, 0x00,
  0x00, 0x00, 0x00, 0x00, 0x08, 0x00, 0x00, 0x00, 0x00, 0x00, 0x00, 0x00,
  0x08, 0x00, 0x00, 0x00, 0x00, 0x00, 0x00, 0x00, 0xe6, 0x00, 0x00, 0x00,
  0x01, 0x00, 0x00, 0x00, 0x03, 0x00, 0x00, 0x00, 0x00, 0x00, 0x00, 0x00,
  0x00, 0x51, 0x00, 0x00, 0x00, 0x00, 0x00, 0x00, 0x00, 0x41, 0x00, 0x00,
  0x00, 0x00, 0x00, 0x00, 0x80, 0x01, 0x00, 0x00, 0x00, 0x00, 0x00, 0x00,
  0x00, 0x00, 0x00, 0x00, 0x00, 0x00, 0x00, 0x00, 0x20, 0x00, 0x00, 0x00,
  0x00, 0x00, 0x00, 0x00, 0x00, 0x00, 0x00, 0x00, 0x00, 0x00, 0x00, 0x00,
  0xec, 0x00, 0x00, 0x00, 0x08, 0x00, 0x00, 0x00, 0x03, 0x00, 0x00, 0x00,
  0x00, 0x00, 0x00, 0x00, 0x80, 0x52, 0x00, 0x00, 0x00, 0x00, 0x00, 0x00,
  0x80, 0x42, 0x00, 0x00, 0x00, 0x00, 0x00, 0x00, 0x18, 0x00, 0x00, 0x00,
  0x00, 0x00, 0x00, 0x00, 0x00, 0x00, 0x00, 0x00, 0x00, 0x00, 0x00, 0x00,
  0x08, 0x00, 0x00, 0x00, 0x00, 0x00, 0x00, 0x00, 0x00, 0x00, 0x00, 0x00,
  0x00, 0x00, 0x00, 0x00, 0xf1, 0x00, 0x00, 0x00, 0x01, 0x00, 0x00, 0x00,
  0x30, 0x00, 0x00, 0x00, 0x00, 0x00, 0x00, 0x00, 0x00, 0x00, 0x00, 0x00,
  0x00, 0x00, 0x00, 0x00, 0x80, 0x42, 0x00, 0x00, 0x00, 0x00, 0x00, 0x00,
  0x2f, 0x00, 0x00, 0x00, 0x00, 0x00, 0x00, 0x00, 0x00, 0x00, 0x00, 0x00,
  0x00, 0x00, 0x00, 0x00, 0x01, 0x00, 0x00, 0x00, 0x00, 0x00, 0x00, 0x00,
  0x01, 0x00, 0x00, 0x00, 0x00, 0x00, 0x00, 0x00, 0x01, 0x00, 0x00, 0x00,
  0x02, 0x00, 0x00, 0x00, 0x00, 0x00, 0x00, 0x00, 0x00, 0x00, 0x00, 0x00,
  0x00, 0x00, 0x00, 0x00, 0x00, 0x00, 0x00, 0x00, 0xb0, 0x42, 0x00, 0x00,
  0x00, 0x00, 0x00, 0x00, 0x18, 0x09, 0x00, 0x00, 0x00, 0x00, 0x00, 0x00,
  0x15, 0x00, 0x00, 0x00, 0x38, 0x00, 0x00, 0x00, 0x08, 0x00, 0x00, 0x00,
  0x00, 0x00, 0x00, 0x00, 0x18, 0x00, 0x00, 0x00, 0x00, 0x00, 0x00, 0x00,
  0x09, 0x00, 0x00, 0x00, 0x03, 0x00, 0x00, 0x00, 0x00, 0x00, 0x00, 0x00,
  0x00, 0x00, 0x00, 0x00, 0x00, 0x00, 0x00, 0x00, 0x00, 0x00, 0x00, 0x00,
  0xc8, 0x4b, 0x00, 0x00, 0x00, 0x00, 0x00, 0x00, 0x97, 0x04, 0x00, 0x00,
  0x00, 0x00, 0x00, 0x00, 0x00, 0x00, 0x00, 0x00, 0x00, 0x00, 0x00, 0x00,
  0x01, 0x00, 0x00, 0x00, 0x00, 0x00, 0x00, 0x00, 0x00, 0x00, 0x00, 0x00,
  0x00, 0x00, 0x00, 0x00, 0x11, 0x00, 0x00, 0x00, 0x03, 0x00, 0x00, 0x00,
  0x00, 0x00, 0x00, 0x00, 0x00, 0x00, 0x00, 0x00, 0x00, 0x00, 0x00, 0x00,
  0x00, 0x00, 0x00, 0x00, 0x5f, 0x50, 0x00, 0x00, 0x00, 0x00, 0x00, 0x00,
  0xfa, 0x00, 0x00, 0x00, 0x00, 0x00, 0x00, 0x00, 0x00, 0x00, 0x00, 0x00,
  0x00, 0x00, 0x00, 0x00, 0x01, 0x00, 0x00, 0x00, 0x00, 0x00, 0x00, 0x00,
  0x00, 0x00, 0x00, 0x00, 0x00, 0x00, 0x00, 0x00, 0x38, 0x00, 0x00, 0x00,
  0x0b, 0x00, 0x00, 0x00, 0x02, 0x00, 0x00, 0x00, 0x00, 0x00, 0x00, 0x00,
  0x10, 0x63, 0x00, 0x00, 0x00, 0x00, 0x00, 0x00, 0x10, 0x63, 0x00, 0x00,
  0x00, 0x00, 0x00, 0x00, 0xf0, 0x03, 0x00, 0x00, 0x00, 0x00, 0x00, 0x00,
  0x1b, 0x00, 0x00, 0x00, 0x01, 0x00, 0x00, 0x00, 0x08, 0x00, 0x00, 0x00,
  0x00, 0x00, 0x00, 0x00, 0x18, 0x00, 0x00, 0x00, 0x00, 0x00, 0x00, 0x00,
  0x2e, 0x00, 0x00, 0x00, 0xf6, 0xff, 0xff, 0x6f, 0x02, 0x00, 0x00, 0x00,
  0x00, 0x00, 0x00, 0x00, 0x00, 0x67, 0x00, 0x00, 0x00, 0x00, 0x00, 0x00,
  0x00, 0x67, 0x00, 0x00, 0x00, 0x00, 0x00, 0x00, 0x34, 0x00, 0x00, 0x00,
  0x00, 0x00, 0x00, 0x00, 0x17, 0x00, 0x00, 0x00, 0x00, 0x00, 0x00, 0x00,
  0x08, 0x00, 0x00, 0x00, 0x00, 0x00, 0x00, 0x00, 0x00, 0x00, 0x00, 0x00,
  0x00, 0x00, 0x00, 0x00, 0x1b, 0x00, 0x00, 0x00, 0x07, 0x00, 0x00, 0x00,
  0x02, 0x00, 0x00, 0x00, 0x00, 0x00, 0x00, 0x00, 0x38, 0x67, 0x00, 0x00,
  0x00, 0x00, 0x00, 0x00, 0x38, 0x67, 0x00, 0x00, 0x00, 0x00, 0x00, 0x00,
  0x24, 0x00, 0x00, 0x00, 0x00, 0x00, 0x00, 0x00, 0x00, 0x00, 0x00, 0x00,
  0x00, 0x00, 0x00, 0x00, 0x04, 0x00, 0x00, 0x00, 0x00, 0x00, 0x00, 0x00,
  0x00, 0x00, 0x00, 0x00, 0x00, 0x00, 0x00, 0x00, 0xcf, 0x00, 0x00, 0x00,
  0x06, 0x00, 0x00, 0x00, 0x03, 0x00, 0x00, 0x00, 0x00, 0x00, 0x00, 0x00,
  0x00, 0x70, 0x00, 0x00, 0x00, 0x00, 0x00, 0x00, 0x00, 0x70, 0x00, 0x00,
  0x00, 0x00, 0x00, 0x00, 0x00, 0x02, 0x00, 0x00, 0x00, 0x00, 0x00, 0x00,
  0x1b, 0x00, 0x00, 0x00, 0x00, 0x00, 0x00, 0x00, 0x08, 0x00, 0x00, 0x00,
  0x00, 0x00, 0x00, 0x00, 0x10, 0x00, 0x00, 0x00, 0x00, 0x00, 0x00, 0x00,
  0x40, 0x00, 0x00, 0x00, 0x03, 0x00, 0x00, 0x00, 0x02, 0x00, 0x00, 0x00,
  0x00, 0x00, 0x00, 0x00, 0x00, 0x72, 0x00, 0x00, 0x00, 0x00, 0x00, 0x00,
  0x00, 0x72, 0x00, 0x00, 0x00, 0x00, 0x00, 0x00, 0x27, 0x03, 0x00, 0x00,
  0x00, 0x00, 0x00, 0x00, 0x00, 0x00, 0x00, 0x00, 0x00, 0x00, 0x00, 0x00,
  0x08, 0x00, 0x00, 0x00, 0x00, 0x00, 0x00, 0x00, 0x00, 0x00, 0x00, 0x00,
  0x00, 0x00, 0x00, 0x00, 0x00, 0x00, 0x00, 0x00, 0x00, 0x00, 0x00, 0x00,
  0x00, 0x00, 0x00, 0x00, 0x00, 0x00, 0x00, 0x00, 0x00, 0x00, 0x00, 0x00,
  0x00, 0x00, 0x00, 0x00, 0x00, 0x00, 0x00, 0x00, 0x00, 0x00, 0x00, 0x00,
  0x00, 0x00, 0x00, 0x00, 0x00, 0x00, 0x00, 0x00, 0x00, 0x00, 0x00, 0x00,
  0x00, 0x00, 0x00, 0x00, 0x00, 0x00, 0x00, 0x00, 0x00, 0x00, 0x00, 0x00,
  0x00, 0x00, 0x00, 0x00, 0x00, 0x00, 0x00, 0x00, 0x00, 0x00, 0x00, 0x00,
  0x00, 0x00, 0x00, 0x00, 0x00, 0x00, 0x00, 0x00, 0x00, 0x00, 0x00, 0x00,
  0x00, 0x00, 0x00, 0x00, 0x00, 0x00, 0x00, 0x00, 0x00, 0x00, 0x00, 0x00,
  0x00, 0x00, 0x00, 0x00, 0x00, 0x00, 0x00, 0x00, 0x00, 0x00, 0x00, 0x00,
  0x00, 0x00, 0x00, 0x00, 0x00, 0x00, 0x00, 0x00, 0x00, 0x00, 0x00, 0x00,
  0x00, 0x00, 0x00, 0x00, 0x00, 0x00, 0x00, 0x00, 0x00, 0x00, 0x00, 0x00,
  0x00, 0x00, 0x00, 0x00, 0x00, 0x00, 0x00, 0x00, 0x00, 0x00, 0x00, 0x00,
  0x00, 0x00, 0x00, 0x00, 0x00, 0x00, 0x00, 0x00, 0x00, 0x00, 0x00, 0x00,
  0x00, 0x00, 0x00, 0x00, 0x00, 0x00, 0x00, 0x00, 0x00, 0x00, 0x00, 0x00,
  0x00, 0x00, 0x00, 0x00, 0x00, 0x00, 0x00, 0x00, 0x00, 0x00, 0x00, 0x00,
  0x00, 0x00, 0x00, 0x00, 0x00, 0x00, 0x00, 0x00, 0x00, 0x00, 0x00, 0x00,
  0x00, 0x00, 0x00, 0x00, 0x00, 0x00, 0x00, 0x00, 0x00, 0x00, 0x00, 0x00,
  0x00, 0x00, 0x00, 0x00, 0x00, 0x00, 0x00, 0x00, 0x00, 0x00, 0x00, 0x00,
  0x00, 0x00, 0x00, 0x00, 0x00, 0x00, 0x00, 0x00, 0x00, 0x00, 0x00, 0x00,
  0x00, 0x00, 0x00, 0x00, 0x00, 0x00, 0x00, 0x00, 0x00, 0x00, 0x00, 0x00,
  0x00, 0x00, 0x00, 0x00, 0x00, 0x00, 0x00, 0x00, 0x00, 0x00, 0x00, 0x00,
  0x00, 0x00, 0x00, 0x00, 0x00, 0x00, 0x00, 0x00, 0x00, 0x00, 0x00, 0x00,
  0x00, 0x00, 0x00, 0x00, 0x00, 0x00, 0x00, 0x00, 0x00, 0x00, 0x00, 0x00,
  0x00, 0x00, 0x00, 0x00, 0x00, 0x00, 0x00, 0x00, 0x00, 0x00, 0x00, 0x00,
  0x00, 0x00, 0x00, 0x00, 0x00, 0x00, 0x00, 0x00, 0x00, 0x00, 0x00, 0x00,
  0x00, 0x00, 0x00, 0x00, 0x00, 0x00, 0x00, 0x00, 0x00, 0x00, 0x00, 0x00,
  0x00, 0x00, 0x00, 0x00, 0x00, 0x00, 0x00, 0x00, 0x00, 0x00, 0x00, 0x00,
  0x00, 0x00, 0x00, 0x00, 0x00, 0x00, 0x00, 0x00, 0x00, 0x00, 0x00, 0x00,
  0x00, 0x00, 0x00, 0x00, 0x00, 0x00, 0x00, 0x00, 0x00, 0x00, 0x00, 0x00,
  0x00, 0x00, 0x00, 0x00, 0x00, 0x00, 0x00, 0x00, 0x00, 0x00, 0x00, 0x00,
  0x00, 0x00, 0x00, 0x00, 0x00, 0x00, 0x00, 0x00, 0x00, 0x00, 0x00, 0x00,
  0x00, 0x00, 0x00, 0x00, 0x00, 0x00, 0x00, 0x00, 0x00, 0x00, 0x00, 0x00,
  0x00, 0x00, 0x00, 0x00, 0x00, 0x00, 0x00, 0x00, 0x00, 0x00, 0x00, 0x00,
  0x00, 0x00, 0x00, 0x00, 0x00, 0x00, 0x00, 0x00, 0x00, 0x00, 0x00, 0x00,
  0x00, 0x00, 0x00, 0x00, 0x00, 0x00, 0x00, 0x00, 0x00, 0x00, 0x00, 0x00,
  0x00, 0x00, 0x00, 0x00, 0x00, 0x00, 0x00, 0x00, 0x00, 0x00, 0x00, 0x00,
  0x00, 0x00, 0x00, 0x00, 0x00, 0x00, 0x00, 0x00, 0x00, 0x00, 0x00, 0x00,
  0x00, 0x00, 0x00, 0x00, 0x00, 0x00, 0x00, 0x00, 0x00, 0x00, 0x00, 0x00,
  0x00, 0x00, 0x00, 0x00, 0x00, 0x00, 0x00, 0x00, 0x00, 0x00, 0x00, 0x00,
  0x00, 0x00, 0x00, 0x00, 0x00, 0x00, 0x00, 0x00, 0x00, 0x00, 0x00, 0x00,
  0x00, 0x00, 0x00, 0x00, 0x00, 0x00, 0x00, 0x00, 0x00, 0x00, 0x00, 0x00,
  0x00, 0x00, 0x00, 0x00, 0x00, 0x00, 0x00, 0x00, 0x00, 0x00, 0x00, 0x00,
  0x00, 0x00, 0x00, 0x00, 0x00, 0x00, 0x00, 0x00, 0x00, 0x00, 0x00, 0x00,
  0x00, 0x00, 0x00, 0x00, 0x00, 0x00, 0x00, 0x00, 0x00, 0x00, 0x00, 0x00,
  0x00, 0x00, 0x00, 0x00, 0x00, 0x00, 0x00, 0x00, 0x00, 0x00, 0x00, 0x00,
  0x00, 0x00, 0x00, 0x00, 0x00, 0x00, 0x00, 0x00, 0x00, 0x00, 0x00, 0x00,
  0x00, 0x00, 0x00, 0x00, 0x00, 0x00, 0x00, 0x00, 0x00, 0x00, 0x00, 0x00,
  0x00, 0x00, 0x00, 0x00, 0x00, 0x00, 0x00, 0x00, 0x00, 0x00, 0x00, 0x00,
  0x00, 0x00, 0x00, 0x00, 0x00, 0x00, 0x00, 0x00, 0x00, 0x00, 0x00, 0x00,
  0x00, 0x00, 0x00, 0x00, 0x00, 0x00, 0x00, 0x00, 0x00, 0x00, 0x00, 0x00,
  0x00, 0x00, 0x00, 0x00, 0x00, 0x00, 0x00, 0x00, 0x00, 0x00, 0x00, 0x00,
  0x00, 0x00, 0x00, 0x00, 0x00, 0x00, 0x00, 0x00, 0x00, 0x00, 0x00, 0x00,
  0x00, 0x00, 0x00, 0x00, 0x00, 0x00, 0x00, 0x00, 0x00, 0x00, 0x00, 0x00,
  0x00, 0x00, 0x00, 0x00, 0x00, 0x00, 0x00, 0x00, 0x00, 0x00, 0x00, 0x00,
  0x00, 0x00, 0x00, 0x00, 0x00, 0x00, 0x00, 0x00, 0x00, 0x00, 0x00, 0x00,
  0x00, 0x00, 0x00, 0x00, 0x00, 0x00, 0x00, 0x00, 0x00, 0x00, 0x00, 0x00,
  0x00, 0x00, 0x00, 0x00, 0x00, 0x00, 0x00, 0x00, 0x00, 0x00, 0x00, 0x00,
  0x00, 0x00, 0x00, 0x00, 0x00, 0x00, 0x00, 0x00, 0x00, 0x00, 0x00, 0x00,
  0x00, 0x00, 0x00, 0x00, 0x00, 0x00, 0x00, 0x00, 0x00, 0x00, 0x00, 0x00,
  0x00, 0x00, 0x00, 0x00, 0x00, 0x00, 0x00, 0x00, 0x00, 0x00, 0x00, 0x00,
  0x00, 0x00, 0x00, 0x00, 0x00, 0x00, 0x00, 0x00, 0x00, 0x00, 0x00, 0x00,
  0x00, 0x00, 0x00, 0x00, 0x00, 0x00, 0x00, 0x00, 0x00, 0x00, 0x00, 0x00,
  0x00, 0x00, 0x00, 0x00, 0x00, 0x00, 0x00, 0x00, 0x00, 0x00, 0x00, 0x00,
  0x00, 0x00, 0x00, 0x00, 0x00, 0x00, 0x00, 0x00, 0x00, 0x00, 0x00, 0x00,
  0x00, 0x00, 0x00, 0x00, 0x00, 0x00, 0x00, 0x00, 0x00, 0x00, 0x00, 0x00,
  0x00, 0x00, 0x00, 0x00, 0x00, 0x00, 0x00, 0x00, 0x00, 0x00, 0x00, 0x00,
  0x00, 0x00, 0x00, 0x00, 0x00, 0x00, 0x00, 0x00, 0x00, 0x00, 0x00, 0x00,
  0x00, 0x00, 0x00, 0x00, 0x00, 0x00, 0x00, 0x00, 0x00, 0x00, 0x00, 0x00,
  0x00, 0x00, 0x00, 0x00, 0x00, 0x00, 0x00, 0x00, 0x00, 0x00, 0x00, 0x00,
  0x00, 0x00, 0x00, 0x00, 0x00, 0x00, 0x00, 0x00, 0x00, 0x00, 0x00, 0x00,
  0x00, 0x00, 0x00, 0x00, 0x00, 0x00, 0x00, 0x00, 0x00, 0x00, 0x00, 0x00,
  0x00, 0x00, 0x00, 0x00, 0x00, 0x00, 0x00, 0x00, 0x00, 0x00, 0x00, 0x00,
  0x00, 0x00, 0x00, 0x00, 0x00, 0x00, 0x00, 0x00, 0x00, 0x00, 0x00, 0x00,
  0x00, 0x00, 0x00, 0x00, 0x00, 0x00, 0x00, 0x00, 0x00, 0x00, 0x00, 0x00,
  0x00, 0x00, 0x00, 0x00, 0x00, 0x00, 0x00, 0x00, 0x00, 0x00, 0x00, 0x00,
  0x00, 0x00, 0x00, 0x00, 0x00, 0x00, 0x00, 0x00, 0x00, 0x00, 0x00, 0x00,
  0x00, 0x00, 0x00, 0x00, 0x00, 0x00, 0x00, 0x00, 0x00, 0x00, 0x00, 0x00,
  0x00, 0x00, 0x00, 0x00, 0x00, 0x00, 0x00, 0x00, 0x00, 0x00, 0x00, 0x00,
  0x00, 0x00, 0x00, 0x00, 0x00, 0x00, 0x00, 0x00, 0x00, 0x00, 0x00, 0x00,
  0x00, 0x00, 0x00, 0x00, 0x00, 0x00, 0x00, 0x00, 0x00, 0x00, 0x00, 0x00,
  0x00, 0x00, 0x00, 0x00, 0x00, 0x00, 0x00, 0x00, 0x00, 0x00, 0x00, 0x00,
  0x00, 0x00, 0x00, 0x00, 0x00, 0x00, 0x00, 0x00, 0x00, 0x00, 0x00, 0x00,
  0x00, 0x00, 0x00, 0x00, 0x00, 0x00, 0x00, 0x00, 0x00, 0x00, 0x00, 0x00,
  0x00, 0x00, 0x00, 0x00, 0x00, 0x00, 0x00, 0x00, 0x00, 0x00, 0x00, 0x00,
  0x00, 0x00, 0x00, 0x00, 0x00, 0x00, 0x00, 0x00, 0x00, 0x00, 0x00, 0x00,
  0x00, 0x00, 0x00, 0x00, 0x00, 0x00, 0x00, 0x00, 0x00, 0x00, 0x00, 0x00,
  0x00, 0x00, 0x00, 0x00, 0x00, 0x00, 0x00, 0x00, 0x00, 0x00, 0x00, 0x00,
  0x00, 0x00, 0x00, 0x00, 0x00, 0x00, 0x00, 0x00, 0x00, 0x00, 0x00, 0x00,
  0x00, 0x00, 0x00, 0x00, 0x00, 0x00, 0x00, 0x00, 0x00, 0x00, 0x00, 0x00,
  0x00, 0x00, 0x00, 0x00, 0x00, 0x00, 0x00, 0x00, 0x00, 0x00, 0x00, 0x00,
  0x00, 0x00, 0x00, 0x00, 0x00, 0x00, 0x00, 0x00, 0x00, 0x00, 0x00, 0x00,
  0x00, 0x00, 0x00, 0x00, 0x00, 0x00, 0x00, 0x00, 0x00, 0x00, 0x00, 0x00,
  0x00, 0x00, 0x00, 0x00, 0x00, 0x00, 0x00, 0x00, 0x00, 0x00, 0x00, 0x00,
  0x00, 0x00, 0x00, 0x00, 0x00, 0x00, 0x00, 0x00, 0x00, 0x00, 0x00, 0x00,
  0x00, 0x00, 0x00, 0x00, 0x00, 0x00, 0x00, 0x00, 0x00, 0x00, 0x00, 0x00,
  0x00, 0x00, 0x00, 0x00, 0x00, 0x00, 0x00, 0x00, 0x00, 0x00, 0x00, 0x00,
  0x00, 0x00, 0x00, 0x00, 0x00, 0x00, 0x00, 0x00, 0x00, 0x00, 0x00, 0x00,
  0x00, 0x00, 0x00, 0x00, 0x00, 0x00, 0x00, 0x00, 0x00, 0x00, 0x00, 0x00,
  0x00, 0x00, 0x00, 0x00, 0x00, 0x00, 0x00, 0x00, 0x00, 0x00, 0x00, 0x00,
  0x00, 0x00, 0x00, 0x00, 0x00, 0x00, 0x00, 0x00, 0x00, 0x00, 0x00, 0x00,
  0x00, 0x00, 0x00, 0x00, 0x00, 0x00, 0x00, 0x00, 0x00, 0x00, 0x00, 0x00,
  0x00, 0x00, 0x00, 0x00, 0x00, 0x00, 0x00, 0x00, 0x00, 0x00, 0x00, 0x00,
  0x00, 0x00, 0x00, 0x00, 0x00, 0x00, 0x00, 0x00, 0x00, 0x00, 0x00, 0x00,
  0x00, 0x00, 0x00, 0x00, 0x00, 0x00, 0x00, 0x00, 0x00, 0x00, 0x00, 0x00,
  0x00, 0x00, 0x00, 0x00, 0x00, 0x00, 0x00, 0x00, 0x00, 0x00, 0x00, 0x00,
  0x00, 0x00, 0x00, 0x00, 0x00, 0x00, 0x00, 0x00, 0x00, 0x00, 0x00, 0x00,
  0x00, 0x00, 0x00, 0x00, 0x00, 0x00, 0x00, 0x00, 0x00, 0x00, 0x00, 0x00,
  0x00, 0x00, 0x00, 0x00, 0x00, 0x00, 0x00, 0x00, 0x00, 0x00, 0x00, 0x00,
  0x00, 0x00, 0x00, 0x00, 0x00, 0x00, 0x00, 0x00, 0x00, 0x00, 0x00, 0x00,
  0x00, 0x00, 0x00, 0x00, 0x00, 0x00, 0x00, 0x00, 0x00, 0x00, 0x00, 0x00,
  0x00, 0x00, 0x00, 0x00, 0x00, 0x00, 0x00, 0x00, 0x00, 0x00, 0x00, 0x00,
  0x00, 0x00, 0x00, 0x00, 0x00, 0x00, 0x00, 0x00, 0x00, 0x00, 0x00, 0x00,
  0x00, 0x00, 0x00, 0x00, 0x00, 0x00, 0x00, 0x00, 0x00, 0x00, 0x00, 0x00,
  0x00, 0x00, 0x00, 0x00, 0x00, 0x00, 0x00, 0x00, 0x00, 0x00, 0x00, 0x00,
  0x00, 0x00, 0x00, 0x00, 0x00, 0x00, 0x00, 0x00, 0x00, 0x00, 0x00, 0x00,
  0x00, 0x00, 0x00, 0x00, 0x00, 0x00, 0x00, 0x00, 0x00, 0x00, 0x00, 0x00,
  0x00, 0x00, 0x00, 0x00, 0x00, 0x00, 0x00, 0x00, 0x00, 0x00, 0x00, 0x00,
  0x00, 0x00, 0x00, 0x00, 0x00, 0x00, 0x00, 0x00, 0x00, 0x00, 0x00, 0x00,
  0x00, 0x00, 0x00, 0x00, 0x00, 0x00, 0x00, 0x00, 0x00, 0x00, 0x00, 0x00,
  0x00, 0x00, 0x00, 0x00, 0x00, 0x00, 0x00, 0x00, 0x00, 0x00, 0x00, 0x00,
  0x00, 0x00, 0x00, 0x00, 0x00, 0x00, 0x00, 0x00, 0x00, 0x00, 0x00, 0x00,
  0x00, 0x00, 0x00, 0x00, 0x00, 0x00, 0x00, 0x00, 0x00, 0x00, 0x00, 0x00,
  0x00, 0x00, 0x00, 0x00, 0x00, 0x00, 0x00, 0x00, 0x00, 0x00, 0x00, 0x00,
  0x00, 0x00, 0x00, 0x00, 0x00, 0x00, 0x00, 0x00, 0x00, 0x00, 0x00, 0x00,
  0x00, 0x00, 0x00, 0x00, 0x00, 0x00, 0x00, 0x00, 0x00, 0x00, 0x00, 0x00,
  0x00, 0x00, 0x00, 0x00, 0x00, 0x00, 0x00, 0x00, 0x00, 0x00, 0x00, 0x00,
  0x00, 0x00, 0x00, 0x00, 0x00, 0x00, 0x00, 0x00, 0x00, 0x00, 0x00, 0x00,
  0x00, 0x00, 0x00, 0x00, 0x00, 0x00, 0x00, 0x00, 0x00, 0x00, 0x00, 0x00,
  0x00, 0x00, 0x00, 0x00, 0x00, 0x00, 0x00, 0x00, 0x00, 0x00, 0x00, 0x00,
  0x00, 0x00, 0x00, 0x00, 0x00, 0x00, 0x00, 0x00, 0x00, 0x00, 0x00, 0x00,
  0x00, 0x00, 0x00, 0x00, 0x00, 0x00, 0x00, 0x00, 0x00, 0x00, 0x00, 0x00,
  0x00, 0x00, 0x00, 0x00, 0x00, 0x00, 0x00, 0x00, 0x00, 0x00, 0x00, 0x00,
  0x00, 0x00, 0x00, 0x00, 0x00, 0x00, 0x00, 0x00, 0x00, 0x00, 0x00, 0x00,
  0x00, 0x00, 0x00, 0x00, 0x00, 0x00, 0x00, 0x00, 0x00, 0x00, 0x00, 0x00,
  0x00, 0x00, 0x00, 0x00, 0x00, 0x00, 0x00, 0x00, 0x00, 0x00, 0x00, 0x00,
  0x00, 0x00, 0x00, 0x00, 0x00, 0x00, 0x00, 0x00, 0x00, 0x00, 0x00, 0x00,
  0x00, 0x00, 0x00, 0x00, 0x00, 0x00, 0x00, 0x00, 0x00, 0x00, 0x00, 0x00,
  0x00, 0x00, 0x00, 0x00, 0x00, 0x00, 0x00, 0x00, 0x00, 0x00, 0x00, 0x00,
  0x00, 0x00, 0x00, 0x00, 0x00, 0x00, 0x00, 0x00, 0x00, 0x00, 0x00, 0x00,
  0x00, 0x00, 0x00, 0x00, 0x00, 0x00, 0x00, 0x00, 0x00, 0x00, 0x00, 0x00,
  0x00, 0x00, 0x00, 0x00, 0x00, 0x00, 0x00, 0x00, 0x00, 0x00, 0x00, 0x00,
  0x00, 0x00, 0x00, 0x00, 0x00, 0x00, 0x00, 0x00, 0x00, 0x00, 0x00, 0x00,
  0x00, 0x00, 0x00, 0x00, 0x00, 0x00, 0x00, 0x00, 0x00, 0x00, 0x00, 0x00,
  0x00, 0x00, 0x00, 0x00, 0x00, 0x00, 0x00, 0x00, 0x00, 0x00, 0x00, 0x00,
  0x00, 0x00, 0x00, 0x00, 0x00, 0x00, 0x00, 0x00, 0x00, 0x00, 0x00, 0x00,
  0x00, 0x00, 0x00, 0x00, 0x00, 0x00, 0x00, 0x00, 0x00, 0x00, 0x00, 0x00,
  0x00, 0x00, 0x00, 0x00, 0x00, 0x00, 0x00, 0x00, 0x00, 0x00, 0x00, 0x00,
  0x00, 0x00, 0x00, 0x00, 0x00, 0x00, 0x00, 0x00, 0x00, 0x00, 0x00, 0x00,
  0x00, 0x00, 0x00, 0x00, 0x00, 0x00, 0x00, 0x00, 0x00, 0x00, 0x00, 0x00,
  0x00, 0x00, 0x00, 0x00, 0x00, 0x00, 0x00, 0x00, 0x00, 0x00, 0x00, 0x00,
  0x00, 0x00, 0x00, 0x00, 0x00, 0x00, 0x00, 0x00, 0x00, 0x00, 0x00, 0x00,
  0x00, 0x00, 0x00, 0x00, 0x00, 0x00, 0x00, 0x00, 0x00, 0x00, 0x00, 0x00,
  0x00, 0x00, 0x00, 0x00, 0x00, 0x00, 0x00, 0x00, 0x00, 0x00, 0x00, 0x00,
  0x00, 0x00, 0x00, 0x00, 0x00, 0x00, 0x00, 0x00, 0x00, 0x00, 0x00, 0x00,
  0x00, 0x00, 0x00, 0x00, 0x00, 0x00, 0x00, 0x00, 0x00, 0x00, 0x00, 0x00,
  0x00, 0x00, 0x00, 0x00, 0x00, 0x00, 0x00, 0x00, 0x00, 0x00, 0x00, 0x00,
  0x00, 0x00, 0x00, 0x00, 0x00, 0x00, 0x00, 0x00, 0x00, 0x00, 0x00, 0x00,
  0x00, 0x00, 0x00, 0x00, 0x00, 0x00, 0x00, 0x00, 0x00, 0x00, 0x00, 0x00,
  0x00, 0x00, 0x00, 0x00, 0x00, 0x00, 0x00, 0x00, 0x00, 0x00, 0x00, 0x00,
  0x00, 0x00, 0x00, 0x00, 0x00, 0x00, 0x00, 0x00, 0x00, 0x00, 0x00, 0x00,
  0x00, 0x00, 0x00, 0x00, 0x00, 0x00, 0x00, 0x00, 0x00, 0x00, 0x00, 0x00,
  0x00, 0x00, 0x00, 0x00, 0x00, 0x00, 0x00, 0x00, 0x00, 0x00, 0x00, 0x00,
  0x00, 0x00, 0x00, 0x00, 0x00, 0x00, 0x00, 0x00, 0x00, 0x00, 0x00, 0x00,
  0x58, 0x58, 0x58, 0x58, 0x58, 0x58, 0x58, 0x58, 0x58, 0x58, 0x58, 0x58,
  0x58, 0x58, 0x58, 0x58, 0x58, 0x58, 0x58, 0x58, 0x58, 0x58, 0x58, 0x58,
  0x58, 0x58, 0x58, 0x58, 0x58, 0x58, 0x58, 0x58, 0x58, 0x58, 0x58, 0x58,
  0x58, 0x58, 0x58, 0x58, 0x58, 0x58, 0x58, 0x58, 0x58, 0x58, 0x58, 0x58,
  0x58, 0x58, 0x58, 0x58, 0x58, 0x58, 0x58, 0x58, 0x58, 0x58, 0x58, 0x58,
  0x58, 0x58, 0x58, 0x58, 0x58, 0x58, 0x58, 0x58, 0x58, 0x58, 0x58, 0x58,
  0x58, 0x58, 0x58, 0x58, 0x58, 0x58, 0x58, 0x58, 0x58, 0x58, 0x58, 0x58,
  0x58, 0x58, 0x58, 0x58, 0x58, 0x58, 0x58, 0x58, 0x58, 0x58, 0x58, 0x58,
  0x58, 0x58, 0x58, 0x58, 0x58, 0x58, 0x58, 0x58, 0x58, 0x58, 0x58, 0x58,
  0x58, 0x58, 0x58, 0x58, 0x58, 0x58, 0x58, 0x58, 0x58, 0x58, 0x58, 0x58,
  0x58, 0x58, 0x58, 0x58, 0x58, 0x58, 0x58, 0x58, 0x58, 0x58, 0x58, 0x58,
  0x58, 0x58, 0x58, 0x58, 0x58, 0x58, 0x58, 0x58, 0x58, 0x58, 0x58, 0x58,
  0x58, 0x58, 0x58, 0x58, 0x58, 0x58, 0x58, 0x58, 0x58, 0x58, 0x58, 0x58,
  0x58, 0x58, 0x58, 0x58, 0x58, 0x58, 0x58, 0x58, 0x58, 0x58, 0x58, 0x58,
  0x58, 0x58, 0x58, 0x58, 0x58, 0x58, 0x58, 0x58, 0x58, 0x58, 0x58, 0x58,
  0x58, 0x58, 0x58, 0x58, 0x58, 0x58, 0x58, 0x58, 0x58, 0x58, 0x58, 0x58,
  0x58, 0x58, 0x58, 0x58, 0x58, 0x58, 0x58, 0x58, 0x58, 0x58, 0x58, 0x58,
  0x58, 0x58, 0x58, 0x58, 0x58, 0x58, 0x58, 0x58, 0x58, 0x58, 0x58, 0x58,
  0x58, 0x58, 0x58, 0x58, 0x58, 0x58, 0x58, 0x58, 0x58, 0x58, 0x58, 0x58,
  0x58, 0x58, 0x58, 0x58, 0x58, 0x58, 0x58, 0x58, 0x58, 0x58, 0x58, 0x58,
  0x58, 0x58, 0x58, 0x58, 0x58, 0x58, 0x58, 0x58, 0x58, 0x58, 0x58, 0x58,
  0x58, 0x58, 0x58, 0x58, 0x58, 0x58, 0x58, 0x58, 0x58, 0x58, 0x58, 0x58,
  0x58, 0x58, 0x58, 0x58, 0x58, 0x58, 0x58, 0x58, 0x58, 0x58, 0x58, 0x58,
  0x58, 0x58, 0x58, 0x58, 0x58, 0x58, 0x58, 0x58, 0x58, 0x58, 0x58, 0x58,
  0x58, 0x58, 0x58, 0x58, 0x58, 0x58, 0x58, 0x58, 0x58, 0x58, 0x58, 0x58,
  0x58, 0x58, 0x58, 0x58, 0x58, 0x58, 0x58, 0x58, 0x58, 0x58, 0x58, 0x58,
  0x58, 0x58, 0x58, 0x58, 0x58, 0x58, 0x58, 0x58, 0x58, 0x58, 0x58, 0x58,
  0x58, 0x58, 0x58, 0x58, 0x58, 0x58, 0x58, 0x58, 0x58, 0x58, 0x58, 0x58,
  0x58, 0x58, 0x58, 0x58, 0x58, 0x58, 0x58, 0x58, 0x58, 0x58, 0x58, 0x58,
  0x58, 0x58, 0x58, 0x58, 0x58, 0x58, 0x58, 0x58, 0x58, 0x58, 0x58, 0x58,
  0x58, 0x58, 0x58, 0x58, 0x58, 0x58, 0x58, 0x58, 0x58, 0x58, 0x58, 0x58,
  0x58, 0x58, 0x58, 0x58, 0x58, 0x58, 0x58, 0x58, 0x58, 0x58, 0x58, 0x58,
  0x58, 0x58, 0x58, 0x58, 0x58, 0x58, 0x58, 0x58, 0x58, 0x58, 0x58, 0x58,
  0x58, 0x58, 0x58, 0x58, 0x58, 0x58, 0x58, 0x58, 0x58, 0x58, 0x58, 0x58,
  0x58, 0x58, 0x58, 0x58, 0x58, 0x58, 0x58, 0x58, 0x58, 0x58, 0x58, 0x58,
  0x58, 0x58, 0x58, 0x58, 0x58, 0x58, 0x58, 0x58, 0x58, 0x58, 0x58, 0x58,
  0x58, 0x58, 0x58, 0x58, 0x58, 0x58, 0x58, 0x58, 0x58, 0x58, 0x58, 0x58,
  0x58, 0x58, 0x58, 0x58, 0x58, 0x58, 0x58, 0x58, 0x58, 0x58, 0x58, 0x58,
  0x58, 0x58, 0x58, 0x58, 0x58, 0x58, 0x58, 0x58, 0x58, 0x58, 0x58, 0x58,
  0x58, 0x58, 0x58, 0x58, 0x58, 0x58, 0x58, 0x58, 0x58, 0x58, 0x58, 0x58,
  0x58, 0x58, 0x58, 0x58, 0x58, 0x58, 0x58, 0x58, 0x58, 0x58, 0x58, 0x58,
  0x58, 0x58, 0x58, 0x58, 0x58, 0x58, 0x58, 0x58, 0x58, 0x58, 0x58, 0x58,
  0x58, 0x58, 0x58, 0x58, 0x58, 0x58, 0x58, 0x58, 0x58, 0x58, 0x58, 0x58,
  0x58, 0x58, 0x58, 0x58, 0x58, 0x58, 0x58, 0x58, 0x58, 0x58, 0x58, 0x58,
  0x58, 0x58, 0x58, 0x58, 0x58, 0x58, 0x58, 0x58, 0x58, 0x58, 0x58, 0x58,
  0x58, 0x58, 0x58, 0x58, 0x58, 0x58, 0x58, 0x58, 0x58, 0x58, 0x58, 0x58,
  0x58, 0x58, 0x58, 0x58, 0x58, 0x58, 0x58, 0x58, 0x58, 0x58, 0x58, 0x58,
  0x58, 0x58, 0x58, 0x58, 0x58, 0x58, 0x58, 0x58, 0x58, 0x58, 0x58, 0x58,
  0x58, 0x58, 0x58, 0x58, 0x58, 0x58, 0x58, 0x58, 0x58, 0x58, 0x58, 0x58,
  0x58, 0x58, 0x58, 0x58, 0x58, 0x58, 0x58, 0x58, 0x58, 0x58, 0x58, 0x58,
  0x58, 0x58, 0x58, 0x58, 0x58, 0x58, 0x58, 0x58, 0x58, 0x58, 0x58, 0x58,
  0x58, 0x58, 0x58, 0x58, 0x58, 0x58, 0x58, 0x58, 0x58, 0x58, 0x58, 0x58,
  0x58, 0x58, 0x58, 0x58, 0x58, 0x58, 0x58, 0x58, 0x58, 0x58, 0x58, 0x58,
  0x58, 0x58, 0x58, 0x58, 0x58, 0x58, 0x58, 0x58, 0x58, 0x58, 0x58, 0x58,
  0x58, 0x58, 0x58, 0x58, 0x58, 0x58, 0x58, 0x58, 0x58, 0x58, 0x58, 0x58,
  0x58, 0x58, 0x58, 0x58, 0x58, 0x58, 0x58, 0x58, 0x58, 0x58, 0x58, 0x58,
  0x58, 0x58, 0x58, 0x58, 0x58, 0x58, 0x58, 0x58, 0x58, 0x58, 0x58, 0x58,
  0x58, 0x58, 0x58, 0x58, 0x58, 0x58, 0x58, 0x58, 0x58, 0x58, 0x58, 0x58,
  0x58, 0x58, 0x58, 0x58, 0x58, 0x58, 0x58, 0x58, 0x58, 0x58, 0x58, 0x58,
  0x58, 0x58, 0x58, 0x58, 0x58, 0x58, 0x58, 0x58, 0x58, 0x58, 0x58, 0x58,
  0x58, 0x58, 0x58, 0x58, 0x58, 0x58, 0x58, 0x58, 0x58, 0x58, 0x58, 0x58,
  0x58, 0x58, 0x58, 0x58, 0x58, 0x58, 0x58, 0x58, 0x58, 0x58, 0x58, 0x58,
  0x58, 0x58, 0x58, 0x58, 0x58, 0x58, 0x58, 0x58, 0x58, 0x58, 0x58, 0x58,
  0x58, 0x58, 0x58, 0x58, 0x58, 0x58, 0x58, 0x58, 0x58, 0x58, 0x58, 0x58,
  0x58, 0x58, 0x58, 0x58, 0x58, 0x58, 0x58, 0x58, 0x58, 0x58, 0x58, 0x58,
  0x58, 0x58, 0x00, 0x00, 0x00, 0x00, 0x00, 0x00, 0x00, 0x00, 0x00, 0x00,
  0x00, 0x00, 0x00, 0x00, 0x00, 0x00, 0x00, 0x00, 0x00, 0x00, 0x00, 0x00,
  0x00, 0x00, 0x00, 0x00, 0x26, 0x02, 0x00, 0x00, 0x10, 0x00, 0x00, 0x00,
  0x00, 0x00, 0x00, 0x00, 0x00, 0x00, 0x00, 0x00, 0x00, 0x00, 0x00, 0x00,
  0x00, 0x00, 0x00, 0x00, 0xd7, 0x01, 0x00, 0x00, 0x10, 0x00, 0x00, 0x00,
  0x00, 0x00, 0x00, 0x00, 0x00, 0x00, 0x00, 0x00, 0x00, 0x00, 0x00, 0x00,
  0x00, 0x00, 0x00, 0x00, 0x7d, 0x02, 0x00, 0x00, 0x10, 0x00, 0x00, 0x00,
  0x00, 0x00, 0x00, 0x00, 0x00, 0x00, 0x00, 0x00, 0x00, 0x00, 0x00, 0x00,
  0x00, 0x00, 0x00, 0x00, 0x01, 0x00, 0x00, 0x00, 0x20, 0x00, 0x00, 0x00,
  0x00, 0x00, 0x00, 0x00, 0x00, 0x00, 0x00, 0x00, 0x00, 0x00, 0x00, 0x00,
  0x00, 0x00, 0x00, 0x00, 0x8e, 0x02, 0x00, 0x00, 0x10, 0x00, 0x00, 0x00,
  0x00, 0x00, 0x00, 0x00, 0x00, 0x00, 0x00, 0x00, 0x00, 0x00, 0x00, 0x00,
  0x00, 0x00, 0x00, 0x00, 0xcf, 0x00, 0x00, 0x00, 0x10, 0x00, 0x00, 0x00,
  0x00, 0x00, 0x00, 0x00, 0x00, 0x00, 0x00, 0x00, 0x00, 0x00, 0x00, 0x00,
  0x00, 0x00, 0x00, 0x00, 0x8f, 0x01, 0x00, 0x00, 0x10, 0x00, 0x00, 0x00,
  0x00, 0x00, 0x00, 0x00, 0x00, 0x00, 0x00, 0x00, 0x00, 0x00, 0x00, 0x00,
  0x00, 0x00, 0x00, 0x00, 0x1d, 0x01, 0x00, 0x00, 0x12, 0x00, 0x00, 0x00,
  0x00, 0x00, 0x00, 0x00, 0x00, 0x00, 0x00, 0x00, 0x00, 0x00, 0x00, 0x00,
  0x00, 0x00, 0x00, 0x00, 0x6f, 0x02, 0x00, 0x00, 0x10, 0x00, 0x00, 0x00,
  0x00, 0x00, 0x00, 0x00, 0x00, 0x00, 0x00, 0x00, 0x00, 0x00, 0x00, 0x00,
  0x00, 0x00, 0x00, 0x00, 0x28, 0x01, 0x00, 0x00, 0x12, 0x00, 0x00, 0x00,
  0x00, 0x00, 0x00, 0x00, 0x00, 0x00, 0x00, 0x00, 0x00, 0x00, 0x00, 0x00,
  0x00, 0x00, 0x00, 0x00, 0xc2, 0x00, 0x00, 0x00, 0x10, 0x00, 0x00, 0x00,
  0x00, 0x00, 0x00, 0x00, 0x00, 0x00, 0x00, 0x00, 0x00, 0x00, 0x00, 0x00,
  0x00, 0x00, 0x00, 0x00, 0x1c, 0x00, 0x00, 0x00, 0x20, 0x00, 0x00, 0x00,
  0x00, 0x00, 0x00, 0x00, 0x00, 0x00, 0x00, 0x00, 0x00, 0x00, 0x00, 0x00,
  0x00, 0x00, 0x00, 0x00, 0x93, 0x00, 0x00, 0x00, 0x10, 0x00, 0x00, 0x00,
  0x00, 0x00, 0x00, 0x00, 0x00, 0x00, 0x00, 0x00, 0x00, 0x00, 0x00, 0x00,
  0x00, 0x00, 0x00, 0x00, 0x38, 0x00, 0x00, 0x00, 0x20, 0x00, 0x00, 0x00,
  0x00, 0x00, 0x00, 0x00, 0x00, 0x00, 0x00, 0x00, 0x00, 0x00, 0x00, 0x00,
  0x00, 0x00, 0x00, 0x00, 0xe7, 0x00, 0x00, 0x00, 0x12, 0x00, 0x00, 0x00,
  0x00, 0x00, 0x00, 0x00, 0x00, 0x00, 0x00, 0x00, 0x00, 0x00, 0x00, 0x00,
  0x00, 0x00, 0x00, 0x00, 0x52, 0x00, 0x00, 0x00, 0x22, 0x00, 0x00, 0x00,
  0x00, 0x00, 0x00, 0x00, 0x00, 0x00, 0x00, 0x00, 0x00, 0x00, 0x00, 0x00,
  0x00, 0x00, 0x00, 0x00, 0x7e, 0x00, 0x00, 0x00, 0x10, 0x00, 0x00, 0x00,
  0x00, 0x00, 0x00, 0x00, 0x00, 0x00, 0x00, 0x00, 0x00, 0x00, 0x00, 0x00,
  0x00, 0x00, 0x00, 0x00, 0xec, 0x01, 0x00, 0x00, 0x10, 0x00, 0x00, 0x00,
  0x00, 0x00, 0x00, 0x00, 0x00, 0x00, 0x00, 0x00, 0x00, 0x00, 0x00, 0x00,
  0x00, 0x00, 0x00, 0x00, 0x61, 0x00, 0x00, 0x00, 0x10, 0x00, 0x00, 0x00,
  0x00, 0x00, 0x00, 0x00, 0x00, 0x00, 0x00, 0x00, 0x00, 0x00, 0x00, 0x00,
  0x00, 0x00, 0x00, 0x00, 0xb3, 0x01, 0x00, 0x00, 0x10, 0x00, 0x00, 0x00,
  0x00, 0x00, 0x00, 0x00, 0x00, 0x00, 0x00, 0x00, 0x00, 0x00, 0x00, 0x00,
  0x00, 0x00, 0x00, 0x00, 0x07, 0x02, 0x00, 0x00, 0x10, 0x00, 0x00, 0x00,
  0x00, 0x00, 0x00, 0x00, 0x00, 0x00, 0x00, 0x00, 0x00, 0x00, 0x00, 0x00,
  0x00, 0x00, 0x00, 0x00, 0xb1, 0x00, 0x00, 0x00, 0x10, 0x00, 0x00, 0x00,
  0x00, 0x00, 0x00, 0x00, 0x00, 0x00, 0x00, 0x00, 0x00, 0x00, 0x00, 0x00,
  0x00, 0x00, 0x00, 0x00, 0x5d, 0x02, 0x00, 0x00, 0x10, 0x00, 0x00, 0x00,
  0x00, 0x00, 0x00, 0x00, 0x00, 0x00, 0x00, 0x00, 0x00, 0x00, 0x00, 0x00,
  0x00, 0x00, 0x00, 0x00, 0x78, 0x01, 0x00, 0x00, 0x10, 0x00, 0x00, 0x00,
  0x00, 0x00, 0x00, 0x00, 0x00, 0x00, 0x00, 0x00, 0x00, 0x00, 0x00, 0x00,
  0x00, 0x00, 0x00, 0x00, 0x07, 0x01, 0x00, 0x00, 0x12, 0x00, 0x00, 0x00,
  0x00, 0x00, 0x00, 0x00, 0x00, 0x00, 0x00, 0x00, 0x00, 0x00, 0x00, 0x00,
  0x00, 0x00, 0x00, 0x00, 0xa2, 0x00, 0x00, 0x00, 0x10, 0x00, 0x00, 0x00,
  0x00, 0x00, 0x00, 0x00, 0x00, 0x00, 0x00, 0x00, 0x00, 0x00, 0x00, 0x00,
  0x00, 0x00, 0x00, 0x00, 0xc4, 0x01, 0x00, 0x00, 0x10, 0x00, 0x00, 0x00,
  0x00, 0x00, 0x00, 0x00, 0x00, 0x00, 0x00, 0x00, 0x00, 0x00, 0x00, 0x00,
  0x00, 0x00, 0x00, 0x00, 0x1a, 0x02, 0x00, 0x00, 0x10, 0x00, 0x00, 0x00,
  0x00, 0x00, 0x00, 0x00, 0x00, 0x00, 0x00, 0x00, 0x00, 0x00, 0x00, 0x00,
  0x00, 0x00, 0x00, 0x00, 0x48, 0x02, 0x00, 0x00, 0x10, 0x00, 0x00, 0x00,
  0x00, 0x00, 0x00, 0x00, 0x00, 0x00, 0x00, 0x00, 0x00, 0x00, 0x00, 0x00,
  0x00, 0x00, 0x00, 0x00, 0xfb, 0x01, 0x00, 0x00, 0x10, 0x00, 0x00, 0x00,
  0x00, 0x00, 0x00, 0x00, 0x00, 0x00, 0x00, 0x00, 0x00, 0x00, 0x00, 0x00,
  0x00, 0x00, 0x00, 0x00, 0x62, 0x01, 0x00, 0x00, 0x10, 0x00, 0x00, 0x00,
  0x00, 0x00, 0x00, 0x00, 0x00, 0x00, 0x00, 0x00, 0x00, 0x00, 0x00, 0x00,
  0x00, 0x00, 0x00, 0x00, 0x33, 0x01, 0x00, 0x00, 0x12, 0x00, 0x00, 0x00,
  0x00, 0x00, 0x00, 0x00, 0x00, 0x00, 0x00, 0x00, 0x00, 0x00, 0x00, 0x00,
  0x00, 0x00, 0x00, 0x00, 0x51, 0x01, 0x00, 0x00, 0x10, 0x00, 0x00, 0x00,
  0x00, 0x00, 0x00, 0x00, 0x00, 0x00, 0x00, 0x00, 0x00, 0x00, 0x00, 0x00,
  0x00, 0x00, 0x00, 0x00, 0x38, 0x02, 0x00, 0x00, 0x10, 0x00, 0x00, 0x00,
  0x00, 0x00, 0x00, 0x00, 0x00, 0x00, 0x00, 0x00, 0x00, 0x00, 0x00, 0x00,
  0x00, 0x00, 0x00, 0x00, 0x9e, 0x01, 0x00, 0x00, 0x10, 0x00, 0x00, 0x00,
  0x00, 0x00, 0x00, 0x00, 0x00, 0x00, 0x00, 0x00, 0x00, 0x00, 0x00, 0x00,
  0x00, 0x00, 0x00, 0x00, 0x12, 0x01, 0x00, 0x00, 0x12, 0x00, 0x00, 0x00,
  0x00, 0x00, 0x00, 0x00, 0x00, 0x00, 0x00, 0x00, 0x00, 0x00, 0x00, 0x00,
  0x00, 0x00, 0x00, 0x00, 0xf2, 0x00, 0x00, 0x00, 0x10, 0x00, 0x00, 0x00,
  0x00, 0x00, 0x00, 0x00, 0x00, 0x00, 0x00, 0x00, 0x00, 0x00, 0x00, 0x00,
  0x00, 0x00, 0x00, 0x00, 0x73, 0x00, 0x00, 0x00, 0x12, 0x00, 0x07, 0x00,
  0x90, 0x22, 0x00, 0x00, 0x00, 0x00, 0x00, 0x00, 0x4c, 0x01, 0x00, 0x00,
  0x00, 0x00, 0x00, 0x00, 0x3e, 0x01, 0x00, 0x00, 0x12, 0x00, 0x07, 0x00,
  0x30, 0x20, 0x00, 0x00, 0x00, 0x00, 0x00, 0x00, 0x5a, 0x02, 0x00, 0x00,
  0x00, 0x00, 0x00, 0x00, 0x10, 0x00, 0x00, 0x00, 0x12, 0x00, 0x05, 0x00,
  0x00, 0x10, 0x00, 0x00, 0x00, 0x00, 0x00, 0x00, 0x00, 0x00, 0x00, 0x00,
  0x00, 0x00, 0x00, 0x00, 0x16, 0x00, 0x00, 0x00, 0x12, 0x00, 0x08, 0x00,
  0xdc, 0x23, 0x00, 0x00, 0x00, 0x00, 0x00, 0x00, 0x00, 0x00, 0x00, 0x00,
  0x00, 0x00, 0x00, 0x00, 0x03, 0x00, 0x00, 0x00, 0x26, 0x00, 0x00, 0x00,
  0x01, 0x00, 0x00, 0x00, 0x06, 0x00, 0x00, 0x00, 0x00, 0x88, 0x00, 0x08,
  0x00, 0x84, 0x40, 0x05, 0x00, 0x00, 0x00, 0x00, 0x26, 0x00, 0x00, 0x00,
  0x29, 0x00, 0x00, 0x00, 0xca, 0xfb, 0xd3, 0xbf, 0xfa, 0x86, 0xf0, 0x4c,
  0xb9, 0x8d, 0xf1, 0x0e, 0xeb, 0xd3, 0xef, 0x0e, 0x00, 0x00, 0x00, 0x00,
  0x04, 0x00, 0x00, 0x00, 0x14, 0x00, 0x00, 0x00, 0x03, 0x00, 0x00, 0x00,
  0x47, 0x4e, 0x55, 0x00, 0xab, 0xec, 0x79, 0xe6, 0x02, 0x39, 0xa9, 0x1a,
  0xf6, 0x0c, 0xe7, 0x87, 0x54, 0xf5, 0xd9, 0xe6, 0x58, 0x01, 0x8d, 0xc8,
  0x00, 0x00, 0x00, 0x00, 0x00, 0x00, 0x00, 0x00, 0x00, 0x00, 0x00, 0x00,
  0x00, 0x00, 0x00, 0x00, 0x00, 0x00, 0x00, 0x00, 0x00, 0x00, 0x00, 0x00,
  0x00, 0x00, 0x00, 0x00, 0x00, 0x00, 0x00, 0x00, 0x00, 0x00, 0x00, 0x00,
  0x00, 0x00, 0x00, 0x00, 0x00, 0x00, 0x00, 0x00, 0x00, 0x00, 0x00, 0x00,
  0x00, 0x00, 0x00, 0x00, 0x00, 0x00, 0x00, 0x00, 0x00, 0x00, 0x00, 0x00,
  0x00, 0x00, 0x00, 0x00, 0x00, 0x00, 0x00, 0x00, 0x00, 0x00, 0x00, 0x00,
  0x00, 0x00, 0x00, 0x00, 0x00, 0x00, 0x00, 0x00, 0x00, 0x00, 0x00, 0x00,
  0x00, 0x00, 0x00, 0x00, 0x00, 0x00, 0x00, 0x00, 0x00, 0x00, 0x00, 0x00,
  0x00, 0x00, 0x00, 0x00, 0x00, 0x00, 0x00, 0x00, 0x00, 0x00, 0x00, 0x00,
  0x00, 0x00, 0x00, 0x00, 0x00, 0x00, 0x00, 0x00, 0x00, 0x00, 0x00, 0x00,
  0x00, 0x00, 0x00, 0x00, 0x00, 0x00, 0x00, 0x00, 0x00, 0x00, 0x00, 0x00,
  0x00, 0x00, 0x00, 0x00, 0x00, 0x00, 0x00, 0x00, 0x00, 0x00, 0x00, 0x00,
  0x00, 0x00, 0x00, 0x00, 0x00, 0x00, 0x00, 0x00, 0x00, 0x00, 0x00, 0x00,
  0x00, 0x00, 0x00, 0x00, 0x00, 0x00, 0x00, 0x00, 0x00, 0x00, 0x00, 0x00,
  0x00, 0x00, 0x00, 0x00, 0x00, 0x00, 0x00, 0x00, 0x00, 0x00, 0x00, 0x00,
  0x00, 0x00, 0x00, 0x00, 0x00, 0x00, 0x00, 0x00, 0x00, 0x00, 0x00, 0x00,
  0x00, 0x00, 0x00, 0x00, 0x00, 0x00, 0x00, 0x00, 0x00, 0x00, 0x00, 0x00,
  0x00, 0x00, 0x00, 0x00, 0x00, 0x00, 0x00, 0x00, 0x00, 0x00, 0x00, 0x00,
  0x00, 0x00, 0x00, 0x00, 0x00, 0x00, 0x00, 0x00, 0x00, 0x00, 0x00, 0x00,
  0x00, 0x00, 0x00, 0x00, 0x00, 0x00, 0x00, 0x00, 0x00, 0x00, 0x00, 0x00,
  0x00, 0x00, 0x00, 0x00, 0x00, 0x00, 0x00, 0x00, 0x00, 0x00, 0x00, 0x00,
  0x00, 0x00, 0x00, 0x00, 0x00, 0x00, 0x00, 0x00, 0x00, 0x00, 0x00, 0x00,
  0x00, 0x00, 0x00, 0x00, 0x00, 0x00, 0x00, 0x00, 0x00, 0x00, 0x00, 0x00,
  0x00, 0x00, 0x00, 0x00, 0x00, 0x00, 0x00, 0x00, 0x00, 0x00, 0x00, 0x00,
  0x00, 0x00, 0x00, 0x00, 0x00, 0x00, 0x00, 0x00, 0x00, 0x00, 0x00, 0x00,
  0x00, 0x00, 0x00, 0x00, 0x00, 0x00, 0x00, 0x00, 0x00, 0x00, 0x00, 0x00,
  0x00, 0x00, 0x00, 0x00, 0x00, 0x00, 0x00, 0x00, 0x00, 0x00, 0x00, 0x00,
  0x00, 0x00, 0x00, 0x00, 0x00, 0x00, 0x00, 0x00, 0x00, 0x00, 0x00, 0x00,
  0x00, 0x00, 0x00, 0x00, 0x00, 0x00, 0x00, 0x00, 0x00, 0x00, 0x00, 0x00,
  0x00, 0x00, 0x00, 0x00, 0x00, 0x00, 0x00, 0x00, 0x00, 0x00, 0x00, 0x00,
  0x00, 0x00, 0x00, 0x00, 0x00, 0x00, 0x00, 0x00, 0x00, 0x00, 0x00, 0x00,
  0x00, 0x00, 0x00, 0x00, 0x00, 0x00, 0x00, 0x00, 0x00, 0x00, 0x00, 0x00,
  0x00, 0x00, 0x00, 0x00, 0x00, 0x00, 0x00, 0x00, 0x00, 0x00, 0x00, 0x00,
  0x00, 0x00, 0x00, 0x00, 0x00, 0x00, 0x00, 0x00, 0x00, 0x00, 0x00, 0x00,
  0x00, 0x00, 0x00, 0x00, 0x00, 0x00, 0x00, 0x00, 0x00, 0x00, 0x00, 0x00,
  0x00, 0x00, 0x00, 0x00, 0x00, 0x00, 0x00, 0x00, 0x00, 0x00, 0x00, 0x00,
  0x00, 0x00, 0x00, 0x00, 0x00, 0x00, 0x00, 0x00, 0x00, 0x00, 0x00, 0x00,
  0x00, 0x00, 0x00, 0x00, 0x00, 0x00, 0x00, 0x00, 0x00, 0x00, 0x00, 0x00,
  0x00, 0x00, 0x00, 0x00, 0x00, 0x00, 0x00, 0x00, 0x00, 0x00, 0x00, 0x00,
  0x00, 0x00, 0x00, 0x00, 0x00, 0x00, 0x00, 0x00, 0x00, 0x00, 0x00, 0x00,
  0x00, 0x00, 0x00, 0x00, 0x00, 0x00, 0x00, 0x00, 0x00, 0x00, 0x00, 0x00,
  0x00, 0x00, 0x00, 0x00, 0x00, 0x00, 0x00, 0x00, 0x00, 0x00, 0x00, 0x00,
  0x00, 0x00, 0x00, 0x00, 0x00, 0x00, 0x00, 0x00, 0x00, 0x00, 0x00, 0x00,
  0x00, 0x00, 0x00, 0x00, 0x00, 0x00, 0x00, 0x00, 0x00, 0x00, 0x00, 0x00,
  0x00, 0x00, 0x00, 0x00, 0x00, 0x00, 0x00, 0x00, 0x00, 0x00, 0x00, 0x00,
  0x00, 0x00, 0x00, 0x00, 0x00, 0x00, 0x00, 0x00, 0x00, 0x00, 0x00, 0x00,
  0x00, 0x00, 0x00, 0x00, 0x00, 0x00, 0x00, 0x00, 0x00, 0x00, 0x00, 0x00,
  0x00, 0x00, 0x00, 0x00, 0x00, 0x00, 0x00, 0x00, 0x00, 0x00, 0x00, 0x00,
  0x00, 0x00, 0x00, 0x00, 0x00, 0x00, 0x00, 0x00, 0x00, 0x00, 0x00, 0x00,
  0x00, 0x00, 0x00, 0x00, 0x00, 0x00, 0x00, 0x00, 0x00, 0x00, 0x00, 0x00,
  0x00, 0x00, 0x00, 0x00, 0x00, 0x00, 0x00, 0x00, 0x00, 0x00, 0x00, 0x00,
  0x00, 0x00, 0x00, 0x00, 0x00, 0x00, 0x00, 0x00, 0x00, 0x00, 0x00, 0x00,
  0x00, 0x00, 0x00, 0x00, 0x00, 0x00, 0x00, 0x00, 0x00, 0x00, 0x00, 0x00,
  0x00, 0x00, 0x00, 0x00, 0x00, 0x00, 0x00, 0x00, 0x00, 0x00, 0x00, 0x00,
  0x00, 0x00, 0x00, 0x00, 0x00, 0x00, 0x00, 0x00, 0x00, 0x00, 0x00, 0x00,
  0x00, 0x00, 0x00, 0x00, 0x00, 0x00, 0x00, 0x00, 0x00, 0x00, 0x00, 0x00,
  0x00, 0x00, 0x00, 0x00, 0x00, 0x00, 0x00, 0x00, 0x00, 0x00, 0x00, 0x00,
  0x00, 0x00, 0x00, 0x00, 0x00, 0x00, 0x00, 0x00, 0x00, 0x00, 0x00, 0x00,
  0x00, 0x00, 0x00, 0x00, 0x00, 0x00, 0x00, 0x00, 0x00, 0x00, 0x00, 0x00,
  0x00, 0x00, 0x00, 0x00, 0x00, 0x00, 0x00, 0x00, 0x00, 0x00, 0x00, 0x00,
  0x00, 0x00, 0x00, 0x00, 0x00, 0x00, 0x00, 0x00, 0x00, 0x00, 0x00, 0x00,
  0x00, 0x00, 0x00, 0x00, 0x00, 0x00, 0x00, 0x00, 0x00, 0x00, 0x00, 0x00,
  0x00, 0x00, 0x00, 0x00, 0x00, 0x00, 0x00, 0x00, 0x00, 0x00, 0x00, 0x00,
  0x00, 0x00, 0x00, 0x00, 0x00, 0x00, 0x00, 0x00, 0x00, 0x00, 0x00, 0x00,
  0x00, 0x00, 0x00, 0x00, 0x00, 0x00, 0x00, 0x00, 0x00, 0x00, 0x00, 0x00,
  0x00, 0x00, 0x00, 0x00, 0x00, 0x00, 0x00, 0x00, 0x00, 0x00, 0x00, 0x00,
  0x00, 0x00, 0x00, 0x00, 0x00, 0x00, 0x00, 0x00, 0x00, 0x00, 0x00, 0x00,
  0x00, 0x00, 0x00, 0x00, 0x00, 0x00, 0x00, 0x00, 0x00, 0x00, 0x00, 0x00,
  0x00, 0x00, 0x00, 0x00, 0x00, 0x00, 0x00, 0x00, 0x00, 0x00, 0x00, 0x00,
  0x00, 0x00, 0x00, 0x00, 0x00, 0x00, 0x00, 0x00, 0x00, 0x00, 0x00, 0x00,
  0x00, 0x00, 0x00, 0x00, 0x00, 0x00, 0x00, 0x00, 0x00, 0x00, 0x00, 0x00,
  0x00, 0x00, 0x00, 0x00, 0x00, 0x00, 0x00, 0x00, 0x00, 0x00, 0x00, 0x00,
  0x00, 0x00, 0x00, 0x00, 0x00, 0x00, 0x00, 0x00, 0x00, 0x00, 0x00, 0x00,
  0x00, 0x00, 0x00, 0x00, 0x00, 0x00, 0x00, 0x00, 0x00, 0x00, 0x00, 0x00,
  0x00, 0x00, 0x00, 0x00, 0x00, 0x00, 0x00, 0x00, 0x00, 0x00, 0x00, 0x00,
  0x00, 0x00, 0x00, 0x00, 0x00, 0x00, 0x00, 0x00, 0x00, 0x00, 0x00, 0x00,
  0x00, 0x00, 0x00, 0x00, 0x00, 0x00, 0x00, 0x00, 0x00, 0x00, 0x00, 0x00,
  0x00, 0x00, 0x00, 0x00, 0x00, 0x00, 0x00, 0x00, 0x00, 0x00, 0x00, 0x00,
  0x00, 0x00, 0x00, 0x00, 0x00, 0x00, 0x00, 0x00, 0x00, 0x00, 0x00, 0x00,
  0x00, 0x00, 0x00, 0x00, 0x00, 0x00, 0x00, 0x00, 0x00, 0x00, 0x00, 0x00,
  0x00, 0x00, 0x00, 0x00, 0x00, 0x00, 0x00, 0x00, 0x00, 0x00, 0x00, 0x00,
  0x00, 0x00, 0x00, 0x00, 0x00, 0x00, 0x00, 0x00, 0x00, 0x00, 0x00, 0x00,
  0x00, 0x00, 0x00, 0x00, 0x00, 0x00, 0x00, 0x00, 0x00, 0x00, 0x00, 0x00,
  0x00, 0x00, 0x00, 0x00, 0x00, 0x00, 0x00, 0x00, 0x00, 0x00, 0x00, 0x00,
  0x00, 0x00, 0x00, 0x00, 0x00, 0x00, 0x00, 0x00, 0x00, 0x00, 0x00, 0x00,
  0x00, 0x00, 0x00, 0x00, 0x00, 0x00, 0x00, 0x00, 0x00, 0x00, 0x00, 0x00,
  0x00, 0x00, 0x00, 0x00, 0x00, 0x00, 0x00, 0x00, 0x00, 0x00, 0x00, 0x00,
  0x00, 0x00, 0x00, 0x00, 0x00, 0x00, 0x00, 0x00, 0x00, 0x00, 0x00, 0x00,
  0x00, 0x00, 0x00, 0x00, 0x00, 0x00, 0x00, 0x00, 0x00, 0x00, 0x00, 0x00,
  0x00, 0x00, 0x00, 0x00, 0x00, 0x00, 0x00, 0x00, 0x00, 0x00, 0x00, 0x00,
  0x00, 0x00, 0x00, 0x00, 0x00, 0x00, 0x00, 0x00, 0x00, 0x00, 0x00, 0x00,
  0x00, 0x00, 0x00, 0x00, 0x00, 0x00, 0x00, 0x00, 0x00, 0x00, 0x00, 0x00,
  0x00, 0x00, 0x00, 0x00, 0x00, 0x00, 0x00, 0x00, 0x00, 0x00, 0x00, 0x00,
  0x00, 0x00, 0x00, 0x00, 0x00, 0x00, 0x00, 0x00, 0x00, 0x00, 0x00, 0x00,
  0x00, 0x00, 0x00, 0x00, 0x00, 0x00, 0x00, 0x00, 0x00, 0x00, 0x00, 0x00,
  0x00, 0x00, 0x00, 0x00, 0x00, 0x00, 0x00, 0x00, 0x00, 0x00, 0x00, 0x00,
  0x00, 0x00, 0x00, 0x00, 0x00, 0x00, 0x00, 0x00, 0x00, 0x00, 0x00, 0x00,
  0x00, 0x00, 0x00, 0x00, 0x00, 0x00, 0x00, 0x00, 0x00, 0x00, 0x00, 0x00,
  0x00, 0x00, 0x00, 0x00, 0x00, 0x00, 0x00, 0x00, 0x00, 0x00, 0x00, 0x00,
  0x00, 0x00, 0x00, 0x00, 0x00, 0x00, 0x00, 0x00, 0x00, 0x00, 0x00, 0x00,
  0x00, 0x00, 0x00, 0x00, 0x00, 0x00, 0x00, 0x00, 0x00, 0x00, 0x00, 0x00,
  0x00, 0x00, 0x00, 0x00, 0x00, 0x00, 0x00, 0x00, 0x00, 0x00, 0x00, 0x00,
  0x00, 0x00, 0x00, 0x00, 0x00, 0x00, 0x00, 0x00, 0x00, 0x00, 0x00, 0x00,
  0x00, 0x00, 0x00, 0x00, 0x00, 0x00, 0x00, 0x00, 0x00, 0x00, 0x00, 0x00,
  0x00, 0x00, 0x00, 0x00, 0x00, 0x00, 0x00, 0x00, 0x00, 0x00, 0x00, 0x00,
  0x00, 0x00, 0x00, 0x00, 0x00, 0x00, 0x00, 0x00, 0x00, 0x00, 0x00, 0x00,
  0x00, 0x00, 0x00, 0x00, 0x00, 0x00, 0x00, 0x00, 0x00, 0x00, 0x00, 0x00,
  0x00, 0x00, 0x00, 0x00, 0x00, 0x00, 0x00, 0x00, 0x00, 0x00, 0x00, 0x00,
  0x00, 0x00, 0x00, 0x00, 0x00, 0x00, 0x00, 0x00, 0x00, 0x00, 0x00, 0x00,
  0x00, 0x00, 0x00, 0x00, 0x00, 0x00, 0x00, 0x00, 0x00, 0x00, 0x00, 0x00,
  0x00, 0x00, 0x00, 0x00, 0x00, 0x00, 0x00, 0x00, 0x00, 0x00, 0x00, 0x00,
  0x00, 0x00, 0x00, 0x00, 0x00, 0x00, 0x00, 0x00, 0x00, 0x00, 0x00, 0x00,
  0x00, 0x00, 0x00, 0x00, 0x00, 0x00, 0x00, 0x00, 0x00, 0x00, 0x00, 0x00,
  0x00, 0x00, 0x00, 0x00, 0x00, 0x00, 0x00, 0x00, 0x00, 0x00, 0x00, 0x00,
  0x00, 0x00, 0x00, 0x00, 0x00, 0x00, 0x00, 0x00, 0x00, 0x00, 0x00, 0x00,
  0x00, 0x00, 0x00, 0x00, 0x00, 0x00, 0x00, 0x00, 0x00, 0x00, 0x00, 0x00,
  0x00, 0x00, 0x00, 0x00, 0x00, 0x00, 0x00, 0x00, 0x00, 0x00, 0x00, 0x00,
  0x00, 0x00, 0x00, 0x00, 0x00, 0x00, 0x00, 0x00, 0x00, 0x00, 0x00, 0x00,
  0x00, 0x00, 0x00, 0x00, 0x00, 0x00, 0x00, 0x00, 0x00, 0x00, 0x00, 0x00,
  0x00, 0x00, 0x00, 0x00, 0x00, 0x00, 0x00, 0x00, 0x00, 0x00, 0x00, 0x00,
  0x00, 0x00, 0x00, 0x00, 0x00, 0x00, 0x00, 0x00, 0x00, 0x00, 0x00, 0x00,
  0x00, 0x00, 0x00, 0x00, 0x00, 0x00, 0x00, 0x00, 0x00, 0x00, 0x00, 0x00,
  0x00, 0x00, 0x00, 0x00, 0x00, 0x00, 0x00, 0x00, 0x00, 0x00, 0x00, 0x00,
  0x00, 0x00, 0x00, 0x00, 0x00, 0x00, 0x00, 0x00, 0x00, 0x00, 0x00, 0x00,
  0x00, 0x00, 0x00, 0x00, 0x00, 0x00, 0x00, 0x00, 0x00, 0x00, 0x00, 0x00,
  0x00, 0x00, 0x00, 0x00, 0x00, 0x00, 0x00, 0x00, 0x00, 0x00, 0x00, 0x00,
  0x00, 0x00, 0x00, 0x00, 0x00, 0x00, 0x00, 0x00, 0x00, 0x00, 0x00, 0x00,
  0x00, 0x00, 0x00, 0x00, 0x00, 0x00, 0x00, 0x00, 0x00, 0x00, 0x00, 0x00,
  0x00, 0x00, 0x00, 0x00, 0x00, 0x00, 0x00, 0x00, 0x00, 0x00, 0x00, 0x00,
  0x00, 0x00, 0x00, 0x00, 0x00, 0x00, 0x00, 0x00, 0x00, 0x00, 0x00, 0x00,
  0x00, 0x00, 0x00, 0x00, 0x00, 0x00, 0x00, 0x00, 0x00, 0x00, 0x00, 0x00,
  0x00, 0x00, 0x00, 0x00, 0x00, 0x00, 0x00, 0x00, 0x00, 0x00, 0x00, 0x00,
  0x00, 0x00, 0x00, 0x00, 0x00, 0x00, 0x00, 0x00, 0x00, 0x00, 0x00, 0x00,
  0x00, 0x00, 0x00, 0x00, 0x00, 0x00, 0x00, 0x00, 0x00, 0x00, 0x00, 0x00,
  0x00, 0x00, 0x00, 0x00, 0x00, 0x00, 0x00, 0x00, 0x00, 0x00, 0x00, 0x00,
  0x00, 0x00, 0x00, 0x00, 0x00, 0x00, 0x00, 0x00, 0x00, 0x00, 0x00, 0x00,
  0x00, 0x00, 0x00, 0x00, 0x00, 0x00, 0x00, 0x00, 0x00, 0x00, 0x00, 0x00,
  0x00, 0x00, 0x00, 0x00, 0x00, 0x00, 0x00, 0x00, 0x00, 0x00, 0x00, 0x00,
  0x00, 0x00, 0x00, 0x00, 0x00, 0x00, 0x00, 0x00, 0x00, 0x00, 0x00, 0x00,
  0x00, 0x00, 0x00, 0x00, 0x00, 0x00, 0x00, 0x00, 0x00, 0x00, 0x00, 0x00,
  0x00, 0x00, 0x00, 0x00, 0x00, 0x00, 0x00, 0x00, 0x00, 0x00, 0x00, 0x00,
  0x00, 0x00, 0x00, 0x00, 0x00, 0x00, 0x00, 0x00, 0x00, 0x00, 0x00, 0x00,
  0x00, 0x00, 0x00, 0x00, 0x00, 0x00, 0x00, 0x00, 0x00, 0x00, 0x00, 0x00,
  0x00, 0x00, 0x00, 0x00, 0x00, 0x00, 0x00, 0x00, 0x00, 0x00, 0x00, 0x00,
  0x00, 0x00, 0x00, 0x00, 0x00, 0x00, 0x00, 0x00, 0x00, 0x00, 0x00, 0x00,
  0x00, 0x00, 0x00, 0x00, 0x00, 0x00, 0x00, 0x00, 0x00, 0x00, 0x00, 0x00,
  0x00, 0x00, 0x00, 0x00, 0x00, 0x00, 0x00, 0x00, 0x00, 0x00, 0x00, 0x00,
  0x00, 0x00, 0x00, 0x00, 0x00, 0x00, 0x00, 0x00, 0x00, 0x00, 0x00, 0x00,
  0x00, 0x00, 0x00, 0x00, 0x00, 0x00, 0x00, 0x00, 0x00, 0x00, 0x00, 0x00,
  0x00, 0x00, 0x00, 0x00, 0x00, 0x00, 0x00, 0x00, 0x00, 0x00, 0x00, 0x00,
  0x00, 0x00, 0x00, 0x00, 0x00, 0x00, 0x00, 0x00, 0x00, 0x00, 0x00, 0x00,
  0x00, 0x00, 0x00, 0x00, 0x00, 0x00, 0x00, 0x00, 0x00, 0x00, 0x00, 0x00,
  0x00, 0x00, 0x00, 0x00, 0x00, 0x00, 0x00, 0x00, 0x00, 0x00, 0x00, 0x00,
  0x00, 0x00, 0x00, 0x00, 0x00, 0x00, 0x00, 0x00, 0x00, 0x00, 0x00, 0x00,
  0x00, 0x00, 0x00, 0x00, 0x00, 0x00, 0x00, 0x00, 0x00, 0x00, 0x00, 0x00,
  0x00, 0x00, 0x00, 0x00, 0x00, 0x00, 0x00, 0x00, 0x00, 0x00, 0x00, 0x00,
  0x00, 0x00, 0x00, 0x00, 0x00, 0x00, 0x00, 0x00, 0x00, 0x00, 0x00, 0x00,
  0x00, 0x00, 0x00, 0x00, 0x00, 0x00, 0x00, 0x00, 0x00, 0x00, 0x00, 0x00,
  0x00, 0x00, 0x00, 0x00, 0x00, 0x00, 0x00, 0x00, 0x00, 0x00, 0x00, 0x00,
  0x00, 0x00, 0x00, 0x00, 0x00, 0x00, 0x00, 0x00, 0x00, 0x00, 0x00, 0x00,
  0x00, 0x00, 0x00, 0x00, 0x00, 0x00, 0x00, 0x00, 0x00, 0x00, 0x00, 0x00,
  0x00, 0x00, 0x00, 0x00, 0x00, 0x00, 0x00, 0x00, 0x00, 0x00, 0x00, 0x00,
  0x00, 0x00, 0x00, 0x00, 0x00, 0x00, 0x00, 0x00, 0x00, 0x00, 0x00, 0x00,
  0x00, 0x00, 0x00, 0x00, 0x00, 0x00, 0x00, 0x00, 0x00, 0x00, 0x00, 0x00,
  0x00, 0x00, 0x00, 0x00, 0x00, 0x00, 0x00, 0x00, 0x00, 0x00, 0x00, 0x00,
  0x00, 0x00, 0x00, 0x00, 0x00, 0x00, 0x00, 0x00, 0x00, 0x00, 0x00, 0x00,
  0x00, 0x00, 0x00, 0x00, 0x00, 0x00, 0x00, 0x00, 0x00, 0x00, 0x00, 0x00,
  0x00, 0x00, 0x00, 0x00, 0x00, 0x00, 0x00, 0x00, 0x00, 0x00, 0x00, 0x00,
  0x00, 0x00, 0x00, 0x00, 0x00, 0x00, 0x00, 0x00, 0x00, 0x00, 0x00, 0x00,
  0x00, 0x00, 0x00, 0x00, 0x00, 0x00, 0x00, 0x00, 0x00, 0x00, 0x00, 0x00,
  0x00, 0x00, 0x00, 0x00, 0x00, 0x00, 0x00, 0x00, 0x00, 0x00, 0x00, 0x00,
  0x00, 0x00, 0x00, 0x00, 0x00, 0x00, 0x00, 0x00, 0x00, 0x00, 0x00, 0x00,
  0x00, 0x00, 0x00, 0x00, 0x00, 0x00, 0x00, 0x00, 0x00, 0x00, 0x00, 0x00,
  0x00, 0x00, 0x00, 0x00, 0x00, 0x00, 0x00, 0x00, 0x00, 0x00, 0x00, 0x00,
  0x00, 0x00, 0x00, 0x00, 0x00, 0x00, 0x00, 0x00, 0x00, 0x00, 0x00, 0x00,
  0x00, 0x00, 0x00, 0x00, 0x00, 0x00, 0x00, 0x00, 0x00, 0x00, 0x00, 0x00,
  0x00, 0x00, 0x00, 0x00, 0x00, 0x00, 0x00, 0x00, 0x00, 0x00, 0x00, 0x00,
  0x00, 0x00, 0x00, 0x00, 0x00, 0x00, 0x00, 0x00, 0x00, 0x00, 0x00, 0x00,
  0x00, 0x00, 0x00, 0x00, 0x00, 0x00, 0x00, 0x00, 0x00, 0x00, 0x00, 0x00,
  0x00, 0x00, 0x00, 0x00, 0x00, 0x00, 0x00, 0x00, 0x00, 0x00, 0x00, 0x00,
  0x00, 0x00, 0x00, 0x00, 0x00, 0x00, 0x00, 0x00, 0x00, 0x00, 0x00, 0x00,
  0x00, 0x00, 0x00, 0x00, 0x00, 0x00, 0x00, 0x00, 0x00, 0x00, 0x00, 0x00,
  0x00, 0x00, 0x00, 0x00, 0x00, 0x00, 0x00, 0x00, 0x00, 0x00, 0x00, 0x00,
  0x00, 0x00, 0x00, 0x00, 0x00, 0x00, 0x00, 0x00, 0x00, 0x00, 0x00, 0x00,
  0x00, 0x00, 0x00, 0x00, 0x0f, 0x00, 0x00, 0x00, 0x00, 0x00, 0x00, 0x00,
  0x0e, 0x03, 0x00, 0x00, 0x00, 0x00, 0x00, 0x00, 0x01, 0x00, 0x00, 0x00,
  0x00, 0x00, 0x00, 0x00, 0xea, 0x02, 0x00, 0x00, 0x00, 0x00, 0x00, 0x00,
  0x01, 0x00, 0x00, 0x00, 0x00, 0x00, 0x00, 0x00, 0xb5, 0x02, 0x00, 0x00,
  0x00, 0x00, 0x00, 0x00, 0x01, 0x00, 0x00, 0x00, 0x00, 0x00, 0x00, 0x00,
  0xc5, 0x02, 0x00, 0x00, 0x00, 0x00, 0x00, 0x00, 0x0c, 0x00, 0x00, 0x00,
  0x00, 0x00, 0x00, 0x00, 0x00, 0x10, 0x00, 0x00, 0x00, 0x00, 0x00, 0x00,
  0x0d, 0x00, 0x00, 0x00, 0x00, 0x00, 0x00, 0x00, 0xdc, 0x23, 0x00, 0x00,
  0x00, 0x00, 0x00, 0x00, 0x19, 0x00, 0x00, 0x00, 0x00, 0x00, 0x00, 0x00,
  0xa0, 0x4d, 0x00, 0x00, 0x00, 0x00, 0x00, 0x00, 0x1b, 0x00, 0x00, 0x00,
  0x00, 0x00, 0x00, 0x00, 0x08, 0x00, 0x00, 0x00, 0x00, 0x00, 0x00, 0x00,
  0x1a, 0x00, 0x00, 0x00, 0x00, 0x00, 0x00, 0x00, 0xa8, 0x4d, 0x00, 0x00,
  0x00, 0x00, 0x00, 0x00, 0x1c, 0x00, 0x00, 0x00, 0x00, 0x00, 0x00, 0x00,
  0x08, 0x00, 0x00, 0x00, 0x00, 0x00, 0x00, 0x00, 0xf5, 0xfe, 0xff, 0x6f,
  0x00, 0x00, 0x00, 0x00, 0x00, 0x67, 0x00, 0x00, 0x00, 0x00, 0x00, 0x00,
  0x05, 0x00, 0x00, 0x00, 0x00, 0x00, 0x00, 0x00, 0x00, 0x72, 0x00, 0x00,
  0x00, 0x00, 0x00, 0x00, 0x06, 0x00, 0x00, 0x00, 0x00, 0x00, 0x00, 0x00,
  0x10, 0x63, 0x00, 0x00, 0x00, 0x00, 0x00, 0x00, 0x0a, 0x00, 0x00, 0x00,
  0x00, 0x00, 0x00, 0x00, 0x27, 0x03, 0x00, 0x00, 0x00, 0x00, 0x00, 0x00,
  0x0b, 0x00, 0x00, 0x00, 0x00, 0x00, 0x00, 0x00, 0x18, 0x00, 0x00, 0x00,
  0x00, 0x00, 0x00, 0x00, 0x03, 0x00, 0x00, 0x00, 0x00, 0x00, 0x00, 0x00,
  0x00, 0x50, 0x00, 0x00, 0x00, 0x00, 0x00, 0x00, 0x02, 0x00, 0x00, 0x00,
  0x00, 0x00, 0x00, 0x00, 0xb8, 0x02, 0x00, 0x00, 0x00, 0x00, 0x00, 0x00,
  0x14, 0x00, 0x00, 0x00, 0x00, 0x00, 0x00, 0x00, 0x07, 0x00, 0x00, 0x00,
  0x00, 0x00, 0x00, 0x00, 0x17, 0x00, 0x00, 0x00, 0x00, 0x00, 0x00, 0x00,
  0xb8, 0x0c, 0x00, 0x00, 0x00, 0x00, 0x00, 0x00, 0x07, 0x00, 0x00, 0x00,
  0x00, 0x00, 0x00, 0x00, 0xe8, 0x09, 0x00, 0x00, 0x00, 0x00, 0x00, 0x00,
  0x08, 0x00, 0x00, 0x00, 0x00, 0x00, 0x00, 0x00, 0xd0, 0x02, 0x00, 0x00,
  0x00, 0x00, 0x00, 0x00, 0x09, 0x00, 0x00, 0x00, 0x00, 0x00, 0x00, 0x00,
  0x18, 0x00, 0x00, 0x00, 0x00, 0x00, 0x00, 0x00, 0xfe, 0xff, 0xff, 0x6f,
  0x00, 0x00, 0x00, 0x00, 0xc8, 0x09, 0x00, 0x00, 0x00, 0x00, 0x00, 0x00,
  0xff, 0xff, 0xff, 0x6f, 0x00, 0x00, 0x00, 0x00, 0x01, 0x00, 0x00, 0x00,
  0x00, 0x00, 0x00, 0x00, 0xf0, 0xff, 0xff, 0x6f, 0x00, 0x00, 0x00, 0x00,
  0x72, 0x09, 0x00, 0x00, 0x00, 0x00, 0x00, 0x00, 0xf9, 0xff, 0xff, 0x6f,
  0x00, 0x00, 0x00, 0x00, 0x13, 0x00, 0x00, 0x00, 0x00, 0x00, 0x00, 0x00,
  0x00, 0x00, 0x00, 0x00, 0x00, 0x00, 0x00, 0x00, 0x00, 0x00, 0x00, 0x00,
  0x00, 0x00, 0x00, 0x00, 0x00, 0x00, 0x00, 0x00, 0x00, 0x00, 0x00, 0x00,
  0x00, 0x00, 0x00, 0x00, 0x00, 0x00, 0x00, 0x00, 0x00, 0x00, 0x00, 0x00,
  0x00, 0x00, 0x00, 0x00, 0x00, 0x00, 0x00, 0x00, 0x00, 0x00, 0x00, 0x00,
  0x00, 0x00, 0x00, 0x00, 0x00, 0x00, 0x00, 0x00, 0x00, 0x00, 0x00, 0x00,
  0x00, 0x00, 0x00, 0x00, 0x00, 0x00, 0x00, 0x00, 0x00, 0x00, 0x00, 0x00,
  0x00, 0x00, 0x00, 0x00, 0x00, 0x00, 0x00, 0x00, 0x00, 0x00, 0x00, 0x00,
  0x00, 0x00, 0x00, 0x00, 0x00, 0x00, 0x00, 0x00, 0x00, 0x00, 0x00, 0x00,
  0x00, 0x5f, 0x5f, 0x67, 0x6d, 0x6f, 0x6e, 0x5f, 0x73, 0x74, 0x61, 0x72,
  0x74, 0x5f, 0x5f, 0x00, 0x5f, 0x69, 0x6e, 0x69, 0x74, 0x00, 0x5f, 0x66,
  0x69, 0x6e, 0x69, 0x00, 0x5f, 0x49, 0x54, 0x4d, 0x5f, 0x64, 0x65, 0x72,
  0x65, 0x67, 0x69, 0x73, 0x74, 0x65, 0x72, 0x54, 0x4d, 0x43, 0x6c, 0x6f,
  0x6e, 0x65, 0x54, 0x61, 0x62, 0x6c, 0x65, 0x00, 0x5f, 0x49, 0x54, 0x4d,
  0x5f, 0x72, 0x65, 0x67, 0x69, 0x73, 0x74, 0x65, 0x72, 0x54, 0x4d, 0x43,
  0x6c, 0x6f, 0x6e, 0x65, 0x54, 0x61, 0x62, 0x6c, 0x65, 0x00, 0x5f, 0x5f,
  0x63, 0x78, 0x61, 0x5f, 0x66, 0x69, 0x6e, 0x61, 0x6c, 0x69, 0x7a, 0x65,
  0x00, 0x50, 0x79, 0x45, 0x76, 0x61, 0x6c, 0x5f, 0x53, 0x61, 0x76, 0x65,
  0x54, 0x68, 0x72, 0x65, 0x61, 0x64, 0x00, 0x78, 0x65, 0x72, 0x62, 0x6c,
  0x61, 0x5f, 0x36, 0x34, 0x5f, 0x00, 0x50, 0x79, 0x45, 0x76, 0x61, 0x6c,
  0x5f, 0x52, 0x65, 0x73, 0x74, 0x6f, 0x72, 0x65, 0x54, 0x68, 0x72, 0x65,
  0x61, 0x64, 0x00, 0x50, 0x79, 0x45, 0x72, 0x72, 0x5f, 0x4f, 0x63, 0x63,
  0x75, 0x72, 0x72, 0x65, 0x64, 0x00, 0x5f, 0x50, 0x79, 0x5f, 0x4e, 0x6f,
  0x6e, 0x65, 0x53, 0x74, 0x72, 0x75, 0x63, 0x74, 0x00, 0x50, 0x79, 0x54,
  0x79, 0x70, 0x65, 0x5f, 0x49, 0x73, 0x53, 0x75, 0x62, 0x74, 0x79, 0x70,
  0x65, 0x00, 0x50, 0x79, 0x45, 0x72, 0x72, 0x5f, 0x46, 0x6f, 0x72, 0x6d,
  0x61, 0x74, 0x00, 0x5f, 0x50, 0x79, 0x41, 0x72, 0x67, 0x5f, 0x50, 0x61,
  0x72, 0x73, 0x65, 0x54, 0x75, 0x70, 0x6c, 0x65, 0x5f, 0x53, 0x69, 0x7a,
  0x65, 0x54, 0x00, 0x7a, 0x75, 0x6e, 0x67, 0x71, 0x72, 0x5f, 0x36, 0x34,
  0x5f, 0x00, 0x5f, 0x50, 0x79, 0x5f, 0x42, 0x75, 0x69, 0x6c, 0x64, 0x56,
  0x61, 0x6c, 0x75, 0x65, 0x5f, 0x53, 0x69, 0x7a, 0x65, 0x54, 0x00, 0x7a,
  0x67, 0x65, 0x71, 0x72, 0x66, 0x5f, 0x36, 0x34, 0x5f, 0x00, 0x7a, 0x67,
  0x65, 0x6c, 0x73, 0x64, 0x5f, 0x36, 0x34, 0x5f, 0x00, 0x64, 0x6f, 0x72,
  0x67, 0x71, 0x72, 0x5f, 0x36, 0x34, 0x5f, 0x00, 0x64, 0x67, 0x65, 0x71,
  0x72, 0x66, 0x5f, 0x36, 0x34, 0x5f, 0x00, 0x64, 0x67, 0x65, 0x6c, 0x73,
  0x64, 0x5f, 0x36, 0x34, 0x5f, 0x00, 0x50, 0x79, 0x49, 0x6e, 0x69, 0x74,
  0x5f, 0x6c, 0x61, 0x70, 0x61, 0x63, 0x6b, 0x5f, 0x6c, 0x69, 0x74, 0x65,
  0x00, 0x50, 0x79, 0x4d, 0x6f, 0x64, 0x75, 0x6c, 0x65, 0x5f, 0x43, 0x72,
  0x65, 0x61, 0x74, 0x65, 0x32, 0x00, 0x50, 0x79, 0x49, 0x6d, 0x70, 0x6f,
  0x72, 0x74, 0x5f, 0x49, 0x6d, 0x70, 0x6f, 0x72, 0x74, 0x4d, 0x6f, 0x64,
  0x75, 0x6c, 0x65, 0x00, 0x50, 0x79, 0x4f, 0x62, 0x6a, 0x65, 0x63, 0x74,
  0x5f, 0x47, 0x65, 0x74, 0x41, 0x74, 0x74, 0x72, 0x53, 0x74, 0x72, 0x69,
  0x6e, 0x67, 0x00, 0x50, 0x79, 0x43, 0x61, 0x70, 0x73, 0x75, 0x6c, 0x65,
  0x5f, 0x54, 0x79, 0x70, 0x65, 0x00, 0x50, 0x79, 0x43, 0x61, 0x70, 0x73,
  0x75, 0x6c, 0x65, 0x5f, 0x47, 0x65, 0x74, 0x50, 0x6f, 0x69, 0x6e, 0x74,
  0x65, 0x72, 0x00, 0x50, 0x79, 0x4d, 0x6f, 0x64, 0x75, 0x6c, 0x65, 0x5f,
  0x47, 0x65, 0x74, 0x44, 0x69, 0x63, 0x74, 0x00, 0x50, 0x79, 0x45, 0x72,
  0x72, 0x5f, 0x4e, 0x65, 0x77, 0x45, 0x78, 0x63, 0x65, 0x70, 0x74, 0x69,
  0x6f, 0x6e, 0x00, 0x50, 0x79, 0x44, 0x69, 0x63, 0x74, 0x5f, 0x53, 0x65,
  0x74, 0x49, 0x74, 0x65, 0x6d, 0x53, 0x74, 0x72, 0x69, 0x6e, 0x67, 0x00,
  0x5f, 0x50, 0x79, 0x5f, 0x54, 0x72, 0x75, 0x65, 0x53, 0x74, 0x72, 0x75,
  0x63, 0x74, 0x00, 0x5f, 0x50, 0x79, 0x5f, 0x44, 0x65, 0x61, 0x6c, 0x6c,
  0x6f, 0x63, 0x00, 0x50, 0x79, 0x45, 0x78, 0x63, 0x5f, 0x52, 0x75, 0x6e,
  0x74, 0x69, 0x6d, 0x65, 0x45, 0x72, 0x72, 0x6f, 0x72, 0x00, 0x50, 0x79,
  0x45, 0x72, 0x72, 0x5f, 0x50, 0x72, 0x69, 0x6e, 0x74, 0x00, 0x50, 0x79,
  0x45, 0x78, 0x63, 0x5f, 0x49, 0x6d, 0x70, 0x6f, 0x72, 0x74, 0x45, 0x72,
  0x72, 0x6f, 0x72, 0x00, 0x50, 0x79, 0x45, 0x72, 0x72, 0x5f, 0x53, 0x65,
  0x74, 0x53, 0x74, 0x72, 0x69, 0x6e, 0x67, 0x00, 0x50, 0x79, 0x45, 0x78,
  0x63, 0x5f, 0x41, 0x74, 0x74, 0x72, 0x69, 0x62, 0x75, 0x74, 0x65, 0x45,
  0x72, 0x72, 0x6f, 0x72, 0x00, 0x50, 0x79, 0x47, 0x49, 0x4c, 0x53, 0x74,
  0x61, 0x74, 0x65, 0x5f, 0x45, 0x6e, 0x73, 0x75, 0x72, 0x65, 0x00, 0x50,
  0x79, 0x4f, 0x53, 0x5f, 0x73, 0x6e, 0x70, 0x72, 0x69, 0x6e, 0x74, 0x66,
  0x00, 0x50, 0x79, 0x45, 0x78, 0x63, 0x5f, 0x56, 0x61, 0x6c, 0x75, 0x65,
  0x45, 0x72, 0x72, 0x6f, 0x72, 0x00, 0x50, 0x79, 0x47, 0x49, 0x4c, 0x53,
  0x74, 0x61, 0x74, 0x65, 0x5f, 0x52, 0x65, 0x6c, 0x65, 0x61, 0x73, 0x65,
  0x00, 0x6c, 0x69, 0x62, 0x6f, 0x70, 0x65, 0x6e, 0x62, 0x6c, 0x61, 0x73,
  0x36, 0x34, 0x5f, 0x2e, 0x73, 0x6f, 0x2e, 0x30, 0x00, 0x6c, 0x69, 0x62,
  0x70, 0x74, 0x68, 0x72, 0x65, 0x61, 0x64, 0x2e, 0x73, 0x6f, 0x2e, 0x30,
  0x00, 0x6c, 0x69, 0x62, 0x63, 0x2e, 0x73, 0x6f, 0x2e, 0x36, 0x00, 0x47,
  0x4c, 0x49, 0x42, 0x43, 0x5f, 0x32, 0x2e, 0x32, 0x2e, 0x35, 0x00, 0x2f,
  0x75, 0x73, 0x72, 0x2f, 0x6c, 0x6f, 0x63, 0x61, 0x6c, 0x2f, 0x6c, 0x69,
  0x62, 0x00, 0x6c, 0x69, 0x62, 0x6f, 0x70, 0x65, 0x6e, 0x62, 0x6c, 0x61,
  0x73, 0x36, 0x34, 0x5f, 0x70, 0x2d, 0x72, 0x30, 0x2d, 0x31, 0x35, 0x30,
  0x32, 0x38, 0x63, 0x39, 0x36, 0x2e, 0x33, 0x2e, 0x32, 0x31, 0x2e, 0x73,
  0x6f, 0x00, 0x24, 0x4f, 0x52, 0x49, 0x47, 0x49, 0x4e, 0x2f, 0x2e, 0x2e,
  0x2f, 0x2e, 0x2e, 0x2f, 0x6e, 0x75, 0x6d, 0x70, 0x79, 0x2e, 0x6c, 0x69,
  0x62, 0x73, 0x00, 0x00
};
unsigned int __lapack_lite_cpython_311_x86_64_linux_gnu_so_len = 29992;
