unsigned char __libshm_so[] = {
  0x7f, 0x45, 0x4c, 0x46, 0x02, 0x01, 0x01, 0x00, 0x00, 0x00, 0x00, 0x00,
  0x00, 0x00, 0x00, 0x00, 0x03, 0x00, 0x3e, 0x00, 0x01, 0x00, 0x00, 0x00,
  0x00, 0x00, 0x00, 0x00, 0x00, 0x00, 0x00, 0x00, 0x40, 0x00, 0x00, 0x00,
  0x00, 0x00, 0x00, 0x00, 0x20, 0x82, 0x00, 0x00, 0x00, 0x00, 0x00, 0x00,
  0x00, 0x00, 0x00, 0x00, 0x40, 0x00, 0x38, 0x00, 0x08, 0x00, 0x40, 0x00,
  0x21, 0x00, 0x20, 0x00, 0x06, 0x00, 0x00, 0x00, 0x04, 0x00, 0x00, 0x00,
  0x40, 0x00, 0x00, 0x00, 0x00, 0x00, 0x00, 0x00, 0x40, 0x00, 0x00, 0x00,
  0x00, 0x00, 0x00, 0x00, 0x40, 0x00, 0x00, 0x00, 0x00, 0x00, 0x00, 0x00,
  0xc0, 0x01, 0x00, 0x00, 0x00, 0x00, 0x00, 0x00, 0xc0, 0x01, 0x00, 0x00,
  0x00, 0x00, 0x00, 0x00, 0x08, 0x00, 0x00, 0x00, 0x00, 0x00, 0x00, 0x00,
  0x01, 0x00, 0x00, 0x00, 0x05, 0x00, 0x00, 0x00, 0x00, 0x00, 0x00, 0x00,
  0x00, 0x00, 0x00, 0x00, 0x00, 0x00, 0x00, 0x00, 0x00, 0x00, 0x00, 0x00,
  0x00, 0x00, 0x00, 0x00, 0x00, 0x00, 0x00, 0x00, 0x60, 0x59, 0x00, 0x00,
  0x00, 0x00, 0x00, 0x00, 0x60, 0x59, 0x00, 0x00, 0x00, 0x00, 0x00, 0x00,
  0x00, 0x10, 0x00, 0x00, 0x00, 0x00, 0x00, 0x00, 0x01, 0x00, 0x00, 0x00,
  0x06, 0x00, 0x00, 0x00, 0xd0, 0x5b, 0x00, 0x00, 0x00, 0x00, 0x00, 0x00,
  0xd0, 0x6b, 0x00, 0x00, 0x00, 0x00, 0x00, 0x00, 0xd0, 0x6b, 0x00, 0x00,
  0x00, 0x00, 0x00, 0x00, 0x58, 0x06, 0x00, 0x00, 0x00, 0x00, 0x00, 0x00,
  0xe9, 0x06, 0x00, 0x00, 0x00, 0x00, 0x00, 0x00, 0x00, 0x10, 0x00, 0x00,
  0x00, 0x00, 0x00, 0x00, 0x02, 0x00, 0x00, 0x00, 0x06, 0x00, 0x00, 0x00,
  0xd0, 0x5c, 0x00, 0x00, 0x00, 0x00, 0x00, 0x00, 0xd0, 0x6c, 0x00, 0x00,
  0x00, 0x00, 0x00, 0x00, 0xd0, 0x6c, 0x00, 0x00, 0x00, 0x00, 0x00, 0x00,
  0x80, 0x02, 0x00, 0x00, 0x00, 0x00, 0x00, 0x00, 0x80, 0x02, 0x00, 0x00,
  0x00, 0x00, 0x00, 0x00, 0x08, 0x00, 0x00, 0x00, 0x00, 0x00, 0x00, 0x00,
  0x04, 0x00, 0x00, 0x00, 0x04, 0x00, 0x00, 0x00, 0x00, 0x02, 0x00, 0x00,
  0x00, 0x00, 0x00, 0x00, 0x00, 0x02, 0x00, 0x00, 0x00, 0x00, 0x00, 0x00,
  0x00, 0x02, 0x00, 0x00, 0x00, 0x00, 0x00, 0x00, 0x24, 0x00, 0x00, 0x00,
  0x00, 0x00, 0x00, 0x00, 0x24, 0x00, 0x00, 0x00, 0x00, 0x00, 0x00, 0x00,
  0x04, 0x00, 0x00, 0x00, 0x00, 0x00, 0x00, 0x00, 0x50, 0xe5, 0x74, 0x64,
  0x04, 0x00, 0x00, 0x00, 0x5c, 0x58, 0x00, 0x00, 0x00, 0x00, 0x00, 0x00,
  0x5c, 0x58, 0x00, 0x00, 0x00, 0x00, 0x00, 0x00, 0x5c, 0x58, 0x00, 0x00,
  0x00, 0x00, 0x00, 0x00, 0x04, 0x01, 0x00, 0x00, 0x00, 0x00, 0x00, 0x00,
  0x04, 0x01, 0x00, 0x00, 0x00, 0x00, 0x00, 0x00, 0x04, 0x00, 0x00, 0x00,
  0x00, 0x00, 0x00, 0x00, 0x51, 0xe5, 0x74, 0x64, 0x06, 0x00, 0x00, 0x00,
  0x00, 0x00, 0x00, 0x00, 0x00, 0x00, 0x00, 0x00, 0x00, 0x00, 0x00, 0x00,
  0x00, 0x00, 0x00, 0x00, 0x00, 0x00, 0x00, 0x00, 0x00, 0x00, 0x00, 0x00,
  0x00, 0x00, 0x00, 0x00, 0x00, 0x00, 0x00, 0x00, 0x00, 0x00, 0x00, 0x00,
  0x00, 0x00, 0x00, 0x00, 0x10, 0x00, 0x00, 0x00, 0x00, 0x00, 0x00, 0x00,
  0x52, 0xe5, 0x74, 0x64, 0x06, 0x00, 0x00, 0x00, 0xd0, 0x5b, 0x00, 0x00,
  0x00, 0x00, 0x00, 0x00, 0xd0, 0x6b, 0x00, 0x00, 0x00, 0x00, 0x00, 0x00,
  0xd0, 0x6b, 0x00, 0x00, 0x00, 0x00, 0x00, 0x00, 0x30, 0x04, 0x00, 0x00,
  0x00, 0x00, 0x00, 0x00, 0x30, 0x04, 0x00, 0x00, 0x00, 0x00, 0x00, 0x00,
  0x08, 0x00, 0x00, 0x00, 0x00, 0x00, 0x00, 0x00, 0x04, 0x00, 0x00, 0x00,
  0x14, 0x00, 0x00, 0x00, 0x03, 0x00, 0x00, 0x00, 0x47, 0x4e, 0x55, 0x00,
  0xcb, 0x7a, 0x06, 0x31, 0x8d, 0xac, 0x96, 0x60, 0x8b, 0x27, 0x19, 0x05,
  0x15, 0x75, 0xc7, 0xee, 0x41, 0xd9, 0x76, 0x85, 0x00, 0x00, 0x00, 0x00,
  0x00, 0x00, 0x00, 0x00, 0x00, 0x00, 0x00, 0x00, 0x00, 0x00, 0x00, 0x00,
  0x00, 0x00, 0x00, 0x00, 0x00, 0x00, 0x00, 0x00, 0x00, 0x00, 0x00, 0x00,
  0x01, 0x00, 0x00, 0x00, 0x20, 0x00, 0x00, 0x00, 0x00, 0x00, 0x00, 0x00,
  0x00, 0x00, 0x00, 0x00, 0x00, 0x00, 0x00, 0x00, 0x00, 0x00, 0x00, 0x00,
  0x1c, 0x00, 0x00, 0x00, 0x20, 0x00, 0x00, 0x00, 0x00, 0x00, 0x00, 0x00,
  0x00, 0x00, 0x00, 0x00, 0x00, 0x00, 0x00, 0x00, 0x00, 0x00, 0x00, 0x00,
  0x38, 0x00, 0x00, 0x00, 0x22, 0x00, 0x00, 0x00, 0x00, 0x00, 0x00, 0x00,
  0x00, 0x00, 0x00, 0x00, 0x00, 0x00, 0x00, 0x00, 0x00, 0x00, 0x00, 0x00,
  0x73, 0x00, 0x00, 0x00, 0x20, 0x00, 0x00, 0x00, 0x00, 0x00, 0x00, 0x00,
  0x00, 0x00, 0x00, 0x00, 0x00, 0x00, 0x00, 0x00, 0x00, 0x00, 0x00, 0x00,
  0x8d, 0x00, 0x00, 0x00, 0x22, 0x00, 0x00, 0x00, 0x00, 0x00, 0x00, 0x00,
  0x00, 0x00, 0x00, 0x00, 0x00, 0x00, 0x00, 0x00, 0x00, 0x00, 0x00, 0x00,
  0xb2, 0x00, 0x00, 0x00, 0x12, 0x00, 0x00, 0x00, 0x00, 0x00, 0x00, 0x00,
  0x00, 0x00, 0x00, 0x00, 0x00, 0x00, 0x00, 0x00, 0x00, 0x00, 0x00, 0x00,
  0xb8, 0x00, 0x00, 0x00, 0x12, 0x00, 0x00, 0x00, 0x00, 0x00, 0x00, 0x00,
  0x00, 0x00, 0x00, 0x00, 0x00, 0x00, 0x00, 0x00, 0x00, 0x00, 0x00, 0x00,
  0xe7, 0x00, 0x00, 0x00, 0x12, 0x00, 0x00, 0x00, 0x00, 0x00, 0x00, 0x00,
  0x00, 0x00, 0x00, 0x00, 0x00, 0x00, 0x00, 0x00, 0x00, 0x00, 0x00, 0x00,
  0xef, 0x00, 0x00, 0x00, 0x12, 0x00, 0x00, 0x00, 0x00, 0x00, 0x00, 0x00,
  0x00, 0x00, 0x00, 0x00, 0x00, 0x00, 0x00, 0x00, 0x00, 0x00, 0x00, 0x00,
  0xfc, 0x00, 0x00, 0x00, 0x12, 0x00, 0x00, 0x00, 0x00, 0x00, 0x00, 0x00,
  0x00, 0x00, 0x00, 0x00, 0x00, 0x00, 0x00, 0x00, 0x00, 0x00, 0x00, 0x00,
  0x27, 0x01, 0x00, 0x00, 0x11, 0x00, 0x00, 0x00, 0x00, 0x00, 0x00, 0x00,
  0x00, 0x00, 0x00, 0x00, 0x00, 0x00, 0x00, 0x00, 0x00, 0x00, 0x00, 0x00,
  0x49, 0x01, 0x00, 0x00, 0x12, 0x00, 0x00, 0x00, 0x00, 0x00, 0x00, 0x00,
  0x00, 0x00, 0x00, 0x00, 0x00, 0x00, 0x00, 0x00, 0x00, 0x00, 0x00, 0x00,
  0x50, 0x01, 0x00, 0x00, 0x12, 0x00, 0x00, 0x00, 0x00, 0x00, 0x00, 0x00,
  0x00, 0x00, 0x00, 0x00, 0x00, 0x00, 0x00, 0x00, 0x00, 0x00, 0x00, 0x00,
  0x57, 0x01, 0x00, 0x00, 0x12, 0x00, 0x00, 0x00, 0x00, 0x00, 0x00, 0x00,
  0x00, 0x00, 0x00, 0x00, 0x00, 0x00, 0x00, 0x00, 0x00, 0x00, 0x00, 0x00,
  0x73, 0x01, 0x00, 0x00, 0x11, 0x00, 0x00, 0x00, 0x00, 0x00, 0x00, 0x00,
  0x00, 0x00, 0x00, 0x00, 0x00, 0x00, 0x00, 0x00, 0x00, 0x00, 0x00, 0x00,
  0x97, 0x01, 0x00, 0x00, 0x12, 0x00, 0x00, 0x00, 0x00, 0x00, 0x00, 0x00,
  0x00, 0x00, 0x00, 0x00, 0x00, 0x00, 0x00, 0x00, 0x00, 0x00, 0x00, 0x00,
  0xd2, 0x01, 0x00, 0x00, 0x12, 0x00, 0x00, 0x00, 0x00, 0x00, 0x00, 0x00,
  0x00, 0x00, 0x00, 0x00, 0x00, 0x00, 0x00, 0x00, 0x00, 0x00, 0x00, 0x00,
  0xd9, 0x01, 0x00, 0x00, 0x12, 0x00, 0x00, 0x00, 0x00, 0x00, 0x00, 0x00,
  0x00, 0x00, 0x00, 0x00, 0x00, 0x00, 0x00, 0x00, 0x00, 0x00, 0x00, 0x00,
  0xe0, 0x01, 0x00, 0x00, 0x12, 0x00, 0x00, 0x00, 0x00, 0x00, 0x00, 0x00,
  0x00, 0x00, 0x00, 0x00, 0x00, 0x00, 0x00, 0x00, 0x00, 0x00, 0x00, 0x00,
  0xf9, 0x01, 0x00, 0x00, 0x12, 0x00, 0x00, 0x00, 0x00, 0x00, 0x00, 0x00,
  0x00, 0x00, 0x00, 0x00, 0x00, 0x00, 0x00, 0x00, 0x00, 0x00, 0x00, 0x00,
  0x14, 0x02, 0x00, 0x00, 0x12, 0x00, 0x00, 0x00, 0x00, 0x00, 0x00, 0x00,
  0x00, 0x00, 0x00, 0x00, 0x00, 0x00, 0x00, 0x00, 0x00, 0x00, 0x00, 0x00,
  0x2d, 0x02, 0x00, 0x00, 0x11, 0x00, 0x00, 0x00, 0x00, 0x00, 0x00, 0x00,
  0x00, 0x00, 0x00, 0x00, 0x00, 0x00, 0x00, 0x00, 0x00, 0x00, 0x00, 0x00,
  0x43, 0x02, 0x00, 0x00, 0x12, 0x00, 0x00, 0x00, 0x00, 0x00, 0x00, 0x00,
  0x00, 0x00, 0x00, 0x00, 0x00, 0x00, 0x00, 0x00, 0x00, 0x00, 0x00, 0x00,
  0x48, 0x02, 0x00, 0x00, 0x12, 0x00, 0x00, 0x00, 0x00, 0x00, 0x00, 0x00,
  0x00, 0x00, 0x00, 0x00, 0x00, 0x00, 0x00, 0x00, 0x00, 0x00, 0x00, 0x00,
  0x54, 0x02, 0x00, 0x00, 0x12, 0x00, 0x00, 0x00, 0x00, 0x00, 0x00, 0x00,
  0x00, 0x00, 0x00, 0x00, 0x00, 0x00, 0x00, 0x00, 0x00, 0x00, 0x00, 0x00,
  0x7c, 0x02, 0x00, 0x00, 0x12, 0x00, 0x00, 0x00, 0x00, 0x00, 0x00, 0x00,
  0x00, 0x00, 0x00, 0x00, 0x00, 0x00, 0x00, 0x00, 0x00, 0x00, 0x00, 0x00,
  0xa7, 0x02, 0x00, 0x00, 0x12, 0x00, 0x00, 0x00, 0x00, 0x00, 0x00, 0x00,
  0x00, 0x00, 0x00, 0x00, 0x00, 0x00, 0x00, 0x00, 0x00, 0x00, 0x00, 0x00,
  0xdd, 0x03, 0x00, 0x00, 0x12, 0x00, 0x00, 0x00, 0x00, 0x00, 0x00, 0x00,
  0x00, 0x00, 0x00, 0x00, 0x00, 0x00, 0x00, 0x00, 0x00, 0x00, 0x00, 0x00,
  0xe3, 0x03, 0x00, 0x00, 0x12, 0x00, 0x00, 0x00, 0x00, 0x00, 0x00, 0x00,
  0x00, 0x00, 0x00, 0x00, 0x00, 0x00, 0x00, 0x00, 0x00, 0x00, 0x00, 0x00,
  0xfc, 0x03, 0x00, 0x00, 0x12, 0x00, 0x00, 0x00, 0x00, 0x00, 0x00, 0x00,
  0x00, 0x00, 0x00, 0x00, 0x00, 0x00, 0x00, 0x00, 0x00, 0x00, 0x00, 0x00,
  0x0e, 0x04, 0x00, 0x00, 0x12, 0x00, 0x00, 0x00, 0x00, 0x00, 0x00, 0x00,
  0x00, 0x00, 0x00, 0x00, 0x00, 0x00, 0x00, 0x00, 0x00, 0x00, 0x00, 0x00,
  0x1c, 0x04, 0x00, 0x00, 0x12, 0x00, 0x00, 0x00, 0x00, 0x00, 0x00, 0x00,
  0x00, 0x00, 0x00, 0x00, 0x00, 0x00, 0x00, 0x00, 0x00, 0x00, 0x00, 0x00,
  0x2c, 0x04, 0x00, 0x00, 0x12, 0x00, 0x00, 0x00, 0x00, 0x00, 0x00, 0x00,
  0x00, 0x00, 0x00, 0x00, 0x00, 0x00, 0x00, 0x00, 0x00, 0x00, 0x00, 0x00,
  0x48, 0x05, 0x00, 0x00, 0x12, 0x00, 0x00, 0x00, 0x00, 0x00, 0x00, 0x00,
  0x00, 0x00, 0x00, 0x00, 0x00, 0x00, 0x00, 0x00, 0x00, 0x00, 0x00, 0x00,
  0xa4, 0x05, 0x00, 0x00, 0x12, 0x00, 0x00, 0x00, 0x00, 0x00, 0x00, 0x00,
  0x00, 0x00, 0x00, 0x00, 0x00, 0x00, 0x00, 0x00, 0x00, 0x00, 0x00, 0x00,
  0xa9, 0x05, 0x00, 0x00, 0x12, 0x00, 0x00, 0x00, 0x00, 0x00, 0x00, 0x00,
  0x00, 0x00, 0x00, 0x00, 0x00, 0x00, 0x00, 0x00, 0x00, 0x00, 0x00, 0x00,
  0xae, 0x05, 0x00, 0x00, 0x12, 0x00, 0x00, 0x00, 0x00, 0x00, 0x00, 0x00,
  0x00, 0x00, 0x00, 0x00, 0x00, 0x00, 0x00, 0x00, 0x00, 0x00, 0x00, 0x00,
  0xb6, 0x05, 0x00, 0x00, 0x12, 0x00, 0x00, 0x00, 0x00, 0x00, 0x00, 0x00,
  0x00, 0x00, 0x00, 0x00, 0x00, 0x00, 0x00, 0x00, 0x00, 0x00, 0x00, 0x00,
  0xc7, 0x05, 0x00, 0x00, 0x12, 0x00, 0x00, 0x00, 0x00, 0x00, 0x00, 0x00,
  0x00, 0x00, 0x00, 0x00, 0x00, 0x00, 0x00, 0x00, 0x00, 0x00, 0x00, 0x00,
  0xce, 0x05, 0x00, 0x00, 0x12, 0x00, 0x00, 0x00, 0x00, 0x00, 0x00, 0x00,
  0x00, 0x00, 0x00, 0x00, 0x00, 0x00, 0x00, 0x00, 0x00, 0x00, 0x00, 0x00,
  0xd3, 0x05, 0x00, 0x00, 0x12, 0x00, 0x00, 0x00, 0x00, 0x00, 0x00, 0x00,
  0x00, 0x00, 0x00, 0x00, 0x00, 0x00, 0x00, 0x00, 0x00, 0x00, 0x00, 0x00,
  0xda, 0x05, 0x00, 0x00, 0x12, 0x00, 0x00, 0x00, 0x00, 0x00, 0x00, 0x00,
  0x00, 0x00, 0x00, 0x00, 0x00, 0x00, 0x00, 0x00, 0x00, 0x00, 0x00, 0x00,
  0xe0, 0x05, 0x00, 0x00, 0x12, 0x00, 0x00, 0x00, 0x00, 0x00, 0x00, 0x00,
  0x00, 0x00, 0x00, 0x00, 0x00, 0x00, 0x00, 0x00, 0x00, 0x00, 0x00, 0x00,
  0xe9, 0x05, 0x00, 0x00, 0x12, 0x00, 0x00, 0x00, 0x00, 0x00, 0x00, 0x00,
  0x00, 0x00, 0x00, 0x00, 0x00, 0x00, 0x00, 0x00, 0x00, 0x00, 0x00, 0x00,
  0xfb, 0x05, 0x00, 0x00, 0x12, 0x00, 0x00, 0x00, 0x00, 0x00, 0x00, 0x00,
  0x00, 0x00, 0x00, 0x00, 0x00, 0x00, 0x00, 0x00, 0x00, 0x00, 0x00, 0x00,
  0x0b, 0x06, 0x00, 0x00, 0x12, 0x00, 0x00, 0x00, 0x00, 0x00, 0x00, 0x00,
  0x00, 0x00, 0x00, 0x00, 0x00, 0x00, 0x00, 0x00, 0x00, 0x00, 0x00, 0x00,
  0x10, 0x06, 0x00, 0x00, 0x12, 0x00, 0x00, 0x00, 0x00, 0x00, 0x00, 0x00,
  0x00, 0x00, 0x00, 0x00, 0x00, 0x00, 0x00, 0x00, 0x00, 0x00, 0x00, 0x00,
  0x16, 0x06, 0x00, 0x00, 0x12, 0x00, 0x00, 0x00, 0x00, 0x00, 0x00, 0x00,
  0x00, 0x00, 0x00, 0x00, 0x00, 0x00, 0x00, 0x00, 0x00, 0x00, 0x00, 0x00,
  0x1b, 0x06, 0x00, 0x00, 0x12, 0x00, 0x00, 0x00, 0x00, 0x00, 0x00, 0x00,
  0x00, 0x00, 0x00, 0x00, 0x00, 0x00, 0x00, 0x00, 0x00, 0x00, 0x00, 0x00,
  0x31, 0x06, 0x00, 0x00, 0x12, 0x00, 0x00, 0x00, 0x00, 0x00, 0x00, 0x00,
  0x00, 0x00, 0x00, 0x00, 0x00, 0x00, 0x00, 0x00, 0x00, 0x00, 0x00, 0x00,
  0x45, 0x06, 0x00, 0x00, 0x12, 0x00, 0x00, 0x00, 0x00, 0x00, 0x00, 0x00,
  0x00, 0x00, 0x00, 0x00, 0x00, 0x00, 0x00, 0x00, 0x00, 0x00, 0x00, 0x00,
  0x6b, 0x06, 0x00, 0x00, 0x12, 0x00, 0x00, 0x00, 0x00, 0x00, 0x00, 0x00,
  0x00, 0x00, 0x00, 0x00, 0x00, 0x00, 0x00, 0x00, 0x00, 0x00, 0x00, 0x00,
  0x98, 0x06, 0x00, 0x00, 0x12, 0x00, 0x00, 0x00, 0x00, 0x00, 0x00, 0x00,
  0x00, 0x00, 0x00, 0x00, 0x00, 0x00, 0x00, 0x00, 0x00, 0x00, 0x00, 0x00,
  0xaa, 0x06, 0x00, 0x00, 0x12, 0x00, 0x00, 0x00, 0x00, 0x00, 0x00, 0x00,
  0x00, 0x00, 0x00, 0x00, 0x00, 0x00, 0x00, 0x00, 0x00, 0x00, 0x00, 0x00,
  0xb6, 0x06, 0x00, 0x00, 0x12, 0x00, 0x00, 0x00, 0x00, 0x00, 0x00, 0x00,
  0x00, 0x00, 0x00, 0x00, 0x00, 0x00, 0x00, 0x00, 0x00, 0x00, 0x00, 0x00,
  0xc7, 0x06, 0x00, 0x00, 0x12, 0x00, 0x00, 0x00, 0x00, 0x00, 0x00, 0x00,
  0x00, 0x00, 0x00, 0x00, 0x00, 0x00, 0x00, 0x00, 0x00, 0x00, 0x00, 0x00,
  0xe4, 0x06, 0x00, 0x00, 0x12, 0x00, 0x00, 0x00, 0x00, 0x00, 0x00, 0x00,
  0x00, 0x00, 0x00, 0x00, 0x00, 0x00, 0x00, 0x00, 0x00, 0x00, 0x00, 0x00,
  0xfc, 0x06, 0x00, 0x00, 0x11, 0x00, 0x00, 0x00, 0x00, 0x00, 0x00, 0x00,
  0x00, 0x00, 0x00, 0x00, 0x00, 0x00, 0x00, 0x00, 0x00, 0x00, 0x00, 0x00,
  0x11, 0x07, 0x00, 0x00, 0x12, 0x00, 0x00, 0x00, 0x00, 0x00, 0x00, 0x00,
  0x00, 0x00, 0x00, 0x00, 0x00, 0x00, 0x00, 0x00, 0x00, 0x00, 0x00, 0x00,
  0x6d, 0x08, 0x00, 0x00, 0x12, 0x00, 0x00, 0x00, 0x00, 0x00, 0x00, 0x00,
  0x00, 0x00, 0x00, 0x00, 0x00, 0x00, 0x00, 0x00, 0x00, 0x00, 0x00, 0x00,
  0xbd, 0x08, 0x00, 0x00, 0x12, 0x00, 0x00, 0x00, 0x00, 0x00, 0x00, 0x00,
  0x00, 0x00, 0x00, 0x00, 0x00, 0x00, 0x00, 0x00, 0x00, 0x00, 0x00, 0x00,
  0xcf, 0x08, 0x00, 0x00, 0x12, 0x00, 0x00, 0x00, 0x00, 0x00, 0x00, 0x00,
  0x00, 0x00, 0x00, 0x00, 0x00, 0x00, 0x00, 0x00, 0x00, 0x00, 0x00, 0x00,
  0x47, 0x09, 0x00, 0x00, 0x12, 0x00, 0x00, 0x00, 0x00, 0x00, 0x00, 0x00,
  0x00, 0x00, 0x00, 0x00, 0x00, 0x00, 0x00, 0x00, 0x00, 0x00, 0x00, 0x00,
  0xe1, 0x09, 0x00, 0x00, 0x12, 0x00, 0x00, 0x00, 0x00, 0x00, 0x00, 0x00,
  0x00, 0x00, 0x00, 0x00, 0x00, 0x00, 0x00, 0x00, 0x00, 0x00, 0x00, 0x00,
  0x2b, 0x0a, 0x00, 0x00, 0x12, 0x00, 0x00, 0x00, 0x00, 0x00, 0x00, 0x00,
  0x00, 0x00, 0x00, 0x00, 0x00, 0x00, 0x00, 0x00, 0x00, 0x00, 0x00, 0x00,
  0x52, 0x0a, 0x00, 0x00, 0x11, 0x00, 0x00, 0x00, 0x00, 0x00, 0x00, 0x00,
  0x00, 0x00, 0x00, 0x00, 0x00, 0x00, 0x00, 0x00, 0x00, 0x00, 0x00, 0x00,
  0x74, 0x0a, 0x00, 0x00, 0x12, 0x00, 0x00, 0x00, 0x00, 0x00, 0x00, 0x00,
  0x00, 0x00, 0x00, 0x00, 0x00, 0x00, 0x00, 0x00, 0x00, 0x00, 0x00, 0x00,
  0x8d, 0x0a, 0x00, 0x00, 0x12, 0x00, 0x00, 0x00, 0x00, 0x00, 0x00, 0x00,
  0x00, 0x00, 0x00, 0x00, 0x00, 0x00, 0x00, 0x00, 0x00, 0x00, 0x00, 0x00,
  0xa5, 0x0a, 0x00, 0x00, 0x12, 0x00, 0x00, 0x00, 0x00, 0x00, 0x00, 0x00,
  0x00, 0x00, 0x00, 0x00, 0x00, 0x00, 0x00, 0x00, 0x00, 0x00, 0x00, 0x00,
  0xbd, 0x0a, 0x00, 0x00, 0x12, 0x00, 0x00, 0x00, 0x00, 0x00, 0x00, 0x00,
  0x00, 0x00, 0x00, 0x00, 0x00, 0x00, 0x00, 0x00, 0x00, 0x00, 0x00, 0x00,
  0x07, 0x0b, 0x00, 0x00, 0x11, 0x00, 0x00, 0x00, 0x00, 0x00, 0x00, 0x00,
  0x00, 0x00, 0x00, 0x00, 0x00, 0x00, 0x00, 0x00, 0x00, 0x00, 0x00, 0x00,
  0x65, 0x0b, 0x00, 0x00, 0x11, 0x00, 0x00, 0x00, 0x00, 0x00, 0x00, 0x00,
  0x00, 0x00, 0x00, 0x00, 0x00, 0x00, 0x00, 0x00, 0x00, 0x00, 0x00, 0x00,
  0x8f, 0x0b, 0x00, 0x00, 0x11, 0x00, 0x00, 0x00, 0x00, 0x00, 0x00, 0x00,
  0x00, 0x00, 0x00, 0x00, 0x00, 0x00, 0x00, 0x00, 0x00, 0x00, 0x00, 0x00,
  0xef, 0x0b, 0x00, 0x00, 0x11, 0x00, 0x00, 0x00, 0x00, 0x00, 0x00, 0x00,
  0x00, 0x00, 0x00, 0x00, 0x00, 0x00, 0x00, 0x00, 0x00, 0x00, 0x00, 0x00,
  0x18, 0x0c, 0x00, 0x00, 0x11, 0x00, 0x00, 0x00, 0x00, 0x00, 0x00, 0x00,
  0x00, 0x00, 0x00, 0x00, 0x00, 0x00, 0x00, 0x00, 0x00, 0x00, 0x00, 0x00,
  0x58, 0x06, 0x00, 0x00, 0x21, 0x00, 0x15, 0x00, 0x80, 0x6c, 0x00, 0x00,
  0x00, 0x00, 0x00, 0x00, 0x20, 0x00, 0x00, 0x00, 0x00, 0x00, 0x00, 0x00,
  0x16, 0x00, 0x00, 0x00, 0x12, 0x00, 0x0d, 0x00, 0x60, 0x4c, 0x00, 0x00,
  0x00, 0x00, 0x00, 0x00, 0x00, 0x00, 0x00, 0x00, 0x00, 0x00, 0x00, 0x00,
  0x10, 0x00, 0x00, 0x00, 0x12, 0x00, 0x0a, 0x00, 0x28, 0x26, 0x00, 0x00,
  0x00, 0x00, 0x00, 0x00, 0x00, 0x00, 0x00, 0x00, 0x00, 0x00, 0x00, 0x00,
  0x49, 0x0b, 0x00, 0x00, 0x21, 0x00, 0x15, 0x00, 0x00, 0x6c, 0x00, 0x00,
  0x00, 0x00, 0x00, 0x00, 0x38, 0x00, 0x00, 0x00, 0x00, 0x00, 0x00, 0x00,
  0x35, 0x0c, 0x00, 0x00, 0x10, 0x00, 0x12, 0x00, 0x28, 0x72, 0x00, 0x00,
  0x00, 0x00, 0x00, 0x00, 0x00, 0x00, 0x00, 0x00, 0x00, 0x00, 0x00, 0x00,
  0x95, 0x08, 0x00, 0x00, 0x12, 0x00, 0x0c, 0x00, 0xf0, 0x3f, 0x00, 0x00,
  0x00, 0x00, 0x00, 0x00, 0xea, 0x01, 0x00, 0x00, 0x00, 0x00, 0x00, 0x00,
  0x30, 0x0c, 0x00, 0x00, 0x10, 0x00, 0x12, 0x00, 0xb9, 0x72, 0x00, 0x00,
  0x00, 0x00, 0x00, 0x00, 0x00, 0x00, 0x00, 0x00, 0x00, 0x00, 0x00, 0x00,
  0x2d, 0x07, 0x00, 0x00, 0x22, 0x00, 0x0c, 0x00, 0x80, 0x49, 0x00, 0x00,
  0x00, 0x00, 0x00, 0x00, 0xb0, 0x01, 0x00, 0x00, 0x00, 0x00, 0x00, 0x00,
  0x8a, 0x09, 0x00, 0x00, 0x12, 0x00, 0x0c, 0x00, 0xe0, 0x41, 0x00, 0x00,
  0x00, 0x00, 0x00, 0x00, 0x51, 0x00, 0x00, 0x00, 0x00, 0x00, 0x00, 0x00,
  0xe7, 0x0a, 0x00, 0x00, 0x21, 0x00, 0x15, 0x00, 0xf0, 0x6b, 0x00, 0x00,
  0x00, 0x00, 0x00, 0x00, 0x10, 0x00, 0x00, 0x00, 0x00, 0x00, 0x00, 0x00,
  0xbc, 0x01, 0x00, 0x00, 0x12, 0x00, 0x0c, 0x00, 0x10, 0x35, 0x00, 0x00,
  0x00, 0x00, 0x00, 0x00, 0xe6, 0x00, 0x00, 0x00, 0x00, 0x00, 0x00, 0x00,
  0x29, 0x0c, 0x00, 0x00, 0x10, 0x00, 0x12, 0x00, 0x28, 0x72, 0x00, 0x00,
  0x00, 0x00, 0x00, 0x00, 0x00, 0x00, 0x00, 0x00, 0x00, 0x00, 0x00, 0x00,
  0x69, 0x02, 0x00, 0x00, 0x12, 0x00, 0x0c, 0x00, 0x00, 0x36, 0x00, 0x00,
  0x00, 0x00, 0x00, 0x00, 0x7b, 0x00, 0x00, 0x00, 0x00, 0x00, 0x00, 0x00,
  0x8f, 0x06, 0x00, 0x00, 0x11, 0x00, 0x1b, 0x00, 0x80, 0x72, 0x00, 0x00,
  0x00, 0x00, 0x00, 0x00, 0x38, 0x00, 0x00, 0x00, 0x00, 0x00, 0x00, 0x00,
  0xb0, 0x09, 0x00, 0x00, 0x12, 0x00, 0x0c, 0x00, 0x40, 0x42, 0x00, 0x00,
  0x00, 0x00, 0x00, 0x00, 0x80, 0x00, 0x00, 0x00, 0x00, 0x00, 0x00, 0x00,
  0xb1, 0x0b, 0x00, 0x00, 0x21, 0x00, 0x0f, 0x00, 0x18, 0x51, 0x00, 0x00,
  0x00, 0x00, 0x00, 0x00, 0x08, 0x00, 0x00, 0x00, 0x00, 0x00, 0x00, 0x00,
  0xc9, 0x0b, 0x00, 0x00, 0x21, 0x00, 0x0f, 0x00, 0x20, 0x51, 0x00, 0x00,
  0x00, 0x00, 0x00, 0x00, 0x0f, 0x00, 0x00, 0x00, 0x00, 0x00, 0x00, 0x00,
  0xa6, 0x00, 0x00, 0x00, 0x21, 0x00, 0x15, 0x00, 0x60, 0x6c, 0x00, 0x00,
  0x00, 0x00, 0x00, 0x00, 0x20, 0x00, 0x00, 0x00, 0x00, 0x00, 0x00, 0x00,
  0x8f, 0x02, 0x00, 0x00, 0x11, 0x00, 0x1b, 0x00, 0x60, 0x72, 0x00, 0x00,
  0x00, 0x00, 0x00, 0x00, 0x08, 0x00, 0x00, 0x00, 0x00, 0x00, 0x00, 0x00,
  0xef, 0x02, 0x00, 0x00, 0x22, 0x00, 0x0c, 0x00, 0x10, 0x47, 0x00, 0x00,
  0x00, 0x00, 0x00, 0x00, 0x26, 0x01, 0x00, 0x00, 0x00, 0x00, 0x00, 0x00,
  0x6e, 0x09, 0x00, 0x00, 0x21, 0x00, 0x15, 0x00, 0xa0, 0x6c, 0x00, 0x00,
  0x00, 0x00, 0x00, 0x00, 0x30, 0x00, 0x00, 0x00, 0x00, 0x00, 0x00, 0x00,
  0xdc, 0x0b, 0x00, 0x00, 0x21, 0x00, 0x15, 0x00, 0x48, 0x6c, 0x00, 0x00,
  0x00, 0x00, 0x00, 0x00, 0x18, 0x00, 0x00, 0x00, 0x00, 0x00, 0x00, 0x00,
  0x7a, 0x08, 0x00, 0x00, 0x12, 0x00, 0x0c, 0x00, 0xa0, 0x3d, 0x00, 0x00,
  0x00, 0x00, 0x00, 0x00, 0x4a, 0x02, 0x00, 0x00, 0x00, 0x00, 0x00, 0x00,
  0x21, 0x09, 0x00, 0x00, 0x12, 0x00, 0x0c, 0x00, 0xe0, 0x41, 0x00, 0x00,
  0x00, 0x00, 0x00, 0x00, 0x51, 0x00, 0x00, 0x00, 0x00, 0x00, 0x00, 0x00,
  0x2d, 0x0b, 0x00, 0x00, 0x21, 0x00, 0x0f, 0x00, 0x00, 0x51, 0x00, 0x00,
  0x00, 0x00, 0x00, 0x00, 0x18, 0x00, 0x00, 0x00, 0x00, 0x00, 0x00, 0x00,
  0xb6, 0x02, 0x00, 0x00, 0x12, 0x00, 0x0c, 0x00, 0x80, 0x36, 0x00, 0x00,
  0x00, 0x00, 0x00, 0x00, 0x14, 0x00, 0x00, 0x00, 0x00, 0x00, 0x00, 0x00,
  0x33, 0x04, 0x00, 0x00, 0x22, 0x00, 0x0c, 0x00, 0x40, 0x48, 0x00, 0x00,
  0x00, 0x00, 0x00, 0x00, 0x40, 0x01, 0x00, 0x00, 0x00, 0x00, 0x00, 0x00,
  0xc7, 0x0a, 0x00, 0x00, 0x21, 0x00, 0x0f, 0x00, 0xe0, 0x50, 0x00, 0x00,
  0x00, 0x00, 0x00, 0x00, 0x1c, 0x00, 0x00, 0x00, 0x00, 0x00, 0x00, 0x00,
  0xf9, 0x08, 0x00, 0x00, 0x12, 0x00, 0x0c, 0x00, 0xf0, 0x3f, 0x00, 0x00,
  0x00, 0x00, 0x00, 0x00, 0xea, 0x01, 0x00, 0x00, 0x00, 0x00, 0x00, 0x00,
  0x91, 0x05, 0x00, 0x00, 0x12, 0x00, 0x0c, 0x00, 0xa0, 0x36, 0x00, 0x00,
  0x00, 0x00, 0x00, 0x00, 0xfb, 0x06, 0x00, 0x00, 0x00, 0x00, 0x00, 0x00,
  0xbd, 0x0b, 0x00, 0x00, 0x21, 0x00, 0x15, 0x00, 0x38, 0x6c, 0x00, 0x00,
  0x00, 0x00, 0x00, 0x00, 0x10, 0x00, 0x00, 0x00, 0x00, 0x00, 0x00, 0x00,
  0x08, 0x0a, 0x00, 0x00, 0x12, 0x00, 0x0c, 0x00, 0xc0, 0x42, 0x00, 0x00,
  0x00, 0x00, 0x00, 0x00, 0x93, 0x00, 0x00, 0x00, 0x00, 0x00, 0x00, 0x00,
  0x00, 0x5f, 0x5f, 0x67, 0x6d, 0x6f, 0x6e, 0x5f, 0x73, 0x74, 0x61, 0x72,
  0x74, 0x5f, 0x5f, 0x00, 0x5f, 0x69, 0x6e, 0x69, 0x74, 0x00, 0x5f, 0x66,
  0x69, 0x6e, 0x69, 0x00, 0x5f, 0x49, 0x54, 0x4d, 0x5f, 0x64, 0x65, 0x72,
  0x65, 0x67, 0x69, 0x73, 0x74, 0x65, 0x72, 0x54, 0x4d, 0x43, 0x6c, 0x6f,
  0x6e, 0x65, 0x54, 0x61, 0x62, 0x6c, 0x65, 0x00, 0x5f, 0x5f, 0x70, 0x74,
  0x68, 0x72, 0x65, 0x61, 0x64, 0x5f, 0x6b, 0x65, 0x79, 0x5f, 0x63, 0x72,
  0x65, 0x61, 0x74, 0x65, 0x00, 0x47, 0x4c, 0x49, 0x42, 0x43, 0x5f, 0x32,
  0x2e, 0x32, 0x2e, 0x35, 0x00, 0x6c, 0x69, 0x62, 0x70, 0x74, 0x68, 0x72,
  0x65, 0x61, 0x64, 0x2e, 0x73, 0x6f, 0x2e, 0x30, 0x00, 0x6c, 0x69, 0x62,
  0x73, 0x68, 0x6d, 0x2e, 0x73, 0x6f, 0x00, 0x5f, 0x49, 0x54, 0x4d, 0x5f,
  0x72, 0x65, 0x67, 0x69, 0x73, 0x74, 0x65, 0x72, 0x54, 0x4d, 0x43, 0x6c,
  0x6f, 0x6e, 0x65, 0x54, 0x61, 0x62, 0x6c, 0x65, 0x00, 0x5f, 0x5f, 0x63,
  0x78, 0x61, 0x5f, 0x66, 0x69, 0x6e, 0x61, 0x6c, 0x69, 0x7a, 0x65, 0x00,
  0x6c, 0x69, 0x62, 0x63, 0x2e, 0x73, 0x6f, 0x2e, 0x36, 0x00, 0x5f, 0x5a,
  0x54, 0x56, 0x36, 0x53, 0x6f, 0x63, 0x6b, 0x65, 0x74, 0x00, 0x63, 0x6c,
  0x6f, 0x73, 0x65, 0x00, 0x5f, 0x5f, 0x67, 0x78, 0x78, 0x5f, 0x70, 0x65,
  0x72, 0x73, 0x6f, 0x6e, 0x61, 0x6c, 0x69, 0x74, 0x79, 0x5f, 0x76, 0x30,
  0x00, 0x43, 0x58, 0x58, 0x41, 0x42, 0x49, 0x5f, 0x31, 0x2e, 0x33, 0x00,
  0x6c, 0x69, 0x62, 0x73, 0x74, 0x64, 0x63, 0x2b, 0x2b, 0x2e, 0x73, 0x6f,
  0x2e, 0x36, 0x00, 0x5f, 0x5a, 0x64, 0x6c, 0x50, 0x76, 0x6d, 0x00, 0x5f,
  0x5f, 0x63, 0x78, 0x61, 0x5f, 0x61, 0x74, 0x65, 0x78, 0x69, 0x74, 0x00,
  0x5f, 0x5a, 0x4e, 0x53, 0x73, 0x34, 0x5f, 0x52, 0x65, 0x70, 0x31, 0x30,
  0x5f, 0x4d, 0x5f, 0x64, 0x65, 0x73, 0x74, 0x72, 0x6f, 0x79, 0x45, 0x52,
  0x4b, 0x53, 0x61, 0x49, 0x63, 0x45, 0x00, 0x47, 0x4c, 0x49, 0x42, 0x43,
  0x58, 0x58, 0x5f, 0x33, 0x2e, 0x34, 0x00, 0x5f, 0x5a, 0x4e, 0x53, 0x73,
  0x34, 0x5f, 0x52, 0x65, 0x70, 0x32, 0x30, 0x5f, 0x53, 0x5f, 0x65, 0x6d,
  0x70, 0x74, 0x79, 0x5f, 0x72, 0x65, 0x70, 0x5f, 0x73, 0x74, 0x6f, 0x72,
  0x61, 0x67, 0x65, 0x45, 0x00, 0x5f, 0x5a, 0x64, 0x6c, 0x50, 0x76, 0x00,
  0x6d, 0x65, 0x6d, 0x73, 0x65, 0x74, 0x00, 0x5f, 0x5a, 0x4e, 0x53, 0x74,
  0x31, 0x33, 0x72, 0x75, 0x6e, 0x74, 0x69, 0x6d, 0x65, 0x5f, 0x65, 0x72,
  0x72, 0x6f, 0x72, 0x43, 0x32, 0x45, 0x52, 0x4b, 0x53, 0x73, 0x00, 0x5f,
  0x5a, 0x54, 0x56, 0x53, 0x74, 0x31, 0x32, 0x73, 0x79, 0x73, 0x74, 0x65,
  0x6d, 0x5f, 0x65, 0x72, 0x72, 0x6f, 0x72, 0x00, 0x47, 0x4c, 0x49, 0x42,
  0x43, 0x58, 0x58, 0x5f, 0x33, 0x2e, 0x34, 0x2e, 0x31, 0x31, 0x00, 0x5f,
  0x55, 0x6e, 0x77, 0x69, 0x6e, 0x64, 0x5f, 0x52, 0x65, 0x73, 0x75, 0x6d,
  0x65, 0x00, 0x47, 0x43, 0x43, 0x5f, 0x33, 0x2e, 0x30, 0x00, 0x6c, 0x69,
  0x62, 0x67, 0x63, 0x63, 0x5f, 0x73, 0x2e, 0x73, 0x6f, 0x2e, 0x31, 0x00,
  0x5f, 0x5a, 0x31, 0x34, 0x67, 0x65, 0x74, 0x5f, 0x61, 0x6c, 0x6c, 0x6f,
  0x63, 0x5f, 0x69, 0x6e, 0x66, 0x6f, 0x50, 0x4b, 0x63, 0x00, 0x67, 0x65,
  0x74, 0x70, 0x69, 0x64, 0x00, 0x73, 0x74, 0x72, 0x6c, 0x65, 0x6e, 0x00,
  0x5f, 0x5f, 0x63, 0x78, 0x61, 0x5f, 0x61, 0x6c, 0x6c, 0x6f, 0x63, 0x61,
  0x74, 0x65, 0x5f, 0x65, 0x78, 0x63, 0x65, 0x70, 0x74, 0x69, 0x6f, 0x6e,
  0x00, 0x5f, 0x5a, 0x4e, 0x53, 0x74, 0x31, 0x33, 0x72, 0x75, 0x6e, 0x74,
  0x69, 0x6d, 0x65, 0x5f, 0x65, 0x72, 0x72, 0x6f, 0x72, 0x43, 0x31, 0x45,
  0x50, 0x4b, 0x63, 0x00, 0x5f, 0x5a, 0x4e, 0x53, 0x74, 0x31, 0x33, 0x72,
  0x75, 0x6e, 0x74, 0x69, 0x6d, 0x65, 0x5f, 0x65, 0x72, 0x72, 0x6f, 0x72,
  0x44, 0x31, 0x45, 0x76, 0x00, 0x5f, 0x5a, 0x54, 0x49, 0x53, 0x74, 0x31,
  0x33, 0x72, 0x75, 0x6e, 0x74, 0x69, 0x6d, 0x65, 0x5f, 0x65, 0x72, 0x72,
  0x6f, 0x72, 0x00, 0x70, 0x6f, 0x6c, 0x6c, 0x00, 0x5f, 0x5f, 0x63, 0x78,
  0x61, 0x5f, 0x74, 0x68, 0x72, 0x6f, 0x77, 0x00, 0x5f, 0x5f, 0x63, 0x78,
  0x61, 0x5f, 0x66, 0x72, 0x65, 0x65, 0x5f, 0x65, 0x78, 0x63, 0x65, 0x70,
  0x74, 0x69, 0x6f, 0x6e, 0x00, 0x5f, 0x5a, 0x31, 0x31, 0x6c, 0x69, 0x62,
  0x73, 0x68, 0x6d, 0x5f, 0x69, 0x6e, 0x69, 0x74, 0x50, 0x4b, 0x63, 0x00,
  0x5f, 0x5a, 0x4e, 0x53, 0x73, 0x43, 0x31, 0x45, 0x50, 0x4b, 0x63, 0x52,
  0x4b, 0x53, 0x61, 0x49, 0x63, 0x45, 0x00, 0x6d, 0x61, 0x6e, 0x61, 0x67,
  0x65, 0x72, 0x5f, 0x65, 0x78, 0x65, 0x63, 0x75, 0x74, 0x61, 0x62, 0x6c,
  0x65, 0x5f, 0x70, 0x61, 0x74, 0x68, 0x00, 0x5f, 0x5a, 0x4e, 0x53, 0x73,
  0x34, 0x73, 0x77, 0x61, 0x70, 0x45, 0x52, 0x53, 0x73, 0x00, 0x5f, 0x5a,
  0x4e, 0x32, 0x31, 0x54, 0x48, 0x4d, 0x61, 0x6e, 0x61, 0x67, 0x65, 0x64,
  0x4d, 0x61, 0x70, 0x41, 0x6c, 0x6c, 0x6f, 0x63, 0x61, 0x74, 0x6f, 0x72,
  0x31, 0x31, 0x66, 0x72, 0x6f, 0x6d, 0x44, 0x61, 0x74, 0x61, 0x50, 0x74,
  0x72, 0x45, 0x52, 0x4b, 0x4e, 0x33, 0x63, 0x31, 0x30, 0x37, 0x44, 0x61,
  0x74, 0x61, 0x50, 0x74, 0x72, 0x45, 0x00, 0x5f, 0x5a, 0x4e, 0x53, 0x74,
  0x31, 0x30, 0x5f, 0x48, 0x61, 0x73, 0x68, 0x74, 0x61, 0x62, 0x6c, 0x65,
  0x49, 0x53, 0x73, 0x53, 0x74, 0x34, 0x70, 0x61, 0x69, 0x72, 0x49, 0x4b,
  0x53, 0x73, 0x31, 0x32, 0x43, 0x6c, 0x69, 0x65, 0x6e, 0x74, 0x53, 0x6f,
  0x63, 0x6b, 0x65, 0x74, 0x45, 0x53, 0x61, 0x49, 0x53, 0x33, 0x5f, 0x45,
  0x4e, 0x53, 0x74, 0x38, 0x5f, 0x5f, 0x64, 0x65, 0x74, 0x61, 0x69, 0x6c,
  0x31, 0x30, 0x5f, 0x53, 0x65, 0x6c, 0x65, 0x63, 0x74, 0x31, 0x73, 0x74,
  0x45, 0x53, 0x74, 0x38, 0x65, 0x71, 0x75, 0x61, 0x6c, 0x5f, 0x74, 0x6f,
  0x49, 0x53, 0x73, 0x45, 0x53, 0x74, 0x34, 0x68, 0x61, 0x73, 0x68, 0x49,
  0x53, 0x73, 0x45, 0x4e, 0x53, 0x35, 0x5f, 0x31, 0x38, 0x5f, 0x4d, 0x6f,
  0x64, 0x5f, 0x72, 0x61, 0x6e, 0x67, 0x65, 0x5f, 0x68, 0x61, 0x73, 0x68,
  0x69, 0x6e, 0x67, 0x45, 0x4e, 0x53, 0x35, 0x5f, 0x32, 0x30, 0x5f, 0x44,
  0x65, 0x66, 0x61, 0x75, 0x6c, 0x74, 0x5f, 0x72, 0x61, 0x6e, 0x67, 0x65,
  0x64, 0x5f, 0x68, 0x61, 0x73, 0x68, 0x45, 0x4e, 0x53, 0x35, 0x5f, 0x32,
  0x30, 0x5f, 0x50, 0x72, 0x69, 0x6d, 0x65, 0x5f, 0x72, 0x65, 0x68, 0x61,
  0x73, 0x68, 0x5f, 0x70, 0x6f, 0x6c, 0x69, 0x63, 0x79, 0x45, 0x4e, 0x53,
  0x35, 0x5f, 0x31, 0x37, 0x5f, 0x48, 0x61, 0x73, 0x68, 0x74, 0x61, 0x62,
  0x6c, 0x65, 0x5f, 0x74, 0x72, 0x61, 0x69, 0x74, 0x73, 0x49, 0x4c, 0x62,
  0x31, 0x45, 0x4c, 0x62, 0x30, 0x45, 0x4c, 0x62, 0x31, 0x45, 0x45, 0x45,
  0x45, 0x39, 0x5f, 0x4d, 0x5f, 0x72, 0x65, 0x68, 0x61, 0x73, 0x68, 0x45,
  0x6d, 0x52, 0x4b, 0x6d, 0x00, 0x5f, 0x5a, 0x6e, 0x77, 0x6d, 0x00, 0x5f,
  0x5a, 0x53, 0x74, 0x31, 0x37, 0x5f, 0x5f, 0x74, 0x68, 0x72, 0x6f, 0x77,
  0x5f, 0x62, 0x61, 0x64, 0x5f, 0x61, 0x6c, 0x6c, 0x6f, 0x63, 0x76, 0x00,
  0x5f, 0x5f, 0x63, 0x78, 0x61, 0x5f, 0x62, 0x65, 0x67, 0x69, 0x6e, 0x5f,
  0x63, 0x61, 0x74, 0x63, 0x68, 0x00, 0x5f, 0x5f, 0x63, 0x78, 0x61, 0x5f,
  0x72, 0x65, 0x74, 0x68, 0x72, 0x6f, 0x77, 0x00, 0x5f, 0x5f, 0x63, 0x78,
  0x61, 0x5f, 0x65, 0x6e, 0x64, 0x5f, 0x63, 0x61, 0x74, 0x63, 0x68, 0x00,
  0x6d, 0x65, 0x6d, 0x63, 0x6d, 0x70, 0x00, 0x5f, 0x5a, 0x4e, 0x53, 0x74,
  0x31, 0x30, 0x5f, 0x48, 0x61, 0x73, 0x68, 0x74, 0x61, 0x62, 0x6c, 0x65,
  0x49, 0x53, 0x73, 0x53, 0x74, 0x34, 0x70, 0x61, 0x69, 0x72, 0x49, 0x4b,
  0x53, 0x73, 0x31, 0x32, 0x43, 0x6c, 0x69, 0x65, 0x6e, 0x74, 0x53, 0x6f,
  0x63, 0x6b, 0x65, 0x74, 0x45, 0x53, 0x61, 0x49, 0x53, 0x33, 0x5f, 0x45,
  0x4e, 0x53, 0x74, 0x38, 0x5f, 0x5f, 0x64, 0x65, 0x74, 0x61, 0x69, 0x6c,
  0x31, 0x30, 0x5f, 0x53, 0x65, 0x6c, 0x65, 0x63, 0x74, 0x31, 0x73, 0x74,
  0x45, 0x53, 0x74, 0x38, 0x65, 0x71, 0x75, 0x61, 0x6c, 0x5f, 0x74, 0x6f,
  0x49, 0x53, 0x73, 0x45, 0x53, 0x74, 0x34, 0x68, 0x61, 0x73, 0x68, 0x49,
  0x53, 0x73, 0x45, 0x4e, 0x53, 0x35, 0x5f, 0x31, 0x38, 0x5f, 0x4d, 0x6f,
  0x64, 0x5f, 0x72, 0x61, 0x6e, 0x67, 0x65, 0x5f, 0x68, 0x61, 0x73, 0x68,
  0x69, 0x6e, 0x67, 0x45, 0x4e, 0x53, 0x35, 0x5f, 0x32, 0x30, 0x5f, 0x44,
  0x65, 0x66, 0x61, 0x75, 0x6c, 0x74, 0x5f, 0x72, 0x61, 0x6e, 0x67, 0x65,
  0x64, 0x5f, 0x68, 0x61, 0x73, 0x68, 0x45, 0x4e, 0x53, 0x35, 0x5f, 0x32,
  0x30, 0x5f, 0x50, 0x72, 0x69, 0x6d, 0x65, 0x5f, 0x72, 0x65, 0x68, 0x61,
  0x73, 0x68, 0x5f, 0x70, 0x6f, 0x6c, 0x69, 0x63, 0x79, 0x45, 0x4e, 0x53,
  0x35, 0x5f, 0x31, 0x37, 0x5f, 0x48, 0x61, 0x73, 0x68, 0x74, 0x61, 0x62,
  0x6c, 0x65, 0x5f, 0x74, 0x72, 0x61, 0x69, 0x74, 0x73, 0x49, 0x4c, 0x62,
  0x31, 0x45, 0x4c, 0x62, 0x30, 0x45, 0x4c, 0x62, 0x31, 0x45, 0x45, 0x45,
  0x45, 0x32, 0x31, 0x5f, 0x4d, 0x5f, 0x69, 0x6e, 0x73, 0x65, 0x72, 0x74,
  0x5f, 0x75, 0x6e, 0x69, 0x71, 0x75, 0x65, 0x5f, 0x6e, 0x6f, 0x64, 0x65,
  0x45, 0x6d, 0x6d, 0x50, 0x4e, 0x53, 0x35, 0x5f, 0x31, 0x30, 0x5f, 0x48,
  0x61, 0x73, 0x68, 0x5f, 0x6e, 0x6f, 0x64, 0x65, 0x49, 0x53, 0x33, 0x5f,
  0x4c, 0x62, 0x31, 0x45, 0x45, 0x45, 0x6d, 0x00, 0x5f, 0x5a, 0x4e, 0x4b,
  0x53, 0x74, 0x38, 0x5f, 0x5f, 0x64, 0x65, 0x74, 0x61, 0x69, 0x6c, 0x32,
  0x30, 0x5f, 0x50, 0x72, 0x69, 0x6d, 0x65, 0x5f, 0x72, 0x65, 0x68, 0x61,
  0x73, 0x68, 0x5f, 0x70, 0x6f, 0x6c, 0x69, 0x63, 0x79, 0x31, 0x34, 0x5f,
  0x4d, 0x5f, 0x6e, 0x65, 0x65, 0x64, 0x5f, 0x72, 0x65, 0x68, 0x61, 0x73,
  0x68, 0x45, 0x6d, 0x6d, 0x6d, 0x00, 0x47, 0x4c, 0x49, 0x42, 0x43, 0x58,
  0x58, 0x5f, 0x33, 0x2e, 0x34, 0x2e, 0x31, 0x38, 0x00, 0x5f, 0x5a, 0x31,
  0x33, 0x73, 0x74, 0x61, 0x72, 0x74, 0x5f, 0x6d, 0x61, 0x6e, 0x61, 0x67,
  0x65, 0x72, 0x76, 0x00, 0x70, 0x69, 0x70, 0x65, 0x00, 0x66, 0x6f, 0x72,
  0x6b, 0x00, 0x63, 0x6f, 0x6e, 0x6e, 0x65, 0x63, 0x74, 0x00, 0x5f, 0x5f,
  0x65, 0x72, 0x72, 0x6e, 0x6f, 0x5f, 0x6c, 0x6f, 0x63, 0x61, 0x74, 0x69,
  0x6f, 0x6e, 0x00, 0x73, 0x74, 0x72, 0x63, 0x70, 0x79, 0x00, 0x64, 0x75,
  0x70, 0x32, 0x00, 0x73, 0x6f, 0x63, 0x6b, 0x65, 0x74, 0x00, 0x65, 0x78,
  0x65, 0x63, 0x6c, 0x00, 0x73, 0x74, 0x72, 0x65, 0x72, 0x72, 0x6f, 0x72,
  0x00, 0x5f, 0x5a, 0x4e, 0x53, 0x73, 0x36, 0x61, 0x70, 0x70, 0x65, 0x6e,
  0x64, 0x45, 0x50, 0x4b, 0x63, 0x6d, 0x00, 0x5f, 0x5a, 0x4e, 0x53, 0x73,
  0x37, 0x72, 0x65, 0x73, 0x65, 0x72, 0x76, 0x65, 0x45, 0x6d, 0x00, 0x72,
  0x65, 0x61, 0x64, 0x00, 0x77, 0x72, 0x69, 0x74, 0x65, 0x00, 0x65, 0x78,
  0x69, 0x74, 0x00, 0x5f, 0x5a, 0x4e, 0x53, 0x73, 0x31, 0x32, 0x5f, 0x4d,
  0x5f, 0x6c, 0x65, 0x61, 0x6b, 0x5f, 0x68, 0x61, 0x72, 0x64, 0x45, 0x76,
  0x00, 0x5f, 0x5a, 0x4e, 0x53, 0x73, 0x39, 0x5f, 0x4d, 0x5f, 0x6d, 0x75,
  0x74, 0x61, 0x74, 0x65, 0x45, 0x6d, 0x6d, 0x6d, 0x00, 0x5f, 0x5a, 0x4e,
  0x4b, 0x53, 0x73, 0x35, 0x72, 0x66, 0x69, 0x6e, 0x64, 0x45, 0x50, 0x4b,
  0x63, 0x6d, 0x6d, 0x00, 0x5f, 0x5a, 0x54, 0x56, 0x31, 0x32, 0x43, 0x6c,
  0x69, 0x65, 0x6e, 0x74, 0x53, 0x6f, 0x63, 0x6b, 0x65, 0x74, 0x00, 0x5f,
  0x5a, 0x53, 0x74, 0x31, 0x31, 0x5f, 0x48, 0x61, 0x73, 0x68, 0x5f, 0x62,
  0x79, 0x74, 0x65, 0x73, 0x50, 0x4b, 0x76, 0x6d, 0x6d, 0x00, 0x43, 0x58,
  0x58, 0x41, 0x42, 0x49, 0x5f, 0x31, 0x2e, 0x33, 0x2e, 0x35, 0x00, 0x6d,
  0x61, 0x6e, 0x61, 0x67, 0x65, 0x72, 0x73, 0x00, 0x5f, 0x5a, 0x4e, 0x53,
  0x73, 0x36, 0x61, 0x70, 0x70, 0x65, 0x6e, 0x64, 0x45, 0x52, 0x4b, 0x53,
  0x73, 0x00, 0x5f, 0x5a, 0x4e, 0x53, 0x73, 0x70, 0x4c, 0x45, 0x50, 0x4b,
  0x63, 0x00, 0x5f, 0x5a, 0x4e, 0x4b, 0x53, 0x73, 0x36, 0x73, 0x75, 0x62,
  0x73, 0x74, 0x72, 0x45, 0x6d, 0x6d, 0x00, 0x5f, 0x5a, 0x4e, 0x53, 0x74,
  0x33, 0x5f, 0x56, 0x32, 0x31, 0x35, 0x73, 0x79, 0x73, 0x74, 0x65, 0x6d,
  0x5f, 0x63, 0x61, 0x74, 0x65, 0x67, 0x6f, 0x72, 0x79, 0x45, 0x76, 0x00,
  0x5f, 0x5a, 0x4e, 0x53, 0x74, 0x31, 0x32, 0x73, 0x79, 0x73, 0x74, 0x65,
  0x6d, 0x5f, 0x65, 0x72, 0x72, 0x6f, 0x72, 0x44, 0x31, 0x45, 0x76, 0x00,
  0x5f, 0x5a, 0x54, 0x49, 0x53, 0x74, 0x31, 0x32, 0x73, 0x79, 0x73, 0x74,
  0x65, 0x6d, 0x5f, 0x65, 0x72, 0x72, 0x6f, 0x72, 0x00, 0x5f, 0x5a, 0x4e,
  0x53, 0x74, 0x31, 0x33, 0x72, 0x75, 0x6e, 0x74, 0x69, 0x6d, 0x65, 0x5f,
  0x65, 0x72, 0x72, 0x6f, 0x72, 0x43, 0x31, 0x45, 0x52, 0x4b, 0x53, 0x73,
  0x00, 0x5f, 0x5a, 0x4e, 0x53, 0x74, 0x31, 0x30, 0x5f, 0x48, 0x61, 0x73,
  0x68, 0x74, 0x61, 0x62, 0x6c, 0x65, 0x49, 0x53, 0x73, 0x53, 0x74, 0x34,
  0x70, 0x61, 0x69, 0x72, 0x49, 0x4b, 0x53, 0x73, 0x31, 0x32, 0x43, 0x6c,
  0x69, 0x65, 0x6e, 0x74, 0x53, 0x6f, 0x63, 0x6b, 0x65, 0x74, 0x45, 0x53,
  0x61, 0x49, 0x53, 0x33, 0x5f, 0x45, 0x4e, 0x53, 0x74, 0x38, 0x5f, 0x5f,
  0x64, 0x65, 0x74, 0x61, 0x69, 0x6c, 0x31, 0x30, 0x5f, 0x53, 0x65, 0x6c,
  0x65, 0x63, 0x74, 0x31, 0x73, 0x74, 0x45, 0x53, 0x74, 0x38, 0x65, 0x71,
  0x75, 0x61, 0x6c, 0x5f, 0x74, 0x6f, 0x49, 0x53, 0x73, 0x45, 0x53, 0x74,
  0x34, 0x68, 0x61, 0x73, 0x68, 0x49, 0x53, 0x73, 0x45, 0x4e, 0x53, 0x35,
  0x5f, 0x31, 0x38, 0x5f, 0x4d, 0x6f, 0x64, 0x5f, 0x72, 0x61, 0x6e, 0x67,
  0x65, 0x5f, 0x68, 0x61, 0x73, 0x68, 0x69, 0x6e, 0x67, 0x45, 0x4e, 0x53,
  0x35, 0x5f, 0x32, 0x30, 0x5f, 0x44, 0x65, 0x66, 0x61, 0x75, 0x6c, 0x74,
  0x5f, 0x72, 0x61, 0x6e, 0x67, 0x65, 0x64, 0x5f, 0x68, 0x61, 0x73, 0x68,
  0x45, 0x4e, 0x53, 0x35, 0x5f, 0x32, 0x30, 0x5f, 0x50, 0x72, 0x69, 0x6d,
  0x65, 0x5f, 0x72, 0x65, 0x68, 0x61, 0x73, 0x68, 0x5f, 0x70, 0x6f, 0x6c,
  0x69, 0x63, 0x79, 0x45, 0x4e, 0x53, 0x35, 0x5f, 0x31, 0x37, 0x5f, 0x48,
  0x61, 0x73, 0x68, 0x74, 0x61, 0x62, 0x6c, 0x65, 0x5f, 0x74, 0x72, 0x61,
  0x69, 0x74, 0x73, 0x49, 0x4c, 0x62, 0x31, 0x45, 0x4c, 0x62, 0x30, 0x45,
  0x4c, 0x62, 0x31, 0x45, 0x45, 0x45, 0x45, 0x31, 0x30, 0x5f, 0x4d, 0x5f,
  0x65, 0x6d, 0x70, 0x6c, 0x61, 0x63, 0x65, 0x49, 0x4a, 0x52, 0x53, 0x31,
  0x5f, 0x53, 0x32, 0x5f, 0x45, 0x45, 0x45, 0x53, 0x30, 0x5f, 0x49, 0x4e,
  0x53, 0x35, 0x5f, 0x31, 0x34, 0x5f, 0x4e, 0x6f, 0x64, 0x65, 0x5f, 0x69,
  0x74, 0x65, 0x72, 0x61, 0x74, 0x6f, 0x72, 0x49, 0x53, 0x33, 0x5f, 0x4c,
  0x62, 0x30, 0x45, 0x4c, 0x62, 0x31, 0x45, 0x45, 0x45, 0x62, 0x45, 0x53,
  0x74, 0x31, 0x37, 0x69, 0x6e, 0x74, 0x65, 0x67, 0x72, 0x61, 0x6c, 0x5f,
  0x63, 0x6f, 0x6e, 0x73, 0x74, 0x61, 0x6e, 0x74, 0x49, 0x62, 0x4c, 0x62,
  0x31, 0x45, 0x45, 0x44, 0x70, 0x4f, 0x54, 0x5f, 0x00, 0x5f, 0x5a, 0x4e,
  0x53, 0x73, 0x43, 0x31, 0x45, 0x52, 0x4b, 0x53, 0x73, 0x00, 0x5f, 0x5a,
  0x31, 0x38, 0x67, 0x65, 0x74, 0x5f, 0x6d, 0x61, 0x6e, 0x61, 0x67, 0x65,
  0x72, 0x5f, 0x73, 0x6f, 0x63, 0x6b, 0x65, 0x74, 0x52, 0x4b, 0x53, 0x73,
  0x00, 0x5f, 0x5a, 0x4e, 0x32, 0x35, 0x54, 0x48, 0x4d, 0x61, 0x6e, 0x61,
  0x67, 0x65, 0x64, 0x4d, 0x61, 0x70, 0x41, 0x6c, 0x6c, 0x6f, 0x63, 0x61,
  0x74, 0x6f, 0x72, 0x49, 0x6e, 0x69, 0x74, 0x43, 0x32, 0x45, 0x50, 0x4b,
  0x63, 0x53, 0x31, 0x5f, 0x00, 0x5f, 0x5a, 0x4e, 0x53, 0x73, 0x36, 0x61,
  0x73, 0x73, 0x69, 0x67, 0x6e, 0x45, 0x52, 0x4b, 0x53, 0x73, 0x00, 0x5f,
  0x5a, 0x4e, 0x33, 0x63, 0x31, 0x30, 0x36, 0x64, 0x65, 0x74, 0x61, 0x69,
  0x6c, 0x31, 0x34, 0x74, 0x6f, 0x72, 0x63, 0x68, 0x43, 0x68, 0x65, 0x63,
  0x6b, 0x46, 0x61, 0x69, 0x6c, 0x45, 0x50, 0x4b, 0x63, 0x53, 0x32, 0x5f,
  0x6a, 0x53, 0x32, 0x5f, 0x00, 0x5f, 0x5a, 0x4e, 0x32, 0x35, 0x54, 0x48,
  0x4d, 0x61, 0x6e, 0x61, 0x67, 0x65, 0x64, 0x4d, 0x61, 0x70, 0x41, 0x6c,
  0x6c, 0x6f, 0x63, 0x61, 0x74, 0x6f, 0x72, 0x49, 0x6e, 0x69, 0x74, 0x43,
  0x31, 0x45, 0x50, 0x4b, 0x63, 0x53, 0x31, 0x5f, 0x00, 0x5f, 0x5a, 0x4e,
  0x32, 0x31, 0x54, 0x48, 0x4d, 0x61, 0x6e, 0x61, 0x67, 0x65, 0x64, 0x4d,
  0x61, 0x70, 0x41, 0x6c, 0x6c, 0x6f, 0x63, 0x61, 0x74, 0x6f, 0x72, 0x43,
  0x32, 0x45, 0x50, 0x4b, 0x63, 0x53, 0x31, 0x5f, 0x69, 0x6c, 0x00, 0x5f,
  0x5a, 0x4e, 0x32, 0x61, 0x74, 0x32, 0x32, 0x52, 0x65, 0x66, 0x63, 0x6f,
  0x75, 0x6e, 0x74, 0x65, 0x64, 0x4d, 0x61, 0x70, 0x41, 0x6c, 0x6c, 0x6f,
  0x63, 0x61, 0x74, 0x6f, 0x72, 0x43, 0x32, 0x45, 0x50, 0x4b, 0x63, 0x69,
  0x6d, 0x00, 0x5f, 0x5a, 0x54, 0x56, 0x32, 0x31, 0x54, 0x48, 0x4d, 0x61,
  0x6e, 0x61, 0x67, 0x65, 0x64, 0x4d, 0x61, 0x70, 0x41, 0x6c, 0x6c, 0x6f,
  0x63, 0x61, 0x74, 0x6f, 0x72, 0x00, 0x5f, 0x5a, 0x4e, 0x32, 0x31, 0x54,
  0x48, 0x4d, 0x61, 0x6e, 0x61, 0x67, 0x65, 0x64, 0x4d, 0x61, 0x70, 0x41,
  0x6c, 0x6c, 0x6f, 0x63, 0x61, 0x74, 0x6f, 0x72, 0x43, 0x31, 0x45, 0x50,
  0x4b, 0x63, 0x53, 0x31, 0x5f, 0x69, 0x6c, 0x00, 0x5f, 0x5a, 0x4e, 0x32,
  0x31, 0x54, 0x48, 0x4d, 0x61, 0x6e, 0x61, 0x67, 0x65, 0x64, 0x4d, 0x61,
  0x70, 0x41, 0x6c, 0x6c, 0x6f, 0x63, 0x61, 0x74, 0x6f, 0x72, 0x31, 0x31,
  0x6d, 0x61, 0x6b, 0x65, 0x44, 0x61, 0x74, 0x61, 0x50, 0x74, 0x72, 0x45,
  0x50, 0x4b, 0x63, 0x53, 0x31, 0x5f, 0x69, 0x6c, 0x00, 0x5f, 0x5a, 0x4e,
  0x4b, 0x32, 0x61, 0x74, 0x32, 0x32, 0x52, 0x65, 0x66, 0x63, 0x6f, 0x75,
  0x6e, 0x74, 0x65, 0x64, 0x4d, 0x61, 0x70, 0x41, 0x6c, 0x6c, 0x6f, 0x63,
  0x61, 0x74, 0x6f, 0x72, 0x34, 0x64, 0x61, 0x74, 0x61, 0x45, 0x76, 0x00,
  0x5f, 0x5a, 0x4e, 0x32, 0x31, 0x54, 0x48, 0x4d, 0x61, 0x6e, 0x61, 0x67,
  0x65, 0x64, 0x4d, 0x61, 0x70, 0x41, 0x6c, 0x6c, 0x6f, 0x63, 0x61, 0x74,
  0x6f, 0x72, 0x35, 0x63, 0x6c, 0x6f, 0x73, 0x65, 0x45, 0x76, 0x00, 0x5f,
  0x5a, 0x4e, 0x32, 0x61, 0x74, 0x32, 0x32, 0x52, 0x65, 0x66, 0x63, 0x6f,
  0x75, 0x6e, 0x74, 0x65, 0x64, 0x4d, 0x61, 0x70, 0x41, 0x6c, 0x6c, 0x6f,
  0x63, 0x61, 0x74, 0x6f, 0x72, 0x35, 0x63, 0x6c, 0x6f, 0x73, 0x65, 0x45,
  0x76, 0x00, 0x5f, 0x5a, 0x54, 0x56, 0x4e, 0x32, 0x61, 0x74, 0x32, 0x32,
  0x52, 0x65, 0x66, 0x63, 0x6f, 0x75, 0x6e, 0x74, 0x65, 0x64, 0x4d, 0x61,
  0x70, 0x41, 0x6c, 0x6c, 0x6f, 0x63, 0x61, 0x74, 0x6f, 0x72, 0x45, 0x00,
  0x5f, 0x5a, 0x4e, 0x32, 0x61, 0x74, 0x31, 0x32, 0x4d, 0x61, 0x70, 0x41,
  0x6c, 0x6c, 0x6f, 0x63, 0x61, 0x74, 0x6f, 0x72, 0x44, 0x32, 0x45, 0x76,
  0x00, 0x5f, 0x5a, 0x4e, 0x53, 0x74, 0x38, 0x69, 0x6f, 0x73, 0x5f, 0x62,
  0x61, 0x73, 0x65, 0x34, 0x49, 0x6e, 0x69, 0x74, 0x43, 0x31, 0x45, 0x76,
  0x00, 0x5f, 0x5a, 0x4e, 0x53, 0x74, 0x38, 0x69, 0x6f, 0x73, 0x5f, 0x62,
  0x61, 0x73, 0x65, 0x34, 0x49, 0x6e, 0x69, 0x74, 0x44, 0x31, 0x45, 0x76,
  0x00, 0x5f, 0x5a, 0x4e, 0x53, 0x73, 0x44, 0x31, 0x45, 0x76, 0x00, 0x5f,
  0x5a, 0x54, 0x53, 0x32, 0x35, 0x54, 0x48, 0x4d, 0x61, 0x6e, 0x61, 0x67,
  0x65, 0x64, 0x4d, 0x61, 0x70, 0x41, 0x6c, 0x6c, 0x6f, 0x63, 0x61, 0x74,
  0x6f, 0x72, 0x49, 0x6e, 0x69, 0x74, 0x00, 0x5f, 0x5a, 0x54, 0x49, 0x32,
  0x35, 0x54, 0x48, 0x4d, 0x61, 0x6e, 0x61, 0x67, 0x65, 0x64, 0x4d, 0x61,
  0x70, 0x41, 0x6c, 0x6c, 0x6f, 0x63, 0x61, 0x74, 0x6f, 0x72, 0x49, 0x6e,
  0x69, 0x74, 0x00, 0x5f, 0x5a, 0x54, 0x56, 0x4e, 0x31, 0x30, 0x5f, 0x5f,
  0x63, 0x78, 0x78, 0x61, 0x62, 0x69, 0x76, 0x31, 0x31, 0x37, 0x5f, 0x5f,
  0x63, 0x6c, 0x61, 0x73, 0x73, 0x5f, 0x74, 0x79, 0x70, 0x65, 0x5f, 0x69,
  0x6e, 0x66, 0x6f, 0x45, 0x00, 0x5f, 0x5a, 0x54, 0x53, 0x32, 0x31, 0x54,
  0x48, 0x4d, 0x61, 0x6e, 0x61, 0x67, 0x65, 0x64, 0x4d, 0x61, 0x70, 0x41,
  0x6c, 0x6c, 0x6f, 0x63, 0x61, 0x74, 0x6f, 0x72, 0x00, 0x5f, 0x5a, 0x54,
  0x49, 0x32, 0x31, 0x54, 0x48, 0x4d, 0x61, 0x6e, 0x61, 0x67, 0x65, 0x64,
  0x4d, 0x61, 0x70, 0x41, 0x6c, 0x6c, 0x6f, 0x63, 0x61, 0x74, 0x6f, 0x72,
  0x00, 0x5f, 0x5a, 0x54, 0x56, 0x4e, 0x31, 0x30, 0x5f, 0x5f, 0x63, 0x78,
  0x78, 0x61, 0x62, 0x69, 0x76, 0x31, 0x32, 0x31, 0x5f, 0x5f, 0x76, 0x6d,
  0x69, 0x5f, 0x63, 0x6c, 0x61, 0x73, 0x73, 0x5f, 0x74, 0x79, 0x70, 0x65,
  0x5f, 0x69, 0x6e, 0x66, 0x6f, 0x45, 0x00, 0x5f, 0x5a, 0x54, 0x49, 0x4e,
  0x32, 0x61, 0x74, 0x32, 0x32, 0x52, 0x65, 0x66, 0x63, 0x6f, 0x75, 0x6e,
  0x74, 0x65, 0x64, 0x4d, 0x61, 0x70, 0x41, 0x6c, 0x6c, 0x6f, 0x63, 0x61,
  0x74, 0x6f, 0x72, 0x45, 0x00, 0x5f, 0x5a, 0x54, 0x53, 0x36, 0x53, 0x6f,
  0x63, 0x6b, 0x65, 0x74, 0x00, 0x5f, 0x5a, 0x54, 0x49, 0x36, 0x53, 0x6f,
  0x63, 0x6b, 0x65, 0x74, 0x00, 0x5f, 0x5a, 0x54, 0x53, 0x31, 0x32, 0x43,
  0x6c, 0x69, 0x65, 0x6e, 0x74, 0x53, 0x6f, 0x63, 0x6b, 0x65, 0x74, 0x00,
  0x5f, 0x5a, 0x54, 0x49, 0x31, 0x32, 0x43, 0x6c, 0x69, 0x65, 0x6e, 0x74,
  0x53, 0x6f, 0x63, 0x6b, 0x65, 0x74, 0x00, 0x5f, 0x5a, 0x54, 0x56, 0x4e,
  0x31, 0x30, 0x5f, 0x5f, 0x63, 0x78, 0x78, 0x61, 0x62, 0x69, 0x76, 0x31,
  0x32, 0x30, 0x5f, 0x5f, 0x73, 0x69, 0x5f, 0x63, 0x6c, 0x61, 0x73, 0x73,
  0x5f, 0x74, 0x79, 0x70, 0x65, 0x5f, 0x69, 0x6e, 0x66, 0x6f, 0x45, 0x00,
  0x5f, 0x5a, 0x54, 0x49, 0x53, 0x74, 0x39, 0x65, 0x78, 0x63, 0x65, 0x70,
  0x74, 0x69, 0x6f, 0x6e, 0x00, 0x5f, 0x65, 0x64, 0x61, 0x74, 0x61, 0x00,
  0x5f, 0x65, 0x6e, 0x64, 0x00, 0x5f, 0x5f, 0x62, 0x73, 0x73, 0x5f, 0x73,
  0x74, 0x61, 0x72, 0x74, 0x00, 0x6c, 0x69, 0x62, 0x74, 0x6f, 0x72, 0x63,
  0x68, 0x2e, 0x73, 0x6f, 0x00, 0x6c, 0x69, 0x62, 0x72, 0x74, 0x2e, 0x73,
  0x6f, 0x2e, 0x31, 0x00, 0x6c, 0x69, 0x62, 0x74, 0x6f, 0x72, 0x63, 0x68,
  0x5f, 0x63, 0x70, 0x75, 0x2e, 0x73, 0x6f, 0x00, 0x6c, 0x69, 0x62, 0x63,
  0x31, 0x30, 0x2e, 0x73, 0x6f, 0x00, 0x24, 0x4f, 0x52, 0x49, 0x47, 0x49,
  0x4e, 0x00, 0x00, 0x00, 0x00, 0x00, 0x00, 0x00, 0x00, 0x00, 0x00, 0x00,
  0x00, 0x00, 0x00, 0x00, 0x11, 0x00, 0x00, 0x00, 0x4c, 0x00, 0x00, 0x00,
  0x04, 0x00, 0x00, 0x00, 0x08, 0x00, 0x00, 0x00, 0x41, 0x00, 0x11, 0x44,
  0x54, 0x18, 0x70, 0x00, 0xac, 0x30, 0x02, 0x0b, 0x00, 0x0c, 0x29, 0x00,
  0xc1, 0x22, 0x01, 0x00, 0x08, 0x00, 0x08, 0x09, 0x40, 0x80, 0x09, 0x43,
  0x50, 0x05, 0x03, 0x20, 0x4c, 0x00, 0x00, 0x00, 0x4d, 0x00, 0x00, 0x00,
  0x4e, 0x00, 0x00, 0x00, 0x4f, 0x00, 0x00, 0x00, 0x51, 0x00, 0x00, 0x00,
  0x53, 0x00, 0x00, 0x00, 0x54, 0x00, 0x00, 0x00, 0x56, 0x00, 0x00, 0x00,
  0x58, 0x00, 0x00, 0x00, 0x5d, 0x00, 0x00, 0x00, 0x61, 0x00, 0x00, 0x00,
  0x62, 0x00, 0x00, 0x00, 0x64, 0x00, 0x00, 0x00, 0x65, 0x00, 0x00, 0x00,
  0x68, 0x00, 0x00, 0x00, 0x69, 0x00, 0x00, 0x00, 0x6b, 0x00, 0x00, 0x00,
  0xb3, 0x90, 0x57, 0xec, 0xeb, 0xd3, 0xef, 0x0e, 0xb9, 0x8d, 0xf1, 0x0e,
  0x06, 0xa2, 0x7a, 0xac, 0xd9, 0x71, 0x58, 0x1c, 0x6a, 0xdb, 0xf1, 0xfe,
  0xbb, 0xe3, 0x92, 0x7c, 0x35, 0x75, 0x4d, 0x52, 0x26, 0x00, 0xdb, 0x15,
  0x1f, 0xeb, 0x1c, 0x8a, 0x36, 0xe4, 0xd0, 0x5f, 0x43, 0x45, 0xd5, 0xec,
  0xf0, 0x8f, 0xce, 0xa7, 0xd2, 0xe8, 0x38, 0x46, 0x42, 0xf5, 0x17, 0x74,
  0xe4, 0xe4, 0x2a, 0xad, 0x71, 0x47, 0x81, 0x02, 0x86, 0x63, 0xf0, 0x71,
  0x4c, 0x18, 0xbc, 0x4d, 0x80, 0x47, 0x26, 0x5f, 0x73, 0xab, 0x55, 0x2e,
  0xe7, 0xfd, 0xb6, 0xa1, 0x4c, 0xd9, 0x15, 0x58, 0x47, 0x91, 0xe5, 0x19,
  0xd1, 0x46, 0x99, 0xc1, 0x10, 0x80, 0x59, 0x78, 0xd8, 0x5e, 0x57, 0x5b,
  0xe9, 0xe4, 0x34, 0xa4, 0x89, 0x06, 0xb0, 0x12, 0x00, 0x2c, 0xc5, 0x94,
  0x1b, 0x94, 0x98, 0x72, 0xfd, 0x1e, 0x34, 0x26, 0x00, 0x00, 0x00, 0x00,
  0x00, 0x00, 0x02, 0x00, 0x00, 0x00, 0x03, 0x00, 0x02, 0x00, 0x04, 0x00,
  0x00, 0x00, 0x03, 0x00, 0x05, 0x00, 0x05, 0x00, 0x05, 0x00, 0x03, 0x00,
  0x05, 0x00, 0x06, 0x00, 0x09, 0x00, 0x03, 0x00, 0x03, 0x00, 0x04, 0x00,
  0x00, 0x00, 0x05, 0x00, 0x05, 0x00, 0x03, 0x00, 0x04, 0x00, 0x04, 0x00,
  0x05, 0x00, 0x05, 0x00, 0x05, 0x00, 0x05, 0x00, 0x04, 0x00, 0x04, 0x00,
  0x04, 0x00, 0x03, 0x00, 0x07, 0x00, 0x03, 0x00, 0x02, 0x00, 0x02, 0x00,
  0x02, 0x00, 0x03, 0x00, 0x03, 0x00, 0x03, 0x00, 0x03, 0x00, 0x03, 0x00,
  0x05, 0x00, 0x05, 0x00, 0x02, 0x00, 0x02, 0x00, 0x03, 0x00, 0x05, 0x00,
  0x05, 0x00, 0x05, 0x00, 0x08, 0x00, 0x05, 0x00, 0x05, 0x00, 0x05, 0x00,
  0x00, 0x00, 0x06, 0x00, 0x06, 0x00, 0x05, 0x00, 0x05, 0x00, 0x05, 0x00,
  0x00, 0x00, 0x00, 0x00, 0x00, 0x00, 0x00, 0x00, 0x00, 0x00, 0x00, 0x00,
  0x05, 0x00, 0x05, 0x00, 0x05, 0x00, 0x04, 0x00, 0x04, 0x00, 0x00, 0x00,
  0x04, 0x00, 0x05, 0x00, 0x01, 0x00, 0x01, 0x00, 0x01, 0x00, 0x01, 0x00,
  0x01, 0x00, 0x01, 0x00, 0x01, 0x00, 0x01, 0x00, 0x01, 0x00, 0x01, 0x00,
  0x01, 0x00, 0x01, 0x00, 0x01, 0x00, 0x01, 0x00, 0x01, 0x00, 0x01, 0x00,
  0x01, 0x00, 0x01, 0x00, 0x01, 0x00, 0x01, 0x00, 0x01, 0x00, 0x01, 0x00,
  0x01, 0x00, 0x01, 0x00, 0x01, 0x00, 0x01, 0x00, 0x01, 0x00, 0x01, 0x00,
  0x01, 0x00, 0x01, 0x00, 0x01, 0x00, 0x01, 0x00, 0x01, 0x00, 0x01, 0x00,
  0x01, 0x00, 0x01, 0x00, 0x6f, 0x97, 0x9e, 0x09, 0x14, 0x00, 0x00, 0x00,
  0x00, 0x00, 0x00, 0x00, 0x69, 0x00, 0x00, 0x00, 0x00, 0x00, 0x00, 0x00,
  0x01, 0x00, 0x01, 0x00, 0x59, 0x00, 0x00, 0x00, 0x10, 0x00, 0x00, 0x00,
  0x20, 0x00, 0x00, 0x00, 0x75, 0x1a, 0x69, 0x09, 0x00, 0x00, 0x02, 0x00,
  0x4d, 0x00, 0x00, 0x00, 0x00, 0x00, 0x00, 0x00, 0x01, 0x00, 0x01, 0x00,
  0x9c, 0x00, 0x00, 0x00, 0x10, 0x00, 0x00, 0x00, 0x20, 0x00, 0x00, 0x00,
  0x75, 0x1a, 0x69, 0x09, 0x00, 0x00, 0x03, 0x00, 0x4d, 0x00, 0x00, 0x00,
  0x00, 0x00, 0x00, 0x00, 0x01, 0x00, 0x05, 0x00, 0xd8, 0x00, 0x00, 0x00,
  0x10, 0x00, 0x00, 0x00, 0x60, 0x00, 0x00, 0x00, 0xd3, 0xaf, 0x6b, 0x05,
  0x00, 0x00, 0x04, 0x00, 0xcd, 0x00, 0x00, 0x00, 0x10, 0x00, 0x00, 0x00,
  0x74, 0x29, 0x92, 0x08, 0x00, 0x00, 0x05, 0x00, 0x1b, 0x01, 0x00, 0x00,
  0x10, 0x00, 0x00, 0x00, 0x61, 0xf8, 0x97, 0x02, 0x00, 0x00, 0x06, 0x00,
  0x88, 0x01, 0x00, 0x00, 0x10, 0x00, 0x00, 0x00, 0x68, 0xf8, 0x97, 0x02,
  0x00, 0x00, 0x07, 0x00, 0x82, 0x05, 0x00, 0x00, 0x10, 0x00, 0x00, 0x00,
  0x75, 0xd1, 0xaf, 0x0b, 0x00, 0x00, 0x08, 0x00, 0x82, 0x06, 0x00, 0x00,
  0x00, 0x00, 0x00, 0x00, 0x01, 0x00, 0x01, 0x00, 0xae, 0x01, 0x00, 0x00,
  0x10, 0x00, 0x00, 0x00, 0x00, 0x00, 0x00, 0x00, 0x50, 0x26, 0x79, 0x0b,
  0x00, 0x00, 0x09, 0x00, 0xa6, 0x01, 0x00, 0x00, 0x00, 0x00, 0x00, 0x00,
  0xd0, 0x6b, 0x00, 0x00, 0x00, 0x00, 0x00, 0x00, 0x08, 0x00, 0x00, 0x00,
  0x00, 0x00, 0x00, 0x00, 0xd0, 0x6b, 0x00, 0x00, 0x00, 0x00, 0x00, 0x00,
  0xd8, 0x6b, 0x00, 0x00, 0x00, 0x00, 0x00, 0x00, 0x08, 0x00, 0x00, 0x00,
  0x00, 0x00, 0x00, 0x00, 0x80, 0x34, 0x00, 0x00, 0x00, 0x00, 0x00, 0x00,
  0xe0, 0x6b, 0x00, 0x00, 0x00, 0x00, 0x00, 0x00, 0x08, 0x00, 0x00, 0x00,
  0x00, 0x00, 0x00, 0x00, 0xc0, 0x34, 0x00, 0x00, 0x00, 0x00, 0x00, 0x00,
  0xe8, 0x6b, 0x00, 0x00, 0x00, 0x00, 0x00, 0x00, 0x08, 0x00, 0x00, 0x00,
  0x00, 0x00, 0x00, 0x00, 0x60, 0x33, 0x00, 0x00, 0x00, 0x00, 0x00, 0x00,
  0x70, 0x6c, 0x00, 0x00, 0x00, 0x00, 0x00, 0x00, 0x08, 0x00, 0x00, 0x00,
  0x00, 0x00, 0x00, 0x00, 0x30, 0x44, 0x00, 0x00, 0x00, 0x00, 0x00, 0x00,
  0x78, 0x6c, 0x00, 0x00, 0x00, 0x00, 0x00, 0x00, 0x08, 0x00, 0x00, 0x00,
  0x00, 0x00, 0x00, 0x00, 0xc0, 0x44, 0x00, 0x00, 0x00, 0x00, 0x00, 0x00,
  0x90, 0x6c, 0x00, 0x00, 0x00, 0x00, 0x00, 0x00, 0x08, 0x00, 0x00, 0x00,
  0x00, 0x00, 0x00, 0x00, 0x60, 0x44, 0x00, 0x00, 0x00, 0x00, 0x00, 0x00,
  0x98, 0x6c, 0x00, 0x00, 0x00, 0x00, 0x00, 0x00, 0x08, 0x00, 0x00, 0x00,
  0x00, 0x00, 0x00, 0x00, 0x90, 0x44, 0x00, 0x00, 0x00, 0x00, 0x00, 0x00,
  0xc0, 0x6c, 0x00, 0x00, 0x00, 0x00, 0x00, 0x00, 0x08, 0x00, 0x00, 0x00,
  0x00, 0x00, 0x00, 0x00, 0x30, 0x4b, 0x00, 0x00, 0x00, 0x00, 0x00, 0x00,
  0xc8, 0x6c, 0x00, 0x00, 0x00, 0x00, 0x00, 0x00, 0x08, 0x00, 0x00, 0x00,
  0x00, 0x00, 0x00, 0x00, 0xc0, 0x4b, 0x00, 0x00, 0x00, 0x00, 0x00, 0x00,
  0x50, 0x6f, 0x00, 0x00, 0x00, 0x00, 0x00, 0x00, 0x06, 0x00, 0x00, 0x00,
  0x01, 0x00, 0x00, 0x00, 0x00, 0x00, 0x00, 0x00, 0x00, 0x00, 0x00, 0x00,
  0x58, 0x6f, 0x00, 0x00, 0x00, 0x00, 0x00, 0x00, 0x06, 0x00, 0x00, 0x00,
  0x02, 0x00, 0x00, 0x00, 0x00, 0x00, 0x00, 0x00, 0x00, 0x00, 0x00, 0x00,
  0x70, 0x6f, 0x00, 0x00, 0x00, 0x00, 0x00, 0x00, 0x06, 0x00, 0x00, 0x00,
  0x03, 0x00, 0x00, 0x00, 0x00, 0x00, 0x00, 0x00, 0x00, 0x00, 0x00, 0x00,
  0x60, 0x6f, 0x00, 0x00, 0x00, 0x00, 0x00, 0x00, 0x06, 0x00, 0x00, 0x00,
  0x04, 0x00, 0x00, 0x00, 0x00, 0x00, 0x00, 0x00, 0x00, 0x00, 0x00, 0x00,
  0x68, 0x6f, 0x00, 0x00, 0x00, 0x00, 0x00, 0x00, 0x06, 0x00, 0x00, 0x00,
  0x05, 0x00, 0x00, 0x00, 0x00, 0x00, 0x00, 0x00, 0x00, 0x00, 0x00, 0x00,
  0x20, 0x72, 0x00, 0x00, 0x00, 0x00, 0x00, 0x00, 0x01, 0x00, 0x00, 0x00,
  0x07, 0x00, 0x00, 0x00, 0x00, 0x00, 0x00, 0x00, 0x00, 0x00, 0x00, 0x00,
  0x80, 0x6f, 0x00, 0x00, 0x00, 0x00, 0x00, 0x00, 0x06, 0x00, 0x00, 0x00,
  0x0b, 0x00, 0x00, 0x00, 0x00, 0x00, 0x00, 0x00, 0x00, 0x00, 0x00, 0x00,
  0xb0, 0x6f, 0x00, 0x00, 0x00, 0x00, 0x00, 0x00, 0x06, 0x00, 0x00, 0x00,
  0x0f, 0x00, 0x00, 0x00, 0x00, 0x00, 0x00, 0x00, 0x00, 0x00, 0x00, 0x00,
  0xb8, 0x6f, 0x00, 0x00, 0x00, 0x00, 0x00, 0x00, 0x06, 0x00, 0x00, 0x00,
  0x15, 0x00, 0x00, 0x00, 0x00, 0x00, 0x00, 0x00, 0x00, 0x00, 0x00, 0x00,
  0xc0, 0x6f, 0x00, 0x00, 0x00, 0x00, 0x00, 0x00, 0x06, 0x00, 0x00, 0x00,
  0x16, 0x00, 0x00, 0x00, 0x00, 0x00, 0x00, 0x00, 0x00, 0x00, 0x00, 0x00,
  0xc8, 0x6f, 0x00, 0x00, 0x00, 0x00, 0x00, 0x00, 0x06, 0x00, 0x00, 0x00,
  0x39, 0x00, 0x00, 0x00, 0x00, 0x00, 0x00, 0x00, 0x00, 0x00, 0x00, 0x00,
  0xd0, 0x6f, 0x00, 0x00, 0x00, 0x00, 0x00, 0x00, 0x06, 0x00, 0x00, 0x00,
  0x3a, 0x00, 0x00, 0x00, 0x00, 0x00, 0x00, 0x00, 0x00, 0x00, 0x00, 0x00,
  0xb0, 0x6c, 0x00, 0x00, 0x00, 0x00, 0x00, 0x00, 0x01, 0x00, 0x00, 0x00,
  0x40, 0x00, 0x00, 0x00, 0x00, 0x00, 0x00, 0x00, 0x00, 0x00, 0x00, 0x00,
  0xa8, 0x6f, 0x00, 0x00, 0x00, 0x00, 0x00, 0x00, 0x06, 0x00, 0x00, 0x00,
  0x42, 0x00, 0x00, 0x00, 0x00, 0x00, 0x00, 0x00, 0x00, 0x00, 0x00, 0x00,
  0xd8, 0x6f, 0x00, 0x00, 0x00, 0x00, 0x00, 0x00, 0x06, 0x00, 0x00, 0x00,
  0x45, 0x00, 0x00, 0x00, 0x00, 0x00, 0x00, 0x00, 0x00, 0x00, 0x00, 0x00,
  0xe0, 0x6f, 0x00, 0x00, 0x00, 0x00, 0x00, 0x00, 0x06, 0x00, 0x00, 0x00,
  0x46, 0x00, 0x00, 0x00, 0x00, 0x00, 0x00, 0x00, 0x00, 0x00, 0x00, 0x00,
  0xf0, 0x6b, 0x00, 0x00, 0x00, 0x00, 0x00, 0x00, 0x01, 0x00, 0x00, 0x00,
  0x47, 0x00, 0x00, 0x00, 0x10, 0x00, 0x00, 0x00, 0x00, 0x00, 0x00, 0x00,
  0x38, 0x6c, 0x00, 0x00, 0x00, 0x00, 0x00, 0x00, 0x01, 0x00, 0x00, 0x00,
  0x47, 0x00, 0x00, 0x00, 0x10, 0x00, 0x00, 0x00, 0x00, 0x00, 0x00, 0x00,
  0x00, 0x6c, 0x00, 0x00, 0x00, 0x00, 0x00, 0x00, 0x01, 0x00, 0x00, 0x00,
  0x48, 0x00, 0x00, 0x00, 0x10, 0x00, 0x00, 0x00, 0x00, 0x00, 0x00, 0x00,
  0x28, 0x6c, 0x00, 0x00, 0x00, 0x00, 0x00, 0x00, 0x01, 0x00, 0x00, 0x00,
  0x49, 0x00, 0x00, 0x00, 0x00, 0x00, 0x00, 0x00, 0x00, 0x00, 0x00, 0x00,
  0x48, 0x6c, 0x00, 0x00, 0x00, 0x00, 0x00, 0x00, 0x01, 0x00, 0x00, 0x00,
  0x4a, 0x00, 0x00, 0x00, 0x10, 0x00, 0x00, 0x00, 0x00, 0x00, 0x00, 0x00,
  0x18, 0x72, 0x00, 0x00, 0x00, 0x00, 0x00, 0x00, 0x01, 0x00, 0x00, 0x00,
  0x4b, 0x00, 0x00, 0x00, 0x00, 0x00, 0x00, 0x00, 0x00, 0x00, 0x00, 0x00,
  0x88, 0x6f, 0x00, 0x00, 0x00, 0x00, 0x00, 0x00, 0x06, 0x00, 0x00, 0x00,
  0x4c, 0x00, 0x00, 0x00, 0x00, 0x00, 0x00, 0x00, 0x00, 0x00, 0x00, 0x00,
  0xa8, 0x6c, 0x00, 0x00, 0x00, 0x00, 0x00, 0x00, 0x01, 0x00, 0x00, 0x00,
  0x4f, 0x00, 0x00, 0x00, 0x00, 0x00, 0x00, 0x00, 0x00, 0x00, 0x00, 0x00,
  0x18, 0x6c, 0x00, 0x00, 0x00, 0x00, 0x00, 0x00, 0x01, 0x00, 0x00, 0x00,
  0x55, 0x00, 0x00, 0x00, 0x00, 0x00, 0x00, 0x00, 0x00, 0x00, 0x00, 0x00,
  0x90, 0x6f, 0x00, 0x00, 0x00, 0x00, 0x00, 0x00, 0x06, 0x00, 0x00, 0x00,
  0x59, 0x00, 0x00, 0x00, 0x00, 0x00, 0x00, 0x00, 0x00, 0x00, 0x00, 0x00,
  0x40, 0x6c, 0x00, 0x00, 0x00, 0x00, 0x00, 0x00, 0x01, 0x00, 0x00, 0x00,
  0x5b, 0x00, 0x00, 0x00, 0x00, 0x00, 0x00, 0x00, 0x00, 0x00, 0x00, 0x00,
  0x50, 0x6c, 0x00, 0x00, 0x00, 0x00, 0x00, 0x00, 0x01, 0x00, 0x00, 0x00,
  0x5c, 0x00, 0x00, 0x00, 0x00, 0x00, 0x00, 0x00, 0x00, 0x00, 0x00, 0x00,
  0x98, 0x6f, 0x00, 0x00, 0x00, 0x00, 0x00, 0x00, 0x06, 0x00, 0x00, 0x00,
  0x5d, 0x00, 0x00, 0x00, 0x00, 0x00, 0x00, 0x00, 0x00, 0x00, 0x00, 0x00,
  0x78, 0x6f, 0x00, 0x00, 0x00, 0x00, 0x00, 0x00, 0x06, 0x00, 0x00, 0x00,
  0x5e, 0x00, 0x00, 0x00, 0x00, 0x00, 0x00, 0x00, 0x00, 0x00, 0x00, 0x00,
  0xa0, 0x6f, 0x00, 0x00, 0x00, 0x00, 0x00, 0x00, 0x06, 0x00, 0x00, 0x00,
  0x60, 0x00, 0x00, 0x00, 0x00, 0x00, 0x00, 0x00, 0x00, 0x00, 0x00, 0x00,
  0x88, 0x6c, 0x00, 0x00, 0x00, 0x00, 0x00, 0x00, 0x01, 0x00, 0x00, 0x00,
  0x61, 0x00, 0x00, 0x00, 0x00, 0x00, 0x00, 0x00, 0x00, 0x00, 0x00, 0x00,
  0x08, 0x6c, 0x00, 0x00, 0x00, 0x00, 0x00, 0x00, 0x01, 0x00, 0x00, 0x00,
  0x64, 0x00, 0x00, 0x00, 0x00, 0x00, 0x00, 0x00, 0x00, 0x00, 0x00, 0x00,
  0xf8, 0x6b, 0x00, 0x00, 0x00, 0x00, 0x00, 0x00, 0x01, 0x00, 0x00, 0x00,
  0x67, 0x00, 0x00, 0x00, 0x00, 0x00, 0x00, 0x00, 0x00, 0x00, 0x00, 0x00,
  0x58, 0x6c, 0x00, 0x00, 0x00, 0x00, 0x00, 0x00, 0x01, 0x00, 0x00, 0x00,
  0x6a, 0x00, 0x00, 0x00, 0x00, 0x00, 0x00, 0x00, 0x00, 0x00, 0x00, 0x00,
  0x68, 0x6c, 0x00, 0x00, 0x00, 0x00, 0x00, 0x00, 0x01, 0x00, 0x00, 0x00,
  0x6a, 0x00, 0x00, 0x00, 0x00, 0x00, 0x00, 0x00, 0x00, 0x00, 0x00, 0x00,
  0xb8, 0x6c, 0x00, 0x00, 0x00, 0x00, 0x00, 0x00, 0x01, 0x00, 0x00, 0x00,
  0x6b, 0x00, 0x00, 0x00, 0x00, 0x00, 0x00, 0x00, 0x00, 0x00, 0x00, 0x00,
  0x00, 0x70, 0x00, 0x00, 0x00, 0x00, 0x00, 0x00, 0x07, 0x00, 0x00, 0x00,
  0x01, 0x00, 0x00, 0x00, 0x00, 0x00, 0x00, 0x00, 0x00, 0x00, 0x00, 0x00,
  0x08, 0x70, 0x00, 0x00, 0x00, 0x00, 0x00, 0x00, 0x07, 0x00, 0x00, 0x00,
  0x05, 0x00, 0x00, 0x00, 0x00, 0x00, 0x00, 0x00, 0x00, 0x00, 0x00, 0x00,
  0x10, 0x70, 0x00, 0x00, 0x00, 0x00, 0x00, 0x00, 0x07, 0x00, 0x00, 0x00,
  0x11, 0x00, 0x00, 0x00, 0x00, 0x00, 0x00, 0x00, 0x00, 0x00, 0x00, 0x00,
  0x18, 0x70, 0x00, 0x00, 0x00, 0x00, 0x00, 0x00, 0x07, 0x00, 0x00, 0x00,
  0x12, 0x00, 0x00, 0x00, 0x00, 0x00, 0x00, 0x00, 0x00, 0x00, 0x00, 0x00,
  0x20, 0x70, 0x00, 0x00, 0x00, 0x00, 0x00, 0x00, 0x07, 0x00, 0x00, 0x00,
  0x1a, 0x00, 0x00, 0x00, 0x00, 0x00, 0x00, 0x00, 0x00, 0x00, 0x00, 0x00,
  0x28, 0x70, 0x00, 0x00, 0x00, 0x00, 0x00, 0x00, 0x07, 0x00, 0x00, 0x00,
  0x1b, 0x00, 0x00, 0x00, 0x00, 0x00, 0x00, 0x00, 0x00, 0x00, 0x00, 0x00,
  0x30, 0x70, 0x00, 0x00, 0x00, 0x00, 0x00, 0x00, 0x07, 0x00, 0x00, 0x00,
  0x0a, 0x00, 0x00, 0x00, 0x00, 0x00, 0x00, 0x00, 0x00, 0x00, 0x00, 0x00,
  0x38, 0x70, 0x00, 0x00, 0x00, 0x00, 0x00, 0x00, 0x07, 0x00, 0x00, 0x00,
  0x23, 0x00, 0x00, 0x00, 0x00, 0x00, 0x00, 0x00, 0x00, 0x00, 0x00, 0x00,
  0x40, 0x70, 0x00, 0x00, 0x00, 0x00, 0x00, 0x00, 0x07, 0x00, 0x00, 0x00,
  0x24, 0x00, 0x00, 0x00, 0x00, 0x00, 0x00, 0x00, 0x00, 0x00, 0x00, 0x00,
  0x48, 0x70, 0x00, 0x00, 0x00, 0x00, 0x00, 0x00, 0x07, 0x00, 0x00, 0x00,
  0x26, 0x00, 0x00, 0x00, 0x00, 0x00, 0x00, 0x00, 0x00, 0x00, 0x00, 0x00,
  0x50, 0x70, 0x00, 0x00, 0x00, 0x00, 0x00, 0x00, 0x07, 0x00, 0x00, 0x00,
  0x06, 0x00, 0x00, 0x00, 0x00, 0x00, 0x00, 0x00, 0x00, 0x00, 0x00, 0x00,
  0x58, 0x70, 0x00, 0x00, 0x00, 0x00, 0x00, 0x00, 0x07, 0x00, 0x00, 0x00,
  0x28, 0x00, 0x00, 0x00, 0x00, 0x00, 0x00, 0x00, 0x00, 0x00, 0x00, 0x00,
  0x60, 0x70, 0x00, 0x00, 0x00, 0x00, 0x00, 0x00, 0x07, 0x00, 0x00, 0x00,
  0x2a, 0x00, 0x00, 0x00, 0x00, 0x00, 0x00, 0x00, 0x00, 0x00, 0x00, 0x00,
  0x68, 0x70, 0x00, 0x00, 0x00, 0x00, 0x00, 0x00, 0x07, 0x00, 0x00, 0x00,
  0x2b, 0x00, 0x00, 0x00, 0x00, 0x00, 0x00, 0x00, 0x00, 0x00, 0x00, 0x00,
  0x70, 0x70, 0x00, 0x00, 0x00, 0x00, 0x00, 0x00, 0x07, 0x00, 0x00, 0x00,
  0x2c, 0x00, 0x00, 0x00, 0x00, 0x00, 0x00, 0x00, 0x00, 0x00, 0x00, 0x00,
  0x78, 0x70, 0x00, 0x00, 0x00, 0x00, 0x00, 0x00, 0x07, 0x00, 0x00, 0x00,
  0x2d, 0x00, 0x00, 0x00, 0x00, 0x00, 0x00, 0x00, 0x00, 0x00, 0x00, 0x00,
  0x80, 0x70, 0x00, 0x00, 0x00, 0x00, 0x00, 0x00, 0x07, 0x00, 0x00, 0x00,
  0x2f, 0x00, 0x00, 0x00, 0x00, 0x00, 0x00, 0x00, 0x00, 0x00, 0x00, 0x00,
  0x88, 0x70, 0x00, 0x00, 0x00, 0x00, 0x00, 0x00, 0x07, 0x00, 0x00, 0x00,
  0x30, 0x00, 0x00, 0x00, 0x00, 0x00, 0x00, 0x00, 0x00, 0x00, 0x00, 0x00,
  0x90, 0x70, 0x00, 0x00, 0x00, 0x00, 0x00, 0x00, 0x07, 0x00, 0x00, 0x00,
  0x2e, 0x00, 0x00, 0x00, 0x00, 0x00, 0x00, 0x00, 0x00, 0x00, 0x00, 0x00,
  0x98, 0x70, 0x00, 0x00, 0x00, 0x00, 0x00, 0x00, 0x07, 0x00, 0x00, 0x00,
  0x31, 0x00, 0x00, 0x00, 0x00, 0x00, 0x00, 0x00, 0x00, 0x00, 0x00, 0x00,
  0xa0, 0x70, 0x00, 0x00, 0x00, 0x00, 0x00, 0x00, 0x07, 0x00, 0x00, 0x00,
  0x32, 0x00, 0x00, 0x00, 0x00, 0x00, 0x00, 0x00, 0x00, 0x00, 0x00, 0x00,
  0xa8, 0x70, 0x00, 0x00, 0x00, 0x00, 0x00, 0x00, 0x07, 0x00, 0x00, 0x00,
  0x33, 0x00, 0x00, 0x00, 0x00, 0x00, 0x00, 0x00, 0x00, 0x00, 0x00, 0x00,
  0xb0, 0x70, 0x00, 0x00, 0x00, 0x00, 0x00, 0x00, 0x07, 0x00, 0x00, 0x00,
  0x29, 0x00, 0x00, 0x00, 0x00, 0x00, 0x00, 0x00, 0x00, 0x00, 0x00, 0x00,
  0xb8, 0x70, 0x00, 0x00, 0x00, 0x00, 0x00, 0x00, 0x07, 0x00, 0x00, 0x00,
  0x27, 0x00, 0x00, 0x00, 0x00, 0x00, 0x00, 0x00, 0x00, 0x00, 0x00, 0x00,
  0xc0, 0x70, 0x00, 0x00, 0x00, 0x00, 0x00, 0x00, 0x07, 0x00, 0x00, 0x00,
  0x25, 0x00, 0x00, 0x00, 0x00, 0x00, 0x00, 0x00, 0x00, 0x00, 0x00, 0x00,
  0xc8, 0x70, 0x00, 0x00, 0x00, 0x00, 0x00, 0x00, 0x07, 0x00, 0x00, 0x00,
  0x1c, 0x00, 0x00, 0x00, 0x00, 0x00, 0x00, 0x00, 0x00, 0x00, 0x00, 0x00,
  0xd0, 0x70, 0x00, 0x00, 0x00, 0x00, 0x00, 0x00, 0x07, 0x00, 0x00, 0x00,
  0x34, 0x00, 0x00, 0x00, 0x00, 0x00, 0x00, 0x00, 0x00, 0x00, 0x00, 0x00,
  0xd8, 0x70, 0x00, 0x00, 0x00, 0x00, 0x00, 0x00, 0x07, 0x00, 0x00, 0x00,
  0x66, 0x00, 0x00, 0x00, 0x00, 0x00, 0x00, 0x00, 0x00, 0x00, 0x00, 0x00,
  0xe0, 0x70, 0x00, 0x00, 0x00, 0x00, 0x00, 0x00, 0x07, 0x00, 0x00, 0x00,
  0x35, 0x00, 0x00, 0x00, 0x00, 0x00, 0x00, 0x00, 0x00, 0x00, 0x00, 0x00,
  0xe8, 0x70, 0x00, 0x00, 0x00, 0x00, 0x00, 0x00, 0x07, 0x00, 0x00, 0x00,
  0x21, 0x00, 0x00, 0x00, 0x00, 0x00, 0x00, 0x00, 0x00, 0x00, 0x00, 0x00,
  0xf0, 0x70, 0x00, 0x00, 0x00, 0x00, 0x00, 0x00, 0x07, 0x00, 0x00, 0x00,
  0x0c, 0x00, 0x00, 0x00, 0x00, 0x00, 0x00, 0x00, 0x00, 0x00, 0x00, 0x00,
  0xf8, 0x70, 0x00, 0x00, 0x00, 0x00, 0x00, 0x00, 0x07, 0x00, 0x00, 0x00,
  0x36, 0x00, 0x00, 0x00, 0x00, 0x00, 0x00, 0x00, 0x00, 0x00, 0x00, 0x00,
  0x00, 0x71, 0x00, 0x00, 0x00, 0x00, 0x00, 0x00, 0x07, 0x00, 0x00, 0x00,
  0x37, 0x00, 0x00, 0x00, 0x00, 0x00, 0x00, 0x00, 0x00, 0x00, 0x00, 0x00,
  0x08, 0x71, 0x00, 0x00, 0x00, 0x00, 0x00, 0x00, 0x07, 0x00, 0x00, 0x00,
  0x53, 0x00, 0x00, 0x00, 0x00, 0x00, 0x00, 0x00, 0x00, 0x00, 0x00, 0x00,
  0x10, 0x71, 0x00, 0x00, 0x00, 0x00, 0x00, 0x00, 0x07, 0x00, 0x00, 0x00,
  0x3d, 0x00, 0x00, 0x00, 0x00, 0x00, 0x00, 0x00, 0x00, 0x00, 0x00, 0x00,
  0x18, 0x71, 0x00, 0x00, 0x00, 0x00, 0x00, 0x00, 0x07, 0x00, 0x00, 0x00,
  0x56, 0x00, 0x00, 0x00, 0x00, 0x00, 0x00, 0x00, 0x00, 0x00, 0x00, 0x00,
  0x20, 0x71, 0x00, 0x00, 0x00, 0x00, 0x00, 0x00, 0x07, 0x00, 0x00, 0x00,
  0x17, 0x00, 0x00, 0x00, 0x00, 0x00, 0x00, 0x00, 0x00, 0x00, 0x00, 0x00,
  0x28, 0x71, 0x00, 0x00, 0x00, 0x00, 0x00, 0x00, 0x07, 0x00, 0x00, 0x00,
  0x69, 0x00, 0x00, 0x00, 0x00, 0x00, 0x00, 0x00, 0x00, 0x00, 0x00, 0x00,
  0x30, 0x71, 0x00, 0x00, 0x00, 0x00, 0x00, 0x00, 0x07, 0x00, 0x00, 0x00,
  0x62, 0x00, 0x00, 0x00, 0x00, 0x00, 0x00, 0x00, 0x00, 0x00, 0x00, 0x00,
  0x38, 0x71, 0x00, 0x00, 0x00, 0x00, 0x00, 0x00, 0x07, 0x00, 0x00, 0x00,
  0x51, 0x00, 0x00, 0x00, 0x00, 0x00, 0x00, 0x00, 0x00, 0x00, 0x00, 0x00,
  0x40, 0x71, 0x00, 0x00, 0x00, 0x00, 0x00, 0x00, 0x07, 0x00, 0x00, 0x00,
  0x3f, 0x00, 0x00, 0x00, 0x00, 0x00, 0x00, 0x00, 0x00, 0x00, 0x00, 0x00,
  0x48, 0x71, 0x00, 0x00, 0x00, 0x00, 0x00, 0x00, 0x07, 0x00, 0x00, 0x00,
  0x54, 0x00, 0x00, 0x00, 0x00, 0x00, 0x00, 0x00, 0x00, 0x00, 0x00, 0x00,
  0x50, 0x71, 0x00, 0x00, 0x00, 0x00, 0x00, 0x00, 0x07, 0x00, 0x00, 0x00,
  0x40, 0x00, 0x00, 0x00, 0x00, 0x00, 0x00, 0x00, 0x00, 0x00, 0x00, 0x00,
  0x58, 0x71, 0x00, 0x00, 0x00, 0x00, 0x00, 0x00, 0x07, 0x00, 0x00, 0x00,
  0x41, 0x00, 0x00, 0x00, 0x00, 0x00, 0x00, 0x00, 0x00, 0x00, 0x00, 0x00,
  0x60, 0x71, 0x00, 0x00, 0x00, 0x00, 0x00, 0x00, 0x07, 0x00, 0x00, 0x00,
  0x6b, 0x00, 0x00, 0x00, 0x00, 0x00, 0x00, 0x00, 0x00, 0x00, 0x00, 0x00,
  0x68, 0x71, 0x00, 0x00, 0x00, 0x00, 0x00, 0x00, 0x07, 0x00, 0x00, 0x00,
  0x43, 0x00, 0x00, 0x00, 0x00, 0x00, 0x00, 0x00, 0x00, 0x00, 0x00, 0x00,
  0x70, 0x71, 0x00, 0x00, 0x00, 0x00, 0x00, 0x00, 0x07, 0x00, 0x00, 0x00,
  0x08, 0x00, 0x00, 0x00, 0x00, 0x00, 0x00, 0x00, 0x00, 0x00, 0x00, 0x00,
  0x78, 0x71, 0x00, 0x00, 0x00, 0x00, 0x00, 0x00, 0x07, 0x00, 0x00, 0x00,
  0x0d, 0x00, 0x00, 0x00, 0x00, 0x00, 0x00, 0x00, 0x00, 0x00, 0x00, 0x00,
  0x80, 0x71, 0x00, 0x00, 0x00, 0x00, 0x00, 0x00, 0x07, 0x00, 0x00, 0x00,
  0x0e, 0x00, 0x00, 0x00, 0x00, 0x00, 0x00, 0x00, 0x00, 0x00, 0x00, 0x00,
  0x88, 0x71, 0x00, 0x00, 0x00, 0x00, 0x00, 0x00, 0x07, 0x00, 0x00, 0x00,
  0x10, 0x00, 0x00, 0x00, 0x00, 0x00, 0x00, 0x00, 0x00, 0x00, 0x00, 0x00,
  0x90, 0x71, 0x00, 0x00, 0x00, 0x00, 0x00, 0x00, 0x07, 0x00, 0x00, 0x00,
  0x13, 0x00, 0x00, 0x00, 0x00, 0x00, 0x00, 0x00, 0x00, 0x00, 0x00, 0x00,
  0x98, 0x71, 0x00, 0x00, 0x00, 0x00, 0x00, 0x00, 0x07, 0x00, 0x00, 0x00,
  0x14, 0x00, 0x00, 0x00, 0x00, 0x00, 0x00, 0x00, 0x00, 0x00, 0x00, 0x00,
  0xa0, 0x71, 0x00, 0x00, 0x00, 0x00, 0x00, 0x00, 0x07, 0x00, 0x00, 0x00,
  0x18, 0x00, 0x00, 0x00, 0x00, 0x00, 0x00, 0x00, 0x00, 0x00, 0x00, 0x00,
  0xa8, 0x71, 0x00, 0x00, 0x00, 0x00, 0x00, 0x00, 0x07, 0x00, 0x00, 0x00,
  0x19, 0x00, 0x00, 0x00, 0x00, 0x00, 0x00, 0x00, 0x00, 0x00, 0x00, 0x00,
  0xb0, 0x71, 0x00, 0x00, 0x00, 0x00, 0x00, 0x00, 0x07, 0x00, 0x00, 0x00,
  0x38, 0x00, 0x00, 0x00, 0x00, 0x00, 0x00, 0x00, 0x00, 0x00, 0x00, 0x00,
  0xb8, 0x71, 0x00, 0x00, 0x00, 0x00, 0x00, 0x00, 0x07, 0x00, 0x00, 0x00,
  0x3b, 0x00, 0x00, 0x00, 0x00, 0x00, 0x00, 0x00, 0x00, 0x00, 0x00, 0x00,
  0xc0, 0x71, 0x00, 0x00, 0x00, 0x00, 0x00, 0x00, 0x07, 0x00, 0x00, 0x00,
  0x1e, 0x00, 0x00, 0x00, 0x00, 0x00, 0x00, 0x00, 0x00, 0x00, 0x00, 0x00,
  0xc8, 0x71, 0x00, 0x00, 0x00, 0x00, 0x00, 0x00, 0x07, 0x00, 0x00, 0x00,
  0x20, 0x00, 0x00, 0x00, 0x00, 0x00, 0x00, 0x00, 0x00, 0x00, 0x00, 0x00,
  0xd0, 0x71, 0x00, 0x00, 0x00, 0x00, 0x00, 0x00, 0x07, 0x00, 0x00, 0x00,
  0x1f, 0x00, 0x00, 0x00, 0x00, 0x00, 0x00, 0x00, 0x00, 0x00, 0x00, 0x00,
  0xd8, 0x71, 0x00, 0x00, 0x00, 0x00, 0x00, 0x00, 0x07, 0x00, 0x00, 0x00,
  0x3e, 0x00, 0x00, 0x00, 0x00, 0x00, 0x00, 0x00, 0x00, 0x00, 0x00, 0x00,
  0xe0, 0x71, 0x00, 0x00, 0x00, 0x00, 0x00, 0x00, 0x07, 0x00, 0x00, 0x00,
  0x1d, 0x00, 0x00, 0x00, 0x00, 0x00, 0x00, 0x00, 0x00, 0x00, 0x00, 0x00,
  0xe8, 0x71, 0x00, 0x00, 0x00, 0x00, 0x00, 0x00, 0x07, 0x00, 0x00, 0x00,
  0x22, 0x00, 0x00, 0x00, 0x00, 0x00, 0x00, 0x00, 0x00, 0x00, 0x00, 0x00,
  0xf0, 0x71, 0x00, 0x00, 0x00, 0x00, 0x00, 0x00, 0x07, 0x00, 0x00, 0x00,
  0x5f, 0x00, 0x00, 0x00, 0x00, 0x00, 0x00, 0x00, 0x00, 0x00, 0x00, 0x00,
  0xf8, 0x71, 0x00, 0x00, 0x00, 0x00, 0x00, 0x00, 0x07, 0x00, 0x00, 0x00,
  0x3c, 0x00, 0x00, 0x00, 0x00, 0x00, 0x00, 0x00, 0x00, 0x00, 0x00, 0x00,
  0x00, 0x72, 0x00, 0x00, 0x00, 0x00, 0x00, 0x00, 0x07, 0x00, 0x00, 0x00,
  0x44, 0x00, 0x00, 0x00, 0x00, 0x00, 0x00, 0x00, 0x00, 0x00, 0x00, 0x00,
  0x08, 0x72, 0x00, 0x00, 0x00, 0x00, 0x00, 0x00, 0x07, 0x00, 0x00, 0x00,
  0x09, 0x00, 0x00, 0x00, 0x00, 0x00, 0x00, 0x00, 0x00, 0x00, 0x00, 0x00,
  0x10, 0x72, 0x00, 0x00, 0x00, 0x00, 0x00, 0x00, 0x07, 0x00, 0x00, 0x00,
  0x07, 0x00, 0x00, 0x00, 0x00, 0x00, 0x00, 0x00, 0x00, 0x00, 0x00, 0x00,
  0x48, 0x83, 0xec, 0x08, 0x48, 0x8b, 0x05, 0x1d, 0x49, 0x00, 0x00, 0x48,
  0x85, 0xc0, 0x74, 0x05, 0xe8, 0x23, 0x00, 0x00, 0x00, 0x48, 0x83, 0xc4,
  0x08, 0xc3, 0x00, 0x00, 0x00, 0x00, 0x00, 0x00, 0x00, 0x00, 0x00, 0x00,
  0x00, 0x00, 0x00, 0x00, 0xff, 0x35, 0x9a, 0x49, 0x00, 0x00, 0xff, 0x25,
  0x9c, 0x49, 0x00, 0x00, 0x90, 0x90, 0x90, 0x90, 0xff, 0x25, 0x9a, 0x49,
  0x00, 0x00, 0x68, 0x00, 0x00, 0x00, 0x00, 0xe9, 0xe0, 0xff, 0xff, 0xff,
  0xff, 0x25, 0x92, 0x49, 0x00, 0x00, 0x68, 0x01, 0x00, 0x00, 0x00, 0xe9,
  0xd0, 0xff, 0xff, 0xff, 0xff, 0x25, 0x8a, 0x49, 0x00, 0x00, 0x68, 0x02,
  0x00, 0x00, 0x00, 0xe9, 0xc0, 0xff, 0xff, 0xff, 0xff, 0x25, 0x82, 0x49,
  0x00, 0x00, 0x68, 0x03, 0x00, 0x00, 0x00, 0xe9, 0xb0, 0xff, 0xff, 0xff,
  0xff, 0x25, 0x7a, 0x49, 0x00, 0x00, 0x68, 0x04, 0x00, 0x00, 0x00, 0xe9,
  0xa0, 0xff, 0xff, 0xff, 0xff, 0x25, 0x72, 0x49, 0x00, 0x00, 0x68, 0x05,
  0x00, 0x00, 0x00, 0xe9, 0x90, 0xff, 0xff, 0xff, 0xff, 0x25, 0x6a, 0x49,
  0x00, 0x00, 0x68, 0x06, 0x00, 0x00, 0x00, 0xe9, 0x80, 0xff, 0xff, 0xff,
  0xff, 0x25, 0x62, 0x49, 0x00, 0x00, 0x68, 0x07, 0x00, 0x00, 0x00, 0xe9,
  0x70, 0xff, 0xff, 0xff, 0xff, 0x25, 0x5a, 0x49, 0x00, 0x00, 0x68, 0x08,
  0x00, 0x00, 0x00, 0xe9, 0x60, 0xff, 0xff, 0xff, 0xff, 0x25, 0x52, 0x49,
  0x00, 0x00, 0x68, 0x09, 0x00, 0x00, 0x00, 0xe9, 0x50, 0xff, 0xff, 0xff,
  0xff, 0x25, 0x4a, 0x49, 0x00, 0x00, 0x68, 0x0a, 0x00, 0x00, 0x00, 0xe9,
  0x40, 0xff, 0xff, 0xff, 0xff, 0x25, 0x42, 0x49, 0x00, 0x00, 0x68, 0x0b,
  0x00, 0x00, 0x00, 0xe9, 0x30, 0xff, 0xff, 0xff, 0xff, 0x25, 0x3a, 0x49,
  0x00, 0x00, 0x68, 0x0c, 0x00, 0x00, 0x00, 0xe9, 0x20, 0xff, 0xff, 0xff,
  0xff, 0x25, 0x32, 0x49, 0x00, 0x00, 0x68, 0x0d, 0x00, 0x00, 0x00, 0xe9,
  0x10, 0xff, 0xff, 0xff, 0xff, 0x25, 0x2a, 0x49, 0x00, 0x00, 0x68, 0x0e,
  0x00, 0x00, 0x00, 0xe9, 0x00, 0xff, 0xff, 0xff, 0xff, 0x25, 0x22, 0x49,
  0x00, 0x00, 0x68, 0x0f, 0x00, 0x00, 0x00, 0xe9, 0xf0, 0xfe, 0xff, 0xff,
  0xff, 0x25, 0x1a, 0x49, 0x00, 0x00, 0x68, 0x10, 0x00, 0x00, 0x00, 0xe9,
  0xe0, 0xfe, 0xff, 0xff, 0xff, 0x25, 0x12, 0x49, 0x00, 0x00, 0x68, 0x11,
  0x00, 0x00, 0x00, 0xe9, 0xd0, 0xfe, 0xff, 0xff, 0xff, 0x25, 0x0a, 0x49,
  0x00, 0x00, 0x68, 0x12, 0x00, 0x00, 0x00, 0xe9, 0xc0, 0xfe, 0xff, 0xff,
  0xff, 0x25, 0x02, 0x49, 0x00, 0x00, 0x68, 0x13, 0x00, 0x00, 0x00, 0xe9,
  0xb0, 0xfe, 0xff, 0xff, 0xff, 0x25, 0xfa, 0x48, 0x00, 0x00, 0x68, 0x14,
  0x00, 0x00, 0x00, 0xe9, 0xa0, 0xfe, 0xff, 0xff, 0xff, 0x25, 0xf2, 0x48,
  0x00, 0x00, 0x68, 0x15, 0x00, 0x00, 0x00, 0xe9, 0x90, 0xfe, 0xff, 0xff,
  0xff, 0x25, 0xea, 0x48, 0x00, 0x00, 0x68, 0x16, 0x00, 0x00, 0x00, 0xe9,
  0x80, 0xfe, 0xff, 0xff, 0xff, 0x25, 0xe2, 0x48, 0x00, 0x00, 0x68, 0x17,
  0x00, 0x00, 0x00, 0xe9, 0x70, 0xfe, 0xff, 0xff, 0xff, 0x25, 0xda, 0x48,
  0x00, 0x00, 0x68, 0x18, 0x00, 0x00, 0x00, 0xe9, 0x60, 0xfe, 0xff, 0xff,
  0xff, 0x25, 0xd2, 0x48, 0x00, 0x00, 0x68, 0x19, 0x00, 0x00, 0x00, 0xe9,
  0x50, 0xfe, 0xff, 0xff, 0xff, 0x25, 0xca, 0x48, 0x00, 0x00, 0x68, 0x1a,
  0x00, 0x00, 0x00, 0xe9, 0x40, 0xfe, 0xff, 0xff, 0xff, 0x25, 0xc2, 0x48,
  0x00, 0x00, 0x68, 0x1b, 0x00, 0x00, 0x00, 0xe9, 0x30, 0xfe, 0xff, 0xff,
  0xff, 0x25, 0xba, 0x48, 0x00, 0x00, 0x68, 0x1c, 0x00, 0x00, 0x00, 0xe9,
  0x20, 0xfe, 0xff, 0xff, 0xff, 0x25, 0xb2, 0x48, 0x00, 0x00, 0x68, 0x1d,
  0x00, 0x00, 0x00, 0xe9, 0x10, 0xfe, 0xff, 0xff, 0xff, 0x25, 0xaa, 0x48,
  0x00, 0x00, 0x68, 0x1e, 0x00, 0x00, 0x00, 0xe9, 0x00, 0xfe, 0xff, 0xff,
  0xff, 0x25, 0xa2, 0x48, 0x00, 0x00, 0x68, 0x1f, 0x00, 0x00, 0x00, 0xe9,
  0xf0, 0xfd, 0xff, 0xff, 0xff, 0x25, 0x9a, 0x48, 0x00, 0x00, 0x68, 0x20,
  0x00, 0x00, 0x00, 0xe9, 0xe0, 0xfd, 0xff, 0xff, 0xff, 0x25, 0x92, 0x48,
  0x00, 0x00, 0x68, 0x21, 0x00, 0x00, 0x00, 0xe9, 0xd0, 0xfd, 0xff, 0xff,
  0xff, 0x25, 0x8a, 0x48, 0x00, 0x00, 0x68, 0x22, 0x00, 0x00, 0x00, 0xe9,
  0xc0, 0xfd, 0xff, 0xff, 0xff, 0x25, 0x82, 0x48, 0x00, 0x00, 0x68, 0x23,
  0x00, 0x00, 0x00, 0xe9, 0xb0, 0xfd, 0xff, 0xff, 0xff, 0x25, 0x7a, 0x48,
  0x00, 0x00, 0x68, 0x24, 0x00, 0x00, 0x00, 0xe9, 0xa0, 0xfd, 0xff, 0xff,
  0xff, 0x25, 0x72, 0x48, 0x00, 0x00, 0x68, 0x25, 0x00, 0x00, 0x00, 0xe9,
  0x90, 0xfd, 0xff, 0xff, 0xff, 0x25, 0x6a, 0x48, 0x00, 0x00, 0x68, 0x26,
  0x00, 0x00, 0x00, 0xe9, 0x80, 0xfd, 0xff, 0xff, 0xff, 0x25, 0x62, 0x48,
  0x00, 0x00, 0x68, 0x27, 0x00, 0x00, 0x00, 0xe9, 0x70, 0xfd, 0xff, 0xff,
  0xff, 0x25, 0x5a, 0x48, 0x00, 0x00, 0x68, 0x28, 0x00, 0x00, 0x00, 0xe9,
  0x60, 0xfd, 0xff, 0xff, 0xff, 0x25, 0x52, 0x48, 0x00, 0x00, 0x68, 0x29,
  0x00, 0x00, 0x00, 0xe9, 0x50, 0xfd, 0xff, 0xff, 0xff, 0x25, 0x4a, 0x48,
  0x00, 0x00, 0x68, 0x2a, 0x00, 0x00, 0x00, 0xe9, 0x40, 0xfd, 0xff, 0xff,
  0xff, 0x25, 0x42, 0x48, 0x00, 0x00, 0x68, 0x2b, 0x00, 0x00, 0x00, 0xe9,
  0x30, 0xfd, 0xff, 0xff, 0xff, 0x25, 0x3a, 0x48, 0x00, 0x00, 0x68, 0x2c,
  0x00, 0x00, 0x00, 0xe9, 0x20, 0xfd, 0xff, 0xff, 0xff, 0x25, 0x32, 0x48,
  0x00, 0x00, 0x68, 0x2d, 0x00, 0x00, 0x00, 0xe9, 0x10, 0xfd, 0xff, 0xff,
  0xff, 0x25, 0x2a, 0x48, 0x00, 0x00, 0x68, 0x2e, 0x00, 0x00, 0x00, 0xe9,
  0x00, 0xfd, 0xff, 0xff, 0xff, 0x25, 0x22, 0x48, 0x00, 0x00, 0x68, 0x2f,
  0x00, 0x00, 0x00, 0xe9, 0xf0, 0xfc, 0xff, 0xff, 0xff, 0x25, 0x1a, 0x48,
  0x00, 0x00, 0x68, 0x30, 0x00, 0x00, 0x00, 0xe9, 0xe0, 0xfc, 0xff, 0xff,
  0xff, 0x25, 0x12, 0x48, 0x00, 0x00, 0x68, 0x31, 0x00, 0x00, 0x00, 0xe9,
  0xd0, 0xfc, 0xff, 0xff, 0xff, 0x25, 0x0a, 0x48, 0x00, 0x00, 0x68, 0x32,
  0x00, 0x00, 0x00, 0xe9, 0xc0, 0xfc, 0xff, 0xff, 0xff, 0x25, 0x02, 0x48,
  0x00, 0x00, 0x68, 0x33, 0x00, 0x00, 0x00, 0xe9, 0xb0, 0xfc, 0xff, 0xff,
  0xff, 0x25, 0xfa, 0x47, 0x00, 0x00, 0x68, 0x34, 0x00, 0x00, 0x00, 0xe9,
  0xa0, 0xfc, 0xff, 0xff, 0xff, 0x25, 0xf2, 0x47, 0x00, 0x00, 0x68, 0x35,
  0x00, 0x00, 0x00, 0xe9, 0x90, 0xfc, 0xff, 0xff, 0xff, 0x25, 0xea, 0x47,
  0x00, 0x00, 0x68, 0x36, 0x00, 0x00, 0x00, 0xe9, 0x80, 0xfc, 0xff, 0xff,
  0xff, 0x25, 0xe2, 0x47, 0x00, 0x00, 0x68, 0x37, 0x00, 0x00, 0x00, 0xe9,
  0x70, 0xfc, 0xff, 0xff, 0xff, 0x25, 0xda, 0x47, 0x00, 0x00, 0x68, 0x38,
  0x00, 0x00, 0x00, 0xe9, 0x60, 0xfc, 0xff, 0xff, 0xff, 0x25, 0xd2, 0x47,
  0x00, 0x00, 0x68, 0x39, 0x00, 0x00, 0x00, 0xe9, 0x50, 0xfc, 0xff, 0xff,
  0xff, 0x25, 0xca, 0x47, 0x00, 0x00, 0x68, 0x3a, 0x00, 0x00, 0x00, 0xe9,
  0x40, 0xfc, 0xff, 0xff, 0xff, 0x25, 0xc2, 0x47, 0x00, 0x00, 0x68, 0x3b,
  0x00, 0x00, 0x00, 0xe9, 0x30, 0xfc, 0xff, 0xff, 0xff, 0x25, 0xba, 0x47,
  0x00, 0x00, 0x68, 0x3c, 0x00, 0x00, 0x00, 0xe9, 0x20, 0xfc, 0xff, 0xff,
  0xff, 0x25, 0xb2, 0x47, 0x00, 0x00, 0x68, 0x3d, 0x00, 0x00, 0x00, 0xe9,
  0x10, 0xfc, 0xff, 0xff, 0xff, 0x25, 0xaa, 0x47, 0x00, 0x00, 0x68, 0x3e,
  0x00, 0x00, 0x00, 0xe9, 0x00, 0xfc, 0xff, 0xff, 0xff, 0x25, 0xa2, 0x47,
  0x00, 0x00, 0x68, 0x3f, 0x00, 0x00, 0x00, 0xe9, 0xf0, 0xfb, 0xff, 0xff,
  0xff, 0x25, 0x9a, 0x47, 0x00, 0x00, 0x68, 0x40, 0x00, 0x00, 0x00, 0xe9,
  0xe0, 0xfb, 0xff, 0xff, 0xff, 0x25, 0x92, 0x47, 0x00, 0x00, 0x68, 0x41,
  0x00, 0x00, 0x00, 0xe9, 0xd0, 0xfb, 0xff, 0xff, 0xff, 0x25, 0x8a, 0x47,
  0x00, 0x00, 0x68, 0x42, 0x00, 0x00, 0x00, 0xe9, 0xc0, 0xfb, 0xff, 0xff,
  0xbf, 0x10, 0x00, 0x00, 0x00, 0xe8, 0xe6, 0xfe, 0xff, 0xff, 0x48, 0x8d,
  0x35, 0x9f, 0x24, 0x00, 0x00, 0x48, 0x89, 0xc7, 0x49, 0x89, 0xc4, 0xe8,
  0xe4, 0xfe, 0xff, 0xff, 0x48, 0x8b, 0x15, 0x05, 0x45, 0x00, 0x00, 0x48,
  0x8b, 0x35, 0x06, 0x45, 0x00, 0x00, 0x4c, 0x89, 0xe7, 0xe8, 0xde, 0xfe,
  0xff, 0xff, 0x48, 0x89, 0xc5, 0x4c, 0x89, 0xe7, 0xe8, 0xe3, 0xfe, 0xff,
  0xff, 0x48, 0x89, 0xef, 0xe8, 0x9b, 0xfe, 0xff, 0xff, 0xbf, 0x20, 0x00,
  0x00, 0x00, 0xe8, 0xa1, 0xfe, 0xff, 0xff, 0x48, 0x89, 0xc5, 0xe8, 0xd9,
  0xfe, 0xff, 0xff, 0x8b, 0x33, 0x48, 0x89, 0xef, 0x48, 0x89, 0xc2, 0xe8,
  0x4c, 0x1b, 0x00, 0x00, 0x48, 0x8b, 0x15, 0xcd, 0x44, 0x00, 0x00, 0x48,
  0x8b, 0x35, 0xce, 0x44, 0x00, 0x00, 0x48, 0x89, 0xef, 0xe8, 0x96, 0xfe,
  0xff, 0xff, 0xbf, 0x20, 0x00, 0x00, 0x00, 0xe8, 0x6c, 0xfe, 0xff, 0xff,
  0x48, 0x89, 0xc5, 0xe8, 0xa4, 0xfe, 0xff, 0xff, 0x8b, 0x33, 0x48, 0x89,
  0xef, 0x48, 0x89, 0xc2, 0xe8, 0x17, 0x1b, 0x00, 0x00, 0x48, 0x8b, 0x15,
  0x98, 0x44, 0x00, 0x00, 0x48, 0x8b, 0x35, 0x99, 0x44, 0x00, 0x00, 0x48,
  0x89, 0xef, 0xe8, 0x61, 0xfe, 0xff, 0xff, 0x49, 0x89, 0xc4, 0x48, 0x89,
  0xef, 0xe8, 0x66, 0xfe, 0xff, 0xff, 0x4c, 0x89, 0xe7, 0xe8, 0x1e, 0xfe,
  0xff, 0xff, 0x49, 0x89, 0xc4, 0x48, 0x89, 0xef, 0xe8, 0x53, 0xfe, 0xff,
  0xff, 0x4c, 0x89, 0xe7, 0xe8, 0x0b, 0xfe, 0xff, 0xff, 0xbf, 0x20, 0x00,
  0x00, 0x00, 0xe8, 0x11, 0xfe, 0xff, 0xff, 0x49, 0x89, 0xc4, 0xe8, 0x49,
  0xfe, 0xff, 0xff, 0x8b, 0x33, 0x4c, 0x89, 0xe7, 0x48, 0x89, 0xc2, 0xe8,
  0xbc, 0x1a, 0x00, 0x00, 0x48, 0x8b, 0x15, 0x3d, 0x44, 0x00, 0x00, 0x48,
  0x8b, 0x35, 0x3e, 0x44, 0x00, 0x00, 0x4c, 0x89, 0xe7, 0xe8, 0x06, 0xfe,
  0xff, 0xff, 0xbf, 0x20, 0x00, 0x00, 0x00, 0xe8, 0xdc, 0xfd, 0xff, 0xff,
  0x48, 0x89, 0xc5, 0xe8, 0x14, 0xfe, 0xff, 0xff, 0x8b, 0x33, 0x48, 0x89,
  0xef, 0x48, 0x89, 0xc2, 0xe8, 0x87, 0x1a, 0x00, 0x00, 0x48, 0x8b, 0x15,
  0x08, 0x44, 0x00, 0x00, 0x48, 0x8b, 0x35, 0x09, 0x44, 0x00, 0x00, 0x48,
  0x89, 0xef, 0xe8, 0xd1, 0xfd, 0xff, 0xff, 0x48, 0x89, 0xc3, 0xeb, 0x0b,
  0x4c, 0x89, 0xe7, 0x48, 0x89, 0xc3, 0xe8, 0xd1, 0xfd, 0xff, 0xff, 0x48,
  0x8b, 0x44, 0x24, 0x20, 0x48, 0x8d, 0x78, 0xe8, 0x48, 0x39, 0xef, 0x74,
  0x0d, 0x48, 0x8d, 0xb4, 0x24, 0xa0, 0x00, 0x00, 0x00, 0xe8, 0xd6, 0x08,
  0x00, 0x00, 0x48, 0x89, 0xdf, 0xe8, 0x6e, 0xfd, 0xff, 0xff, 0x49, 0x89,
  0xc4, 0x48, 0x89, 0xef, 0xe8, 0xa3, 0xfd, 0xff, 0xff, 0x4c, 0x89, 0xe7,
  0xe8, 0x5b, 0xfd, 0xff, 0xff, 0xbf, 0x10, 0x00, 0x00, 0x00, 0xe8, 0x61,
  0xfd, 0xff, 0xff, 0x4c, 0x89, 0xee, 0x48, 0x89, 0xc7, 0x49, 0x89, 0xc6,
  0xe8, 0xa3, 0xfd, 0xff, 0xff, 0x48, 0x8b, 0x15, 0x84, 0x43, 0x00, 0x00,
  0x48, 0x8b, 0x35, 0x85, 0x43, 0x00, 0x00, 0x4c, 0x89, 0xf7, 0xe8, 0x5d,
  0xfd, 0xff, 0xff, 0x44, 0x89, 0xe7, 0xe8, 0xb5, 0xfa, 0xff, 0xff, 0xeb,
  0x92, 0x48, 0x89, 0xc7, 0x48, 0x89, 0xd0, 0x48, 0x83, 0xe8, 0x01, 0x48,
  0x89, 0xfb, 0x0f, 0x85, 0x65, 0x01, 0x00, 0x00, 0xe8, 0x7b, 0xfd, 0xff,
  0xff, 0x44, 0x89, 0xe7, 0xe8, 0x93, 0xfa, 0xff, 0xff, 0x83, 0xc0, 0x01,
  0x0f, 0x85, 0x5c, 0x01, 0x00, 0x00, 0xe8, 0x75, 0xfa, 0xff, 0xff, 0x83,
  0x38, 0x04, 0x48, 0x89, 0xc3, 0x74, 0xe2, 0xbf, 0x20, 0x00, 0x00, 0x00,
  0xe8, 0xf3, 0xfc, 0xff, 0xff, 0x49, 0x89, 0xc5, 0xe8, 0x2b, 0xfd, 0xff,
  0xff, 0x8b, 0x33, 0x4c, 0x89, 0xef, 0x48, 0x89, 0xc2, 0xe8, 0x9e, 0x19,
  0x00, 0x00, 0x48, 0x8b, 0x15, 0x1f, 0x43, 0x00, 0x00, 0x48, 0x8b, 0x35,
  0x20, 0x43, 0x00, 0x00, 0x4c, 0x89, 0xef, 0xe8, 0xe8, 0xfc, 0xff, 0xff,
  0xbf, 0x20, 0x00, 0x00, 0x00, 0xe8, 0xbe, 0xfc, 0xff, 0xff, 0x48, 0x89,
  0xc5, 0xe8, 0xf6, 0xfc, 0xff, 0xff, 0x8b, 0x33, 0x48, 0x89, 0xef, 0x48,
  0x89, 0xc2, 0xe8, 0x69, 0x19, 0x00, 0x00, 0x48, 0x8b, 0x15, 0xea, 0x42,
  0x00, 0x00, 0x48, 0x8b, 0x35, 0xeb, 0x42, 0x00, 0x00, 0x48, 0x89, 0xef,
  0xe8, 0xb3, 0xfc, 0xff, 0xff, 0xbf, 0x20, 0x00, 0x00, 0x00, 0xe8, 0x89,
  0xfc, 0xff, 0xff, 0x48, 0x89, 0xc5, 0xe8, 0xc1, 0xfc, 0xff, 0xff, 0x8b,
  0x33, 0x48, 0x89, 0xef, 0x48, 0x89, 0xc2, 0xe8, 0x34, 0x19, 0x00, 0x00,
  0x48, 0x8b, 0x15, 0xb5, 0x42, 0x00, 0x00, 0x48, 0x8b, 0x35, 0xb6, 0x42,
  0x00, 0x00, 0x48, 0x89, 0xef, 0xe8, 0x7e, 0xfc, 0xff, 0xff, 0xbf, 0x20,
  0x00, 0x00, 0x00, 0xe8, 0x54, 0xfc, 0xff, 0xff, 0x49, 0x89, 0xc6, 0xe8,
  0x8c, 0xfc, 0xff, 0xff, 0x8b, 0x33, 0x4c, 0x89, 0xf7, 0x48, 0x89, 0xc2,
  0xe8, 0xff, 0x18, 0x00, 0x00, 0x48, 0x8b, 0x15, 0x80, 0x42, 0x00, 0x00,
  0x48, 0x8b, 0x35, 0x81, 0x42, 0x00, 0x00, 0x4c, 0x89, 0xf7, 0xe8, 0x49,
  0xfc, 0xff, 0xff, 0x49, 0x89, 0xc4, 0x48, 0x89, 0xef, 0xe8, 0x4e, 0xfc,
  0xff, 0xff, 0x4c, 0x89, 0xe7, 0xe8, 0x06, 0xfc, 0xff, 0xff, 0x48, 0x89,
  0xc3, 0x49, 0x89, 0xd5, 0x4c, 0x89, 0xf7, 0xe8, 0x38, 0xfc, 0xff, 0xff,
  0x48, 0x89, 0xdf, 0x4c, 0x89, 0xe8, 0xe9, 0xd0, 0xfe, 0xff, 0xff, 0xbf,
  0x20, 0x00, 0x00, 0x00, 0xe8, 0xf3, 0xfb, 0xff, 0xff, 0x49, 0x89, 0xc4,
  0xe8, 0x2b, 0xfc, 0xff, 0xff, 0x8b, 0x33, 0x4c, 0x89, 0xe7, 0x48, 0x89,
  0xc2, 0xe8, 0x9e, 0x18, 0x00, 0x00, 0x48, 0x8b, 0x15, 0x1f, 0x42, 0x00,
  0x00, 0x48, 0x8b, 0x35, 0x20, 0x42, 0x00, 0x00, 0x4c, 0x89, 0xe7, 0xe8,
  0xe8, 0xfb, 0xff, 0xff, 0xe9, 0x17, 0xfe, 0xff, 0xff, 0x48, 0x89, 0xc3,
  0xe8, 0x2b, 0xfc, 0xff, 0xff, 0x44, 0x89, 0xe7, 0xe8, 0x33, 0xf9, 0xff,
  0xff, 0xe9, 0x0d, 0xfe, 0xff, 0xff, 0xe8, 0x29, 0xfc, 0xff, 0xff, 0x4c,
  0x89, 0xef, 0x48, 0x89, 0xc3, 0xe8, 0xce, 0xfb, 0xff, 0xff, 0xeb, 0xdc,
  0x48, 0x89, 0xc3, 0x48, 0x8b, 0x84, 0x24, 0xa0, 0x00, 0x00, 0x00, 0x48,
  0x8d, 0x78, 0xe8, 0x48, 0x39, 0xef, 0x0f, 0x84, 0xe3, 0xfd, 0xff, 0xff,
  0x4c, 0x89, 0xee, 0xe8, 0xcc, 0x06, 0x00, 0x00, 0xe9, 0xd6, 0xfd, 0xff,
  0xff, 0x48, 0x89, 0xc3, 0x48, 0x8b, 0x44, 0x24, 0x30, 0x48, 0x8d, 0x78,
  0xe8, 0x48, 0x39, 0xef, 0x0f, 0x84, 0xc1, 0xfd, 0xff, 0xff, 0x4c, 0x89,
  0xe6, 0xe8, 0xaa, 0x06, 0x00, 0x00, 0xe9, 0xb4, 0xfd, 0xff, 0xff, 0xbf,
  0x20, 0x00, 0x00, 0x00, 0xe8, 0x4b, 0xfb, 0xff, 0xff, 0x49, 0x89, 0xc4,
  0xe8, 0x83, 0xfb, 0xff, 0xff, 0x8b, 0x33, 0x4c, 0x89, 0xe7, 0x48, 0x89,
  0xc2, 0xe8, 0xf6, 0x17, 0x00, 0x00, 0x48, 0x8b, 0x15, 0x77, 0x41, 0x00,
  0x00, 0x48, 0x8b, 0x35, 0x78, 0x41, 0x00, 0x00, 0x4c, 0x89, 0xe7, 0xe8,
  0x40, 0xfb, 0xff, 0xff, 0xbf, 0x20, 0x00, 0x00, 0x00, 0xe8, 0x16, 0xfb,
  0xff, 0xff, 0x48, 0x89, 0xc5, 0xe8, 0x4e, 0xfb, 0xff, 0xff, 0x8b, 0x33,
  0x48, 0x89, 0xef, 0x48, 0x89, 0xc2, 0xe8, 0xc1, 0x17, 0x00, 0x00, 0x48,
  0x8b, 0x15, 0x42, 0x41, 0x00, 0x00, 0x48, 0x8b, 0x35, 0x43, 0x41, 0x00,
  0x00, 0x48, 0x89, 0xef, 0xe8, 0x0b, 0xfb, 0xff, 0xff, 0xe9, 0x3a, 0xfd,
  0xff, 0xff, 0x49, 0x89, 0xc4, 0x48, 0x89, 0xef, 0xe8, 0x0b, 0xfb, 0xff,
  0xff, 0x4c, 0x89, 0xe7, 0xe8, 0xc3, 0xfa, 0xff, 0xff, 0xbf, 0x10, 0x00,
  0x00, 0x00, 0xe8, 0xc9, 0xfa, 0xff, 0xff, 0x4c, 0x89, 0xe6, 0x48, 0x89,
  0xc7, 0x49, 0x89, 0xc6, 0xe8, 0x0b, 0xfb, 0xff, 0xff, 0x48, 0x8b, 0x15,
  0xec, 0x40, 0x00, 0x00, 0x48, 0x8b, 0x35, 0xed, 0x40, 0x00, 0x00, 0x4c,
  0x89, 0xf7, 0xe8, 0xc5, 0xfa, 0xff, 0xff, 0x49, 0x89, 0xc4, 0x48, 0x89,
  0xef, 0xe8, 0xca, 0xfa, 0xff, 0xff, 0x4c, 0x89, 0xe7, 0xe8, 0x82, 0xfa,
  0xff, 0xff, 0x4c, 0x89, 0xf7, 0x48, 0x89, 0xc3, 0xe8, 0xb7, 0xfa, 0xff,
  0xff, 0xe9, 0xe9, 0xfe, 0xff, 0xff, 0x4c, 0x89, 0xf7, 0x48, 0x89, 0xc3,
  0xe8, 0xa7, 0xfa, 0xff, 0xff, 0xe9, 0xfe, 0xfe, 0xff, 0xff, 0x48, 0x8b,
  0x84, 0x24, 0xa0, 0x00, 0x00, 0x00, 0x48, 0x8d, 0x78, 0xe8, 0x48, 0x39,
  0xef, 0x0f, 0x84, 0xe9, 0xfe, 0xff, 0xff, 0x48, 0x8d, 0x74, 0x24, 0x1f,
  0xe8, 0xa3, 0x05, 0x00, 0x00, 0xe9, 0xda, 0xfe, 0xff, 0xff, 0x48, 0x8b,
  0x84, 0x24, 0x10, 0x01, 0x00, 0x00, 0x48, 0x8d, 0x78, 0xe8, 0x48, 0x39,
  0xef, 0x74, 0x08, 0x4c, 0x89, 0xe6, 0xe8, 0x85, 0x05, 0x00, 0x00, 0x4c,
  0x89, 0xef, 0xe8, 0x1d, 0xfa, 0xff, 0xff, 0xbf, 0x20, 0x00, 0x00, 0x00,
  0xe8, 0x23, 0xfa, 0xff, 0xff, 0x49, 0x89, 0xc5, 0xe8, 0x5b, 0xfa, 0xff,
  0xff, 0x41, 0x8b, 0x34, 0x24, 0x4c, 0x89, 0xef, 0x48, 0x89, 0xc2, 0xe8,
  0xcc, 0x16, 0x00, 0x00, 0x48, 0x8b, 0x15, 0x4d, 0x40, 0x00, 0x00, 0x48,
  0x8b, 0x35, 0x4e, 0x40, 0x00, 0x00, 0x4c, 0x89, 0xef, 0xe8, 0x16, 0xfa,
  0xff, 0xff, 0x8b, 0xbd, 0xe8, 0xfe, 0xff, 0xff, 0x48, 0x8d, 0x43, 0x10,
  0x48, 0x89, 0x85, 0xe0, 0xfe, 0xff, 0xff, 0x83, 0xff, 0xff, 0x74, 0x05,
  0xe8, 0x5b, 0xf7, 0xff, 0xff, 0x4c, 0x89, 0xf7, 0xe8, 0xc3, 0xf9, 0xff,
  0xff, 0x48, 0x89, 0xc7, 0x48, 0x89, 0xd0, 0x48, 0x83, 0xe8, 0x01, 0x49,
  0x89, 0xfe, 0x0f, 0x85, 0xb1, 0x00, 0x00, 0x00, 0xe8, 0x1b, 0xfa, 0xff,
  0xff, 0x8b, 0xbd, 0xe8, 0xfe, 0xff, 0xff, 0xe8, 0x30, 0xf7, 0xff, 0xff,
  0x83, 0xc0, 0x01, 0x0f, 0x85, 0xbb, 0x00, 0x00, 0x00, 0xe8, 0x12, 0xf7,
  0xff, 0xff, 0x83, 0x38, 0x04, 0x49, 0x89, 0xc6, 0x74, 0xdf, 0xbf, 0x20,
  0x00, 0x00, 0x00, 0xe8, 0x90, 0xf9, 0xff, 0xff, 0x49, 0x89, 0xc4, 0xe8,
  0xc8, 0xf9, 0xff, 0xff, 0x41, 0x8b, 0x36, 0x4c, 0x89, 0xe7, 0x48, 0x89,
  0xc2, 0xe8, 0x3a, 0x16, 0x00, 0x00, 0x48, 0x8b, 0x15, 0xbb, 0x3f, 0x00,
  0x00, 0x48, 0x8b, 0x35, 0xbc, 0x3f, 0x00, 0x00, 0x4c, 0x89, 0xe7, 0xe8,
  0x84, 0xf9, 0xff, 0xff, 0x49, 0x89, 0xc6, 0x49, 0x89, 0xd4, 0x4c, 0x89,
  0xef, 0xe8, 0x86, 0xf9, 0xff, 0xff, 0x4c, 0x89, 0xf7, 0x4c, 0x89, 0xe0,
  0xeb, 0x81, 0xbf, 0x20, 0x00, 0x00, 0x00, 0xe8, 0x44, 0xf9, 0xff, 0xff,
  0x48, 0x89, 0xc3, 0xe8, 0x7c, 0xf9, 0xff, 0xff, 0x41, 0x8b, 0x34, 0x24,
  0x48, 0x89, 0xdf, 0x48, 0x89, 0xc2, 0xe8, 0xed, 0x15, 0x00, 0x00, 0x48,
  0x8b, 0x15, 0x6e, 0x3f, 0x00, 0x00, 0x48, 0x8b, 0x35, 0x6f, 0x3f, 0x00,
  0x00, 0x48, 0x89, 0xdf, 0xe8, 0x37, 0xf9, 0xff, 0xff, 0x49, 0x89, 0xc6,
  0xe8, 0x7f, 0xf9, 0xff, 0xff, 0x8b, 0xbd, 0xe8, 0xfe, 0xff, 0xff, 0x48,
  0x8d, 0x43, 0x10, 0x48, 0x89, 0x85, 0xe0, 0xfe, 0xff, 0xff, 0x83, 0xff,
  0xff, 0x74, 0x05, 0xe8, 0x74, 0xf6, 0xff, 0xff, 0x4c, 0x89, 0xf7, 0xe8,
  0xdc, 0xf8, 0xff, 0xff, 0xe8, 0x67, 0xf9, 0xff, 0xff, 0x4c, 0x89, 0xe7,
  0x49, 0x89, 0xc6, 0xe8, 0x0c, 0xf9, 0xff, 0xff, 0xeb, 0xc6, 0x49, 0x89,
  0xc4, 0x48, 0x89, 0xdf, 0xe8, 0xff, 0xf8, 0xff, 0xff, 0x4c, 0x89, 0xe7,
  0xe8, 0xb7, 0xf8, 0xff, 0xff, 0x90, 0xbf, 0x10, 0x00, 0x00, 0x00, 0xe8,
  0xbc, 0xf8, 0xff, 0xff, 0x48, 0x8d, 0x35, 0xcd, 0x1e, 0x00, 0x00, 0x48,
  0x89, 0xc7, 0x49, 0x89, 0xc6, 0xe8, 0xba, 0xf8, 0xff, 0xff, 0x48, 0x8b,
  0x15, 0xdb, 0x3e, 0x00, 0x00, 0x48, 0x8b, 0x35, 0xdc, 0x3e, 0x00, 0x00,
  0x4c, 0x89, 0xf7, 0xe8, 0xb4, 0xf8, 0xff, 0xff, 0xbf, 0x10, 0x00, 0x00,
  0x00, 0xa8, 0x18, 0x74, 0x2d, 0xe8, 0x86, 0xf8, 0xff, 0xff, 0x48, 0x8d,
  0x35, 0xbf, 0x1e, 0x00, 0x00, 0x48, 0x89, 0xc7, 0x49, 0x89, 0xc6, 0xe8,
  0x84, 0xf8, 0xff, 0xff, 0x48, 0x8b, 0x15, 0xa5, 0x3e, 0x00, 0x00, 0x48,
  0x8b, 0x35, 0xa6, 0x3e, 0x00, 0x00, 0x4c, 0x89, 0xf7, 0xe8, 0x7e, 0xf8,
  0xff, 0xff, 0xe8, 0x59, 0xf8, 0xff, 0xff, 0x48, 0x8d, 0x35, 0xc2, 0x1e,
  0x00, 0x00, 0x48, 0x89, 0xc7, 0x49, 0x89, 0xc6, 0xe8, 0x57, 0xf8, 0xff,
  0xff, 0x48, 0x8b, 0x15, 0x78, 0x3e, 0x00, 0x00, 0x48, 0x8b, 0x35, 0x79,
  0x3e, 0x00, 0x00, 0x4c, 0x89, 0xf7, 0xe8, 0x51, 0xf8, 0xff, 0xff, 0xbf,
  0x10, 0x00, 0x00, 0x00, 0xe8, 0x27, 0xf8, 0xff, 0xff, 0x48, 0x8d, 0x35,
  0xc0, 0x1e, 0x00, 0x00, 0x48, 0x89, 0xc7, 0x49, 0x89, 0xc6, 0xe8, 0x25,
  0xf8, 0xff, 0xff, 0x48, 0x8b, 0x15, 0x46, 0x3e, 0x00, 0x00, 0x48, 0x8b,
  0x35, 0x47, 0x3e, 0x00, 0x00, 0x4c, 0x89, 0xf7, 0xe8, 0x1f, 0xf8, 0xff,
  0xff, 0x48, 0x89, 0xc3, 0x48, 0x89, 0xd0, 0x48, 0x83, 0xe8, 0x01, 0x49,
  0x89, 0xdc, 0x0f, 0x84, 0x01, 0x01, 0x00, 0x00, 0x48, 0x8b, 0x7d, 0x00,
  0x48, 0x83, 0xef, 0x18, 0x48, 0x3b, 0x3d, 0xdd, 0x3d, 0x00, 0x00, 0x74,
  0x08, 0x4c, 0x89, 0xee, 0xe8, 0x23, 0x03, 0x00, 0x00, 0x4c, 0x89, 0xe7,
  0xe8, 0xbb, 0xf7, 0xff, 0xff, 0xbf, 0x20, 0x00, 0x00, 0x00, 0x48, 0x89,
  0x04, 0x24, 0xe8, 0xbd, 0xf7, 0xff, 0xff, 0x49, 0x89, 0xc4, 0xe8, 0xf5,
  0xf7, 0xff, 0xff, 0x48, 0x8b, 0x0c, 0x24, 0x4c, 0x89, 0xe7, 0x48, 0x89,
  0xc2, 0x8b, 0x31, 0xe8, 0x64, 0x14, 0x00, 0x00, 0x48, 0x8b, 0x15, 0xe5,
  0x3d, 0x00, 0x00, 0x48, 0x8b, 0x35, 0xe6, 0x3d, 0x00, 0x00, 0x4c, 0x89,
  0xe7, 0xe8, 0xae, 0xf7, 0xff, 0xff, 0xbf, 0x20, 0x00, 0x00, 0x00, 0x48,
  0x89, 0x04, 0x24, 0xe8, 0x80, 0xf7, 0xff, 0xff, 0x49, 0x89, 0xc4, 0xe8,
  0xb8, 0xf7, 0xff, 0xff, 0x48, 0x8b, 0x0c, 0x24, 0x4c, 0x89, 0xe7, 0x48,
  0x89, 0xc2, 0x8b, 0x31, 0xe8, 0x27, 0x14, 0x00, 0x00, 0x48, 0x8b, 0x15,
  0xa8, 0x3d, 0x00, 0x00, 0x48, 0x8b, 0x35, 0xa9, 0x3d, 0x00, 0x00, 0x4c,
  0x89, 0xe7, 0xe8, 0x71, 0xf7, 0xff, 0xff, 0x49, 0x89, 0xd6, 0x4c, 0x89,
  0xe7, 0x48, 0x89, 0xc3, 0xe8, 0x73, 0xf7, 0xff, 0xff, 0x4c, 0x89, 0xf0,
  0xe9, 0x42, 0xff, 0xff, 0xff, 0xeb, 0xe8, 0xbf, 0x20, 0x00, 0x00, 0x00,
  0xe8, 0x2f, 0xf7, 0xff, 0xff, 0x49, 0x89, 0xc4, 0xe8, 0x67, 0xf7, 0xff,
  0xff, 0x41, 0x8b, 0x37, 0x4c, 0x89, 0xe7, 0x48, 0x89, 0xc2, 0xe8, 0xd9,
  0x13, 0x00, 0x00, 0x48, 0x8b, 0x15, 0x5a, 0x3d, 0x00, 0x00, 0x48, 0x8b,
  0x35, 0x5b, 0x3d, 0x00, 0x00, 0x4c, 0x89, 0xe7, 0xe8, 0x23, 0xf7, 0xff,
  0xff, 0x49, 0x89, 0xd4, 0x4c, 0x89, 0xf7, 0x48, 0x89, 0xc3, 0xe8, 0x25,
  0xf7, 0xff, 0xff, 0x4c, 0x89, 0xe0, 0xe9, 0xf4, 0xfe, 0xff, 0xff, 0xeb,
  0x9a, 0x48, 0x89, 0xdf, 0xe8, 0x43, 0xf7, 0xff, 0xff, 0x48, 0x89, 0xc7,
  0x48, 0x8b, 0x00, 0xff, 0x50, 0x10, 0xba, 0x73, 0x00, 0x00, 0x00, 0x48,
  0x8d, 0x35, 0xec, 0x1d, 0x00, 0x00, 0x48, 0x8d, 0x3d, 0x02, 0x1e, 0x00,
  0x00, 0x48, 0x89, 0xc1, 0xe8, 0x4f, 0xf7, 0xff, 0xff, 0x49, 0x89, 0xc4,
  0xe8, 0x27, 0xf7, 0xff, 0xff, 0xe9, 0xc6, 0xfe, 0xff, 0xff, 0xeb, 0xad,
  0xeb, 0xab, 0xeb, 0xa9, 0x48, 0x8b, 0x7b, 0x38, 0x48, 0x83, 0xef, 0x18,
  0x48, 0x3b, 0x3d, 0x9d, 0x3c, 0x00, 0x00, 0x74, 0x0a, 0x48, 0x8d, 0x74,
  0x24, 0x0f, 0xe8, 0xe1, 0x01, 0x00, 0x00, 0x48, 0x89, 0xef, 0xe8, 0x79,
  0xf6, 0xff, 0xff, 0x90, 0x48, 0x89, 0xef, 0xbe, 0x40, 0x00, 0x00, 0x00,
  0xe8, 0x3b, 0xf6, 0xff, 0xff, 0x4c, 0x89, 0xe7, 0xe8, 0x63, 0xf6, 0xff,
  0xff, 0x90, 0xbf, 0x20, 0x00, 0x00, 0x00, 0xe8, 0x68, 0xf6, 0xff, 0xff,
  0x48, 0x89, 0xc5, 0xe8, 0xa0, 0xf6, 0xff, 0xff, 0x8b, 0x33, 0x48, 0x89,
  0xef, 0x48, 0x89, 0xc2, 0xe8, 0x13, 0x13, 0x00, 0x00, 0x48, 0x8b, 0x15,
  0x94, 0x3c, 0x00, 0x00, 0x48, 0x8b, 0x35, 0x95, 0x3c, 0x00, 0x00, 0x48,
  0x89, 0xef, 0xe8, 0x5d, 0xf6, 0xff, 0xff, 0x49, 0x89, 0xc4, 0x48, 0x89,
  0xef, 0xe8, 0x62, 0xf6, 0xff, 0xff, 0x4c, 0x89, 0xe7, 0xe8, 0x1a, 0xf6,
  0xff, 0xff, 0x00, 0x00, 0x00, 0x00, 0x00, 0x00, 0x00, 0x00, 0x00, 0x00,
  0x48, 0x83, 0xec, 0x08, 0x48, 0x8d, 0x3d, 0x4d, 0x3f, 0x00, 0x00, 0xe8,
  0xf0, 0xf6, 0xff, 0xff, 0x48, 0x8b, 0x3d, 0x61, 0x3c, 0x00, 0x00, 0x48,
  0x8d, 0x15, 0x52, 0x38, 0x00, 0x00, 0x48, 0x8d, 0x35, 0x33, 0x3f, 0x00,
  0x00, 0xe8, 0xe6, 0xf6, 0xff, 0xff, 0x48, 0x8b, 0x35, 0xff, 0x3b, 0x00,
  0x00, 0x48, 0x8d, 0x15, 0x38, 0x38, 0x00, 0x00, 0x48, 0x8d, 0x3d, 0x51,
  0x11, 0x00, 0x00, 0x48, 0x8d, 0x46, 0x30, 0x48, 0xc7, 0x46, 0x08, 0x01,
  0x00, 0x00, 0x00, 0x48, 0x89, 0x06, 0x48, 0xc7, 0x46, 0x10, 0x00, 0x00,
  0x00, 0x00, 0x48, 0xc7, 0x46, 0x18, 0x00, 0x00, 0x00, 0x00, 0xc7, 0x46,
  0x20, 0x00, 0x00, 0x80, 0x3f, 0x48, 0xc7, 0x46, 0x28, 0x00, 0x00, 0x00,
  0x00, 0x48, 0xc7, 0x46, 0x30, 0x00, 0x00, 0x00, 0x00, 0xe8, 0x96, 0xf6,
  0xff, 0xff, 0x48, 0x8b, 0x05, 0x9f, 0x3b, 0x00, 0x00, 0x48, 0x8b, 0x35,
  0x90, 0x3b, 0x00, 0x00, 0x48, 0x8d, 0x15, 0xe1, 0x37, 0x00, 0x00, 0x48,
  0x8b, 0x3d, 0xea, 0x3b, 0x00, 0x00, 0x48, 0x83, 0xc0, 0x18, 0x48, 0x89,
  0x06, 0x48, 0x83, 0xc4, 0x08, 0xe9, 0x6a, 0xf6, 0xff, 0xff, 0x00, 0x00,
  0x00, 0x00, 0x00, 0x00, 0x00, 0x00, 0x00, 0x00, 0x48, 0x8d, 0x3d, 0x11,
  0x3e, 0x00, 0x00, 0x48, 0x8d, 0x05, 0x0a, 0x3e, 0x00, 0x00, 0x48, 0x39,
  0xf8, 0x74, 0x15, 0x48, 0x8b, 0x05, 0x2e, 0x3b, 0x00, 0x00, 0x48, 0x85,
  0xc0, 0x74, 0x09, 0xff, 0xe0, 0x0f, 0x1f, 0x80, 0x00, 0x00, 0x00, 0x00,
  0xc3, 0x0f, 0x1f, 0x80, 0x00, 0x00, 0x00, 0x00, 0x48, 0x8d, 0x3d, 0xe1,
  0x3d, 0x00, 0x00, 0x48, 0x8d, 0x35, 0xda, 0x3d, 0x00, 0x00, 0x48, 0x29,
  0xfe, 0x48, 0x89, 0xf0, 0x48, 0xc1, 0xee, 0x3f, 0x48, 0xc1, 0xf8, 0x03,
  0x48, 0x01, 0xc6, 0x48, 0xd1, 0xfe, 0x74, 0x14, 0x48, 0x8b, 0x05, 0xf5,
  0x3a, 0x00, 0x00, 0x48, 0x85, 0xc0, 0x74, 0x08, 0xff, 0xe0, 0x66, 0x0f,
  0x1f, 0x44, 0x00, 0x00, 0xc3, 0x0f, 0x1f, 0x80, 0x00, 0x00, 0x00, 0x00,
  0x80, 0x3d, 0xb9, 0x3d, 0x00, 0x00, 0x00, 0x75, 0x2f, 0x55, 0x48, 0x83,
  0x3d, 0xd6, 0x3a, 0x00, 0x00, 0x00, 0x48, 0x89, 0xe5, 0x74, 0x0c, 0x48,
  0x8d, 0x3d, 0x32, 0x37, 0x00, 0x00, 0xe8, 0xcd, 0xf1, 0xff, 0xff, 0xe8,
  0x68, 0xff, 0xff, 0xff, 0xc6, 0x05, 0x91, 0x3d, 0x00, 0x00, 0x01, 0x5d,
  0xc3, 0x0f, 0x1f, 0x80, 0x00, 0x00, 0x00, 0x00, 0xc3, 0x0f, 0x1f, 0x80,
  0x00, 0x00, 0x00, 0x00, 0xe9, 0x7b, 0xff, 0xff, 0xff, 0x66, 0x66, 0x2e,
  0x0f, 0x1f, 0x84, 0x00, 0x00, 0x00, 0x00, 0x00, 0x48, 0x83, 0x3d, 0x98,
  0x3a, 0x00, 0x00, 0x00, 0x74, 0x16, 0xb8, 0xff, 0xff, 0xff, 0xff, 0xf0,
  0x0f, 0xc1, 0x47, 0x10, 0x85, 0xc0, 0x7e, 0x15, 0xc3, 0x0f, 0x1f, 0x80,
  0x00, 0x00, 0x00, 0x00, 0x8b, 0x47, 0x10, 0x8d, 0x50, 0xff, 0x89, 0x57,
  0x10, 0x85, 0xc0, 0x7f, 0xeb, 0xe9, 0xbe, 0xf1, 0xff, 0xff, 0x66, 0x66,
  0x2e, 0x0f, 0x1f, 0x84, 0x00, 0x00, 0x00, 0x00, 0x00, 0x0f, 0x1f, 0x00,
  0x41, 0x54, 0x66, 0x0f, 0xef, 0xc0, 0x49, 0x89, 0xfc, 0x55, 0x53, 0x48,
  0x89, 0xf3, 0xc7, 0x47, 0x40, 0x00, 0x00, 0x00, 0x00, 0x0f, 0x11, 0x07,
  0x0f, 0x11, 0x47, 0x10, 0x0f, 0x11, 0x47, 0x20, 0x0f, 0x11, 0x47, 0x30,
  0xe8, 0x47, 0xf1, 0xff, 0xff, 0x48, 0x89, 0xdf, 0x41, 0xc6, 0x44, 0x24,
  0x04, 0x00, 0x41, 0x89, 0x04, 0x24, 0xe8, 0x45, 0xf1, 0xff, 0xff, 0x48,
  0x83, 0xf8, 0x3b, 0x0f, 0x87, 0x3b, 0xf5, 0xff, 0xff, 0x48, 0x83, 0xc0,
  0x01, 0x49, 0x8d, 0x4c, 0x24, 0x05, 0x83, 0xf8, 0x08, 0x73, 0x1d, 0xa8,
  0x04, 0x75, 0x69, 0x85, 0xc0, 0x74, 0x0c, 0x0f, 0xb6, 0x13, 0x41, 0x88,
  0x54, 0x24, 0x05, 0xa8, 0x02, 0x75, 0x71, 0x4c, 0x89, 0xe0, 0x5b, 0x5d,
  0x41, 0x5c, 0xc3, 0x90, 0x48, 0x8b, 0x13, 0x49, 0x89, 0x54, 0x24, 0x05,
  0x89, 0xc2, 0x48, 0x8b, 0x74, 0x13, 0xf8, 0x48, 0x89, 0x74, 0x11, 0xf8,
  0x49, 0x8d, 0x74, 0x24, 0x0d, 0x48, 0x83, 0xe6, 0xf8, 0x48, 0x29, 0xf1,
  0x01, 0xc8, 0x48, 0x29, 0xcb, 0x83, 0xe0, 0xf8, 0x83, 0xf8, 0x08, 0x72,
  0xca, 0x83, 0xe0, 0xf8, 0x31, 0xd2, 0x89, 0xd1, 0x83, 0xc2, 0x08, 0x48,
  0x8b, 0x3c, 0x0b, 0x48, 0x89, 0x3c, 0x0e, 0x39, 0xc2, 0x72, 0xef, 0x4c,
  0x89, 0xe0, 0x5b, 0x5d, 0x41, 0x5c, 0xc3, 0x0f, 0x1f, 0x44, 0x00, 0x00,
  0x8b, 0x13, 0x41, 0x89, 0x54, 0x24, 0x05, 0x89, 0xc2, 0x8b, 0x44, 0x13,
  0xfc, 0x89, 0x44, 0x11, 0xfc, 0xeb, 0x94, 0x0f, 0x1f, 0x44, 0x00, 0x00,
  0x89, 0xc2, 0x0f, 0xb7, 0x44, 0x13, 0xfe, 0x66, 0x89, 0x44, 0x11, 0xfe,
  0xeb, 0x81, 0x66, 0x2e, 0x0f, 0x1f, 0x84, 0x00, 0x00, 0x00, 0x00, 0x00,
  0x55, 0x48, 0x89, 0xfe, 0x48, 0x83, 0xec, 0x10, 0x48, 0x8d, 0x6c, 0x24,
  0x08, 0x48, 0x8d, 0x54, 0x24, 0x06, 0x48, 0x89, 0xef, 0xe8, 0x86, 0xf0,
  0xff, 0xff, 0x48, 0x8b, 0x3d, 0x57, 0x39, 0x00, 0x00, 0x48, 0x89, 0xee,
  0xe8, 0x87, 0xf0, 0xff, 0xff, 0x48, 0x8b, 0x44, 0x24, 0x08, 0x48, 0x8d,
  0x78, 0xe8, 0x48, 0x3b, 0x3d, 0x47, 0x39, 0x00, 0x00, 0x75, 0x0d, 0x48,
  0x83, 0xc4, 0x10, 0x5d, 0xc3, 0x0f, 0x1f, 0x80, 0x00, 0x00, 0x00, 0x00,
  0x48, 0x83, 0x3d, 0x20, 0x39, 0x00, 0x00, 0x00, 0x74, 0x1e, 0xba, 0xff,
  0xff, 0xff, 0xff, 0xf0, 0x0f, 0xc1, 0x50, 0xf8, 0x85, 0xd2, 0x7f, 0xdb,
  0x48, 0x8d, 0x74, 0x24, 0x07, 0xe8, 0x56, 0xf0, 0xff, 0xff, 0xeb, 0xcf,
  0x0f, 0x1f, 0x40, 0x00, 0x8b, 0x50, 0xf8, 0x8d, 0x4a, 0xff, 0x89, 0x48,
  0xf8, 0xeb, 0xe1, 0x90, 0x0f, 0x1f, 0x40, 0x00, 0x31, 0xc0, 0x48, 0x8d,
  0x15, 0xd7, 0x0c, 0x00, 0x00, 0x48, 0x39, 0x57, 0x08, 0x75, 0x04, 0x48,
  0x8b, 0x47, 0x10, 0xc3, 0x66, 0x66, 0x2e, 0x0f, 0x1f, 0x84, 0x00, 0x00,
  0x00, 0x00, 0x00, 0x90, 0x41, 0x57, 0x41, 0x56, 0x41, 0x55, 0x41, 0x54,
  0x55, 0x53, 0x48, 0x81, 0xec, 0x08, 0x05, 0x00, 0x00, 0x48, 0x8d, 0x6c,
  0x24, 0x28, 0x48, 0x89, 0xef, 0xe8, 0x12, 0xf0, 0xff, 0xff, 0x83, 0xf8,
  0xff, 0x0f, 0x84, 0xd0, 0x04, 0x00, 0x00, 0xe8, 0x14, 0xf0, 0xff, 0xff,
  0x83, 0xf8, 0xff, 0x0f, 0x84, 0xdb, 0x04, 0x00, 0x00, 0x85, 0xc0, 0x0f,
  0x85, 0x2e, 0x01, 0x00, 0x00, 0xe8, 0x0e, 0xf0, 0xff, 0xff, 0x48, 0x89,
  0xc3, 0x8b, 0x7c, 0x24, 0x28, 0xe8, 0x12, 0xf0, 0xff, 0xff, 0x83, 0xf8,
  0xff, 0x0f, 0x84, 0x29, 0x05, 0x00, 0x00, 0x8b, 0x7c, 0x24, 0x2c, 0xbe,
  0x01, 0x00, 0x00, 0x00, 0xe8, 0x0b, 0xf0, 0xff, 0xff, 0x83, 0xf8, 0xff,
  0x75, 0x0f, 0xe9, 0x01, 0x05, 0x00, 0x00, 0x90, 0x83, 0x3b, 0x04, 0x0f,
  0x85, 0x47, 0xf7, 0xff, 0xff, 0x8b, 0x7c, 0x24, 0x2c, 0xe8, 0xde, 0xef,
  0xff, 0xff, 0x83, 0xf8, 0xff, 0x74, 0xe9, 0x48, 0x8b, 0x05, 0x4a, 0x38,
  0x00, 0x00, 0x31, 0xd2, 0x48, 0x8d, 0x35, 0x19, 0x19, 0x00, 0x00, 0x4c,
  0x8d, 0xac, 0x24, 0x10, 0x01, 0x00, 0x00, 0x4c, 0x8d, 0xa4, 0x24, 0xa0,
  0x00, 0x00, 0x00, 0x48, 0x8b, 0x38, 0x31, 0xc0, 0xe8, 0xcf, 0xef, 0xff,
  0xff, 0x4c, 0x89, 0xe2, 0x48, 0x8d, 0x35, 0x07, 0x19, 0x00, 0x00, 0x4c,
  0x89, 0xef, 0xe8, 0x3d, 0xef, 0xff, 0xff, 0x8b, 0x3b, 0xe8, 0xc6, 0xef,
  0xff, 0xff, 0x48, 0x89, 0xc7, 0x49, 0x89, 0xc6, 0xe8, 0x1b, 0xef, 0xff,
  0xff, 0x4c, 0x89, 0xf6, 0x4c, 0x89, 0xef, 0x48, 0x8b, 0x2d, 0xfe, 0x37,
  0x00, 0x00, 0x48, 0x89, 0xc2, 0xe8, 0xb6, 0xef, 0xff, 0xff, 0x48, 0x8b,
  0x84, 0x24, 0x10, 0x01, 0x00, 0x00, 0x4c, 0x8b, 0x70, 0xe8, 0x49, 0x8d,
  0x5e, 0x01, 0x48, 0x3b, 0x58, 0xf0, 0x0f, 0x86, 0x6c, 0x03, 0x00, 0x00,
  0x48, 0x89, 0xde, 0x4c, 0x89, 0xef, 0x48, 0x8b, 0x2d, 0xcf, 0x37, 0x00,
  0x00, 0xe8, 0x9a, 0xef, 0xff, 0xff, 0x48, 0x8b, 0x84, 0x24, 0x10, 0x01,
  0x00, 0x00, 0x48, 0x8b, 0x2d, 0xbb, 0x37, 0x00, 0x00, 0x48, 0x8b, 0x50,
  0xe8, 0xc6, 0x04, 0x10, 0x0a, 0x48, 0x8b, 0xb4, 0x24, 0x10, 0x01, 0x00,
  0x00, 0x48, 0x8d, 0x46, 0xe8, 0x48, 0x39, 0xe8, 0x0f, 0x85, 0x6e, 0x04,
  0x00, 0x00, 0x48, 0x8b, 0x56, 0xe8, 0xbf, 0x01, 0x00, 0x00, 0x00, 0xe8,
  0x70, 0xef, 0xff, 0xff, 0xbf, 0x01, 0x00, 0x00, 0x00, 0xe8, 0x76, 0xef,
  0xff, 0xff, 0xe8, 0xf1, 0xee, 0xff, 0xff, 0x83, 0x38, 0x04, 0x48, 0x89,
  0xc3, 0x0f, 0x85, 0xe2, 0xf4, 0xff, 0xff, 0x8b, 0x7c, 0x24, 0x2c, 0xe8,
  0xec, 0xee, 0xff, 0xff, 0x83, 0xf8, 0xff, 0x74, 0xe1, 0x48, 0x8b, 0x2d,
  0x60, 0x37, 0x00, 0x00, 0x48, 0x8d, 0x5c, 0x24, 0x20, 0x48, 0x8d, 0x45,
  0x18, 0x48, 0x89, 0x44, 0x24, 0x20, 0xeb, 0x48, 0x48, 0x8b, 0x44, 0x24,
  0x20, 0x42, 0x80, 0x7c, 0x20, 0xff, 0x0a, 0x74, 0x60, 0x4c, 0x8d, 0xac,
  0x24, 0x10, 0x01, 0x00, 0x00, 0x8b, 0x7c, 0x24, 0x28, 0xba, 0xe8, 0x03,
  0x00, 0x00, 0x4c, 0x89, 0xee, 0xe8, 0x2a, 0xef, 0xff, 0xff, 0x48, 0x89,
  0xc2, 0x48, 0x83, 0xf8, 0xff, 0x0f, 0x84, 0x4a, 0x02, 0x00, 0x00, 0x48,
  0x85, 0xc0, 0x74, 0x35, 0x4c, 0x89, 0xee, 0x48, 0x89, 0xdf, 0xe8, 0xcd,
  0xee, 0xff, 0xff, 0x48, 0x8b, 0x44, 0x24, 0x20, 0x4c, 0x8b, 0x60, 0xe8,
  0x4d, 0x85, 0xe4, 0x74, 0xbc, 0x8b, 0x40, 0xf8, 0x85, 0xc0, 0x78, 0xa8,
  0x48, 0x89, 0xdf, 0xe8, 0x00, 0xef, 0xff, 0xff, 0x48, 0x8b, 0x44, 0x24,
  0x20, 0x42, 0x80, 0x7c, 0x20, 0xff, 0x0a, 0x75, 0xa0, 0x8b, 0x7c, 0x24,
  0x28, 0xe8, 0x5a, 0xee, 0xff, 0xff, 0x83, 0xf8, 0xff, 0x0f, 0x84, 0x41,
  0x03, 0x00, 0x00, 0x48, 0x8b, 0x44, 0x24, 0x20, 0x48, 0x8b, 0x40, 0xe8,
  0x48, 0x85, 0xc0, 0x0f, 0x84, 0xff, 0x01, 0x00, 0x00, 0x4c, 0x8d, 0x74,
  0x24, 0x20, 0x48, 0x8d, 0x70, 0xff, 0x31, 0xc9, 0xba, 0x01, 0x00, 0x00,
  0x00, 0x4c, 0x89, 0xf7, 0xe8, 0xc7, 0xee, 0xff, 0xff, 0x31, 0xd2, 0xb9,
  0x07, 0x00, 0x00, 0x00, 0x48, 0x8d, 0x35, 0x93, 0x17, 0x00, 0x00, 0x4c,
  0x89, 0xf7, 0xe8, 0xc1, 0xee, 0xff, 0xff, 0x48, 0x85, 0xc0, 0x0f, 0x84,
  0xa8, 0x03, 0x00, 0x00, 0x31, 0xd2, 0xbe, 0x01, 0x00, 0x00, 0x00, 0xbf,
  0x01, 0x00, 0x00, 0x00, 0xe8, 0xb7, 0xee, 0xff, 0xff, 0x41, 0x89, 0xc4,
  0x83, 0xf8, 0xff, 0x0f, 0x84, 0x1b, 0x03, 0x00, 0x00, 0x48, 0x8b, 0x74,
  0x24, 0x20, 0xb8, 0x01, 0x00, 0x00, 0x00, 0x48, 0x8d, 0x7c, 0x24, 0x32,
  0x4c, 0x8d, 0x6c, 0x24, 0x30, 0x66, 0x89, 0x44, 0x24, 0x30, 0xe8, 0x9d,
  0xee, 0xff, 0xff, 0x48, 0x8b, 0x84, 0x24, 0x90, 0x00, 0x00, 0x00, 0x66,
  0x0f, 0x6f, 0x44, 0x24, 0x30, 0x48, 0x8d, 0xbc, 0x24, 0xa2, 0x00, 0x00,
  0x00, 0x66, 0x0f, 0x6f, 0x4c, 0x24, 0x40, 0x66, 0x0f, 0x6f, 0x54, 0x24,
  0x50, 0x48, 0x89, 0x84, 0x24, 0x00, 0x01, 0x00, 0x00, 0x8b, 0x84, 0x24,
  0x98, 0x00, 0x00, 0x00, 0x66, 0x0f, 0x6f, 0x5c, 0x24, 0x60, 0x66, 0x0f,
  0x6f, 0x64, 0x24, 0x70, 0x0f, 0x29, 0x84, 0x24, 0xa0, 0x00, 0x00, 0x00,
  0x66, 0x0f, 0x6f, 0xac, 0x24, 0x80, 0x00, 0x00, 0x00, 0x89, 0x84, 0x24,
  0x08, 0x01, 0x00, 0x00, 0x0f, 0xb7, 0x84, 0x24, 0x9c, 0x00, 0x00, 0x00,
  0x0f, 0x29, 0x8c, 0x24, 0xb0, 0x00, 0x00, 0x00, 0x0f, 0x29, 0x94, 0x24,
  0xc0, 0x00, 0x00, 0x00, 0x66, 0x89, 0x84, 0x24, 0x0c, 0x01, 0x00, 0x00,
  0x0f, 0x29, 0x9c, 0x24, 0xd0, 0x00, 0x00, 0x00, 0x0f, 0x29, 0xa4, 0x24,
  0xe0, 0x00, 0x00, 0x00, 0x0f, 0x29, 0xac, 0x24, 0xf0, 0x00, 0x00, 0x00,
  0xe8, 0xcb, 0xec, 0xff, 0xff, 0x44, 0x8d, 0x70, 0x03, 0x44, 0x89, 0xf2,
  0x4c, 0x89, 0xee, 0x44, 0x89, 0xe7, 0xe8, 0x09, 0xee, 0xff, 0xff, 0x83,
  0xf8, 0xff, 0x0f, 0x84, 0xf0, 0x01, 0x00, 0x00, 0xbf, 0x28, 0x00, 0x00,
  0x00, 0xe8, 0x06, 0xee, 0xff, 0xff, 0x48, 0x8b, 0x7c, 0x24, 0x20, 0x48,
  0xc7, 0x00, 0x00, 0x00, 0x00, 0x00, 0x49, 0x89, 0xc5, 0xba, 0x07, 0x69,
  0x0f, 0xc7, 0x48, 0x89, 0x78, 0x08, 0x48, 0x8d, 0x45, 0x18, 0x48, 0x8b,
  0x77, 0xe8, 0x48, 0x89, 0x44, 0x24, 0x20, 0x48, 0x8b, 0x05, 0x72, 0x35,
  0x00, 0x00, 0x45, 0x89, 0x65, 0x18, 0x48, 0x83, 0xc0, 0x10, 0x49, 0x89,
  0x45, 0x10, 0xe8, 0xd9, 0xed, 0xff, 0xff, 0x4c, 0x8b, 0x0d, 0x62, 0x35,
  0x00, 0x00, 0x31, 0xd2, 0x49, 0x89, 0xc4, 0x4d, 0x8b, 0x79, 0x08, 0x49,
  0xf7, 0xf7, 0x49, 0x8b, 0x01, 0x48, 0x8b, 0x04, 0xd0, 0x49, 0x89, 0xd2,
  0x48, 0x85, 0xc0, 0x74, 0x29, 0x4c, 0x8b, 0x30, 0x49, 0x8b, 0x4e, 0x20,
  0x49, 0x39, 0xcc, 0x0f, 0x84, 0xc7, 0x00, 0x00, 0x00, 0x4d, 0x8b, 0x36,
  0x4d, 0x85, 0xf6, 0x74, 0x11, 0x49, 0x8b, 0x4e, 0x20, 0x31, 0xd2, 0x48,
  0x89, 0xc8, 0x49, 0xf7, 0xf7, 0x49, 0x39, 0xd2, 0x74, 0xde, 0x41, 0xb8,
  0x01, 0x00, 0x00, 0x00, 0x4c, 0x89, 0xe9, 0x4c, 0x89, 0xe2, 0x4c, 0x89,
  0xd6, 0x4c, 0x89, 0xcf, 0xe8, 0x87, 0xed, 0xff, 0xff, 0x48, 0x8b, 0x44,
  0x24, 0x20, 0x48, 0x8d, 0x78, 0xe8, 0x48, 0x39, 0xef, 0x0f, 0x85, 0xd3,
  0x01, 0x00, 0x00, 0x48, 0x81, 0xc4, 0x08, 0x05, 0x00, 0x00, 0x5b, 0x5d,
  0x41, 0x5c, 0x41, 0x5d, 0x41, 0x5e, 0x41, 0x5f, 0xc3, 0xe8, 0x3e, 0xec,
  0xff, 0xff, 0x83, 0x38, 0x04, 0x48, 0x89, 0xc3, 0x0f, 0x85, 0x6d, 0xf3,
  0xff, 0xff, 0xeb, 0xfe, 0x4c, 0x8d, 0x6c, 0x24, 0x30, 0x4c, 0x8d, 0xa4,
  0x24, 0xa0, 0x00, 0x00, 0x00, 0x4c, 0x89, 0xea, 0x48, 0x8d, 0x35, 0x99,
  0x14, 0x00, 0x00, 0x4c, 0x89, 0xe7, 0xe8, 0xc1, 0xeb, 0xff, 0xff, 0x48,
  0x8b, 0x35, 0x92, 0x34, 0x00, 0x00, 0x4c, 0x89, 0xe7, 0xe8, 0x32, 0xed,
  0xff, 0xff, 0xba, 0x01, 0x00, 0x00, 0x00, 0x48, 0x8d, 0x35, 0x7e, 0x15,
  0x00, 0x00, 0x4c, 0x89, 0xe7, 0xe8, 0x3e, 0xec, 0xff, 0xff, 0xe9, 0xa6,
  0xf3, 0xff, 0xff, 0x66, 0x0f, 0x1f, 0x84, 0x00, 0x00, 0x00, 0x00, 0x00,
  0x8b, 0x40, 0xf8, 0x85, 0xc0, 0x0f, 0x8f, 0x89, 0xfc, 0xff, 0xff, 0xe9,
  0x96, 0xfc, 0xff, 0xff, 0x49, 0x8b, 0x5d, 0x08, 0x49, 0x8b, 0x76, 0x08,
  0x48, 0x8b, 0x53, 0xe8, 0x48, 0x3b, 0x56, 0xe8, 0x0f, 0x85, 0x23, 0xff,
  0xff, 0xff, 0x4c, 0x89, 0x54, 0x24, 0x08, 0x48, 0x85, 0xd2, 0x74, 0x1c,
  0x48, 0x89, 0xdf, 0xe8, 0xe8, 0xec, 0xff, 0xff, 0x4c, 0x8b, 0x54, 0x24,
  0x08, 0x4c, 0x8b, 0x0d, 0x3c, 0x34, 0x00, 0x00, 0x85, 0xc0, 0x0f, 0x85,
  0xfd, 0xfe, 0xff, 0xff, 0x48, 0x8b, 0x05, 0x35, 0x34, 0x00, 0x00, 0x41,
  0x8b, 0x7d, 0x18, 0x48, 0x83, 0xc0, 0x10, 0x49, 0x89, 0x45, 0x10, 0x83,
  0xff, 0xff, 0x74, 0x09, 0xe8, 0x87, 0xeb, 0xff, 0xff, 0x49, 0x8b, 0x5d,
  0x08, 0x48, 0x8d, 0x7b, 0xe8, 0x48, 0x39, 0xef, 0x0f, 0x85, 0x96, 0x01,
  0x00, 0x00, 0x4c, 0x89, 0xef, 0xe8, 0xae, 0xec, 0xff, 0xff, 0xe9, 0xf2,
  0xfe, 0xff, 0xff, 0xe8, 0x54, 0xeb, 0xff, 0xff, 0x83, 0x38, 0x04, 0x48,
  0x89, 0xc3, 0x0f, 0x84, 0x0e, 0xfb, 0xff, 0xff, 0xe9, 0x28, 0xef, 0xff,
  0xff, 0x0f, 0x1f, 0x00, 0xe8, 0x3b, 0xeb, 0xff, 0xff, 0x83, 0x38, 0x04,
  0x48, 0x89, 0xc3, 0x0f, 0x84, 0x06, 0xfb, 0xff, 0xff, 0xe9, 0x44, 0xef,
  0xff, 0xff, 0x66, 0x2e, 0x0f, 0x1f, 0x84, 0x00, 0x00, 0x00, 0x00, 0x00,
  0xe8, 0x1b, 0xeb, 0xff, 0xff, 0x83, 0x38, 0x04, 0x48, 0x89, 0xc3, 0x0f,
  0x84, 0xe8, 0xfd, 0xff, 0xff, 0xe9, 0x3c, 0xf1, 0xff, 0xff, 0x66, 0x2e,
  0x0f, 0x1f, 0x84, 0x00, 0x00, 0x00, 0x00, 0x00, 0xe8, 0xfb, 0xea, 0xff,
  0xff, 0x83, 0x38, 0x04, 0x48, 0x89, 0xc3, 0x0f, 0x84, 0x9c, 0xfc, 0xff,
  0xff, 0xe9, 0x7d, 0xf1, 0xff, 0xff, 0x66, 0x2e, 0x0f, 0x1f, 0x84, 0x00,
  0x00, 0x00, 0x00, 0x00, 0x83, 0x3b, 0x04, 0x0f, 0x84, 0xde, 0xfa, 0xff,
  0xff, 0xe9, 0x9a, 0xf0, 0xff, 0xff, 0x66, 0x90, 0x83, 0x3b, 0x04, 0x0f,
  0x84, 0xbc, 0xfa, 0xff, 0xff, 0xe9, 0x6c, 0xef, 0xff, 0xff, 0x66, 0x90,
  0xe8, 0xbb, 0xea, 0xff, 0xff, 0x83, 0x38, 0x04, 0x48, 0x89, 0xc3, 0x0f,
  0x84, 0xb7, 0xfc, 0xff, 0xff, 0xe9, 0x1f, 0xef, 0xff, 0xff, 0x66, 0x2e,
  0x0f, 0x1f, 0x84, 0x00, 0x00, 0x00, 0x00, 0x00, 0xc7, 0x46, 0xf8, 0x00,
  0x00, 0x00, 0x00, 0x48, 0x89, 0x5e, 0xe8, 0x42, 0xc6, 0x44, 0x30, 0x19,
  0x00, 0x48, 0x8b, 0xb4, 0x24, 0x10, 0x01, 0x00, 0x00, 0xe9, 0x74, 0xfb,
  0xff, 0xff, 0x48, 0x83, 0x3d, 0xfa, 0x32, 0x00, 0x00, 0x00, 0x0f, 0x84,
  0xd2, 0x00, 0x00, 0x00, 0xba, 0xff, 0xff, 0xff, 0xff, 0xf0, 0x0f, 0xc1,
  0x50, 0xf8, 0x85, 0xd2, 0x0f, 0x8f, 0x0d, 0xfe, 0xff, 0xff, 0x48, 0x8d,
  0xb4, 0x24, 0xa0, 0x00, 0x00, 0x00, 0xe8, 0x25, 0xea, 0xff, 0xff, 0xe9,
  0xfb, 0xfd, 0xff, 0xff, 0x4c, 0x8d, 0xa4, 0x24, 0xa0, 0x00, 0x00, 0x00,
  0x4c, 0x8d, 0x6c, 0x24, 0x30, 0x4c, 0x89, 0xe2, 0x48, 0x8d, 0x35, 0xcb,
  0x13, 0x00, 0x00, 0x4c, 0x89, 0xef, 0xe8, 0xe1, 0xe9, 0xff, 0xff, 0x48,
  0x8b, 0x35, 0xb2, 0x32, 0x00, 0x00, 0x4c, 0x89, 0xef, 0xe8, 0x52, 0xeb,
  0xff, 0xff, 0x48, 0x8d, 0x35, 0xc4, 0x13, 0x00, 0x00, 0x4c, 0x89, 0xef,
  0xe8, 0x73, 0xeb, 0xff, 0xff, 0x48, 0x83, 0xc9, 0xff, 0xba, 0x07, 0x00,
  0x00, 0x00, 0x4c, 0x89, 0xf6, 0x4c, 0x89, 0xe7, 0xe8, 0x6f, 0xeb, 0xff,
  0xff, 0x4c, 0x89, 0xe6, 0x4c, 0x89, 0xef, 0xe8, 0x24, 0xeb, 0xff, 0xff,
  0x48, 0x8b, 0x84, 0x24, 0xa0, 0x00, 0x00, 0x00, 0x48, 0x8d, 0x78, 0xe8,
  0x48, 0x39, 0xef, 0x0f, 0x84, 0x04, 0xef, 0xff, 0xff, 0x48, 0x8d, 0x74,
  0x24, 0x1f, 0xe8, 0xb5, 0xf7, 0xff, 0xff, 0xe9, 0xf5, 0xee, 0xff, 0xff,
  0x48, 0x83, 0x3d, 0x48, 0x32, 0x00, 0x00, 0x00, 0x74, 0x32, 0xb8, 0xff,
  0xff, 0xff, 0xff, 0xf0, 0x0f, 0xc1, 0x43, 0xf8, 0x85, 0xc0, 0x0f, 0x8f,
  0x4e, 0xfe, 0xff, 0xff, 0x48, 0x8d, 0xb4, 0x24, 0xa0, 0x00, 0x00, 0x00,
  0xe8, 0x77, 0xe9, 0xff, 0xff, 0xe9, 0x3c, 0xfe, 0xff, 0xff, 0x8b, 0x50,
  0xf8, 0x8d, 0x4a, 0xff, 0x89, 0x48, 0xf8, 0xe9, 0x2a, 0xff, 0xff, 0xff,
  0x8b, 0x43, 0xf8, 0x8d, 0x50, 0xff, 0x89, 0x53, 0xf8, 0xeb, 0xcd, 0x48,
  0x89, 0xc3, 0xe9, 0x70, 0xee, 0xff, 0xff, 0x48, 0x89, 0xc3, 0xe9, 0xcc,
  0xee, 0xff, 0xff, 0xe9, 0xd1, 0xee, 0xff, 0xff, 0xe9, 0x63, 0xf0, 0xff,
  0xff, 0x48, 0x89, 0xc3, 0xe9, 0x85, 0xf1, 0xff, 0xff, 0xe9, 0x41, 0xee,
  0xff, 0xff, 0xe9, 0x76, 0xf0, 0xff, 0xff, 0x49, 0x89, 0xc5, 0xe9, 0x97,
  0xf1, 0xff, 0xff, 0x0f, 0x1f, 0x44, 0x00, 0x00, 0x55, 0xba, 0x07, 0x69,
  0x0f, 0xc7, 0x48, 0x89, 0xe5, 0x41, 0x57, 0x41, 0x56, 0x41, 0x55, 0x41,
  0x54, 0x53, 0x48, 0x81, 0xec, 0x08, 0x01, 0x00, 0x00, 0x48, 0x89, 0xbd,
  0xd8, 0xfe, 0xff, 0xff, 0x48, 0x8b, 0x3f, 0x48, 0x8b, 0x77, 0xe8, 0xe8,
  0x34, 0xea, 0xff, 0xff, 0x4c, 0x8b, 0x35, 0xbd, 0x31, 0x00, 0x00, 0x31,
  0xd2, 0x49, 0x89, 0xc4, 0x4d, 0x8b, 0x6e, 0x08, 0x49, 0xf7, 0xf5, 0x49,
  0x8b, 0x06, 0x48, 0x8b, 0x04, 0xd0, 0x48, 0x85, 0xc0, 0x74, 0x2c, 0x48,
  0x8b, 0x18, 0x49, 0x89, 0xd7, 0x48, 0x8b, 0x4b, 0x20, 0x49, 0x39, 0xcc,
  0x0f, 0x84, 0x62, 0x01, 0x00, 0x00, 0x48, 0x8b, 0x1b, 0x48, 0x85, 0xdb,
  0x74, 0x11, 0x48, 0x8b, 0x4b, 0x20, 0x31, 0xd2, 0x48, 0x89, 0xc8, 0x49,
  0xf7, 0xf5, 0x49, 0x39, 0xd7, 0x74, 0xde, 0x48, 0x8b, 0x1d, 0x7a, 0x31,
  0x00, 0x00, 0x48, 0x8d, 0x43, 0x10, 0x48, 0x89, 0x85, 0xe0, 0xfe, 0xff,
  0xff, 0x31, 0xd2, 0xbe, 0x01, 0x00, 0x00, 0x00, 0xbf, 0x01, 0x00, 0x00,
  0x00, 0xe8, 0x86, 0xe9, 0xff, 0xff, 0x89, 0x85, 0xe8, 0xfe, 0xff, 0xff,
  0x41, 0x89, 0xc4, 0x83, 0xf8, 0xff, 0x0f, 0x84, 0x5c, 0x01, 0x00, 0x00,
  0x48, 0x8b, 0x05, 0x35, 0x31, 0x00, 0x00, 0xbf, 0x01, 0x00, 0x00, 0x00,
  0x4c, 0x8d, 0xad, 0xf0, 0xfe, 0xff, 0xff, 0x66, 0x89, 0xbd, 0xf0, 0xfe,
  0xff, 0xff, 0x48, 0x8d, 0xbd, 0xf2, 0xfe, 0xff, 0xff, 0x48, 0x83, 0xc0,
  0x10, 0x48, 0x89, 0x85, 0xe0, 0xfe, 0xff, 0xff, 0x48, 0x8b, 0x85, 0xd8,
  0xfe, 0xff, 0xff, 0x48, 0x8b, 0x30, 0xe8, 0x49, 0xe9, 0xff, 0xff, 0x48,
  0x8b, 0x85, 0x50, 0xff, 0xff, 0xff, 0x66, 0x0f, 0x6f, 0x85, 0xf0, 0xfe,
  0xff, 0xff, 0x48, 0x8d, 0xbd, 0x62, 0xff, 0xff, 0xff, 0x66, 0x0f, 0x6f,
  0x8d, 0x00, 0xff, 0xff, 0xff, 0x66, 0x0f, 0x6f, 0x95, 0x10, 0xff, 0xff,
  0xff, 0x48, 0x89, 0x45, 0xc0, 0x8b, 0x85, 0x58, 0xff, 0xff, 0xff, 0x66,
  0x0f, 0x6f, 0x9d, 0x20, 0xff, 0xff, 0xff, 0x66, 0x0f, 0x6f, 0xa5, 0x30,
  0xff, 0xff, 0xff, 0x0f, 0x29, 0x85, 0x60, 0xff, 0xff, 0xff, 0x89, 0x45,
  0xc8, 0x66, 0x0f, 0x6f, 0xad, 0x40, 0xff, 0xff, 0xff, 0x0f, 0xb7, 0x85,
  0x5c, 0xff, 0xff, 0xff, 0x0f, 0x29, 0x8d, 0x70, 0xff, 0xff, 0xff, 0x0f,
  0x29, 0x55, 0x80, 0x66, 0x89, 0x45, 0xcc, 0x0f, 0x29, 0x5d, 0x90, 0x0f,
  0x29, 0x65, 0xa0, 0x0f, 0x29, 0x6d, 0xb0, 0xe8, 0x90, 0xe7, 0xff, 0xff,
  0x44, 0x8d, 0x78, 0x03, 0x44, 0x89, 0xfa, 0x4c, 0x89, 0xee, 0x44, 0x89,
  0xe7, 0xe8, 0xce, 0xe8, 0xff, 0xff, 0x83, 0xf8, 0xff, 0x0f, 0x84, 0xa5,
  0x00, 0x00, 0x00, 0x48, 0x83, 0xec, 0x08, 0x48, 0x8b, 0xb5, 0xd8, 0xfe,
  0xff, 0xff, 0x48, 0x8d, 0x95, 0xe0, 0xfe, 0xff, 0xff, 0x4c, 0x89, 0xf7,
  0x6a, 0x00, 0xe8, 0x39, 0xe9, 0xff, 0xff, 0x8b, 0xbd, 0xe8, 0xfe, 0xff,
  0xff, 0x4c, 0x8d, 0x60, 0x10, 0x48, 0x8d, 0x43, 0x10, 0x5a, 0x48, 0x89,
  0x85, 0xe0, 0xfe, 0xff, 0xff, 0x59, 0x83, 0xff, 0xff, 0x74, 0x3f, 0xe8,
  0xa8, 0xe7, 0xff, 0xff, 0xeb, 0x38, 0x66, 0x0f, 0x1f, 0x44, 0x00, 0x00,
  0x48, 0x8b, 0x85, 0xd8, 0xfe, 0xff, 0xff, 0x48, 0x8b, 0x73, 0x08, 0x48,
  0x8b, 0x38, 0x48, 0x8b, 0x57, 0xe8, 0x48, 0x3b, 0x56, 0xe8, 0x0f, 0x85,
  0x82, 0xfe, 0xff, 0xff, 0x48, 0x85, 0xd2, 0x74, 0x0d, 0xe8, 0xaa, 0xe8,
  0xff, 0xff, 0x85, 0xc0, 0x0f, 0x85, 0x70, 0xfe, 0xff, 0xff, 0x4c, 0x8d,
  0x63, 0x10, 0x48, 0x8d, 0x65, 0xd8, 0x4c, 0x89, 0xe0, 0x5b, 0x41, 0x5c,
  0x41, 0x5d, 0x41, 0x5e, 0x41, 0x5f, 0x5d, 0xc3, 0x0f, 0x1f, 0x40, 0x00,
  0xe8, 0x43, 0xe7, 0xff, 0xff, 0x83, 0x38, 0x04, 0x49, 0x89, 0xc4, 0x0f,
  0x84, 0x70, 0xfe, 0xff, 0xff, 0xe9, 0x74, 0xf0, 0xff, 0xff, 0x66, 0x90,
  0xe8, 0x2b, 0xe7, 0xff, 0xff, 0x83, 0x38, 0x04, 0x49, 0x89, 0xc4, 0x0f,
  0x85, 0x82, 0xef, 0xff, 0xff, 0x44, 0x8b, 0xa5, 0xe8, 0xfe, 0xff, 0xff,
  0xe9, 0x27, 0xff, 0xff, 0xff, 0x49, 0x89, 0xc6, 0xe9, 0xa5, 0xef, 0xff,
  0xff, 0xe9, 0xc3, 0xef, 0xff, 0xff, 0x66, 0x0f, 0x1f, 0x44, 0x00, 0x00,
  0x41, 0x57, 0x48, 0x8d, 0x05, 0xa4, 0x10, 0x00, 0x00, 0x41, 0x56, 0x41,
  0x55, 0x41, 0x54, 0x49, 0x89, 0xd4, 0x55, 0x48, 0x89, 0xfd, 0x53, 0x48,
  0x83, 0xec, 0x78, 0x48, 0x85, 0xf6, 0x48, 0x0f, 0x44, 0xf0, 0x4c, 0x8d,
  0x6c, 0x24, 0x20, 0x4c, 0x89, 0xea, 0xe8, 0x81, 0xe6, 0xff, 0xff, 0x48,
  0x8b, 0x45, 0x00, 0x48, 0x83, 0x78, 0xe8, 0x00, 0x0f, 0x85, 0x92, 0x01,
  0x00, 0x00, 0x48, 0x8b, 0x1d, 0x5b, 0x2f, 0x00, 0x00, 0x48, 0x83, 0x7b,
  0x18, 0x00, 0x0f, 0x84, 0x70, 0x01, 0x00, 0x00, 0x48, 0x8b, 0x5b, 0x10,
  0x48, 0x89, 0xef, 0x48, 0x8d, 0x73, 0x08, 0xe8, 0x30, 0xe8, 0xff, 0xff,
  0x48, 0x83, 0xc3, 0x10, 0x4c, 0x89, 0xe6, 0x4c, 0x89, 0xef, 0xe8, 0x31,
  0xe8, 0xff, 0xff, 0x31, 0xc9, 0xc6, 0x44, 0x24, 0x17, 0x00, 0x4d, 0x89,
  0xee, 0x45, 0x31, 0xe4, 0x66, 0x89, 0x4c, 0x24, 0x15, 0x0f, 0x1f, 0x80,
  0x00, 0x00, 0x00, 0x00, 0x8b, 0x7b, 0x08, 0xba, 0x44, 0x00, 0x00, 0x00,
  0x4c, 0x89, 0xf6, 0xe8, 0xd8, 0xe6, 0xff, 0xff, 0x48, 0x83, 0xf8, 0xff,
  0x0f, 0x84, 0x06, 0x01, 0x00, 0x00, 0x49, 0x01, 0xc4, 0x49, 0x01, 0xc6,
  0x49, 0x83, 0xfc, 0x43, 0x76, 0xda, 0x31, 0xc0, 0xba, 0x01, 0x00, 0x00,
  0x00, 0x4c, 0x8d, 0x7c, 0x24, 0x18, 0x45, 0x31, 0xe4, 0x66, 0x89, 0x44,
  0x24, 0x1e, 0x8b, 0x43, 0x08, 0x66, 0x89, 0x54, 0x24, 0x1c, 0x89, 0x44,
  0x24, 0x18, 0x48, 0x8d, 0x44, 0x24, 0x15, 0x48, 0x89, 0x44, 0x24, 0x08,
  0x49, 0x89, 0xc6, 0x0f, 0x1f, 0x44, 0x00, 0x00, 0xba, 0xe8, 0x03, 0x00,
  0x00, 0xbe, 0x01, 0x00, 0x00, 0x00, 0x4c, 0x89, 0xff, 0xe8, 0xbe, 0xe7,
  0xff, 0xff, 0x83, 0xf8, 0xff, 0x0f, 0x84, 0x95, 0x00, 0x00, 0x00, 0x0f,
  0xb7, 0x44, 0x24, 0x1e, 0xa8, 0x01, 0x0f, 0x84, 0xf4, 0xef, 0xff, 0xff,
  0xb8, 0x02, 0x00, 0x00, 0x00, 0x4c, 0x29, 0xe0, 0x48, 0x89, 0x04, 0x24,
  0x48, 0x89, 0xc2, 0x8b, 0x7b, 0x08, 0x4c, 0x89, 0xf6, 0xe8, 0x6e, 0xe6,
  0xff, 0xff, 0x48, 0x83, 0xf8, 0xff, 0x74, 0x50, 0x48, 0x85, 0xc0, 0x0f,
  0x84, 0x99, 0xef, 0xff, 0xff, 0x49, 0x01, 0xc4, 0x49, 0x01, 0xc6, 0x49,
  0x83, 0xfc, 0x01, 0x74, 0xa3, 0x80, 0x7c, 0x24, 0x15, 0x4f, 0x0f, 0x85,
  0x17, 0xf0, 0xff, 0xff, 0x80, 0x7c, 0x24, 0x16, 0x4b, 0x0f, 0x85, 0x0c,
  0xf0, 0xff, 0xff, 0x48, 0x8b, 0x44, 0x24, 0x08, 0x80, 0x78, 0x02, 0x00,
  0x0f, 0x85, 0x7e, 0x00, 0x00, 0x00, 0x48, 0x83, 0xc4, 0x78, 0x5b, 0x5d,
  0x41, 0x5c, 0x41, 0x5d, 0x41, 0x5e, 0x41, 0x5f, 0xc3, 0x0f, 0x1f, 0x80,
  0x00, 0x00, 0x00, 0x00, 0xe8, 0x83, 0xe5, 0xff, 0xff, 0x83, 0x38, 0x04,
  0x0f, 0x85, 0x7c, 0xf0, 0xff, 0xff, 0x48, 0x8b, 0x14, 0x24, 0xeb, 0x8b,
  0x0f, 0x1f, 0x40, 0x00, 0xe8, 0x6b, 0xe5, 0xff, 0xff, 0x83, 0x38, 0x04,
  0x0f, 0x84, 0x42, 0xff, 0xff, 0xff, 0xe9, 0x22, 0xf0, 0xff, 0xff, 0x0f,
  0x1f, 0x44, 0x00, 0x00, 0xe8, 0x53, 0xe5, 0xff, 0xff, 0x83, 0x38, 0x04,
  0x49, 0x89, 0xc7, 0x0f, 0x84, 0xcf, 0xfe, 0xff, 0xff, 0xe9, 0x99, 0xf0,
  0xff, 0xff, 0x66, 0x90, 0xe8, 0xfb, 0xe6, 0xff, 0xff, 0xe9, 0x86, 0xfe,
  0xff, 0xff, 0x66, 0x0f, 0x1f, 0x44, 0x00, 0x00, 0x48, 0x89, 0xef, 0xe8,
  0xf8, 0xe6, 0xff, 0xff, 0x48, 0x89, 0xc3, 0xe9, 0x84, 0xfe, 0xff, 0xff,
  0xe9, 0x7a, 0xef, 0xff, 0xff, 0xe9, 0xa7, 0xef, 0xff, 0xff, 0x66, 0x0f,
  0x1f, 0x44, 0x00, 0x00, 0x41, 0x55, 0x4d, 0x89, 0xc5, 0x41, 0x54, 0x41,
  0x89, 0xcc, 0x55, 0x48, 0x89, 0xd5, 0x53, 0x48, 0x89, 0xfb, 0x48, 0x8d,
  0x7f, 0x38, 0x48, 0x83, 0xec, 0x18, 0xe8, 0xd1, 0xe6, 0xff, 0xff, 0x4c,
  0x89, 0xe9, 0x44, 0x89, 0xe2, 0x48, 0x89, 0xee, 0x48, 0x89, 0xdf, 0xe8,
  0xd0, 0xe6, 0xff, 0xff, 0x48, 0x8b, 0x05, 0x89, 0x2d, 0x00, 0x00, 0x48,
  0x83, 0xc0, 0x10, 0x48, 0x89, 0x03, 0x48, 0x83, 0xc4, 0x18, 0x5b, 0x5d,
  0x41, 0x5c, 0x41, 0x5d, 0xc3, 0x48, 0x89, 0xc5, 0xe9, 0xa3, 0xf0, 0xff,
  0xff, 0x90, 0x66, 0x66, 0x2e, 0x0f, 0x1f, 0x84, 0x00, 0x00, 0x00, 0x00,
  0x00, 0x0f, 0x1f, 0x00, 0x41, 0x57, 0x41, 0x89, 0xcf, 0x41, 0x56, 0x49,
  0x89, 0xd6, 0x41, 0x55, 0x49, 0x89, 0xf5, 0x41, 0x54, 0x49, 0x89, 0xfc,
  0xbf, 0x40, 0x00, 0x00, 0x00, 0x55, 0x53, 0x4c, 0x89, 0xc3, 0x48, 0x83,
  0xec, 0x08, 0xe8, 0x89, 0xe5, 0xff, 0xff, 0x49, 0x89, 0xd8, 0x44, 0x89,
  0xf9, 0x4c, 0x89, 0xf2, 0x4c, 0x89, 0xee, 0x48, 0x89, 0xc7, 0x48, 0x89,
  0xc5, 0xe8, 0x72, 0xe6, 0xff, 0xff, 0x48, 0x89, 0xef, 0xe8, 0x7a, 0xe6,
  0xff, 0xff, 0x49, 0x89, 0x6c, 0x24, 0x10, 0x49, 0x89, 0x04, 0x24, 0x48,
  0x8d, 0x05, 0xca, 0x00, 0x00, 0x00, 0x49, 0x89, 0x44, 0x24, 0x08, 0xb8,
  0x00, 0xff, 0xff, 0xff, 0x66, 0x41, 0x89, 0x44, 0x24, 0x18, 0x48, 0x83,
  0xc4, 0x08, 0x4c, 0x89, 0xe0, 0x5b, 0x5d, 0x41, 0x5c, 0x41, 0x5d, 0x41,
  0x5e, 0x41, 0x5f, 0xc3, 0x49, 0x89, 0xc4, 0xe9, 0x38, 0xf0, 0xff, 0xff,
  0x80, 0x7f, 0x08, 0x00, 0x74, 0x0a, 0xc3, 0x66, 0x0f, 0x1f, 0x84, 0x00,
  0x00, 0x00, 0x00, 0x00, 0x41, 0x55, 0x45, 0x31, 0xed, 0x41, 0x54, 0x55,
  0x48, 0x89, 0xfd, 0x53, 0x48, 0x83, 0xec, 0x58, 0x48, 0x8b, 0x77, 0x10,
  0x48, 0x89, 0xe3, 0x48, 0x89, 0xdf, 0xe8, 0xa1, 0xe5, 0xff, 0xff, 0x48,
  0x8d, 0x7d, 0x38, 0xc6, 0x44, 0x24, 0x04, 0x01, 0xe8, 0xc3, 0xe5, 0xff,
  0xff, 0x48, 0x89, 0xef, 0x48, 0x89, 0xdd, 0x49, 0x89, 0xc4, 0xe8, 0x05,
  0xe6, 0xff, 0xff, 0x0f, 0x1f, 0x44, 0x00, 0x00, 0x41, 0x8b, 0x7c, 0x24,
  0x08, 0xba, 0x44, 0x00, 0x00, 0x00, 0x48, 0x89, 0xee, 0xe8, 0x3e, 0xe4,
  0xff, 0xff, 0x48, 0x83, 0xf8, 0xff, 0x74, 0x18, 0x49, 0x01, 0xc5, 0x48,
  0x01, 0xc5, 0x49, 0x83, 0xfd, 0x43, 0x76, 0xdc, 0x48, 0x83, 0xc4, 0x58,
  0x5b, 0x5d, 0x41, 0x5c, 0x41, 0x5d, 0xc3, 0x90, 0xe8, 0xab, 0xe3, 0xff,
  0xff, 0x83, 0x38, 0x04, 0x48, 0x89, 0xc3, 0x0f, 0x85, 0xbd, 0xef, 0xff,
  0xff, 0xeb, 0xbd, 0x66, 0x66, 0x2e, 0x0f, 0x1f, 0x84, 0x00, 0x00, 0x00,
  0x00, 0x00, 0x66, 0x90, 0x48, 0x85, 0xff, 0x74, 0x7b, 0x55, 0x48, 0x8d,
  0x15, 0x53, 0x08, 0x00, 0x00, 0x48, 0x89, 0xfd, 0x48, 0x83, 0xec, 0x10,
  0x48, 0x8b, 0x07, 0x48, 0x8b, 0x40, 0x18, 0x48, 0x39, 0xd0, 0x75, 0x68,
  0x48, 0x8b, 0x05, 0x19, 0x2c, 0x00, 0x00, 0x48, 0x83, 0xc0, 0x10, 0x48,
  0x89, 0x07, 0xe8, 0x8d, 0xe5, 0xff, 0xff, 0x48, 0x8b, 0x05, 0x0e, 0x2c,
  0x00, 0x00, 0x48, 0x89, 0xef, 0x48, 0x83, 0xc0, 0x10, 0x48, 0x89, 0x45,
  0x00, 0xe8, 0x66, 0xe5, 0xff, 0xff, 0x48, 0x89, 0xef, 0xe8, 0x7e, 0xe5,
  0xff, 0xff, 0x48, 0x8b, 0x45, 0x38, 0x48, 0x8d, 0x78, 0xe8, 0x48, 0x3b,
  0x3d, 0xbf, 0x2b, 0x00, 0x00, 0x75, 0x2d, 0x48, 0x89, 0xef, 0xbe, 0x40,
  0x00, 0x00, 0x00, 0xe8, 0x70, 0xe5, 0xff, 0xff, 0x48, 0x83, 0xc4, 0x10,
  0x5d, 0xc3, 0x66, 0x2e, 0x0f, 0x1f, 0x84, 0x00, 0x00, 0x00, 0x00, 0x00,
  0xc3, 0x0f, 0x1f, 0x80, 0x00, 0x00, 0x00, 0x00, 0xff, 0xd0, 0x48, 0x83,
  0xc4, 0x10, 0x5d, 0xc3, 0x48, 0x83, 0x3d, 0x78, 0x2b, 0x00, 0x00, 0x00,
  0x74, 0x1e, 0xba, 0xff, 0xff, 0xff, 0xff, 0xf0, 0x0f, 0xc1, 0x50, 0xf8,
  0x85, 0xd2, 0x7f, 0xbb, 0x48, 0x8d, 0x74, 0x24, 0x0f, 0xe8, 0xae, 0xe2,
  0xff, 0xff, 0xeb, 0xaf, 0x0f, 0x1f, 0x40, 0x00, 0x8b, 0x50, 0xf8, 0x8d,
  0x4a, 0xff, 0x89, 0x48, 0xf8, 0xeb, 0xe1, 0x66, 0x66, 0x66, 0x66, 0x2e,
  0x0f, 0x1f, 0x84, 0x00, 0x00, 0x00, 0x00, 0x00, 0x48, 0x8b, 0x05, 0x61,
  0x2b, 0x00, 0x00, 0x48, 0x83, 0xc0, 0x10, 0x48, 0x89, 0x07, 0x8b, 0x7f,
  0x08, 0x83, 0xff, 0xff, 0x75, 0x0a, 0xc3, 0x66, 0x0f, 0x1f, 0x84, 0x00,
  0x00, 0x00, 0x00, 0x00, 0x48, 0x83, 0xec, 0x08, 0xe8, 0xa7, 0xe2, 0xff,
  0xff, 0x48, 0x83, 0xc4, 0x08, 0xc3, 0x66, 0x90, 0x48, 0x8b, 0x05, 0x31,
  0x2b, 0x00, 0x00, 0x48, 0x83, 0xc0, 0x10, 0x48, 0x89, 0x07, 0x8b, 0x7f,
  0x08, 0x83, 0xff, 0xff, 0x75, 0x0a, 0xc3, 0x66, 0x0f, 0x1f, 0x84, 0x00,
  0x00, 0x00, 0x00, 0x00, 0x48, 0x83, 0xec, 0x08, 0xe8, 0x77, 0xe2, 0xff,
  0xff, 0x48, 0x83, 0xc4, 0x08, 0xc3, 0x66, 0x90, 0x48, 0x8b, 0x05, 0x01,
  0x2b, 0x00, 0x00, 0x55, 0x48, 0x89, 0xfd, 0x48, 0x83, 0xc0, 0x10, 0x48,
  0x89, 0x07, 0x8b, 0x7f, 0x08, 0x83, 0xff, 0xff, 0x74, 0x05, 0xe8, 0x51,
  0xe2, 0xff, 0xff, 0x48, 0x89, 0xef, 0xbe, 0x10, 0x00, 0x00, 0x00, 0x5d,
  0xe9, 0x83, 0xe4, 0xff, 0xff, 0x0f, 0x1f, 0x00, 0x48, 0x8b, 0x05, 0xd1,
  0x2a, 0x00, 0x00, 0x55, 0x48, 0x89, 0xfd, 0x48, 0x83, 0xc0, 0x10, 0x48,
  0x89, 0x07, 0x8b, 0x7f, 0x08, 0x83, 0xff, 0xff, 0x74, 0x05, 0xe8, 0x21,
  0xe2, 0xff, 0xff, 0x48, 0x89, 0xef, 0xbe, 0x10, 0x00, 0x00, 0x00, 0x5d,
  0xe9, 0x53, 0xe4, 0xff, 0xff, 0x0f, 0x1f, 0x00, 0x41, 0x56, 0x41, 0x55,
  0x41, 0x54, 0x55, 0x53, 0x48, 0x89, 0xfb, 0x48, 0x83, 0xec, 0x10, 0x48,
  0x8b, 0x6f, 0x10, 0x48, 0x85, 0xed, 0x74, 0x62, 0x48, 0x8b, 0x05, 0x89,
  0x2a, 0x00, 0x00, 0x48, 0x83, 0x3d, 0x59, 0x2a, 0x00, 0x00, 0x00, 0x4c,
  0x8b, 0x2d, 0x62, 0x2a, 0x00, 0x00, 0x4c, 0x8d, 0x70, 0x10, 0x0f, 0x84,
  0x88, 0x00, 0x00, 0x00, 0x0f, 0x1f, 0x84, 0x00, 0x00, 0x00, 0x00, 0x00,
  0x49, 0x89, 0xec, 0x48, 0x8b, 0x6d, 0x00, 0x41, 0x8b, 0x7c, 0x24, 0x18,
  0x4d, 0x89, 0x74, 0x24, 0x10, 0x83, 0xff, 0xff, 0x74, 0x05, 0xe8, 0xb5,
  0xe1, 0xff, 0xff, 0x49, 0x8b, 0x44, 0x24, 0x08, 0x48, 0x8d, 0x78, 0xe8,
  0x4c, 0x39, 0xef, 0x0f, 0x85, 0x93, 0x00, 0x00, 0x00, 0x4c, 0x89, 0xe7,
  0xe8, 0xdb, 0xe2, 0xff, 0xff, 0x48, 0x85, 0xed, 0x75, 0xc6, 0x48, 0x8b,
  0x43, 0x08, 0x48, 0x8b, 0x3b, 0x31, 0xf6, 0x48, 0x83, 0xc3, 0x30, 0x48,
  0x8d, 0x14, 0xc5, 0x00, 0x00, 0x00, 0x00, 0xe8, 0xcc, 0xe3, 0xff, 0xff,
  0x48, 0x8b, 0x7b, 0xd0, 0x48, 0xc7, 0x43, 0xe8, 0x00, 0x00, 0x00, 0x00,
  0x48, 0xc7, 0x43, 0xe0, 0x00, 0x00, 0x00, 0x00, 0x48, 0x39, 0xdf, 0x74,
  0x05, 0xe8, 0x9e, 0xe2, 0xff, 0xff, 0x48, 0x83, 0xc4, 0x10, 0x5b, 0x5d,
  0x41, 0x5c, 0x41, 0x5d, 0x41, 0x5e, 0xc3, 0x90, 0x49, 0x89, 0xec, 0x48,
  0x8b, 0x6d, 0x00, 0x41, 0x8b, 0x7c, 0x24, 0x18, 0x4d, 0x89, 0x74, 0x24,
  0x10, 0x83, 0xff, 0xff, 0x74, 0x05, 0xe8, 0x35, 0xe1, 0xff, 0xff, 0x49,
  0x8b, 0x44, 0x24, 0x08, 0x48, 0x8d, 0x78, 0xe8, 0x4c, 0x39, 0xef, 0x75,
  0x3f, 0x4c, 0x89, 0xe7, 0xe8, 0x5f, 0xe2, 0xff, 0xff, 0x48, 0x85, 0xed,
  0x75, 0xca, 0xeb, 0x82, 0x0f, 0x1f, 0x84, 0x00, 0x00, 0x00, 0x00, 0x00,
  0xba, 0xff, 0xff, 0xff, 0xff, 0xf0, 0x0f, 0xc1, 0x50, 0xf8, 0x85, 0xd2,
  0x0f, 0x8f, 0x5b, 0xff, 0xff, 0xff, 0x48, 0x8d, 0x74, 0x24, 0x0f, 0xe8,
  0xb4, 0xe0, 0xff, 0xff, 0xe9, 0x4c, 0xff, 0xff, 0xff, 0x0f, 0x1f, 0x80,
  0x00, 0x00, 0x00, 0x00, 0x8b, 0x50, 0xf8, 0x8d, 0x4a, 0xff, 0x89, 0x48,
  0xf8, 0x85, 0xd2, 0x7f, 0xb4, 0x48, 0x8d, 0x74, 0x24, 0x0f, 0xe8, 0x91,
  0xe0, 0xff, 0xff, 0xeb, 0xa8, 0x66, 0x66, 0x66, 0x66, 0x66, 0x66, 0x2e,
  0x0f, 0x1f, 0x84, 0x00, 0x00, 0x00, 0x00, 0x00, 0x41, 0x55, 0x41, 0x54,
  0x41, 0x89, 0xf4, 0x55, 0x48, 0x89, 0xd5, 0x53, 0x48, 0x89, 0xfb, 0x48,
  0x83, 0xec, 0x18, 0x48, 0x8b, 0x02, 0x89, 0xf2, 0x48, 0x89, 0xee, 0x4c,
  0x8d, 0x6c, 0x24, 0x08, 0x4c, 0x89, 0xef, 0xff, 0x50, 0x18, 0x4c, 0x89,
  0xee, 0x48, 0x89, 0xdf, 0xe8, 0xef, 0xe2, 0xff, 0xff, 0x48, 0x8b, 0x44,
  0x24, 0x08, 0x48, 0x8d, 0x78, 0xe8, 0x48, 0x3b, 0x3d, 0xff, 0x28, 0x00,
  0x00, 0x75, 0x25, 0x48, 0x8b, 0x05, 0x26, 0x29, 0x00, 0x00, 0x44, 0x89,
  0x63, 0x10, 0x48, 0x89, 0x6b, 0x18, 0x48, 0x83, 0xc0, 0x10, 0x48, 0x89,
  0x03, 0x48, 0x83, 0xc4, 0x18, 0x5b, 0x5d, 0x41, 0x5c, 0x41, 0x5d, 0xc3,
  0x0f, 0x1f, 0x40, 0x00, 0x48, 0x83, 0x3d, 0xc0, 0x28, 0x00, 0x00, 0x00,
  0x74, 0x1e, 0xba, 0xff, 0xff, 0xff, 0xff, 0xf0, 0x0f, 0xc1, 0x50, 0xf8,
  0x85, 0xd2, 0x7f, 0xc3, 0x48, 0x8d, 0x74, 0x24, 0x07, 0xe8, 0xf6, 0xdf,
  0xff, 0xff, 0xeb, 0xb7, 0x0f, 0x1f, 0x40, 0x00, 0x8b, 0x50, 0xf8, 0x8d,
  0x4a, 0xff, 0x89, 0x48, 0xf8, 0xeb, 0xe1, 0x48, 0x89, 0xc5, 0x48, 0x8b,
  0x44, 0x24, 0x08, 0x48, 0x8d, 0x78, 0xe8, 0x48, 0x3b, 0x3d, 0x92, 0x28,
  0x00, 0x00, 0x74, 0x0a, 0x48, 0x8d, 0x74, 0x24, 0x07, 0xe8, 0xd6, 0xed,
  0xff, 0xff, 0x48, 0x89, 0xef, 0xe8, 0x6e, 0xe2, 0xff, 0xff, 0x0f, 0x1f,
  0x84, 0x00, 0x00, 0x00, 0x00, 0x00, 0x00, 0x00, 0x00, 0x00, 0x00, 0x00,
  0x41, 0x55, 0x41, 0x54, 0x55, 0x48, 0x89, 0xf5, 0x53, 0x48, 0x89, 0xfb,
  0x48, 0x83, 0xec, 0x08, 0x48, 0x83, 0xfe, 0x01, 0x0f, 0x84, 0xce, 0x00,
  0x00, 0x00, 0x48, 0xb8, 0xff, 0xff, 0xff, 0xff, 0xff, 0xff, 0xff, 0x0f,
  0x49, 0x89, 0xd4, 0x48, 0x39, 0xc6, 0x0f, 0x87, 0xcc, 0x00, 0x00, 0x00,
  0x4c, 0x8d, 0x2c, 0xf5, 0x00, 0x00, 0x00, 0x00, 0x4c, 0x89, 0xef, 0xe8,
  0xa0, 0xe0, 0xff, 0xff, 0x4c, 0x89, 0xea, 0x31, 0xf6, 0x48, 0x89, 0xc7,
  0x49, 0x89, 0xc4, 0xe8, 0xf0, 0xe1, 0xff, 0xff, 0x4c, 0x8d, 0x4b, 0x30,
  0x48, 0x8b, 0x73, 0x10, 0x48, 0xc7, 0x43, 0x10, 0x00, 0x00, 0x00, 0x00,
  0x48, 0x85, 0xf6, 0x74, 0x5b, 0x45, 0x31, 0xc0, 0x4c, 0x8d, 0x53, 0x10,
  0xeb, 0x13, 0x66, 0x90, 0x48, 0x8b, 0x00, 0x48, 0x89, 0x01, 0x48, 0x8b,
  0x07, 0x48, 0x89, 0x08, 0x48, 0x85, 0xf6, 0x74, 0x3f, 0x48, 0x89, 0xf1,
  0x31, 0xd2, 0x48, 0x8b, 0x36, 0x48, 0x8b, 0x41, 0x20, 0x48, 0xf7, 0xf5,
  0x49, 0x8d, 0x3c, 0xd4, 0x48, 0x8b, 0x07, 0x48, 0x85, 0xc0, 0x75, 0xd4,
  0x48, 0x8b, 0x43, 0x10, 0x48, 0x89, 0x01, 0x48, 0x89, 0x4b, 0x10, 0x4c,
  0x89, 0x17, 0x48, 0x83, 0x39, 0x00, 0x74, 0x30, 0x4b, 0x89, 0x0c, 0xc4,
  0x49, 0x89, 0xd0, 0x48, 0x85, 0xf6, 0x75, 0xc5, 0x0f, 0x1f, 0x40, 0x00,
  0x48, 0x8b, 0x3b, 0x4c, 0x39, 0xcf, 0x74, 0x05, 0xe8, 0x63, 0xe0, 0xff,
  0xff, 0x48, 0x89, 0x6b, 0x08, 0x4c, 0x89, 0x23, 0x48, 0x83, 0xc4, 0x08,
  0x5b, 0x5d, 0x41, 0x5c, 0x41, 0x5d, 0xc3, 0x90, 0x49, 0x89, 0xd0, 0xeb,
  0x97, 0x0f, 0x1f, 0x00, 0x4c, 0x8d, 0x67, 0x30, 0x48, 0xc7, 0x47, 0x30,
  0x00, 0x00, 0x00, 0x00, 0x4d, 0x89, 0xe1, 0xe9, 0x58, 0xff, 0xff, 0xff,
  0xe8, 0x0f, 0xe2, 0xff, 0xff, 0x48, 0x89, 0xc7, 0xe8, 0xc7, 0xe1, 0xff,
  0xff, 0x49, 0x8b, 0x04, 0x24, 0x48, 0x89, 0x43, 0x28, 0xe8, 0xda, 0xe1,
  0xff, 0xff, 0x48, 0x89, 0xc5, 0xe8, 0xc2, 0xe1, 0xff, 0xff, 0x48, 0x89,
  0xef, 0xe8, 0x3a, 0xe1, 0xff, 0xff, 0x66, 0x2e, 0x0f, 0x1f, 0x84, 0x00,
  0x00, 0x00, 0x00, 0x00, 0x41, 0x55, 0x49, 0x89, 0xf5, 0x41, 0x54, 0x49,
  0x89, 0xcc, 0x4c, 0x89, 0xc1, 0x55, 0x48, 0x89, 0xd5, 0x53, 0x48, 0x89,
  0xfb, 0x48, 0x83, 0xc7, 0x20, 0x48, 0x83, 0xec, 0x18, 0x48, 0x8b, 0x47,
  0x08, 0x48, 0x8b, 0x57, 0xf8, 0x48, 0x8b, 0x77, 0xe8, 0x48, 0x89, 0x44,
  0x24, 0x08, 0xe8, 0xbd, 0xe1, 0xff, 0xff, 0x84, 0xc0, 0x74, 0x1c, 0x48,
  0x89, 0xd6, 0x48, 0x89, 0xdf, 0x48, 0x8d, 0x54, 0x24, 0x08, 0xe8, 0xb9,
  0xe1, 0xff, 0xff, 0x48, 0x89, 0xe8, 0x31, 0xd2, 0x48, 0xf7, 0x73, 0x08,
  0x49, 0x89, 0xd5, 0x48, 0x8b, 0x33, 0x49, 0x89, 0x6c, 0x24, 0x20, 0x4a,
  0x8d, 0x0c, 0xee, 0x48, 0x8b, 0x01, 0x48, 0x85, 0xc0, 0x74, 0x29, 0x48,
  0x8b, 0x00, 0x49, 0x89, 0x04, 0x24, 0x48, 0x8b, 0x01, 0x4c, 0x89, 0x20,
  0x48, 0x83, 0x43, 0x18, 0x01, 0x48, 0x83, 0xc4, 0x18, 0x4c, 0x89, 0xe0,
  0x5b, 0x5d, 0x41, 0x5c, 0x41, 0x5d, 0xc3, 0x66, 0x0f, 0x1f, 0x84, 0x00,
  0x00, 0x00, 0x00, 0x00, 0x48, 0x8b, 0x43, 0x10, 0x49, 0x89, 0x04, 0x24,
  0x4c, 0x89, 0x63, 0x10, 0x49, 0x8b, 0x04, 0x24, 0x48, 0x85, 0xc0, 0x74,
  0x0e, 0x48, 0x8b, 0x40, 0x20, 0x31, 0xd2, 0x48, 0xf7, 0x73, 0x08, 0x4c,
  0x89, 0x24, 0xd6, 0x48, 0x8d, 0x43, 0x10, 0x48, 0x89, 0x01, 0xeb, 0xb8,
  0x48, 0x89, 0xc7, 0xe8, 0xdc, 0xe0, 0xff, 0xff, 0x48, 0x8b, 0x05, 0x8d,
  0x26, 0x00, 0x00, 0x41, 0x8b, 0x7c, 0x24, 0x18, 0x48, 0x83, 0xc0, 0x10,
  0x49, 0x89, 0x44, 0x24, 0x10, 0x83, 0xff, 0xff, 0x74, 0x05, 0xe8, 0xdd,
  0xdd, 0xff, 0xff, 0x49, 0x8b, 0x54, 0x24, 0x08, 0x48, 0x8d, 0x7a, 0xe8,
  0x48, 0x3b, 0x3d, 0x4d, 0x26, 0x00, 0x00, 0x74, 0x23, 0x48, 0x83, 0x3d,
  0x33, 0x26, 0x00, 0x00, 0x00, 0x48, 0x8d, 0x4a, 0xf8, 0x74, 0x22, 0x83,
  0xc8, 0xff, 0xf0, 0x0f, 0xc1, 0x01, 0x85, 0xc0, 0x7f, 0x0a, 0x48, 0x8d,
  0x74, 0x24, 0x07, 0xe8, 0x68, 0xdd, 0xff, 0xff, 0x4c, 0x89, 0xe7, 0xe8,
  0xe0, 0xde, 0xff, 0xff, 0xe8, 0x9b, 0xe0, 0xff, 0xff, 0x8b, 0x42, 0xf8,
  0x8d, 0x48, 0xff, 0x89, 0x4a, 0xf8, 0xeb, 0xda, 0x48, 0x89, 0xc5, 0xe8,
  0x78, 0xe0, 0xff, 0xff, 0x48, 0x89, 0xef, 0xe8, 0xf0, 0xdf, 0xff, 0xff,
  0x41, 0x57, 0x41, 0x56, 0x41, 0x55, 0x49, 0x89, 0xf5, 0x41, 0x54, 0x55,
  0x48, 0x89, 0xfd, 0xbf, 0x28, 0x00, 0x00, 0x00, 0x53, 0x48, 0x89, 0xd3,
  0x48, 0x83, 0xec, 0x28, 0xe8, 0x4f, 0xde, 0xff, 0xff, 0x4c, 0x89, 0xee,
  0x48, 0xc7, 0x00, 0x00, 0x00, 0x00, 0x00, 0x48, 0x8d, 0x78, 0x08, 0x49,
  0x89, 0xc4, 0xe8, 0x99, 0xe0, 0xff, 0xff, 0x8b, 0x43, 0x08, 0x49, 0x8b,
  0x7c, 0x24, 0x08, 0xc7, 0x43, 0x08, 0xff, 0xff, 0xff, 0xff, 0xba, 0x07,
  0x69, 0x0f, 0xc7, 0x41, 0x89, 0x44, 0x24, 0x18, 0x48, 0x8b, 0x05, 0xb1,
  0x25, 0x00, 0x00, 0x48, 0x8b, 0x77, 0xe8, 0x48, 0x83, 0xc0, 0x10, 0x49,
  0x89, 0x44, 0x24, 0x10, 0xe8, 0x17, 0xde, 0xff, 0xff, 0x4c, 0x8b, 0x75,
  0x08, 0x31, 0xd2, 0x49, 0x89, 0xc5, 0x49, 0xf7, 0xf6, 0x48, 0x8b, 0x45,
  0x00, 0x48, 0x8b, 0x04, 0xd0, 0x49, 0x89, 0xd7, 0x48, 0x85, 0xc0, 0x74,
  0x25, 0x48, 0x8b, 0x18, 0x48, 0x8b, 0x4b, 0x20, 0x49, 0x39, 0xcd, 0x74,
  0x47, 0x48, 0x8b, 0x1b, 0x48, 0x85, 0xdb, 0x74, 0x11, 0x48, 0x8b, 0x4b,
  0x20, 0x31, 0xd2, 0x48, 0x89, 0xc8, 0x49, 0xf7, 0xf6, 0x49, 0x39, 0xd7,
  0x74, 0xe2, 0x4c, 0x89, 0xea, 0x4c, 0x89, 0xe1, 0x4c, 0x89, 0xfe, 0x48,
  0x89, 0xef, 0x41, 0xb8, 0x01, 0x00, 0x00, 0x00, 0xe8, 0xcf, 0xdd, 0xff,
  0xff, 0x48, 0x83, 0xc4, 0x28, 0xba, 0x01, 0x00, 0x00, 0x00, 0x5b, 0x5d,
  0x41, 0x5c, 0x41, 0x5d, 0x41, 0x5e, 0x41, 0x5f, 0xc3, 0x0f, 0x1f, 0x00,
  0x49, 0x8b, 0x4c, 0x24, 0x08, 0x48, 0x8b, 0x73, 0x08, 0x48, 0x8b, 0x51,
  0xe8, 0x48, 0x3b, 0x56, 0xe8, 0x75, 0xa6, 0x48, 0x85, 0xd2, 0x74, 0x16,
  0x48, 0x89, 0xcf, 0x48, 0x89, 0x4c, 0x24, 0x08, 0xe8, 0xb3, 0xdd, 0xff,
  0xff, 0x48, 0x8b, 0x4c, 0x24, 0x08, 0x85, 0xc0, 0x75, 0x8b, 0x48, 0x8b,
  0x05, 0x0b, 0x25, 0x00, 0x00, 0x41, 0x8b, 0x7c, 0x24, 0x18, 0x48, 0x83,
  0xc0, 0x10, 0x49, 0x89, 0x44, 0x24, 0x10, 0x83, 0xff, 0xff, 0x74, 0x0a,
  0xe8, 0x5b, 0xdc, 0xff, 0xff, 0x49, 0x8b, 0x4c, 0x24, 0x08, 0x48, 0x8d,
  0x79, 0xe8, 0x48, 0x3b, 0x3d, 0xcb, 0x24, 0x00, 0x00, 0x75, 0x21, 0x4c,
  0x89, 0xe7, 0xe8, 0x81, 0xdd, 0xff, 0xff, 0x48, 0x83, 0xc4, 0x28, 0x48,
  0x89, 0xd8, 0x31, 0xd2, 0x5b, 0x5d, 0x41, 0x5c, 0x41, 0x5d, 0x41, 0x5e,
  0x41, 0x5f, 0xc3, 0x0f, 0x1f, 0x44, 0x00, 0x00, 0x48, 0x83, 0x3d, 0x90,
  0x24, 0x00, 0x00, 0x00, 0x74, 0x1e, 0xb8, 0xff, 0xff, 0xff, 0xff, 0xf0,
  0x0f, 0xc1, 0x41, 0xf8, 0x85, 0xc0, 0x7f, 0xc7, 0x48, 0x8d, 0x74, 0x24,
  0x1f, 0xe8, 0xc6, 0xdb, 0xff, 0xff, 0xeb, 0xbb, 0x0f, 0x1f, 0x40, 0x00,
  0x8b, 0x41, 0xf8, 0x8d, 0x50, 0xff, 0x89, 0x51, 0xf8, 0xeb, 0xe1, 0x48,
  0x89, 0xc7, 0xe8, 0xcd, 0xde, 0xff, 0xff, 0x4c, 0x89, 0xe7, 0xe8, 0x25,
  0xdd, 0xff, 0xff, 0xe8, 0xe0, 0xde, 0xff, 0xff, 0x48, 0x89, 0xc5, 0xe8,
  0xc8, 0xde, 0xff, 0xff, 0x48, 0x89, 0xef, 0xe8, 0x40, 0xde, 0xff, 0xff,
  0x53, 0x48, 0x89, 0xfb, 0x48, 0x83, 0xec, 0x10, 0x48, 0x8b, 0x05, 0x61,
  0x24, 0x00, 0x00, 0x48, 0x83, 0xc0, 0x10, 0x48, 0x89, 0x07, 0xe8, 0xd5,
  0xdd, 0xff, 0xff, 0x48, 0x8b, 0x05, 0x56, 0x24, 0x00, 0x00, 0x48, 0x89,
  0xdf, 0x48, 0x83, 0xc0, 0x10, 0x48, 0x89, 0x03, 0xe8, 0xaf, 0xdd, 0xff,
  0xff, 0x48, 0x89, 0xdf, 0xe8, 0xc7, 0xdd, 0xff, 0xff, 0x48, 0x8b, 0x43,
  0x38, 0x48, 0x8d, 0x78, 0xe8, 0x48, 0x3b, 0x3d, 0x08, 0x24, 0x00, 0x00,
  0x75, 0x06, 0x48, 0x83, 0xc4, 0x10, 0x5b, 0xc3, 0x48, 0x83, 0x3d, 0xe8,
  0x23, 0x00, 0x00, 0x00, 0x74, 0x1e, 0xba, 0xff, 0xff, 0xff, 0xff, 0xf0,
  0x0f, 0xc1, 0x50, 0xf8, 0x85, 0xd2, 0x7f, 0xe2, 0x48, 0x8d, 0x74, 0x24,
  0x0f, 0xe8, 0x1e, 0xdb, 0xff, 0xff, 0xeb, 0xd6, 0x0f, 0x1f, 0x40, 0x00,
  0x8b, 0x50, 0xf8, 0x8d, 0x4a, 0xff, 0x89, 0x48, 0xf8, 0xeb, 0xe1, 0x66,
  0x66, 0x66, 0x66, 0x2e, 0x0f, 0x1f, 0x84, 0x00, 0x00, 0x00, 0x00, 0x00,
  0x55, 0x48, 0x89, 0xfd, 0x48, 0x83, 0xec, 0x10, 0x48, 0x8b, 0x05, 0xd1,
  0x23, 0x00, 0x00, 0x48, 0x83, 0xc0, 0x10, 0x48, 0x89, 0x07, 0xe8, 0x45,
  0xdd, 0xff, 0xff, 0x48, 0x8b, 0x05, 0xc6, 0x23, 0x00, 0x00, 0x48, 0x89,
  0xef, 0x48, 0x83, 0xc0, 0x10, 0x48, 0x89, 0x45, 0x00, 0xe8, 0x1e, 0xdd,
  0xff, 0xff, 0x48, 0x89, 0xef, 0xe8, 0x36, 0xdd, 0xff, 0xff, 0x48, 0x8b,
  0x45, 0x38, 0x48, 0x8d, 0x78, 0xe8, 0x48, 0x3b, 0x3d, 0x77, 0x23, 0x00,
  0x00, 0x75, 0x15, 0x48, 0x89, 0xef, 0xbe, 0x40, 0x00, 0x00, 0x00, 0xe8,
  0x28, 0xdd, 0xff, 0xff, 0x48, 0x83, 0xc4, 0x10, 0x5d, 0xc3, 0x66, 0x90,
  0x48, 0x83, 0x3d, 0x48, 0x23, 0x00, 0x00, 0x00, 0x74, 0x1e, 0xba, 0xff,
  0xff, 0xff, 0xff, 0xf0, 0x0f, 0xc1, 0x50, 0xf8, 0x85, 0xd2, 0x7f, 0xd3,
  0x48, 0x8d, 0x74, 0x24, 0x0f, 0xe8, 0x7e, 0xda, 0xff, 0xff, 0xeb, 0xc7,
  0x0f, 0x1f, 0x40, 0x00, 0x8b, 0x50, 0xf8, 0x8d, 0x4a, 0xff, 0x89, 0x48,
  0xf8, 0xeb, 0xe1, 0x66, 0x66, 0x66, 0x66, 0x2e, 0x0f, 0x1f, 0x84, 0x00,
  0x00, 0x00, 0x00, 0x00, 0x48, 0x83, 0xec, 0x08, 0x48, 0x83, 0xc4, 0x08,
  0xc3, 0x00, 0x00, 0x00, 0xff, 0xff, 0x01, 0x00, 0xff, 0xff, 0x01, 0x00,
  0xff, 0xff, 0x01, 0x00, 0xff, 0xff, 0x01, 0x00, 0xff, 0xff, 0x01, 0x00,
  0xff, 0xff, 0x01, 0x0e, 0x23, 0x03, 0x00, 0x00, 0x2c, 0x05, 0x9b, 0x01,
  0x00, 0xbd, 0x01, 0x05, 0x00, 0x00, 0x00, 0x00, 0xff, 0xff, 0x01, 0x00,
  0xff, 0xff, 0x01, 0x08, 0x17, 0x05, 0x32, 0x00, 0x2d, 0x18, 0x00, 0x00,
  0xff, 0x9b, 0x19, 0x01, 0x11, 0x3b, 0xc6, 0x01, 0x81, 0x02, 0x01, 0x91,
  0x02, 0x05, 0x96, 0x02, 0x00, 0xa1, 0x02, 0x05, 0x00, 0x00, 0x01, 0x00,
  0x00, 0x00, 0x00, 0x00, 0xff, 0x9b, 0x1d, 0x01, 0x14, 0x2e, 0x05, 0x00,
  0x00, 0x42, 0x05, 0xbc, 0x01, 0x01, 0xa0, 0x02, 0x05, 0xb0, 0x02, 0x00,
  0xbb, 0x02, 0x05, 0x00, 0x00, 0x01, 0x00, 0x00, 0x00, 0x00, 0x00, 0x00,
  0xff, 0x9b, 0x51, 0x01, 0x46, 0x49, 0x7a, 0x00, 0x00, 0xe5, 0x01, 0x6b,
  0xf3, 0x0d, 0x00, 0xef, 0x02, 0x05, 0x00, 0x00, 0xb1, 0x03, 0x88, 0x01,
  0xe9, 0x0d, 0x00, 0xb2, 0x06, 0x05, 0xd7, 0x0d, 0x03, 0xc5, 0x06, 0x05,
  0xcf, 0x0d, 0x00, 0xe4, 0x07, 0x05, 0xc7, 0x0d, 0x00, 0xba, 0x08, 0x05,
  0xe9, 0x0d, 0x00, 0xc9, 0x08, 0x19, 0xdc, 0x0d, 0x00, 0x9a, 0x0c, 0x05,
  0xe9, 0x0d, 0x00, 0xa9, 0x0c, 0x28, 0xee, 0x0d, 0x00, 0xd7, 0x0c, 0x05,
  0xe1, 0x0d, 0x00, 0x00, 0x00, 0x01, 0x7d, 0x00, 0xe8, 0x24, 0x00, 0x00,
  0xff, 0x9b, 0xb4, 0x01, 0x01, 0xa6, 0x01, 0x1a, 0x05, 0x6a, 0x00, 0x30,
  0x05, 0x00, 0x00, 0x4f, 0x05, 0x7d, 0x00, 0x65, 0x2b, 0x00, 0x00, 0xaa,
  0x01, 0x05, 0xff, 0x01, 0x00, 0xc0, 0x01, 0x05, 0xfa, 0x01, 0x00, 0xdf,
  0x01, 0x05, 0xad, 0x02, 0x00, 0xf5, 0x01, 0x4b, 0x00, 0x00, 0xd3, 0x02,
  0x05, 0xa9, 0x08, 0x00, 0xe9, 0x02, 0x05, 0xb4, 0x06, 0x00, 0x93, 0x03,
  0x05, 0xe8, 0x05, 0x00, 0xc8, 0x03, 0x05, 0x82, 0x06, 0x00, 0xde, 0x03,
  0x05, 0xe8, 0x05, 0x00, 0xfd, 0x03, 0x05, 0x86, 0x08, 0x00, 0x93, 0x04,
  0x05, 0x00, 0x00, 0xb2, 0x04, 0x05, 0x82, 0x05, 0x00, 0xc8, 0x04, 0x05,
  0x00, 0x00, 0xe7, 0x04, 0x05, 0x95, 0x05, 0x03, 0xfd, 0x04, 0x05, 0xf8,
  0x02, 0x03, 0x90, 0x05, 0x05, 0x00, 0x00, 0xc8, 0x05, 0x05, 0xe3, 0x05,
  0x00, 0xde, 0x05, 0x05, 0xfa, 0x01, 0x00, 0xfd, 0x05, 0x05, 0xe8, 0x05,
  0x00, 0xf0, 0x06, 0x05, 0xc0, 0x07, 0x00, 0x86, 0x07, 0x05, 0xfa, 0x01,
  0x00, 0xa5, 0x07, 0x05, 0xc5, 0x07, 0x00, 0xbb, 0x07, 0x1d, 0x00, 0x00,
  0xeb, 0x07, 0x05, 0x99, 0x08, 0x00, 0x81, 0x08, 0x05, 0x8f, 0x06, 0x00,
  0x94, 0x08, 0x6a, 0x00, 0x00, 0x00, 0x00, 0x01, 0x7d, 0x00, 0x00, 0x00,
  0x30, 0x24, 0x00, 0x00, 0xff, 0x9b, 0x21, 0x01, 0x19, 0x1c, 0x05, 0x00,
  0x00, 0x32, 0x05, 0x8b, 0x03, 0x01, 0xbc, 0x01, 0x05, 0x00, 0x00, 0x9b,
  0x03, 0x05, 0xa0, 0x03, 0x00, 0xab, 0x03, 0x05, 0x00, 0x00, 0x01, 0x00,
  0x00, 0x00, 0x00, 0x00, 0xff, 0x9b, 0x19, 0x01, 0x0c, 0xed, 0x02, 0x05,
  0xc5, 0x04, 0x03, 0x92, 0x03, 0x05, 0xbd, 0x04, 0x00, 0x00, 0x00, 0x01,
  0x7d, 0x00, 0x00, 0x00, 0xf0, 0x23, 0x00, 0x00, 0xff, 0x9b, 0x45, 0x01,
  0x39, 0x1c, 0x05, 0xc9, 0x01, 0x03, 0x32, 0x05, 0x5a, 0x03, 0x55, 0x05,
  0x00, 0x00, 0x78, 0x05, 0x96, 0x02, 0x00, 0xae, 0x01, 0x05, 0xc6, 0x02,
  0x00, 0xc4, 0x01, 0x05, 0x96, 0x02, 0x00, 0xfb, 0x01, 0x05, 0xd3, 0x02,
  0x00, 0x91, 0x02, 0x05, 0x00, 0x00, 0xbc, 0x02, 0x05, 0x00, 0x00, 0xc1,
  0x02, 0x05, 0x96, 0x02, 0x00, 0xe1, 0x02, 0x05, 0x00, 0x00, 0x00, 0x00,
  0x01, 0x7d, 0x00, 0x00, 0xa8, 0x23, 0x00, 0x00, 0xff, 0x9b, 0x15, 0x01,
  0x0a, 0x2a, 0x05, 0x00, 0x00, 0x5b, 0xfd, 0x02, 0xe5, 0x03, 0x03, 0x00,
  0x00, 0x01, 0x7d, 0x00, 0x90, 0x23, 0x00, 0x00, 0xff, 0x9b, 0x65, 0x01,
  0x5a, 0x17, 0x05, 0x96, 0x04, 0x03, 0x2d, 0x05, 0xc7, 0x01, 0x03, 0x4d,
  0x05, 0x94, 0x04, 0x03, 0x63, 0x05, 0xc7, 0x01, 0x03, 0x7a, 0x05, 0xc3,
  0x03, 0x03, 0x90, 0x01, 0x05, 0xc7, 0x01, 0x03, 0xac, 0x01, 0x05, 0x98,
  0x04, 0x03, 0xc2, 0x01, 0x05, 0xc7, 0x01, 0x03, 0xf6, 0x01, 0x05, 0x00,
  0x00, 0x9d, 0x02, 0x05, 0xf5, 0x02, 0x03, 0xb3, 0x02, 0x05, 0xc7, 0x01,
  0x03, 0xda, 0x02, 0x05, 0x8b, 0x03, 0x03, 0xf0, 0x02, 0x05, 0xc7, 0x01,
  0x03, 0xa8, 0x03, 0x05, 0xd9, 0x03, 0x03, 0xbe, 0x03, 0x05, 0xc7, 0x01,
  0x03, 0x82, 0x04, 0x05, 0x87, 0x04, 0x00, 0x00, 0x00, 0x01, 0x7d, 0x00,
  0x28, 0x23, 0x00, 0x00, 0xff, 0xff, 0x01, 0x08, 0x1a, 0x05, 0x00, 0x00,
  0x2b, 0x05, 0x49, 0x00, 0xff, 0xff, 0x01, 0x04, 0x1e, 0x05, 0x00, 0x00,
  0xff, 0xff, 0x01, 0x0c, 0x22, 0x05, 0x00, 0x00, 0x39, 0x05, 0x78, 0x00,
  0x41, 0x05, 0x00, 0x00, 0xff, 0xff, 0x01, 0x04, 0x10, 0x05, 0x00, 0x00,
  0xff, 0xff, 0x01, 0x04, 0x2a, 0x38, 0x00, 0x00, 0xff, 0xff, 0x01, 0x08,
  0x1a, 0x05, 0x35, 0x00, 0x30, 0x18, 0x00, 0x00, 0xff, 0xff, 0x01, 0x00,
  0xff, 0xff, 0x01, 0x00, 0xff, 0xff, 0x01, 0x00, 0x4d, 0x61, 0x70, 0x41,
  0x6c, 0x6c, 0x6f, 0x63, 0x61, 0x74, 0x6f, 0x72, 0x43, 0x6f, 0x6e, 0x74,
  0x65, 0x78, 0x74, 0x5f, 0x66, 0x69, 0x6c, 0x65, 0x6e, 0x61, 0x6d, 0x65,
  0x20, 0x74, 0x6f, 0x6f, 0x20, 0x6c, 0x6f, 0x6e, 0x67, 0x00, 0x00, 0x00,
  0x00, 0x00, 0x00, 0x00, 0x00, 0x00, 0x00, 0x00, 0x6e, 0x6f, 0x20, 0x72,
  0x65, 0x73, 0x70, 0x6f, 0x6e, 0x73, 0x65, 0x20, 0x66, 0x72, 0x6f, 0x6d,
  0x20, 0x74, 0x6f, 0x72, 0x63, 0x68, 0x5f, 0x73, 0x68, 0x6d, 0x5f, 0x6d,
  0x61, 0x6e, 0x61, 0x67, 0x65, 0x72, 0x20, 0x61, 0x74, 0x20, 0x22, 0x00,
  0x4f, 0x74, 0x68, 0x65, 0x72, 0x20, 0x65, 0x6e, 0x64, 0x20, 0x68, 0x61,
  0x73, 0x20, 0x63, 0x6c, 0x6f, 0x73, 0x65, 0x64, 0x20, 0x74, 0x68, 0x65,
  0x20, 0x63, 0x6f, 0x6e, 0x6e, 0x65, 0x63, 0x74, 0x69, 0x6f, 0x6e, 0x00,
  0x00, 0x00, 0x00, 0x00, 0x41, 0x6e, 0x20, 0x65, 0x72, 0x72, 0x6f, 0x72,
  0x20, 0x6f, 0x63, 0x63, 0x75, 0x72, 0x72, 0x65, 0x64, 0x20, 0x77, 0x68,
  0x69, 0x6c, 0x65, 0x20, 0x77, 0x61, 0x69, 0x74, 0x69, 0x6e, 0x67, 0x20,
  0x66, 0x6f, 0x72, 0x20, 0x74, 0x68, 0x65, 0x20, 0x64, 0x61, 0x74, 0x61,
  0x00, 0x00, 0x00, 0x00, 0x53, 0x68, 0x61, 0x72, 0x65, 0x64, 0x20, 0x6d,
  0x65, 0x6d, 0x6f, 0x72, 0x79, 0x20, 0x6d, 0x61, 0x6e, 0x61, 0x67, 0x65,
  0x72, 0x20, 0x63, 0x6f, 0x6e, 0x6e, 0x65, 0x63, 0x74, 0x69, 0x6f, 0x6e,
  0x20, 0x68, 0x61, 0x73, 0x20, 0x74, 0x69, 0x6d, 0x65, 0x64, 0x20, 0x6f,
  0x75, 0x74, 0x00, 0x00, 0x53, 0x68, 0x61, 0x72, 0x65, 0x64, 0x20, 0x6d,
  0x65, 0x6d, 0x6f, 0x72, 0x79, 0x20, 0x6d, 0x61, 0x6e, 0x61, 0x67, 0x65,
  0x72, 0x20, 0x64, 0x69, 0x64, 0x6e, 0x27, 0x74, 0x20, 0x72, 0x65, 0x73,
  0x70, 0x6f, 0x6e, 0x64, 0x20, 0x77, 0x69, 0x74, 0x68, 0x20, 0x61, 0x6e,
  0x20, 0x4f, 0x4b, 0x00, 0x74, 0x6f, 0x72, 0x63, 0x68, 0x5f, 0x73, 0x68,
  0x6d, 0x5f, 0x6d, 0x61, 0x6e, 0x61, 0x67, 0x65, 0x72, 0x00, 0x45, 0x52,
  0x52, 0x4f, 0x52, 0x3a, 0x20, 0x65, 0x78, 0x65, 0x63, 0x6c, 0x20, 0x66,
  0x61, 0x69, 0x6c, 0x65, 0x64, 0x3a, 0x20, 0x00, 0x22, 0x00, 0x45, 0x52,
  0x52, 0x4f, 0x52, 0x3a, 0x20, 0x00, 0x74, 0x6f, 0x72, 0x63, 0x68, 0x5f,
  0x73, 0x68, 0x6d, 0x5f, 0x6d, 0x61, 0x6e, 0x61, 0x67, 0x65, 0x72, 0x20,
  0x61, 0x74, 0x20, 0x22, 0x00, 0x22, 0x3a, 0x20, 0x00, 0x00, 0x2e, 0x2e,
  0x2f, 0x74, 0x6f, 0x72, 0x63, 0x68, 0x2f, 0x6c, 0x69, 0x62, 0x2f, 0x6c,
  0x69, 0x62, 0x73, 0x68, 0x6d, 0x2f, 0x63, 0x6f, 0x72, 0x65, 0x2e, 0x63,
  0x70, 0x70, 0x00, 0x54, 0x48, 0x4d, 0x61, 0x6e, 0x61, 0x67, 0x65, 0x64,
  0x4d, 0x61, 0x70, 0x41, 0x6c, 0x6c, 0x6f, 0x63, 0x61, 0x74, 0x6f, 0x72,
  0x49, 0x6e, 0x69, 0x74, 0x00, 0x00, 0x00, 0x00, 0x00, 0x00, 0x00, 0x00,
  0x00, 0x00, 0x00, 0x00, 0x32, 0x35, 0x54, 0x48, 0x4d, 0x61, 0x6e, 0x61,
  0x67, 0x65, 0x64, 0x4d, 0x61, 0x70, 0x41, 0x6c, 0x6c, 0x6f, 0x63, 0x61,
  0x74, 0x6f, 0x72, 0x49, 0x6e, 0x69, 0x74, 0x00, 0x00, 0x00, 0x00, 0x00,
  0x32, 0x31, 0x54, 0x48, 0x4d, 0x61, 0x6e, 0x61, 0x67, 0x65, 0x64, 0x4d,
  0x61, 0x70, 0x41, 0x6c, 0x6c, 0x6f, 0x63, 0x61, 0x74, 0x6f, 0x72, 0x00,
  0x36, 0x53, 0x6f, 0x63, 0x6b, 0x65, 0x74, 0x00, 0x31, 0x32, 0x43, 0x6c,
  0x69, 0x65, 0x6e, 0x74, 0x53, 0x6f, 0x63, 0x6b, 0x65, 0x74, 0x00, 0x00,
  0x14, 0x00, 0x00, 0x00, 0x00, 0x00, 0x00, 0x00, 0x01, 0x7a, 0x52, 0x00,
  0x01, 0x78, 0x10, 0x01, 0x1b, 0x0c, 0x07, 0x08, 0x90, 0x01, 0x00, 0x00,
  0x14, 0x00, 0x00, 0x00, 0x1c, 0x00, 0x00, 0x00, 0x80, 0xe3, 0xff, 0xff,
  0x32, 0x00, 0x00, 0x00, 0x00, 0x00, 0x00, 0x00, 0x00, 0x00, 0x00, 0x00,
  0x24, 0x00, 0x00, 0x00, 0x34, 0x00, 0x00, 0x00, 0x98, 0xe4, 0xff, 0xff,
  0x7b, 0x00, 0x00, 0x00, 0x00, 0x41, 0x0e, 0x10, 0x86, 0x02, 0x47, 0x0e,
  0x20, 0x77, 0x0a, 0x0e, 0x10, 0x41, 0x0e, 0x08, 0x48, 0x0b, 0x00, 0x00,
  0x00, 0x00, 0x00, 0x00, 0x14, 0x00, 0x00, 0x00, 0x5c, 0x00, 0x00, 0x00,
  0xf0, 0xe4, 0xff, 0xff, 0x14, 0x00, 0x00, 0x00, 0x00, 0x00, 0x00, 0x00,
  0x00, 0x00, 0x00, 0x00, 0x14, 0x00, 0x00, 0x00, 0x74, 0x00, 0x00, 0x00,
  0xb8, 0xe1, 0xff, 0xff, 0xa6, 0x00, 0x00, 0x00, 0x00, 0x44, 0x0e, 0x10,
  0x02, 0x9d, 0x0e, 0x08, 0x24, 0x00, 0x00, 0x00, 0x8c, 0x00, 0x00, 0x00,
  0x90, 0xd4, 0xff, 0xff, 0x40, 0x04, 0x00, 0x00, 0x00, 0x0e, 0x10, 0x46,
  0x0e, 0x18, 0x4a, 0x0f, 0x0b, 0x77, 0x08, 0x80, 0x00, 0x3f, 0x1a, 0x3b,
  0x2a, 0x33, 0x24, 0x22, 0x00, 0x00, 0x00, 0x00, 0x1c, 0x00, 0x00, 0x00,
  0x00, 0x00, 0x00, 0x00, 0x01, 0x7a, 0x50, 0x4c, 0x52, 0x00, 0x01, 0x78,
  0x10, 0x07, 0x9b, 0x2d, 0x20, 0x00, 0x00, 0x1b, 0x1b, 0x0c, 0x07, 0x08,
  0x90, 0x01, 0x00, 0x00, 0x1c, 0x00, 0x00, 0x00, 0x24, 0x00, 0x00, 0x00,
  0x28, 0xf2, 0xff, 0xff, 0x2e, 0x00, 0x00, 0x00, 0x04, 0x5b, 0xfa, 0xff,
  0xff, 0x64, 0x0e, 0x10, 0x49, 0x0e, 0x08, 0x00, 0x00, 0x00, 0x00, 0x00,
  0x1c, 0x00, 0x00, 0x00, 0x44, 0x00, 0x00, 0x00, 0x38, 0xf2, 0xff, 0xff,
  0x2e, 0x00, 0x00, 0x00, 0x04, 0x3f, 0xfa, 0xff, 0xff, 0x64, 0x0e, 0x10,
  0x49, 0x0e, 0x08, 0x00, 0x00, 0x00, 0x00, 0x00, 0x1c, 0x00, 0x00, 0x00,
  0x64, 0x00, 0x00, 0x00, 0x48, 0xf2, 0xff, 0xff, 0x2d, 0x00, 0x00, 0x00,
  0x04, 0x23, 0xfa, 0xff, 0xff, 0x48, 0x0e, 0x10, 0x86, 0x02, 0x60, 0x0e,
  0x08, 0x00, 0x00, 0x00, 0x1c, 0x00, 0x00, 0x00, 0x84, 0x00, 0x00, 0x00,
  0x58, 0xf2, 0xff, 0xff, 0x2d, 0x00, 0x00, 0x00, 0x04, 0x07, 0xfa, 0xff,
  0xff, 0x48, 0x0e, 0x10, 0x86, 0x02, 0x60, 0x0e, 0x08, 0x00, 0x00, 0x00,
  0x44, 0x00, 0x00, 0x00, 0xa4, 0x00, 0x00, 0x00, 0x68, 0xf2, 0xff, 0xff,
  0x41, 0x01, 0x00, 0x00, 0x04, 0xeb, 0xf9, 0xff, 0xff, 0x42, 0x0e, 0x10,
  0x8e, 0x02, 0x42, 0x0e, 0x18, 0x8d, 0x03, 0x42, 0x0e, 0x20, 0x8c, 0x04,
  0x41, 0x0e, 0x28, 0x86, 0x05, 0x41, 0x0e, 0x30, 0x83, 0x06, 0x47, 0x0e,
  0x40, 0x02, 0xa7, 0x0a, 0x0e, 0x30, 0x41, 0x0e, 0x28, 0x41, 0x0e, 0x20,
  0x42, 0x0e, 0x18, 0x42, 0x0e, 0x10, 0x42, 0x0e, 0x08, 0x42, 0x0b, 0x00,
  0x3c, 0x00, 0x00, 0x00, 0xec, 0x00, 0x00, 0x00, 0x70, 0xf3, 0xff, 0xff,
  0xc2, 0x00, 0x00, 0x00, 0x04, 0xa7, 0xf9, 0xff, 0xff, 0x42, 0x0e, 0x10,
  0x8d, 0x02, 0x42, 0x0e, 0x18, 0x8c, 0x03, 0x44, 0x0e, 0x20, 0x86, 0x04,
  0x44, 0x0e, 0x28, 0x83, 0x05, 0x47, 0x0e, 0x40, 0x02, 0x4a, 0x0a, 0x0e,
  0x28, 0x41, 0x0e, 0x20, 0x41, 0x0e, 0x18, 0x42, 0x0e, 0x10, 0x42, 0x0e,
  0x08, 0x45, 0x0b, 0x00, 0x3c, 0x00, 0x00, 0x00, 0x2c, 0x01, 0x00, 0x00,
  0x00, 0xe2, 0xff, 0xff, 0xe6, 0x00, 0x00, 0x00, 0x04, 0x7b, 0xf9, 0xff,
  0xff, 0x42, 0x0e, 0x10, 0x8c, 0x02, 0x48, 0x0e, 0x18, 0x86, 0x03, 0x41,
  0x0e, 0x20, 0x83, 0x04, 0x02, 0x60, 0x0a, 0x0e, 0x18, 0x41, 0x0e, 0x10,
  0x42, 0x0e, 0x08, 0x42, 0x0b, 0x02, 0x47, 0x0a, 0x0e, 0x18, 0x41, 0x0e,
  0x10, 0x42, 0x0e, 0x08, 0x46, 0x0b, 0x00, 0x00, 0x3c, 0x00, 0x00, 0x00,
  0x6c, 0x01, 0x00, 0x00, 0xc0, 0xf3, 0xff, 0xff, 0x26, 0x01, 0x00, 0x00,
  0x04, 0x4b, 0xf9, 0xff, 0xff, 0x42, 0x0e, 0x10, 0x8d, 0x02, 0x42, 0x0e,
  0x18, 0x8c, 0x03, 0x41, 0x0e, 0x20, 0x86, 0x04, 0x44, 0x0e, 0x28, 0x83,
  0x05, 0x47, 0x0e, 0x30, 0x02, 0xc8, 0x0a, 0x0e, 0x28, 0x41, 0x0e, 0x20,
  0x41, 0x0e, 0x18, 0x42, 0x0e, 0x10, 0x42, 0x0e, 0x08, 0x42, 0x0b, 0x00,
  0x3c, 0x00, 0x00, 0x00, 0xac, 0x01, 0x00, 0x00, 0xb0, 0xf4, 0xff, 0xff,
  0x40, 0x01, 0x00, 0x00, 0x04, 0x27, 0xf9, 0xff, 0xff, 0x42, 0x0e, 0x10,
  0x8d, 0x02, 0x45, 0x0e, 0x18, 0x8c, 0x03, 0x47, 0x0e, 0x20, 0x86, 0x04,
  0x44, 0x0e, 0x28, 0x83, 0x05, 0x4b, 0x0e, 0x40, 0x02, 0x60, 0x0a, 0x0e,
  0x28, 0x44, 0x0e, 0x20, 0x41, 0x0e, 0x18, 0x42, 0x0e, 0x10, 0x42, 0x0e,
  0x08, 0x4a, 0x0b, 0x00, 0x54, 0x00, 0x00, 0x00, 0xec, 0x01, 0x00, 0x00,
  0xd0, 0xe2, 0xff, 0xff, 0xfb, 0x06, 0x00, 0x00, 0x04, 0x07, 0xf9, 0xff,
  0xff, 0x42, 0x0e, 0x10, 0x8f, 0x02, 0x42, 0x0e, 0x18, 0x8e, 0x03, 0x42,
  0x0e, 0x20, 0x8d, 0x04, 0x42, 0x0e, 0x28, 0x8c, 0x05, 0x41, 0x0e, 0x30,
  0x86, 0x06, 0x41, 0x0e, 0x38, 0x83, 0x07, 0x47, 0x0e, 0xc0, 0x0a, 0x03,
  0xf1, 0x03, 0x0a, 0x0e, 0x38, 0x41, 0x0e, 0x30, 0x41, 0x0e, 0x28, 0x42,
  0x0e, 0x20, 0x42, 0x0e, 0x18, 0x42, 0x0e, 0x10, 0x42, 0x0e, 0x08, 0x41,
  0x0b, 0x00, 0x00, 0x00, 0x00, 0x00, 0x00, 0x00, 0x64, 0x00, 0x00, 0x00,
  0x44, 0x02, 0x00, 0x00, 0x58, 0xf5, 0xff, 0xff, 0xb0, 0x01, 0x00, 0x00,
  0x04, 0xbb, 0xf9, 0xff, 0xff, 0x42, 0x0e, 0x10, 0x8f, 0x02, 0x42, 0x0e,
  0x18, 0x8e, 0x03, 0x42, 0x0e, 0x20, 0x8d, 0x04, 0x45, 0x0e, 0x28, 0x8c,
  0x05, 0x41, 0x0e, 0x30, 0x86, 0x06, 0x49, 0x0e, 0x38, 0x83, 0x07, 0x47,
  0x0e, 0x60, 0x02, 0xa9, 0x0a, 0x0e, 0x38, 0x46, 0x0e, 0x30, 0x41, 0x0e,
  0x28, 0x42, 0x0e, 0x20, 0x42, 0x0e, 0x18, 0x42, 0x0e, 0x10, 0x42, 0x0e,
  0x08, 0x44, 0x0b, 0x02, 0x6b, 0x0a, 0x0e, 0x38, 0x46, 0x0e, 0x30, 0x41,
  0x0e, 0x28, 0x42, 0x0e, 0x20, 0x42, 0x0e, 0x18, 0x42, 0x0e, 0x10, 0x42,
  0x0e, 0x08, 0x46, 0x0b, 0x34, 0x00, 0x00, 0x00, 0xac, 0x02, 0x00, 0x00,
  0x10, 0xe9, 0xff, 0xff, 0x4a, 0x02, 0x00, 0x00, 0x04, 0x77, 0xf9, 0xff,
  0xff, 0x41, 0x0e, 0x10, 0x86, 0x02, 0x48, 0x0d, 0x06, 0x50, 0x8f, 0x03,
  0x8e, 0x04, 0x8d, 0x05, 0x8c, 0x06, 0x83, 0x07, 0x03, 0x79, 0x01, 0x2e,
  0x10, 0x02, 0x71, 0x0a, 0x0c, 0x07, 0x08, 0x45, 0x0b, 0x00, 0x00, 0x00,
  0x54, 0x00, 0x00, 0x00, 0xe4, 0x02, 0x00, 0x00, 0x28, 0xeb, 0xff, 0xff,
  0xea, 0x01, 0x00, 0x00, 0x04, 0xa3, 0xf9, 0xff, 0xff, 0x42, 0x0e, 0x10,
  0x8f, 0x02, 0x49, 0x0e, 0x18, 0x8e, 0x03, 0x42, 0x0e, 0x20, 0x8d, 0x04,
  0x42, 0x0e, 0x28, 0x8c, 0x05, 0x44, 0x0e, 0x30, 0x86, 0x06, 0x44, 0x0e,
  0x38, 0x83, 0x07, 0x44, 0x0e, 0xb0, 0x01, 0x03, 0x4b, 0x01, 0x0a, 0x0e,
  0x38, 0x41, 0x0e, 0x30, 0x41, 0x0e, 0x28, 0x42, 0x0e, 0x20, 0x42, 0x0e,
  0x18, 0x42, 0x0e, 0x10, 0x42, 0x0e, 0x08, 0x48, 0x0b, 0x00, 0x00, 0x00,
  0x00, 0x00, 0x00, 0x00, 0x3c, 0x00, 0x00, 0x00, 0x3c, 0x03, 0x00, 0x00,
  0xc0, 0xec, 0xff, 0xff, 0x51, 0x00, 0x00, 0x00, 0x04, 0xcb, 0xf9, 0xff,
  0xff, 0x42, 0x0e, 0x10, 0x8d, 0x02, 0x45, 0x0e, 0x18, 0x8c, 0x03, 0x44,
  0x0e, 0x20, 0x86, 0x04, 0x44, 0x0e, 0x28, 0x83, 0x05, 0x4b, 0x0e, 0x40,
  0x68, 0x0a, 0x0e, 0x28, 0x41, 0x0e, 0x20, 0x41, 0x0e, 0x18, 0x42, 0x0e,
  0x10, 0x42, 0x0e, 0x08, 0x41, 0x0b, 0x00, 0x00, 0x4c, 0x00, 0x00, 0x00,
  0x7c, 0x03, 0x00, 0x00, 0xe0, 0xec, 0xff, 0xff, 0x80, 0x00, 0x00, 0x00,
  0x04, 0x9f, 0xf9, 0xff, 0xff, 0x42, 0x0e, 0x10, 0x8f, 0x02, 0x45, 0x0e,
  0x18, 0x8e, 0x03, 0x45, 0x0e, 0x20, 0x8d, 0x04, 0x45, 0x0e, 0x28, 0x8c,
  0x05, 0x49, 0x0e, 0x30, 0x86, 0x06, 0x41, 0x0e, 0x38, 0x83, 0x07, 0x47,
  0x0e, 0x40, 0x02, 0x48, 0x0a, 0x0e, 0x38, 0x44, 0x0e, 0x30, 0x41, 0x0e,
  0x28, 0x42, 0x0e, 0x20, 0x42, 0x0e, 0x18, 0x42, 0x0e, 0x10, 0x42, 0x0e,
  0x08, 0x41, 0x0b, 0x00, 0x3c, 0x00, 0x00, 0x00, 0xcc, 0x03, 0x00, 0x00,
  0x10, 0xed, 0xff, 0xff, 0x93, 0x00, 0x00, 0x00, 0x04, 0x67, 0xf9, 0xff,
  0xff, 0x52, 0x0e, 0x10, 0x8d, 0x02, 0x45, 0x0e, 0x18, 0x8c, 0x03, 0x41,
  0x0e, 0x20, 0x86, 0x04, 0x44, 0x0e, 0x28, 0x83, 0x05, 0x44, 0x0e, 0x80,
  0x01, 0x02, 0x58, 0x0a, 0x0e, 0x28, 0x41, 0x0e, 0x20, 0x41, 0x0e, 0x18,
  0x42, 0x0e, 0x10, 0x42, 0x0e, 0x08, 0x42, 0x0b, 0x24, 0x00, 0x00, 0x00,
  0x0c, 0x04, 0x00, 0x00, 0x40, 0xf5, 0xff, 0xff, 0x83, 0x00, 0x00, 0x00,
  0x04, 0x3b, 0xf9, 0xff, 0xff, 0x41, 0x0e, 0x10, 0x83, 0x02, 0x47, 0x0e,
  0x20, 0x02, 0x46, 0x0a, 0x0e, 0x10, 0x41, 0x0e, 0x08, 0x41, 0x0b, 0x00,
  0x24, 0x00, 0x00, 0x00, 0x34, 0x04, 0x00, 0x00, 0xa8, 0xf5, 0xff, 0xff,
  0x93, 0x00, 0x00, 0x00, 0x04, 0x17, 0xf9, 0xff, 0xff, 0x41, 0x0e, 0x10,
  0x86, 0x02, 0x47, 0x0e, 0x20, 0x02, 0x54, 0x0a, 0x0e, 0x10, 0x41, 0x0e,
  0x08, 0x43, 0x0b, 0x00, 0x34, 0x00, 0x00, 0x00, 0x5c, 0x04, 0x00, 0x00,
  0x20, 0xed, 0xff, 0xff, 0xc3, 0x00, 0x00, 0x00, 0x04, 0xf3, 0xf8, 0xff,
  0xff, 0x46, 0x0e, 0x10, 0x86, 0x02, 0x4e, 0x0e, 0x20, 0x02, 0x60, 0x0e,
  0x10, 0x41, 0x0e, 0x08, 0x4b, 0xc6, 0x48, 0x0e, 0x20, 0x86, 0x02, 0x46,
  0x0a, 0x0e, 0x10, 0x41, 0x0e, 0x08, 0x41, 0x0b, 0x00, 0x00, 0x00, 0x00,
  0x2c, 0x00, 0x00, 0x00, 0x00, 0x00, 0x00, 0x00, 0x01, 0x7a, 0x50, 0x4c,
  0x52, 0x00, 0x01, 0x78, 0x10, 0x07, 0x9b, 0x9d, 0x1b, 0x00, 0x00, 0x1b,
  0x1b, 0x0c, 0x07, 0x08, 0x90, 0x01, 0x0c, 0x06, 0x10, 0x83, 0x07, 0x86,
  0x02, 0x8c, 0x06, 0x8d, 0x05, 0x8e, 0x04, 0x8f, 0x03, 0x00, 0x00, 0x00,
  0x14, 0x00, 0x00, 0x00, 0x34, 0x00, 0x00, 0x00, 0xab, 0xd8, 0xff, 0xff,
  0x66, 0x01, 0x00, 0x00, 0x04, 0x7b, 0xf7, 0xff, 0xff, 0x00, 0x00, 0x00,
  0x24, 0x00, 0x00, 0x00, 0x00, 0x00, 0x00, 0x00, 0x01, 0x7a, 0x50, 0x4c,
  0x52, 0x00, 0x01, 0x78, 0x10, 0x07, 0x9b, 0x55, 0x1b, 0x00, 0x00, 0x1b,
  0x1b, 0x0c, 0x07, 0x08, 0x90, 0x01, 0x0e, 0x20, 0x83, 0x04, 0x86, 0x03,
  0x8c, 0x02, 0x00, 0x00, 0x14, 0x00, 0x00, 0x00, 0x2c, 0x00, 0x00, 0x00,
  0xa8, 0xd3, 0xff, 0xff, 0x45, 0x00, 0x00, 0x00, 0x04, 0xa7, 0xf5, 0xff,
  0xff, 0x00, 0x00, 0x00, 0x24, 0x00, 0x00, 0x00, 0x00, 0x00, 0x00, 0x00,
  0x01, 0x7a, 0x50, 0x4c, 0x52, 0x00, 0x01, 0x78, 0x10, 0x07, 0x9b, 0x15,
  0x1b, 0x00, 0x00, 0x1b, 0x1b, 0x0c, 0x07, 0x08, 0x90, 0x01, 0x0e, 0x40,
  0x83, 0x05, 0x86, 0x04, 0x8c, 0x03, 0x8d, 0x02, 0x14, 0x00, 0x00, 0x00,
  0x2c, 0x00, 0x00, 0x00, 0xac, 0xdb, 0xff, 0xff, 0x23, 0x00, 0x00, 0x00,
  0x04, 0xcf, 0xf7, 0xff, 0xff, 0x00, 0x00, 0x00, 0x2c, 0x00, 0x00, 0x00,
  0x00, 0x00, 0x00, 0x00, 0x01, 0x7a, 0x50, 0x4c, 0x52, 0x00, 0x01, 0x78,
  0x10, 0x07, 0x9b, 0xd5, 0x1a, 0x00, 0x00, 0x1b, 0x1b, 0x0c, 0x07, 0x08,
  0x90, 0x01, 0x0e, 0x40, 0x83, 0x07, 0x86, 0x06, 0x8c, 0x05, 0x8d, 0x04,
  0x8e, 0x03, 0x8f, 0x02, 0x00, 0x00, 0x00, 0x00, 0x14, 0x00, 0x00, 0x00,
  0x34, 0x00, 0x00, 0x00, 0x88, 0xdb, 0xff, 0xff, 0x15, 0x00, 0x00, 0x00,
  0x04, 0x9f, 0xf7, 0xff, 0xff, 0x00, 0x00, 0x00, 0x2c, 0x00, 0x00, 0x00,
  0x00, 0x00, 0x00, 0x00, 0x01, 0x7a, 0x50, 0x4c, 0x52, 0x00, 0x01, 0x78,
  0x10, 0x07, 0x9b, 0x8d, 0x1a, 0x00, 0x00, 0x1b, 0x1b, 0x0c, 0x07, 0x08,
  0x90, 0x01, 0x0e, 0x80, 0x01, 0x83, 0x05, 0x86, 0x04, 0x8c, 0x03, 0x8d,
  0x02, 0x00, 0x00, 0x00, 0x00, 0x00, 0x00, 0x00, 0x14, 0x00, 0x00, 0x00,
  0x34, 0x00, 0x00, 0x00, 0x56, 0xdb, 0xff, 0xff, 0x48, 0x00, 0x00, 0x00,
  0x04, 0x67, 0xf7, 0xff, 0xff, 0x00, 0x00, 0x00, 0x2c, 0x00, 0x00, 0x00,
  0x00, 0x00, 0x00, 0x00, 0x01, 0x7a, 0x50, 0x4c, 0x52, 0x00, 0x01, 0x78,
  0x10, 0x07, 0x9b, 0x45, 0x1a, 0x00, 0x00, 0x1b, 0x1b, 0x0c, 0x07, 0x08,
  0x90, 0x01, 0x0e, 0xb0, 0x01, 0x83, 0x07, 0x86, 0x06, 0x8c, 0x05, 0x8d,
  0x04, 0x8e, 0x03, 0x8f, 0x02, 0x00, 0x00, 0x00, 0x14, 0x00, 0x00, 0x00,
  0x34, 0x00, 0x00, 0x00, 0xba, 0xd8, 0xff, 0xff, 0x1a, 0x02, 0x00, 0x00,
  0x04, 0x83, 0xf6, 0xff, 0xff, 0x00, 0x00, 0x00, 0x2c, 0x00, 0x00, 0x00,
  0x00, 0x00, 0x00, 0x00, 0x01, 0x7a, 0x50, 0x4c, 0x52, 0x00, 0x01, 0x78,
  0x10, 0x07, 0x9b, 0xfd, 0x19, 0x00, 0x00, 0x1b, 0x1b, 0x0c, 0x07, 0x08,
  0x90, 0x01, 0x0e, 0xc0, 0x0a, 0x83, 0x07, 0x86, 0x06, 0x8c, 0x05, 0x8d,
  0x04, 0x8e, 0x03, 0x8f, 0x02, 0x00, 0x00, 0x00, 0x14, 0x00, 0x00, 0x00,
  0x34, 0x00, 0x00, 0x00, 0x8d, 0xd2, 0xff, 0xff, 0x7e, 0x04, 0x00, 0x00,
  0x04, 0xe3, 0xf4, 0xff, 0xff, 0x00, 0x00, 0x00, 0x00, 0x00, 0x00, 0x00,
  0x01, 0x1b, 0x03, 0x3b, 0xd0, 0xf8, 0xff, 0xff, 0x1f, 0x00, 0x00, 0x00,
  0xf4, 0xcd, 0xff, 0xff, 0x5c, 0xf9, 0xff, 0xff, 0x34, 0xd2, 0xff, 0xff,
  0x84, 0xfe, 0xff, 0xff, 0x79, 0xd2, 0xff, 0xff, 0xe4, 0xff, 0xff, 0xff,
  0xf7, 0xd6, 0xff, 0xff, 0x44, 0xfe, 0xff, 0xff, 0x5e, 0xd8, 0xff, 0xff,
  0x9c, 0xff, 0xff, 0xff, 0x78, 0xda, 0xff, 0xff, 0xc4, 0xfe, 0xff, 0xff,
  0x9c, 0xda, 0xff, 0xff, 0x0c, 0xff, 0xff, 0xff, 0xb2, 0xda, 0xff, 0xff,
  0x54, 0xff, 0xff, 0xff, 0x04, 0xdb, 0xff, 0xff, 0x44, 0xf9, 0xff, 0xff,
  0x74, 0xdc, 0xff, 0xff, 0xec, 0xf8, 0xff, 0xff, 0xb4, 0xdc, 0xff, 0xff,
  0xac, 0xfa, 0xff, 0xff, 0xa4, 0xdd, 0xff, 0xff, 0x04, 0xf9, 0xff, 0xff,
  0x24, 0xde, 0xff, 0xff, 0x2c, 0xf9, 0xff, 0xff, 0x44, 0xde, 0xff, 0xff,
  0x6c, 0xfb, 0xff, 0xff, 0x44, 0xe5, 0xff, 0xff, 0x2c, 0xfc, 0xff, 0xff,
  0x94, 0xe7, 0xff, 0xff, 0x64, 0xfc, 0xff, 0xff, 0x84, 0xe9, 0xff, 0xff,
  0xbc, 0xfc, 0xff, 0xff, 0xe4, 0xe9, 0xff, 0xff, 0xfc, 0xfc, 0xff, 0xff,
  0x64, 0xea, 0xff, 0xff, 0x4c, 0xfd, 0xff, 0xff, 0x04, 0xeb, 0xff, 0xff,
  0xdc, 0xfd, 0xff, 0xff, 0xd4, 0xeb, 0xff, 0xff, 0xa4, 0xf9, 0xff, 0xff,
  0x04, 0xec, 0xff, 0xff, 0xc4, 0xf9, 0xff, 0xff, 0x34, 0xec, 0xff, 0xff,
  0xe4, 0xf9, 0xff, 0xff, 0x64, 0xec, 0xff, 0xff, 0x04, 0xfa, 0xff, 0xff,
  0x94, 0xec, 0xff, 0xff, 0x24, 0xfa, 0xff, 0xff, 0xe4, 0xed, 0xff, 0xff,
  0x6c, 0xfa, 0xff, 0xff, 0xb4, 0xee, 0xff, 0xff, 0xec, 0xfa, 0xff, 0xff,
  0xe4, 0xef, 0xff, 0xff, 0x2c, 0xfb, 0xff, 0xff, 0x24, 0xf1, 0xff, 0xff,
  0xc4, 0xfb, 0xff, 0xff, 0xd4, 0xf2, 0xff, 0xff, 0x8c, 0xfd, 0xff, 0xff,
  0x64, 0xf3, 0xff, 0xff, 0xb4, 0xfd, 0xff, 0xff, 0x00, 0x00, 0x00, 0x00,
  0x00, 0x00, 0x00, 0x00, 0x00, 0x00, 0x00, 0x00, 0x00, 0x00, 0x00, 0x00,
  0x00, 0x00, 0x00, 0x00, 0x00, 0x00, 0x00, 0x00, 0x00, 0x00, 0x00, 0x00,
  0x00, 0x00, 0x00, 0x00, 0x00, 0x00, 0x00, 0x00, 0x00, 0x00, 0x00, 0x00,
  0x00, 0x00, 0x00, 0x00, 0x00, 0x00, 0x00, 0x00, 0x00, 0x00, 0x00, 0x00,
  0x00, 0x00, 0x00, 0x00, 0x00, 0x00, 0x00, 0x00, 0x00, 0x00, 0x00, 0x00,
  0x00, 0x00, 0x00, 0x00, 0x00, 0x00, 0x00, 0x00, 0x00, 0x00, 0x00, 0x00,
  0x00, 0x00, 0x00, 0x00, 0x00, 0x00, 0x00, 0x00, 0x00, 0x00, 0x00, 0x00,
  0x00, 0x00, 0x00, 0x00, 0x00, 0x00, 0x00, 0x00, 0x00, 0x00, 0x00, 0x00,
  0x00, 0x00, 0x00, 0x00, 0x00, 0x00, 0x00, 0x00, 0x00, 0x00, 0x00, 0x00,
  0x00, 0x00, 0x00, 0x00, 0x00, 0x00, 0x00, 0x00, 0x00, 0x00, 0x00, 0x00,
  0x00, 0x00, 0x00, 0x00, 0x00, 0x00, 0x00, 0x00, 0x00, 0x00, 0x00, 0x00,
  0x00, 0x00, 0x00, 0x00, 0x00, 0x00, 0x00, 0x00, 0x00, 0x00, 0x00, 0x00,
  0x00, 0x00, 0x00, 0x00, 0x00, 0x00, 0x00, 0x00, 0x00, 0x00, 0x00, 0x00,
  0x00, 0x00, 0x00, 0x00, 0x00, 0x00, 0x00, 0x00, 0x00, 0x00, 0x00, 0x00,
  0x00, 0x00, 0x00, 0x00, 0x00, 0x00, 0x00, 0x00, 0x00, 0x00, 0x00, 0x00,
  0x00, 0x00, 0x00, 0x00, 0x00, 0x00, 0x00, 0x00, 0x00, 0x00, 0x00, 0x00,
  0x00, 0x00, 0x00, 0x00, 0x00, 0x00, 0x00, 0x00, 0x00, 0x00, 0x00, 0x00,
  0x00, 0x00, 0x00, 0x00, 0x00, 0x00, 0x00, 0x00, 0x00, 0x00, 0x00, 0x00,
  0x00, 0x00, 0x00, 0x00, 0x00, 0x00, 0x00, 0x00, 0x00, 0x00, 0x00, 0x00,
  0x00, 0x00, 0x00, 0x00, 0x00, 0x00, 0x00, 0x00, 0x00, 0x00, 0x00, 0x00,
  0x00, 0x00, 0x00, 0x00, 0x00, 0x00, 0x00, 0x00, 0x00, 0x00, 0x00, 0x00,
  0x00, 0x00, 0x00, 0x00, 0x00, 0x00, 0x00, 0x00, 0x00, 0x00, 0x00, 0x00,
  0x00, 0x00, 0x00, 0x00, 0x00, 0x00, 0x00, 0x00, 0x00, 0x00, 0x00, 0x00,
  0x00, 0x00, 0x00, 0x00, 0x00, 0x00, 0x00, 0x00, 0x00, 0x00, 0x00, 0x00,
  0x00, 0x00, 0x00, 0x00, 0x00, 0x00, 0x00, 0x00, 0x00, 0x00, 0x00, 0x00,
  0x00, 0x00, 0x00, 0x00, 0x00, 0x00, 0x00, 0x00, 0x00, 0x00, 0x00, 0x00,
  0x00, 0x00, 0x00, 0x00, 0x00, 0x00, 0x00, 0x00, 0x00, 0x00, 0x00, 0x00,
  0x00, 0x00, 0x00, 0x00, 0x00, 0x00, 0x00, 0x00, 0x00, 0x00, 0x00, 0x00,
  0x00, 0x00, 0x00, 0x00, 0x00, 0x00, 0x00, 0x00, 0x00, 0x00, 0x00, 0x00,
  0x00, 0x00, 0x00, 0x00, 0x00, 0x00, 0x00, 0x00, 0x00, 0x00, 0x00, 0x00,
  0x00, 0x00, 0x00, 0x00, 0x00, 0x00, 0x00, 0x00, 0x00, 0x00, 0x00, 0x00,
  0x00, 0x00, 0x00, 0x00, 0x00, 0x00, 0x00, 0x00, 0x00, 0x00, 0x00, 0x00,
  0x00, 0x00, 0x00, 0x00, 0x00, 0x00, 0x00, 0x00, 0x00, 0x00, 0x00, 0x00,
  0x00, 0x00, 0x00, 0x00, 0x00, 0x00, 0x00, 0x00, 0x00, 0x00, 0x00, 0x00,
  0x00, 0x00, 0x00, 0x00, 0x00, 0x00, 0x00, 0x00, 0x00, 0x00, 0x00, 0x00,
  0x00, 0x00, 0x00, 0x00, 0x00, 0x00, 0x00, 0x00, 0x00, 0x00, 0x00, 0x00,
  0x00, 0x00, 0x00, 0x00, 0x00, 0x00, 0x00, 0x00, 0x00, 0x00, 0x00, 0x00,
  0x00, 0x00, 0x00, 0x00, 0x00, 0x00, 0x00, 0x00, 0x00, 0x00, 0x00, 0x00,
  0x00, 0x00, 0x00, 0x00, 0x00, 0x00, 0x00, 0x00, 0x00, 0x00, 0x00, 0x00,
  0x00, 0x00, 0x00, 0x00, 0x00, 0x00, 0x00, 0x00, 0x00, 0x00, 0x00, 0x00,
  0x00, 0x00, 0x00, 0x00, 0x00, 0x00, 0x00, 0x00, 0x00, 0x00, 0x00, 0x00,
  0x00, 0x00, 0x00, 0x00, 0x00, 0x00, 0x00, 0x00, 0x00, 0x00, 0x00, 0x00,
  0x00, 0x00, 0x00, 0x00, 0x00, 0x00, 0x00, 0x00, 0x00, 0x00, 0x00, 0x00,
  0x00, 0x00, 0x00, 0x00, 0x00, 0x00, 0x00, 0x00, 0x00, 0x00, 0x00, 0x00,
  0x00, 0x00, 0x00, 0x00, 0x00, 0x00, 0x00, 0x00, 0x00, 0x00, 0x00, 0x00,
  0x00, 0x00, 0x00, 0x00, 0x00, 0x00, 0x00, 0x00, 0x00, 0x00, 0x00, 0x00,
  0x00, 0x00, 0x00, 0x00, 0x00, 0x00, 0x00, 0x00, 0x00, 0x00, 0x00, 0x00,
  0x00, 0x00, 0x00, 0x00, 0x00, 0x00, 0x00, 0x00, 0x00, 0x00, 0x00, 0x00,
  0x00, 0x00, 0x00, 0x00, 0x00, 0x00, 0x00, 0x00, 0x00, 0x00, 0x00, 0x00,
  0x00, 0x00, 0x00, 0x00, 0x00, 0x00, 0x00, 0x00, 0x00, 0x00, 0x00, 0x00,
  0x00, 0x00, 0x00, 0x00, 0x00, 0x00, 0x00, 0x00, 0x00, 0x00, 0x00, 0x00,
  0x00, 0x00, 0x00, 0x00, 0x00, 0x00, 0x00, 0x00, 0xd0, 0x6b, 0x00, 0x00,
  0x00, 0x00, 0x00, 0x00, 0x80, 0x34, 0x00, 0x00, 0x00, 0x00, 0x00, 0x00,
  0xc0, 0x34, 0x00, 0x00, 0x00, 0x00, 0x00, 0x00, 0x60, 0x33, 0x00, 0x00,
  0x00, 0x00, 0x00, 0x00, 0x10, 0x00, 0x00, 0x00, 0x00, 0x00, 0x00, 0x00,
  0xe0, 0x50, 0x00, 0x00, 0x00, 0x00, 0x00, 0x00, 0x10, 0x00, 0x00, 0x00,
  0x00, 0x00, 0x00, 0x00, 0x00, 0x51, 0x00, 0x00, 0x00, 0x00, 0x00, 0x00,
  0x00, 0x00, 0x00, 0x00, 0x02, 0x00, 0x00, 0x00, 0xf0, 0x6b, 0x00, 0x00,
  0x00, 0x00, 0x00, 0x00, 0x00, 0x38, 0x00, 0x00, 0x00, 0x00, 0x00, 0x00,
  0x00, 0x00, 0x00, 0x00, 0x00, 0x00, 0x00, 0x00, 0x02, 0x00, 0x00, 0x00,
  0x00, 0x00, 0x00, 0x00, 0x10, 0x00, 0x00, 0x00, 0x00, 0x00, 0x00, 0x00,
  0x18, 0x51, 0x00, 0x00, 0x00, 0x00, 0x00, 0x00, 0x10, 0x00, 0x00, 0x00,
  0x00, 0x00, 0x00, 0x00, 0x20, 0x51, 0x00, 0x00, 0x00, 0x00, 0x00, 0x00,
  0x38, 0x6c, 0x00, 0x00, 0x00, 0x00, 0x00, 0x00, 0x00, 0x00, 0x00, 0x00,
  0x00, 0x00, 0x00, 0x00, 0x38, 0x6c, 0x00, 0x00, 0x00, 0x00, 0x00, 0x00,
  0x30, 0x44, 0x00, 0x00, 0x00, 0x00, 0x00, 0x00, 0xc0, 0x44, 0x00, 0x00,
  0x00, 0x00, 0x00, 0x00, 0x00, 0x00, 0x00, 0x00, 0x00, 0x00, 0x00, 0x00,
  0x48, 0x6c, 0x00, 0x00, 0x00, 0x00, 0x00, 0x00, 0x60, 0x44, 0x00, 0x00,
  0x00, 0x00, 0x00, 0x00, 0x90, 0x44, 0x00, 0x00, 0x00, 0x00, 0x00, 0x00,
  0x00, 0x00, 0x00, 0x00, 0x00, 0x00, 0x00, 0x00, 0x00, 0x6c, 0x00, 0x00,
  0x00, 0x00, 0x00, 0x00, 0x00, 0x00, 0x00, 0x00, 0x00, 0x00, 0x00, 0x00,
  0xc0, 0x42, 0x00, 0x00, 0x00, 0x00, 0x00, 0x00, 0x30, 0x4b, 0x00, 0x00,
  0x00, 0x00, 0x00, 0x00, 0xc0, 0x4b, 0x00, 0x00, 0x00, 0x00, 0x00, 0x00,
  0x03, 0x00, 0x00, 0x00, 0x00, 0x00, 0x00, 0x00, 0xe8, 0x6f, 0x00, 0x00,
  0x00, 0x00, 0x00, 0x00, 0x02, 0x00, 0x00, 0x00, 0x00, 0x00, 0x00, 0x00,
  0x48, 0x06, 0x00, 0x00, 0x00, 0x00, 0x00, 0x00, 0x17, 0x00, 0x00, 0x00,
  0x00, 0x00, 0x00, 0x00, 0xe0, 0x1f, 0x00, 0x00, 0x00, 0x00, 0x00, 0x00,
  0x14, 0x00, 0x00, 0x00, 0x00, 0x00, 0x00, 0x00, 0x07, 0x00, 0x00, 0x00,
  0x00, 0x00, 0x00, 0x00, 0x07, 0x00, 0x00, 0x00, 0x00, 0x00, 0x00, 0x00,
  0x78, 0x1b, 0x00, 0x00, 0x00, 0x00, 0x00, 0x00, 0x08, 0x00, 0x00, 0x00,
  0x00, 0x00, 0x00, 0x00, 0x68, 0x04, 0x00, 0x00, 0x00, 0x00, 0x00, 0x00,
  0x09, 0x00, 0x00, 0x00, 0x00, 0x00, 0x00, 0x00, 0x18, 0x00, 0x00, 0x00,
  0x00, 0x00, 0x00, 0x00, 0xf9, 0xff, 0xff, 0x6f, 0x00, 0x00, 0x00, 0x00,
  0x0a, 0x00, 0x00, 0x00, 0x00, 0x00, 0x00, 0x00, 0x06, 0x00, 0x00, 0x00,
  0x00, 0x00, 0x00, 0x00, 0x28, 0x02, 0x00, 0x00, 0x00, 0x00, 0x00, 0x00,
  0x0b, 0x00, 0x00, 0x00, 0x00, 0x00, 0x00, 0x00, 0x18, 0x00, 0x00, 0x00,
  0x00, 0x00, 0x00, 0x00, 0x05, 0x00, 0x00, 0x00, 0x00, 0x00, 0x00, 0x00,
  0x48, 0x0c, 0x00, 0x00, 0x00, 0x00, 0x00, 0x00, 0x0a, 0x00, 0x00, 0x00,
  0x00, 0x00, 0x00, 0x00, 0x86, 0x0c, 0x00, 0x00, 0x00, 0x00, 0x00, 0x00,
  0xf5, 0xfe, 0xff, 0x6f, 0x00, 0x00, 0x00, 0x00, 0xd0, 0x18, 0x00, 0x00,
  0x00, 0x00, 0x00, 0x00, 0x01, 0x00, 0x00, 0x00, 0x00, 0x00, 0x00, 0x00,
  0x41, 0x0c, 0x00, 0x00, 0x00, 0x00, 0x00, 0x00, 0x01, 0x00, 0x00, 0x00,
  0x00, 0x00, 0x00, 0x00, 0x4d, 0x0c, 0x00, 0x00, 0x00, 0x00, 0x00, 0x00,
  0x01, 0x00, 0x00, 0x00, 0x00, 0x00, 0x00, 0x00, 0x58, 0x0c, 0x00, 0x00,
  0x00, 0x00, 0x00, 0x00, 0x01, 0x00, 0x00, 0x00, 0x00, 0x00, 0x00, 0x00,
  0x68, 0x0c, 0x00, 0x00, 0x00, 0x00, 0x00, 0x00, 0x01, 0x00, 0x00, 0x00,
  0x00, 0x00, 0x00, 0x00, 0x59, 0x00, 0x00, 0x00, 0x00, 0x00, 0x00, 0x00,
  0x01, 0x00, 0x00, 0x00, 0x00, 0x00, 0x00, 0x00, 0xd8, 0x00, 0x00, 0x00,
  0x00, 0x00, 0x00, 0x00, 0x01, 0x00, 0x00, 0x00, 0x00, 0x00, 0x00, 0x00,
  0xae, 0x01, 0x00, 0x00, 0x00, 0x00, 0x00, 0x00, 0x01, 0x00, 0x00, 0x00,
  0x00, 0x00, 0x00, 0x00, 0x9c, 0x00, 0x00, 0x00, 0x00, 0x00, 0x00, 0x00,
  0x0e, 0x00, 0x00, 0x00, 0x00, 0x00, 0x00, 0x00, 0x69, 0x00, 0x00, 0x00,
  0x00, 0x00, 0x00, 0x00, 0x0c, 0x00, 0x00, 0x00, 0x00, 0x00, 0x00, 0x00,
  0x28, 0x26, 0x00, 0x00, 0x00, 0x00, 0x00, 0x00, 0x0d, 0x00, 0x00, 0x00,
  0x00, 0x00, 0x00, 0x00, 0x60, 0x4c, 0x00, 0x00, 0x00, 0x00, 0x00, 0x00,
  0x1a, 0x00, 0x00, 0x00, 0x00, 0x00, 0x00, 0x00, 0xd8, 0x6b, 0x00, 0x00,
  0x00, 0x00, 0x00, 0x00, 0x1c, 0x00, 0x00, 0x00, 0x00, 0x00, 0x00, 0x00,
  0x08, 0x00, 0x00, 0x00, 0x00, 0x00, 0x00, 0x00, 0x19, 0x00, 0x00, 0x00,
  0x00, 0x00, 0x00, 0x00, 0xe0, 0x6b, 0x00, 0x00, 0x00, 0x00, 0x00, 0x00,
  0x1b, 0x00, 0x00, 0x00, 0x00, 0x00, 0x00, 0x00, 0x10, 0x00, 0x00, 0x00,
  0x00, 0x00, 0x00, 0x00, 0x1d, 0x00, 0x00, 0x00, 0x00, 0x00, 0x00, 0x00,
  0x72, 0x0c, 0x00, 0x00, 0x00, 0x00, 0x00, 0x00, 0xf0, 0xff, 0xff, 0x6f,
  0x00, 0x00, 0x00, 0x00, 0xc4, 0x19, 0x00, 0x00, 0x00, 0x00, 0x00, 0x00,
  0xfc, 0xff, 0xff, 0x6f, 0x00, 0x00, 0x00, 0x00, 0x9c, 0x1a, 0x00, 0x00,
  0x00, 0x00, 0x00, 0x00, 0xfd, 0xff, 0xff, 0x6f, 0x00, 0x00, 0x00, 0x00,
  0x01, 0x00, 0x00, 0x00, 0x00, 0x00, 0x00, 0x00, 0xfe, 0xff, 0xff, 0x6f,
  0x00, 0x00, 0x00, 0x00, 0xb8, 0x1a, 0x00, 0x00, 0x00, 0x00, 0x00, 0x00,
  0xff, 0xff, 0xff, 0x6f, 0x00, 0x00, 0x00, 0x00, 0x04, 0x00, 0x00, 0x00,
  0x00, 0x00, 0x00, 0x00, 0x00, 0x00, 0x00, 0x00, 0x00, 0x00, 0x00, 0x00,
  0x00, 0x00, 0x00, 0x00, 0x00, 0x00, 0x00, 0x00, 0x00, 0x00, 0x00, 0x00,
  0x00, 0x00, 0x00, 0x00, 0x00, 0x00, 0x00, 0x00, 0x00, 0x00, 0x00, 0x00,
  0x00, 0x00, 0x00, 0x00, 0x00, 0x00, 0x00, 0x00, 0x00, 0x00, 0x00, 0x00,
  0x00, 0x00, 0x00, 0x00, 0x00, 0x00, 0x00, 0x00, 0x00, 0x00, 0x00, 0x00,
  0x00, 0x00, 0x00, 0x00, 0x00, 0x00, 0x00, 0x00, 0x00, 0x00, 0x00, 0x00,
  0x00, 0x00, 0x00, 0x00, 0x00, 0x00, 0x00, 0x00, 0x00, 0x00, 0x00, 0x00,
  0x00, 0x00, 0x00, 0x00, 0x00, 0x00, 0x00, 0x00, 0x00, 0x00, 0x00, 0x00,
  0x00, 0x00, 0x00, 0x00, 0x00, 0x00, 0x00, 0x00, 0x00, 0x00, 0x00, 0x00,
  0x00, 0x00, 0x00, 0x00, 0x00, 0x00, 0x00, 0x00, 0x00, 0x00, 0x00, 0x00,
  0x00, 0x00, 0x00, 0x00, 0x00, 0x00, 0x00, 0x00, 0x00, 0x00, 0x00, 0x00,
  0x00, 0x00, 0x00, 0x00, 0x00, 0x00, 0x00, 0x00, 0x00, 0x00, 0x00, 0x00,
  0x00, 0x00, 0x00, 0x00, 0x00, 0x00, 0x00, 0x00, 0x00, 0x00, 0x00, 0x00,
  0x00, 0x00, 0x00, 0x00, 0x00, 0x00, 0x00, 0x00, 0x00, 0x00, 0x00, 0x00,
  0x00, 0x00, 0x00, 0x00, 0x00, 0x00, 0x00, 0x00, 0x00, 0x00, 0x00, 0x00,
  0x00, 0x00, 0x00, 0x00, 0x00, 0x00, 0x00, 0x00, 0x00, 0x00, 0x00, 0x00,
  0x00, 0x00, 0x00, 0x00, 0x00, 0x00, 0x00, 0x00, 0x00, 0x00, 0x00, 0x00,
  0x00, 0x00, 0x00, 0x00, 0x00, 0x00, 0x00, 0x00, 0x00, 0x00, 0x00, 0x00,
  0x00, 0x00, 0x00, 0x00, 0x00, 0x00, 0x00, 0x00, 0x00, 0x00, 0x00, 0x00,
  0x00, 0x00, 0x00, 0x00, 0x00, 0x00, 0x00, 0x00, 0x00, 0x00, 0x00, 0x00,
  0x00, 0x00, 0x00, 0x00, 0x00, 0x00, 0x00, 0x00, 0x00, 0x00, 0x00, 0x00,
  0xd0, 0x6c, 0x00, 0x00, 0x00, 0x00, 0x00, 0x00, 0x00, 0x00, 0x00, 0x00,
  0x00, 0x00, 0x00, 0x00, 0x00, 0x00, 0x00, 0x00, 0x00, 0x00, 0x00, 0x00,
  0x66, 0x26, 0x00, 0x00, 0x00, 0x00, 0x00, 0x00, 0x76, 0x26, 0x00, 0x00,
  0x00, 0x00, 0x00, 0x00, 0x86, 0x26, 0x00, 0x00, 0x00, 0x00, 0x00, 0x00,
  0x96, 0x26, 0x00, 0x00, 0x00, 0x00, 0x00, 0x00, 0xa6, 0x26, 0x00, 0x00,
  0x00, 0x00, 0x00, 0x00, 0xb6, 0x26, 0x00, 0x00, 0x00, 0x00, 0x00, 0x00,
  0xc6, 0x26, 0x00, 0x00, 0x00, 0x00, 0x00, 0x00, 0xd6, 0x26, 0x00, 0x00,
  0x00, 0x00, 0x00, 0x00, 0xe6, 0x26, 0x00, 0x00, 0x00, 0x00, 0x00, 0x00,
  0xf6, 0x26, 0x00, 0x00, 0x00, 0x00, 0x00, 0x00, 0x06, 0x27, 0x00, 0x00,
  0x00, 0x00, 0x00, 0x00, 0x16, 0x27, 0x00, 0x00, 0x00, 0x00, 0x00, 0x00,
  0x26, 0x27, 0x00, 0x00, 0x00, 0x00, 0x00, 0x00, 0x36, 0x27, 0x00, 0x00,
  0x00, 0x00, 0x00, 0x00, 0x46, 0x27, 0x00, 0x00, 0x00, 0x00, 0x00, 0x00,
  0x56, 0x27, 0x00, 0x00, 0x00, 0x00, 0x00, 0x00, 0x66, 0x27, 0x00, 0x00,
  0x00, 0x00, 0x00, 0x00, 0x76, 0x27, 0x00, 0x00, 0x00, 0x00, 0x00, 0x00,
  0x86, 0x27, 0x00, 0x00, 0x00, 0x00, 0x00, 0x00, 0x96, 0x27, 0x00, 0x00,
  0x00, 0x00, 0x00, 0x00, 0xa6, 0x27, 0x00, 0x00, 0x00, 0x00, 0x00, 0x00,
  0xb6, 0x27, 0x00, 0x00, 0x00, 0x00, 0x00, 0x00, 0xc6, 0x27, 0x00, 0x00,
  0x00, 0x00, 0x00, 0x00, 0xd6, 0x27, 0x00, 0x00, 0x00, 0x00, 0x00, 0x00,
  0xe6, 0x27, 0x00, 0x00, 0x00, 0x00, 0x00, 0x00, 0xf6, 0x27, 0x00, 0x00,
  0x00, 0x00, 0x00, 0x00, 0x06, 0x28, 0x00, 0x00, 0x00, 0x00, 0x00, 0x00,
  0x16, 0x28, 0x00, 0x00, 0x00, 0x00, 0x00, 0x00, 0x26, 0x28, 0x00, 0x00,
  0x00, 0x00, 0x00, 0x00, 0x36, 0x28, 0x00, 0x00, 0x00, 0x00, 0x00, 0x00,
  0x46, 0x28, 0x00, 0x00, 0x00, 0x00, 0x00, 0x00, 0x56, 0x28, 0x00, 0x00,
  0x00, 0x00, 0x00, 0x00, 0x66, 0x28, 0x00, 0x00, 0x00, 0x00, 0x00, 0x00,
  0x76, 0x28, 0x00, 0x00, 0x00, 0x00, 0x00, 0x00, 0x86, 0x28, 0x00, 0x00,
  0x00, 0x00, 0x00, 0x00, 0x96, 0x28, 0x00, 0x00, 0x00, 0x00, 0x00, 0x00,
  0xa6, 0x28, 0x00, 0x00, 0x00, 0x00, 0x00, 0x00, 0xb6, 0x28, 0x00, 0x00,
  0x00, 0x00, 0x00, 0x00, 0xc6, 0x28, 0x00, 0x00, 0x00, 0x00, 0x00, 0x00,
  0xd6, 0x28, 0x00, 0x00, 0x00, 0x00, 0x00, 0x00, 0xe6, 0x28, 0x00, 0x00,
  0x00, 0x00, 0x00, 0x00, 0xf6, 0x28, 0x00, 0x00, 0x00, 0x00, 0x00, 0x00,
  0x06, 0x29, 0x00, 0x00, 0x00, 0x00, 0x00, 0x00, 0x16, 0x29, 0x00, 0x00,
  0x00, 0x00, 0x00, 0x00, 0x26, 0x29, 0x00, 0x00, 0x00, 0x00, 0x00, 0x00,
  0x36, 0x29, 0x00, 0x00, 0x00, 0x00, 0x00, 0x00, 0x46, 0x29, 0x00, 0x00,
  0x00, 0x00, 0x00, 0x00, 0x56, 0x29, 0x00, 0x00, 0x00, 0x00, 0x00, 0x00,
  0x66, 0x29, 0x00, 0x00, 0x00, 0x00, 0x00, 0x00, 0x76, 0x29, 0x00, 0x00,
  0x00, 0x00, 0x00, 0x00, 0x86, 0x29, 0x00, 0x00, 0x00, 0x00, 0x00, 0x00,
  0x96, 0x29, 0x00, 0x00, 0x00, 0x00, 0x00, 0x00, 0xa6, 0x29, 0x00, 0x00,
  0x00, 0x00, 0x00, 0x00, 0xb6, 0x29, 0x00, 0x00, 0x00, 0x00, 0x00, 0x00,
  0xc6, 0x29, 0x00, 0x00, 0x00, 0x00, 0x00, 0x00, 0xd6, 0x29, 0x00, 0x00,
  0x00, 0x00, 0x00, 0x00, 0xe6, 0x29, 0x00, 0x00, 0x00, 0x00, 0x00, 0x00,
  0xf6, 0x29, 0x00, 0x00, 0x00, 0x00, 0x00, 0x00, 0x06, 0x2a, 0x00, 0x00,
  0x00, 0x00, 0x00, 0x00, 0x16, 0x2a, 0x00, 0x00, 0x00, 0x00, 0x00, 0x00,
  0x26, 0x2a, 0x00, 0x00, 0x00, 0x00, 0x00, 0x00, 0x36, 0x2a, 0x00, 0x00,
  0x00, 0x00, 0x00, 0x00, 0x46, 0x2a, 0x00, 0x00, 0x00, 0x00, 0x00, 0x00,
  0x56, 0x2a, 0x00, 0x00, 0x00, 0x00, 0x00, 0x00, 0x66, 0x2a, 0x00, 0x00,
  0x00, 0x00, 0x00, 0x00, 0x76, 0x2a, 0x00, 0x00, 0x00, 0x00, 0x00, 0x00,
  0x86, 0x2a, 0x00, 0x00, 0x00, 0x00, 0x00, 0x00, 0x00, 0x00, 0x00, 0x00,
  0x00, 0x00, 0x00, 0x00, 0x00, 0x00, 0x00, 0x00, 0x00, 0x00, 0x00, 0x00,
  0x00, 0x47, 0x43, 0x43, 0x3a, 0x20, 0x28, 0x47, 0x4e, 0x55, 0x29, 0x20,
  0x39, 0x2e, 0x33, 0x2e, 0x31, 0x20, 0x32, 0x30, 0x32, 0x30, 0x30, 0x34,
  0x30, 0x38, 0x20, 0x28, 0x52, 0x65, 0x64, 0x20, 0x48, 0x61, 0x74, 0x20,
  0x39, 0x2e, 0x33, 0x2e, 0x31, 0x2d, 0x32, 0x29, 0x00, 0x00, 0x00, 0x00,
  0x04, 0x00, 0x00, 0x00, 0x09, 0x00, 0x00, 0x00, 0x04, 0x00, 0x00, 0x00,
  0x47, 0x4e, 0x55, 0x00, 0x67, 0x6f, 0x6c, 0x64, 0x20, 0x31, 0x2e, 0x31,
  0x36, 0x00, 0x00, 0x00, 0x00, 0x00, 0x00, 0x00, 0x00, 0x00, 0x00, 0x00,
  0x00, 0x00, 0x00, 0x00, 0x00, 0x00, 0x00, 0x00, 0x00, 0x00, 0x00, 0x00,
  0x00, 0x00, 0x00, 0x00, 0x00, 0x00, 0x00, 0x00, 0x01, 0x00, 0x00, 0x00,
  0x04, 0x00, 0xf1, 0xff, 0x00, 0x00, 0x00, 0x00, 0x00, 0x00, 0x00, 0x00,
  0x00, 0x00, 0x00, 0x00, 0x00, 0x00, 0x00, 0x00, 0x0c, 0x00, 0x00, 0x00,
  0x01, 0x00, 0x1a, 0x00, 0x28, 0x72, 0x00, 0x00, 0x00, 0x00, 0x00, 0x00,
  0x00, 0x00, 0x00, 0x00, 0x00, 0x00, 0x00, 0x00, 0x19, 0x00, 0x00, 0x00,
  0x02, 0x00, 0x0c, 0x00, 0x10, 0x34, 0x00, 0x00, 0x00, 0x00, 0x00, 0x00,
  0x00, 0x00, 0x00, 0x00, 0x00, 0x00, 0x00, 0x00, 0x2e, 0x00, 0x00, 0x00,
  0x02, 0x00, 0x0c, 0x00, 0x40, 0x34, 0x00, 0x00, 0x00, 0x00, 0x00, 0x00,
  0x00, 0x00, 0x00, 0x00, 0x00, 0x00, 0x00, 0x00, 0x41, 0x00, 0x00, 0x00,
  0x02, 0x00, 0x0c, 0x00, 0x80, 0x34, 0x00, 0x00, 0x00, 0x00, 0x00, 0x00,
  0x00, 0x00, 0x00, 0x00, 0x00, 0x00, 0x00, 0x00, 0x57, 0x00, 0x00, 0x00,
  0x01, 0x00, 0x1b, 0x00, 0x40, 0x72, 0x00, 0x00, 0x00, 0x00, 0x00, 0x00,
  0x01, 0x00, 0x00, 0x00, 0x00, 0x00, 0x00, 0x00, 0x66, 0x00, 0x00, 0x00,
  0x01, 0x00, 0x13, 0x00, 0xd8, 0x6b, 0x00, 0x00, 0x00, 0x00, 0x00, 0x00,
  0x00, 0x00, 0x00, 0x00, 0x00, 0x00, 0x00, 0x00, 0x8d, 0x00, 0x00, 0x00,
  0x02, 0x00, 0x0c, 0x00, 0xc0, 0x34, 0x00, 0x00, 0x00, 0x00, 0x00, 0x00,
  0x00, 0x00, 0x00, 0x00, 0x00, 0x00, 0x00, 0x00, 0x99, 0x00, 0x00, 0x00,
  0x01, 0x00, 0x14, 0x00, 0xe0, 0x6b, 0x00, 0x00, 0x00, 0x00, 0x00, 0x00,
  0x00, 0x00, 0x00, 0x00, 0x00, 0x00, 0x00, 0x00, 0xb8, 0x00, 0x00, 0x00,
  0x04, 0x00, 0xf1, 0xff, 0x00, 0x00, 0x00, 0x00, 0x00, 0x00, 0x00, 0x00,
  0x00, 0x00, 0x00, 0x00, 0x00, 0x00, 0x00, 0x00, 0xc1, 0x00, 0x00, 0x00,
  0x02, 0x00, 0x0c, 0x00, 0xd0, 0x34, 0x00, 0x00, 0x00, 0x00, 0x00, 0x00,
  0x32, 0x00, 0x00, 0x00, 0x00, 0x00, 0x00, 0x00, 0xe7, 0x00, 0x00, 0x00,
  0x02, 0x00, 0x0c, 0x00, 0x90, 0x2a, 0x00, 0x00, 0x00, 0x00, 0x00, 0x00,
  0x45, 0x00, 0x00, 0x00, 0x00, 0x00, 0x00, 0x00, 0x02, 0x01, 0x00, 0x00,
  0x02, 0x00, 0x0c, 0x00, 0x60, 0x43, 0x00, 0x00, 0x00, 0x00, 0x00, 0x00,
  0xc3, 0x00, 0x00, 0x00, 0x00, 0x00, 0x00, 0x00, 0x25, 0x01, 0x00, 0x00,
  0x02, 0x00, 0x0c, 0x00, 0xd5, 0x2a, 0x00, 0x00, 0x00, 0x00, 0x00, 0x00,
  0x7e, 0x04, 0x00, 0x00, 0x00, 0x00, 0x00, 0x00, 0x3d, 0x01, 0x00, 0x00,
  0x02, 0x00, 0x0c, 0x00, 0x53, 0x2f, 0x00, 0x00, 0x00, 0x00, 0x00, 0x00,
  0x66, 0x01, 0x00, 0x00, 0x00, 0x00, 0x00, 0x00, 0x5d, 0x01, 0x00, 0x00,
  0x02, 0x00, 0x0c, 0x00, 0xba, 0x30, 0x00, 0x00, 0x00, 0x00, 0x00, 0x00,
  0x1a, 0x02, 0x00, 0x00, 0x00, 0x00, 0x00, 0x00, 0x8a, 0x01, 0x00, 0x00,
  0x02, 0x00, 0x0c, 0x00, 0xd4, 0x32, 0x00, 0x00, 0x00, 0x00, 0x00, 0x00,
  0x23, 0x00, 0x00, 0x00, 0x00, 0x00, 0x00, 0x00, 0xb5, 0x01, 0x00, 0x00,
  0x02, 0x00, 0x0c, 0x00, 0xf8, 0x32, 0x00, 0x00, 0x00, 0x00, 0x00, 0x00,
  0x15, 0x00, 0x00, 0x00, 0x00, 0x00, 0x00, 0x00, 0xeb, 0x01, 0x00, 0x00,
  0x02, 0x00, 0x0c, 0x00, 0x0e, 0x33, 0x00, 0x00, 0x00, 0x00, 0x00, 0x00,
  0x48, 0x00, 0x00, 0x00, 0x00, 0x00, 0x00, 0x00, 0x13, 0x02, 0x00, 0x00,
  0x02, 0x00, 0x0c, 0x00, 0x60, 0x33, 0x00, 0x00, 0x00, 0x00, 0x00, 0x00,
  0xa6, 0x00, 0x00, 0x00, 0x00, 0x00, 0x00, 0x00, 0x2b, 0x02, 0x00, 0x00,
  0x01, 0x00, 0x1b, 0x00, 0xb8, 0x72, 0x00, 0x00, 0x00, 0x00, 0x00, 0x00,
  0x01, 0x00, 0x00, 0x00, 0x00, 0x00, 0x00, 0x00, 0x01, 0x00, 0x00, 0x00,
  0x04, 0x00, 0xf1, 0xff, 0x00, 0x00, 0x00, 0x00, 0x00, 0x00, 0x00, 0x00,
  0x00, 0x00, 0x00, 0x00, 0x00, 0x00, 0x00, 0x00, 0x3a, 0x02, 0x00, 0x00,
  0x01, 0x00, 0x10, 0x00, 0x58, 0x58, 0x00, 0x00, 0x00, 0x00, 0x00, 0x00,
  0x00, 0x00, 0x00, 0x00, 0x00, 0x00, 0x00, 0x00, 0x48, 0x02, 0x00, 0x00,
  0x01, 0x02, 0x12, 0x00, 0xd0, 0x6b, 0x00, 0x00, 0x00, 0x00, 0x00, 0x00,
  0x00, 0x00, 0x00, 0x00, 0x00, 0x00, 0x00, 0x00, 0x55, 0x02, 0x00, 0x00,
  0x02, 0x02, 0x0c, 0x00, 0x30, 0x44, 0x00, 0x00, 0x00, 0x00, 0x00, 0x00,
  0x2e, 0x00, 0x00, 0x00, 0x00, 0x00, 0x00, 0x00, 0x64, 0x02, 0x00, 0x00,
  0x01, 0x02, 0x19, 0x00, 0x20, 0x72, 0x00, 0x00, 0x00, 0x00, 0x00, 0x00,
  0x08, 0x00, 0x00, 0x00, 0x00, 0x00, 0x00, 0x00, 0x80, 0x02, 0x00, 0x00,
  0x02, 0x02, 0x0c, 0x00, 0x30, 0x44, 0x00, 0x00, 0x00, 0x00, 0x00, 0x00,
  0x2e, 0x00, 0x00, 0x00, 0x00, 0x00, 0x00, 0x00, 0x8f, 0x02, 0x00, 0x00,
  0x02, 0x02, 0x0c, 0x00, 0x60, 0x44, 0x00, 0x00, 0x00, 0x00, 0x00, 0x00,
  0x2e, 0x00, 0x00, 0x00, 0x00, 0x00, 0x00, 0x00, 0xa5, 0x02, 0x00, 0x00,
  0x02, 0x02, 0x0c, 0x00, 0x60, 0x44, 0x00, 0x00, 0x00, 0x00, 0x00, 0x00,
  0x2e, 0x00, 0x00, 0x00, 0x00, 0x00, 0x00, 0x00, 0xbb, 0x02, 0x00, 0x00,
  0x02, 0x02, 0x0c, 0x00, 0x90, 0x44, 0x00, 0x00, 0x00, 0x00, 0x00, 0x00,
  0x2d, 0x00, 0x00, 0x00, 0x00, 0x00, 0x00, 0x00, 0xd1, 0x02, 0x00, 0x00,
  0x02, 0x02, 0x0c, 0x00, 0xc0, 0x44, 0x00, 0x00, 0x00, 0x00, 0x00, 0x00,
  0x2d, 0x00, 0x00, 0x00, 0x00, 0x00, 0x00, 0x00, 0xe0, 0x02, 0x00, 0x00,
  0x02, 0x02, 0x0c, 0x00, 0xf0, 0x44, 0x00, 0x00, 0x00, 0x00, 0x00, 0x00,
  0x41, 0x01, 0x00, 0x00, 0x00, 0x00, 0x00, 0x00, 0x38, 0x03, 0x00, 0x00,
  0x02, 0x02, 0x0c, 0x00, 0xf0, 0x44, 0x00, 0x00, 0x00, 0x00, 0x00, 0x00,
  0x41, 0x01, 0x00, 0x00, 0x00, 0x00, 0x00, 0x00, 0x90, 0x03, 0x00, 0x00,
  0x02, 0x02, 0x0c, 0x00, 0x40, 0x46, 0x00, 0x00, 0x00, 0x00, 0x00, 0x00,
  0xc2, 0x00, 0x00, 0x00, 0x00, 0x00, 0x00, 0x00, 0xc2, 0x03, 0x00, 0x00,
  0x02, 0x02, 0x0c, 0x00, 0x40, 0x46, 0x00, 0x00, 0x00, 0x00, 0x00, 0x00,
  0xc2, 0x00, 0x00, 0x00, 0x00, 0x00, 0x00, 0x00, 0xf4, 0x03, 0x00, 0x00,
  0x01, 0x02, 0x19, 0x00, 0x18, 0x72, 0x00, 0x00, 0x00, 0x00, 0x00, 0x00,
  0x08, 0x00, 0x00, 0x00, 0x00, 0x00, 0x00, 0x00, 0x0c, 0x04, 0x00, 0x00,
  0x02, 0x02, 0x0c, 0x00, 0x30, 0x4b, 0x00, 0x00, 0x00, 0x00, 0x00, 0x00,
  0x83, 0x00, 0x00, 0x00, 0x00, 0x00, 0x00, 0x00, 0x2b, 0x04, 0x00, 0x00,
  0x02, 0x02, 0x0c, 0x00, 0x30, 0x4b, 0x00, 0x00, 0x00, 0x00, 0x00, 0x00,
  0x83, 0x00, 0x00, 0x00, 0x00, 0x00, 0x00, 0x00, 0x4a, 0x04, 0x00, 0x00,
  0x02, 0x02, 0x0c, 0x00, 0xc0, 0x4b, 0x00, 0x00, 0x00, 0x00, 0x00, 0x00,
  0x93, 0x00, 0x00, 0x00, 0x00, 0x00, 0x00, 0x00, 0x69, 0x04, 0x00, 0x00,
  0x01, 0x02, 0x1a, 0x00, 0x28, 0x72, 0x00, 0x00, 0x00, 0x00, 0x00, 0x00,
  0x00, 0x00, 0x00, 0x00, 0x00, 0x00, 0x00, 0x00, 0x75, 0x04, 0x00, 0x00,
  0x01, 0x02, 0x16, 0x00, 0xd0, 0x6c, 0x00, 0x00, 0x00, 0x00, 0x00, 0x00,
  0x80, 0x02, 0x00, 0x00, 0x00, 0x00, 0x00, 0x00, 0x7e, 0x04, 0x00, 0x00,
  0x01, 0x02, 0x18, 0x00, 0xe8, 0x6f, 0x00, 0x00, 0x00, 0x00, 0x00, 0x00,
  0x30, 0x02, 0x00, 0x00, 0x00, 0x00, 0x00, 0x00, 0x94, 0x04, 0x00, 0x00,
  0x20, 0x00, 0x00, 0x00, 0x00, 0x00, 0x00, 0x00, 0x00, 0x00, 0x00, 0x00,
  0x00, 0x00, 0x00, 0x00, 0x00, 0x00, 0x00, 0x00, 0xa3, 0x04, 0x00, 0x00,
  0x12, 0x00, 0x0a, 0x00, 0x28, 0x26, 0x00, 0x00, 0x00, 0x00, 0x00, 0x00,
  0x00, 0x00, 0x00, 0x00, 0x00, 0x00, 0x00, 0x00, 0xa9, 0x04, 0x00, 0x00,
  0x12, 0x00, 0x0d, 0x00, 0x60, 0x4c, 0x00, 0x00, 0x00, 0x00, 0x00, 0x00,
  0x00, 0x00, 0x00, 0x00, 0x00, 0x00, 0x00, 0x00, 0xaf, 0x04, 0x00, 0x00,
  0x20, 0x00, 0x00, 0x00, 0x00, 0x00, 0x00, 0x00, 0x00, 0x00, 0x00, 0x00,
  0x00, 0x00, 0x00, 0x00, 0x00, 0x00, 0x00, 0x00, 0xcb, 0x04, 0x00, 0x00,
  0x22, 0x00, 0x00, 0x00, 0x00, 0x00, 0x00, 0x00, 0x00, 0x00, 0x00, 0x00,
  0x00, 0x00, 0x00, 0x00, 0x00, 0x00, 0x00, 0x00, 0xe0, 0x04, 0x00, 0x00,
  0x20, 0x00, 0x00, 0x00, 0x00, 0x00, 0x00, 0x00, 0x00, 0x00, 0x00, 0x00,
  0x00, 0x00, 0x00, 0x00, 0x00, 0x00, 0x00, 0x00, 0xfa, 0x04, 0x00, 0x00,
  0x22, 0x00, 0x00, 0x00, 0x00, 0x00, 0x00, 0x00, 0x00, 0x00, 0x00, 0x00,
  0x00, 0x00, 0x00, 0x00, 0x00, 0x00, 0x00, 0x00, 0x09, 0x05, 0x00, 0x00,
  0x21, 0x00, 0x15, 0x00, 0x60, 0x6c, 0x00, 0x00, 0x00, 0x00, 0x00, 0x00,
  0x20, 0x00, 0x00, 0x00, 0x00, 0x00, 0x00, 0x00, 0x15, 0x05, 0x00, 0x00,
  0x12, 0x00, 0x00, 0x00, 0x00, 0x00, 0x00, 0x00, 0x00, 0x00, 0x00, 0x00,
  0x00, 0x00, 0x00, 0x00, 0x00, 0x00, 0x00, 0x00, 0x1b, 0x05, 0x00, 0x00,
  0x12, 0x00, 0x00, 0x00, 0x00, 0x00, 0x00, 0x00, 0x00, 0x00, 0x00, 0x00,
  0x00, 0x00, 0x00, 0x00, 0x00, 0x00, 0x00, 0x00, 0x30, 0x05, 0x00, 0x00,
  0x12, 0x00, 0x00, 0x00, 0x00, 0x00, 0x00, 0x00, 0x00, 0x00, 0x00, 0x00,
  0x00, 0x00, 0x00, 0x00, 0x00, 0x00, 0x00, 0x00, 0x38, 0x05, 0x00, 0x00,
  0x12, 0x00, 0x00, 0x00, 0x00, 0x00, 0x00, 0x00, 0x00, 0x00, 0x00, 0x00,
  0x00, 0x00, 0x00, 0x00, 0x00, 0x00, 0x00, 0x00, 0x45, 0x05, 0x00, 0x00,
  0x12, 0x00, 0x00, 0x00, 0x00, 0x00, 0x00, 0x00, 0x00, 0x00, 0x00, 0x00,
  0x00, 0x00, 0x00, 0x00, 0x00, 0x00, 0x00, 0x00, 0x64, 0x05, 0x00, 0x00,
  0x11, 0x00, 0x00, 0x00, 0x00, 0x00, 0x00, 0x00, 0x00, 0x00, 0x00, 0x00,
  0x00, 0x00, 0x00, 0x00, 0x00, 0x00, 0x00, 0x00, 0x86, 0x05, 0x00, 0x00,
  0x12, 0x00, 0x00, 0x00, 0x00, 0x00, 0x00, 0x00, 0x00, 0x00, 0x00, 0x00,
  0x00, 0x00, 0x00, 0x00, 0x00, 0x00, 0x00, 0x00, 0x8d, 0x05, 0x00, 0x00,
  0x12, 0x00, 0x00, 0x00, 0x00, 0x00, 0x00, 0x00, 0x00, 0x00, 0x00, 0x00,
  0x00, 0x00, 0x00, 0x00, 0x00, 0x00, 0x00, 0x00, 0x94, 0x05, 0x00, 0x00,
  0x12, 0x00, 0x00, 0x00, 0x00, 0x00, 0x00, 0x00, 0x00, 0x00, 0x00, 0x00,
  0x00, 0x00, 0x00, 0x00, 0x00, 0x00, 0x00, 0x00, 0xb0, 0x05, 0x00, 0x00,
  0x11, 0x00, 0x00, 0x00, 0x00, 0x00, 0x00, 0x00, 0x00, 0x00, 0x00, 0x00,
  0x00, 0x00, 0x00, 0x00, 0x00, 0x00, 0x00, 0x00, 0xc5, 0x05, 0x00, 0x00,
  0x12, 0x00, 0x00, 0x00, 0x00, 0x00, 0x00, 0x00, 0x00, 0x00, 0x00, 0x00,
  0x00, 0x00, 0x00, 0x00, 0x00, 0x00, 0x00, 0x00, 0xd4, 0x05, 0x00, 0x00,
  0x12, 0x00, 0x0c, 0x00, 0x10, 0x35, 0x00, 0x00, 0x00, 0x00, 0x00, 0x00,
  0xe6, 0x00, 0x00, 0x00, 0x00, 0x00, 0x00, 0x00, 0xea, 0x05, 0x00, 0x00,
  0x12, 0x00, 0x00, 0x00, 0x00, 0x00, 0x00, 0x00, 0x00, 0x00, 0x00, 0x00,
  0x00, 0x00, 0x00, 0x00, 0x00, 0x00, 0x00, 0x00, 0xf1, 0x05, 0x00, 0x00,
  0x12, 0x00, 0x00, 0x00, 0x00, 0x00, 0x00, 0x00, 0x00, 0x00, 0x00, 0x00,
  0x00, 0x00, 0x00, 0x00, 0x00, 0x00, 0x00, 0x00, 0xf8, 0x05, 0x00, 0x00,
  0x12, 0x00, 0x00, 0x00, 0x00, 0x00, 0x00, 0x00, 0x00, 0x00, 0x00, 0x00,
  0x00, 0x00, 0x00, 0x00, 0x00, 0x00, 0x00, 0x00, 0x11, 0x06, 0x00, 0x00,
  0x12, 0x00, 0x00, 0x00, 0x00, 0x00, 0x00, 0x00, 0x00, 0x00, 0x00, 0x00,
  0x00, 0x00, 0x00, 0x00, 0x00, 0x00, 0x00, 0x00, 0x2c, 0x06, 0x00, 0x00,
  0x12, 0x00, 0x00, 0x00, 0x00, 0x00, 0x00, 0x00, 0x00, 0x00, 0x00, 0x00,
  0x00, 0x00, 0x00, 0x00, 0x00, 0x00, 0x00, 0x00, 0x45, 0x06, 0x00, 0x00,
  0x11, 0x00, 0x00, 0x00, 0x00, 0x00, 0x00, 0x00, 0x00, 0x00, 0x00, 0x00,
  0x00, 0x00, 0x00, 0x00, 0x00, 0x00, 0x00, 0x00, 0x5b, 0x06, 0x00, 0x00,
  0x12, 0x00, 0x00, 0x00, 0x00, 0x00, 0x00, 0x00, 0x00, 0x00, 0x00, 0x00,
  0x00, 0x00, 0x00, 0x00, 0x00, 0x00, 0x00, 0x00, 0x60, 0x06, 0x00, 0x00,
  0x12, 0x00, 0x00, 0x00, 0x00, 0x00, 0x00, 0x00, 0x00, 0x00, 0x00, 0x00,
  0x00, 0x00, 0x00, 0x00, 0x00, 0x00, 0x00, 0x00, 0x6c, 0x06, 0x00, 0x00,
  0x12, 0x00, 0x00, 0x00, 0x00, 0x00, 0x00, 0x00, 0x00, 0x00, 0x00, 0x00,
  0x00, 0x00, 0x00, 0x00, 0x00, 0x00, 0x00, 0x00, 0x81, 0x06, 0x00, 0x00,
  0x12, 0x00, 0x0c, 0x00, 0x00, 0x36, 0x00, 0x00, 0x00, 0x00, 0x00, 0x00,
  0x7b, 0x00, 0x00, 0x00, 0x00, 0x00, 0x00, 0x00, 0x94, 0x06, 0x00, 0x00,
  0x12, 0x00, 0x00, 0x00, 0x00, 0x00, 0x00, 0x00, 0x00, 0x00, 0x00, 0x00,
  0x00, 0x00, 0x00, 0x00, 0x00, 0x00, 0x00, 0x00, 0xa7, 0x06, 0x00, 0x00,
  0x11, 0x00, 0x1b, 0x00, 0x60, 0x72, 0x00, 0x00, 0x00, 0x00, 0x00, 0x00,
  0x08, 0x00, 0x00, 0x00, 0x00, 0x00, 0x00, 0x00, 0xbf, 0x06, 0x00, 0x00,
  0x12, 0x00, 0x00, 0x00, 0x00, 0x00, 0x00, 0x00, 0x00, 0x00, 0x00, 0x00,
  0x00, 0x00, 0x00, 0x00, 0x00, 0x00, 0x00, 0x00, 0xce, 0x06, 0x00, 0x00,
  0x12, 0x00, 0x0c, 0x00, 0x80, 0x36, 0x00, 0x00, 0x00, 0x00, 0x00, 0x00,
  0x14, 0x00, 0x00, 0x00, 0x00, 0x00, 0x00, 0x00, 0x07, 0x07, 0x00, 0x00,
  0x22, 0x00, 0x0c, 0x00, 0x10, 0x47, 0x00, 0x00, 0x00, 0x00, 0x00, 0x00,
  0x26, 0x01, 0x00, 0x00, 0x00, 0x00, 0x00, 0x00, 0xf5, 0x07, 0x00, 0x00,
  0x12, 0x00, 0x00, 0x00, 0x00, 0x00, 0x00, 0x00, 0x00, 0x00, 0x00, 0x00,
  0x00, 0x00, 0x00, 0x00, 0x00, 0x00, 0x00, 0x00, 0xfb, 0x07, 0x00, 0x00,
  0x12, 0x00, 0x00, 0x00, 0x00, 0x00, 0x00, 0x00, 0x00, 0x00, 0x00, 0x00,
  0x00, 0x00, 0x00, 0x00, 0x00, 0x00, 0x00, 0x00, 0x14, 0x08, 0x00, 0x00,
  0x12, 0x00, 0x00, 0x00, 0x00, 0x00, 0x00, 0x00, 0x00, 0x00, 0x00, 0x00,
  0x00, 0x00, 0x00, 0x00, 0x00, 0x00, 0x00, 0x00, 0x26, 0x08, 0x00, 0x00,
  0x12, 0x00, 0x00, 0x00, 0x00, 0x00, 0x00, 0x00, 0x00, 0x00, 0x00, 0x00,
  0x00, 0x00, 0x00, 0x00, 0x00, 0x00, 0x00, 0x00, 0x34, 0x08, 0x00, 0x00,
  0x12, 0x00, 0x00, 0x00, 0x00, 0x00, 0x00, 0x00, 0x00, 0x00, 0x00, 0x00,
  0x00, 0x00, 0x00, 0x00, 0x00, 0x00, 0x00, 0x00, 0x44, 0x08, 0x00, 0x00,
  0x12, 0x00, 0x00, 0x00, 0x00, 0x00, 0x00, 0x00, 0x00, 0x00, 0x00, 0x00,
  0x00, 0x00, 0x00, 0x00, 0x00, 0x00, 0x00, 0x00, 0x4b, 0x08, 0x00, 0x00,
  0x22, 0x00, 0x0c, 0x00, 0x40, 0x48, 0x00, 0x00, 0x00, 0x00, 0x00, 0x00,
  0x40, 0x01, 0x00, 0x00, 0x00, 0x00, 0x00, 0x00, 0x60, 0x09, 0x00, 0x00,
  0x12, 0x00, 0x00, 0x00, 0x00, 0x00, 0x00, 0x00, 0x00, 0x00, 0x00, 0x00,
  0x00, 0x00, 0x00, 0x00, 0x00, 0x00, 0x00, 0x00, 0x9a, 0x09, 0x00, 0x00,
  0x12, 0x00, 0x0c, 0x00, 0xa0, 0x36, 0x00, 0x00, 0x00, 0x00, 0x00, 0x00,
  0xfb, 0x06, 0x00, 0x00, 0x00, 0x00, 0x00, 0x00, 0xad, 0x09, 0x00, 0x00,
  0x12, 0x00, 0x00, 0x00, 0x00, 0x00, 0x00, 0x00, 0x00, 0x00, 0x00, 0x00,
  0x00, 0x00, 0x00, 0x00, 0x00, 0x00, 0x00, 0x00, 0xb2, 0x09, 0x00, 0x00,
  0x12, 0x00, 0x00, 0x00, 0x00, 0x00, 0x00, 0x00, 0x00, 0x00, 0x00, 0x00,
  0x00, 0x00, 0x00, 0x00, 0x00, 0x00, 0x00, 0x00, 0xb7, 0x09, 0x00, 0x00,
  0x12, 0x00, 0x00, 0x00, 0x00, 0x00, 0x00, 0x00, 0x00, 0x00, 0x00, 0x00,
  0x00, 0x00, 0x00, 0x00, 0x00, 0x00, 0x00, 0x00, 0xbf, 0x09, 0x00, 0x00,
  0x12, 0x00, 0x00, 0x00, 0x00, 0x00, 0x00, 0x00, 0x00, 0x00, 0x00, 0x00,
  0x00, 0x00, 0x00, 0x00, 0x00, 0x00, 0x00, 0x00, 0xd0, 0x09, 0x00, 0x00,
  0x12, 0x00, 0x00, 0x00, 0x00, 0x00, 0x00, 0x00, 0x00, 0x00, 0x00, 0x00,
  0x00, 0x00, 0x00, 0x00, 0x00, 0x00, 0x00, 0x00, 0xd7, 0x09, 0x00, 0x00,
  0x12, 0x00, 0x00, 0x00, 0x00, 0x00, 0x00, 0x00, 0x00, 0x00, 0x00, 0x00,
  0x00, 0x00, 0x00, 0x00, 0x00, 0x00, 0x00, 0x00, 0xdc, 0x09, 0x00, 0x00,
  0x12, 0x00, 0x00, 0x00, 0x00, 0x00, 0x00, 0x00, 0x00, 0x00, 0x00, 0x00,
  0x00, 0x00, 0x00, 0x00, 0x00, 0x00, 0x00, 0x00, 0xe3, 0x09, 0x00, 0x00,
  0x12, 0x00, 0x00, 0x00, 0x00, 0x00, 0x00, 0x00, 0x00, 0x00, 0x00, 0x00,
  0x00, 0x00, 0x00, 0x00, 0x00, 0x00, 0x00, 0x00, 0xe9, 0x09, 0x00, 0x00,
  0x12, 0x00, 0x00, 0x00, 0x00, 0x00, 0x00, 0x00, 0x00, 0x00, 0x00, 0x00,
  0x00, 0x00, 0x00, 0x00, 0x00, 0x00, 0x00, 0x00, 0xf2, 0x09, 0x00, 0x00,
  0x12, 0x00, 0x00, 0x00, 0x00, 0x00, 0x00, 0x00, 0x00, 0x00, 0x00, 0x00,
  0x00, 0x00, 0x00, 0x00, 0x00, 0x00, 0x00, 0x00, 0x04, 0x0a, 0x00, 0x00,
  0x12, 0x00, 0x00, 0x00, 0x00, 0x00, 0x00, 0x00, 0x00, 0x00, 0x00, 0x00,
  0x00, 0x00, 0x00, 0x00, 0x00, 0x00, 0x00, 0x00, 0x14, 0x0a, 0x00, 0x00,
  0x12, 0x00, 0x00, 0x00, 0x00, 0x00, 0x00, 0x00, 0x00, 0x00, 0x00, 0x00,
  0x00, 0x00, 0x00, 0x00, 0x00, 0x00, 0x00, 0x00, 0x19, 0x0a, 0x00, 0x00,
  0x12, 0x00, 0x00, 0x00, 0x00, 0x00, 0x00, 0x00, 0x00, 0x00, 0x00, 0x00,
  0x00, 0x00, 0x00, 0x00, 0x00, 0x00, 0x00, 0x00, 0x1f, 0x0a, 0x00, 0x00,
  0x12, 0x00, 0x00, 0x00, 0x00, 0x00, 0x00, 0x00, 0x00, 0x00, 0x00, 0x00,
  0x00, 0x00, 0x00, 0x00, 0x00, 0x00, 0x00, 0x00, 0x24, 0x0a, 0x00, 0x00,
  0x12, 0x00, 0x00, 0x00, 0x00, 0x00, 0x00, 0x00, 0x00, 0x00, 0x00, 0x00,
  0x00, 0x00, 0x00, 0x00, 0x00, 0x00, 0x00, 0x00, 0x3a, 0x0a, 0x00, 0x00,
  0x12, 0x00, 0x00, 0x00, 0x00, 0x00, 0x00, 0x00, 0x00, 0x00, 0x00, 0x00,
  0x00, 0x00, 0x00, 0x00, 0x00, 0x00, 0x00, 0x00, 0x4e, 0x0a, 0x00, 0x00,
  0x12, 0x00, 0x00, 0x00, 0x00, 0x00, 0x00, 0x00, 0x00, 0x00, 0x00, 0x00,
  0x00, 0x00, 0x00, 0x00, 0x00, 0x00, 0x00, 0x00, 0x61, 0x0a, 0x00, 0x00,
  0x21, 0x00, 0x15, 0x00, 0x80, 0x6c, 0x00, 0x00, 0x00, 0x00, 0x00, 0x00,
  0x20, 0x00, 0x00, 0x00, 0x00, 0x00, 0x00, 0x00, 0x74, 0x0a, 0x00, 0x00,
  0x12, 0x00, 0x00, 0x00, 0x00, 0x00, 0x00, 0x00, 0x00, 0x00, 0x00, 0x00,
  0x00, 0x00, 0x00, 0x00, 0x00, 0x00, 0x00, 0x00, 0x8b, 0x0a, 0x00, 0x00,
  0x11, 0x00, 0x1b, 0x00, 0x80, 0x72, 0x00, 0x00, 0x00, 0x00, 0x00, 0x00,
  0x38, 0x00, 0x00, 0x00, 0x00, 0x00, 0x00, 0x00, 0x94, 0x0a, 0x00, 0x00,
  0x12, 0x00, 0x00, 0x00, 0x00, 0x00, 0x00, 0x00, 0x00, 0x00, 0x00, 0x00,
  0x00, 0x00, 0x00, 0x00, 0x00, 0x00, 0x00, 0x00, 0xa6, 0x0a, 0x00, 0x00,
  0x12, 0x00, 0x00, 0x00, 0x00, 0x00, 0x00, 0x00, 0x00, 0x00, 0x00, 0x00,
  0x00, 0x00, 0x00, 0x00, 0x00, 0x00, 0x00, 0x00, 0xb2, 0x0a, 0x00, 0x00,
  0x12, 0x00, 0x00, 0x00, 0x00, 0x00, 0x00, 0x00, 0x00, 0x00, 0x00, 0x00,
  0x00, 0x00, 0x00, 0x00, 0x00, 0x00, 0x00, 0x00, 0xc3, 0x0a, 0x00, 0x00,
  0x12, 0x00, 0x00, 0x00, 0x00, 0x00, 0x00, 0x00, 0x00, 0x00, 0x00, 0x00,
  0x00, 0x00, 0x00, 0x00, 0x00, 0x00, 0x00, 0x00, 0xe0, 0x0a, 0x00, 0x00,
  0x12, 0x00, 0x00, 0x00, 0x00, 0x00, 0x00, 0x00, 0x00, 0x00, 0x00, 0x00,
  0x00, 0x00, 0x00, 0x00, 0x00, 0x00, 0x00, 0x00, 0xf8, 0x0a, 0x00, 0x00,
  0x11, 0x00, 0x00, 0x00, 0x00, 0x00, 0x00, 0x00, 0x00, 0x00, 0x00, 0x00,
  0x00, 0x00, 0x00, 0x00, 0x00, 0x00, 0x00, 0x00, 0x0d, 0x0b, 0x00, 0x00,
  0x12, 0x00, 0x00, 0x00, 0x00, 0x00, 0x00, 0x00, 0x00, 0x00, 0x00, 0x00,
  0x00, 0x00, 0x00, 0x00, 0x00, 0x00, 0x00, 0x00, 0x29, 0x0b, 0x00, 0x00,
  0x22, 0x00, 0x0c, 0x00, 0x80, 0x49, 0x00, 0x00, 0x00, 0x00, 0x00, 0x00,
  0xb0, 0x01, 0x00, 0x00, 0x00, 0x00, 0x00, 0x00, 0x69, 0x0c, 0x00, 0x00,
  0x12, 0x00, 0x00, 0x00, 0x00, 0x00, 0x00, 0x00, 0x00, 0x00, 0x00, 0x00,
  0x00, 0x00, 0x00, 0x00, 0x00, 0x00, 0x00, 0x00, 0x76, 0x0c, 0x00, 0x00,
  0x12, 0x00, 0x0c, 0x00, 0xa0, 0x3d, 0x00, 0x00, 0x00, 0x00, 0x00, 0x00,
  0x4a, 0x02, 0x00, 0x00, 0x00, 0x00, 0x00, 0x00, 0x91, 0x0c, 0x00, 0x00,
  0x12, 0x00, 0x0c, 0x00, 0xf0, 0x3f, 0x00, 0x00, 0x00, 0x00, 0x00, 0x00,
  0xea, 0x01, 0x00, 0x00, 0x00, 0x00, 0x00, 0x00, 0xb9, 0x0c, 0x00, 0x00,
  0x12, 0x00, 0x00, 0x00, 0x00, 0x00, 0x00, 0x00, 0x00, 0x00, 0x00, 0x00,
  0x00, 0x00, 0x00, 0x00, 0x00, 0x00, 0x00, 0x00, 0xcb, 0x0c, 0x00, 0x00,
  0x12, 0x00, 0x00, 0x00, 0x00, 0x00, 0x00, 0x00, 0x00, 0x00, 0x00, 0x00,
  0x00, 0x00, 0x00, 0x00, 0x00, 0x00, 0x00, 0x00, 0xf5, 0x0c, 0x00, 0x00,
  0x12, 0x00, 0x0c, 0x00, 0xf0, 0x3f, 0x00, 0x00, 0x00, 0x00, 0x00, 0x00,
  0xea, 0x01, 0x00, 0x00, 0x00, 0x00, 0x00, 0x00, 0x1d, 0x0d, 0x00, 0x00,
  0x12, 0x00, 0x0c, 0x00, 0xe0, 0x41, 0x00, 0x00, 0x00, 0x00, 0x00, 0x00,
  0x51, 0x00, 0x00, 0x00, 0x00, 0x00, 0x00, 0x00, 0x43, 0x0d, 0x00, 0x00,
  0x12, 0x00, 0x00, 0x00, 0x00, 0x00, 0x00, 0x00, 0x00, 0x00, 0x00, 0x00,
  0x00, 0x00, 0x00, 0x00, 0x00, 0x00, 0x00, 0x00, 0x6a, 0x0d, 0x00, 0x00,
  0x21, 0x00, 0x15, 0x00, 0xa0, 0x6c, 0x00, 0x00, 0x00, 0x00, 0x00, 0x00,
  0x30, 0x00, 0x00, 0x00, 0x00, 0x00, 0x00, 0x00, 0x86, 0x0d, 0x00, 0x00,
  0x12, 0x00, 0x0c, 0x00, 0xe0, 0x41, 0x00, 0x00, 0x00, 0x00, 0x00, 0x00,
  0x51, 0x00, 0x00, 0x00, 0x00, 0x00, 0x00, 0x00, 0xac, 0x0d, 0x00, 0x00,
  0x12, 0x00, 0x0c, 0x00, 0x40, 0x42, 0x00, 0x00, 0x00, 0x00, 0x00, 0x00,
  0x80, 0x00, 0x00, 0x00, 0x00, 0x00, 0x00, 0x00, 0xdd, 0x0d, 0x00, 0x00,
  0x12, 0x00, 0x00, 0x00, 0x00, 0x00, 0x00, 0x00, 0x00, 0x00, 0x00, 0x00,
  0x00, 0x00, 0x00, 0x00, 0x00, 0x00, 0x00, 0x00, 0x04, 0x0e, 0x00, 0x00,
  0x12, 0x00, 0x0c, 0x00, 0xc0, 0x42, 0x00, 0x00, 0x00, 0x00, 0x00, 0x00,
  0x93, 0x00, 0x00, 0x00, 0x00, 0x00, 0x00, 0x00, 0x27, 0x0e, 0x00, 0x00,
  0x12, 0x00, 0x00, 0x00, 0x00, 0x00, 0x00, 0x00, 0x00, 0x00, 0x00, 0x00,
  0x00, 0x00, 0x00, 0x00, 0x00, 0x00, 0x00, 0x00, 0x4e, 0x0e, 0x00, 0x00,
  0x11, 0x00, 0x00, 0x00, 0x00, 0x00, 0x00, 0x00, 0x00, 0x00, 0x00, 0x00,
  0x00, 0x00, 0x00, 0x00, 0x00, 0x00, 0x00, 0x00, 0x70, 0x0e, 0x00, 0x00,
  0x12, 0x00, 0x00, 0x00, 0x00, 0x00, 0x00, 0x00, 0x00, 0x00, 0x00, 0x00,
  0x00, 0x00, 0x00, 0x00, 0x00, 0x00, 0x00, 0x00, 0x89, 0x0e, 0x00, 0x00,
  0x12, 0x00, 0x00, 0x00, 0x00, 0x00, 0x00, 0x00, 0x00, 0x00, 0x00, 0x00,
  0x00, 0x00, 0x00, 0x00, 0x00, 0x00, 0x00, 0x00, 0xa1, 0x0e, 0x00, 0x00,
  0x12, 0x00, 0x00, 0x00, 0x00, 0x00, 0x00, 0x00, 0x00, 0x00, 0x00, 0x00,
  0x00, 0x00, 0x00, 0x00, 0x00, 0x00, 0x00, 0x00, 0xb9, 0x0e, 0x00, 0x00,
  0x12, 0x00, 0x00, 0x00, 0x00, 0x00, 0x00, 0x00, 0x00, 0x00, 0x00, 0x00,
  0x00, 0x00, 0x00, 0x00, 0x00, 0x00, 0x00, 0x00, 0xc3, 0x0e, 0x00, 0x00,
  0x21, 0x00, 0x0f, 0x00, 0xe0, 0x50, 0x00, 0x00, 0x00, 0x00, 0x00, 0x00,
  0x1c, 0x00, 0x00, 0x00, 0x00, 0x00, 0x00, 0x00, 0xe3, 0x0e, 0x00, 0x00,
  0x21, 0x00, 0x15, 0x00, 0xf0, 0x6b, 0x00, 0x00, 0x00, 0x00, 0x00, 0x00,
  0x10, 0x00, 0x00, 0x00, 0x00, 0x00, 0x00, 0x00, 0x03, 0x0f, 0x00, 0x00,
  0x11, 0x00, 0x00, 0x00, 0x00, 0x00, 0x00, 0x00, 0x00, 0x00, 0x00, 0x00,
  0x00, 0x00, 0x00, 0x00, 0x00, 0x00, 0x00, 0x00, 0x29, 0x0f, 0x00, 0x00,
  0x21, 0x00, 0x0f, 0x00, 0x00, 0x51, 0x00, 0x00, 0x00, 0x00, 0x00, 0x00,
  0x18, 0x00, 0x00, 0x00, 0x00, 0x00, 0x00, 0x00, 0x45, 0x0f, 0x00, 0x00,
  0x21, 0x00, 0x15, 0x00, 0x00, 0x6c, 0x00, 0x00, 0x00, 0x00, 0x00, 0x00,
  0x38, 0x00, 0x00, 0x00, 0x00, 0x00, 0x00, 0x00, 0x61, 0x0f, 0x00, 0x00,
  0x11, 0x00, 0x00, 0x00, 0x00, 0x00, 0x00, 0x00, 0x00, 0x00, 0x00, 0x00,
  0x00, 0x00, 0x00, 0x00, 0x00, 0x00, 0x00, 0x00, 0x8b, 0x0f, 0x00, 0x00,
  0x11, 0x00, 0x00, 0x00, 0x00, 0x00, 0x00, 0x00, 0x00, 0x00, 0x00, 0x00,
  0x00, 0x00, 0x00, 0x00, 0x00, 0x00, 0x00, 0x00, 0xad, 0x0f, 0x00, 0x00,
  0x21, 0x00, 0x0f, 0x00, 0x18, 0x51, 0x00, 0x00, 0x00, 0x00, 0x00, 0x00,
  0x08, 0x00, 0x00, 0x00, 0x00, 0x00, 0x00, 0x00, 0xb9, 0x0f, 0x00, 0x00,
  0x21, 0x00, 0x15, 0x00, 0x38, 0x6c, 0x00, 0x00, 0x00, 0x00, 0x00, 0x00,
  0x10, 0x00, 0x00, 0x00, 0x00, 0x00, 0x00, 0x00, 0xc5, 0x0f, 0x00, 0x00,
  0x21, 0x00, 0x0f, 0x00, 0x20, 0x51, 0x00, 0x00, 0x00, 0x00, 0x00, 0x00,
  0x0f, 0x00, 0x00, 0x00, 0x00, 0x00, 0x00, 0x00, 0xd8, 0x0f, 0x00, 0x00,
  0x21, 0x00, 0x15, 0x00, 0x48, 0x6c, 0x00, 0x00, 0x00, 0x00, 0x00, 0x00,
  0x18, 0x00, 0x00, 0x00, 0x00, 0x00, 0x00, 0x00, 0xeb, 0x0f, 0x00, 0x00,
  0x11, 0x00, 0x00, 0x00, 0x00, 0x00, 0x00, 0x00, 0x00, 0x00, 0x00, 0x00,
  0x00, 0x00, 0x00, 0x00, 0x00, 0x00, 0x00, 0x00, 0x14, 0x10, 0x00, 0x00,
  0x11, 0x00, 0x00, 0x00, 0x00, 0x00, 0x00, 0x00, 0x00, 0x00, 0x00, 0x00,
  0x00, 0x00, 0x00, 0x00, 0x00, 0x00, 0x00, 0x00, 0x25, 0x10, 0x00, 0x00,
  0x10, 0x00, 0x12, 0x00, 0x28, 0x72, 0x00, 0x00, 0x00, 0x00, 0x00, 0x00,
  0x00, 0x00, 0x00, 0x00, 0x00, 0x00, 0x00, 0x00, 0x2c, 0x10, 0x00, 0x00,
  0x10, 0x00, 0x12, 0x00, 0xb9, 0x72, 0x00, 0x00, 0x00, 0x00, 0x00, 0x00,
  0x00, 0x00, 0x00, 0x00, 0x00, 0x00, 0x00, 0x00, 0x31, 0x10, 0x00, 0x00,
  0x10, 0x00, 0x12, 0x00, 0x28, 0x72, 0x00, 0x00, 0x00, 0x00, 0x00, 0x00,
  0x00, 0x00, 0x00, 0x00, 0x00, 0x00, 0x00, 0x00, 0x00, 0x63, 0x72, 0x74,
  0x73, 0x74, 0x75, 0x66, 0x66, 0x2e, 0x63, 0x00, 0x5f, 0x5f, 0x54, 0x4d,
  0x43, 0x5f, 0x4c, 0x49, 0x53, 0x54, 0x5f, 0x5f, 0x00, 0x64, 0x65, 0x72,
  0x65, 0x67, 0x69, 0x73, 0x74, 0x65, 0x72, 0x5f, 0x74, 0x6d, 0x5f, 0x63,
  0x6c, 0x6f, 0x6e, 0x65, 0x73, 0x00, 0x72, 0x65, 0x67, 0x69, 0x73, 0x74,
  0x65, 0x72, 0x5f, 0x74, 0x6d, 0x5f, 0x63, 0x6c, 0x6f, 0x6e, 0x65, 0x73,
  0x00, 0x5f, 0x5f, 0x64, 0x6f, 0x5f, 0x67, 0x6c, 0x6f, 0x62, 0x61, 0x6c,
  0x5f, 0x64, 0x74, 0x6f, 0x72, 0x73, 0x5f, 0x61, 0x75, 0x78, 0x00, 0x63,
  0x6f, 0x6d, 0x70, 0x6c, 0x65, 0x74, 0x65, 0x64, 0x2e, 0x37, 0x33, 0x32,
  0x36, 0x00, 0x5f, 0x5f, 0x64, 0x6f, 0x5f, 0x67, 0x6c, 0x6f, 0x62, 0x61,
  0x6c, 0x5f, 0x64, 0x74, 0x6f, 0x72, 0x73, 0x5f, 0x61, 0x75, 0x78, 0x5f,
  0x66, 0x69, 0x6e, 0x69, 0x5f, 0x61, 0x72, 0x72, 0x61, 0x79, 0x5f, 0x65,
  0x6e, 0x74, 0x72, 0x79, 0x00, 0x66, 0x72, 0x61, 0x6d, 0x65, 0x5f, 0x64,
  0x75, 0x6d, 0x6d, 0x79, 0x00, 0x5f, 0x5f, 0x66, 0x72, 0x61, 0x6d, 0x65,
  0x5f, 0x64, 0x75, 0x6d, 0x6d, 0x79, 0x5f, 0x69, 0x6e, 0x69, 0x74, 0x5f,
  0x61, 0x72, 0x72, 0x61, 0x79, 0x5f, 0x65, 0x6e, 0x74, 0x72, 0x79, 0x00,
  0x63, 0x6f, 0x72, 0x65, 0x2e, 0x63, 0x70, 0x70, 0x00, 0x5f, 0x5a, 0x4e,
  0x53, 0x73, 0x34, 0x5f, 0x52, 0x65, 0x70, 0x31, 0x30, 0x5f, 0x4d, 0x5f,
  0x64, 0x69, 0x73, 0x70, 0x6f, 0x73, 0x65, 0x45, 0x52, 0x4b, 0x53, 0x61,
  0x49, 0x63, 0x45, 0x2e, 0x70, 0x61, 0x72, 0x74, 0x2e, 0x30, 0x00, 0x5f,
  0x5a, 0x31, 0x34, 0x67, 0x65, 0x74, 0x5f, 0x61, 0x6c, 0x6c, 0x6f, 0x63,
  0x5f, 0x69, 0x6e, 0x66, 0x6f, 0x50, 0x4b, 0x63, 0x2e, 0x63, 0x6f, 0x6c,
  0x64, 0x00, 0x5f, 0x5a, 0x4c, 0x32, 0x37, 0x64, 0x65, 0x6c, 0x65, 0x74,
  0x65, 0x54, 0x48, 0x4d, 0x61, 0x6e, 0x61, 0x67, 0x65, 0x64, 0x4d, 0x61,
  0x70, 0x41, 0x6c, 0x6c, 0x6f, 0x63, 0x61, 0x74, 0x6f, 0x72, 0x50, 0x76,
  0x00, 0x5f, 0x5a, 0x31, 0x33, 0x73, 0x74, 0x61, 0x72, 0x74, 0x5f, 0x6d,
  0x61, 0x6e, 0x61, 0x67, 0x65, 0x72, 0x76, 0x2e, 0x63, 0x6f, 0x6c, 0x64,
  0x00, 0x5f, 0x5a, 0x31, 0x38, 0x67, 0x65, 0x74, 0x5f, 0x6d, 0x61, 0x6e,
  0x61, 0x67, 0x65, 0x72, 0x5f, 0x73, 0x6f, 0x63, 0x6b, 0x65, 0x74, 0x52,
  0x4b, 0x53, 0x73, 0x2e, 0x63, 0x6f, 0x6c, 0x64, 0x00, 0x5f, 0x5a, 0x4e,
  0x32, 0x35, 0x54, 0x48, 0x4d, 0x61, 0x6e, 0x61, 0x67, 0x65, 0x64, 0x4d,
  0x61, 0x70, 0x41, 0x6c, 0x6c, 0x6f, 0x63, 0x61, 0x74, 0x6f, 0x72, 0x49,
  0x6e, 0x69, 0x74, 0x43, 0x32, 0x45, 0x50, 0x4b, 0x63, 0x53, 0x31, 0x5f,
  0x2e, 0x63, 0x6f, 0x6c, 0x64, 0x00, 0x5f, 0x5a, 0x4e, 0x32, 0x31, 0x54,
  0x48, 0x4d, 0x61, 0x6e, 0x61, 0x67, 0x65, 0x64, 0x4d, 0x61, 0x70, 0x41,
  0x6c, 0x6c, 0x6f, 0x63, 0x61, 0x74, 0x6f, 0x72, 0x43, 0x32, 0x45, 0x50,
  0x4b, 0x63, 0x53, 0x31, 0x5f, 0x69, 0x6c, 0x2e, 0x63, 0x6f, 0x6c, 0x64,
  0x00, 0x5f, 0x5a, 0x4e, 0x32, 0x31, 0x54, 0x48, 0x4d, 0x61, 0x6e, 0x61,
  0x67, 0x65, 0x64, 0x4d, 0x61, 0x70, 0x41, 0x6c, 0x6c, 0x6f, 0x63, 0x61,
  0x74, 0x6f, 0x72, 0x31, 0x31, 0x6d, 0x61, 0x6b, 0x65, 0x44, 0x61, 0x74,
  0x61, 0x50, 0x74, 0x72, 0x45, 0x50, 0x4b, 0x63, 0x53, 0x31, 0x5f, 0x69,
  0x6c, 0x2e, 0x63, 0x6f, 0x6c, 0x64, 0x00, 0x5f, 0x5a, 0x4e, 0x32, 0x31,
  0x54, 0x48, 0x4d, 0x61, 0x6e, 0x61, 0x67, 0x65, 0x64, 0x4d, 0x61, 0x70,
  0x41, 0x6c, 0x6c, 0x6f, 0x63, 0x61, 0x74, 0x6f, 0x72, 0x35, 0x63, 0x6c,
  0x6f, 0x73, 0x65, 0x45, 0x76, 0x2e, 0x63, 0x6f, 0x6c, 0x64, 0x00, 0x5f,
  0x47, 0x4c, 0x4f, 0x42, 0x41, 0x4c, 0x5f, 0x5f, 0x73, 0x75, 0x62, 0x5f,
  0x49, 0x5f, 0x63, 0x6f, 0x72, 0x65, 0x2e, 0x63, 0x70, 0x70, 0x00, 0x5f,
  0x5a, 0x53, 0x74, 0x4c, 0x38, 0x5f, 0x5f, 0x69, 0x6f, 0x69, 0x6e, 0x69,
  0x74, 0x00, 0x5f, 0x5f, 0x46, 0x52, 0x41, 0x4d, 0x45, 0x5f, 0x45, 0x4e,
  0x44, 0x5f, 0x5f, 0x00, 0x5f, 0x5f, 0x64, 0x73, 0x6f, 0x5f, 0x68, 0x61,
  0x6e, 0x64, 0x6c, 0x65, 0x00, 0x5f, 0x5a, 0x4e, 0x36, 0x53, 0x6f, 0x63,
  0x6b, 0x65, 0x74, 0x44, 0x32, 0x45, 0x76, 0x00, 0x44, 0x57, 0x2e, 0x72,
  0x65, 0x66, 0x2e, 0x5f, 0x5f, 0x67, 0x78, 0x78, 0x5f, 0x70, 0x65, 0x72,
  0x73, 0x6f, 0x6e, 0x61, 0x6c, 0x69, 0x74, 0x79, 0x5f, 0x76, 0x30, 0x00,
  0x5f, 0x5a, 0x4e, 0x36, 0x53, 0x6f, 0x63, 0x6b, 0x65, 0x74, 0x44, 0x31,
  0x45, 0x76, 0x00, 0x5f, 0x5a, 0x4e, 0x31, 0x32, 0x43, 0x6c, 0x69, 0x65,
  0x6e, 0x74, 0x53, 0x6f, 0x63, 0x6b, 0x65, 0x74, 0x44, 0x32, 0x45, 0x76,
  0x00, 0x5f, 0x5a, 0x4e, 0x31, 0x32, 0x43, 0x6c, 0x69, 0x65, 0x6e, 0x74,
  0x53, 0x6f, 0x63, 0x6b, 0x65, 0x74, 0x44, 0x31, 0x45, 0x76, 0x00, 0x5f,
  0x5a, 0x4e, 0x31, 0x32, 0x43, 0x6c, 0x69, 0x65, 0x6e, 0x74, 0x53, 0x6f,
  0x63, 0x6b, 0x65, 0x74, 0x44, 0x30, 0x45, 0x76, 0x00, 0x5f, 0x5a, 0x4e,
  0x36, 0x53, 0x6f, 0x63, 0x6b, 0x65, 0x74, 0x44, 0x30, 0x45, 0x76, 0x00,
  0x5f, 0x5a, 0x4e, 0x53, 0x74, 0x31, 0x33, 0x75, 0x6e, 0x6f, 0x72, 0x64,
  0x65, 0x72, 0x65, 0x64, 0x5f, 0x6d, 0x61, 0x70, 0x49, 0x53, 0x73, 0x31,
  0x32, 0x43, 0x6c, 0x69, 0x65, 0x6e, 0x74, 0x53, 0x6f, 0x63, 0x6b, 0x65,
  0x74, 0x53, 0x74, 0x34, 0x68, 0x61, 0x73, 0x68, 0x49, 0x53, 0x73, 0x45,
  0x53, 0x74, 0x38, 0x65, 0x71, 0x75, 0x61, 0x6c, 0x5f, 0x74, 0x6f, 0x49,
  0x53, 0x73, 0x45, 0x53, 0x61, 0x49, 0x53, 0x74, 0x34, 0x70, 0x61, 0x69,
  0x72, 0x49, 0x4b, 0x53, 0x73, 0x53, 0x30, 0x5f, 0x45, 0x45, 0x45, 0x44,
  0x32, 0x45, 0x76, 0x00, 0x5f, 0x5a, 0x4e, 0x53, 0x74, 0x31, 0x33, 0x75,
  0x6e, 0x6f, 0x72, 0x64, 0x65, 0x72, 0x65, 0x64, 0x5f, 0x6d, 0x61, 0x70,
  0x49, 0x53, 0x73, 0x31, 0x32, 0x43, 0x6c, 0x69, 0x65, 0x6e, 0x74, 0x53,
  0x6f, 0x63, 0x6b, 0x65, 0x74, 0x53, 0x74, 0x34, 0x68, 0x61, 0x73, 0x68,
  0x49, 0x53, 0x73, 0x45, 0x53, 0x74, 0x38, 0x65, 0x71, 0x75, 0x61, 0x6c,
  0x5f, 0x74, 0x6f, 0x49, 0x53, 0x73, 0x45, 0x53, 0x61, 0x49, 0x53, 0x74,
  0x34, 0x70, 0x61, 0x69, 0x72, 0x49, 0x4b, 0x53, 0x73, 0x53, 0x30, 0x5f,
  0x45, 0x45, 0x45, 0x44, 0x31, 0x45, 0x76, 0x00, 0x5f, 0x5a, 0x4e, 0x53,
  0x74, 0x31, 0x32, 0x73, 0x79, 0x73, 0x74, 0x65, 0x6d, 0x5f, 0x65, 0x72,
  0x72, 0x6f, 0x72, 0x43, 0x32, 0x45, 0x69, 0x52, 0x4b, 0x4e, 0x53, 0x74,
  0x33, 0x5f, 0x56, 0x32, 0x31, 0x34, 0x65, 0x72, 0x72, 0x6f, 0x72, 0x5f,
  0x63, 0x61, 0x74, 0x65, 0x67, 0x6f, 0x72, 0x79, 0x45, 0x00, 0x5f, 0x5a,
  0x4e, 0x53, 0x74, 0x31, 0x32, 0x73, 0x79, 0x73, 0x74, 0x65, 0x6d, 0x5f,
  0x65, 0x72, 0x72, 0x6f, 0x72, 0x43, 0x31, 0x45, 0x69, 0x52, 0x4b, 0x4e,
  0x53, 0x74, 0x33, 0x5f, 0x56, 0x32, 0x31, 0x34, 0x65, 0x72, 0x72, 0x6f,
  0x72, 0x5f, 0x63, 0x61, 0x74, 0x65, 0x67, 0x6f, 0x72, 0x79, 0x45, 0x00,
  0x44, 0x57, 0x2e, 0x72, 0x65, 0x66, 0x2e, 0x5f, 0x5a, 0x54, 0x49, 0x53,
  0x74, 0x39, 0x65, 0x78, 0x63, 0x65, 0x70, 0x74, 0x69, 0x6f, 0x6e, 0x00,
  0x5f, 0x5a, 0x4e, 0x32, 0x31, 0x54, 0x48, 0x4d, 0x61, 0x6e, 0x61, 0x67,
  0x65, 0x64, 0x4d, 0x61, 0x70, 0x41, 0x6c, 0x6c, 0x6f, 0x63, 0x61, 0x74,
  0x6f, 0x72, 0x44, 0x32, 0x45, 0x76, 0x00, 0x5f, 0x5a, 0x4e, 0x32, 0x31,
  0x54, 0x48, 0x4d, 0x61, 0x6e, 0x61, 0x67, 0x65, 0x64, 0x4d, 0x61, 0x70,
  0x41, 0x6c, 0x6c, 0x6f, 0x63, 0x61, 0x74, 0x6f, 0x72, 0x44, 0x31, 0x45,
  0x76, 0x00, 0x5f, 0x5a, 0x4e, 0x32, 0x31, 0x54, 0x48, 0x4d, 0x61, 0x6e,
  0x61, 0x67, 0x65, 0x64, 0x4d, 0x61, 0x70, 0x41, 0x6c, 0x6c, 0x6f, 0x63,
  0x61, 0x74, 0x6f, 0x72, 0x44, 0x30, 0x45, 0x76, 0x00, 0x5f, 0x5f, 0x54,
  0x4d, 0x43, 0x5f, 0x45, 0x4e, 0x44, 0x5f, 0x5f, 0x00, 0x5f, 0x44, 0x59,
  0x4e, 0x41, 0x4d, 0x49, 0x43, 0x00, 0x5f, 0x47, 0x4c, 0x4f, 0x42, 0x41,
  0x4c, 0x5f, 0x4f, 0x46, 0x46, 0x53, 0x45, 0x54, 0x5f, 0x54, 0x41, 0x42,
  0x4c, 0x45, 0x5f, 0x00, 0x5f, 0x5f, 0x67, 0x6d, 0x6f, 0x6e, 0x5f, 0x73,
  0x74, 0x61, 0x72, 0x74, 0x5f, 0x5f, 0x00, 0x5f, 0x69, 0x6e, 0x69, 0x74,
  0x00, 0x5f, 0x66, 0x69, 0x6e, 0x69, 0x00, 0x5f, 0x49, 0x54, 0x4d, 0x5f,
  0x64, 0x65, 0x72, 0x65, 0x67, 0x69, 0x73, 0x74, 0x65, 0x72, 0x54, 0x4d,
  0x43, 0x6c, 0x6f, 0x6e, 0x65, 0x54, 0x61, 0x62, 0x6c, 0x65, 0x00, 0x5f,
  0x5f, 0x70, 0x74, 0x68, 0x72, 0x65, 0x61, 0x64, 0x5f, 0x6b, 0x65, 0x79,
  0x5f, 0x63, 0x72, 0x65, 0x61, 0x74, 0x65, 0x00, 0x5f, 0x49, 0x54, 0x4d,
  0x5f, 0x72, 0x65, 0x67, 0x69, 0x73, 0x74, 0x65, 0x72, 0x54, 0x4d, 0x43,
  0x6c, 0x6f, 0x6e, 0x65, 0x54, 0x61, 0x62, 0x6c, 0x65, 0x00, 0x5f, 0x5f,
  0x63, 0x78, 0x61, 0x5f, 0x66, 0x69, 0x6e, 0x61, 0x6c, 0x69, 0x7a, 0x65,
  0x00, 0x5f, 0x5a, 0x54, 0x56, 0x36, 0x53, 0x6f, 0x63, 0x6b, 0x65, 0x74,
  0x00, 0x63, 0x6c, 0x6f, 0x73, 0x65, 0x00, 0x5f, 0x5f, 0x67, 0x78, 0x78,
  0x5f, 0x70, 0x65, 0x72, 0x73, 0x6f, 0x6e, 0x61, 0x6c, 0x69, 0x74, 0x79,
  0x5f, 0x76, 0x30, 0x00, 0x5f, 0x5a, 0x64, 0x6c, 0x50, 0x76, 0x6d, 0x00,
  0x5f, 0x5f, 0x63, 0x78, 0x61, 0x5f, 0x61, 0x74, 0x65, 0x78, 0x69, 0x74,
  0x00, 0x5f, 0x5a, 0x4e, 0x53, 0x73, 0x34, 0x5f, 0x52, 0x65, 0x70, 0x31,
  0x30, 0x5f, 0x4d, 0x5f, 0x64, 0x65, 0x73, 0x74, 0x72, 0x6f, 0x79, 0x45,
  0x52, 0x4b, 0x53, 0x61, 0x49, 0x63, 0x45, 0x00, 0x5f, 0x5a, 0x4e, 0x53,
  0x73, 0x34, 0x5f, 0x52, 0x65, 0x70, 0x32, 0x30, 0x5f, 0x53, 0x5f, 0x65,
  0x6d, 0x70, 0x74, 0x79, 0x5f, 0x72, 0x65, 0x70, 0x5f, 0x73, 0x74, 0x6f,
  0x72, 0x61, 0x67, 0x65, 0x45, 0x00, 0x5f, 0x5a, 0x64, 0x6c, 0x50, 0x76,
  0x00, 0x6d, 0x65, 0x6d, 0x73, 0x65, 0x74, 0x00, 0x5f, 0x5a, 0x4e, 0x53,
  0x74, 0x31, 0x33, 0x72, 0x75, 0x6e, 0x74, 0x69, 0x6d, 0x65, 0x5f, 0x65,
  0x72, 0x72, 0x6f, 0x72, 0x43, 0x32, 0x45, 0x52, 0x4b, 0x53, 0x73, 0x00,
  0x5f, 0x5a, 0x54, 0x56, 0x53, 0x74, 0x31, 0x32, 0x73, 0x79, 0x73, 0x74,
  0x65, 0x6d, 0x5f, 0x65, 0x72, 0x72, 0x6f, 0x72, 0x00, 0x5f, 0x55, 0x6e,
  0x77, 0x69, 0x6e, 0x64, 0x5f, 0x52, 0x65, 0x73, 0x75, 0x6d, 0x65, 0x00,
  0x5f, 0x5a, 0x31, 0x34, 0x67, 0x65, 0x74, 0x5f, 0x61, 0x6c, 0x6c, 0x6f,
  0x63, 0x5f, 0x69, 0x6e, 0x66, 0x6f, 0x50, 0x4b, 0x63, 0x00, 0x67, 0x65,
  0x74, 0x70, 0x69, 0x64, 0x00, 0x73, 0x74, 0x72, 0x6c, 0x65, 0x6e, 0x00,
  0x5f, 0x5f, 0x63, 0x78, 0x61, 0x5f, 0x61, 0x6c, 0x6c, 0x6f, 0x63, 0x61,
  0x74, 0x65, 0x5f, 0x65, 0x78, 0x63, 0x65, 0x70, 0x74, 0x69, 0x6f, 0x6e,
  0x00, 0x5f, 0x5a, 0x4e, 0x53, 0x74, 0x31, 0x33, 0x72, 0x75, 0x6e, 0x74,
  0x69, 0x6d, 0x65, 0x5f, 0x65, 0x72, 0x72, 0x6f, 0x72, 0x43, 0x31, 0x45,
  0x50, 0x4b, 0x63, 0x00, 0x5f, 0x5a, 0x4e, 0x53, 0x74, 0x31, 0x33, 0x72,
  0x75, 0x6e, 0x74, 0x69, 0x6d, 0x65, 0x5f, 0x65, 0x72, 0x72, 0x6f, 0x72,
  0x44, 0x31, 0x45, 0x76, 0x00, 0x5f, 0x5a, 0x54, 0x49, 0x53, 0x74, 0x31,
  0x33, 0x72, 0x75, 0x6e, 0x74, 0x69, 0x6d, 0x65, 0x5f, 0x65, 0x72, 0x72,
  0x6f, 0x72, 0x00, 0x70, 0x6f, 0x6c, 0x6c, 0x00, 0x5f, 0x5f, 0x63, 0x78,
  0x61, 0x5f, 0x74, 0x68, 0x72, 0x6f, 0x77, 0x00, 0x5f, 0x5f, 0x63, 0x78,
  0x61, 0x5f, 0x66, 0x72, 0x65, 0x65, 0x5f, 0x65, 0x78, 0x63, 0x65, 0x70,
  0x74, 0x69, 0x6f, 0x6e, 0x00, 0x5f, 0x5a, 0x31, 0x31, 0x6c, 0x69, 0x62,
  0x73, 0x68, 0x6d, 0x5f, 0x69, 0x6e, 0x69, 0x74, 0x50, 0x4b, 0x63, 0x00,
  0x5f, 0x5a, 0x4e, 0x53, 0x73, 0x43, 0x31, 0x45, 0x50, 0x4b, 0x63, 0x52,
  0x4b, 0x53, 0x61, 0x49, 0x63, 0x45, 0x00, 0x6d, 0x61, 0x6e, 0x61, 0x67,
  0x65, 0x72, 0x5f, 0x65, 0x78, 0x65, 0x63, 0x75, 0x74, 0x61, 0x62, 0x6c,
  0x65, 0x5f, 0x70, 0x61, 0x74, 0x68, 0x00, 0x5f, 0x5a, 0x4e, 0x53, 0x73,
  0x34, 0x73, 0x77, 0x61, 0x70, 0x45, 0x52, 0x53, 0x73, 0x00, 0x5f, 0x5a,
  0x4e, 0x32, 0x31, 0x54, 0x48, 0x4d, 0x61, 0x6e, 0x61, 0x67, 0x65, 0x64,
  0x4d, 0x61, 0x70, 0x41, 0x6c, 0x6c, 0x6f, 0x63, 0x61, 0x74, 0x6f, 0x72,
  0x31, 0x31, 0x66, 0x72, 0x6f, 0x6d, 0x44, 0x61, 0x74, 0x61, 0x50, 0x74,
  0x72, 0x45, 0x52, 0x4b, 0x4e, 0x33, 0x63, 0x31, 0x30, 0x37, 0x44, 0x61,
  0x74, 0x61, 0x50, 0x74, 0x72, 0x45, 0x00, 0x5f, 0x5a, 0x4e, 0x53, 0x74,
  0x31, 0x30, 0x5f, 0x48, 0x61, 0x73, 0x68, 0x74, 0x61, 0x62, 0x6c, 0x65,
  0x49, 0x53, 0x73, 0x53, 0x74, 0x34, 0x70, 0x61, 0x69, 0x72, 0x49, 0x4b,
  0x53, 0x73, 0x31, 0x32, 0x43, 0x6c, 0x69, 0x65, 0x6e, 0x74, 0x53, 0x6f,
  0x63, 0x6b, 0x65, 0x74, 0x45, 0x53, 0x61, 0x49, 0x53, 0x33, 0x5f, 0x45,
  0x4e, 0x53, 0x74, 0x38, 0x5f, 0x5f, 0x64, 0x65, 0x74, 0x61, 0x69, 0x6c,
  0x31, 0x30, 0x5f, 0x53, 0x65, 0x6c, 0x65, 0x63, 0x74, 0x31, 0x73, 0x74,
  0x45, 0x53, 0x74, 0x38, 0x65, 0x71, 0x75, 0x61, 0x6c, 0x5f, 0x74, 0x6f,
  0x49, 0x53, 0x73, 0x45, 0x53, 0x74, 0x34, 0x68, 0x61, 0x73, 0x68, 0x49,
  0x53, 0x73, 0x45, 0x4e, 0x53, 0x35, 0x5f, 0x31, 0x38, 0x5f, 0x4d, 0x6f,
  0x64, 0x5f, 0x72, 0x61, 0x6e, 0x67, 0x65, 0x5f, 0x68, 0x61, 0x73, 0x68,
  0x69, 0x6e, 0x67, 0x45, 0x4e, 0x53, 0x35, 0x5f, 0x32, 0x30, 0x5f, 0x44,
  0x65, 0x66, 0x61, 0x75, 0x6c, 0x74, 0x5f, 0x72, 0x61, 0x6e, 0x67, 0x65,
  0x64, 0x5f, 0x68, 0x61, 0x73, 0x68, 0x45, 0x4e, 0x53, 0x35, 0x5f, 0x32,
  0x30, 0x5f, 0x50, 0x72, 0x69, 0x6d, 0x65, 0x5f, 0x72, 0x65, 0x68, 0x61,
  0x73, 0x68, 0x5f, 0x70, 0x6f, 0x6c, 0x69, 0x63, 0x79, 0x45, 0x4e, 0x53,
  0x35, 0x5f, 0x31, 0x37, 0x5f, 0x48, 0x61, 0x73, 0x68, 0x74, 0x61, 0x62,
  0x6c, 0x65, 0x5f, 0x74, 0x72, 0x61, 0x69, 0x74, 0x73, 0x49, 0x4c, 0x62,
  0x31, 0x45, 0x4c, 0x62, 0x30, 0x45, 0x4c, 0x62, 0x31, 0x45, 0x45, 0x45,
  0x45, 0x39, 0x5f, 0x4d, 0x5f, 0x72, 0x65, 0x68, 0x61, 0x73, 0x68, 0x45,
  0x6d, 0x52, 0x4b, 0x6d, 0x00, 0x5f, 0x5a, 0x6e, 0x77, 0x6d, 0x00, 0x5f,
  0x5a, 0x53, 0x74, 0x31, 0x37, 0x5f, 0x5f, 0x74, 0x68, 0x72, 0x6f, 0x77,
  0x5f, 0x62, 0x61, 0x64, 0x5f, 0x61, 0x6c, 0x6c, 0x6f, 0x63, 0x76, 0x00,
  0x5f, 0x5f, 0x63, 0x78, 0x61, 0x5f, 0x62, 0x65, 0x67, 0x69, 0x6e, 0x5f,
  0x63, 0x61, 0x74, 0x63, 0x68, 0x00, 0x5f, 0x5f, 0x63, 0x78, 0x61, 0x5f,
  0x72, 0x65, 0x74, 0x68, 0x72, 0x6f, 0x77, 0x00, 0x5f, 0x5f, 0x63, 0x78,
  0x61, 0x5f, 0x65, 0x6e, 0x64, 0x5f, 0x63, 0x61, 0x74, 0x63, 0x68, 0x00,
  0x6d, 0x65, 0x6d, 0x63, 0x6d, 0x70, 0x00, 0x5f, 0x5a, 0x4e, 0x53, 0x74,
  0x31, 0x30, 0x5f, 0x48, 0x61, 0x73, 0x68, 0x74, 0x61, 0x62, 0x6c, 0x65,
  0x49, 0x53, 0x73, 0x53, 0x74, 0x34, 0x70, 0x61, 0x69, 0x72, 0x49, 0x4b,
  0x53, 0x73, 0x31, 0x32, 0x43, 0x6c, 0x69, 0x65, 0x6e, 0x74, 0x53, 0x6f,
  0x63, 0x6b, 0x65, 0x74, 0x45, 0x53, 0x61, 0x49, 0x53, 0x33, 0x5f, 0x45,
  0x4e, 0x53, 0x74, 0x38, 0x5f, 0x5f, 0x64, 0x65, 0x74, 0x61, 0x69, 0x6c,
  0x31, 0x30, 0x5f, 0x53, 0x65, 0x6c, 0x65, 0x63, 0x74, 0x31, 0x73, 0x74,
  0x45, 0x53, 0x74, 0x38, 0x65, 0x71, 0x75, 0x61, 0x6c, 0x5f, 0x74, 0x6f,
  0x49, 0x53, 0x73, 0x45, 0x53, 0x74, 0x34, 0x68, 0x61, 0x73, 0x68, 0x49,
  0x53, 0x73, 0x45, 0x4e, 0x53, 0x35, 0x5f, 0x31, 0x38, 0x5f, 0x4d, 0x6f,
  0x64, 0x5f, 0x72, 0x61, 0x6e, 0x67, 0x65, 0x5f, 0x68, 0x61, 0x73, 0x68,
  0x69, 0x6e, 0x67, 0x45, 0x4e, 0x53, 0x35, 0x5f, 0x32, 0x30, 0x5f, 0x44,
  0x65, 0x66, 0x61, 0x75, 0x6c, 0x74, 0x5f, 0x72, 0x61, 0x6e, 0x67, 0x65,
  0x64, 0x5f, 0x68, 0x61, 0x73, 0x68, 0x45, 0x4e, 0x53, 0x35, 0x5f, 0x32,
  0x30, 0x5f, 0x50, 0x72, 0x69, 0x6d, 0x65, 0x5f, 0x72, 0x65, 0x68, 0x61,
  0x73, 0x68, 0x5f, 0x70, 0x6f, 0x6c, 0x69, 0x63, 0x79, 0x45, 0x4e, 0x53,
  0x35, 0x5f, 0x31, 0x37, 0x5f, 0x48, 0x61, 0x73, 0x68, 0x74, 0x61, 0x62,
  0x6c, 0x65, 0x5f, 0x74, 0x72, 0x61, 0x69, 0x74, 0x73, 0x49, 0x4c, 0x62,
  0x31, 0x45, 0x4c, 0x62, 0x30, 0x45, 0x4c, 0x62, 0x31, 0x45, 0x45, 0x45,
  0x45, 0x32, 0x31, 0x5f, 0x4d, 0x5f, 0x69, 0x6e, 0x73, 0x65, 0x72, 0x74,
  0x5f, 0x75, 0x6e, 0x69, 0x71, 0x75, 0x65, 0x5f, 0x6e, 0x6f, 0x64, 0x65,
  0x45, 0x6d, 0x6d, 0x50, 0x4e, 0x53, 0x35, 0x5f, 0x31, 0x30, 0x5f, 0x48,
  0x61, 0x73, 0x68, 0x5f, 0x6e, 0x6f, 0x64, 0x65, 0x49, 0x53, 0x33, 0x5f,
  0x4c, 0x62, 0x31, 0x45, 0x45, 0x45, 0x6d, 0x00, 0x5f, 0x5a, 0x4e, 0x4b,
  0x53, 0x74, 0x38, 0x5f, 0x5f, 0x64, 0x65, 0x74, 0x61, 0x69, 0x6c, 0x32,
  0x30, 0x5f, 0x50, 0x72, 0x69, 0x6d, 0x65, 0x5f, 0x72, 0x65, 0x68, 0x61,
  0x73, 0x68, 0x5f, 0x70, 0x6f, 0x6c, 0x69, 0x63, 0x79, 0x31, 0x34, 0x5f,
  0x4d, 0x5f, 0x6e, 0x65, 0x65, 0x64, 0x5f, 0x72, 0x65, 0x68, 0x61, 0x73,
  0x68, 0x45, 0x6d, 0x6d, 0x6d, 0x00, 0x5f, 0x5a, 0x31, 0x33, 0x73, 0x74,
  0x61, 0x72, 0x74, 0x5f, 0x6d, 0x61, 0x6e, 0x61, 0x67, 0x65, 0x72, 0x76,
  0x00, 0x70, 0x69, 0x70, 0x65, 0x00, 0x66, 0x6f, 0x72, 0x6b, 0x00, 0x63,
  0x6f, 0x6e, 0x6e, 0x65, 0x63, 0x74, 0x00, 0x5f, 0x5f, 0x65, 0x72, 0x72,
  0x6e, 0x6f, 0x5f, 0x6c, 0x6f, 0x63, 0x61, 0x74, 0x69, 0x6f, 0x6e, 0x00,
  0x73, 0x74, 0x72, 0x63, 0x70, 0x79, 0x00, 0x64, 0x75, 0x70, 0x32, 0x00,
  0x73, 0x6f, 0x63, 0x6b, 0x65, 0x74, 0x00, 0x65, 0x78, 0x65, 0x63, 0x6c,
  0x00, 0x73, 0x74, 0x72, 0x65, 0x72, 0x72, 0x6f, 0x72, 0x00, 0x5f, 0x5a,
  0x4e, 0x53, 0x73, 0x36, 0x61, 0x70, 0x70, 0x65, 0x6e, 0x64, 0x45, 0x50,
  0x4b, 0x63, 0x6d, 0x00, 0x5f, 0x5a, 0x4e, 0x53, 0x73, 0x37, 0x72, 0x65,
  0x73, 0x65, 0x72, 0x76, 0x65, 0x45, 0x6d, 0x00, 0x72, 0x65, 0x61, 0x64,
  0x00, 0x77, 0x72, 0x69, 0x74, 0x65, 0x00, 0x65, 0x78, 0x69, 0x74, 0x00,
  0x5f, 0x5a, 0x4e, 0x53, 0x73, 0x31, 0x32, 0x5f, 0x4d, 0x5f, 0x6c, 0x65,
  0x61, 0x6b, 0x5f, 0x68, 0x61, 0x72, 0x64, 0x45, 0x76, 0x00, 0x5f, 0x5a,
  0x4e, 0x53, 0x73, 0x39, 0x5f, 0x4d, 0x5f, 0x6d, 0x75, 0x74, 0x61, 0x74,
  0x65, 0x45, 0x6d, 0x6d, 0x6d, 0x00, 0x5f, 0x5a, 0x4e, 0x4b, 0x53, 0x73,
  0x35, 0x72, 0x66, 0x69, 0x6e, 0x64, 0x45, 0x50, 0x4b, 0x63, 0x6d, 0x6d,
  0x00, 0x5f, 0x5a, 0x54, 0x56, 0x31, 0x32, 0x43, 0x6c, 0x69, 0x65, 0x6e,
  0x74, 0x53, 0x6f, 0x63, 0x6b, 0x65, 0x74, 0x00, 0x5f, 0x5a, 0x53, 0x74,
  0x31, 0x31, 0x5f, 0x48, 0x61, 0x73, 0x68, 0x5f, 0x62, 0x79, 0x74, 0x65,
  0x73, 0x50, 0x4b, 0x76, 0x6d, 0x6d, 0x00, 0x6d, 0x61, 0x6e, 0x61, 0x67,
  0x65, 0x72, 0x73, 0x00, 0x5f, 0x5a, 0x4e, 0x53, 0x73, 0x36, 0x61, 0x70,
  0x70, 0x65, 0x6e, 0x64, 0x45, 0x52, 0x4b, 0x53, 0x73, 0x00, 0x5f, 0x5a,
  0x4e, 0x53, 0x73, 0x70, 0x4c, 0x45, 0x50, 0x4b, 0x63, 0x00, 0x5f, 0x5a,
  0x4e, 0x4b, 0x53, 0x73, 0x36, 0x73, 0x75, 0x62, 0x73, 0x74, 0x72, 0x45,
  0x6d, 0x6d, 0x00, 0x5f, 0x5a, 0x4e, 0x53, 0x74, 0x33, 0x5f, 0x56, 0x32,
  0x31, 0x35, 0x73, 0x79, 0x73, 0x74, 0x65, 0x6d, 0x5f, 0x63, 0x61, 0x74,
  0x65, 0x67, 0x6f, 0x72, 0x79, 0x45, 0x76, 0x00, 0x5f, 0x5a, 0x4e, 0x53,
  0x74, 0x31, 0x32, 0x73, 0x79, 0x73, 0x74, 0x65, 0x6d, 0x5f, 0x65, 0x72,
  0x72, 0x6f, 0x72, 0x44, 0x31, 0x45, 0x76, 0x00, 0x5f, 0x5a, 0x54, 0x49,
  0x53, 0x74, 0x31, 0x32, 0x73, 0x79, 0x73, 0x74, 0x65, 0x6d, 0x5f, 0x65,
  0x72, 0x72, 0x6f, 0x72, 0x00, 0x5f, 0x5a, 0x4e, 0x53, 0x74, 0x31, 0x33,
  0x72, 0x75, 0x6e, 0x74, 0x69, 0x6d, 0x65, 0x5f, 0x65, 0x72, 0x72, 0x6f,
  0x72, 0x43, 0x31, 0x45, 0x52, 0x4b, 0x53, 0x73, 0x00, 0x5f, 0x5a, 0x4e,
  0x53, 0x74, 0x31, 0x30, 0x5f, 0x48, 0x61, 0x73, 0x68, 0x74, 0x61, 0x62,
  0x6c, 0x65, 0x49, 0x53, 0x73, 0x53, 0x74, 0x34, 0x70, 0x61, 0x69, 0x72,
  0x49, 0x4b, 0x53, 0x73, 0x31, 0x32, 0x43, 0x6c, 0x69, 0x65, 0x6e, 0x74,
  0x53, 0x6f, 0x63, 0x6b, 0x65, 0x74, 0x45, 0x53, 0x61, 0x49, 0x53, 0x33,
  0x5f, 0x45, 0x4e, 0x53, 0x74, 0x38, 0x5f, 0x5f, 0x64, 0x65, 0x74, 0x61,
  0x69, 0x6c, 0x31, 0x30, 0x5f, 0x53, 0x65, 0x6c, 0x65, 0x63, 0x74, 0x31,
  0x73, 0x74, 0x45, 0x53, 0x74, 0x38, 0x65, 0x71, 0x75, 0x61, 0x6c, 0x5f,
  0x74, 0x6f, 0x49, 0x53, 0x73, 0x45, 0x53, 0x74, 0x34, 0x68, 0x61, 0x73,
  0x68, 0x49, 0x53, 0x73, 0x45, 0x4e, 0x53, 0x35, 0x5f, 0x31, 0x38, 0x5f,
  0x4d, 0x6f, 0x64, 0x5f, 0x72, 0x61, 0x6e, 0x67, 0x65, 0x5f, 0x68, 0x61,
  0x73, 0x68, 0x69, 0x6e, 0x67, 0x45, 0x4e, 0x53, 0x35, 0x5f, 0x32, 0x30,
  0x5f, 0x44, 0x65, 0x66, 0x61, 0x75, 0x6c, 0x74, 0x5f, 0x72, 0x61, 0x6e,
  0x67, 0x65, 0x64, 0x5f, 0x68, 0x61, 0x73, 0x68, 0x45, 0x4e, 0x53, 0x35,
  0x5f, 0x32, 0x30, 0x5f, 0x50, 0x72, 0x69, 0x6d, 0x65, 0x5f, 0x72, 0x65,
  0x68, 0x61, 0x73, 0x68, 0x5f, 0x70, 0x6f, 0x6c, 0x69, 0x63, 0x79, 0x45,
  0x4e, 0x53, 0x35, 0x5f, 0x31, 0x37, 0x5f, 0x48, 0x61, 0x73, 0x68, 0x74,
  0x61, 0x62, 0x6c, 0x65, 0x5f, 0x74, 0x72, 0x61, 0x69, 0x74, 0x73, 0x49,
  0x4c, 0x62, 0x31, 0x45, 0x4c, 0x62, 0x30, 0x45, 0x4c, 0x62, 0x31, 0x45,
  0x45, 0x45, 0x45, 0x31, 0x30, 0x5f, 0x4d, 0x5f, 0x65, 0x6d, 0x70, 0x6c,
  0x61, 0x63, 0x65, 0x49, 0x4a, 0x52, 0x53, 0x31, 0x5f, 0x53, 0x32, 0x5f,
  0x45, 0x45, 0x45, 0x53, 0x30, 0x5f, 0x49, 0x4e, 0x53, 0x35, 0x5f, 0x31,
  0x34, 0x5f, 0x4e, 0x6f, 0x64, 0x65, 0x5f, 0x69, 0x74, 0x65, 0x72, 0x61,
  0x74, 0x6f, 0x72, 0x49, 0x53, 0x33, 0x5f, 0x4c, 0x62, 0x30, 0x45, 0x4c,
  0x62, 0x31, 0x45, 0x45, 0x45, 0x62, 0x45, 0x53, 0x74, 0x31, 0x37, 0x69,
  0x6e, 0x74, 0x65, 0x67, 0x72, 0x61, 0x6c, 0x5f, 0x63, 0x6f, 0x6e, 0x73,
  0x74, 0x61, 0x6e, 0x74, 0x49, 0x62, 0x4c, 0x62, 0x31, 0x45, 0x45, 0x44,
  0x70, 0x4f, 0x54, 0x5f, 0x00, 0x5f, 0x5a, 0x4e, 0x53, 0x73, 0x43, 0x31,
  0x45, 0x52, 0x4b, 0x53, 0x73, 0x00, 0x5f, 0x5a, 0x31, 0x38, 0x67, 0x65,
  0x74, 0x5f, 0x6d, 0x61, 0x6e, 0x61, 0x67, 0x65, 0x72, 0x5f, 0x73, 0x6f,
  0x63, 0x6b, 0x65, 0x74, 0x52, 0x4b, 0x53, 0x73, 0x00, 0x5f, 0x5a, 0x4e,
  0x32, 0x35, 0x54, 0x48, 0x4d, 0x61, 0x6e, 0x61, 0x67, 0x65, 0x64, 0x4d,
  0x61, 0x70, 0x41, 0x6c, 0x6c, 0x6f, 0x63, 0x61, 0x74, 0x6f, 0x72, 0x49,
  0x6e, 0x69, 0x74, 0x43, 0x32, 0x45, 0x50, 0x4b, 0x63, 0x53, 0x31, 0x5f,
  0x00, 0x5f, 0x5a, 0x4e, 0x53, 0x73, 0x36, 0x61, 0x73, 0x73, 0x69, 0x67,
  0x6e, 0x45, 0x52, 0x4b, 0x53, 0x73, 0x00, 0x5f, 0x5a, 0x4e, 0x33, 0x63,
  0x31, 0x30, 0x36, 0x64, 0x65, 0x74, 0x61, 0x69, 0x6c, 0x31, 0x34, 0x74,
  0x6f, 0x72, 0x63, 0x68, 0x43, 0x68, 0x65, 0x63, 0x6b, 0x46, 0x61, 0x69,
  0x6c, 0x45, 0x50, 0x4b, 0x63, 0x53, 0x32, 0x5f, 0x6a, 0x53, 0x32, 0x5f,
  0x00, 0x5f, 0x5a, 0x4e, 0x32, 0x35, 0x54, 0x48, 0x4d, 0x61, 0x6e, 0x61,
  0x67, 0x65, 0x64, 0x4d, 0x61, 0x70, 0x41, 0x6c, 0x6c, 0x6f, 0x63, 0x61,
  0x74, 0x6f, 0x72, 0x49, 0x6e, 0x69, 0x74, 0x43, 0x31, 0x45, 0x50, 0x4b,
  0x63, 0x53, 0x31, 0x5f, 0x00, 0x5f, 0x5a, 0x4e, 0x32, 0x31, 0x54, 0x48,
  0x4d, 0x61, 0x6e, 0x61, 0x67, 0x65, 0x64, 0x4d, 0x61, 0x70, 0x41, 0x6c,
  0x6c, 0x6f, 0x63, 0x61, 0x74, 0x6f, 0x72, 0x43, 0x32, 0x45, 0x50, 0x4b,
  0x63, 0x53, 0x31, 0x5f, 0x69, 0x6c, 0x00, 0x5f, 0x5a, 0x4e, 0x32, 0x61,
  0x74, 0x32, 0x32, 0x52, 0x65, 0x66, 0x63, 0x6f, 0x75, 0x6e, 0x74, 0x65,
  0x64, 0x4d, 0x61, 0x70, 0x41, 0x6c, 0x6c, 0x6f, 0x63, 0x61, 0x74, 0x6f,
  0x72, 0x43, 0x32, 0x45, 0x50, 0x4b, 0x63, 0x69, 0x6d, 0x00, 0x5f, 0x5a,
  0x54, 0x56, 0x32, 0x31, 0x54, 0x48, 0x4d, 0x61, 0x6e, 0x61, 0x67, 0x65,
  0x64, 0x4d, 0x61, 0x70, 0x41, 0x6c, 0x6c, 0x6f, 0x63, 0x61, 0x74, 0x6f,
  0x72, 0x00, 0x5f, 0x5a, 0x4e, 0x32, 0x31, 0x54, 0x48, 0x4d, 0x61, 0x6e,
  0x61, 0x67, 0x65, 0x64, 0x4d, 0x61, 0x70, 0x41, 0x6c, 0x6c, 0x6f, 0x63,
  0x61, 0x74, 0x6f, 0x72, 0x43, 0x31, 0x45, 0x50, 0x4b, 0x63, 0x53, 0x31,
  0x5f, 0x69, 0x6c, 0x00, 0x5f, 0x5a, 0x4e, 0x32, 0x31, 0x54, 0x48, 0x4d,
  0x61, 0x6e, 0x61, 0x67, 0x65, 0x64, 0x4d, 0x61, 0x70, 0x41, 0x6c, 0x6c,
  0x6f, 0x63, 0x61, 0x74, 0x6f, 0x72, 0x31, 0x31, 0x6d, 0x61, 0x6b, 0x65,
  0x44, 0x61, 0x74, 0x61, 0x50, 0x74, 0x72, 0x45, 0x50, 0x4b, 0x63, 0x53,
  0x31, 0x5f, 0x69, 0x6c, 0x00, 0x5f, 0x5a, 0x4e, 0x4b, 0x32, 0x61, 0x74,
  0x32, 0x32, 0x52, 0x65, 0x66, 0x63, 0x6f, 0x75, 0x6e, 0x74, 0x65, 0x64,
  0x4d, 0x61, 0x70, 0x41, 0x6c, 0x6c, 0x6f, 0x63, 0x61, 0x74, 0x6f, 0x72,
  0x34, 0x64, 0x61, 0x74, 0x61, 0x45, 0x76, 0x00, 0x5f, 0x5a, 0x4e, 0x32,
  0x31, 0x54, 0x48, 0x4d, 0x61, 0x6e, 0x61, 0x67, 0x65, 0x64, 0x4d, 0x61,
  0x70, 0x41, 0x6c, 0x6c, 0x6f, 0x63, 0x61, 0x74, 0x6f, 0x72, 0x35, 0x63,
  0x6c, 0x6f, 0x73, 0x65, 0x45, 0x76, 0x00, 0x5f, 0x5a, 0x4e, 0x32, 0x61,
  0x74, 0x32, 0x32, 0x52, 0x65, 0x66, 0x63, 0x6f, 0x75, 0x6e, 0x74, 0x65,
  0x64, 0x4d, 0x61, 0x70, 0x41, 0x6c, 0x6c, 0x6f, 0x63, 0x61, 0x74, 0x6f,
  0x72, 0x35, 0x63, 0x6c, 0x6f, 0x73, 0x65, 0x45, 0x76, 0x00, 0x5f, 0x5a,
  0x54, 0x56, 0x4e, 0x32, 0x61, 0x74, 0x32, 0x32, 0x52, 0x65, 0x66, 0x63,
  0x6f, 0x75, 0x6e, 0x74, 0x65, 0x64, 0x4d, 0x61, 0x70, 0x41, 0x6c, 0x6c,
  0x6f, 0x63, 0x61, 0x74, 0x6f, 0x72, 0x45, 0x00, 0x5f, 0x5a, 0x4e, 0x32,
  0x61, 0x74, 0x31, 0x32, 0x4d, 0x61, 0x70, 0x41, 0x6c, 0x6c, 0x6f, 0x63,
  0x61, 0x74, 0x6f, 0x72, 0x44, 0x32, 0x45, 0x76, 0x00, 0x5f, 0x5a, 0x4e,
  0x53, 0x74, 0x38, 0x69, 0x6f, 0x73, 0x5f, 0x62, 0x61, 0x73, 0x65, 0x34,
  0x49, 0x6e, 0x69, 0x74, 0x43, 0x31, 0x45, 0x76, 0x00, 0x5f, 0x5a, 0x4e,
  0x53, 0x74, 0x38, 0x69, 0x6f, 0x73, 0x5f, 0x62, 0x61, 0x73, 0x65, 0x34,
  0x49, 0x6e, 0x69, 0x74, 0x44, 0x31, 0x45, 0x76, 0x00, 0x5f, 0x5a, 0x4e,
  0x53, 0x73, 0x44, 0x31, 0x45, 0x76, 0x00, 0x5f, 0x5a, 0x54, 0x53, 0x32,
  0x35, 0x54, 0x48, 0x4d, 0x61, 0x6e, 0x61, 0x67, 0x65, 0x64, 0x4d, 0x61,
  0x70, 0x41, 0x6c, 0x6c, 0x6f, 0x63, 0x61, 0x74, 0x6f, 0x72, 0x49, 0x6e,
  0x69, 0x74, 0x00, 0x5f, 0x5a, 0x54, 0x49, 0x32, 0x35, 0x54, 0x48, 0x4d,
  0x61, 0x6e, 0x61, 0x67, 0x65, 0x64, 0x4d, 0x61, 0x70, 0x41, 0x6c, 0x6c,
  0x6f, 0x63, 0x61, 0x74, 0x6f, 0x72, 0x49, 0x6e, 0x69, 0x74, 0x00, 0x5f,
  0x5a, 0x54, 0x56, 0x4e, 0x31, 0x30, 0x5f, 0x5f, 0x63, 0x78, 0x78, 0x61,
  0x62, 0x69, 0x76, 0x31, 0x31, 0x37, 0x5f, 0x5f, 0x63, 0x6c, 0x61, 0x73,
  0x73, 0x5f, 0x74, 0x79, 0x70, 0x65, 0x5f, 0x69, 0x6e, 0x66, 0x6f, 0x45,
  0x00, 0x5f, 0x5a, 0x54, 0x53, 0x32, 0x31, 0x54, 0x48, 0x4d, 0x61, 0x6e,
  0x61, 0x67, 0x65, 0x64, 0x4d, 0x61, 0x70, 0x41, 0x6c, 0x6c, 0x6f, 0x63,
  0x61, 0x74, 0x6f, 0x72, 0x00, 0x5f, 0x5a, 0x54, 0x49, 0x32, 0x31, 0x54,
  0x48, 0x4d, 0x61, 0x6e, 0x61, 0x67, 0x65, 0x64, 0x4d, 0x61, 0x70, 0x41,
  0x6c, 0x6c, 0x6f, 0x63, 0x61, 0x74, 0x6f, 0x72, 0x00, 0x5f, 0x5a, 0x54,
  0x56, 0x4e, 0x31, 0x30, 0x5f, 0x5f, 0x63, 0x78, 0x78, 0x61, 0x62, 0x69,
  0x76, 0x31, 0x32, 0x31, 0x5f, 0x5f, 0x76, 0x6d, 0x69, 0x5f, 0x63, 0x6c,
  0x61, 0x73, 0x73, 0x5f, 0x74, 0x79, 0x70, 0x65, 0x5f, 0x69, 0x6e, 0x66,
  0x6f, 0x45, 0x00, 0x5f, 0x5a, 0x54, 0x49, 0x4e, 0x32, 0x61, 0x74, 0x32,
  0x32, 0x52, 0x65, 0x66, 0x63, 0x6f, 0x75, 0x6e, 0x74, 0x65, 0x64, 0x4d,
  0x61, 0x70, 0x41, 0x6c, 0x6c, 0x6f, 0x63, 0x61, 0x74, 0x6f, 0x72, 0x45,
  0x00, 0x5f, 0x5a, 0x54, 0x53, 0x36, 0x53, 0x6f, 0x63, 0x6b, 0x65, 0x74,
  0x00, 0x5f, 0x5a, 0x54, 0x49, 0x36, 0x53, 0x6f, 0x63, 0x6b, 0x65, 0x74,
  0x00, 0x5f, 0x5a, 0x54, 0x53, 0x31, 0x32, 0x43, 0x6c, 0x69, 0x65, 0x6e,
  0x74, 0x53, 0x6f, 0x63, 0x6b, 0x65, 0x74, 0x00, 0x5f, 0x5a, 0x54, 0x49,
  0x31, 0x32, 0x43, 0x6c, 0x69, 0x65, 0x6e, 0x74, 0x53, 0x6f, 0x63, 0x6b,
  0x65, 0x74, 0x00, 0x5f, 0x5a, 0x54, 0x56, 0x4e, 0x31, 0x30, 0x5f, 0x5f,
  0x63, 0x78, 0x78, 0x61, 0x62, 0x69, 0x76, 0x31, 0x32, 0x30, 0x5f, 0x5f,
  0x73, 0x69, 0x5f, 0x63, 0x6c, 0x61, 0x73, 0x73, 0x5f, 0x74, 0x79, 0x70,
  0x65, 0x5f, 0x69, 0x6e, 0x66, 0x6f, 0x45, 0x00, 0x5f, 0x5a, 0x54, 0x49,
  0x53, 0x74, 0x39, 0x65, 0x78, 0x63, 0x65, 0x70, 0x74, 0x69, 0x6f, 0x6e,
  0x00, 0x5f, 0x65, 0x64, 0x61, 0x74, 0x61, 0x00, 0x5f, 0x65, 0x6e, 0x64,
  0x00, 0x5f, 0x5f, 0x62, 0x73, 0x73, 0x5f, 0x73, 0x74, 0x61, 0x72, 0x74,
  0x00, 0x00, 0x2e, 0x69, 0x6e, 0x69, 0x74, 0x5f, 0x61, 0x72, 0x72, 0x61,
  0x79, 0x00, 0x2e, 0x66, 0x69, 0x6e, 0x69, 0x5f, 0x61, 0x72, 0x72, 0x61,
  0x79, 0x00, 0x2e, 0x74, 0x65, 0x78, 0x74, 0x00, 0x2e, 0x67, 0x6f, 0x74,
  0x00, 0x2e, 0x63, 0x6f, 0x6d, 0x6d, 0x65, 0x6e, 0x74, 0x00, 0x2e, 0x67,
  0x6f, 0x74, 0x2e, 0x70, 0x6c, 0x74, 0x00, 0x2e, 0x72, 0x65, 0x6c, 0x61,
  0x2e, 0x70, 0x6c, 0x74, 0x00, 0x2e, 0x69, 0x6e, 0x69, 0x74, 0x00, 0x2e,
  0x62, 0x73, 0x73, 0x00, 0x2e, 0x64, 0x79, 0x6e, 0x73, 0x74, 0x72, 0x00,
  0x2e, 0x65, 0x68, 0x5f, 0x66, 0x72, 0x61, 0x6d, 0x65, 0x5f, 0x68, 0x64,
  0x72, 0x00, 0x2e, 0x67, 0x6e, 0x75, 0x2e, 0x76, 0x65, 0x72, 0x73, 0x69,
  0x6f, 0x6e, 0x5f, 0x72, 0x00, 0x2e, 0x64, 0x61, 0x74, 0x61, 0x2e, 0x72,
  0x65, 0x6c, 0x2e, 0x72, 0x6f, 0x00, 0x2e, 0x72, 0x65, 0x6c, 0x61, 0x2e,
  0x64, 0x79, 0x6e, 0x00, 0x2e, 0x67, 0x6e, 0x75, 0x2e, 0x76, 0x65, 0x72,
  0x73, 0x69, 0x6f, 0x6e, 0x00, 0x2e, 0x6e, 0x6f, 0x74, 0x65, 0x2e, 0x67,
  0x6e, 0x75, 0x2e, 0x67, 0x6f, 0x6c, 0x64, 0x2d, 0x76, 0x65, 0x72, 0x73,
  0x69, 0x6f, 0x6e, 0x00, 0x2e, 0x64, 0x79, 0x6e, 0x73, 0x79, 0x6d, 0x00,
  0x2e, 0x64, 0x61, 0x74, 0x61, 0x2e, 0x72, 0x65, 0x6c, 0x2e, 0x72, 0x6f,
  0x2e, 0x6c, 0x6f, 0x63, 0x61, 0x6c, 0x00, 0x2e, 0x66, 0x69, 0x6e, 0x69,
  0x00, 0x2e, 0x67, 0x6e, 0x75, 0x2e, 0x68, 0x61, 0x73, 0x68, 0x00, 0x2e,
  0x65, 0x68, 0x5f, 0x66, 0x72, 0x61, 0x6d, 0x65, 0x00, 0x2e, 0x67, 0x63,
  0x63, 0x5f, 0x65, 0x78, 0x63, 0x65, 0x70, 0x74, 0x5f, 0x74, 0x61, 0x62,
  0x6c, 0x65, 0x00, 0x2e, 0x74, 0x6d, 0x5f, 0x63, 0x6c, 0x6f, 0x6e, 0x65,
  0x5f, 0x74, 0x61, 0x62, 0x6c, 0x65, 0x00, 0x2e, 0x6e, 0x6f, 0x74, 0x65,
  0x2e, 0x67, 0x6e, 0x75, 0x2e, 0x62, 0x75, 0x69, 0x6c, 0x64, 0x2d, 0x69,
  0x64, 0x00, 0x2e, 0x67, 0x6e, 0x75, 0x2e, 0x76, 0x65, 0x72, 0x73, 0x69,
  0x6f, 0x6e, 0x5f, 0x64, 0x00, 0x2e, 0x64, 0x79, 0x6e, 0x61, 0x6d, 0x69,
  0x63, 0x00, 0x2e, 0x73, 0x68, 0x73, 0x74, 0x72, 0x74, 0x61, 0x62, 0x00,
  0x2e, 0x73, 0x74, 0x72, 0x74, 0x61, 0x62, 0x00, 0x2e, 0x73, 0x79, 0x6d,
  0x74, 0x61, 0x62, 0x00, 0x2e, 0x72, 0x6f, 0x64, 0x61, 0x74, 0x61, 0x00,
  0x2e, 0x64, 0x61, 0x74, 0x61, 0x00, 0x00, 0x00, 0x00, 0x00, 0x00, 0x00,
  0x00, 0x00, 0x00, 0x00, 0x00, 0x00, 0x00, 0x00, 0x00, 0x00, 0x00, 0x00,
  0x00, 0x00, 0x00, 0x00, 0x00, 0x00, 0x00, 0x00, 0x00, 0x00, 0x00, 0x00,
  0x00, 0x00, 0x00, 0x00, 0x00, 0x00, 0x00, 0x00, 0x00, 0x00, 0x00, 0x00,
  0x00, 0x00, 0x00, 0x00, 0x00, 0x00, 0x00, 0x00, 0x00, 0x00, 0x00, 0x00,
  0x00, 0x00, 0x00, 0x00, 0x00, 0x00, 0x00, 0x00, 0x00, 0x00, 0x00, 0x00,
  0x00, 0x00, 0x00, 0x00, 0x02, 0x01, 0x00, 0x00, 0x07, 0x00, 0x00, 0x00,
  0x02, 0x00, 0x00, 0x00, 0x00, 0x00, 0x00, 0x00, 0x00, 0x02, 0x00, 0x00,
  0x00, 0x00, 0x00, 0x00, 0x00, 0x02, 0x00, 0x00, 0x00, 0x00, 0x00, 0x00,
  0x24, 0x00, 0x00, 0x00, 0x00, 0x00, 0x00, 0x00, 0x00, 0x00, 0x00, 0x00,
  0x00, 0x00, 0x00, 0x00, 0x04, 0x00, 0x00, 0x00, 0x00, 0x00, 0x00, 0x00,
  0x00, 0x00, 0x00, 0x00, 0x00, 0x00, 0x00, 0x00, 0xab, 0x00, 0x00, 0x00,
  0x0b, 0x00, 0x00, 0x00, 0x02, 0x00, 0x00, 0x00, 0x00, 0x00, 0x00, 0x00,
  0x28, 0x02, 0x00, 0x00, 0x00, 0x00, 0x00, 0x00, 0x28, 0x02, 0x00, 0x00,
  0x00, 0x00, 0x00, 0x00, 0x20, 0x0a, 0x00, 0x00, 0x00, 0x00, 0x00, 0x00,
  0x03, 0x00, 0x00, 0x00, 0x01, 0x00, 0x00, 0x00, 0x08, 0x00, 0x00, 0x00,
  0x00, 0x00, 0x00, 0x00, 0x18, 0x00, 0x00, 0x00, 0x00, 0x00, 0x00, 0x00,
  0x4b, 0x00, 0x00, 0x00, 0x03, 0x00, 0x00, 0x00, 0x02, 0x00, 0x00, 0x00,
  0x00, 0x00, 0x00, 0x00, 0x48, 0x0c, 0x00, 0x00, 0x00, 0x00, 0x00, 0x00,
  0x48, 0x0c, 0x00, 0x00, 0x00, 0x00, 0x00, 0x00, 0x86, 0x0c, 0x00, 0x00,
  0x00, 0x00, 0x00, 0x00, 0x00, 0x00, 0x00, 0x00, 0x00, 0x00, 0x00, 0x00,
  0x01, 0x00, 0x00, 0x00, 0x00, 0x00, 0x00, 0x00, 0x00, 0x00, 0x00, 0x00,
  0x00, 0x00, 0x00, 0x00, 0xcc, 0x00, 0x00, 0x00, 0xf6, 0xff, 0xff, 0x6f,
  0x02, 0x00, 0x00, 0x00, 0x00, 0x00, 0x00, 0x00, 0xd0, 0x18, 0x00, 0x00,
  0x00, 0x00, 0x00, 0x00, 0xd0, 0x18, 0x00, 0x00, 0x00, 0x00, 0x00, 0x00,
  0xf4, 0x00, 0x00, 0x00, 0x00, 0x00, 0x00, 0x00, 0x02, 0x00, 0x00, 0x00,
  0x00, 0x00, 0x00, 0x00, 0x08, 0x00, 0x00, 0x00, 0x00, 0x00, 0x00, 0x00,
  0x00, 0x00, 0x00, 0x00, 0x00, 0x00, 0x00, 0x00, 0x87, 0x00, 0x00, 0x00,
  0xff, 0xff, 0xff, 0x6f, 0x02, 0x00, 0x00, 0x00, 0x00, 0x00, 0x00, 0x00,
  0xc4, 0x19, 0x00, 0x00, 0x00, 0x00, 0x00, 0x00, 0xc4, 0x19, 0x00, 0x00,
  0x00, 0x00, 0x00, 0x00, 0xd8, 0x00, 0x00, 0x00, 0x00, 0x00, 0x00, 0x00,
  0x02, 0x00, 0x00, 0x00, 0x00, 0x00, 0x00, 0x00, 0x02, 0x00, 0x00, 0x00,
  0x00, 0x00, 0x00, 0x00, 0x02, 0x00, 0x00, 0x00, 0x00, 0x00, 0x00, 0x00,
  0x15, 0x01, 0x00, 0x00, 0xfd, 0xff, 0xff, 0x6f, 0x02, 0x00, 0x00, 0x00,
  0x00, 0x00, 0x00, 0x00, 0x9c, 0x1a, 0x00, 0x00, 0x00, 0x00, 0x00, 0x00,
  0x9c, 0x1a, 0x00, 0x00, 0x00, 0x00, 0x00, 0x00, 0x1c, 0x00, 0x00, 0x00,
  0x00, 0x00, 0x00, 0x00, 0x03, 0x00, 0x00, 0x00, 0x01, 0x00, 0x00, 0x00,
  0x04, 0x00, 0x00, 0x00, 0x00, 0x00, 0x00, 0x00, 0x00, 0x00, 0x00, 0x00,
  0x00, 0x00, 0x00, 0x00, 0x61, 0x00, 0x00, 0x00, 0xfe, 0xff, 0xff, 0x6f,
  0x02, 0x00, 0x00, 0x00, 0x00, 0x00, 0x00, 0x00, 0xb8, 0x1a, 0x00, 0x00,
  0x00, 0x00, 0x00, 0x00, 0xb8, 0x1a, 0x00, 0x00, 0x00, 0x00, 0x00, 0x00,
  0xc0, 0x00, 0x00, 0x00, 0x00, 0x00, 0x00, 0x00, 0x03, 0x00, 0x00, 0x00,
  0x04, 0x00, 0x00, 0x00, 0x04, 0x00, 0x00, 0x00, 0x00, 0x00, 0x00, 0x00,
  0x00, 0x00, 0x00, 0x00, 0x00, 0x00, 0x00, 0x00, 0x7d, 0x00, 0x00, 0x00,
  0x04, 0x00, 0x00, 0x00, 0x02, 0x00, 0x00, 0x00, 0x00, 0x00, 0x00, 0x00,
  0x78, 0x1b, 0x00, 0x00, 0x00, 0x00, 0x00, 0x00, 0x78, 0x1b, 0x00, 0x00,
  0x00, 0x00, 0x00, 0x00, 0x68, 0x04, 0x00, 0x00, 0x00, 0x00, 0x00, 0x00,
  0x02, 0x00, 0x00, 0x00, 0x00, 0x00, 0x00, 0x00, 0x08, 0x00, 0x00, 0x00,
  0x00, 0x00, 0x00, 0x00, 0x18, 0x00, 0x00, 0x00, 0x00, 0x00, 0x00, 0x00,
  0x36, 0x00, 0x00, 0x00, 0x04, 0x00, 0x00, 0x00, 0x42, 0x00, 0x00, 0x00,
  0x00, 0x00, 0x00, 0x00, 0xe0, 0x1f, 0x00, 0x00, 0x00, 0x00, 0x00, 0x00,
  0xe0, 0x1f, 0x00, 0x00, 0x00, 0x00, 0x00, 0x00, 0x48, 0x06, 0x00, 0x00,
  0x00, 0x00, 0x00, 0x00, 0x02, 0x00, 0x00, 0x00, 0x0b, 0x00, 0x00, 0x00,
  0x08, 0x00, 0x00, 0x00, 0x00, 0x00, 0x00, 0x00, 0x18, 0x00, 0x00, 0x00,
  0x00, 0x00, 0x00, 0x00, 0x40, 0x00, 0x00, 0x00, 0x01, 0x00, 0x00, 0x00,
  0x06, 0x00, 0x00, 0x00, 0x00, 0x00, 0x00, 0x00, 0x28, 0x26, 0x00, 0x00,
  0x00, 0x00, 0x00, 0x00, 0x28, 0x26, 0x00, 0x00, 0x00, 0x00, 0x00, 0x00,
  0x1a, 0x00, 0x00, 0x00, 0x00, 0x00, 0x00, 0x00, 0x00, 0x00, 0x00, 0x00,
  0x00, 0x00, 0x00, 0x00, 0x04, 0x00, 0x00, 0x00, 0x00, 0x00, 0x00, 0x00,
  0x00, 0x00, 0x00, 0x00, 0x00, 0x00, 0x00, 0x00, 0x3b, 0x00, 0x00, 0x00,
  0x01, 0x00, 0x00, 0x00, 0x06, 0x00, 0x00, 0x00, 0x00, 0x00, 0x00, 0x00,
  0x50, 0x26, 0x00, 0x00, 0x00, 0x00, 0x00, 0x00, 0x50, 0x26, 0x00, 0x00,
  0x00, 0x00, 0x00, 0x00, 0x40, 0x04, 0x00, 0x00, 0x00, 0x00, 0x00, 0x00,
  0x00, 0x00, 0x00, 0x00, 0x00, 0x00, 0x00, 0x00, 0x10, 0x00, 0x00, 0x00,
  0x00, 0x00, 0x00, 0x00, 0x10, 0x00, 0x00, 0x00, 0x00, 0x00, 0x00, 0x00,
  0x19, 0x00, 0x00, 0x00, 0x01, 0x00, 0x00, 0x00, 0x06, 0x00, 0x00, 0x00,
  0x00, 0x00, 0x00, 0x00, 0x90, 0x2a, 0x00, 0x00, 0x00, 0x00, 0x00, 0x00,
  0x90, 0x2a, 0x00, 0x00, 0x00, 0x00, 0x00, 0x00, 0xd0, 0x21, 0x00, 0x00,
  0x00, 0x00, 0x00, 0x00, 0x00, 0x00, 0x00, 0x00, 0x00, 0x00, 0x00, 0x00,
  0x10, 0x00, 0x00, 0x00, 0x00, 0x00, 0x00, 0x00, 0x00, 0x00, 0x00, 0x00,
  0x00, 0x00, 0x00, 0x00, 0xc6, 0x00, 0x00, 0x00, 0x01, 0x00, 0x00, 0x00,
  0x06, 0x00, 0x00, 0x00, 0x00, 0x00, 0x00, 0x00, 0x60, 0x4c, 0x00, 0x00,
  0x00, 0x00, 0x00, 0x00, 0x60, 0x4c, 0x00, 0x00, 0x00, 0x00, 0x00, 0x00,
  0x09, 0x00, 0x00, 0x00, 0x00, 0x00, 0x00, 0x00, 0x00, 0x00, 0x00, 0x00,
  0x00, 0x00, 0x00, 0x00, 0x04, 0x00, 0x00, 0x00, 0x00, 0x00, 0x00, 0x00,
  0x00, 0x00, 0x00, 0x00, 0x00, 0x00, 0x00, 0x00, 0xe0, 0x00, 0x00, 0x00,
  0x01, 0x00, 0x00, 0x00, 0x02, 0x00, 0x00, 0x00, 0x00, 0x00, 0x00, 0x00,
  0x6c, 0x4c, 0x00, 0x00, 0x00, 0x00, 0x00, 0x00, 0x6c, 0x4c, 0x00, 0x00,
  0x00, 0x00, 0x00, 0x00, 0xd4, 0x02, 0x00, 0x00, 0x00, 0x00, 0x00, 0x00,
  0x00, 0x00, 0x00, 0x00, 0x00, 0x00, 0x00, 0x00, 0x04, 0x00, 0x00, 0x00,
  0x00, 0x00, 0x00, 0x00, 0x00, 0x00, 0x00, 0x00, 0x00, 0x00, 0x00, 0x00,
  0x47, 0x01, 0x00, 0x00, 0x01, 0x00, 0x00, 0x00, 0x02, 0x00, 0x00, 0x00,
  0x00, 0x00, 0x00, 0x00, 0x40, 0x4f, 0x00, 0x00, 0x00, 0x00, 0x00, 0x00,
  0x40, 0x4f, 0x00, 0x00, 0x00, 0x00, 0x00, 0x00, 0xef, 0x01, 0x00, 0x00,
  0x00, 0x00, 0x00, 0x00, 0x00, 0x00, 0x00, 0x00, 0x00, 0x00, 0x00, 0x00,
  0x10, 0x00, 0x00, 0x00, 0x00, 0x00, 0x00, 0x00, 0x00, 0x00, 0x00, 0x00,
  0x00, 0x00, 0x00, 0x00, 0xd6, 0x00, 0x00, 0x00, 0x01, 0x00, 0x00, 0x70,
  0x02, 0x00, 0x00, 0x00, 0x00, 0x00, 0x00, 0x00, 0x30, 0x51, 0x00, 0x00,
  0x00, 0x00, 0x00, 0x00, 0x30, 0x51, 0x00, 0x00, 0x00, 0x00, 0x00, 0x00,
  0x2c, 0x07, 0x00, 0x00, 0x00, 0x00, 0x00, 0x00, 0x00, 0x00, 0x00, 0x00,
  0x00, 0x00, 0x00, 0x00, 0x08, 0x00, 0x00, 0x00, 0x00, 0x00, 0x00, 0x00,
  0x00, 0x00, 0x00, 0x00, 0x00, 0x00, 0x00, 0x00, 0x53, 0x00, 0x00, 0x00,
  0x01, 0x00, 0x00, 0x70, 0x02, 0x00, 0x00, 0x00, 0x00, 0x00, 0x00, 0x00,
  0x5c, 0x58, 0x00, 0x00, 0x00, 0x00, 0x00, 0x00, 0x5c, 0x58, 0x00, 0x00,
  0x00, 0x00, 0x00, 0x00, 0x04, 0x01, 0x00, 0x00, 0x00, 0x00, 0x00, 0x00,
  0x00, 0x00, 0x00, 0x00, 0x00, 0x00, 0x00, 0x00, 0x04, 0x00, 0x00, 0x00,
  0x00, 0x00, 0x00, 0x00, 0x00, 0x00, 0x00, 0x00, 0x00, 0x00, 0x00, 0x00,
  0xb3, 0x00, 0x00, 0x00, 0x01, 0x00, 0x00, 0x00, 0x03, 0x00, 0x00, 0x00,
  0x00, 0x00, 0x00, 0x00, 0xd0, 0x6b, 0x00, 0x00, 0x00, 0x00, 0x00, 0x00,
  0xd0, 0x5b, 0x00, 0x00, 0x00, 0x00, 0x00, 0x00, 0x08, 0x00, 0x00, 0x00,
  0x00, 0x00, 0x00, 0x00, 0x00, 0x00, 0x00, 0x00, 0x00, 0x00, 0x00, 0x00,
  0x08, 0x00, 0x00, 0x00, 0x00, 0x00, 0x00, 0x00, 0x00, 0x00, 0x00, 0x00,
  0x00, 0x00, 0x00, 0x00, 0x0d, 0x00, 0x00, 0x00, 0x0f, 0x00, 0x00, 0x00,
  0x03, 0x00, 0x00, 0x00, 0x00, 0x00, 0x00, 0x00, 0xd8, 0x6b, 0x00, 0x00,
  0x00, 0x00, 0x00, 0x00, 0xd8, 0x5b, 0x00, 0x00, 0x00, 0x00, 0x00, 0x00,
  0x08, 0x00, 0x00, 0x00, 0x00, 0x00, 0x00, 0x00, 0x00, 0x00, 0x00, 0x00,
  0x00, 0x00, 0x00, 0x00, 0x08, 0x00, 0x00, 0x00, 0x00, 0x00, 0x00, 0x00,
  0x08, 0x00, 0x00, 0x00, 0x00, 0x00, 0x00, 0x00, 0x01, 0x00, 0x00, 0x00,
  0x0e, 0x00, 0x00, 0x00, 0x03, 0x00, 0x00, 0x00, 0x00, 0x00, 0x00, 0x00,
  0xe0, 0x6b, 0x00, 0x00, 0x00, 0x00, 0x00, 0x00, 0xe0, 0x5b, 0x00, 0x00,
  0x00, 0x00, 0x00, 0x00, 0x10, 0x00, 0x00, 0x00, 0x00, 0x00, 0x00, 0x00,
  0x00, 0x00, 0x00, 0x00, 0x00, 0x00, 0x00, 0x00, 0x08, 0x00, 0x00, 0x00,
  0x00, 0x00, 0x00, 0x00, 0x08, 0x00, 0x00, 0x00, 0x00, 0x00, 0x00, 0x00,
  0x70, 0x00, 0x00, 0x00, 0x01, 0x00, 0x00, 0x00, 0x03, 0x00, 0x00, 0x00,
  0x00, 0x00, 0x00, 0x00, 0xf0, 0x6b, 0x00, 0x00, 0x00, 0x00, 0x00, 0x00,
  0xf0, 0x5b, 0x00, 0x00, 0x00, 0x00, 0x00, 0x00, 0xe0, 0x00, 0x00, 0x00,
  0x00, 0x00, 0x00, 0x00, 0x00, 0x00, 0x00, 0x00, 0x00, 0x00, 0x00, 0x00,
  0x08, 0x00, 0x00, 0x00, 0x00, 0x00, 0x00, 0x00, 0x00, 0x00, 0x00, 0x00,
  0x00, 0x00, 0x00, 0x00, 0x24, 0x01, 0x00, 0x00, 0x06, 0x00, 0x00, 0x00,
  0x03, 0x00, 0x00, 0x00, 0x00, 0x00, 0x00, 0x00, 0xd0, 0x6c, 0x00, 0x00,
  0x00, 0x00, 0x00, 0x00, 0xd0, 0x5c, 0x00, 0x00, 0x00, 0x00, 0x00, 0x00,
  0x80, 0x02, 0x00, 0x00, 0x00, 0x00, 0x00, 0x00, 0x03, 0x00, 0x00, 0x00,
  0x00, 0x00, 0x00, 0x00, 0x08, 0x00, 0x00, 0x00, 0x00, 0x00, 0x00, 0x00,
  0x10, 0x00, 0x00, 0x00, 0x00, 0x00, 0x00, 0x00, 0x1f, 0x00, 0x00, 0x00,
  0x01, 0x00, 0x00, 0x00, 0x03, 0x00, 0x00, 0x00, 0x00, 0x00, 0x00, 0x00,
  0x50, 0x6f, 0x00, 0x00, 0x00, 0x00, 0x00, 0x00, 0x50, 0x5f, 0x00, 0x00,
  0x00, 0x00, 0x00, 0x00, 0x98, 0x00, 0x00, 0x00, 0x00, 0x00, 0x00, 0x00,
  0x00, 0x00, 0x00, 0x00, 0x00, 0x00, 0x00, 0x00, 0x08, 0x00, 0x00, 0x00,
  0x00, 0x00, 0x00, 0x00, 0x00, 0x00, 0x00, 0x00, 0x00, 0x00, 0x00, 0x00,
  0x2d, 0x00, 0x00, 0x00, 0x01, 0x00, 0x00, 0x00, 0x03, 0x00, 0x00, 0x00,
  0x00, 0x00, 0x00, 0x00, 0xe8, 0x6f, 0x00, 0x00, 0x00, 0x00, 0x00, 0x00,
  0xe8, 0x5f, 0x00, 0x00, 0x00, 0x00, 0x00, 0x00, 0x30, 0x02, 0x00, 0x00,
  0x00, 0x00, 0x00, 0x00, 0x00, 0x00, 0x00, 0x00, 0x00, 0x00, 0x00, 0x00,
  0x08, 0x00, 0x00, 0x00, 0x00, 0x00, 0x00, 0x00, 0x00, 0x00, 0x00, 0x00,
  0x00, 0x00, 0x00, 0x00, 0x4f, 0x01, 0x00, 0x00, 0x01, 0x00, 0x00, 0x00,
  0x03, 0x00, 0x00, 0x00, 0x00, 0x00, 0x00, 0x00, 0x18, 0x72, 0x00, 0x00,
  0x00, 0x00, 0x00, 0x00, 0x18, 0x62, 0x00, 0x00, 0x00, 0x00, 0x00, 0x00,
  0x10, 0x00, 0x00, 0x00, 0x00, 0x00, 0x00, 0x00, 0x00, 0x00, 0x00, 0x00,
  0x00, 0x00, 0x00, 0x00, 0x08, 0x00, 0x00, 0x00, 0x00, 0x00, 0x00, 0x00,
  0x00, 0x00, 0x00, 0x00, 0x00, 0x00, 0x00, 0x00, 0xf2, 0x00, 0x00, 0x00,
  0x01, 0x00, 0x00, 0x00, 0x03, 0x00, 0x00, 0x00, 0x00, 0x00, 0x00, 0x00,
  0x28, 0x72, 0x00, 0x00, 0x00, 0x00, 0x00, 0x00, 0x28, 0x62, 0x00, 0x00,
  0x00, 0x00, 0x00, 0x00, 0x00, 0x00, 0x00, 0x00, 0x00, 0x00, 0x00, 0x00,
  0x00, 0x00, 0x00, 0x00, 0x00, 0x00, 0x00, 0x00, 0x08, 0x00, 0x00, 0x00,
  0x00, 0x00, 0x00, 0x00, 0x00, 0x00, 0x00, 0x00, 0x00, 0x00, 0x00, 0x00,
  0x46, 0x00, 0x00, 0x00, 0x08, 0x00, 0x00, 0x00, 0x03, 0x00, 0x00, 0x00,
  0x00, 0x00, 0x00, 0x00, 0x40, 0x72, 0x00, 0x00, 0x00, 0x00, 0x00, 0x00,
  0x28, 0x62, 0x00, 0x00, 0x00, 0x00, 0x00, 0x00, 0x79, 0x00, 0x00, 0x00,
  0x00, 0x00, 0x00, 0x00, 0x00, 0x00, 0x00, 0x00, 0x00, 0x00, 0x00, 0x00,
  0x20, 0x00, 0x00, 0x00, 0x00, 0x00, 0x00, 0x00, 0x00, 0x00, 0x00, 0x00,
  0x00, 0x00, 0x00, 0x00, 0x24, 0x00, 0x00, 0x00, 0x01, 0x00, 0x00, 0x00,
  0x30, 0x00, 0x00, 0x00, 0x00, 0x00, 0x00, 0x00, 0x00, 0x00, 0x00, 0x00,
  0x00, 0x00, 0x00, 0x00, 0x28, 0x62, 0x00, 0x00, 0x00, 0x00, 0x00, 0x00,
  0x2d, 0x00, 0x00, 0x00, 0x00, 0x00, 0x00, 0x00, 0x00, 0x00, 0x00, 0x00,
  0x00, 0x00, 0x00, 0x00, 0x01, 0x00, 0x00, 0x00, 0x00, 0x00, 0x00, 0x00,
  0x01, 0x00, 0x00, 0x00, 0x00, 0x00, 0x00, 0x00, 0x94, 0x00, 0x00, 0x00,
  0x07, 0x00, 0x00, 0x00, 0x00, 0x00, 0x00, 0x00, 0x00, 0x00, 0x00, 0x00,
  0x00, 0x00, 0x00, 0x00, 0x00, 0x00, 0x00, 0x00, 0x58, 0x62, 0x00, 0x00,
  0x00, 0x00, 0x00, 0x00, 0x1c, 0x00, 0x00, 0x00, 0x00, 0x00, 0x00, 0x00,
  0x00, 0x00, 0x00, 0x00, 0x00, 0x00, 0x00, 0x00, 0x04, 0x00, 0x00, 0x00,
  0x00, 0x00, 0x00, 0x00, 0x00, 0x00, 0x00, 0x00, 0x00, 0x00, 0x00, 0x00,
  0x3f, 0x01, 0x00, 0x00, 0x02, 0x00, 0x00, 0x00, 0x00, 0x00, 0x00, 0x00,
  0x00, 0x00, 0x00, 0x00, 0x00, 0x00, 0x00, 0x00, 0x00, 0x00, 0x00, 0x00,
  0x78, 0x62, 0x00, 0x00, 0x00, 0x00, 0x00, 0x00, 0x10, 0x0e, 0x00, 0x00,
  0x00, 0x00, 0x00, 0x00, 0x1f, 0x00, 0x00, 0x00, 0x2b, 0x00, 0x00, 0x00,
  0x08, 0x00, 0x00, 0x00, 0x00, 0x00, 0x00, 0x00, 0x18, 0x00, 0x00, 0x00,
  0x00, 0x00, 0x00, 0x00, 0x37, 0x01, 0x00, 0x00, 0x03, 0x00, 0x00, 0x00,
  0x00, 0x00, 0x00, 0x00, 0x00, 0x00, 0x00, 0x00, 0x00, 0x00, 0x00, 0x00,
  0x00, 0x00, 0x00, 0x00, 0x88, 0x70, 0x00, 0x00, 0x00, 0x00, 0x00, 0x00,
  0x3d, 0x10, 0x00, 0x00, 0x00, 0x00, 0x00, 0x00, 0x00, 0x00, 0x00, 0x00,
  0x00, 0x00, 0x00, 0x00, 0x01, 0x00, 0x00, 0x00, 0x00, 0x00, 0x00, 0x00,
  0x00, 0x00, 0x00, 0x00, 0x00, 0x00, 0x00, 0x00, 0x2d, 0x01, 0x00, 0x00,
  0x03, 0x00, 0x00, 0x00, 0x00, 0x00, 0x00, 0x00, 0x00, 0x00, 0x00, 0x00,
  0x00, 0x00, 0x00, 0x00, 0x00, 0x00, 0x00, 0x00, 0xc5, 0x80, 0x00, 0x00,
  0x00, 0x00, 0x00, 0x00, 0x55, 0x01, 0x00, 0x00, 0x00, 0x00, 0x00, 0x00,
  0x00, 0x00, 0x00, 0x00, 0x00, 0x00, 0x00, 0x00, 0x01, 0x00, 0x00, 0x00,
  0x00, 0x00, 0x00, 0x00, 0x00, 0x00, 0x00, 0x00, 0x00, 0x00, 0x00, 0x00
};
unsigned int __libshm_so_len = 35424;
