unsigned char __libwebpdemux_df9b36c7_so_2_0_14[] = {
  0x7f, 0x45, 0x4c, 0x46, 0x02, 0x01, 0x01, 0x00, 0x00, 0x00, 0x00, 0x00,
  0x00, 0x00, 0x00, 0x00, 0x03, 0x00, 0x3e, 0x00, 0x01, 0x00, 0x00, 0x00,
  0x00, 0x00, 0x00, 0x00, 0x00, 0x00, 0x00, 0x00, 0x40, 0x00, 0x00, 0x00,
  0x00, 0x00, 0x00, 0x00, 0xe8, 0x42, 0x00, 0x00, 0x00, 0x00, 0x00, 0x00,
  0x00, 0x00, 0x00, 0x00, 0x40, 0x00, 0x38, 0x00, 0x0b, 0x00, 0x40, 0x00,
  0x1a, 0x00, 0x15, 0x00, 0x01, 0x00, 0x00, 0x00, 0x04, 0x00, 0x00, 0x00,
  0x00, 0x00, 0x00, 0x00, 0x00, 0x00, 0x00, 0x00, 0x00, 0x00, 0x00, 0x00,
  0x00, 0x00, 0x00, 0x00, 0x00, 0x00, 0x00, 0x00, 0x00, 0x00, 0x00, 0x00,
  0x10, 0x0c, 0x00, 0x00, 0x00, 0x00, 0x00, 0x00, 0x10, 0x0c, 0x00, 0x00,
  0x00, 0x00, 0x00, 0x00, 0x00, 0x10, 0x00, 0x00, 0x00, 0x00, 0x00, 0x00,
  0x51, 0xe5, 0x74, 0x64, 0x06, 0x00, 0x00, 0x00, 0x00, 0x00, 0x00, 0x00,
  0x00, 0x00, 0x00, 0x00, 0x00, 0x00, 0x00, 0x00, 0x00, 0x00, 0x00, 0x00,
  0x00, 0x00, 0x00, 0x00, 0x00, 0x00, 0x00, 0x00, 0x00, 0x00, 0x00, 0x00,
  0x00, 0x00, 0x00, 0x00, 0x00, 0x00, 0x00, 0x00, 0x00, 0x00, 0x00, 0x00,
  0x10, 0x00, 0x00, 0x00, 0x00, 0x00, 0x00, 0x00, 0x01, 0x00, 0x00, 0x00,
  0x05, 0x00, 0x00, 0x00, 0x00, 0x10, 0x00, 0x00, 0x00, 0x00, 0x00, 0x00,
  0x00, 0x10, 0x00, 0x00, 0x00, 0x00, 0x00, 0x00, 0x00, 0x10, 0x00, 0x00,
  0x00, 0x00, 0x00, 0x00, 0xd1, 0x1f, 0x00, 0x00, 0x00, 0x00, 0x00, 0x00,
  0xd1, 0x1f, 0x00, 0x00, 0x00, 0x00, 0x00, 0x00, 0x00, 0x10, 0x00, 0x00,
  0x00, 0x00, 0x00, 0x00, 0x01, 0x00, 0x00, 0x00, 0x04, 0x00, 0x00, 0x00,
  0x00, 0x30, 0x00, 0x00, 0x00, 0x00, 0x00, 0x00, 0x00, 0x30, 0x00, 0x00,
  0x00, 0x00, 0x00, 0x00, 0x00, 0x30, 0x00, 0x00, 0x00, 0x00, 0x00, 0x00,
  0xcc, 0x05, 0x00, 0x00, 0x00, 0x00, 0x00, 0x00, 0xcc, 0x05, 0x00, 0x00,
  0x00, 0x00, 0x00, 0x00, 0x00, 0x10, 0x00, 0x00, 0x00, 0x00, 0x00, 0x00,
  0x50, 0xe5, 0x74, 0x64, 0x04, 0x00, 0x00, 0x00, 0x30, 0x30, 0x00, 0x00,
  0x00, 0x00, 0x00, 0x00, 0x30, 0x30, 0x00, 0x00, 0x00, 0x00, 0x00, 0x00,
  0x30, 0x30, 0x00, 0x00, 0x00, 0x00, 0x00, 0x00, 0x04, 0x01, 0x00, 0x00,
  0x00, 0x00, 0x00, 0x00, 0x04, 0x01, 0x00, 0x00, 0x00, 0x00, 0x00, 0x00,
  0x04, 0x00, 0x00, 0x00, 0x00, 0x00, 0x00, 0x00, 0x01, 0x00, 0x00, 0x00,
  0x06, 0x00, 0x00, 0x00, 0x50, 0x3d, 0x00, 0x00, 0x00, 0x00, 0x00, 0x00,
  0x50, 0x4d, 0x00, 0x00, 0x00, 0x00, 0x00, 0x00, 0x50, 0x4d, 0x00, 0x00,
  0x00, 0x00, 0x00, 0x00, 0x48, 0x03, 0x00, 0x00, 0x00, 0x00, 0x00, 0x00,
  0x50, 0x03, 0x00, 0x00, 0x00, 0x00, 0x00, 0x00, 0x00, 0x10, 0x00, 0x00,
  0x00, 0x00, 0x00, 0x00, 0x52, 0xe5, 0x74, 0x64, 0x04, 0x00, 0x00, 0x00,
  0x50, 0x3d, 0x00, 0x00, 0x00, 0x00, 0x00, 0x00, 0x50, 0x4d, 0x00, 0x00,
  0x00, 0x00, 0x00, 0x00, 0x50, 0x4d, 0x00, 0x00, 0x00, 0x00, 0x00, 0x00,
  0xb0, 0x02, 0x00, 0x00, 0x00, 0x00, 0x00, 0x00, 0xb0, 0x02, 0x00, 0x00,
  0x00, 0x00, 0x00, 0x00, 0x01, 0x00, 0x00, 0x00, 0x00, 0x00, 0x00, 0x00,
  0x02, 0x00, 0x00, 0x00, 0x06, 0x00, 0x00, 0x00, 0xe0, 0x3d, 0x00, 0x00,
  0x00, 0x00, 0x00, 0x00, 0xe0, 0x4d, 0x00, 0x00, 0x00, 0x00, 0x00, 0x00,
  0xe0, 0x4d, 0x00, 0x00, 0x00, 0x00, 0x00, 0x00, 0xf0, 0x01, 0x00, 0x00,
  0x00, 0x00, 0x00, 0x00, 0xf0, 0x01, 0x00, 0x00, 0x00, 0x00, 0x00, 0x00,
  0x08, 0x00, 0x00, 0x00, 0x00, 0x00, 0x00, 0x00, 0x04, 0x00, 0x00, 0x00,
  0x04, 0x00, 0x00, 0x00, 0x00, 0x50, 0x00, 0x00, 0x00, 0x00, 0x00, 0x00,
  0x00, 0x60, 0x00, 0x00, 0x00, 0x00, 0x00, 0x00, 0x00, 0x60, 0x00, 0x00,
  0x00, 0x00, 0x00, 0x00, 0x24, 0x00, 0x00, 0x00, 0x00, 0x00, 0x00, 0x00,
  0x24, 0x00, 0x00, 0x00, 0x00, 0x00, 0x00, 0x00, 0x04, 0x00, 0x00, 0x00,
  0x00, 0x00, 0x00, 0x00, 0x01, 0x00, 0x00, 0x00, 0x06, 0x00, 0x00, 0x00,
  0x00, 0x50, 0x00, 0x00, 0x00, 0x00, 0x00, 0x00, 0x00, 0x60, 0x00, 0x00,
  0x00, 0x00, 0x00, 0x00, 0x00, 0x60, 0x00, 0x00, 0x00, 0x00, 0x00, 0x00,
  0xd0, 0x03, 0x00, 0x00, 0x00, 0x00, 0x00, 0x00, 0xd0, 0x03, 0x00, 0x00,
  0x00, 0x00, 0x00, 0x00, 0x00, 0x10, 0x00, 0x00, 0x00, 0x00, 0x00, 0x00,
  0x01, 0x00, 0x00, 0x00, 0x06, 0x00, 0x00, 0x00, 0x00, 0x60, 0x00, 0x00,
  0x00, 0x00, 0x00, 0x00, 0x00, 0x70, 0x00, 0x00, 0x00, 0x00, 0x00, 0x00,
  0x00, 0x70, 0x00, 0x00, 0x00, 0x00, 0x00, 0x00, 0x08, 0x06, 0x00, 0x00,
  0x00, 0x00, 0x00, 0x00, 0x08, 0x06, 0x00, 0x00, 0x00, 0x00, 0x00, 0x00,
  0x00, 0x10, 0x00, 0x00, 0x00, 0x00, 0x00, 0x00, 0x58, 0x58, 0x58, 0x58,
  0x58, 0x58, 0x58, 0x58, 0x58, 0x58, 0x58, 0x58, 0x58, 0x58, 0x58, 0x58,
  0x58, 0x58, 0x58, 0x58, 0x58, 0x58, 0x58, 0x58, 0x58, 0x58, 0x58, 0x58,
  0x58, 0x58, 0x58, 0x58, 0x58, 0x58, 0x58, 0x58, 0x58, 0x58, 0x58, 0x58,
  0x58, 0x58, 0x58, 0x58, 0x58, 0x58, 0x58, 0x58, 0x58, 0x58, 0x58, 0x58,
  0x58, 0x58, 0x58, 0x58, 0x58, 0x58, 0x58, 0x58, 0x58, 0x58, 0x58, 0x58,
  0x58, 0x58, 0x58, 0x58, 0x58, 0x58, 0x58, 0x58, 0x58, 0x58, 0x58, 0x58,
  0x58, 0x58, 0x58, 0x58, 0x58, 0x58, 0x58, 0x58, 0x58, 0x58, 0x58, 0x58,
  0x58, 0x58, 0x58, 0x58, 0x58, 0x58, 0x58, 0x58, 0x58, 0x58, 0x58, 0x58,
  0x58, 0x58, 0x58, 0x58, 0x58, 0x58, 0x58, 0x58, 0x00, 0x00, 0x00, 0x00,
  0x58, 0x58, 0x58, 0x58, 0x58, 0x58, 0x58, 0x58, 0x58, 0x58, 0x58, 0x58,
  0x58, 0x58, 0x58, 0x58, 0x58, 0x58, 0x58, 0x58, 0x58, 0x58, 0x58, 0x58,
  0x58, 0x58, 0x58, 0x58, 0x58, 0x58, 0x58, 0x58, 0x58, 0x58, 0x58, 0x58,
  0x58, 0x58, 0x58, 0x58, 0x58, 0x58, 0x58, 0x58, 0x58, 0x58, 0x58, 0x58,
  0x58, 0x58, 0x58, 0x58, 0x58, 0x58, 0x58, 0x58, 0x58, 0x58, 0x58, 0x58,
  0x58, 0x58, 0x58, 0x58, 0x58, 0x58, 0x58, 0x58, 0x58, 0x58, 0x58, 0x58,
  0x58, 0x58, 0x58, 0x58, 0x58, 0x58, 0x58, 0x58, 0x58, 0x58, 0x58, 0x58,
  0x58, 0x58, 0x58, 0x58, 0x58, 0x58, 0x58, 0x58, 0x58, 0x58, 0x58, 0x58,
  0x58, 0x58, 0x58, 0x58, 0x58, 0x58, 0x58, 0x58, 0x58, 0x58, 0x58, 0x58,
  0x58, 0x58, 0x58, 0x58, 0x58, 0x58, 0x58, 0x58, 0x58, 0x58, 0x58, 0x58,
  0x58, 0x58, 0x58, 0x58, 0x58, 0x58, 0x58, 0x58, 0x58, 0x58, 0x58, 0x58,
  0x58, 0x58, 0x58, 0x58, 0x58, 0x58, 0x58, 0x58, 0x58, 0x58, 0x58, 0x58,
  0x58, 0x58, 0x58, 0x58, 0x58, 0x58, 0x58, 0x58, 0x58, 0x58, 0x58, 0x58,
  0x58, 0x58, 0x58, 0x58, 0x58, 0x58, 0x58, 0x58, 0x58, 0x58, 0x58, 0x58,
  0x58, 0x58, 0x58, 0x58, 0x58, 0x58, 0x58, 0x58, 0x58, 0x58, 0x58, 0x58,
  0x58, 0x58, 0x58, 0x58, 0x58, 0x58, 0x58, 0x58, 0x58, 0x58, 0x58, 0x58,
  0x58, 0x58, 0x58, 0x58, 0x58, 0x58, 0x58, 0x58, 0x58, 0x58, 0x58, 0x58,
  0x58, 0x58, 0x58, 0x58, 0x58, 0x58, 0x58, 0x58, 0x58, 0x58, 0x58, 0x58,
  0x58, 0x58, 0x58, 0x58, 0x58, 0x58, 0x58, 0x58, 0x58, 0x58, 0x58, 0x58,
  0x58, 0x58, 0x58, 0x58, 0x58, 0x58, 0x58, 0x58, 0x58, 0x58, 0x58, 0x58,
  0x58, 0x58, 0x58, 0x58, 0x58, 0x58, 0x58, 0x58, 0x58, 0x58, 0x58, 0x58,
  0x58, 0x58, 0x58, 0x58, 0x58, 0x58, 0x58, 0x58, 0x58, 0x58, 0x58, 0x58,
  0x58, 0x58, 0x58, 0x58, 0x58, 0x58, 0x58, 0x58, 0x58, 0x58, 0x58, 0x58,
  0x58, 0x58, 0x58, 0x58, 0x58, 0x58, 0x58, 0x58, 0x58, 0x58, 0x58, 0x58,
  0x58, 0x58, 0x58, 0x58, 0x58, 0x58, 0x58, 0x58, 0x58, 0x58, 0x58, 0x58,
  0x58, 0x58, 0x58, 0x58, 0x58, 0x58, 0x58, 0x58, 0x58, 0x58, 0x58, 0x58,
  0x58, 0x58, 0x58, 0x58, 0x58, 0x58, 0x58, 0x58, 0x58, 0x58, 0x58, 0x58,
  0x58, 0x58, 0x58, 0x58, 0x58, 0x58, 0x58, 0x58, 0x58, 0x58, 0x58, 0x58,
  0x58, 0x58, 0x58, 0x58, 0x58, 0x58, 0x58, 0x58, 0x58, 0x58, 0x58, 0x58,
  0x58, 0x58, 0x58, 0x58, 0x58, 0x58, 0x58, 0x58, 0x58, 0x58, 0x58, 0x58,
  0x58, 0x58, 0x58, 0x58, 0x58, 0x58, 0x58, 0x58, 0x58, 0x58, 0x58, 0x58,
  0x58, 0x58, 0x58, 0x58, 0x58, 0x58, 0x58, 0x58, 0x58, 0x58, 0x58, 0x58,
  0x58, 0x58, 0x58, 0x58, 0x58, 0x58, 0x58, 0x58, 0x58, 0x58, 0x58, 0x58,
  0x58, 0x58, 0x58, 0x58, 0x58, 0x58, 0x58, 0x58, 0x58, 0x58, 0x58, 0x58,
  0x58, 0x58, 0x58, 0x58, 0x58, 0x58, 0x58, 0x58, 0x58, 0x58, 0x58, 0x58,
  0x58, 0x58, 0x58, 0x58, 0x58, 0x58, 0x58, 0x58, 0x58, 0x58, 0x58, 0x58,
  0x58, 0x58, 0x58, 0x58, 0x58, 0x58, 0x58, 0x58, 0x58, 0x58, 0x58, 0x58,
  0x58, 0x58, 0x58, 0x58, 0x58, 0x58, 0x58, 0x58, 0x58, 0x58, 0x58, 0x58,
  0x58, 0x58, 0x58, 0x58, 0x58, 0x58, 0x58, 0x58, 0x58, 0x58, 0x58, 0x58,
  0x58, 0x58, 0x58, 0x58, 0x58, 0x58, 0x58, 0x58, 0x58, 0x58, 0x58, 0x58,
  0x58, 0x58, 0x58, 0x58, 0x58, 0x58, 0x58, 0x58, 0x58, 0x58, 0x58, 0x58,
  0x58, 0x58, 0x58, 0x58, 0x58, 0x58, 0x58, 0x58, 0x58, 0x58, 0x58, 0x58,
  0x58, 0x58, 0x58, 0x58, 0x58, 0x58, 0x58, 0x58, 0x58, 0x58, 0x58, 0x58,
  0x58, 0x58, 0x58, 0x58, 0x58, 0x58, 0x58, 0x58, 0x58, 0x58, 0x58, 0x58,
  0x58, 0x58, 0x58, 0x58, 0x58, 0x58, 0x58, 0x58, 0x58, 0x58, 0x58, 0x58,
  0x58, 0x58, 0x58, 0x58, 0x58, 0x58, 0x58, 0x58, 0x58, 0x58, 0x58, 0x58,
  0x58, 0x58, 0x58, 0x58, 0x58, 0x58, 0x58, 0x58, 0x58, 0x58, 0x58, 0x58,
  0x58, 0x58, 0x58, 0x58, 0x58, 0x58, 0x58, 0x58, 0x58, 0x58, 0x58, 0x58,
  0x58, 0x58, 0x58, 0x58, 0x58, 0x58, 0x58, 0x58, 0x58, 0x58, 0x58, 0x58,
  0x58, 0x58, 0x58, 0x58, 0x58, 0x58, 0x58, 0x58, 0x58, 0x58, 0x58, 0x58,
  0x58, 0x58, 0x58, 0x58, 0x58, 0x58, 0x58, 0x58, 0x58, 0x58, 0x58, 0x58,
  0x58, 0x58, 0x58, 0x58, 0x58, 0x58, 0x58, 0x58, 0x58, 0x58, 0x58, 0x58,
  0x58, 0x58, 0x58, 0x58, 0x58, 0x58, 0x58, 0x58, 0x58, 0x58, 0x58, 0x58,
  0x58, 0x58, 0x58, 0x58, 0x58, 0x58, 0x58, 0x58, 0x58, 0x58, 0x58, 0x58,
  0x58, 0x58, 0x58, 0x58, 0x58, 0x58, 0x58, 0x58, 0x58, 0x58, 0x58, 0x58,
  0x58, 0x58, 0x58, 0x58, 0x58, 0x58, 0x58, 0x58, 0x58, 0x58, 0x58, 0x58,
  0x58, 0x58, 0x58, 0x58, 0x58, 0x58, 0x58, 0x58, 0x58, 0x58, 0x58, 0x58,
  0x58, 0x58, 0x58, 0x58, 0x58, 0x58, 0x58, 0x58, 0x58, 0x58, 0x58, 0x58,
  0x58, 0x58, 0x58, 0x58, 0x58, 0x58, 0x58, 0x58, 0x58, 0x58, 0x58, 0x58,
  0x58, 0x58, 0x58, 0x58, 0x58, 0x58, 0x58, 0x58, 0x58, 0x58, 0x58, 0x58,
  0x58, 0x58, 0x58, 0x58, 0x58, 0x58, 0x58, 0x58, 0x58, 0x58, 0x58, 0x58,
  0x58, 0x58, 0x58, 0x58, 0x58, 0x58, 0x58, 0x58, 0x58, 0x58, 0x58, 0x58,
  0x58, 0x58, 0x58, 0x58, 0x58, 0x58, 0x58, 0x58, 0x58, 0x58, 0x58, 0x58,
  0x58, 0x58, 0x58, 0x58, 0x58, 0x58, 0x58, 0x58, 0x58, 0x58, 0x58, 0x58,
  0x58, 0x58, 0x58, 0x58, 0x58, 0x58, 0x58, 0x58, 0x58, 0x58, 0x58, 0x58,
  0x58, 0x58, 0x58, 0x58, 0x58, 0x58, 0x58, 0x58, 0x58, 0x58, 0x58, 0x58,
  0x58, 0x58, 0x58, 0x58, 0x58, 0x58, 0x58, 0x58, 0x58, 0x58, 0x58, 0x58,
  0x58, 0x58, 0x58, 0x58, 0x58, 0x58, 0x58, 0x58, 0x58, 0x58, 0x58, 0x58,
  0x58, 0x58, 0x58, 0x58, 0x58, 0x58, 0x58, 0x58, 0x58, 0x58, 0x58, 0x58,
  0x58, 0x58, 0x58, 0x58, 0x58, 0x58, 0x58, 0x58, 0x58, 0x58, 0x58, 0x58,
  0x58, 0x58, 0x58, 0x58, 0x58, 0x58, 0x58, 0x58, 0x58, 0x58, 0x58, 0x58,
  0x58, 0x58, 0x58, 0x58, 0x58, 0x58, 0x58, 0x58, 0x58, 0x58, 0x58, 0x58,
  0x58, 0x58, 0x58, 0x58, 0x58, 0x58, 0x58, 0x58, 0x58, 0x58, 0x58, 0x58,
  0x58, 0x58, 0x58, 0x58, 0x58, 0x58, 0x58, 0x58, 0x58, 0x58, 0x58, 0x58,
  0x58, 0x58, 0x58, 0x58, 0x58, 0x58, 0x58, 0x58, 0x58, 0x58, 0x58, 0x58,
  0x58, 0x58, 0x58, 0x58, 0x58, 0x58, 0x58, 0x58, 0x58, 0x58, 0x58, 0x58,
  0x58, 0x58, 0x58, 0x58, 0x58, 0x58, 0x58, 0x58, 0x58, 0x58, 0x58, 0x58,
  0x58, 0x58, 0x58, 0x58, 0x58, 0x58, 0x58, 0x58, 0x58, 0x58, 0x58, 0x58,
  0x58, 0x58, 0x58, 0x58, 0x58, 0x58, 0x58, 0x58, 0x58, 0x58, 0x58, 0x58,
  0x58, 0x58, 0x58, 0x58, 0x58, 0x58, 0x58, 0x58, 0x58, 0x58, 0x58, 0x58,
  0x58, 0x58, 0x58, 0x58, 0x58, 0x58, 0x58, 0x58, 0x58, 0x58, 0x58, 0x58,
  0x58, 0x58, 0x58, 0x58, 0x58, 0x58, 0x58, 0x58, 0x58, 0x58, 0x58, 0x58,
  0x58, 0x58, 0x58, 0x58, 0x58, 0x58, 0x58, 0x58, 0x58, 0x58, 0x58, 0x58,
  0x58, 0x58, 0x58, 0x58, 0x58, 0x58, 0x58, 0x58, 0x58, 0x58, 0x58, 0x58,
  0x58, 0x58, 0x58, 0x58, 0x58, 0x58, 0x58, 0x58, 0x58, 0x58, 0x58, 0x58,
  0x58, 0x58, 0x58, 0x58, 0x58, 0x58, 0x58, 0x58, 0x58, 0x58, 0x58, 0x58,
  0x58, 0x58, 0x58, 0x58, 0x58, 0x58, 0x58, 0x58, 0x58, 0x58, 0x58, 0x58,
  0x58, 0x58, 0x58, 0x58, 0x58, 0x58, 0x58, 0x58, 0x58, 0x58, 0x58, 0x58,
  0x58, 0x58, 0x58, 0x58, 0x58, 0x58, 0x58, 0x58, 0x58, 0x58, 0x58, 0x58,
  0x58, 0x58, 0x58, 0x58, 0x58, 0x58, 0x58, 0x58, 0x58, 0x58, 0x58, 0x58,
  0x58, 0x58, 0x58, 0x58, 0x58, 0x58, 0x58, 0x58, 0x58, 0x58, 0x58, 0x58,
  0x58, 0x58, 0x58, 0x58, 0x58, 0x58, 0x58, 0x58, 0x58, 0x58, 0x58, 0x58,
  0x58, 0x58, 0x58, 0x58, 0x58, 0x58, 0x58, 0x58, 0x58, 0x58, 0x58, 0x58,
  0x58, 0x58, 0x58, 0x58, 0x58, 0x58, 0x58, 0x58, 0x58, 0x58, 0x58, 0x58,
  0x58, 0x58, 0x58, 0x58, 0x58, 0x58, 0x58, 0x58, 0x58, 0x58, 0x58, 0x58,
  0x58, 0x58, 0x58, 0x58, 0x58, 0x58, 0x58, 0x58, 0x58, 0x58, 0x58, 0x58,
  0x58, 0x58, 0x58, 0x58, 0x58, 0x58, 0x58, 0x58, 0x58, 0x58, 0x58, 0x58,
  0x58, 0x58, 0x58, 0x58, 0x58, 0x58, 0x58, 0x58, 0x58, 0x58, 0x58, 0x58,
  0x58, 0x58, 0x58, 0x58, 0x58, 0x58, 0x58, 0x58, 0x58, 0x58, 0x58, 0x58,
  0x58, 0x58, 0x58, 0x58, 0x58, 0x58, 0x58, 0x58, 0x58, 0x58, 0x58, 0x58,
  0x58, 0x58, 0x58, 0x58, 0x58, 0x58, 0x58, 0x58, 0x58, 0x58, 0x58, 0x58,
  0x58, 0x58, 0x58, 0x58, 0x58, 0x58, 0x58, 0x58, 0x58, 0x58, 0x58, 0x58,
  0x58, 0x58, 0x58, 0x58, 0x58, 0x58, 0x58, 0x58, 0x58, 0x58, 0x58, 0x58,
  0x58, 0x58, 0x58, 0x58, 0x58, 0x58, 0x58, 0x58, 0x58, 0x58, 0x58, 0x58,
  0x58, 0x58, 0x58, 0x58, 0x58, 0x58, 0x58, 0x58, 0x58, 0x58, 0x58, 0x58,
  0x58, 0x58, 0x58, 0x58, 0x58, 0x58, 0x58, 0x58, 0x58, 0x58, 0x58, 0x58,
  0x58, 0x58, 0x58, 0x58, 0x58, 0x58, 0x58, 0x58, 0x58, 0x58, 0x58, 0x58,
  0x58, 0x58, 0x58, 0x58, 0x58, 0x58, 0x58, 0x58, 0x58, 0x58, 0x58, 0x58,
  0x58, 0x58, 0x58, 0x58, 0x58, 0x58, 0x58, 0x58, 0x58, 0x58, 0x58, 0x58,
  0x58, 0x58, 0x58, 0x58, 0x58, 0x58, 0x58, 0x58, 0x58, 0x58, 0x58, 0x58,
  0x58, 0x58, 0x58, 0x58, 0x58, 0x58, 0x58, 0x58, 0x58, 0x58, 0x58, 0x58,
  0x58, 0x58, 0x58, 0x58, 0x58, 0x58, 0x58, 0x58, 0x58, 0x58, 0x58, 0x58,
  0x58, 0x58, 0x58, 0x58, 0x58, 0x58, 0x58, 0x58, 0x58, 0x58, 0x58, 0x58,
  0x58, 0x58, 0x58, 0x58, 0x58, 0x58, 0x58, 0x58, 0x58, 0x58, 0x58, 0x58,
  0x58, 0x58, 0x58, 0x58, 0x58, 0x58, 0x58, 0x58, 0x58, 0x58, 0x58, 0x58,
  0x58, 0x58, 0x58, 0x58, 0x58, 0x58, 0x58, 0x58, 0x58, 0x58, 0x58, 0x58,
  0x58, 0x58, 0x58, 0x58, 0x58, 0x58, 0x58, 0x58, 0x58, 0x58, 0x58, 0x58,
  0x58, 0x58, 0x58, 0x58, 0x58, 0x58, 0x58, 0x58, 0x58, 0x58, 0x58, 0x58,
  0x58, 0x58, 0x58, 0x58, 0x58, 0x58, 0x58, 0x58, 0x58, 0x58, 0x58, 0x58,
  0x58, 0x58, 0x58, 0x58, 0x58, 0x58, 0x58, 0x58, 0x58, 0x58, 0x58, 0x58,
  0x58, 0x58, 0x58, 0x58, 0x58, 0x58, 0x58, 0x58, 0x58, 0x58, 0x58, 0x58,
  0x58, 0x58, 0x58, 0x58, 0x58, 0x58, 0x58, 0x58, 0x58, 0x58, 0x58, 0x58,
  0x58, 0x58, 0x58, 0x58, 0x58, 0x58, 0x58, 0x58, 0x58, 0x58, 0x58, 0x58,
  0x58, 0x58, 0x58, 0x58, 0x58, 0x00, 0x00, 0x00, 0x01, 0x00, 0x01, 0x00,
  0x01, 0x00, 0x02, 0x00, 0x01, 0x00, 0x03, 0x00, 0x01, 0x00, 0x01, 0x00,
  0x01, 0x00, 0x01, 0x00, 0x02, 0x00, 0x01, 0x00, 0x01, 0x00, 0x01, 0x00,
  0x01, 0x00, 0x01, 0x00, 0x01, 0x00, 0x01, 0x00, 0x01, 0x00, 0x01, 0x00,
  0x01, 0x00, 0x01, 0x00, 0x01, 0x00, 0x01, 0x00, 0x01, 0x00, 0x01, 0x00,
  0x01, 0x00, 0x01, 0x00, 0x01, 0x00, 0x01, 0x00, 0x01, 0x00, 0x00, 0x00,
  0x00, 0x00, 0x00, 0x00, 0x01, 0x00, 0x02, 0x00, 0x96, 0x02, 0x00, 0x00,
  0x10, 0x00, 0x00, 0x00, 0x00, 0x00, 0x00, 0x00, 0x94, 0x91, 0x96, 0x06,
  0x00, 0x00, 0x03, 0x00, 0xb2, 0x02, 0x00, 0x00, 0x10, 0x00, 0x00, 0x00,
  0x75, 0x1a, 0x69, 0x09, 0x00, 0x00, 0x02, 0x00, 0xbd, 0x02, 0x00, 0x00,
  0x00, 0x00, 0x00, 0x00, 0x50, 0x4d, 0x00, 0x00, 0x00, 0x00, 0x00, 0x00,
  0x08, 0x00, 0x00, 0x00, 0x00, 0x00, 0x00, 0x00, 0xf0, 0x11, 0x00, 0x00,
  0x00, 0x00, 0x00, 0x00, 0x58, 0x4d, 0x00, 0x00, 0x00, 0x00, 0x00, 0x00,
  0x08, 0x00, 0x00, 0x00, 0x00, 0x00, 0x00, 0x00, 0xb0, 0x11, 0x00, 0x00,
  0x00, 0x00, 0x00, 0x00, 0x60, 0x4d, 0x00, 0x00, 0x00, 0x00, 0x00, 0x00,
  0x08, 0x00, 0x00, 0x00, 0x00, 0x00, 0x00, 0x00, 0x60, 0x4d, 0x00, 0x00,
  0x00, 0x00, 0x00, 0x00, 0x88, 0x4d, 0x00, 0x00, 0x00, 0x00, 0x00, 0x00,
  0x08, 0x00, 0x00, 0x00, 0x00, 0x00, 0x00, 0x00, 0xb0, 0x1f, 0x00, 0x00,
  0x00, 0x00, 0x00, 0x00, 0x90, 0x4d, 0x00, 0x00, 0x00, 0x00, 0x00, 0x00,
  0x08, 0x00, 0x00, 0x00, 0x00, 0x00, 0x00, 0x00, 0xe0, 0x1b, 0x00, 0x00,
  0x00, 0x00, 0x00, 0x00, 0xa0, 0x4d, 0x00, 0x00, 0x00, 0x00, 0x00, 0x00,
  0x08, 0x00, 0x00, 0x00, 0x00, 0x00, 0x00, 0x00, 0xb0, 0x1f, 0x00, 0x00,
  0x00, 0x00, 0x00, 0x00, 0xa8, 0x4d, 0x00, 0x00, 0x00, 0x00, 0x00, 0x00,
  0x08, 0x00, 0x00, 0x00, 0x00, 0x00, 0x00, 0x00, 0xe0, 0x1b, 0x00, 0x00,
  0x00, 0x00, 0x00, 0x00, 0xb8, 0x4d, 0x00, 0x00, 0x00, 0x00, 0x00, 0x00,
  0x08, 0x00, 0x00, 0x00, 0x00, 0x00, 0x00, 0x00, 0xf0, 0x20, 0x00, 0x00,
  0x00, 0x00, 0x00, 0x00, 0xc0, 0x4d, 0x00, 0x00, 0x00, 0x00, 0x00, 0x00,
  0x08, 0x00, 0x00, 0x00, 0x00, 0x00, 0x00, 0x00, 0x30, 0x1c, 0x00, 0x00,
  0x00, 0x00, 0x00, 0x00, 0xd0, 0x4f, 0x00, 0x00, 0x00, 0x00, 0x00, 0x00,
  0x06, 0x00, 0x00, 0x00, 0x02, 0x00, 0x00, 0x00, 0x00, 0x00, 0x00, 0x00,
  0x00, 0x00, 0x00, 0x00, 0xd8, 0x4f, 0x00, 0x00, 0x00, 0x00, 0x00, 0x00,
  0x06, 0x00, 0x00, 0x00, 0x05, 0x00, 0x00, 0x00, 0x00, 0x00, 0x00, 0x00,
  0x00, 0x00, 0x00, 0x00, 0xe0, 0x4f, 0x00, 0x00, 0x00, 0x00, 0x00, 0x00,
  0x06, 0x00, 0x00, 0x00, 0x0a, 0x00, 0x00, 0x00, 0x00, 0x00, 0x00, 0x00,
  0x00, 0x00, 0x00, 0x00, 0xe8, 0x4f, 0x00, 0x00, 0x00, 0x00, 0x00, 0x00,
  0x06, 0x00, 0x00, 0x00, 0x0b, 0x00, 0x00, 0x00, 0x00, 0x00, 0x00, 0x00,
  0x00, 0x00, 0x00, 0x00, 0x18, 0x50, 0x00, 0x00, 0x00, 0x00, 0x00, 0x00,
  0x07, 0x00, 0x00, 0x00, 0x01, 0x00, 0x00, 0x00, 0x00, 0x00, 0x00, 0x00,
  0x00, 0x00, 0x00, 0x00, 0x20, 0x50, 0x00, 0x00, 0x00, 0x00, 0x00, 0x00,
  0x07, 0x00, 0x00, 0x00, 0x03, 0x00, 0x00, 0x00, 0x00, 0x00, 0x00, 0x00,
  0x00, 0x00, 0x00, 0x00, 0x28, 0x50, 0x00, 0x00, 0x00, 0x00, 0x00, 0x00,
  0x07, 0x00, 0x00, 0x00, 0x10, 0x00, 0x00, 0x00, 0x00, 0x00, 0x00, 0x00,
  0x00, 0x00, 0x00, 0x00, 0x30, 0x50, 0x00, 0x00, 0x00, 0x00, 0x00, 0x00,
  0x07, 0x00, 0x00, 0x00, 0x04, 0x00, 0x00, 0x00, 0x00, 0x00, 0x00, 0x00,
  0x00, 0x00, 0x00, 0x00, 0x38, 0x50, 0x00, 0x00, 0x00, 0x00, 0x00, 0x00,
  0x07, 0x00, 0x00, 0x00, 0x18, 0x00, 0x00, 0x00, 0x00, 0x00, 0x00, 0x00,
  0x00, 0x00, 0x00, 0x00, 0x40, 0x50, 0x00, 0x00, 0x00, 0x00, 0x00, 0x00,
  0x07, 0x00, 0x00, 0x00, 0x15, 0x00, 0x00, 0x00, 0x00, 0x00, 0x00, 0x00,
  0x00, 0x00, 0x00, 0x00, 0x48, 0x50, 0x00, 0x00, 0x00, 0x00, 0x00, 0x00,
  0x07, 0x00, 0x00, 0x00, 0x17, 0x00, 0x00, 0x00, 0x00, 0x00, 0x00, 0x00,
  0x00, 0x00, 0x00, 0x00, 0x50, 0x50, 0x00, 0x00, 0x00, 0x00, 0x00, 0x00,
  0x07, 0x00, 0x00, 0x00, 0x06, 0x00, 0x00, 0x00, 0x00, 0x00, 0x00, 0x00,
  0x00, 0x00, 0x00, 0x00, 0x58, 0x50, 0x00, 0x00, 0x00, 0x00, 0x00, 0x00,
  0x07, 0x00, 0x00, 0x00, 0x07, 0x00, 0x00, 0x00, 0x00, 0x00, 0x00, 0x00,
  0x00, 0x00, 0x00, 0x00, 0x60, 0x50, 0x00, 0x00, 0x00, 0x00, 0x00, 0x00,
  0x07, 0x00, 0x00, 0x00, 0x19, 0x00, 0x00, 0x00, 0x00, 0x00, 0x00, 0x00,
  0x00, 0x00, 0x00, 0x00, 0x68, 0x50, 0x00, 0x00, 0x00, 0x00, 0x00, 0x00,
  0x07, 0x00, 0x00, 0x00, 0x08, 0x00, 0x00, 0x00, 0x00, 0x00, 0x00, 0x00,
  0x00, 0x00, 0x00, 0x00, 0x70, 0x50, 0x00, 0x00, 0x00, 0x00, 0x00, 0x00,
  0x07, 0x00, 0x00, 0x00, 0x16, 0x00, 0x00, 0x00, 0x00, 0x00, 0x00, 0x00,
  0x00, 0x00, 0x00, 0x00, 0x78, 0x50, 0x00, 0x00, 0x00, 0x00, 0x00, 0x00,
  0x07, 0x00, 0x00, 0x00, 0x09, 0x00, 0x00, 0x00, 0x00, 0x00, 0x00, 0x00,
  0x00, 0x00, 0x00, 0x00, 0x80, 0x50, 0x00, 0x00, 0x00, 0x00, 0x00, 0x00,
  0x07, 0x00, 0x00, 0x00, 0x0f, 0x00, 0x00, 0x00, 0x00, 0x00, 0x00, 0x00,
  0x00, 0x00, 0x00, 0x00, 0x88, 0x50, 0x00, 0x00, 0x00, 0x00, 0x00, 0x00,
  0x07, 0x00, 0x00, 0x00, 0x1a, 0x00, 0x00, 0x00, 0x00, 0x00, 0x00, 0x00,
  0x00, 0x00, 0x00, 0x00, 0x90, 0x50, 0x00, 0x00, 0x00, 0x00, 0x00, 0x00,
  0x07, 0x00, 0x00, 0x00, 0x0b, 0x00, 0x00, 0x00, 0x00, 0x00, 0x00, 0x00,
  0x00, 0x00, 0x00, 0x00, 0x00, 0x00, 0x00, 0x00, 0x00, 0x00, 0x00, 0x00,
  0x00, 0x00, 0x00, 0x00, 0x00, 0x00, 0x00, 0x00, 0x00, 0x00, 0x00, 0x00,
  0x00, 0x00, 0x00, 0x00, 0x00, 0x00, 0x00, 0x00, 0x00, 0x00, 0x00, 0x00,
  0x00, 0x00, 0x00, 0x00, 0x00, 0x00, 0x00, 0x00, 0x00, 0x00, 0x00, 0x00,
  0x00, 0x00, 0x00, 0x00, 0x00, 0x00, 0x00, 0x00, 0x00, 0x00, 0x00, 0x00,
  0x00, 0x00, 0x00, 0x00, 0x00, 0x00, 0x00, 0x00, 0x00, 0x00, 0x00, 0x00,
  0x00, 0x00, 0x00, 0x00, 0x00, 0x00, 0x00, 0x00, 0x00, 0x00, 0x00, 0x00,
  0x00, 0x00, 0x00, 0x00, 0x00, 0x00, 0x00, 0x00, 0x00, 0x00, 0x00, 0x00,
  0x00, 0x00, 0x00, 0x00, 0x00, 0x00, 0x00, 0x00, 0x00, 0x00, 0x00, 0x00,
  0x00, 0x00, 0x00, 0x00, 0x00, 0x00, 0x00, 0x00, 0x00, 0x00, 0x00, 0x00,
  0x00, 0x00, 0x00, 0x00, 0x00, 0x00, 0x00, 0x00, 0x00, 0x00, 0x00, 0x00,
  0x00, 0x00, 0x00, 0x00, 0x00, 0x00, 0x00, 0x00, 0x00, 0x00, 0x00, 0x00,
  0x00, 0x00, 0x00, 0x00, 0x00, 0x00, 0x00, 0x00, 0x00, 0x00, 0x00, 0x00,
  0x00, 0x00, 0x00, 0x00, 0x00, 0x00, 0x00, 0x00, 0x00, 0x00, 0x00, 0x00,
  0x00, 0x00, 0x00, 0x00, 0x00, 0x00, 0x00, 0x00, 0x00, 0x00, 0x00, 0x00,
  0x00, 0x00, 0x00, 0x00, 0x00, 0x00, 0x00, 0x00, 0x00, 0x00, 0x00, 0x00,
  0x00, 0x00, 0x00, 0x00, 0x00, 0x00, 0x00, 0x00, 0x00, 0x00, 0x00, 0x00,
  0x00, 0x00, 0x00, 0x00, 0x00, 0x00, 0x00, 0x00, 0x00, 0x00, 0x00, 0x00,
  0x00, 0x00, 0x00, 0x00, 0x00, 0x00, 0x00, 0x00, 0x00, 0x00, 0x00, 0x00,
  0x00, 0x00, 0x00, 0x00, 0x00, 0x00, 0x00, 0x00, 0x00, 0x00, 0x00, 0x00,
  0x00, 0x00, 0x00, 0x00, 0x00, 0x00, 0x00, 0x00, 0x00, 0x00, 0x00, 0x00,
  0x00, 0x00, 0x00, 0x00, 0x00, 0x00, 0x00, 0x00, 0x00, 0x00, 0x00, 0x00,
  0x00, 0x00, 0x00, 0x00, 0x00, 0x00, 0x00, 0x00, 0x00, 0x00, 0x00, 0x00,
  0x00, 0x00, 0x00, 0x00, 0x00, 0x00, 0x00, 0x00, 0x00, 0x00, 0x00, 0x00,
  0x00, 0x00, 0x00, 0x00, 0x00, 0x00, 0x00, 0x00, 0x00, 0x00, 0x00, 0x00,
  0x00, 0x00, 0x00, 0x00, 0x00, 0x00, 0x00, 0x00, 0x00, 0x00, 0x00, 0x00,
  0x00, 0x00, 0x00, 0x00, 0x00, 0x00, 0x00, 0x00, 0x00, 0x00, 0x00, 0x00,
  0x00, 0x00, 0x00, 0x00, 0x00, 0x00, 0x00, 0x00, 0x00, 0x00, 0x00, 0x00,
  0x00, 0x00, 0x00, 0x00, 0x00, 0x00, 0x00, 0x00, 0x00, 0x00, 0x00, 0x00,
  0x00, 0x00, 0x00, 0x00, 0x00, 0x00, 0x00, 0x00, 0x00, 0x00, 0x00, 0x00,
  0x00, 0x00, 0x00, 0x00, 0x00, 0x00, 0x00, 0x00, 0x00, 0x00, 0x00, 0x00,
  0x00, 0x00, 0x00, 0x00, 0x00, 0x00, 0x00, 0x00, 0x00, 0x00, 0x00, 0x00,
  0x00, 0x00, 0x00, 0x00, 0x00, 0x00, 0x00, 0x00, 0x00, 0x00, 0x00, 0x00,
  0x00, 0x00, 0x00, 0x00, 0x00, 0x00, 0x00, 0x00, 0x00, 0x00, 0x00, 0x00,
  0x00, 0x00, 0x00, 0x00, 0x00, 0x00, 0x00, 0x00, 0x00, 0x00, 0x00, 0x00,
  0x00, 0x00, 0x00, 0x00, 0x00, 0x00, 0x00, 0x00, 0x00, 0x00, 0x00, 0x00,
  0x00, 0x00, 0x00, 0x00, 0x00, 0x00, 0x00, 0x00, 0x00, 0x00, 0x00, 0x00,
  0x00, 0x00, 0x00, 0x00, 0x00, 0x00, 0x00, 0x00, 0x00, 0x00, 0x00, 0x00,
  0x00, 0x00, 0x00, 0x00, 0x00, 0x00, 0x00, 0x00, 0x00, 0x00, 0x00, 0x00,
  0x00, 0x00, 0x00, 0x00, 0x00, 0x00, 0x00, 0x00, 0x00, 0x00, 0x00, 0x00,
  0x00, 0x00, 0x00, 0x00, 0x00, 0x00, 0x00, 0x00, 0x00, 0x00, 0x00, 0x00,
  0x00, 0x00, 0x00, 0x00, 0x00, 0x00, 0x00, 0x00, 0x00, 0x00, 0x00, 0x00,
  0x00, 0x00, 0x00, 0x00, 0x00, 0x00, 0x00, 0x00, 0x00, 0x00, 0x00, 0x00,
  0x00, 0x00, 0x00, 0x00, 0x00, 0x00, 0x00, 0x00, 0x00, 0x00, 0x00, 0x00,
  0x00, 0x00, 0x00, 0x00, 0x00, 0x00, 0x00, 0x00, 0x00, 0x00, 0x00, 0x00,
  0x00, 0x00, 0x00, 0x00, 0x00, 0x00, 0x00, 0x00, 0x00, 0x00, 0x00, 0x00,
  0x00, 0x00, 0x00, 0x00, 0x00, 0x00, 0x00, 0x00, 0x00, 0x00, 0x00, 0x00,
  0x00, 0x00, 0x00, 0x00, 0x00, 0x00, 0x00, 0x00, 0x00, 0x00, 0x00, 0x00,
  0x00, 0x00, 0x00, 0x00, 0x00, 0x00, 0x00, 0x00, 0x00, 0x00, 0x00, 0x00,
  0x00, 0x00, 0x00, 0x00, 0x00, 0x00, 0x00, 0x00, 0x00, 0x00, 0x00, 0x00,
  0x00, 0x00, 0x00, 0x00, 0x00, 0x00, 0x00, 0x00, 0x00, 0x00, 0x00, 0x00,
  0x00, 0x00, 0x00, 0x00, 0x00, 0x00, 0x00, 0x00, 0x00, 0x00, 0x00, 0x00,
  0x00, 0x00, 0x00, 0x00, 0x00, 0x00, 0x00, 0x00, 0x00, 0x00, 0x00, 0x00,
  0x00, 0x00, 0x00, 0x00, 0x00, 0x00, 0x00, 0x00, 0x00, 0x00, 0x00, 0x00,
  0x00, 0x00, 0x00, 0x00, 0x00, 0x00, 0x00, 0x00, 0x00, 0x00, 0x00, 0x00,
  0x00, 0x00, 0x00, 0x00, 0x00, 0x00, 0x00, 0x00, 0x00, 0x00, 0x00, 0x00,
  0x00, 0x00, 0x00, 0x00, 0x00, 0x00, 0x00, 0x00, 0x00, 0x00, 0x00, 0x00,
  0x00, 0x00, 0x00, 0x00, 0x00, 0x00, 0x00, 0x00, 0x00, 0x00, 0x00, 0x00,
  0x00, 0x00, 0x00, 0x00, 0x00, 0x00, 0x00, 0x00, 0x00, 0x00, 0x00, 0x00,
  0x00, 0x00, 0x00, 0x00, 0x00, 0x00, 0x00, 0x00, 0x00, 0x00, 0x00, 0x00,
  0x00, 0x00, 0x00, 0x00, 0x00, 0x00, 0x00, 0x00, 0x00, 0x00, 0x00, 0x00,
  0x00, 0x00, 0x00, 0x00, 0x00, 0x00, 0x00, 0x00, 0x00, 0x00, 0x00, 0x00,
  0x00, 0x00, 0x00, 0x00, 0x00, 0x00, 0x00, 0x00, 0x00, 0x00, 0x00, 0x00,
  0x00, 0x00, 0x00, 0x00, 0x00, 0x00, 0x00, 0x00, 0x00, 0x00, 0x00, 0x00,
  0x00, 0x00, 0x00, 0x00, 0x00, 0x00, 0x00, 0x00, 0x00, 0x00, 0x00, 0x00,
  0x00, 0x00, 0x00, 0x00, 0x00, 0x00, 0x00, 0x00, 0x00, 0x00, 0x00, 0x00,
  0x00, 0x00, 0x00, 0x00, 0x00, 0x00, 0x00, 0x00, 0x00, 0x00, 0x00, 0x00,
  0x00, 0x00, 0x00, 0x00, 0x00, 0x00, 0x00, 0x00, 0x00, 0x00, 0x00, 0x00,
  0x00, 0x00, 0x00, 0x00, 0x00, 0x00, 0x00, 0x00, 0x00, 0x00, 0x00, 0x00,
  0x00, 0x00, 0x00, 0x00, 0x00, 0x00, 0x00, 0x00, 0x00, 0x00, 0x00, 0x00,
  0x00, 0x00, 0x00, 0x00, 0x00, 0x00, 0x00, 0x00, 0x00, 0x00, 0x00, 0x00,
  0x00, 0x00, 0x00, 0x00, 0x00, 0x00, 0x00, 0x00, 0x00, 0x00, 0x00, 0x00,
  0x00, 0x00, 0x00, 0x00, 0x00, 0x00, 0x00, 0x00, 0x00, 0x00, 0x00, 0x00,
  0x00, 0x00, 0x00, 0x00, 0x00, 0x00, 0x00, 0x00, 0x00, 0x00, 0x00, 0x00,
  0x00, 0x00, 0x00, 0x00, 0x00, 0x00, 0x00, 0x00, 0x00, 0x00, 0x00, 0x00,
  0x00, 0x00, 0x00, 0x00, 0x00, 0x00, 0x00, 0x00, 0x00, 0x00, 0x00, 0x00,
  0x00, 0x00, 0x00, 0x00, 0x00, 0x00, 0x00, 0x00, 0x00, 0x00, 0x00, 0x00,
  0x00, 0x00, 0x00, 0x00, 0x00, 0x00, 0x00, 0x00, 0x00, 0x00, 0x00, 0x00,
  0x00, 0x00, 0x00, 0x00, 0x00, 0x00, 0x00, 0x00, 0x00, 0x00, 0x00, 0x00,
  0x00, 0x00, 0x00, 0x00, 0x00, 0x00, 0x00, 0x00, 0x00, 0x00, 0x00, 0x00,
  0x00, 0x00, 0x00, 0x00, 0x00, 0x00, 0x00, 0x00, 0x00, 0x00, 0x00, 0x00,
  0x00, 0x00, 0x00, 0x00, 0x00, 0x00, 0x00, 0x00, 0x00, 0x00, 0x00, 0x00,
  0x00, 0x00, 0x00, 0x00, 0x00, 0x00, 0x00, 0x00, 0x00, 0x00, 0x00, 0x00,
  0x00, 0x00, 0x00, 0x00, 0x00, 0x00, 0x00, 0x00, 0x00, 0x00, 0x00, 0x00,
  0x00, 0x00, 0x00, 0x00, 0xf3, 0x0f, 0x1e, 0xfa, 0x48, 0x83, 0xec, 0x08,
  0x48, 0x8b, 0x05, 0xc9, 0x3f, 0x00, 0x00, 0x48, 0x85, 0xc0, 0x74, 0x02,
  0xff, 0xd0, 0x48, 0x83, 0xc4, 0x08, 0xc3, 0x00, 0x00, 0x00, 0x00, 0x00,
  0xff, 0x35, 0xe2, 0x3f, 0x00, 0x00, 0xff, 0x25, 0xe4, 0x3f, 0x00, 0x00,
  0x0f, 0x1f, 0x40, 0x00, 0xff, 0x25, 0xe2, 0x3f, 0x00, 0x00, 0x68, 0x00,
  0x00, 0x00, 0x00, 0xe9, 0xe0, 0xff, 0xff, 0xff, 0xff, 0x25, 0xda, 0x3f,
  0x00, 0x00, 0x68, 0x01, 0x00, 0x00, 0x00, 0xe9, 0xd0, 0xff, 0xff, 0xff,
  0xff, 0x25, 0xd2, 0x3f, 0x00, 0x00, 0x68, 0x02, 0x00, 0x00, 0x00, 0xe9,
  0xc0, 0xff, 0xff, 0xff, 0xff, 0x25, 0xca, 0x3f, 0x00, 0x00, 0x68, 0x03,
  0x00, 0x00, 0x00, 0xe9, 0xb0, 0xff, 0xff, 0xff, 0xff, 0x25, 0xc2, 0x3f,
  0x00, 0x00, 0x68, 0x04, 0x00, 0x00, 0x00, 0xe9, 0xa0, 0xff, 0xff, 0xff,
  0xff, 0x25, 0xba, 0x3f, 0x00, 0x00, 0x68, 0x05, 0x00, 0x00, 0x00, 0xe9,
  0x90, 0xff, 0xff, 0xff, 0xff, 0x25, 0xb2, 0x3f, 0x00, 0x00, 0x68, 0x06,
  0x00, 0x00, 0x00, 0xe9, 0x80, 0xff, 0xff, 0xff, 0xff, 0x25, 0xaa, 0x3f,
  0x00, 0x00, 0x68, 0x07, 0x00, 0x00, 0x00, 0xe9, 0x70, 0xff, 0xff, 0xff,
  0xff, 0x25, 0xa2, 0x3f, 0x00, 0x00, 0x68, 0x08, 0x00, 0x00, 0x00, 0xe9,
  0x60, 0xff, 0xff, 0xff, 0xff, 0x25, 0x9a, 0x3f, 0x00, 0x00, 0x68, 0x09,
  0x00, 0x00, 0x00, 0xe9, 0x50, 0xff, 0xff, 0xff, 0xff, 0x25, 0x92, 0x3f,
  0x00, 0x00, 0x68, 0x0a, 0x00, 0x00, 0x00, 0xe9, 0x40, 0xff, 0xff, 0xff,
  0xff, 0x25, 0x8a, 0x3f, 0x00, 0x00, 0x68, 0x0b, 0x00, 0x00, 0x00, 0xe9,
  0x30, 0xff, 0xff, 0xff, 0xff, 0x25, 0x82, 0x3f, 0x00, 0x00, 0x68, 0x0c,
  0x00, 0x00, 0x00, 0xe9, 0x20, 0xff, 0xff, 0xff, 0xff, 0x25, 0x7a, 0x3f,
  0x00, 0x00, 0x68, 0x0d, 0x00, 0x00, 0x00, 0xe9, 0x10, 0xff, 0xff, 0xff,
  0xff, 0x25, 0x72, 0x3f, 0x00, 0x00, 0x68, 0x0e, 0x00, 0x00, 0x00, 0xe9,
  0x00, 0xff, 0xff, 0xff, 0xff, 0x25, 0x6a, 0x3f, 0x00, 0x00, 0x68, 0x0f,
  0x00, 0x00, 0x00, 0xe9, 0xf0, 0xfe, 0xff, 0xff, 0x48, 0x8b, 0x04, 0x25,
  0x00, 0x00, 0x00, 0x00, 0x0f, 0x0b, 0x31, 0xc0, 0xc3, 0x0f, 0x1f, 0x00,
  0x48, 0x8d, 0x3d, 0x51, 0x3f, 0x00, 0x00, 0x48, 0x8d, 0x05, 0x4a, 0x3f,
  0x00, 0x00, 0x48, 0x39, 0xf8, 0x74, 0x15, 0x48, 0x8b, 0x05, 0x76, 0x3e,
  0x00, 0x00, 0x48, 0x85, 0xc0, 0x74, 0x09, 0xff, 0xe0, 0x0f, 0x1f, 0x80,
  0x00, 0x00, 0x00, 0x00, 0xc3, 0x0f, 0x1f, 0x80, 0x00, 0x00, 0x00, 0x00,
  0x48, 0x8d, 0x3d, 0x21, 0x3f, 0x00, 0x00, 0x48, 0x8d, 0x35, 0x1a, 0x3f,
  0x00, 0x00, 0x48, 0x29, 0xfe, 0x48, 0x89, 0xf0, 0x48, 0xc1, 0xee, 0x3f,
  0x48, 0xc1, 0xf8, 0x03, 0x48, 0x01, 0xc6, 0x48, 0xd1, 0xfe, 0x74, 0x14,
  0x48, 0x8b, 0x05, 0x45, 0x3e, 0x00, 0x00, 0x48, 0x85, 0xc0, 0x74, 0x08,
  0xff, 0xe0, 0x66, 0x0f, 0x1f, 0x44, 0x00, 0x00, 0xc3, 0x0f, 0x1f, 0x80,
  0x00, 0x00, 0x00, 0x00, 0xf3, 0x0f, 0x1e, 0xfa, 0x80, 0x3d, 0xdd, 0x3e,
  0x00, 0x00, 0x00, 0x75, 0x2b, 0x55, 0x48, 0x83, 0x3d, 0x22, 0x3e, 0x00,
  0x00, 0x00, 0x48, 0x89, 0xe5, 0x74, 0x0c, 0x48, 0x8d, 0x3d, 0x8e, 0x3b,
  0x00, 0x00, 0xe8, 0x49, 0xff, 0xff, 0xff, 0xe8, 0x64, 0xff, 0xff, 0xff,
  0xc6, 0x05, 0xb5, 0x3e, 0x00, 0x00, 0x01, 0x5d, 0xc3, 0x0f, 0x1f, 0x00,
  0xc3, 0x0f, 0x1f, 0x80, 0x00, 0x00, 0x00, 0x00, 0xf3, 0x0f, 0x1e, 0xfa,
  0xe9, 0x77, 0xff, 0xff, 0xff, 0x0f, 0x1f, 0x80, 0x00, 0x00, 0x00, 0x00,
  0x85, 0xd2, 0x0f, 0x8e, 0xf8, 0x00, 0x00, 0x00, 0x41, 0x57, 0x48, 0x63,
  0xd2, 0x49, 0x89, 0xf2, 0x49, 0x89, 0xf8, 0x41, 0x56, 0x4c, 0x8d, 0x0c,
  0x95, 0x00, 0x00, 0x00, 0x00, 0x31, 0xf6, 0x41, 0xbb, 0x00, 0x00, 0x00,
  0x01, 0x41, 0x55, 0x41, 0x54, 0x55, 0x53, 0x0f, 0x1f, 0x44, 0x00, 0x00,
  0x41, 0x8b, 0x0c, 0x30, 0x41, 0x89, 0xcc, 0x41, 0xc1, 0xec, 0x18, 0x41,
  0x81, 0xfc, 0xff, 0x00, 0x00, 0x00, 0x0f, 0x84, 0x98, 0x00, 0x00, 0x00,
  0x41, 0x8b, 0x1c, 0x32, 0x45, 0x85, 0xe4, 0x0f, 0x84, 0x87, 0x00, 0x00,
  0x00, 0x89, 0xdf, 0xb8, 0x00, 0x01, 0x00, 0x00, 0x31, 0xd2, 0x0f, 0xb6,
  0xef, 0x44, 0x29, 0xe0, 0xc1, 0xef, 0x18, 0x41, 0x89, 0xed, 0x44, 0x0f,
  0xb6, 0xfb, 0x0f, 0xaf, 0xf8, 0x44, 0x89, 0xd8, 0xc1, 0xeb, 0x10, 0x0f,
  0xb6, 0xdb, 0xc1, 0xff, 0x08, 0x44, 0x0f, 0xaf, 0xef, 0x45, 0x8d, 0x34,
  0x3c, 0x45, 0x0f, 0xb6, 0xf6, 0x44, 0x0f, 0xaf, 0xff, 0x41, 0xf7, 0xf6,
  0x0f, 0xb6, 0xd5, 0x0f, 0xaf, 0xdf, 0x41, 0xc1, 0xe6, 0x18, 0x41, 0x0f,
  0xaf, 0xd4, 0x44, 0x01, 0xea, 0x44, 0x0f, 0xb6, 0xe9, 0xc1, 0xe9, 0x10,
  0x45, 0x0f, 0xaf, 0xec, 0x0f, 0xb6, 0xc9, 0x41, 0x0f, 0xaf, 0xcc, 0x45,
  0x01, 0xfd, 0x01, 0xd9, 0x0f, 0xaf, 0xd0, 0x44, 0x0f, 0xaf, 0xe8, 0x0f,
  0xaf, 0xc8, 0xc1, 0xea, 0x18, 0x41, 0xc1, 0xed, 0x18, 0xc1, 0xe2, 0x08,
  0x45, 0x09, 0xf5, 0xc1, 0xe9, 0x18, 0x44, 0x09, 0xea, 0xc1, 0xe1, 0x10,
  0x89, 0xd3, 0x09, 0xcb, 0x41, 0x89, 0x1c, 0x30, 0x48, 0x83, 0xc6, 0x04,
  0x49, 0x39, 0xf1, 0x0f, 0x85, 0x43, 0xff, 0xff, 0xff, 0x5b, 0x5d, 0x41,
  0x5c, 0x41, 0x5d, 0x41, 0x5e, 0x41, 0x5f, 0xc3, 0x0f, 0x1f, 0x84, 0x00,
  0x00, 0x00, 0x00, 0x00, 0xc3, 0x66, 0x66, 0x2e, 0x0f, 0x1f, 0x84, 0x00,
  0x00, 0x00, 0x00, 0x00, 0x0f, 0x1f, 0x40, 0x00, 0x49, 0x89, 0xf0, 0x85,
  0xd2, 0x7e, 0x6b, 0x48, 0x63, 0xd2, 0x31, 0xc9, 0x41, 0xb9, 0x00, 0x01,
  0x00, 0x00, 0x48, 0x8d, 0x34, 0x95, 0x00, 0x00, 0x00, 0x00, 0x66, 0x0f,
  0x1f, 0x44, 0x00, 0x00, 0x44, 0x8b, 0x14, 0x0f, 0x44, 0x89, 0xd0, 0xc1,
  0xe8, 0x18, 0x3d, 0xff, 0x00, 0x00, 0x00, 0x74, 0x38, 0x41, 0x8b, 0x14,
  0x08, 0x45, 0x89, 0xcb, 0x41, 0x29, 0xc3, 0x89, 0xd0, 0xc1, 0xea, 0x08,
  0x25, 0xff, 0x00, 0xff, 0x00, 0x81, 0xe2, 0xff, 0x00, 0xff, 0x00, 0x41,
  0x0f, 0xaf, 0xc3, 0x41, 0x0f, 0xaf, 0xd3, 0xc1, 0xe8, 0x08, 0x25, 0xff,
  0x00, 0xff, 0x00, 0x81, 0xe2, 0x00, 0xff, 0x00, 0xff, 0x09, 0xd0, 0x44,
  0x01, 0xd0, 0x89, 0x04, 0x0f, 0x48, 0x83, 0xc1, 0x04, 0x48, 0x39, 0xf1,
  0x75, 0xae, 0xc3, 0x66, 0x66, 0x2e, 0x0f, 0x1f, 0x84, 0x00, 0x00, 0x00,
  0x00, 0x00, 0x66, 0x90, 0x89, 0xf0, 0x48, 0x85, 0xff, 0x74, 0x08, 0xc1,
  0xf8, 0x08, 0x83, 0xf8, 0x01, 0x74, 0x09, 0x31, 0xc0, 0xc3, 0x66, 0x0f,
  0x1f, 0x44, 0x00, 0x00, 0x48, 0xc7, 0x07, 0x01, 0x00, 0x00, 0x00, 0xc3,
  0x48, 0x85, 0xff, 0x74, 0x2b, 0x48, 0x85, 0xf6, 0x74, 0x26, 0xf3, 0x0f,
  0x6f, 0x87, 0x00, 0x01, 0x00, 0x00, 0x0f, 0x11, 0x06, 0xf3, 0x0f, 0x6f,
  0x8f, 0x10, 0x01, 0x00, 0x00, 0x0f, 0x11, 0x4e, 0x10, 0x8b, 0x87, 0x20,
  0x01, 0x00, 0x00, 0x89, 0x46, 0x20, 0xb8, 0x01, 0x00, 0x00, 0x00, 0xc3,
  0x31, 0xc0, 0xc3, 0x66, 0x66, 0x2e, 0x0f, 0x1f, 0x84, 0x00, 0x00, 0x00,
  0x00, 0x00, 0x66, 0x90, 0x48, 0x85, 0xff, 0x74, 0x1b, 0x8b, 0x87, 0x10,
  0x01, 0x00, 0x00, 0x39, 0x87, 0x94, 0x01, 0x00, 0x00, 0x0f, 0x9e, 0xc0,
  0x0f, 0xb6, 0xc0, 0xc3, 0x0f, 0x1f, 0x84, 0x00, 0x00, 0x00, 0x00, 0x00,
  0x31, 0xc0, 0xc3, 0x66, 0x66, 0x2e, 0x0f, 0x1f, 0x84, 0x00, 0x00, 0x00,
  0x00, 0x00, 0x66, 0x90, 0x41, 0x57, 0x41, 0x56, 0x41, 0x55, 0x41, 0x54,
  0x55, 0x48, 0x89, 0xd5, 0x53, 0x48, 0x81, 0xec, 0x88, 0x00, 0x00, 0x00,
  0x48, 0x85, 0xf6, 0x0f, 0x94, 0xc0, 0x48, 0x85, 0xd2, 0x0f, 0x94, 0xc2,
  0x08, 0xd0, 0x75, 0x14, 0x49, 0x89, 0xff, 0x48, 0x85, 0xff, 0x74, 0x0c,
  0x48, 0x89, 0xf3, 0xe8, 0x2c, 0xfc, 0xff, 0xff, 0x85, 0xc0, 0x75, 0x08,
  0x31, 0xc0, 0xe9, 0xd4, 0x01, 0x00, 0x00, 0x90, 0x49, 0x8b, 0x87, 0xf8,
  0x00, 0x00, 0x00, 0x4c, 0x8d, 0x74, 0x24, 0x30, 0x49, 0x8b, 0x3f, 0x41,
  0x8b, 0xb7, 0x94, 0x01, 0x00, 0x00, 0x4c, 0x89, 0xf2, 0x45, 0x8b, 0xaf,
  0x00, 0x01, 0x00, 0x00, 0x48, 0x89, 0x44, 0x24, 0x18, 0x45, 0x8b, 0xa7,
  0x04, 0x01, 0x00, 0x00, 0xe8, 0x2f, 0xfc, 0xff, 0xff, 0x85, 0xc0, 0x74,
  0xc3, 0x8b, 0x44, 0x24, 0x48, 0x49, 0x8d, 0x8f, 0x40, 0x01, 0x00, 0x00,
  0x41, 0x03, 0x87, 0x38, 0x01, 0x00, 0x00, 0x83, 0x7c, 0x24, 0x30, 0x01,
  0x89, 0x44, 0x24, 0x10, 0x48, 0x89, 0x0c, 0x24, 0x41, 0x8b, 0x87, 0x90,
  0x01, 0x00, 0x00, 0x74, 0x29, 0x8b, 0x54, 0x24, 0x68, 0x85, 0xd2, 0x74,
  0x0b, 0x83, 0x7c, 0x24, 0x6c, 0x01, 0x0f, 0x85, 0x78, 0x01, 0x00, 0x00,
  0x44, 0x39, 0x6c, 0x24, 0x40, 0x0f, 0x85, 0x6d, 0x01, 0x00, 0x00, 0x44,
  0x39, 0x64, 0x24, 0x44, 0x0f, 0x85, 0x62, 0x01, 0x00, 0x00, 0x44, 0x89,
  0xe8, 0x44, 0x89, 0xe2, 0x49, 0x8b, 0xbf, 0x28, 0x01, 0x00, 0x00, 0x31,
  0xf6, 0x49, 0x89, 0xc4, 0x4c, 0x0f, 0xaf, 0xe2, 0x4a, 0x8d, 0x04, 0xa5,
  0x00, 0x00, 0x00, 0x00, 0x48, 0x89, 0xc2, 0x48, 0x89, 0x44, 0x24, 0x08,
  0xe8, 0x4f, 0xfb, 0xff, 0xff, 0xc7, 0x44, 0x24, 0x20, 0x01, 0x00, 0x00,
  0x00, 0xc7, 0x44, 0x24, 0x14, 0x01, 0x00, 0x00, 0x00, 0x48, 0x63, 0x44,
  0x24, 0x3c, 0x42, 0x8d, 0x34, 0xad, 0x00, 0x00, 0x00, 0x00, 0x48, 0x63,
  0x54, 0x24, 0x38, 0x41, 0x89, 0x77, 0x48, 0x49, 0x89, 0xf4, 0x48, 0x8b,
  0x7c, 0x24, 0x58, 0x48, 0x0f, 0xaf, 0xc6, 0x48, 0x8d, 0x04, 0x90, 0x48,
  0x63, 0x54, 0x24, 0x44, 0x49, 0x03, 0x87, 0x28, 0x01, 0x00, 0x00, 0x49,
  0x89, 0x47, 0x40, 0x48, 0x0f, 0xaf, 0xd6, 0x48, 0x8b, 0x74, 0x24, 0x60,
  0x49, 0x89, 0x57, 0x50, 0x49, 0x8d, 0x57, 0x08, 0xe8, 0x43, 0xfb, 0xff,
  0xff, 0x85, 0xc0, 0x0f, 0x85, 0xc3, 0x01, 0x00, 0x00, 0x83, 0x7c, 0x24,
  0x30, 0x01, 0x7e, 0x0e, 0x8b, 0x44, 0x24, 0x20, 0x0b, 0x44, 0x24, 0x6c,
  0x0f, 0x84, 0xc6, 0x01, 0x00, 0x00, 0x8b, 0x44, 0x24, 0x10, 0x48, 0x8b,
  0x3c, 0x24, 0x41, 0x89, 0x87, 0x38, 0x01, 0x00, 0x00, 0xe8, 0x72, 0xfb,
  0xff, 0xff, 0x8b, 0x44, 0x24, 0x14, 0x48, 0x8b, 0x54, 0x24, 0x08, 0x66,
  0x0f, 0x6f, 0x44, 0x24, 0x30, 0x66, 0x0f, 0x6f, 0x4c, 0x24, 0x40, 0x66,
  0x0f, 0x6f, 0x54, 0x24, 0x50, 0x66, 0x0f, 0x6f, 0x5c, 0x24, 0x60, 0x41,
  0x89, 0x87, 0x90, 0x01, 0x00, 0x00, 0x66, 0x0f, 0x6f, 0x64, 0x24, 0x70,
  0x49, 0x8b, 0xbf, 0x30, 0x01, 0x00, 0x00, 0x41, 0x0f, 0x11, 0x87, 0x40,
  0x01, 0x00, 0x00, 0x49, 0x8b, 0xb7, 0x28, 0x01, 0x00, 0x00, 0x41, 0x0f,
  0x11, 0x8f, 0x50, 0x01, 0x00, 0x00, 0x41, 0x0f, 0x11, 0x97, 0x60, 0x01,
  0x00, 0x00, 0x41, 0x0f, 0x11, 0x9f, 0x70, 0x01, 0x00, 0x00, 0x41, 0x0f,
  0x11, 0xa7, 0x80, 0x01, 0x00, 0x00, 0xe8, 0x99, 0xfa, 0xff, 0xff, 0x41,
  0x83, 0xbf, 0x5c, 0x01, 0x00, 0x00, 0x01, 0x0f, 0x84, 0xab, 0x00, 0x00,
  0x00, 0x49, 0x8b, 0x87, 0x28, 0x01, 0x00, 0x00, 0x41, 0x83, 0x87, 0x94,
  0x01, 0x00, 0x00, 0x01, 0x48, 0x89, 0x03, 0x8b, 0x44, 0x24, 0x10, 0x89,
  0x45, 0x00, 0xb8, 0x01, 0x00, 0x00, 0x00, 0x48, 0x81, 0xc4, 0x88, 0x00,
  0x00, 0x00, 0x5b, 0x5d, 0x41, 0x5c, 0x41, 0x5d, 0x41, 0x5e, 0x41, 0x5f,
  0xc3, 0x0f, 0x1f, 0x00, 0x41, 0x83, 0xbf, 0x5c, 0x01, 0x00, 0x00, 0x01,
  0x74, 0x3e, 0x44, 0x89, 0xe8, 0x49, 0x8b, 0xbf, 0x28, 0x01, 0x00, 0x00,
  0x49, 0x8b, 0xb7, 0x30, 0x01, 0x00, 0x00, 0x49, 0x0f, 0xaf, 0xc4, 0x48,
  0xc1, 0xe0, 0x02, 0x48, 0x89, 0xc2, 0x48, 0x89, 0x44, 0x24, 0x08, 0xe8,
  0x28, 0xfa, 0xff, 0xff, 0xc7, 0x44, 0x24, 0x20, 0x00, 0x00, 0x00, 0x00,
  0xc7, 0x44, 0x24, 0x14, 0x00, 0x00, 0x00, 0x00, 0xe9, 0x94, 0xfe, 0xff,
  0xff, 0x0f, 0x1f, 0x00, 0x45, 0x39, 0xaf, 0x50, 0x01, 0x00, 0x00, 0x40,
  0x0f, 0x94, 0xc6, 0x45, 0x39, 0xa7, 0x54, 0x01, 0x00, 0x00, 0x0f, 0x94,
  0xc2, 0x40, 0x84, 0xd6, 0x0f, 0x85, 0x38, 0xfe, 0xff, 0xff, 0x85, 0xc0,
  0x0f, 0x85, 0x30, 0xfe, 0xff, 0xff, 0xeb, 0x9a, 0x0f, 0x1f, 0x84, 0x00,
  0x00, 0x00, 0x00, 0x00, 0x41, 0x8b, 0x87, 0x4c, 0x01, 0x00, 0x00, 0x41,
  0x8b, 0x8f, 0x48, 0x01, 0x00, 0x00, 0x41, 0x8b, 0x97, 0x54, 0x01, 0x00,
  0x00, 0x45, 0x8b, 0xaf, 0x50, 0x01, 0x00, 0x00, 0x41, 0x0f, 0xaf, 0xc4,
  0x8d, 0x3c, 0x88, 0x48, 0x63, 0xff, 0x49, 0x03, 0xbf, 0x30, 0x01, 0x00,
  0x00, 0x85, 0xd2, 0x0f, 0x8e, 0x20, 0xff, 0xff, 0xff, 0x4d, 0x63, 0xe4,
  0x45, 0x31, 0xf6, 0x41, 0xc1, 0xe5, 0x02, 0x48, 0x89, 0x1c, 0x24, 0x4d,
  0x63, 0xed, 0x44, 0x89, 0xf3, 0x4d, 0x89, 0xe6, 0x41, 0x89, 0xd4, 0x90,
  0x4c, 0x89, 0xea, 0x31, 0xf6, 0x83, 0xc3, 0x01, 0xe8, 0x43, 0xf9, 0xff,
  0xff, 0x48, 0x89, 0xc7, 0x4c, 0x01, 0xf7, 0x41, 0x39, 0xdc, 0x75, 0xe8,
  0x48, 0x8b, 0x1c, 0x24, 0xe9, 0xe4, 0xfe, 0xff, 0xff, 0x0f, 0x1f, 0x80,
  0x00, 0x00, 0x00, 0x00, 0x4c, 0x89, 0xf7, 0xe8, 0xd0, 0xf9, 0xff, 0xff,
  0x31, 0xc0, 0xe9, 0xec, 0xfe, 0xff, 0xff, 0x66, 0x0f, 0x1f, 0x84, 0x00,
  0x00, 0x00, 0x00, 0x00, 0x41, 0x8b, 0x87, 0x5c, 0x01, 0x00, 0x00, 0x44,
  0x8b, 0x5c, 0x24, 0x44, 0x85, 0xc0, 0x0f, 0x84, 0xed, 0x00, 0x00, 0x00,
  0x45, 0x31, 0xf6, 0x45, 0x85, 0xdb, 0x0f, 0x8e, 0x1a, 0xfe, 0xff, 0xff,
  0x48, 0x89, 0x5c, 0x24, 0x20, 0x44, 0x89, 0xf3, 0x45, 0x89, 0xee, 0x4c,
  0x8b, 0x6c, 0x24, 0x18, 0xeb, 0x6b, 0x66, 0x0f, 0x1f, 0x44, 0x00, 0x00,
  0x44, 0x01, 0xc2, 0x39, 0xd1, 0x0f, 0x8d, 0x8c, 0x00, 0x00, 0x00, 0x45,
  0x01, 0xd1, 0x44, 0x39, 0xcf, 0x0f, 0x8d, 0x80, 0x00, 0x00, 0x00, 0x44,
  0x8d, 0x04, 0x37, 0x45, 0x39, 0xd0, 0x7e, 0x77, 0x44, 0x39, 0xd7, 0x0f,
  0x8c, 0x0c, 0x01, 0x00, 0x00, 0x45, 0x39, 0xc8, 0x7e, 0x2b, 0x41, 0x0f,
  0xaf, 0xce, 0x45, 0x29, 0xc8, 0x49, 0x8b, 0xb7, 0x30, 0x01, 0x00, 0x00,
  0x41, 0x8d, 0x3c, 0x09, 0x44, 0x89, 0xc2, 0x48, 0xc1, 0xe7, 0x02, 0x48,
  0x01, 0xfe, 0x49, 0x03, 0xbf, 0x28, 0x01, 0x00, 0x00, 0x41, 0xff, 0xd5,
  0x44, 0x8b, 0x5c, 0x24, 0x44, 0x83, 0xc3, 0x01, 0x44, 0x39, 0xdb, 0x0f,
  0x8d, 0xc6, 0x00, 0x00, 0x00, 0x8b, 0x4c, 0x24, 0x3c, 0x41, 0x8b, 0x97,
  0x4c, 0x01, 0x00, 0x00, 0x8b, 0x7c, 0x24, 0x38, 0x8b, 0x74, 0x24, 0x40,
  0x01, 0xd9, 0x45, 0x8b, 0x97, 0x48, 0x01, 0x00, 0x00, 0x45, 0x8b, 0x8f,
  0x50, 0x01, 0x00, 0x00, 0x45, 0x8b, 0x87, 0x54, 0x01, 0x00, 0x00, 0x39,
  0xd1, 0x0f, 0x8d, 0x69, 0xff, 0xff, 0xff, 0x85, 0xf6, 0x7e, 0xbe, 0x41,
  0x0f, 0xaf, 0xce, 0x8d, 0x14, 0x39, 0x49, 0x8b, 0x8f, 0x30, 0x01, 0x00,
  0x00, 0x48, 0xc1, 0xe2, 0x02, 0x48, 0x01, 0xd1, 0x49, 0x03, 0x97, 0x28,
  0x01, 0x00, 0x00, 0x48, 0x89, 0xd7, 0x89, 0xf2, 0x48, 0x89, 0xce, 0x41,
  0xff, 0xd5, 0x44, 0x8b, 0x5c, 0x24, 0x44, 0xeb, 0x90, 0x45, 0x85, 0xdb,
  0x0f, 0x8e, 0x30, 0xfd, 0xff, 0xff, 0x45, 0x31, 0xf6, 0x48, 0x89, 0x5c,
  0x24, 0x20, 0x4c, 0x89, 0xfb, 0x45, 0x89, 0xf7, 0x4c, 0x8b, 0x74, 0x24,
  0x18, 0x0f, 0x1f, 0x00, 0x8b, 0x7c, 0x24, 0x3c, 0x48, 0x8b, 0xb3, 0x30,
  0x01, 0x00, 0x00, 0x8b, 0x54, 0x24, 0x40, 0x44, 0x01, 0xff, 0x41, 0x83,
  0xc7, 0x01, 0x41, 0x0f, 0xaf, 0xfd, 0x03, 0x7c, 0x24, 0x38, 0x48, 0xc1,
  0xe7, 0x02, 0x48, 0x01, 0xfe, 0x48, 0x03, 0xbb, 0x28, 0x01, 0x00, 0x00,
  0x41, 0xff, 0xd6, 0x44, 0x39, 0x7c, 0x24, 0x44, 0x7f, 0xca, 0x49, 0x89,
  0xdf, 0x48, 0x8b, 0x5c, 0x24, 0x20, 0xe9, 0xd7, 0xfc, 0xff, 0xff, 0x48,
  0x8b, 0x5c, 0x24, 0x20, 0xe9, 0xcd, 0xfc, 0xff, 0xff, 0x44, 0x89, 0xd6,
  0x29, 0xfe, 0x45, 0x39, 0xc8, 0x0f, 0x8e, 0x58, 0xff, 0xff, 0xff, 0x41,
  0x0f, 0xaf, 0xce, 0x4d, 0x8b, 0x97, 0x30, 0x01, 0x00, 0x00, 0x45, 0x29,
  0xc8, 0x89, 0xf2, 0x44, 0x89, 0x4c, 0x24, 0x2c, 0x44, 0x89, 0x44, 0x24,
  0x28, 0x01, 0xcf, 0x89, 0x4c, 0x24, 0x18, 0x89, 0xff, 0x48, 0xc1, 0xe7,
  0x02, 0x49, 0x01, 0xfa, 0x49, 0x03, 0xbf, 0x28, 0x01, 0x00, 0x00, 0x4c,
  0x89, 0xd6, 0x41, 0xff, 0xd5, 0x44, 0x8b, 0x4c, 0x24, 0x2c, 0x44, 0x8b,
  0x44, 0x24, 0x28, 0x8b, 0x4c, 0x24, 0x18, 0xe9, 0xa9, 0xfe, 0xff, 0xff,
  0x66, 0x66, 0x2e, 0x0f, 0x1f, 0x84, 0x00, 0x00, 0x00, 0x00, 0x00, 0x90,
  0x48, 0x85, 0xff, 0x74, 0x63, 0x55, 0x48, 0x8d, 0xaf, 0x40, 0x01, 0x00,
  0x00, 0x53, 0x48, 0x89, 0xfb, 0x48, 0x83, 0xec, 0x08, 0xc7, 0x87, 0x38,
  0x01, 0x00, 0x00, 0x00, 0x00, 0x00, 0x00, 0x48, 0x89, 0xef, 0xe8, 0xc9,
  0xf7, 0xff, 0xff, 0x48, 0x8b, 0x05, 0xb2, 0x16, 0x00, 0x00, 0x66, 0x0f,
  0xef, 0xc0, 0x0f, 0x11, 0x83, 0x40, 0x01, 0x00, 0x00, 0x48, 0x89, 0x83,
  0x90, 0x01, 0x00, 0x00, 0x0f, 0x11, 0x83, 0x50, 0x01, 0x00, 0x00, 0x0f,
  0x11, 0x83, 0x60, 0x01, 0x00, 0x00, 0x0f, 0x11, 0x83, 0x70, 0x01, 0x00,
  0x00, 0x0f, 0x11, 0x83, 0x80, 0x01, 0x00, 0x00, 0x48, 0x83, 0xc4, 0x08,
  0x5b, 0x5d, 0xc3, 0x0f, 0x1f, 0x44, 0x00, 0x00, 0xc3, 0x0f, 0x1f, 0x80,
  0x00, 0x00, 0x00, 0x00, 0x48, 0x85, 0xff, 0x74, 0x0b, 0x48, 0x8b, 0x07,
  0xc3, 0x0f, 0x1f, 0x80, 0x00, 0x00, 0x00, 0x00, 0x31, 0xc0, 0xc3, 0x66,
  0x66, 0x2e, 0x0f, 0x1f, 0x84, 0x00, 0x00, 0x00, 0x00, 0x00, 0x66, 0x90,
  0x48, 0x85, 0xff, 0x74, 0x3b, 0x53, 0x48, 0x89, 0xfb, 0x48, 0x8d, 0xbf,
  0x40, 0x01, 0x00, 0x00, 0xe8, 0x4b, 0xf7, 0xff, 0xff, 0x48, 0x8b, 0x3b,
  0xe8, 0x13, 0xf7, 0xff, 0xff, 0x48, 0x8b, 0xbb, 0x28, 0x01, 0x00, 0x00,
  0xe8, 0x67, 0xf6, 0xff, 0xff, 0x48, 0x8b, 0xbb, 0x30, 0x01, 0x00, 0x00,
  0xe8, 0x5b, 0xf6, 0xff, 0xff, 0x48, 0x89, 0xdf, 0x5b, 0xe9, 0x52, 0xf6,
  0xff, 0xff, 0x66, 0x90, 0xc3, 0x66, 0x66, 0x2e, 0x0f, 0x1f, 0x84, 0x00,
  0x00, 0x00, 0x00, 0x00, 0x0f, 0x1f, 0x40, 0x00, 0x41, 0x55, 0x41, 0x54,
  0x55, 0x53, 0x48, 0x83, 0xec, 0x38, 0x48, 0x85, 0xff, 0x0f, 0x84, 0x85,
  0x01, 0x00, 0x00, 0xc1, 0xfa, 0x08, 0x83, 0xfa, 0x01, 0x0f, 0x85, 0x79,
  0x01, 0x00, 0x00, 0x49, 0x89, 0xfc, 0x49, 0x89, 0xf5, 0x48, 0x8b, 0x77,
  0x08, 0x48, 0x8b, 0x3f, 0x48, 0x89, 0xe2, 0xb9, 0x09, 0x02, 0x00, 0x00,
  0xe8, 0xb7, 0xf6, 0xff, 0xff, 0x85, 0xc0, 0x0f, 0x85, 0x57, 0x01, 0x00,
  0x00, 0xbe, 0x98, 0x01, 0x00, 0x00, 0xbf, 0x01, 0x00, 0x00, 0x00, 0xe8,
  0xe0, 0xf5, 0xff, 0xff, 0x48, 0x89, 0xc3, 0x48, 0x85, 0xc0, 0x0f, 0x84,
  0x34, 0x01, 0x00, 0x00, 0x48, 0x8d, 0x78, 0x08, 0x4d, 0x85, 0xed, 0x0f,
  0x84, 0x47, 0x01, 0x00, 0x00, 0x41, 0x8b, 0x6d, 0x00, 0x45, 0x8b, 0x6d,
  0x04, 0x89, 0xe8, 0x83, 0xe0, 0xfd, 0x83, 0xf8, 0x01, 0x0f, 0x84, 0x49,
  0x01, 0x00, 0x00, 0x8d, 0x45, 0xf9, 0x83, 0xf8, 0x01, 0x0f, 0x87, 0x05,
  0x01, 0x00, 0x00, 0x48, 0x8d, 0x05, 0x7e, 0xf8, 0xff, 0xff, 0x48, 0x89,
  0x83, 0xf8, 0x00, 0x00, 0x00, 0xbe, 0x09, 0x02, 0x00, 0x00, 0xe8, 0x2d,
  0xf6, 0xff, 0xff, 0x89, 0x6b, 0x30, 0x4c, 0x89, 0xe7, 0xb9, 0x07, 0x01,
  0x00, 0x00, 0xc7, 0x43, 0x3c, 0x01, 0x00, 0x00, 0x00, 0x31, 0xd2, 0x31,
  0xf6, 0x44, 0x89, 0xab, 0xd0, 0x00, 0x00, 0x00, 0xe8, 0x8b, 0xf5, 0xff,
  0xff, 0x48, 0x89, 0x03, 0x48, 0x89, 0xc7, 0x48, 0x85, 0xc0, 0x0f, 0x84,
  0xbc, 0x00, 0x00, 0x00, 0xbe, 0x01, 0x00, 0x00, 0x00, 0xe8, 0x92, 0xf5,
  0xff, 0xff, 0x48, 0x8b, 0x3b, 0xbe, 0x02, 0x00, 0x00, 0x00, 0x89, 0x83,
  0x00, 0x01, 0x00, 0x00, 0xe8, 0x7f, 0xf5, 0xff, 0xff, 0x48, 0x8b, 0x3b,
  0xbe, 0x03, 0x00, 0x00, 0x00, 0x89, 0x83, 0x04, 0x01, 0x00, 0x00, 0xe8,
  0x6c, 0xf5, 0xff, 0xff, 0x48, 0x8b, 0x3b, 0xbe, 0x04, 0x00, 0x00, 0x00,
  0x89, 0x83, 0x08, 0x01, 0x00, 0x00, 0xe8, 0x59, 0xf5, 0xff, 0xff, 0x48,
  0x8b, 0x3b, 0xbe, 0x05, 0x00, 0x00, 0x00, 0x89, 0x83, 0x0c, 0x01, 0x00,
  0x00, 0xe8, 0x46, 0xf5, 0xff, 0xff, 0x8b, 0xb3, 0x04, 0x01, 0x00, 0x00,
  0x89, 0x83, 0x10, 0x01, 0x00, 0x00, 0x8b, 0x83, 0x00, 0x01, 0x00, 0x00,
  0x8d, 0x3c, 0x85, 0x00, 0x00, 0x00, 0x00, 0xe8, 0xe8, 0xf4, 0xff, 0xff,
  0x48, 0x89, 0x83, 0x28, 0x01, 0x00, 0x00, 0x48, 0x85, 0xc0, 0x74, 0x3c,
  0x8b, 0x83, 0x00, 0x01, 0x00, 0x00, 0x8b, 0xb3, 0x04, 0x01, 0x00, 0x00,
  0x8d, 0x3c, 0x85, 0x00, 0x00, 0x00, 0x00, 0xe8, 0xc4, 0xf4, 0xff, 0xff,
  0x48, 0x89, 0x83, 0x30, 0x01, 0x00, 0x00, 0x48, 0x85, 0xc0, 0x74, 0x18,
  0x48, 0x89, 0xdf, 0xe8, 0x80, 0xf5, 0xff, 0xff, 0x48, 0x83, 0xc4, 0x38,
  0x48, 0x89, 0xd8, 0x5b, 0x5d, 0x41, 0x5c, 0x41, 0x5d, 0xc3, 0x66, 0x90,
  0x48, 0x89, 0xdf, 0xe8, 0xf8, 0xf4, 0xff, 0xff, 0x48, 0x83, 0xc4, 0x38,
  0x31, 0xdb, 0x48, 0x89, 0xd8, 0x5b, 0x5d, 0x41, 0x5c, 0x41, 0x5d, 0xc3,
  0x0f, 0x1f, 0x84, 0x00, 0x00, 0x00, 0x00, 0x00, 0x45, 0x31, 0xed, 0xbd,
  0x01, 0x00, 0x00, 0x00, 0x48, 0x8d, 0x05, 0x41, 0xf6, 0xff, 0xff, 0xe9,
  0xce, 0xfe, 0xff, 0xff, 0x0f, 0x1f, 0x40, 0x00, 0x48, 0x8d, 0x05, 0x31,
  0xf6, 0xff, 0xff, 0xe9, 0xbe, 0xfe, 0xff, 0xff, 0x66, 0x2e, 0x0f, 0x1f,
  0x84, 0x00, 0x00, 0x00, 0x00, 0x00, 0x66, 0x90, 0x8b, 0x57, 0x28, 0xb8,
  0x01, 0x00, 0x00, 0x00, 0x85, 0xd2, 0x74, 0x35, 0x44, 0x8b, 0x4f, 0x34,
  0x31, 0xc0, 0x45, 0x85, 0xc9, 0x7e, 0x2a, 0x44, 0x8b, 0x47, 0x38, 0x45,
  0x85, 0xc0, 0x7e, 0x21, 0x48, 0x8b, 0x4f, 0x48, 0x83, 0xfa, 0x02, 0x75,
  0x05, 0x48, 0x85, 0xc9, 0x74, 0x13, 0x8b, 0x71, 0x08, 0x31, 0xc0, 0x85,
  0xf6, 0x7e, 0x0a, 0x8b, 0x51, 0x0c, 0x31, 0xc0, 0x85, 0xd2, 0x0f, 0x9f,
  0xc0, 0xc3, 0x66, 0x66, 0x2e, 0x0f, 0x1f, 0x84, 0x00, 0x00, 0x00, 0x00,
  0x00, 0x0f, 0x1f, 0x00, 0x8b, 0x77, 0x28, 0xba, 0x01, 0x00, 0x00, 0x00,
  0x85, 0xf6, 0x0f, 0x84, 0xb2, 0x00, 0x00, 0x00, 0x44, 0x8b, 0x4f, 0x34,
  0x31, 0xd2, 0x45, 0x85, 0xc9, 0x0f, 0x8e, 0xa3, 0x00, 0x00, 0x00, 0x44,
  0x8b, 0x57, 0x38, 0x45, 0x85, 0xd2, 0x0f, 0x8e, 0x96, 0x00, 0x00, 0x00,
  0x8b, 0x47, 0x3c, 0x85, 0xc0, 0x0f, 0x88, 0x8b, 0x00, 0x00, 0x00, 0x48,
  0x8b, 0x47, 0x48, 0x48, 0x85, 0xc0, 0x75, 0x05, 0x83, 0xfe, 0x02, 0x74,
  0x7d, 0x8b, 0x7f, 0x30, 0x31, 0xd2, 0xf7, 0xc7, 0xc1, 0xff, 0xff, 0xff,
  0x75, 0x70, 0x48, 0x85, 0xc0, 0x0f, 0x84, 0x1a, 0x01, 0x00, 0x00, 0x44,
  0x8b, 0x40, 0x20, 0x83, 0xe7, 0x02, 0x41, 0x83, 0xf8, 0x01, 0x7e, 0x04,
  0x85, 0xff, 0x74, 0x54, 0x53, 0x8b, 0x50, 0x24, 0x85, 0xd2, 0x0f, 0x84,
  0x97, 0x00, 0x00, 0x00, 0x48, 0x83, 0x78, 0x40, 0x00, 0x0f, 0x85, 0xc5,
  0x00, 0x00, 0x00, 0x48, 0x83, 0x78, 0x30, 0x00, 0x74, 0x28, 0x8b, 0x50,
  0x08, 0x85, 0xd2, 0x7e, 0x21, 0x8b, 0x48, 0x0c, 0x85, 0xc9, 0x7e, 0x1a,
  0x85, 0xff, 0x75, 0x2c, 0x41, 0x39, 0xca, 0x0f, 0x95, 0xc1, 0x41, 0x39,
  0xd1, 0x0f, 0x95, 0xc2, 0x08, 0xd1, 0x75, 0x06, 0x48, 0x83, 0x38, 0x00,
  0x74, 0x34, 0x31, 0xd2, 0x89, 0xd0, 0x5b, 0xc3, 0x0f, 0x1f, 0x84, 0x00,
  0x00, 0x00, 0x00, 0x00, 0x31, 0xd2, 0x89, 0xd0, 0xc3, 0x0f, 0x1f, 0x00,
  0x44, 0x8b, 0x18, 0x45, 0x85, 0xdb, 0x78, 0xe2, 0x8b, 0x58, 0x04, 0x85,
  0xdb, 0x78, 0xdb, 0x44, 0x01, 0xda, 0x41, 0x39, 0xd1, 0x7c, 0xd3, 0x01,
  0xd9, 0x41, 0x39, 0xca, 0x7c, 0xcc, 0x48, 0x8b, 0x40, 0x48, 0x48, 0x85,
  0xc0, 0x74, 0x4b, 0x8b, 0x50, 0x20, 0x41, 0x39, 0xd0, 0x75, 0x79, 0x83,
  0xfa, 0x01, 0x0f, 0x8e, 0x6d, 0xff, 0xff, 0xff, 0x85, 0xff, 0x74, 0xae,
  0x8b, 0x50, 0x24, 0x85, 0xd2, 0x0f, 0x85, 0x69, 0xff, 0xff, 0xff, 0x83,
  0xfe, 0x02, 0x74, 0xa0, 0x48, 0x83, 0x78, 0x40, 0x00, 0x74, 0x11, 0x48,
  0x83, 0x78, 0x30, 0x00, 0x74, 0x0a, 0x48, 0x8b, 0x58, 0x38, 0x48, 0x39,
  0x58, 0x28, 0x72, 0x88, 0x48, 0x83, 0x78, 0x48, 0x00, 0x75, 0x81, 0x8b,
  0x50, 0x08, 0x85, 0xd2, 0x7f, 0x26, 0xba, 0x01, 0x00, 0x00, 0x00, 0x5b,
  0x89, 0xd0, 0xc3, 0x0f, 0x1f, 0x44, 0x00, 0x00, 0x48, 0x8b, 0x58, 0x38,
  0x48, 0x39, 0x58, 0x28, 0x0f, 0x83, 0x34, 0xff, 0xff, 0xff, 0xe9, 0x57,
  0xff, 0xff, 0xff, 0x0f, 0x1f, 0x44, 0x00, 0x00, 0x8b, 0x48, 0x0c, 0x85,
  0xc9, 0x7e, 0xd3, 0xe9, 0x2c, 0xff, 0xff, 0xff, 0x0f, 0x1f, 0x40, 0x00,
  0x41, 0x89, 0xd0, 0xeb, 0x82, 0xba, 0x01, 0x00, 0x00, 0x00, 0xe9, 0x43,
  0xff, 0xff, 0xff, 0x90, 0x41, 0x57, 0x45, 0x31, 0xdb, 0x49, 0x89, 0xd7,
  0x41, 0x56, 0x41, 0x55, 0x41, 0x54, 0x49, 0x89, 0xf4, 0x55, 0x53, 0x48,
  0x83, 0xec, 0x58, 0x48, 0x8b, 0x2e, 0x89, 0x7c, 0x24, 0x1c, 0xc7, 0x44,
  0x24, 0x04, 0x00, 0x00, 0x00, 0x00, 0x66, 0x2e, 0x0f, 0x1f, 0x84, 0x00,
  0x00, 0x00, 0x00, 0x00, 0x49, 0x8b, 0x44, 0x24, 0x20, 0x48, 0x8d, 0x4d,
  0x04, 0x48, 0x8d, 0x3c, 0x28, 0x8b, 0x17, 0x49, 0x89, 0x0c, 0x24, 0x8b,
  0x5c, 0x28, 0x04, 0x48, 0x8d, 0x45, 0x08, 0x49, 0x89, 0x04, 0x24, 0x83,
  0xfb, 0xf6, 0x0f, 0x87, 0x58, 0x01, 0x00, 0x00, 0x4d, 0x8b, 0x6c, 0x24,
  0x08, 0x83, 0xc3, 0x01, 0x49, 0x8b, 0x4c, 0x24, 0x10, 0x83, 0xe3, 0xfe,
  0x49, 0x29, 0xc5, 0x49, 0x89, 0xc8, 0x4c, 0x39, 0xeb, 0x4d, 0x89, 0xee,
  0x4c, 0x0f, 0x46, 0xf3, 0x49, 0x29, 0xc0, 0x49, 0x8d, 0x76, 0x08, 0x49,
  0x39, 0xd8, 0x0f, 0x82, 0x28, 0x01, 0x00, 0x00, 0x49, 0x39, 0xdd, 0x41,
  0x0f, 0x92, 0xc0, 0x41, 0x0f, 0x92, 0xc2, 0x45, 0x0f, 0xb6, 0xc0, 0x45,
  0x89, 0xc1, 0x81, 0xfa, 0x41, 0x4c, 0x50, 0x48, 0x0f, 0x84, 0x1a, 0x01,
  0x00, 0x00, 0x81, 0xfa, 0x56, 0x50, 0x38, 0x4c, 0x74, 0x4a, 0x81, 0xfa,
  0x56, 0x50, 0x38, 0x20, 0x74, 0x4d, 0x49, 0x89, 0x2c, 0x24, 0xba, 0x01,
  0x00, 0x00, 0x00, 0x48, 0x39, 0xcd, 0x74, 0x1c, 0x49, 0x8b, 0x44, 0x24,
  0x08, 0x48, 0x29, 0xe8, 0x48, 0x83, 0xf8, 0x07, 0x0f, 0x86, 0xca, 0x00,
  0x00, 0x00, 0x44, 0x09, 0xca, 0x0f, 0x84, 0x51, 0xff, 0xff, 0xff, 0x90,
  0x45, 0x89, 0xc7, 0x48, 0x83, 0xc4, 0x58, 0x44, 0x89, 0xf8, 0x5b, 0x5d,
  0x41, 0x5c, 0x41, 0x5d, 0x41, 0x5e, 0x41, 0x5f, 0xc3, 0x0f, 0x1f, 0x00,
  0x83, 0x7c, 0x24, 0x04, 0x01, 0x0f, 0x84, 0xad, 0x00, 0x00, 0x00, 0x44,
  0x88, 0x54, 0x24, 0x13, 0x45, 0x85, 0xdb, 0x75, 0xa9, 0x48, 0x8d, 0x54,
  0x24, 0x20, 0xb9, 0x09, 0x02, 0x00, 0x00, 0x44, 0x89, 0x44, 0x24, 0x18,
  0x44, 0x89, 0x4c, 0x24, 0x14, 0x48, 0x89, 0x74, 0x24, 0x08, 0xe8, 0x15,
  0xf2, 0xff, 0xff, 0x48, 0x8b, 0x74, 0x24, 0x08, 0x44, 0x8b, 0x4c, 0x24,
  0x14, 0x83, 0xf8, 0x07, 0x44, 0x8b, 0x44, 0x24, 0x18, 0x75, 0x0b, 0x44,
  0x0f, 0xb6, 0x54, 0x24, 0x13, 0x45, 0x84, 0xd2, 0x75, 0x56, 0x85, 0xc0,
  0x75, 0x62, 0x48, 0x8b, 0x44, 0x24, 0x20, 0x49, 0x89, 0x6f, 0x28, 0x41,
  0xbb, 0x01, 0x00, 0x00, 0x00, 0x49, 0x89, 0x77, 0x30, 0x49, 0x8b, 0x4c,
  0x24, 0x10, 0x49, 0x89, 0x47, 0x08, 0x8b, 0x44, 0x24, 0x28, 0x41, 0x09,
  0x47, 0x10, 0x8b, 0x44, 0x24, 0x1c, 0x41, 0x89, 0x47, 0x20, 0x31, 0xc0,
  0x49, 0x39, 0xdd, 0x0f, 0x93, 0xc0, 0x4d, 0x03, 0x34, 0x24, 0x31, 0xd2,
  0x41, 0x89, 0x47, 0x24, 0x4c, 0x89, 0xf5, 0x4d, 0x89, 0x34, 0x24, 0xe9,
  0x27, 0xff, 0xff, 0xff, 0x0f, 0x1f, 0x84, 0x00, 0x00, 0x00, 0x00, 0x00,
  0x41, 0xbf, 0x01, 0x00, 0x00, 0x00, 0xe9, 0x38, 0xff, 0xff, 0xff, 0x0f,
  0x1f, 0x44, 0x00, 0x00, 0x41, 0xbf, 0x02, 0x00, 0x00, 0x00, 0xe9, 0x28,
  0xff, 0xff, 0xff, 0x0f, 0x1f, 0x44, 0x00, 0x00, 0x8b, 0x54, 0x24, 0x04,
  0x85, 0xd2, 0x0f, 0x85, 0xea, 0xfe, 0xff, 0xff, 0x49, 0x89, 0x77, 0x40,
  0x8b, 0x74, 0x24, 0x1c, 0x31, 0xd2, 0x49, 0x89, 0x6f, 0x38, 0x4a, 0x8d,
  0x2c, 0x30, 0x41, 0xc7, 0x47, 0x10, 0x01, 0x00, 0x00, 0x00, 0x41, 0x89,
  0x77, 0x20, 0xc7, 0x44, 0x24, 0x04, 0x01, 0x00, 0x00, 0x00, 0x49, 0x89,
  0x2c, 0x24, 0xe9, 0xc4, 0xfe, 0xff, 0xff, 0x0f, 0x1f, 0x44, 0x00, 0x00,
  0x41, 0x54, 0x55, 0x53, 0x48, 0x83, 0x7f, 0x48, 0x00, 0x0f, 0x85, 0x01,
  0x01, 0x00, 0x00, 0x48, 0x8b, 0x17, 0x48, 0x8b, 0x47, 0x10, 0x48, 0x89,
  0xfb, 0x48, 0x29, 0xd0, 0x48, 0x83, 0xf8, 0x07, 0x0f, 0x86, 0xea, 0x00,
  0x00, 0x00, 0x48, 0x8b, 0x47, 0x08, 0x41, 0xbc, 0x01, 0x00, 0x00, 0x00,
  0x48, 0x29, 0xd0, 0x48, 0x83, 0xf8, 0x07, 0x0f, 0x86, 0xc0, 0x00, 0x00,
  0x00, 0xbe, 0x50, 0x00, 0x00, 0x00, 0xbf, 0x01, 0x00, 0x00, 0x00, 0xe8,
  0x34, 0xf0, 0xff, 0xff, 0x48, 0x89, 0xc5, 0x48, 0x85, 0xc0, 0x0f, 0x84,
  0xb8, 0x00, 0x00, 0x00, 0x48, 0x8b, 0x43, 0x08, 0x48, 0x2b, 0x03, 0x48,
  0x83, 0xf8, 0x07, 0x76, 0x1c, 0x48, 0x89, 0xea, 0x48, 0x89, 0xde, 0xbf,
  0x01, 0x00, 0x00, 0x00, 0xe8, 0x8b, 0xfd, 0xff, 0xff, 0x41, 0x89, 0xc4,
  0x83, 0xf8, 0x02, 0x0f, 0x84, 0x87, 0x00, 0x00, 0x00, 0x8b, 0x43, 0x30,
  0xa8, 0x10, 0x75, 0x0b, 0x48, 0x83, 0x7d, 0x40, 0x00, 0x0f, 0x85, 0x8d,
  0x00, 0x00, 0x00, 0x44, 0x8b, 0x43, 0x2c, 0x45, 0x85, 0xc0, 0x75, 0x34,
  0x8b, 0x7d, 0x08, 0x85, 0xff, 0x7e, 0x2d, 0x8b, 0x75, 0x0c, 0x48, 0x8b,
  0x55, 0x08, 0x85, 0xf6, 0x7e, 0x22, 0x48, 0x89, 0x53, 0x34, 0x8b, 0x4d,
  0x10, 0x31, 0xd2, 0xc7, 0x43, 0x28, 0x01, 0x00, 0x00, 0x00, 0x85, 0xc9,
  0x0f, 0x95, 0xc2, 0xc1, 0xe2, 0x04, 0x09, 0xd0, 0x89, 0x43, 0x30, 0x0f,
  0x1f, 0x44, 0x00, 0x00, 0x48, 0x8b, 0x43, 0x50, 0x48, 0x8b, 0x10, 0x48,
  0x85, 0xd2, 0x74, 0x07, 0x8b, 0x52, 0x24, 0x85, 0xd2, 0x74, 0x25, 0x48,
  0x89, 0x28, 0x48, 0x83, 0xc5, 0x48, 0x48, 0xc7, 0x45, 0x00, 0x00, 0x00,
  0x00, 0x00, 0x48, 0x89, 0x6b, 0x50, 0xc7, 0x43, 0x44, 0x01, 0x00, 0x00,
  0x00, 0x44, 0x89, 0xe0, 0x5b, 0x5d, 0x41, 0x5c, 0xc3, 0x0f, 0x1f, 0x00,
  0x48, 0x89, 0xef, 0xe8, 0x80, 0xef, 0xff, 0xff, 0x41, 0xbc, 0x02, 0x00,
  0x00, 0x00, 0xeb, 0xe5, 0x0f, 0x1f, 0x84, 0x00, 0x00, 0x00, 0x00, 0x00,
  0x66, 0x0f, 0xef, 0xc0, 0xc7, 0x45, 0x10, 0x00, 0x00, 0x00, 0x00, 0x0f,
  0x11, 0x45, 0x38, 0xe9, 0x5f, 0xff, 0xff, 0xff, 0x66, 0x66, 0x2e, 0x0f,
  0x1f, 0x84, 0x00, 0x00, 0x00, 0x00, 0x00, 0x90, 0x41, 0x57, 0x41, 0x56,
  0x41, 0x55, 0x41, 0x54, 0x55, 0x53, 0x48, 0x83, 0xec, 0x18, 0x48, 0x8b,
  0x4f, 0x08, 0x48, 0x8b, 0x07, 0x48, 0x89, 0xca, 0x48, 0x29, 0xc2, 0x48,
  0x83, 0xfa, 0x07, 0x0f, 0x86, 0x3b, 0x03, 0x00, 0x00, 0x48, 0x8b, 0x77,
  0x20, 0x48, 0x8d, 0x50, 0x04, 0x4c, 0x8d, 0x40, 0x08, 0x48, 0x89, 0xfb,
  0x48, 0x89, 0x17, 0xc7, 0x47, 0x2c, 0x01, 0x00, 0x00, 0x00, 0x8b, 0x54,
  0x06, 0x04, 0x4c, 0x89, 0x07, 0x8d, 0x7a, 0xf6, 0x83, 0xff, 0xec, 0x0f,
  0x87, 0x4f, 0x03, 0x00, 0x00, 0x48, 0x8b, 0x7b, 0x10, 0x8d, 0x6a, 0x01,
  0x83, 0xe5, 0xfe, 0x49, 0x89, 0xf9, 0x89, 0xea, 0x4d, 0x29, 0xc1, 0x49,
  0x39, 0xd1, 0x0f, 0x82, 0x34, 0x03, 0x00, 0x00, 0x49, 0x89, 0xc9, 0x4d,
  0x29, 0xc1, 0x49, 0x39, 0xd1, 0x0f, 0x82, 0xe5, 0x02, 0x00, 0x00, 0x0f,
  0xb6, 0x54, 0x06, 0x08, 0x4c, 0x8d, 0x40, 0x0c, 0x4c, 0x89, 0x03, 0x49,
  0x01, 0xf0, 0x89, 0x53, 0x30, 0x41, 0x89, 0xd5, 0x45, 0x0f, 0xb6, 0x48,
  0x02, 0x41, 0x0f, 0xb6, 0x50, 0x01, 0x45, 0x0f, 0xb6, 0x00, 0x41, 0xc1,
  0xe1, 0x10, 0xc1, 0xe2, 0x08, 0x44, 0x09, 0xca, 0x4c, 0x8d, 0x48, 0x0f,
  0x48, 0x83, 0xc0, 0x12, 0x44, 0x09, 0xc2, 0x4c, 0x89, 0x0b, 0x49, 0x01,
  0xf1, 0x44, 0x8d, 0x42, 0x01, 0x44, 0x89, 0x43, 0x34, 0x41, 0x0f, 0xb6,
  0x51, 0x01, 0x4d, 0x63, 0xc0, 0x45, 0x0f, 0xb6, 0x51, 0x02, 0x45, 0x0f,
  0xb6, 0x09, 0x48, 0x89, 0x03, 0xc1, 0xe2, 0x08, 0x41, 0xc1, 0xe2, 0x10,
  0x44, 0x09, 0xd2, 0x44, 0x09, 0xca, 0x83, 0xc2, 0x01, 0x89, 0x53, 0x38,
  0x48, 0x63, 0xd2, 0x49, 0x0f, 0xaf, 0xd0, 0x48, 0xc1, 0xea, 0x20, 0x0f,
  0x85, 0xa7, 0x02, 0x00, 0x00, 0x83, 0xed, 0x0a, 0xc7, 0x43, 0x28, 0x01,
  0x00, 0x00, 0x00, 0x48, 0x01, 0xc5, 0x48, 0x89, 0xf8, 0x48, 0x29, 0xe8,
  0x48, 0x89, 0x2b, 0x48, 0x83, 0xf8, 0x07, 0x0f, 0x86, 0x87, 0x02, 0x00,
  0x00, 0x48, 0x89, 0xc8, 0x48, 0x29, 0xe8, 0x48, 0x83, 0xf8, 0x07, 0x0f,
  0x86, 0x37, 0x02, 0x00, 0x00, 0x41, 0xd0, 0xed, 0x45, 0x31, 0xff, 0x41,
  0x83, 0xe5, 0x01, 0x48, 0x8d, 0x55, 0x04, 0x8b, 0x04, 0x2e, 0x4c, 0x8d,
  0x75, 0x08, 0x48, 0x89, 0x13, 0x44, 0x8b, 0x4c, 0x2e, 0x04, 0x4c, 0x89,
  0x33, 0x41, 0x83, 0xf9, 0xf6, 0x0f, 0x87, 0x4d, 0x02, 0x00, 0x00, 0x41,
  0x8d, 0x51, 0x01, 0x49, 0x89, 0xfa, 0x83, 0xe2, 0xfe, 0x4d, 0x29, 0xf2,
  0x41, 0x89, 0xd0, 0x4d, 0x39, 0xc2, 0x0f, 0x82, 0x34, 0x02, 0x00, 0x00,
  0x3d, 0x41, 0x4c, 0x50, 0x48, 0x0f, 0x84, 0x69, 0x03, 0x00, 0x00, 0x0f,
  0x87, 0x33, 0x02, 0x00, 0x00, 0x3d, 0x45, 0x58, 0x49, 0x46, 0x0f, 0x84,
  0x88, 0x03, 0x00, 0x00, 0x0f, 0x86, 0x7a, 0x02, 0x00, 0x00, 0x3d, 0x41,
  0x4e, 0x4d, 0x46, 0x0f, 0x85, 0x2b, 0x02, 0x00, 0x00, 0x45, 0x85, 0xff,
  0x0f, 0x84, 0xfe, 0x01, 0x00, 0x00, 0x83, 0xfa, 0x0f, 0x89, 0x14, 0x24,
  0x0f, 0x86, 0x8f, 0x03, 0x00, 0x00, 0x49, 0x83, 0xfa, 0x0f, 0x0f, 0x86,
  0x85, 0x03, 0x00, 0x00, 0x4c, 0x29, 0xf1, 0x41, 0xbc, 0x01, 0x00, 0x00,
  0x00, 0x48, 0x83, 0xf9, 0x0f, 0x0f, 0x86, 0x0b, 0x02, 0x00, 0x00, 0xbe,
  0x50, 0x00, 0x00, 0x00, 0xbf, 0x01, 0x00, 0x00, 0x00, 0x8b, 0x6b, 0x30,
  0xe8, 0x63, 0xed, 0xff, 0xff, 0x8b, 0x14, 0x24, 0x48, 0x85, 0xc0, 0x49,
  0x89, 0xc0, 0x0f, 0x84, 0x4a, 0x03, 0x00, 0x00, 0x4c, 0x8b, 0x33, 0x48,
  0x8b, 0x4b, 0x20, 0x4a, 0x8d, 0x34, 0x31, 0x0f, 0xb6, 0x46, 0x01, 0x0f,
  0xb6, 0x7e, 0x02, 0x0f, 0xb6, 0x36, 0xc1, 0xe7, 0x10, 0xc1, 0xe0, 0x08,
  0x09, 0xf8, 0x09, 0xf0, 0x49, 0x8d, 0x76, 0x03, 0x48, 0x89, 0x33, 0x01,
  0xc0, 0x48, 0x01, 0xce, 0x41, 0x89, 0x00, 0x0f, 0xb6, 0x46, 0x01, 0x0f,
  0xb6, 0x7e, 0x02, 0x0f, 0xb6, 0x36, 0xc1, 0xe0, 0x08, 0xc1, 0xe7, 0x10,
  0x09, 0xf8, 0x09, 0xf0, 0x49, 0x8d, 0x76, 0x06, 0x48, 0x89, 0x33, 0x01,
  0xc0, 0x48, 0x01, 0xce, 0x41, 0x89, 0x40, 0x04, 0x0f, 0xb6, 0x46, 0x01,
  0x0f, 0xb6, 0x7e, 0x02, 0x0f, 0xb6, 0x36, 0xc1, 0xe0, 0x08, 0xc1, 0xe7,
  0x10, 0x09, 0xf8, 0x49, 0x8d, 0x7e, 0x09, 0x09, 0xf0, 0x48, 0x89, 0x3b,
  0x48, 0x01, 0xcf, 0x83, 0xc0, 0x01, 0x41, 0x89, 0x40, 0x08, 0x0f, 0xb6,
  0x77, 0x01, 0x48, 0x98, 0x44, 0x0f, 0xb6, 0x4f, 0x02, 0x0f, 0xb6, 0x3f,
  0xc1, 0xe6, 0x08, 0x41, 0xc1, 0xe1, 0x10, 0x44, 0x09, 0xce, 0x4d, 0x8d,
  0x4e, 0x0c, 0x09, 0xfe, 0x4c, 0x89, 0x0b, 0x49, 0x01, 0xc9, 0x83, 0xc6,
  0x01, 0x41, 0x89, 0x70, 0x0c, 0x41, 0x0f, 0xb6, 0x79, 0x01, 0x48, 0x63,
  0xf6, 0x45, 0x0f, 0xb6, 0x51, 0x02, 0x45, 0x0f, 0xb6, 0x09, 0xc1, 0xe7,
  0x08, 0x41, 0xc1, 0xe2, 0x10, 0x44, 0x09, 0xd7, 0x44, 0x09, 0xcf, 0x4d,
  0x8d, 0x4e, 0x0f, 0x4c, 0x89, 0x0b, 0x41, 0x89, 0x78, 0x14, 0x42, 0x0f,
  0xb6, 0x4c, 0x31, 0x0f, 0x49, 0x83, 0xc6, 0x10, 0x4c, 0x89, 0x33, 0x89,
  0xcf, 0xd1, 0xe9, 0x83, 0xe7, 0x01, 0x83, 0xe1, 0x01, 0x48, 0x0f, 0xaf,
  0xc6, 0x41, 0x89, 0x78, 0x18, 0x41, 0x89, 0x48, 0x1c, 0x48, 0xc1, 0xe8,
  0x20, 0x0f, 0x85, 0x47, 0x02, 0x00, 0x00, 0x48, 0x8b, 0x43, 0x08, 0x8b,
  0x73, 0x44, 0x4c, 0x29, 0xf0, 0x48, 0x83, 0xf8, 0x07, 0x0f, 0x86, 0x55,
  0x02, 0x00, 0x00, 0x8d, 0x4a, 0xf0, 0x48, 0x39, 0xc8, 0x48, 0x89, 0x0c,
  0x24, 0x0f, 0x82, 0x45, 0x02, 0x00, 0x00, 0x8d, 0x7e, 0x01, 0x4c, 0x89,
  0xc2, 0x48, 0x89, 0xde, 0x4c, 0x89, 0x44, 0x24, 0x08, 0xe8, 0xa2, 0xf9,
  0xff, 0xff, 0x4c, 0x8b, 0x44, 0x24, 0x08, 0x83, 0xf8, 0x02, 0x41, 0x89,
  0xc4, 0x74, 0x16, 0x48, 0x8b, 0x03, 0x48, 0x8b, 0x0c, 0x24, 0x48, 0x89,
  0xc2, 0x4c, 0x29, 0xf2, 0x48, 0x39, 0xd1, 0x0f, 0x83, 0x07, 0x02, 0x00,
  0x00, 0x41, 0xbc, 0x02, 0x00, 0x00, 0x00, 0x4c, 0x89, 0xc7, 0xe8, 0x01,
  0xec, 0xff, 0xff, 0x4c, 0x8b, 0x33, 0x48, 0x8b, 0x7b, 0x10, 0xeb, 0x7e,
  0x0f, 0x1f, 0x84, 0x00, 0x00, 0x00, 0x00, 0x00, 0x41, 0xbc, 0x01, 0x00,
  0x00, 0x00, 0x48, 0x83, 0xc4, 0x18, 0x44, 0x89, 0xe0, 0x5b, 0x5d, 0x41,
  0x5c, 0x41, 0x5d, 0x41, 0x5e, 0x41, 0x5f, 0xc3, 0x0f, 0x1f, 0x84, 0x00,
  0x00, 0x00, 0x00, 0x00, 0x3d, 0x56, 0x50, 0x38, 0x4c, 0x0f, 0x84, 0x55,
  0x01, 0x00, 0x00, 0x3d, 0x41, 0x4e, 0x49, 0x4d, 0x75, 0x32, 0x83, 0xfa,
  0x05, 0x0f, 0x87, 0xa5, 0x00, 0x00, 0x00, 0x0f, 0x1f, 0x44, 0x00, 0x00,
  0x41, 0xbc, 0x02, 0x00, 0x00, 0x00, 0xeb, 0xbe, 0x0f, 0x1f, 0x84, 0x00,
  0x00, 0x00, 0x00, 0x00, 0x3d, 0x49, 0x43, 0x43, 0x50, 0x0f, 0x84, 0x65,
  0x01, 0x00, 0x00, 0x76, 0xc3, 0x3d, 0x56, 0x50, 0x38, 0x58, 0x74, 0xdc,
  0x4c, 0x29, 0xf1, 0x4c, 0x39, 0xc1, 0x0f, 0x83, 0xb8, 0x00, 0x00, 0x00,
  0x41, 0xbc, 0x01, 0x00, 0x00, 0x00, 0x4c, 0x39, 0xf7, 0x74, 0x8b, 0x48,
  0x8b, 0x4b, 0x08, 0x48, 0x89, 0xc8, 0x4c, 0x29, 0xf0, 0x48, 0x83, 0xf8,
  0x07, 0x0f, 0x86, 0x71, 0xff, 0xff, 0xff, 0x45, 0x85, 0xe4, 0x0f, 0x85,
  0x6e, 0xff, 0xff, 0xff, 0x48, 0x8b, 0x73, 0x20, 0x4c, 0x89, 0xf5, 0xe9,
  0x2f, 0xfd, 0xff, 0xff, 0x0f, 0x1f, 0x40, 0x00, 0x3d, 0x56, 0x50, 0x38,
  0x20, 0x0f, 0x84, 0xcd, 0x00, 0x00, 0x00, 0x3d, 0x58, 0x4d, 0x50, 0x20,
  0x75, 0xaa, 0x8b, 0x43, 0x30, 0xc1, 0xe8, 0x02, 0x83, 0xe0, 0x01, 0x4c,
  0x29, 0xf1, 0x4c, 0x39, 0xc1, 0x72, 0xa5, 0x85, 0xc0, 0x75, 0x59, 0x4d,
  0x01, 0xc6, 0x45, 0x31, 0xe4, 0x4c, 0x89, 0x33, 0xeb, 0x9c, 0x66, 0x0f,
  0x1f, 0x44, 0x00, 0x00, 0x4c, 0x29, 0xf1, 0x41, 0xbc, 0x01, 0x00, 0x00,
  0x00, 0x4c, 0x39, 0xc1, 0x72, 0x88, 0x45, 0x85, 0xff, 0x75, 0xdc, 0x42,
  0x8b, 0x04, 0x36, 0x48, 0x8d, 0x4d, 0x0c, 0x45, 0x31, 0xe4, 0x41, 0xbf,
  0x01, 0x00, 0x00, 0x00, 0x48, 0x89, 0x0b, 0x89, 0x43, 0x40, 0x0f, 0xb7,
  0x44, 0x2e, 0x0c, 0x89, 0x43, 0x3c, 0x8d, 0x42, 0xfa, 0x4c, 0x8d, 0x74,
  0x05, 0x0e, 0x4c, 0x89, 0x33, 0xe9, 0x54, 0xff, 0xff, 0xff, 0x66, 0x0f,
  0x1f, 0x44, 0x00, 0x00, 0xbe, 0x18, 0x00, 0x00, 0x00, 0xbf, 0x01, 0x00,
  0x00, 0x00, 0x4c, 0x89, 0x04, 0x24, 0x45, 0x8d, 0x61, 0x08, 0xe8, 0xa1,
  0xea, 0xff, 0xff, 0x48, 0x85, 0xc0, 0x0f, 0x84, 0xf8, 0xfe, 0xff, 0xff,
  0x48, 0x8b, 0x53, 0x60, 0x44, 0x89, 0xe6, 0x4c, 0x8b, 0x33, 0x48, 0x89,
  0x28, 0x48, 0x8b, 0x7b, 0x10, 0x4c, 0x8b, 0x04, 0x24, 0x48, 0x89, 0x70,
  0x08, 0x48, 0x89, 0x02, 0x48, 0x83, 0xc0, 0x10, 0x48, 0xc7, 0x00, 0x00,
  0x00, 0x00, 0x00, 0x48, 0x89, 0x43, 0x60, 0xe9, 0x57, 0xff, 0xff, 0xff,
  0x0f, 0x1f, 0x84, 0x00, 0x00, 0x00, 0x00, 0x00, 0x45, 0x85, 0xff, 0x0f,
  0x85, 0xb7, 0xfe, 0xff, 0xff, 0x45, 0x84, 0xed, 0x0f, 0x85, 0xae, 0xfe,
  0xff, 0xff, 0x48, 0x89, 0x2b, 0x48, 0x89, 0xdf, 0xe8, 0xc3, 0xf9, 0xff,
  0xff, 0x4c, 0x8b, 0x33, 0x48, 0x8b, 0x7b, 0x10, 0x41, 0x89, 0xc4, 0xe9,
  0xca, 0xfe, 0xff, 0xff, 0x0f, 0x1f, 0x40, 0x00, 0x8b, 0x43, 0x30, 0xc1,
  0xe8, 0x03, 0x83, 0xe0, 0x01, 0xe9, 0x05, 0xff, 0xff, 0xff, 0x66, 0x90,
  0x8b, 0x43, 0x30, 0xc1, 0xe8, 0x05, 0x83, 0xe0, 0x01, 0xe9, 0xf5, 0xfe,
  0xff, 0xff, 0x4c, 0x89, 0xc7, 0xe8, 0x1a, 0xea, 0xff, 0xff, 0x4c, 0x8b,
  0x33, 0x48, 0x8b, 0x7b, 0x10, 0x41, 0xbc, 0x02, 0x00, 0x00, 0x00, 0xe9,
  0x8e, 0xfe, 0xff, 0xff, 0x49, 0x89, 0xc6, 0x0f, 0x1f, 0x44, 0x00, 0x00,
  0x83, 0xe5, 0x02, 0x0f, 0x84, 0xee, 0xfd, 0xff, 0xff, 0x41, 0x8b, 0x48,
  0x20, 0x85, 0xc9, 0x0f, 0x8e, 0xe2, 0xfd, 0xff, 0xff, 0x48, 0x8b, 0x43,
  0x50, 0x48, 0x8b, 0x10, 0x48, 0x85, 0xd2, 0x74, 0x0b, 0x8b, 0x52, 0x24,
  0x85, 0xd2, 0x0f, 0x84, 0xc5, 0xfd, 0xff, 0xff, 0x4c, 0x89, 0x00, 0x49,
  0x83, 0xc0, 0x48, 0x48, 0x8b, 0x7b, 0x10, 0x49, 0xc7, 0x00, 0x00, 0x00,
  0x00, 0x00, 0x83, 0x43, 0x44, 0x01, 0x4c, 0x89, 0x43, 0x50, 0xe9, 0x3b,
  0xfe, 0xff, 0xff, 0x0f, 0x1f, 0x44, 0x00, 0x00, 0x48, 0x85, 0xff, 0x89,
  0xf1, 0x49, 0x89, 0xd0, 0x48, 0x8b, 0x52, 0x30, 0x0f, 0x94, 0xc0, 0xc1,
  0xe9, 0x1f, 0x08, 0xc8, 0x0f, 0x85, 0x92, 0x00, 0x00, 0x00, 0x48, 0x85,
  0xd2, 0x0f, 0x84, 0x89, 0x00, 0x00, 0x00, 0x4c, 0x8b, 0x52, 0x58, 0x4c,
  0x8b, 0x4a, 0x20, 0x4d, 0x85, 0xd2, 0x74, 0x7c, 0x8b, 0x3f, 0x4c, 0x89,
  0xd0, 0x31, 0xc9, 0x66, 0x0f, 0x1f, 0x84, 0x00, 0x00, 0x00, 0x00, 0x00,
  0x48, 0x8b, 0x10, 0x41, 0x3b, 0x3c, 0x11, 0x75, 0x03, 0x83, 0xc1, 0x01,
  0x48, 0x8b, 0x40, 0x10, 0x48, 0x85, 0xc0, 0x75, 0xeb, 0x85, 0xc9, 0x74,
  0x55, 0x85, 0xf6, 0x75, 0x4b, 0x89, 0xce, 0x31, 0xc0, 0xeb, 0x0e, 0x0f,
  0x1f, 0x44, 0x00, 0x00, 0x4d, 0x8b, 0x52, 0x10, 0x4d, 0x85, 0xd2, 0x74,
  0x40, 0x49, 0x8b, 0x12, 0x41, 0x3b, 0x3c, 0x11, 0x75, 0x03, 0x83, 0xc0,
  0x01, 0x39, 0xc6, 0x75, 0xe7, 0x49, 0x8d, 0x44, 0x11, 0x08, 0x49, 0x89,
  0x40, 0x08, 0x49, 0x8b, 0x42, 0x08, 0x41, 0x89, 0x48, 0x04, 0xb9, 0x01,
  0x00, 0x00, 0x00, 0x48, 0x83, 0xe8, 0x08, 0x41, 0x89, 0x30, 0x49, 0x89,
  0x40, 0x10, 0xeb, 0x0a, 0x0f, 0x1f, 0x40, 0x00, 0x39, 0xce, 0x7e, 0xb3,
  0x31, 0xc9, 0x89, 0xc8, 0xc3, 0xe9, 0xea, 0xe9, 0xff, 0xff, 0x66, 0x2e,
  0x0f, 0x1f, 0x84, 0x00, 0x00, 0x00, 0x00, 0x00, 0xb8, 0x02, 0x03, 0x01,
  0x00, 0xc3, 0x66, 0x2e, 0x0f, 0x1f, 0x84, 0x00, 0x00, 0x00, 0x00, 0x00,
  0x48, 0x85, 0xff, 0x74, 0x5b, 0x55, 0x48, 0x89, 0xfd, 0x53, 0x48, 0x83,
  0xec, 0x08, 0x48, 0x8b, 0x5f, 0x48, 0x48, 0x85, 0xdb, 0x74, 0x1a, 0x66,
  0x0f, 0x1f, 0x84, 0x00, 0x00, 0x00, 0x00, 0x00, 0x48, 0x89, 0xdf, 0x48,
  0x8b, 0x5b, 0x48, 0xe8, 0xb4, 0xe8, 0xff, 0xff, 0x48, 0x85, 0xdb, 0x75,
  0xef, 0x48, 0x8b, 0x5d, 0x58, 0x48, 0x85, 0xdb, 0x74, 0x17, 0x66, 0x0f,
  0x1f, 0x44, 0x00, 0x00, 0x48, 0x89, 0xdf, 0x48, 0x8b, 0x5b, 0x10, 0xe8,
  0x94, 0xe8, 0xff, 0xff, 0x48, 0x85, 0xdb, 0x75, 0xef, 0x48, 0x83, 0xc4,
  0x08, 0x48, 0x89, 0xef, 0x5b, 0x5d, 0xe9, 0x81, 0xe8, 0xff, 0xff, 0x90,
  0xc3, 0x66, 0x66, 0x2e, 0x0f, 0x1f, 0x84, 0x00, 0x00, 0x00, 0x00, 0x00,
  0x0f, 0x1f, 0x40, 0x00, 0x41, 0x56, 0x41, 0x55, 0x41, 0x54, 0x55, 0x53,
  0x48, 0x89, 0xd3, 0x48, 0x83, 0xec, 0x60, 0x48, 0x85, 0xd2, 0x74, 0x06,
  0xc7, 0x02, 0xff, 0xff, 0xff, 0xff, 0xc1, 0xf9, 0x08, 0x83, 0xf9, 0x01,
  0x0f, 0x85, 0xb2, 0x01, 0x00, 0x00, 0x48, 0x85, 0xff, 0x0f, 0x84, 0xa9,
  0x01, 0x00, 0x00, 0x48, 0x8b, 0x07, 0x48, 0x85, 0xc0, 0x0f, 0x84, 0x9d,
  0x01, 0x00, 0x00, 0x4c, 0x8b, 0x6f, 0x08, 0x4d, 0x85, 0xed, 0x0f, 0x84,
  0x90, 0x01, 0x00, 0x00, 0x66, 0x0f, 0xef, 0xc0, 0x48, 0x89, 0x44, 0x24,
  0x20, 0x0f, 0x29, 0x04, 0x24, 0x48, 0xc7, 0x44, 0x24, 0x10, 0x00, 0x00,
  0x00, 0x00, 0x4c, 0x89, 0x6c, 0x24, 0x18, 0x4c, 0x89, 0x6c, 0x24, 0x08,
  0x49, 0x83, 0xfd, 0x13, 0x0f, 0x86, 0x56, 0x01, 0x00, 0x00, 0x81, 0x38,
  0x52, 0x49, 0x46, 0x46, 0x0f, 0x85, 0x22, 0x01, 0x00, 0x00, 0x81, 0x78,
  0x08, 0x57, 0x45, 0x42, 0x50, 0x0f, 0x85, 0x15, 0x01, 0x00, 0x00, 0x8b,
  0x50, 0x04, 0x8d, 0x4a, 0xf8, 0x83, 0xf9, 0xee, 0x0f, 0x87, 0x06, 0x01,
  0x00, 0x00, 0x44, 0x8d, 0x72, 0x08, 0x4c, 0x89, 0x74, 0x24, 0x10, 0x4d,
  0x39, 0xee, 0x0f, 0x83, 0x44, 0x01, 0x00, 0x00, 0x4c, 0x89, 0x74, 0x24,
  0x08, 0x4d, 0x89, 0xf5, 0x4c, 0x89, 0x74, 0x24, 0x18, 0x48, 0xc7, 0x04,
  0x24, 0x0c, 0x00, 0x00, 0x00, 0xbe, 0x68, 0x00, 0x00, 0x00, 0xbf, 0x01,
  0x00, 0x00, 0x00, 0xe8, 0x90, 0xe7, 0xff, 0xff, 0x49, 0x89, 0xc4, 0x48,
  0x85, 0xc0, 0x0f, 0x84, 0xfc, 0x00, 0x00, 0x00, 0xc7, 0x40, 0x28, 0x00,
  0x00, 0x00, 0x00, 0x48, 0x8b, 0x05, 0x66, 0x07, 0x00, 0x00, 0x48, 0x8d,
  0x2d, 0xbf, 0x24, 0x00, 0x00, 0x48, 0x8b, 0x54, 0x24, 0x20, 0x66, 0x0f,
  0x6f, 0x0c, 0x24, 0x49, 0x89, 0x44, 0x24, 0x34, 0x66, 0x0f, 0x6f, 0x54,
  0x24, 0x10, 0x48, 0xb8, 0x01, 0x00, 0x00, 0x00, 0xff, 0xff, 0xff, 0xff,
  0x49, 0x89, 0x44, 0x24, 0x3c, 0x49, 0x8d, 0x44, 0x24, 0x48, 0x49, 0x89,
  0x44, 0x24, 0x50, 0x49, 0x8d, 0x44, 0x24, 0x58, 0x49, 0x89, 0x44, 0x24,
  0x60, 0x48, 0x8b, 0x04, 0x24, 0x49, 0x89, 0x54, 0x24, 0x20, 0x41, 0x0f,
  0x11, 0x0c, 0x24, 0x48, 0x01, 0xc2, 0x48, 0x8d, 0x05, 0x9f, 0xf6, 0xff,
  0xff, 0x41, 0x0f, 0x11, 0x54, 0x24, 0x10, 0xeb, 0x18, 0x0f, 0x1f, 0x80,
  0x00, 0x00, 0x00, 0x00, 0x48, 0x8b, 0x45, 0x20, 0x48, 0x83, 0xc5, 0x18,
  0x48, 0x85, 0xc0, 0x0f, 0x84, 0xaf, 0x00, 0x00, 0x00, 0x8b, 0x32, 0x39,
  0x75, 0x00, 0x75, 0xe8, 0x4c, 0x89, 0xe7, 0xff, 0xd0, 0x85, 0xc0, 0x0f,
  0x85, 0xf3, 0x01, 0x00, 0x00, 0x41, 0xc7, 0x44, 0x24, 0x28, 0x02, 0x00,
  0x00, 0x00, 0x4c, 0x89, 0xe7, 0xff, 0x55, 0x10, 0x85, 0xc0, 0x0f, 0x84,
  0xf5, 0x01, 0x00, 0x00, 0x48, 0x85, 0xdb, 0x74, 0x4a, 0x41, 0x8b, 0x44,
  0x24, 0x28, 0x89, 0x03, 0xeb, 0x41, 0x66, 0x0f, 0x1f, 0x44, 0x00, 0x00,
  0x48, 0x8d, 0x54, 0x24, 0x30, 0xb9, 0x09, 0x02, 0x00, 0x00, 0x4c, 0x89,
  0xee, 0x48, 0x89, 0xc7, 0xe8, 0x6b, 0xe7, 0xff, 0xff, 0x85, 0xc0, 0x74,
  0x6f, 0x83, 0xf8, 0x07, 0x0f, 0x85, 0x8e, 0x01, 0x00, 0x00, 0x66, 0x0f,
  0x1f, 0x44, 0x00, 0x00, 0x31, 0xc0, 0x48, 0x85, 0xdb, 0x74, 0x09, 0x89,
  0x03, 0x0f, 0x1f, 0x80, 0x00, 0x00, 0x00, 0x00, 0x45, 0x31, 0xe4, 0x48,
  0x83, 0xc4, 0x60, 0x4c, 0x89, 0xe0, 0x5b, 0x5d, 0x41, 0x5c, 0x41, 0x5d,
  0x41, 0x5e, 0xc3, 0x0f, 0x1f, 0x44, 0x00, 0x00, 0x48, 0xc7, 0x04, 0x24,
  0x0c, 0x00, 0x00, 0x00, 0x4d, 0x39, 0xf5, 0x0f, 0x83, 0xc0, 0xfe, 0xff,
  0xff, 0x85, 0xf6, 0x74, 0xd3, 0xe9, 0xb7, 0xfe, 0xff, 0xff, 0x66, 0x0f,
  0x1f, 0x44, 0x00, 0x00, 0x48, 0x85, 0xdb, 0x74, 0x06, 0xc7, 0x03, 0x00,
  0x00, 0x00, 0x00, 0x4c, 0x89, 0xe7, 0xe8, 0xed, 0xe6, 0xff, 0xff, 0xeb,
  0xb3, 0x0f, 0x1f, 0x00, 0xbe, 0x68, 0x00, 0x00, 0x00, 0xbf, 0x01, 0x00,
  0x00, 0x00, 0xe8, 0x29, 0xe6, 0xff, 0xff, 0xbe, 0x50, 0x00, 0x00, 0x00,
  0xbf, 0x01, 0x00, 0x00, 0x00, 0x49, 0x89, 0xc4, 0xe8, 0x17, 0xe6, 0xff,
  0xff, 0x48, 0x89, 0xc5, 0x4d, 0x85, 0xe4, 0x0f, 0x84, 0x4b, 0x01, 0x00,
  0x00, 0x48, 0x85, 0xc0, 0x0f, 0x84, 0x42, 0x01, 0x00, 0x00, 0x48, 0x8b,
  0x05, 0xeb, 0x05, 0x00, 0x00, 0x48, 0x8b, 0x0d, 0xec, 0x05, 0x00, 0x00,
  0x41, 0xc7, 0x44, 0x24, 0x28, 0x00, 0x00, 0x00, 0x00, 0x66, 0x0f, 0x6f,
  0x1c, 0x24, 0x66, 0x0f, 0x6f, 0x64, 0x24, 0x10, 0x49, 0x89, 0x44, 0x24,
  0x34, 0x48, 0x8b, 0x54, 0x24, 0x30, 0x48, 0xb8, 0x01, 0x00, 0x00, 0x00,
  0xff, 0xff, 0xff, 0xff, 0x49, 0x89, 0x44, 0x24, 0x3c, 0x49, 0x8d, 0x44,
  0x24, 0x48, 0x49, 0x89, 0x44, 0x24, 0x50, 0x49, 0x8d, 0x44, 0x24, 0x58,
  0x49, 0x89, 0x44, 0x24, 0x60, 0x48, 0x8b, 0x44, 0x24, 0x20, 0x41, 0x0f,
  0x11, 0x1c, 0x24, 0x49, 0x89, 0x44, 0x24, 0x20, 0x8b, 0x45, 0x10, 0x41,
  0x0f, 0x11, 0x64, 0x24, 0x10, 0x48, 0x89, 0x4d, 0x20, 0x49, 0x8b, 0x4c,
  0x24, 0x48, 0x48, 0x89, 0x55, 0x08, 0x0b, 0x44, 0x24, 0x38, 0x48, 0xc7,
  0x45, 0x28, 0x00, 0x00, 0x00, 0x00, 0x4c, 0x89, 0x6d, 0x30, 0x89, 0x45,
  0x10, 0x48, 0x85, 0xc9, 0x74, 0x0b, 0x8b, 0x49, 0x24, 0x85, 0xc9, 0x0f,
  0x84, 0xab, 0x00, 0x00, 0x00, 0x49, 0x89, 0x6c, 0x24, 0x48, 0x48, 0x83,
  0xc5, 0x48, 0x48, 0xc7, 0x45, 0x00, 0x00, 0x00, 0x00, 0x00, 0x85, 0xc0,
  0x0f, 0x95, 0xc0, 0x49, 0x89, 0x6c, 0x24, 0x50, 0x0f, 0xb6, 0xc0, 0x49,
  0x89, 0x54, 0x24, 0x34, 0x41, 0xc7, 0x44, 0x24, 0x28, 0x02, 0x00, 0x00,
  0x00, 0xc1, 0xe0, 0x04, 0x41, 0xc7, 0x44, 0x24, 0x44, 0x01, 0x00, 0x00,
  0x00, 0x41, 0x09, 0x44, 0x24, 0x30, 0x48, 0x85, 0xdb, 0x0f, 0x84, 0xa0,
  0xfe, 0xff, 0xff, 0xc7, 0x03, 0x02, 0x00, 0x00, 0x00, 0xe9, 0x95, 0xfe,
  0xff, 0xff, 0x66, 0x2e, 0x0f, 0x1f, 0x84, 0x00, 0x00, 0x00, 0x00, 0x00,
  0x48, 0x85, 0xdb, 0x0f, 0x84, 0x7f, 0xfe, 0xff, 0xff, 0xb8, 0xff, 0xff,
  0xff, 0xff, 0x89, 0x03, 0xe9, 0x73, 0xfe, 0xff, 0xff, 0x0f, 0x1f, 0x00,
  0x83, 0xf8, 0x01, 0x0f, 0x94, 0xc1, 0x4d, 0x39, 0xf5, 0x0f, 0x93, 0xc2,
  0x84, 0xd1, 0x75, 0x09, 0x83, 0xf8, 0x02, 0x0f, 0x85, 0xfd, 0xfd, 0xff,
  0xff, 0x41, 0xc7, 0x44, 0x24, 0x28, 0xff, 0xff, 0xff, 0xff, 0x48, 0x85,
  0xdb, 0x0f, 0x84, 0x88, 0xfe, 0xff, 0xff, 0xc7, 0x03, 0xff, 0xff, 0xff,
  0xff, 0xe9, 0x7d, 0xfe, 0xff, 0xff, 0x66, 0x90, 0x4c, 0x89, 0xe7, 0xe8,
  0xc8, 0xe4, 0xff, 0xff, 0x48, 0x89, 0xef, 0xe8, 0xc0, 0xe4, 0xff, 0xff,
  0x48, 0x85, 0xdb, 0x75, 0xa4, 0xe9, 0x1e, 0xfe, 0xff, 0xff, 0x66, 0x0f,
  0x1f, 0x44, 0x00, 0x00, 0x48, 0x85, 0xff, 0x74, 0x4b, 0x83, 0xfe, 0x05,
  0x0f, 0x87, 0x9c, 0xe5, 0xff, 0xff, 0x48, 0x8d, 0x15, 0x63, 0x04, 0x00,
  0x00, 0x89, 0xf6, 0x48, 0x63, 0x04, 0xb2, 0x48, 0x01, 0xd0, 0xff, 0xe0,
  0x8b, 0x47, 0x40, 0xc3, 0x0f, 0x1f, 0x40, 0x00, 0x8b, 0x47, 0x44, 0xc3,
  0x0f, 0x1f, 0x40, 0x00, 0x8b, 0x47, 0x30, 0xc3, 0x0f, 0x1f, 0x40, 0x00,
  0x8b, 0x47, 0x34, 0xc3, 0x0f, 0x1f, 0x40, 0x00, 0x8b, 0x47, 0x38, 0xc3,
  0x0f, 0x1f, 0x40, 0x00, 0x8b, 0x47, 0x3c, 0xc3, 0x0f, 0x1f, 0x40, 0x00,
  0x31, 0xc0, 0xc3, 0x66, 0x66, 0x2e, 0x0f, 0x1f, 0x84, 0x00, 0x00, 0x00,
  0x00, 0x00, 0x66, 0x90, 0x48, 0x85, 0xd2, 0x0f, 0x84, 0xd7, 0x00, 0x00,
  0x00, 0x66, 0x0f, 0xef, 0xc0, 0x48, 0x89, 0xf9, 0x0f, 0x11, 0x42, 0x40,
  0x0f, 0x11, 0x02, 0x48, 0x89, 0x7a, 0x48, 0x0f, 0x11, 0x42, 0x10, 0x0f,
  0x11, 0x42, 0x20, 0x0f, 0x11, 0x42, 0x30, 0x48, 0x85, 0xff, 0x0f, 0x84,
  0xb0, 0x00, 0x00, 0x00, 0x85, 0xf6, 0x0f, 0x88, 0xa8, 0x00, 0x00, 0x00,
  0x8b, 0x7f, 0x44, 0x39, 0xfe, 0x0f, 0x8f, 0x9d, 0x00, 0x00, 0x00, 0x48,
  0x8b, 0x41, 0x48, 0x85, 0xf6, 0x0f, 0x44, 0xf7, 0x48, 0x85, 0xc0, 0x75,
  0x18, 0xe9, 0x8a, 0x00, 0x00, 0x00, 0x66, 0x2e, 0x0f, 0x1f, 0x84, 0x00,
  0x00, 0x00, 0x00, 0x00, 0x48, 0x8b, 0x40, 0x48, 0x48, 0x85, 0xc0, 0x74,
  0x77, 0x39, 0x70, 0x20, 0x75, 0xf2, 0x53, 0x4c, 0x8b, 0x40, 0x40, 0x48,
  0x8b, 0x70, 0x28, 0x4c, 0x8b, 0x48, 0x30, 0x4d, 0x85, 0xc0, 0x75, 0x68,
  0x48, 0x03, 0x71, 0x20, 0x0f, 0x84, 0x82, 0x00, 0x00, 0x00, 0x66, 0x0f,
  0x6e, 0x08, 0x66, 0x0f, 0x6e, 0x50, 0x04, 0x66, 0x0f, 0x6e, 0xdf, 0x66,
  0x0f, 0x6e, 0x40, 0x20, 0x5b, 0x66, 0x0f, 0x62, 0xca, 0x66, 0x0f, 0x62,
  0xc3, 0x66, 0x0f, 0x6c, 0xc1, 0x0f, 0x11, 0x02, 0x48, 0x8b, 0x48, 0x08,
  0x48, 0x89, 0x4a, 0x10, 0x8b, 0x48, 0x10, 0x89, 0x4a, 0x38, 0x8b, 0x48,
  0x14, 0x89, 0x4a, 0x18, 0x8b, 0x48, 0x18, 0x89, 0x4a, 0x1c, 0x8b, 0x48,
  0x1c, 0x8b, 0x40, 0x24, 0x48, 0x89, 0x72, 0x28, 0x89, 0x4a, 0x3c, 0x89,
  0x42, 0x20, 0xb8, 0x01, 0x00, 0x00, 0x00, 0x4c, 0x89, 0x4a, 0x30, 0xc3,
  0x31, 0xc0, 0xc3, 0x0f, 0x1f, 0x44, 0x00, 0x00, 0x4c, 0x8b, 0x50, 0x38,
  0x49, 0x89, 0xf3, 0x4b, 0x8d, 0x1c, 0x02, 0x49, 0x29, 0xdb, 0x48, 0x85,
  0xf6, 0x49, 0x0f, 0x45, 0xf3, 0x4d, 0x01, 0xc8, 0x4d, 0x8d, 0x0c, 0x30,
  0x4c, 0x89, 0xd6, 0xe9, 0x74, 0xff, 0xff, 0xff, 0x31, 0xc0, 0x5b, 0xc3,
  0x31, 0xf6, 0x48, 0x85, 0xff, 0x0f, 0x84, 0xcf, 0x00, 0x00, 0x00, 0x8b,
  0x07, 0x48, 0x89, 0xf9, 0x48, 0x8b, 0x7f, 0x48, 0x8d, 0x50, 0x01, 0x48,
  0x85, 0xff, 0x0f, 0x84, 0xb8, 0x00, 0x00, 0x00, 0x85, 0xd2, 0x0f, 0x88,
  0xb0, 0x00, 0x00, 0x00, 0x44, 0x8b, 0x47, 0x44, 0x44, 0x39, 0xc2, 0x0f,
  0x8f, 0xa5, 0x00, 0x00, 0x00, 0x48, 0x8b, 0x47, 0x48, 0x85, 0xd2, 0x41,
  0x0f, 0x44, 0xd0, 0x48, 0x85, 0xc0, 0x75, 0x15, 0xe9, 0x91, 0x00, 0x00,
  0x00, 0x0f, 0x1f, 0x80, 0x00, 0x00, 0x00, 0x00, 0x48, 0x8b, 0x40, 0x48,
  0x48, 0x85, 0xc0, 0x74, 0x7f, 0x39, 0x50, 0x20, 0x75, 0xf2, 0x53, 0x48,
  0x8b, 0x70, 0x40, 0x48, 0x8b, 0x50, 0x28, 0x4c, 0x8b, 0x48, 0x30, 0x48,
  0x85, 0xf6, 0x75, 0x70, 0x48, 0x03, 0x57, 0x20, 0x0f, 0x84, 0x8a, 0x00,
  0x00, 0x00, 0x66, 0x0f, 0x6e, 0x08, 0x66, 0x0f, 0x6e, 0x50, 0x04, 0x66,
  0x41, 0x0f, 0x6e, 0xd8, 0x66, 0x0f, 0x6e, 0x40, 0x20, 0x66, 0x0f, 0x62,
  0xca, 0x66, 0x0f, 0x62, 0xc3, 0x66, 0x0f, 0x6c, 0xc1, 0x0f, 0x11, 0x01,
  0x48, 0x8b, 0x70, 0x08, 0x48, 0x89, 0x71, 0x10, 0x8b, 0x70, 0x10, 0x89,
  0x71, 0x38, 0x8b, 0x70, 0x14, 0x89, 0x71, 0x18, 0x8b, 0x70, 0x18, 0x89,
  0x71, 0x1c, 0x8b, 0x70, 0x1c, 0x8b, 0x40, 0x24, 0x48, 0x89, 0x51, 0x28,
  0x4c, 0x89, 0x49, 0x30, 0x89, 0x41, 0x20, 0x89, 0x71, 0x3c, 0xbe, 0x01,
  0x00, 0x00, 0x00, 0x89, 0xf0, 0x5b, 0xc3, 0x0f, 0x1f, 0x44, 0x00, 0x00,
  0x31, 0xf6, 0x89, 0xf0, 0xc3, 0x0f, 0x1f, 0x00, 0x4c, 0x8b, 0x50, 0x38,
  0x49, 0x89, 0xd3, 0x4a, 0x8d, 0x1c, 0x16, 0x49, 0x29, 0xdb, 0x48, 0x85,
  0xd2, 0x49, 0x0f, 0x45, 0xd3, 0x4c, 0x01, 0xce, 0x4c, 0x8d, 0x0c, 0x16,
  0x4c, 0x89, 0xd2, 0xe9, 0x6c, 0xff, 0xff, 0xff, 0x31, 0xf6, 0xeb, 0xc7,
  0x0f, 0x1f, 0x84, 0x00, 0x00, 0x00, 0x00, 0x00, 0x48, 0x85, 0xff, 0x0f,
  0x84, 0xdf, 0x00, 0x00, 0x00, 0x8b, 0x0f, 0x48, 0x89, 0xfa, 0x31, 0xf6,
  0x83, 0xf9, 0x01, 0x7e, 0x1e, 0x48, 0x8b, 0x7f, 0x48, 0x48, 0x85, 0xff,
  0x74, 0x15, 0x44, 0x8b, 0x47, 0x44, 0x83, 0xe9, 0x01, 0x44, 0x39, 0xc1,
  0x7f, 0x09, 0x48, 0x8b, 0x47, 0x48, 0x48, 0x85, 0xc0, 0x75, 0x1a, 0x89,
  0xf0, 0xc3, 0x66, 0x2e, 0x0f, 0x1f, 0x84, 0x00, 0x00, 0x00, 0x00, 0x00,
  0x48, 0x8b, 0x40, 0x48, 0x48, 0x85, 0xc0, 0x0f, 0x84, 0x9b, 0x00, 0x00,
  0x00, 0x3b, 0x48, 0x20, 0x75, 0xee, 0x53, 0x48, 0x8b, 0x70, 0x40, 0x48,
  0x8b, 0x48, 0x28, 0x4c, 0x8b, 0x48, 0x30, 0x48, 0x85, 0xf6, 0x74, 0x1f,
  0x4c, 0x8b, 0x50, 0x38, 0x49, 0x89, 0xcb, 0x4a, 0x8d, 0x1c, 0x16, 0x49,
  0x29, 0xdb, 0x48, 0x85, 0xc9, 0x49, 0x0f, 0x45, 0xcb, 0x4c, 0x01, 0xce,
  0x4c, 0x8d, 0x0c, 0x0e, 0x4c, 0x89, 0xd1, 0x48, 0x03, 0x4f, 0x20, 0x74,
  0x64, 0x66, 0x0f, 0x6e, 0x08, 0x66, 0x0f, 0x6e, 0x50, 0x04, 0x66, 0x41,
  0x0f, 0x6e, 0xd8, 0x66, 0x0f, 0x6e, 0x40, 0x20, 0x66, 0x0f, 0x62, 0xca,
  0x66, 0x0f, 0x62, 0xc3, 0x66, 0x0f, 0x6c, 0xc1, 0x0f, 0x11, 0x02, 0x48,
  0x8b, 0x70, 0x08, 0x48, 0x89, 0x72, 0x10, 0x8b, 0x70, 0x10, 0x89, 0x72,
  0x38, 0x8b, 0x70, 0x14, 0x89, 0x72, 0x18, 0x8b, 0x70, 0x18, 0x89, 0x72,
  0x1c, 0x8b, 0x70, 0x1c, 0x8b, 0x40, 0x24, 0x48, 0x89, 0x4a, 0x28, 0x4c,
  0x89, 0x4a, 0x30, 0x89, 0x42, 0x20, 0x89, 0x72, 0x3c, 0xbe, 0x01, 0x00,
  0x00, 0x00, 0x89, 0xf0, 0x5b, 0xc3, 0x66, 0x0f, 0x1f, 0x44, 0x00, 0x00,
  0x31, 0xf6, 0x89, 0xf0, 0xc3, 0x31, 0xf6, 0xeb, 0xed, 0x66, 0x66, 0x2e,
  0x0f, 0x1f, 0x84, 0x00, 0x00, 0x00, 0x00, 0x00, 0x0f, 0x1f, 0x40, 0x00,
  0xc3, 0x66, 0x66, 0x2e, 0x0f, 0x1f, 0x84, 0x00, 0x00, 0x00, 0x00, 0x00,
  0x0f, 0x1f, 0x40, 0x00, 0x48, 0x89, 0xf8, 0x48, 0x89, 0xf7, 0x89, 0xd6,
  0x48, 0x89, 0xca, 0x48, 0x85, 0xc9, 0x74, 0x20, 0x48, 0x89, 0x41, 0x30,
  0x66, 0x0f, 0xef, 0xc0, 0x0f, 0x11, 0x01, 0x0f, 0x11, 0x41, 0x10, 0x0f,
  0x11, 0x41, 0x20, 0xe9, 0x48, 0xf7, 0xff, 0xff, 0x0f, 0x1f, 0x84, 0x00,
  0x00, 0x00, 0x00, 0x00, 0x31, 0xc0, 0xc3, 0x66, 0x66, 0x2e, 0x0f, 0x1f,
  0x84, 0x00, 0x00, 0x00, 0x00, 0x00, 0x66, 0x90, 0x48, 0x89, 0xfa, 0x48,
  0x85, 0xff, 0x75, 0x08, 0x31, 0xc0, 0xc3, 0x0f, 0x1f, 0x44, 0x00, 0x00,
  0x8b, 0x07, 0x8d, 0x70, 0x01, 0x48, 0x8b, 0x47, 0x08, 0x48, 0x8d, 0x78,
  0xf8, 0xe9, 0x0e, 0xf7, 0xff, 0xff, 0x66, 0x66, 0x2e, 0x0f, 0x1f, 0x84,
  0x00, 0x00, 0x00, 0x00, 0x00, 0x0f, 0x1f, 0x00, 0x48, 0x89, 0xfa, 0x48,
  0x85, 0xff, 0x74, 0x07, 0x8b, 0x37, 0x83, 0xfe, 0x01, 0x7f, 0x09, 0x31,
  0xc0, 0xc3, 0x66, 0x0f, 0x1f, 0x44, 0x00, 0x00, 0x48, 0x8b, 0x47, 0x08,
  0x83, 0xee, 0x01, 0x48, 0x8d, 0x78, 0xf8, 0xe9, 0xd8, 0xf6, 0xff, 0xff,
  0x0f, 0x1f, 0x84, 0x00, 0x00, 0x00, 0x00, 0x00, 0xc3, 0x00, 0x00, 0x00,
  0xf3, 0x0f, 0x1e, 0xfa, 0x48, 0x83, 0xec, 0x08, 0x48, 0x83, 0xc4, 0x08,
  0xc3, 0x00, 0x00, 0x00, 0x00, 0x00, 0x00, 0x00, 0x00, 0x00, 0x00, 0x00,
  0x00, 0x00, 0x00, 0x00, 0x00, 0x00, 0x00, 0x00, 0x00, 0x00, 0x00, 0x00,
  0x00, 0x00, 0x00, 0x00, 0x00, 0x00, 0x00, 0x00, 0x00, 0x00, 0x00, 0x00,
  0x00, 0x00, 0x00, 0x00, 0x00, 0x00, 0x00, 0x00, 0x00, 0x00, 0x00, 0x00,
  0x00, 0x00, 0x00, 0x00, 0x01, 0x00, 0x00, 0x00, 0xb8, 0xfb, 0xff, 0xff,
  0xc0, 0xfb, 0xff, 0xff, 0xc8, 0xfb, 0xff, 0xff, 0xd0, 0xfb, 0xff, 0xff,
  0xa8, 0xfb, 0xff, 0xff, 0xb0, 0xfb, 0xff, 0xff, 0xff, 0xff, 0xff, 0xff,
  0xff, 0xff, 0xff, 0xff, 0x01, 0x00, 0x00, 0x00, 0x01, 0x00, 0x00, 0x00,
  0x01, 0x1b, 0x03, 0x3b, 0x04, 0x01, 0x00, 0x00, 0x1f, 0x00, 0x00, 0x00,
  0xf0, 0xdf, 0xff, 0xff, 0x20, 0x01, 0x00, 0x00, 0x00, 0xe1, 0xff, 0xff,
  0x00, 0x04, 0x00, 0x00, 0x0a, 0xe1, 0xff, 0xff, 0xb0, 0x04, 0x00, 0x00,
  0xd0, 0xe1, 0xff, 0xff, 0x48, 0x01, 0x00, 0x00, 0xe0, 0xe2, 0xff, 0xff,
  0x94, 0x01, 0x00, 0x00, 0x60, 0xe3, 0xff, 0xff, 0xa8, 0x01, 0x00, 0x00,
  0x80, 0xe3, 0xff, 0xff, 0xbc, 0x01, 0x00, 0x00, 0xc0, 0xe3, 0xff, 0xff,
  0xd0, 0x01, 0x00, 0x00, 0xf0, 0xe3, 0xff, 0xff, 0xe4, 0x01, 0x00, 0x00,
  0xf0, 0xe8, 0xff, 0xff, 0x34, 0x02, 0x00, 0x00, 0x60, 0xe9, 0xff, 0xff,
  0x60, 0x02, 0x00, 0x00, 0x80, 0xe9, 0xff, 0xff, 0x74, 0x02, 0x00, 0x00,
  0xd0, 0xe9, 0xff, 0xff, 0x90, 0x02, 0x00, 0x00, 0xb0, 0xeb, 0xff, 0xff,
  0xe0, 0x02, 0x00, 0x00, 0x00, 0xec, 0xff, 0xff, 0xf4, 0x02, 0x00, 0x00,
  0x80, 0xed, 0xff, 0xff, 0x24, 0x03, 0x00, 0x00, 0x80, 0xef, 0xff, 0xff,
  0x70, 0x03, 0x00, 0x00, 0xc0, 0xf0, 0xff, 0xff, 0xa0, 0x03, 0x00, 0x00,
  0x60, 0xf6, 0xff, 0xff, 0xec, 0x03, 0x00, 0x00, 0x20, 0xf7, 0xff, 0xff,
  0x14, 0x04, 0x00, 0x00, 0x30, 0xf7, 0xff, 0xff, 0x28, 0x04, 0x00, 0x00,
  0xa0, 0xf7, 0xff, 0xff, 0x54, 0x04, 0x00, 0x00, 0x60, 0xfb, 0xff, 0xff,
  0x9c, 0x04, 0x00, 0x00, 0xc0, 0xfb, 0xff, 0xff, 0xc4, 0x04, 0x00, 0x00,
  0xd0, 0xfc, 0xff, 0xff, 0xec, 0x04, 0x00, 0x00, 0xe0, 0xfd, 0xff, 0xff,
  0x10, 0x05, 0x00, 0x00, 0xe0, 0xfe, 0xff, 0xff, 0x34, 0x05, 0x00, 0x00,
  0xf0, 0xfe, 0xff, 0xff, 0x48, 0x05, 0x00, 0x00, 0x30, 0xff, 0xff, 0xff,
  0x5c, 0x05, 0x00, 0x00, 0x60, 0xff, 0xff, 0xff, 0x70, 0x05, 0x00, 0x00,
  0x90, 0xff, 0xff, 0xff, 0x84, 0x05, 0x00, 0x00, 0x00, 0x00, 0x00, 0x00,
  0x14, 0x00, 0x00, 0x00, 0x00, 0x00, 0x00, 0x00, 0x01, 0x7a, 0x52, 0x00,
  0x01, 0x78, 0x10, 0x01, 0x1b, 0x0c, 0x07, 0x08, 0x90, 0x01, 0x00, 0x00,
  0x24, 0x00, 0x00, 0x00, 0x1c, 0x00, 0x00, 0x00, 0xc8, 0xde, 0xff, 0xff,
  0x10, 0x01, 0x00, 0x00, 0x00, 0x0e, 0x10, 0x46, 0x0e, 0x18, 0x4a, 0x0f,
  0x0b, 0x77, 0x08, 0x80, 0x00, 0x3f, 0x1a, 0x3b, 0x2a, 0x33, 0x24, 0x22,
  0x00, 0x00, 0x00, 0x00, 0x48, 0x00, 0x00, 0x00, 0x44, 0x00, 0x00, 0x00,
  0x80, 0xe0, 0xff, 0xff, 0x01, 0x01, 0x00, 0x00, 0x00, 0x4a, 0x0e, 0x10,
  0x8f, 0x02, 0x4b, 0x0e, 0x18, 0x8e, 0x03, 0x52, 0x0e, 0x20, 0x8d, 0x04,
  0x42, 0x0e, 0x28, 0x8c, 0x05, 0x41, 0x0e, 0x30, 0x86, 0x06, 0x41, 0x0e,
  0x38, 0x83, 0x07, 0x02, 0xc3, 0x0e, 0x30, 0x41, 0x0e, 0x28, 0x42, 0x0e,
  0x20, 0x42, 0x0e, 0x18, 0x42, 0x0e, 0x10, 0x42, 0x0e, 0x08, 0x49, 0xc3,
  0xc6, 0xcc, 0xcd, 0xce, 0xcf, 0x00, 0x00, 0x00, 0x10, 0x00, 0x00, 0x00,
  0x90, 0x00, 0x00, 0x00, 0x44, 0xe1, 0xff, 0xff, 0x73, 0x00, 0x00, 0x00,
  0x00, 0x00, 0x00, 0x00, 0x10, 0x00, 0x00, 0x00, 0xa4, 0x00, 0x00, 0x00,
  0xb0, 0xe1, 0xff, 0xff, 0x20, 0x00, 0x00, 0x00, 0x00, 0x00, 0x00, 0x00,
  0x10, 0x00, 0x00, 0x00, 0xb8, 0x00, 0x00, 0x00, 0xbc, 0xe1, 0xff, 0xff,
  0x33, 0x00, 0x00, 0x00, 0x00, 0x00, 0x00, 0x00, 0x10, 0x00, 0x00, 0x00,
  0xcc, 0x00, 0x00, 0x00, 0xe8, 0xe1, 0xff, 0xff, 0x23, 0x00, 0x00, 0x00,
  0x00, 0x00, 0x00, 0x00, 0x4c, 0x00, 0x00, 0x00, 0xe0, 0x00, 0x00, 0x00,
  0x04, 0xe2, 0xff, 0xff, 0xf4, 0x04, 0x00, 0x00, 0x00, 0x42, 0x0e, 0x10,
  0x8f, 0x02, 0x42, 0x0e, 0x18, 0x8e, 0x03, 0x42, 0x0e, 0x20, 0x8d, 0x04,
  0x42, 0x0e, 0x28, 0x8c, 0x05, 0x41, 0x0e, 0x30, 0x86, 0x06, 0x44, 0x0e,
  0x38, 0x83, 0x07, 0x47, 0x0e, 0xc0, 0x01, 0x03, 0x06, 0x02, 0x0a, 0x0e,
  0x38, 0x41, 0x0e, 0x30, 0x41, 0x0e, 0x28, 0x42, 0x0e, 0x20, 0x42, 0x0e,
  0x18, 0x42, 0x0e, 0x10, 0x42, 0x0e, 0x08, 0x44, 0x0b, 0x00, 0x00, 0x00,
  0x28, 0x00, 0x00, 0x00, 0x30, 0x01, 0x00, 0x00, 0xb4, 0xe6, 0xff, 0xff,
  0x69, 0x00, 0x00, 0x00, 0x00, 0x46, 0x0e, 0x10, 0x86, 0x02, 0x48, 0x0e,
  0x18, 0x83, 0x03, 0x47, 0x0e, 0x20, 0x02, 0x4b, 0x0e, 0x18, 0x41, 0x0e,
  0x10, 0x41, 0x0e, 0x08, 0x46, 0xc3, 0xc6, 0x00, 0x10, 0x00, 0x00, 0x00,
  0x5c, 0x01, 0x00, 0x00, 0xf8, 0xe6, 0xff, 0xff, 0x13, 0x00, 0x00, 0x00,
  0x00, 0x00, 0x00, 0x00, 0x18, 0x00, 0x00, 0x00, 0x70, 0x01, 0x00, 0x00,
  0x04, 0xe7, 0xff, 0xff, 0x41, 0x00, 0x00, 0x00, 0x00, 0x46, 0x0e, 0x10,
  0x83, 0x02, 0x73, 0xc3, 0x0e, 0x08, 0x00, 0x00, 0x4c, 0x00, 0x00, 0x00,
  0x8c, 0x01, 0x00, 0x00, 0x38, 0xe7, 0xff, 0xff, 0xd4, 0x01, 0x00, 0x00,
  0x00, 0x42, 0x0e, 0x10, 0x8d, 0x02, 0x42, 0x0e, 0x18, 0x8c, 0x03, 0x41,
  0x0e, 0x20, 0x86, 0x04, 0x41, 0x0e, 0x28, 0x83, 0x05, 0x44, 0x0e, 0x60,
  0x03, 0x7a, 0x01, 0x0a, 0x0e, 0x28, 0x44, 0x0e, 0x20, 0x41, 0x0e, 0x18,
  0x42, 0x0e, 0x10, 0x42, 0x0e, 0x08, 0x43, 0x0b, 0x4c, 0x0a, 0x0e, 0x28,
  0x46, 0x0e, 0x20, 0x41, 0x0e, 0x18, 0x42, 0x0e, 0x10, 0x42, 0x0e, 0x08,
  0x49, 0x0b, 0x00, 0x00, 0x10, 0x00, 0x00, 0x00, 0xdc, 0x01, 0x00, 0x00,
  0xc8, 0xe8, 0xff, 0xff, 0x42, 0x00, 0x00, 0x00, 0x00, 0x00, 0x00, 0x00,
  0x2c, 0x00, 0x00, 0x00, 0xf0, 0x01, 0x00, 0x00, 0x04, 0xe9, 0xff, 0xff,
  0x7f, 0x01, 0x00, 0x00, 0x00, 0x02, 0x6d, 0x0e, 0x10, 0x83, 0x02, 0x02,
  0x4a, 0x0e, 0x08, 0x49, 0xc3, 0x48, 0x0e, 0x10, 0x83, 0x02, 0x02, 0x78,
  0x0a, 0x0e, 0x08, 0x48, 0x0b, 0x6d, 0x0e, 0x08, 0xc3, 0x00, 0x00, 0x00,
  0x48, 0x00, 0x00, 0x00, 0x20, 0x02, 0x00, 0x00, 0x54, 0xea, 0xff, 0xff,
  0xfb, 0x01, 0x00, 0x00, 0x00, 0x42, 0x0e, 0x10, 0x8f, 0x02, 0x48, 0x0e,
  0x18, 0x8e, 0x03, 0x42, 0x0e, 0x20, 0x8d, 0x04, 0x42, 0x0e, 0x28, 0x8c,
  0x05, 0x44, 0x0e, 0x30, 0x86, 0x06, 0x41, 0x0e, 0x38, 0x83, 0x07, 0x44,
  0x0e, 0x90, 0x01, 0x02, 0xd0, 0x0a, 0x0e, 0x38, 0x44, 0x0e, 0x30, 0x41,
  0x0e, 0x28, 0x42, 0x0e, 0x20, 0x42, 0x0e, 0x18, 0x42, 0x0e, 0x10, 0x42,
  0x0e, 0x08, 0x44, 0x0b, 0x2c, 0x00, 0x00, 0x00, 0x6c, 0x02, 0x00, 0x00,
  0x08, 0xec, 0xff, 0xff, 0x34, 0x01, 0x00, 0x00, 0x00, 0x42, 0x0e, 0x10,
  0x8c, 0x02, 0x41, 0x0e, 0x18, 0x86, 0x03, 0x41, 0x0e, 0x20, 0x83, 0x04,
  0x02, 0xfd, 0x0a, 0x0e, 0x18, 0x41, 0x0e, 0x10, 0x42, 0x0e, 0x08, 0x44,
  0x0b, 0x00, 0x00, 0x00, 0x48, 0x00, 0x00, 0x00, 0x9c, 0x02, 0x00, 0x00,
  0x18, 0xed, 0xff, 0xff, 0x9b, 0x05, 0x00, 0x00, 0x00, 0x42, 0x0e, 0x10,
  0x8f, 0x02, 0x42, 0x0e, 0x18, 0x8e, 0x03, 0x42, 0x0e, 0x20, 0x8d, 0x04,
  0x42, 0x0e, 0x28, 0x8c, 0x05, 0x41, 0x0e, 0x30, 0x86, 0x06, 0x41, 0x0e,
  0x38, 0x83, 0x07, 0x44, 0x0e, 0x50, 0x03, 0x5c, 0x03, 0x0a, 0x0e, 0x38,
  0x44, 0x0e, 0x30, 0x41, 0x0e, 0x28, 0x42, 0x0e, 0x20, 0x42, 0x0e, 0x18,
  0x42, 0x0e, 0x10, 0x42, 0x0e, 0x08, 0x49, 0x0b, 0x10, 0x00, 0x00, 0x00,
  0xe8, 0x02, 0x00, 0x00, 0x6c, 0xf2, 0xff, 0xff, 0xb6, 0x00, 0x00, 0x00,
  0x00, 0x00, 0x00, 0x00, 0x10, 0x00, 0x00, 0x00, 0xfc, 0x02, 0x00, 0x00,
  0xf8, 0xdc, 0xff, 0xff, 0x0a, 0x00, 0x00, 0x00, 0x00, 0x00, 0x00, 0x00,
  0x10, 0x00, 0x00, 0x00, 0x10, 0x03, 0x00, 0x00, 0x04, 0xf3, 0xff, 0xff,
  0x06, 0x00, 0x00, 0x00, 0x00, 0x00, 0x00, 0x00, 0x28, 0x00, 0x00, 0x00,
  0x24, 0x03, 0x00, 0x00, 0x00, 0xf3, 0xff, 0xff, 0x61, 0x00, 0x00, 0x00,
  0x00, 0x46, 0x0e, 0x10, 0x86, 0x02, 0x44, 0x0e, 0x18, 0x83, 0x03, 0x44,
  0x0e, 0x20, 0x02, 0x47, 0x0e, 0x18, 0x44, 0xc3, 0x0e, 0x10, 0x41, 0xc6,
  0x0e, 0x08, 0x00, 0x00, 0x44, 0x00, 0x00, 0x00, 0x50, 0x03, 0x00, 0x00,
  0x44, 0xf3, 0xff, 0xff, 0xba, 0x03, 0x00, 0x00, 0x00, 0x42, 0x0e, 0x10,
  0x8e, 0x02, 0x42, 0x0e, 0x18, 0x8d, 0x03, 0x42, 0x0e, 0x20, 0x8c, 0x04,
  0x41, 0x0e, 0x28, 0x86, 0x05, 0x41, 0x0e, 0x30, 0x83, 0x06, 0x47, 0x0e,
  0x90, 0x01, 0x03, 0xd0, 0x01, 0x0a, 0x0e, 0x30, 0x44, 0x0e, 0x28, 0x41,
  0x0e, 0x20, 0x42, 0x0e, 0x18, 0x42, 0x0e, 0x10, 0x42, 0x0e, 0x08, 0x46,
  0x0b, 0x00, 0x00, 0x00, 0x10, 0x00, 0x00, 0x00, 0x98, 0x03, 0x00, 0x00,
  0xbc, 0xf6, 0xff, 0xff, 0x53, 0x00, 0x00, 0x00, 0x00, 0x00, 0x00, 0x00,
  0x10, 0x00, 0x00, 0x00, 0xac, 0x03, 0x00, 0x00, 0x52, 0xdc, 0xff, 0xff,
  0x03, 0x00, 0x00, 0x00, 0x00, 0x00, 0x00, 0x00, 0x24, 0x00, 0x00, 0x00,
  0xc0, 0x03, 0x00, 0x00, 0xf4, 0xf6, 0xff, 0xff, 0x10, 0x01, 0x00, 0x00,
  0x00, 0x02, 0x6f, 0x0e, 0x10, 0x83, 0x02, 0x6e, 0x0e, 0x08, 0x02, 0x43,
  0xc3, 0x48, 0x0e, 0x10, 0x83, 0x02, 0x67, 0x0e, 0x08, 0x00, 0x00, 0x00,
  0x20, 0x00, 0x00, 0x00, 0xe8, 0x03, 0x00, 0x00, 0xdc, 0xf7, 0xff, 0xff,
  0x08, 0x01, 0x00, 0x00, 0x00, 0x02, 0x5f, 0x0e, 0x10, 0x83, 0x02, 0x02,
  0x73, 0x0e, 0x08, 0x46, 0xc3, 0x48, 0x0e, 0x10, 0x83, 0x02, 0x00, 0x00,
  0x20, 0x00, 0x00, 0x00, 0x0c, 0x04, 0x00, 0x00, 0xc8, 0xf8, 0xff, 0xff,
  0xf1, 0x00, 0x00, 0x00, 0x00, 0x02, 0x53, 0x0e, 0x10, 0x83, 0x02, 0x02,
  0x8e, 0x0e, 0x08, 0x47, 0xc3, 0x45, 0x0e, 0x10, 0x83, 0x02, 0x00, 0x00,
  0x10, 0x00, 0x00, 0x00, 0x30, 0x04, 0x00, 0x00, 0xa4, 0xf9, 0xff, 0xff,
  0x01, 0x00, 0x00, 0x00, 0x00, 0x00, 0x00, 0x00, 0x10, 0x00, 0x00, 0x00,
  0x44, 0x04, 0x00, 0x00, 0xa0, 0xf9, 0xff, 0xff, 0x33, 0x00, 0x00, 0x00,
  0x00, 0x00, 0x00, 0x00, 0x10, 0x00, 0x00, 0x00, 0x58, 0x04, 0x00, 0x00,
  0xcc, 0xf9, 0xff, 0xff, 0x22, 0x00, 0x00, 0x00, 0x00, 0x00, 0x00, 0x00,
  0x10, 0x00, 0x00, 0x00, 0x6c, 0x04, 0x00, 0x00, 0xe8, 0xf9, 0xff, 0xff,
  0x28, 0x00, 0x00, 0x00, 0x00, 0x00, 0x00, 0x00, 0x10, 0x00, 0x00, 0x00,
  0x80, 0x04, 0x00, 0x00, 0x04, 0xfa, 0xff, 0xff, 0x01, 0x00, 0x00, 0x00,
  0x00, 0x00, 0x00, 0x00, 0x00, 0x00, 0x00, 0x00, 0x00, 0x00, 0x00, 0x00,
  0x00, 0x00, 0x00, 0x00, 0x00, 0x00, 0x00, 0x00, 0x00, 0x00, 0x00, 0x00,
  0x00, 0x00, 0x00, 0x00, 0x00, 0x00, 0x00, 0x00, 0x00, 0x00, 0x00, 0x00,
  0x00, 0x00, 0x00, 0x00, 0x00, 0x00, 0x00, 0x00, 0x00, 0x00, 0x00, 0x00,
  0x00, 0x00, 0x00, 0x00, 0x00, 0x00, 0x00, 0x00, 0x00, 0x00, 0x00, 0x00,
  0x00, 0x00, 0x00, 0x00, 0x00, 0x00, 0x00, 0x00, 0x00, 0x00, 0x00, 0x00,
  0x00, 0x00, 0x00, 0x00, 0x00, 0x00, 0x00, 0x00, 0x00, 0x00, 0x00, 0x00,
  0x00, 0x00, 0x00, 0x00, 0x00, 0x00, 0x00, 0x00, 0x00, 0x00, 0x00, 0x00,
  0x00, 0x00, 0x00, 0x00, 0x00, 0x00, 0x00, 0x00, 0x00, 0x00, 0x00, 0x00,
  0x00, 0x00, 0x00, 0x00, 0x00, 0x00, 0x00, 0x00, 0x00, 0x00, 0x00, 0x00,
  0x00, 0x00, 0x00, 0x00, 0x00, 0x00, 0x00, 0x00, 0x00, 0x00, 0x00, 0x00,
  0x00, 0x00, 0x00, 0x00, 0x00, 0x00, 0x00, 0x00, 0x00, 0x00, 0x00, 0x00,
  0x00, 0x00, 0x00, 0x00, 0x00, 0x00, 0x00, 0x00, 0x00, 0x00, 0x00, 0x00,
  0x00, 0x00, 0x00, 0x00, 0x00, 0x00, 0x00, 0x00, 0x00, 0x00, 0x00, 0x00,
  0x00, 0x00, 0x00, 0x00, 0x00, 0x00, 0x00, 0x00, 0x00, 0x00, 0x00, 0x00,
  0x00, 0x00, 0x00, 0x00, 0x00, 0x00, 0x00, 0x00, 0x00, 0x00, 0x00, 0x00,
  0x00, 0x00, 0x00, 0x00, 0x00, 0x00, 0x00, 0x00, 0x00, 0x00, 0x00, 0x00,
  0x00, 0x00, 0x00, 0x00, 0x00, 0x00, 0x00, 0x00, 0x00, 0x00, 0x00, 0x00,
  0x00, 0x00, 0x00, 0x00, 0x00, 0x00, 0x00, 0x00, 0x00, 0x00, 0x00, 0x00,
  0x00, 0x00, 0x00, 0x00, 0x00, 0x00, 0x00, 0x00, 0x00, 0x00, 0x00, 0x00,
  0x00, 0x00, 0x00, 0x00, 0x00, 0x00, 0x00, 0x00, 0x00, 0x00, 0x00, 0x00,
  0x00, 0x00, 0x00, 0x00, 0x00, 0x00, 0x00, 0x00, 0x00, 0x00, 0x00, 0x00,
  0x00, 0x00, 0x00, 0x00, 0x00, 0x00, 0x00, 0x00, 0x00, 0x00, 0x00, 0x00,
  0x00, 0x00, 0x00, 0x00, 0x00, 0x00, 0x00, 0x00, 0x00, 0x00, 0x00, 0x00,
  0x00, 0x00, 0x00, 0x00, 0x00, 0x00, 0x00, 0x00, 0x00, 0x00, 0x00, 0x00,
  0x00, 0x00, 0x00, 0x00, 0x00, 0x00, 0x00, 0x00, 0x00, 0x00, 0x00, 0x00,
  0x00, 0x00, 0x00, 0x00, 0x00, 0x00, 0x00, 0x00, 0x00, 0x00, 0x00, 0x00,
  0x00, 0x00, 0x00, 0x00, 0x00, 0x00, 0x00, 0x00, 0x00, 0x00, 0x00, 0x00,
  0x00, 0x00, 0x00, 0x00, 0x00, 0x00, 0x00, 0x00, 0x00, 0x00, 0x00, 0x00,
  0x00, 0x00, 0x00, 0x00, 0x00, 0x00, 0x00, 0x00, 0x00, 0x00, 0x00, 0x00,
  0x00, 0x00, 0x00, 0x00, 0x00, 0x00, 0x00, 0x00, 0x00, 0x00, 0x00, 0x00,
  0x00, 0x00, 0x00, 0x00, 0x00, 0x00, 0x00, 0x00, 0x00, 0x00, 0x00, 0x00,
  0x00, 0x00, 0x00, 0x00, 0x00, 0x00, 0x00, 0x00, 0x00, 0x00, 0x00, 0x00,
  0x00, 0x00, 0x00, 0x00, 0x00, 0x00, 0x00, 0x00, 0x00, 0x00, 0x00, 0x00,
  0x00, 0x00, 0x00, 0x00, 0x00, 0x00, 0x00, 0x00, 0x00, 0x00, 0x00, 0x00,
  0x00, 0x00, 0x00, 0x00, 0x00, 0x00, 0x00, 0x00, 0x00, 0x00, 0x00, 0x00,
  0x00, 0x00, 0x00, 0x00, 0x00, 0x00, 0x00, 0x00, 0x00, 0x00, 0x00, 0x00,
  0x00, 0x00, 0x00, 0x00, 0x00, 0x00, 0x00, 0x00, 0x00, 0x00, 0x00, 0x00,
  0x00, 0x00, 0x00, 0x00, 0x00, 0x00, 0x00, 0x00, 0x00, 0x00, 0x00, 0x00,
  0x00, 0x00, 0x00, 0x00, 0x00, 0x00, 0x00, 0x00, 0x00, 0x00, 0x00, 0x00,
  0x00, 0x00, 0x00, 0x00, 0x00, 0x00, 0x00, 0x00, 0x00, 0x00, 0x00, 0x00,
  0x00, 0x00, 0x00, 0x00, 0x00, 0x00, 0x00, 0x00, 0x00, 0x00, 0x00, 0x00,
  0x00, 0x00, 0x00, 0x00, 0x00, 0x00, 0x00, 0x00, 0x00, 0x00, 0x00, 0x00,
  0x00, 0x00, 0x00, 0x00, 0x00, 0x00, 0x00, 0x00, 0x00, 0x00, 0x00, 0x00,
  0x00, 0x00, 0x00, 0x00, 0x00, 0x00, 0x00, 0x00, 0x00, 0x00, 0x00, 0x00,
  0x00, 0x00, 0x00, 0x00, 0x00, 0x00, 0x00, 0x00, 0x00, 0x00, 0x00, 0x00,
  0x00, 0x00, 0x00, 0x00, 0x00, 0x00, 0x00, 0x00, 0x00, 0x00, 0x00, 0x00,
  0x00, 0x00, 0x00, 0x00, 0x00, 0x00, 0x00, 0x00, 0x00, 0x00, 0x00, 0x00,
  0x00, 0x00, 0x00, 0x00, 0x00, 0x00, 0x00, 0x00, 0x00, 0x00, 0x00, 0x00,
  0x00, 0x00, 0x00, 0x00, 0x00, 0x00, 0x00, 0x00, 0x00, 0x00, 0x00, 0x00,
  0x00, 0x00, 0x00, 0x00, 0x00, 0x00, 0x00, 0x00, 0x00, 0x00, 0x00, 0x00,
  0x00, 0x00, 0x00, 0x00, 0x00, 0x00, 0x00, 0x00, 0x00, 0x00, 0x00, 0x00,
  0x00, 0x00, 0x00, 0x00, 0x00, 0x00, 0x00, 0x00, 0x00, 0x00, 0x00, 0x00,
  0x00, 0x00, 0x00, 0x00, 0x00, 0x00, 0x00, 0x00, 0x00, 0x00, 0x00, 0x00,
  0x00, 0x00, 0x00, 0x00, 0x00, 0x00, 0x00, 0x00, 0x00, 0x00, 0x00, 0x00,
  0x00, 0x00, 0x00, 0x00, 0x00, 0x00, 0x00, 0x00, 0x00, 0x00, 0x00, 0x00,
  0x00, 0x00, 0x00, 0x00, 0x00, 0x00, 0x00, 0x00, 0x00, 0x00, 0x00, 0x00,
  0x00, 0x00, 0x00, 0x00, 0x00, 0x00, 0x00, 0x00, 0x00, 0x00, 0x00, 0x00,
  0x00, 0x00, 0x00, 0x00, 0x00, 0x00, 0x00, 0x00, 0x00, 0x00, 0x00, 0x00,
  0x00, 0x00, 0x00, 0x00, 0x00, 0x00, 0x00, 0x00, 0x00, 0x00, 0x00, 0x00,
  0x00, 0x00, 0x00, 0x00, 0x00, 0x00, 0x00, 0x00, 0x00, 0x00, 0x00, 0x00,
  0x00, 0x00, 0x00, 0x00, 0x00, 0x00, 0x00, 0x00, 0x00, 0x00, 0x00, 0x00,
  0x00, 0x00, 0x00, 0x00, 0x00, 0x00, 0x00, 0x00, 0x00, 0x00, 0x00, 0x00,
  0x00, 0x00, 0x00, 0x00, 0x00, 0x00, 0x00, 0x00, 0x00, 0x00, 0x00, 0x00,
  0x00, 0x00, 0x00, 0x00, 0x00, 0x00, 0x00, 0x00, 0x00, 0x00, 0x00, 0x00,
  0x00, 0x00, 0x00, 0x00, 0x00, 0x00, 0x00, 0x00, 0x00, 0x00, 0x00, 0x00,
  0x00, 0x00, 0x00, 0x00, 0x00, 0x00, 0x00, 0x00, 0x00, 0x00, 0x00, 0x00,
  0x00, 0x00, 0x00, 0x00, 0x00, 0x00, 0x00, 0x00, 0x00, 0x00, 0x00, 0x00,
  0x00, 0x00, 0x00, 0x00, 0x00, 0x00, 0x00, 0x00, 0x00, 0x00, 0x00, 0x00,
  0x00, 0x00, 0x00, 0x00, 0x00, 0x00, 0x00, 0x00, 0x00, 0x00, 0x00, 0x00,
  0x00, 0x00, 0x00, 0x00, 0x00, 0x00, 0x00, 0x00, 0x00, 0x00, 0x00, 0x00,
  0x00, 0x00, 0x00, 0x00, 0x00, 0x00, 0x00, 0x00, 0x00, 0x00, 0x00, 0x00,
  0x00, 0x00, 0x00, 0x00, 0x00, 0x00, 0x00, 0x00, 0x00, 0x00, 0x00, 0x00,
  0x00, 0x00, 0x00, 0x00, 0x00, 0x00, 0x00, 0x00, 0x00, 0x00, 0x00, 0x00,
  0x00, 0x00, 0x00, 0x00, 0x00, 0x00, 0x00, 0x00, 0x00, 0x00, 0x00, 0x00,
  0x00, 0x00, 0x00, 0x00, 0x00, 0x00, 0x00, 0x00, 0x00, 0x00, 0x00, 0x00,
  0x00, 0x00, 0x00, 0x00, 0x00, 0x00, 0x00, 0x00, 0x00, 0x00, 0x00, 0x00,
  0x00, 0x00, 0x00, 0x00, 0x00, 0x00, 0x00, 0x00, 0x00, 0x00, 0x00, 0x00,
  0x00, 0x00, 0x00, 0x00, 0x00, 0x00, 0x00, 0x00, 0x00, 0x00, 0x00, 0x00,
  0x00, 0x00, 0x00, 0x00, 0x00, 0x00, 0x00, 0x00, 0x00, 0x00, 0x00, 0x00,
  0x00, 0x00, 0x00, 0x00, 0x00, 0x00, 0x00, 0x00, 0x00, 0x00, 0x00, 0x00,
  0x00, 0x00, 0x00, 0x00, 0x00, 0x00, 0x00, 0x00, 0x00, 0x00, 0x00, 0x00,
  0x00, 0x00, 0x00, 0x00, 0x00, 0x00, 0x00, 0x00, 0x00, 0x00, 0x00, 0x00,
  0x00, 0x00, 0x00, 0x00, 0x00, 0x00, 0x00, 0x00, 0x00, 0x00, 0x00, 0x00,
  0x00, 0x00, 0x00, 0x00, 0x00, 0x00, 0x00, 0x00, 0x00, 0x00, 0x00, 0x00,
  0x00, 0x00, 0x00, 0x00, 0x00, 0x00, 0x00, 0x00, 0x00, 0x00, 0x00, 0x00,
  0x00, 0x00, 0x00, 0x00, 0x00, 0x00, 0x00, 0x00, 0x00, 0x00, 0x00, 0x00,
  0x00, 0x00, 0x00, 0x00, 0x00, 0x00, 0x00, 0x00, 0x00, 0x00, 0x00, 0x00,
  0x00, 0x00, 0x00, 0x00, 0x00, 0x00, 0x00, 0x00, 0x00, 0x00, 0x00, 0x00,
  0x00, 0x00, 0x00, 0x00, 0x00, 0x00, 0x00, 0x00, 0x00, 0x00, 0x00, 0x00,
  0x00, 0x00, 0x00, 0x00, 0x00, 0x00, 0x00, 0x00, 0x00, 0x00, 0x00, 0x00,
  0x00, 0x00, 0x00, 0x00, 0x00, 0x00, 0x00, 0x00, 0x00, 0x00, 0x00, 0x00,
  0x00, 0x00, 0x00, 0x00, 0x00, 0x00, 0x00, 0x00, 0x00, 0x00, 0x00, 0x00,
  0x00, 0x00, 0x00, 0x00, 0x00, 0x00, 0x00, 0x00, 0x00, 0x00, 0x00, 0x00,
  0x00, 0x00, 0x00, 0x00, 0x00, 0x00, 0x00, 0x00, 0x00, 0x00, 0x00, 0x00,
  0x00, 0x00, 0x00, 0x00, 0x00, 0x00, 0x00, 0x00, 0x00, 0x00, 0x00, 0x00,
  0x00, 0x00, 0x00, 0x00, 0x00, 0x00, 0x00, 0x00, 0x00, 0x00, 0x00, 0x00,
  0x00, 0x00, 0x00, 0x00, 0x00, 0x00, 0x00, 0x00, 0x00, 0x00, 0x00, 0x00,
  0x00, 0x00, 0x00, 0x00, 0x00, 0x00, 0x00, 0x00, 0x00, 0x00, 0x00, 0x00,
  0x00, 0x00, 0x00, 0x00, 0x00, 0x00, 0x00, 0x00, 0x00, 0x00, 0x00, 0x00,
  0x00, 0x00, 0x00, 0x00, 0x00, 0x00, 0x00, 0x00, 0x00, 0x00, 0x00, 0x00,
  0x00, 0x00, 0x00, 0x00, 0x00, 0x00, 0x00, 0x00, 0x00, 0x00, 0x00, 0x00,
  0x00, 0x00, 0x00, 0x00, 0x00, 0x00, 0x00, 0x00, 0x00, 0x00, 0x00, 0x00,
  0x00, 0x00, 0x00, 0x00, 0x00, 0x00, 0x00, 0x00, 0x00, 0x00, 0x00, 0x00,
  0x00, 0x00, 0x00, 0x00, 0x00, 0x00, 0x00, 0x00, 0x00, 0x00, 0x00, 0x00,
  0x00, 0x00, 0x00, 0x00, 0x00, 0x00, 0x00, 0x00, 0x00, 0x00, 0x00, 0x00,
  0x00, 0x00, 0x00, 0x00, 0x00, 0x00, 0x00, 0x00, 0x00, 0x00, 0x00, 0x00,
  0x00, 0x00, 0x00, 0x00, 0x00, 0x00, 0x00, 0x00, 0x00, 0x00, 0x00, 0x00,
  0x00, 0x00, 0x00, 0x00, 0x00, 0x00, 0x00, 0x00, 0x00, 0x00, 0x00, 0x00,
  0x00, 0x00, 0x00, 0x00, 0x00, 0x00, 0x00, 0x00, 0x00, 0x00, 0x00, 0x00,
  0x00, 0x00, 0x00, 0x00, 0x00, 0x00, 0x00, 0x00, 0x00, 0x00, 0x00, 0x00,
  0x00, 0x00, 0x00, 0x00, 0x00, 0x00, 0x00, 0x00, 0x00, 0x00, 0x00, 0x00,
  0x00, 0x00, 0x00, 0x00, 0x00, 0x00, 0x00, 0x00, 0x00, 0x00, 0x00, 0x00,
  0x00, 0x00, 0x00, 0x00, 0x00, 0x00, 0x00, 0x00, 0x00, 0x00, 0x00, 0x00,
  0x00, 0x00, 0x00, 0x00, 0x00, 0x00, 0x00, 0x00, 0x00, 0x00, 0x00, 0x00,
  0x00, 0x00, 0x00, 0x00, 0x00, 0x00, 0x00, 0x00, 0x00, 0x00, 0x00, 0x00,
  0x00, 0x00, 0x00, 0x00, 0x00, 0x00, 0x00, 0x00, 0x00, 0x00, 0x00, 0x00,
  0x00, 0x00, 0x00, 0x00, 0x00, 0x00, 0x00, 0x00, 0x00, 0x00, 0x00, 0x00,
  0x00, 0x00, 0x00, 0x00, 0x00, 0x00, 0x00, 0x00, 0x00, 0x00, 0x00, 0x00,
  0x00, 0x00, 0x00, 0x00, 0x00, 0x00, 0x00, 0x00, 0x00, 0x00, 0x00, 0x00,
  0x00, 0x00, 0x00, 0x00, 0x00, 0x00, 0x00, 0x00, 0x00, 0x00, 0x00, 0x00,
  0x00, 0x00, 0x00, 0x00, 0x00, 0x00, 0x00, 0x00, 0x00, 0x00, 0x00, 0x00,
  0x00, 0x00, 0x00, 0x00, 0x00, 0x00, 0x00, 0x00, 0x00, 0x00, 0x00, 0x00,
  0x00, 0x00, 0x00, 0x00, 0x00, 0x00, 0x00, 0x00, 0x00, 0x00, 0x00, 0x00,
  0x00, 0x00, 0x00, 0x00, 0x00, 0x00, 0x00, 0x00, 0x00, 0x00, 0x00, 0x00,
  0x00, 0x00, 0x00, 0x00, 0x00, 0x00, 0x00, 0x00, 0x00, 0x00, 0x00, 0x00,
  0x00, 0x00, 0x00, 0x00, 0x00, 0x00, 0x00, 0x00, 0x00, 0x00, 0x00, 0x00,
  0x00, 0x00, 0x00, 0x00, 0x00, 0x00, 0x00, 0x00, 0x00, 0x00, 0x00, 0x00,
  0x00, 0x00, 0x00, 0x00, 0x00, 0x00, 0x00, 0x00, 0x00, 0x00, 0x00, 0x00,
  0x00, 0x00, 0x00, 0x00, 0x00, 0x00, 0x00, 0x00, 0x00, 0x00, 0x00, 0x00,
  0x00, 0x00, 0x00, 0x00, 0x00, 0x00, 0x00, 0x00, 0x00, 0x00, 0x00, 0x00,
  0x00, 0x00, 0x00, 0x00, 0x00, 0x00, 0x00, 0x00, 0x00, 0x00, 0x00, 0x00,
  0x00, 0x00, 0x00, 0x00, 0x00, 0x00, 0x00, 0x00, 0x00, 0x00, 0x00, 0x00,
  0x00, 0x00, 0x00, 0x00, 0x00, 0x00, 0x00, 0x00, 0x00, 0x00, 0x00, 0x00,
  0x00, 0x00, 0x00, 0x00, 0x00, 0x00, 0x00, 0x00, 0x00, 0x00, 0x00, 0x00,
  0x00, 0x00, 0x00, 0x00, 0x00, 0x00, 0x00, 0x00, 0x00, 0x00, 0x00, 0x00,
  0x00, 0x00, 0x00, 0x00, 0x00, 0x00, 0x00, 0x00, 0x00, 0x00, 0x00, 0x00,
  0x00, 0x00, 0x00, 0x00, 0x00, 0x00, 0x00, 0x00, 0x00, 0x00, 0x00, 0x00,
  0x00, 0x00, 0x00, 0x00, 0x00, 0x00, 0x00, 0x00, 0x00, 0x00, 0x00, 0x00,
  0x00, 0x00, 0x00, 0x00, 0x00, 0x00, 0x00, 0x00, 0x00, 0x00, 0x00, 0x00,
  0x00, 0x00, 0x00, 0x00, 0x00, 0x00, 0x00, 0x00, 0x00, 0x00, 0x00, 0x00,
  0x00, 0x00, 0x00, 0x00, 0x00, 0x00, 0x00, 0x00, 0x00, 0x00, 0x00, 0x00,
  0x00, 0x00, 0x00, 0x00, 0x00, 0x00, 0x00, 0x00, 0x00, 0x00, 0x00, 0x00,
  0x00, 0x00, 0x00, 0x00, 0x00, 0x00, 0x00, 0x00, 0x00, 0x00, 0x00, 0x00,
  0x00, 0x00, 0x00, 0x00, 0x00, 0x00, 0x00, 0x00, 0x00, 0x00, 0x00, 0x00,
  0x00, 0x00, 0x00, 0x00, 0x00, 0x00, 0x00, 0x00, 0x00, 0x00, 0x00, 0x00,
  0x00, 0x00, 0x00, 0x00, 0x00, 0x00, 0x00, 0x00, 0x00, 0x00, 0x00, 0x00,
  0x00, 0x00, 0x00, 0x00, 0x00, 0x00, 0x00, 0x00, 0x00, 0x00, 0x00, 0x00,
  0x00, 0x00, 0x00, 0x00, 0x00, 0x00, 0x00, 0x00, 0x00, 0x00, 0x00, 0x00,
  0x00, 0x00, 0x00, 0x00, 0x00, 0x00, 0x00, 0x00, 0x00, 0x00, 0x00, 0x00,
  0x00, 0x00, 0x00, 0x00, 0x00, 0x00, 0x00, 0x00, 0x00, 0x00, 0x00, 0x00,
  0x00, 0x00, 0x00, 0x00, 0x00, 0x00, 0x00, 0x00, 0x00, 0x00, 0x00, 0x00,
  0x00, 0x00, 0x00, 0x00, 0x00, 0x00, 0x00, 0x00, 0x00, 0x00, 0x00, 0x00,
  0x00, 0x00, 0x00, 0x00, 0x00, 0x00, 0x00, 0x00, 0x00, 0x00, 0x00, 0x00,
  0x00, 0x00, 0x00, 0x00, 0x00, 0x00, 0x00, 0x00, 0x00, 0x00, 0x00, 0x00,
  0x00, 0x00, 0x00, 0x00, 0x00, 0x00, 0x00, 0x00, 0x00, 0x00, 0x00, 0x00,
  0x00, 0x00, 0x00, 0x00, 0x00, 0x00, 0x00, 0x00, 0x00, 0x00, 0x00, 0x00,
  0x00, 0x00, 0x00, 0x00, 0x00, 0x00, 0x00, 0x00, 0x00, 0x00, 0x00, 0x00,
  0x00, 0x00, 0x00, 0x00, 0x00, 0x00, 0x00, 0x00, 0x00, 0x00, 0x00, 0x00,
  0x00, 0x00, 0x00, 0x00, 0x00, 0x00, 0x00, 0x00, 0x00, 0x00, 0x00, 0x00,
  0x00, 0x00, 0x00, 0x00, 0x00, 0x00, 0x00, 0x00, 0x00, 0x00, 0x00, 0x00,
  0xf0, 0x11, 0x00, 0x00, 0x00, 0x00, 0x00, 0x00, 0xb0, 0x11, 0x00, 0x00,
  0x00, 0x00, 0x00, 0x00, 0x60, 0x4d, 0x00, 0x00, 0x00, 0x00, 0x00, 0x00,
  0x00, 0x00, 0x00, 0x00, 0x00, 0x00, 0x00, 0x00, 0x00, 0x00, 0x00, 0x00,
  0x00, 0x00, 0x00, 0x00, 0x00, 0x00, 0x00, 0x00, 0x00, 0x00, 0x00, 0x00,
  0x56, 0x50, 0x38, 0x20, 0x00, 0x00, 0x00, 0x00, 0xb0, 0x1f, 0x00, 0x00,
  0x00, 0x00, 0x00, 0x00, 0xe0, 0x1b, 0x00, 0x00, 0x00, 0x00, 0x00, 0x00,
  0x56, 0x50, 0x38, 0x4c, 0x00, 0x00, 0x00, 0x00, 0xb0, 0x1f, 0x00, 0x00,
  0x00, 0x00, 0x00, 0x00, 0xe0, 0x1b, 0x00, 0x00, 0x00, 0x00, 0x00, 0x00,
  0x56, 0x50, 0x38, 0x58, 0x00, 0x00, 0x00, 0x00, 0xf0, 0x20, 0x00, 0x00,
  0x00, 0x00, 0x00, 0x00, 0x30, 0x1c, 0x00, 0x00, 0x00, 0x00, 0x00, 0x00,
  0x30, 0x30, 0x30, 0x30, 0x00, 0x00, 0x00, 0x00, 0x00, 0x00, 0x00, 0x00,
  0x00, 0x00, 0x00, 0x00, 0x00, 0x00, 0x00, 0x00, 0x00, 0x00, 0x00, 0x00,
  0x01, 0x00, 0x00, 0x00, 0x00, 0x00, 0x00, 0x00, 0xe9, 0x02, 0x00, 0x00,
  0x00, 0x00, 0x00, 0x00, 0x01, 0x00, 0x00, 0x00, 0x00, 0x00, 0x00, 0x00,
  0x86, 0x02, 0x00, 0x00, 0x00, 0x00, 0x00, 0x00, 0x01, 0x00, 0x00, 0x00,
  0x00, 0x00, 0x00, 0x00, 0x96, 0x02, 0x00, 0x00, 0x00, 0x00, 0x00, 0x00,
  0x0e, 0x00, 0x00, 0x00, 0x00, 0x00, 0x00, 0x00, 0xc9, 0x02, 0x00, 0x00,
  0x00, 0x00, 0x00, 0x00, 0x0c, 0x00, 0x00, 0x00, 0x00, 0x00, 0x00, 0x00,
  0x00, 0x10, 0x00, 0x00, 0x00, 0x00, 0x00, 0x00, 0x0d, 0x00, 0x00, 0x00,
  0x00, 0x00, 0x00, 0x00, 0xc4, 0x2f, 0x00, 0x00, 0x00, 0x00, 0x00, 0x00,
  0x19, 0x00, 0x00, 0x00, 0x00, 0x00, 0x00, 0x00, 0x50, 0x4d, 0x00, 0x00,
  0x00, 0x00, 0x00, 0x00, 0x1b, 0x00, 0x00, 0x00, 0x00, 0x00, 0x00, 0x00,
  0x08, 0x00, 0x00, 0x00, 0x00, 0x00, 0x00, 0x00, 0x1a, 0x00, 0x00, 0x00,
  0x00, 0x00, 0x00, 0x00, 0x58, 0x4d, 0x00, 0x00, 0x00, 0x00, 0x00, 0x00,
  0x1c, 0x00, 0x00, 0x00, 0x00, 0x00, 0x00, 0x00, 0x08, 0x00, 0x00, 0x00,
  0x00, 0x00, 0x00, 0x00, 0xf5, 0xfe, 0xff, 0x6f, 0x00, 0x00, 0x00, 0x00,
  0x28, 0x60, 0x00, 0x00, 0x00, 0x00, 0x00, 0x00, 0x05, 0x00, 0x00, 0x00,
  0x00, 0x00, 0x00, 0x00, 0x00, 0x73, 0x00, 0x00, 0x00, 0x00, 0x00, 0x00,
  0x06, 0x00, 0x00, 0x00, 0x00, 0x00, 0x00, 0x00, 0x00, 0x70, 0x00, 0x00,
  0x00, 0x00, 0x00, 0x00, 0x0a, 0x00, 0x00, 0x00, 0x00, 0x00, 0x00, 0x00,
  0x03, 0x03, 0x00, 0x00, 0x00, 0x00, 0x00, 0x00, 0x0b, 0x00, 0x00, 0x00,
  0x00, 0x00, 0x00, 0x00, 0x18, 0x00, 0x00, 0x00, 0x00, 0x00, 0x00, 0x00,
  0x03, 0x00, 0x00, 0x00, 0x00, 0x00, 0x00, 0x00, 0x00, 0x50, 0x00, 0x00,
  0x00, 0x00, 0x00, 0x00, 0x02, 0x00, 0x00, 0x00, 0x00, 0x00, 0x00, 0x00,
  0x80, 0x01, 0x00, 0x00, 0x00, 0x00, 0x00, 0x00, 0x14, 0x00, 0x00, 0x00,
  0x00, 0x00, 0x00, 0x00, 0x07, 0x00, 0x00, 0x00, 0x00, 0x00, 0x00, 0x00,
  0x17, 0x00, 0x00, 0x00, 0x00, 0x00, 0x00, 0x00, 0x90, 0x0a, 0x00, 0x00,
  0x00, 0x00, 0x00, 0x00, 0x07, 0x00, 0x00, 0x00, 0x00, 0x00, 0x00, 0x00,
  0x58, 0x09, 0x00, 0x00, 0x00, 0x00, 0x00, 0x00, 0x08, 0x00, 0x00, 0x00,
  0x00, 0x00, 0x00, 0x00, 0x38, 0x01, 0x00, 0x00, 0x00, 0x00, 0x00, 0x00,
  0x09, 0x00, 0x00, 0x00, 0x00, 0x00, 0x00, 0x00, 0x18, 0x00, 0x00, 0x00,
  0x00, 0x00, 0x00, 0x00, 0xfe, 0xff, 0xff, 0x6f, 0x00, 0x00, 0x00, 0x00,
  0x28, 0x09, 0x00, 0x00, 0x00, 0x00, 0x00, 0x00, 0xff, 0xff, 0xff, 0x6f,
  0x00, 0x00, 0x00, 0x00, 0x01, 0x00, 0x00, 0x00, 0x00, 0x00, 0x00, 0x00,
  0xf0, 0xff, 0xff, 0x6f, 0x00, 0x00, 0x00, 0x00, 0xe2, 0x08, 0x00, 0x00,
  0x00, 0x00, 0x00, 0x00, 0xf9, 0xff, 0xff, 0x6f, 0x00, 0x00, 0x00, 0x00,
  0x09, 0x00, 0x00, 0x00, 0x00, 0x00, 0x00, 0x00, 0x00, 0x00, 0x00, 0x00,
  0x00, 0x00, 0x00, 0x00, 0x00, 0x00, 0x00, 0x00, 0x00, 0x00, 0x00, 0x00,
  0x00, 0x00, 0x00, 0x00, 0x00, 0x00, 0x00, 0x00, 0x00, 0x00, 0x00, 0x00,
  0x00, 0x00, 0x00, 0x00, 0x00, 0x00, 0x00, 0x00, 0x00, 0x00, 0x00, 0x00,
  0x00, 0x00, 0x00, 0x00, 0x00, 0x00, 0x00, 0x00, 0x00, 0x00, 0x00, 0x00,
  0x00, 0x00, 0x00, 0x00, 0x00, 0x00, 0x00, 0x00, 0x00, 0x00, 0x00, 0x00,
  0x00, 0x00, 0x00, 0x00, 0x00, 0x00, 0x00, 0x00, 0x00, 0x00, 0x00, 0x00,
  0x00, 0x00, 0x00, 0x00, 0x00, 0x00, 0x00, 0x00, 0x00, 0x00, 0x00, 0x00,
  0x00, 0x00, 0x00, 0x00, 0x00, 0x00, 0x00, 0x00, 0x00, 0x00, 0x00, 0x00,
  0x00, 0x00, 0x00, 0x00, 0x00, 0x00, 0x00, 0x00, 0x00, 0x00, 0x00, 0x00,
  0x00, 0x00, 0x00, 0x00, 0x00, 0x00, 0x00, 0x00, 0x00, 0x00, 0x00, 0x00,
  0x00, 0x00, 0x00, 0x00, 0xe0, 0x4d, 0x00, 0x00, 0x00, 0x00, 0x00, 0x00,
  0x00, 0x00, 0x00, 0x00, 0x00, 0x00, 0x00, 0x00, 0x00, 0x00, 0x00, 0x00,
  0x00, 0x00, 0x00, 0x00, 0x36, 0x10, 0x00, 0x00, 0x00, 0x00, 0x00, 0x00,
  0x46, 0x10, 0x00, 0x00, 0x00, 0x00, 0x00, 0x00, 0x56, 0x10, 0x00, 0x00,
  0x00, 0x00, 0x00, 0x00, 0x66, 0x10, 0x00, 0x00, 0x00, 0x00, 0x00, 0x00,
  0x76, 0x10, 0x00, 0x00, 0x00, 0x00, 0x00, 0x00, 0x86, 0x10, 0x00, 0x00,
  0x00, 0x00, 0x00, 0x00, 0x96, 0x10, 0x00, 0x00, 0x00, 0x00, 0x00, 0x00,
  0xa6, 0x10, 0x00, 0x00, 0x00, 0x00, 0x00, 0x00, 0xb6, 0x10, 0x00, 0x00,
  0x00, 0x00, 0x00, 0x00, 0xc6, 0x10, 0x00, 0x00, 0x00, 0x00, 0x00, 0x00,
  0xd6, 0x10, 0x00, 0x00, 0x00, 0x00, 0x00, 0x00, 0xe6, 0x10, 0x00, 0x00,
  0x00, 0x00, 0x00, 0x00, 0xf6, 0x10, 0x00, 0x00, 0x00, 0x00, 0x00, 0x00,
  0x06, 0x11, 0x00, 0x00, 0x00, 0x00, 0x00, 0x00, 0x16, 0x11, 0x00, 0x00,
  0x00, 0x00, 0x00, 0x00, 0x26, 0x11, 0x00, 0x00, 0x00, 0x00, 0x00, 0x00,
  0x47, 0x43, 0x43, 0x3a, 0x20, 0x28, 0x47, 0x4e, 0x55, 0x29, 0x20, 0x31,
  0x32, 0x2e, 0x32, 0x2e, 0x31, 0x20, 0x32, 0x30, 0x32, 0x32, 0x31, 0x31,
  0x32, 0x31, 0x20, 0x28, 0x52, 0x65, 0x64, 0x20, 0x48, 0x61, 0x74, 0x20,
  0x31, 0x32, 0x2e, 0x32, 0x2e, 0x31, 0x2d, 0x37, 0x29, 0x00, 0x00, 0x00,
  0x08, 0x00, 0x00, 0x00, 0x10, 0x00, 0x00, 0x00, 0x00, 0x01, 0x00, 0x00,
  0x47, 0x41, 0x24, 0x01, 0x33, 0x61, 0x31, 0x00, 0x3d, 0x11, 0x00, 0x00,
  0x00, 0x00, 0x00, 0x00, 0x3d, 0x11, 0x00, 0x00, 0x00, 0x00, 0x00, 0x00,
  0x08, 0x00, 0x00, 0x00, 0x10, 0x00, 0x00, 0x00, 0x00, 0x01, 0x00, 0x00,
  0x47, 0x41, 0x24, 0x01, 0x33, 0x61, 0x31, 0x00, 0x00, 0x10, 0x00, 0x00,
  0x00, 0x00, 0x00, 0x00, 0x16, 0x10, 0x00, 0x00, 0x00, 0x00, 0x00, 0x00,
  0x08, 0x00, 0x00, 0x00, 0x10, 0x00, 0x00, 0x00, 0x00, 0x01, 0x00, 0x00,
  0x47, 0x41, 0x24, 0x01, 0x33, 0x61, 0x31, 0x00, 0xc4, 0x2f, 0x00, 0x00,
  0x00, 0x00, 0x00, 0x00, 0xcc, 0x2f, 0x00, 0x00, 0x00, 0x00, 0x00, 0x00,
  0x08, 0x00, 0x00, 0x00, 0x10, 0x00, 0x00, 0x00, 0x00, 0x01, 0x00, 0x00,
  0x47, 0x41, 0x24, 0x01, 0x33, 0x61, 0x31, 0x00, 0x40, 0x11, 0x00, 0x00,
  0x00, 0x00, 0x00, 0x00, 0xf9, 0x11, 0x00, 0x00, 0x00, 0x00, 0x00, 0x00,
  0x08, 0x00, 0x00, 0x00, 0x10, 0x00, 0x00, 0x00, 0x00, 0x01, 0x00, 0x00,
  0x47, 0x41, 0x24, 0x01, 0x33, 0x61, 0x31, 0x00, 0xc1, 0x2f, 0x00, 0x00,
  0x00, 0x00, 0x00, 0x00, 0xc1, 0x2f, 0x00, 0x00, 0x00, 0x00, 0x00, 0x00,
  0x08, 0x00, 0x00, 0x00, 0x10, 0x00, 0x00, 0x00, 0x00, 0x01, 0x00, 0x00,
  0x47, 0x41, 0x24, 0x01, 0x33, 0x61, 0x31, 0x00, 0xc1, 0x2f, 0x00, 0x00,
  0x00, 0x00, 0x00, 0x00, 0xc1, 0x2f, 0x00, 0x00, 0x00, 0x00, 0x00, 0x00,
  0x08, 0x00, 0x00, 0x00, 0x10, 0x00, 0x00, 0x00, 0x00, 0x01, 0x00, 0x00,
  0x47, 0x41, 0x24, 0x01, 0x33, 0x61, 0x31, 0x00, 0x16, 0x10, 0x00, 0x00,
  0x00, 0x00, 0x00, 0x00, 0x1b, 0x10, 0x00, 0x00, 0x00, 0x00, 0x00, 0x00,
  0x08, 0x00, 0x00, 0x00, 0x10, 0x00, 0x00, 0x00, 0x00, 0x01, 0x00, 0x00,
  0x47, 0x41, 0x24, 0x01, 0x33, 0x61, 0x31, 0x00, 0xcc, 0x2f, 0x00, 0x00,
  0x00, 0x00, 0x00, 0x00, 0xd1, 0x2f, 0x00, 0x00, 0x00, 0x00, 0x00, 0x00,
  0x00, 0x2e, 0x73, 0x68, 0x73, 0x74, 0x72, 0x74, 0x61, 0x62, 0x00, 0x2e,
  0x6e, 0x6f, 0x74, 0x65, 0x2e, 0x67, 0x6e, 0x75, 0x2e, 0x62, 0x75, 0x69,
  0x6c, 0x64, 0x2d, 0x69, 0x64, 0x00, 0x2e, 0x67, 0x6e, 0x75, 0x2e, 0x68,
  0x61, 0x73, 0x68, 0x00, 0x2e, 0x64, 0x79, 0x6e, 0x73, 0x79, 0x6d, 0x00,
  0x2e, 0x64, 0x79, 0x6e, 0x73, 0x74, 0x72, 0x00, 0x2e, 0x67, 0x6e, 0x75,
  0x2e, 0x76, 0x65, 0x72, 0x73, 0x69, 0x6f, 0x6e, 0x00, 0x2e, 0x67, 0x6e,
  0x75, 0x2e, 0x76, 0x65, 0x72, 0x73, 0x69, 0x6f, 0x6e, 0x5f, 0x72, 0x00,
  0x2e, 0x72, 0x65, 0x6c, 0x61, 0x2e, 0x64, 0x79, 0x6e, 0x00, 0x2e, 0x72,
  0x65, 0x6c, 0x61, 0x2e, 0x70, 0x6c, 0x74, 0x00, 0x2e, 0x69, 0x6e, 0x69,
  0x74, 0x00, 0x2e, 0x74, 0x65, 0x78, 0x74, 0x00, 0x2e, 0x66, 0x69, 0x6e,
  0x69, 0x00, 0x2e, 0x72, 0x6f, 0x64, 0x61, 0x74, 0x61, 0x00, 0x2e, 0x65,
  0x68, 0x5f, 0x66, 0x72, 0x61, 0x6d, 0x65, 0x5f, 0x68, 0x64, 0x72, 0x00,
  0x2e, 0x65, 0x68, 0x5f, 0x66, 0x72, 0x61, 0x6d, 0x65, 0x00, 0x2e, 0x69,
  0x6e, 0x69, 0x74, 0x5f, 0x61, 0x72, 0x72, 0x61, 0x79, 0x00, 0x2e, 0x66,
  0x69, 0x6e, 0x69, 0x5f, 0x61, 0x72, 0x72, 0x61, 0x79, 0x00, 0x2e, 0x64,
  0x61, 0x74, 0x61, 0x2e, 0x72, 0x65, 0x6c, 0x2e, 0x72, 0x6f, 0x00, 0x2e,
  0x64, 0x79, 0x6e, 0x61, 0x6d, 0x69, 0x63, 0x00, 0x2e, 0x67, 0x6f, 0x74,
  0x00, 0x2e, 0x67, 0x6f, 0x74, 0x2e, 0x70, 0x6c, 0x74, 0x00, 0x2e, 0x62,
  0x73, 0x73, 0x00, 0x2e, 0x63, 0x6f, 0x6d, 0x6d, 0x65, 0x6e, 0x74, 0x00,
  0x2e, 0x67, 0x6e, 0x75, 0x2e, 0x62, 0x75, 0x69, 0x6c, 0x64, 0x2e, 0x61,
  0x74, 0x74, 0x72, 0x69, 0x62, 0x75, 0x74, 0x65, 0x73, 0x00, 0x00, 0x00,
  0x00, 0x00, 0x00, 0x00, 0x00, 0x00, 0x00, 0x00, 0x00, 0x00, 0x00, 0x00,
  0x00, 0x00, 0x00, 0x00, 0x00, 0x00, 0x00, 0x00, 0x00, 0x00, 0x00, 0x00,
  0x00, 0x00, 0x00, 0x00, 0x00, 0x00, 0x00, 0x00, 0x00, 0x00, 0x00, 0x00,
  0x00, 0x00, 0x00, 0x00, 0x00, 0x00, 0x00, 0x00, 0x00, 0x00, 0x00, 0x00,
  0x00, 0x00, 0x00, 0x00, 0x00, 0x00, 0x00, 0x00, 0x00, 0x00, 0x00, 0x00,
  0x00, 0x00, 0x00, 0x00, 0x00, 0x00, 0x00, 0x00, 0x38, 0x00, 0x00, 0x00,
  0xff, 0xff, 0xff, 0x6f, 0x02, 0x00, 0x00, 0x00, 0x00, 0x00, 0x00, 0x00,
  0xe2, 0x08, 0x00, 0x00, 0x00, 0x00, 0x00, 0x00, 0xe2, 0x08, 0x00, 0x00,
  0x00, 0x00, 0x00, 0x00, 0x40, 0x00, 0x00, 0x00, 0x00, 0x00, 0x00, 0x00,
  0x18, 0x00, 0x00, 0x00, 0x00, 0x00, 0x00, 0x00, 0x02, 0x00, 0x00, 0x00,
  0x00, 0x00, 0x00, 0x00, 0x02, 0x00, 0x00, 0x00, 0x00, 0x00, 0x00, 0x00,
  0x45, 0x00, 0x00, 0x00, 0xfe, 0xff, 0xff, 0x6f, 0x02, 0x00, 0x00, 0x00,
  0x00, 0x00, 0x00, 0x00, 0x28, 0x09, 0x00, 0x00, 0x00, 0x00, 0x00, 0x00,
  0x28, 0x09, 0x00, 0x00, 0x00, 0x00, 0x00, 0x00, 0x30, 0x00, 0x00, 0x00,
  0x00, 0x00, 0x00, 0x00, 0x19, 0x00, 0x00, 0x00, 0x01, 0x00, 0x00, 0x00,
  0x08, 0x00, 0x00, 0x00, 0x00, 0x00, 0x00, 0x00, 0x00, 0x00, 0x00, 0x00,
  0x00, 0x00, 0x00, 0x00, 0x54, 0x00, 0x00, 0x00, 0x04, 0x00, 0x00, 0x00,
  0x02, 0x00, 0x00, 0x00, 0x00, 0x00, 0x00, 0x00, 0x58, 0x09, 0x00, 0x00,
  0x00, 0x00, 0x00, 0x00, 0x58, 0x09, 0x00, 0x00, 0x00, 0x00, 0x00, 0x00,
  0x38, 0x01, 0x00, 0x00, 0x00, 0x00, 0x00, 0x00, 0x18, 0x00, 0x00, 0x00,
  0x00, 0x00, 0x00, 0x00, 0x08, 0x00, 0x00, 0x00, 0x00, 0x00, 0x00, 0x00,
  0x18, 0x00, 0x00, 0x00, 0x00, 0x00, 0x00, 0x00, 0x5e, 0x00, 0x00, 0x00,
  0x04, 0x00, 0x00, 0x00, 0x42, 0x00, 0x00, 0x00, 0x00, 0x00, 0x00, 0x00,
  0x90, 0x0a, 0x00, 0x00, 0x00, 0x00, 0x00, 0x00, 0x90, 0x0a, 0x00, 0x00,
  0x00, 0x00, 0x00, 0x00, 0x80, 0x01, 0x00, 0x00, 0x00, 0x00, 0x00, 0x00,
  0x18, 0x00, 0x00, 0x00, 0x11, 0x00, 0x00, 0x00, 0x08, 0x00, 0x00, 0x00,
  0x00, 0x00, 0x00, 0x00, 0x18, 0x00, 0x00, 0x00, 0x00, 0x00, 0x00, 0x00,
  0x68, 0x00, 0x00, 0x00, 0x01, 0x00, 0x00, 0x00, 0x06, 0x00, 0x00, 0x00,
  0x00, 0x00, 0x00, 0x00, 0x00, 0x10, 0x00, 0x00, 0x00, 0x00, 0x00, 0x00,
  0x00, 0x10, 0x00, 0x00, 0x00, 0x00, 0x00, 0x00, 0x1b, 0x00, 0x00, 0x00,
  0x00, 0x00, 0x00, 0x00, 0x00, 0x00, 0x00, 0x00, 0x00, 0x00, 0x00, 0x00,
  0x04, 0x00, 0x00, 0x00, 0x00, 0x00, 0x00, 0x00, 0x00, 0x00, 0x00, 0x00,
  0x00, 0x00, 0x00, 0x00, 0x63, 0x00, 0x00, 0x00, 0x01, 0x00, 0x00, 0x00,
  0x06, 0x00, 0x00, 0x00, 0x00, 0x00, 0x00, 0x00, 0x20, 0x10, 0x00, 0x00,
  0x00, 0x00, 0x00, 0x00, 0x20, 0x10, 0x00, 0x00, 0x00, 0x00, 0x00, 0x00,
  0x10, 0x01, 0x00, 0x00, 0x00, 0x00, 0x00, 0x00, 0x00, 0x00, 0x00, 0x00,
  0x00, 0x00, 0x00, 0x00, 0x10, 0x00, 0x00, 0x00, 0x00, 0x00, 0x00, 0x00,
  0x10, 0x00, 0x00, 0x00, 0x00, 0x00, 0x00, 0x00, 0x6e, 0x00, 0x00, 0x00,
  0x01, 0x00, 0x00, 0x00, 0x06, 0x00, 0x00, 0x00, 0x00, 0x00, 0x00, 0x00,
  0x30, 0x11, 0x00, 0x00, 0x00, 0x00, 0x00, 0x00, 0x30, 0x11, 0x00, 0x00,
  0x00, 0x00, 0x00, 0x00, 0x91, 0x1e, 0x00, 0x00, 0x00, 0x00, 0x00, 0x00,
  0x00, 0x00, 0x00, 0x00, 0x00, 0x00, 0x00, 0x00, 0x10, 0x00, 0x00, 0x00,
  0x00, 0x00, 0x00, 0x00, 0x00, 0x00, 0x00, 0x00, 0x00, 0x00, 0x00, 0x00,
  0x74, 0x00, 0x00, 0x00, 0x01, 0x00, 0x00, 0x00, 0x06, 0x00, 0x00, 0x00,
  0x00, 0x00, 0x00, 0x00, 0xc4, 0x2f, 0x00, 0x00, 0x00, 0x00, 0x00, 0x00,
  0xc4, 0x2f, 0x00, 0x00, 0x00, 0x00, 0x00, 0x00, 0x0d, 0x00, 0x00, 0x00,
  0x00, 0x00, 0x00, 0x00, 0x00, 0x00, 0x00, 0x00, 0x00, 0x00, 0x00, 0x00,
  0x04, 0x00, 0x00, 0x00, 0x00, 0x00, 0x00, 0x00, 0x00, 0x00, 0x00, 0x00,
  0x00, 0x00, 0x00, 0x00, 0x7a, 0x00, 0x00, 0x00, 0x01, 0x00, 0x00, 0x00,
  0x02, 0x00, 0x00, 0x00, 0x00, 0x00, 0x00, 0x00, 0x00, 0x30, 0x00, 0x00,
  0x00, 0x00, 0x00, 0x00, 0x00, 0x30, 0x00, 0x00, 0x00, 0x00, 0x00, 0x00,
  0x30, 0x00, 0x00, 0x00, 0x00, 0x00, 0x00, 0x00, 0x00, 0x00, 0x00, 0x00,
  0x00, 0x00, 0x00, 0x00, 0x08, 0x00, 0x00, 0x00, 0x00, 0x00, 0x00, 0x00,
  0x00, 0x00, 0x00, 0x00, 0x00, 0x00, 0x00, 0x00, 0x82, 0x00, 0x00, 0x00,
  0x01, 0x00, 0x00, 0x00, 0x02, 0x00, 0x00, 0x00, 0x00, 0x00, 0x00, 0x00,
  0x30, 0x30, 0x00, 0x00, 0x00, 0x00, 0x00, 0x00, 0x30, 0x30, 0x00, 0x00,
  0x00, 0x00, 0x00, 0x00, 0x04, 0x01, 0x00, 0x00, 0x00, 0x00, 0x00, 0x00,
  0x00, 0x00, 0x00, 0x00, 0x00, 0x00, 0x00, 0x00, 0x04, 0x00, 0x00, 0x00,
  0x00, 0x00, 0x00, 0x00, 0x00, 0x00, 0x00, 0x00, 0x00, 0x00, 0x00, 0x00,
  0x90, 0x00, 0x00, 0x00, 0x01, 0x00, 0x00, 0x00, 0x02, 0x00, 0x00, 0x00,
  0x00, 0x00, 0x00, 0x00, 0x38, 0x31, 0x00, 0x00, 0x00, 0x00, 0x00, 0x00,
  0x38, 0x31, 0x00, 0x00, 0x00, 0x00, 0x00, 0x00, 0x94, 0x04, 0x00, 0x00,
  0x00, 0x00, 0x00, 0x00, 0x00, 0x00, 0x00, 0x00, 0x00, 0x00, 0x00, 0x00,
  0x08, 0x00, 0x00, 0x00, 0x00, 0x00, 0x00, 0x00, 0x00, 0x00, 0x00, 0x00,
  0x00, 0x00, 0x00, 0x00, 0x9a, 0x00, 0x00, 0x00, 0x0e, 0x00, 0x00, 0x00,
  0x03, 0x00, 0x00, 0x00, 0x00, 0x00, 0x00, 0x00, 0x50, 0x4d, 0x00, 0x00,
  0x00, 0x00, 0x00, 0x00, 0x50, 0x3d, 0x00, 0x00, 0x00, 0x00, 0x00, 0x00,
  0x08, 0x00, 0x00, 0x00, 0x00, 0x00, 0x00, 0x00, 0x00, 0x00, 0x00, 0x00,
  0x00, 0x00, 0x00, 0x00, 0x08, 0x00, 0x00, 0x00, 0x00, 0x00, 0x00, 0x00,
  0x08, 0x00, 0x00, 0x00, 0x00, 0x00, 0x00, 0x00, 0xa6, 0x00, 0x00, 0x00,
  0x0f, 0x00, 0x00, 0x00, 0x03, 0x00, 0x00, 0x00, 0x00, 0x00, 0x00, 0x00,
  0x58, 0x4d, 0x00, 0x00, 0x00, 0x00, 0x00, 0x00, 0x58, 0x3d, 0x00, 0x00,
  0x00, 0x00, 0x00, 0x00, 0x08, 0x00, 0x00, 0x00, 0x00, 0x00, 0x00, 0x00,
  0x00, 0x00, 0x00, 0x00, 0x00, 0x00, 0x00, 0x00, 0x08, 0x00, 0x00, 0x00,
  0x00, 0x00, 0x00, 0x00, 0x08, 0x00, 0x00, 0x00, 0x00, 0x00, 0x00, 0x00,
  0xb2, 0x00, 0x00, 0x00, 0x01, 0x00, 0x00, 0x00, 0x03, 0x00, 0x00, 0x00,
  0x00, 0x00, 0x00, 0x00, 0x60, 0x4d, 0x00, 0x00, 0x00, 0x00, 0x00, 0x00,
  0x60, 0x3d, 0x00, 0x00, 0x00, 0x00, 0x00, 0x00, 0x80, 0x00, 0x00, 0x00,
  0x00, 0x00, 0x00, 0x00, 0x00, 0x00, 0x00, 0x00, 0x00, 0x00, 0x00, 0x00,
  0x20, 0x00, 0x00, 0x00, 0x00, 0x00, 0x00, 0x00, 0x00, 0x00, 0x00, 0x00,
  0x00, 0x00, 0x00, 0x00, 0xbf, 0x00, 0x00, 0x00, 0x06, 0x00, 0x00, 0x00,
  0x03, 0x00, 0x00, 0x00, 0x00, 0x00, 0x00, 0x00, 0xe0, 0x4d, 0x00, 0x00,
  0x00, 0x00, 0x00, 0x00, 0xe0, 0x3d, 0x00, 0x00, 0x00, 0x00, 0x00, 0x00,
  0xf0, 0x01, 0x00, 0x00, 0x00, 0x00, 0x00, 0x00, 0x19, 0x00, 0x00, 0x00,
  0x00, 0x00, 0x00, 0x00, 0x08, 0x00, 0x00, 0x00, 0x00, 0x00, 0x00, 0x00,
  0x10, 0x00, 0x00, 0x00, 0x00, 0x00, 0x00, 0x00, 0xc8, 0x00, 0x00, 0x00,
  0x01, 0x00, 0x00, 0x00, 0x03, 0x00, 0x00, 0x00, 0x00, 0x00, 0x00, 0x00,
  0xd0, 0x4f, 0x00, 0x00, 0x00, 0x00, 0x00, 0x00, 0xd0, 0x3f, 0x00, 0x00,
  0x00, 0x00, 0x00, 0x00, 0x20, 0x00, 0x00, 0x00, 0x00, 0x00, 0x00, 0x00,
  0x00, 0x00, 0x00, 0x00, 0x00, 0x00, 0x00, 0x00, 0x08, 0x00, 0x00, 0x00,
  0x00, 0x00, 0x00, 0x00, 0x08, 0x00, 0x00, 0x00, 0x00, 0x00, 0x00, 0x00,
  0xcd, 0x00, 0x00, 0x00, 0x01, 0x00, 0x00, 0x00, 0x03, 0x00, 0x00, 0x00,
  0x00, 0x00, 0x00, 0x00, 0x00, 0x50, 0x00, 0x00, 0x00, 0x00, 0x00, 0x00,
  0x00, 0x40, 0x00, 0x00, 0x00, 0x00, 0x00, 0x00, 0x98, 0x00, 0x00, 0x00,
  0x00, 0x00, 0x00, 0x00, 0x00, 0x00, 0x00, 0x00, 0x00, 0x00, 0x00, 0x00,
  0x08, 0x00, 0x00, 0x00, 0x00, 0x00, 0x00, 0x00, 0x08, 0x00, 0x00, 0x00,
  0x00, 0x00, 0x00, 0x00, 0xd6, 0x00, 0x00, 0x00, 0x08, 0x00, 0x00, 0x00,
  0x03, 0x00, 0x00, 0x00, 0x00, 0x00, 0x00, 0x00, 0x98, 0x50, 0x00, 0x00,
  0x00, 0x00, 0x00, 0x00, 0x98, 0x40, 0x00, 0x00, 0x00, 0x00, 0x00, 0x00,
  0x08, 0x00, 0x00, 0x00, 0x00, 0x00, 0x00, 0x00, 0x00, 0x00, 0x00, 0x00,
  0x00, 0x00, 0x00, 0x00, 0x01, 0x00, 0x00, 0x00, 0x00, 0x00, 0x00, 0x00,
  0x00, 0x00, 0x00, 0x00, 0x00, 0x00, 0x00, 0x00, 0xdb, 0x00, 0x00, 0x00,
  0x01, 0x00, 0x00, 0x00, 0x30, 0x00, 0x00, 0x00, 0x00, 0x00, 0x00, 0x00,
  0x00, 0x00, 0x00, 0x00, 0x00, 0x00, 0x00, 0x00, 0x98, 0x40, 0x00, 0x00,
  0x00, 0x00, 0x00, 0x00, 0x2e, 0x00, 0x00, 0x00, 0x00, 0x00, 0x00, 0x00,
  0x00, 0x00, 0x00, 0x00, 0x00, 0x00, 0x00, 0x00, 0x01, 0x00, 0x00, 0x00,
  0x00, 0x00, 0x00, 0x00, 0x01, 0x00, 0x00, 0x00, 0x00, 0x00, 0x00, 0x00,
  0xe4, 0x00, 0x00, 0x00, 0x07, 0x00, 0x00, 0x00, 0x00, 0x00, 0x00, 0x00,
  0x00, 0x00, 0x00, 0x00, 0xa0, 0x70, 0x00, 0x00, 0x00, 0x00, 0x00, 0x00,
  0xc8, 0x40, 0x00, 0x00, 0x00, 0x00, 0x00, 0x00, 0x20, 0x01, 0x00, 0x00,
  0x00, 0x00, 0x00, 0x00, 0x00, 0x00, 0x00, 0x00, 0x00, 0x00, 0x00, 0x00,
  0x04, 0x00, 0x00, 0x00, 0x00, 0x00, 0x00, 0x00, 0x00, 0x00, 0x00, 0x00,
  0x00, 0x00, 0x00, 0x00, 0x01, 0x00, 0x00, 0x00, 0x03, 0x00, 0x00, 0x00,
  0x00, 0x00, 0x00, 0x00, 0x00, 0x00, 0x00, 0x00, 0x00, 0x00, 0x00, 0x00,
  0x00, 0x00, 0x00, 0x00, 0xe8, 0x41, 0x00, 0x00, 0x00, 0x00, 0x00, 0x00,
  0xfa, 0x00, 0x00, 0x00, 0x00, 0x00, 0x00, 0x00, 0x00, 0x00, 0x00, 0x00,
  0x00, 0x00, 0x00, 0x00, 0x01, 0x00, 0x00, 0x00, 0x00, 0x00, 0x00, 0x00,
  0x00, 0x00, 0x00, 0x00, 0x00, 0x00, 0x00, 0x00, 0x0b, 0x00, 0x00, 0x00,
  0x07, 0x00, 0x00, 0x00, 0x02, 0x00, 0x00, 0x00, 0x00, 0x00, 0x00, 0x00,
  0x00, 0x60, 0x00, 0x00, 0x00, 0x00, 0x00, 0x00, 0x00, 0x50, 0x00, 0x00,
  0x00, 0x00, 0x00, 0x00, 0x24, 0x00, 0x00, 0x00, 0x00, 0x00, 0x00, 0x00,
  0x00, 0x00, 0x00, 0x00, 0x00, 0x00, 0x00, 0x00, 0x04, 0x00, 0x00, 0x00,
  0x00, 0x00, 0x00, 0x00, 0x00, 0x00, 0x00, 0x00, 0x00, 0x00, 0x00, 0x00,
  0x1e, 0x00, 0x00, 0x00, 0xf6, 0xff, 0xff, 0x6f, 0x02, 0x00, 0x00, 0x00,
  0x00, 0x00, 0x00, 0x00, 0x28, 0x60, 0x00, 0x00, 0x00, 0x00, 0x00, 0x00,
  0x28, 0x50, 0x00, 0x00, 0x00, 0x00, 0x00, 0x00, 0xb4, 0x00, 0x00, 0x00,
  0x00, 0x00, 0x00, 0x00, 0x18, 0x00, 0x00, 0x00, 0x00, 0x00, 0x00, 0x00,
  0x08, 0x00, 0x00, 0x00, 0x00, 0x00, 0x00, 0x00, 0x00, 0x00, 0x00, 0x00,
  0x00, 0x00, 0x00, 0x00, 0x28, 0x00, 0x00, 0x00, 0x0b, 0x00, 0x00, 0x00,
  0x02, 0x00, 0x00, 0x00, 0x00, 0x00, 0x00, 0x00, 0x00, 0x70, 0x00, 0x00,
  0x00, 0x00, 0x00, 0x00, 0x00, 0x60, 0x00, 0x00, 0x00, 0x00, 0x00, 0x00,
  0x00, 0x03, 0x00, 0x00, 0x00, 0x00, 0x00, 0x00, 0x19, 0x00, 0x00, 0x00,
  0x01, 0x00, 0x00, 0x00, 0x08, 0x00, 0x00, 0x00, 0x00, 0x00, 0x00, 0x00,
  0x18, 0x00, 0x00, 0x00, 0x00, 0x00, 0x00, 0x00, 0x30, 0x00, 0x00, 0x00,
  0x03, 0x00, 0x00, 0x00, 0x02, 0x00, 0x00, 0x00, 0x00, 0x00, 0x00, 0x00,
  0x00, 0x73, 0x00, 0x00, 0x00, 0x00, 0x00, 0x00, 0x00, 0x63, 0x00, 0x00,
  0x00, 0x00, 0x00, 0x00, 0x03, 0x03, 0x00, 0x00, 0x00, 0x00, 0x00, 0x00,
  0x00, 0x00, 0x00, 0x00, 0x00, 0x00, 0x00, 0x00, 0x08, 0x00, 0x00, 0x00,
  0x00, 0x00, 0x00, 0x00, 0x00, 0x00, 0x00, 0x00, 0x00, 0x00, 0x00, 0x00,
  0x00, 0x00, 0x00, 0x00, 0x00, 0x00, 0x00, 0x00, 0x00, 0x00, 0x00, 0x00,
  0x00, 0x00, 0x00, 0x00, 0x00, 0x00, 0x00, 0x00, 0x00, 0x00, 0x00, 0x00,
  0x00, 0x00, 0x00, 0x00, 0x00, 0x00, 0x00, 0x00, 0x00, 0x00, 0x00, 0x00,
  0x00, 0x00, 0x00, 0x00, 0x00, 0x00, 0x00, 0x00, 0x00, 0x00, 0x00, 0x00,
  0x00, 0x00, 0x00, 0x00, 0x00, 0x00, 0x00, 0x00, 0x00, 0x00, 0x00, 0x00,
  0x00, 0x00, 0x00, 0x00, 0x00, 0x00, 0x00, 0x00, 0x00, 0x00, 0x00, 0x00,
  0x00, 0x00, 0x00, 0x00, 0x00, 0x00, 0x00, 0x00, 0x00, 0x00, 0x00, 0x00,
  0x00, 0x00, 0x00, 0x00, 0x00, 0x00, 0x00, 0x00, 0x00, 0x00, 0x00, 0x00,
  0x00, 0x00, 0x00, 0x00, 0x00, 0x00, 0x00, 0x00, 0x00, 0x00, 0x00, 0x00,
  0x00, 0x00, 0x00, 0x00, 0x00, 0x00, 0x00, 0x00, 0x00, 0x00, 0x00, 0x00,
  0x00, 0x00, 0x00, 0x00, 0x00, 0x00, 0x00, 0x00, 0x00, 0x00, 0x00, 0x00,
  0x00, 0x00, 0x00, 0x00, 0x00, 0x00, 0x00, 0x00, 0x00, 0x00, 0x00, 0x00,
  0x00, 0x00, 0x00, 0x00, 0x00, 0x00, 0x00, 0x00, 0x00, 0x00, 0x00, 0x00,
  0x00, 0x00, 0x00, 0x00, 0x00, 0x00, 0x00, 0x00, 0x00, 0x00, 0x00, 0x00,
  0x00, 0x00, 0x00, 0x00, 0x00, 0x00, 0x00, 0x00, 0x00, 0x00, 0x00, 0x00,
  0x00, 0x00, 0x00, 0x00, 0x00, 0x00, 0x00, 0x00, 0x00, 0x00, 0x00, 0x00,
  0x00, 0x00, 0x00, 0x00, 0x00, 0x00, 0x00, 0x00, 0x00, 0x00, 0x00, 0x00,
  0x00, 0x00, 0x00, 0x00, 0x00, 0x00, 0x00, 0x00, 0x00, 0x00, 0x00, 0x00,
  0x00, 0x00, 0x00, 0x00, 0x00, 0x00, 0x00, 0x00, 0x00, 0x00, 0x00, 0x00,
  0x00, 0x00, 0x00, 0x00, 0x00, 0x00, 0x00, 0x00, 0x00, 0x00, 0x00, 0x00,
  0x00, 0x00, 0x00, 0x00, 0x00, 0x00, 0x00, 0x00, 0x00, 0x00, 0x00, 0x00,
  0x00, 0x00, 0x00, 0x00, 0x00, 0x00, 0x00, 0x00, 0x00, 0x00, 0x00, 0x00,
  0x00, 0x00, 0x00, 0x00, 0x00, 0x00, 0x00, 0x00, 0x00, 0x00, 0x00, 0x00,
  0x00, 0x00, 0x00, 0x00, 0x00, 0x00, 0x00, 0x00, 0x00, 0x00, 0x00, 0x00,
  0x00, 0x00, 0x00, 0x00, 0x00, 0x00, 0x00, 0x00, 0x00, 0x00, 0x00, 0x00,
  0x00, 0x00, 0x00, 0x00, 0x00, 0x00, 0x00, 0x00, 0x00, 0x00, 0x00, 0x00,
  0x00, 0x00, 0x00, 0x00, 0x00, 0x00, 0x00, 0x00, 0x00, 0x00, 0x00, 0x00,
  0x00, 0x00, 0x00, 0x00, 0x00, 0x00, 0x00, 0x00, 0x00, 0x00, 0x00, 0x00,
  0x00, 0x00, 0x00, 0x00, 0x00, 0x00, 0x00, 0x00, 0x00, 0x00, 0x00, 0x00,
  0x00, 0x00, 0x00, 0x00, 0x00, 0x00, 0x00, 0x00, 0x00, 0x00, 0x00, 0x00,
  0x00, 0x00, 0x00, 0x00, 0x00, 0x00, 0x00, 0x00, 0x00, 0x00, 0x00, 0x00,
  0x00, 0x00, 0x00, 0x00, 0x00, 0x00, 0x00, 0x00, 0x00, 0x00, 0x00, 0x00,
  0x00, 0x00, 0x00, 0x00, 0x00, 0x00, 0x00, 0x00, 0x00, 0x00, 0x00, 0x00,
  0x00, 0x00, 0x00, 0x00, 0x00, 0x00, 0x00, 0x00, 0x00, 0x00, 0x00, 0x00,
  0x00, 0x00, 0x00, 0x00, 0x00, 0x00, 0x00, 0x00, 0x00, 0x00, 0x00, 0x00,
  0x00, 0x00, 0x00, 0x00, 0x00, 0x00, 0x00, 0x00, 0x00, 0x00, 0x00, 0x00,
  0x00, 0x00, 0x00, 0x00, 0x00, 0x00, 0x00, 0x00, 0x00, 0x00, 0x00, 0x00,
  0x00, 0x00, 0x00, 0x00, 0x00, 0x00, 0x00, 0x00, 0x00, 0x00, 0x00, 0x00,
  0x00, 0x00, 0x00, 0x00, 0x00, 0x00, 0x00, 0x00, 0x00, 0x00, 0x00, 0x00,
  0x00, 0x00, 0x00, 0x00, 0x00, 0x00, 0x00, 0x00, 0x00, 0x00, 0x00, 0x00,
  0x00, 0x00, 0x00, 0x00, 0x00, 0x00, 0x00, 0x00, 0x00, 0x00, 0x00, 0x00,
  0x00, 0x00, 0x00, 0x00, 0x00, 0x00, 0x00, 0x00, 0x00, 0x00, 0x00, 0x00,
  0x00, 0x00, 0x00, 0x00, 0x00, 0x00, 0x00, 0x00, 0x00, 0x00, 0x00, 0x00,
  0x00, 0x00, 0x00, 0x00, 0x00, 0x00, 0x00, 0x00, 0x00, 0x00, 0x00, 0x00,
  0x00, 0x00, 0x00, 0x00, 0x00, 0x00, 0x00, 0x00, 0x00, 0x00, 0x00, 0x00,
  0x00, 0x00, 0x00, 0x00, 0x00, 0x00, 0x00, 0x00, 0x00, 0x00, 0x00, 0x00,
  0x00, 0x00, 0x00, 0x00, 0x00, 0x00, 0x00, 0x00, 0x00, 0x00, 0x00, 0x00,
  0x00, 0x00, 0x00, 0x00, 0x00, 0x00, 0x00, 0x00, 0x00, 0x00, 0x00, 0x00,
  0x00, 0x00, 0x00, 0x00, 0x00, 0x00, 0x00, 0x00, 0x00, 0x00, 0x00, 0x00,
  0x00, 0x00, 0x00, 0x00, 0x00, 0x00, 0x00, 0x00, 0x00, 0x00, 0x00, 0x00,
  0x00, 0x00, 0x00, 0x00, 0x00, 0x00, 0x00, 0x00, 0x00, 0x00, 0x00, 0x00,
  0x00, 0x00, 0x00, 0x00, 0x00, 0x00, 0x00, 0x00, 0x00, 0x00, 0x00, 0x00,
  0x00, 0x00, 0x00, 0x00, 0x00, 0x00, 0x00, 0x00, 0x00, 0x00, 0x00, 0x00,
  0x00, 0x00, 0x00, 0x00, 0x00, 0x00, 0x00, 0x00, 0x00, 0x00, 0x00, 0x00,
  0x00, 0x00, 0x00, 0x00, 0x00, 0x00, 0x00, 0x00, 0x00, 0x00, 0x00, 0x00,
  0x00, 0x00, 0x00, 0x00, 0x00, 0x00, 0x00, 0x00, 0x00, 0x00, 0x00, 0x00,
  0x00, 0x00, 0x00, 0x00, 0x00, 0x00, 0x00, 0x00, 0x00, 0x00, 0x00, 0x00,
  0x00, 0x00, 0x00, 0x00, 0x00, 0x00, 0x00, 0x00, 0x00, 0x00, 0x00, 0x00,
  0x00, 0x00, 0x00, 0x00, 0x00, 0x00, 0x00, 0x00, 0x00, 0x00, 0x00, 0x00,
  0x00, 0x00, 0x00, 0x00, 0x00, 0x00, 0x00, 0x00, 0x00, 0x00, 0x00, 0x00,
  0x00, 0x00, 0x00, 0x00, 0x00, 0x00, 0x00, 0x00, 0x00, 0x00, 0x00, 0x00,
  0x00, 0x00, 0x00, 0x00, 0x00, 0x00, 0x00, 0x00, 0x00, 0x00, 0x00, 0x00,
  0x00, 0x00, 0x00, 0x00, 0x00, 0x00, 0x00, 0x00, 0x00, 0x00, 0x00, 0x00,
  0x00, 0x00, 0x00, 0x00, 0x00, 0x00, 0x00, 0x00, 0x00, 0x00, 0x00, 0x00,
  0x00, 0x00, 0x00, 0x00, 0x00, 0x00, 0x00, 0x00, 0x00, 0x00, 0x00, 0x00,
  0x00, 0x00, 0x00, 0x00, 0x00, 0x00, 0x00, 0x00, 0x00, 0x00, 0x00, 0x00,
  0x00, 0x00, 0x00, 0x00, 0x00, 0x00, 0x00, 0x00, 0x00, 0x00, 0x00, 0x00,
  0x00, 0x00, 0x00, 0x00, 0x00, 0x00, 0x00, 0x00, 0x00, 0x00, 0x00, 0x00,
  0x00, 0x00, 0x00, 0x00, 0x00, 0x00, 0x00, 0x00, 0x00, 0x00, 0x00, 0x00,
  0x00, 0x00, 0x00, 0x00, 0x00, 0x00, 0x00, 0x00, 0x00, 0x00, 0x00, 0x00,
  0x00, 0x00, 0x00, 0x00, 0x00, 0x00, 0x00, 0x00, 0x00, 0x00, 0x00, 0x00,
  0x00, 0x00, 0x00, 0x00, 0x00, 0x00, 0x00, 0x00, 0x00, 0x00, 0x00, 0x00,
  0x00, 0x00, 0x00, 0x00, 0x00, 0x00, 0x00, 0x00, 0x00, 0x00, 0x00, 0x00,
  0x00, 0x00, 0x00, 0x00, 0x00, 0x00, 0x00, 0x00, 0x00, 0x00, 0x00, 0x00,
  0x00, 0x00, 0x00, 0x00, 0x00, 0x00, 0x00, 0x00, 0x00, 0x00, 0x00, 0x00,
  0x00, 0x00, 0x00, 0x00, 0x00, 0x00, 0x00, 0x00, 0x00, 0x00, 0x00, 0x00,
  0x00, 0x00, 0x00, 0x00, 0x00, 0x00, 0x00, 0x00, 0x00, 0x00, 0x00, 0x00,
  0x00, 0x00, 0x00, 0x00, 0x00, 0x00, 0x00, 0x00, 0x00, 0x00, 0x00, 0x00,
  0x00, 0x00, 0x00, 0x00, 0x00, 0x00, 0x00, 0x00, 0x00, 0x00, 0x00, 0x00,
  0x00, 0x00, 0x00, 0x00, 0x00, 0x00, 0x00, 0x00, 0x00, 0x00, 0x00, 0x00,
  0x00, 0x00, 0x00, 0x00, 0x00, 0x00, 0x00, 0x00, 0x00, 0x00, 0x00, 0x00,
  0x00, 0x00, 0x00, 0x00, 0x00, 0x00, 0x00, 0x00, 0x00, 0x00, 0x00, 0x00,
  0x00, 0x00, 0x00, 0x00, 0x00, 0x00, 0x00, 0x00, 0x00, 0x00, 0x00, 0x00,
  0x00, 0x00, 0x00, 0x00, 0x00, 0x00, 0x00, 0x00, 0x00, 0x00, 0x00, 0x00,
  0x00, 0x00, 0x00, 0x00, 0x00, 0x00, 0x00, 0x00, 0x00, 0x00, 0x00, 0x00,
  0x00, 0x00, 0x00, 0x00, 0x00, 0x00, 0x00, 0x00, 0x00, 0x00, 0x00, 0x00,
  0x00, 0x00, 0x00, 0x00, 0x00, 0x00, 0x00, 0x00, 0x00, 0x00, 0x00, 0x00,
  0x00, 0x00, 0x00, 0x00, 0x00, 0x00, 0x00, 0x00, 0x00, 0x00, 0x00, 0x00,
  0x00, 0x00, 0x00, 0x00, 0x00, 0x00, 0x00, 0x00, 0x00, 0x00, 0x00, 0x00,
  0x00, 0x00, 0x00, 0x00, 0x00, 0x00, 0x00, 0x00, 0x00, 0x00, 0x00, 0x00,
  0x00, 0x00, 0x00, 0x00, 0x00, 0x00, 0x00, 0x00, 0x00, 0x00, 0x00, 0x00,
  0x00, 0x00, 0x00, 0x00, 0x00, 0x00, 0x00, 0x00, 0x00, 0x00, 0x00, 0x00,
  0x00, 0x00, 0x00, 0x00, 0x00, 0x00, 0x00, 0x00, 0x00, 0x00, 0x00, 0x00,
  0x00, 0x00, 0x00, 0x00, 0x00, 0x00, 0x00, 0x00, 0x00, 0x00, 0x00, 0x00,
  0x00, 0x00, 0x00, 0x00, 0x00, 0x00, 0x00, 0x00, 0x00, 0x00, 0x00, 0x00,
  0x00, 0x00, 0x00, 0x00, 0x00, 0x00, 0x00, 0x00, 0x00, 0x00, 0x00, 0x00,
  0x00, 0x00, 0x00, 0x00, 0x00, 0x00, 0x00, 0x00, 0x00, 0x00, 0x00, 0x00,
  0x00, 0x00, 0x00, 0x00, 0x00, 0x00, 0x00, 0x00, 0x00, 0x00, 0x00, 0x00,
  0x00, 0x00, 0x00, 0x00, 0x00, 0x00, 0x00, 0x00, 0x00, 0x00, 0x00, 0x00,
  0x00, 0x00, 0x00, 0x00, 0x00, 0x00, 0x00, 0x00, 0x00, 0x00, 0x00, 0x00,
  0x00, 0x00, 0x00, 0x00, 0x00, 0x00, 0x00, 0x00, 0x00, 0x00, 0x00, 0x00,
  0x00, 0x00, 0x00, 0x00, 0x00, 0x00, 0x00, 0x00, 0x00, 0x00, 0x00, 0x00,
  0x00, 0x00, 0x00, 0x00, 0x00, 0x00, 0x00, 0x00, 0x00, 0x00, 0x00, 0x00,
  0x00, 0x00, 0x00, 0x00, 0x00, 0x00, 0x00, 0x00, 0x00, 0x00, 0x00, 0x00,
  0x00, 0x00, 0x00, 0x00, 0x00, 0x00, 0x00, 0x00, 0x00, 0x00, 0x00, 0x00,
  0x00, 0x00, 0x00, 0x00, 0x00, 0x00, 0x00, 0x00, 0x00, 0x00, 0x00, 0x00,
  0x00, 0x00, 0x00, 0x00, 0x00, 0x00, 0x00, 0x00, 0x00, 0x00, 0x00, 0x00,
  0x00, 0x00, 0x00, 0x00, 0x00, 0x00, 0x00, 0x00, 0x00, 0x00, 0x00, 0x00,
  0x00, 0x00, 0x00, 0x00, 0x00, 0x00, 0x00, 0x00, 0x00, 0x00, 0x00, 0x00,
  0x00, 0x00, 0x00, 0x00, 0x00, 0x00, 0x00, 0x00, 0x00, 0x00, 0x00, 0x00,
  0x00, 0x00, 0x00, 0x00, 0x00, 0x00, 0x00, 0x00, 0x00, 0x00, 0x00, 0x00,
  0x00, 0x00, 0x00, 0x00, 0x00, 0x00, 0x00, 0x00, 0x00, 0x00, 0x00, 0x00,
  0x00, 0x00, 0x00, 0x00, 0x00, 0x00, 0x00, 0x00, 0x00, 0x00, 0x00, 0x00,
  0x00, 0x00, 0x00, 0x00, 0x00, 0x00, 0x00, 0x00, 0x00, 0x00, 0x00, 0x00,
  0x00, 0x00, 0x00, 0x00, 0x00, 0x00, 0x00, 0x00, 0x00, 0x00, 0x00, 0x00,
  0x00, 0x00, 0x00, 0x00, 0x00, 0x00, 0x00, 0x00, 0x00, 0x00, 0x00, 0x00,
  0x00, 0x00, 0x00, 0x00, 0x00, 0x00, 0x00, 0x00, 0x00, 0x00, 0x00, 0x00,
  0x00, 0x00, 0x00, 0x00, 0x00, 0x00, 0x00, 0x00, 0x00, 0x00, 0x00, 0x00,
  0x00, 0x00, 0x00, 0x00, 0x00, 0x00, 0x00, 0x00, 0x00, 0x00, 0x00, 0x00,
  0x00, 0x00, 0x00, 0x00, 0x00, 0x00, 0x00, 0x00, 0x00, 0x00, 0x00, 0x00,
  0x00, 0x00, 0x00, 0x00, 0x00, 0x00, 0x00, 0x00, 0x00, 0x00, 0x00, 0x00,
  0x00, 0x00, 0x00, 0x00, 0x00, 0x00, 0x00, 0x00, 0x00, 0x00, 0x00, 0x00,
  0x00, 0x00, 0x00, 0x00, 0x00, 0x00, 0x00, 0x00, 0x00, 0x00, 0x00, 0x00,
  0x00, 0x00, 0x00, 0x00, 0x00, 0x00, 0x00, 0x00, 0x00, 0x00, 0x00, 0x00,
  0x00, 0x00, 0x00, 0x00, 0x00, 0x00, 0x00, 0x00, 0x00, 0x00, 0x00, 0x00,
  0x00, 0x00, 0x00, 0x00, 0x00, 0x00, 0x00, 0x00, 0x00, 0x00, 0x00, 0x00,
  0x00, 0x00, 0x00, 0x00, 0x00, 0x00, 0x00, 0x00, 0x00, 0x00, 0x00, 0x00,
  0x00, 0x00, 0x00, 0x00, 0x00, 0x00, 0x00, 0x00, 0x00, 0x00, 0x00, 0x00,
  0x00, 0x00, 0x00, 0x00, 0x00, 0x00, 0x00, 0x00, 0x00, 0x00, 0x00, 0x00,
  0x00, 0x00, 0x00, 0x00, 0x00, 0x00, 0x00, 0x00, 0x00, 0x00, 0x00, 0x00,
  0x00, 0x00, 0x00, 0x00, 0x00, 0x00, 0x00, 0x00, 0x00, 0x00, 0x00, 0x00,
  0x00, 0x00, 0x00, 0x00, 0x00, 0x00, 0x00, 0x00, 0x00, 0x00, 0x00, 0x00,
  0x00, 0x00, 0x00, 0x00, 0x00, 0x00, 0x00, 0x00, 0x00, 0x00, 0x00, 0x00,
  0x00, 0x00, 0x00, 0x00, 0x00, 0x00, 0x00, 0x00, 0x00, 0x00, 0x00, 0x00,
  0x00, 0x00, 0x00, 0x00, 0x00, 0x00, 0x00, 0x00, 0x00, 0x00, 0x00, 0x00,
  0x00, 0x00, 0x00, 0x00, 0x00, 0x00, 0x00, 0x00, 0x00, 0x00, 0x00, 0x00,
  0x00, 0x00, 0x00, 0x00, 0x00, 0x00, 0x00, 0x00, 0x00, 0x00, 0x00, 0x00,
  0x00, 0x00, 0x00, 0x00, 0x00, 0x00, 0x00, 0x00, 0x00, 0x00, 0x00, 0x00,
  0x00, 0x00, 0x00, 0x00, 0x00, 0x00, 0x00, 0x00, 0x00, 0x00, 0x00, 0x00,
  0x00, 0x00, 0x00, 0x00, 0x00, 0x00, 0x00, 0x00, 0x00, 0x00, 0x00, 0x00,
  0x00, 0x00, 0x00, 0x00, 0x00, 0x00, 0x00, 0x00, 0x04, 0x00, 0x00, 0x00,
  0x14, 0x00, 0x00, 0x00, 0x03, 0x00, 0x00, 0x00, 0x47, 0x4e, 0x55, 0x00,
  0x25, 0x28, 0xfa, 0x1b, 0xe2, 0x96, 0xca, 0xc9, 0x9e, 0x56, 0xef, 0x99,
  0x57, 0xda, 0x2e, 0x5e, 0x73, 0xee, 0xb4, 0x60, 0x00, 0x00, 0x00, 0x00,
  0x11, 0x00, 0x00, 0x00, 0x0c, 0x00, 0x00, 0x00, 0x02, 0x00, 0x00, 0x00,
  0x07, 0x00, 0x00, 0x00, 0x81, 0x68, 0x02, 0x04, 0x02, 0x83, 0x2e, 0x0e,
  0xa3, 0x12, 0x48, 0x50, 0xc2, 0x40, 0x80, 0x84, 0x00, 0x00, 0x00, 0x00,
  0x00, 0x00, 0x00, 0x00, 0x00, 0x00, 0x00, 0x00, 0x0c, 0x00, 0x00, 0x00,
  0x00, 0x00, 0x00, 0x00, 0x0d, 0x00, 0x00, 0x00, 0x0e, 0x00, 0x00, 0x00,
  0x0f, 0x00, 0x00, 0x00, 0x10, 0x00, 0x00, 0x00, 0x13, 0x00, 0x00, 0x00,
  0x14, 0x00, 0x00, 0x00, 0x17, 0x00, 0x00, 0x00, 0x18, 0x00, 0x00, 0x00,
  0x1a, 0x00, 0x00, 0x00, 0x1b, 0x00, 0x00, 0x00, 0x1e, 0x00, 0x00, 0x00,
  0x1f, 0x00, 0x00, 0x00, 0xcd, 0xd3, 0x73, 0xbb, 0xdf, 0x43, 0xaf, 0xbb,
  0x3b, 0x19, 0x3f, 0x2f, 0xb1, 0x94, 0x7c, 0x99, 0xb2, 0x43, 0xd4, 0x5e,
  0x9a, 0x9a, 0x36, 0x9c, 0x35, 0x47, 0x08, 0xd8, 0x5d, 0xab, 0x2d, 0x07,
  0xae, 0xd9, 0x17, 0xcf, 0xba, 0xe8, 0x84, 0x8b, 0xc9, 0xc2, 0x5a, 0x78,
  0xc1, 0x1b, 0x63, 0xa8, 0x7e, 0xbd, 0x38, 0x0e, 0xc1, 0x49, 0x53, 0xcf,
  0x61, 0x60, 0x9c, 0x15, 0x8a, 0x9c, 0x84, 0xc7, 0x6e, 0x53, 0x0b, 0x85,
  0xa9, 0x30, 0xdf, 0x77, 0x8d, 0x34, 0x39, 0x9c, 0x81, 0xc3, 0x46, 0x85,
  0x00, 0x00, 0x00, 0x00, 0x58, 0x58, 0x58, 0x58, 0x58, 0x58, 0x58, 0x58,
  0x58, 0x58, 0x58, 0x58, 0x58, 0x58, 0x58, 0x58, 0x58, 0x58, 0x58, 0x58,
  0x58, 0x58, 0x58, 0x58, 0x58, 0x58, 0x58, 0x58, 0x58, 0x58, 0x58, 0x58,
  0x58, 0x58, 0x58, 0x58, 0x58, 0x58, 0x58, 0x58, 0x58, 0x58, 0x58, 0x58,
  0x58, 0x58, 0x58, 0x58, 0x58, 0x58, 0x58, 0x58, 0x58, 0x58, 0x58, 0x58,
  0x58, 0x58, 0x58, 0x58, 0x58, 0x58, 0x58, 0x58, 0x58, 0x58, 0x58, 0x58,
  0x58, 0x58, 0x58, 0x58, 0x58, 0x58, 0x58, 0x58, 0x58, 0x58, 0x58, 0x58,
  0x58, 0x58, 0x58, 0x58, 0x58, 0x58, 0x58, 0x58, 0x58, 0x58, 0x58, 0x58,
  0x58, 0x58, 0x58, 0x58, 0x58, 0x58, 0x58, 0x58, 0x58, 0x58, 0x58, 0x58,
  0x58, 0x58, 0x58, 0x58, 0x58, 0x58, 0x58, 0x58, 0x58, 0x58, 0x58, 0x58,
  0x58, 0x58, 0x58, 0x58, 0x58, 0x58, 0x58, 0x58, 0x58, 0x58, 0x58, 0x58,
  0x58, 0x58, 0x58, 0x58, 0x58, 0x58, 0x58, 0x58, 0x58, 0x58, 0x58, 0x58,
  0x58, 0x58, 0x58, 0x58, 0x58, 0x58, 0x58, 0x58, 0x58, 0x58, 0x58, 0x58,
  0x58, 0x58, 0x58, 0x58, 0x58, 0x58, 0x58, 0x58, 0x58, 0x58, 0x58, 0x58,
  0x58, 0x58, 0x58, 0x58, 0x58, 0x58, 0x58, 0x58, 0x58, 0x58, 0x58, 0x58,
  0x58, 0x58, 0x58, 0x58, 0x58, 0x58, 0x58, 0x58, 0x58, 0x58, 0x58, 0x58,
  0x58, 0x58, 0x58, 0x58, 0x58, 0x58, 0x58, 0x58, 0x58, 0x58, 0x58, 0x58,
  0x58, 0x58, 0x58, 0x58, 0x58, 0x58, 0x58, 0x58, 0x58, 0x58, 0x58, 0x58,
  0x58, 0x58, 0x58, 0x58, 0x58, 0x58, 0x58, 0x58, 0x58, 0x58, 0x58, 0x58,
  0x58, 0x58, 0x58, 0x58, 0x58, 0x58, 0x58, 0x58, 0x58, 0x58, 0x58, 0x58,
  0x58, 0x58, 0x58, 0x58, 0x58, 0x58, 0x58, 0x58, 0x58, 0x58, 0x58, 0x58,
  0x58, 0x58, 0x58, 0x58, 0x58, 0x58, 0x58, 0x58, 0x58, 0x58, 0x58, 0x58,
  0x58, 0x58, 0x58, 0x58, 0x58, 0x58, 0x58, 0x58, 0x58, 0x58, 0x58, 0x58,
  0x58, 0x58, 0x58, 0x58, 0x58, 0x58, 0x58, 0x58, 0x58, 0x58, 0x58, 0x58,
  0x58, 0x58, 0x58, 0x58, 0x58, 0x58, 0x58, 0x58, 0x58, 0x58, 0x58, 0x58,
  0x58, 0x58, 0x58, 0x58, 0x58, 0x58, 0x58, 0x58, 0x58, 0x58, 0x58, 0x58,
  0x58, 0x58, 0x58, 0x58, 0x58, 0x58, 0x58, 0x58, 0x58, 0x58, 0x58, 0x58,
  0x58, 0x58, 0x58, 0x58, 0x58, 0x58, 0x58, 0x58, 0x58, 0x58, 0x58, 0x58,
  0x58, 0x58, 0x58, 0x58, 0x58, 0x58, 0x58, 0x58, 0x58, 0x58, 0x58, 0x58,
  0x58, 0x58, 0x58, 0x58, 0x58, 0x58, 0x58, 0x58, 0x58, 0x58, 0x58, 0x58,
  0x58, 0x58, 0x58, 0x58, 0x58, 0x58, 0x58, 0x58, 0x58, 0x58, 0x58, 0x58,
  0x58, 0x58, 0x58, 0x58, 0x58, 0x58, 0x58, 0x58, 0x58, 0x58, 0x58, 0x58,
  0x58, 0x58, 0x58, 0x58, 0x58, 0x58, 0x58, 0x58, 0x58, 0x58, 0x58, 0x58,
  0x58, 0x58, 0x58, 0x58, 0x58, 0x58, 0x58, 0x58, 0x58, 0x58, 0x58, 0x58,
  0x58, 0x58, 0x58, 0x58, 0x58, 0x58, 0x58, 0x58, 0x58, 0x58, 0x58, 0x58,
  0x58, 0x58, 0x58, 0x58, 0x58, 0x58, 0x58, 0x58, 0x58, 0x58, 0x58, 0x58,
  0x58, 0x58, 0x58, 0x58, 0x58, 0x58, 0x58, 0x58, 0x58, 0x58, 0x58, 0x58,
  0x58, 0x58, 0x58, 0x58, 0x58, 0x58, 0x58, 0x58, 0x58, 0x58, 0x58, 0x58,
  0x58, 0x58, 0x58, 0x58, 0x58, 0x58, 0x58, 0x58, 0x58, 0x58, 0x58, 0x58,
  0x58, 0x58, 0x58, 0x58, 0x58, 0x58, 0x58, 0x58, 0x58, 0x58, 0x58, 0x58,
  0x58, 0x58, 0x58, 0x58, 0x58, 0x58, 0x58, 0x58, 0x58, 0x58, 0x58, 0x58,
  0x58, 0x58, 0x58, 0x58, 0x58, 0x58, 0x58, 0x58, 0x58, 0x58, 0x58, 0x58,
  0x58, 0x58, 0x58, 0x58, 0x58, 0x58, 0x58, 0x58, 0x58, 0x58, 0x58, 0x58,
  0x58, 0x58, 0x58, 0x58, 0x58, 0x58, 0x58, 0x58, 0x58, 0x58, 0x58, 0x58,
  0x58, 0x58, 0x58, 0x58, 0x58, 0x58, 0x58, 0x58, 0x58, 0x58, 0x58, 0x58,
  0x58, 0x58, 0x58, 0x58, 0x58, 0x58, 0x58, 0x58, 0x58, 0x58, 0x58, 0x58,
  0x58, 0x58, 0x58, 0x58, 0x58, 0x58, 0x58, 0x58, 0x58, 0x58, 0x58, 0x58,
  0x58, 0x58, 0x58, 0x58, 0x58, 0x58, 0x58, 0x58, 0x58, 0x58, 0x58, 0x58,
  0x58, 0x58, 0x58, 0x58, 0x58, 0x58, 0x58, 0x58, 0x58, 0x58, 0x58, 0x58,
  0x58, 0x58, 0x58, 0x58, 0x58, 0x58, 0x58, 0x58, 0x58, 0x58, 0x58, 0x58,
  0x58, 0x58, 0x58, 0x58, 0x58, 0x58, 0x58, 0x58, 0x58, 0x58, 0x58, 0x58,
  0x58, 0x58, 0x58, 0x58, 0x58, 0x58, 0x58, 0x58, 0x58, 0x58, 0x58, 0x58,
  0x58, 0x58, 0x58, 0x58, 0x58, 0x58, 0x58, 0x58, 0x58, 0x58, 0x58, 0x58,
  0x58, 0x58, 0x58, 0x58, 0x58, 0x58, 0x58, 0x58, 0x58, 0x58, 0x58, 0x58,
  0x58, 0x58, 0x58, 0x58, 0x58, 0x58, 0x58, 0x58, 0x58, 0x58, 0x58, 0x58,
  0x58, 0x58, 0x58, 0x58, 0x58, 0x58, 0x58, 0x58, 0x58, 0x58, 0x58, 0x58,
  0x58, 0x58, 0x58, 0x58, 0x58, 0x58, 0x58, 0x58, 0x58, 0x58, 0x58, 0x58,
  0x58, 0x58, 0x58, 0x58, 0x58, 0x58, 0x58, 0x58, 0x58, 0x58, 0x58, 0x58,
  0x58, 0x58, 0x58, 0x58, 0x58, 0x58, 0x58, 0x58, 0x58, 0x58, 0x58, 0x58,
  0x58, 0x58, 0x58, 0x58, 0x58, 0x58, 0x58, 0x58, 0x58, 0x58, 0x58, 0x58,
  0x58, 0x58, 0x58, 0x58, 0x58, 0x58, 0x58, 0x58, 0x58, 0x58, 0x58, 0x58,
  0x58, 0x58, 0x58, 0x58, 0x58, 0x58, 0x58, 0x58, 0x58, 0x58, 0x58, 0x58,
  0x58, 0x58, 0x58, 0x58, 0x58, 0x00, 0x00, 0x00, 0x00, 0x00, 0x00, 0x00,
  0x00, 0x00, 0x00, 0x00, 0x00, 0x00, 0x00, 0x00, 0x00, 0x00, 0x00, 0x00,
  0x00, 0x00, 0x00, 0x00, 0x00, 0x00, 0x00, 0x00, 0x00, 0x00, 0x00, 0x00,
  0x00, 0x00, 0x00, 0x00, 0x00, 0x00, 0x00, 0x00, 0x00, 0x00, 0x00, 0x00,
  0x00, 0x00, 0x00, 0x00, 0x00, 0x00, 0x00, 0x00, 0x00, 0x00, 0x00, 0x00,
  0x00, 0x00, 0x00, 0x00, 0x00, 0x00, 0x00, 0x00, 0x00, 0x00, 0x00, 0x00,
  0x00, 0x00, 0x00, 0x00, 0x00, 0x00, 0x00, 0x00, 0x00, 0x00, 0x00, 0x00,
  0x00, 0x00, 0x00, 0x00, 0x00, 0x00, 0x00, 0x00, 0x00, 0x00, 0x00, 0x00,
  0x00, 0x00, 0x00, 0x00, 0x00, 0x00, 0x00, 0x00, 0x00, 0x00, 0x00, 0x00,
  0x00, 0x00, 0x00, 0x00, 0x00, 0x00, 0x00, 0x00, 0x00, 0x00, 0x00, 0x00,
  0x00, 0x00, 0x00, 0x00, 0x00, 0x00, 0x00, 0x00, 0x00, 0x00, 0x00, 0x00,
  0x00, 0x00, 0x00, 0x00, 0x00, 0x00, 0x00, 0x00, 0x00, 0x00, 0x00, 0x00,
  0x00, 0x00, 0x00, 0x00, 0x00, 0x00, 0x00, 0x00, 0x00, 0x00, 0x00, 0x00,
  0x00, 0x00, 0x00, 0x00, 0x00, 0x00, 0x00, 0x00, 0x00, 0x00, 0x00, 0x00,
  0x00, 0x00, 0x00, 0x00, 0x00, 0x00, 0x00, 0x00, 0x00, 0x00, 0x00, 0x00,
  0x00, 0x00, 0x00, 0x00, 0x00, 0x00, 0x00, 0x00, 0x00, 0x00, 0x00, 0x00,
  0x00, 0x00, 0x00, 0x00, 0x00, 0x00, 0x00, 0x00, 0x00, 0x00, 0x00, 0x00,
  0x00, 0x00, 0x00, 0x00, 0x00, 0x00, 0x00, 0x00, 0x00, 0x00, 0x00, 0x00,
  0x00, 0x00, 0x00, 0x00, 0x00, 0x00, 0x00, 0x00, 0x00, 0x00, 0x00, 0x00,
  0x00, 0x00, 0x00, 0x00, 0x00, 0x00, 0x00, 0x00, 0x00, 0x00, 0x00, 0x00,
  0x00, 0x00, 0x00, 0x00, 0x00, 0x00, 0x00, 0x00, 0x00, 0x00, 0x00, 0x00,
  0x00, 0x00, 0x00, 0x00, 0x00, 0x00, 0x00, 0x00, 0x00, 0x00, 0x00, 0x00,
  0x00, 0x00, 0x00, 0x00, 0x00, 0x00, 0x00, 0x00, 0x00, 0x00, 0x00, 0x00,
  0x00, 0x00, 0x00, 0x00, 0x00, 0x00, 0x00, 0x00, 0x00, 0x00, 0x00, 0x00,
  0x00, 0x00, 0x00, 0x00, 0x00, 0x00, 0x00, 0x00, 0x00, 0x00, 0x00, 0x00,
  0x00, 0x00, 0x00, 0x00, 0x00, 0x00, 0x00, 0x00, 0x00, 0x00, 0x00, 0x00,
  0x00, 0x00, 0x00, 0x00, 0x00, 0x00, 0x00, 0x00, 0x00, 0x00, 0x00, 0x00,
  0x00, 0x00, 0x00, 0x00, 0x00, 0x00, 0x00, 0x00, 0x00, 0x00, 0x00, 0x00,
  0x00, 0x00, 0x00, 0x00, 0x00, 0x00, 0x00, 0x00, 0x00, 0x00, 0x00, 0x00,
  0x00, 0x00, 0x00, 0x00, 0x00, 0x00, 0x00, 0x00, 0x00, 0x00, 0x00, 0x00,
  0x00, 0x00, 0x00, 0x00, 0x00, 0x00, 0x00, 0x00, 0x00, 0x00, 0x00, 0x00,
  0x00, 0x00, 0x00, 0x00, 0x00, 0x00, 0x00, 0x00, 0x00, 0x00, 0x00, 0x00,
  0x00, 0x00, 0x00, 0x00, 0x00, 0x00, 0x00, 0x00, 0x00, 0x00, 0x00, 0x00,
  0x00, 0x00, 0x00, 0x00, 0x00, 0x00, 0x00, 0x00, 0x00, 0x00, 0x00, 0x00,
  0x00, 0x00, 0x00, 0x00, 0x00, 0x00, 0x00, 0x00, 0x00, 0x00, 0x00, 0x00,
  0x00, 0x00, 0x00, 0x00, 0x00, 0x00, 0x00, 0x00, 0x00, 0x00, 0x00, 0x00,
  0x00, 0x00, 0x00, 0x00, 0x00, 0x00, 0x00, 0x00, 0x00, 0x00, 0x00, 0x00,
  0x00, 0x00, 0x00, 0x00, 0x00, 0x00, 0x00, 0x00, 0x00, 0x00, 0x00, 0x00,
  0x00, 0x00, 0x00, 0x00, 0x00, 0x00, 0x00, 0x00, 0x00, 0x00, 0x00, 0x00,
  0x00, 0x00, 0x00, 0x00, 0x00, 0x00, 0x00, 0x00, 0x00, 0x00, 0x00, 0x00,
  0x00, 0x00, 0x00, 0x00, 0x00, 0x00, 0x00, 0x00, 0x00, 0x00, 0x00, 0x00,
  0x00, 0x00, 0x00, 0x00, 0x00, 0x00, 0x00, 0x00, 0x00, 0x00, 0x00, 0x00,
  0x00, 0x00, 0x00, 0x00, 0x00, 0x00, 0x00, 0x00, 0x00, 0x00, 0x00, 0x00,
  0x00, 0x00, 0x00, 0x00, 0x00, 0x00, 0x00, 0x00, 0x00, 0x00, 0x00, 0x00,
  0x00, 0x00, 0x00, 0x00, 0x00, 0x00, 0x00, 0x00, 0x00, 0x00, 0x00, 0x00,
  0x00, 0x00, 0x00, 0x00, 0x00, 0x00, 0x00, 0x00, 0x00, 0x00, 0x00, 0x00,
  0x00, 0x00, 0x00, 0x00, 0x00, 0x00, 0x00, 0x00, 0x00, 0x00, 0x00, 0x00,
  0x00, 0x00, 0x00, 0x00, 0x00, 0x00, 0x00, 0x00, 0x00, 0x00, 0x00, 0x00,
  0x00, 0x00, 0x00, 0x00, 0x00, 0x00, 0x00, 0x00, 0x00, 0x00, 0x00, 0x00,
  0x00, 0x00, 0x00, 0x00, 0x00, 0x00, 0x00, 0x00, 0x00, 0x00, 0x00, 0x00,
  0x00, 0x00, 0x00, 0x00, 0x00, 0x00, 0x00, 0x00, 0x00, 0x00, 0x00, 0x00,
  0x00, 0x00, 0x00, 0x00, 0x00, 0x00, 0x00, 0x00, 0x00, 0x00, 0x00, 0x00,
  0x00, 0x00, 0x00, 0x00, 0x00, 0x00, 0x00, 0x00, 0x00, 0x00, 0x00, 0x00,
  0x00, 0x00, 0x00, 0x00, 0x00, 0x00, 0x00, 0x00, 0x00, 0x00, 0x00, 0x00,
  0x00, 0x00, 0x00, 0x00, 0x00, 0x00, 0x00, 0x00, 0x00, 0x00, 0x00, 0x00,
  0x00, 0x00, 0x00, 0x00, 0x00, 0x00, 0x00, 0x00, 0x00, 0x00, 0x00, 0x00,
  0x00, 0x00, 0x00, 0x00, 0x00, 0x00, 0x00, 0x00, 0x00, 0x00, 0x00, 0x00,
  0x00, 0x00, 0x00, 0x00, 0x00, 0x00, 0x00, 0x00, 0x00, 0x00, 0x00, 0x00,
  0x00, 0x00, 0x00, 0x00, 0x00, 0x00, 0x00, 0x00, 0x00, 0x00, 0x00, 0x00,
  0x00, 0x00, 0x00, 0x00, 0x00, 0x00, 0x00, 0x00, 0x00, 0x00, 0x00, 0x00,
  0x00, 0x00, 0x00, 0x00, 0x00, 0x00, 0x00, 0x00, 0x00, 0x00, 0x00, 0x00,
  0x00, 0x00, 0x00, 0x00, 0x00, 0x00, 0x00, 0x00, 0x00, 0x00, 0x00, 0x00,
  0x00, 0x00, 0x00, 0x00, 0x00, 0x00, 0x00, 0x00, 0x00, 0x00, 0x00, 0x00,
  0x00, 0x00, 0x00, 0x00, 0x00, 0x00, 0x00, 0x00, 0x00, 0x00, 0x00, 0x00,
  0x00, 0x00, 0x00, 0x00, 0x00, 0x00, 0x00, 0x00, 0x00, 0x00, 0x00, 0x00,
  0x00, 0x00, 0x00, 0x00, 0x00, 0x00, 0x00, 0x00, 0x00, 0x00, 0x00, 0x00,
  0x00, 0x00, 0x00, 0x00, 0x00, 0x00, 0x00, 0x00, 0x00, 0x00, 0x00, 0x00,
  0x00, 0x00, 0x00, 0x00, 0x00, 0x00, 0x00, 0x00, 0x00, 0x00, 0x00, 0x00,
  0x00, 0x00, 0x00, 0x00, 0x00, 0x00, 0x00, 0x00, 0x00, 0x00, 0x00, 0x00,
  0x00, 0x00, 0x00, 0x00, 0x00, 0x00, 0x00, 0x00, 0x00, 0x00, 0x00, 0x00,
  0x00, 0x00, 0x00, 0x00, 0x00, 0x00, 0x00, 0x00, 0x00, 0x00, 0x00, 0x00,
  0x00, 0x00, 0x00, 0x00, 0x00, 0x00, 0x00, 0x00, 0x00, 0x00, 0x00, 0x00,
  0x00, 0x00, 0x00, 0x00, 0x00, 0x00, 0x00, 0x00, 0x00, 0x00, 0x00, 0x00,
  0x00, 0x00, 0x00, 0x00, 0x00, 0x00, 0x00, 0x00, 0x00, 0x00, 0x00, 0x00,
  0x00, 0x00, 0x00, 0x00, 0x00, 0x00, 0x00, 0x00, 0x00, 0x00, 0x00, 0x00,
  0x00, 0x00, 0x00, 0x00, 0x00, 0x00, 0x00, 0x00, 0x00, 0x00, 0x00, 0x00,
  0x00, 0x00, 0x00, 0x00, 0x00, 0x00, 0x00, 0x00, 0x00, 0x00, 0x00, 0x00,
  0x00, 0x00, 0x00, 0x00, 0x00, 0x00, 0x00, 0x00, 0x00, 0x00, 0x00, 0x00,
  0x00, 0x00, 0x00, 0x00, 0x00, 0x00, 0x00, 0x00, 0x00, 0x00, 0x00, 0x00,
  0x00, 0x00, 0x00, 0x00, 0x00, 0x00, 0x00, 0x00, 0x00, 0x00, 0x00, 0x00,
  0x00, 0x00, 0x00, 0x00, 0x00, 0x00, 0x00, 0x00, 0x00, 0x00, 0x00, 0x00,
  0x00, 0x00, 0x00, 0x00, 0x00, 0x00, 0x00, 0x00, 0x00, 0x00, 0x00, 0x00,
  0x00, 0x00, 0x00, 0x00, 0x00, 0x00, 0x00, 0x00, 0x00, 0x00, 0x00, 0x00,
  0x00, 0x00, 0x00, 0x00, 0x00, 0x00, 0x00, 0x00, 0x00, 0x00, 0x00, 0x00,
  0x00, 0x00, 0x00, 0x00, 0x00, 0x00, 0x00, 0x00, 0x00, 0x00, 0x00, 0x00,
  0x00, 0x00, 0x00, 0x00, 0x00, 0x00, 0x00, 0x00, 0x00, 0x00, 0x00, 0x00,
  0x00, 0x00, 0x00, 0x00, 0x00, 0x00, 0x00, 0x00, 0x00, 0x00, 0x00, 0x00,
  0x00, 0x00, 0x00, 0x00, 0x00, 0x00, 0x00, 0x00, 0x00, 0x00, 0x00, 0x00,
  0x00, 0x00, 0x00, 0x00, 0x00, 0x00, 0x00, 0x00, 0x00, 0x00, 0x00, 0x00,
  0x00, 0x00, 0x00, 0x00, 0x00, 0x00, 0x00, 0x00, 0x00, 0x00, 0x00, 0x00,
  0x00, 0x00, 0x00, 0x00, 0x00, 0x00, 0x00, 0x00, 0x00, 0x00, 0x00, 0x00,
  0x00, 0x00, 0x00, 0x00, 0x00, 0x00, 0x00, 0x00, 0x00, 0x00, 0x00, 0x00,
  0x00, 0x00, 0x00, 0x00, 0x00, 0x00, 0x00, 0x00, 0x00, 0x00, 0x00, 0x00,
  0x00, 0x00, 0x00, 0x00, 0x00, 0x00, 0x00, 0x00, 0x00, 0x00, 0x00, 0x00,
  0x00, 0x00, 0x00, 0x00, 0x00, 0x00, 0x00, 0x00, 0x00, 0x00, 0x00, 0x00,
  0x00, 0x00, 0x00, 0x00, 0x00, 0x00, 0x00, 0x00, 0x00, 0x00, 0x00, 0x00,
  0x00, 0x00, 0x00, 0x00, 0x00, 0x00, 0x00, 0x00, 0x00, 0x00, 0x00, 0x00,
  0x00, 0x00, 0x00, 0x00, 0x00, 0x00, 0x00, 0x00, 0x00, 0x00, 0x00, 0x00,
  0x00, 0x00, 0x00, 0x00, 0x00, 0x00, 0x00, 0x00, 0x00, 0x00, 0x00, 0x00,
  0x00, 0x00, 0x00, 0x00, 0x00, 0x00, 0x00, 0x00, 0x00, 0x00, 0x00, 0x00,
  0x00, 0x00, 0x00, 0x00, 0x00, 0x00, 0x00, 0x00, 0x00, 0x00, 0x00, 0x00,
  0x00, 0x00, 0x00, 0x00, 0x00, 0x00, 0x00, 0x00, 0x00, 0x00, 0x00, 0x00,
  0x00, 0x00, 0x00, 0x00, 0x00, 0x00, 0x00, 0x00, 0x00, 0x00, 0x00, 0x00,
  0x00, 0x00, 0x00, 0x00, 0x00, 0x00, 0x00, 0x00, 0x00, 0x00, 0x00, 0x00,
  0x00, 0x00, 0x00, 0x00, 0x00, 0x00, 0x00, 0x00, 0x00, 0x00, 0x00, 0x00,
  0x00, 0x00, 0x00, 0x00, 0x00, 0x00, 0x00, 0x00, 0x00, 0x00, 0x00, 0x00,
  0x00, 0x00, 0x00, 0x00, 0x00, 0x00, 0x00, 0x00, 0x00, 0x00, 0x00, 0x00,
  0x00, 0x00, 0x00, 0x00, 0x00, 0x00, 0x00, 0x00, 0x00, 0x00, 0x00, 0x00,
  0x00, 0x00, 0x00, 0x00, 0x00, 0x00, 0x00, 0x00, 0x00, 0x00, 0x00, 0x00,
  0x00, 0x00, 0x00, 0x00, 0x00, 0x00, 0x00, 0x00, 0x00, 0x00, 0x00, 0x00,
  0x00, 0x00, 0x00, 0x00, 0x00, 0x00, 0x00, 0x00, 0x00, 0x00, 0x00, 0x00,
  0x00, 0x00, 0x00, 0x00, 0x00, 0x00, 0x00, 0x00, 0x00, 0x00, 0x00, 0x00,
  0x00, 0x00, 0x00, 0x00, 0x00, 0x00, 0x00, 0x00, 0x00, 0x00, 0x00, 0x00,
  0x00, 0x00, 0x00, 0x00, 0x00, 0x00, 0x00, 0x00, 0x00, 0x00, 0x00, 0x00,
  0x00, 0x00, 0x00, 0x00, 0x00, 0x00, 0x00, 0x00, 0x00, 0x00, 0x00, 0x00,
  0x00, 0x00, 0x00, 0x00, 0x00, 0x00, 0x00, 0x00, 0x00, 0x00, 0x00, 0x00,
  0x00, 0x00, 0x00, 0x00, 0x00, 0x00, 0x00, 0x00, 0x00, 0x00, 0x00, 0x00,
  0x00, 0x00, 0x00, 0x00, 0x00, 0x00, 0x00, 0x00, 0x00, 0x00, 0x00, 0x00,
  0x00, 0x00, 0x00, 0x00, 0x00, 0x00, 0x00, 0x00, 0x00, 0x00, 0x00, 0x00,
  0x00, 0x00, 0x00, 0x00, 0x00, 0x00, 0x00, 0x00, 0x00, 0x00, 0x00, 0x00,
  0x00, 0x00, 0x00, 0x00, 0x00, 0x00, 0x00, 0x00, 0x00, 0x00, 0x00, 0x00,
  0x00, 0x00, 0x00, 0x00, 0x00, 0x00, 0x00, 0x00, 0x00, 0x00, 0x00, 0x00,
  0x00, 0x00, 0x00, 0x00, 0x00, 0x00, 0x00, 0x00, 0x00, 0x00, 0x00, 0x00,
  0x00, 0x00, 0x00, 0x00, 0x00, 0x00, 0x00, 0x00, 0x00, 0x00, 0x00, 0x00,
  0x00, 0x00, 0x00, 0x00, 0x00, 0x00, 0x00, 0x00, 0x00, 0x00, 0x00, 0x00,
  0x00, 0x00, 0x00, 0x00, 0x00, 0x00, 0x00, 0x00, 0x00, 0x00, 0x00, 0x00,
  0x00, 0x00, 0x00, 0x00, 0x00, 0x00, 0x00, 0x00, 0x00, 0x00, 0x00, 0x00,
  0x00, 0x00, 0x00, 0x00, 0x00, 0x00, 0x00, 0x00, 0x00, 0x00, 0x00, 0x00,
  0x00, 0x00, 0x00, 0x00, 0x00, 0x00, 0x00, 0x00, 0x00, 0x00, 0x00, 0x00,
  0x00, 0x00, 0x00, 0x00, 0x00, 0x00, 0x00, 0x00, 0x00, 0x00, 0x00, 0x00,
  0x00, 0x00, 0x00, 0x00, 0x00, 0x00, 0x00, 0x00, 0x00, 0x00, 0x00, 0x00,
  0x00, 0x00, 0x00, 0x00, 0x00, 0x00, 0x00, 0x00, 0x00, 0x00, 0x00, 0x00,
  0x00, 0x00, 0x00, 0x00, 0x00, 0x00, 0x00, 0x00, 0x00, 0x00, 0x00, 0x00,
  0x00, 0x00, 0x00, 0x00, 0x00, 0x00, 0x00, 0x00, 0x00, 0x00, 0x00, 0x00,
  0x00, 0x00, 0x00, 0x00, 0x00, 0x00, 0x00, 0x00, 0x00, 0x00, 0x00, 0x00,
  0x00, 0x00, 0x00, 0x00, 0x00, 0x00, 0x00, 0x00, 0x00, 0x00, 0x00, 0x00,
  0x00, 0x00, 0x00, 0x00, 0x00, 0x00, 0x00, 0x00, 0x00, 0x00, 0x00, 0x00,
  0x00, 0x00, 0x00, 0x00, 0x00, 0x00, 0x00, 0x00, 0x00, 0x00, 0x00, 0x00,
  0x00, 0x00, 0x00, 0x00, 0x00, 0x00, 0x00, 0x00, 0x00, 0x00, 0x00, 0x00,
  0x00, 0x00, 0x00, 0x00, 0x00, 0x00, 0x00, 0x00, 0x00, 0x00, 0x00, 0x00,
  0x00, 0x00, 0x00, 0x00, 0x00, 0x00, 0x00, 0x00, 0x00, 0x00, 0x00, 0x00,
  0x00, 0x00, 0x00, 0x00, 0x00, 0x00, 0x00, 0x00, 0x00, 0x00, 0x00, 0x00,
  0x00, 0x00, 0x00, 0x00, 0x00, 0x00, 0x00, 0x00, 0x00, 0x00, 0x00, 0x00,
  0x00, 0x00, 0x00, 0x00, 0x00, 0x00, 0x00, 0x00, 0x00, 0x00, 0x00, 0x00,
  0x00, 0x00, 0x00, 0x00, 0x00, 0x00, 0x00, 0x00, 0x00, 0x00, 0x00, 0x00,
  0x00, 0x00, 0x00, 0x00, 0x00, 0x00, 0x00, 0x00, 0x00, 0x00, 0x00, 0x00,
  0x00, 0x00, 0x00, 0x00, 0x00, 0x00, 0x00, 0x00, 0x00, 0x00, 0x00, 0x00,
  0x00, 0x00, 0x00, 0x00, 0x00, 0x00, 0x00, 0x00, 0x00, 0x00, 0x00, 0x00,
  0x00, 0x00, 0x00, 0x00, 0x00, 0x00, 0x00, 0x00, 0x00, 0x00, 0x00, 0x00,
  0x00, 0x00, 0x00, 0x00, 0x00, 0x00, 0x00, 0x00, 0x00, 0x00, 0x00, 0x00,
  0x00, 0x00, 0x00, 0x00, 0x00, 0x00, 0x00, 0x00, 0x00, 0x00, 0x00, 0x00,
  0x00, 0x00, 0x00, 0x00, 0x00, 0x00, 0x00, 0x00, 0x00, 0x00, 0x00, 0x00,
  0x00, 0x00, 0x00, 0x00, 0x00, 0x00, 0x00, 0x00, 0x00, 0x00, 0x00, 0x00,
  0x00, 0x00, 0x00, 0x00, 0x00, 0x00, 0x00, 0x00, 0x00, 0x00, 0x00, 0x00,
  0x00, 0x00, 0x00, 0x00, 0x00, 0x00, 0x00, 0x00, 0x00, 0x00, 0x00, 0x00,
  0x00, 0x00, 0x00, 0x00, 0x00, 0x00, 0x00, 0x00, 0x00, 0x00, 0x00, 0x00,
  0x00, 0x00, 0x00, 0x00, 0x00, 0x00, 0x00, 0x00, 0x00, 0x00, 0x00, 0x00,
  0x00, 0x00, 0x00, 0x00, 0x00, 0x00, 0x00, 0x00, 0x00, 0x00, 0x00, 0x00,
  0x00, 0x00, 0x00, 0x00, 0x00, 0x00, 0x00, 0x00, 0x00, 0x00, 0x00, 0x00,
  0x00, 0x00, 0x00, 0x00, 0x00, 0x00, 0x00, 0x00, 0x00, 0x00, 0x00, 0x00,
  0x00, 0x00, 0x00, 0x00, 0x00, 0x00, 0x00, 0x00, 0x00, 0x00, 0x00, 0x00,
  0x00, 0x00, 0x00, 0x00, 0x00, 0x00, 0x00, 0x00, 0x00, 0x00, 0x00, 0x00,
  0x00, 0x00, 0x00, 0x00, 0x00, 0x00, 0x00, 0x00, 0x00, 0x00, 0x00, 0x00,
  0x00, 0x00, 0x00, 0x00, 0x00, 0x00, 0x00, 0x00, 0x00, 0x00, 0x00, 0x00,
  0x00, 0x00, 0x00, 0x00, 0x00, 0x00, 0x00, 0x00, 0x00, 0x00, 0x00, 0x00,
  0x00, 0x00, 0x00, 0x00, 0x00, 0x00, 0x00, 0x00, 0x00, 0x00, 0x00, 0x00,
  0x00, 0x00, 0x00, 0x00, 0x00, 0x00, 0x00, 0x00, 0x00, 0x00, 0x00, 0x00,
  0x00, 0x00, 0x00, 0x00, 0x00, 0x00, 0x00, 0x00, 0x00, 0x00, 0x00, 0x00,
  0x00, 0x00, 0x00, 0x00, 0x00, 0x00, 0x00, 0x00, 0x00, 0x00, 0x00, 0x00,
  0x00, 0x00, 0x00, 0x00, 0x00, 0x00, 0x00, 0x00, 0x00, 0x00, 0x00, 0x00,
  0x00, 0x00, 0x00, 0x00, 0x00, 0x00, 0x00, 0x00, 0x00, 0x00, 0x00, 0x00,
  0x00, 0x00, 0x00, 0x00, 0x00, 0x00, 0x00, 0x00, 0x00, 0x00, 0x00, 0x00,
  0x00, 0x00, 0x00, 0x00, 0x00, 0x00, 0x00, 0x00, 0x00, 0x00, 0x00, 0x00,
  0x00, 0x00, 0x00, 0x00, 0x00, 0x00, 0x00, 0x00, 0x00, 0x00, 0x00, 0x00,
  0x00, 0x00, 0x00, 0x00, 0x00, 0x00, 0x00, 0x00, 0x00, 0x00, 0x00, 0x00,
  0x00, 0x00, 0x00, 0x00, 0x00, 0x00, 0x00, 0x00, 0x00, 0x00, 0x00, 0x00,
  0x00, 0x00, 0x00, 0x00, 0x00, 0x00, 0x00, 0x00, 0x00, 0x00, 0x00, 0x00,
  0x00, 0x00, 0x00, 0x00, 0x00, 0x00, 0x00, 0x00, 0x00, 0x00, 0x00, 0x00,
  0x00, 0x00, 0x00, 0x00, 0x00, 0x00, 0x00, 0x00, 0x00, 0x00, 0x00, 0x00,
  0x00, 0x00, 0x00, 0x00, 0x00, 0x00, 0x00, 0x00, 0x00, 0x00, 0x00, 0x00,
  0x00, 0x00, 0x00, 0x00, 0x00, 0x00, 0x00, 0x00, 0x00, 0x00, 0x00, 0x00,
  0x00, 0x00, 0x00, 0x00, 0x00, 0x00, 0x00, 0x00, 0x00, 0x00, 0x00, 0x00,
  0x00, 0x00, 0x00, 0x00, 0x00, 0x00, 0x00, 0x00, 0x00, 0x00, 0x00, 0x00,
  0x00, 0x00, 0x00, 0x00, 0x00, 0x00, 0x00, 0x00, 0x00, 0x00, 0x00, 0x00,
  0x00, 0x00, 0x00, 0x00, 0x00, 0x00, 0x00, 0x00, 0x00, 0x00, 0x00, 0x00,
  0x00, 0x00, 0x00, 0x00, 0x00, 0x00, 0x00, 0x00, 0x00, 0x00, 0x00, 0x00,
  0x00, 0x00, 0x00, 0x00, 0x00, 0x00, 0x00, 0x00, 0x00, 0x00, 0x00, 0x00,
  0x00, 0x00, 0x00, 0x00, 0x00, 0x00, 0x00, 0x00, 0x00, 0x00, 0x00, 0x00,
  0x00, 0x00, 0x00, 0x00, 0x00, 0x00, 0x00, 0x00, 0x00, 0x00, 0x00, 0x00,
  0x00, 0x00, 0x00, 0x00, 0x00, 0x00, 0x00, 0x00, 0x00, 0x00, 0x00, 0x00,
  0x00, 0x00, 0x00, 0x00, 0x00, 0x00, 0x00, 0x00, 0x00, 0x00, 0x00, 0x00,
  0x00, 0x00, 0x00, 0x00, 0x00, 0x00, 0x00, 0x00, 0x00, 0x00, 0x00, 0x00,
  0x00, 0x00, 0x00, 0x00, 0x00, 0x00, 0x00, 0x00, 0x00, 0x00, 0x00, 0x00,
  0x00, 0x00, 0x00, 0x00, 0x00, 0x00, 0x00, 0x00, 0x00, 0x00, 0x00, 0x00,
  0x00, 0x00, 0x00, 0x00, 0x00, 0x00, 0x00, 0x00, 0x00, 0x00, 0x00, 0x00,
  0x00, 0x00, 0x00, 0x00, 0x00, 0x00, 0x00, 0x00, 0x00, 0x00, 0x00, 0x00,
  0x00, 0x00, 0x00, 0x00, 0x00, 0x00, 0x00, 0x00, 0x00, 0x00, 0x00, 0x00,
  0x00, 0x00, 0x00, 0x00, 0x00, 0x00, 0x00, 0x00, 0x00, 0x00, 0x00, 0x00,
  0x00, 0x00, 0x00, 0x00, 0x00, 0x00, 0x00, 0x00, 0x00, 0x00, 0x00, 0x00,
  0x00, 0x00, 0x00, 0x00, 0x00, 0x00, 0x00, 0x00, 0x00, 0x00, 0x00, 0x00,
  0x00, 0x00, 0x00, 0x00, 0x00, 0x00, 0x00, 0x00, 0x00, 0x00, 0x00, 0x00,
  0x00, 0x00, 0x00, 0x00, 0x00, 0x00, 0x00, 0x00, 0x00, 0x00, 0x00, 0x00,
  0x00, 0x00, 0x00, 0x00, 0x00, 0x00, 0x00, 0x00, 0x00, 0x00, 0x00, 0x00,
  0x00, 0x00, 0x00, 0x00, 0x00, 0x00, 0x00, 0x00, 0x00, 0x00, 0x00, 0x00,
  0x00, 0x00, 0x00, 0x00, 0x00, 0x00, 0x00, 0x00, 0x00, 0x00, 0x00, 0x00,
  0x00, 0x00, 0x00, 0x00, 0x00, 0x00, 0x00, 0x00, 0x00, 0x00, 0x00, 0x00,
  0x00, 0x00, 0x00, 0x00, 0x00, 0x00, 0x00, 0x00, 0x00, 0x00, 0x00, 0x00,
  0x00, 0x00, 0x00, 0x00, 0x00, 0x00, 0x00, 0x00, 0x00, 0x00, 0x00, 0x00,
  0x00, 0x00, 0x00, 0x00, 0x00, 0x00, 0x00, 0x00, 0x00, 0x00, 0x00, 0x00,
  0x00, 0x00, 0x00, 0x00, 0x00, 0x00, 0x00, 0x00, 0x00, 0x00, 0x00, 0x00,
  0x00, 0x00, 0x00, 0x00, 0x00, 0x00, 0x00, 0x00, 0x00, 0x00, 0x00, 0x00,
  0x00, 0x00, 0x00, 0x00, 0x00, 0x00, 0x00, 0x00, 0x00, 0x00, 0x00, 0x00,
  0x00, 0x00, 0x00, 0x00, 0x00, 0x00, 0x00, 0x00, 0x00, 0x00, 0x00, 0x00,
  0x00, 0x00, 0x00, 0x00, 0x00, 0x00, 0x00, 0x00, 0x00, 0x00, 0x00, 0x00,
  0x00, 0x00, 0x00, 0x00, 0x00, 0x00, 0x00, 0x00, 0x00, 0x00, 0x00, 0x00,
  0x00, 0x00, 0x00, 0x00, 0x00, 0x00, 0x00, 0x00, 0x00, 0x00, 0x00, 0x00,
  0x00, 0x00, 0x00, 0x00, 0x00, 0x00, 0x00, 0x00, 0x00, 0x00, 0x00, 0x00,
  0x00, 0x00, 0x00, 0x00, 0x00, 0x00, 0x00, 0x00, 0x00, 0x00, 0x00, 0x00,
  0x00, 0x00, 0x00, 0x00, 0x00, 0x00, 0x00, 0x00, 0x00, 0x00, 0x00, 0x00,
  0x00, 0x00, 0x00, 0x00, 0x00, 0x00, 0x00, 0x00, 0x00, 0x00, 0x00, 0x00,
  0x00, 0x00, 0x00, 0x00, 0x00, 0x00, 0x00, 0x00, 0x00, 0x00, 0x00, 0x00,
  0x00, 0x00, 0x00, 0x00, 0x00, 0x00, 0x00, 0x00, 0x00, 0x00, 0x00, 0x00,
  0x00, 0x00, 0x00, 0x00, 0x00, 0x00, 0x00, 0x00, 0x00, 0x00, 0x00, 0x00,
  0x00, 0x00, 0x00, 0x00, 0x00, 0x00, 0x00, 0x00, 0x00, 0x00, 0x00, 0x00,
  0x00, 0x00, 0x00, 0x00, 0x00, 0x00, 0x00, 0x00, 0x00, 0x00, 0x00, 0x00,
  0x00, 0x00, 0x00, 0x00, 0x00, 0x00, 0x00, 0x00, 0x00, 0x00, 0x00, 0x00,
  0x00, 0x00, 0x00, 0x00, 0x00, 0x00, 0x00, 0x00, 0x00, 0x00, 0x00, 0x00,
  0x00, 0x00, 0x00, 0x00, 0x00, 0x00, 0x00, 0x00, 0x00, 0x00, 0x00, 0x00,
  0x00, 0x00, 0x00, 0x00, 0x00, 0x00, 0x00, 0x00, 0x00, 0x00, 0x00, 0x00,
  0x00, 0x00, 0x00, 0x00, 0x00, 0x00, 0x00, 0x00, 0x00, 0x00, 0x00, 0x00,
  0x00, 0x00, 0x00, 0x00, 0x00, 0x00, 0x00, 0x00, 0x00, 0x00, 0x00, 0x00,
  0x00, 0x00, 0x00, 0x00, 0x00, 0x00, 0x00, 0x00, 0x00, 0x00, 0x00, 0x00,
  0x00, 0x00, 0x00, 0x00, 0x00, 0x00, 0x00, 0x00, 0x00, 0x00, 0x00, 0x00,
  0x00, 0x00, 0x00, 0x00, 0x00, 0x00, 0x00, 0x00, 0x00, 0x00, 0x00, 0x00,
  0x00, 0x00, 0x00, 0x00, 0x00, 0x00, 0x00, 0x00, 0x00, 0x00, 0x00, 0x00,
  0x00, 0x00, 0x00, 0x00, 0x00, 0x00, 0x00, 0x00, 0x00, 0x00, 0x00, 0x00,
  0x00, 0x00, 0x00, 0x00, 0x00, 0x00, 0x00, 0x00, 0x00, 0x00, 0x00, 0x00,
  0x00, 0x00, 0x00, 0x00, 0x00, 0x00, 0x00, 0x00, 0x00, 0x00, 0x00, 0x00,
  0x00, 0x00, 0x00, 0x00, 0x00, 0x00, 0x00, 0x00, 0x00, 0x00, 0x00, 0x00,
  0x00, 0x00, 0x00, 0x00, 0x00, 0x00, 0x00, 0x00, 0x00, 0x00, 0x00, 0x00,
  0x00, 0x00, 0x00, 0x00, 0x00, 0x00, 0x00, 0x00, 0x00, 0x00, 0x00, 0x00,
  0x00, 0x00, 0x00, 0x00, 0x00, 0x00, 0x00, 0x00, 0x00, 0x00, 0x00, 0x00,
  0x00, 0x00, 0x00, 0x00, 0x00, 0x00, 0x00, 0x00, 0x00, 0x00, 0x00, 0x00,
  0x00, 0x00, 0x00, 0x00, 0x00, 0x00, 0x00, 0x00, 0x00, 0x00, 0x00, 0x00,
  0x00, 0x00, 0x00, 0x00, 0x00, 0x00, 0x00, 0x00, 0x00, 0x00, 0x00, 0x00,
  0x00, 0x00, 0x00, 0x00, 0x00, 0x00, 0x00, 0x00, 0x00, 0x00, 0x00, 0x00,
  0x00, 0x00, 0x00, 0x00, 0x00, 0x00, 0x00, 0x00, 0x00, 0x00, 0x00, 0x00,
  0x00, 0x00, 0x00, 0x00, 0x00, 0x00, 0x00, 0x00, 0x00, 0x00, 0x00, 0x00,
  0x00, 0x00, 0x00, 0x00, 0x00, 0x00, 0x00, 0x00, 0x00, 0x00, 0x00, 0x00,
  0x00, 0x00, 0x00, 0x00, 0x00, 0x00, 0x00, 0x00, 0x00, 0x00, 0x00, 0x00,
  0x00, 0x00, 0x00, 0x00, 0x00, 0x00, 0x00, 0x00, 0x00, 0x00, 0x00, 0x00,
  0x00, 0x00, 0x00, 0x00, 0x00, 0x00, 0x00, 0x00, 0x00, 0x00, 0x00, 0x00,
  0x00, 0x00, 0x00, 0x00, 0x00, 0x00, 0x00, 0x00, 0x00, 0x00, 0x00, 0x00,
  0x00, 0x00, 0x00, 0x00, 0x00, 0x00, 0x00, 0x00, 0x00, 0x00, 0x00, 0x00,
  0x00, 0x00, 0x00, 0x00, 0x00, 0x00, 0x00, 0x00, 0x00, 0x00, 0x00, 0x00,
  0x00, 0x00, 0x00, 0x00, 0x00, 0x00, 0x00, 0x00, 0x00, 0x00, 0x00, 0x00,
  0x00, 0x00, 0x00, 0x00, 0x00, 0x00, 0x00, 0x00, 0x00, 0x00, 0x00, 0x00,
  0x00, 0x00, 0x00, 0x00, 0x00, 0x00, 0x00, 0x00, 0x00, 0x00, 0x00, 0x00,
  0x00, 0x00, 0x00, 0x00, 0x00, 0x00, 0x00, 0x00, 0x00, 0x00, 0x00, 0x00,
  0x00, 0x00, 0x00, 0x00, 0x00, 0x00, 0x00, 0x00, 0x00, 0x00, 0x00, 0x00,
  0x00, 0x00, 0x00, 0x00, 0x00, 0x00, 0x00, 0x00, 0x00, 0x00, 0x00, 0x00,
  0x00, 0x00, 0x00, 0x00, 0x00, 0x00, 0x00, 0x00, 0x00, 0x00, 0x00, 0x00,
  0x00, 0x00, 0x00, 0x00, 0x00, 0x00, 0x00, 0x00, 0x00, 0x00, 0x00, 0x00,
  0x9c, 0x01, 0x00, 0x00, 0x12, 0x00, 0x00, 0x00, 0x00, 0x00, 0x00, 0x00,
  0x00, 0x00, 0x00, 0x00, 0x00, 0x00, 0x00, 0x00, 0x00, 0x00, 0x00, 0x00,
  0x10, 0x00, 0x00, 0x00, 0x20, 0x00, 0x00, 0x00, 0x00, 0x00, 0x00, 0x00,
  0x00, 0x00, 0x00, 0x00, 0x00, 0x00, 0x00, 0x00, 0x00, 0x00, 0x00, 0x00,
  0x5c, 0x01, 0x00, 0x00, 0x12, 0x00, 0x00, 0x00, 0x00, 0x00, 0x00, 0x00,
  0x00, 0x00, 0x00, 0x00, 0x00, 0x00, 0x00, 0x00, 0x00, 0x00, 0x00, 0x00,
  0xd5, 0x00, 0x00, 0x00, 0x12, 0x00, 0x00, 0x00, 0x00, 0x00, 0x00, 0x00,
  0x00, 0x00, 0x00, 0x00, 0x00, 0x00, 0x00, 0x00, 0x00, 0x00, 0x00, 0x00,
  0x01, 0x00, 0x00, 0x00, 0x20, 0x00, 0x00, 0x00, 0x00, 0x00, 0x00, 0x00,
  0x00, 0x00, 0x00, 0x00, 0x00, 0x00, 0x00, 0x00, 0x00, 0x00, 0x00, 0x00,
  0x00, 0x01, 0x00, 0x00, 0x12, 0x00, 0x00, 0x00, 0x00, 0x00, 0x00, 0x00,
  0x00, 0x00, 0x00, 0x00, 0x00, 0x00, 0x00, 0x00, 0x00, 0x00, 0x00, 0x00,
  0xdc, 0x00, 0x00, 0x00, 0x12, 0x00, 0x00, 0x00, 0x00, 0x00, 0x00, 0x00,
  0x00, 0x00, 0x00, 0x00, 0x00, 0x00, 0x00, 0x00, 0x00, 0x00, 0x00, 0x00,
  0xab, 0x01, 0x00, 0x00, 0x12, 0x00, 0x00, 0x00, 0x00, 0x00, 0x00, 0x00,
  0x00, 0x00, 0x00, 0x00, 0x00, 0x00, 0x00, 0x00, 0x00, 0x00, 0x00, 0x00,
  0x84, 0x01, 0x00, 0x00, 0x12, 0x00, 0x00, 0x00, 0x00, 0x00, 0x00, 0x00,
  0x00, 0x00, 0x00, 0x00, 0x00, 0x00, 0x00, 0x00, 0x00, 0x00, 0x00, 0x00,
  0x2c, 0x00, 0x00, 0x00, 0x20, 0x00, 0x00, 0x00, 0x00, 0x00, 0x00, 0x00,
  0x00, 0x00, 0x00, 0x00, 0x00, 0x00, 0x00, 0x00, 0x00, 0x00, 0x00, 0x00,
  0x46, 0x00, 0x00, 0x00, 0x22, 0x00, 0x00, 0x00, 0x00, 0x00, 0x00, 0x00,
  0x00, 0x00, 0x00, 0x00, 0x00, 0x00, 0x00, 0x00, 0x00, 0x00, 0x00, 0x00,
  0x48, 0x02, 0x00, 0x00, 0x12, 0x00, 0x07, 0x00, 0x90, 0x2f, 0x00, 0x00,
  0x00, 0x00, 0x00, 0x00, 0x28, 0x00, 0x00, 0x00, 0x00, 0x00, 0x00, 0x00,
  0x10, 0x02, 0x00, 0x00, 0x12, 0x00, 0x07, 0x00, 0x10, 0x2e, 0x00, 0x00,
  0x00, 0x00, 0x00, 0x00, 0xf1, 0x00, 0x00, 0x00, 0x00, 0x00, 0x00, 0x00,
  0x5b, 0x02, 0x00, 0x00, 0x12, 0x00, 0x07, 0x00, 0xc0, 0x2f, 0x00, 0x00,
  0x00, 0x00, 0x00, 0x00, 0x01, 0x00, 0x00, 0x00, 0x00, 0x00, 0x00, 0x00,
  0x07, 0x01, 0x00, 0x00, 0x12, 0x00, 0x07, 0x00, 0x20, 0x19, 0x00, 0x00,
  0x00, 0x00, 0x00, 0x00, 0x69, 0x00, 0x00, 0x00, 0x00, 0x00, 0x00, 0x00,
  0xc9, 0x01, 0x00, 0x00, 0x12, 0x00, 0x07, 0x00, 0xd0, 0x27, 0x00, 0x00,
  0x00, 0x00, 0x00, 0x00, 0xba, 0x03, 0x00, 0x00, 0x00, 0x00, 0x00, 0x00,
  0x78, 0x00, 0x00, 0x00, 0x12, 0x00, 0x07, 0x00, 0xb0, 0x13, 0x00, 0x00,
  0x00, 0x00, 0x00, 0x00, 0x33, 0x00, 0x00, 0x00, 0x00, 0x00, 0x00, 0x00,
  0x69, 0x01, 0x00, 0x00, 0x12, 0x00, 0x07, 0x00, 0x00, 0x1a, 0x00, 0x00,
  0x00, 0x00, 0x00, 0x00, 0xd4, 0x01, 0x00, 0x00, 0x00, 0x00, 0x00, 0x00,
  0xe9, 0x01, 0x00, 0x00, 0x12, 0x00, 0x07, 0x00, 0x50, 0x27, 0x00, 0x00,
  0x00, 0x00, 0x00, 0x00, 0x06, 0x00, 0x00, 0x00, 0x00, 0x00, 0x00, 0x00,
  0x23, 0x02, 0x00, 0x00, 0x12, 0x00, 0x07, 0x00, 0x20, 0x2f, 0x00, 0x00,
  0x00, 0x00, 0x00, 0x00, 0x33, 0x00, 0x00, 0x00, 0x00, 0x00, 0x00, 0x00,
  0x8f, 0x00, 0x00, 0x00, 0x12, 0x00, 0x07, 0x00, 0xf0, 0x13, 0x00, 0x00,
  0x00, 0x00, 0x00, 0x00, 0x23, 0x00, 0x00, 0x00, 0x00, 0x00, 0x00, 0x00,
  0x4c, 0x01, 0x00, 0x00, 0x12, 0x00, 0x07, 0x00, 0x60, 0x27, 0x00, 0x00,
  0x00, 0x00, 0x00, 0x00, 0x61, 0x00, 0x00, 0x00, 0x00, 0x00, 0x00, 0x00,
  0x36, 0x01, 0x00, 0x00, 0x12, 0x00, 0x07, 0x00, 0xb0, 0x19, 0x00, 0x00,
  0x00, 0x00, 0x00, 0x00, 0x41, 0x00, 0x00, 0x00, 0x00, 0x00, 0x00, 0x00,
  0xdb, 0x01, 0x00, 0x00, 0x12, 0x00, 0x07, 0x00, 0x90, 0x2b, 0x00, 0x00,
  0x00, 0x00, 0x00, 0x00, 0x53, 0x00, 0x00, 0x00, 0x00, 0x00, 0x00, 0x00,
  0xc3, 0x00, 0x00, 0x00, 0x12, 0x00, 0x07, 0x00, 0xf0, 0x2b, 0x00, 0x00,
  0x00, 0x00, 0x00, 0x00, 0x10, 0x01, 0x00, 0x00, 0x00, 0x00, 0x00, 0x00,
  0xe7, 0x00, 0x00, 0x00, 0x12, 0x00, 0x07, 0x00, 0x10, 0x2f, 0x00, 0x00,
  0x00, 0x00, 0x00, 0x00, 0x01, 0x00, 0x00, 0x00, 0x00, 0x00, 0x00, 0x00,
  0x55, 0x00, 0x00, 0x00, 0x12, 0x00, 0x07, 0x00, 0x90, 0x13, 0x00, 0x00,
  0x00, 0x00, 0x00, 0x00, 0x20, 0x00, 0x00, 0x00, 0x00, 0x00, 0x00, 0x00,
  0x35, 0x02, 0x00, 0x00, 0x12, 0x00, 0x07, 0x00, 0x60, 0x2f, 0x00, 0x00,
  0x00, 0x00, 0x00, 0x00, 0x22, 0x00, 0x00, 0x00, 0x00, 0x00, 0x00, 0x00,
  0x1c, 0x01, 0x00, 0x00, 0x12, 0x00, 0x07, 0x00, 0x90, 0x19, 0x00, 0x00,
  0x00, 0x00, 0x00, 0x00, 0x13, 0x00, 0x00, 0x00, 0x00, 0x00, 0x00, 0x00,
  0xac, 0x00, 0x00, 0x00, 0x12, 0x00, 0x07, 0x00, 0x20, 0x14, 0x00, 0x00,
  0x00, 0x00, 0x00, 0x00, 0xf4, 0x04, 0x00, 0x00, 0x00, 0x00, 0x00, 0x00,
  0xfd, 0x01, 0x00, 0x00, 0x12, 0x00, 0x07, 0x00, 0x00, 0x2d, 0x00, 0x00,
  0x00, 0x00, 0x00, 0x00, 0x08, 0x01, 0x00, 0x00, 0x00, 0x00, 0x00, 0x00,
  0x00, 0x5f, 0x5f, 0x67, 0x6d, 0x6f, 0x6e, 0x5f, 0x73, 0x74, 0x61, 0x72,
  0x74, 0x5f, 0x5f, 0x00, 0x5f, 0x49, 0x54, 0x4d, 0x5f, 0x64, 0x65, 0x72,
  0x65, 0x67, 0x69, 0x73, 0x74, 0x65, 0x72, 0x54, 0x4d, 0x43, 0x6c, 0x6f,
  0x6e, 0x65, 0x54, 0x61, 0x62, 0x6c, 0x65, 0x00, 0x5f, 0x49, 0x54, 0x4d,
  0x5f, 0x72, 0x65, 0x67, 0x69, 0x73, 0x74, 0x65, 0x72, 0x54, 0x4d, 0x43,
  0x6c, 0x6f, 0x6e, 0x65, 0x54, 0x61, 0x62, 0x6c, 0x65, 0x00, 0x5f, 0x5f,
  0x63, 0x78, 0x61, 0x5f, 0x66, 0x69, 0x6e, 0x61, 0x6c, 0x69, 0x7a, 0x65,
  0x00, 0x57, 0x65, 0x62, 0x50, 0x41, 0x6e, 0x69, 0x6d, 0x44, 0x65, 0x63,
  0x6f, 0x64, 0x65, 0x72, 0x4f, 0x70, 0x74, 0x69, 0x6f, 0x6e, 0x73, 0x49,
  0x6e, 0x69, 0x74, 0x49, 0x6e, 0x74, 0x65, 0x72, 0x6e, 0x61, 0x6c, 0x00,
  0x57, 0x65, 0x62, 0x50, 0x41, 0x6e, 0x69, 0x6d, 0x44, 0x65, 0x63, 0x6f,
  0x64, 0x65, 0x72, 0x47, 0x65, 0x74, 0x49, 0x6e, 0x66, 0x6f, 0x00, 0x57,
  0x65, 0x62, 0x50, 0x41, 0x6e, 0x69, 0x6d, 0x44, 0x65, 0x63, 0x6f, 0x64,
  0x65, 0x72, 0x48, 0x61, 0x73, 0x4d, 0x6f, 0x72, 0x65, 0x46, 0x72, 0x61,
  0x6d, 0x65, 0x73, 0x00, 0x57, 0x65, 0x62, 0x50, 0x41, 0x6e, 0x69, 0x6d,
  0x44, 0x65, 0x63, 0x6f, 0x64, 0x65, 0x72, 0x47, 0x65, 0x74, 0x4e, 0x65,
  0x78, 0x74, 0x00, 0x57, 0x65, 0x62, 0x50, 0x44, 0x65, 0x6d, 0x75, 0x78,
  0x47, 0x65, 0x74, 0x46, 0x72, 0x61, 0x6d, 0x65, 0x00, 0x6d, 0x65, 0x6d,
  0x73, 0x65, 0x74, 0x00, 0x57, 0x65, 0x62, 0x50, 0x44, 0x65, 0x63, 0x6f,
  0x64, 0x65, 0x00, 0x57, 0x65, 0x62, 0x50, 0x44, 0x65, 0x6d, 0x75, 0x78,
  0x52, 0x65, 0x6c, 0x65, 0x61, 0x73, 0x65, 0x49, 0x74, 0x65, 0x72, 0x61,
  0x74, 0x6f, 0x72, 0x00, 0x6d, 0x65, 0x6d, 0x63, 0x70, 0x79, 0x00, 0x57,
  0x65, 0x62, 0x50, 0x41, 0x6e, 0x69, 0x6d, 0x44, 0x65, 0x63, 0x6f, 0x64,
  0x65, 0x72, 0x52, 0x65, 0x73, 0x65, 0x74, 0x00, 0x57, 0x65, 0x62, 0x50,
  0x41, 0x6e, 0x69, 0x6d, 0x44, 0x65, 0x63, 0x6f, 0x64, 0x65, 0x72, 0x47,
  0x65, 0x74, 0x44, 0x65, 0x6d, 0x75, 0x78, 0x65, 0x72, 0x00, 0x57, 0x65,
  0x62, 0x50, 0x41, 0x6e, 0x69, 0x6d, 0x44, 0x65, 0x63, 0x6f, 0x64, 0x65,
  0x72, 0x44, 0x65, 0x6c, 0x65, 0x74, 0x65, 0x00, 0x57, 0x65, 0x62, 0x50,
  0x44, 0x65, 0x6d, 0x75, 0x78, 0x44, 0x65, 0x6c, 0x65, 0x74, 0x65, 0x00,
  0x57, 0x65, 0x62, 0x50, 0x53, 0x61, 0x66, 0x65, 0x46, 0x72, 0x65, 0x65,
  0x00, 0x57, 0x65, 0x62, 0x50, 0x41, 0x6e, 0x69, 0x6d, 0x44, 0x65, 0x63,
  0x6f, 0x64, 0x65, 0x72, 0x4e, 0x65, 0x77, 0x49, 0x6e, 0x74, 0x65, 0x72,
  0x6e, 0x61, 0x6c, 0x00, 0x57, 0x65, 0x62, 0x50, 0x47, 0x65, 0x74, 0x46,
  0x65, 0x61, 0x74, 0x75, 0x72, 0x65, 0x73, 0x49, 0x6e, 0x74, 0x65, 0x72,
  0x6e, 0x61, 0x6c, 0x00, 0x57, 0x65, 0x62, 0x50, 0x53, 0x61, 0x66, 0x65,
  0x43, 0x61, 0x6c, 0x6c, 0x6f, 0x63, 0x00, 0x57, 0x65, 0x62, 0x50, 0x49,
  0x6e, 0x69, 0x74, 0x44, 0x65, 0x63, 0x6f, 0x64, 0x65, 0x72, 0x43, 0x6f,
  0x6e, 0x66, 0x69, 0x67, 0x49, 0x6e, 0x74, 0x65, 0x72, 0x6e, 0x61, 0x6c,
  0x00, 0x57, 0x65, 0x62, 0x50, 0x44, 0x65, 0x6d, 0x75, 0x78, 0x49, 0x6e,
  0x74, 0x65, 0x72, 0x6e, 0x61, 0x6c, 0x00, 0x57, 0x65, 0x62, 0x50, 0x44,
  0x65, 0x6d, 0x75, 0x78, 0x47, 0x65, 0x74, 0x49, 0x00, 0x57, 0x65, 0x62,
  0x50, 0x47, 0x65, 0x74, 0x44, 0x65, 0x6d, 0x75, 0x78, 0x56, 0x65, 0x72,
  0x73, 0x69, 0x6f, 0x6e, 0x00, 0x57, 0x65, 0x62, 0x50, 0x44, 0x65, 0x6d,
  0x75, 0x78, 0x4e, 0x65, 0x78, 0x74, 0x46, 0x72, 0x61, 0x6d, 0x65, 0x00,
  0x57, 0x65, 0x62, 0x50, 0x44, 0x65, 0x6d, 0x75, 0x78, 0x50, 0x72, 0x65,
  0x76, 0x46, 0x72, 0x61, 0x6d, 0x65, 0x00, 0x57, 0x65, 0x62, 0x50, 0x44,
  0x65, 0x6d, 0x75, 0x78, 0x47, 0x65, 0x74, 0x43, 0x68, 0x75, 0x6e, 0x6b,
  0x00, 0x57, 0x65, 0x62, 0x50, 0x44, 0x65, 0x6d, 0x75, 0x78, 0x4e, 0x65,
  0x78, 0x74, 0x43, 0x68, 0x75, 0x6e, 0x6b, 0x00, 0x57, 0x65, 0x62, 0x50,
  0x44, 0x65, 0x6d, 0x75, 0x78, 0x50, 0x72, 0x65, 0x76, 0x43, 0x68, 0x75,
  0x6e, 0x6b, 0x00, 0x57, 0x65, 0x62, 0x50, 0x44, 0x65, 0x6d, 0x75, 0x78,
  0x52, 0x65, 0x6c, 0x65, 0x61, 0x73, 0x65, 0x43, 0x68, 0x75, 0x6e, 0x6b,
  0x49, 0x74, 0x65, 0x72, 0x61, 0x74, 0x6f, 0x72, 0x00, 0x6c, 0x69, 0x62,
  0x77, 0x65, 0x62, 0x70, 0x2e, 0x73, 0x6f, 0x2e, 0x37, 0x00, 0x6c, 0x69,
  0x62, 0x70, 0x74, 0x68, 0x72, 0x65, 0x61, 0x64, 0x2e, 0x73, 0x6f, 0x2e,
  0x30, 0x00, 0x6c, 0x69, 0x62, 0x63, 0x2e, 0x73, 0x6f, 0x2e, 0x36, 0x00,
  0x6c, 0x69, 0x62, 0x77, 0x65, 0x62, 0x70, 0x64, 0x65, 0x6d, 0x75, 0x78,
  0x2e, 0x73, 0x6f, 0x2e, 0x32, 0x00, 0x47, 0x4c, 0x49, 0x42, 0x43, 0x5f,
  0x32, 0x2e, 0x31, 0x34, 0x00, 0x47, 0x4c, 0x49, 0x42, 0x43, 0x5f, 0x32,
  0x2e, 0x32, 0x2e, 0x35, 0x00, 0x6c, 0x69, 0x62, 0x77, 0x65, 0x62, 0x70,
  0x64, 0x65, 0x6d, 0x75, 0x78, 0x2d, 0x64, 0x66, 0x39, 0x62, 0x33, 0x36,
  0x63, 0x37, 0x2e, 0x73, 0x6f, 0x2e, 0x32, 0x2e, 0x30, 0x2e, 0x31, 0x34,
  0x00, 0x6c, 0x69, 0x62, 0x77, 0x65, 0x62, 0x70, 0x2d, 0x38, 0x35, 0x30,
  0x65, 0x32, 0x62, 0x65, 0x63, 0x2e, 0x73, 0x6f, 0x2e, 0x37, 0x2e, 0x31,
  0x2e, 0x38, 0x00, 0x00, 0x00, 0x00, 0x00, 0x00, 0x00
};
unsigned int __libwebpdemux_df9b36c7_so_2_0_14_len = 26121;
