unsigned char ___imagingtk_cpython_311_x86_64_linux_gnu_so[] = {
  0x7f, 0x45, 0x4c, 0x46, 0x02, 0x01, 0x01, 0x00, 0x00, 0x00, 0x00, 0x00,
  0x00, 0x00, 0x00, 0x00, 0x03, 0x00, 0x3e, 0x00, 0x01, 0x00, 0x00, 0x00,
  0x00, 0x00, 0x00, 0x00, 0x00, 0x00, 0x00, 0x00, 0x40, 0x00, 0x00, 0x00,
  0x00, 0x00, 0x00, 0x00, 0xd0, 0xa3, 0x00, 0x00, 0x00, 0x00, 0x00, 0x00,
  0x00, 0x00, 0x00, 0x00, 0x40, 0x00, 0x38, 0x00, 0x09, 0x00, 0x40, 0x00,
  0x24, 0x00, 0x23, 0x00, 0x01, 0x00, 0x00, 0x00, 0x04, 0x00, 0x00, 0x00,
  0x00, 0x00, 0x00, 0x00, 0x00, 0x00, 0x00, 0x00, 0x00, 0x00, 0x00, 0x00,
  0x00, 0x00, 0x00, 0x00, 0x00, 0x00, 0x00, 0x00, 0x00, 0x00, 0x00, 0x00,
  0x88, 0x0a, 0x00, 0x00, 0x00, 0x00, 0x00, 0x00, 0x88, 0x0a, 0x00, 0x00,
  0x00, 0x00, 0x00, 0x00, 0x00, 0x10, 0x00, 0x00, 0x00, 0x00, 0x00, 0x00,
  0x01, 0x00, 0x00, 0x00, 0x05, 0x00, 0x00, 0x00, 0x00, 0x10, 0x00, 0x00,
  0x00, 0x00, 0x00, 0x00, 0x00, 0x10, 0x00, 0x00, 0x00, 0x00, 0x00, 0x00,
  0x00, 0x10, 0x00, 0x00, 0x00, 0x00, 0x00, 0x00, 0x71, 0x09, 0x00, 0x00,
  0x00, 0x00, 0x00, 0x00, 0x71, 0x09, 0x00, 0x00, 0x00, 0x00, 0x00, 0x00,
  0x00, 0x10, 0x00, 0x00, 0x00, 0x00, 0x00, 0x00, 0x01, 0x00, 0x00, 0x00,
  0x04, 0x00, 0x00, 0x00, 0x00, 0x20, 0x00, 0x00, 0x00, 0x00, 0x00, 0x00,
  0x00, 0x20, 0x00, 0x00, 0x00, 0x00, 0x00, 0x00, 0x00, 0x20, 0x00, 0x00,
  0x00, 0x00, 0x00, 0x00, 0xb0, 0x03, 0x00, 0x00, 0x00, 0x00, 0x00, 0x00,
  0xb0, 0x03, 0x00, 0x00, 0x00, 0x00, 0x00, 0x00, 0x00, 0x10, 0x00, 0x00,
  0x00, 0x00, 0x00, 0x00, 0x01, 0x00, 0x00, 0x00, 0x06, 0x00, 0x00, 0x00,
  0xe8, 0x2d, 0x00, 0x00, 0x00, 0x00, 0x00, 0x00, 0xe8, 0x3d, 0x00, 0x00,
  0x00, 0x00, 0x00, 0x00, 0xe8, 0x3d, 0x00, 0x00, 0x00, 0x00, 0x00, 0x00,
  0x98, 0x03, 0x00, 0x00, 0x00, 0x00, 0x00, 0x00, 0xc8, 0x03, 0x00, 0x00,
  0x00, 0x00, 0x00, 0x00, 0x00, 0x10, 0x00, 0x00, 0x00, 0x00, 0x00, 0x00,
  0x02, 0x00, 0x00, 0x00, 0x06, 0x00, 0x00, 0x00, 0x00, 0x2e, 0x00, 0x00,
  0x00, 0x00, 0x00, 0x00, 0x00, 0x3e, 0x00, 0x00, 0x00, 0x00, 0x00, 0x00,
  0x00, 0x3e, 0x00, 0x00, 0x00, 0x00, 0x00, 0x00, 0xd0, 0x01, 0x00, 0x00,
  0x00, 0x00, 0x00, 0x00, 0xd0, 0x01, 0x00, 0x00, 0x00, 0x00, 0x00, 0x00,
  0x08, 0x00, 0x00, 0x00, 0x00, 0x00, 0x00, 0x00, 0x04, 0x00, 0x00, 0x00,
  0x04, 0x00, 0x00, 0x00, 0x38, 0x02, 0x00, 0x00, 0x00, 0x00, 0x00, 0x00,
  0x38, 0x02, 0x00, 0x00, 0x00, 0x00, 0x00, 0x00, 0x38, 0x02, 0x00, 0x00,
  0x00, 0x00, 0x00, 0x00, 0x24, 0x00, 0x00, 0x00, 0x00, 0x00, 0x00, 0x00,
  0x24, 0x00, 0x00, 0x00, 0x00, 0x00, 0x00, 0x00, 0x04, 0x00, 0x00, 0x00,
  0x00, 0x00, 0x00, 0x00, 0x50, 0xe5, 0x74, 0x64, 0x04, 0x00, 0x00, 0x00,
  0x84, 0x21, 0x00, 0x00, 0x00, 0x00, 0x00, 0x00, 0x84, 0x21, 0x00, 0x00,
  0x00, 0x00, 0x00, 0x00, 0x84, 0x21, 0x00, 0x00, 0x00, 0x00, 0x00, 0x00,
  0x54, 0x00, 0x00, 0x00, 0x00, 0x00, 0x00, 0x00, 0x54, 0x00, 0x00, 0x00,
  0x00, 0x00, 0x00, 0x00, 0x04, 0x00, 0x00, 0x00, 0x00, 0x00, 0x00, 0x00,
  0x51, 0xe5, 0x74, 0x64, 0x06, 0x00, 0x00, 0x00, 0x00, 0x00, 0x00, 0x00,
  0x00, 0x00, 0x00, 0x00, 0x00, 0x00, 0x00, 0x00, 0x00, 0x00, 0x00, 0x00,
  0x00, 0x00, 0x00, 0x00, 0x00, 0x00, 0x00, 0x00, 0x00, 0x00, 0x00, 0x00,
  0x00, 0x00, 0x00, 0x00, 0x00, 0x00, 0x00, 0x00, 0x00, 0x00, 0x00, 0x00,
  0x10, 0x00, 0x00, 0x00, 0x00, 0x00, 0x00, 0x00, 0x52, 0xe5, 0x74, 0x64,
  0x04, 0x00, 0x00, 0x00, 0xe8, 0x2d, 0x00, 0x00, 0x00, 0x00, 0x00, 0x00,
  0xe8, 0x3d, 0x00, 0x00, 0x00, 0x00, 0x00, 0x00, 0xe8, 0x3d, 0x00, 0x00,
  0x00, 0x00, 0x00, 0x00, 0x18, 0x02, 0x00, 0x00, 0x00, 0x00, 0x00, 0x00,
  0x18, 0x02, 0x00, 0x00, 0x00, 0x00, 0x00, 0x00, 0x01, 0x00, 0x00, 0x00,
  0x00, 0x00, 0x00, 0x00, 0x04, 0x00, 0x00, 0x00, 0x14, 0x00, 0x00, 0x00,
  0x03, 0x00, 0x00, 0x00, 0x47, 0x4e, 0x55, 0x00, 0x65, 0xd0, 0x25, 0x48,
  0x33, 0x8a, 0xc1, 0x78, 0xed, 0xdb, 0x4b, 0x83, 0xf7, 0x55, 0x26, 0xbf,
  0x70, 0x33, 0x8c, 0xc7, 0x00, 0x00, 0x00, 0x00, 0x03, 0x00, 0x00, 0x00,
  0x17, 0x00, 0x00, 0x00, 0x01, 0x00, 0x00, 0x00, 0x06, 0x00, 0x00, 0x00,
  0x41, 0x10, 0x10, 0x00, 0x88, 0x00, 0x08, 0x0c, 0x00, 0x00, 0x00, 0x00,
  0x17, 0x00, 0x00, 0x00, 0x19, 0x00, 0x00, 0x00, 0xa2, 0x7e, 0x8c, 0xe8,
  0x07, 0x10, 0x7e, 0x7e, 0xd4, 0x99, 0xc4, 0xec, 0x32, 0xe3, 0xcd, 0xbf,
  0xfb, 0xc9, 0xcc, 0x60, 0x00, 0x00, 0x00, 0x00, 0x00, 0x00, 0x00, 0x00,
  0x00, 0x00, 0x00, 0x00, 0x00, 0x00, 0x00, 0x00, 0x00, 0x00, 0x00, 0x00,
  0x00, 0x00, 0x00, 0x00, 0xca, 0x00, 0x00, 0x00, 0x10, 0x00, 0x00, 0x00,
  0x00, 0x00, 0x00, 0x00, 0x00, 0x00, 0x00, 0x00, 0x00, 0x00, 0x00, 0x00,
  0x00, 0x00, 0x00, 0x00, 0x10, 0x00, 0x00, 0x00, 0x20, 0x00, 0x00, 0x00,
  0x00, 0x00, 0x00, 0x00, 0x00, 0x00, 0x00, 0x00, 0x00, 0x00, 0x00, 0x00,
  0x00, 0x00, 0x00, 0x00, 0xf3, 0x00, 0x00, 0x00, 0x10, 0x00, 0x00, 0x00,
  0x00, 0x00, 0x00, 0x00, 0x00, 0x00, 0x00, 0x00, 0x00, 0x00, 0x00, 0x00,
  0x00, 0x00, 0x00, 0x00, 0x3d, 0x01, 0x00, 0x00, 0x10, 0x00, 0x00, 0x00,
  0x00, 0x00, 0x00, 0x00, 0x00, 0x00, 0x00, 0x00, 0x00, 0x00, 0x00, 0x00,
  0x00, 0x00, 0x00, 0x00, 0x87, 0x00, 0x00, 0x00, 0x10, 0x00, 0x00, 0x00,
  0x00, 0x00, 0x00, 0x00, 0x00, 0x00, 0x00, 0x00, 0x00, 0x00, 0x00, 0x00,
  0x00, 0x00, 0x00, 0x00, 0x9a, 0x00, 0x00, 0x00, 0x10, 0x00, 0x00, 0x00,
  0x00, 0x00, 0x00, 0x00, 0x00, 0x00, 0x00, 0x00, 0x00, 0x00, 0x00, 0x00,
  0x00, 0x00, 0x00, 0x00, 0x35, 0x01, 0x00, 0x00, 0x10, 0x00, 0x00, 0x00,
  0x00, 0x00, 0x00, 0x00, 0x00, 0x00, 0x00, 0x00, 0x00, 0x00, 0x00, 0x00,
  0x00, 0x00, 0x00, 0x00, 0x5a, 0x01, 0x00, 0x00, 0x10, 0x00, 0x00, 0x00,
  0x00, 0x00, 0x00, 0x00, 0x00, 0x00, 0x00, 0x00, 0x00, 0x00, 0x00, 0x00,
  0x00, 0x00, 0x00, 0x00, 0x0a, 0x01, 0x00, 0x00, 0x10, 0x00, 0x00, 0x00,
  0x00, 0x00, 0x00, 0x00, 0x00, 0x00, 0x00, 0x00, 0x00, 0x00, 0x00, 0x00,
  0x00, 0x00, 0x00, 0x00, 0xd1, 0x00, 0x00, 0x00, 0x10, 0x00, 0x00, 0x00,
  0x00, 0x00, 0x00, 0x00, 0x00, 0x00, 0x00, 0x00, 0x00, 0x00, 0x00, 0x00,
  0x00, 0x00, 0x00, 0x00, 0x5c, 0x00, 0x00, 0x00, 0x12, 0x00, 0x00, 0x00,
  0x00, 0x00, 0x00, 0x00, 0x00, 0x00, 0x00, 0x00, 0x00, 0x00, 0x00, 0x00,
  0x00, 0x00, 0x00, 0x00, 0x01, 0x00, 0x00, 0x00, 0x20, 0x00, 0x00, 0x00,
  0x00, 0x00, 0x00, 0x00, 0x00, 0x00, 0x00, 0x00, 0x00, 0x00, 0x00, 0x00,
  0x00, 0x00, 0x00, 0x00, 0x55, 0x00, 0x00, 0x00, 0x12, 0x00, 0x00, 0x00,
  0x00, 0x00, 0x00, 0x00, 0x00, 0x00, 0x00, 0x00, 0x00, 0x00, 0x00, 0x00,
  0x00, 0x00, 0x00, 0x00, 0x8c, 0x01, 0x00, 0x00, 0x10, 0x00, 0x00, 0x00,
  0x00, 0x00, 0x00, 0x00, 0x00, 0x00, 0x00, 0x00, 0x00, 0x00, 0x00, 0x00,
  0x00, 0x00, 0x00, 0x00, 0xdd, 0x00, 0x00, 0x00, 0x10, 0x00, 0x00, 0x00,
  0x00, 0x00, 0x00, 0x00, 0x00, 0x00, 0x00, 0x00, 0x00, 0x00, 0x00, 0x00,
  0x00, 0x00, 0x00, 0x00, 0x6b, 0x01, 0x00, 0x00, 0x10, 0x00, 0x00, 0x00,
  0x00, 0x00, 0x00, 0x00, 0x00, 0x00, 0x00, 0x00, 0x00, 0x00, 0x00, 0x00,
  0x00, 0x00, 0x00, 0x00, 0x49, 0x01, 0x00, 0x00, 0x10, 0x00, 0x00, 0x00,
  0x00, 0x00, 0x00, 0x00, 0x00, 0x00, 0x00, 0x00, 0x00, 0x00, 0x00, 0x00,
  0x00, 0x00, 0x00, 0x00, 0x79, 0x00, 0x00, 0x00, 0x10, 0x00, 0x00, 0x00,
  0x00, 0x00, 0x00, 0x00, 0x00, 0x00, 0x00, 0x00, 0x00, 0x00, 0x00, 0x00,
  0x00, 0x00, 0x00, 0x00, 0x81, 0x00, 0x00, 0x00, 0x10, 0x00, 0x00, 0x00,
  0x00, 0x00, 0x00, 0x00, 0x00, 0x00, 0x00, 0x00, 0x00, 0x00, 0x00, 0x00,
  0x00, 0x00, 0x00, 0x00, 0x24, 0x01, 0x00, 0x00, 0x10, 0x00, 0x00, 0x00,
  0x00, 0x00, 0x00, 0x00, 0x00, 0x00, 0x00, 0x00, 0x00, 0x00, 0x00, 0x00,
  0x00, 0x00, 0x00, 0x00, 0x2c, 0x00, 0x00, 0x00, 0x20, 0x00, 0x00, 0x00,
  0x00, 0x00, 0x00, 0x00, 0x00, 0x00, 0x00, 0x00, 0x00, 0x00, 0x00, 0x00,
  0x00, 0x00, 0x00, 0x00, 0x46, 0x00, 0x00, 0x00, 0x22, 0x00, 0x00, 0x00,
  0x00, 0x00, 0x00, 0x00, 0x00, 0x00, 0x00, 0x00, 0x00, 0x00, 0x00, 0x00,
  0x00, 0x00, 0x00, 0x00, 0xb7, 0x00, 0x00, 0x00, 0x12, 0x00, 0x0b, 0x00,
  0x30, 0x17, 0x00, 0x00, 0x00, 0x00, 0x00, 0x00, 0x92, 0x01, 0x00, 0x00,
  0x00, 0x00, 0x00, 0x00, 0xaa, 0x00, 0x00, 0x00, 0x12, 0x00, 0x0b, 0x00,
  0x90, 0x16, 0x00, 0x00, 0x00, 0x00, 0x00, 0x00, 0x97, 0x00, 0x00, 0x00,
  0x00, 0x00, 0x00, 0x00, 0x72, 0x00, 0x00, 0x00, 0x12, 0x00, 0x0b, 0x00,
  0x30, 0x16, 0x00, 0x00, 0x00, 0x00, 0x00, 0x00, 0x51, 0x00, 0x00, 0x00,
  0x00, 0x00, 0x00, 0x00, 0x63, 0x00, 0x00, 0x00, 0x12, 0x00, 0x0b, 0x00,
  0xf0, 0x15, 0x00, 0x00, 0x00, 0x00, 0x00, 0x00, 0x3a, 0x00, 0x00, 0x00,
  0x00, 0x00, 0x00, 0x00, 0x7a, 0x01, 0x00, 0x00, 0x12, 0x00, 0x0b, 0x00,
  0x20, 0x19, 0x00, 0x00, 0x00, 0x00, 0x00, 0x00, 0x44, 0x00, 0x00, 0x00,
  0x00, 0x00, 0x00, 0x00, 0x00, 0x5f, 0x5f, 0x67, 0x6d, 0x6f, 0x6e, 0x5f,
  0x73, 0x74, 0x61, 0x72, 0x74, 0x5f, 0x5f, 0x00, 0x5f, 0x49, 0x54, 0x4d,
  0x5f, 0x64, 0x65, 0x72, 0x65, 0x67, 0x69, 0x73, 0x74, 0x65, 0x72, 0x54,
  0x4d, 0x43, 0x6c, 0x6f, 0x6e, 0x65, 0x54, 0x61, 0x62, 0x6c, 0x65, 0x00,
  0x5f, 0x49, 0x54, 0x4d, 0x5f, 0x72, 0x65, 0x67, 0x69, 0x73, 0x74, 0x65,
  0x72, 0x54, 0x4d, 0x43, 0x6c, 0x6f, 0x6e, 0x65, 0x54, 0x61, 0x62, 0x6c,
  0x65, 0x00, 0x5f, 0x5f, 0x63, 0x78, 0x61, 0x5f, 0x66, 0x69, 0x6e, 0x61,
  0x6c, 0x69, 0x7a, 0x65, 0x00, 0x73, 0x74, 0x72, 0x74, 0x6f, 0x6c, 0x00,
  0x73, 0x74, 0x72, 0x63, 0x6d, 0x70, 0x00, 0x54, 0x6b, 0x49, 0x6d, 0x61,
  0x67, 0x69, 0x6e, 0x67, 0x5f, 0x49, 0x6e, 0x69, 0x74, 0x00, 0x5f, 0x64,
  0x66, 0x75, 0x6e, 0x63, 0x00, 0x64, 0x6c, 0x65, 0x72, 0x72, 0x6f, 0x72,
  0x00, 0x64, 0x6c, 0x73, 0x79, 0x6d, 0x00, 0x50, 0x79, 0x45, 0x78, 0x63,
  0x5f, 0x52, 0x75, 0x6e, 0x74, 0x69, 0x6d, 0x65, 0x45, 0x72, 0x72, 0x6f,
  0x72, 0x00, 0x50, 0x79, 0x45, 0x72, 0x72, 0x5f, 0x53, 0x65, 0x74, 0x53,
  0x74, 0x72, 0x69, 0x6e, 0x67, 0x00, 0x5f, 0x66, 0x75, 0x6e, 0x63, 0x5f,
  0x6c, 0x6f, 0x61, 0x64, 0x65, 0x72, 0x00, 0x6c, 0x6f, 0x61, 0x64, 0x5f,
  0x74, 0x6b, 0x69, 0x6e, 0x74, 0x65, 0x72, 0x5f, 0x66, 0x75, 0x6e, 0x63,
  0x73, 0x00, 0x64, 0x6c, 0x6f, 0x70, 0x65, 0x6e, 0x00, 0x50, 0x79, 0x45,
  0x72, 0x72, 0x5f, 0x43, 0x6c, 0x65, 0x61, 0x72, 0x00, 0x50, 0x79, 0x49,
  0x6d, 0x70, 0x6f, 0x72, 0x74, 0x5f, 0x49, 0x6d, 0x70, 0x6f, 0x72, 0x74,
  0x4d, 0x6f, 0x64, 0x75, 0x6c, 0x65, 0x00, 0x50, 0x79, 0x4f, 0x62, 0x6a,
  0x65, 0x63, 0x74, 0x5f, 0x47, 0x65, 0x74, 0x41, 0x74, 0x74, 0x72, 0x53,
  0x74, 0x72, 0x69, 0x6e, 0x67, 0x00, 0x50, 0x79, 0x55, 0x6e, 0x69, 0x63,
  0x6f, 0x64, 0x65, 0x5f, 0x45, 0x6e, 0x63, 0x6f, 0x64, 0x65, 0x46, 0x53,
  0x44, 0x65, 0x66, 0x61, 0x75, 0x6c, 0x74, 0x00, 0x50, 0x79, 0x42, 0x79,
  0x74, 0x65, 0x73, 0x5f, 0x41, 0x73, 0x53, 0x74, 0x72, 0x69, 0x6e, 0x67,
  0x00, 0x64, 0x6c, 0x63, 0x6c, 0x6f, 0x73, 0x65, 0x00, 0x5f, 0x50, 0x79,
  0x5f, 0x44, 0x65, 0x61, 0x6c, 0x6c, 0x6f, 0x63, 0x00, 0x50, 0x79, 0x41,
  0x72, 0x67, 0x5f, 0x50, 0x61, 0x72, 0x73, 0x65, 0x54, 0x75, 0x70, 0x6c,
  0x65, 0x00, 0x50, 0x79, 0x4c, 0x6f, 0x6e, 0x67, 0x5f, 0x41, 0x73, 0x56,
  0x6f, 0x69, 0x64, 0x50, 0x74, 0x72, 0x00, 0x5f, 0x50, 0x79, 0x5f, 0x4e,
  0x6f, 0x6e, 0x65, 0x53, 0x74, 0x72, 0x75, 0x63, 0x74, 0x00, 0x50, 0x79,
  0x49, 0x6e, 0x69, 0x74, 0x5f, 0x5f, 0x69, 0x6d, 0x61, 0x67, 0x69, 0x6e,
  0x67, 0x74, 0x6b, 0x00, 0x50, 0x79, 0x4d, 0x6f, 0x64, 0x75, 0x6c, 0x65,
  0x5f, 0x43, 0x72, 0x65, 0x61, 0x74, 0x65, 0x32, 0x00, 0x6c, 0x69, 0x62,
  0x70, 0x74, 0x68, 0x72, 0x65, 0x61, 0x64, 0x2e, 0x73, 0x6f, 0x2e, 0x30,
  0x00, 0x6c, 0x69, 0x62, 0x63, 0x2e, 0x73, 0x6f, 0x2e, 0x36, 0x00, 0x47,
  0x4c, 0x49, 0x42, 0x43, 0x5f, 0x32, 0x2e, 0x32, 0x2e, 0x35, 0x00, 0x00,
  0x00, 0x00, 0x01, 0x00, 0x01, 0x00, 0x01, 0x00, 0x01, 0x00, 0x01, 0x00,
  0x01, 0x00, 0x01, 0x00, 0x01, 0x00, 0x01, 0x00, 0x01, 0x00, 0x02, 0x00,
  0x01, 0x00, 0x02, 0x00, 0x01, 0x00, 0x01, 0x00, 0x01, 0x00, 0x01, 0x00,
  0x01, 0x00, 0x01, 0x00, 0x01, 0x00, 0x01, 0x00, 0x02, 0x00, 0x01, 0x00,
  0x01, 0x00, 0x01, 0x00, 0x01, 0x00, 0x01, 0x00, 0x00, 0x00, 0x00, 0x00,
  0x01, 0x00, 0x01, 0x00, 0xad, 0x01, 0x00, 0x00, 0x10, 0x00, 0x00, 0x00,
  0x00, 0x00, 0x00, 0x00, 0x75, 0x1a, 0x69, 0x09, 0x00, 0x00, 0x02, 0x00,
  0xb7, 0x01, 0x00, 0x00, 0x00, 0x00, 0x00, 0x00, 0xe8, 0x3d, 0x00, 0x00,
  0x00, 0x00, 0x00, 0x00, 0x08, 0x00, 0x00, 0x00, 0x00, 0x00, 0x00, 0x00,
  0x30, 0x12, 0x00, 0x00, 0x00, 0x00, 0x00, 0x00, 0xf0, 0x3d, 0x00, 0x00,
  0x00, 0x00, 0x00, 0x00, 0x08, 0x00, 0x00, 0x00, 0x00, 0x00, 0x00, 0x00,
  0xf0, 0x11, 0x00, 0x00, 0x00, 0x00, 0x00, 0x00, 0xf8, 0x3d, 0x00, 0x00,
  0x00, 0x00, 0x00, 0x00, 0x08, 0x00, 0x00, 0x00, 0x00, 0x00, 0x00, 0x00,
  0xf8, 0x3d, 0x00, 0x00, 0x00, 0x00, 0x00, 0x00, 0xe8, 0x40, 0x00, 0x00,
  0x00, 0x00, 0x00, 0x00, 0x08, 0x00, 0x00, 0x00, 0x00, 0x00, 0x00, 0x00,
  0x72, 0x21, 0x00, 0x00, 0x00, 0x00, 0x00, 0x00, 0x00, 0x41, 0x00, 0x00,
  0x00, 0x00, 0x00, 0x00, 0x08, 0x00, 0x00, 0x00, 0x00, 0x00, 0x00, 0x00,
  0x40, 0x41, 0x00, 0x00, 0x00, 0x00, 0x00, 0x00, 0x40, 0x41, 0x00, 0x00,
  0x00, 0x00, 0x00, 0x00, 0x08, 0x00, 0x00, 0x00, 0x00, 0x00, 0x00, 0x00,
  0x7d, 0x21, 0x00, 0x00, 0x00, 0x00, 0x00, 0x00, 0x48, 0x41, 0x00, 0x00,
  0x00, 0x00, 0x00, 0x00, 0x08, 0x00, 0x00, 0x00, 0x00, 0x00, 0x00, 0x00,
  0xd0, 0x18, 0x00, 0x00, 0x00, 0x00, 0x00, 0x00, 0xd0, 0x3f, 0x00, 0x00,
  0x00, 0x00, 0x00, 0x00, 0x06, 0x00, 0x00, 0x00, 0x02, 0x00, 0x00, 0x00,
  0x00, 0x00, 0x00, 0x00, 0x00, 0x00, 0x00, 0x00, 0xd8, 0x3f, 0x00, 0x00,
  0x00, 0x00, 0x00, 0x00, 0x06, 0x00, 0x00, 0x00, 0x05, 0x00, 0x00, 0x00,
  0x00, 0x00, 0x00, 0x00, 0x00, 0x00, 0x00, 0x00, 0xe0, 0x3f, 0x00, 0x00,
  0x00, 0x00, 0x00, 0x00, 0x06, 0x00, 0x00, 0x00, 0x0c, 0x00, 0x00, 0x00,
  0x00, 0x00, 0x00, 0x00, 0x00, 0x00, 0x00, 0x00, 0xe8, 0x3f, 0x00, 0x00,
  0x00, 0x00, 0x00, 0x00, 0x06, 0x00, 0x00, 0x00, 0x10, 0x00, 0x00, 0x00,
  0x00, 0x00, 0x00, 0x00, 0x00, 0x00, 0x00, 0x00, 0xf0, 0x3f, 0x00, 0x00,
  0x00, 0x00, 0x00, 0x00, 0x06, 0x00, 0x00, 0x00, 0x15, 0x00, 0x00, 0x00,
  0x00, 0x00, 0x00, 0x00, 0x00, 0x00, 0x00, 0x00, 0xf8, 0x3f, 0x00, 0x00,
  0x00, 0x00, 0x00, 0x00, 0x06, 0x00, 0x00, 0x00, 0x16, 0x00, 0x00, 0x00,
  0x00, 0x00, 0x00, 0x00, 0x00, 0x00, 0x00, 0x00, 0x18, 0x40, 0x00, 0x00,
  0x00, 0x00, 0x00, 0x00, 0x07, 0x00, 0x00, 0x00, 0x01, 0x00, 0x00, 0x00,
  0x00, 0x00, 0x00, 0x00, 0x00, 0x00, 0x00, 0x00, 0x20, 0x40, 0x00, 0x00,
  0x00, 0x00, 0x00, 0x00, 0x07, 0x00, 0x00, 0x00, 0x03, 0x00, 0x00, 0x00,
  0x00, 0x00, 0x00, 0x00, 0x00, 0x00, 0x00, 0x00, 0x28, 0x40, 0x00, 0x00,
  0x00, 0x00, 0x00, 0x00, 0x07, 0x00, 0x00, 0x00, 0x04, 0x00, 0x00, 0x00,
  0x00, 0x00, 0x00, 0x00, 0x00, 0x00, 0x00, 0x00, 0x30, 0x40, 0x00, 0x00,
  0x00, 0x00, 0x00, 0x00, 0x07, 0x00, 0x00, 0x00, 0x06, 0x00, 0x00, 0x00,
  0x00, 0x00, 0x00, 0x00, 0x00, 0x00, 0x00, 0x00, 0x38, 0x40, 0x00, 0x00,
  0x00, 0x00, 0x00, 0x00, 0x07, 0x00, 0x00, 0x00, 0x07, 0x00, 0x00, 0x00,
  0x00, 0x00, 0x00, 0x00, 0x00, 0x00, 0x00, 0x00, 0x40, 0x40, 0x00, 0x00,
  0x00, 0x00, 0x00, 0x00, 0x07, 0x00, 0x00, 0x00, 0x17, 0x00, 0x00, 0x00,
  0x00, 0x00, 0x00, 0x00, 0x00, 0x00, 0x00, 0x00, 0x48, 0x40, 0x00, 0x00,
  0x00, 0x00, 0x00, 0x00, 0x07, 0x00, 0x00, 0x00, 0x19, 0x00, 0x00, 0x00,
  0x00, 0x00, 0x00, 0x00, 0x00, 0x00, 0x00, 0x00, 0x50, 0x40, 0x00, 0x00,
  0x00, 0x00, 0x00, 0x00, 0x07, 0x00, 0x00, 0x00, 0x08, 0x00, 0x00, 0x00,
  0x00, 0x00, 0x00, 0x00, 0x00, 0x00, 0x00, 0x00, 0x58, 0x40, 0x00, 0x00,
  0x00, 0x00, 0x00, 0x00, 0x07, 0x00, 0x00, 0x00, 0x09, 0x00, 0x00, 0x00,
  0x00, 0x00, 0x00, 0x00, 0x00, 0x00, 0x00, 0x00, 0x60, 0x40, 0x00, 0x00,
  0x00, 0x00, 0x00, 0x00, 0x07, 0x00, 0x00, 0x00, 0x0a, 0x00, 0x00, 0x00,
  0x00, 0x00, 0x00, 0x00, 0x00, 0x00, 0x00, 0x00, 0x68, 0x40, 0x00, 0x00,
  0x00, 0x00, 0x00, 0x00, 0x07, 0x00, 0x00, 0x00, 0x0b, 0x00, 0x00, 0x00,
  0x00, 0x00, 0x00, 0x00, 0x00, 0x00, 0x00, 0x00, 0x70, 0x40, 0x00, 0x00,
  0x00, 0x00, 0x00, 0x00, 0x07, 0x00, 0x00, 0x00, 0x0d, 0x00, 0x00, 0x00,
  0x00, 0x00, 0x00, 0x00, 0x00, 0x00, 0x00, 0x00, 0x78, 0x40, 0x00, 0x00,
  0x00, 0x00, 0x00, 0x00, 0x07, 0x00, 0x00, 0x00, 0x0e, 0x00, 0x00, 0x00,
  0x00, 0x00, 0x00, 0x00, 0x00, 0x00, 0x00, 0x00, 0x80, 0x40, 0x00, 0x00,
  0x00, 0x00, 0x00, 0x00, 0x07, 0x00, 0x00, 0x00, 0x0f, 0x00, 0x00, 0x00,
  0x00, 0x00, 0x00, 0x00, 0x00, 0x00, 0x00, 0x00, 0x88, 0x40, 0x00, 0x00,
  0x00, 0x00, 0x00, 0x00, 0x07, 0x00, 0x00, 0x00, 0x11, 0x00, 0x00, 0x00,
  0x00, 0x00, 0x00, 0x00, 0x00, 0x00, 0x00, 0x00, 0x90, 0x40, 0x00, 0x00,
  0x00, 0x00, 0x00, 0x00, 0x07, 0x00, 0x00, 0x00, 0x12, 0x00, 0x00, 0x00,
  0x00, 0x00, 0x00, 0x00, 0x00, 0x00, 0x00, 0x00, 0x98, 0x40, 0x00, 0x00,
  0x00, 0x00, 0x00, 0x00, 0x07, 0x00, 0x00, 0x00, 0x13, 0x00, 0x00, 0x00,
  0x00, 0x00, 0x00, 0x00, 0x00, 0x00, 0x00, 0x00, 0xa0, 0x40, 0x00, 0x00,
  0x00, 0x00, 0x00, 0x00, 0x07, 0x00, 0x00, 0x00, 0x1a, 0x00, 0x00, 0x00,
  0x00, 0x00, 0x00, 0x00, 0x00, 0x00, 0x00, 0x00, 0xa8, 0x40, 0x00, 0x00,
  0x00, 0x00, 0x00, 0x00, 0x07, 0x00, 0x00, 0x00, 0x14, 0x00, 0x00, 0x00,
  0x00, 0x00, 0x00, 0x00, 0x00, 0x00, 0x00, 0x00, 0xb0, 0x40, 0x00, 0x00,
  0x00, 0x00, 0x00, 0x00, 0x07, 0x00, 0x00, 0x00, 0x18, 0x00, 0x00, 0x00,
  0x00, 0x00, 0x00, 0x00, 0x00, 0x00, 0x00, 0x00, 0xb8, 0x40, 0x00, 0x00,
  0x00, 0x00, 0x00, 0x00, 0x07, 0x00, 0x00, 0x00, 0x16, 0x00, 0x00, 0x00,
  0x00, 0x00, 0x00, 0x00, 0x00, 0x00, 0x00, 0x00, 0x00, 0x00, 0x00, 0x00,
  0x00, 0x00, 0x00, 0x00, 0x00, 0x00, 0x00, 0x00, 0x00, 0x00, 0x00, 0x00,
  0x00, 0x00, 0x00, 0x00, 0x00, 0x00, 0x00, 0x00, 0x00, 0x00, 0x00, 0x00,
  0x00, 0x00, 0x00, 0x00, 0x00, 0x00, 0x00, 0x00, 0x00, 0x00, 0x00, 0x00,
  0x00, 0x00, 0x00, 0x00, 0x00, 0x00, 0x00, 0x00, 0x00, 0x00, 0x00, 0x00,
  0x00, 0x00, 0x00, 0x00, 0x00, 0x00, 0x00, 0x00, 0x00, 0x00, 0x00, 0x00,
  0x00, 0x00, 0x00, 0x00, 0x00, 0x00, 0x00, 0x00, 0x00, 0x00, 0x00, 0x00,
  0x00, 0x00, 0x00, 0x00, 0x00, 0x00, 0x00, 0x00, 0x00, 0x00, 0x00, 0x00,
  0x00, 0x00, 0x00, 0x00, 0x00, 0x00, 0x00, 0x00, 0x00, 0x00, 0x00, 0x00,
  0x00, 0x00, 0x00, 0x00, 0x00, 0x00, 0x00, 0x00, 0x00, 0x00, 0x00, 0x00,
  0x00, 0x00, 0x00, 0x00, 0x00, 0x00, 0x00, 0x00, 0x00, 0x00, 0x00, 0x00,
  0x00, 0x00, 0x00, 0x00, 0x00, 0x00, 0x00, 0x00, 0x00, 0x00, 0x00, 0x00,
  0x00, 0x00, 0x00, 0x00, 0x00, 0x00, 0x00, 0x00, 0x00, 0x00, 0x00, 0x00,
  0x00, 0x00, 0x00, 0x00, 0x00, 0x00, 0x00, 0x00, 0x00, 0x00, 0x00, 0x00,
  0x00, 0x00, 0x00, 0x00, 0x00, 0x00, 0x00, 0x00, 0x00, 0x00, 0x00, 0x00,
  0x00, 0x00, 0x00, 0x00, 0x00, 0x00, 0x00, 0x00, 0x00, 0x00, 0x00, 0x00,
  0x00, 0x00, 0x00, 0x00, 0x00, 0x00, 0x00, 0x00, 0x00, 0x00, 0x00, 0x00,
  0x00, 0x00, 0x00, 0x00, 0x00, 0x00, 0x00, 0x00, 0x00, 0x00, 0x00, 0x00,
  0x00, 0x00, 0x00, 0x00, 0x00, 0x00, 0x00, 0x00, 0x00, 0x00, 0x00, 0x00,
  0x00, 0x00, 0x00, 0x00, 0x00, 0x00, 0x00, 0x00, 0x00, 0x00, 0x00, 0x00,
  0x00, 0x00, 0x00, 0x00, 0x00, 0x00, 0x00, 0x00, 0x00, 0x00, 0x00, 0x00,
  0x00, 0x00, 0x00, 0x00, 0x00, 0x00, 0x00, 0x00, 0x00, 0x00, 0x00, 0x00,
  0x00, 0x00, 0x00, 0x00, 0x00, 0x00, 0x00, 0x00, 0x00, 0x00, 0x00, 0x00,
  0x00, 0x00, 0x00, 0x00, 0x00, 0x00, 0x00, 0x00, 0x00, 0x00, 0x00, 0x00,
  0x00, 0x00, 0x00, 0x00, 0x00, 0x00, 0x00, 0x00, 0x00, 0x00, 0x00, 0x00,
  0x00, 0x00, 0x00, 0x00, 0x00, 0x00, 0x00, 0x00, 0x00, 0x00, 0x00, 0x00,
  0x00, 0x00, 0x00, 0x00, 0x00, 0x00, 0x00, 0x00, 0x00, 0x00, 0x00, 0x00,
  0x00, 0x00, 0x00, 0x00, 0x00, 0x00, 0x00, 0x00, 0x00, 0x00, 0x00, 0x00,
  0x00, 0x00, 0x00, 0x00, 0x00, 0x00, 0x00, 0x00, 0x00, 0x00, 0x00, 0x00,
  0x00, 0x00, 0x00, 0x00, 0x00, 0x00, 0x00, 0x00, 0x00, 0x00, 0x00, 0x00,
  0x00, 0x00, 0x00, 0x00, 0x00, 0x00, 0x00, 0x00, 0x00, 0x00, 0x00, 0x00,
  0x00, 0x00, 0x00, 0x00, 0x00, 0x00, 0x00, 0x00, 0x00, 0x00, 0x00, 0x00,
  0x00, 0x00, 0x00, 0x00, 0x00, 0x00, 0x00, 0x00, 0x00, 0x00, 0x00, 0x00,
  0x00, 0x00, 0x00, 0x00, 0x00, 0x00, 0x00, 0x00, 0x00, 0x00, 0x00, 0x00,
  0x00, 0x00, 0x00, 0x00, 0x00, 0x00, 0x00, 0x00, 0x00, 0x00, 0x00, 0x00,
  0x00, 0x00, 0x00, 0x00, 0x00, 0x00, 0x00, 0x00, 0x00, 0x00, 0x00, 0x00,
  0x00, 0x00, 0x00, 0x00, 0x00, 0x00, 0x00, 0x00, 0x00, 0x00, 0x00, 0x00,
  0x00, 0x00, 0x00, 0x00, 0x00, 0x00, 0x00, 0x00, 0x00, 0x00, 0x00, 0x00,
  0x00, 0x00, 0x00, 0x00, 0x00, 0x00, 0x00, 0x00, 0x00, 0x00, 0x00, 0x00,
  0x00, 0x00, 0x00, 0x00, 0x00, 0x00, 0x00, 0x00, 0x00, 0x00, 0x00, 0x00,
  0x00, 0x00, 0x00, 0x00, 0x00, 0x00, 0x00, 0x00, 0x00, 0x00, 0x00, 0x00,
  0x00, 0x00, 0x00, 0x00, 0x00, 0x00, 0x00, 0x00, 0x00, 0x00, 0x00, 0x00,
  0x00, 0x00, 0x00, 0x00, 0x00, 0x00, 0x00, 0x00, 0x00, 0x00, 0x00, 0x00,
  0x00, 0x00, 0x00, 0x00, 0x00, 0x00, 0x00, 0x00, 0x00, 0x00, 0x00, 0x00,
  0x00, 0x00, 0x00, 0x00, 0x00, 0x00, 0x00, 0x00, 0x00, 0x00, 0x00, 0x00,
  0x00, 0x00, 0x00, 0x00, 0x00, 0x00, 0x00, 0x00, 0x00, 0x00, 0x00, 0x00,
  0x00, 0x00, 0x00, 0x00, 0x00, 0x00, 0x00, 0x00, 0x00, 0x00, 0x00, 0x00,
  0x00, 0x00, 0x00, 0x00, 0x00, 0x00, 0x00, 0x00, 0x00, 0x00, 0x00, 0x00,
  0x00, 0x00, 0x00, 0x00, 0x00, 0x00, 0x00, 0x00, 0x00, 0x00, 0x00, 0x00,
  0x00, 0x00, 0x00, 0x00, 0x00, 0x00, 0x00, 0x00, 0x00, 0x00, 0x00, 0x00,
  0x00, 0x00, 0x00, 0x00, 0x00, 0x00, 0x00, 0x00, 0x00, 0x00, 0x00, 0x00,
  0x00, 0x00, 0x00, 0x00, 0x00, 0x00, 0x00, 0x00, 0x00, 0x00, 0x00, 0x00,
  0x00, 0x00, 0x00, 0x00, 0x00, 0x00, 0x00, 0x00, 0x00, 0x00, 0x00, 0x00,
  0x00, 0x00, 0x00, 0x00, 0x00, 0x00, 0x00, 0x00, 0x00, 0x00, 0x00, 0x00,
  0x00, 0x00, 0x00, 0x00, 0x00, 0x00, 0x00, 0x00, 0x00, 0x00, 0x00, 0x00,
  0x00, 0x00, 0x00, 0x00, 0x00, 0x00, 0x00, 0x00, 0x00, 0x00, 0x00, 0x00,
  0x00, 0x00, 0x00, 0x00, 0x00, 0x00, 0x00, 0x00, 0x00, 0x00, 0x00, 0x00,
  0x00, 0x00, 0x00, 0x00, 0x00, 0x00, 0x00, 0x00, 0x00, 0x00, 0x00, 0x00,
  0x00, 0x00, 0x00, 0x00, 0x00, 0x00, 0x00, 0x00, 0x00, 0x00, 0x00, 0x00,
  0x00, 0x00, 0x00, 0x00, 0x00, 0x00, 0x00, 0x00, 0x00, 0x00, 0x00, 0x00,
  0x00, 0x00, 0x00, 0x00, 0x00, 0x00, 0x00, 0x00, 0x00, 0x00, 0x00, 0x00,
  0x00, 0x00, 0x00, 0x00, 0x00, 0x00, 0x00, 0x00, 0x00, 0x00, 0x00, 0x00,
  0x00, 0x00, 0x00, 0x00, 0x00, 0x00, 0x00, 0x00, 0x00, 0x00, 0x00, 0x00,
  0x00, 0x00, 0x00, 0x00, 0x00, 0x00, 0x00, 0x00, 0x00, 0x00, 0x00, 0x00,
  0x00, 0x00, 0x00, 0x00, 0x00, 0x00, 0x00, 0x00, 0x00, 0x00, 0x00, 0x00,
  0x00, 0x00, 0x00, 0x00, 0x00, 0x00, 0x00, 0x00, 0x00, 0x00, 0x00, 0x00,
  0x00, 0x00, 0x00, 0x00, 0x00, 0x00, 0x00, 0x00, 0x00, 0x00, 0x00, 0x00,
  0x00, 0x00, 0x00, 0x00, 0x00, 0x00, 0x00, 0x00, 0x00, 0x00, 0x00, 0x00,
  0x00, 0x00, 0x00, 0x00, 0x00, 0x00, 0x00, 0x00, 0x00, 0x00, 0x00, 0x00,
  0x00, 0x00, 0x00, 0x00, 0x00, 0x00, 0x00, 0x00, 0x00, 0x00, 0x00, 0x00,
  0x00, 0x00, 0x00, 0x00, 0x00, 0x00, 0x00, 0x00, 0x00, 0x00, 0x00, 0x00,
  0x00, 0x00, 0x00, 0x00, 0x00, 0x00, 0x00, 0x00, 0x00, 0x00, 0x00, 0x00,
  0x00, 0x00, 0x00, 0x00, 0x00, 0x00, 0x00, 0x00, 0x00, 0x00, 0x00, 0x00,
  0x00, 0x00, 0x00, 0x00, 0x00, 0x00, 0x00, 0x00, 0x00, 0x00, 0x00, 0x00,
  0x00, 0x00, 0x00, 0x00, 0x00, 0x00, 0x00, 0x00, 0x00, 0x00, 0x00, 0x00,
  0x00, 0x00, 0x00, 0x00, 0x00, 0x00, 0x00, 0x00, 0x00, 0x00, 0x00, 0x00,
  0x00, 0x00, 0x00, 0x00, 0x00, 0x00, 0x00, 0x00, 0x00, 0x00, 0x00, 0x00,
  0x00, 0x00, 0x00, 0x00, 0x00, 0x00, 0x00, 0x00, 0x00, 0x00, 0x00, 0x00,
  0x00, 0x00, 0x00, 0x00, 0x00, 0x00, 0x00, 0x00, 0x00, 0x00, 0x00, 0x00,
  0x00, 0x00, 0x00, 0x00, 0x00, 0x00, 0x00, 0x00, 0x00, 0x00, 0x00, 0x00,
  0x00, 0x00, 0x00, 0x00, 0x00, 0x00, 0x00, 0x00, 0x00, 0x00, 0x00, 0x00,
  0x00, 0x00, 0x00, 0x00, 0x00, 0x00, 0x00, 0x00, 0x00, 0x00, 0x00, 0x00,
  0x00, 0x00, 0x00, 0x00, 0x00, 0x00, 0x00, 0x00, 0x00, 0x00, 0x00, 0x00,
  0x00, 0x00, 0x00, 0x00, 0x00, 0x00, 0x00, 0x00, 0x00, 0x00, 0x00, 0x00,
  0x00, 0x00, 0x00, 0x00, 0x00, 0x00, 0x00, 0x00, 0x00, 0x00, 0x00, 0x00,
  0x00, 0x00, 0x00, 0x00, 0x00, 0x00, 0x00, 0x00, 0x00, 0x00, 0x00, 0x00,
  0x00, 0x00, 0x00, 0x00, 0x00, 0x00, 0x00, 0x00, 0x00, 0x00, 0x00, 0x00,
  0x00, 0x00, 0x00, 0x00, 0x00, 0x00, 0x00, 0x00, 0x00, 0x00, 0x00, 0x00,
  0x00, 0x00, 0x00, 0x00, 0x00, 0x00, 0x00, 0x00, 0x00, 0x00, 0x00, 0x00,
  0x00, 0x00, 0x00, 0x00, 0x00, 0x00, 0x00, 0x00, 0x00, 0x00, 0x00, 0x00,
  0x00, 0x00, 0x00, 0x00, 0x00, 0x00, 0x00, 0x00, 0x00, 0x00, 0x00, 0x00,
  0x00, 0x00, 0x00, 0x00, 0x00, 0x00, 0x00, 0x00, 0x00, 0x00, 0x00, 0x00,
  0x00, 0x00, 0x00, 0x00, 0x00, 0x00, 0x00, 0x00, 0x00, 0x00, 0x00, 0x00,
  0x00, 0x00, 0x00, 0x00, 0x00, 0x00, 0x00, 0x00, 0x00, 0x00, 0x00, 0x00,
  0x00, 0x00, 0x00, 0x00, 0x00, 0x00, 0x00, 0x00, 0x00, 0x00, 0x00, 0x00,
  0x00, 0x00, 0x00, 0x00, 0x00, 0x00, 0x00, 0x00, 0x00, 0x00, 0x00, 0x00,
  0x00, 0x00, 0x00, 0x00, 0x00, 0x00, 0x00, 0x00, 0x00, 0x00, 0x00, 0x00,
  0x00, 0x00, 0x00, 0x00, 0x00, 0x00, 0x00, 0x00, 0x00, 0x00, 0x00, 0x00,
  0x00, 0x00, 0x00, 0x00, 0x00, 0x00, 0x00, 0x00, 0x00, 0x00, 0x00, 0x00,
  0x00, 0x00, 0x00, 0x00, 0x00, 0x00, 0x00, 0x00, 0x00, 0x00, 0x00, 0x00,
  0x00, 0x00, 0x00, 0x00, 0x00, 0x00, 0x00, 0x00, 0x00, 0x00, 0x00, 0x00,
  0x00, 0x00, 0x00, 0x00, 0x00, 0x00, 0x00, 0x00, 0x00, 0x00, 0x00, 0x00,
  0x00, 0x00, 0x00, 0x00, 0x00, 0x00, 0x00, 0x00, 0x00, 0x00, 0x00, 0x00,
  0x00, 0x00, 0x00, 0x00, 0x00, 0x00, 0x00, 0x00, 0x00, 0x00, 0x00, 0x00,
  0x00, 0x00, 0x00, 0x00, 0x00, 0x00, 0x00, 0x00, 0x00, 0x00, 0x00, 0x00,
  0x00, 0x00, 0x00, 0x00, 0x00, 0x00, 0x00, 0x00, 0x00, 0x00, 0x00, 0x00,
  0x00, 0x00, 0x00, 0x00, 0x00, 0x00, 0x00, 0x00, 0x00, 0x00, 0x00, 0x00,
  0x00, 0x00, 0x00, 0x00, 0x00, 0x00, 0x00, 0x00, 0x00, 0x00, 0x00, 0x00,
  0x00, 0x00, 0x00, 0x00, 0x00, 0x00, 0x00, 0x00, 0x00, 0x00, 0x00, 0x00,
  0x00, 0x00, 0x00, 0x00, 0x00, 0x00, 0x00, 0x00, 0x00, 0x00, 0x00, 0x00,
  0x00, 0x00, 0x00, 0x00, 0x00, 0x00, 0x00, 0x00, 0x00, 0x00, 0x00, 0x00,
  0x00, 0x00, 0x00, 0x00, 0x00, 0x00, 0x00, 0x00, 0x00, 0x00, 0x00, 0x00,
  0x00, 0x00, 0x00, 0x00, 0x00, 0x00, 0x00, 0x00, 0x00, 0x00, 0x00, 0x00,
  0x00, 0x00, 0x00, 0x00, 0x00, 0x00, 0x00, 0x00, 0x00, 0x00, 0x00, 0x00,
  0x00, 0x00, 0x00, 0x00, 0x00, 0x00, 0x00, 0x00, 0x00, 0x00, 0x00, 0x00,
  0x00, 0x00, 0x00, 0x00, 0x00, 0x00, 0x00, 0x00, 0x00, 0x00, 0x00, 0x00,
  0x00, 0x00, 0x00, 0x00, 0x00, 0x00, 0x00, 0x00, 0x00, 0x00, 0x00, 0x00,
  0x00, 0x00, 0x00, 0x00, 0xf3, 0x0f, 0x1e, 0xfa, 0x48, 0x83, 0xec, 0x08,
  0x48, 0x8b, 0x05, 0xd1, 0x2f, 0x00, 0x00, 0x48, 0x85, 0xc0, 0x74, 0x02,
  0xff, 0xd0, 0x48, 0x83, 0xc4, 0x08, 0xc3, 0x00, 0x00, 0x00, 0x00, 0x00,
  0xff, 0x35, 0xe2, 0x2f, 0x00, 0x00, 0xff, 0x25, 0xe4, 0x2f, 0x00, 0x00,
  0x0f, 0x1f, 0x40, 0x00, 0xff, 0x25, 0xe2, 0x2f, 0x00, 0x00, 0x68, 0x00,
  0x00, 0x00, 0x00, 0xe9, 0xe0, 0xff, 0xff, 0xff, 0xff, 0x25, 0xda, 0x2f,
  0x00, 0x00, 0x68, 0x01, 0x00, 0x00, 0x00, 0xe9, 0xd0, 0xff, 0xff, 0xff,
  0xff, 0x25, 0xd2, 0x2f, 0x00, 0x00, 0x68, 0x02, 0x00, 0x00, 0x00, 0xe9,
  0xc0, 0xff, 0xff, 0xff, 0xff, 0x25, 0xca, 0x2f, 0x00, 0x00, 0x68, 0x03,
  0x00, 0x00, 0x00, 0xe9, 0xb0, 0xff, 0xff, 0xff, 0xff, 0x25, 0xc2, 0x2f,
  0x00, 0x00, 0x68, 0x04, 0x00, 0x00, 0x00, 0xe9, 0xa0, 0xff, 0xff, 0xff,
  0xff, 0x25, 0xba, 0x2f, 0x00, 0x00, 0x68, 0x05, 0x00, 0x00, 0x00, 0xe9,
  0x90, 0xff, 0xff, 0xff, 0xff, 0x25, 0xb2, 0x2f, 0x00, 0x00, 0x68, 0x06,
  0x00, 0x00, 0x00, 0xe9, 0x80, 0xff, 0xff, 0xff, 0xff, 0x25, 0xaa, 0x2f,
  0x00, 0x00, 0x68, 0x07, 0x00, 0x00, 0x00, 0xe9, 0x70, 0xff, 0xff, 0xff,
  0xff, 0x25, 0xa2, 0x2f, 0x00, 0x00, 0x68, 0x08, 0x00, 0x00, 0x00, 0xe9,
  0x60, 0xff, 0xff, 0xff, 0xff, 0x25, 0x9a, 0x2f, 0x00, 0x00, 0x68, 0x09,
  0x00, 0x00, 0x00, 0xe9, 0x50, 0xff, 0xff, 0xff, 0xff, 0x25, 0x92, 0x2f,
  0x00, 0x00, 0x68, 0x0a, 0x00, 0x00, 0x00, 0xe9, 0x40, 0xff, 0xff, 0xff,
  0xff, 0x25, 0x8a, 0x2f, 0x00, 0x00, 0x68, 0x0b, 0x00, 0x00, 0x00, 0xe9,
  0x30, 0xff, 0xff, 0xff, 0xff, 0x25, 0x82, 0x2f, 0x00, 0x00, 0x68, 0x0c,
  0x00, 0x00, 0x00, 0xe9, 0x20, 0xff, 0xff, 0xff, 0xff, 0x25, 0x7a, 0x2f,
  0x00, 0x00, 0x68, 0x0d, 0x00, 0x00, 0x00, 0xe9, 0x10, 0xff, 0xff, 0xff,
  0xff, 0x25, 0x72, 0x2f, 0x00, 0x00, 0x68, 0x0e, 0x00, 0x00, 0x00, 0xe9,
  0x00, 0xff, 0xff, 0xff, 0xff, 0x25, 0x6a, 0x2f, 0x00, 0x00, 0x68, 0x0f,
  0x00, 0x00, 0x00, 0xe9, 0xf0, 0xfe, 0xff, 0xff, 0xff, 0x25, 0x62, 0x2f,
  0x00, 0x00, 0x68, 0x10, 0x00, 0x00, 0x00, 0xe9, 0xe0, 0xfe, 0xff, 0xff,
  0xff, 0x25, 0x5a, 0x2f, 0x00, 0x00, 0x68, 0x11, 0x00, 0x00, 0x00, 0xe9,
  0xd0, 0xfe, 0xff, 0xff, 0xff, 0x25, 0x52, 0x2f, 0x00, 0x00, 0x68, 0x12,
  0x00, 0x00, 0x00, 0xe9, 0xc0, 0xfe, 0xff, 0xff, 0xff, 0x25, 0x4a, 0x2f,
  0x00, 0x00, 0x68, 0x13, 0x00, 0x00, 0x00, 0xe9, 0xb0, 0xfe, 0xff, 0xff,
  0xff, 0x25, 0x42, 0x2f, 0x00, 0x00, 0x68, 0x14, 0x00, 0x00, 0x00, 0xe9,
  0xa0, 0xfe, 0xff, 0xff, 0x48, 0x8d, 0x3d, 0xf9, 0x2f, 0x00, 0x00, 0x48,
  0x8d, 0x05, 0xf2, 0x2f, 0x00, 0x00, 0x48, 0x39, 0xf8, 0x74, 0x15, 0x48,
  0x8b, 0x05, 0x36, 0x2e, 0x00, 0x00, 0x48, 0x85, 0xc0, 0x74, 0x09, 0xff,
  0xe0, 0x0f, 0x1f, 0x80, 0x00, 0x00, 0x00, 0x00, 0xc3, 0x0f, 0x1f, 0x80,
  0x00, 0x00, 0x00, 0x00, 0x48, 0x8d, 0x3d, 0xc9, 0x2f, 0x00, 0x00, 0x48,
  0x8d, 0x35, 0xc2, 0x2f, 0x00, 0x00, 0x48, 0x29, 0xfe, 0x48, 0x89, 0xf0,
  0x48, 0xc1, 0xee, 0x3f, 0x48, 0xc1, 0xf8, 0x03, 0x48, 0x01, 0xc6, 0x48,
  0xd1, 0xfe, 0x74, 0x14, 0x48, 0x8b, 0x05, 0x15, 0x2e, 0x00, 0x00, 0x48,
  0x85, 0xc0, 0x74, 0x08, 0xff, 0xe0, 0x66, 0x0f, 0x1f, 0x44, 0x00, 0x00,
  0xc3, 0x0f, 0x1f, 0x80, 0x00, 0x00, 0x00, 0x00, 0xf3, 0x0f, 0x1e, 0xfa,
  0x80, 0x3d, 0x85, 0x2f, 0x00, 0x00, 0x00, 0x75, 0x2b, 0x55, 0x48, 0x83,
  0x3d, 0xf2, 0x2d, 0x00, 0x00, 0x00, 0x48, 0x89, 0xe5, 0x74, 0x0c, 0x48,
  0x8d, 0x3d, 0xe6, 0x2b, 0x00, 0x00, 0xe8, 0x59, 0xff, 0xff, 0xff, 0xe8,
  0x64, 0xff, 0xff, 0xff, 0xc6, 0x05, 0x5d, 0x2f, 0x00, 0x00, 0x01, 0x5d,
  0xc3, 0x0f, 0x1f, 0x00, 0xc3, 0x0f, 0x1f, 0x80, 0x00, 0x00, 0x00, 0x00,
  0xf3, 0x0f, 0x1e, 0xfa, 0xe9, 0x77, 0xff, 0xff, 0xff, 0x0f, 0x1f, 0x80,
  0x00, 0x00, 0x00, 0x00, 0x41, 0x54, 0x55, 0x48, 0x89, 0xf5, 0x53, 0x48,
  0x89, 0xcb, 0x48, 0x83, 0xec, 0x30, 0x83, 0xfa, 0x03, 0x74, 0x2d, 0x48,
  0x8b, 0x11, 0x45, 0x31, 0xc0, 0x48, 0x8d, 0x0d, 0xa0, 0x0d, 0x00, 0x00,
  0x48, 0x89, 0xef, 0x48, 0x8d, 0x35, 0xaa, 0x0d, 0x00, 0x00, 0x31, 0xc0,
  0xff, 0x15, 0x2e, 0x2f, 0x00, 0x00, 0x48, 0x83, 0xc4, 0x30, 0xb8, 0x01,
  0x00, 0x00, 0x00, 0x5b, 0x5d, 0x41, 0x5c, 0xc3, 0x48, 0x8b, 0x71, 0x08,
  0x48, 0x89, 0xef, 0xff, 0x15, 0x0b, 0x2f, 0x00, 0x00, 0x49, 0x89, 0xc4,
  0x48, 0x85, 0xc0, 0x0f, 0x84, 0x3a, 0x01, 0x00, 0x00, 0x48, 0x8b, 0x7b,
  0x10, 0xba, 0x0a, 0x00, 0x00, 0x00, 0x31, 0xf6, 0xe8, 0x37, 0xfe, 0xff,
  0xff, 0x48, 0x89, 0xc3, 0x48, 0x85, 0xc0, 0x0f, 0x84, 0x37, 0x01, 0x00,
  0x00, 0x48, 0x89, 0xe6, 0x4c, 0x89, 0xe7, 0xff, 0x15, 0xcf, 0x2e, 0x00,
  0x00, 0x8b, 0x4c, 0x24, 0x0c, 0x85, 0xc9, 0x0f, 0x8e, 0xfb, 0x00, 0x00,
  0x00, 0x8b, 0x44, 0x24, 0x10, 0x31, 0xf6, 0x0f, 0x1f, 0x44, 0x00, 0x00,
  0x48, 0x8b, 0x7b, 0x30, 0x48, 0x63, 0xd6, 0x48, 0x8b, 0x3c, 0xd7, 0x85,
  0xc0, 0x0f, 0x8e, 0xd2, 0x00, 0x00, 0x00, 0x8b, 0x4c, 0x24, 0x14, 0x31,
  0xd2, 0xe9, 0xb5, 0x00, 0x00, 0x00, 0x66, 0x2e, 0x0f, 0x1f, 0x84, 0x00,
  0x00, 0x00, 0x00, 0x00, 0x8b, 0x4c, 0x24, 0x18, 0x0f, 0xaf, 0xc6, 0x4c,
  0x8b, 0x04, 0x24, 0x01, 0xd1, 0x01, 0xc8, 0x48, 0x63, 0xc9, 0x48, 0x98,
  0x41, 0x0f, 0xb6, 0x04, 0x00, 0x88, 0x04, 0x0f, 0x8b, 0x4c, 0x24, 0x14,
  0x83, 0xf9, 0x01, 0x7e, 0x7c, 0x8b, 0x44, 0x24, 0x10, 0x8b, 0x4c, 0x24,
  0x1c, 0x4c, 0x8b, 0x04, 0x24, 0x0f, 0xaf, 0xc6, 0x01, 0xc8, 0x01, 0xd1,
  0x01, 0xd0, 0x48, 0x63, 0xc9, 0x48, 0x98, 0x41, 0x0f, 0xb6, 0x04, 0x00,
  0x88, 0x04, 0x0f, 0x8b, 0x4c, 0x24, 0x14, 0x83, 0xf9, 0x02, 0x7e, 0x51,
  0x8b, 0x44, 0x24, 0x10, 0x8b, 0x4c, 0x24, 0x20, 0x4c, 0x8b, 0x04, 0x24,
  0x0f, 0xaf, 0xc6, 0x01, 0xc8, 0x01, 0xd1, 0x01, 0xd0, 0x48, 0x63, 0xc9,
  0x48, 0x98, 0x41, 0x0f, 0xb6, 0x04, 0x00, 0x88, 0x04, 0x0f, 0x8b, 0x4c,
  0x24, 0x14, 0x83, 0xf9, 0x03, 0x7e, 0x26, 0x8b, 0x44, 0x24, 0x10, 0x8b,
  0x4c, 0x24, 0x24, 0x4c, 0x8b, 0x04, 0x24, 0x0f, 0xaf, 0xc6, 0x01, 0xc8,
  0x01, 0xd1, 0x01, 0xd0, 0x48, 0x63, 0xc9, 0x48, 0x98, 0x41, 0x0f, 0xb6,
  0x04, 0x00, 0x88, 0x04, 0x0f, 0x8b, 0x4c, 0x24, 0x14, 0x8b, 0x44, 0x24,
  0x10, 0x01, 0xca, 0x39, 0xc2, 0x7d, 0x0e, 0x85, 0xc9, 0x0f, 0x8f, 0x4d,
  0xff, 0xff, 0xff, 0x01, 0xca, 0x39, 0xc2, 0x7c, 0xfa, 0x8b, 0x4c, 0x24,
  0x0c, 0x83, 0xc6, 0x01, 0x39, 0xce, 0x0f, 0x8c, 0x10, 0xff, 0xff, 0xff,
  0x48, 0x83, 0xc4, 0x30, 0x31, 0xc0, 0x5b, 0x5d, 0x41, 0x5c, 0xc3, 0x31,
  0xd2, 0x48, 0x8d, 0x35, 0x40, 0x0c, 0x00, 0x00, 0x48, 0x89, 0xef, 0x31,
  0xc0, 0xff, 0x15, 0xb9, 0x2d, 0x00, 0x00, 0xe9, 0x86, 0xfe, 0xff, 0xff,
  0x31, 0xd2, 0x48, 0x8d, 0x35, 0x3f, 0x0c, 0x00, 0x00, 0x48, 0x89, 0xef,
  0x31, 0xc0, 0xff, 0x15, 0xa0, 0x2d, 0x00, 0x00, 0xe9, 0x6d, 0xfe, 0xff,
  0xff, 0x66, 0x66, 0x2e, 0x0f, 0x1f, 0x84, 0x00, 0x00, 0x00, 0x00, 0x00,
  0x41, 0x55, 0x41, 0x54, 0x55, 0x48, 0x89, 0xcd, 0x53, 0x48, 0x89, 0xf3,
  0x48, 0x83, 0xec, 0x38, 0x83, 0xfa, 0x03, 0x74, 0x33, 0x48, 0x8b, 0x11,
  0x45, 0x31, 0xc0, 0x48, 0x8d, 0x0d, 0x0b, 0x0c, 0x00, 0x00, 0x48, 0x89,
  0xdf, 0x48, 0x8d, 0x35, 0xd8, 0x0b, 0x00, 0x00, 0x31, 0xc0, 0xff, 0x15,
  0x5c, 0x2d, 0x00, 0x00, 0x48, 0x83, 0xc4, 0x38, 0xb8, 0x01, 0x00, 0x00,
  0x00, 0x5b, 0x5d, 0x41, 0x5c, 0x41, 0x5d, 0xc3, 0x0f, 0x1f, 0x40, 0x00,
  0x48, 0x8b, 0x71, 0x08, 0x48, 0x89, 0xdf, 0xff, 0x15, 0x33, 0x2d, 0x00,
  0x00, 0x49, 0x89, 0xc4, 0x48, 0x85, 0xc0, 0x0f, 0x84, 0xa7, 0x00, 0x00,
  0x00, 0x48, 0x8b, 0x7d, 0x10, 0xba, 0x0a, 0x00, 0x00, 0x00, 0x31, 0xf6,
  0xe8, 0x5f, 0xfc, 0xff, 0xff, 0x48, 0x89, 0xc5, 0x48, 0x85, 0xc0, 0x0f,
  0x84, 0x03, 0x01, 0x00, 0x00, 0x4c, 0x8b, 0x68, 0x40, 0x4d, 0x85, 0xed,
  0x0f, 0x84, 0x16, 0x01, 0x00, 0x00, 0x0f, 0xb6, 0x00, 0x83, 0xf8, 0x31,
  0x0f, 0x85, 0x92, 0x00, 0x00, 0x00, 0x80, 0x7d, 0x01, 0x00, 0x0f, 0x85,
  0x88, 0x00, 0x00, 0x00, 0x66, 0x0f, 0x6f, 0x05, 0x98, 0x0c, 0x00, 0x00,
  0xc7, 0x44, 0x24, 0x24, 0x00, 0x00, 0x00, 0x00, 0x0f, 0x11, 0x44, 0x24,
  0x14, 0xf3, 0x0f, 0x7e, 0x45, 0x14, 0x8b, 0x45, 0x54, 0x4c, 0x89, 0x2c,
  0x24, 0x48, 0x89, 0xe2, 0x4c, 0x89, 0xe6, 0x48, 0x89, 0xdf, 0x45, 0x31,
  0xc0, 0x31, 0xc9, 0x89, 0x44, 0x24, 0x10, 0x66, 0x0f, 0x70, 0xc8, 0xe5,
  0x66, 0x41, 0x0f, 0x7e, 0xc1, 0x66, 0x0f, 0xd6, 0x44, 0x24, 0x08, 0x6a,
  0x01, 0x48, 0x8d, 0x64, 0x24, 0xf8, 0x66, 0x0f, 0x7e, 0x0c, 0x24, 0xff,
  0x15, 0x83, 0x2c, 0x00, 0x00, 0x58, 0x5a, 0x31, 0xc0, 0x48, 0x83, 0xc4,
  0x38, 0x5b, 0x5d, 0x41, 0x5c, 0x41, 0x5d, 0xc3, 0x0f, 0x1f, 0x40, 0x00,
  0x31, 0xd2, 0x48, 0x8d, 0x35, 0x30, 0x0b, 0x00, 0x00, 0x48, 0x89, 0xdf,
  0x31, 0xc0, 0xff, 0x15, 0x74, 0x2c, 0x00, 0x00, 0xe9, 0x13, 0xff, 0xff,
  0xff, 0x0f, 0x1f, 0x80, 0x00, 0x00, 0x00, 0x00, 0x83, 0xf8, 0x4c, 0x75,
  0x13, 0x80, 0x7d, 0x01, 0x00, 0x0f, 0x84, 0x69, 0xff, 0xff, 0xff, 0x66,
  0x0f, 0x1f, 0x84, 0x00, 0x00, 0x00, 0x00, 0x00, 0x80, 0x7d, 0x00, 0x52,
  0x75, 0x7a, 0x80, 0x7d, 0x01, 0x47, 0x75, 0x74, 0x80, 0x7d, 0x02, 0x42,
  0x75, 0x6e, 0x66, 0x0f, 0x6f, 0x05, 0xf6, 0x0b, 0x00, 0x00, 0x48, 0x8d,
  0x35, 0x10, 0x0b, 0x00, 0x00, 0x48, 0x89, 0xef, 0x0f, 0x11, 0x44, 0x24,
  0x14, 0xe8, 0x52, 0xfb, 0xff, 0xff, 0x83, 0xf8, 0x01, 0x19, 0xc0, 0x83,
  0xe0, 0x03, 0x89, 0x44, 0x24, 0x24, 0xe9, 0x36, 0xff, 0xff, 0xff, 0x90,
  0x31, 0xd2, 0x48, 0x8d, 0x35, 0x9b, 0x0a, 0x00, 0x00, 0x48, 0x89, 0xdf,
  0x31, 0xc0, 0xff, 0x15, 0xfc, 0x2b, 0x00, 0x00, 0xe9, 0x9b, 0xfe, 0xff,
  0xff, 0x0f, 0x1f, 0x80, 0x00, 0x00, 0x00, 0x00, 0x31, 0xd2, 0x48, 0x8d,
  0x35, 0xb5, 0x0a, 0x00, 0x00, 0x48, 0x89, 0xdf, 0x31, 0xc0, 0xff, 0x15,
  0xdc, 0x2b, 0x00, 0x00, 0xe9, 0x7b, 0xfe, 0xff, 0xff, 0x0f, 0x1f, 0x80,
  0x00, 0x00, 0x00, 0x00, 0x31, 0xd2, 0x48, 0x8d, 0x35, 0xad, 0x0a, 0x00,
  0x00, 0x48, 0x89, 0xdf, 0x31, 0xc0, 0xff, 0x15, 0xbc, 0x2b, 0x00, 0x00,
  0xe9, 0x5b, 0xfe, 0xff, 0xff, 0x0f, 0x1f, 0x80, 0x00, 0x00, 0x00, 0x00,
  0x53, 0x48, 0x89, 0xfb, 0x45, 0x31, 0xc0, 0x31, 0xc9, 0x48, 0x8d, 0x15,
  0x10, 0xfe, 0xff, 0xff, 0x48, 0x8d, 0x35, 0x88, 0x0a, 0x00, 0x00, 0xff,
  0x15, 0x9b, 0x2b, 0x00, 0x00, 0x48, 0x89, 0xdf, 0x45, 0x31, 0xc0, 0x31,
  0xc9, 0x48, 0x8d, 0x15, 0x24, 0xfc, 0xff, 0xff, 0x48, 0x8d, 0x35, 0x7b,
  0x0a, 0x00, 0x00, 0x5b, 0xff, 0x25, 0x7e, 0x2b, 0x00, 0x00, 0x66, 0x0f,
  0x1f, 0x44, 0x00, 0x00, 0x55, 0x48, 0x89, 0xf5, 0x53, 0x48, 0x89, 0xfb,
  0x48, 0x83, 0xec, 0x08, 0xe8, 0xdf, 0xfa, 0xff, 0xff, 0x48, 0x89, 0xdf,
  0x48, 0x89, 0xee, 0xe8, 0xe4, 0xfa, 0xff, 0xff, 0x48, 0x89, 0xc3, 0x48,
  0x85, 0xc0, 0x74, 0x0c, 0x48, 0x83, 0xc4, 0x08, 0x48, 0x89, 0xd8, 0x5b,
  0x5d, 0xc3, 0x66, 0x90, 0xe8, 0xbb, 0xfa, 0xff, 0xff, 0x48, 0x89, 0xc6,
  0x48, 0x8b, 0x05, 0x69, 0x29, 0x00, 0x00, 0x48, 0x8b, 0x38, 0xe8, 0xe9,
  0xf9, 0xff, 0xff, 0x48, 0x83, 0xc4, 0x08, 0x48, 0x89, 0xd8, 0x5b, 0x5d,
  0xc3, 0x66, 0x66, 0x2e, 0x0f, 0x1f, 0x84, 0x00, 0x00, 0x00, 0x00, 0x00,
  0x0f, 0x1f, 0x40, 0x00, 0x53, 0x48, 0x8d, 0x35, 0x18, 0x0a, 0x00, 0x00,
  0x48, 0x89, 0xfb, 0xe8, 0xf0, 0xf9, 0xff, 0xff, 0x48, 0x89, 0x05, 0x01,
  0x2b, 0x00, 0x00, 0x48, 0x85, 0xc0, 0x74, 0x74, 0x48, 0x8d, 0x35, 0x0f,
  0x0a, 0x00, 0x00, 0x48, 0x89, 0xdf, 0xe8, 0xd5, 0xf9, 0xff, 0xff, 0x48,
  0x89, 0x05, 0xde, 0x2a, 0x00, 0x00, 0x48, 0x85, 0xc0, 0x74, 0x59, 0x48,
  0x8d, 0x35, 0x05, 0x0a, 0x00, 0x00, 0x48, 0x89, 0xdf, 0xe8, 0xba, 0xf9,
  0xff, 0xff, 0x48, 0x89, 0x05, 0xb3, 0x2a, 0x00, 0x00, 0x48, 0x85, 0xc0,
  0x74, 0x3e, 0x48, 0x8d, 0x35, 0xfb, 0x09, 0x00, 0x00, 0x48, 0x89, 0xdf,
  0xe8, 0x9f, 0xf9, 0xff, 0xff, 0x48, 0x89, 0x05, 0xa0, 0x2a, 0x00, 0x00,
  0x48, 0x85, 0xc0, 0x74, 0x23, 0x48, 0x89, 0xdf, 0x48, 0x8d, 0x35, 0xea,
  0x09, 0x00, 0x00, 0xe8, 0x84, 0xf9, 0xff, 0xff, 0x5b, 0x48, 0x85, 0xc0,
  0x48, 0x89, 0x05, 0x71, 0x2a, 0x00, 0x00, 0x0f, 0x94, 0xc0, 0x0f, 0xb6,
  0xc0, 0xc3, 0x66, 0x90, 0xb8, 0x01, 0x00, 0x00, 0x00, 0x5b, 0xc3, 0x66,
  0x0f, 0x1f, 0x84, 0x00, 0x00, 0x00, 0x00, 0x00, 0x41, 0x57, 0x31, 0xff,
  0xbe, 0x01, 0x00, 0x00, 0x00, 0x41, 0x56, 0x41, 0x55, 0x41, 0x54, 0x55,
  0x53, 0x48, 0x83, 0xec, 0x08, 0xe8, 0xe6, 0xf8, 0xff, 0xff, 0x48, 0x89,
  0xc7, 0x48, 0x89, 0xc5, 0xe8, 0x0b, 0xfa, 0xff, 0xff, 0x85, 0xc0, 0x0f,
  0x84, 0xd3, 0x00, 0x00, 0x00, 0xe8, 0x5e, 0xf9, 0xff, 0xff, 0x48, 0x8d,
  0x3d, 0x99, 0x09, 0x00, 0x00, 0xe8, 0x92, 0xf9, 0xff, 0xff, 0x49, 0x89,
  0xc4, 0x48, 0x85, 0xc0, 0x0f, 0x84, 0x96, 0x00, 0x00, 0x00, 0x48, 0x8d,
  0x35, 0x95, 0x09, 0x00, 0x00, 0x48, 0x89, 0xc7, 0xe8, 0xb7, 0xf8, 0xff,
  0xff, 0x49, 0x89, 0xc5, 0x48, 0x85, 0xc0, 0x0f, 0x84, 0xeb, 0x00, 0x00,
  0x00, 0x48, 0x89, 0xc7, 0xe8, 0x13, 0xf9, 0xff, 0xff, 0x49, 0x89, 0xc6,
  0x48, 0x85, 0xc0, 0x0f, 0x84, 0x07, 0x01, 0x00, 0x00, 0x48, 0x89, 0xc7,
  0xe8, 0x9f, 0xf9, 0xff, 0xff, 0x48, 0x89, 0xc7, 0x48, 0x85, 0xc0, 0x0f,
  0x84, 0x99, 0x00, 0x00, 0x00, 0xbe, 0x01, 0x00, 0x00, 0x00, 0xe8, 0x69,
  0xf8, 0xff, 0xff, 0x49, 0x89, 0xc7, 0x48, 0x85, 0xc0, 0x74, 0x71, 0x48,
  0x89, 0xc7, 0xe8, 0x89, 0xf9, 0xff, 0xff, 0x4c, 0x89, 0xff, 0x89, 0xc3,
  0xe8, 0x8f, 0xf8, 0xff, 0xff, 0x48, 0x89, 0xef, 0xe8, 0x87, 0xf8, 0xff,
  0xff, 0x49, 0x83, 0x2c, 0x24, 0x01, 0x0f, 0x84, 0xac, 0x00, 0x00, 0x00,
  0x49, 0x83, 0x6d, 0x00, 0x01, 0x74, 0x75, 0x4d, 0x85, 0xf6, 0x74, 0x1d,
  0x49, 0x83, 0x2e, 0x01, 0x75, 0x17, 0x4c, 0x89, 0xf7, 0xe8, 0x42, 0xf8,
  0xff, 0xff, 0xeb, 0x0d, 0x48, 0x89, 0xef, 0xe8, 0x58, 0xf8, 0xff, 0xff,
  0xbb, 0xff, 0xff, 0xff, 0xff, 0x48, 0x83, 0xc4, 0x08, 0x89, 0xd8, 0x5b,
  0x5d, 0x41, 0x5c, 0x41, 0x5d, 0x41, 0x5e, 0x41, 0x5f, 0xc3, 0x66, 0x90,
  0x48, 0x89, 0xef, 0x89, 0xc3, 0xe8, 0x36, 0xf8, 0xff, 0xff, 0xeb, 0xe1,
  0x0f, 0x1f, 0x40, 0x00, 0x48, 0x8b, 0x05, 0x91, 0x27, 0x00, 0x00, 0x48,
  0x8d, 0x35, 0xda, 0x08, 0x00, 0x00, 0x48, 0x8b, 0x38, 0xe8, 0x0a, 0xf8,
  0xff, 0xff, 0x48, 0x89, 0xef, 0xbb, 0xff, 0xff, 0xff, 0xff, 0xe8, 0x0d,
  0xf8, 0xff, 0xff, 0xe9, 0x81, 0xff, 0xff, 0xff, 0x0f, 0x1f, 0x84, 0x00,
  0x00, 0x00, 0x00, 0x00, 0x4c, 0x89, 0xef, 0xe8, 0xd8, 0xf7, 0xff, 0xff,
  0xe9, 0x7e, 0xff, 0xff, 0xff, 0x0f, 0x1f, 0x00, 0x48, 0x89, 0xef, 0xe8,
  0xe8, 0xf7, 0xff, 0xff, 0x49, 0x83, 0x2c, 0x24, 0x01, 0x75, 0x89, 0x4c,
  0x89, 0xe7, 0xe8, 0xb9, 0xf7, 0xff, 0xff, 0xe9, 0x7c, 0xff, 0xff, 0xff,
  0x0f, 0x1f, 0x40, 0x00, 0x4c, 0x89, 0xe7, 0xe8, 0xa8, 0xf7, 0xff, 0xff,
  0xe9, 0x47, 0xff, 0xff, 0xff, 0x0f, 0x1f, 0x00, 0x48, 0x89, 0xef, 0xbb,
  0xff, 0xff, 0xff, 0xff, 0xe8, 0xb3, 0xf7, 0xff, 0xff, 0xe9, 0x27, 0xff,
  0xff, 0xff, 0x66, 0x2e, 0x0f, 0x1f, 0x84, 0x00, 0x00, 0x00, 0x00, 0x00,
  0x0f, 0x1f, 0x40, 0x00, 0x48, 0x83, 0xec, 0x18, 0x48, 0x89, 0xf7, 0x48,
  0x8d, 0x35, 0x92, 0x08, 0x00, 0x00, 0x31, 0xc0, 0x48, 0x8d, 0x54, 0x24,
  0x08, 0xe8, 0x26, 0xf8, 0xff, 0xff, 0x89, 0xc2, 0x31, 0xc0, 0x85, 0xd2,
  0x74, 0x1d, 0x48, 0x8b, 0x7c, 0x24, 0x08, 0xe8, 0xa4, 0xf7, 0xff, 0xff,
  0x48, 0x89, 0xc7, 0xe8, 0x3c, 0xf8, 0xff, 0xff, 0x48, 0x8b, 0x05, 0xdd,
  0x26, 0x00, 0x00, 0x48, 0x83, 0x00, 0x01, 0x48, 0x83, 0xc4, 0x18, 0xc3,
  0x66, 0x66, 0x2e, 0x0f, 0x1f, 0x84, 0x00, 0x00, 0x00, 0x00, 0x00, 0x90,
  0x53, 0xbe, 0xf5, 0x03, 0x00, 0x00, 0x48, 0x8d, 0x3d, 0x93, 0x27, 0x00,
  0x00, 0xe8, 0xbe, 0xf7, 0xff, 0xff, 0x48, 0x89, 0xc3, 0xe8, 0x46, 0xf7,
  0xff, 0xff, 0x85, 0xc0, 0x75, 0x0a, 0x48, 0x89, 0xd8, 0x5b, 0xc3, 0x0f,
  0x1f, 0x44, 0x00, 0x00, 0x48, 0x83, 0x2b, 0x01, 0x74, 0x0a, 0x31, 0xdb,
  0xeb, 0xec, 0x66, 0x0f, 0x1f, 0x44, 0x00, 0x00, 0x48, 0x89, 0xdf, 0x31,
  0xdb, 0xe8, 0xee, 0xf6, 0xff, 0xff, 0xeb, 0xda, 0xf3, 0x0f, 0x1e, 0xfa,
  0x48, 0x83, 0xec, 0x08, 0x48, 0x83, 0xc4, 0x08, 0xc3, 0x00, 0x00, 0x00,
  0x00, 0x00, 0x00, 0x00, 0x00, 0x00, 0x00, 0x00, 0x00, 0x00, 0x00, 0x00,
  0x00, 0x00, 0x00, 0x00, 0x00, 0x00, 0x00, 0x00, 0x00, 0x00, 0x00, 0x00,
  0x00, 0x00, 0x00, 0x00, 0x00, 0x00, 0x00, 0x00, 0x00, 0x00, 0x00, 0x00,
  0x00, 0x00, 0x00, 0x00, 0x00, 0x00, 0x00, 0x00, 0x00, 0x00, 0x00, 0x00,
  0x00, 0x00, 0x00, 0x00, 0x00, 0x00, 0x00, 0x00, 0x00, 0x00, 0x00, 0x00,
  0x00, 0x00, 0x00, 0x00, 0x00, 0x00, 0x00, 0x00, 0x00, 0x00, 0x00, 0x00,
  0x00, 0x00, 0x00, 0x00, 0x00, 0x00, 0x00, 0x00, 0x00, 0x00, 0x00, 0x00,
  0x00, 0x00, 0x00, 0x00, 0x00, 0x00, 0x00, 0x00, 0x00, 0x00, 0x00, 0x00,
  0x00, 0x00, 0x00, 0x00, 0x00, 0x00, 0x00, 0x00, 0x00, 0x00, 0x00, 0x00,
  0x00, 0x00, 0x00, 0x00, 0x00, 0x00, 0x00, 0x00, 0x00, 0x00, 0x00, 0x00,
  0x00, 0x00, 0x00, 0x00, 0x00, 0x00, 0x00, 0x00, 0x00, 0x00, 0x00, 0x00,
  0x00, 0x00, 0x00, 0x00, 0x00, 0x00, 0x00, 0x00, 0x00, 0x00, 0x00, 0x00,
  0x00, 0x00, 0x00, 0x00, 0x00, 0x00, 0x00, 0x00, 0x00, 0x00, 0x00, 0x00,
  0x00, 0x00, 0x00, 0x00, 0x00, 0x00, 0x00, 0x00, 0x00, 0x00, 0x00, 0x00,
  0x00, 0x00, 0x00, 0x00, 0x00, 0x00, 0x00, 0x00, 0x00, 0x00, 0x00, 0x00,
  0x00, 0x00, 0x00, 0x00, 0x00, 0x00, 0x00, 0x00, 0x00, 0x00, 0x00, 0x00,
  0x00, 0x00, 0x00, 0x00, 0x00, 0x00, 0x00, 0x00, 0x00, 0x00, 0x00, 0x00,
  0x00, 0x00, 0x00, 0x00, 0x00, 0x00, 0x00, 0x00, 0x00, 0x00, 0x00, 0x00,
  0x00, 0x00, 0x00, 0x00, 0x00, 0x00, 0x00, 0x00, 0x00, 0x00, 0x00, 0x00,
  0x00, 0x00, 0x00, 0x00, 0x00, 0x00, 0x00, 0x00, 0x00, 0x00, 0x00, 0x00,
  0x00, 0x00, 0x00, 0x00, 0x00, 0x00, 0x00, 0x00, 0x00, 0x00, 0x00, 0x00,
  0x00, 0x00, 0x00, 0x00, 0x00, 0x00, 0x00, 0x00, 0x00, 0x00, 0x00, 0x00,
  0x00, 0x00, 0x00, 0x00, 0x00, 0x00, 0x00, 0x00, 0x00, 0x00, 0x00, 0x00,
  0x00, 0x00, 0x00, 0x00, 0x00, 0x00, 0x00, 0x00, 0x00, 0x00, 0x00, 0x00,
  0x00, 0x00, 0x00, 0x00, 0x00, 0x00, 0x00, 0x00, 0x00, 0x00, 0x00, 0x00,
  0x00, 0x00, 0x00, 0x00, 0x00, 0x00, 0x00, 0x00, 0x00, 0x00, 0x00, 0x00,
  0x00, 0x00, 0x00, 0x00, 0x00, 0x00, 0x00, 0x00, 0x00, 0x00, 0x00, 0x00,
  0x00, 0x00, 0x00, 0x00, 0x00, 0x00, 0x00, 0x00, 0x00, 0x00, 0x00, 0x00,
  0x00, 0x00, 0x00, 0x00, 0x00, 0x00, 0x00, 0x00, 0x00, 0x00, 0x00, 0x00,
  0x00, 0x00, 0x00, 0x00, 0x00, 0x00, 0x00, 0x00, 0x00, 0x00, 0x00, 0x00,
  0x00, 0x00, 0x00, 0x00, 0x00, 0x00, 0x00, 0x00, 0x00, 0x00, 0x00, 0x00,
  0x00, 0x00, 0x00, 0x00, 0x00, 0x00, 0x00, 0x00, 0x00, 0x00, 0x00, 0x00,
  0x00, 0x00, 0x00, 0x00, 0x00, 0x00, 0x00, 0x00, 0x00, 0x00, 0x00, 0x00,
  0x00, 0x00, 0x00, 0x00, 0x00, 0x00, 0x00, 0x00, 0x00, 0x00, 0x00, 0x00,
  0x00, 0x00, 0x00, 0x00, 0x00, 0x00, 0x00, 0x00, 0x00, 0x00, 0x00, 0x00,
  0x00, 0x00, 0x00, 0x00, 0x00, 0x00, 0x00, 0x00, 0x00, 0x00, 0x00, 0x00,
  0x00, 0x00, 0x00, 0x00, 0x00, 0x00, 0x00, 0x00, 0x00, 0x00, 0x00, 0x00,
  0x00, 0x00, 0x00, 0x00, 0x00, 0x00, 0x00, 0x00, 0x00, 0x00, 0x00, 0x00,
  0x00, 0x00, 0x00, 0x00, 0x00, 0x00, 0x00, 0x00, 0x00, 0x00, 0x00, 0x00,
  0x00, 0x00, 0x00, 0x00, 0x00, 0x00, 0x00, 0x00, 0x00, 0x00, 0x00, 0x00,
  0x00, 0x00, 0x00, 0x00, 0x00, 0x00, 0x00, 0x00, 0x00, 0x00, 0x00, 0x00,
  0x00, 0x00, 0x00, 0x00, 0x00, 0x00, 0x00, 0x00, 0x00, 0x00, 0x00, 0x00,
  0x00, 0x00, 0x00, 0x00, 0x00, 0x00, 0x00, 0x00, 0x00, 0x00, 0x00, 0x00,
  0x00, 0x00, 0x00, 0x00, 0x00, 0x00, 0x00, 0x00, 0x00, 0x00, 0x00, 0x00,
  0x00, 0x00, 0x00, 0x00, 0x00, 0x00, 0x00, 0x00, 0x00, 0x00, 0x00, 0x00,
  0x00, 0x00, 0x00, 0x00, 0x00, 0x00, 0x00, 0x00, 0x00, 0x00, 0x00, 0x00,
  0x00, 0x00, 0x00, 0x00, 0x00, 0x00, 0x00, 0x00, 0x00, 0x00, 0x00, 0x00,
  0x00, 0x00, 0x00, 0x00, 0x00, 0x00, 0x00, 0x00, 0x00, 0x00, 0x00, 0x00,
  0x00, 0x00, 0x00, 0x00, 0x00, 0x00, 0x00, 0x00, 0x00, 0x00, 0x00, 0x00,
  0x00, 0x00, 0x00, 0x00, 0x00, 0x00, 0x00, 0x00, 0x00, 0x00, 0x00, 0x00,
  0x00, 0x00, 0x00, 0x00, 0x00, 0x00, 0x00, 0x00, 0x00, 0x00, 0x00, 0x00,
  0x00, 0x00, 0x00, 0x00, 0x00, 0x00, 0x00, 0x00, 0x00, 0x00, 0x00, 0x00,
  0x00, 0x00, 0x00, 0x00, 0x00, 0x00, 0x00, 0x00, 0x00, 0x00, 0x00, 0x00,
  0x00, 0x00, 0x00, 0x00, 0x00, 0x00, 0x00, 0x00, 0x00, 0x00, 0x00, 0x00,
  0x00, 0x00, 0x00, 0x00, 0x00, 0x00, 0x00, 0x00, 0x00, 0x00, 0x00, 0x00,
  0x00, 0x00, 0x00, 0x00, 0x00, 0x00, 0x00, 0x00, 0x00, 0x00, 0x00, 0x00,
  0x00, 0x00, 0x00, 0x00, 0x00, 0x00, 0x00, 0x00, 0x00, 0x00, 0x00, 0x00,
  0x00, 0x00, 0x00, 0x00, 0x00, 0x00, 0x00, 0x00, 0x00, 0x00, 0x00, 0x00,
  0x00, 0x00, 0x00, 0x00, 0x00, 0x00, 0x00, 0x00, 0x00, 0x00, 0x00, 0x00,
  0x00, 0x00, 0x00, 0x00, 0x00, 0x00, 0x00, 0x00, 0x00, 0x00, 0x00, 0x00,
  0x00, 0x00, 0x00, 0x00, 0x00, 0x00, 0x00, 0x00, 0x00, 0x00, 0x00, 0x00,
  0x00, 0x00, 0x00, 0x00, 0x00, 0x00, 0x00, 0x00, 0x00, 0x00, 0x00, 0x00,
  0x00, 0x00, 0x00, 0x00, 0x00, 0x00, 0x00, 0x00, 0x00, 0x00, 0x00, 0x00,
  0x00, 0x00, 0x00, 0x00, 0x00, 0x00, 0x00, 0x00, 0x00, 0x00, 0x00, 0x00,
  0x00, 0x00, 0x00, 0x00, 0x00, 0x00, 0x00, 0x00, 0x00, 0x00, 0x00, 0x00,
  0x00, 0x00, 0x00, 0x00, 0x00, 0x00, 0x00, 0x00, 0x00, 0x00, 0x00, 0x00,
  0x00, 0x00, 0x00, 0x00, 0x00, 0x00, 0x00, 0x00, 0x00, 0x00, 0x00, 0x00,
  0x00, 0x00, 0x00, 0x00, 0x00, 0x00, 0x00, 0x00, 0x00, 0x00, 0x00, 0x00,
  0x00, 0x00, 0x00, 0x00, 0x00, 0x00, 0x00, 0x00, 0x00, 0x00, 0x00, 0x00,
  0x00, 0x00, 0x00, 0x00, 0x00, 0x00, 0x00, 0x00, 0x00, 0x00, 0x00, 0x00,
  0x00, 0x00, 0x00, 0x00, 0x00, 0x00, 0x00, 0x00, 0x00, 0x00, 0x00, 0x00,
  0x00, 0x00, 0x00, 0x00, 0x00, 0x00, 0x00, 0x00, 0x00, 0x00, 0x00, 0x00,
  0x00, 0x00, 0x00, 0x00, 0x00, 0x00, 0x00, 0x00, 0x00, 0x00, 0x00, 0x00,
  0x00, 0x00, 0x00, 0x00, 0x00, 0x00, 0x00, 0x00, 0x00, 0x00, 0x00, 0x00,
  0x00, 0x00, 0x00, 0x00, 0x00, 0x00, 0x00, 0x00, 0x00, 0x00, 0x00, 0x00,
  0x00, 0x00, 0x00, 0x00, 0x00, 0x00, 0x00, 0x00, 0x00, 0x00, 0x00, 0x00,
  0x00, 0x00, 0x00, 0x00, 0x00, 0x00, 0x00, 0x00, 0x00, 0x00, 0x00, 0x00,
  0x00, 0x00, 0x00, 0x00, 0x00, 0x00, 0x00, 0x00, 0x00, 0x00, 0x00, 0x00,
  0x00, 0x00, 0x00, 0x00, 0x00, 0x00, 0x00, 0x00, 0x00, 0x00, 0x00, 0x00,
  0x00, 0x00, 0x00, 0x00, 0x00, 0x00, 0x00, 0x00, 0x00, 0x00, 0x00, 0x00,
  0x00, 0x00, 0x00, 0x00, 0x00, 0x00, 0x00, 0x00, 0x00, 0x00, 0x00, 0x00,
  0x00, 0x00, 0x00, 0x00, 0x00, 0x00, 0x00, 0x00, 0x00, 0x00, 0x00, 0x00,
  0x00, 0x00, 0x00, 0x00, 0x00, 0x00, 0x00, 0x00, 0x00, 0x00, 0x00, 0x00,
  0x00, 0x00, 0x00, 0x00, 0x00, 0x00, 0x00, 0x00, 0x00, 0x00, 0x00, 0x00,
  0x00, 0x00, 0x00, 0x00, 0x00, 0x00, 0x00, 0x00, 0x00, 0x00, 0x00, 0x00,
  0x00, 0x00, 0x00, 0x00, 0x00, 0x00, 0x00, 0x00, 0x00, 0x00, 0x00, 0x00,
  0x00, 0x00, 0x00, 0x00, 0x00, 0x00, 0x00, 0x00, 0x00, 0x00, 0x00, 0x00,
  0x00, 0x00, 0x00, 0x00, 0x00, 0x00, 0x00, 0x00, 0x00, 0x00, 0x00, 0x00,
  0x00, 0x00, 0x00, 0x00, 0x00, 0x00, 0x00, 0x00, 0x00, 0x00, 0x00, 0x00,
  0x00, 0x00, 0x00, 0x00, 0x00, 0x00, 0x00, 0x00, 0x00, 0x00, 0x00, 0x00,
  0x00, 0x00, 0x00, 0x00, 0x00, 0x00, 0x00, 0x00, 0x00, 0x00, 0x00, 0x00,
  0x00, 0x00, 0x00, 0x00, 0x00, 0x00, 0x00, 0x00, 0x00, 0x00, 0x00, 0x00,
  0x00, 0x00, 0x00, 0x00, 0x00, 0x00, 0x00, 0x00, 0x00, 0x00, 0x00, 0x00,
  0x00, 0x00, 0x00, 0x00, 0x00, 0x00, 0x00, 0x00, 0x00, 0x00, 0x00, 0x00,
  0x00, 0x00, 0x00, 0x00, 0x00, 0x00, 0x00, 0x00, 0x00, 0x00, 0x00, 0x00,
  0x00, 0x00, 0x00, 0x00, 0x00, 0x00, 0x00, 0x00, 0x00, 0x00, 0x00, 0x00,
  0x00, 0x00, 0x00, 0x00, 0x00, 0x00, 0x00, 0x00, 0x00, 0x00, 0x00, 0x00,
  0x00, 0x00, 0x00, 0x00, 0x00, 0x00, 0x00, 0x00, 0x00, 0x00, 0x00, 0x00,
  0x00, 0x00, 0x00, 0x00, 0x00, 0x00, 0x00, 0x00, 0x00, 0x00, 0x00, 0x00,
  0x00, 0x00, 0x00, 0x00, 0x00, 0x00, 0x00, 0x00, 0x00, 0x00, 0x00, 0x00,
  0x00, 0x00, 0x00, 0x00, 0x00, 0x00, 0x00, 0x00, 0x00, 0x00, 0x00, 0x00,
  0x00, 0x00, 0x00, 0x00, 0x00, 0x00, 0x00, 0x00, 0x00, 0x00, 0x00, 0x00,
  0x00, 0x00, 0x00, 0x00, 0x00, 0x00, 0x00, 0x00, 0x00, 0x00, 0x00, 0x00,
  0x00, 0x00, 0x00, 0x00, 0x00, 0x00, 0x00, 0x00, 0x00, 0x00, 0x00, 0x00,
  0x00, 0x00, 0x00, 0x00, 0x00, 0x00, 0x00, 0x00, 0x00, 0x00, 0x00, 0x00,
  0x00, 0x00, 0x00, 0x00, 0x00, 0x00, 0x00, 0x00, 0x00, 0x00, 0x00, 0x00,
  0x00, 0x00, 0x00, 0x00, 0x00, 0x00, 0x00, 0x00, 0x00, 0x00, 0x00, 0x00,
  0x00, 0x00, 0x00, 0x00, 0x00, 0x00, 0x00, 0x00, 0x00, 0x00, 0x00, 0x00,
  0x00, 0x00, 0x00, 0x00, 0x00, 0x00, 0x00, 0x00, 0x00, 0x00, 0x00, 0x00,
  0x00, 0x00, 0x00, 0x00, 0x00, 0x00, 0x00, 0x00, 0x00, 0x00, 0x00, 0x00,
  0x00, 0x00, 0x00, 0x00, 0x00, 0x00, 0x00, 0x00, 0x00, 0x00, 0x00, 0x00,
  0x00, 0x00, 0x00, 0x00, 0x00, 0x00, 0x00, 0x00, 0x00, 0x00, 0x00, 0x00,
  0x00, 0x00, 0x00, 0x00, 0x00, 0x00, 0x00, 0x00, 0x00, 0x00, 0x00, 0x00,
  0x00, 0x00, 0x00, 0x00, 0x00, 0x00, 0x00, 0x00, 0x00, 0x00, 0x00, 0x00,
  0x00, 0x00, 0x00, 0x00, 0x00, 0x00, 0x00, 0x00, 0x00, 0x00, 0x00, 0x00,
  0x00, 0x00, 0x00, 0x00, 0x00, 0x00, 0x00, 0x00, 0x00, 0x00, 0x00, 0x00,
  0x00, 0x00, 0x00, 0x00, 0x00, 0x00, 0x00, 0x00, 0x00, 0x00, 0x00, 0x00,
  0x00, 0x00, 0x00, 0x00, 0x00, 0x00, 0x00, 0x00, 0x00, 0x00, 0x00, 0x00,
  0x00, 0x00, 0x00, 0x00, 0x00, 0x00, 0x00, 0x00, 0x00, 0x00, 0x00, 0x00,
  0x00, 0x00, 0x00, 0x00, 0x00, 0x00, 0x00, 0x00, 0x00, 0x00, 0x00, 0x00,
  0x00, 0x00, 0x00, 0x00, 0x00, 0x00, 0x00, 0x00, 0x00, 0x00, 0x00, 0x00,
  0x00, 0x00, 0x00, 0x00, 0x00, 0x00, 0x00, 0x00, 0x00, 0x00, 0x00, 0x00,
  0x00, 0x00, 0x00, 0x00, 0x00, 0x00, 0x00, 0x00, 0x00, 0x00, 0x00, 0x00,
  0x00, 0x00, 0x00, 0x00, 0x00, 0x00, 0x00, 0x00, 0x00, 0x00, 0x00, 0x00,
  0x00, 0x00, 0x00, 0x00, 0x00, 0x00, 0x00, 0x00, 0x00, 0x00, 0x00, 0x00,
  0x00, 0x00, 0x00, 0x00, 0x00, 0x00, 0x00, 0x00, 0x00, 0x00, 0x00, 0x00,
  0x00, 0x00, 0x00, 0x00, 0x00, 0x00, 0x00, 0x00, 0x00, 0x00, 0x00, 0x00,
  0x00, 0x00, 0x00, 0x00, 0x00, 0x00, 0x00, 0x00, 0x00, 0x00, 0x00, 0x00,
  0x00, 0x00, 0x00, 0x00, 0x00, 0x00, 0x00, 0x00, 0x00, 0x00, 0x00, 0x00,
  0x00, 0x00, 0x00, 0x00, 0x00, 0x00, 0x00, 0x00, 0x00, 0x00, 0x00, 0x00,
  0x00, 0x00, 0x00, 0x00, 0x00, 0x00, 0x00, 0x00, 0x00, 0x00, 0x00, 0x00,
  0x00, 0x00, 0x00, 0x00, 0x00, 0x00, 0x00, 0x00, 0x00, 0x00, 0x00, 0x00,
  0x00, 0x00, 0x00, 0x00, 0x00, 0x00, 0x00, 0x00, 0x00, 0x00, 0x00, 0x00,
  0x00, 0x00, 0x00, 0x00, 0x00, 0x00, 0x00, 0x00, 0x00, 0x00, 0x00, 0x00,
  0x00, 0x00, 0x00, 0x00, 0x00, 0x00, 0x00, 0x00, 0x00, 0x00, 0x00, 0x00,
  0x00, 0x00, 0x00, 0x00, 0x00, 0x00, 0x00, 0x00, 0x00, 0x00, 0x00, 0x00,
  0x00, 0x00, 0x00, 0x00, 0x00, 0x00, 0x00, 0x00, 0x00, 0x00, 0x00, 0x00,
  0x00, 0x00, 0x00, 0x00, 0x00, 0x00, 0x00, 0x00, 0x00, 0x00, 0x00, 0x00,
  0x00, 0x00, 0x00, 0x00, 0x00, 0x00, 0x00, 0x00, 0x00, 0x00, 0x00, 0x00,
  0x00, 0x00, 0x00, 0x00, 0x00, 0x00, 0x00, 0x00, 0x20, 0x73, 0x72, 0x63,
  0x50, 0x68, 0x6f, 0x74, 0x6f, 0x20, 0x64, 0x65, 0x73, 0x74, 0x49, 0x6d,
  0x61, 0x67, 0x65, 0x00, 0x75, 0x73, 0x61, 0x67, 0x65, 0x3a, 0x20, 0x00,
  0x73, 0x6f, 0x75, 0x72, 0x63, 0x65, 0x20, 0x70, 0x68, 0x6f, 0x74, 0x6f,
  0x20, 0x6d, 0x75, 0x73, 0x74, 0x20, 0x65, 0x78, 0x69, 0x73, 0x74, 0x00,
  0x62, 0x61, 0x64, 0x20, 0x6e, 0x61, 0x6d, 0x65, 0x00, 0x20, 0x64, 0x65,
  0x73, 0x74, 0x50, 0x68, 0x6f, 0x74, 0x6f, 0x20, 0x73, 0x72, 0x63, 0x49,
  0x6d, 0x61, 0x67, 0x65, 0x00, 0x64, 0x65, 0x73, 0x74, 0x69, 0x6e, 0x61,
  0x74, 0x69, 0x6f, 0x6e, 0x20, 0x70, 0x68, 0x6f, 0x74, 0x6f, 0x20, 0x6d,
  0x75, 0x73, 0x74, 0x20, 0x65, 0x78, 0x69, 0x73, 0x74, 0x00, 0x62, 0x61,
  0x64, 0x20, 0x64, 0x69, 0x73, 0x70, 0x6c, 0x61, 0x79, 0x20, 0x6d, 0x65,
  0x6d, 0x6f, 0x72, 0x79, 0x00, 0x52, 0x47, 0x42, 0x41, 0x00, 0x42, 0x61,
  0x64, 0x20, 0x6d, 0x6f, 0x64, 0x65, 0x00, 0x50, 0x79, 0x49, 0x6d, 0x61,
  0x67, 0x69, 0x6e, 0x67, 0x50, 0x68, 0x6f, 0x74, 0x6f, 0x00, 0x50, 0x79,
  0x49, 0x6d, 0x61, 0x67, 0x69, 0x6e, 0x67, 0x50, 0x68, 0x6f, 0x74, 0x6f,
  0x47, 0x65, 0x74, 0x00, 0x54, 0x63, 0x6c, 0x5f, 0x43, 0x72, 0x65, 0x61,
  0x74, 0x65, 0x43, 0x6f, 0x6d, 0x6d, 0x61, 0x6e, 0x64, 0x00, 0x54, 0x63,
  0x6c, 0x5f, 0x41, 0x70, 0x70, 0x65, 0x6e, 0x64, 0x52, 0x65, 0x73, 0x75,
  0x6c, 0x74, 0x00, 0x54, 0x6b, 0x5f, 0x50, 0x68, 0x6f, 0x74, 0x6f, 0x47,
  0x65, 0x74, 0x49, 0x6d, 0x61, 0x67, 0x65, 0x00, 0x54, 0x6b, 0x5f, 0x46,
  0x69, 0x6e, 0x64, 0x50, 0x68, 0x6f, 0x74, 0x6f, 0x00, 0x54, 0x6b, 0x5f,
  0x50, 0x68, 0x6f, 0x74, 0x6f, 0x50, 0x75, 0x74, 0x42, 0x6c, 0x6f, 0x63,
  0x6b, 0x00, 0x50, 0x49, 0x4c, 0x2e, 0x5f, 0x74, 0x6b, 0x69, 0x6e, 0x74,
  0x65, 0x72, 0x5f, 0x66, 0x69, 0x6e, 0x64, 0x65, 0x72, 0x00, 0x54, 0x4b,
  0x49, 0x4e, 0x54, 0x45, 0x52, 0x5f, 0x4c, 0x49, 0x42, 0x00, 0x00, 0x00,
  0x00, 0x00, 0x00, 0x00, 0x43, 0x61, 0x6e, 0x6e, 0x6f, 0x74, 0x20, 0x64,
  0x6c, 0x6f, 0x70, 0x65, 0x6e, 0x20, 0x74, 0x6b, 0x69, 0x6e, 0x74, 0x65,
  0x72, 0x20, 0x6d, 0x6f, 0x64, 0x75, 0x6c, 0x65, 0x20, 0x66, 0x69, 0x6c,
  0x65, 0x00, 0x00, 0x00, 0x00, 0x00, 0x00, 0x00, 0x01, 0x00, 0x00, 0x00,
  0x00, 0x00, 0x00, 0x00, 0x00, 0x00, 0x00, 0x00, 0x00, 0x00, 0x00, 0x00,
  0x04, 0x00, 0x00, 0x00, 0x00, 0x00, 0x00, 0x00, 0x01, 0x00, 0x00, 0x00,
  0x02, 0x00, 0x00, 0x00, 0x4f, 0x00, 0x5f, 0x69, 0x6d, 0x61, 0x67, 0x69,
  0x6e, 0x67, 0x74, 0x6b, 0x00, 0x74, 0x6b, 0x69, 0x6e, 0x69, 0x74, 0x00,
  0x01, 0x1b, 0x03, 0x3b, 0x50, 0x00, 0x00, 0x00, 0x09, 0x00, 0x00, 0x00,
  0x9c, 0xee, 0xff, 0xff, 0x6c, 0x00, 0x00, 0x00, 0xbc, 0xf0, 0xff, 0xff,
  0x94, 0x00, 0x00, 0x00, 0x8c, 0xf2, 0xff, 0xff, 0xd8, 0x00, 0x00, 0x00,
  0x6c, 0xf4, 0xff, 0xff, 0x34, 0x01, 0x00, 0x00, 0xac, 0xf4, 0xff, 0xff,
  0x50, 0x01, 0x00, 0x00, 0x0c, 0xf5, 0xff, 0xff, 0x84, 0x01, 0x00, 0x00,
  0xac, 0xf5, 0xff, 0xff, 0xa4, 0x01, 0x00, 0x00, 0x4c, 0xf7, 0xff, 0xff,
  0xf4, 0x01, 0x00, 0x00, 0x9c, 0xf7, 0xff, 0xff, 0x0c, 0x02, 0x00, 0x00,
  0x14, 0x00, 0x00, 0x00, 0x00, 0x00, 0x00, 0x00, 0x01, 0x7a, 0x52, 0x00,
  0x01, 0x78, 0x10, 0x01, 0x1b, 0x0c, 0x07, 0x08, 0x90, 0x01, 0x00, 0x00,
  0x24, 0x00, 0x00, 0x00, 0x1c, 0x00, 0x00, 0x00, 0x28, 0xee, 0xff, 0xff,
  0x60, 0x01, 0x00, 0x00, 0x00, 0x0e, 0x10, 0x46, 0x0e, 0x18, 0x4a, 0x0f,
  0x0b, 0x77, 0x08, 0x80, 0x00, 0x3f, 0x1a, 0x3b, 0x2a, 0x33, 0x24, 0x22,
  0x00, 0x00, 0x00, 0x00, 0x40, 0x00, 0x00, 0x00, 0x44, 0x00, 0x00, 0x00,
  0x20, 0xf0, 0xff, 0xff, 0xc5, 0x01, 0x00, 0x00, 0x00, 0x42, 0x0e, 0x10,
  0x8c, 0x02, 0x41, 0x0e, 0x18, 0x86, 0x03, 0x44, 0x0e, 0x20, 0x83, 0x04,
  0x47, 0x0e, 0x50, 0x68, 0x0a, 0x0e, 0x20, 0x46, 0x0e, 0x18, 0x41, 0x0e,
  0x10, 0x42, 0x0e, 0x08, 0x41, 0x0b, 0x03, 0x4c, 0x01, 0x0a, 0x0e, 0x20,
  0x43, 0x0e, 0x18, 0x41, 0x0e, 0x10, 0x42, 0x0e, 0x08, 0x41, 0x0b, 0x00,
  0x58, 0x00, 0x00, 0x00, 0x88, 0x00, 0x00, 0x00, 0xac, 0xf1, 0xff, 0xff,
  0xd9, 0x01, 0x00, 0x00, 0x00, 0x42, 0x0e, 0x10, 0x8d, 0x02, 0x42, 0x0e,
  0x18, 0x8c, 0x03, 0x41, 0x0e, 0x20, 0x86, 0x04, 0x44, 0x0e, 0x28, 0x83,
  0x05, 0x47, 0x0e, 0x60, 0x68, 0x0a, 0x0e, 0x28, 0x46, 0x0e, 0x20, 0x41,
  0x0e, 0x18, 0x42, 0x0e, 0x10, 0x42, 0x0e, 0x08, 0x45, 0x0b, 0x02, 0x9d,
  0x0e, 0x68, 0x45, 0x0e, 0x70, 0x4c, 0x0e, 0x68, 0x41, 0x0e, 0x60, 0x46,
  0x0a, 0x0e, 0x28, 0x41, 0x0e, 0x20, 0x41, 0x0e, 0x18, 0x42, 0x0e, 0x10,
  0x42, 0x0e, 0x08, 0x45, 0x0b, 0x00, 0x00, 0x00, 0x18, 0x00, 0x00, 0x00,
  0xe4, 0x00, 0x00, 0x00, 0x30, 0xf3, 0xff, 0xff, 0x3a, 0x00, 0x00, 0x00,
  0x00, 0x41, 0x0e, 0x10, 0x83, 0x02, 0x73, 0x0e, 0x08, 0x00, 0x00, 0x00,
  0x30, 0x00, 0x00, 0x00, 0x00, 0x01, 0x00, 0x00, 0x54, 0xf3, 0xff, 0xff,
  0x51, 0x00, 0x00, 0x00, 0x00, 0x41, 0x0e, 0x10, 0x86, 0x02, 0x44, 0x0e,
  0x18, 0x83, 0x03, 0x47, 0x0e, 0x20, 0x5c, 0x0a, 0x0e, 0x18, 0x44, 0x0e,
  0x10, 0x41, 0x0e, 0x08, 0x43, 0x0b, 0x5b, 0x0e, 0x18, 0x44, 0x0e, 0x10,
  0x41, 0x0e, 0x08, 0x00, 0x1c, 0x00, 0x00, 0x00, 0x34, 0x01, 0x00, 0x00,
  0x80, 0xf3, 0xff, 0xff, 0x97, 0x00, 0x00, 0x00, 0x00, 0x41, 0x0e, 0x10,
  0x83, 0x02, 0x02, 0x7c, 0x0a, 0x0e, 0x08, 0x53, 0x0b, 0x46, 0x0e, 0x08,
  0x4c, 0x00, 0x00, 0x00, 0x54, 0x01, 0x00, 0x00, 0x00, 0xf4, 0xff, 0xff,
  0x92, 0x01, 0x00, 0x00, 0x00, 0x42, 0x0e, 0x10, 0x8f, 0x02, 0x49, 0x0e,
  0x18, 0x8e, 0x03, 0x42, 0x0e, 0x20, 0x8d, 0x04, 0x42, 0x0e, 0x28, 0x8c,
  0x05, 0x41, 0x0e, 0x30, 0x86, 0x06, 0x41, 0x0e, 0x38, 0x83, 0x07, 0x44,
  0x0e, 0x40, 0x02, 0xdc, 0x0a, 0x0e, 0x38, 0x43, 0x0e, 0x30, 0x41, 0x0e,
  0x28, 0x42, 0x0e, 0x20, 0x42, 0x0e, 0x18, 0x42, 0x0e, 0x10, 0x42, 0x0e,
  0x08, 0x43, 0x0b, 0x00, 0x00, 0x00, 0x00, 0x00, 0x14, 0x00, 0x00, 0x00,
  0xa4, 0x01, 0x00, 0x00, 0x50, 0xf5, 0xff, 0xff, 0x44, 0x00, 0x00, 0x00,
  0x00, 0x44, 0x0e, 0x20, 0x7f, 0x0e, 0x08, 0x00, 0x18, 0x00, 0x00, 0x00,
  0xbc, 0x01, 0x00, 0x00, 0x88, 0xf5, 0xff, 0xff, 0x44, 0x00, 0x00, 0x00,
  0x00, 0x41, 0x0e, 0x10, 0x83, 0x02, 0x61, 0x0a, 0x0e, 0x08, 0x46, 0x0b,
  0x00, 0x00, 0x00, 0x00, 0x00, 0x00, 0x00, 0x00, 0x00, 0x00, 0x00, 0x00,
  0x00, 0x00, 0x00, 0x00, 0x00, 0x00, 0x00, 0x00, 0x00, 0x00, 0x00, 0x00,
  0x00, 0x00, 0x00, 0x00, 0x00, 0x00, 0x00, 0x00, 0x00, 0x00, 0x00, 0x00,
  0x00, 0x00, 0x00, 0x00, 0x00, 0x00, 0x00, 0x00, 0x00, 0x00, 0x00, 0x00,
  0x00, 0x00, 0x00, 0x00, 0x00, 0x00, 0x00, 0x00, 0x00, 0x00, 0x00, 0x00,
  0x00, 0x00, 0x00, 0x00, 0x00, 0x00, 0x00, 0x00, 0x00, 0x00, 0x00, 0x00,
  0x00, 0x00, 0x00, 0x00, 0x00, 0x00, 0x00, 0x00, 0x00, 0x00, 0x00, 0x00,
  0x00, 0x00, 0x00, 0x00, 0x00, 0x00, 0x00, 0x00, 0x00, 0x00, 0x00, 0x00,
  0x00, 0x00, 0x00, 0x00, 0x00, 0x00, 0x00, 0x00, 0x00, 0x00, 0x00, 0x00,
  0x00, 0x00, 0x00, 0x00, 0x00, 0x00, 0x00, 0x00, 0x00, 0x00, 0x00, 0x00,
  0x00, 0x00, 0x00, 0x00, 0x00, 0x00, 0x00, 0x00, 0x00, 0x00, 0x00, 0x00,
  0x00, 0x00, 0x00, 0x00, 0x00, 0x00, 0x00, 0x00, 0x00, 0x00, 0x00, 0x00,
  0x00, 0x00, 0x00, 0x00, 0x00, 0x00, 0x00, 0x00, 0x00, 0x00, 0x00, 0x00,
  0x00, 0x00, 0x00, 0x00, 0x00, 0x00, 0x00, 0x00, 0x00, 0x00, 0x00, 0x00,
  0x00, 0x00, 0x00, 0x00, 0x00, 0x00, 0x00, 0x00, 0x00, 0x00, 0x00, 0x00,
  0x00, 0x00, 0x00, 0x00, 0x00, 0x00, 0x00, 0x00, 0x00, 0x00, 0x00, 0x00,
  0x00, 0x00, 0x00, 0x00, 0x00, 0x00, 0x00, 0x00, 0x00, 0x00, 0x00, 0x00,
  0x00, 0x00, 0x00, 0x00, 0x00, 0x00, 0x00, 0x00, 0x00, 0x00, 0x00, 0x00,
  0x00, 0x00, 0x00, 0x00, 0x00, 0x00, 0x00, 0x00, 0x00, 0x00, 0x00, 0x00,
  0x00, 0x00, 0x00, 0x00, 0x00, 0x00, 0x00, 0x00, 0x00, 0x00, 0x00, 0x00,
  0x00, 0x00, 0x00, 0x00, 0x00, 0x00, 0x00, 0x00, 0x00, 0x00, 0x00, 0x00,
  0x00, 0x00, 0x00, 0x00, 0x00, 0x00, 0x00, 0x00, 0x00, 0x00, 0x00, 0x00,
  0x00, 0x00, 0x00, 0x00, 0x00, 0x00, 0x00, 0x00, 0x00, 0x00, 0x00, 0x00,
  0x00, 0x00, 0x00, 0x00, 0x00, 0x00, 0x00, 0x00, 0x00, 0x00, 0x00, 0x00,
  0x00, 0x00, 0x00, 0x00, 0x00, 0x00, 0x00, 0x00, 0x00, 0x00, 0x00, 0x00,
  0x00, 0x00, 0x00, 0x00, 0x00, 0x00, 0x00, 0x00, 0x00, 0x00, 0x00, 0x00,
  0x00, 0x00, 0x00, 0x00, 0x00, 0x00, 0x00, 0x00, 0x00, 0x00, 0x00, 0x00,
  0x00, 0x00, 0x00, 0x00, 0x00, 0x00, 0x00, 0x00, 0x00, 0x00, 0x00, 0x00,
  0x00, 0x00, 0x00, 0x00, 0x00, 0x00, 0x00, 0x00, 0x00, 0x00, 0x00, 0x00,
  0x00, 0x00, 0x00, 0x00, 0x00, 0x00, 0x00, 0x00, 0x00, 0x00, 0x00, 0x00,
  0x00, 0x00, 0x00, 0x00, 0x00, 0x00, 0x00, 0x00, 0x00, 0x00, 0x00, 0x00,
  0x00, 0x00, 0x00, 0x00, 0x00, 0x00, 0x00, 0x00, 0x00, 0x00, 0x00, 0x00,
  0x00, 0x00, 0x00, 0x00, 0x00, 0x00, 0x00, 0x00, 0x00, 0x00, 0x00, 0x00,
  0x00, 0x00, 0x00, 0x00, 0x00, 0x00, 0x00, 0x00, 0x00, 0x00, 0x00, 0x00,
  0x00, 0x00, 0x00, 0x00, 0x00, 0x00, 0x00, 0x00, 0x00, 0x00, 0x00, 0x00,
  0x00, 0x00, 0x00, 0x00, 0x00, 0x00, 0x00, 0x00, 0x00, 0x00, 0x00, 0x00,
  0x00, 0x00, 0x00, 0x00, 0x00, 0x00, 0x00, 0x00, 0x00, 0x00, 0x00, 0x00,
  0x00, 0x00, 0x00, 0x00, 0x00, 0x00, 0x00, 0x00, 0x00, 0x00, 0x00, 0x00,
  0x00, 0x00, 0x00, 0x00, 0x00, 0x00, 0x00, 0x00, 0x00, 0x00, 0x00, 0x00,
  0x00, 0x00, 0x00, 0x00, 0x00, 0x00, 0x00, 0x00, 0x00, 0x00, 0x00, 0x00,
  0x00, 0x00, 0x00, 0x00, 0x00, 0x00, 0x00, 0x00, 0x00, 0x00, 0x00, 0x00,
  0x00, 0x00, 0x00, 0x00, 0x00, 0x00, 0x00, 0x00, 0x00, 0x00, 0x00, 0x00,
  0x00, 0x00, 0x00, 0x00, 0x00, 0x00, 0x00, 0x00, 0x00, 0x00, 0x00, 0x00,
  0x00, 0x00, 0x00, 0x00, 0x00, 0x00, 0x00, 0x00, 0x00, 0x00, 0x00, 0x00,
  0x00, 0x00, 0x00, 0x00, 0x00, 0x00, 0x00, 0x00, 0x00, 0x00, 0x00, 0x00,
  0x00, 0x00, 0x00, 0x00, 0x00, 0x00, 0x00, 0x00, 0x00, 0x00, 0x00, 0x00,
  0x00, 0x00, 0x00, 0x00, 0x00, 0x00, 0x00, 0x00, 0x00, 0x00, 0x00, 0x00,
  0x00, 0x00, 0x00, 0x00, 0x00, 0x00, 0x00, 0x00, 0x00, 0x00, 0x00, 0x00,
  0x00, 0x00, 0x00, 0x00, 0x00, 0x00, 0x00, 0x00, 0x00, 0x00, 0x00, 0x00,
  0x00, 0x00, 0x00, 0x00, 0x00, 0x00, 0x00, 0x00, 0x00, 0x00, 0x00, 0x00,
  0x00, 0x00, 0x00, 0x00, 0x00, 0x00, 0x00, 0x00, 0x00, 0x00, 0x00, 0x00,
  0x00, 0x00, 0x00, 0x00, 0x00, 0x00, 0x00, 0x00, 0x00, 0x00, 0x00, 0x00,
  0x00, 0x00, 0x00, 0x00, 0x00, 0x00, 0x00, 0x00, 0x00, 0x00, 0x00, 0x00,
  0x00, 0x00, 0x00, 0x00, 0x00, 0x00, 0x00, 0x00, 0x00, 0x00, 0x00, 0x00,
  0x00, 0x00, 0x00, 0x00, 0x00, 0x00, 0x00, 0x00, 0x00, 0x00, 0x00, 0x00,
  0x00, 0x00, 0x00, 0x00, 0x00, 0x00, 0x00, 0x00, 0x00, 0x00, 0x00, 0x00,
  0x00, 0x00, 0x00, 0x00, 0x00, 0x00, 0x00, 0x00, 0x00, 0x00, 0x00, 0x00,
  0x00, 0x00, 0x00, 0x00, 0x00, 0x00, 0x00, 0x00, 0x00, 0x00, 0x00, 0x00,
  0x00, 0x00, 0x00, 0x00, 0x00, 0x00, 0x00, 0x00, 0x00, 0x00, 0x00, 0x00,
  0x00, 0x00, 0x00, 0x00, 0x00, 0x00, 0x00, 0x00, 0x00, 0x00, 0x00, 0x00,
  0x00, 0x00, 0x00, 0x00, 0x00, 0x00, 0x00, 0x00, 0x00, 0x00, 0x00, 0x00,
  0x00, 0x00, 0x00, 0x00, 0x00, 0x00, 0x00, 0x00, 0x00, 0x00, 0x00, 0x00,
  0x00, 0x00, 0x00, 0x00, 0x00, 0x00, 0x00, 0x00, 0x00, 0x00, 0x00, 0x00,
  0x00, 0x00, 0x00, 0x00, 0x00, 0x00, 0x00, 0x00, 0x00, 0x00, 0x00, 0x00,
  0x00, 0x00, 0x00, 0x00, 0x00, 0x00, 0x00, 0x00, 0x00, 0x00, 0x00, 0x00,
  0x00, 0x00, 0x00, 0x00, 0x00, 0x00, 0x00, 0x00, 0x00, 0x00, 0x00, 0x00,
  0x00, 0x00, 0x00, 0x00, 0x00, 0x00, 0x00, 0x00, 0x00, 0x00, 0x00, 0x00,
  0x00, 0x00, 0x00, 0x00, 0x00, 0x00, 0x00, 0x00, 0x00, 0x00, 0x00, 0x00,
  0x00, 0x00, 0x00, 0x00, 0x00, 0x00, 0x00, 0x00, 0x00, 0x00, 0x00, 0x00,
  0x00, 0x00, 0x00, 0x00, 0x00, 0x00, 0x00, 0x00, 0x00, 0x00, 0x00, 0x00,
  0x00, 0x00, 0x00, 0x00, 0x00, 0x00, 0x00, 0x00, 0x00, 0x00, 0x00, 0x00,
  0x00, 0x00, 0x00, 0x00, 0x00, 0x00, 0x00, 0x00, 0x00, 0x00, 0x00, 0x00,
  0x00, 0x00, 0x00, 0x00, 0x00, 0x00, 0x00, 0x00, 0x00, 0x00, 0x00, 0x00,
  0x00, 0x00, 0x00, 0x00, 0x00, 0x00, 0x00, 0x00, 0x00, 0x00, 0x00, 0x00,
  0x00, 0x00, 0x00, 0x00, 0x00, 0x00, 0x00, 0x00, 0x00, 0x00, 0x00, 0x00,
  0x00, 0x00, 0x00, 0x00, 0x00, 0x00, 0x00, 0x00, 0x00, 0x00, 0x00, 0x00,
  0x00, 0x00, 0x00, 0x00, 0x00, 0x00, 0x00, 0x00, 0x00, 0x00, 0x00, 0x00,
  0x00, 0x00, 0x00, 0x00, 0x00, 0x00, 0x00, 0x00, 0x00, 0x00, 0x00, 0x00,
  0x00, 0x00, 0x00, 0x00, 0x00, 0x00, 0x00, 0x00, 0x00, 0x00, 0x00, 0x00,
  0x00, 0x00, 0x00, 0x00, 0x00, 0x00, 0x00, 0x00, 0x00, 0x00, 0x00, 0x00,
  0x00, 0x00, 0x00, 0x00, 0x00, 0x00, 0x00, 0x00, 0x00, 0x00, 0x00, 0x00,
  0x00, 0x00, 0x00, 0x00, 0x00, 0x00, 0x00, 0x00, 0x00, 0x00, 0x00, 0x00,
  0x00, 0x00, 0x00, 0x00, 0x00, 0x00, 0x00, 0x00, 0x00, 0x00, 0x00, 0x00,
  0x00, 0x00, 0x00, 0x00, 0x00, 0x00, 0x00, 0x00, 0x00, 0x00, 0x00, 0x00,
  0x00, 0x00, 0x00, 0x00, 0x00, 0x00, 0x00, 0x00, 0x00, 0x00, 0x00, 0x00,
  0x00, 0x00, 0x00, 0x00, 0x00, 0x00, 0x00, 0x00, 0x00, 0x00, 0x00, 0x00,
  0x00, 0x00, 0x00, 0x00, 0x00, 0x00, 0x00, 0x00, 0x00, 0x00, 0x00, 0x00,
  0x00, 0x00, 0x00, 0x00, 0x00, 0x00, 0x00, 0x00, 0x00, 0x00, 0x00, 0x00,
  0x00, 0x00, 0x00, 0x00, 0x00, 0x00, 0x00, 0x00, 0x00, 0x00, 0x00, 0x00,
  0x00, 0x00, 0x00, 0x00, 0x00, 0x00, 0x00, 0x00, 0x00, 0x00, 0x00, 0x00,
  0x00, 0x00, 0x00, 0x00, 0x00, 0x00, 0x00, 0x00, 0x00, 0x00, 0x00, 0x00,
  0x00, 0x00, 0x00, 0x00, 0x00, 0x00, 0x00, 0x00, 0x00, 0x00, 0x00, 0x00,
  0x00, 0x00, 0x00, 0x00, 0x00, 0x00, 0x00, 0x00, 0x00, 0x00, 0x00, 0x00,
  0x00, 0x00, 0x00, 0x00, 0x00, 0x00, 0x00, 0x00, 0x00, 0x00, 0x00, 0x00,
  0x00, 0x00, 0x00, 0x00, 0x00, 0x00, 0x00, 0x00, 0x00, 0x00, 0x00, 0x00,
  0x00, 0x00, 0x00, 0x00, 0x00, 0x00, 0x00, 0x00, 0x00, 0x00, 0x00, 0x00,
  0x00, 0x00, 0x00, 0x00, 0x00, 0x00, 0x00, 0x00, 0x00, 0x00, 0x00, 0x00,
  0x00, 0x00, 0x00, 0x00, 0x00, 0x00, 0x00, 0x00, 0x00, 0x00, 0x00, 0x00,
  0x00, 0x00, 0x00, 0x00, 0x00, 0x00, 0x00, 0x00, 0x00, 0x00, 0x00, 0x00,
  0x00, 0x00, 0x00, 0x00, 0x00, 0x00, 0x00, 0x00, 0x00, 0x00, 0x00, 0x00,
  0x00, 0x00, 0x00, 0x00, 0x00, 0x00, 0x00, 0x00, 0x00, 0x00, 0x00, 0x00,
  0x00, 0x00, 0x00, 0x00, 0x00, 0x00, 0x00, 0x00, 0x00, 0x00, 0x00, 0x00,
  0x00, 0x00, 0x00, 0x00, 0x00, 0x00, 0x00, 0x00, 0x00, 0x00, 0x00, 0x00,
  0x00, 0x00, 0x00, 0x00, 0x00, 0x00, 0x00, 0x00, 0x00, 0x00, 0x00, 0x00,
  0x00, 0x00, 0x00, 0x00, 0x00, 0x00, 0x00, 0x00, 0x00, 0x00, 0x00, 0x00,
  0x00, 0x00, 0x00, 0x00, 0x00, 0x00, 0x00, 0x00, 0x00, 0x00, 0x00, 0x00,
  0x00, 0x00, 0x00, 0x00, 0x00, 0x00, 0x00, 0x00, 0x00, 0x00, 0x00, 0x00,
  0x00, 0x00, 0x00, 0x00, 0x00, 0x00, 0x00, 0x00, 0x00, 0x00, 0x00, 0x00,
  0x00, 0x00, 0x00, 0x00, 0x00, 0x00, 0x00, 0x00, 0x00, 0x00, 0x00, 0x00,
  0x00, 0x00, 0x00, 0x00, 0x00, 0x00, 0x00, 0x00, 0x00, 0x00, 0x00, 0x00,
  0x00, 0x00, 0x00, 0x00, 0x00, 0x00, 0x00, 0x00, 0x00, 0x00, 0x00, 0x00,
  0x00, 0x00, 0x00, 0x00, 0x00, 0x00, 0x00, 0x00, 0x00, 0x00, 0x00, 0x00,
  0x00, 0x00, 0x00, 0x00, 0x00, 0x00, 0x00, 0x00, 0x00, 0x00, 0x00, 0x00,
  0x00, 0x00, 0x00, 0x00, 0x00, 0x00, 0x00, 0x00, 0x00, 0x00, 0x00, 0x00,
  0x00, 0x00, 0x00, 0x00, 0x00, 0x00, 0x00, 0x00, 0x00, 0x00, 0x00, 0x00,
  0x00, 0x00, 0x00, 0x00, 0x00, 0x00, 0x00, 0x00, 0x00, 0x00, 0x00, 0x00,
  0x00, 0x00, 0x00, 0x00, 0x00, 0x00, 0x00, 0x00, 0x00, 0x00, 0x00, 0x00,
  0x00, 0x00, 0x00, 0x00, 0x00, 0x00, 0x00, 0x00, 0x00, 0x00, 0x00, 0x00,
  0x00, 0x00, 0x00, 0x00, 0x00, 0x00, 0x00, 0x00, 0x00, 0x00, 0x00, 0x00,
  0x00, 0x00, 0x00, 0x00, 0x00, 0x00, 0x00, 0x00, 0x00, 0x00, 0x00, 0x00,
  0x00, 0x00, 0x00, 0x00, 0x00, 0x00, 0x00, 0x00, 0x00, 0x00, 0x00, 0x00,
  0x00, 0x00, 0x00, 0x00, 0x00, 0x00, 0x00, 0x00, 0x00, 0x00, 0x00, 0x00,
  0x00, 0x00, 0x00, 0x00, 0x00, 0x00, 0x00, 0x00, 0x00, 0x00, 0x00, 0x00,
  0x00, 0x00, 0x00, 0x00, 0x00, 0x00, 0x00, 0x00, 0x00, 0x00, 0x00, 0x00,
  0x00, 0x00, 0x00, 0x00, 0x00, 0x00, 0x00, 0x00, 0x00, 0x00, 0x00, 0x00,
  0x00, 0x00, 0x00, 0x00, 0x00, 0x00, 0x00, 0x00, 0x00, 0x00, 0x00, 0x00,
  0x00, 0x00, 0x00, 0x00, 0x00, 0x00, 0x00, 0x00, 0x00, 0x00, 0x00, 0x00,
  0x00, 0x00, 0x00, 0x00, 0x00, 0x00, 0x00, 0x00, 0x00, 0x00, 0x00, 0x00,
  0x00, 0x00, 0x00, 0x00, 0x00, 0x00, 0x00, 0x00, 0x00, 0x00, 0x00, 0x00,
  0x00, 0x00, 0x00, 0x00, 0x00, 0x00, 0x00, 0x00, 0x00, 0x00, 0x00, 0x00,
  0x00, 0x00, 0x00, 0x00, 0x00, 0x00, 0x00, 0x00, 0x00, 0x00, 0x00, 0x00,
  0x00, 0x00, 0x00, 0x00, 0x00, 0x00, 0x00, 0x00, 0x00, 0x00, 0x00, 0x00,
  0x00, 0x00, 0x00, 0x00, 0x00, 0x00, 0x00, 0x00, 0x00, 0x00, 0x00, 0x00,
  0x00, 0x00, 0x00, 0x00, 0x00, 0x00, 0x00, 0x00, 0x00, 0x00, 0x00, 0x00,
  0x00, 0x00, 0x00, 0x00, 0x00, 0x00, 0x00, 0x00, 0x00, 0x00, 0x00, 0x00,
  0x00, 0x00, 0x00, 0x00, 0x00, 0x00, 0x00, 0x00, 0x00, 0x00, 0x00, 0x00,
  0x00, 0x00, 0x00, 0x00, 0x00, 0x00, 0x00, 0x00, 0x00, 0x00, 0x00, 0x00,
  0x00, 0x00, 0x00, 0x00, 0x00, 0x00, 0x00, 0x00, 0x00, 0x00, 0x00, 0x00,
  0x00, 0x00, 0x00, 0x00, 0x00, 0x00, 0x00, 0x00, 0x00, 0x00, 0x00, 0x00,
  0x00, 0x00, 0x00, 0x00, 0x00, 0x00, 0x00, 0x00, 0x00, 0x00, 0x00, 0x00,
  0x00, 0x00, 0x00, 0x00, 0x00, 0x00, 0x00, 0x00, 0x00, 0x00, 0x00, 0x00,
  0x00, 0x00, 0x00, 0x00, 0x00, 0x00, 0x00, 0x00, 0x00, 0x00, 0x00, 0x00,
  0x00, 0x00, 0x00, 0x00, 0x00, 0x00, 0x00, 0x00, 0x00, 0x00, 0x00, 0x00,
  0x00, 0x00, 0x00, 0x00, 0x00, 0x00, 0x00, 0x00, 0x00, 0x00, 0x00, 0x00,
  0x00, 0x00, 0x00, 0x00, 0x00, 0x00, 0x00, 0x00, 0x00, 0x00, 0x00, 0x00,
  0x00, 0x00, 0x00, 0x00, 0x00, 0x00, 0x00, 0x00, 0x00, 0x00, 0x00, 0x00,
  0x00, 0x00, 0x00, 0x00, 0x00, 0x00, 0x00, 0x00, 0x00, 0x00, 0x00, 0x00,
  0x00, 0x00, 0x00, 0x00, 0x00, 0x00, 0x00, 0x00, 0x00, 0x00, 0x00, 0x00,
  0x00, 0x00, 0x00, 0x00, 0x00, 0x00, 0x00, 0x00, 0x00, 0x00, 0x00, 0x00,
  0x00, 0x00, 0x00, 0x00, 0x00, 0x00, 0x00, 0x00, 0x00, 0x00, 0x00, 0x00,
  0x00, 0x00, 0x00, 0x00, 0x00, 0x00, 0x00, 0x00, 0x00, 0x00, 0x00, 0x00,
  0x00, 0x00, 0x00, 0x00, 0x00, 0x00, 0x00, 0x00, 0x00, 0x00, 0x00, 0x00,
  0x00, 0x00, 0x00, 0x00, 0x00, 0x00, 0x00, 0x00, 0x00, 0x00, 0x00, 0x00,
  0x00, 0x00, 0x00, 0x00, 0x00, 0x00, 0x00, 0x00, 0x00, 0x00, 0x00, 0x00,
  0x00, 0x00, 0x00, 0x00, 0x00, 0x00, 0x00, 0x00, 0x00, 0x00, 0x00, 0x00,
  0x00, 0x00, 0x00, 0x00, 0x00, 0x00, 0x00, 0x00, 0x00, 0x00, 0x00, 0x00,
  0x00, 0x00, 0x00, 0x00, 0x00, 0x00, 0x00, 0x00, 0x00, 0x00, 0x00, 0x00,
  0x00, 0x00, 0x00, 0x00, 0x00, 0x00, 0x00, 0x00, 0x00, 0x00, 0x00, 0x00,
  0x00, 0x00, 0x00, 0x00, 0x00, 0x00, 0x00, 0x00, 0x00, 0x00, 0x00, 0x00,
  0x00, 0x00, 0x00, 0x00, 0x00, 0x00, 0x00, 0x00, 0x00, 0x00, 0x00, 0x00,
  0x00, 0x00, 0x00, 0x00, 0x00, 0x00, 0x00, 0x00, 0x00, 0x00, 0x00, 0x00,
  0x00, 0x00, 0x00, 0x00, 0x00, 0x00, 0x00, 0x00, 0x00, 0x00, 0x00, 0x00,
  0x00, 0x00, 0x00, 0x00, 0x00, 0x00, 0x00, 0x00, 0x00, 0x00, 0x00, 0x00,
  0x00, 0x00, 0x00, 0x00, 0x00, 0x00, 0x00, 0x00, 0x00, 0x00, 0x00, 0x00,
  0x00, 0x00, 0x00, 0x00, 0x00, 0x00, 0x00, 0x00, 0x00, 0x00, 0x00, 0x00,
  0x00, 0x00, 0x00, 0x00, 0x00, 0x00, 0x00, 0x00, 0x00, 0x00, 0x00, 0x00,
  0x00, 0x00, 0x00, 0x00, 0x00, 0x00, 0x00, 0x00, 0x00, 0x00, 0x00, 0x00,
  0x00, 0x00, 0x00, 0x00, 0x00, 0x00, 0x00, 0x00, 0x00, 0x00, 0x00, 0x00,
  0x00, 0x00, 0x00, 0x00, 0x00, 0x00, 0x00, 0x00, 0x00, 0x00, 0x00, 0x00,
  0x00, 0x00, 0x00, 0x00, 0x00, 0x00, 0x00, 0x00, 0x00, 0x00, 0x00, 0x00,
  0x00, 0x00, 0x00, 0x00, 0x00, 0x00, 0x00, 0x00, 0x00, 0x00, 0x00, 0x00,
  0x00, 0x00, 0x00, 0x00, 0x00, 0x00, 0x00, 0x00, 0x00, 0x00, 0x00, 0x00,
  0x00, 0x00, 0x00, 0x00, 0x00, 0x00, 0x00, 0x00, 0x00, 0x00, 0x00, 0x00,
  0x00, 0x00, 0x00, 0x00, 0x00, 0x00, 0x00, 0x00, 0x00, 0x00, 0x00, 0x00,
  0x00, 0x00, 0x00, 0x00, 0x00, 0x00, 0x00, 0x00, 0x00, 0x00, 0x00, 0x00,
  0x00, 0x00, 0x00, 0x00, 0x00, 0x00, 0x00, 0x00, 0x00, 0x00, 0x00, 0x00,
  0x00, 0x00, 0x00, 0x00, 0x00, 0x00, 0x00, 0x00, 0x00, 0x00, 0x00, 0x00,
  0x00, 0x00, 0x00, 0x00, 0x00, 0x00, 0x00, 0x00, 0x00, 0x00, 0x00, 0x00,
  0x00, 0x00, 0x00, 0x00, 0x00, 0x00, 0x00, 0x00, 0x00, 0x00, 0x00, 0x00,
  0x00, 0x00, 0x00, 0x00, 0x00, 0x00, 0x00, 0x00, 0x00, 0x00, 0x00, 0x00,
  0x00, 0x00, 0x00, 0x00, 0x00, 0x00, 0x00, 0x00, 0x00, 0x00, 0x00, 0x00,
  0x00, 0x00, 0x00, 0x00, 0x00, 0x00, 0x00, 0x00, 0x00, 0x00, 0x00, 0x00,
  0x00, 0x00, 0x00, 0x00, 0x00, 0x00, 0x00, 0x00, 0x00, 0x00, 0x00, 0x00,
  0x00, 0x00, 0x00, 0x00, 0x00, 0x00, 0x00, 0x00, 0x00, 0x00, 0x00, 0x00,
  0x00, 0x00, 0x00, 0x00, 0x00, 0x00, 0x00, 0x00, 0x00, 0x00, 0x00, 0x00,
  0x00, 0x00, 0x00, 0x00, 0x00, 0x00, 0x00, 0x00, 0x00, 0x00, 0x00, 0x00,
  0x00, 0x00, 0x00, 0x00, 0x00, 0x00, 0x00, 0x00, 0x00, 0x00, 0x00, 0x00,
  0x00, 0x00, 0x00, 0x00, 0x00, 0x00, 0x00, 0x00, 0x00, 0x00, 0x00, 0x00,
  0x00, 0x00, 0x00, 0x00, 0x00, 0x00, 0x00, 0x00, 0x00, 0x00, 0x00, 0x00,
  0x00, 0x00, 0x00, 0x00, 0x00, 0x00, 0x00, 0x00, 0x00, 0x00, 0x00, 0x00,
  0x00, 0x00, 0x00, 0x00, 0x00, 0x00, 0x00, 0x00, 0x00, 0x00, 0x00, 0x00,
  0x00, 0x00, 0x00, 0x00, 0x00, 0x00, 0x00, 0x00, 0x00, 0x00, 0x00, 0x00,
  0x00, 0x00, 0x00, 0x00, 0x00, 0x00, 0x00, 0x00, 0x00, 0x00, 0x00, 0x00,
  0x00, 0x00, 0x00, 0x00, 0x00, 0x00, 0x00, 0x00, 0x00, 0x00, 0x00, 0x00,
  0x00, 0x00, 0x00, 0x00, 0x00, 0x00, 0x00, 0x00, 0x00, 0x00, 0x00, 0x00,
  0x00, 0x00, 0x00, 0x00, 0x00, 0x00, 0x00, 0x00, 0x00, 0x00, 0x00, 0x00,
  0x00, 0x00, 0x00, 0x00, 0x00, 0x00, 0x00, 0x00, 0x00, 0x00, 0x00, 0x00,
  0x00, 0x00, 0x00, 0x00, 0x00, 0x00, 0x00, 0x00, 0x00, 0x00, 0x00, 0x00,
  0x00, 0x00, 0x00, 0x00, 0x00, 0x00, 0x00, 0x00, 0x00, 0x00, 0x00, 0x00,
  0x00, 0x00, 0x00, 0x00, 0x00, 0x00, 0x00, 0x00, 0x00, 0x00, 0x00, 0x00,
  0x00, 0x00, 0x00, 0x00, 0x00, 0x00, 0x00, 0x00, 0x00, 0x00, 0x00, 0x00,
  0x00, 0x00, 0x00, 0x00, 0x00, 0x00, 0x00, 0x00, 0x00, 0x00, 0x00, 0x00,
  0x00, 0x00, 0x00, 0x00, 0x00, 0x00, 0x00, 0x00, 0x00, 0x00, 0x00, 0x00,
  0x00, 0x00, 0x00, 0x00, 0x00, 0x00, 0x00, 0x00, 0x00, 0x00, 0x00, 0x00,
  0x00, 0x00, 0x00, 0x00, 0x00, 0x00, 0x00, 0x00, 0x00, 0x00, 0x00, 0x00,
  0x00, 0x00, 0x00, 0x00, 0x00, 0x00, 0x00, 0x00, 0x00, 0x00, 0x00, 0x00,
  0x00, 0x00, 0x00, 0x00, 0x00, 0x00, 0x00, 0x00, 0x00, 0x00, 0x00, 0x00,
  0x00, 0x00, 0x00, 0x00, 0x00, 0x00, 0x00, 0x00, 0x00, 0x00, 0x00, 0x00,
  0x00, 0x00, 0x00, 0x00, 0x00, 0x00, 0x00, 0x00, 0x00, 0x00, 0x00, 0x00,
  0x00, 0x00, 0x00, 0x00, 0x00, 0x00, 0x00, 0x00, 0x00, 0x00, 0x00, 0x00,
  0x00, 0x00, 0x00, 0x00, 0x00, 0x00, 0x00, 0x00, 0x00, 0x00, 0x00, 0x00,
  0x00, 0x00, 0x00, 0x00, 0x00, 0x00, 0x00, 0x00, 0x00, 0x00, 0x00, 0x00,
  0x00, 0x00, 0x00, 0x00, 0x00, 0x00, 0x00, 0x00, 0x00, 0x00, 0x00, 0x00,
  0x00, 0x00, 0x00, 0x00, 0x00, 0x00, 0x00, 0x00, 0x00, 0x00, 0x00, 0x00,
  0x00, 0x00, 0x00, 0x00, 0x00, 0x00, 0x00, 0x00, 0x00, 0x00, 0x00, 0x00,
  0x00, 0x00, 0x00, 0x00, 0x00, 0x00, 0x00, 0x00, 0x00, 0x00, 0x00, 0x00,
  0x00, 0x00, 0x00, 0x00, 0x00, 0x00, 0x00, 0x00, 0x00, 0x00, 0x00, 0x00,
  0x00, 0x00, 0x00, 0x00, 0x00, 0x00, 0x00, 0x00, 0x00, 0x00, 0x00, 0x00,
  0x00, 0x00, 0x00, 0x00, 0x30, 0x12, 0x00, 0x00, 0x00, 0x00, 0x00, 0x00,
  0xf0, 0x11, 0x00, 0x00, 0x00, 0x00, 0x00, 0x00, 0xf8, 0x3d, 0x00, 0x00,
  0x00, 0x00, 0x00, 0x00, 0x01, 0x00, 0x00, 0x00, 0x00, 0x00, 0x00, 0x00,
  0x9d, 0x01, 0x00, 0x00, 0x00, 0x00, 0x00, 0x00, 0x01, 0x00, 0x00, 0x00,
  0x00, 0x00, 0x00, 0x00, 0xad, 0x01, 0x00, 0x00, 0x00, 0x00, 0x00, 0x00,
  0x0c, 0x00, 0x00, 0x00, 0x00, 0x00, 0x00, 0x00, 0x00, 0x10, 0x00, 0x00,
  0x00, 0x00, 0x00, 0x00, 0x0d, 0x00, 0x00, 0x00, 0x00, 0x00, 0x00, 0x00,
  0x64, 0x19, 0x00, 0x00, 0x00, 0x00, 0x00, 0x00, 0x19, 0x00, 0x00, 0x00,
  0x00, 0x00, 0x00, 0x00, 0xe8, 0x3d, 0x00, 0x00, 0x00, 0x00, 0x00, 0x00,
  0x1b, 0x00, 0x00, 0x00, 0x00, 0x00, 0x00, 0x00, 0x08, 0x00, 0x00, 0x00,
  0x00, 0x00, 0x00, 0x00, 0x1a, 0x00, 0x00, 0x00, 0x00, 0x00, 0x00, 0x00,
  0xf0, 0x3d, 0x00, 0x00, 0x00, 0x00, 0x00, 0x00, 0x1c, 0x00, 0x00, 0x00,
  0x00, 0x00, 0x00, 0x00, 0x08, 0x00, 0x00, 0x00, 0x00, 0x00, 0x00, 0x00,
  0xf5, 0xfe, 0xff, 0x6f, 0x00, 0x00, 0x00, 0x00, 0x60, 0x02, 0x00, 0x00,
  0x00, 0x00, 0x00, 0x00, 0x05, 0x00, 0x00, 0x00, 0x00, 0x00, 0x00, 0x00,
  0x38, 0x05, 0x00, 0x00, 0x00, 0x00, 0x00, 0x00, 0x06, 0x00, 0x00, 0x00,
  0x00, 0x00, 0x00, 0x00, 0x98, 0x02, 0x00, 0x00, 0x00, 0x00, 0x00, 0x00,
  0x0a, 0x00, 0x00, 0x00, 0x00, 0x00, 0x00, 0x00, 0xc3, 0x01, 0x00, 0x00,
  0x00, 0x00, 0x00, 0x00, 0x0b, 0x00, 0x00, 0x00, 0x00, 0x00, 0x00, 0x00,
  0x18, 0x00, 0x00, 0x00, 0x00, 0x00, 0x00, 0x00, 0x03, 0x00, 0x00, 0x00,
  0x00, 0x00, 0x00, 0x00, 0x00, 0x40, 0x00, 0x00, 0x00, 0x00, 0x00, 0x00,
  0x02, 0x00, 0x00, 0x00, 0x00, 0x00, 0x00, 0x00, 0xf8, 0x01, 0x00, 0x00,
  0x00, 0x00, 0x00, 0x00, 0x14, 0x00, 0x00, 0x00, 0x00, 0x00, 0x00, 0x00,
  0x07, 0x00, 0x00, 0x00, 0x00, 0x00, 0x00, 0x00, 0x17, 0x00, 0x00, 0x00,
  0x00, 0x00, 0x00, 0x00, 0x90, 0x08, 0x00, 0x00, 0x00, 0x00, 0x00, 0x00,
  0x07, 0x00, 0x00, 0x00, 0x00, 0x00, 0x00, 0x00, 0x58, 0x07, 0x00, 0x00,
  0x00, 0x00, 0x00, 0x00, 0x08, 0x00, 0x00, 0x00, 0x00, 0x00, 0x00, 0x00,
  0x38, 0x01, 0x00, 0x00, 0x00, 0x00, 0x00, 0x00, 0x09, 0x00, 0x00, 0x00,
  0x00, 0x00, 0x00, 0x00, 0x18, 0x00, 0x00, 0x00, 0x00, 0x00, 0x00, 0x00,
  0xfe, 0xff, 0xff, 0x6f, 0x00, 0x00, 0x00, 0x00, 0x38, 0x07, 0x00, 0x00,
  0x00, 0x00, 0x00, 0x00, 0xff, 0xff, 0xff, 0x6f, 0x00, 0x00, 0x00, 0x00,
  0x01, 0x00, 0x00, 0x00, 0x00, 0x00, 0x00, 0x00, 0xf0, 0xff, 0xff, 0x6f,
  0x00, 0x00, 0x00, 0x00, 0xfc, 0x06, 0x00, 0x00, 0x00, 0x00, 0x00, 0x00,
  0xf9, 0xff, 0xff, 0x6f, 0x00, 0x00, 0x00, 0x00, 0x07, 0x00, 0x00, 0x00,
  0x00, 0x00, 0x00, 0x00, 0x00, 0x00, 0x00, 0x00, 0x00, 0x00, 0x00, 0x00,
  0x00, 0x00, 0x00, 0x00, 0x00, 0x00, 0x00, 0x00, 0x00, 0x00, 0x00, 0x00,
  0x00, 0x00, 0x00, 0x00, 0x00, 0x00, 0x00, 0x00, 0x00, 0x00, 0x00, 0x00,
  0x00, 0x00, 0x00, 0x00, 0x00, 0x00, 0x00, 0x00, 0x00, 0x00, 0x00, 0x00,
  0x00, 0x00, 0x00, 0x00, 0x00, 0x00, 0x00, 0x00, 0x00, 0x00, 0x00, 0x00,
  0x00, 0x00, 0x00, 0x00, 0x00, 0x00, 0x00, 0x00, 0x00, 0x00, 0x00, 0x00,
  0x00, 0x00, 0x00, 0x00, 0x00, 0x00, 0x00, 0x00, 0x00, 0x00, 0x00, 0x00,
  0x00, 0x00, 0x00, 0x00, 0x00, 0x00, 0x00, 0x00, 0x00, 0x00, 0x00, 0x00,
  0x00, 0x00, 0x00, 0x00, 0x00, 0x00, 0x00, 0x00, 0x00, 0x00, 0x00, 0x00,
  0x00, 0x00, 0x00, 0x00, 0x00, 0x00, 0x00, 0x00, 0x00, 0x00, 0x00, 0x00,
  0x00, 0x00, 0x00, 0x00, 0x00, 0x00, 0x00, 0x00, 0x00, 0x00, 0x00, 0x00,
  0x00, 0x3e, 0x00, 0x00, 0x00, 0x00, 0x00, 0x00, 0x00, 0x00, 0x00, 0x00,
  0x00, 0x00, 0x00, 0x00, 0x00, 0x00, 0x00, 0x00, 0x00, 0x00, 0x00, 0x00,
  0x36, 0x10, 0x00, 0x00, 0x00, 0x00, 0x00, 0x00, 0x46, 0x10, 0x00, 0x00,
  0x00, 0x00, 0x00, 0x00, 0x56, 0x10, 0x00, 0x00, 0x00, 0x00, 0x00, 0x00,
  0x66, 0x10, 0x00, 0x00, 0x00, 0x00, 0x00, 0x00, 0x76, 0x10, 0x00, 0x00,
  0x00, 0x00, 0x00, 0x00, 0x86, 0x10, 0x00, 0x00, 0x00, 0x00, 0x00, 0x00,
  0x96, 0x10, 0x00, 0x00, 0x00, 0x00, 0x00, 0x00, 0xa6, 0x10, 0x00, 0x00,
  0x00, 0x00, 0x00, 0x00, 0xb6, 0x10, 0x00, 0x00, 0x00, 0x00, 0x00, 0x00,
  0xc6, 0x10, 0x00, 0x00, 0x00, 0x00, 0x00, 0x00, 0xd6, 0x10, 0x00, 0x00,
  0x00, 0x00, 0x00, 0x00, 0xe6, 0x10, 0x00, 0x00, 0x00, 0x00, 0x00, 0x00,
  0xf6, 0x10, 0x00, 0x00, 0x00, 0x00, 0x00, 0x00, 0x06, 0x11, 0x00, 0x00,
  0x00, 0x00, 0x00, 0x00, 0x16, 0x11, 0x00, 0x00, 0x00, 0x00, 0x00, 0x00,
  0x26, 0x11, 0x00, 0x00, 0x00, 0x00, 0x00, 0x00, 0x36, 0x11, 0x00, 0x00,
  0x00, 0x00, 0x00, 0x00, 0x46, 0x11, 0x00, 0x00, 0x00, 0x00, 0x00, 0x00,
  0x56, 0x11, 0x00, 0x00, 0x00, 0x00, 0x00, 0x00, 0x66, 0x11, 0x00, 0x00,
  0x00, 0x00, 0x00, 0x00, 0x76, 0x11, 0x00, 0x00, 0x00, 0x00, 0x00, 0x00,
  0x01, 0x00, 0x00, 0x00, 0x00, 0x00, 0x00, 0x00, 0x00, 0x00, 0x00, 0x00,
  0x00, 0x00, 0x00, 0x00, 0x00, 0x00, 0x00, 0x00, 0x00, 0x00, 0x00, 0x00,
  0x00, 0x00, 0x00, 0x00, 0x00, 0x00, 0x00, 0x00, 0x00, 0x00, 0x00, 0x00,
  0x00, 0x00, 0x00, 0x00, 0x72, 0x21, 0x00, 0x00, 0x00, 0x00, 0x00, 0x00,
  0x00, 0x00, 0x00, 0x00, 0x00, 0x00, 0x00, 0x00, 0xff, 0xff, 0xff, 0xff,
  0xff, 0xff, 0xff, 0xff, 0x40, 0x41, 0x00, 0x00, 0x00, 0x00, 0x00, 0x00,
  0x00, 0x00, 0x00, 0x00, 0x00, 0x00, 0x00, 0x00, 0x00, 0x00, 0x00, 0x00,
  0x00, 0x00, 0x00, 0x00, 0x00, 0x00, 0x00, 0x00, 0x00, 0x00, 0x00, 0x00,
  0x00, 0x00, 0x00, 0x00, 0x00, 0x00, 0x00, 0x00, 0x00, 0x00, 0x00, 0x00,
  0x00, 0x00, 0x00, 0x00, 0x00, 0x00, 0x00, 0x00, 0x00, 0x00, 0x00, 0x00,
  0x00, 0x00, 0x00, 0x00, 0x00, 0x00, 0x00, 0x00, 0x7d, 0x21, 0x00, 0x00,
  0x00, 0x00, 0x00, 0x00, 0xd0, 0x18, 0x00, 0x00, 0x00, 0x00, 0x00, 0x00,
  0x01, 0x00, 0x00, 0x00, 0x00, 0x00, 0x00, 0x00, 0x00, 0x00, 0x00, 0x00,
  0x00, 0x00, 0x00, 0x00, 0x00, 0x00, 0x00, 0x00, 0x00, 0x00, 0x00, 0x00,
  0x00, 0x00, 0x00, 0x00, 0x00, 0x00, 0x00, 0x00, 0x00, 0x00, 0x00, 0x00,
  0x00, 0x00, 0x00, 0x00, 0x00, 0x00, 0x00, 0x00, 0x00, 0x00, 0x00, 0x00,
  0x47, 0x43, 0x43, 0x3a, 0x20, 0x28, 0x47, 0x4e, 0x55, 0x29, 0x20, 0x31,
  0x32, 0x2e, 0x32, 0x2e, 0x31, 0x20, 0x32, 0x30, 0x32, 0x32, 0x31, 0x31,
  0x32, 0x31, 0x20, 0x28, 0x52, 0x65, 0x64, 0x20, 0x48, 0x61, 0x74, 0x20,
  0x31, 0x32, 0x2e, 0x32, 0x2e, 0x31, 0x2d, 0x37, 0x29, 0x00, 0x00, 0x00,
  0x08, 0x00, 0x00, 0x00, 0x10, 0x00, 0x00, 0x00, 0x00, 0x01, 0x00, 0x00,
  0x47, 0x41, 0x24, 0x01, 0x33, 0x61, 0x31, 0x00, 0x80, 0x11, 0x00, 0x00,
  0x00, 0x00, 0x00, 0x00, 0x80, 0x11, 0x00, 0x00, 0x00, 0x00, 0x00, 0x00,
  0x08, 0x00, 0x00, 0x00, 0x10, 0x00, 0x00, 0x00, 0x00, 0x01, 0x00, 0x00,
  0x47, 0x41, 0x24, 0x01, 0x33, 0x61, 0x31, 0x00, 0x00, 0x10, 0x00, 0x00,
  0x00, 0x00, 0x00, 0x00, 0x16, 0x10, 0x00, 0x00, 0x00, 0x00, 0x00, 0x00,
  0x08, 0x00, 0x00, 0x00, 0x10, 0x00, 0x00, 0x00, 0x00, 0x01, 0x00, 0x00,
  0x47, 0x41, 0x24, 0x01, 0x33, 0x61, 0x31, 0x00, 0x64, 0x19, 0x00, 0x00,
  0x00, 0x00, 0x00, 0x00, 0x6c, 0x19, 0x00, 0x00, 0x00, 0x00, 0x00, 0x00,
  0x08, 0x00, 0x00, 0x00, 0x10, 0x00, 0x00, 0x00, 0x00, 0x01, 0x00, 0x00,
  0x47, 0x41, 0x24, 0x01, 0x33, 0x61, 0x31, 0x00, 0x80, 0x11, 0x00, 0x00,
  0x00, 0x00, 0x00, 0x00, 0x39, 0x12, 0x00, 0x00, 0x00, 0x00, 0x00, 0x00,
  0x08, 0x00, 0x00, 0x00, 0x10, 0x00, 0x00, 0x00, 0x00, 0x01, 0x00, 0x00,
  0x47, 0x41, 0x24, 0x01, 0x33, 0x61, 0x31, 0x00, 0x64, 0x19, 0x00, 0x00,
  0x00, 0x00, 0x00, 0x00, 0x64, 0x19, 0x00, 0x00, 0x00, 0x00, 0x00, 0x00,
  0x08, 0x00, 0x00, 0x00, 0x10, 0x00, 0x00, 0x00, 0x00, 0x01, 0x00, 0x00,
  0x47, 0x41, 0x24, 0x01, 0x33, 0x61, 0x31, 0x00, 0x64, 0x19, 0x00, 0x00,
  0x00, 0x00, 0x00, 0x00, 0x64, 0x19, 0x00, 0x00, 0x00, 0x00, 0x00, 0x00,
  0x08, 0x00, 0x00, 0x00, 0x10, 0x00, 0x00, 0x00, 0x00, 0x01, 0x00, 0x00,
  0x47, 0x41, 0x24, 0x01, 0x33, 0x61, 0x31, 0x00, 0x16, 0x10, 0x00, 0x00,
  0x00, 0x00, 0x00, 0x00, 0x1b, 0x10, 0x00, 0x00, 0x00, 0x00, 0x00, 0x00,
  0x08, 0x00, 0x00, 0x00, 0x10, 0x00, 0x00, 0x00, 0x00, 0x01, 0x00, 0x00,
  0x47, 0x41, 0x24, 0x01, 0x33, 0x61, 0x31, 0x00, 0x6c, 0x19, 0x00, 0x00,
  0x00, 0x00, 0x00, 0x00, 0x71, 0x19, 0x00, 0x00, 0x00, 0x00, 0x00, 0x00,
  0x2c, 0x00, 0x00, 0x00, 0x02, 0x00, 0x00, 0x00, 0x00, 0x00, 0x08, 0x00,
  0x00, 0x00, 0x00, 0x00, 0x40, 0x12, 0x00, 0x00, 0x00, 0x00, 0x00, 0x00,
  0x82, 0x06, 0x00, 0x00, 0x00, 0x00, 0x00, 0x00, 0x00, 0x00, 0x00, 0x00,
  0x00, 0x00, 0x00, 0x00, 0x00, 0x00, 0x00, 0x00, 0x00, 0x00, 0x00, 0x00,
  0x2c, 0x00, 0x00, 0x00, 0x02, 0x00, 0x1e, 0x1f, 0x00, 0x00, 0x08, 0x00,
  0x00, 0x00, 0x00, 0x00, 0xd0, 0x18, 0x00, 0x00, 0x00, 0x00, 0x00, 0x00,
  0x94, 0x00, 0x00, 0x00, 0x00, 0x00, 0x00, 0x00, 0x00, 0x00, 0x00, 0x00,
  0x00, 0x00, 0x00, 0x00, 0x00, 0x00, 0x00, 0x00, 0x00, 0x00, 0x00, 0x00,
  0x1a, 0x1f, 0x00, 0x00, 0x04, 0x00, 0x00, 0x00, 0x00, 0x00, 0x08, 0x01,
  0xad, 0x00, 0x00, 0x00, 0x0c, 0xf1, 0x04, 0x00, 0x00, 0x2a, 0x02, 0x00,
  0x00, 0x40, 0x12, 0x00, 0x00, 0x00, 0x00, 0x00, 0x00, 0x82, 0x06, 0x00,
  0x00, 0x00, 0x00, 0x00, 0x00, 0x00, 0x00, 0x00, 0x00, 0x02, 0x17, 0x09,
  0x00, 0x00, 0x04, 0xd6, 0x17, 0x39, 0x00, 0x00, 0x00, 0x03, 0x08, 0x07,
  0x60, 0x03, 0x00, 0x00, 0x04, 0x04, 0x05, 0x69, 0x6e, 0x74, 0x00, 0x03,
  0x08, 0x05, 0x23, 0x06, 0x00, 0x00, 0x03, 0x08, 0x05, 0x1e, 0x06, 0x00,
  0x00, 0x03, 0x02, 0x07, 0x9a, 0x0b, 0x00, 0x00, 0x05, 0x08, 0x6e, 0x00,
  0x00, 0x00, 0x06, 0x5c, 0x00, 0x00, 0x00, 0x03, 0x01, 0x06, 0x28, 0x0a,
  0x00, 0x00, 0x07, 0x67, 0x00, 0x00, 0x00, 0x03, 0x01, 0x08, 0x1f, 0x0a,
  0x00, 0x00, 0x03, 0x04, 0x07, 0x65, 0x03, 0x00, 0x00, 0x03, 0x01, 0x06,
  0x21, 0x0a, 0x00, 0x00, 0x02, 0x1e, 0x09, 0x00, 0x00, 0x05, 0x25, 0x17,
  0x73, 0x00, 0x00, 0x00, 0x02, 0x7c, 0x06, 0x00, 0x00, 0x05, 0x26, 0x1a,
  0xa0, 0x00, 0x00, 0x00, 0x03, 0x02, 0x05, 0x52, 0x08, 0x00, 0x00, 0x02,
  0x33, 0x05, 0x00, 0x00, 0x05, 0x28, 0x14, 0x40, 0x00, 0x00, 0x00, 0x08,
  0x08, 0x06, 0xb3, 0x00, 0x00, 0x00, 0x02, 0x14, 0x09, 0x00, 0x00, 0x05,
  0xbf, 0x1b, 0x47, 0x00, 0x00, 0x00, 0x05, 0x08, 0x67, 0x00, 0x00, 0x00,
  0x02, 0x16, 0x09, 0x00, 0x00, 0x06, 0x6c, 0x13, 0xba, 0x00, 0x00, 0x00,
  0x02, 0x7e, 0x06, 0x00, 0x00, 0x07, 0x19, 0x13, 0x94, 0x00, 0x00, 0x00,
  0x02, 0x35, 0x05, 0x00, 0x00, 0x07, 0x1a, 0x13, 0xa7, 0x00, 0x00, 0x00,
  0x03, 0x08, 0x07, 0x5b, 0x03, 0x00, 0x00, 0x05, 0x08, 0xe4, 0x00, 0x00,
  0x00, 0x05, 0x08, 0xc6, 0x00, 0x00, 0x00, 0x06, 0xfd, 0x00, 0x00, 0x00,
  0x02, 0x20, 0x09, 0x00, 0x00, 0x08, 0x18, 0x13, 0x88, 0x00, 0x00, 0x00,
  0x02, 0xe6, 0x04, 0x00, 0x00, 0x09, 0x83, 0x19, 0xcc, 0x00, 0x00, 0x00,
  0x02, 0x59, 0x00, 0x00, 0x00, 0x09, 0x91, 0x14, 0x14, 0x01, 0x00, 0x00,
  0x03, 0x04, 0x04, 0x89, 0x09, 0x00, 0x00, 0x03, 0x08, 0x04, 0x49, 0x0c,
  0x00, 0x00, 0x09, 0xbe, 0x09, 0x00, 0x00, 0x08, 0x0a, 0x34, 0x08, 0x62,
  0x01, 0x00, 0x00, 0x0a, 0xb4, 0x01, 0x00, 0x00, 0x0a, 0x36, 0x09, 0x40,
  0x00, 0x00, 0x00, 0x00, 0x0a, 0x08, 0x00, 0x00, 0x00, 0x0a, 0x37, 0x09,
  0x40, 0x00, 0x00, 0x00, 0x04, 0x00, 0x05, 0x08, 0x3a, 0x01, 0x00, 0x00,
  0x06, 0x62, 0x01, 0x00, 0x00, 0x02, 0xcc, 0x08, 0x00, 0x00, 0x0b, 0x0e,
  0x1c, 0x79, 0x01, 0x00, 0x00, 0x09, 0xcc, 0x08, 0x00, 0x00, 0x20, 0x0c,
  0x36, 0x08, 0xbb, 0x01, 0x00, 0x00, 0x0a, 0x70, 0x08, 0x00, 0x00, 0x0c,
  0x37, 0x12, 0x5c, 0x00, 0x00, 0x00, 0x00, 0x0a, 0x6d, 0x02, 0x00, 0x00,
  0x0c, 0x38, 0x11, 0x78, 0x0d, 0x00, 0x00, 0x08, 0x0a, 0x10, 0x0b, 0x00,
  0x00, 0x0c, 0x39, 0x11, 0x40, 0x00, 0x00, 0x00, 0x10, 0x0a, 0xbd, 0x08,
  0x00, 0x00, 0x0c, 0x3b, 0x12, 0x5c, 0x00, 0x00, 0x00, 0x18, 0x00, 0x02,
  0x72, 0x00, 0x00, 0x00, 0x0b, 0x0f, 0x1c, 0xc7, 0x01, 0x00, 0x00, 0x09,
  0x72, 0x00, 0x00, 0x00, 0x28, 0x0d, 0x0b, 0x08, 0x16, 0x02, 0x00, 0x00,
  0x0a, 0x82, 0x02, 0x00, 0x00, 0x0d, 0x0c, 0x11, 0x5c, 0x00, 0x00, 0x00,
  0x00, 0x0b, 0x67, 0x65, 0x74, 0x00, 0x0d, 0x0d, 0x0c, 0x9e, 0x0d, 0x00,
  0x00, 0x08, 0x0b, 0x73, 0x65, 0x74, 0x00, 0x0d, 0x0e, 0x0c, 0xaa, 0x0d,
  0x00, 0x00, 0x10, 0x0b, 0x64, 0x6f, 0x63, 0x00, 0x0d, 0x0f, 0x11, 0x5c,
  0x00, 0x00, 0x00, 0x18, 0x0a, 0xc4, 0x08, 0x00, 0x00, 0x0d, 0x10, 0x0b,
  0xb3, 0x00, 0x00, 0x00, 0x20, 0x00, 0x02, 0xec, 0x09, 0x00, 0x00, 0x0b,
  0x10, 0x1c, 0x22, 0x02, 0x00, 0x00, 0x0c, 0xec, 0x09, 0x00, 0x00, 0x02,
  0x73, 0x06, 0x00, 0x00, 0x0b, 0x12, 0x18, 0x33, 0x02, 0x00, 0x00, 0x09,
  0x1e, 0x04, 0x00, 0x00, 0x10, 0x03, 0x64, 0x08, 0x5b, 0x02, 0x00, 0x00,
  0x0a, 0x85, 0x08, 0x00, 0x00, 0x03, 0x66, 0x10, 0x14, 0x01, 0x00, 0x00,
  0x00, 0x0a, 0xcd, 0x0b, 0x00, 0x00, 0x03, 0x67, 0x13, 0xbc, 0x05, 0x00,
  0x00, 0x08, 0x00, 0x02, 0xca, 0x04, 0x00, 0x00, 0x0b, 0x14, 0x1c, 0x67,
  0x02, 0x00, 0x00, 0x0d, 0xa7, 0x05, 0x00, 0x00, 0x98, 0x01, 0x0e, 0x94,
  0x08, 0x06, 0x05, 0x00, 0x00, 0x0a, 0x0a, 0x03, 0x00, 0x00, 0x0e, 0x95,
  0x05, 0xe6, 0x05, 0x00, 0x00, 0x00, 0x0a, 0x68, 0x01, 0x00, 0x00, 0x0e,
  0x96, 0x11, 0x5c, 0x00, 0x00, 0x00, 0x18, 0x0a, 0x7b, 0x07, 0x00, 0x00,
  0x0e, 0x97, 0x10, 0x14, 0x01, 0x00, 0x00, 0x20, 0x0a, 0x2e, 0x07, 0x00,
  0x00, 0x0e, 0x97, 0x1e, 0x14, 0x01, 0x00, 0x00, 0x28, 0x0a, 0x0a, 0x01,
  0x00, 0x00, 0x0e, 0x9b, 0x10, 0xb6, 0x07, 0x00, 0x00, 0x30, 0x0a, 0xea,
  0x0b, 0x00, 0x00, 0x0e, 0x9c, 0x10, 0x14, 0x01, 0x00, 0x00, 0x38, 0x0a,
  0xb7, 0x02, 0x00, 0x00, 0x0e, 0x9d, 0x11, 0xd3, 0x07, 0x00, 0x00, 0x40,
  0x0a, 0x6b, 0x0c, 0x00, 0x00, 0x0e, 0x9e, 0x11, 0x05, 0x08, 0x00, 0x00,
  0x48, 0x0a, 0x9c, 0x03, 0x00, 0x00, 0x0e, 0x9f, 0x15, 0x48, 0x0d, 0x00,
  0x00, 0x50, 0x0a, 0xd8, 0x08, 0x00, 0x00, 0x0e, 0xa1, 0x0e, 0x3c, 0x08,
  0x00, 0x00, 0x58, 0x0a, 0x62, 0x0b, 0x00, 0x00, 0x0e, 0xa5, 0x16, 0x4e,
  0x0d, 0x00, 0x00, 0x60, 0x0a, 0x59, 0x0a, 0x00, 0x00, 0x0e, 0xa6, 0x18,
  0x54, 0x0d, 0x00, 0x00, 0x68, 0x0a, 0x32, 0x01, 0x00, 0x00, 0x0e, 0xa7,
  0x17, 0x5a, 0x0d, 0x00, 0x00, 0x70, 0x0a, 0x26, 0x04, 0x00, 0x00, 0x0e,
  0xab, 0x0e, 0x48, 0x08, 0x00, 0x00, 0x78, 0x0a, 0x68, 0x08, 0x00, 0x00,
  0x0e, 0xac, 0x11, 0x39, 0x06, 0x00, 0x00, 0x80, 0x0a, 0x09, 0x0b, 0x00,
  0x00, 0x0e, 0xad, 0x0e, 0x3c, 0x08, 0x00, 0x00, 0x88, 0x0a, 0x87, 0x03,
  0x00, 0x00, 0x0e, 0xae, 0x12, 0xf9, 0x07, 0x00, 0x00, 0x90, 0x0a, 0x9c,
  0x06, 0x00, 0x00, 0x0e, 0xaf, 0x12, 0x30, 0x08, 0x00, 0x00, 0x98, 0x0a,
  0x4f, 0x04, 0x00, 0x00, 0x0e, 0xb2, 0x14, 0x60, 0x0d, 0x00, 0x00, 0xa0,
  0x0a, 0x1c, 0x08, 0x00, 0x00, 0x0e, 0xb5, 0x13, 0x39, 0x00, 0x00, 0x00,
  0xa8, 0x0a, 0x07, 0x07, 0x00, 0x00, 0x0e, 0xb7, 0x11, 0x5c, 0x00, 0x00,
  0x00, 0xb0, 0x0a, 0x2e, 0x04, 0x00, 0x00, 0x0e, 0xbb, 0x12, 0x6e, 0x07,
  0x00, 0x00, 0xb8, 0x0a, 0x3a, 0x0b, 0x00, 0x00, 0x0e, 0xbe, 0x0d, 0x64,
  0x06, 0x00, 0x00, 0xc0, 0x0a, 0x40, 0x04, 0x00, 0x00, 0x0e, 0xc2, 0x11,
  0x69, 0x08, 0x00, 0x00, 0xc8, 0x0a, 0x9d, 0x02, 0x00, 0x00, 0x0e, 0xc5,
  0x10, 0x14, 0x01, 0x00, 0x00, 0xd0, 0x0a, 0x1c, 0x03, 0x00, 0x00, 0x0e,
  0xc8, 0x11, 0x94, 0x08, 0x00, 0x00, 0xd8, 0x0a, 0xb1, 0x03, 0x00, 0x00,
  0x0e, 0xc9, 0x12, 0xa0, 0x08, 0x00, 0x00, 0xe0, 0x0a, 0x0e, 0x07, 0x00,
  0x00, 0x0e, 0xcc, 0x12, 0x66, 0x0d, 0x00, 0x00, 0xe8, 0x0a, 0x48, 0x06,
  0x00, 0x00, 0x0e, 0xcd, 0x12, 0x6c, 0x0d, 0x00, 0x00, 0xf0, 0x0a, 0x04,
  0x05, 0x00, 0x00, 0x0e, 0xce, 0x12, 0x72, 0x0d, 0x00, 0x00, 0xf8, 0x0e,
  0xd0, 0x06, 0x00, 0x00, 0x0e, 0xd0, 0x13, 0xbc, 0x05, 0x00, 0x00, 0x00,
  0x01, 0x0e, 0xb5, 0x08, 0x00, 0x00, 0x0e, 0xd1, 0x0f, 0x9f, 0x05, 0x00,
  0x00, 0x08, 0x01, 0x0e, 0xd9, 0x07, 0x00, 0x00, 0x0e, 0xd2, 0x12, 0xac,
  0x08, 0x00, 0x00, 0x10, 0x01, 0x0e, 0x6f, 0x0b, 0x00, 0x00, 0x0e, 0xd3,
  0x12, 0xb8, 0x08, 0x00, 0x00, 0x18, 0x01, 0x0e, 0x92, 0x0a, 0x00, 0x00,
  0x0e, 0xd4, 0x10, 0x14, 0x01, 0x00, 0x00, 0x20, 0x01, 0x0e, 0xc9, 0x01,
  0x00, 0x00, 0x0e, 0xd5, 0x0e, 0xc4, 0x08, 0x00, 0x00, 0x28, 0x01, 0x0e,
  0xcf, 0x03, 0x00, 0x00, 0x0e, 0xd6, 0x0f, 0xfb, 0x08, 0x00, 0x00, 0x30,
  0x01, 0x0e, 0x89, 0x0b, 0x00, 0x00, 0x0e, 0xd7, 0x0d, 0xd0, 0x08, 0x00,
  0x00, 0x38, 0x01, 0x0e, 0x78, 0x08, 0x00, 0x00, 0x0e, 0xd8, 0x0e, 0x99,
  0x07, 0x00, 0x00, 0x40, 0x01, 0x0e, 0x3f, 0x0a, 0x00, 0x00, 0x0e, 0xd9,
  0x0d, 0x64, 0x06, 0x00, 0x00, 0x48, 0x01, 0x0e, 0xac, 0x08, 0x00, 0x00,
  0x0e, 0xda, 0x0f, 0x9f, 0x05, 0x00, 0x00, 0x50, 0x01, 0x0e, 0x8c, 0x04,
  0x00, 0x00, 0x0e, 0xdb, 0x0f, 0x9f, 0x05, 0x00, 0x00, 0x58, 0x01, 0x0e,
  0x72, 0x03, 0x00, 0x00, 0x0e, 0xdc, 0x0f, 0x9f, 0x05, 0x00, 0x00, 0x60,
  0x01, 0x0e, 0xbc, 0x04, 0x00, 0x00, 0x0e, 0xdd, 0x0f, 0x9f, 0x05, 0x00,
  0x00, 0x68, 0x01, 0x0e, 0x1e, 0x02, 0x00, 0x00, 0x0e, 0xde, 0x0f, 0x9f,
  0x05, 0x00, 0x00, 0x70, 0x01, 0x0e, 0xff, 0x0b, 0x00, 0x00, 0x0e, 0xdf,
  0x10, 0xb6, 0x07, 0x00, 0x00, 0x78, 0x01, 0x0e, 0x88, 0x07, 0x00, 0x00,
  0x0e, 0xe2, 0x12, 0x7a, 0x00, 0x00, 0x00, 0x80, 0x01, 0x0e, 0x3d, 0x0c,
  0x00, 0x00, 0x0e, 0xe4, 0x10, 0xb6, 0x07, 0x00, 0x00, 0x88, 0x01, 0x0e,
  0x10, 0x04, 0x00, 0x00, 0x0e, 0xe5, 0x14, 0xa3, 0x09, 0x00, 0x00, 0x90,
  0x01, 0x00, 0x0f, 0x50, 0x0f, 0x14, 0x09, 0x9f, 0x05, 0x00, 0x00, 0x0b,
  0x62, 0x75, 0x66, 0x00, 0x0f, 0x15, 0x0b, 0xb3, 0x00, 0x00, 0x00, 0x00,
  0x0b, 0x6f, 0x62, 0x6a, 0x00, 0x0f, 0x16, 0x0f, 0x9f, 0x05, 0x00, 0x00,
  0x08, 0x0b, 0x6c, 0x65, 0x6e, 0x00, 0x0f, 0x17, 0x10, 0x14, 0x01, 0x00,
  0x00, 0x10, 0x0a, 0x31, 0x07, 0x00, 0x00, 0x0f, 0x18, 0x10, 0x14, 0x01,
  0x00, 0x00, 0x18, 0x0a, 0x52, 0x03, 0x00, 0x00, 0x0f, 0x1a, 0x09, 0x40,
  0x00, 0x00, 0x00, 0x20, 0x0a, 0x80, 0x08, 0x00, 0x00, 0x0f, 0x1b, 0x09,
  0x40, 0x00, 0x00, 0x00, 0x24, 0x0a, 0x63, 0x00, 0x00, 0x00, 0x0f, 0x1c,
  0x0b, 0xc6, 0x00, 0x00, 0x00, 0x28, 0x0a, 0x3a, 0x04, 0x00, 0x00, 0x0f,
  0x1d, 0x11, 0xaa, 0x05, 0x00, 0x00, 0x30, 0x0a, 0x3a, 0x00, 0x00, 0x00,
  0x0f, 0x1e, 0x11, 0xaa, 0x05, 0x00, 0x00, 0x38, 0x0a, 0x22, 0x0b, 0x00,
  0x00, 0x0f, 0x1f, 0x11, 0xaa, 0x05, 0x00, 0x00, 0x40, 0x0a, 0x3d, 0x05,
  0x00, 0x00, 0x0f, 0x20, 0x0b, 0xb3, 0x00, 0x00, 0x00, 0x48, 0x00, 0x05,
  0x08, 0x27, 0x02, 0x00, 0x00, 0x07, 0x9f, 0x05, 0x00, 0x00, 0x05, 0x08,
  0x14, 0x01, 0x00, 0x00, 0x02, 0x64, 0x05, 0x00, 0x00, 0x0f, 0x21, 0x03,
  0x06, 0x05, 0x00, 0x00, 0x05, 0x08, 0x5b, 0x02, 0x00, 0x00, 0x0f, 0x18,
  0x03, 0x6d, 0x09, 0xe6, 0x05, 0x00, 0x00, 0x0a, 0x0a, 0x03, 0x00, 0x00,
  0x03, 0x6e, 0x0e, 0x27, 0x02, 0x00, 0x00, 0x00, 0x0a, 0x25, 0x08, 0x00,
  0x00, 0x03, 0x6f, 0x10, 0x14, 0x01, 0x00, 0x00, 0x10, 0x00, 0x02, 0xc6,
  0x07, 0x00, 0x00, 0x03, 0x70, 0x03, 0xc2, 0x05, 0x00, 0x00, 0x02, 0x99,
  0x0c, 0x00, 0x00, 0x03, 0xc4, 0x16, 0xfe, 0x05, 0x00, 0x00, 0x05, 0x08,
  0x04, 0x06, 0x00, 0x00, 0x10, 0x9f, 0x05, 0x00, 0x00, 0x13, 0x06, 0x00,
  0x00, 0x11, 0x9f, 0x05, 0x00, 0x00, 0x00, 0x02, 0x18, 0x00, 0x00, 0x00,
  0x03, 0xc5, 0x16, 0x1f, 0x06, 0x00, 0x00, 0x05, 0x08, 0x25, 0x06, 0x00,
  0x00, 0x10, 0x9f, 0x05, 0x00, 0x00, 0x39, 0x06, 0x00, 0x00, 0x11, 0x9f,
  0x05, 0x00, 0x00, 0x11, 0x9f, 0x05, 0x00, 0x00, 0x00, 0x02, 0xf2, 0x0a,
  0x00, 0x00, 0x03, 0xc6, 0x16, 0x45, 0x06, 0x00, 0x00, 0x05, 0x08, 0x4b,
  0x06, 0x00, 0x00, 0x10, 0x9f, 0x05, 0x00, 0x00, 0x64, 0x06, 0x00, 0x00,
  0x11, 0x9f, 0x05, 0x00, 0x00, 0x11, 0x9f, 0x05, 0x00, 0x00, 0x11, 0x9f,
  0x05, 0x00, 0x00, 0x00, 0x02, 0xa3, 0x0c, 0x00, 0x00, 0x03, 0xc7, 0x0f,
  0x70, 0x06, 0x00, 0x00, 0x05, 0x08, 0x76, 0x06, 0x00, 0x00, 0x10, 0x40,
  0x00, 0x00, 0x00, 0x85, 0x06, 0x00, 0x00, 0x11, 0x9f, 0x05, 0x00, 0x00,
  0x00, 0x02, 0xdf, 0x01, 0x00, 0x00, 0x03, 0xc8, 0x16, 0x91, 0x06, 0x00,
  0x00, 0x05, 0x08, 0x97, 0x06, 0x00, 0x00, 0x10, 0x14, 0x01, 0x00, 0x00,
  0xa6, 0x06, 0x00, 0x00, 0x11, 0x9f, 0x05, 0x00, 0x00, 0x00, 0x02, 0x8c,
  0x0c, 0x00, 0x00, 0x03, 0xc9, 0x15, 0xb2, 0x06, 0x00, 0x00, 0x05, 0x08,
  0xb8, 0x06, 0x00, 0x00, 0x10, 0x9f, 0x05, 0x00, 0x00, 0xcc, 0x06, 0x00,
  0x00, 0x11, 0x9f, 0x05, 0x00, 0x00, 0x11, 0x14, 0x01, 0x00, 0x00, 0x00,
  0x02, 0x54, 0x09, 0x00, 0x00, 0x03, 0xcb, 0x0e, 0xd8, 0x06, 0x00, 0x00,
  0x05, 0x08, 0xde, 0x06, 0x00, 0x00, 0x10, 0x40, 0x00, 0x00, 0x00, 0xf7,
  0x06, 0x00, 0x00, 0x11, 0x9f, 0x05, 0x00, 0x00, 0x11, 0x14, 0x01, 0x00,
  0x00, 0x11, 0x9f, 0x05, 0x00, 0x00, 0x00, 0x02, 0x3a, 0x07, 0x00, 0x00,
  0x03, 0xcd, 0x0e, 0x03, 0x07, 0x00, 0x00, 0x05, 0x08, 0x09, 0x07, 0x00,
  0x00, 0x10, 0x40, 0x00, 0x00, 0x00, 0x22, 0x07, 0x00, 0x00, 0x11, 0x9f,
  0x05, 0x00, 0x00, 0x11, 0x9f, 0x05, 0x00, 0x00, 0x11, 0x9f, 0x05, 0x00,
  0x00, 0x00, 0x02, 0x2d, 0x08, 0x00, 0x00, 0x03, 0xcf, 0x0f, 0x2e, 0x07,
  0x00, 0x00, 0x05, 0x08, 0x34, 0x07, 0x00, 0x00, 0x10, 0x40, 0x00, 0x00,
  0x00, 0x48, 0x07, 0x00, 0x00, 0x11, 0x9f, 0x05, 0x00, 0x00, 0x11, 0x9f,
  0x05, 0x00, 0x00, 0x00, 0x02, 0x38, 0x06, 0x00, 0x00, 0x03, 0xd0, 0x0f,
  0x54, 0x07, 0x00, 0x00, 0x05, 0x08, 0x5a, 0x07, 0x00, 0x00, 0x10, 0x40,
  0x00, 0x00, 0x00, 0x6e, 0x07, 0x00, 0x00, 0x11, 0x9f, 0x05, 0x00, 0x00,
  0x11, 0xb3, 0x00, 0x00, 0x00, 0x00, 0x02, 0x79, 0x0a, 0x00, 0x00, 0x03,
  0xd1, 0x0f, 0x7a, 0x07, 0x00, 0x00, 0x05, 0x08, 0x80, 0x07, 0x00, 0x00,
  0x10, 0x40, 0x00, 0x00, 0x00, 0x99, 0x07, 0x00, 0x00, 0x11, 0x9f, 0x05,
  0x00, 0x00, 0x11, 0x48, 0x07, 0x00, 0x00, 0x11, 0xb3, 0x00, 0x00, 0x00,
  0x00, 0x02, 0xac, 0x07, 0x00, 0x00, 0x03, 0xd4, 0x10, 0xa5, 0x07, 0x00,
  0x00, 0x05, 0x08, 0xab, 0x07, 0x00, 0x00, 0x12, 0xb6, 0x07, 0x00, 0x00,
  0x11, 0xb3, 0x00, 0x00, 0x00, 0x00, 0x02, 0x87, 0x02, 0x00, 0x00, 0x03,
  0xd5, 0x10, 0xc2, 0x07, 0x00, 0x00, 0x05, 0x08, 0xc8, 0x07, 0x00, 0x00,
  0x12, 0xd3, 0x07, 0x00, 0x00, 0x11, 0x9f, 0x05, 0x00, 0x00, 0x00, 0x02,
  0x51, 0x02, 0x00, 0x00, 0x03, 0xd6, 0x15, 0xdf, 0x07, 0x00, 0x00, 0x05,
  0x08, 0xe5, 0x07, 0x00, 0x00, 0x10, 0x9f, 0x05, 0x00, 0x00, 0xf9, 0x07,
  0x00, 0x00, 0x11, 0x9f, 0x05, 0x00, 0x00, 0x11, 0xc6, 0x00, 0x00, 0x00,
  0x00, 0x02, 0x2d, 0x0b, 0x00, 0x00, 0x03, 0xd7, 0x15, 0x1f, 0x06, 0x00,
  0x00, 0x02, 0xec, 0x05, 0x00, 0x00, 0x03, 0xd8, 0x0f, 0x11, 0x08, 0x00,
  0x00, 0x05, 0x08, 0x17, 0x08, 0x00, 0x00, 0x10, 0x40, 0x00, 0x00, 0x00,
  0x30, 0x08, 0x00, 0x00, 0x11, 0x9f, 0x05, 0x00, 0x00, 0x11, 0xc6, 0x00,
  0x00, 0x00, 0x11, 0x9f, 0x05, 0x00, 0x00, 0x00, 0x02, 0x7e, 0x00, 0x00,
  0x00, 0x03, 0xd9, 0x0f, 0x03, 0x07, 0x00, 0x00, 0x02, 0x28, 0x09, 0x00,
  0x00, 0x03, 0xda, 0x15, 0xfe, 0x05, 0x00, 0x00, 0x02, 0xa8, 0x03, 0x00,
  0x00, 0x03, 0xdb, 0x15, 0x54, 0x08, 0x00, 0x00, 0x05, 0x08, 0x5a, 0x08,
  0x00, 0x00, 0x10, 0x20, 0x01, 0x00, 0x00, 0x69, 0x08, 0x00, 0x00, 0x11,
  0x9f, 0x05, 0x00, 0x00, 0x00, 0x02, 0x43, 0x0b, 0x00, 0x00, 0x03, 0xdc,
  0x15, 0x75, 0x08, 0x00, 0x00, 0x05, 0x08, 0x7b, 0x08, 0x00, 0x00, 0x10,
  0x9f, 0x05, 0x00, 0x00, 0x94, 0x08, 0x00, 0x00, 0x11, 0x9f, 0x05, 0x00,
  0x00, 0x11, 0x9f, 0x05, 0x00, 0x00, 0x11, 0x40, 0x00, 0x00, 0x00, 0x00,
  0x02, 0xb2, 0x0c, 0x00, 0x00, 0x03, 0xdd, 0x15, 0xfe, 0x05, 0x00, 0x00,
  0x02, 0x06, 0x08, 0x00, 0x00, 0x03, 0xde, 0x15, 0xfe, 0x05, 0x00, 0x00,
  0x02, 0xa8, 0x06, 0x00, 0x00, 0x03, 0xdf, 0x15, 0x45, 0x06, 0x00, 0x00,
  0x02, 0xf3, 0x02, 0x00, 0x00, 0x03, 0xe0, 0x0f, 0x03, 0x07, 0x00, 0x00,
  0x02, 0x93, 0x03, 0x00, 0x00, 0x03, 0xe1, 0x0f, 0x03, 0x07, 0x00, 0x00,
  0x02, 0x00, 0x00, 0x00, 0x00, 0x03, 0xe2, 0x15, 0xdc, 0x08, 0x00, 0x00,
  0x05, 0x08, 0xe2, 0x08, 0x00, 0x00, 0x10, 0x9f, 0x05, 0x00, 0x00, 0xfb,
  0x08, 0x00, 0x00, 0x11, 0xbc, 0x05, 0x00, 0x00, 0x11, 0x9f, 0x05, 0x00,
  0x00, 0x11, 0x9f, 0x05, 0x00, 0x00, 0x00, 0x02, 0xd8, 0x06, 0x00, 0x00,
  0x03, 0xe3, 0x15, 0x07, 0x09, 0x00, 0x00, 0x05, 0x08, 0x0d, 0x09, 0x00,
  0x00, 0x10, 0x9f, 0x05, 0x00, 0x00, 0x21, 0x09, 0x00, 0x00, 0x11, 0xbc,
  0x05, 0x00, 0x00, 0x11, 0x14, 0x01, 0x00, 0x00, 0x00, 0x13, 0x05, 0x04,
  0x40, 0x00, 0x00, 0x00, 0x03, 0xa4, 0x02, 0x0e, 0x43, 0x09, 0x00, 0x00,
  0x14, 0x70, 0x01, 0x00, 0x00, 0x00, 0x15, 0x90, 0x06, 0x00, 0x00, 0x7f,
  0x14, 0x74, 0x04, 0x00, 0x00, 0x01, 0x00, 0x16, 0xa7, 0x01, 0x00, 0x00,
  0x03, 0xa8, 0x02, 0x03, 0x21, 0x09, 0x00, 0x00, 0x02, 0xd5, 0x0b, 0x00,
  0x00, 0x0e, 0x36, 0x0f, 0x5c, 0x09, 0x00, 0x00, 0x05, 0x08, 0x62, 0x09,
  0x00, 0x00, 0x10, 0x40, 0x00, 0x00, 0x00, 0x7b, 0x09, 0x00, 0x00, 0x11,
  0x9f, 0x05, 0x00, 0x00, 0x11, 0x7b, 0x09, 0x00, 0x00, 0x11, 0x40, 0x00,
  0x00, 0x00, 0x00, 0x05, 0x08, 0xb0, 0x05, 0x00, 0x00, 0x02, 0xf7, 0x03,
  0x00, 0x00, 0x0e, 0x37, 0x10, 0x8d, 0x09, 0x00, 0x00, 0x05, 0x08, 0x93,
  0x09, 0x00, 0x00, 0x12, 0xa3, 0x09, 0x00, 0x00, 0x11, 0x9f, 0x05, 0x00,
  0x00, 0x11, 0x7b, 0x09, 0x00, 0x00, 0x00, 0x02, 0xc2, 0x02, 0x00, 0x00,
  0x0e, 0x39, 0x15, 0xaf, 0x09, 0x00, 0x00, 0x05, 0x08, 0xb5, 0x09, 0x00,
  0x00, 0x10, 0x9f, 0x05, 0x00, 0x00, 0xd3, 0x09, 0x00, 0x00, 0x11, 0x9f,
  0x05, 0x00, 0x00, 0x11, 0xd3, 0x09, 0x00, 0x00, 0x11, 0x2d, 0x00, 0x00,
  0x00, 0x11, 0x9f, 0x05, 0x00, 0x00, 0x00, 0x05, 0x08, 0xa5, 0x05, 0x00,
  0x00, 0x17, 0x20, 0x01, 0x0e, 0x3d, 0x09, 0xbc, 0x0b, 0x00, 0x00, 0x0a,
  0xe3, 0x0b, 0x00, 0x00, 0x0e, 0x42, 0x10, 0x13, 0x06, 0x00, 0x00, 0x00,
  0x0a, 0x80, 0x0c, 0x00, 0x00, 0x0e, 0x43, 0x10, 0x13, 0x06, 0x00, 0x00,
  0x08, 0x0a, 0x7b, 0x03, 0x00, 0x00, 0x0e, 0x44, 0x10, 0x13, 0x06, 0x00,
  0x00, 0x10, 0x0a, 0x66, 0x06, 0x00, 0x00, 0x0e, 0x45, 0x10, 0x13, 0x06,
  0x00, 0x00, 0x18, 0x0a, 0xdc, 0x04, 0x00, 0x00, 0x0e, 0x46, 0x10, 0x13,
  0x06, 0x00, 0x00, 0x20, 0x0a, 0x8c, 0x05, 0x00, 0x00, 0x0e, 0x47, 0x11,
  0x39, 0x06, 0x00, 0x00, 0x28, 0x0a, 0x80, 0x05, 0x00, 0x00, 0x0e, 0x48,
  0x0f, 0xf2, 0x05, 0x00, 0x00, 0x30, 0x0a, 0xeb, 0x03, 0x00, 0x00, 0x0e,
  0x49, 0x0f, 0xf2, 0x05, 0x00, 0x00, 0x38, 0x0a, 0xb3, 0x05, 0x00, 0x00,
  0x0e, 0x4a, 0x0f, 0xf2, 0x05, 0x00, 0x00, 0x40, 0x0a, 0x50, 0x0c, 0x00,
  0x00, 0x0e, 0x4b, 0x0d, 0x64, 0x06, 0x00, 0x00, 0x48, 0x0a, 0xe7, 0x01,
  0x00, 0x00, 0x0e, 0x4c, 0x0f, 0xf2, 0x05, 0x00, 0x00, 0x50, 0x0a, 0x90,
  0x0b, 0x00, 0x00, 0x0e, 0x4d, 0x10, 0x13, 0x06, 0x00, 0x00, 0x58, 0x0a,
  0x86, 0x06, 0x00, 0x00, 0x0e, 0x4e, 0x10, 0x13, 0x06, 0x00, 0x00, 0x60,
  0x0a, 0x20, 0x07, 0x00, 0x00, 0x0e, 0x4f, 0x10, 0x13, 0x06, 0x00, 0x00,
  0x68, 0x0a, 0xa5, 0x09, 0x00, 0x00, 0x0e, 0x50, 0x10, 0x13, 0x06, 0x00,
  0x00, 0x70, 0x0a, 0x24, 0x03, 0x00, 0x00, 0x0e, 0x51, 0x10, 0x13, 0x06,
  0x00, 0x00, 0x78, 0x0a, 0x95, 0x09, 0x00, 0x00, 0x0e, 0x52, 0x0f, 0xf2,
  0x05, 0x00, 0x00, 0x80, 0x0a, 0x5c, 0x08, 0x00, 0x00, 0x0e, 0x53, 0x0b,
  0xb3, 0x00, 0x00, 0x00, 0x88, 0x0a, 0x86, 0x09, 0x00, 0x00, 0x0e, 0x54,
  0x0f, 0xf2, 0x05, 0x00, 0x00, 0x90, 0x0a, 0xe4, 0x02, 0x00, 0x00, 0x0e,
  0x56, 0x10, 0x13, 0x06, 0x00, 0x00, 0x98, 0x0a, 0x38, 0x08, 0x00, 0x00,
  0x0e, 0x57, 0x10, 0x13, 0x06, 0x00, 0x00, 0xa0, 0x0a, 0x29, 0x0c, 0x00,
  0x00, 0x0e, 0x58, 0x10, 0x13, 0x06, 0x00, 0x00, 0xa8, 0x0a, 0x2a, 0x03,
  0x00, 0x00, 0x0e, 0x59, 0x10, 0x13, 0x06, 0x00, 0x00, 0xb0, 0x0a, 0xb5,
  0x07, 0x00, 0x00, 0x0e, 0x5a, 0x11, 0x39, 0x06, 0x00, 0x00, 0xb8, 0x0a,
  0x2d, 0x0a, 0x00, 0x00, 0x0e, 0x5b, 0x10, 0x13, 0x06, 0x00, 0x00, 0xc0,
  0x0a, 0x95, 0x05, 0x00, 0x00, 0x0e, 0x5c, 0x10, 0x13, 0x06, 0x00, 0x00,
  0xc8, 0x0a, 0xdc, 0x0a, 0x00, 0x00, 0x0e, 0x5d, 0x10, 0x13, 0x06, 0x00,
  0x00, 0xd0, 0x0a, 0x15, 0x01, 0x00, 0x00, 0x0e, 0x5e, 0x10, 0x13, 0x06,
  0x00, 0x00, 0xd8, 0x0a, 0xe2, 0x06, 0x00, 0x00, 0x0e, 0x5f, 0x10, 0x13,
  0x06, 0x00, 0x00, 0xe0, 0x0a, 0x9c, 0x07, 0x00, 0x00, 0x0e, 0x61, 0x10,
  0x13, 0x06, 0x00, 0x00, 0xe8, 0x0a, 0x6c, 0x07, 0x00, 0x00, 0x0e, 0x62,
  0x10, 0x13, 0x06, 0x00, 0x00, 0xf0, 0x0a, 0x5c, 0x04, 0x00, 0x00, 0x0e,
  0x63, 0x10, 0x13, 0x06, 0x00, 0x00, 0xf8, 0x0e, 0x06, 0x0c, 0x00, 0x00,
  0x0e, 0x64, 0x10, 0x13, 0x06, 0x00, 0x00, 0x00, 0x01, 0x0e, 0x9c, 0x09,
  0x00, 0x00, 0x0e, 0x66, 0x0f, 0xf2, 0x05, 0x00, 0x00, 0x08, 0x01, 0x0e,
  0x46, 0x01, 0x00, 0x00, 0x0e, 0x68, 0x10, 0x13, 0x06, 0x00, 0x00, 0x10,
  0x01, 0x0e, 0xfe, 0x01, 0x00, 0x00, 0x0e, 0x69, 0x10, 0x13, 0x06, 0x00,
  0x00, 0x18, 0x01, 0x00, 0x02, 0x05, 0x0a, 0x00, 0x00, 0x0e, 0x6a, 0x03,
  0xd9, 0x09, 0x00, 0x00, 0x0f, 0x50, 0x0e, 0x6c, 0x09, 0x54, 0x0c, 0x00,
  0x00, 0x0a, 0x12, 0x03, 0x00, 0x00, 0x0e, 0x6d, 0x0d, 0x85, 0x06, 0x00,
  0x00, 0x00, 0x0a, 0xe2, 0x05, 0x00, 0x00, 0x0e, 0x6e, 0x10, 0x13, 0x06,
  0x00, 0x00, 0x08, 0x0a, 0x76, 0x0c, 0x00, 0x00, 0x0e, 0x6f, 0x12, 0xa6,
  0x06, 0x00, 0x00, 0x10, 0x0a, 0xaf, 0x02, 0x00, 0x00, 0x0e, 0x70, 0x12,
  0xa6, 0x06, 0x00, 0x00, 0x18, 0x0a, 0x93, 0x04, 0x00, 0x00, 0x0e, 0x71,
  0x0b, 0xb3, 0x00, 0x00, 0x00, 0x20, 0x0a, 0xfa, 0x08, 0x00, 0x00, 0x0e,
  0x72, 0x15, 0xcc, 0x06, 0x00, 0x00, 0x28, 0x0a, 0x56, 0x07, 0x00, 0x00,
  0x0e, 0x73, 0x0b, 0xb3, 0x00, 0x00, 0x00, 0x30, 0x0a, 0xe0, 0x08, 0x00,
  0x00, 0x0e, 0x74, 0x10, 0x22, 0x07, 0x00, 0x00, 0x38, 0x0a, 0x6e, 0x05,
  0x00, 0x00, 0x0e, 0x76, 0x10, 0x13, 0x06, 0x00, 0x00, 0x40, 0x0a, 0xad,
  0x0b, 0x00, 0x00, 0x0e, 0x77, 0x12, 0xa6, 0x06, 0x00, 0x00, 0x48, 0x00,
  0x02, 0xac, 0x09, 0x00, 0x00, 0x0e, 0x78, 0x03, 0xc8, 0x0b, 0x00, 0x00,
  0x0f, 0x18, 0x0e, 0x7a, 0x09, 0x91, 0x0c, 0x00, 0x00, 0x0a, 0xf7, 0x06,
  0x00, 0x00, 0x0e, 0x7b, 0x0d, 0x85, 0x06, 0x00, 0x00, 0x00, 0x0a, 0xe6,
  0x07, 0x00, 0x00, 0x0e, 0x7c, 0x10, 0x13, 0x06, 0x00, 0x00, 0x08, 0x0a,
  0x43, 0x09, 0x00, 0x00, 0x0e, 0x7d, 0x13, 0xf7, 0x06, 0x00, 0x00, 0x10,
  0x00, 0x02, 0xf8, 0x05, 0x00, 0x00, 0x0e, 0x7e, 0x03, 0x60, 0x0c, 0x00,
  0x00, 0x02, 0x50, 0x0a, 0x00, 0x00, 0x0e, 0x80, 0x18, 0xa9, 0x0c, 0x00,
  0x00, 0x05, 0x08, 0xaf, 0x0c, 0x00, 0x00, 0x10, 0x43, 0x09, 0x00, 0x00,
  0xc8, 0x0c, 0x00, 0x00, 0x11, 0x9f, 0x05, 0x00, 0x00, 0x11, 0x9f, 0x05,
  0x00, 0x00, 0x11, 0xc8, 0x0c, 0x00, 0x00, 0x00, 0x05, 0x08, 0x9f, 0x05,
  0x00, 0x00, 0x0f, 0x20, 0x0e, 0x82, 0x09, 0x0c, 0x0d, 0x00, 0x00, 0x0a,
  0xbd, 0x03, 0x00, 0x00, 0x0e, 0x83, 0x0f, 0xf2, 0x05, 0x00, 0x00, 0x00,
  0x0a, 0xbf, 0x05, 0x00, 0x00, 0x0e, 0x84, 0x0f, 0xf2, 0x05, 0x00, 0x00,
  0x08, 0x0a, 0x13, 0x08, 0x00, 0x00, 0x0e, 0x85, 0x0f, 0xf2, 0x05, 0x00,
  0x00, 0x10, 0x0a, 0xd1, 0x02, 0x00, 0x00, 0x0e, 0x86, 0x0e, 0x9d, 0x0c,
  0x00, 0x00, 0x18, 0x00, 0x02, 0x59, 0x01, 0x00, 0x00, 0x0e, 0x87, 0x03,
  0xce, 0x0c, 0x00, 0x00, 0x0f, 0x10, 0x0e, 0x89, 0x09, 0x3c, 0x0d, 0x00,
  0x00, 0x0a, 0x7c, 0x0b, 0x00, 0x00, 0x0e, 0x8a, 0x14, 0x50, 0x09, 0x00,
  0x00, 0x00, 0x0a, 0x7d, 0x01, 0x00, 0x00, 0x0e, 0x8b, 0x18, 0x81, 0x09,
  0x00, 0x00, 0x08, 0x00, 0x02, 0xbf, 0x0b, 0x00, 0x00, 0x0e, 0x8c, 0x03,
  0x18, 0x0d, 0x00, 0x00, 0x05, 0x08, 0x0c, 0x0d, 0x00, 0x00, 0x05, 0x08,
  0xbc, 0x0b, 0x00, 0x00, 0x05, 0x08, 0x54, 0x0c, 0x00, 0x00, 0x05, 0x08,
  0x91, 0x0c, 0x00, 0x00, 0x05, 0x08, 0x3c, 0x0d, 0x00, 0x00, 0x05, 0x08,
  0x6d, 0x01, 0x00, 0x00, 0x05, 0x08, 0x16, 0x02, 0x00, 0x00, 0x05, 0x08,
  0xbb, 0x01, 0x00, 0x00, 0x02, 0x2c, 0x06, 0x00, 0x00, 0x0c, 0x13, 0x15,
  0x1f, 0x06, 0x00, 0x00, 0x05, 0x08, 0x8a, 0x0d, 0x00, 0x00, 0x10, 0x9f,
  0x05, 0x00, 0x00, 0x9e, 0x0d, 0x00, 0x00, 0x11, 0x9f, 0x05, 0x00, 0x00,
  0x11, 0xb3, 0x00, 0x00, 0x00, 0x00, 0x02, 0x85, 0x04, 0x00, 0x00, 0x0d,
  0x08, 0x15, 0x84, 0x0d, 0x00, 0x00, 0x02, 0x4f, 0x07, 0x00, 0x00, 0x0d,
  0x09, 0x0f, 0xb6, 0x0d, 0x00, 0x00, 0x05, 0x08, 0xbc, 0x0d, 0x00, 0x00,
  0x10, 0x40, 0x00, 0x00, 0x00, 0xd5, 0x0d, 0x00, 0x00, 0x11, 0x9f, 0x05,
  0x00, 0x00, 0x11, 0x9f, 0x05, 0x00, 0x00, 0x11, 0xb3, 0x00, 0x00, 0x00,
  0x00, 0x18, 0x3f, 0x03, 0x00, 0x00, 0x16, 0x63, 0x18, 0x9f, 0x05, 0x00,
  0x00, 0x02, 0xec, 0x08, 0x00, 0x00, 0x10, 0x38, 0x27, 0xed, 0x0d, 0x00,
  0x00, 0x05, 0x08, 0xf3, 0x0d, 0x00, 0x00, 0x09, 0x96, 0x08, 0x00, 0x00,
  0x60, 0x10, 0x50, 0x08, 0xc4, 0x0e, 0x00, 0x00, 0x0a, 0x19, 0x02, 0x00,
  0x00, 0x10, 0x52, 0x0a, 0x58, 0x0f, 0x00, 0x00, 0x00, 0x0a, 0xd0, 0x0b,
  0x00, 0x00, 0x10, 0x54, 0x09, 0x40, 0x00, 0x00, 0x00, 0x08, 0x0a, 0x42,
  0x06, 0x00, 0x00, 0x10, 0x55, 0x09, 0x40, 0x00, 0x00, 0x00, 0x0c, 0x0a,
  0x2c, 0x01, 0x00, 0x00, 0x10, 0x56, 0x09, 0x40, 0x00, 0x00, 0x00, 0x10,
  0x0a, 0xd9, 0x01, 0x00, 0x00, 0x10, 0x57, 0x09, 0x40, 0x00, 0x00, 0x00,
  0x14, 0x0a, 0x8f, 0x09, 0x00, 0x00, 0x10, 0x58, 0x09, 0x40, 0x00, 0x00,
  0x00, 0x18, 0x0a, 0x8b, 0x00, 0x00, 0x00, 0x10, 0x5b, 0x14, 0xc4, 0x0e,
  0x00, 0x00, 0x20, 0x0a, 0xf0, 0x06, 0x00, 0x00, 0x10, 0x5e, 0x0d, 0x68,
  0x0f, 0x00, 0x00, 0x28, 0x0a, 0x24, 0x01, 0x00, 0x00, 0x10, 0x5f, 0x0d,
  0x74, 0x0f, 0x00, 0x00, 0x30, 0x0a, 0x01, 0x07, 0x00, 0x00, 0x10, 0x62,
  0x0c, 0xfd, 0x00, 0x00, 0x00, 0x38, 0x0a, 0xf4, 0x08, 0x00, 0x00, 0x10,
  0x63, 0x0b, 0xc6, 0x00, 0x00, 0x00, 0x40, 0x0a, 0x48, 0x07, 0x00, 0x00,
  0x10, 0x64, 0x19, 0x7a, 0x0f, 0x00, 0x00, 0x48, 0x0a, 0x15, 0x0a, 0x00,
  0x00, 0x10, 0x66, 0x09, 0x40, 0x00, 0x00, 0x00, 0x50, 0x0a, 0xc6, 0x03,
  0x00, 0x00, 0x10, 0x67, 0x09, 0x40, 0x00, 0x00, 0x00, 0x54, 0x0a, 0x48,
  0x0a, 0x00, 0x00, 0x10, 0x6a, 0x0c, 0x8b, 0x0f, 0x00, 0x00, 0x58, 0x00,
  0x02, 0xc1, 0x06, 0x00, 0x00, 0x10, 0x3d, 0x28, 0xd0, 0x0e, 0x00, 0x00,
  0x05, 0x08, 0xd6, 0x0e, 0x00, 0x00, 0x0d, 0xaf, 0x0a, 0x00, 0x00, 0x20,
  0x04, 0x10, 0x8c, 0x08, 0x28, 0x0f, 0x00, 0x00, 0x0a, 0x19, 0x02, 0x00,
  0x00, 0x10, 0x8e, 0x0a, 0x58, 0x0f, 0x00, 0x00, 0x00, 0x0a, 0x28, 0x08,
  0x00, 0x00, 0x10, 0x91, 0x09, 0x40, 0x00, 0x00, 0x00, 0x08, 0x0a, 0x8b,
  0x00, 0x00, 0x00, 0x10, 0x92, 0x0b, 0x91, 0x0f, 0x00, 0x00, 0x0c, 0x0e,
  0x03, 0x0b, 0x00, 0x00, 0x10, 0x94, 0x0c, 0xa2, 0x0f, 0x00, 0x00, 0x10,
  0x04, 0x0e, 0xfe, 0x0a, 0x00, 0x00, 0x10, 0x95, 0x09, 0x40, 0x00, 0x00,
  0x00, 0x18, 0x04, 0x00, 0x0f, 0x10, 0x10, 0x4b, 0x09, 0x4c, 0x0f, 0x00,
  0x00, 0x0b, 0x70, 0x74, 0x72, 0x00, 0x10, 0x4c, 0x0b, 0xc6, 0x00, 0x00,
  0x00, 0x00, 0x0a, 0x28, 0x08, 0x00, 0x00, 0x10, 0x4d, 0x09, 0x40, 0x00,
  0x00, 0x00, 0x08, 0x00, 0x02, 0x53, 0x06, 0x00, 0x00, 0x10, 0x4e, 0x03,
  0x28, 0x0f, 0x00, 0x00, 0x19, 0x67, 0x00, 0x00, 0x00, 0x68, 0x0f, 0x00,
  0x00, 0x1a, 0x39, 0x00, 0x00, 0x00, 0x06, 0x00, 0x05, 0x08, 0x6e, 0x0f,
  0x00, 0x00, 0x05, 0x08, 0x08, 0x01, 0x00, 0x00, 0x05, 0x08, 0xf7, 0x00,
  0x00, 0x00, 0x05, 0x08, 0x4c, 0x0f, 0x00, 0x00, 0x12, 0x8b, 0x0f, 0x00,
  0x00, 0x11, 0xe1, 0x0d, 0x00, 0x00, 0x00, 0x05, 0x08, 0x80, 0x0f, 0x00,
  0x00, 0x19, 0x08, 0x01, 0x00, 0x00, 0xa2, 0x0f, 0x00, 0x00, 0x1b, 0x39,
  0x00, 0x00, 0x00, 0xff, 0x03, 0x00, 0x05, 0x08, 0xd8, 0x00, 0x00, 0x00,
  0x02, 0x92, 0x02, 0x00, 0x00, 0x11, 0x4d, 0x1b, 0xb4, 0x0f, 0x00, 0x00,
  0x0c, 0x92, 0x02, 0x00, 0x00, 0x02, 0x23, 0x00, 0x00, 0x00, 0x11, 0x4f,
  0x1e, 0xc5, 0x0f, 0x00, 0x00, 0x05, 0x08, 0xcb, 0x0f, 0x00, 0x00, 0x0c,
  0xf8, 0x09, 0x00, 0x00, 0x02, 0x46, 0x02, 0x00, 0x00, 0x11, 0x50, 0x0f,
  0xb3, 0x00, 0x00, 0x00, 0x02, 0xb5, 0x06, 0x00, 0x00, 0x11, 0x52, 0x0d,
  0xe8, 0x0f, 0x00, 0x00, 0x10, 0x40, 0x00, 0x00, 0x00, 0x06, 0x10, 0x00,
  0x00, 0x11, 0xd0, 0x0f, 0x00, 0x00, 0x11, 0x06, 0x10, 0x00, 0x00, 0x11,
  0x40, 0x00, 0x00, 0x00, 0x11, 0x0c, 0x10, 0x00, 0x00, 0x00, 0x05, 0x08,
  0xa8, 0x0f, 0x00, 0x00, 0x05, 0x08, 0x5c, 0x00, 0x00, 0x00, 0x02, 0x31,
  0x09, 0x00, 0x00, 0x11, 0x54, 0x0e, 0x1e, 0x10, 0x00, 0x00, 0x12, 0x29,
  0x10, 0x00, 0x00, 0x11, 0xd0, 0x0f, 0x00, 0x00, 0x00, 0x02, 0xbe, 0x0c,
  0x00, 0x00, 0x11, 0x58, 0x17, 0x35, 0x10, 0x00, 0x00, 0x05, 0x08, 0x3b,
  0x10, 0x00, 0x00, 0x10, 0xb9, 0x0f, 0x00, 0x00, 0x5e, 0x10, 0x00, 0x00,
  0x11, 0x06, 0x10, 0x00, 0x00, 0x11, 0x5c, 0x00, 0x00, 0x00, 0x11, 0x5e,
  0x10, 0x00, 0x00, 0x11, 0xd0, 0x0f, 0x00, 0x00, 0x11, 0x64, 0x10, 0x00,
  0x00, 0x00, 0x05, 0x08, 0xdc, 0x0f, 0x00, 0x00, 0x05, 0x08, 0x12, 0x10,
  0x00, 0x00, 0x02, 0xf3, 0x07, 0x00, 0x00, 0x11, 0x5f, 0x10, 0x76, 0x10,
  0x00, 0x00, 0x05, 0x08, 0x7c, 0x10, 0x00, 0x00, 0x12, 0x88, 0x10, 0x00,
  0x00, 0x11, 0x06, 0x10, 0x00, 0x00, 0x1c, 0x00, 0x02, 0x64, 0x09, 0x00,
  0x00, 0x11, 0x6e, 0x0f, 0xb3, 0x00, 0x00, 0x00, 0x09, 0xd1, 0x09, 0x00,
  0x00, 0x28, 0x11, 0x70, 0x10, 0xf0, 0x10, 0x00, 0x00, 0x0a, 0x19, 0x0b,
  0x00, 0x00, 0x11, 0x71, 0x14, 0xf0, 0x10, 0x00, 0x00, 0x00, 0x0a, 0x7f,
  0x04, 0x00, 0x00, 0x11, 0x72, 0x09, 0x40, 0x00, 0x00, 0x00, 0x08, 0x0a,
  0x19, 0x07, 0x00, 0x00, 0x11, 0x73, 0x09, 0x40, 0x00, 0x00, 0x00, 0x0c,
  0x0a, 0xc3, 0x01, 0x00, 0x00, 0x11, 0x74, 0x09, 0x40, 0x00, 0x00, 0x00,
  0x10, 0x0a, 0x00, 0x03, 0x00, 0x00, 0x11, 0x75, 0x09, 0x40, 0x00, 0x00,
  0x00, 0x14, 0x0a, 0xf8, 0x0b, 0x00, 0x00, 0x11, 0x76, 0x09, 0xf6, 0x10,
  0x00, 0x00, 0x18, 0x00, 0x05, 0x08, 0x73, 0x00, 0x00, 0x00, 0x19, 0x40,
  0x00, 0x00, 0x00, 0x06, 0x11, 0x00, 0x00, 0x1a, 0x39, 0x00, 0x00, 0x00,
  0x03, 0x00, 0x02, 0xd1, 0x09, 0x00, 0x00, 0x11, 0x77, 0x03, 0x94, 0x10,
  0x00, 0x00, 0x02, 0xd8, 0x03, 0x00, 0x00, 0x11, 0x7a, 0x0f, 0x1e, 0x11,
  0x00, 0x00, 0x05, 0x08, 0x24, 0x11, 0x00, 0x00, 0x10, 0x40, 0x00, 0x00,
  0x00, 0x56, 0x11, 0x00, 0x00, 0x11, 0x06, 0x10, 0x00, 0x00, 0x11, 0x88,
  0x10, 0x00, 0x00, 0x11, 0x56, 0x11, 0x00, 0x00, 0x11, 0x40, 0x00, 0x00,
  0x00, 0x11, 0x40, 0x00, 0x00, 0x00, 0x11, 0x40, 0x00, 0x00, 0x00, 0x11,
  0x40, 0x00, 0x00, 0x00, 0x11, 0x40, 0x00, 0x00, 0x00, 0x00, 0x05, 0x08,
  0x06, 0x11, 0x00, 0x00, 0x02, 0xa0, 0x0a, 0x00, 0x00, 0x11, 0x84, 0x1a,
  0x68, 0x11, 0x00, 0x00, 0x05, 0x08, 0x6e, 0x11, 0x00, 0x00, 0x10, 0x88,
  0x10, 0x00, 0x00, 0x82, 0x11, 0x00, 0x00, 0x11, 0x06, 0x10, 0x00, 0x00,
  0x11, 0x5c, 0x00, 0x00, 0x00, 0x00, 0x02, 0x33, 0x02, 0x00, 0x00, 0x11,
  0x86, 0x0f, 0x8e, 0x11, 0x00, 0x00, 0x05, 0x08, 0x94, 0x11, 0x00, 0x00,
  0x10, 0x40, 0x00, 0x00, 0x00, 0xa8, 0x11, 0x00, 0x00, 0x11, 0x88, 0x10,
  0x00, 0x00, 0x11, 0x56, 0x11, 0x00, 0x00, 0x00, 0x1d, 0x73, 0x09, 0x00,
  0x00, 0x01, 0x33, 0x1c, 0x29, 0x10, 0x00, 0x00, 0x09, 0x03, 0xa8, 0x41,
  0x00, 0x00, 0x00, 0x00, 0x00, 0x00, 0x1d, 0x46, 0x05, 0x00, 0x00, 0x01,
  0x34, 0x1b, 0x6a, 0x10, 0x00, 0x00, 0x09, 0x03, 0xa0, 0x41, 0x00, 0x00,
  0x00, 0x00, 0x00, 0x00, 0x1d, 0x06, 0x09, 0x00, 0x00, 0x01, 0x35, 0x17,
  0x5c, 0x11, 0x00, 0x00, 0x09, 0x03, 0x98, 0x41, 0x00, 0x00, 0x00, 0x00,
  0x00, 0x00, 0x1d, 0x20, 0x05, 0x00, 0x00, 0x01, 0x36, 0x1b, 0x82, 0x11,
  0x00, 0x00, 0x09, 0x03, 0x90, 0x41, 0x00, 0x00, 0x00, 0x00, 0x00, 0x00,
  0x1d, 0x58, 0x0c, 0x00, 0x00, 0x01, 0x37, 0x1b, 0x12, 0x11, 0x00, 0x00,
  0x09, 0x03, 0x88, 0x41, 0x00, 0x00, 0x00, 0x00, 0x00, 0x00, 0x1e, 0xa0,
  0x04, 0x00, 0x00, 0x03, 0xdd, 0x01, 0x12, 0x29, 0x12, 0x00, 0x00, 0x11,
  0x9f, 0x05, 0x00, 0x00, 0x00, 0x1f, 0x68, 0x0a, 0x00, 0x00, 0x12, 0x2a,
  0x14, 0xc6, 0x00, 0x00, 0x00, 0x3f, 0x12, 0x00, 0x00, 0x11, 0x9f, 0x05,
  0x00, 0x00, 0x00, 0x20, 0x93, 0x00, 0x00, 0x00, 0x13, 0x23, 0x03, 0x17,
  0x9f, 0x05, 0x00, 0x00, 0x56, 0x12, 0x00, 0x00, 0x11, 0x9f, 0x05, 0x00,
  0x00, 0x00, 0x20, 0x42, 0x00, 0x00, 0x00, 0x03, 0x21, 0x01, 0x18, 0x9f,
  0x05, 0x00, 0x00, 0x72, 0x12, 0x00, 0x00, 0x11, 0x9f, 0x05, 0x00, 0x00,
  0x11, 0x5c, 0x00, 0x00, 0x00, 0x00, 0x1f, 0xc6, 0x0a, 0x00, 0x00, 0x14,
  0x2e, 0x18, 0x9f, 0x05, 0x00, 0x00, 0x88, 0x12, 0x00, 0x00, 0x11, 0x5c,
  0x00, 0x00, 0x00, 0x00, 0x21, 0x58, 0x05, 0x00, 0x00, 0x16, 0x12, 0x12,
  0x1f, 0xd1, 0x01, 0x00, 0x00, 0x15, 0x3c, 0x0c, 0x40, 0x00, 0x00, 0x00,
  0xa6, 0x12, 0x00, 0x00, 0x11, 0xb3, 0x00, 0x00, 0x00, 0x00, 0x1f, 0xd2,
  0x07, 0x00, 0x00, 0x15, 0x38, 0x0e, 0xb3, 0x00, 0x00, 0x00, 0xc1, 0x12,
  0x00, 0x00, 0x11, 0x5c, 0x00, 0x00, 0x00, 0x11, 0x40, 0x00, 0x00, 0x00,
  0x00, 0x22, 0xac, 0x04, 0x00, 0x00, 0x16, 0x0d, 0x12, 0xd8, 0x12, 0x00,
  0x00, 0x11, 0x9f, 0x05, 0x00, 0x00, 0x11, 0x5c, 0x00, 0x00, 0x00, 0x00,
  0x1f, 0x40, 0x01, 0x00, 0x00, 0x15, 0x40, 0x0e, 0xb3, 0x00, 0x00, 0x00,
  0xf3, 0x12, 0x00, 0x00, 0x11, 0xb5, 0x00, 0x00, 0x00, 0x11, 0x62, 0x00,
  0x00, 0x00, 0x00, 0x23, 0xe4, 0x09, 0x00, 0x00, 0x15, 0x52, 0x0e, 0xc6,
  0x00, 0x00, 0x00, 0x1f, 0x6a, 0x00, 0x00, 0x00, 0x17, 0x8c, 0x0c, 0x40,
  0x00, 0x00, 0x00, 0x1f, 0x13, 0x00, 0x00, 0x11, 0x5c, 0x00, 0x00, 0x00,
  0x11, 0x5c, 0x00, 0x00, 0x00, 0x11, 0x2d, 0x00, 0x00, 0x00, 0x00, 0x1f,
  0xab, 0x0c, 0x00, 0x00, 0x17, 0x89, 0x0c, 0x40, 0x00, 0x00, 0x00, 0x3a,
  0x13, 0x00, 0x00, 0x11, 0x5c, 0x00, 0x00, 0x00, 0x11, 0x5c, 0x00, 0x00,
  0x00, 0x00, 0x1f, 0xeb, 0x0a, 0x00, 0x00, 0x02, 0xb0, 0x11, 0x47, 0x00,
  0x00, 0x00, 0x5a, 0x13, 0x00, 0x00, 0x11, 0x62, 0x00, 0x00, 0x00, 0x11,
  0x03, 0x01, 0x00, 0x00, 0x11, 0x40, 0x00, 0x00, 0x00, 0x00, 0x24, 0x4f,
  0x0b, 0x00, 0x00, 0x01, 0x98, 0x01, 0x01, 0x40, 0x00, 0x00, 0x00, 0x30,
  0x17, 0x00, 0x00, 0x00, 0x00, 0x00, 0x00, 0x92, 0x01, 0x00, 0x00, 0x00,
  0x00, 0x00, 0x00, 0x01, 0x9c, 0x05, 0x17, 0x00, 0x00, 0x25, 0x72, 0x65,
  0x74, 0x00, 0x01, 0x9e, 0x01, 0x09, 0x40, 0x00, 0x00, 0x00, 0x0e, 0x00,
  0x00, 0x00, 0x00, 0x00, 0x00, 0x00, 0x26, 0x11, 0x06, 0x00, 0x00, 0x01,
  0x9f, 0x01, 0x0b, 0xb3, 0x00, 0x00, 0x00, 0xb3, 0x00, 0x00, 0x00, 0xad,
  0x00, 0x00, 0x00, 0x26, 0x1d, 0x0c, 0x00, 0x00, 0x01, 0x9f, 0x01, 0x1a,
  0xb3, 0x00, 0x00, 0x00, 0x04, 0x01, 0x00, 0x00, 0xfc, 0x00, 0x00, 0x00,
  0x26, 0x5d, 0x02, 0x00, 0x00, 0x01, 0xa0, 0x01, 0x0b, 0xc6, 0x00, 0x00,
  0x00, 0x62, 0x01, 0x00, 0x00, 0x60, 0x01, 0x00, 0x00, 0x26, 0x75, 0x02,
  0x00, 0x00, 0x01, 0xa1, 0x01, 0x0f, 0x9f, 0x05, 0x00, 0x00, 0x93, 0x01,
  0x00, 0x00, 0x85, 0x01, 0x00, 0x00, 0x26, 0x09, 0x06, 0x00, 0x00, 0x01,
  0xa1, 0x01, 0x20, 0x9f, 0x05, 0x00, 0x00, 0x3a, 0x02, 0x00, 0x00, 0x2a,
  0x02, 0x00, 0x00, 0x26, 0x27, 0x07, 0x00, 0x00, 0x01, 0xa1, 0x01, 0x31,
  0x9f, 0x05, 0x00, 0x00, 0xf6, 0x02, 0x00, 0x00, 0xe6, 0x02, 0x00, 0x00,
  0x27, 0xd7, 0x04, 0x00, 0x00, 0x01, 0xc6, 0x01, 0x01, 0x28, 0xdc, 0x1c,
  0x00, 0x00, 0xe9, 0x17, 0x00, 0x00, 0x00, 0x00, 0x00, 0x00, 0x01, 0xb0,
  0x00, 0x00, 0x00, 0x01, 0xc8, 0x01, 0x05, 0x91, 0x14, 0x00, 0x00, 0x29,
  0xea, 0x1c, 0x00, 0x00, 0xaf, 0x03, 0x00, 0x00, 0xa3, 0x03, 0x00, 0x00,
  0x2a, 0xf7, 0x1c, 0x00, 0x00, 0xe9, 0x17, 0x00, 0x00, 0x00, 0x00, 0x00,
  0x00, 0x04, 0x20, 0x01, 0x00, 0x00, 0x03, 0x5a, 0x02, 0x09, 0x29, 0x05,
  0x1d, 0x00, 0x00, 0x38, 0x04, 0x00, 0x00, 0x32, 0x04, 0x00, 0x00, 0x2b,
  0x97, 0x18, 0x00, 0x00, 0x00, 0x00, 0x00, 0x00, 0x16, 0x12, 0x00, 0x00,
  0x7b, 0x14, 0x00, 0x00, 0x2c, 0x01, 0x55, 0x02, 0x7c, 0x00, 0x00, 0x2d,
  0xa8, 0x18, 0x00, 0x00, 0x00, 0x00, 0x00, 0x00, 0x16, 0x12, 0x00, 0x00,
  0x2c, 0x01, 0x55, 0x02, 0x7c, 0x00, 0x00, 0x00, 0x00, 0x28, 0xdc, 0x1c,
  0x00, 0x00, 0x18, 0x18, 0x00, 0x00, 0x00, 0x00, 0x00, 0x00, 0x05, 0x60,
  0x01, 0x00, 0x00, 0x01, 0xc9, 0x01, 0x05, 0xf1, 0x14, 0x00, 0x00, 0x29,
  0xea, 0x1c, 0x00, 0x00, 0x8b, 0x04, 0x00, 0x00, 0x81, 0x04, 0x00, 0x00,
  0x2a, 0xf7, 0x1c, 0x00, 0x00, 0xf4, 0x17, 0x00, 0x00, 0x00, 0x00, 0x00,
  0x00, 0x02, 0xc0, 0x01, 0x00, 0x00, 0x03, 0x5a, 0x02, 0x09, 0x29, 0x05,
  0x1d, 0x00, 0x00, 0x00, 0x05, 0x00, 0x00, 0xfc, 0x04, 0x00, 0x00, 0x2d,
  0x78, 0x18, 0x00, 0x00, 0x00, 0x00, 0x00, 0x00, 0x16, 0x12, 0x00, 0x00,
  0x2c, 0x01, 0x55, 0x02, 0x7d, 0x00, 0x00, 0x00, 0x00, 0x28, 0xdc, 0x1c,
  0x00, 0x00, 0xfb, 0x17, 0x00, 0x00, 0x00, 0x00, 0x00, 0x00, 0x02, 0xf0,
  0x01, 0x00, 0x00, 0x01, 0xca, 0x01, 0x05, 0x5d, 0x15, 0x00, 0x00, 0x29,
  0xea, 0x1c, 0x00, 0x00, 0x3c, 0x05, 0x00, 0x00, 0x36, 0x05, 0x00, 0x00,
  0x2e, 0xf7, 0x1c, 0x00, 0x00, 0x00, 0x18, 0x00, 0x00, 0x00, 0x00, 0x00,
  0x00, 0x01, 0x00, 0x18, 0x00, 0x00, 0x00, 0x00, 0x00, 0x00, 0x10, 0x00,
  0x00, 0x00, 0x00, 0x00, 0x00, 0x00, 0x03, 0x5a, 0x02, 0x09, 0x29, 0x05,
  0x1d, 0x00, 0x00, 0x89, 0x05, 0x00, 0x00, 0x87, 0x05, 0x00, 0x00, 0x2d,
  0x0e, 0x18, 0x00, 0x00, 0x00, 0x00, 0x00, 0x00, 0x16, 0x12, 0x00, 0x00,
  0x2c, 0x01, 0x55, 0x02, 0x7e, 0x00, 0x00, 0x00, 0x00, 0x2b, 0x4a, 0x17,
  0x00, 0x00, 0x00, 0x00, 0x00, 0x00, 0xa6, 0x12, 0x00, 0x00, 0x79, 0x15,
  0x00, 0x00, 0x2c, 0x01, 0x55, 0x01, 0x30, 0x2c, 0x01, 0x54, 0x01, 0x31,
  0x00, 0x2b, 0x55, 0x17, 0x00, 0x00, 0x00, 0x00, 0x00, 0x00, 0x05, 0x17,
  0x00, 0x00, 0x91, 0x15, 0x00, 0x00, 0x2c, 0x01, 0x55, 0x02, 0x76, 0x00,
  0x00, 0x2f, 0x62, 0x17, 0x00, 0x00, 0x00, 0x00, 0x00, 0x00, 0x88, 0x12,
  0x00, 0x00, 0x2b, 0x6e, 0x17, 0x00, 0x00, 0x00, 0x00, 0x00, 0x00, 0x72,
  0x12, 0x00, 0x00, 0xbd, 0x15, 0x00, 0x00, 0x2c, 0x01, 0x55, 0x09, 0x03,
  0x02, 0x21, 0x00, 0x00, 0x00, 0x00, 0x00, 0x00, 0x00, 0x2b, 0x89, 0x17,
  0x00, 0x00, 0x00, 0x00, 0x00, 0x00, 0x56, 0x12, 0x00, 0x00, 0xe2, 0x15,
  0x00, 0x00, 0x2c, 0x01, 0x55, 0x02, 0x7c, 0x00, 0x2c, 0x01, 0x54, 0x09,
  0x03, 0x16, 0x21, 0x00, 0x00, 0x00, 0x00, 0x00, 0x00, 0x00, 0x2b, 0x9d,
  0x17, 0x00, 0x00, 0x00, 0x00, 0x00, 0x00, 0x3f, 0x12, 0x00, 0x00, 0xfa,
  0x15, 0x00, 0x00, 0x2c, 0x01, 0x55, 0x02, 0x7d, 0x00, 0x00, 0x2b, 0xb1,
  0x17, 0x00, 0x00, 0x00, 0x00, 0x00, 0x00, 0x29, 0x12, 0x00, 0x00, 0x12,
  0x16, 0x00, 0x00, 0x2c, 0x01, 0x55, 0x02, 0x7e, 0x00, 0x00, 0x2b, 0xc7,
  0x17, 0x00, 0x00, 0x00, 0x00, 0x00, 0x00, 0xa6, 0x12, 0x00, 0x00, 0x29,
  0x16, 0x00, 0x00, 0x2c, 0x01, 0x54, 0x01, 0x31, 0x00, 0x2b, 0xd7, 0x17,
  0x00, 0x00, 0x00, 0x00, 0x00, 0x00, 0x05, 0x17, 0x00, 0x00, 0x41, 0x16,
  0x00, 0x00, 0x2c, 0x01, 0x55, 0x02, 0x7f, 0x00, 0x00, 0x2b, 0xe1, 0x17,
  0x00, 0x00, 0x00, 0x00, 0x00, 0x00, 0x90, 0x12, 0x00, 0x00, 0x59, 0x16,
  0x00, 0x00, 0x2c, 0x01, 0x55, 0x02, 0x7f, 0x00, 0x00, 0x2b, 0xe9, 0x17,
  0x00, 0x00, 0x00, 0x00, 0x00, 0x00, 0x90, 0x12, 0x00, 0x00, 0x71, 0x16,
  0x00, 0x00, 0x2c, 0x01, 0x55, 0x02, 0x76, 0x00, 0x00, 0x2b, 0x18, 0x18,
  0x00, 0x00, 0x00, 0x00, 0x00, 0x00, 0x90, 0x12, 0x00, 0x00, 0x89, 0x16,
  0x00, 0x00, 0x2c, 0x01, 0x55, 0x02, 0x76, 0x00, 0x00, 0x2b, 0x3a, 0x18,
  0x00, 0x00, 0x00, 0x00, 0x00, 0x00, 0x90, 0x12, 0x00, 0x00, 0xa1, 0x16,
  0x00, 0x00, 0x2c, 0x01, 0x55, 0x02, 0x76, 0x00, 0x00, 0x2b, 0x56, 0x18,
  0x00, 0x00, 0x00, 0x00, 0x00, 0x00, 0xc1, 0x12, 0x00, 0x00, 0xc0, 0x16,
  0x00, 0x00, 0x2c, 0x01, 0x54, 0x09, 0x03, 0x28, 0x21, 0x00, 0x00, 0x00,
  0x00, 0x00, 0x00, 0x00, 0x2b, 0x63, 0x18, 0x00, 0x00, 0x00, 0x00, 0x00,
  0x00, 0x90, 0x12, 0x00, 0x00, 0xd8, 0x16, 0x00, 0x00, 0x2c, 0x01, 0x55,
  0x02, 0x76, 0x00, 0x00, 0x2b, 0x88, 0x18, 0x00, 0x00, 0x00, 0x00, 0x00,
  0x00, 0x90, 0x12, 0x00, 0x00, 0xf0, 0x16, 0x00, 0x00, 0x2c, 0x01, 0x55,
  0x02, 0x76, 0x00, 0x00, 0x2d, 0xbd, 0x18, 0x00, 0x00, 0x00, 0x00, 0x00,
  0x00, 0x90, 0x12, 0x00, 0x00, 0x2c, 0x01, 0x55, 0x02, 0x76, 0x00, 0x00,
  0x00, 0x30, 0xf1, 0x01, 0x00, 0x00, 0x01, 0x7d, 0x01, 0x01, 0x40, 0x00,
  0x00, 0x00, 0x01, 0x25, 0x17, 0x00, 0x00, 0x31, 0x6c, 0x69, 0x62, 0x00,
  0x01, 0x7d, 0x01, 0x14, 0xb3, 0x00, 0x00, 0x00, 0x00, 0x30, 0x8f, 0x08,
  0x00, 0x00, 0x01, 0x6a, 0x01, 0x01, 0xb3, 0x00, 0x00, 0x00, 0x01, 0x6e,
  0x17, 0x00, 0x00, 0x32, 0x2f, 0x00, 0x00, 0x00, 0x01, 0x6a, 0x01, 0x0e,
  0xb3, 0x00, 0x00, 0x00, 0x32, 0x7d, 0x02, 0x00, 0x00, 0x01, 0x6a, 0x01,
  0x26, 0x5c, 0x00, 0x00, 0x00, 0x33, 0xdd, 0x06, 0x00, 0x00, 0x01, 0x71,
  0x01, 0x0b, 0xb3, 0x00, 0x00, 0x00, 0x34, 0x33, 0xe6, 0x09, 0x00, 0x00,
  0x01, 0x76, 0x01, 0x15, 0x5c, 0x00, 0x00, 0x00, 0x00, 0x00, 0x35, 0xc8,
  0x05, 0x00, 0x00, 0x01, 0xbb, 0x01, 0xf0, 0x15, 0x00, 0x00, 0x00, 0x00,
  0x00, 0x00, 0x3a, 0x00, 0x00, 0x00, 0x00, 0x00, 0x00, 0x00, 0x01, 0x9c,
  0x0e, 0x18, 0x00, 0x00, 0x36, 0x09, 0x04, 0x00, 0x00, 0x01, 0xbb, 0x1c,
  0x06, 0x10, 0x00, 0x00, 0xb4, 0x05, 0x00, 0x00, 0xac, 0x05, 0x00, 0x00,
  0x37, 0x0d, 0x16, 0x00, 0x00, 0x00, 0x00, 0x00, 0x00, 0xd8, 0x17, 0x00,
  0x00, 0x2c, 0x01, 0x55, 0x02, 0x73, 0x00, 0x2c, 0x01, 0x54, 0x09, 0x03,
  0x8f, 0x20, 0x00, 0x00, 0x00, 0x00, 0x00, 0x00, 0x2c, 0x01, 0x51, 0x09,
  0x03, 0x10, 0x14, 0x00, 0x00, 0x00, 0x00, 0x00, 0x00, 0x2c, 0x01, 0x52,
  0x01, 0x30, 0x2c, 0x01, 0x58, 0x01, 0x30, 0x00, 0x38, 0x2a, 0x16, 0x00,
  0x00, 0x00, 0x00, 0x00, 0x00, 0x2c, 0x01, 0x55, 0x03, 0xf3, 0x01, 0x55,
  0x2c, 0x01, 0x54, 0x09, 0x03, 0x9e, 0x20, 0x00, 0x00, 0x00, 0x00, 0x00,
  0x00, 0x2c, 0x01, 0x51, 0x09, 0x03, 0x40, 0x12, 0x00, 0x00, 0x00, 0x00,
  0x00, 0x00, 0x2c, 0x01, 0x52, 0x01, 0x30, 0x2c, 0x01, 0x58, 0x01, 0x30,
  0x00, 0x00, 0x39, 0x8e, 0x01, 0x00, 0x00, 0x01, 0x90, 0x01, 0x40, 0x00,
  0x00, 0x00, 0x40, 0x12, 0x00, 0x00, 0x00, 0x00, 0x00, 0x00, 0xc5, 0x01,
  0x00, 0x00, 0x00, 0x00, 0x00, 0x00, 0x01, 0x9c, 0x57, 0x1a, 0x00, 0x00,
  0x36, 0xd9, 0x02, 0x00, 0x00, 0x01, 0x91, 0x10, 0xd0, 0x0f, 0x00, 0x00,
  0x1b, 0x06, 0x00, 0x00, 0x13, 0x06, 0x00, 0x00, 0x36, 0x09, 0x04, 0x00,
  0x00, 0x01, 0x91, 0x28, 0x06, 0x10, 0x00, 0x00, 0x8d, 0x06, 0x00, 0x00,
  0x7d, 0x06, 0x00, 0x00, 0x36, 0x67, 0x07, 0x00, 0x00, 0x01, 0x91, 0x34,
  0x40, 0x00, 0x00, 0x00, 0x43, 0x07, 0x00, 0x00, 0x3b, 0x07, 0x00, 0x00,
  0x36, 0x97, 0x07, 0x00, 0x00, 0x01, 0x91, 0x47, 0x0c, 0x10, 0x00, 0x00,
  0xb5, 0x07, 0x00, 0x00, 0xa5, 0x07, 0x00, 0x00, 0x3a, 0x69, 0x6d, 0x00,
  0x01, 0x92, 0x0d, 0xe1, 0x0d, 0x00, 0x00, 0x6a, 0x08, 0x00, 0x00, 0x66,
  0x08, 0x00, 0x00, 0x3b, 0x4c, 0x08, 0x00, 0x00, 0x01, 0x93, 0x14, 0x88,
  0x10, 0x00, 0x00, 0xa8, 0x08, 0x00, 0x00, 0xa0, 0x08, 0x00, 0x00, 0x1d,
  0xf4, 0x08, 0x00, 0x00, 0x01, 0x94, 0x18, 0x06, 0x11, 0x00, 0x00, 0x03,
  0x91, 0xb0, 0x7f, 0x3a, 0x78, 0x00, 0x01, 0x95, 0x09, 0x40, 0x00, 0x00,
  0x00, 0x08, 0x09, 0x00, 0x00, 0x04, 0x09, 0x00, 0x00, 0x3a, 0x79, 0x00,
  0x01, 0x95, 0x0c, 0x40, 0x00, 0x00, 0x00, 0x43, 0x09, 0x00, 0x00, 0x3f,
  0x09, 0x00, 0x00, 0x3a, 0x7a, 0x00, 0x01, 0x95, 0x0f, 0x40, 0x00, 0x00,
  0x00, 0x86, 0x09, 0x00, 0x00, 0x7a, 0x09, 0x00, 0x00, 0x3c, 0x00, 0x00,
  0x00, 0x00, 0x25, 0x19, 0x00, 0x00, 0x3a, 0x6f, 0x75, 0x74, 0x00, 0x01,
  0xae, 0x10, 0x6e, 0x0f, 0x00, 0x00, 0x10, 0x0a, 0x00, 0x00, 0x0e, 0x0a,
  0x00, 0x00, 0x3d, 0x30, 0x00, 0x00, 0x00, 0x3b, 0xf8, 0x0b, 0x00, 0x00,
  0x01, 0xb1, 0x15, 0x40, 0x00, 0x00, 0x00, 0x41, 0x0a, 0x00, 0x00, 0x33,
  0x0a, 0x00, 0x00, 0x00, 0x00, 0x3e, 0xb3, 0x1c, 0x00, 0x00, 0x99, 0x12,
  0x00, 0x00, 0x00, 0x00, 0x00, 0x00, 0x01, 0x99, 0x12, 0x00, 0x00, 0x00,
  0x00, 0x00, 0x00, 0x1c, 0x00, 0x00, 0x00, 0x00, 0x00, 0x00, 0x00, 0x01,
  0xa5, 0x0a, 0xac, 0x19, 0x00, 0x00, 0x29, 0xc4, 0x1c, 0x00, 0x00, 0xdc,
  0x0a, 0x00, 0x00, 0xda, 0x0a, 0x00, 0x00, 0x3f, 0xd0, 0x1c, 0x00, 0x00,
  0x08, 0x0b, 0x00, 0x00, 0x00, 0x0b, 0x00, 0x00, 0x40, 0x12, 0x1d, 0x00,
  0x00, 0x99, 0x12, 0x00, 0x00, 0x00, 0x00, 0x00, 0x00, 0x04, 0x99, 0x12,
  0x00, 0x00, 0x00, 0x00, 0x00, 0x00, 0x13, 0x00, 0x00, 0x00, 0x00, 0x00,
  0x00, 0x00, 0x01, 0x41, 0x0a, 0x29, 0x24, 0x1d, 0x00, 0x00, 0x66, 0x0b,
  0x00, 0x00, 0x64, 0x0b, 0x00, 0x00, 0x2d, 0xa9, 0x12, 0x00, 0x00, 0x00,
  0x00, 0x00, 0x00, 0x3a, 0x13, 0x00, 0x00, 0x2c, 0x01, 0x54, 0x01, 0x30,
  0x2c, 0x01, 0x51, 0x01, 0x3a, 0x00, 0x00, 0x00, 0x37, 0x72, 0x12, 0x00,
  0x00, 0x00, 0x00, 0x00, 0x00, 0xdf, 0x19, 0x00, 0x00, 0x2c, 0x01, 0x55,
  0x02, 0x76, 0x00, 0x2c, 0x01, 0x54, 0x09, 0x03, 0x14, 0x20, 0x00, 0x00,
  0x00, 0x00, 0x00, 0x00, 0x2c, 0x01, 0x52, 0x09, 0x03, 0x00, 0x20, 0x00,
  0x00, 0x00, 0x00, 0x00, 0x00, 0x2c, 0x01, 0x58, 0x01, 0x30, 0x00, 0x37,
  0x8d, 0x12, 0x00, 0x00, 0x00, 0x00, 0x00, 0x00, 0xf3, 0x19, 0x00, 0x00,
  0x2c, 0x01, 0x55, 0x02, 0x76, 0x00, 0x00, 0x37, 0xc1, 0x12, 0x00, 0x00,
  0x00, 0x00, 0x00, 0x00, 0x0e, 0x1a, 0x00, 0x00, 0x2c, 0x01, 0x55, 0x02,
  0x7c, 0x00, 0x2c, 0x01, 0x54, 0x03, 0x91, 0xb0, 0x7f, 0x00, 0x37, 0xe7,
  0x13, 0x00, 0x00, 0x00, 0x00, 0x00, 0x00, 0x34, 0x1a, 0x00, 0x00, 0x2c,
  0x01, 0x55, 0x02, 0x76, 0x00, 0x2c, 0x01, 0x54, 0x09, 0x03, 0x1c, 0x20,
  0x00, 0x00, 0x00, 0x00, 0x00, 0x00, 0x2c, 0x01, 0x51, 0x01, 0x30, 0x00,
  0x41, 0x00, 0x14, 0x00, 0x00, 0x00, 0x00, 0x00, 0x00, 0x2c, 0x01, 0x55,
  0x02, 0x76, 0x00, 0x2c, 0x01, 0x54, 0x09, 0x03, 0x34, 0x20, 0x00, 0x00,
  0x00, 0x00, 0x00, 0x00, 0x2c, 0x01, 0x51, 0x01, 0x30, 0x00, 0x00, 0x39,
  0x0e, 0x05, 0x00, 0x00, 0x01, 0x4b, 0x01, 0x40, 0x00, 0x00, 0x00, 0x10,
  0x14, 0x00, 0x00, 0x00, 0x00, 0x00, 0x00, 0xd9, 0x01, 0x00, 0x00, 0x00,
  0x00, 0x00, 0x00, 0x01, 0x9c, 0xb3, 0x1c, 0x00, 0x00, 0x36, 0xd9, 0x02,
  0x00, 0x00, 0x01, 0x4c, 0x10, 0xd0, 0x0f, 0x00, 0x00, 0x92, 0x0b, 0x00,
  0x00, 0x8a, 0x0b, 0x00, 0x00, 0x36, 0x09, 0x04, 0x00, 0x00, 0x01, 0x4c,
  0x28, 0x06, 0x10, 0x00, 0x00, 0x00, 0x0c, 0x00, 0x00, 0xf4, 0x0b, 0x00,
  0x00, 0x36, 0x67, 0x07, 0x00, 0x00, 0x01, 0x4c, 0x34, 0x40, 0x00, 0x00,
  0x00, 0x90, 0x0c, 0x00, 0x00, 0x88, 0x0c, 0x00, 0x00, 0x36, 0x97, 0x07,
  0x00, 0x00, 0x01, 0x4c, 0x47, 0x0c, 0x10, 0x00, 0x00, 0x02, 0x0d, 0x00,
  0x00, 0xf2, 0x0c, 0x00, 0x00, 0x3a, 0x69, 0x6d, 0x00, 0x01, 0x4d, 0x0d,
  0xe1, 0x0d, 0x00, 0x00, 0xbd, 0x0d, 0x00, 0x00, 0xb3, 0x0d, 0x00, 0x00,
  0x3b, 0x4c, 0x08, 0x00, 0x00, 0x01, 0x4e, 0x14, 0x88, 0x10, 0x00, 0x00,
  0x34, 0x0e, 0x00, 0x00, 0x2c, 0x0e, 0x00, 0x00, 0x1d, 0xf4, 0x08, 0x00,
  0x00, 0x01, 0x4f, 0x18, 0x06, 0x11, 0x00, 0x00, 0x03, 0x91, 0xa0, 0x7f,
  0x3e, 0xb3, 0x1c, 0x00, 0x00, 0x71, 0x14, 0x00, 0x00, 0x00, 0x00, 0x00,
  0x00, 0x01, 0x71, 0x14, 0x00, 0x00, 0x00, 0x00, 0x00, 0x00, 0x1c, 0x00,
  0x00, 0x00, 0x00, 0x00, 0x00, 0x00, 0x01, 0x5f, 0x0a, 0x87, 0x1b, 0x00,
  0x00, 0x29, 0xc4, 0x1c, 0x00, 0x00, 0x92, 0x0e, 0x00, 0x00, 0x90, 0x0e,
  0x00, 0x00, 0x3f, 0xd0, 0x1c, 0x00, 0x00, 0xc4, 0x0e, 0x00, 0x00, 0xb6,
  0x0e, 0x00, 0x00, 0x40, 0x12, 0x1d, 0x00, 0x00, 0x71, 0x14, 0x00, 0x00,
  0x00, 0x00, 0x00, 0x00, 0x04, 0x71, 0x14, 0x00, 0x00, 0x00, 0x00, 0x00,
  0x00, 0x13, 0x00, 0x00, 0x00, 0x00, 0x00, 0x00, 0x00, 0x01, 0x41, 0x0a,
  0x29, 0x24, 0x1d, 0x00, 0x00, 0x5b, 0x0f, 0x00, 0x00, 0x59, 0x0f, 0x00,
  0x00, 0x2d, 0x81, 0x14, 0x00, 0x00, 0x00, 0x00, 0x00, 0x00, 0x3a, 0x13,
  0x00, 0x00, 0x2c, 0x01, 0x54, 0x01, 0x30, 0x2c, 0x01, 0x51, 0x01, 0x3a,
  0x00, 0x00, 0x00, 0x37, 0x44, 0x14, 0x00, 0x00, 0x00, 0x00, 0x00, 0x00,
  0xba, 0x1b, 0x00, 0x00, 0x2c, 0x01, 0x55, 0x02, 0x73, 0x00, 0x2c, 0x01,
  0x54, 0x09, 0x03, 0x14, 0x20, 0x00, 0x00, 0x00, 0x00, 0x00, 0x00, 0x2c,
  0x01, 0x52, 0x09, 0x03, 0x3d, 0x20, 0x00, 0x00, 0x00, 0x00, 0x00, 0x00,
  0x2c, 0x01, 0x58, 0x01, 0x30, 0x00, 0x37, 0x65, 0x14, 0x00, 0x00, 0x00,
  0x00, 0x00, 0x00, 0xce, 0x1b, 0x00, 0x00, 0x2c, 0x01, 0x55, 0x02, 0x73,
  0x00, 0x00, 0x37, 0x05, 0x15, 0x00, 0x00, 0x00, 0x00, 0x00, 0x00, 0xf9,
  0x1b, 0x00, 0x00, 0x2c, 0x01, 0x55, 0x02, 0x73, 0x00, 0x2c, 0x01, 0x54,
  0x02, 0x7c, 0x00, 0x2c, 0x01, 0x51, 0x03, 0x91, 0xa0, 0x7f, 0x2c, 0x01,
  0x52, 0x01, 0x30, 0x2c, 0x01, 0x58, 0x01, 0x30, 0x00, 0x37, 0x2c, 0x15,
  0x00, 0x00, 0x00, 0x00, 0x00, 0x00, 0x1f, 0x1c, 0x00, 0x00, 0x2c, 0x01,
  0x55, 0x02, 0x73, 0x00, 0x2c, 0x01, 0x54, 0x09, 0x03, 0x51, 0x20, 0x00,
  0x00, 0x00, 0x00, 0x00, 0x00, 0x2c, 0x01, 0x51, 0x01, 0x30, 0x00, 0x2b,
  0x7e, 0x15, 0x00, 0x00, 0x00, 0x00, 0x00, 0x00, 0x1f, 0x13, 0x00, 0x00,
  0x44, 0x1c, 0x00, 0x00, 0x2c, 0x01, 0x55, 0x02, 0x76, 0x00, 0x2c, 0x01,
  0x54, 0x09, 0x03, 0x81, 0x20, 0x00, 0x00, 0x00, 0x00, 0x00, 0x00, 0x00,
  0x37, 0xa4, 0x15, 0x00, 0x00, 0x00, 0x00, 0x00, 0x00, 0x6a, 0x1c, 0x00,
  0x00, 0x2c, 0x01, 0x55, 0x02, 0x73, 0x00, 0x2c, 0x01, 0x54, 0x09, 0x03,
  0x34, 0x20, 0x00, 0x00, 0x00, 0x00, 0x00, 0x00, 0x2c, 0x01, 0x51, 0x01,
  0x30, 0x00, 0x37, 0xc4, 0x15, 0x00, 0x00, 0x00, 0x00, 0x00, 0x00, 0x90,
  0x1c, 0x00, 0x00, 0x2c, 0x01, 0x55, 0x02, 0x73, 0x00, 0x2c, 0x01, 0x54,
  0x09, 0x03, 0x6e, 0x20, 0x00, 0x00, 0x00, 0x00, 0x00, 0x00, 0x2c, 0x01,
  0x51, 0x01, 0x30, 0x00, 0x41, 0xe4, 0x15, 0x00, 0x00, 0x00, 0x00, 0x00,
  0x00, 0x2c, 0x01, 0x55, 0x02, 0x73, 0x00, 0x2c, 0x01, 0x54, 0x09, 0x03,
  0x86, 0x20, 0x00, 0x00, 0x00, 0x00, 0x00, 0x00, 0x2c, 0x01, 0x51, 0x01,
  0x30, 0x00, 0x00, 0x42, 0x86, 0x0a, 0x00, 0x00, 0x01, 0x3a, 0x01, 0xe1,
  0x0d, 0x00, 0x00, 0x01, 0xdc, 0x1c, 0x00, 0x00, 0x43, 0x82, 0x02, 0x00,
  0x00, 0x01, 0x3a, 0x19, 0x5c, 0x00, 0x00, 0x00, 0x44, 0x69, 0x64, 0x00,
  0x01, 0x3b, 0x10, 0x14, 0x01, 0x00, 0x00, 0x00, 0x45, 0xd7, 0x05, 0x00,
  0x00, 0x03, 0x57, 0x02, 0x14, 0x03, 0xf7, 0x1c, 0x00, 0x00, 0x31, 0x6f,
  0x70, 0x00, 0x03, 0x57, 0x02, 0x29, 0x9f, 0x05, 0x00, 0x00, 0x00, 0x45,
  0xc7, 0x09, 0x00, 0x00, 0x03, 0x15, 0x02, 0x14, 0x03, 0x12, 0x1d, 0x00,
  0x00, 0x31, 0x6f, 0x70, 0x00, 0x03, 0x15, 0x02, 0x28, 0x9f, 0x05, 0x00,
  0x00, 0x00, 0x30, 0x13, 0x00, 0x00, 0x00, 0x02, 0x6e, 0x01, 0x01, 0x47,
  0x00, 0x00, 0x00, 0x03, 0x32, 0x1d, 0x00, 0x00, 0x32, 0xa0, 0x01, 0x00,
  0x00, 0x02, 0x6e, 0x01, 0x01, 0x5c, 0x00, 0x00, 0x00, 0x00, 0x46, 0x25,
  0x17, 0x00, 0x00, 0x30, 0x16, 0x00, 0x00, 0x00, 0x00, 0x00, 0x00, 0x51,
  0x00, 0x00, 0x00, 0x00, 0x00, 0x00, 0x00, 0x01, 0x9c, 0x1f, 0x1e, 0x00,
  0x00, 0x29, 0x37, 0x17, 0x00, 0x00, 0x85, 0x0f, 0x00, 0x00, 0x7f, 0x0f,
  0x00, 0x00, 0x29, 0x44, 0x17, 0x00, 0x00, 0xdb, 0x0f, 0x00, 0x00, 0xd1,
  0x0f, 0x00, 0x00, 0x3f, 0x51, 0x17, 0x00, 0x00, 0x56, 0x10, 0x00, 0x00,
  0x50, 0x10, 0x00, 0x00, 0x47, 0x25, 0x17, 0x00, 0x00, 0x60, 0x16, 0x00,
  0x00, 0x00, 0x00, 0x00, 0x00, 0x00, 0x60, 0x16, 0x00, 0x00, 0x00, 0x00,
  0x00, 0x00, 0x17, 0x00, 0x00, 0x00, 0x00, 0x00, 0x00, 0x00, 0x01, 0x6a,
  0x01, 0x01, 0xf7, 0x1d, 0x00, 0x00, 0x29, 0x37, 0x17, 0x00, 0x00, 0xa1,
  0x10, 0x00, 0x00, 0x9f, 0x10, 0x00, 0x00, 0x29, 0x44, 0x17, 0x00, 0x00,
  0xc9, 0x10, 0x00, 0x00, 0xc7, 0x10, 0x00, 0x00, 0x48, 0x51, 0x17, 0x00,
  0x00, 0x49, 0x5e, 0x17, 0x00, 0x00, 0x60, 0x16, 0x00, 0x00, 0x00, 0x00,
  0x00, 0x00, 0x17, 0x00, 0x00, 0x00, 0x00, 0x00, 0x00, 0x00, 0x3f, 0x5f,
  0x17, 0x00, 0x00, 0xf0, 0x10, 0x00, 0x00, 0xec, 0x10, 0x00, 0x00, 0x2f,
  0x65, 0x16, 0x00, 0x00, 0x00, 0x00, 0x00, 0x00, 0xf3, 0x12, 0x00, 0x00,
  0x2f, 0x77, 0x16, 0x00, 0x00, 0x00, 0x00, 0x00, 0x00, 0xc1, 0x12, 0x00,
  0x00, 0x00, 0x00, 0x2f, 0x41, 0x16, 0x00, 0x00, 0x00, 0x00, 0x00, 0x00,
  0xf3, 0x12, 0x00, 0x00, 0x2d, 0x4c, 0x16, 0x00, 0x00, 0x00, 0x00, 0x00,
  0x00, 0xd8, 0x12, 0x00, 0x00, 0x2c, 0x01, 0x55, 0x02, 0x73, 0x00, 0x2c,
  0x01, 0x54, 0x02, 0x76, 0x00, 0x00, 0x00, 0x4a, 0x05, 0x17, 0x00, 0x00,
  0x90, 0x16, 0x00, 0x00, 0x00, 0x00, 0x00, 0x00, 0x97, 0x00, 0x00, 0x00,
  0x00, 0x00, 0x00, 0x00, 0x01, 0x9c, 0x29, 0x17, 0x17, 0x00, 0x00, 0x30,
  0x11, 0x00, 0x00, 0x26, 0x11, 0x00, 0x00, 0x28, 0x05, 0x17, 0x00, 0x00,
  0xfd, 0x16, 0x00, 0x00, 0x00, 0x00, 0x00, 0x00, 0x00, 0x80, 0x00, 0x00,
  0x00, 0x01, 0x7d, 0x01, 0x01, 0x8c, 0x1e, 0x00, 0x00, 0x29, 0x17, 0x17,
  0x00, 0x00, 0xa9, 0x11, 0x00, 0x00, 0xa5, 0x11, 0x00, 0x00, 0x2d, 0x0c,
  0x17, 0x00, 0x00, 0x00, 0x00, 0x00, 0x00, 0x25, 0x17, 0x00, 0x00, 0x2c,
  0x01, 0x55, 0x02, 0x73, 0x00, 0x2c, 0x01, 0x54, 0x09, 0x03, 0xf1, 0x20,
  0x00, 0x00, 0x00, 0x00, 0x00, 0x00, 0x00, 0x00, 0x2b, 0xa0, 0x16, 0x00,
  0x00, 0x00, 0x00, 0x00, 0x00, 0x25, 0x17, 0x00, 0x00, 0xb1, 0x1e, 0x00,
  0x00, 0x2c, 0x01, 0x55, 0x02, 0x73, 0x00, 0x2c, 0x01, 0x54, 0x09, 0x03,
  0xb0, 0x20, 0x00, 0x00, 0x00, 0x00, 0x00, 0x00, 0x00, 0x2b, 0xbb, 0x16,
  0x00, 0x00, 0x00, 0x00, 0x00, 0x00, 0x25, 0x17, 0x00, 0x00, 0xd6, 0x1e,
  0x00, 0x00, 0x2c, 0x01, 0x55, 0x02, 0x73, 0x00, 0x2c, 0x01, 0x54, 0x09,
  0x03, 0xc2, 0x20, 0x00, 0x00, 0x00, 0x00, 0x00, 0x00, 0x00, 0x2b, 0xd6,
  0x16, 0x00, 0x00, 0x00, 0x00, 0x00, 0x00, 0x25, 0x17, 0x00, 0x00, 0xfb,
  0x1e, 0x00, 0x00, 0x2c, 0x01, 0x55, 0x02, 0x73, 0x00, 0x2c, 0x01, 0x54,
  0x09, 0x03, 0xd3, 0x20, 0x00, 0x00, 0x00, 0x00, 0x00, 0x00, 0x00, 0x2d,
  0xf1, 0x16, 0x00, 0x00, 0x00, 0x00, 0x00, 0x00, 0x25, 0x17, 0x00, 0x00,
  0x2c, 0x01, 0x55, 0x02, 0x73, 0x00, 0x2c, 0x01, 0x54, 0x09, 0x03, 0xe4,
  0x20, 0x00, 0x00, 0x00, 0x00, 0x00, 0x00, 0x00, 0x00, 0x00, 0x22, 0x11,
  0x00, 0x00, 0x04, 0x00, 0x6d, 0x04, 0x00, 0x00, 0x08, 0x01, 0xad, 0x00,
  0x00, 0x00, 0x0c, 0x75, 0x0d, 0x00, 0x00, 0x2a, 0x02, 0x00, 0x00, 0xd0,
  0x18, 0x00, 0x00, 0x00, 0x00, 0x00, 0x00, 0x94, 0x00, 0x00, 0x00, 0x00,
  0x00, 0x00, 0x00, 0x74, 0x08, 0x00, 0x00, 0x02, 0x17, 0x09, 0x00, 0x00,
  0x03, 0xd6, 0x17, 0x39, 0x00, 0x00, 0x00, 0x03, 0x08, 0x07, 0x60, 0x03,
  0x00, 0x00, 0x04, 0x04, 0x05, 0x69, 0x6e, 0x74, 0x00, 0x03, 0x08, 0x05,
  0x23, 0x06, 0x00, 0x00, 0x03, 0x08, 0x05, 0x1e, 0x06, 0x00, 0x00, 0x03,
  0x02, 0x07, 0x9a, 0x0b, 0x00, 0x00, 0x05, 0x08, 0x69, 0x00, 0x00, 0x00,
  0x03, 0x01, 0x06, 0x28, 0x0a, 0x00, 0x00, 0x06, 0x62, 0x00, 0x00, 0x00,
  0x03, 0x01, 0x08, 0x1f, 0x0a, 0x00, 0x00, 0x03, 0x04, 0x07, 0x65, 0x03,
  0x00, 0x00, 0x03, 0x01, 0x06, 0x21, 0x0a, 0x00, 0x00, 0x03, 0x02, 0x05,
  0x52, 0x08, 0x00, 0x00, 0x07, 0x08, 0x02, 0x14, 0x09, 0x00, 0x00, 0x04,
  0xbf, 0x1b, 0x47, 0x00, 0x00, 0x00, 0x05, 0x08, 0x62, 0x00, 0x00, 0x00,
  0x02, 0x16, 0x09, 0x00, 0x00, 0x05, 0x6c, 0x13, 0x8c, 0x00, 0x00, 0x00,
  0x03, 0x08, 0x07, 0x5b, 0x03, 0x00, 0x00, 0x02, 0xe6, 0x04, 0x00, 0x00,
  0x06, 0x83, 0x19, 0x9e, 0x00, 0x00, 0x00, 0x02, 0x59, 0x00, 0x00, 0x00,
  0x06, 0x91, 0x14, 0xb1, 0x00, 0x00, 0x00, 0x03, 0x04, 0x04, 0x89, 0x09,
  0x00, 0x00, 0x03, 0x08, 0x04, 0x49, 0x0c, 0x00, 0x00, 0x08, 0xbe, 0x09,
  0x00, 0x00, 0x08, 0x07, 0x34, 0x08, 0xff, 0x00, 0x00, 0x00, 0x09, 0xb4,
  0x01, 0x00, 0x00, 0x07, 0x36, 0x09, 0x40, 0x00, 0x00, 0x00, 0x00, 0x09,
  0x08, 0x00, 0x00, 0x00, 0x07, 0x37, 0x09, 0x40, 0x00, 0x00, 0x00, 0x04,
  0x00, 0x05, 0x08, 0xd7, 0x00, 0x00, 0x00, 0x0a, 0xff, 0x00, 0x00, 0x00,
  0x02, 0x9f, 0x0d, 0x00, 0x00, 0x08, 0x0c, 0x1c, 0x16, 0x01, 0x00, 0x00,
  0x08, 0x9f, 0x0d, 0x00, 0x00, 0x68, 0x09, 0x4a, 0x08, 0x99, 0x01, 0x00,
  0x00, 0x09, 0x49, 0x0d, 0x00, 0x00, 0x09, 0x4b, 0x14, 0x3e, 0x0e, 0x00,
  0x00, 0x00, 0x09, 0x13, 0x0d, 0x00, 0x00, 0x09, 0x4c, 0x0f, 0x5c, 0x00,
  0x00, 0x00, 0x28, 0x09, 0x0d, 0x0d, 0x00, 0x00, 0x09, 0x4d, 0x0f, 0x5c,
  0x00, 0x00, 0x00, 0x30, 0x09, 0xf7, 0x0d, 0x00, 0x00, 0x09, 0x4e, 0x0e,
  0xb1, 0x00, 0x00, 0x00, 0x38, 0x09, 0xce, 0x0d, 0x00, 0x00, 0x09, 0x4f,
  0x10, 0xd3, 0x0d, 0x00, 0x00, 0x40, 0x09, 0x05, 0x0d, 0x00, 0x00, 0x09,
  0x50, 0x15, 0x4a, 0x0e, 0x00, 0x00, 0x48, 0x09, 0xe5, 0x0d, 0x00, 0x00,
  0x09, 0x51, 0x10, 0xce, 0x07, 0x00, 0x00, 0x50, 0x09, 0xd8, 0x0d, 0x00,
  0x00, 0x09, 0x52, 0x0b, 0xc4, 0x06, 0x00, 0x00, 0x58, 0x09, 0xe3, 0x0c,
  0x00, 0x00, 0x09, 0x53, 0x0c, 0xf9, 0x07, 0x00, 0x00, 0x60, 0x00, 0x02,
  0xea, 0x0c, 0x00, 0x00, 0x08, 0x0d, 0x21, 0xa5, 0x01, 0x00, 0x00, 0x08,
  0xea, 0x0c, 0x00, 0x00, 0x10, 0x09, 0x3c, 0x08, 0xcd, 0x01, 0x00, 0x00,
  0x09, 0x70, 0x0d, 0x00, 0x00, 0x09, 0x3d, 0x09, 0x40, 0x00, 0x00, 0x00,
  0x00, 0x09, 0x1f, 0x0d, 0x00, 0x00, 0x09, 0x3e, 0x0b, 0x8a, 0x00, 0x00,
  0x00, 0x08, 0x00, 0x02, 0xcc, 0x08, 0x00, 0x00, 0x08, 0x0e, 0x1c, 0xd9,
  0x01, 0x00, 0x00, 0x08, 0xcc, 0x08, 0x00, 0x00, 0x20, 0x0a, 0x36, 0x08,
  0x1b, 0x02, 0x00, 0x00, 0x09, 0x70, 0x08, 0x00, 0x00, 0x0a, 0x37, 0x12,
  0x5c, 0x00, 0x00, 0x00, 0x00, 0x09, 0x6d, 0x02, 0x00, 0x00, 0x0a, 0x38,
  0x11, 0xe5, 0x0d, 0x00, 0x00, 0x08, 0x09, 0x10, 0x0b, 0x00, 0x00, 0x0a,
  0x39, 0x11, 0x40, 0x00, 0x00, 0x00, 0x10, 0x09, 0xbd, 0x08, 0x00, 0x00,
  0x0a, 0x3b, 0x12, 0x5c, 0x00, 0x00, 0x00, 0x18, 0x00, 0x02, 0x72, 0x00,
  0x00, 0x00, 0x08, 0x0f, 0x1c, 0x27, 0x02, 0x00, 0x00, 0x08, 0x72, 0x00,
  0x00, 0x00, 0x28, 0x0b, 0x0b, 0x08, 0x76, 0x02, 0x00, 0x00, 0x09, 0x82,
  0x02, 0x00, 0x00, 0x0b, 0x0c, 0x11, 0x5c, 0x00, 0x00, 0x00, 0x00, 0x0b,
  0x67, 0x65, 0x74, 0x00, 0x0b, 0x0d, 0x0c, 0x6a, 0x0e, 0x00, 0x00, 0x08,
  0x0b, 0x73, 0x65, 0x74, 0x00, 0x0b, 0x0e, 0x0c, 0x76, 0x0e, 0x00, 0x00,
  0x10, 0x0b, 0x64, 0x6f, 0x63, 0x00, 0x0b, 0x0f, 0x11, 0x5c, 0x00, 0x00,
  0x00, 0x18, 0x09, 0xc4, 0x08, 0x00, 0x00, 0x0b, 0x10, 0x0b, 0x8a, 0x00,
  0x00, 0x00, 0x20, 0x00, 0x02, 0xec, 0x09, 0x00, 0x00, 0x08, 0x10, 0x1c,
  0x82, 0x02, 0x00, 0x00, 0x0c, 0xec, 0x09, 0x00, 0x00, 0x02, 0x73, 0x06,
  0x00, 0x00, 0x08, 0x12, 0x18, 0x93, 0x02, 0x00, 0x00, 0x08, 0x1e, 0x04,
  0x00, 0x00, 0x10, 0x02, 0x64, 0x08, 0xbb, 0x02, 0x00, 0x00, 0x09, 0x85,
  0x08, 0x00, 0x00, 0x02, 0x66, 0x10, 0xb1, 0x00, 0x00, 0x00, 0x00, 0x09,
  0xcd, 0x0b, 0x00, 0x00, 0x02, 0x67, 0x13, 0x1c, 0x06, 0x00, 0x00, 0x08,
  0x00, 0x02, 0xca, 0x04, 0x00, 0x00, 0x08, 0x14, 0x1c, 0xc7, 0x02, 0x00,
  0x00, 0x0d, 0xa7, 0x05, 0x00, 0x00, 0x98, 0x01, 0x0c, 0x94, 0x08, 0x66,
  0x05, 0x00, 0x00, 0x09, 0x0a, 0x03, 0x00, 0x00, 0x0c, 0x95, 0x05, 0x46,
  0x06, 0x00, 0x00, 0x00, 0x09, 0x68, 0x01, 0x00, 0x00, 0x0c, 0x96, 0x11,
  0x5c, 0x00, 0x00, 0x00, 0x18, 0x09, 0x7b, 0x07, 0x00, 0x00, 0x0c, 0x97,
  0x10, 0xb1, 0x00, 0x00, 0x00, 0x20, 0x09, 0x2e, 0x07, 0x00, 0x00, 0x0c,
  0x97, 0x1e, 0xb1, 0x00, 0x00, 0x00, 0x28, 0x09, 0x0a, 0x01, 0x00, 0x00,
  0x0c, 0x9b, 0x10, 0x16, 0x08, 0x00, 0x00, 0x30, 0x09, 0xea, 0x0b, 0x00,
  0x00, 0x0c, 0x9c, 0x10, 0xb1, 0x00, 0x00, 0x00, 0x38, 0x09, 0xb7, 0x02,
  0x00, 0x00, 0x0c, 0x9d, 0x11, 0x33, 0x08, 0x00, 0x00, 0x40, 0x09, 0x6b,
  0x0c, 0x00, 0x00, 0x0c, 0x9e, 0x11, 0x65, 0x08, 0x00, 0x00, 0x48, 0x09,
  0x9c, 0x03, 0x00, 0x00, 0x0c, 0x9f, 0x15, 0xb5, 0x0d, 0x00, 0x00, 0x50,
  0x09, 0xd8, 0x08, 0x00, 0x00, 0x0c, 0xa1, 0x0e, 0x9c, 0x08, 0x00, 0x00,
  0x58, 0x09, 0x62, 0x0b, 0x00, 0x00, 0x0c, 0xa5, 0x16, 0xbb, 0x0d, 0x00,
  0x00, 0x60, 0x09, 0x59, 0x0a, 0x00, 0x00, 0x0c, 0xa6, 0x18, 0xc1, 0x0d,
  0x00, 0x00, 0x68, 0x09, 0x32, 0x01, 0x00, 0x00, 0x0c, 0xa7, 0x17, 0xc7,
  0x0d, 0x00, 0x00, 0x70, 0x09, 0x26, 0x04, 0x00, 0x00, 0x0c, 0xab, 0x0e,
  0xa8, 0x08, 0x00, 0x00, 0x78, 0x09, 0x68, 0x08, 0x00, 0x00, 0x0c, 0xac,
  0x11, 0x99, 0x06, 0x00, 0x00, 0x80, 0x09, 0x09, 0x0b, 0x00, 0x00, 0x0c,
  0xad, 0x0e, 0x9c, 0x08, 0x00, 0x00, 0x88, 0x09, 0x87, 0x03, 0x00, 0x00,
  0x0c, 0xae, 0x12, 0x59, 0x08, 0x00, 0x00, 0x90, 0x09, 0x9c, 0x06, 0x00,
  0x00, 0x0c, 0xaf, 0x12, 0x90, 0x08, 0x00, 0x00, 0x98, 0x09, 0x4f, 0x04,
  0x00, 0x00, 0x0c, 0xb2, 0x14, 0xcd, 0x0d, 0x00, 0x00, 0xa0, 0x09, 0x1c,
  0x08, 0x00, 0x00, 0x0c, 0xb5, 0x13, 0x39, 0x00, 0x00, 0x00, 0xa8, 0x09,
  0x07, 0x07, 0x00, 0x00, 0x0c, 0xb7, 0x11, 0x5c, 0x00, 0x00, 0x00, 0xb0,
  0x09, 0x2e, 0x04, 0x00, 0x00, 0x0c, 0xbb, 0x12, 0xce, 0x07, 0x00, 0x00,
  0xb8, 0x09, 0x3a, 0x0b, 0x00, 0x00, 0x0c, 0xbe, 0x0d, 0xc4, 0x06, 0x00,
  0x00, 0xc0, 0x09, 0x40, 0x04, 0x00, 0x00, 0x0c, 0xc2, 0x11, 0xc9, 0x08,
  0x00, 0x00, 0xc8, 0x09, 0x9d, 0x02, 0x00, 0x00, 0x0c, 0xc5, 0x10, 0xb1,
  0x00, 0x00, 0x00, 0xd0, 0x09, 0x1c, 0x03, 0x00, 0x00, 0x0c, 0xc8, 0x11,
  0xf4, 0x08, 0x00, 0x00, 0xd8, 0x09, 0xb1, 0x03, 0x00, 0x00, 0x0c, 0xc9,
  0x12, 0x00, 0x09, 0x00, 0x00, 0xe0, 0x09, 0x0e, 0x07, 0x00, 0x00, 0x0c,
  0xcc, 0x12, 0xd3, 0x0d, 0x00, 0x00, 0xe8, 0x09, 0x48, 0x06, 0x00, 0x00,
  0x0c, 0xcd, 0x12, 0xd9, 0x0d, 0x00, 0x00, 0xf0, 0x09, 0x04, 0x05, 0x00,
  0x00, 0x0c, 0xce, 0x12, 0xdf, 0x0d, 0x00, 0x00, 0xf8, 0x0e, 0xd0, 0x06,
  0x00, 0x00, 0x0c, 0xd0, 0x13, 0x1c, 0x06, 0x00, 0x00, 0x00, 0x01, 0x0e,
  0xb5, 0x08, 0x00, 0x00, 0x0c, 0xd1, 0x0f, 0xff, 0x05, 0x00, 0x00, 0x08,
  0x01, 0x0e, 0xd9, 0x07, 0x00, 0x00, 0x0c, 0xd2, 0x12, 0x0c, 0x09, 0x00,
  0x00, 0x10, 0x01, 0x0e, 0x6f, 0x0b, 0x00, 0x00, 0x0c, 0xd3, 0x12, 0x18,
  0x09, 0x00, 0x00, 0x18, 0x01, 0x0e, 0x92, 0x0a, 0x00, 0x00, 0x0c, 0xd4,
  0x10, 0xb1, 0x00, 0x00, 0x00, 0x20, 0x01, 0x0e, 0xc9, 0x01, 0x00, 0x00,
  0x0c, 0xd5, 0x0e, 0x24, 0x09, 0x00, 0x00, 0x28, 0x01, 0x0e, 0xcf, 0x03,
  0x00, 0x00, 0x0c, 0xd6, 0x0f, 0x5b, 0x09, 0x00, 0x00, 0x30, 0x01, 0x0e,
  0x89, 0x0b, 0x00, 0x00, 0x0c, 0xd7, 0x0d, 0x30, 0x09, 0x00, 0x00, 0x38,
  0x01, 0x0e, 0x78, 0x08, 0x00, 0x00, 0x0c, 0xd8, 0x0e, 0xf9, 0x07, 0x00,
  0x00, 0x40, 0x01, 0x0e, 0x3f, 0x0a, 0x00, 0x00, 0x0c, 0xd9, 0x0d, 0xc4,
  0x06, 0x00, 0x00, 0x48, 0x01, 0x0e, 0xac, 0x08, 0x00, 0x00, 0x0c, 0xda,
  0x0f, 0xff, 0x05, 0x00, 0x00, 0x50, 0x01, 0x0e, 0x8c, 0x04, 0x00, 0x00,
  0x0c, 0xdb, 0x0f, 0xff, 0x05, 0x00, 0x00, 0x58, 0x01, 0x0e, 0x72, 0x03,
  0x00, 0x00, 0x0c, 0xdc, 0x0f, 0xff, 0x05, 0x00, 0x00, 0x60, 0x01, 0x0e,
  0xbc, 0x04, 0x00, 0x00, 0x0c, 0xdd, 0x0f, 0xff, 0x05, 0x00, 0x00, 0x68,
  0x01, 0x0e, 0x1e, 0x02, 0x00, 0x00, 0x0c, 0xde, 0x0f, 0xff, 0x05, 0x00,
  0x00, 0x70, 0x01, 0x0e, 0xff, 0x0b, 0x00, 0x00, 0x0c, 0xdf, 0x10, 0x16,
  0x08, 0x00, 0x00, 0x78, 0x01, 0x0e, 0x88, 0x07, 0x00, 0x00, 0x0c, 0xe2,
  0x12, 0x75, 0x00, 0x00, 0x00, 0x80, 0x01, 0x0e, 0x3d, 0x0c, 0x00, 0x00,
  0x0c, 0xe4, 0x10, 0x16, 0x08, 0x00, 0x00, 0x88, 0x01, 0x0e, 0x10, 0x04,
  0x00, 0x00, 0x0c, 0xe5, 0x14, 0x10, 0x0a, 0x00, 0x00, 0x90, 0x01, 0x00,
  0x0f, 0x50, 0x0d, 0x14, 0x09, 0xff, 0x05, 0x00, 0x00, 0x0b, 0x62, 0x75,
  0x66, 0x00, 0x0d, 0x15, 0x0b, 0x8a, 0x00, 0x00, 0x00, 0x00, 0x0b, 0x6f,
  0x62, 0x6a, 0x00, 0x0d, 0x16, 0x0f, 0xff, 0x05, 0x00, 0x00, 0x08, 0x0b,
  0x6c, 0x65, 0x6e, 0x00, 0x0d, 0x17, 0x10, 0xb1, 0x00, 0x00, 0x00, 0x10,
  0x09, 0x31, 0x07, 0x00, 0x00, 0x0d, 0x18, 0x10, 0xb1, 0x00, 0x00, 0x00,
  0x18, 0x09, 0x52, 0x03, 0x00, 0x00, 0x0d, 0x1a, 0x09, 0x40, 0x00, 0x00,
  0x00, 0x20, 0x09, 0x80, 0x08, 0x00, 0x00, 0x0d, 0x1b, 0x09, 0x40, 0x00,
  0x00, 0x00, 0x24, 0x09, 0x63, 0x00, 0x00, 0x00, 0x0d, 0x1c, 0x0b, 0x98,
  0x00, 0x00, 0x00, 0x28, 0x09, 0x3a, 0x04, 0x00, 0x00, 0x0d, 0x1d, 0x11,
  0x0a, 0x06, 0x00, 0x00, 0x30, 0x09, 0x3a, 0x00, 0x00, 0x00, 0x0d, 0x1e,
  0x11, 0x0a, 0x06, 0x00, 0x00, 0x38, 0x09, 0x22, 0x0b, 0x00, 0x00, 0x0d,
  0x1f, 0x11, 0x0a, 0x06, 0x00, 0x00, 0x40, 0x09, 0x3d, 0x05, 0x00, 0x00,
  0x0d, 0x20, 0x0b, 0x8a, 0x00, 0x00, 0x00, 0x48, 0x00, 0x05, 0x08, 0x87,
  0x02, 0x00, 0x00, 0x06, 0xff, 0x05, 0x00, 0x00, 0x05, 0x08, 0xb1, 0x00,
  0x00, 0x00, 0x02, 0x64, 0x05, 0x00, 0x00, 0x0d, 0x21, 0x03, 0x66, 0x05,
  0x00, 0x00, 0x05, 0x08, 0xbb, 0x02, 0x00, 0x00, 0x0f, 0x18, 0x02, 0x6d,
  0x09, 0x46, 0x06, 0x00, 0x00, 0x09, 0x0a, 0x03, 0x00, 0x00, 0x02, 0x6e,
  0x0e, 0x87, 0x02, 0x00, 0x00, 0x00, 0x09, 0x25, 0x08, 0x00, 0x00, 0x02,
  0x6f, 0x10, 0xb1, 0x00, 0x00, 0x00, 0x10, 0x00, 0x02, 0xc6, 0x07, 0x00,
  0x00, 0x02, 0x70, 0x03, 0x22, 0x06, 0x00, 0x00, 0x02, 0x99, 0x0c, 0x00,
  0x00, 0x02, 0xc4, 0x16, 0x5e, 0x06, 0x00, 0x00, 0x05, 0x08, 0x64, 0x06,
  0x00, 0x00, 0x10, 0xff, 0x05, 0x00, 0x00, 0x73, 0x06, 0x00, 0x00, 0x11,
  0xff, 0x05, 0x00, 0x00, 0x00, 0x02, 0x18, 0x00, 0x00, 0x00, 0x02, 0xc5,
  0x16, 0x7f, 0x06, 0x00, 0x00, 0x05, 0x08, 0x85, 0x06, 0x00, 0x00, 0x10,
  0xff, 0x05, 0x00, 0x00, 0x99, 0x06, 0x00, 0x00, 0x11, 0xff, 0x05, 0x00,
  0x00, 0x11, 0xff, 0x05, 0x00, 0x00, 0x00, 0x02, 0xf2, 0x0a, 0x00, 0x00,
  0x02, 0xc6, 0x16, 0xa5, 0x06, 0x00, 0x00, 0x05, 0x08, 0xab, 0x06, 0x00,
  0x00, 0x10, 0xff, 0x05, 0x00, 0x00, 0xc4, 0x06, 0x00, 0x00, 0x11, 0xff,
  0x05, 0x00, 0x00, 0x11, 0xff, 0x05, 0x00, 0x00, 0x11, 0xff, 0x05, 0x00,
  0x00, 0x00, 0x02, 0xa3, 0x0c, 0x00, 0x00, 0x02, 0xc7, 0x0f, 0xd0, 0x06,
  0x00, 0x00, 0x05, 0x08, 0xd6, 0x06, 0x00, 0x00, 0x10, 0x40, 0x00, 0x00,
  0x00, 0xe5, 0x06, 0x00, 0x00, 0x11, 0xff, 0x05, 0x00, 0x00, 0x00, 0x02,
  0xdf, 0x01, 0x00, 0x00, 0x02, 0xc8, 0x16, 0xf1, 0x06, 0x00, 0x00, 0x05,
  0x08, 0xf7, 0x06, 0x00, 0x00, 0x10, 0xb1, 0x00, 0x00, 0x00, 0x06, 0x07,
  0x00, 0x00, 0x11, 0xff, 0x05, 0x00, 0x00, 0x00, 0x02, 0x8c, 0x0c, 0x00,
  0x00, 0x02, 0xc9, 0x15, 0x12, 0x07, 0x00, 0x00, 0x05, 0x08, 0x18, 0x07,
  0x00, 0x00, 0x10, 0xff, 0x05, 0x00, 0x00, 0x2c, 0x07, 0x00, 0x00, 0x11,
  0xff, 0x05, 0x00, 0x00, 0x11, 0xb1, 0x00, 0x00, 0x00, 0x00, 0x02, 0x54,
  0x09, 0x00, 0x00, 0x02, 0xcb, 0x0e, 0x38, 0x07, 0x00, 0x00, 0x05, 0x08,
  0x3e, 0x07, 0x00, 0x00, 0x10, 0x40, 0x00, 0x00, 0x00, 0x57, 0x07, 0x00,
  0x00, 0x11, 0xff, 0x05, 0x00, 0x00, 0x11, 0xb1, 0x00, 0x00, 0x00, 0x11,
  0xff, 0x05, 0x00, 0x00, 0x00, 0x02, 0x3a, 0x07, 0x00, 0x00, 0x02, 0xcd,
  0x0e, 0x63, 0x07, 0x00, 0x00, 0x05, 0x08, 0x69, 0x07, 0x00, 0x00, 0x10,
  0x40, 0x00, 0x00, 0x00, 0x82, 0x07, 0x00, 0x00, 0x11, 0xff, 0x05, 0x00,
  0x00, 0x11, 0xff, 0x05, 0x00, 0x00, 0x11, 0xff, 0x05, 0x00, 0x00, 0x00,
  0x02, 0x2d, 0x08, 0x00, 0x00, 0x02, 0xcf, 0x0f, 0x8e, 0x07, 0x00, 0x00,
  0x05, 0x08, 0x94, 0x07, 0x00, 0x00, 0x10, 0x40, 0x00, 0x00, 0x00, 0xa8,
  0x07, 0x00, 0x00, 0x11, 0xff, 0x05, 0x00, 0x00, 0x11, 0xff, 0x05, 0x00,
  0x00, 0x00, 0x02, 0x38, 0x06, 0x00, 0x00, 0x02, 0xd0, 0x0f, 0xb4, 0x07,
  0x00, 0x00, 0x05, 0x08, 0xba, 0x07, 0x00, 0x00, 0x10, 0x40, 0x00, 0x00,
  0x00, 0xce, 0x07, 0x00, 0x00, 0x11, 0xff, 0x05, 0x00, 0x00, 0x11, 0x8a,
  0x00, 0x00, 0x00, 0x00, 0x02, 0x79, 0x0a, 0x00, 0x00, 0x02, 0xd1, 0x0f,
  0xda, 0x07, 0x00, 0x00, 0x05, 0x08, 0xe0, 0x07, 0x00, 0x00, 0x10, 0x40,
  0x00, 0x00, 0x00, 0xf9, 0x07, 0x00, 0x00, 0x11, 0xff, 0x05, 0x00, 0x00,
  0x11, 0xa8, 0x07, 0x00, 0x00, 0x11, 0x8a, 0x00, 0x00, 0x00, 0x00, 0x02,
  0xac, 0x07, 0x00, 0x00, 0x02, 0xd4, 0x10, 0x05, 0x08, 0x00, 0x00, 0x05,
  0x08, 0x0b, 0x08, 0x00, 0x00, 0x12, 0x16, 0x08, 0x00, 0x00, 0x11, 0x8a,
  0x00, 0x00, 0x00, 0x00, 0x02, 0x87, 0x02, 0x00, 0x00, 0x02, 0xd5, 0x10,
  0x22, 0x08, 0x00, 0x00, 0x05, 0x08, 0x28, 0x08, 0x00, 0x00, 0x12, 0x33,
  0x08, 0x00, 0x00, 0x11, 0xff, 0x05, 0x00, 0x00, 0x00, 0x02, 0x51, 0x02,
  0x00, 0x00, 0x02, 0xd6, 0x15, 0x3f, 0x08, 0x00, 0x00, 0x05, 0x08, 0x45,
  0x08, 0x00, 0x00, 0x10, 0xff, 0x05, 0x00, 0x00, 0x59, 0x08, 0x00, 0x00,
  0x11, 0xff, 0x05, 0x00, 0x00, 0x11, 0x98, 0x00, 0x00, 0x00, 0x00, 0x02,
  0x2d, 0x0b, 0x00, 0x00, 0x02, 0xd7, 0x15, 0x7f, 0x06, 0x00, 0x00, 0x02,
  0xec, 0x05, 0x00, 0x00, 0x02, 0xd8, 0x0f, 0x71, 0x08, 0x00, 0x00, 0x05,
  0x08, 0x77, 0x08, 0x00, 0x00, 0x10, 0x40, 0x00, 0x00, 0x00, 0x90, 0x08,
  0x00, 0x00, 0x11, 0xff, 0x05, 0x00, 0x00, 0x11, 0x98, 0x00, 0x00, 0x00,
  0x11, 0xff, 0x05, 0x00, 0x00, 0x00, 0x02, 0x7e, 0x00, 0x00, 0x00, 0x02,
  0xd9, 0x0f, 0x63, 0x07, 0x00, 0x00, 0x02, 0x28, 0x09, 0x00, 0x00, 0x02,
  0xda, 0x15, 0x5e, 0x06, 0x00, 0x00, 0x02, 0xa8, 0x03, 0x00, 0x00, 0x02,
  0xdb, 0x15, 0xb4, 0x08, 0x00, 0x00, 0x05, 0x08, 0xba, 0x08, 0x00, 0x00,
  0x10, 0xbd, 0x00, 0x00, 0x00, 0xc9, 0x08, 0x00, 0x00, 0x11, 0xff, 0x05,
  0x00, 0x00, 0x00, 0x02, 0x43, 0x0b, 0x00, 0x00, 0x02, 0xdc, 0x15, 0xd5,
  0x08, 0x00, 0x00, 0x05, 0x08, 0xdb, 0x08, 0x00, 0x00, 0x10, 0xff, 0x05,
  0x00, 0x00, 0xf4, 0x08, 0x00, 0x00, 0x11, 0xff, 0x05, 0x00, 0x00, 0x11,
  0xff, 0x05, 0x00, 0x00, 0x11, 0x40, 0x00, 0x00, 0x00, 0x00, 0x02, 0xb2,
  0x0c, 0x00, 0x00, 0x02, 0xdd, 0x15, 0x5e, 0x06, 0x00, 0x00, 0x02, 0x06,
  0x08, 0x00, 0x00, 0x02, 0xde, 0x15, 0x5e, 0x06, 0x00, 0x00, 0x02, 0xa8,
  0x06, 0x00, 0x00, 0x02, 0xdf, 0x15, 0xa5, 0x06, 0x00, 0x00, 0x02, 0xf3,
  0x02, 0x00, 0x00, 0x02, 0xe0, 0x0f, 0x63, 0x07, 0x00, 0x00, 0x02, 0x93,
  0x03, 0x00, 0x00, 0x02, 0xe1, 0x0f, 0x63, 0x07, 0x00, 0x00, 0x02, 0x00,
  0x00, 0x00, 0x00, 0x02, 0xe2, 0x15, 0x3c, 0x09, 0x00, 0x00, 0x05, 0x08,
  0x42, 0x09, 0x00, 0x00, 0x10, 0xff, 0x05, 0x00, 0x00, 0x5b, 0x09, 0x00,
  0x00, 0x11, 0x1c, 0x06, 0x00, 0x00, 0x11, 0xff, 0x05, 0x00, 0x00, 0x11,
  0xff, 0x05, 0x00, 0x00, 0x00, 0x02, 0xd8, 0x06, 0x00, 0x00, 0x02, 0xe3,
  0x15, 0x67, 0x09, 0x00, 0x00, 0x05, 0x08, 0x6d, 0x09, 0x00, 0x00, 0x10,
  0xff, 0x05, 0x00, 0x00, 0x81, 0x09, 0x00, 0x00, 0x11, 0x1c, 0x06, 0x00,
  0x00, 0x11, 0xb1, 0x00, 0x00, 0x00, 0x00, 0x13, 0x30, 0x0d, 0x00, 0x00,
  0x02, 0x86, 0x02, 0x16, 0x87, 0x02, 0x00, 0x00, 0x14, 0x05, 0x04, 0x40,
  0x00, 0x00, 0x00, 0x02, 0xa4, 0x02, 0x0e, 0xb0, 0x09, 0x00, 0x00, 0x15,
  0x70, 0x01, 0x00, 0x00, 0x00, 0x16, 0x90, 0x06, 0x00, 0x00, 0x7f, 0x15,
  0x74, 0x04, 0x00, 0x00, 0x01, 0x00, 0x17, 0xa7, 0x01, 0x00, 0x00, 0x02,
  0xa8, 0x02, 0x03, 0x8e, 0x09, 0x00, 0x00, 0x02, 0xd5, 0x0b, 0x00, 0x00,
  0x0c, 0x36, 0x0f, 0xc9, 0x09, 0x00, 0x00, 0x05, 0x08, 0xcf, 0x09, 0x00,
  0x00, 0x10, 0x40, 0x00, 0x00, 0x00, 0xe8, 0x09, 0x00, 0x00, 0x11, 0xff,
  0x05, 0x00, 0x00, 0x11, 0xe8, 0x09, 0x00, 0x00, 0x11, 0x40, 0x00, 0x00,
  0x00, 0x00, 0x05, 0x08, 0x10, 0x06, 0x00, 0x00, 0x02, 0xf7, 0x03, 0x00,
  0x00, 0x0c, 0x37, 0x10, 0xfa, 0x09, 0x00, 0x00, 0x05, 0x08, 0x00, 0x0a,
  0x00, 0x00, 0x12, 0x10, 0x0a, 0x00, 0x00, 0x11, 0xff, 0x05, 0x00, 0x00,
  0x11, 0xe8, 0x09, 0x00, 0x00, 0x00, 0x02, 0xc2, 0x02, 0x00, 0x00, 0x0c,
  0x39, 0x15, 0x1c, 0x0a, 0x00, 0x00, 0x05, 0x08, 0x22, 0x0a, 0x00, 0x00,
  0x10, 0xff, 0x05, 0x00, 0x00, 0x40, 0x0a, 0x00, 0x00, 0x11, 0xff, 0x05,
  0x00, 0x00, 0x11, 0x40, 0x0a, 0x00, 0x00, 0x11, 0x2d, 0x00, 0x00, 0x00,
  0x11, 0xff, 0x05, 0x00, 0x00, 0x00, 0x05, 0x08, 0x05, 0x06, 0x00, 0x00,
  0x18, 0x20, 0x01, 0x0c, 0x3d, 0x09, 0x29, 0x0c, 0x00, 0x00, 0x09, 0xe3,
  0x0b, 0x00, 0x00, 0x0c, 0x42, 0x10, 0x73, 0x06, 0x00, 0x00, 0x00, 0x09,
  0x80, 0x0c, 0x00, 0x00, 0x0c, 0x43, 0x10, 0x73, 0x06, 0x00, 0x00, 0x08,
  0x09, 0x7b, 0x03, 0x00, 0x00, 0x0c, 0x44, 0x10, 0x73, 0x06, 0x00, 0x00,
  0x10, 0x09, 0x66, 0x06, 0x00, 0x00, 0x0c, 0x45, 0x10, 0x73, 0x06, 0x00,
  0x00, 0x18, 0x09, 0xdc, 0x04, 0x00, 0x00, 0x0c, 0x46, 0x10, 0x73, 0x06,
  0x00, 0x00, 0x20, 0x09, 0x8c, 0x05, 0x00, 0x00, 0x0c, 0x47, 0x11, 0x99,
  0x06, 0x00, 0x00, 0x28, 0x09, 0x80, 0x05, 0x00, 0x00, 0x0c, 0x48, 0x0f,
  0x52, 0x06, 0x00, 0x00, 0x30, 0x09, 0xeb, 0x03, 0x00, 0x00, 0x0c, 0x49,
  0x0f, 0x52, 0x06, 0x00, 0x00, 0x38, 0x09, 0xb3, 0x05, 0x00, 0x00, 0x0c,
  0x4a, 0x0f, 0x52, 0x06, 0x00, 0x00, 0x40, 0x09, 0x50, 0x0c, 0x00, 0x00,
  0x0c, 0x4b, 0x0d, 0xc4, 0x06, 0x00, 0x00, 0x48, 0x09, 0xe7, 0x01, 0x00,
  0x00, 0x0c, 0x4c, 0x0f, 0x52, 0x06, 0x00, 0x00, 0x50, 0x09, 0x90, 0x0b,
  0x00, 0x00, 0x0c, 0x4d, 0x10, 0x73, 0x06, 0x00, 0x00, 0x58, 0x09, 0x86,
  0x06, 0x00, 0x00, 0x0c, 0x4e, 0x10, 0x73, 0x06, 0x00, 0x00, 0x60, 0x09,
  0x20, 0x07, 0x00, 0x00, 0x0c, 0x4f, 0x10, 0x73, 0x06, 0x00, 0x00, 0x68,
  0x09, 0xa5, 0x09, 0x00, 0x00, 0x0c, 0x50, 0x10, 0x73, 0x06, 0x00, 0x00,
  0x70, 0x09, 0x24, 0x03, 0x00, 0x00, 0x0c, 0x51, 0x10, 0x73, 0x06, 0x00,
  0x00, 0x78, 0x09, 0x95, 0x09, 0x00, 0x00, 0x0c, 0x52, 0x0f, 0x52, 0x06,
  0x00, 0x00, 0x80, 0x09, 0x5c, 0x08, 0x00, 0x00, 0x0c, 0x53, 0x0b, 0x8a,
  0x00, 0x00, 0x00, 0x88, 0x09, 0x86, 0x09, 0x00, 0x00, 0x0c, 0x54, 0x0f,
  0x52, 0x06, 0x00, 0x00, 0x90, 0x09, 0xe4, 0x02, 0x00, 0x00, 0x0c, 0x56,
  0x10, 0x73, 0x06, 0x00, 0x00, 0x98, 0x09, 0x38, 0x08, 0x00, 0x00, 0x0c,
  0x57, 0x10, 0x73, 0x06, 0x00, 0x00, 0xa0, 0x09, 0x29, 0x0c, 0x00, 0x00,
  0x0c, 0x58, 0x10, 0x73, 0x06, 0x00, 0x00, 0xa8, 0x09, 0x2a, 0x03, 0x00,
  0x00, 0x0c, 0x59, 0x10, 0x73, 0x06, 0x00, 0x00, 0xb0, 0x09, 0xb5, 0x07,
  0x00, 0x00, 0x0c, 0x5a, 0x11, 0x99, 0x06, 0x00, 0x00, 0xb8, 0x09, 0x2d,
  0x0a, 0x00, 0x00, 0x0c, 0x5b, 0x10, 0x73, 0x06, 0x00, 0x00, 0xc0, 0x09,
  0x95, 0x05, 0x00, 0x00, 0x0c, 0x5c, 0x10, 0x73, 0x06, 0x00, 0x00, 0xc8,
  0x09, 0xdc, 0x0a, 0x00, 0x00, 0x0c, 0x5d, 0x10, 0x73, 0x06, 0x00, 0x00,
  0xd0, 0x09, 0x15, 0x01, 0x00, 0x00, 0x0c, 0x5e, 0x10, 0x73, 0x06, 0x00,
  0x00, 0xd8, 0x09, 0xe2, 0x06, 0x00, 0x00, 0x0c, 0x5f, 0x10, 0x73, 0x06,
  0x00, 0x00, 0xe0, 0x09, 0x9c, 0x07, 0x00, 0x00, 0x0c, 0x61, 0x10, 0x73,
  0x06, 0x00, 0x00, 0xe8, 0x09, 0x6c, 0x07, 0x00, 0x00, 0x0c, 0x62, 0x10,
  0x73, 0x06, 0x00, 0x00, 0xf0, 0x09, 0x5c, 0x04, 0x00, 0x00, 0x0c, 0x63,
  0x10, 0x73, 0x06, 0x00, 0x00, 0xf8, 0x0e, 0x06, 0x0c, 0x00, 0x00, 0x0c,
  0x64, 0x10, 0x73, 0x06, 0x00, 0x00, 0x00, 0x01, 0x0e, 0x9c, 0x09, 0x00,
  0x00, 0x0c, 0x66, 0x0f, 0x52, 0x06, 0x00, 0x00, 0x08, 0x01, 0x0e, 0x46,
  0x01, 0x00, 0x00, 0x0c, 0x68, 0x10, 0x73, 0x06, 0x00, 0x00, 0x10, 0x01,
  0x0e, 0xfe, 0x01, 0x00, 0x00, 0x0c, 0x69, 0x10, 0x73, 0x06, 0x00, 0x00,
  0x18, 0x01, 0x00, 0x02, 0x05, 0x0a, 0x00, 0x00, 0x0c, 0x6a, 0x03, 0x46,
  0x0a, 0x00, 0x00, 0x0f, 0x50, 0x0c, 0x6c, 0x09, 0xc1, 0x0c, 0x00, 0x00,
  0x09, 0x12, 0x03, 0x00, 0x00, 0x0c, 0x6d, 0x0d, 0xe5, 0x06, 0x00, 0x00,
  0x00, 0x09, 0xe2, 0x05, 0x00, 0x00, 0x0c, 0x6e, 0x10, 0x73, 0x06, 0x00,
  0x00, 0x08, 0x09, 0x76, 0x0c, 0x00, 0x00, 0x0c, 0x6f, 0x12, 0x06, 0x07,
  0x00, 0x00, 0x10, 0x09, 0xaf, 0x02, 0x00, 0x00, 0x0c, 0x70, 0x12, 0x06,
  0x07, 0x00, 0x00, 0x18, 0x09, 0x93, 0x04, 0x00, 0x00, 0x0c, 0x71, 0x0b,
  0x8a, 0x00, 0x00, 0x00, 0x20, 0x09, 0xfa, 0x08, 0x00, 0x00, 0x0c, 0x72,
  0x15, 0x2c, 0x07, 0x00, 0x00, 0x28, 0x09, 0x56, 0x07, 0x00, 0x00, 0x0c,
  0x73, 0x0b, 0x8a, 0x00, 0x00, 0x00, 0x30, 0x09, 0xe0, 0x08, 0x00, 0x00,
  0x0c, 0x74, 0x10, 0x82, 0x07, 0x00, 0x00, 0x38, 0x09, 0x6e, 0x05, 0x00,
  0x00, 0x0c, 0x76, 0x10, 0x73, 0x06, 0x00, 0x00, 0x40, 0x09, 0xad, 0x0b,
  0x00, 0x00, 0x0c, 0x77, 0x12, 0x06, 0x07, 0x00, 0x00, 0x48, 0x00, 0x02,
  0xac, 0x09, 0x00, 0x00, 0x0c, 0x78, 0x03, 0x35, 0x0c, 0x00, 0x00, 0x0f,
  0x18, 0x0c, 0x7a, 0x09, 0xfe, 0x0c, 0x00, 0x00, 0x09, 0xf7, 0x06, 0x00,
  0x00, 0x0c, 0x7b, 0x0d, 0xe5, 0x06, 0x00, 0x00, 0x00, 0x09, 0xe6, 0x07,
  0x00, 0x00, 0x0c, 0x7c, 0x10, 0x73, 0x06, 0x00, 0x00, 0x08, 0x09, 0x43,
  0x09, 0x00, 0x00, 0x0c, 0x7d, 0x13, 0x57, 0x07, 0x00, 0x00, 0x10, 0x00,
  0x02, 0xf8, 0x05, 0x00, 0x00, 0x0c, 0x7e, 0x03, 0xcd, 0x0c, 0x00, 0x00,
  0x02, 0x50, 0x0a, 0x00, 0x00, 0x0c, 0x80, 0x18, 0x16, 0x0d, 0x00, 0x00,
  0x05, 0x08, 0x1c, 0x0d, 0x00, 0x00, 0x10, 0xb0, 0x09, 0x00, 0x00, 0x35,
  0x0d, 0x00, 0x00, 0x11, 0xff, 0x05, 0x00, 0x00, 0x11, 0xff, 0x05, 0x00,
  0x00, 0x11, 0x35, 0x0d, 0x00, 0x00, 0x00, 0x05, 0x08, 0xff, 0x05, 0x00,
  0x00, 0x0f, 0x20, 0x0c, 0x82, 0x09, 0x79, 0x0d, 0x00, 0x00, 0x09, 0xbd,
  0x03, 0x00, 0x00, 0x0c, 0x83, 0x0f, 0x52, 0x06, 0x00, 0x00, 0x00, 0x09,
  0xbf, 0x05, 0x00, 0x00, 0x0c, 0x84, 0x0f, 0x52, 0x06, 0x00, 0x00, 0x08,
  0x09, 0x13, 0x08, 0x00, 0x00, 0x0c, 0x85, 0x0f, 0x52, 0x06, 0x00, 0x00,
  0x10, 0x09, 0xd1, 0x02, 0x00, 0x00, 0x0c, 0x86, 0x0e, 0x0a, 0x0d, 0x00,
  0x00, 0x18, 0x00, 0x02, 0x59, 0x01, 0x00, 0x00, 0x0c, 0x87, 0x03, 0x3b,
  0x0d, 0x00, 0x00, 0x0f, 0x10, 0x0c, 0x89, 0x09, 0xa9, 0x0d, 0x00, 0x00,
  0x09, 0x7c, 0x0b, 0x00, 0x00, 0x0c, 0x8a, 0x14, 0xbd, 0x09, 0x00, 0x00,
  0x00, 0x09, 0x7d, 0x01, 0x00, 0x00, 0x0c, 0x8b, 0x18, 0xee, 0x09, 0x00,
  0x00, 0x08, 0x00, 0x02, 0xbf, 0x0b, 0x00, 0x00, 0x0c, 0x8c, 0x03, 0x85,
  0x0d, 0x00, 0x00, 0x05, 0x08, 0x79, 0x0d, 0x00, 0x00, 0x05, 0x08, 0x29,
  0x0c, 0x00, 0x00, 0x05, 0x08, 0xc1, 0x0c, 0x00, 0x00, 0x05, 0x08, 0xfe,
  0x0c, 0x00, 0x00, 0x05, 0x08, 0xa9, 0x0d, 0x00, 0x00, 0x05, 0x08, 0xcd,
  0x01, 0x00, 0x00, 0x05, 0x08, 0x76, 0x02, 0x00, 0x00, 0x05, 0x08, 0x1b,
  0x02, 0x00, 0x00, 0x02, 0x2c, 0x06, 0x00, 0x00, 0x0a, 0x13, 0x15, 0x7f,
  0x06, 0x00, 0x00, 0x08, 0x5f, 0x0d, 0x00, 0x00, 0x28, 0x09, 0x2c, 0x10,
  0x33, 0x0e, 0x00, 0x00, 0x09, 0x0a, 0x03, 0x00, 0x00, 0x09, 0x2d, 0x03,
  0x87, 0x02, 0x00, 0x00, 0x00, 0x09, 0xf0, 0x0d, 0x00, 0x00, 0x09, 0x2e,
  0x0f, 0x38, 0x0e, 0x00, 0x00, 0x10, 0x09, 0x97, 0x0d, 0x00, 0x00, 0x09,
  0x2f, 0x0e, 0xb1, 0x00, 0x00, 0x00, 0x18, 0x09, 0x50, 0x0d, 0x00, 0x00,
  0x09, 0x30, 0x0d, 0xff, 0x05, 0x00, 0x00, 0x20, 0x00, 0x19, 0xff, 0x05,
  0x00, 0x00, 0x05, 0x08, 0x33, 0x0e, 0x00, 0x00, 0x02, 0x5f, 0x0d, 0x00,
  0x00, 0x09, 0x31, 0x03, 0xf1, 0x0d, 0x00, 0x00, 0x05, 0x08, 0x99, 0x01,
  0x00, 0x00, 0x05, 0x08, 0x56, 0x0e, 0x00, 0x00, 0x10, 0xff, 0x05, 0x00,
  0x00, 0x6a, 0x0e, 0x00, 0x00, 0x11, 0xff, 0x05, 0x00, 0x00, 0x11, 0x8a,
  0x00, 0x00, 0x00, 0x00, 0x02, 0x85, 0x04, 0x00, 0x00, 0x0b, 0x08, 0x15,
  0x50, 0x0e, 0x00, 0x00, 0x02, 0x4f, 0x07, 0x00, 0x00, 0x0b, 0x09, 0x0f,
  0x82, 0x0e, 0x00, 0x00, 0x05, 0x08, 0x88, 0x0e, 0x00, 0x00, 0x10, 0x40,
  0x00, 0x00, 0x00, 0xa1, 0x0e, 0x00, 0x00, 0x11, 0xff, 0x05, 0x00, 0x00,
  0x11, 0xff, 0x05, 0x00, 0x00, 0x11, 0x8a, 0x00, 0x00, 0x00, 0x00, 0x02,
  0x92, 0x02, 0x00, 0x00, 0x0e, 0x4d, 0x1b, 0xad, 0x0e, 0x00, 0x00, 0x0c,
  0x92, 0x02, 0x00, 0x00, 0x05, 0x08, 0xa1, 0x0e, 0x00, 0x00, 0x1a, 0xcd,
  0x01, 0x00, 0x00, 0xc8, 0x0e, 0x00, 0x00, 0x1b, 0x39, 0x00, 0x00, 0x00,
  0x01, 0x00, 0x1c, 0xfb, 0x0c, 0x00, 0x00, 0x01, 0x2c, 0x14, 0xb8, 0x0e,
  0x00, 0x00, 0x09, 0x03, 0x40, 0x41, 0x00, 0x00, 0x00, 0x00, 0x00, 0x00,
  0x1d, 0xc8, 0x05, 0x00, 0x00, 0x01, 0x16, 0x01, 0xf0, 0x0e, 0x00, 0x00,
  0x11, 0xb2, 0x0e, 0x00, 0x00, 0x00, 0x1e, 0xd2, 0x0c, 0x00, 0x00, 0x0f,
  0x41, 0x14, 0x8a, 0x00, 0x00, 0x00, 0x06, 0x0f, 0x00, 0x00, 0x11, 0xff,
  0x05, 0x00, 0x00, 0x00, 0x1e, 0x86, 0x0d, 0x00, 0x00, 0x10, 0x1b, 0x11,
  0x40, 0x00, 0x00, 0x00, 0x22, 0x0f, 0x00, 0x00, 0x11, 0xff, 0x05, 0x00,
  0x00, 0x11, 0x5c, 0x00, 0x00, 0x00, 0x1f, 0x00, 0x20, 0xa0, 0x04, 0x00,
  0x00, 0x02, 0xdd, 0x01, 0x12, 0x35, 0x0f, 0x00, 0x00, 0x11, 0xff, 0x05,
  0x00, 0x00, 0x00, 0x21, 0x4f, 0x0b, 0x00, 0x00, 0x01, 0x18, 0x01, 0x40,
  0x00, 0x00, 0x00, 0x1e, 0xab, 0x0d, 0x00, 0x00, 0x10, 0x87, 0x18, 0xff,
  0x05, 0x00, 0x00, 0x5c, 0x0f, 0x00, 0x00, 0x11, 0x5c, 0x0f, 0x00, 0x00,
  0x11, 0x40, 0x00, 0x00, 0x00, 0x00, 0x05, 0x08, 0x0a, 0x01, 0x00, 0x00,
  0x22, 0xbc, 0x0d, 0x00, 0x00, 0x01, 0x33, 0x01, 0xff, 0x05, 0x00, 0x00,
  0x20, 0x19, 0x00, 0x00, 0x00, 0x00, 0x00, 0x00, 0x44, 0x00, 0x00, 0x00,
  0x00, 0x00, 0x00, 0x00, 0x01, 0x9c, 0x14, 0x10, 0x00, 0x00, 0x1c, 0x25,
  0x0d, 0x00, 0x00, 0x01, 0x34, 0x18, 0x0a, 0x01, 0x00, 0x00, 0x09, 0x03,
  0xc0, 0x40, 0x00, 0x00, 0x00, 0x00, 0x00, 0x00, 0x23, 0x6d, 0x00, 0x01,
  0x3b, 0x0f, 0xff, 0x05, 0x00, 0x00, 0xec, 0x11, 0x00, 0x00, 0xe2, 0x11,
  0x00, 0x00, 0x24, 0xf3, 0x10, 0x00, 0x00, 0x48, 0x19, 0x00, 0x00, 0x00,
  0x00, 0x00, 0x00, 0x01, 0x30, 0x02, 0x00, 0x00, 0x01, 0x3e, 0x09, 0xe0,
  0x0f, 0x00, 0x00, 0x25, 0x01, 0x11, 0x00, 0x00, 0x61, 0x12, 0x00, 0x00,
  0x5b, 0x12, 0x00, 0x00, 0x26, 0x62, 0x19, 0x00, 0x00, 0x00, 0x00, 0x00,
  0x00, 0x22, 0x0f, 0x00, 0x00, 0x00, 0x27, 0x32, 0x19, 0x00, 0x00, 0x00,
  0x00, 0x00, 0x00, 0x41, 0x0f, 0x00, 0x00, 0x06, 0x10, 0x00, 0x00, 0x28,
  0x01, 0x55, 0x09, 0x03, 0xc0, 0x40, 0x00, 0x00, 0x00, 0x00, 0x00, 0x00,
  0x28, 0x01, 0x54, 0x03, 0x0a, 0xf5, 0x03, 0x00, 0x26, 0x3a, 0x19, 0x00,
  0x00, 0x00, 0x00, 0x00, 0x00, 0x35, 0x0f, 0x00, 0x00, 0x00, 0x29, 0x57,
  0x0d, 0x00, 0x00, 0x01, 0x1b, 0x01, 0xff, 0x05, 0x00, 0x00, 0xd0, 0x18,
  0x00, 0x00, 0x00, 0x00, 0x00, 0x00, 0x44, 0x00, 0x00, 0x00, 0x00, 0x00,
  0x00, 0x00, 0x01, 0x9c, 0xf3, 0x10, 0x00, 0x00, 0x2a, 0x1a, 0x0d, 0x00,
  0x00, 0x01, 0x1b, 0x13, 0xff, 0x05, 0x00, 0x00, 0xae, 0x12, 0x00, 0x00,
  0xaa, 0x12, 0x00, 0x00, 0x2a, 0xe0, 0x0d, 0x00, 0x00, 0x01, 0x1b, 0x23,
  0xff, 0x05, 0x00, 0x00, 0xed, 0x12, 0x00, 0x00, 0xe7, 0x12, 0x00, 0x00,
  0x2b, 0x09, 0x04, 0x00, 0x00, 0x01, 0x1c, 0x11, 0xb2, 0x0e, 0x00, 0x00,
  0x3b, 0x13, 0x00, 0x00, 0x39, 0x13, 0x00, 0x00, 0x2c, 0x61, 0x72, 0x67,
  0x00, 0x01, 0x1e, 0x0f, 0xff, 0x05, 0x00, 0x00, 0x02, 0x91, 0x68, 0x2d,
  0x0e, 0x11, 0x00, 0x00, 0x04, 0x19, 0x00, 0x00, 0x00, 0x00, 0x00, 0x00,
  0x01, 0x04, 0x19, 0x00, 0x00, 0x00, 0x00, 0x00, 0x00, 0x0b, 0x00, 0x00,
  0x00, 0x00, 0x00, 0x00, 0x00, 0x01, 0x28, 0x05, 0xac, 0x10, 0x00, 0x00,
  0x2e, 0x18, 0x11, 0x00, 0x00, 0x00, 0x27, 0xea, 0x18, 0x00, 0x00, 0x00,
  0x00, 0x00, 0x00, 0x06, 0x0f, 0x00, 0x00, 0xd8, 0x10, 0x00, 0x00, 0x28,
  0x01, 0x55, 0x03, 0xf3, 0x01, 0x54, 0x28, 0x01, 0x54, 0x09, 0x03, 0x70,
  0x21, 0x00, 0x00, 0x00, 0x00, 0x00, 0x00, 0x28, 0x01, 0x51, 0x02, 0x91,
  0x68, 0x00, 0x26, 0xfc, 0x18, 0x00, 0x00, 0x00, 0x00, 0x00, 0x00, 0xf0,
  0x0e, 0x00, 0x00, 0x26, 0x04, 0x19, 0x00, 0x00, 0x00, 0x00, 0x00, 0x00,
  0xde, 0x0e, 0x00, 0x00, 0x00, 0x2f, 0xc7, 0x09, 0x00, 0x00, 0x02, 0x15,
  0x02, 0x14, 0x03, 0x0e, 0x11, 0x00, 0x00, 0x30, 0x6f, 0x70, 0x00, 0x02,
  0x15, 0x02, 0x28, 0xff, 0x05, 0x00, 0x00, 0x00, 0x31, 0x3f, 0x0d, 0x00,
  0x00, 0x02, 0xeb, 0x01, 0x14, 0x03, 0x30, 0x6f, 0x70, 0x00, 0x02, 0xeb,
  0x01, 0x28, 0xff, 0x05, 0x00, 0x00, 0x00, 0x00, 0x01, 0x11, 0x01, 0x25,
  0x0e, 0x13, 0x0b, 0x03, 0x0e, 0x1b, 0x0e, 0x11, 0x01, 0x12, 0x07, 0x10,
  0x17, 0x00, 0x00, 0x02, 0x16, 0x00, 0x03, 0x0e, 0x3a, 0x0b, 0x3b, 0x0b,
  0x39, 0x0b, 0x49, 0x13, 0x00, 0x00, 0x03, 0x24, 0x00, 0x0b, 0x0b, 0x3e,
  0x0b, 0x03, 0x0e, 0x00, 0x00, 0x04, 0x24, 0x00, 0x0b, 0x0b, 0x3e, 0x0b,
  0x03, 0x08, 0x00, 0x00, 0x05, 0x0f, 0x00, 0x0b, 0x0b, 0x49, 0x13, 0x00,
  0x00, 0x06, 0x37, 0x00, 0x49, 0x13, 0x00, 0x00, 0x07, 0x26, 0x00, 0x49,
  0x13, 0x00, 0x00, 0x08, 0x0f, 0x00, 0x0b, 0x0b, 0x00, 0x00, 0x09, 0x13,
  0x01, 0x03, 0x0e, 0x0b, 0x0b, 0x3a, 0x0b, 0x3b, 0x0b, 0x39, 0x0b, 0x01,
  0x13, 0x00, 0x00, 0x0a, 0x0d, 0x00, 0x03, 0x0e, 0x3a, 0x0b, 0x3b, 0x0b,
  0x39, 0x0b, 0x49, 0x13, 0x38, 0x0b, 0x00, 0x00, 0x0b, 0x0d, 0x00, 0x03,
  0x08, 0x3a, 0x0b, 0x3b, 0x0b, 0x39, 0x0b, 0x49, 0x13, 0x38, 0x0b, 0x00,
  0x00, 0x0c, 0x13, 0x00, 0x03, 0x0e, 0x3c, 0x19, 0x00, 0x00, 0x0d, 0x13,
  0x01, 0x03, 0x0e, 0x0b, 0x05, 0x3a, 0x0b, 0x3b, 0x0b, 0x39, 0x0b, 0x01,
  0x13, 0x00, 0x00, 0x0e, 0x0d, 0x00, 0x03, 0x0e, 0x3a, 0x0b, 0x3b, 0x0b,
  0x39, 0x0b, 0x49, 0x13, 0x38, 0x05, 0x00, 0x00, 0x0f, 0x13, 0x01, 0x0b,
  0x0b, 0x3a, 0x0b, 0x3b, 0x0b, 0x39, 0x0b, 0x01, 0x13, 0x00, 0x00, 0x10,
  0x15, 0x01, 0x27, 0x19, 0x49, 0x13, 0x01, 0x13, 0x00, 0x00, 0x11, 0x05,
  0x00, 0x49, 0x13, 0x00, 0x00, 0x12, 0x15, 0x01, 0x27, 0x19, 0x01, 0x13,
  0x00, 0x00, 0x13, 0x04, 0x01, 0x3e, 0x0b, 0x0b, 0x0b, 0x49, 0x13, 0x3a,
  0x0b, 0x3b, 0x05, 0x39, 0x0b, 0x01, 0x13, 0x00, 0x00, 0x14, 0x28, 0x00,
  0x03, 0x0e, 0x1c, 0x0b, 0x00, 0x00, 0x15, 0x28, 0x00, 0x03, 0x0e, 0x1c,
  0x0d, 0x00, 0x00, 0x16, 0x16, 0x00, 0x03, 0x0e, 0x3a, 0x0b, 0x3b, 0x05,
  0x39, 0x0b, 0x49, 0x13, 0x00, 0x00, 0x17, 0x13, 0x01, 0x0b, 0x05, 0x3a,
  0x0b, 0x3b, 0x0b, 0x39, 0x0b, 0x01, 0x13, 0x00, 0x00, 0x18, 0x34, 0x00,
  0x03, 0x0e, 0x3a, 0x0b, 0x3b, 0x0b, 0x39, 0x0b, 0x49, 0x13, 0x3f, 0x19,
  0x3c, 0x19, 0x00, 0x00, 0x19, 0x01, 0x01, 0x49, 0x13, 0x01, 0x13, 0x00,
  0x00, 0x1a, 0x21, 0x00, 0x49, 0x13, 0x2f, 0x0b, 0x00, 0x00, 0x1b, 0x21,
  0x00, 0x49, 0x13, 0x2f, 0x05, 0x00, 0x00, 0x1c, 0x18, 0x00, 0x00, 0x00,
  0x1d, 0x34, 0x00, 0x03, 0x0e, 0x3a, 0x0b, 0x3b, 0x0b, 0x39, 0x0b, 0x49,
  0x13, 0x02, 0x18, 0x00, 0x00, 0x1e, 0x2e, 0x01, 0x3f, 0x19, 0x03, 0x0e,
  0x3a, 0x0b, 0x3b, 0x05, 0x39, 0x0b, 0x27, 0x19, 0x3c, 0x19, 0x01, 0x13,
  0x00, 0x00, 0x1f, 0x2e, 0x01, 0x3f, 0x19, 0x03, 0x0e, 0x3a, 0x0b, 0x3b,
  0x0b, 0x39, 0x0b, 0x27, 0x19, 0x49, 0x13, 0x3c, 0x19, 0x01, 0x13, 0x00,
  0x00, 0x20, 0x2e, 0x01, 0x3f, 0x19, 0x03, 0x0e, 0x3a, 0x0b, 0x3b, 0x05,
  0x39, 0x0b, 0x27, 0x19, 0x49, 0x13, 0x3c, 0x19, 0x01, 0x13, 0x00, 0x00,
  0x21, 0x2e, 0x00, 0x3f, 0x19, 0x03, 0x0e, 0x3a, 0x0b, 0x3b, 0x0b, 0x39,
  0x0b, 0x27, 0x19, 0x3c, 0x19, 0x00, 0x00, 0x22, 0x2e, 0x01, 0x3f, 0x19,
  0x03, 0x0e, 0x3a, 0x0b, 0x3b, 0x0b, 0x39, 0x0b, 0x27, 0x19, 0x3c, 0x19,
  0x01, 0x13, 0x00, 0x00, 0x23, 0x2e, 0x00, 0x3f, 0x19, 0x03, 0x0e, 0x3a,
  0x0b, 0x3b, 0x0b, 0x39, 0x0b, 0x27, 0x19, 0x49, 0x13, 0x3c, 0x19, 0x00,
  0x00, 0x24, 0x2e, 0x01, 0x3f, 0x19, 0x03, 0x0e, 0x3a, 0x0b, 0x3b, 0x05,
  0x39, 0x0b, 0x27, 0x19, 0x49, 0x13, 0x11, 0x01, 0x12, 0x07, 0x40, 0x18,
  0x97, 0x42, 0x19, 0x01, 0x13, 0x00, 0x00, 0x25, 0x34, 0x00, 0x03, 0x08,
  0x3a, 0x0b, 0x3b, 0x05, 0x39, 0x0b, 0x49, 0x13, 0x02, 0x17, 0xb7, 0x42,
  0x17, 0x00, 0x00, 0x26, 0x34, 0x00, 0x03, 0x0e, 0x3a, 0x0b, 0x3b, 0x05,
  0x39, 0x0b, 0x49, 0x13, 0x02, 0x17, 0xb7, 0x42, 0x17, 0x00, 0x00, 0x27,
  0x0a, 0x00, 0x03, 0x0e, 0x3a, 0x0b, 0x3b, 0x05, 0x39, 0x0b, 0x00, 0x00,
  0x28, 0x1d, 0x01, 0x31, 0x13, 0x52, 0x01, 0xb8, 0x42, 0x0b, 0x55, 0x17,
  0x58, 0x0b, 0x59, 0x05, 0x57, 0x0b, 0x01, 0x13, 0x00, 0x00, 0x29, 0x05,
  0x00, 0x31, 0x13, 0x02, 0x17, 0xb7, 0x42, 0x17, 0x00, 0x00, 0x2a, 0x1d,
  0x01, 0x31, 0x13, 0x52, 0x01, 0xb8, 0x42, 0x0b, 0x55, 0x17, 0x58, 0x0b,
  0x59, 0x05, 0x57, 0x0b, 0x00, 0x00, 0x2b, 0x89, 0x82, 0x01, 0x01, 0x11,
  0x01, 0x31, 0x13, 0x01, 0x13, 0x00, 0x00, 0x2c, 0x8a, 0x82, 0x01, 0x00,
  0x02, 0x18, 0x91, 0x42, 0x18, 0x00, 0x00, 0x2d, 0x89, 0x82, 0x01, 0x01,
  0x11, 0x01, 0x31, 0x13, 0x00, 0x00, 0x2e, 0x1d, 0x01, 0x31, 0x13, 0x52,
  0x01, 0xb8, 0x42, 0x0b, 0x11, 0x01, 0x12, 0x07, 0x58, 0x0b, 0x59, 0x05,
  0x57, 0x0b, 0x00, 0x00, 0x2f, 0x89, 0x82, 0x01, 0x00, 0x11, 0x01, 0x31,
  0x13, 0x00, 0x00, 0x30, 0x2e, 0x01, 0x3f, 0x19, 0x03, 0x0e, 0x3a, 0x0b,
  0x3b, 0x05, 0x39, 0x0b, 0x27, 0x19, 0x49, 0x13, 0x20, 0x0b, 0x01, 0x13,
  0x00, 0x00, 0x31, 0x05, 0x00, 0x03, 0x08, 0x3a, 0x0b, 0x3b, 0x05, 0x39,
  0x0b, 0x49, 0x13, 0x00, 0x00, 0x32, 0x05, 0x00, 0x03, 0x0e, 0x3a, 0x0b,
  0x3b, 0x05, 0x39, 0x0b, 0x49, 0x13, 0x00, 0x00, 0x33, 0x34, 0x00, 0x03,
  0x0e, 0x3a, 0x0b, 0x3b, 0x05, 0x39, 0x0b, 0x49, 0x13, 0x00, 0x00, 0x34,
  0x0b, 0x01, 0x00, 0x00, 0x35, 0x2e, 0x01, 0x3f, 0x19, 0x03, 0x0e, 0x3a,
  0x0b, 0x3b, 0x0b, 0x39, 0x0b, 0x27, 0x19, 0x11, 0x01, 0x12, 0x07, 0x40,
  0x18, 0x97, 0x42, 0x19, 0x01, 0x13, 0x00, 0x00, 0x36, 0x05, 0x00, 0x03,
  0x0e, 0x3a, 0x0b, 0x3b, 0x0b, 0x39, 0x0b, 0x49, 0x13, 0x02, 0x17, 0xb7,
  0x42, 0x17, 0x00, 0x00, 0x37, 0x89, 0x82, 0x01, 0x01, 0x11, 0x01, 0x01,
  0x13, 0x00, 0x00, 0x38, 0x89, 0x82, 0x01, 0x01, 0x11, 0x01, 0x95, 0x42,
  0x19, 0x00, 0x00, 0x39, 0x2e, 0x01, 0x03, 0x0e, 0x3a, 0x0b, 0x3b, 0x0b,
  0x39, 0x0b, 0x27, 0x19, 0x49, 0x13, 0x11, 0x01, 0x12, 0x07, 0x40, 0x18,
  0x97, 0x42, 0x19, 0x01, 0x13, 0x00, 0x00, 0x3a, 0x34, 0x00, 0x03, 0x08,
  0x3a, 0x0b, 0x3b, 0x0b, 0x39, 0x0b, 0x49, 0x13, 0x02, 0x17, 0xb7, 0x42,
  0x17, 0x00, 0x00, 0x3b, 0x34, 0x00, 0x03, 0x0e, 0x3a, 0x0b, 0x3b, 0x0b,
  0x39, 0x0b, 0x49, 0x13, 0x02, 0x17, 0xb7, 0x42, 0x17, 0x00, 0x00, 0x3c,
  0x0b, 0x01, 0x55, 0x17, 0x01, 0x13, 0x00, 0x00, 0x3d, 0x0b, 0x01, 0x55,
  0x17, 0x00, 0x00, 0x3e, 0x1d, 0x01, 0x31, 0x13, 0x52, 0x01, 0xb8, 0x42,
  0x0b, 0x11, 0x01, 0x12, 0x07, 0x58, 0x0b, 0x59, 0x0b, 0x57, 0x0b, 0x01,
  0x13, 0x00, 0x00, 0x3f, 0x34, 0x00, 0x31, 0x13, 0x02, 0x17, 0xb7, 0x42,
  0x17, 0x00, 0x00, 0x40, 0x1d, 0x01, 0x31, 0x13, 0x52, 0x01, 0xb8, 0x42,
  0x0b, 0x11, 0x01, 0x12, 0x07, 0x58, 0x0b, 0x59, 0x0b, 0x57, 0x0b, 0x00,
  0x00, 0x41, 0x89, 0x82, 0x01, 0x01, 0x11, 0x01, 0x00, 0x00, 0x42, 0x2e,
  0x01, 0x03, 0x0e, 0x3a, 0x0b, 0x3b, 0x0b, 0x39, 0x0b, 0x27, 0x19, 0x49,
  0x13, 0x20, 0x0b, 0x01, 0x13, 0x00, 0x00, 0x43, 0x05, 0x00, 0x03, 0x0e,
  0x3a, 0x0b, 0x3b, 0x0b, 0x39, 0x0b, 0x49, 0x13, 0x00, 0x00, 0x44, 0x34,
  0x00, 0x03, 0x08, 0x3a, 0x0b, 0x3b, 0x0b, 0x39, 0x0b, 0x49, 0x13, 0x00,
  0x00, 0x45, 0x2e, 0x01, 0x03, 0x0e, 0x3a, 0x0b, 0x3b, 0x05, 0x39, 0x0b,
  0x27, 0x19, 0x20, 0x0b, 0x01, 0x13, 0x00, 0x00, 0x46, 0x2e, 0x01, 0x31,
  0x13, 0x11, 0x01, 0x12, 0x07, 0x40, 0x18, 0x97, 0x42, 0x19, 0x01, 0x13,
  0x00, 0x00, 0x47, 0x1d, 0x01, 0x31, 0x13, 0x52, 0x01, 0xb8, 0x42, 0x0b,
  0x11, 0x01, 0x12, 0x07, 0x58, 0x0b, 0x59, 0x05, 0x57, 0x0b, 0x01, 0x13,
  0x00, 0x00, 0x48, 0x34, 0x00, 0x31, 0x13, 0x00, 0x00, 0x49, 0x0b, 0x01,
  0x31, 0x13, 0x11, 0x01, 0x12, 0x07, 0x00, 0x00, 0x4a, 0x2e, 0x01, 0x31,
  0x13, 0x11, 0x01, 0x12, 0x07, 0x40, 0x18, 0x97, 0x42, 0x19, 0x00, 0x00,
  0x00, 0x01, 0x11, 0x01, 0x25, 0x0e, 0x13, 0x0b, 0x03, 0x0e, 0x1b, 0x0e,
  0x11, 0x01, 0x12, 0x07, 0x10, 0x17, 0x00, 0x00, 0x02, 0x16, 0x00, 0x03,
  0x0e, 0x3a, 0x0b, 0x3b, 0x0b, 0x39, 0x0b, 0x49, 0x13, 0x00, 0x00, 0x03,
  0x24, 0x00, 0x0b, 0x0b, 0x3e, 0x0b, 0x03, 0x0e, 0x00, 0x00, 0x04, 0x24,
  0x00, 0x0b, 0x0b, 0x3e, 0x0b, 0x03, 0x08, 0x00, 0x00, 0x05, 0x0f, 0x00,
  0x0b, 0x0b, 0x49, 0x13, 0x00, 0x00, 0x06, 0x26, 0x00, 0x49, 0x13, 0x00,
  0x00, 0x07, 0x0f, 0x00, 0x0b, 0x0b, 0x00, 0x00, 0x08, 0x13, 0x01, 0x03,
  0x0e, 0x0b, 0x0b, 0x3a, 0x0b, 0x3b, 0x0b, 0x39, 0x0b, 0x01, 0x13, 0x00,
  0x00, 0x09, 0x0d, 0x00, 0x03, 0x0e, 0x3a, 0x0b, 0x3b, 0x0b, 0x39, 0x0b,
  0x49, 0x13, 0x38, 0x0b, 0x00, 0x00, 0x0a, 0x37, 0x00, 0x49, 0x13, 0x00,
  0x00, 0x0b, 0x0d, 0x00, 0x03, 0x08, 0x3a, 0x0b, 0x3b, 0x0b, 0x39, 0x0b,
  0x49, 0x13, 0x38, 0x0b, 0x00, 0x00, 0x0c, 0x13, 0x00, 0x03, 0x0e, 0x3c,
  0x19, 0x00, 0x00, 0x0d, 0x13, 0x01, 0x03, 0x0e, 0x0b, 0x05, 0x3a, 0x0b,
  0x3b, 0x0b, 0x39, 0x0b, 0x01, 0x13, 0x00, 0x00, 0x0e, 0x0d, 0x00, 0x03,
  0x0e, 0x3a, 0x0b, 0x3b, 0x0b, 0x39, 0x0b, 0x49, 0x13, 0x38, 0x05, 0x00,
  0x00, 0x0f, 0x13, 0x01, 0x0b, 0x0b, 0x3a, 0x0b, 0x3b, 0x0b, 0x39, 0x0b,
  0x01, 0x13, 0x00, 0x00, 0x10, 0x15, 0x01, 0x27, 0x19, 0x49, 0x13, 0x01,
  0x13, 0x00, 0x00, 0x11, 0x05, 0x00, 0x49, 0x13, 0x00, 0x00, 0x12, 0x15,
  0x01, 0x27, 0x19, 0x01, 0x13, 0x00, 0x00, 0x13, 0x34, 0x00, 0x03, 0x0e,
  0x3a, 0x0b, 0x3b, 0x05, 0x39, 0x0b, 0x49, 0x13, 0x3f, 0x19, 0x3c, 0x19,
  0x00, 0x00, 0x14, 0x04, 0x01, 0x3e, 0x0b, 0x0b, 0x0b, 0x49, 0x13, 0x3a,
  0x0b, 0x3b, 0x05, 0x39, 0x0b, 0x01, 0x13, 0x00, 0x00, 0x15, 0x28, 0x00,
  0x03, 0x0e, 0x1c, 0x0b, 0x00, 0x00, 0x16, 0x28, 0x00, 0x03, 0x0e, 0x1c,
  0x0d, 0x00, 0x00, 0x17, 0x16, 0x00, 0x03, 0x0e, 0x3a, 0x0b, 0x3b, 0x05,
  0x39, 0x0b, 0x49, 0x13, 0x00, 0x00, 0x18, 0x13, 0x01, 0x0b, 0x05, 0x3a,
  0x0b, 0x3b, 0x0b, 0x39, 0x0b, 0x01, 0x13, 0x00, 0x00, 0x19, 0x15, 0x00,
  0x27, 0x19, 0x49, 0x13, 0x00, 0x00, 0x1a, 0x01, 0x01, 0x49, 0x13, 0x01,
  0x13, 0x00, 0x00, 0x1b, 0x21, 0x00, 0x49, 0x13, 0x2f, 0x0b, 0x00, 0x00,
  0x1c, 0x34, 0x00, 0x03, 0x0e, 0x3a, 0x0b, 0x3b, 0x0b, 0x39, 0x0b, 0x49,
  0x13, 0x02, 0x18, 0x00, 0x00, 0x1d, 0x2e, 0x01, 0x3f, 0x19, 0x03, 0x0e,
  0x3a, 0x0b, 0x3b, 0x0b, 0x39, 0x0b, 0x27, 0x19, 0x3c, 0x19, 0x01, 0x13,
  0x00, 0x00, 0x1e, 0x2e, 0x01, 0x3f, 0x19, 0x03, 0x0e, 0x3a, 0x0b, 0x3b,
  0x0b, 0x39, 0x0b, 0x27, 0x19, 0x49, 0x13, 0x3c, 0x19, 0x01, 0x13, 0x00,
  0x00, 0x1f, 0x18, 0x00, 0x00, 0x00, 0x20, 0x2e, 0x01, 0x3f, 0x19, 0x03,
  0x0e, 0x3a, 0x0b, 0x3b, 0x05, 0x39, 0x0b, 0x27, 0x19, 0x3c, 0x19, 0x01,
  0x13, 0x00, 0x00, 0x21, 0x2e, 0x00, 0x3f, 0x19, 0x03, 0x0e, 0x3a, 0x0b,
  0x3b, 0x0b, 0x39, 0x0b, 0x27, 0x19, 0x49, 0x13, 0x3c, 0x19, 0x00, 0x00,
  0x22, 0x2e, 0x01, 0x3f, 0x19, 0x03, 0x0e, 0x3a, 0x0b, 0x3b, 0x0b, 0x39,
  0x0b, 0x27, 0x19, 0x49, 0x13, 0x11, 0x01, 0x12, 0x07, 0x40, 0x18, 0x97,
  0x42, 0x19, 0x01, 0x13, 0x00, 0x00, 0x23, 0x34, 0x00, 0x03, 0x08, 0x3a,
  0x0b, 0x3b, 0x0b, 0x39, 0x0b, 0x49, 0x13, 0x02, 0x17, 0xb7, 0x42, 0x17,
  0x00, 0x00, 0x24, 0x1d, 0x01, 0x31, 0x13, 0x52, 0x01, 0xb8, 0x42, 0x0b,
  0x55, 0x17, 0x58, 0x0b, 0x59, 0x0b, 0x57, 0x0b, 0x01, 0x13, 0x00, 0x00,
  0x25, 0x05, 0x00, 0x31, 0x13, 0x02, 0x17, 0xb7, 0x42, 0x17, 0x00, 0x00,
  0x26, 0x89, 0x82, 0x01, 0x00, 0x11, 0x01, 0x31, 0x13, 0x00, 0x00, 0x27,
  0x89, 0x82, 0x01, 0x01, 0x11, 0x01, 0x31, 0x13, 0x01, 0x13, 0x00, 0x00,
  0x28, 0x8a, 0x82, 0x01, 0x00, 0x02, 0x18, 0x91, 0x42, 0x18, 0x00, 0x00,
  0x29, 0x2e, 0x01, 0x03, 0x0e, 0x3a, 0x0b, 0x3b, 0x0b, 0x39, 0x0b, 0x27,
  0x19, 0x49, 0x13, 0x11, 0x01, 0x12, 0x07, 0x40, 0x18, 0x97, 0x42, 0x19,
  0x01, 0x13, 0x00, 0x00, 0x2a, 0x05, 0x00, 0x03, 0x0e, 0x3a, 0x0b, 0x3b,
  0x0b, 0x39, 0x0b, 0x49, 0x13, 0x02, 0x17, 0xb7, 0x42, 0x17, 0x00, 0x00,
  0x2b, 0x34, 0x00, 0x03, 0x0e, 0x3a, 0x0b, 0x3b, 0x0b, 0x39, 0x0b, 0x49,
  0x13, 0x02, 0x17, 0xb7, 0x42, 0x17, 0x00, 0x00, 0x2c, 0x34, 0x00, 0x03,
  0x08, 0x3a, 0x0b, 0x3b, 0x0b, 0x39, 0x0b, 0x49, 0x13, 0x02, 0x18, 0x00,
  0x00, 0x2d, 0x1d, 0x01, 0x31, 0x13, 0x52, 0x01, 0xb8, 0x42, 0x0b, 0x11,
  0x01, 0x12, 0x07, 0x58, 0x0b, 0x59, 0x0b, 0x57, 0x0b, 0x01, 0x13, 0x00,
  0x00, 0x2e, 0x05, 0x00, 0x31, 0x13, 0x00, 0x00, 0x2f, 0x2e, 0x01, 0x03,
  0x0e, 0x3a, 0x0b, 0x3b, 0x05, 0x39, 0x0b, 0x27, 0x19, 0x20, 0x0b, 0x01,
  0x13, 0x00, 0x00, 0x30, 0x05, 0x00, 0x03, 0x08, 0x3a, 0x0b, 0x3b, 0x05,
  0x39, 0x0b, 0x49, 0x13, 0x00, 0x00, 0x31, 0x2e, 0x01, 0x03, 0x0e, 0x3a,
  0x0b, 0x3b, 0x05, 0x39, 0x0b, 0x27, 0x19, 0x20, 0x0b, 0x00, 0x00, 0x00,
  0x70, 0x08, 0x00, 0x00, 0x03, 0x00, 0x4e, 0x02, 0x00, 0x00, 0x01, 0x01,
  0xfb, 0x0e, 0x0d, 0x00, 0x01, 0x01, 0x01, 0x01, 0x00, 0x00, 0x00, 0x01,
  0x00, 0x00, 0x01, 0x73, 0x72, 0x63, 0x2f, 0x54, 0x6b, 0x00, 0x2f, 0x75,
  0x73, 0x72, 0x2f, 0x69, 0x6e, 0x63, 0x6c, 0x75, 0x64, 0x65, 0x00, 0x2f,
  0x6f, 0x70, 0x74, 0x2f, 0x5f, 0x69, 0x6e, 0x74, 0x65, 0x72, 0x6e, 0x61,
  0x6c, 0x2f, 0x63, 0x70, 0x79, 0x74, 0x68, 0x6f, 0x6e, 0x2d, 0x33, 0x2e,
  0x31, 0x31, 0x2e, 0x38, 0x2f, 0x69, 0x6e, 0x63, 0x6c, 0x75, 0x64, 0x65,
  0x2f, 0x70, 0x79, 0x74, 0x68, 0x6f, 0x6e, 0x33, 0x2e, 0x31, 0x31, 0x00,
  0x2f, 0x6f, 0x70, 0x74, 0x2f, 0x72, 0x68, 0x2f, 0x67, 0x63, 0x63, 0x2d,
  0x74, 0x6f, 0x6f, 0x6c, 0x73, 0x65, 0x74, 0x2d, 0x31, 0x32, 0x2f, 0x72,
  0x6f, 0x6f, 0x74, 0x2f, 0x75, 0x73, 0x72, 0x2f, 0x6c, 0x69, 0x62, 0x2f,
  0x67, 0x63, 0x63, 0x2f, 0x78, 0x38, 0x36, 0x5f, 0x36, 0x34, 0x2d, 0x72,
  0x65, 0x64, 0x68, 0x61, 0x74, 0x2d, 0x6c, 0x69, 0x6e, 0x75, 0x78, 0x2f,
  0x31, 0x32, 0x2f, 0x69, 0x6e, 0x63, 0x6c, 0x75, 0x64, 0x65, 0x00, 0x2f,
  0x75, 0x73, 0x72, 0x2f, 0x69, 0x6e, 0x63, 0x6c, 0x75, 0x64, 0x65, 0x2f,
  0x62, 0x69, 0x74, 0x73, 0x00, 0x2f, 0x75, 0x73, 0x72, 0x2f, 0x69, 0x6e,
  0x63, 0x6c, 0x75, 0x64, 0x65, 0x2f, 0x73, 0x79, 0x73, 0x00, 0x2f, 0x6f,
  0x70, 0x74, 0x2f, 0x5f, 0x69, 0x6e, 0x74, 0x65, 0x72, 0x6e, 0x61, 0x6c,
  0x2f, 0x63, 0x70, 0x79, 0x74, 0x68, 0x6f, 0x6e, 0x2d, 0x33, 0x2e, 0x31,
  0x31, 0x2e, 0x38, 0x2f, 0x69, 0x6e, 0x63, 0x6c, 0x75, 0x64, 0x65, 0x2f,
  0x70, 0x79, 0x74, 0x68, 0x6f, 0x6e, 0x33, 0x2e, 0x31, 0x31, 0x2f, 0x63,
  0x70, 0x79, 0x74, 0x68, 0x6f, 0x6e, 0x00, 0x73, 0x72, 0x63, 0x2f, 0x54,
  0x6b, 0x2f, 0x2e, 0x2e, 0x2f, 0x6c, 0x69, 0x62, 0x49, 0x6d, 0x61, 0x67,
  0x69, 0x6e, 0x67, 0x00, 0x00, 0x74, 0x6b, 0x49, 0x6d, 0x61, 0x67, 0x69,
  0x6e, 0x67, 0x2e, 0x63, 0x00, 0x01, 0x00, 0x00, 0x73, 0x74, 0x64, 0x6c,
  0x69, 0x62, 0x2e, 0x68, 0x00, 0x02, 0x00, 0x00, 0x6f, 0x62, 0x6a, 0x65,
  0x63, 0x74, 0x2e, 0x68, 0x00, 0x03, 0x00, 0x00, 0x73, 0x74, 0x64, 0x64,
  0x65, 0x66, 0x2e, 0x68, 0x00, 0x04, 0x00, 0x00, 0x74, 0x79, 0x70, 0x65,
  0x73, 0x2e, 0x68, 0x00, 0x05, 0x00, 0x00, 0x74, 0x79, 0x70, 0x65, 0x73,
  0x2e, 0x68, 0x00, 0x06, 0x00, 0x00, 0x73, 0x74, 0x64, 0x69, 0x6e, 0x74,
  0x2d, 0x69, 0x6e, 0x74, 0x6e, 0x2e, 0x68, 0x00, 0x05, 0x00, 0x00, 0x73,
  0x74, 0x64, 0x69, 0x6e, 0x74, 0x2d, 0x75, 0x69, 0x6e, 0x74, 0x6e, 0x2e,
  0x68, 0x00, 0x05, 0x00, 0x00, 0x70, 0x79, 0x70, 0x6f, 0x72, 0x74, 0x2e,
  0x68, 0x00, 0x03, 0x00, 0x00, 0x74, 0x69, 0x6d, 0x65, 0x2e, 0x68, 0x00,
  0x06, 0x00, 0x00, 0x70, 0x79, 0x74, 0x79, 0x70, 0x65, 0x64, 0x65, 0x66,
  0x73, 0x2e, 0x68, 0x00, 0x03, 0x00, 0x00, 0x6d, 0x65, 0x74, 0x68, 0x6f,
  0x64, 0x6f, 0x62, 0x6a, 0x65, 0x63, 0x74, 0x2e, 0x68, 0x00, 0x03, 0x00,
  0x00, 0x64, 0x65, 0x73, 0x63, 0x72, 0x6f, 0x62, 0x6a, 0x65, 0x63, 0x74,
  0x2e, 0x68, 0x00, 0x03, 0x00, 0x00, 0x6f, 0x62, 0x6a, 0x65, 0x63, 0x74,
  0x2e, 0x68, 0x00, 0x07, 0x00, 0x00, 0x70, 0x79, 0x62, 0x75, 0x66, 0x66,
  0x65, 0x72, 0x2e, 0x68, 0x00, 0x03, 0x00, 0x00, 0x49, 0x6d, 0x61, 0x67,
  0x69, 0x6e, 0x67, 0x2e, 0x68, 0x00, 0x08, 0x00, 0x00, 0x5f, 0x74, 0x6b,
  0x6d, 0x69, 0x6e, 0x69, 0x2e, 0x68, 0x00, 0x01, 0x00, 0x00, 0x62, 0x79,
  0x74, 0x65, 0x73, 0x6f, 0x62, 0x6a, 0x65, 0x63, 0x74, 0x2e, 0x68, 0x00,
  0x03, 0x00, 0x00, 0x75, 0x6e, 0x69, 0x63, 0x6f, 0x64, 0x65, 0x6f, 0x62,
  0x6a, 0x65, 0x63, 0x74, 0x2e, 0x68, 0x00, 0x03, 0x00, 0x00, 0x69, 0x6d,
  0x70, 0x6f, 0x72, 0x74, 0x2e, 0x68, 0x00, 0x03, 0x00, 0x00, 0x64, 0x6c,
  0x66, 0x63, 0x6e, 0x2e, 0x68, 0x00, 0x02, 0x00, 0x00, 0x70, 0x79, 0x65,
  0x72, 0x72, 0x6f, 0x72, 0x73, 0x2e, 0x68, 0x00, 0x03, 0x00, 0x00, 0x73,
  0x74, 0x72, 0x69, 0x6e, 0x67, 0x2e, 0x68, 0x00, 0x02, 0x00, 0x00, 0x00,
  0x05, 0x4d, 0x00, 0x09, 0x02, 0x40, 0x12, 0x00, 0x00, 0x00, 0x00, 0x00,
  0x00, 0x03, 0x90, 0x01, 0x01, 0x05, 0x05, 0x13, 0x13, 0x13, 0x13, 0x14,
  0x05, 0x4d, 0x06, 0x03, 0x7a, 0x01, 0x05, 0x08, 0xdc, 0x05, 0x09, 0x06,
  0x59, 0x06, 0x3c, 0x9e, 0x3c, 0x74, 0x06, 0x84, 0x05, 0x01, 0x06, 0x03,
  0x1e, 0x01, 0x05, 0x10, 0x03, 0x62, 0x4a, 0x05, 0x01, 0x03, 0x1e, 0x58,
  0x2e, 0x05, 0x05, 0x06, 0x03, 0x66, 0x3c, 0x05, 0x0d, 0x06, 0x01, 0x4a,
  0x3c, 0x66, 0x05, 0x05, 0x06, 0x3d, 0x05, 0x08, 0x06, 0x01, 0x05, 0x05,
  0x06, 0x96, 0x05, 0x01, 0x03, 0x95, 0x7f, 0x01, 0x05, 0x05, 0x13, 0x18,
  0x04, 0x02, 0x05, 0x01, 0x03, 0xad, 0x02, 0x01, 0x05, 0x03, 0x14, 0x05,
  0x0a, 0x06, 0x01, 0xf2, 0x3c, 0x04, 0x01, 0x05, 0x05, 0x06, 0x03, 0xd3,
  0x7d, 0x01, 0x05, 0x08, 0x06, 0x01, 0x05, 0x05, 0x06, 0x94, 0x06, 0x01,
  0x06, 0x03, 0xdf, 0x00, 0x01, 0x17, 0xbc, 0x05, 0x13, 0x01, 0x05, 0x1a,
  0x06, 0x01, 0x05, 0x13, 0x4a, 0x05, 0x1e, 0x84, 0x05, 0x0c, 0x48, 0x05,
  0x09, 0x06, 0x75, 0x05, 0x10, 0x06, 0x01, 0x05, 0x2a, 0x4a, 0x05, 0x10,
  0x3c, 0x05, 0x09, 0x06, 0x4b, 0x05, 0x17, 0x01, 0x05, 0x22, 0x06, 0x83,
  0x05, 0x10, 0x49, 0x05, 0x11, 0x06, 0x08, 0x14, 0x13, 0x05, 0x34, 0x06,
  0x4a, 0x05, 0x31, 0x3c, 0x05, 0x46, 0x66, 0x05, 0x17, 0x2e, 0x05, 0x46,
  0x3c, 0x05, 0x31, 0x2e, 0x05, 0x21, 0x58, 0x3c, 0x05, 0x2f, 0x06, 0x10,
  0x05, 0x1b, 0x01, 0x05, 0x22, 0x06, 0x01, 0x05, 0x1b, 0x4a, 0x05, 0x11,
  0x06, 0x59, 0x05, 0x34, 0x06, 0x13, 0x05, 0x15, 0x49, 0x05, 0x11, 0x06,
  0x4b, 0x05, 0x31, 0x06, 0x01, 0x05, 0x34, 0x4a, 0x05, 0x46, 0x3c, 0x05,
  0x17, 0x2e, 0x05, 0x46, 0x2e, 0x05, 0x17, 0x2e, 0x05, 0x46, 0x3c, 0x05,
  0x31, 0x2e, 0x05, 0x21, 0x58, 0x3c, 0x05, 0x2f, 0x06, 0x10, 0x05, 0x1b,
  0x01, 0x05, 0x22, 0x06, 0x01, 0x05, 0x1b, 0x4a, 0x05, 0x11, 0x06, 0x59,
  0x05, 0x34, 0x06, 0x13, 0x05, 0x15, 0x49, 0x05, 0x11, 0x06, 0x4b, 0x05,
  0x31, 0x06, 0x01, 0x05, 0x34, 0x4a, 0x05, 0x46, 0x3c, 0x05, 0x17, 0x2e,
  0x05, 0x46, 0x2e, 0x05, 0x17, 0x2e, 0x05, 0x46, 0x3c, 0x05, 0x31, 0x2e,
  0x05, 0x21, 0x58, 0x3c, 0x05, 0x2f, 0x06, 0x10, 0x05, 0x1b, 0x01, 0x05,
  0x22, 0x06, 0x01, 0x05, 0x1b, 0x4a, 0x05, 0x11, 0x06, 0x59, 0x05, 0x34,
  0x06, 0x13, 0x05, 0x15, 0x49, 0x05, 0x11, 0x06, 0x4b, 0x05, 0x31, 0x06,
  0x01, 0x05, 0x34, 0x4a, 0x05, 0x46, 0x3c, 0x05, 0x17, 0x2e, 0x05, 0x46,
  0x2e, 0x05, 0x17, 0x2e, 0x05, 0x46, 0x3c, 0x05, 0x31, 0x2e, 0x05, 0x21,
  0x58, 0x3c, 0x05, 0x2f, 0x06, 0x10, 0x05, 0x1b, 0x01, 0x05, 0x22, 0x06,
  0x01, 0x05, 0x1e, 0x49, 0x05, 0x28, 0x06, 0x4a, 0x05, 0x17, 0x2e, 0x05,
  0x1b, 0x4b, 0x05, 0x28, 0x81, 0x05, 0x17, 0x2e, 0x06, 0x4a, 0x05, 0x1a,
  0x10, 0x05, 0x24, 0x00, 0x02, 0x04, 0x02, 0x06, 0x4a, 0x05, 0x13, 0x00,
  0x02, 0x04, 0x02, 0x3c, 0x05, 0x01, 0x06, 0x03, 0x0b, 0x82, 0x05, 0x0c,
  0x49, 0x05, 0x01, 0x2f, 0x20, 0x20, 0x2e, 0x05, 0x09, 0x06, 0x03, 0x68,
  0x20, 0x06, 0xd6, 0x06, 0x67, 0x05, 0x10, 0x06, 0x01, 0x05, 0x09, 0x06,
  0x5e, 0x06, 0xd6, 0x06, 0x67, 0x05, 0x10, 0x06, 0x01, 0x05, 0x4d, 0x06,
  0x03, 0xa4, 0x7f, 0xf2, 0x05, 0x05, 0x13, 0x13, 0x13, 0x14, 0x05, 0x4d,
  0x06, 0x0d, 0x05, 0x08, 0xf7, 0x05, 0x09, 0x06, 0x59, 0x06, 0x3c, 0x9e,
  0x3c, 0x74, 0x06, 0x84, 0x05, 0x01, 0x06, 0x03, 0x39, 0x01, 0x05, 0x10,
  0x03, 0x47, 0x4a, 0x05, 0x01, 0x03, 0x39, 0x58, 0x20, 0x05, 0x05, 0x06,
  0x03, 0x4b, 0x9e, 0x05, 0x0d, 0x06, 0x01, 0x74, 0x66, 0x05, 0x05, 0x06,
  0x3d, 0x05, 0x08, 0x06, 0x01, 0x05, 0x05, 0x06, 0x96, 0x05, 0x01, 0x03,
  0x5b, 0x01, 0x05, 0x05, 0x13, 0x18, 0x04, 0x02, 0x05, 0x01, 0x03, 0xad,
  0x02, 0x01, 0x05, 0x03, 0x14, 0x05, 0x0a, 0x06, 0x01, 0xf2, 0x3c, 0x04,
  0x01, 0x05, 0x05, 0x06, 0x03, 0xd3, 0x7d, 0x01, 0x05, 0x08, 0x06, 0x01,
  0x05, 0x05, 0x06, 0x94, 0x06, 0x01, 0x06, 0x03, 0x19, 0x01, 0x16, 0x05,
  0x0c, 0x06, 0x01, 0x05, 0x08, 0x4a, 0x05, 0x05, 0x06, 0x97, 0x05, 0x09,
  0x06, 0x01, 0x3c, 0x05, 0x08, 0x90, 0x05, 0x09, 0x06, 0x9f, 0x13, 0x05,
  0x19, 0x06, 0x11, 0x05, 0x4f, 0x83, 0x05, 0x19, 0x81, 0x05, 0x05, 0x06,
  0x03, 0x11, 0x58, 0x05, 0x15, 0x06, 0x01, 0x05, 0x05, 0x06, 0x59, 0x05,
  0x11, 0x06, 0x13, 0x05, 0x14, 0x3d, 0x05, 0x05, 0x4c, 0x05, 0x11, 0xd3,
  0x05, 0x05, 0x4d, 0x05, 0x11, 0x99, 0x05, 0x05, 0x06, 0x68, 0x13, 0x14,
  0x03, 0x0a, 0x08, 0x20, 0x05, 0x0c, 0x06, 0x01, 0x05, 0x01, 0x4b, 0x58,
  0x20, 0x2e, 0x05, 0x09, 0x06, 0x03, 0x4d, 0x74, 0x06, 0xd6, 0x06, 0x67,
  0x05, 0x10, 0x06, 0x01, 0x05, 0x27, 0x00, 0x02, 0x04, 0x01, 0x03, 0x10,
  0xba, 0x05, 0x24, 0x00, 0x02, 0x04, 0x01, 0x58, 0x05, 0x0c, 0x06, 0x08,
  0x31, 0x05, 0x10, 0x06, 0x01, 0x05, 0x0f, 0xba, 0x05, 0x09, 0x06, 0x67,
  0x13, 0x13, 0x13, 0x05, 0x19, 0x06, 0x0f, 0x05, 0x0d, 0x86, 0x05, 0x19,
  0x9a, 0x05, 0x09, 0x06, 0x5c, 0x05, 0x0d, 0x06, 0x01, 0x05, 0x1d, 0x59,
  0x05, 0x09, 0x06, 0x03, 0x6d, 0x08, 0x20, 0x06, 0xd6, 0x06, 0x67, 0x05,
  0x10, 0x06, 0x01, 0x05, 0x09, 0x06, 0xbd, 0x06, 0xd6, 0x06, 0x67, 0x05,
  0x10, 0x06, 0x01, 0x05, 0x09, 0x06, 0x03, 0x13, 0xba, 0x08, 0x3d, 0x05,
  0x10, 0x06, 0x01, 0x05, 0x24, 0x06, 0x03, 0xc1, 0x00, 0xba, 0x05, 0x05,
  0x13, 0x05, 0x24, 0x06, 0x11, 0x20, 0x05, 0x05, 0x3d, 0x06, 0x08, 0x88,
  0x05, 0x01, 0x06, 0x08, 0x5e, 0x05, 0x05, 0x03, 0x7a, 0x20, 0x66, 0x05,
  0x31, 0x06, 0x00, 0x09, 0x02, 0x30, 0x16, 0x00, 0x00, 0x00, 0x00, 0x00,
  0x00, 0x03, 0xa8, 0x01, 0x01, 0x06, 0x01, 0x05, 0x05, 0x06, 0x89, 0x14,
  0x05, 0x31, 0x06, 0x03, 0x77, 0x01, 0x05, 0x05, 0x03, 0x09, 0x4a, 0x06,
  0x59, 0x05, 0x0c, 0x06, 0x01, 0x05, 0x05, 0x06, 0xd7, 0x05, 0x08, 0x06,
  0x01, 0x05, 0x01, 0x5d, 0x74, 0x2e, 0x06, 0x03, 0x70, 0x3c, 0x05, 0x09,
  0x03, 0x0c, 0x01, 0x05, 0x1d, 0x06, 0x01, 0x58, 0x05, 0x09, 0x06, 0x3d,
  0x06, 0x74, 0x82, 0x05, 0x05, 0x06, 0x14, 0x05, 0x01, 0x06, 0x13, 0x82,
  0x20, 0x05, 0x19, 0x06, 0xf5, 0x05, 0x05, 0x18, 0x05, 0x19, 0x06, 0x03,
  0x7a, 0x01, 0x05, 0x34, 0x26, 0x05, 0x19, 0x03, 0x7a, 0x74, 0x05, 0x34,
  0x42, 0x05, 0x1d, 0x58, 0x05, 0x08, 0x74, 0x05, 0x05, 0x06, 0x5c, 0x05,
  0x32, 0x06, 0x01, 0x05, 0x1c, 0xe4, 0x05, 0x08, 0x74, 0x05, 0x05, 0x06,
  0x5c, 0x05, 0x33, 0x06, 0x01, 0x05, 0x1d, 0xe4, 0x05, 0x08, 0x74, 0x05,
  0x05, 0x06, 0x5c, 0x05, 0x2a, 0x06, 0x01, 0x05, 0x18, 0xe4, 0x05, 0x08,
  0x74, 0x05, 0x01, 0x06, 0x03, 0x6e, 0x58, 0x05, 0x05, 0x03, 0x15, 0x01,
  0x05, 0x22, 0x06, 0x14, 0x05, 0x01, 0xe5, 0x05, 0x43, 0x1f, 0x05, 0x1d,
  0x3b, 0x05, 0x43, 0x75, 0x66, 0x05, 0x01, 0x13, 0x05, 0x10, 0x03, 0x70,
  0x3c, 0x05, 0x01, 0x03, 0x10, 0x58, 0x20, 0x05, 0x1a, 0x06, 0xa1, 0x05,
  0x05, 0x18, 0x13, 0x13, 0x13, 0x15, 0x05, 0x1a, 0x06, 0x03, 0x74, 0x01,
  0x05, 0x14, 0x03, 0x0c, 0x2e, 0x05, 0x1a, 0x03, 0x74, 0x74, 0x05, 0x14,
  0x03, 0x0c, 0xba, 0x05, 0x09, 0x59, 0x05, 0x14, 0x3b, 0x05, 0x05, 0x06,
  0x3d, 0x05, 0x09, 0x06, 0x01, 0x05, 0x08, 0x58, 0x05, 0x05, 0x06, 0x87,
  0x5b, 0x05, 0x0f, 0x06, 0x01, 0x05, 0x05, 0x06, 0xe5, 0x05, 0x08, 0x06,
  0x01, 0x05, 0x05, 0x06, 0x93, 0x05, 0x0f, 0x06, 0x01, 0xe4, 0x05, 0x05,
  0x06, 0x3d, 0x05, 0x08, 0x06, 0x01, 0x05, 0x05, 0x06, 0x94, 0x05, 0x0e,
  0x06, 0x01, 0x82, 0x05, 0x05, 0x06, 0x3d, 0x05, 0x08, 0x06, 0x01, 0x05,
  0x05, 0x06, 0x93, 0x05, 0x17, 0x06, 0x01, 0x82, 0x05, 0x05, 0x06, 0x3d,
  0x05, 0x08, 0x06, 0x01, 0x05, 0x05, 0x06, 0x93, 0x05, 0x13, 0x06, 0x01,
  0x9e, 0x05, 0x05, 0x06, 0x3d, 0x05, 0x08, 0x06, 0x01, 0x05, 0x05, 0x06,
  0x5c, 0x05, 0x0b, 0x06, 0x01, 0x05, 0x05, 0x84, 0x05, 0x0b, 0x3a, 0x05,
  0x05, 0x06, 0x30, 0x5a, 0x83, 0x04, 0x03, 0x05, 0x14, 0x03, 0x8f, 0x01,
  0x01, 0x05, 0x05, 0x14, 0x05, 0x09, 0x13, 0x05, 0x14, 0x03, 0xbb, 0x7f,
  0x01, 0x05, 0x05, 0x16, 0x05, 0x08, 0x06, 0x01, 0xac, 0x05, 0x09, 0x06,
  0x03, 0xc1, 0x00, 0x01, 0x05, 0x14, 0x03, 0xbb, 0x7f, 0x01, 0x05, 0x05,
  0x16, 0x05, 0x08, 0x06, 0x01, 0x74, 0x04, 0x01, 0x05, 0x05, 0x06, 0x03,
  0xb1, 0x7f, 0x01, 0x04, 0x03, 0x05, 0x14, 0x03, 0x8d, 0x01, 0x01, 0x05,
  0x05, 0x14, 0x05, 0x08, 0x06, 0x01, 0x05, 0x09, 0x06, 0x59, 0x05, 0x14,
  0x03, 0xbb, 0x7f, 0x01, 0x05, 0x05, 0x16, 0x05, 0x08, 0x06, 0x01, 0x05,
  0x09, 0x06, 0x67, 0x06, 0x9e, 0x04, 0x01, 0x05, 0x05, 0x06, 0x03, 0xad,
  0x7f, 0x01, 0x83, 0x04, 0x03, 0x05, 0x14, 0x03, 0x8f, 0x01, 0x01, 0x05,
  0x05, 0x14, 0x06, 0x01, 0x04, 0x01, 0x06, 0x03, 0xf0, 0x7e, 0x01, 0x04,
  0x03, 0x05, 0x14, 0x03, 0x8e, 0x01, 0x01, 0x05, 0x05, 0x14, 0x06, 0x01,
  0x04, 0x01, 0x06, 0x03, 0xf1, 0x7e, 0x01, 0x04, 0x03, 0x05, 0x14, 0x03,
  0x8d, 0x01, 0x01, 0x05, 0x05, 0x14, 0x06, 0x01, 0x04, 0x01, 0x05, 0x09,
  0x03, 0xc5, 0x7e, 0x01, 0x05, 0x01, 0x03, 0x2e, 0x58, 0x82, 0x05, 0x09,
  0x03, 0x5a, 0xac, 0x06, 0x58, 0x59, 0x05, 0x10, 0x06, 0x01, 0x05, 0x09,
  0x06, 0x03, 0x19, 0x66, 0x06, 0x74, 0x06, 0xe5, 0x05, 0x05, 0x18, 0x05,
  0x09, 0x06, 0x03, 0x57, 0x3c, 0x05, 0x05, 0x03, 0x29, 0x58, 0x06, 0x59,
  0x04, 0x03, 0x05, 0x14, 0x03, 0x8f, 0x01, 0x01, 0x05, 0x05, 0x14, 0x06,
  0xc8, 0x05, 0x09, 0x06, 0x03, 0x41, 0x01, 0x06, 0xf2, 0x04, 0x01, 0x05,
  0x05, 0x06, 0x03, 0xad, 0x7f, 0x01, 0x83, 0x04, 0x03, 0x05, 0x14, 0x03,
  0x8f, 0x01, 0x01, 0x05, 0x05, 0x14, 0x05, 0x09, 0x13, 0x05, 0x14, 0x03,
  0xbb, 0x7f, 0x01, 0x05, 0x05, 0x16, 0x05, 0x08, 0x06, 0x01, 0x05, 0x09,
  0x06, 0x75, 0x06, 0x82, 0x04, 0x01, 0x05, 0x05, 0x06, 0x03, 0xaf, 0x7f,
  0x01, 0x04, 0x03, 0x05, 0x14, 0x03, 0x8e, 0x01, 0x01, 0x05, 0x05, 0x14,
  0x06, 0x01, 0x04, 0x01, 0x06, 0x03, 0xf1, 0x7e, 0x01, 0x04, 0x03, 0x05,
  0x14, 0x03, 0x8d, 0x01, 0x01, 0x05, 0x05, 0x14, 0x06, 0x90, 0x05, 0x09,
  0x06, 0x03, 0x41, 0x01, 0x06, 0x82, 0x04, 0x01, 0x05, 0x05, 0x06, 0x03,
  0xaf, 0x7f, 0x01, 0x04, 0x03, 0x05, 0x14, 0x03, 0x8e, 0x01, 0x01, 0x05,
  0x05, 0x14, 0x06, 0x82, 0x04, 0x01, 0x06, 0x03, 0xee, 0x7e, 0x01, 0x05,
  0x09, 0x06, 0x03, 0x57, 0x3c, 0x05, 0x05, 0x03, 0x29, 0x58, 0x06, 0x59,
  0x04, 0x03, 0x05, 0x14, 0x03, 0x8f, 0x01, 0x01, 0x05, 0x05, 0x14, 0x02,
  0x05, 0x00, 0x01, 0x01, 0x88, 0x02, 0x00, 0x00, 0x03, 0x00, 0xd2, 0x01,
  0x00, 0x00, 0x01, 0x01, 0xfb, 0x0e, 0x0d, 0x00, 0x01, 0x01, 0x01, 0x01,
  0x00, 0x00, 0x00, 0x01, 0x00, 0x00, 0x01, 0x73, 0x72, 0x63, 0x00, 0x2f,
  0x6f, 0x70, 0x74, 0x2f, 0x5f, 0x69, 0x6e, 0x74, 0x65, 0x72, 0x6e, 0x61,
  0x6c, 0x2f, 0x63, 0x70, 0x79, 0x74, 0x68, 0x6f, 0x6e, 0x2d, 0x33, 0x2e,
  0x31, 0x31, 0x2e, 0x38, 0x2f, 0x69, 0x6e, 0x63, 0x6c, 0x75, 0x64, 0x65,
  0x2f, 0x70, 0x79, 0x74, 0x68, 0x6f, 0x6e, 0x33, 0x2e, 0x31, 0x31, 0x00,
  0x2f, 0x6f, 0x70, 0x74, 0x2f, 0x72, 0x68, 0x2f, 0x67, 0x63, 0x63, 0x2d,
  0x74, 0x6f, 0x6f, 0x6c, 0x73, 0x65, 0x74, 0x2d, 0x31, 0x32, 0x2f, 0x72,
  0x6f, 0x6f, 0x74, 0x2f, 0x75, 0x73, 0x72, 0x2f, 0x6c, 0x69, 0x62, 0x2f,
  0x67, 0x63, 0x63, 0x2f, 0x78, 0x38, 0x36, 0x5f, 0x36, 0x34, 0x2d, 0x72,
  0x65, 0x64, 0x68, 0x61, 0x74, 0x2d, 0x6c, 0x69, 0x6e, 0x75, 0x78, 0x2f,
  0x31, 0x32, 0x2f, 0x69, 0x6e, 0x63, 0x6c, 0x75, 0x64, 0x65, 0x00, 0x2f,
  0x75, 0x73, 0x72, 0x2f, 0x69, 0x6e, 0x63, 0x6c, 0x75, 0x64, 0x65, 0x2f,
  0x62, 0x69, 0x74, 0x73, 0x00, 0x2f, 0x75, 0x73, 0x72, 0x2f, 0x69, 0x6e,
  0x63, 0x6c, 0x75, 0x64, 0x65, 0x2f, 0x73, 0x79, 0x73, 0x00, 0x2f, 0x6f,
  0x70, 0x74, 0x2f, 0x5f, 0x69, 0x6e, 0x74, 0x65, 0x72, 0x6e, 0x61, 0x6c,
  0x2f, 0x63, 0x70, 0x79, 0x74, 0x68, 0x6f, 0x6e, 0x2d, 0x33, 0x2e, 0x31,
  0x31, 0x2e, 0x38, 0x2f, 0x69, 0x6e, 0x63, 0x6c, 0x75, 0x64, 0x65, 0x2f,
  0x70, 0x79, 0x74, 0x68, 0x6f, 0x6e, 0x33, 0x2e, 0x31, 0x31, 0x2f, 0x63,
  0x70, 0x79, 0x74, 0x68, 0x6f, 0x6e, 0x00, 0x73, 0x72, 0x63, 0x2f, 0x54,
  0x6b, 0x00, 0x00, 0x5f, 0x69, 0x6d, 0x61, 0x67, 0x69, 0x6e, 0x67, 0x74,
  0x6b, 0x2e, 0x63, 0x00, 0x01, 0x00, 0x00, 0x6f, 0x62, 0x6a, 0x65, 0x63,
  0x74, 0x2e, 0x68, 0x00, 0x02, 0x00, 0x00, 0x73, 0x74, 0x64, 0x64, 0x65,
  0x66, 0x2e, 0x68, 0x00, 0x03, 0x00, 0x00, 0x74, 0x79, 0x70, 0x65, 0x73,
  0x2e, 0x68, 0x00, 0x04, 0x00, 0x00, 0x74, 0x79, 0x70, 0x65, 0x73, 0x2e,
  0x68, 0x00, 0x05, 0x00, 0x00, 0x70, 0x79, 0x70, 0x6f, 0x72, 0x74, 0x2e,
  0x68, 0x00, 0x02, 0x00, 0x00, 0x74, 0x69, 0x6d, 0x65, 0x2e, 0x68, 0x00,
  0x05, 0x00, 0x00, 0x70, 0x79, 0x74, 0x79, 0x70, 0x65, 0x64, 0x65, 0x66,
  0x73, 0x2e, 0x68, 0x00, 0x02, 0x00, 0x00, 0x6d, 0x6f, 0x64, 0x75, 0x6c,
  0x65, 0x6f, 0x62, 0x6a, 0x65, 0x63, 0x74, 0x2e, 0x68, 0x00, 0x02, 0x00,
  0x00, 0x6d, 0x65, 0x74, 0x68, 0x6f, 0x64, 0x6f, 0x62, 0x6a, 0x65, 0x63,
  0x74, 0x2e, 0x68, 0x00, 0x02, 0x00, 0x00, 0x64, 0x65, 0x73, 0x63, 0x72,
  0x6f, 0x62, 0x6a, 0x65, 0x63, 0x74, 0x2e, 0x68, 0x00, 0x02, 0x00, 0x00,
  0x6f, 0x62, 0x6a, 0x65, 0x63, 0x74, 0x2e, 0x68, 0x00, 0x06, 0x00, 0x00,
  0x70, 0x79, 0x62, 0x75, 0x66, 0x66, 0x65, 0x72, 0x2e, 0x68, 0x00, 0x02,
  0x00, 0x00, 0x5f, 0x74, 0x6b, 0x6d, 0x69, 0x6e, 0x69, 0x2e, 0x68, 0x00,
  0x07, 0x00, 0x00, 0x6c, 0x6f, 0x6e, 0x67, 0x6f, 0x62, 0x6a, 0x65, 0x63,
  0x74, 0x2e, 0x68, 0x00, 0x02, 0x00, 0x00, 0x6d, 0x6f, 0x64, 0x73, 0x75,
  0x70, 0x70, 0x6f, 0x72, 0x74, 0x2e, 0x68, 0x00, 0x02, 0x00, 0x00, 0x00,
  0x05, 0x29, 0x00, 0x09, 0x02, 0xd0, 0x18, 0x00, 0x00, 0x00, 0x00, 0x00,
  0x00, 0x03, 0x1a, 0x01, 0x05, 0x05, 0x13, 0x14, 0x13, 0x05, 0x29, 0x06,
  0x0e, 0x4a, 0x05, 0x0a, 0x40, 0x74, 0xba, 0x05, 0x08, 0x4a, 0x05, 0x05,
  0x06, 0x4e, 0x05, 0x1c, 0x06, 0x01, 0x05, 0x05, 0x06, 0xcb, 0x5a, 0x04,
  0x02, 0x05, 0x14, 0x03, 0xc3, 0x03, 0x01, 0x05, 0x05, 0x03, 0x0b, 0x01,
  0x05, 0x12, 0x06, 0x01, 0xac, 0x04, 0x01, 0x05, 0x05, 0x06, 0x03, 0xb3,
  0x7c, 0x01, 0x05, 0x01, 0x06, 0x13, 0x05, 0x19, 0x06, 0x03, 0x09, 0x08,
  0x12, 0x05, 0x05, 0x13, 0x19, 0x13, 0x05, 0x19, 0x06, 0x03, 0x77, 0x01,
  0x05, 0x09, 0x03, 0x09, 0x20, 0x05, 0x05, 0x06, 0x08, 0x3d, 0x05, 0x09,
  0x06, 0x01, 0x05, 0x08, 0x58, 0x05, 0x01, 0x4f, 0x05, 0x09, 0x06, 0x9a,
  0x04, 0x02, 0x05, 0x14, 0x03, 0xd7, 0x03, 0x01, 0x05, 0x05, 0x16, 0x05,
  0x08, 0x06, 0x01, 0x04, 0x01, 0x05, 0x10, 0x03, 0xa6, 0x7c, 0x66, 0x2e,
  0x04, 0x02, 0x05, 0x09, 0x06, 0x03, 0xdb, 0x03, 0x82, 0x04, 0x01, 0x05,
  0x10, 0x06, 0x03, 0xa5, 0x7c, 0x3c, 0x04, 0x02, 0x05, 0x09, 0x03, 0xdb,
  0x03, 0x2e, 0x58, 0x02, 0x02, 0x00, 0x01, 0x01, 0x6e, 0x65, 0x77, 0x66,
  0x75, 0x6e, 0x63, 0x00, 0x74, 0x7a, 0x5f, 0x64, 0x73, 0x74, 0x74, 0x69,
  0x6d, 0x65, 0x00, 0x61, 0x74, 0x6f, 0x6c, 0x00, 0x62, 0x69, 0x6e, 0x61,
  0x72, 0x79, 0x66, 0x75, 0x6e, 0x63, 0x00, 0x54, 0x63, 0x6c, 0x5f, 0x43,
  0x6f, 0x6d, 0x6d, 0x61, 0x6e, 0x64, 0x00, 0x6c, 0x69, 0x62, 0x5f, 0x68,
  0x61, 0x6e, 0x64, 0x6c, 0x65, 0x00, 0x73, 0x74, 0x72, 0x69, 0x64, 0x65,
  0x73, 0x00, 0x50, 0x79, 0x4f, 0x62, 0x6a, 0x65, 0x63, 0x74, 0x5f, 0x47,
  0x65, 0x74, 0x41, 0x74, 0x74, 0x72, 0x53, 0x74, 0x72, 0x69, 0x6e, 0x67,
  0x00, 0x50, 0x79, 0x5f, 0x68, 0x61, 0x73, 0x68, 0x5f, 0x74, 0x00, 0x66,
  0x6f, 0x72, 0x6d, 0x61, 0x74, 0x00, 0x73, 0x74, 0x72, 0x6e, 0x63, 0x6d,
  0x70, 0x00, 0x50, 0x79, 0x47, 0x65, 0x74, 0x53, 0x65, 0x74, 0x44, 0x65,
  0x66, 0x00, 0x73, 0x65, 0x74, 0x61, 0x74, 0x74, 0x72, 0x6f, 0x66, 0x75,
  0x6e, 0x63, 0x00, 0x70, 0x61, 0x6c, 0x65, 0x74, 0x74, 0x65, 0x00, 0x50,
  0x79, 0x55, 0x6e, 0x69, 0x63, 0x6f, 0x64, 0x65, 0x5f, 0x45, 0x6e, 0x63,
  0x6f, 0x64, 0x65, 0x46, 0x53, 0x44, 0x65, 0x66, 0x61, 0x75, 0x6c, 0x74,
  0x00, 0x47, 0x4e, 0x55, 0x20, 0x43, 0x31, 0x37, 0x20, 0x31, 0x32, 0x2e,
  0x32, 0x2e, 0x31, 0x20, 0x32, 0x30, 0x32, 0x32, 0x31, 0x31, 0x32, 0x31,
  0x20, 0x28, 0x52, 0x65, 0x64, 0x20, 0x48, 0x61, 0x74, 0x20, 0x31, 0x32,
  0x2e, 0x32, 0x2e, 0x31, 0x2d, 0x37, 0x29, 0x20, 0x2d, 0x6d, 0x74, 0x75,
  0x6e, 0x65, 0x3d, 0x67, 0x65, 0x6e, 0x65, 0x72, 0x69, 0x63, 0x20, 0x2d,
  0x6d, 0x61, 0x72, 0x63, 0x68, 0x3d, 0x78, 0x38, 0x36, 0x2d, 0x36, 0x34,
  0x20, 0x2d, 0x67, 0x20, 0x2d, 0x4f, 0x33, 0x20, 0x2d, 0x66, 0x77, 0x72,
  0x61, 0x70, 0x76, 0x20, 0x2d, 0x66, 0x50, 0x49, 0x43, 0x00, 0x74, 0x70,
  0x5f, 0x64, 0x65, 0x61, 0x6c, 0x6c, 0x6f, 0x63, 0x00, 0x6e, 0x62, 0x5f,
  0x69, 0x6e, 0x70, 0x6c, 0x61, 0x63, 0x65, 0x5f, 0x78, 0x6f, 0x72, 0x00,
  0x69, 0x6d, 0x61, 0x67, 0x65, 0x33, 0x32, 0x00, 0x62, 0x61, 0x6e, 0x64,
  0x73, 0x00, 0x74, 0x70, 0x5f, 0x61, 0x73, 0x5f, 0x6d, 0x61, 0x70, 0x70,
  0x69, 0x6e, 0x67, 0x00, 0x64, 0x6c, 0x73, 0x79, 0x6d, 0x00, 0x6e, 0x62,
  0x5f, 0x6d, 0x61, 0x74, 0x72, 0x69, 0x78, 0x5f, 0x6d, 0x75, 0x6c, 0x74,
  0x69, 0x70, 0x6c, 0x79, 0x00, 0x50, 0x79, 0x41, 0x73, 0x79, 0x6e, 0x63,
  0x4d, 0x65, 0x74, 0x68, 0x6f, 0x64, 0x73, 0x00, 0x74, 0x70, 0x5f, 0x6e,
  0x61, 0x6d, 0x65, 0x00, 0x50, 0x59, 0x47, 0x45, 0x4e, 0x5f, 0x52, 0x45,
  0x54, 0x55, 0x52, 0x4e, 0x00, 0x62, 0x66, 0x5f, 0x72, 0x65, 0x6c, 0x65,
  0x61, 0x73, 0x65, 0x62, 0x75, 0x66, 0x66, 0x65, 0x72, 0x00, 0x50, 0x79,
  0x49, 0x6d, 0x61, 0x67, 0x69, 0x6e, 0x67, 0x50, 0x68, 0x6f, 0x74, 0x6f,
  0x47, 0x65, 0x74, 0x00, 0x5f, 0x5f, 0x6e, 0x70, 0x74, 0x72, 0x00, 0x50,
  0x79, 0x53, 0x65, 0x6e, 0x64, 0x52, 0x65, 0x73, 0x75, 0x6c, 0x74, 0x00,
  0x74, 0x7a, 0x5f, 0x6d, 0x69, 0x6e, 0x75, 0x74, 0x65, 0x73, 0x77, 0x65,
  0x73, 0x74, 0x00, 0x70, 0x69, 0x74, 0x63, 0x68, 0x00, 0x74, 0x70, 0x5f,
  0x69, 0x6e, 0x69, 0x74, 0x00, 0x64, 0x6c, 0x63, 0x6c, 0x6f, 0x73, 0x65,
  0x00, 0x78, 0x73, 0x69, 0x7a, 0x65, 0x00, 0x6c, 0x65, 0x6e, 0x66, 0x75,
  0x6e, 0x63, 0x00, 0x6e, 0x62, 0x5f, 0x69, 0x6e, 0x76, 0x65, 0x72, 0x74,
  0x00, 0x5f, 0x66, 0x75, 0x6e, 0x63, 0x5f, 0x6c, 0x6f, 0x61, 0x64, 0x65,
  0x72, 0x00, 0x6e, 0x62, 0x5f, 0x69, 0x6e, 0x70, 0x6c, 0x61, 0x63, 0x65,
  0x5f, 0x6d, 0x61, 0x74, 0x72, 0x69, 0x78, 0x5f, 0x6d, 0x75, 0x6c, 0x74,
  0x69, 0x70, 0x6c, 0x79, 0x00, 0x6d, 0x6f, 0x64, 0x65, 0x00, 0x74, 0x70,
  0x5f, 0x77, 0x65, 0x61, 0x6b, 0x6c, 0x69, 0x73, 0x74, 0x00, 0x2f, 0x70,
  0x72, 0x6f, 0x6a, 0x65, 0x63, 0x74, 0x00, 0x54, 0x6b, 0x5f, 0x50, 0x68,
  0x6f, 0x74, 0x6f, 0x47, 0x65, 0x74, 0x49, 0x6d, 0x61, 0x67, 0x65, 0x5f,
  0x74, 0x00, 0x43, 0x6c, 0x69, 0x65, 0x6e, 0x74, 0x44, 0x61, 0x74, 0x61,
  0x00, 0x67, 0x65, 0x74, 0x61, 0x74, 0x74, 0x72, 0x66, 0x75, 0x6e, 0x63,
  0x00, 0x74, 0x6b, 0x69, 0x6e, 0x74, 0x65, 0x72, 0x5f, 0x6c, 0x69, 0x62,
  0x6e, 0x61, 0x6d, 0x65, 0x00, 0x6d, 0x6c, 0x5f, 0x6d, 0x65, 0x74, 0x68,
  0x00, 0x70, 0x4d, 0x6f, 0x64, 0x75, 0x6c, 0x65, 0x00, 0x66, 0x75, 0x6e,
  0x63, 0x5f, 0x6e, 0x61, 0x6d, 0x65, 0x00, 0x64, 0x65, 0x73, 0x74, 0x72,
  0x75, 0x63, 0x74, 0x6f, 0x72, 0x00, 0x54, 0x63, 0x6c, 0x5f, 0x49, 0x6e,
  0x74, 0x65, 0x72, 0x70, 0x00, 0x74, 0x70, 0x5f, 0x77, 0x65, 0x61, 0x6b,
  0x6c, 0x69, 0x73, 0x74, 0x6f, 0x66, 0x66, 0x73, 0x65, 0x74, 0x00, 0x73,
  0x71, 0x5f, 0x69, 0x74, 0x65, 0x6d, 0x00, 0x74, 0x70, 0x5f, 0x67, 0x65,
  0x74, 0x61, 0x74, 0x74, 0x72, 0x00, 0x76, 0x65, 0x63, 0x74, 0x6f, 0x72,
  0x63, 0x61, 0x6c, 0x6c, 0x66, 0x75, 0x6e, 0x63, 0x00, 0x61, 0x6d, 0x5f,
  0x73, 0x65, 0x6e, 0x64, 0x00, 0x63, 0x6c, 0x69, 0x65, 0x6e, 0x74, 0x64,
  0x61, 0x74, 0x61, 0x00, 0x6e, 0x62, 0x5f, 0x69, 0x6e, 0x70, 0x6c, 0x61,
  0x63, 0x65, 0x5f, 0x61, 0x64, 0x64, 0x00, 0x64, 0x65, 0x73, 0x63, 0x72,
  0x73, 0x65, 0x74, 0x66, 0x75, 0x6e, 0x63, 0x00, 0x70, 0x69, 0x78, 0x65,
  0x6c, 0x53, 0x69, 0x7a, 0x65, 0x00, 0x6f, 0x62, 0x5f, 0x62, 0x61, 0x73,
  0x65, 0x00, 0x73, 0x71, 0x5f, 0x6c, 0x65, 0x6e, 0x67, 0x74, 0x68, 0x00,
  0x74, 0x70, 0x5f, 0x69, 0x74, 0x65, 0x72, 0x00, 0x6e, 0x62, 0x5f, 0x6f,
  0x72, 0x00, 0x6e, 0x62, 0x5f, 0x69, 0x6e, 0x70, 0x6c, 0x61, 0x63, 0x65,
  0x5f, 0x72, 0x65, 0x6d, 0x61, 0x69, 0x6e, 0x64, 0x65, 0x72, 0x00, 0x50,
  0x79, 0x45, 0x78, 0x63, 0x5f, 0x52, 0x75, 0x6e, 0x74, 0x69, 0x6d, 0x65,
  0x45, 0x72, 0x72, 0x6f, 0x72, 0x00, 0x72, 0x65, 0x61, 0x64, 0x6f, 0x6e,
  0x6c, 0x79, 0x00, 0x6c, 0x6f, 0x6e, 0x67, 0x20, 0x6c, 0x6f, 0x6e, 0x67,
  0x20, 0x75, 0x6e, 0x73, 0x69, 0x67, 0x6e, 0x65, 0x64, 0x20, 0x69, 0x6e,
  0x74, 0x00, 0x74, 0x70, 0x5f, 0x63, 0x61, 0x63, 0x68, 0x65, 0x00, 0x6e,
  0x62, 0x5f, 0x6d, 0x75, 0x6c, 0x74, 0x69, 0x70, 0x6c, 0x79, 0x00, 0x74,
  0x70, 0x5f, 0x67, 0x65, 0x74, 0x61, 0x74, 0x74, 0x72, 0x6f, 0x00, 0x69,
  0x6e, 0x69, 0x74, 0x70, 0x72, 0x6f, 0x63, 0x00, 0x74, 0x70, 0x5f, 0x61,
  0x73, 0x5f, 0x61, 0x73, 0x79, 0x6e, 0x63, 0x00, 0x68, 0x61, 0x73, 0x68,
  0x66, 0x75, 0x6e, 0x63, 0x00, 0x74, 0x70, 0x5f, 0x69, 0x74, 0x65, 0x72,
  0x6e, 0x65, 0x78, 0x74, 0x00, 0x61, 0x6d, 0x5f, 0x61, 0x77, 0x61, 0x69,
  0x74, 0x00, 0x6c, 0x69, 0x6e, 0x65, 0x73, 0x69, 0x7a, 0x65, 0x00, 0x74,
  0x70, 0x5f, 0x61, 0x6c, 0x6c, 0x6f, 0x63, 0x00, 0x54, 0x6b, 0x5f, 0x50,
  0x68, 0x6f, 0x74, 0x6f, 0x50, 0x75, 0x74, 0x42, 0x6c, 0x6f, 0x63, 0x6b,
  0x5f, 0x74, 0x00, 0x6e, 0x62, 0x5f, 0x70, 0x6f, 0x73, 0x69, 0x74, 0x69,
  0x76, 0x65, 0x00, 0x72, 0x65, 0x6c, 0x65, 0x61, 0x73, 0x65, 0x62, 0x75,
  0x66, 0x66, 0x65, 0x72, 0x70, 0x72, 0x6f, 0x63, 0x00, 0x69, 0x6e, 0x74,
  0x65, 0x72, 0x70, 0x00, 0x74, 0x70, 0x5f, 0x76, 0x65, 0x63, 0x74, 0x6f,
  0x72, 0x63, 0x61, 0x6c, 0x6c, 0x00, 0x5f, 0x6f, 0x62, 0x6a, 0x65, 0x63,
  0x74, 0x00, 0x74, 0x70, 0x5f, 0x68, 0x61, 0x73, 0x68, 0x00, 0x74, 0x70,
  0x5f, 0x74, 0x72, 0x61, 0x76, 0x65, 0x72, 0x73, 0x65, 0x00, 0x73, 0x68,
  0x61, 0x70, 0x65, 0x00, 0x74, 0x70, 0x5f, 0x72, 0x69, 0x63, 0x68, 0x63,
  0x6f, 0x6d, 0x70, 0x61, 0x72, 0x65, 0x00, 0x74, 0x70, 0x5f, 0x61, 0x73,
  0x5f, 0x62, 0x75, 0x66, 0x66, 0x65, 0x72, 0x00, 0x6e, 0x62, 0x5f, 0x69,
  0x6e, 0x70, 0x6c, 0x61, 0x63, 0x65, 0x5f, 0x66, 0x6c, 0x6f, 0x6f, 0x72,
  0x5f, 0x64, 0x69, 0x76, 0x69, 0x64, 0x65, 0x00, 0x50, 0x59, 0x47, 0x45,
  0x4e, 0x5f, 0x4e, 0x45, 0x58, 0x54, 0x00, 0x77, 0x69, 0x64, 0x74, 0x68,
  0x00, 0x67, 0x65, 0x74, 0x74, 0x65, 0x72, 0x00, 0x74, 0x70, 0x5f, 0x6d,
  0x72, 0x6f, 0x00, 0x77, 0x61, 0x73, 0x5f, 0x73, 0x71, 0x5f, 0x73, 0x6c,
  0x69, 0x63, 0x65, 0x00, 0x5f, 0x50, 0x79, 0x5f, 0x44, 0x65, 0x61, 0x6c,
  0x6c, 0x6f, 0x63, 0x00, 0x50, 0x79, 0x45, 0x72, 0x72, 0x5f, 0x53, 0x65,
  0x74, 0x53, 0x74, 0x72, 0x69, 0x6e, 0x67, 0x00, 0x74, 0x70, 0x5f, 0x73,
  0x75, 0x62, 0x63, 0x6c, 0x61, 0x73, 0x73, 0x65, 0x73, 0x00, 0x50, 0x79,
  0x54, 0x79, 0x70, 0x65, 0x4f, 0x62, 0x6a, 0x65, 0x63, 0x74, 0x00, 0x65,
  0x78, 0x69, 0x74, 0x00, 0x6e, 0x62, 0x5f, 0x64, 0x69, 0x76, 0x6d, 0x6f,
  0x64, 0x00, 0x50, 0x79, 0x5f, 0x73, 0x73, 0x69, 0x7a, 0x65, 0x5f, 0x74,
  0x00, 0x73, 0x72, 0x63, 0x2f, 0x54, 0x6b, 0x2f, 0x74, 0x6b, 0x49, 0x6d,
  0x61, 0x67, 0x69, 0x6e, 0x67, 0x2e, 0x63, 0x00, 0x74, 0x70, 0x5f, 0x67,
  0x65, 0x74, 0x73, 0x65, 0x74, 0x00, 0x50, 0x79, 0x49, 0x6d, 0x61, 0x67,
  0x69, 0x6e, 0x67, 0x50, 0x68, 0x6f, 0x74, 0x6f, 0x50, 0x75, 0x74, 0x00,
  0x54, 0x4b, 0x5f, 0x50, 0x48, 0x4f, 0x54, 0x4f, 0x5f, 0x47, 0x45, 0x54,
  0x5f, 0x49, 0x4d, 0x41, 0x47, 0x45, 0x00, 0x5f, 0x5f, 0x69, 0x6e, 0x74,
  0x33, 0x32, 0x5f, 0x74, 0x00, 0x69, 0x6e, 0x74, 0x65, 0x72, 0x6e, 0x61,
  0x6c, 0x00, 0x54, 0x43, 0x4c, 0x5f, 0x41, 0x50, 0x50, 0x45, 0x4e, 0x44,
  0x5f, 0x52, 0x45, 0x53, 0x55, 0x4c, 0x54, 0x00, 0x50, 0x79, 0x45, 0x72,
  0x72, 0x5f, 0x43, 0x6c, 0x65, 0x61, 0x72, 0x00, 0x50, 0x79, 0x5f, 0x62,
  0x75, 0x66, 0x66, 0x65, 0x72, 0x00, 0x73, 0x71, 0x5f, 0x69, 0x6e, 0x70,
  0x6c, 0x61, 0x63, 0x65, 0x5f, 0x63, 0x6f, 0x6e, 0x63, 0x61, 0x74, 0x00,
  0x6e, 0x62, 0x5f, 0x6e, 0x65, 0x67, 0x61, 0x74, 0x69, 0x76, 0x65, 0x00,
  0x6e, 0x62, 0x5f, 0x70, 0x6f, 0x77, 0x65, 0x72, 0x00, 0x6e, 0x62, 0x5f,
  0x69, 0x6e, 0x70, 0x6c, 0x61, 0x63, 0x65, 0x5f, 0x72, 0x73, 0x68, 0x69,
  0x66, 0x74, 0x00, 0x5f, 0x74, 0x79, 0x70, 0x65, 0x6f, 0x62, 0x6a, 0x65,
  0x63, 0x74, 0x00, 0x6e, 0x62, 0x5f, 0x61, 0x62, 0x73, 0x6f, 0x6c, 0x75,
  0x74, 0x65, 0x00, 0x61, 0x6d, 0x5f, 0x61, 0x69, 0x74, 0x65, 0x72, 0x00,
  0x54, 0x6b, 0x49, 0x6d, 0x61, 0x67, 0x69, 0x6e, 0x67, 0x5f, 0x49, 0x6e,
  0x69, 0x74, 0x00, 0x50, 0x79, 0x5f, 0x58, 0x44, 0x45, 0x43, 0x52, 0x45,
  0x46, 0x00, 0x73, 0x71, 0x5f, 0x63, 0x6f, 0x6e, 0x63, 0x61, 0x74, 0x00,
  0x73, 0x65, 0x74, 0x61, 0x74, 0x74, 0x72, 0x66, 0x75, 0x6e, 0x63, 0x00,
  0x50, 0x79, 0x4d, 0x61, 0x70, 0x70, 0x69, 0x6e, 0x67, 0x4d, 0x65, 0x74,
  0x68, 0x6f, 0x64, 0x73, 0x00, 0x70, 0x53, 0x74, 0x72, 0x69, 0x6e, 0x67,
  0x00, 0x6d, 0x61, 0x69, 0x6e, 0x5f, 0x70, 0x72, 0x6f, 0x67, 0x72, 0x61,
  0x6d, 0x00, 0x6c, 0x6f, 0x6e, 0x67, 0x20, 0x6c, 0x6f, 0x6e, 0x67, 0x20,
  0x69, 0x6e, 0x74, 0x00, 0x50, 0x79, 0x43, 0x46, 0x75, 0x6e, 0x63, 0x74,
  0x69, 0x6f, 0x6e, 0x00, 0x76, 0x69, 0x73, 0x69, 0x74, 0x70, 0x72, 0x6f,
  0x63, 0x00, 0x64, 0x65, 0x70, 0x74, 0x68, 0x00, 0x74, 0x70, 0x5f, 0x6d,
  0x65, 0x6d, 0x62, 0x65, 0x72, 0x73, 0x00, 0x49, 0x6d, 0x61, 0x67, 0x69,
  0x6e, 0x67, 0x4d, 0x65, 0x6d, 0x6f, 0x72, 0x79, 0x42, 0x6c, 0x6f, 0x63,
  0x6b, 0x00, 0x6e, 0x62, 0x5f, 0x72, 0x65, 0x6d, 0x61, 0x69, 0x6e, 0x64,
  0x65, 0x72, 0x00, 0x50, 0x79, 0x4f, 0x62, 0x6a, 0x65, 0x63, 0x74, 0x00,
  0x5f, 0x5f, 0x69, 0x6e, 0x74, 0x31, 0x36, 0x5f, 0x74, 0x00, 0x6e, 0x62,
  0x5f, 0x72, 0x73, 0x68, 0x69, 0x66, 0x74, 0x00, 0x50, 0x59, 0x47, 0x45,
  0x4e, 0x5f, 0x45, 0x52, 0x52, 0x4f, 0x52, 0x00, 0x74, 0x70, 0x5f, 0x73,
  0x65, 0x74, 0x61, 0x74, 0x74, 0x72, 0x6f, 0x00, 0x64, 0x65, 0x73, 0x63,
  0x72, 0x67, 0x65, 0x74, 0x66, 0x75, 0x6e, 0x63, 0x00, 0x54, 0x63, 0x6c,
  0x5f, 0x43, 0x6d, 0x64, 0x50, 0x72, 0x6f, 0x63, 0x00, 0x49, 0x6d, 0x61,
  0x67, 0x69, 0x6e, 0x67, 0x50, 0x61, 0x6c, 0x65, 0x74, 0x74, 0x65, 0x00,
  0x74, 0x70, 0x5f, 0x62, 0x61, 0x73, 0x65, 0x00, 0x61, 0x6c, 0x6c, 0x6f,
  0x63, 0x66, 0x75, 0x6e, 0x63, 0x00, 0x6e, 0x62, 0x5f, 0x69, 0x6e, 0x70,
  0x6c, 0x61, 0x63, 0x65, 0x5f, 0x6f, 0x72, 0x00, 0x69, 0x6d, 0x61, 0x67,
  0x65, 0x38, 0x00, 0x6d, 0x70, 0x5f, 0x6c, 0x65, 0x6e, 0x67, 0x74, 0x68,
  0x00, 0x69, 0x6d, 0x61, 0x67, 0x65, 0x00, 0x74, 0x70, 0x5f, 0x64, 0x6f,
  0x63, 0x00, 0x74, 0x70, 0x5f, 0x6d, 0x65, 0x74, 0x68, 0x6f, 0x64, 0x73,
  0x00, 0x68, 0x65, 0x69, 0x67, 0x68, 0x74, 0x00, 0x6e, 0x62, 0x5f, 0x61,
  0x6e, 0x64, 0x00, 0x70, 0x42, 0x79, 0x74, 0x65, 0x73, 0x00, 0x74, 0x70,
  0x5f, 0x69, 0x74, 0x65, 0x6d, 0x73, 0x69, 0x7a, 0x65, 0x00, 0x6f, 0x62,
  0x6a, 0x6f, 0x62, 0x6a, 0x61, 0x72, 0x67, 0x70, 0x72, 0x6f, 0x63, 0x00,
  0x62, 0x6c, 0x6f, 0x63, 0x6b, 0x73, 0x00, 0x73, 0x65, 0x74, 0x74, 0x65,
  0x72, 0x00, 0x77, 0x61, 0x73, 0x5f, 0x73, 0x71, 0x5f, 0x61, 0x73, 0x73,
  0x5f, 0x73, 0x6c, 0x69, 0x63, 0x65, 0x00, 0x61, 0x72, 0x67, 0x63, 0x00,
  0x6e, 0x62, 0x5f, 0x74, 0x72, 0x75, 0x65, 0x5f, 0x64, 0x69, 0x76, 0x69,
  0x64, 0x65, 0x00, 0x74, 0x70, 0x5f, 0x62, 0x61, 0x73, 0x69, 0x63, 0x73,
  0x69, 0x7a, 0x65, 0x00, 0x74, 0x70, 0x5f, 0x76, 0x65, 0x72, 0x73, 0x69,
  0x6f, 0x6e, 0x5f, 0x74, 0x61, 0x67, 0x00, 0x61, 0x72, 0x67, 0x76, 0x00,
  0x6e, 0x62, 0x5f, 0x66, 0x6c, 0x6f, 0x6f, 0x72, 0x5f, 0x64, 0x69, 0x76,
  0x69, 0x64, 0x65, 0x00, 0x66, 0x72, 0x65, 0x65, 0x66, 0x75, 0x6e, 0x63,
  0x00, 0x6e, 0x62, 0x5f, 0x69, 0x6e, 0x70, 0x6c, 0x61, 0x63, 0x65, 0x5f,
  0x70, 0x6f, 0x77, 0x65, 0x72, 0x00, 0x50, 0x79, 0x56, 0x61, 0x72, 0x4f,
  0x62, 0x6a, 0x65, 0x63, 0x74, 0x00, 0x64, 0x6c, 0x6f, 0x70, 0x65, 0x6e,
  0x00, 0x74, 0x70, 0x5f, 0x64, 0x65, 0x73, 0x63, 0x72, 0x5f, 0x67, 0x65,
  0x74, 0x00, 0x6d, 0x70, 0x5f, 0x73, 0x75, 0x62, 0x73, 0x63, 0x72, 0x69,
  0x70, 0x74, 0x00, 0x54, 0x63, 0x6c, 0x5f, 0x41, 0x70, 0x70, 0x65, 0x6e,
  0x64, 0x52, 0x65, 0x73, 0x75, 0x6c, 0x74, 0x5f, 0x74, 0x00, 0x69, 0x74,
  0x65, 0x72, 0x6e, 0x65, 0x78, 0x74, 0x66, 0x75, 0x6e, 0x63, 0x00, 0x61,
  0x6d, 0x5f, 0x61, 0x6e, 0x65, 0x78, 0x74, 0x00, 0x74, 0x70, 0x5f, 0x66,
  0x6c, 0x61, 0x67, 0x73, 0x00, 0x6f, 0x62, 0x5f, 0x73, 0x69, 0x7a, 0x65,
  0x00, 0x6f, 0x62, 0x6a, 0x6f, 0x62, 0x6a, 0x70, 0x72, 0x6f, 0x63, 0x00,
  0x6e, 0x62, 0x5f, 0x69, 0x6e, 0x70, 0x6c, 0x61, 0x63, 0x65, 0x5f, 0x73,
  0x75, 0x62, 0x74, 0x72, 0x61, 0x63, 0x74, 0x00, 0x70, 0x68, 0x6f, 0x74,
  0x6f, 0x00, 0x73, 0x68, 0x6f, 0x72, 0x74, 0x20, 0x69, 0x6e, 0x74, 0x00,
  0x6e, 0x62, 0x5f, 0x72, 0x65, 0x73, 0x65, 0x72, 0x76, 0x65, 0x64, 0x00,
  0x74, 0x70, 0x5f, 0x63, 0x61, 0x6c, 0x6c, 0x00, 0x6d, 0x6c, 0x5f, 0x6e,
  0x61, 0x6d, 0x65, 0x00, 0x74, 0x70, 0x5f, 0x66, 0x72, 0x65, 0x65, 0x00,
  0x6e, 0x64, 0x69, 0x6d, 0x00, 0x6f, 0x62, 0x5f, 0x72, 0x65, 0x66, 0x63,
  0x6e, 0x74, 0x00, 0x5f, 0x64, 0x66, 0x75, 0x6e, 0x63, 0x00, 0x49, 0x6d,
  0x61, 0x67, 0x69, 0x6e, 0x67, 0x4d, 0x65, 0x6d, 0x6f, 0x72, 0x79, 0x49,
  0x6e, 0x73, 0x74, 0x61, 0x6e, 0x63, 0x65, 0x00, 0x74, 0x70, 0x5f, 0x62,
  0x61, 0x73, 0x65, 0x73, 0x00, 0x74, 0x70, 0x5f, 0x64, 0x69, 0x63, 0x74,
  0x00, 0x6d, 0x6c, 0x5f, 0x64, 0x6f, 0x63, 0x00, 0x63, 0x6c, 0x6f, 0x73,
  0x75, 0x72, 0x65, 0x00, 0x50, 0x79, 0x4d, 0x65, 0x74, 0x68, 0x6f, 0x64,
  0x44, 0x65, 0x66, 0x00, 0x74, 0x70, 0x5f, 0x72, 0x65, 0x70, 0x72, 0x00,
  0x73, 0x71, 0x5f, 0x63, 0x6f, 0x6e, 0x74, 0x61, 0x69, 0x6e, 0x73, 0x00,
  0x49, 0x6d, 0x61, 0x67, 0x69, 0x6e, 0x67, 0x00, 0x62, 0x6c, 0x6f, 0x63,
  0x6b, 0x00, 0x73, 0x71, 0x5f, 0x61, 0x73, 0x73, 0x5f, 0x69, 0x74, 0x65,
  0x6d, 0x00, 0x54, 0x4b, 0x5f, 0x46, 0x49, 0x4e, 0x44, 0x5f, 0x50, 0x48,
  0x4f, 0x54, 0x4f, 0x00, 0x5f, 0x5f, 0x73, 0x73, 0x69, 0x7a, 0x65, 0x5f,
  0x74, 0x00, 0x5f, 0x5f, 0x75, 0x69, 0x6e, 0x74, 0x38, 0x5f, 0x74, 0x00,
  0x72, 0x65, 0x70, 0x72, 0x66, 0x75, 0x6e, 0x63, 0x00, 0x54, 0x63, 0x6c,
  0x5f, 0x43, 0x6d, 0x64, 0x44, 0x65, 0x6c, 0x65, 0x74, 0x65, 0x50, 0x72,
  0x6f, 0x63, 0x00, 0x6d, 0x70, 0x5f, 0x61, 0x73, 0x73, 0x5f, 0x73, 0x75,
  0x62, 0x73, 0x63, 0x72, 0x69, 0x70, 0x74, 0x00, 0x73, 0x73, 0x69, 0x7a,
  0x65, 0x6f, 0x62, 0x6a, 0x61, 0x72, 0x67, 0x70, 0x72, 0x6f, 0x63, 0x00,
  0x54, 0x6b, 0x5f, 0x50, 0x68, 0x6f, 0x74, 0x6f, 0x48, 0x61, 0x6e, 0x64,
  0x6c, 0x65, 0x00, 0x54, 0x43, 0x4c, 0x5f, 0x43, 0x52, 0x45, 0x41, 0x54,
  0x45, 0x5f, 0x43, 0x4f, 0x4d, 0x4d, 0x41, 0x4e, 0x44, 0x00, 0x6e, 0x62,
  0x5f, 0x66, 0x6c, 0x6f, 0x61, 0x74, 0x00, 0x79, 0x73, 0x69, 0x7a, 0x65,
  0x00, 0x6e, 0x62, 0x5f, 0x69, 0x6e, 0x74, 0x00, 0x6e, 0x62, 0x5f, 0x69,
  0x6e, 0x64, 0x65, 0x78, 0x00, 0x6e, 0x62, 0x5f, 0x78, 0x6f, 0x72, 0x00,
  0x50, 0x79, 0x53, 0x65, 0x71, 0x75, 0x65, 0x6e, 0x63, 0x65, 0x4d, 0x65,
  0x74, 0x68, 0x6f, 0x64, 0x73, 0x00, 0x74, 0x69, 0x6d, 0x65, 0x7a, 0x6f,
  0x6e, 0x65, 0x00, 0x50, 0x79, 0x5f, 0x44, 0x45, 0x43, 0x52, 0x45, 0x46,
  0x00, 0x54, 0x6b, 0x5f, 0x50, 0x68, 0x6f, 0x74, 0x6f, 0x49, 0x6d, 0x61,
  0x67, 0x65, 0x42, 0x6c, 0x6f, 0x63, 0x6b, 0x00, 0x64, 0x6c, 0x65, 0x72,
  0x72, 0x6f, 0x72, 0x00, 0x50, 0x79, 0x4d, 0x65, 0x6d, 0x62, 0x65, 0x72,
  0x44, 0x65, 0x66, 0x00, 0x54, 0x63, 0x6c, 0x5f, 0x43, 0x6f, 0x6d, 0x6d,
  0x61, 0x6e, 0x64, 0x5f, 0x00, 0x50, 0x79, 0x4e, 0x75, 0x6d, 0x62, 0x65,
  0x72, 0x4d, 0x65, 0x74, 0x68, 0x6f, 0x64, 0x73, 0x00, 0x70, 0x69, 0x78,
  0x65, 0x6c, 0x73, 0x69, 0x7a, 0x65, 0x00, 0x75, 0x6e, 0x73, 0x69, 0x67,
  0x6e, 0x65, 0x64, 0x20, 0x63, 0x68, 0x61, 0x72, 0x00, 0x6e, 0x62, 0x5f,
  0x69, 0x6e, 0x70, 0x6c, 0x61, 0x63, 0x65, 0x5f, 0x6c, 0x73, 0x68, 0x69,
  0x66, 0x74, 0x00, 0x74, 0x70, 0x5f, 0x69, 0x73, 0x5f, 0x67, 0x63, 0x00,
  0x64, 0x65, 0x73, 0x74, 0x72, 0x6f, 0x79, 0x00, 0x73, 0x65, 0x6e, 0x64,
  0x66, 0x75, 0x6e, 0x63, 0x00, 0x74, 0x70, 0x5f, 0x61, 0x73, 0x5f, 0x73,
  0x65, 0x71, 0x75, 0x65, 0x6e, 0x63, 0x65, 0x00, 0x50, 0x79, 0x42, 0x79,
  0x74, 0x65, 0x73, 0x5f, 0x41, 0x73, 0x53, 0x74, 0x72, 0x69, 0x6e, 0x67,
  0x00, 0x74, 0x72, 0x61, 0x76, 0x65, 0x72, 0x73, 0x65, 0x70, 0x72, 0x6f,
  0x63, 0x00, 0x49, 0x6d, 0x61, 0x67, 0x69, 0x6e, 0x67, 0x46, 0x69, 0x6e,
  0x64, 0x00, 0x74, 0x70, 0x5f, 0x64, 0x69, 0x63, 0x74, 0x6f, 0x66, 0x66,
  0x73, 0x65, 0x74, 0x00, 0x54, 0x6b, 0x5f, 0x46, 0x69, 0x6e, 0x64, 0x50,
  0x68, 0x6f, 0x74, 0x6f, 0x5f, 0x74, 0x00, 0x49, 0x6d, 0x61, 0x67, 0x69,
  0x6e, 0x67, 0x50, 0x61, 0x6c, 0x65, 0x74, 0x74, 0x65, 0x49, 0x6e, 0x73,
  0x74, 0x61, 0x6e, 0x63, 0x65, 0x00, 0x50, 0x79, 0x49, 0x6d, 0x70, 0x6f,
  0x72, 0x74, 0x5f, 0x49, 0x6d, 0x70, 0x6f, 0x72, 0x74, 0x4d, 0x6f, 0x64,
  0x75, 0x6c, 0x65, 0x00, 0x6e, 0x62, 0x5f, 0x69, 0x6e, 0x70, 0x6c, 0x61,
  0x63, 0x65, 0x5f, 0x61, 0x6e, 0x64, 0x00, 0x73, 0x74, 0x72, 0x74, 0x6f,
  0x6c, 0x00, 0x74, 0x65, 0x72, 0x6e, 0x61, 0x72, 0x79, 0x66, 0x75, 0x6e,
  0x63, 0x00, 0x6b, 0x65, 0x65, 0x70, 0x5f, 0x63, 0x61, 0x63, 0x68, 0x65,
  0x00, 0x74, 0x70, 0x5f, 0x73, 0x74, 0x72, 0x00, 0x6d, 0x6c, 0x5f, 0x66,
  0x6c, 0x61, 0x67, 0x73, 0x00, 0x70, 0x69, 0x78, 0x65, 0x6c, 0x50, 0x74,
  0x72, 0x00, 0x73, 0x75, 0x62, 0x6f, 0x66, 0x66, 0x73, 0x65, 0x74, 0x73,
  0x00, 0x67, 0x65, 0x74, 0x61, 0x74, 0x74, 0x72, 0x6f, 0x66, 0x75, 0x6e,
  0x63, 0x00, 0x74, 0x70, 0x5f, 0x63, 0x6c, 0x65, 0x61, 0x72, 0x00, 0x72,
  0x69, 0x63, 0x68, 0x63, 0x6d, 0x70, 0x66, 0x75, 0x6e, 0x63, 0x00, 0x6c,
  0x6f, 0x61, 0x64, 0x5f, 0x74, 0x6b, 0x69, 0x6e, 0x74, 0x65, 0x72, 0x5f,
  0x66, 0x75, 0x6e, 0x63, 0x73, 0x00, 0x74, 0x70, 0x5f, 0x61, 0x73, 0x5f,
  0x6e, 0x75, 0x6d, 0x62, 0x65, 0x72, 0x00, 0x74, 0x70, 0x5f, 0x64, 0x65,
  0x73, 0x63, 0x72, 0x5f, 0x73, 0x65, 0x74, 0x00, 0x62, 0x66, 0x5f, 0x67,
  0x65, 0x74, 0x62, 0x75, 0x66, 0x66, 0x65, 0x72, 0x00, 0x74, 0x70, 0x5f,
  0x6e, 0x65, 0x77, 0x00, 0x6e, 0x62, 0x5f, 0x6c, 0x73, 0x68, 0x69, 0x66,
  0x74, 0x00, 0x73, 0x68, 0x6f, 0x72, 0x74, 0x20, 0x75, 0x6e, 0x73, 0x69,
  0x67, 0x6e, 0x65, 0x64, 0x20, 0x69, 0x6e, 0x74, 0x00, 0x73, 0x71, 0x5f,
  0x69, 0x6e, 0x70, 0x6c, 0x61, 0x63, 0x65, 0x5f, 0x72, 0x65, 0x70, 0x65,
  0x61, 0x74, 0x00, 0x50, 0x79, 0x42, 0x75, 0x66, 0x66, 0x65, 0x72, 0x50,
  0x72, 0x6f, 0x63, 0x73, 0x00, 0x6f, 0x62, 0x5f, 0x74, 0x79, 0x70, 0x65,
  0x00, 0x67, 0x65, 0x74, 0x62, 0x75, 0x66, 0x66, 0x65, 0x72, 0x70, 0x72,
  0x6f, 0x63, 0x00, 0x6e, 0x62, 0x5f, 0x61, 0x64, 0x64, 0x00, 0x74, 0x70,
  0x5f, 0x76, 0x65, 0x63, 0x74, 0x6f, 0x72, 0x63, 0x61, 0x6c, 0x6c, 0x5f,
  0x6f, 0x66, 0x66, 0x73, 0x65, 0x74, 0x00, 0x74, 0x70, 0x5f, 0x64, 0x65,
  0x6c, 0x00, 0x6e, 0x62, 0x5f, 0x69, 0x6e, 0x70, 0x6c, 0x61, 0x63, 0x65,
  0x5f, 0x74, 0x72, 0x75, 0x65, 0x5f, 0x64, 0x69, 0x76, 0x69, 0x64, 0x65,
  0x00, 0x74, 0x6b, 0x69, 0x6e, 0x74, 0x65, 0x72, 0x5f, 0x6c, 0x69, 0x62,
  0x00, 0x6e, 0x62, 0x5f, 0x69, 0x6e, 0x70, 0x6c, 0x61, 0x63, 0x65, 0x5f,
  0x6d, 0x75, 0x6c, 0x74, 0x69, 0x70, 0x6c, 0x79, 0x00, 0x74, 0x70, 0x5f,
  0x66, 0x69, 0x6e, 0x61, 0x6c, 0x69, 0x7a, 0x65, 0x00, 0x64, 0x6f, 0x75,
  0x62, 0x6c, 0x65, 0x00, 0x6e, 0x62, 0x5f, 0x62, 0x6f, 0x6f, 0x6c, 0x00,
  0x54, 0x4b, 0x5f, 0x50, 0x48, 0x4f, 0x54, 0x4f, 0x5f, 0x50, 0x55, 0x54,
  0x5f, 0x42, 0x4c, 0x4f, 0x43, 0x4b, 0x00, 0x74, 0x70, 0x5f, 0x73, 0x65,
  0x74, 0x61, 0x74, 0x74, 0x72, 0x00, 0x73, 0x71, 0x5f, 0x72, 0x65, 0x70,
  0x65, 0x61, 0x74, 0x00, 0x6e, 0x62, 0x5f, 0x73, 0x75, 0x62, 0x74, 0x72,
  0x61, 0x63, 0x74, 0x00, 0x73, 0x73, 0x69, 0x7a, 0x65, 0x61, 0x72, 0x67,
  0x66, 0x75, 0x6e, 0x63, 0x00, 0x75, 0x6e, 0x61, 0x72, 0x79, 0x66, 0x75,
  0x6e, 0x63, 0x00, 0x69, 0x6e, 0x71, 0x75, 0x69, 0x72, 0x79, 0x00, 0x73,
  0x74, 0x72, 0x63, 0x6d, 0x70, 0x00, 0x67, 0x65, 0x74, 0x69, 0x74, 0x65,
  0x72, 0x66, 0x75, 0x6e, 0x63, 0x00, 0x54, 0x63, 0x6c, 0x5f, 0x43, 0x72,
  0x65, 0x61, 0x74, 0x65, 0x43, 0x6f, 0x6d, 0x6d, 0x61, 0x6e, 0x64, 0x5f,
  0x74, 0x00, 0x50, 0x79, 0x4c, 0x6f, 0x6e, 0x67, 0x5f, 0x41, 0x73, 0x56,
  0x6f, 0x69, 0x64, 0x50, 0x74, 0x72, 0x00, 0x6d, 0x5f, 0x66, 0x72, 0x65,
  0x65, 0x00, 0x50, 0x79, 0x4d, 0x6f, 0x64, 0x75, 0x6c, 0x65, 0x44, 0x65,
  0x66, 0x5f, 0x53, 0x6c, 0x6f, 0x74, 0x00, 0x66, 0x75, 0x6e, 0x63, 0x74,
  0x69, 0x6f, 0x6e, 0x73, 0x00, 0x6d, 0x5f, 0x73, 0x6c, 0x6f, 0x74, 0x73,
  0x00, 0x6d, 0x5f, 0x64, 0x6f, 0x63, 0x00, 0x6d, 0x5f, 0x6e, 0x61, 0x6d,
  0x65, 0x00, 0x73, 0x65, 0x6c, 0x66, 0x00, 0x76, 0x61, 0x6c, 0x75, 0x65,
  0x00, 0x6d, 0x6f, 0x64, 0x75, 0x6c, 0x65, 0x5f, 0x64, 0x65, 0x66, 0x00,
  0x5f, 0x50, 0x79, 0x5f, 0x4e, 0x6f, 0x6e, 0x65, 0x53, 0x74, 0x72, 0x75,
  0x63, 0x74, 0x00, 0x50, 0x79, 0x5f, 0x49, 0x4e, 0x43, 0x52, 0x45, 0x46,
  0x00, 0x6d, 0x5f, 0x62, 0x61, 0x73, 0x65, 0x00, 0x6d, 0x5f, 0x63, 0x6f,
  0x70, 0x79, 0x00, 0x5f, 0x74, 0x6b, 0x69, 0x6e, 0x69, 0x74, 0x00, 0x50,
  0x79, 0x4d, 0x6f, 0x64, 0x75, 0x6c, 0x65, 0x44, 0x65, 0x66, 0x5f, 0x42,
  0x61, 0x73, 0x65, 0x00, 0x73, 0x6c, 0x6f, 0x74, 0x00, 0x73, 0x72, 0x63,
  0x2f, 0x5f, 0x69, 0x6d, 0x61, 0x67, 0x69, 0x6e, 0x67, 0x74, 0x6b, 0x2e,
  0x63, 0x00, 0x50, 0x79, 0x41, 0x72, 0x67, 0x5f, 0x50, 0x61, 0x72, 0x73,
  0x65, 0x54, 0x75, 0x70, 0x6c, 0x65, 0x00, 0x6d, 0x5f, 0x69, 0x6e, 0x64,
  0x65, 0x78, 0x00, 0x50, 0x79, 0x4d, 0x6f, 0x64, 0x75, 0x6c, 0x65, 0x44,
  0x65, 0x66, 0x00, 0x50, 0x79, 0x4d, 0x6f, 0x64, 0x75, 0x6c, 0x65, 0x5f,
  0x43, 0x72, 0x65, 0x61, 0x74, 0x65, 0x32, 0x00, 0x50, 0x79, 0x49, 0x6e,
  0x69, 0x74, 0x5f, 0x5f, 0x69, 0x6d, 0x61, 0x67, 0x69, 0x6e, 0x67, 0x74,
  0x6b, 0x00, 0x6d, 0x5f, 0x6d, 0x65, 0x74, 0x68, 0x6f, 0x64, 0x73, 0x00,
  0x6d, 0x5f, 0x63, 0x6c, 0x65, 0x61, 0x72, 0x00, 0x61, 0x72, 0x67, 0x73,
  0x00, 0x6d, 0x5f, 0x74, 0x72, 0x61, 0x76, 0x65, 0x72, 0x73, 0x65, 0x00,
  0x6d, 0x5f, 0x69, 0x6e, 0x69, 0x74, 0x00, 0x6d, 0x5f, 0x73, 0x69, 0x7a,
  0x65, 0x00, 0x02, 0x00, 0x00, 0x00, 0x00, 0x03, 0x00, 0x00, 0x00, 0x00,
  0x00, 0x00, 0x00, 0x00, 0xf0, 0x04, 0x00, 0x00, 0x00, 0x00, 0x00, 0x00,
  0x9c, 0x05, 0x00, 0x00, 0x00, 0x00, 0x00, 0x00, 0x03, 0x00, 0x09, 0xff,
  0x9f, 0x9c, 0x05, 0x00, 0x00, 0x00, 0x00, 0x00, 0x00, 0xa0, 0x05, 0x00,
  0x00, 0x00, 0x00, 0x00, 0x00, 0x01, 0x00, 0x50, 0xa0, 0x05, 0x00, 0x00,
  0x00, 0x00, 0x00, 0x00, 0xa9, 0x05, 0x00, 0x00, 0x00, 0x00, 0x00, 0x00,
  0x01, 0x00, 0x53, 0xd0, 0x05, 0x00, 0x00, 0x00, 0x00, 0x00, 0x00, 0xdd,
  0x05, 0x00, 0x00, 0x00, 0x00, 0x00, 0x00, 0x03, 0x00, 0x09, 0xff, 0x9f,
  0xee, 0x05, 0x00, 0x00, 0x00, 0x00, 0x00, 0x00, 0x28, 0x06, 0x00, 0x00,
  0x00, 0x00, 0x00, 0x00, 0x03, 0x00, 0x09, 0xff, 0x9f, 0x3d, 0x06, 0x00,
  0x00, 0x00, 0x00, 0x00, 0x00, 0x5c, 0x06, 0x00, 0x00, 0x00, 0x00, 0x00,
  0x00, 0x03, 0x00, 0x09, 0xff, 0x9f, 0x6d, 0x06, 0x00, 0x00, 0x00, 0x00,
  0x00, 0x00, 0x82, 0x06, 0x00, 0x00, 0x00, 0x00, 0x00, 0x00, 0x03, 0x00,
  0x09, 0xff, 0x9f, 0x00, 0x00, 0x00, 0x00, 0x00, 0x00, 0x00, 0x00, 0x00,
  0x00, 0x00, 0x00, 0x00, 0x00, 0x00, 0x00, 0x00, 0x00, 0x00, 0x00, 0x00,
  0x00, 0x10, 0x05, 0x00, 0x00, 0x00, 0x00, 0x00, 0x00, 0x14, 0x05, 0x00,
  0x00, 0x00, 0x00, 0x00, 0x00, 0x01, 0x00, 0x50, 0x14, 0x05, 0x00, 0x00,
  0x00, 0x00, 0x00, 0x00, 0xe5, 0x05, 0x00, 0x00, 0x00, 0x00, 0x00, 0x00,
  0x01, 0x00, 0x56, 0xee, 0x05, 0x00, 0x00, 0x00, 0x00, 0x00, 0x00, 0x82,
  0x06, 0x00, 0x00, 0x00, 0x00, 0x00, 0x00, 0x01, 0x00, 0x56, 0x00, 0x00,
  0x00, 0x00, 0x00, 0x00, 0x00, 0x00, 0x00, 0x00, 0x00, 0x00, 0x00, 0x00,
  0x00, 0x00, 0x00, 0x00, 0x00, 0x03, 0x00, 0x00, 0x00, 0x00, 0x8a, 0x05,
  0x00, 0x00, 0x00, 0x00, 0x00, 0x00, 0x96, 0x05, 0x00, 0x00, 0x00, 0x00,
  0x00, 0x00, 0x01, 0x00, 0x50, 0x96, 0x05, 0x00, 0x00, 0x00, 0x00, 0x00,
  0x00, 0xa9, 0x05, 0x00, 0x00, 0x00, 0x00, 0x00, 0x00, 0x01, 0x00, 0x5f,
  0xfc, 0x05, 0x00, 0x00, 0x00, 0x00, 0x00, 0x00, 0x07, 0x06, 0x00, 0x00,
  0x00, 0x00, 0x00, 0x00, 0x01, 0x00, 0x50, 0x07, 0x06, 0x00, 0x00, 0x00,
  0x00, 0x00, 0x00, 0x16, 0x06, 0x00, 0x00, 0x00, 0x00, 0x00, 0x00, 0x01,
  0x00, 0x5f, 0x00, 0x00, 0x00, 0x00, 0x00, 0x00, 0x00, 0x00, 0x00, 0x00,
  0x00, 0x00, 0x00, 0x00, 0x00, 0x00, 0x00, 0x00, 0x74, 0x05, 0x00, 0x00,
  0x00, 0x00, 0x00, 0x00, 0x86, 0x05, 0x00, 0x00, 0x00, 0x00, 0x00, 0x00,
  0x01, 0x00, 0x50, 0x00, 0x00, 0x00, 0x00, 0x00, 0x00, 0x00, 0x00, 0x00,
  0x00, 0x00, 0x00, 0x00, 0x00, 0x00, 0x00, 0x05, 0x00, 0x00, 0x00, 0x00,
  0x00, 0x00, 0x00, 0x00, 0x00, 0x00, 0x00, 0x00, 0x00, 0xf0, 0x04, 0x00,
  0x00, 0x00, 0x00, 0x00, 0x00, 0x31, 0x05, 0x00, 0x00, 0x00, 0x00, 0x00,
  0x00, 0x02, 0x00, 0x30, 0x9f, 0x31, 0x05, 0x00, 0x00, 0x00, 0x00, 0x00,
  0x00, 0x48, 0x05, 0x00, 0x00, 0x00, 0x00, 0x00, 0x00, 0x01, 0x00, 0x50,
  0x48, 0x05, 0x00, 0x00, 0x00, 0x00, 0x00, 0x00, 0xd0, 0x05, 0x00, 0x00,
  0x00, 0x00, 0x00, 0x00, 0x01, 0x00, 0x5c, 0xd0, 0x05, 0x00, 0x00, 0x00,
  0x00, 0x00, 0x00, 0xd7, 0x05, 0x00, 0x00, 0x00, 0x00, 0x00, 0x00, 0x01,
  0x00, 0x50, 0xd7, 0x05, 0x00, 0x00, 0x00, 0x00, 0x00, 0x00, 0xdd, 0x05,
  0x00, 0x00, 0x00, 0x00, 0x00, 0x00, 0x01, 0x00, 0x5c, 0xee, 0x05, 0x00,
  0x00, 0x00, 0x00, 0x00, 0x00, 0xfc, 0x05, 0x00, 0x00, 0x00, 0x00, 0x00,
  0x00, 0x02, 0x00, 0x30, 0x9f, 0xfc, 0x05, 0x00, 0x00, 0x00, 0x00, 0x00,
  0x00, 0x82, 0x06, 0x00, 0x00, 0x00, 0x00, 0x00, 0x00, 0x01, 0x00, 0x5c,
  0x00, 0x00, 0x00, 0x00, 0x00, 0x00, 0x00, 0x00, 0x00, 0x00, 0x00, 0x00,
  0x00, 0x00, 0x00, 0x00, 0x05, 0x00, 0x00, 0x00, 0x00, 0x00, 0x00, 0x00,
  0x00, 0x00, 0x00, 0x00, 0x00, 0x00, 0x00, 0x00, 0xf0, 0x04, 0x00, 0x00,
  0x00, 0x00, 0x00, 0x00, 0x4c, 0x05, 0x00, 0x00, 0x00, 0x00, 0x00, 0x00,
  0x02, 0x00, 0x30, 0x9f, 0x4c, 0x05, 0x00, 0x00, 0x00, 0x00, 0x00, 0x00,
  0x5c, 0x05, 0x00, 0x00, 0x00, 0x00, 0x00, 0x00, 0x01, 0x00, 0x50, 0x5c,
  0x05, 0x00, 0x00, 0x00, 0x00, 0x00, 0x00, 0xd0, 0x05, 0x00, 0x00, 0x00,
  0x00, 0x00, 0x00, 0x01, 0x00, 0x5d, 0xd0, 0x05, 0x00, 0x00, 0x00, 0x00,
  0x00, 0x00, 0xdd, 0x05, 0x00, 0x00, 0x00, 0x00, 0x00, 0x00, 0x02, 0x00,
  0x30, 0x9f, 0xee, 0x05, 0x00, 0x00, 0x00, 0x00, 0x00, 0x00, 0xfc, 0x05,
  0x00, 0x00, 0x00, 0x00, 0x00, 0x00, 0x02, 0x00, 0x30, 0x9f, 0xfc, 0x05,
  0x00, 0x00, 0x00, 0x00, 0x00, 0x00, 0x3d, 0x06, 0x00, 0x00, 0x00, 0x00,
  0x00, 0x00, 0x01, 0x00, 0x5d, 0x3d, 0x06, 0x00, 0x00, 0x00, 0x00, 0x00,
  0x00, 0x5c, 0x06, 0x00, 0x00, 0x00, 0x00, 0x00, 0x00, 0x02, 0x00, 0x30,
  0x9f, 0x5c, 0x06, 0x00, 0x00, 0x00, 0x00, 0x00, 0x00, 0x82, 0x06, 0x00,
  0x00, 0x00, 0x00, 0x00, 0x00, 0x01, 0x00, 0x5d, 0x00, 0x00, 0x00, 0x00,
  0x00, 0x00, 0x00, 0x00, 0x00, 0x00, 0x00, 0x00, 0x00, 0x00, 0x00, 0x00,
  0x05, 0x00, 0x00, 0x00, 0x00, 0x03, 0x00, 0x00, 0x00, 0x00, 0x00, 0x00,
  0x00, 0x00, 0x00, 0x00, 0xf0, 0x04, 0x00, 0x00, 0x00, 0x00, 0x00, 0x00,
  0x60, 0x05, 0x00, 0x00, 0x00, 0x00, 0x00, 0x00, 0x02, 0x00, 0x30, 0x9f,
  0x60, 0x05, 0x00, 0x00, 0x00, 0x00, 0x00, 0x00, 0x70, 0x05, 0x00, 0x00,
  0x00, 0x00, 0x00, 0x00, 0x01, 0x00, 0x50, 0x70, 0x05, 0x00, 0x00, 0x00,
  0x00, 0x00, 0x00, 0xa9, 0x05, 0x00, 0x00, 0x00, 0x00, 0x00, 0x00, 0x01,
  0x00, 0x5e, 0xd0, 0x05, 0x00, 0x00, 0x00, 0x00, 0x00, 0x00, 0xdd, 0x05,
  0x00, 0x00, 0x00, 0x00, 0x00, 0x00, 0x02, 0x00, 0x30, 0x9f, 0xee, 0x05,
  0x00, 0x00, 0x00, 0x00, 0x00, 0x00, 0xfc, 0x05, 0x00, 0x00, 0x00, 0x00,
  0x00, 0x00, 0x02, 0x00, 0x30, 0x9f, 0xfc, 0x05, 0x00, 0x00, 0x00, 0x00,
  0x00, 0x00, 0x28, 0x06, 0x00, 0x00, 0x00, 0x00, 0x00, 0x00, 0x01, 0x00,
  0x5e, 0x3d, 0x06, 0x00, 0x00, 0x00, 0x00, 0x00, 0x00, 0x5c, 0x06, 0x00,
  0x00, 0x00, 0x00, 0x00, 0x00, 0x02, 0x00, 0x30, 0x9f, 0x6d, 0x06, 0x00,
  0x00, 0x00, 0x00, 0x00, 0x00, 0x82, 0x06, 0x00, 0x00, 0x00, 0x00, 0x00,
  0x00, 0x02, 0x00, 0x30, 0x9f, 0x00, 0x00, 0x00, 0x00, 0x00, 0x00, 0x00,
  0x00, 0x00, 0x00, 0x00, 0x00, 0x00, 0x00, 0x00, 0x00, 0x01, 0x00, 0x01,
  0x03, 0x01, 0x00, 0x01, 0x00, 0x00, 0x00, 0x01, 0x00, 0xa9, 0x05, 0x00,
  0x00, 0x00, 0x00, 0x00, 0x00, 0xb4, 0x05, 0x00, 0x00, 0x00, 0x00, 0x00,
  0x00, 0x01, 0x00, 0x5c, 0xd8, 0x05, 0x00, 0x00, 0x00, 0x00, 0x00, 0x00,
  0xd8, 0x05, 0x00, 0x00, 0x00, 0x00, 0x00, 0x00, 0x02, 0x00, 0x30, 0x9f,
  0x23, 0x06, 0x00, 0x00, 0x00, 0x00, 0x00, 0x00, 0x28, 0x06, 0x00, 0x00,
  0x00, 0x00, 0x00, 0x00, 0x01, 0x00, 0x5c, 0x48, 0x06, 0x00, 0x00, 0x00,
  0x00, 0x00, 0x00, 0x57, 0x06, 0x00, 0x00, 0x00, 0x00, 0x00, 0x00, 0x01,
  0x00, 0x5c, 0x5c, 0x06, 0x00, 0x00, 0x00, 0x00, 0x00, 0x00, 0x68, 0x06,
  0x00, 0x00, 0x00, 0x00, 0x00, 0x00, 0x01, 0x00, 0x5c, 0x7d, 0x06, 0x00,
  0x00, 0x00, 0x00, 0x00, 0x00, 0x82, 0x06, 0x00, 0x00, 0x00, 0x00, 0x00,
  0x00, 0x01, 0x00, 0x5c, 0x00, 0x00, 0x00, 0x00, 0x00, 0x00, 0x00, 0x00,
  0x00, 0x00, 0x00, 0x00, 0x00, 0x00, 0x00, 0x00, 0x04, 0x00, 0x04, 0x00,
  0x00, 0x00, 0xa9, 0x05, 0x00, 0x00, 0x00, 0x00, 0x00, 0x00, 0xb4, 0x05,
  0x00, 0x00, 0x00, 0x00, 0x00, 0x00, 0x01, 0x00, 0x5c, 0x48, 0x06, 0x00,
  0x00, 0x00, 0x00, 0x00, 0x00, 0x57, 0x06, 0x00, 0x00, 0x00, 0x00, 0x00,
  0x00, 0x01, 0x00, 0x5c, 0x5c, 0x06, 0x00, 0x00, 0x00, 0x00, 0x00, 0x00,
  0x68, 0x06, 0x00, 0x00, 0x00, 0x00, 0x00, 0x00, 0x01, 0x00, 0x5c, 0x00,
  0x00, 0x00, 0x00, 0x00, 0x00, 0x00, 0x00, 0x00, 0x00, 0x00, 0x00, 0x00,
  0x00, 0x00, 0x00, 0x00, 0x00, 0x05, 0x07, 0x00, 0x00, 0x02, 0x04, 0x02,
  0x00, 0xb4, 0x05, 0x00, 0x00, 0x00, 0x00, 0x00, 0x00, 0xbb, 0x05, 0x00,
  0x00, 0x00, 0x00, 0x00, 0x00, 0x01, 0x00, 0x5d, 0xd8, 0x05, 0x00, 0x00,
  0x00, 0x00, 0x00, 0x00, 0xd8, 0x05, 0x00, 0x00, 0x00, 0x00, 0x00, 0x00,
  0x02, 0x00, 0x30, 0x9f, 0x28, 0x06, 0x00, 0x00, 0x00, 0x00, 0x00, 0x00,
  0x3d, 0x06, 0x00, 0x00, 0x00, 0x00, 0x00, 0x00, 0x01, 0x00, 0x5d, 0x57,
  0x06, 0x00, 0x00, 0x00, 0x00, 0x00, 0x00, 0x57, 0x06, 0x00, 0x00, 0x00,
  0x00, 0x00, 0x00, 0x02, 0x00, 0x30, 0x9f, 0x68, 0x06, 0x00, 0x00, 0x00,
  0x00, 0x00, 0x00, 0x6d, 0x06, 0x00, 0x00, 0x00, 0x00, 0x00, 0x00, 0x01,
  0x00, 0x5d, 0x00, 0x00, 0x00, 0x00, 0x00, 0x00, 0x00, 0x00, 0x00, 0x00,
  0x00, 0x00, 0x00, 0x00, 0x00, 0x00, 0x02, 0x00, 0x00, 0x00, 0xb4, 0x05,
  0x00, 0x00, 0x00, 0x00, 0x00, 0x00, 0xbb, 0x05, 0x00, 0x00, 0x00, 0x00,
  0x00, 0x00, 0x01, 0x00, 0x5d, 0x28, 0x06, 0x00, 0x00, 0x00, 0x00, 0x00,
  0x00, 0x3d, 0x06, 0x00, 0x00, 0x00, 0x00, 0x00, 0x00, 0x01, 0x00, 0x5d,
  0x00, 0x00, 0x00, 0x00, 0x00, 0x00, 0x00, 0x00, 0x00, 0x00, 0x00, 0x00,
  0x00, 0x00, 0x00, 0x00, 0x02, 0x00, 0x09, 0x0b, 0x06, 0x00, 0xbb, 0x05,
  0x00, 0x00, 0x00, 0x00, 0x00, 0x00, 0xd0, 0x05, 0x00, 0x00, 0x00, 0x00,
  0x00, 0x00, 0x01, 0x00, 0x5e, 0xd8, 0x05, 0x00, 0x00, 0x00, 0x00, 0x00,
  0x00, 0xd8, 0x05, 0x00, 0x00, 0x00, 0x00, 0x00, 0x00, 0x02, 0x00, 0x30,
  0x9f, 0x57, 0x06, 0x00, 0x00, 0x00, 0x00, 0x00, 0x00, 0x5c, 0x06, 0x00,
  0x00, 0x00, 0x00, 0x00, 0x00, 0x02, 0x00, 0x30, 0x9f, 0x00, 0x00, 0x00,
  0x00, 0x00, 0x00, 0x00, 0x00, 0x00, 0x00, 0x00, 0x00, 0x00, 0x00, 0x00,
  0x00, 0x01, 0x00, 0xc0, 0x05, 0x00, 0x00, 0x00, 0x00, 0x00, 0x00, 0xd0,
  0x05, 0x00, 0x00, 0x00, 0x00, 0x00, 0x00, 0x01, 0x00, 0x5e, 0x00, 0x00,
  0x00, 0x00, 0x00, 0x00, 0x00, 0x00, 0x00, 0x00, 0x00, 0x00, 0x00, 0x00,
  0x00, 0x00, 0x00, 0x00, 0x00, 0x00, 0x00, 0x00, 0x00, 0x00, 0xb0, 0x03,
  0x00, 0x00, 0x00, 0x00, 0x00, 0x00, 0xcc, 0x03, 0x00, 0x00, 0x00, 0x00,
  0x00, 0x00, 0x01, 0x00, 0x55, 0xcc, 0x03, 0x00, 0x00, 0x00, 0x00, 0x00,
  0x00, 0xe4, 0x03, 0x00, 0x00, 0x00, 0x00, 0x00, 0x00, 0x01, 0x00, 0x53,
  0xe4, 0x03, 0x00, 0x00, 0x00, 0x00, 0x00, 0x00, 0xe9, 0x03, 0x00, 0x00,
  0x00, 0x00, 0x00, 0x00, 0x01, 0x00, 0x55, 0xe9, 0x03, 0x00, 0x00, 0x00,
  0x00, 0x00, 0x00, 0xea, 0x03, 0x00, 0x00, 0x00, 0x00, 0x00, 0x00, 0x04,
  0x00, 0xf3, 0x01, 0x55, 0x9f, 0x00, 0x00, 0x00, 0x00, 0x00, 0x00, 0x00,
  0x00, 0x00, 0x00, 0x00, 0x00, 0x00, 0x00, 0x00, 0x00, 0x00, 0x00, 0x00,
  0x00, 0x00, 0x00, 0x00, 0x00, 0x00, 0x00, 0x00, 0x00, 0x00, 0x00, 0x00,
  0x00, 0x23, 0x00, 0x00, 0x00, 0x00, 0x00, 0x00, 0x00, 0x01, 0x00, 0x55,
  0x23, 0x00, 0x00, 0x00, 0x00, 0x00, 0x00, 0x00, 0x40, 0x00, 0x00, 0x00,
  0x00, 0x00, 0x00, 0x00, 0x04, 0x00, 0xf3, 0x01, 0x55, 0x9f, 0x40, 0x00,
  0x00, 0x00, 0x00, 0x00, 0x00, 0x00, 0x47, 0x00, 0x00, 0x00, 0x00, 0x00,
  0x00, 0x00, 0x01, 0x00, 0x55, 0x47, 0x00, 0x00, 0x00, 0x00, 0x00, 0x00,
  0x00, 0xc5, 0x01, 0x00, 0x00, 0x00, 0x00, 0x00, 0x00, 0x04, 0x00, 0xf3,
  0x01, 0x55, 0x9f, 0x00, 0x00, 0x00, 0x00, 0x00, 0x00, 0x00, 0x00, 0x00,
  0x00, 0x00, 0x00, 0x00, 0x00, 0x00, 0x00, 0x00, 0x00, 0x00, 0x00, 0x00,
  0x00, 0x00, 0x00, 0x00, 0x00, 0x00, 0x00, 0x00, 0x00, 0x00, 0x00, 0x00,
  0x00, 0x00, 0x00, 0x00, 0x00, 0x00, 0x00, 0x2a, 0x00, 0x00, 0x00, 0x00,
  0x00, 0x00, 0x00, 0x01, 0x00, 0x54, 0x2a, 0x00, 0x00, 0x00, 0x00, 0x00,
  0x00, 0x00, 0x31, 0x00, 0x00, 0x00, 0x00, 0x00, 0x00, 0x00, 0x01, 0x00,
  0x55, 0x31, 0x00, 0x00, 0x00, 0x00, 0x00, 0x00, 0x00, 0x3d, 0x00, 0x00,
  0x00, 0x00, 0x00, 0x00, 0x00, 0x01, 0x00, 0x56, 0x3d, 0x00, 0x00, 0x00,
  0x00, 0x00, 0x00, 0x00, 0x40, 0x00, 0x00, 0x00, 0x00, 0x00, 0x00, 0x00,
  0x04, 0x00, 0xf3, 0x01, 0x54, 0x9f, 0x40, 0x00, 0x00, 0x00, 0x00, 0x00,
  0x00, 0x00, 0x44, 0x00, 0x00, 0x00, 0x00, 0x00, 0x00, 0x00, 0x01, 0x00,
  0x54, 0x44, 0x00, 0x00, 0x00, 0x00, 0x00, 0x00, 0x00, 0x90, 0x01, 0x00,
  0x00, 0x00, 0x00, 0x00, 0x00, 0x01, 0x00, 0x56, 0x90, 0x01, 0x00, 0x00,
  0x00, 0x00, 0x00, 0x00, 0x93, 0x01, 0x00, 0x00, 0x00, 0x00, 0x00, 0x00,
  0x04, 0x00, 0xf3, 0x01, 0x54, 0x9f, 0x93, 0x01, 0x00, 0x00, 0x00, 0x00,
  0x00, 0x00, 0xc5, 0x01, 0x00, 0x00, 0x00, 0x00, 0x00, 0x00, 0x01, 0x00,
  0x56, 0x00, 0x00, 0x00, 0x00, 0x00, 0x00, 0x00, 0x00, 0x00, 0x00, 0x00,
  0x00, 0x00, 0x00, 0x00, 0x00, 0x00, 0x00, 0x00, 0x00, 0x00, 0x00, 0x00,
  0x00, 0x00, 0x00, 0x00, 0x00, 0x00, 0x00, 0x00, 0x00, 0x16, 0x00, 0x00,
  0x00, 0x00, 0x00, 0x00, 0x00, 0x01, 0x00, 0x51, 0x16, 0x00, 0x00, 0x00,
  0x00, 0x00, 0x00, 0x00, 0x40, 0x00, 0x00, 0x00, 0x00, 0x00, 0x00, 0x00,
  0x04, 0x00, 0xf3, 0x01, 0x51, 0x9f, 0x40, 0x00, 0x00, 0x00, 0x00, 0x00,
  0x00, 0x00, 0x4c, 0x00, 0x00, 0x00, 0x00, 0x00, 0x00, 0x00, 0x01, 0x00,
  0x51, 0x4c, 0x00, 0x00, 0x00, 0x00, 0x00, 0x00, 0x00, 0xc5, 0x01, 0x00,
  0x00, 0x00, 0x00, 0x00, 0x00, 0x04, 0x00, 0xf3, 0x01, 0x51, 0x9f, 0x00,
  0x00, 0x00, 0x00, 0x00, 0x00, 0x00, 0x00, 0x00, 0x00, 0x00, 0x00, 0x00,
  0x00, 0x00, 0x00, 0x00, 0x00, 0x00, 0x01, 0x01, 0x00, 0x00, 0x00, 0x00,
  0x00, 0x00, 0x00, 0x00, 0x00, 0x00, 0x00, 0x00, 0x00, 0x00, 0x00, 0x00,
  0x00, 0x00, 0x00, 0x20, 0x00, 0x00, 0x00, 0x00, 0x00, 0x00, 0x00, 0x01,
  0x00, 0x52, 0x20, 0x00, 0x00, 0x00, 0x00, 0x00, 0x00, 0x00, 0x32, 0x00,
  0x00, 0x00, 0x00, 0x00, 0x00, 0x00, 0x01, 0x00, 0x53, 0x32, 0x00, 0x00,
  0x00, 0x00, 0x00, 0x00, 0x00, 0x40, 0x00, 0x00, 0x00, 0x00, 0x00, 0x00,
  0x00, 0x04, 0x00, 0xf3, 0x01, 0x52, 0x9f, 0x40, 0x00, 0x00, 0x00, 0x00,
  0x00, 0x00, 0x00, 0x4c, 0x00, 0x00, 0x00, 0x00, 0x00, 0x00, 0x00, 0x01,
  0x00, 0x52, 0x4c, 0x00, 0x00, 0x00, 0x00, 0x00, 0x00, 0x00, 0x6c, 0x00,
  0x00, 0x00, 0x00, 0x00, 0x00, 0x00, 0x01, 0x00, 0x53, 0x6c, 0x00, 0x00,
  0x00, 0x00, 0x00, 0x00, 0x00, 0x93, 0x01, 0x00, 0x00, 0x00, 0x00, 0x00,
  0x00, 0x04, 0x00, 0xf3, 0x01, 0x52, 0x9f, 0x93, 0x01, 0x00, 0x00, 0x00,
  0x00, 0x00, 0x00, 0xac, 0x01, 0x00, 0x00, 0x00, 0x00, 0x00, 0x00, 0x01,
  0x00, 0x53, 0xac, 0x01, 0x00, 0x00, 0x00, 0x00, 0x00, 0x00, 0xc5, 0x01,
  0x00, 0x00, 0x00, 0x00, 0x00, 0x00, 0x04, 0x00, 0xf3, 0x01, 0x52, 0x9f,
  0x00, 0x00, 0x00, 0x00, 0x00, 0x00, 0x00, 0x00, 0x00, 0x00, 0x00, 0x00,
  0x00, 0x00, 0x00, 0x00, 0x01, 0x00, 0x00, 0x00, 0x75, 0x00, 0x00, 0x00,
  0x00, 0x00, 0x00, 0x00, 0x80, 0x00, 0x00, 0x00, 0x00, 0x00, 0x00, 0x00,
  0x01, 0x00, 0x50, 0x80, 0x00, 0x00, 0x00, 0x00, 0x00, 0x00, 0x00, 0x8f,
  0x01, 0x00, 0x00, 0x00, 0x00, 0x00, 0x00, 0x01, 0x00, 0x53, 0x00, 0x00,
  0x00, 0x00, 0x00, 0x00, 0x00, 0x00, 0x00, 0x00, 0x00, 0x00, 0x00, 0x00,
  0x00, 0x00, 0x00, 0x00, 0x00, 0x00, 0x00, 0x00, 0x00, 0x00, 0x50, 0x00,
  0x00, 0x00, 0x00, 0x00, 0x00, 0x00, 0x68, 0x00, 0x00, 0x00, 0x00, 0x00,
  0x00, 0x00, 0x01, 0x00, 0x50, 0x68, 0x00, 0x00, 0x00, 0x00, 0x00, 0x00,
  0x00, 0x92, 0x01, 0x00, 0x00, 0x00, 0x00, 0x00, 0x00, 0x01, 0x00, 0x5c,
  0x93, 0x01, 0x00, 0x00, 0x00, 0x00, 0x00, 0x00, 0xa1, 0x01, 0x00, 0x00,
  0x00, 0x00, 0x00, 0x00, 0x01, 0x00, 0x50, 0xa1, 0x01, 0x00, 0x00, 0x00,
  0x00, 0x00, 0x00, 0xc5, 0x01, 0x00, 0x00, 0x00, 0x00, 0x00, 0x00, 0x01,
  0x00, 0x5c, 0x00, 0x00, 0x00, 0x00, 0x00, 0x00, 0x00, 0x00, 0x00, 0x00,
  0x00, 0x00, 0x00, 0x00, 0x00, 0x00, 0x01, 0x00, 0x00, 0x00, 0xa3, 0x00,
  0x00, 0x00, 0x00, 0x00, 0x00, 0x00, 0xb6, 0x00, 0x00, 0x00, 0x00, 0x00,
  0x00, 0x00, 0x02, 0x00, 0x30, 0x9f, 0xb6, 0x00, 0x00, 0x00, 0x00, 0x00,
  0x00, 0x00, 0x7d, 0x01, 0x00, 0x00, 0x00, 0x00, 0x00, 0x00, 0x01, 0x00,
  0x51, 0x00, 0x00, 0x00, 0x00, 0x00, 0x00, 0x00, 0x00, 0x00, 0x00, 0x00,
  0x00, 0x00, 0x00, 0x00, 0x00, 0x01, 0x00, 0x00, 0x00, 0x81, 0x00, 0x00,
  0x00, 0x00, 0x00, 0x00, 0x00, 0x93, 0x00, 0x00, 0x00, 0x00, 0x00, 0x00,
  0x00, 0x02, 0x00, 0x30, 0x9f, 0x93, 0x00, 0x00, 0x00, 0x00, 0x00, 0x00,
  0x00, 0x88, 0x01, 0x00, 0x00, 0x00, 0x00, 0x00, 0x00, 0x01, 0x00, 0x54,
  0x00, 0x00, 0x00, 0x00, 0x00, 0x00, 0x00, 0x00, 0x00, 0x00, 0x00, 0x00,
  0x00, 0x00, 0x00, 0x00, 0x00, 0x02, 0x02, 0x02, 0x02, 0x02, 0x02, 0x02,
  0x02, 0x00, 0x00, 0x00, 0xb6, 0x00, 0x00, 0x00, 0x00, 0x00, 0x00, 0x00,
  0xdc, 0x00, 0x00, 0x00, 0x00, 0x00, 0x00, 0x00, 0x02, 0x00, 0x30, 0x9f,
  0xdc, 0x00, 0x00, 0x00, 0x00, 0x00, 0x00, 0x00, 0x07, 0x01, 0x00, 0x00,
  0x00, 0x00, 0x00, 0x00, 0x02, 0x00, 0x31, 0x9f, 0x07, 0x01, 0x00, 0x00,
  0x00, 0x00, 0x00, 0x00, 0x32, 0x01, 0x00, 0x00, 0x00, 0x00, 0x00, 0x00,
  0x02, 0x00, 0x32, 0x9f, 0x32, 0x01, 0x00, 0x00, 0x00, 0x00, 0x00, 0x00,
  0x5d, 0x01, 0x00, 0x00, 0x00, 0x00, 0x00, 0x00, 0x02, 0x00, 0x33, 0x9f,
  0x5d, 0x01, 0x00, 0x00, 0x00, 0x00, 0x00, 0x00, 0x61, 0x01, 0x00, 0x00,
  0x00, 0x00, 0x00, 0x00, 0x02, 0x00, 0x34, 0x9f, 0x6b, 0x01, 0x00, 0x00,
  0x00, 0x00, 0x00, 0x00, 0x79, 0x01, 0x00, 0x00, 0x00, 0x00, 0x00, 0x00,
  0x02, 0x00, 0x30, 0x9f, 0x00, 0x00, 0x00, 0x00, 0x00, 0x00, 0x00, 0x00,
  0x00, 0x00, 0x00, 0x00, 0x00, 0x00, 0x00, 0x00, 0x00, 0x00, 0xa3, 0x00,
  0x00, 0x00, 0x00, 0x00, 0x00, 0x00, 0x88, 0x01, 0x00, 0x00, 0x00, 0x00,
  0x00, 0x00, 0x01, 0x00, 0x55, 0x00, 0x00, 0x00, 0x00, 0x00, 0x00, 0x00,
  0x00, 0x00, 0x00, 0x00, 0x00, 0x00, 0x00, 0x00, 0x00, 0x01, 0x00, 0x00,
  0x00, 0x00, 0x00, 0x00, 0x00, 0x00, 0x00, 0x00, 0x00, 0x00, 0x00, 0xb6,
  0x00, 0x00, 0x00, 0x00, 0x00, 0x00, 0x00, 0xdc, 0x00, 0x00, 0x00, 0x00,
  0x00, 0x00, 0x00, 0x02, 0x00, 0x91, 0x48, 0xed, 0x00, 0x00, 0x00, 0x00,
  0x00, 0x00, 0x00, 0xf8, 0x00, 0x00, 0x00, 0x00, 0x00, 0x00, 0x00, 0x01,
  0x00, 0x52, 0xf8, 0x00, 0x00, 0x00, 0x00, 0x00, 0x00, 0x00, 0x07, 0x01,
  0x00, 0x00, 0x00, 0x00, 0x00, 0x00, 0x02, 0x00, 0x91, 0x4c, 0x18, 0x01,
  0x00, 0x00, 0x00, 0x00, 0x00, 0x00, 0x23, 0x01, 0x00, 0x00, 0x00, 0x00,
  0x00, 0x00, 0x01, 0x00, 0x52, 0x23, 0x01, 0x00, 0x00, 0x00, 0x00, 0x00,
  0x00, 0x32, 0x01, 0x00, 0x00, 0x00, 0x00, 0x00, 0x00, 0x02, 0x00, 0x91,
  0x50, 0x43, 0x01, 0x00, 0x00, 0x00, 0x00, 0x00, 0x00, 0x4e, 0x01, 0x00,
  0x00, 0x00, 0x00, 0x00, 0x00, 0x01, 0x00, 0x52, 0x4e, 0x01, 0x00, 0x00,
  0x00, 0x00, 0x00, 0x00, 0x5d, 0x01, 0x00, 0x00, 0x00, 0x00, 0x00, 0x00,
  0x02, 0x00, 0x91, 0x54, 0x00, 0x00, 0x00, 0x00, 0x00, 0x00, 0x00, 0x00,
  0x00, 0x00, 0x00, 0x00, 0x00, 0x00, 0x00, 0x00, 0x01, 0x00, 0x59, 0x00,
  0x00, 0x00, 0x00, 0x00, 0x00, 0x00, 0x68, 0x00, 0x00, 0x00, 0x00, 0x00,
  0x00, 0x00, 0x02, 0x00, 0x73, 0x10, 0x00, 0x00, 0x00, 0x00, 0x00, 0x00,
  0x00, 0x00, 0x00, 0x00, 0x00, 0x00, 0x00, 0x00, 0x00, 0x00, 0x00, 0x00,
  0x00, 0x00, 0x00, 0x00, 0x00, 0x00, 0x6c, 0x00, 0x00, 0x00, 0x00, 0x00,
  0x00, 0x00, 0x80, 0x00, 0x00, 0x00, 0x00, 0x00, 0x00, 0x00, 0x01, 0x00,
  0x50, 0x80, 0x00, 0x00, 0x00, 0x00, 0x00, 0x00, 0x00, 0x8f, 0x01, 0x00,
  0x00, 0x00, 0x00, 0x00, 0x00, 0x01, 0x00, 0x53, 0xac, 0x01, 0x00, 0x00,
  0x00, 0x00, 0x00, 0x00, 0xba, 0x01, 0x00, 0x00, 0x00, 0x00, 0x00, 0x00,
  0x01, 0x00, 0x50, 0xba, 0x01, 0x00, 0x00, 0x00, 0x00, 0x00, 0x00, 0xc5,
  0x01, 0x00, 0x00, 0x00, 0x00, 0x00, 0x00, 0x01, 0x00, 0x53, 0x00, 0x00,
  0x00, 0x00, 0x00, 0x00, 0x00, 0x00, 0x00, 0x00, 0x00, 0x00, 0x00, 0x00,
  0x00, 0x00, 0x04, 0x00, 0x59, 0x00, 0x00, 0x00, 0x00, 0x00, 0x00, 0x00,
  0x68, 0x00, 0x00, 0x00, 0x00, 0x00, 0x00, 0x00, 0x02, 0x00, 0x73, 0x10,
  0x00, 0x00, 0x00, 0x00, 0x00, 0x00, 0x00, 0x00, 0x00, 0x00, 0x00, 0x00,
  0x00, 0x00, 0x00, 0x00, 0x00, 0x00, 0x00, 0x00, 0x00, 0x00, 0x00, 0x00,
  0xd0, 0x01, 0x00, 0x00, 0x00, 0x00, 0x00, 0x00, 0xf5, 0x01, 0x00, 0x00,
  0x00, 0x00, 0x00, 0x00, 0x01, 0x00, 0x55, 0xf5, 0x01, 0x00, 0x00, 0x00,
  0x00, 0x00, 0x00, 0x14, 0x02, 0x00, 0x00, 0x00, 0x00, 0x00, 0x00, 0x04,
  0x00, 0xf3, 0x01, 0x55, 0x9f, 0x14, 0x02, 0x00, 0x00, 0x00, 0x00, 0x00,
  0x00, 0x1f, 0x02, 0x00, 0x00, 0x00, 0x00, 0x00, 0x00, 0x01, 0x00, 0x55,
  0x1f, 0x02, 0x00, 0x00, 0x00, 0x00, 0x00, 0x00, 0xa9, 0x03, 0x00, 0x00,
  0x00, 0x00, 0x00, 0x00, 0x04, 0x00, 0xf3, 0x01, 0x55, 0x9f, 0x00, 0x00,
  0x00, 0x00, 0x00, 0x00, 0x00, 0x00, 0x00, 0x00, 0x00, 0x00, 0x00, 0x00,
  0x00, 0x00, 0x00, 0x00, 0x00, 0x00, 0x00, 0x00, 0x00, 0x00, 0x00, 0x00,
  0x00, 0x00, 0xd0, 0x01, 0x00, 0x00, 0x00, 0x00, 0x00, 0x00, 0xfc, 0x01,
  0x00, 0x00, 0x00, 0x00, 0x00, 0x00, 0x01, 0x00, 0x54, 0xfc, 0x01, 0x00,
  0x00, 0x00, 0x00, 0x00, 0x00, 0x0e, 0x02, 0x00, 0x00, 0x00, 0x00, 0x00,
  0x00, 0x01, 0x00, 0x53, 0x0e, 0x02, 0x00, 0x00, 0x00, 0x00, 0x00, 0x00,
  0x14, 0x02, 0x00, 0x00, 0x00, 0x00, 0x00, 0x00, 0x04, 0x00, 0xf3, 0x01,
  0x54, 0x9f, 0x14, 0x02, 0x00, 0x00, 0x00, 0x00, 0x00, 0x00, 0xce, 0x02,
  0x00, 0x00, 0x00, 0x00, 0x00, 0x00, 0x01, 0x00, 0x53, 0xce, 0x02, 0x00,
  0x00, 0x00, 0x00, 0x00, 0x00, 0xd4, 0x02, 0x00, 0x00, 0x00, 0x00, 0x00,
  0x00, 0x04, 0x00, 0xf3, 0x01, 0x54, 0x9f, 0xd4, 0x02, 0x00, 0x00, 0x00,
  0x00, 0x00, 0x00, 0xa9, 0x03, 0x00, 0x00, 0x00, 0x00, 0x00, 0x00, 0x01,
  0x00, 0x53, 0x00, 0x00, 0x00, 0x00, 0x00, 0x00, 0x00, 0x00, 0x00, 0x00,
  0x00, 0x00, 0x00, 0x00, 0x00, 0x00, 0x00, 0x00, 0x00, 0x00, 0x00, 0x00,
  0x00, 0x00, 0xd0, 0x01, 0x00, 0x00, 0x00, 0x00, 0x00, 0x00, 0xe8, 0x01,
  0x00, 0x00, 0x00, 0x00, 0x00, 0x00, 0x01, 0x00, 0x51, 0xe8, 0x01, 0x00,
  0x00, 0x00, 0x00, 0x00, 0x00, 0x14, 0x02, 0x00, 0x00, 0x00, 0x00, 0x00,
  0x00, 0x04, 0x00, 0xf3, 0x01, 0x51, 0x9f, 0x14, 0x02, 0x00, 0x00, 0x00,
  0x00, 0x00, 0x00, 0x24, 0x02, 0x00, 0x00, 0x00, 0x00, 0x00, 0x00, 0x01,
  0x00, 0x51, 0x24, 0x02, 0x00, 0x00, 0x00, 0x00, 0x00, 0x00, 0xa9, 0x03,
  0x00, 0x00, 0x00, 0x00, 0x00, 0x00, 0x04, 0x00, 0xf3, 0x01, 0x51, 0x9f,
  0x00, 0x00, 0x00, 0x00, 0x00, 0x00, 0x00, 0x00, 0x00, 0x00, 0x00, 0x00,
  0x00, 0x00, 0x00, 0x00, 0x00, 0x00, 0x00, 0x01, 0x01, 0x00, 0x00, 0x00,
  0x00, 0x00, 0x00, 0x00, 0x00, 0x00, 0x00, 0x00, 0xd0, 0x01, 0x00, 0x00,
  0x00, 0x00, 0x00, 0x00, 0xf2, 0x01, 0x00, 0x00, 0x00, 0x00, 0x00, 0x00,
  0x01, 0x00, 0x52, 0xf2, 0x01, 0x00, 0x00, 0x00, 0x00, 0x00, 0x00, 0x04,
  0x02, 0x00, 0x00, 0x00, 0x00, 0x00, 0x00, 0x01, 0x00, 0x56, 0x04, 0x02,
  0x00, 0x00, 0x00, 0x00, 0x00, 0x00, 0x14, 0x02, 0x00, 0x00, 0x00, 0x00,
  0x00, 0x00, 0x04, 0x00, 0xf3, 0x01, 0x52, 0x9f, 0x14, 0x02, 0x00, 0x00,
  0x00, 0x00, 0x00, 0x00, 0x24, 0x02, 0x00, 0x00, 0x00, 0x00, 0x00, 0x00,
  0x01, 0x00, 0x52, 0x24, 0x02, 0x00, 0x00, 0x00, 0x00, 0x00, 0x00, 0x44,
  0x02, 0x00, 0x00, 0x00, 0x00, 0x00, 0x00, 0x01, 0x00, 0x56, 0x44, 0x02,
  0x00, 0x00, 0x00, 0x00, 0x00, 0x00, 0xd4, 0x02, 0x00, 0x00, 0x00, 0x00,
  0x00, 0x00, 0x04, 0x00, 0xf3, 0x01, 0x52, 0x9f, 0xd4, 0x02, 0x00, 0x00,
  0x00, 0x00, 0x00, 0x00, 0xf1, 0x02, 0x00, 0x00, 0x00, 0x00, 0x00, 0x00,
  0x01, 0x00, 0x56, 0xf1, 0x02, 0x00, 0x00, 0x00, 0x00, 0x00, 0x00, 0xa9,
  0x03, 0x00, 0x00, 0x00, 0x00, 0x00, 0x00, 0x04, 0x00, 0xf3, 0x01, 0x52,
  0x9f, 0x00, 0x00, 0x00, 0x00, 0x00, 0x00, 0x00, 0x00, 0x00, 0x00, 0x00,
  0x00, 0x00, 0x00, 0x00, 0x00, 0x01, 0x00, 0x00, 0x00, 0x00, 0x00, 0x00,
  0x00, 0x00, 0x00, 0x4d, 0x02, 0x00, 0x00, 0x00, 0x00, 0x00, 0x00, 0x5d,
  0x02, 0x00, 0x00, 0x00, 0x00, 0x00, 0x00, 0x01, 0x00, 0x50, 0x5d, 0x02,
  0x00, 0x00, 0x00, 0x00, 0x00, 0x00, 0xcf, 0x02, 0x00, 0x00, 0x00, 0x00,
  0x00, 0x00, 0x01, 0x00, 0x56, 0xf1, 0x02, 0x00, 0x00, 0x00, 0x00, 0x00,
  0x00, 0x4f, 0x03, 0x00, 0x00, 0x00, 0x00, 0x00, 0x00, 0x01, 0x00, 0x56,
  0x69, 0x03, 0x00, 0x00, 0x00, 0x00, 0x00, 0x00, 0x7e, 0x03, 0x00, 0x00,
  0x00, 0x00, 0x00, 0x00, 0x01, 0x00, 0x50, 0x7e, 0x03, 0x00, 0x00, 0x00,
  0x00, 0x00, 0x00, 0xa9, 0x03, 0x00, 0x00, 0x00, 0x00, 0x00, 0x00, 0x01,
  0x00, 0x56, 0x00, 0x00, 0x00, 0x00, 0x00, 0x00, 0x00, 0x00, 0x00, 0x00,
  0x00, 0x00, 0x00, 0x00, 0x00, 0x00, 0x00, 0x00, 0x00, 0x00, 0x00, 0x00,
  0x00, 0x00, 0x28, 0x02, 0x00, 0x00, 0x00, 0x00, 0x00, 0x00, 0x40, 0x02,
  0x00, 0x00, 0x00, 0x00, 0x00, 0x00, 0x01, 0x00, 0x50, 0x40, 0x02, 0x00,
  0x00, 0x00, 0x00, 0x00, 0x00, 0xd1, 0x02, 0x00, 0x00, 0x00, 0x00, 0x00,
  0x00, 0x01, 0x00, 0x5c, 0xd4, 0x02, 0x00, 0x00, 0x00, 0x00, 0x00, 0x00,
  0xe6, 0x02, 0x00, 0x00, 0x00, 0x00, 0x00, 0x00, 0x01, 0x00, 0x50, 0xe6,
  0x02, 0x00, 0x00, 0x00, 0x00, 0x00, 0x00, 0xa9, 0x03, 0x00, 0x00, 0x00,
  0x00, 0x00, 0x00, 0x01, 0x00, 0x5c, 0x00, 0x00, 0x00, 0x00, 0x00, 0x00,
  0x00, 0x00, 0x00, 0x00, 0x00, 0x00, 0x00, 0x00, 0x00, 0x00, 0x01, 0x00,
  0x31, 0x02, 0x00, 0x00, 0x00, 0x00, 0x00, 0x00, 0x40, 0x02, 0x00, 0x00,
  0x00, 0x00, 0x00, 0x00, 0x02, 0x00, 0x76, 0x10, 0x00, 0x00, 0x00, 0x00,
  0x00, 0x00, 0x00, 0x00, 0x00, 0x00, 0x00, 0x00, 0x00, 0x00, 0x00, 0x00,
  0x00, 0x00, 0x00, 0x00, 0x00, 0x00, 0x00, 0x00, 0x00, 0x00, 0x00, 0x00,
  0x00, 0x00, 0x44, 0x02, 0x00, 0x00, 0x00, 0x00, 0x00, 0x00, 0x5d, 0x02,
  0x00, 0x00, 0x00, 0x00, 0x00, 0x00, 0x01, 0x00, 0x50, 0x5d, 0x02, 0x00,
  0x00, 0x00, 0x00, 0x00, 0x00, 0xcf, 0x02, 0x00, 0x00, 0x00, 0x00, 0x00,
  0x00, 0x01, 0x00, 0x56, 0xf1, 0x02, 0x00, 0x00, 0x00, 0x00, 0x00, 0x00,
  0x4f, 0x03, 0x00, 0x00, 0x00, 0x00, 0x00, 0x00, 0x01, 0x00, 0x56, 0x4f,
  0x03, 0x00, 0x00, 0x00, 0x00, 0x00, 0x00, 0x5e, 0x03, 0x00, 0x00, 0x00,
  0x00, 0x00, 0x00, 0x01, 0x00, 0x50, 0x5e, 0x03, 0x00, 0x00, 0x00, 0x00,
  0x00, 0x00, 0x69, 0x03, 0x00, 0x00, 0x00, 0x00, 0x00, 0x00, 0x01, 0x00,
  0x56, 0x69, 0x03, 0x00, 0x00, 0x00, 0x00, 0x00, 0x00, 0x7e, 0x03, 0x00,
  0x00, 0x00, 0x00, 0x00, 0x00, 0x01, 0x00, 0x50, 0x7e, 0x03, 0x00, 0x00,
  0x00, 0x00, 0x00, 0x00, 0xa9, 0x03, 0x00, 0x00, 0x00, 0x00, 0x00, 0x00,
  0x01, 0x00, 0x56, 0x00, 0x00, 0x00, 0x00, 0x00, 0x00, 0x00, 0x00, 0x00,
  0x00, 0x00, 0x00, 0x00, 0x00, 0x00, 0x00, 0x04, 0x00, 0x31, 0x02, 0x00,
  0x00, 0x00, 0x00, 0x00, 0x00, 0x40, 0x02, 0x00, 0x00, 0x00, 0x00, 0x00,
  0x00, 0x02, 0x00, 0x76, 0x10, 0x00, 0x00, 0x00, 0x00, 0x00, 0x00, 0x00,
  0x00, 0x00, 0x00, 0x00, 0x00, 0x00, 0x00, 0x00, 0x00, 0x00, 0x00, 0x00,
  0x00, 0x00, 0x00, 0xf0, 0x03, 0x00, 0x00, 0x00, 0x00, 0x00, 0x00, 0x00,
  0x04, 0x00, 0x00, 0x00, 0x00, 0x00, 0x00, 0x01, 0x00, 0x55, 0x00, 0x04,
  0x00, 0x00, 0x00, 0x00, 0x00, 0x00, 0x0f, 0x04, 0x00, 0x00, 0x00, 0x00,
  0x00, 0x00, 0x01, 0x00, 0x53, 0x0f, 0x04, 0x00, 0x00, 0x00, 0x00, 0x00,
  0x00, 0x41, 0x04, 0x00, 0x00, 0x00, 0x00, 0x00, 0x00, 0x04, 0x00, 0xf3,
  0x01, 0x55, 0x9f, 0x00, 0x00, 0x00, 0x00, 0x00, 0x00, 0x00, 0x00, 0x00,
  0x00, 0x00, 0x00, 0x00, 0x00, 0x00, 0x00, 0x00, 0x00, 0x00, 0x00, 0x00,
  0x00, 0x00, 0x00, 0x00, 0x00, 0xf0, 0x03, 0x00, 0x00, 0x00, 0x00, 0x00,
  0x00, 0x00, 0x04, 0x00, 0x00, 0x00, 0x00, 0x00, 0x00, 0x01, 0x00, 0x54,
  0x00, 0x04, 0x00, 0x00, 0x00, 0x00, 0x00, 0x00, 0x1d, 0x04, 0x00, 0x00,
  0x00, 0x00, 0x00, 0x00, 0x01, 0x00, 0x56, 0x1d, 0x04, 0x00, 0x00, 0x00,
  0x00, 0x00, 0x00, 0x1e, 0x04, 0x00, 0x00, 0x00, 0x00, 0x00, 0x00, 0x04,
  0x00, 0xf3, 0x01, 0x54, 0x9f, 0x1e, 0x04, 0x00, 0x00, 0x00, 0x00, 0x00,
  0x00, 0x40, 0x04, 0x00, 0x00, 0x00, 0x00, 0x00, 0x00, 0x01, 0x00, 0x56,
  0x40, 0x04, 0x00, 0x00, 0x00, 0x00, 0x00, 0x00, 0x41, 0x04, 0x00, 0x00,
  0x00, 0x00, 0x00, 0x00, 0x04, 0x00, 0xf3, 0x01, 0x54, 0x9f, 0x00, 0x00,
  0x00, 0x00, 0x00, 0x00, 0x00, 0x00, 0x00, 0x00, 0x00, 0x00, 0x00, 0x00,
  0x00, 0x00, 0x00, 0x00, 0x00, 0x00, 0x00, 0x00, 0x0f, 0x04, 0x00, 0x00,
  0x00, 0x00, 0x00, 0x00, 0x24, 0x04, 0x00, 0x00, 0x00, 0x00, 0x00, 0x00,
  0x01, 0x00, 0x50, 0x24, 0x04, 0x00, 0x00, 0x00, 0x00, 0x00, 0x00, 0x3f,
  0x04, 0x00, 0x00, 0x00, 0x00, 0x00, 0x00, 0x01, 0x00, 0x53, 0x3f, 0x04,
  0x00, 0x00, 0x00, 0x00, 0x00, 0x00, 0x41, 0x04, 0x00, 0x00, 0x00, 0x00,
  0x00, 0x00, 0x01, 0x00, 0x50, 0x00, 0x00, 0x00, 0x00, 0x00, 0x00, 0x00,
  0x00, 0x00, 0x00, 0x00, 0x00, 0x00, 0x00, 0x00, 0x00, 0x01, 0x00, 0x1e,
  0x04, 0x00, 0x00, 0x00, 0x00, 0x00, 0x00, 0x37, 0x04, 0x00, 0x00, 0x00,
  0x00, 0x00, 0x00, 0x04, 0x00, 0xf3, 0x01, 0x55, 0x9f, 0x00, 0x00, 0x00,
  0x00, 0x00, 0x00, 0x00, 0x00, 0x00, 0x00, 0x00, 0x00, 0x00, 0x00, 0x00,
  0x00, 0x01, 0x00, 0x1e, 0x04, 0x00, 0x00, 0x00, 0x00, 0x00, 0x00, 0x37,
  0x04, 0x00, 0x00, 0x00, 0x00, 0x00, 0x00, 0x01, 0x00, 0x56, 0x00, 0x00,
  0x00, 0x00, 0x00, 0x00, 0x00, 0x00, 0x00, 0x00, 0x00, 0x00, 0x00, 0x00,
  0x00, 0x00, 0x00, 0x00, 0x00, 0x00, 0x28, 0x04, 0x00, 0x00, 0x00, 0x00,
  0x00, 0x00, 0x2f, 0x04, 0x00, 0x00, 0x00, 0x00, 0x00, 0x00, 0x01, 0x00,
  0x50, 0x2f, 0x04, 0x00, 0x00, 0x00, 0x00, 0x00, 0x00, 0x36, 0x04, 0x00,
  0x00, 0x00, 0x00, 0x00, 0x00, 0x01, 0x00, 0x54, 0x00, 0x00, 0x00, 0x00,
  0x00, 0x00, 0x00, 0x00, 0x00, 0x00, 0x00, 0x00, 0x00, 0x00, 0x00, 0x00,
  0x00, 0x00, 0x00, 0x00, 0x00, 0x00, 0x00, 0x00, 0x00, 0x00, 0x50, 0x04,
  0x00, 0x00, 0x00, 0x00, 0x00, 0x00, 0x5f, 0x04, 0x00, 0x00, 0x00, 0x00,
  0x00, 0x00, 0x01, 0x00, 0x55, 0x5f, 0x04, 0x00, 0x00, 0x00, 0x00, 0x00,
  0x00, 0xcd, 0x04, 0x00, 0x00, 0x00, 0x00, 0x00, 0x00, 0x01, 0x00, 0x53,
  0xcd, 0x04, 0x00, 0x00, 0x00, 0x00, 0x00, 0x00, 0xde, 0x04, 0x00, 0x00,
  0x00, 0x00, 0x00, 0x00, 0x04, 0x00, 0xf3, 0x01, 0x55, 0x9f, 0xde, 0x04,
  0x00, 0x00, 0x00, 0x00, 0x00, 0x00, 0xe6, 0x04, 0x00, 0x00, 0x00, 0x00,
  0x00, 0x00, 0x01, 0x00, 0x53, 0xe6, 0x04, 0x00, 0x00, 0x00, 0x00, 0x00,
  0x00, 0xe7, 0x04, 0x00, 0x00, 0x00, 0x00, 0x00, 0x00, 0x04, 0x00, 0xf3,
  0x01, 0x55, 0x9f, 0x00, 0x00, 0x00, 0x00, 0x00, 0x00, 0x00, 0x00, 0x00,
  0x00, 0x00, 0x00, 0x00, 0x00, 0x00, 0x00, 0x00, 0x00, 0x00, 0x00, 0xbd,
  0x04, 0x00, 0x00, 0x00, 0x00, 0x00, 0x00, 0xcd, 0x04, 0x00, 0x00, 0x00,
  0x00, 0x00, 0x00, 0x01, 0x00, 0x53, 0xcd, 0x04, 0x00, 0x00, 0x00, 0x00,
  0x00, 0x00, 0xdd, 0x04, 0x00, 0x00, 0x00, 0x00, 0x00, 0x00, 0x04, 0x00,
  0xf3, 0x01, 0x55, 0x9f, 0x00, 0x00, 0x00, 0x00, 0x00, 0x00, 0x00, 0x00,
  0x00, 0x00, 0x00, 0x00, 0x00, 0x00, 0x00, 0x00, 0x00, 0x00, 0x00, 0x00,
  0x00, 0x00, 0x00, 0x00, 0x00, 0x00, 0x65, 0x00, 0x00, 0x00, 0x00, 0x00,
  0x00, 0x00, 0x69, 0x00, 0x00, 0x00, 0x00, 0x00, 0x00, 0x00, 0x01, 0x00,
  0x50, 0x69, 0x00, 0x00, 0x00, 0x00, 0x00, 0x00, 0x00, 0x6e, 0x00, 0x00,
  0x00, 0x00, 0x00, 0x00, 0x00, 0x01, 0x00, 0x53, 0x73, 0x00, 0x00, 0x00,
  0x00, 0x00, 0x00, 0x00, 0x80, 0x00, 0x00, 0x00, 0x00, 0x00, 0x00, 0x00,
  0x01, 0x00, 0x53, 0x82, 0x00, 0x00, 0x00, 0x00, 0x00, 0x00, 0x00, 0x8d,
  0x00, 0x00, 0x00, 0x00, 0x00, 0x00, 0x00, 0x01, 0x00, 0x53, 0x8d, 0x00,
  0x00, 0x00, 0x00, 0x00, 0x00, 0x00, 0x91, 0x00, 0x00, 0x00, 0x00, 0x00,
  0x00, 0x00, 0x01, 0x00, 0x55, 0x00, 0x00, 0x00, 0x00, 0x00, 0x00, 0x00,
  0x00, 0x00, 0x00, 0x00, 0x00, 0x00, 0x00, 0x00, 0x00, 0x01, 0x00, 0x00,
  0x00, 0x00, 0x00, 0x73, 0x00, 0x00, 0x00, 0x00, 0x00, 0x00, 0x00, 0x80,
  0x00, 0x00, 0x00, 0x00, 0x00, 0x00, 0x00, 0x01, 0x00, 0x53, 0x82, 0x00,
  0x00, 0x00, 0x00, 0x00, 0x00, 0x00, 0x8d, 0x00, 0x00, 0x00, 0x00, 0x00,
  0x00, 0x00, 0x01, 0x00, 0x53, 0x8d, 0x00, 0x00, 0x00, 0x00, 0x00, 0x00,
  0x00, 0x91, 0x00, 0x00, 0x00, 0x00, 0x00, 0x00, 0x00, 0x01, 0x00, 0x55,
  0x00, 0x00, 0x00, 0x00, 0x00, 0x00, 0x00, 0x00, 0x00, 0x00, 0x00, 0x00,
  0x00, 0x00, 0x00, 0x00, 0x00, 0x00, 0x00, 0x00, 0x00, 0x00, 0x00, 0x00,
  0x00, 0x00, 0x00, 0x00, 0x07, 0x00, 0x00, 0x00, 0x00, 0x00, 0x00, 0x00,
  0x01, 0x00, 0x55, 0x07, 0x00, 0x00, 0x00, 0x00, 0x00, 0x00, 0x00, 0x44,
  0x00, 0x00, 0x00, 0x00, 0x00, 0x00, 0x00, 0x04, 0x00, 0xf3, 0x01, 0x55,
  0x9f, 0x00, 0x00, 0x00, 0x00, 0x00, 0x00, 0x00, 0x00, 0x00, 0x00, 0x00,
  0x00, 0x00, 0x00, 0x00, 0x00, 0x00, 0x00, 0x00, 0x00, 0x00, 0x00, 0x00,
  0x00, 0x00, 0x00, 0x00, 0x00, 0x00, 0x00, 0x0e, 0x00, 0x00, 0x00, 0x00,
  0x00, 0x00, 0x00, 0x01, 0x00, 0x54, 0x0e, 0x00, 0x00, 0x00, 0x00, 0x00,
  0x00, 0x00, 0x19, 0x00, 0x00, 0x00, 0x00, 0x00, 0x00, 0x00, 0x01, 0x00,
  0x55, 0x19, 0x00, 0x00, 0x00, 0x00, 0x00, 0x00, 0x00, 0x44, 0x00, 0x00,
  0x00, 0x00, 0x00, 0x00, 0x00, 0x04, 0x00, 0xf3, 0x01, 0x54, 0x9f, 0x00,
  0x00, 0x00, 0x00, 0x00, 0x00, 0x00, 0x00, 0x00, 0x00, 0x00, 0x00, 0x00,
  0x00, 0x00, 0x00, 0x00, 0x00, 0x2f, 0x00, 0x00, 0x00, 0x00, 0x00, 0x00,
  0x00, 0x33, 0x00, 0x00, 0x00, 0x00, 0x00, 0x00, 0x00, 0x01, 0x00, 0x50,
  0x00, 0x00, 0x00, 0x00, 0x00, 0x00, 0x00, 0x00, 0x00, 0x00, 0x00, 0x00,
  0x00, 0x00, 0x00, 0x00, 0x8d, 0x00, 0x00, 0x00, 0x00, 0x00, 0x00, 0x00,
  0x91, 0x00, 0x00, 0x00, 0x00, 0x00, 0x00, 0x00, 0x98, 0x00, 0x00, 0x00,
  0x00, 0x00, 0x00, 0x00, 0x79, 0x01, 0x00, 0x00, 0x00, 0x00, 0x00, 0x00,
  0x00, 0x00, 0x00, 0x00, 0x00, 0x00, 0x00, 0x00, 0x00, 0x00, 0x00, 0x00,
  0x00, 0x00, 0x00, 0x00, 0xc0, 0x00, 0x00, 0x00, 0x00, 0x00, 0x00, 0x00,
  0xdc, 0x00, 0x00, 0x00, 0x00, 0x00, 0x00, 0x00, 0xe5, 0x00, 0x00, 0x00,
  0x00, 0x00, 0x00, 0x00, 0x07, 0x01, 0x00, 0x00, 0x00, 0x00, 0x00, 0x00,
  0x10, 0x01, 0x00, 0x00, 0x00, 0x00, 0x00, 0x00, 0x32, 0x01, 0x00, 0x00,
  0x00, 0x00, 0x00, 0x00, 0x3b, 0x01, 0x00, 0x00, 0x00, 0x00, 0x00, 0x00,
  0x5d, 0x01, 0x00, 0x00, 0x00, 0x00, 0x00, 0x00, 0x00, 0x00, 0x00, 0x00,
  0x00, 0x00, 0x00, 0x00, 0x00, 0x00, 0x00, 0x00, 0x00, 0x00, 0x00, 0x00,
  0xbd, 0x04, 0x00, 0x00, 0x00, 0x00, 0x00, 0x00, 0xcc, 0x04, 0x00, 0x00,
  0x00, 0x00, 0x00, 0x00, 0xcd, 0x04, 0x00, 0x00, 0x00, 0x00, 0x00, 0x00,
  0xdd, 0x04, 0x00, 0x00, 0x00, 0x00, 0x00, 0x00, 0x00, 0x00, 0x00, 0x00,
  0x00, 0x00, 0x00, 0x00, 0x00, 0x00, 0x00, 0x00, 0x00, 0x00, 0x00, 0x00,
  0xa9, 0x05, 0x00, 0x00, 0x00, 0x00, 0x00, 0x00, 0xb4, 0x05, 0x00, 0x00,
  0x00, 0x00, 0x00, 0x00, 0xd8, 0x05, 0x00, 0x00, 0x00, 0x00, 0x00, 0x00,
  0xd8, 0x05, 0x00, 0x00, 0x00, 0x00, 0x00, 0x00, 0x23, 0x06, 0x00, 0x00,
  0x00, 0x00, 0x00, 0x00, 0x30, 0x06, 0x00, 0x00, 0x00, 0x00, 0x00, 0x00,
  0x48, 0x06, 0x00, 0x00, 0x00, 0x00, 0x00, 0x00, 0x57, 0x06, 0x00, 0x00,
  0x00, 0x00, 0x00, 0x00, 0x60, 0x06, 0x00, 0x00, 0x00, 0x00, 0x00, 0x00,
  0x68, 0x06, 0x00, 0x00, 0x00, 0x00, 0x00, 0x00, 0x7d, 0x06, 0x00, 0x00,
  0x00, 0x00, 0x00, 0x00, 0x82, 0x06, 0x00, 0x00, 0x00, 0x00, 0x00, 0x00,
  0x00, 0x00, 0x00, 0x00, 0x00, 0x00, 0x00, 0x00, 0x00, 0x00, 0x00, 0x00,
  0x00, 0x00, 0x00, 0x00, 0xa9, 0x05, 0x00, 0x00, 0x00, 0x00, 0x00, 0x00,
  0xb4, 0x05, 0x00, 0x00, 0x00, 0x00, 0x00, 0x00, 0x48, 0x06, 0x00, 0x00,
  0x00, 0x00, 0x00, 0x00, 0x57, 0x06, 0x00, 0x00, 0x00, 0x00, 0x00, 0x00,
  0x60, 0x06, 0x00, 0x00, 0x00, 0x00, 0x00, 0x00, 0x68, 0x06, 0x00, 0x00,
  0x00, 0x00, 0x00, 0x00, 0x00, 0x00, 0x00, 0x00, 0x00, 0x00, 0x00, 0x00,
  0x00, 0x00, 0x00, 0x00, 0x00, 0x00, 0x00, 0x00, 0xb4, 0x05, 0x00, 0x00,
  0x00, 0x00, 0x00, 0x00, 0xbb, 0x05, 0x00, 0x00, 0x00, 0x00, 0x00, 0x00,
  0xd8, 0x05, 0x00, 0x00, 0x00, 0x00, 0x00, 0x00, 0xd8, 0x05, 0x00, 0x00,
  0x00, 0x00, 0x00, 0x00, 0x30, 0x06, 0x00, 0x00, 0x00, 0x00, 0x00, 0x00,
  0x40, 0x06, 0x00, 0x00, 0x00, 0x00, 0x00, 0x00, 0x57, 0x06, 0x00, 0x00,
  0x00, 0x00, 0x00, 0x00, 0x57, 0x06, 0x00, 0x00, 0x00, 0x00, 0x00, 0x00,
  0x68, 0x06, 0x00, 0x00, 0x00, 0x00, 0x00, 0x00, 0x70, 0x06, 0x00, 0x00,
  0x00, 0x00, 0x00, 0x00, 0x00, 0x00, 0x00, 0x00, 0x00, 0x00, 0x00, 0x00,
  0x00, 0x00, 0x00, 0x00, 0x00, 0x00, 0x00, 0x00, 0xb4, 0x05, 0x00, 0x00,
  0x00, 0x00, 0x00, 0x00, 0xbb, 0x05, 0x00, 0x00, 0x00, 0x00, 0x00, 0x00,
  0x30, 0x06, 0x00, 0x00, 0x00, 0x00, 0x00, 0x00, 0x40, 0x06, 0x00, 0x00,
  0x00, 0x00, 0x00, 0x00, 0x00, 0x00, 0x00, 0x00, 0x00, 0x00, 0x00, 0x00,
  0x00, 0x00, 0x00, 0x00, 0x00, 0x00, 0x00, 0x00, 0xbb, 0x05, 0x00, 0x00,
  0x00, 0x00, 0x00, 0x00, 0xd0, 0x05, 0x00, 0x00, 0x00, 0x00, 0x00, 0x00,
  0xd8, 0x05, 0x00, 0x00, 0x00, 0x00, 0x00, 0x00, 0xd8, 0x05, 0x00, 0x00,
  0x00, 0x00, 0x00, 0x00, 0x57, 0x06, 0x00, 0x00, 0x00, 0x00, 0x00, 0x00,
  0x60, 0x06, 0x00, 0x00, 0x00, 0x00, 0x00, 0x00, 0x00, 0x00, 0x00, 0x00,
  0x00, 0x00, 0x00, 0x00, 0x00, 0x00, 0x00, 0x00, 0x00, 0x00, 0x00, 0x00,
  0x78, 0x00, 0x00, 0x00, 0x00, 0x00, 0x00, 0x00, 0x7e, 0x00, 0x00, 0x00,
  0x00, 0x00, 0x00, 0x00, 0x88, 0x00, 0x00, 0x00, 0x00, 0x00, 0x00, 0x00,
  0x8b, 0x00, 0x00, 0x00, 0x00, 0x00, 0x00, 0x00, 0x8d, 0x00, 0x00, 0x00,
  0x00, 0x00, 0x00, 0x00, 0x94, 0x00, 0x00, 0x00, 0x00, 0x00, 0x00, 0x00,
  0x00, 0x00, 0x00, 0x00, 0x00, 0x00, 0x00, 0x00, 0x00, 0x00, 0x00, 0x00,
  0x00, 0x00, 0x00, 0x00, 0x00, 0x00, 0x00, 0x00, 0x00, 0x00, 0x00, 0x00,
  0x00, 0x00, 0x00, 0x00, 0x00, 0x00, 0x00, 0x00, 0x00, 0x00, 0x00, 0x00,
  0x00, 0x00, 0x00, 0x00, 0x01, 0x00, 0x00, 0x00, 0x04, 0x00, 0xf1, 0xff,
  0x00, 0x00, 0x00, 0x00, 0x00, 0x00, 0x00, 0x00, 0x00, 0x00, 0x00, 0x00,
  0x00, 0x00, 0x00, 0x00, 0x0c, 0x00, 0x00, 0x00, 0x02, 0x00, 0x0b, 0x00,
  0x80, 0x11, 0x00, 0x00, 0x00, 0x00, 0x00, 0x00, 0x00, 0x00, 0x00, 0x00,
  0x00, 0x00, 0x00, 0x00, 0x0e, 0x00, 0x00, 0x00, 0x02, 0x00, 0x0b, 0x00,
  0xb0, 0x11, 0x00, 0x00, 0x00, 0x00, 0x00, 0x00, 0x00, 0x00, 0x00, 0x00,
  0x00, 0x00, 0x00, 0x00, 0x21, 0x00, 0x00, 0x00, 0x02, 0x00, 0x0b, 0x00,
  0xf0, 0x11, 0x00, 0x00, 0x00, 0x00, 0x00, 0x00, 0x00, 0x00, 0x00, 0x00,
  0x00, 0x00, 0x00, 0x00, 0x37, 0x00, 0x00, 0x00, 0x01, 0x00, 0x17, 0x00,
  0x80, 0x41, 0x00, 0x00, 0x00, 0x00, 0x00, 0x00, 0x01, 0x00, 0x00, 0x00,
  0x00, 0x00, 0x00, 0x00, 0x43, 0x00, 0x00, 0x00, 0x01, 0x00, 0x11, 0x00,
  0xf0, 0x3d, 0x00, 0x00, 0x00, 0x00, 0x00, 0x00, 0x00, 0x00, 0x00, 0x00,
  0x00, 0x00, 0x00, 0x00, 0x6a, 0x00, 0x00, 0x00, 0x02, 0x00, 0x0b, 0x00,
  0x30, 0x12, 0x00, 0x00, 0x00, 0x00, 0x00, 0x00, 0x00, 0x00, 0x00, 0x00,
  0x00, 0x00, 0x00, 0x00, 0x76, 0x00, 0x00, 0x00, 0x01, 0x00, 0x10, 0x00,
  0xe8, 0x3d, 0x00, 0x00, 0x00, 0x00, 0x00, 0x00, 0x00, 0x00, 0x00, 0x00,
  0x00, 0x00, 0x00, 0x00, 0x95, 0x00, 0x00, 0x00, 0x04, 0x00, 0xf1, 0xff,
  0x00, 0x00, 0x00, 0x00, 0x00, 0x00, 0x00, 0x00, 0x00, 0x00, 0x00, 0x00,
  0x00, 0x00, 0x00, 0x00, 0xa1, 0x00, 0x00, 0x00, 0x02, 0x00, 0x0b, 0x00,
  0x40, 0x12, 0x00, 0x00, 0x00, 0x00, 0x00, 0x00, 0xc5, 0x01, 0x00, 0x00,
  0x00, 0x00, 0x00, 0x00, 0xb3, 0x00, 0x00, 0x00, 0x01, 0x00, 0x17, 0x00,
  0xa0, 0x41, 0x00, 0x00, 0x00, 0x00, 0x00, 0x00, 0x08, 0x00, 0x00, 0x00,
  0x00, 0x00, 0x00, 0x00, 0xc5, 0x00, 0x00, 0x00, 0x01, 0x00, 0x17, 0x00,
  0x98, 0x41, 0x00, 0x00, 0x00, 0x00, 0x00, 0x00, 0x08, 0x00, 0x00, 0x00,
  0x00, 0x00, 0x00, 0x00, 0xd3, 0x00, 0x00, 0x00, 0x01, 0x00, 0x17, 0x00,
  0x90, 0x41, 0x00, 0x00, 0x00, 0x00, 0x00, 0x00, 0x08, 0x00, 0x00, 0x00,
  0x00, 0x00, 0x00, 0x00, 0xe6, 0x00, 0x00, 0x00, 0x02, 0x00, 0x0b, 0x00,
  0x10, 0x14, 0x00, 0x00, 0x00, 0x00, 0x00, 0x00, 0xd9, 0x01, 0x00, 0x00,
  0x00, 0x00, 0x00, 0x00, 0xf8, 0x00, 0x00, 0x00, 0x01, 0x00, 0x17, 0x00,
  0x88, 0x41, 0x00, 0x00, 0x00, 0x00, 0x00, 0x00, 0x08, 0x00, 0x00, 0x00,
  0x00, 0x00, 0x00, 0x00, 0x0b, 0x01, 0x00, 0x00, 0x01, 0x00, 0x17, 0x00,
  0xa8, 0x41, 0x00, 0x00, 0x00, 0x00, 0x00, 0x00, 0x08, 0x00, 0x00, 0x00,
  0x00, 0x00, 0x00, 0x00, 0x1e, 0x01, 0x00, 0x00, 0x04, 0x00, 0xf1, 0xff,
  0x00, 0x00, 0x00, 0x00, 0x00, 0x00, 0x00, 0x00, 0x00, 0x00, 0x00, 0x00,
  0x00, 0x00, 0x00, 0x00, 0x2b, 0x01, 0x00, 0x00, 0x02, 0x00, 0x0b, 0x00,
  0xd0, 0x18, 0x00, 0x00, 0x00, 0x00, 0x00, 0x00, 0x44, 0x00, 0x00, 0x00,
  0x00, 0x00, 0x00, 0x00, 0x33, 0x01, 0x00, 0x00, 0x01, 0x00, 0x16, 0x00,
  0xc0, 0x40, 0x00, 0x00, 0x00, 0x00, 0x00, 0x00, 0x68, 0x00, 0x00, 0x00,
  0x00, 0x00, 0x00, 0x00, 0x40, 0x01, 0x00, 0x00, 0x01, 0x00, 0x16, 0x00,
  0x40, 0x41, 0x00, 0x00, 0x00, 0x00, 0x00, 0x00, 0x40, 0x00, 0x00, 0x00,
  0x00, 0x00, 0x00, 0x00, 0x01, 0x00, 0x00, 0x00, 0x04, 0x00, 0xf1, 0xff,
  0x00, 0x00, 0x00, 0x00, 0x00, 0x00, 0x00, 0x00, 0x00, 0x00, 0x00, 0x00,
  0x00, 0x00, 0x00, 0x00, 0x4a, 0x01, 0x00, 0x00, 0x01, 0x00, 0x0f, 0x00,
  0xac, 0x23, 0x00, 0x00, 0x00, 0x00, 0x00, 0x00, 0x00, 0x00, 0x00, 0x00,
  0x00, 0x00, 0x00, 0x00, 0x00, 0x00, 0x00, 0x00, 0x04, 0x00, 0xf1, 0xff,
  0x00, 0x00, 0x00, 0x00, 0x00, 0x00, 0x00, 0x00, 0x00, 0x00, 0x00, 0x00,
  0x00, 0x00, 0x00, 0x00, 0x58, 0x01, 0x00, 0x00, 0x02, 0x00, 0x0c, 0x00,
  0x64, 0x19, 0x00, 0x00, 0x00, 0x00, 0x00, 0x00, 0x00, 0x00, 0x00, 0x00,
  0x00, 0x00, 0x00, 0x00, 0x5e, 0x01, 0x00, 0x00, 0x01, 0x00, 0x12, 0x00,
  0xf8, 0x3d, 0x00, 0x00, 0x00, 0x00, 0x00, 0x00, 0x00, 0x00, 0x00, 0x00,
  0x00, 0x00, 0x00, 0x00, 0x6b, 0x01, 0x00, 0x00, 0x01, 0x00, 0x13, 0x00,
  0x00, 0x3e, 0x00, 0x00, 0x00, 0x00, 0x00, 0x00, 0x00, 0x00, 0x00, 0x00,
  0x00, 0x00, 0x00, 0x00, 0x74, 0x01, 0x00, 0x00, 0x00, 0x00, 0x0e, 0x00,
  0x84, 0x21, 0x00, 0x00, 0x00, 0x00, 0x00, 0x00, 0x00, 0x00, 0x00, 0x00,
  0x00, 0x00, 0x00, 0x00, 0x87, 0x01, 0x00, 0x00, 0x01, 0x00, 0x16, 0x00,
  0x80, 0x41, 0x00, 0x00, 0x00, 0x00, 0x00, 0x00, 0x00, 0x00, 0x00, 0x00,
  0x00, 0x00, 0x00, 0x00, 0x93, 0x01, 0x00, 0x00, 0x01, 0x00, 0x15, 0x00,
  0x00, 0x40, 0x00, 0x00, 0x00, 0x00, 0x00, 0x00, 0x00, 0x00, 0x00, 0x00,
  0x00, 0x00, 0x00, 0x00, 0xa9, 0x01, 0x00, 0x00, 0x02, 0x00, 0x09, 0x00,
  0x00, 0x10, 0x00, 0x00, 0x00, 0x00, 0x00, 0x00, 0x00, 0x00, 0x00, 0x00,
  0x00, 0x00, 0x00, 0x00, 0xaf, 0x01, 0x00, 0x00, 0x10, 0x00, 0x00, 0x00,
  0x00, 0x00, 0x00, 0x00, 0x00, 0x00, 0x00, 0x00, 0x00, 0x00, 0x00, 0x00,
  0x00, 0x00, 0x00, 0x00, 0xb6, 0x01, 0x00, 0x00, 0x20, 0x00, 0x00, 0x00,
  0x00, 0x00, 0x00, 0x00, 0x00, 0x00, 0x00, 0x00, 0x00, 0x00, 0x00, 0x00,
  0x00, 0x00, 0x00, 0x00, 0xd2, 0x01, 0x00, 0x00, 0x10, 0x00, 0x00, 0x00,
  0x00, 0x00, 0x00, 0x00, 0x00, 0x00, 0x00, 0x00, 0x00, 0x00, 0x00, 0x00,
  0x00, 0x00, 0x00, 0x00, 0xe9, 0x01, 0x00, 0x00, 0x10, 0x00, 0x00, 0x00,
  0x00, 0x00, 0x00, 0x00, 0x00, 0x00, 0x00, 0x00, 0x00, 0x00, 0x00, 0x00,
  0x00, 0x00, 0x00, 0x00, 0xf5, 0x01, 0x00, 0x00, 0x10, 0x00, 0x00, 0x00,
  0x00, 0x00, 0x00, 0x00, 0x00, 0x00, 0x00, 0x00, 0x00, 0x00, 0x00, 0x00,
  0x00, 0x00, 0x00, 0x00, 0x08, 0x02, 0x00, 0x00, 0x10, 0x00, 0x00, 0x00,
  0x00, 0x00, 0x00, 0x00, 0x00, 0x00, 0x00, 0x00, 0x00, 0x00, 0x00, 0x00,
  0x00, 0x00, 0x00, 0x00, 0x18, 0x02, 0x00, 0x00, 0x10, 0x00, 0x00, 0x00,
  0x00, 0x00, 0x00, 0x00, 0x00, 0x00, 0x00, 0x00, 0x00, 0x00, 0x00, 0x00,
  0x00, 0x00, 0x00, 0x00, 0x20, 0x02, 0x00, 0x00, 0x12, 0x00, 0x0b, 0x00,
  0x30, 0x17, 0x00, 0x00, 0x00, 0x00, 0x00, 0x00, 0x92, 0x01, 0x00, 0x00,
  0x00, 0x00, 0x00, 0x00, 0x33, 0x02, 0x00, 0x00, 0x12, 0x00, 0x0b, 0x00,
  0x30, 0x16, 0x00, 0x00, 0x00, 0x00, 0x00, 0x00, 0x51, 0x00, 0x00, 0x00,
  0x00, 0x00, 0x00, 0x00, 0x3a, 0x02, 0x00, 0x00, 0x10, 0x00, 0x00, 0x00,
  0x00, 0x00, 0x00, 0x00, 0x00, 0x00, 0x00, 0x00, 0x00, 0x00, 0x00, 0x00,
  0x00, 0x00, 0x00, 0x00, 0x4b, 0x02, 0x00, 0x00, 0x10, 0x00, 0x00, 0x00,
  0x00, 0x00, 0x00, 0x00, 0x00, 0x00, 0x00, 0x00, 0x00, 0x00, 0x00, 0x00,
  0x00, 0x00, 0x00, 0x00, 0x65, 0x02, 0x00, 0x00, 0x10, 0x00, 0x00, 0x00,
  0x00, 0x00, 0x00, 0x00, 0x00, 0x00, 0x00, 0x00, 0x00, 0x00, 0x00, 0x00,
  0x00, 0x00, 0x00, 0x00, 0x71, 0x02, 0x00, 0x00, 0x12, 0x00, 0x00, 0x00,
  0x00, 0x00, 0x00, 0x00, 0x00, 0x00, 0x00, 0x00, 0x00, 0x00, 0x00, 0x00,
  0x00, 0x00, 0x00, 0x00, 0x84, 0x02, 0x00, 0x00, 0x20, 0x00, 0x00, 0x00,
  0x00, 0x00, 0x00, 0x00, 0x00, 0x00, 0x00, 0x00, 0x00, 0x00, 0x00, 0x00,
  0x00, 0x00, 0x00, 0x00, 0x93, 0x02, 0x00, 0x00, 0x12, 0x00, 0x00, 0x00,
  0x00, 0x00, 0x00, 0x00, 0x00, 0x00, 0x00, 0x00, 0x00, 0x00, 0x00, 0x00,
  0x00, 0x00, 0x00, 0x00, 0xa6, 0x02, 0x00, 0x00, 0x10, 0x00, 0x00, 0x00,
  0x00, 0x00, 0x00, 0x00, 0x00, 0x00, 0x00, 0x00, 0x00, 0x00, 0x00, 0x00,
  0x00, 0x00, 0x00, 0x00, 0xb7, 0x02, 0x00, 0x00, 0x10, 0x00, 0x00, 0x00,
  0x00, 0x00, 0x00, 0x00, 0x00, 0x00, 0x00, 0x00, 0x00, 0x00, 0x00, 0x00,
  0x00, 0x00, 0x00, 0x00, 0xcd, 0x02, 0x00, 0x00, 0x10, 0x00, 0x00, 0x00,
  0x00, 0x00, 0x00, 0x00, 0x00, 0x00, 0x00, 0x00, 0x00, 0x00, 0x00, 0x00,
  0x00, 0x00, 0x00, 0x00, 0xdc, 0x02, 0x00, 0x00, 0x10, 0x00, 0x00, 0x00,
  0x00, 0x00, 0x00, 0x00, 0x00, 0x00, 0x00, 0x00, 0x00, 0x00, 0x00, 0x00,
  0x00, 0x00, 0x00, 0x00, 0xed, 0x02, 0x00, 0x00, 0x10, 0x00, 0x00, 0x00,
  0x00, 0x00, 0x00, 0x00, 0x00, 0x00, 0x00, 0x00, 0x00, 0x00, 0x00, 0x00,
  0x00, 0x00, 0x00, 0x00, 0xf5, 0x02, 0x00, 0x00, 0x10, 0x00, 0x00, 0x00,
  0x00, 0x00, 0x00, 0x00, 0x00, 0x00, 0x00, 0x00, 0x00, 0x00, 0x00, 0x00,
  0x00, 0x00, 0x00, 0x00, 0xfb, 0x02, 0x00, 0x00, 0x12, 0x00, 0x0b, 0x00,
  0xf0, 0x15, 0x00, 0x00, 0x00, 0x00, 0x00, 0x00, 0x3a, 0x00, 0x00, 0x00,
  0x00, 0x00, 0x00, 0x00, 0x0a, 0x03, 0x00, 0x00, 0x10, 0x00, 0x00, 0x00,
  0x00, 0x00, 0x00, 0x00, 0x00, 0x00, 0x00, 0x00, 0x00, 0x00, 0x00, 0x00,
  0x00, 0x00, 0x00, 0x00, 0x1b, 0x03, 0x00, 0x00, 0x12, 0x00, 0x0b, 0x00,
  0x90, 0x16, 0x00, 0x00, 0x00, 0x00, 0x00, 0x00, 0x97, 0x00, 0x00, 0x00,
  0x00, 0x00, 0x00, 0x00, 0x28, 0x03, 0x00, 0x00, 0x20, 0x00, 0x00, 0x00,
  0x00, 0x00, 0x00, 0x00, 0x00, 0x00, 0x00, 0x00, 0x00, 0x00, 0x00, 0x00,
  0x00, 0x00, 0x00, 0x00, 0x42, 0x03, 0x00, 0x00, 0x22, 0x00, 0x00, 0x00,
  0x00, 0x00, 0x00, 0x00, 0x00, 0x00, 0x00, 0x00, 0x00, 0x00, 0x00, 0x00,
  0x00, 0x00, 0x00, 0x00, 0x5d, 0x03, 0x00, 0x00, 0x12, 0x00, 0x0b, 0x00,
  0x20, 0x19, 0x00, 0x00, 0x00, 0x00, 0x00, 0x00, 0x44, 0x00, 0x00, 0x00,
  0x00, 0x00, 0x00, 0x00, 0x00, 0x63, 0x72, 0x74, 0x73, 0x74, 0x75, 0x66,
  0x66, 0x2e, 0x63, 0x00, 0x64, 0x65, 0x72, 0x65, 0x67, 0x69, 0x73, 0x74,
  0x65, 0x72, 0x5f, 0x74, 0x6d, 0x5f, 0x63, 0x6c, 0x6f, 0x6e, 0x65, 0x73,
  0x00, 0x5f, 0x5f, 0x64, 0x6f, 0x5f, 0x67, 0x6c, 0x6f, 0x62, 0x61, 0x6c,
  0x5f, 0x64, 0x74, 0x6f, 0x72, 0x73, 0x5f, 0x61, 0x75, 0x78, 0x00, 0x63,
  0x6f, 0x6d, 0x70, 0x6c, 0x65, 0x74, 0x65, 0x64, 0x2e, 0x30, 0x00, 0x5f,
  0x5f, 0x64, 0x6f, 0x5f, 0x67, 0x6c, 0x6f, 0x62, 0x61, 0x6c, 0x5f, 0x64,
  0x74, 0x6f, 0x72, 0x73, 0x5f, 0x61, 0x75, 0x78, 0x5f, 0x66, 0x69, 0x6e,
  0x69, 0x5f, 0x61, 0x72, 0x72, 0x61, 0x79, 0x5f, 0x65, 0x6e, 0x74, 0x72,
  0x79, 0x00, 0x66, 0x72, 0x61, 0x6d, 0x65, 0x5f, 0x64, 0x75, 0x6d, 0x6d,
  0x79, 0x00, 0x5f, 0x5f, 0x66, 0x72, 0x61, 0x6d, 0x65, 0x5f, 0x64, 0x75,
  0x6d, 0x6d, 0x79, 0x5f, 0x69, 0x6e, 0x69, 0x74, 0x5f, 0x61, 0x72, 0x72,
  0x61, 0x79, 0x5f, 0x65, 0x6e, 0x74, 0x72, 0x79, 0x00, 0x74, 0x6b, 0x49,
  0x6d, 0x61, 0x67, 0x69, 0x6e, 0x67, 0x2e, 0x63, 0x00, 0x50, 0x79, 0x49,
  0x6d, 0x61, 0x67, 0x69, 0x6e, 0x67, 0x50, 0x68, 0x6f, 0x74, 0x6f, 0x47,
  0x65, 0x74, 0x00, 0x54, 0x43, 0x4c, 0x5f, 0x41, 0x50, 0x50, 0x45, 0x4e,
  0x44, 0x5f, 0x52, 0x45, 0x53, 0x55, 0x4c, 0x54, 0x00, 0x54, 0x4b, 0x5f,
  0x46, 0x49, 0x4e, 0x44, 0x5f, 0x50, 0x48, 0x4f, 0x54, 0x4f, 0x00, 0x54,
  0x4b, 0x5f, 0x50, 0x48, 0x4f, 0x54, 0x4f, 0x5f, 0x47, 0x45, 0x54, 0x5f,
  0x49, 0x4d, 0x41, 0x47, 0x45, 0x00, 0x50, 0x79, 0x49, 0x6d, 0x61, 0x67,
  0x69, 0x6e, 0x67, 0x50, 0x68, 0x6f, 0x74, 0x6f, 0x50, 0x75, 0x74, 0x00,
  0x54, 0x4b, 0x5f, 0x50, 0x48, 0x4f, 0x54, 0x4f, 0x5f, 0x50, 0x55, 0x54,
  0x5f, 0x42, 0x4c, 0x4f, 0x43, 0x4b, 0x00, 0x54, 0x43, 0x4c, 0x5f, 0x43,
  0x52, 0x45, 0x41, 0x54, 0x45, 0x5f, 0x43, 0x4f, 0x4d, 0x4d, 0x41, 0x4e,
  0x44, 0x00, 0x5f, 0x69, 0x6d, 0x61, 0x67, 0x69, 0x6e, 0x67, 0x74, 0x6b,
  0x2e, 0x63, 0x00, 0x5f, 0x74, 0x6b, 0x69, 0x6e, 0x69, 0x74, 0x00, 0x6d,
  0x6f, 0x64, 0x75, 0x6c, 0x65, 0x5f, 0x64, 0x65, 0x66, 0x2e, 0x30, 0x00,
  0x66, 0x75, 0x6e, 0x63, 0x74, 0x69, 0x6f, 0x6e, 0x73, 0x00, 0x5f, 0x5f,
  0x46, 0x52, 0x41, 0x4d, 0x45, 0x5f, 0x45, 0x4e, 0x44, 0x5f, 0x5f, 0x00,
  0x5f, 0x66, 0x69, 0x6e, 0x69, 0x00, 0x5f, 0x5f, 0x64, 0x73, 0x6f, 0x5f,
  0x68, 0x61, 0x6e, 0x64, 0x6c, 0x65, 0x00, 0x5f, 0x44, 0x59, 0x4e, 0x41,
  0x4d, 0x49, 0x43, 0x00, 0x5f, 0x5f, 0x47, 0x4e, 0x55, 0x5f, 0x45, 0x48,
  0x5f, 0x46, 0x52, 0x41, 0x4d, 0x45, 0x5f, 0x48, 0x44, 0x52, 0x00, 0x5f,
  0x5f, 0x54, 0x4d, 0x43, 0x5f, 0x45, 0x4e, 0x44, 0x5f, 0x5f, 0x00, 0x5f,
  0x47, 0x4c, 0x4f, 0x42, 0x41, 0x4c, 0x5f, 0x4f, 0x46, 0x46, 0x53, 0x45,
  0x54, 0x5f, 0x54, 0x41, 0x42, 0x4c, 0x45, 0x5f, 0x00, 0x5f, 0x69, 0x6e,
  0x69, 0x74, 0x00, 0x64, 0x6c, 0x6f, 0x70, 0x65, 0x6e, 0x00, 0x5f, 0x49,
  0x54, 0x4d, 0x5f, 0x64, 0x65, 0x72, 0x65, 0x67, 0x69, 0x73, 0x74, 0x65,
  0x72, 0x54, 0x4d, 0x43, 0x6c, 0x6f, 0x6e, 0x65, 0x54, 0x61, 0x62, 0x6c,
  0x65, 0x00, 0x50, 0x79, 0x4f, 0x62, 0x6a, 0x65, 0x63, 0x74, 0x5f, 0x47,
  0x65, 0x74, 0x41, 0x74, 0x74, 0x72, 0x53, 0x74, 0x72, 0x69, 0x6e, 0x67,
  0x00, 0x5f, 0x50, 0x79, 0x5f, 0x44, 0x65, 0x61, 0x6c, 0x6c, 0x6f, 0x63,
  0x00, 0x50, 0x79, 0x45, 0x78, 0x63, 0x5f, 0x52, 0x75, 0x6e, 0x74, 0x69,
  0x6d, 0x65, 0x45, 0x72, 0x72, 0x6f, 0x72, 0x00, 0x50, 0x79, 0x45, 0x72,
  0x72, 0x5f, 0x53, 0x65, 0x74, 0x53, 0x74, 0x72, 0x69, 0x6e, 0x67, 0x00,
  0x64, 0x6c, 0x63, 0x6c, 0x6f, 0x73, 0x65, 0x00, 0x6c, 0x6f, 0x61, 0x64,
  0x5f, 0x74, 0x6b, 0x69, 0x6e, 0x74, 0x65, 0x72, 0x5f, 0x66, 0x75, 0x6e,
  0x63, 0x73, 0x00, 0x5f, 0x64, 0x66, 0x75, 0x6e, 0x63, 0x00, 0x50, 0x79,
  0x4c, 0x6f, 0x6e, 0x67, 0x5f, 0x41, 0x73, 0x56, 0x6f, 0x69, 0x64, 0x50,
  0x74, 0x72, 0x00, 0x50, 0x79, 0x55, 0x6e, 0x69, 0x63, 0x6f, 0x64, 0x65,
  0x5f, 0x45, 0x6e, 0x63, 0x6f, 0x64, 0x65, 0x46, 0x53, 0x44, 0x65, 0x66,
  0x61, 0x75, 0x6c, 0x74, 0x00, 0x50, 0x79, 0x45, 0x72, 0x72, 0x5f, 0x43,
  0x6c, 0x65, 0x61, 0x72, 0x00, 0x73, 0x74, 0x72, 0x63, 0x6d, 0x70, 0x40,
  0x47, 0x4c, 0x49, 0x42, 0x43, 0x5f, 0x32, 0x2e, 0x32, 0x2e, 0x35, 0x00,
  0x5f, 0x5f, 0x67, 0x6d, 0x6f, 0x6e, 0x5f, 0x73, 0x74, 0x61, 0x72, 0x74,
  0x5f, 0x5f, 0x00, 0x73, 0x74, 0x72, 0x74, 0x6f, 0x6c, 0x40, 0x47, 0x4c,
  0x49, 0x42, 0x43, 0x5f, 0x32, 0x2e, 0x32, 0x2e, 0x35, 0x00, 0x50, 0x79,
  0x4d, 0x6f, 0x64, 0x75, 0x6c, 0x65, 0x5f, 0x43, 0x72, 0x65, 0x61, 0x74,
  0x65, 0x32, 0x00, 0x50, 0x79, 0x49, 0x6d, 0x70, 0x6f, 0x72, 0x74, 0x5f,
  0x49, 0x6d, 0x70, 0x6f, 0x72, 0x74, 0x4d, 0x6f, 0x64, 0x75, 0x6c, 0x65,
  0x00, 0x5f, 0x50, 0x79, 0x5f, 0x4e, 0x6f, 0x6e, 0x65, 0x53, 0x74, 0x72,
  0x75, 0x63, 0x74, 0x00, 0x50, 0x79, 0x41, 0x72, 0x67, 0x5f, 0x50, 0x61,
  0x72, 0x73, 0x65, 0x54, 0x75, 0x70, 0x6c, 0x65, 0x00, 0x64, 0x6c, 0x65,
  0x72, 0x72, 0x6f, 0x72, 0x00, 0x64, 0x6c, 0x73, 0x79, 0x6d, 0x00, 0x54,
  0x6b, 0x49, 0x6d, 0x61, 0x67, 0x69, 0x6e, 0x67, 0x5f, 0x49, 0x6e, 0x69,
  0x74, 0x00, 0x50, 0x79, 0x42, 0x79, 0x74, 0x65, 0x73, 0x5f, 0x41, 0x73,
  0x53, 0x74, 0x72, 0x69, 0x6e, 0x67, 0x00, 0x5f, 0x66, 0x75, 0x6e, 0x63,
  0x5f, 0x6c, 0x6f, 0x61, 0x64, 0x65, 0x72, 0x00, 0x5f, 0x49, 0x54, 0x4d,
  0x5f, 0x72, 0x65, 0x67, 0x69, 0x73, 0x74, 0x65, 0x72, 0x54, 0x4d, 0x43,
  0x6c, 0x6f, 0x6e, 0x65, 0x54, 0x61, 0x62, 0x6c, 0x65, 0x00, 0x5f, 0x5f,
  0x63, 0x78, 0x61, 0x5f, 0x66, 0x69, 0x6e, 0x61, 0x6c, 0x69, 0x7a, 0x65,
  0x40, 0x47, 0x4c, 0x49, 0x42, 0x43, 0x5f, 0x32, 0x2e, 0x32, 0x2e, 0x35,
  0x00, 0x50, 0x79, 0x49, 0x6e, 0x69, 0x74, 0x5f, 0x5f, 0x69, 0x6d, 0x61,
  0x67, 0x69, 0x6e, 0x67, 0x74, 0x6b, 0x00, 0x00, 0x2e, 0x73, 0x79, 0x6d,
  0x74, 0x61, 0x62, 0x00, 0x2e, 0x73, 0x74, 0x72, 0x74, 0x61, 0x62, 0x00,
  0x2e, 0x73, 0x68, 0x73, 0x74, 0x72, 0x74, 0x61, 0x62, 0x00, 0x2e, 0x6e,
  0x6f, 0x74, 0x65, 0x2e, 0x67, 0x6e, 0x75, 0x2e, 0x62, 0x75, 0x69, 0x6c,
  0x64, 0x2d, 0x69, 0x64, 0x00, 0x2e, 0x67, 0x6e, 0x75, 0x2e, 0x68, 0x61,
  0x73, 0x68, 0x00, 0x2e, 0x64, 0x79, 0x6e, 0x73, 0x79, 0x6d, 0x00, 0x2e,
  0x64, 0x79, 0x6e, 0x73, 0x74, 0x72, 0x00, 0x2e, 0x67, 0x6e, 0x75, 0x2e,
  0x76, 0x65, 0x72, 0x73, 0x69, 0x6f, 0x6e, 0x00, 0x2e, 0x67, 0x6e, 0x75,
  0x2e, 0x76, 0x65, 0x72, 0x73, 0x69, 0x6f, 0x6e, 0x5f, 0x72, 0x00, 0x2e,
  0x72, 0x65, 0x6c, 0x61, 0x2e, 0x64, 0x79, 0x6e, 0x00, 0x2e, 0x72, 0x65,
  0x6c, 0x61, 0x2e, 0x70, 0x6c, 0x74, 0x00, 0x2e, 0x69, 0x6e, 0x69, 0x74,
  0x00, 0x2e, 0x74, 0x65, 0x78, 0x74, 0x00, 0x2e, 0x66, 0x69, 0x6e, 0x69,
  0x00, 0x2e, 0x72, 0x6f, 0x64, 0x61, 0x74, 0x61, 0x00, 0x2e, 0x65, 0x68,
  0x5f, 0x66, 0x72, 0x61, 0x6d, 0x65, 0x5f, 0x68, 0x64, 0x72, 0x00, 0x2e,
  0x65, 0x68, 0x5f, 0x66, 0x72, 0x61, 0x6d, 0x65, 0x00, 0x2e, 0x69, 0x6e,
  0x69, 0x74, 0x5f, 0x61, 0x72, 0x72, 0x61, 0x79, 0x00, 0x2e, 0x66, 0x69,
  0x6e, 0x69, 0x5f, 0x61, 0x72, 0x72, 0x61, 0x79, 0x00, 0x2e, 0x64, 0x61,
  0x74, 0x61, 0x2e, 0x72, 0x65, 0x6c, 0x2e, 0x72, 0x6f, 0x00, 0x2e, 0x64,
  0x79, 0x6e, 0x61, 0x6d, 0x69, 0x63, 0x00, 0x2e, 0x67, 0x6f, 0x74, 0x00,
  0x2e, 0x67, 0x6f, 0x74, 0x2e, 0x70, 0x6c, 0x74, 0x00, 0x2e, 0x64, 0x61,
  0x74, 0x61, 0x00, 0x2e, 0x62, 0x73, 0x73, 0x00, 0x2e, 0x63, 0x6f, 0x6d,
  0x6d, 0x65, 0x6e, 0x74, 0x00, 0x2e, 0x67, 0x6e, 0x75, 0x2e, 0x62, 0x75,
  0x69, 0x6c, 0x64, 0x2e, 0x61, 0x74, 0x74, 0x72, 0x69, 0x62, 0x75, 0x74,
  0x65, 0x73, 0x00, 0x2e, 0x64, 0x65, 0x62, 0x75, 0x67, 0x5f, 0x61, 0x72,
  0x61, 0x6e, 0x67, 0x65, 0x73, 0x00, 0x2e, 0x64, 0x65, 0x62, 0x75, 0x67,
  0x5f, 0x69, 0x6e, 0x66, 0x6f, 0x00, 0x2e, 0x64, 0x65, 0x62, 0x75, 0x67,
  0x5f, 0x61, 0x62, 0x62, 0x72, 0x65, 0x76, 0x00, 0x2e, 0x64, 0x65, 0x62,
  0x75, 0x67, 0x5f, 0x6c, 0x69, 0x6e, 0x65, 0x00, 0x2e, 0x64, 0x65, 0x62,
  0x75, 0x67, 0x5f, 0x73, 0x74, 0x72, 0x00, 0x2e, 0x64, 0x65, 0x62, 0x75,
  0x67, 0x5f, 0x6c, 0x6f, 0x63, 0x00, 0x2e, 0x64, 0x65, 0x62, 0x75, 0x67,
  0x5f, 0x72, 0x61, 0x6e, 0x67, 0x65, 0x73, 0x00, 0x00, 0x00, 0x00, 0x00,
  0x00, 0x00, 0x00, 0x00, 0x00, 0x00, 0x00, 0x00, 0x00, 0x00, 0x00, 0x00,
  0x00, 0x00, 0x00, 0x00, 0x00, 0x00, 0x00, 0x00, 0x00, 0x00, 0x00, 0x00,
  0x00, 0x00, 0x00, 0x00, 0x00, 0x00, 0x00, 0x00, 0x00, 0x00, 0x00, 0x00,
  0x00, 0x00, 0x00, 0x00, 0x00, 0x00, 0x00, 0x00, 0x00, 0x00, 0x00, 0x00,
  0x00, 0x00, 0x00, 0x00, 0x00, 0x00, 0x00, 0x00, 0x00, 0x00, 0x00, 0x00,
  0x1b, 0x00, 0x00, 0x00, 0x07, 0x00, 0x00, 0x00, 0x02, 0x00, 0x00, 0x00,
  0x00, 0x00, 0x00, 0x00, 0x38, 0x02, 0x00, 0x00, 0x00, 0x00, 0x00, 0x00,
  0x38, 0x02, 0x00, 0x00, 0x00, 0x00, 0x00, 0x00, 0x24, 0x00, 0x00, 0x00,
  0x00, 0x00, 0x00, 0x00, 0x00, 0x00, 0x00, 0x00, 0x00, 0x00, 0x00, 0x00,
  0x04, 0x00, 0x00, 0x00, 0x00, 0x00, 0x00, 0x00, 0x00, 0x00, 0x00, 0x00,
  0x00, 0x00, 0x00, 0x00, 0x2e, 0x00, 0x00, 0x00, 0xf6, 0xff, 0xff, 0x6f,
  0x02, 0x00, 0x00, 0x00, 0x00, 0x00, 0x00, 0x00, 0x60, 0x02, 0x00, 0x00,
  0x00, 0x00, 0x00, 0x00, 0x60, 0x02, 0x00, 0x00, 0x00, 0x00, 0x00, 0x00,
  0x38, 0x00, 0x00, 0x00, 0x00, 0x00, 0x00, 0x00, 0x03, 0x00, 0x00, 0x00,
  0x00, 0x00, 0x00, 0x00, 0x08, 0x00, 0x00, 0x00, 0x00, 0x00, 0x00, 0x00,
  0x00, 0x00, 0x00, 0x00, 0x00, 0x00, 0x00, 0x00, 0x38, 0x00, 0x00, 0x00,
  0x0b, 0x00, 0x00, 0x00, 0x02, 0x00, 0x00, 0x00, 0x00, 0x00, 0x00, 0x00,
  0x98, 0x02, 0x00, 0x00, 0x00, 0x00, 0x00, 0x00, 0x98, 0x02, 0x00, 0x00,
  0x00, 0x00, 0x00, 0x00, 0xa0, 0x02, 0x00, 0x00, 0x00, 0x00, 0x00, 0x00,
  0x04, 0x00, 0x00, 0x00, 0x01, 0x00, 0x00, 0x00, 0x08, 0x00, 0x00, 0x00,
  0x00, 0x00, 0x00, 0x00, 0x18, 0x00, 0x00, 0x00, 0x00, 0x00, 0x00, 0x00,
  0x40, 0x00, 0x00, 0x00, 0x03, 0x00, 0x00, 0x00, 0x02, 0x00, 0x00, 0x00,
  0x00, 0x00, 0x00, 0x00, 0x38, 0x05, 0x00, 0x00, 0x00, 0x00, 0x00, 0x00,
  0x38, 0x05, 0x00, 0x00, 0x00, 0x00, 0x00, 0x00, 0xc3, 0x01, 0x00, 0x00,
  0x00, 0x00, 0x00, 0x00, 0x00, 0x00, 0x00, 0x00, 0x00, 0x00, 0x00, 0x00,
  0x01, 0x00, 0x00, 0x00, 0x00, 0x00, 0x00, 0x00, 0x00, 0x00, 0x00, 0x00,
  0x00, 0x00, 0x00, 0x00, 0x48, 0x00, 0x00, 0x00, 0xff, 0xff, 0xff, 0x6f,
  0x02, 0x00, 0x00, 0x00, 0x00, 0x00, 0x00, 0x00, 0xfc, 0x06, 0x00, 0x00,
  0x00, 0x00, 0x00, 0x00, 0xfc, 0x06, 0x00, 0x00, 0x00, 0x00, 0x00, 0x00,
  0x38, 0x00, 0x00, 0x00, 0x00, 0x00, 0x00, 0x00, 0x03, 0x00, 0x00, 0x00,
  0x00, 0x00, 0x00, 0x00, 0x02, 0x00, 0x00, 0x00, 0x00, 0x00, 0x00, 0x00,
  0x02, 0x00, 0x00, 0x00, 0x00, 0x00, 0x00, 0x00, 0x55, 0x00, 0x00, 0x00,
  0xfe, 0xff, 0xff, 0x6f, 0x02, 0x00, 0x00, 0x00, 0x00, 0x00, 0x00, 0x00,
  0x38, 0x07, 0x00, 0x00, 0x00, 0x00, 0x00, 0x00, 0x38, 0x07, 0x00, 0x00,
  0x00, 0x00, 0x00, 0x00, 0x20, 0x00, 0x00, 0x00, 0x00, 0x00, 0x00, 0x00,
  0x04, 0x00, 0x00, 0x00, 0x01, 0x00, 0x00, 0x00, 0x08, 0x00, 0x00, 0x00,
  0x00, 0x00, 0x00, 0x00, 0x00, 0x00, 0x00, 0x00, 0x00, 0x00, 0x00, 0x00,
  0x64, 0x00, 0x00, 0x00, 0x04, 0x00, 0x00, 0x00, 0x02, 0x00, 0x00, 0x00,
  0x00, 0x00, 0x00, 0x00, 0x58, 0x07, 0x00, 0x00, 0x00, 0x00, 0x00, 0x00,
  0x58, 0x07, 0x00, 0x00, 0x00, 0x00, 0x00, 0x00, 0x38, 0x01, 0x00, 0x00,
  0x00, 0x00, 0x00, 0x00, 0x03, 0x00, 0x00, 0x00, 0x00, 0x00, 0x00, 0x00,
  0x08, 0x00, 0x00, 0x00, 0x00, 0x00, 0x00, 0x00, 0x18, 0x00, 0x00, 0x00,
  0x00, 0x00, 0x00, 0x00, 0x6e, 0x00, 0x00, 0x00, 0x04, 0x00, 0x00, 0x00,
  0x42, 0x00, 0x00, 0x00, 0x00, 0x00, 0x00, 0x00, 0x90, 0x08, 0x00, 0x00,
  0x00, 0x00, 0x00, 0x00, 0x90, 0x08, 0x00, 0x00, 0x00, 0x00, 0x00, 0x00,
  0xf8, 0x01, 0x00, 0x00, 0x00, 0x00, 0x00, 0x00, 0x03, 0x00, 0x00, 0x00,
  0x15, 0x00, 0x00, 0x00, 0x08, 0x00, 0x00, 0x00, 0x00, 0x00, 0x00, 0x00,
  0x18, 0x00, 0x00, 0x00, 0x00, 0x00, 0x00, 0x00, 0x78, 0x00, 0x00, 0x00,
  0x01, 0x00, 0x00, 0x00, 0x06, 0x00, 0x00, 0x00, 0x00, 0x00, 0x00, 0x00,
  0x00, 0x10, 0x00, 0x00, 0x00, 0x00, 0x00, 0x00, 0x00, 0x10, 0x00, 0x00,
  0x00, 0x00, 0x00, 0x00, 0x1b, 0x00, 0x00, 0x00, 0x00, 0x00, 0x00, 0x00,
  0x00, 0x00, 0x00, 0x00, 0x00, 0x00, 0x00, 0x00, 0x04, 0x00, 0x00, 0x00,
  0x00, 0x00, 0x00, 0x00, 0x00, 0x00, 0x00, 0x00, 0x00, 0x00, 0x00, 0x00,
  0x73, 0x00, 0x00, 0x00, 0x01, 0x00, 0x00, 0x00, 0x06, 0x00, 0x00, 0x00,
  0x00, 0x00, 0x00, 0x00, 0x20, 0x10, 0x00, 0x00, 0x00, 0x00, 0x00, 0x00,
  0x20, 0x10, 0x00, 0x00, 0x00, 0x00, 0x00, 0x00, 0x60, 0x01, 0x00, 0x00,
  0x00, 0x00, 0x00, 0x00, 0x00, 0x00, 0x00, 0x00, 0x00, 0x00, 0x00, 0x00,
  0x10, 0x00, 0x00, 0x00, 0x00, 0x00, 0x00, 0x00, 0x10, 0x00, 0x00, 0x00,
  0x00, 0x00, 0x00, 0x00, 0x7e, 0x00, 0x00, 0x00, 0x01, 0x00, 0x00, 0x00,
  0x06, 0x00, 0x00, 0x00, 0x00, 0x00, 0x00, 0x00, 0x80, 0x11, 0x00, 0x00,
  0x00, 0x00, 0x00, 0x00, 0x80, 0x11, 0x00, 0x00, 0x00, 0x00, 0x00, 0x00,
  0xe4, 0x07, 0x00, 0x00, 0x00, 0x00, 0x00, 0x00, 0x00, 0x00, 0x00, 0x00,
  0x00, 0x00, 0x00, 0x00, 0x10, 0x00, 0x00, 0x00, 0x00, 0x00, 0x00, 0x00,
  0x00, 0x00, 0x00, 0x00, 0x00, 0x00, 0x00, 0x00, 0x84, 0x00, 0x00, 0x00,
  0x01, 0x00, 0x00, 0x00, 0x06, 0x00, 0x00, 0x00, 0x00, 0x00, 0x00, 0x00,
  0x64, 0x19, 0x00, 0x00, 0x00, 0x00, 0x00, 0x00, 0x64, 0x19, 0x00, 0x00,
  0x00, 0x00, 0x00, 0x00, 0x0d, 0x00, 0x00, 0x00, 0x00, 0x00, 0x00, 0x00,
  0x00, 0x00, 0x00, 0x00, 0x00, 0x00, 0x00, 0x00, 0x04, 0x00, 0x00, 0x00,
  0x00, 0x00, 0x00, 0x00, 0x00, 0x00, 0x00, 0x00, 0x00, 0x00, 0x00, 0x00,
  0x8a, 0x00, 0x00, 0x00, 0x01, 0x00, 0x00, 0x00, 0x02, 0x00, 0x00, 0x00,
  0x00, 0x00, 0x00, 0x00, 0x00, 0x20, 0x00, 0x00, 0x00, 0x00, 0x00, 0x00,
  0x00, 0x20, 0x00, 0x00, 0x00, 0x00, 0x00, 0x00, 0x84, 0x01, 0x00, 0x00,
  0x00, 0x00, 0x00, 0x00, 0x00, 0x00, 0x00, 0x00, 0x00, 0x00, 0x00, 0x00,
  0x10, 0x00, 0x00, 0x00, 0x00, 0x00, 0x00, 0x00, 0x00, 0x00, 0x00, 0x00,
  0x00, 0x00, 0x00, 0x00, 0x92, 0x00, 0x00, 0x00, 0x01, 0x00, 0x00, 0x00,
  0x02, 0x00, 0x00, 0x00, 0x00, 0x00, 0x00, 0x00, 0x84, 0x21, 0x00, 0x00,
  0x00, 0x00, 0x00, 0x00, 0x84, 0x21, 0x00, 0x00, 0x00, 0x00, 0x00, 0x00,
  0x54, 0x00, 0x00, 0x00, 0x00, 0x00, 0x00, 0x00, 0x00, 0x00, 0x00, 0x00,
  0x00, 0x00, 0x00, 0x00, 0x04, 0x00, 0x00, 0x00, 0x00, 0x00, 0x00, 0x00,
  0x00, 0x00, 0x00, 0x00, 0x00, 0x00, 0x00, 0x00, 0xa0, 0x00, 0x00, 0x00,
  0x01, 0x00, 0x00, 0x00, 0x02, 0x00, 0x00, 0x00, 0x00, 0x00, 0x00, 0x00,
  0xd8, 0x21, 0x00, 0x00, 0x00, 0x00, 0x00, 0x00, 0xd8, 0x21, 0x00, 0x00,
  0x00, 0x00, 0x00, 0x00, 0xd8, 0x01, 0x00, 0x00, 0x00, 0x00, 0x00, 0x00,
  0x00, 0x00, 0x00, 0x00, 0x00, 0x00, 0x00, 0x00, 0x08, 0x00, 0x00, 0x00,
  0x00, 0x00, 0x00, 0x00, 0x00, 0x00, 0x00, 0x00, 0x00, 0x00, 0x00, 0x00,
  0xaa, 0x00, 0x00, 0x00, 0x0e, 0x00, 0x00, 0x00, 0x03, 0x00, 0x00, 0x00,
  0x00, 0x00, 0x00, 0x00, 0xe8, 0x3d, 0x00, 0x00, 0x00, 0x00, 0x00, 0x00,
  0xe8, 0x2d, 0x00, 0x00, 0x00, 0x00, 0x00, 0x00, 0x08, 0x00, 0x00, 0x00,
  0x00, 0x00, 0x00, 0x00, 0x00, 0x00, 0x00, 0x00, 0x00, 0x00, 0x00, 0x00,
  0x08, 0x00, 0x00, 0x00, 0x00, 0x00, 0x00, 0x00, 0x08, 0x00, 0x00, 0x00,
  0x00, 0x00, 0x00, 0x00, 0xb6, 0x00, 0x00, 0x00, 0x0f, 0x00, 0x00, 0x00,
  0x03, 0x00, 0x00, 0x00, 0x00, 0x00, 0x00, 0x00, 0xf0, 0x3d, 0x00, 0x00,
  0x00, 0x00, 0x00, 0x00, 0xf0, 0x2d, 0x00, 0x00, 0x00, 0x00, 0x00, 0x00,
  0x08, 0x00, 0x00, 0x00, 0x00, 0x00, 0x00, 0x00, 0x00, 0x00, 0x00, 0x00,
  0x00, 0x00, 0x00, 0x00, 0x08, 0x00, 0x00, 0x00, 0x00, 0x00, 0x00, 0x00,
  0x08, 0x00, 0x00, 0x00, 0x00, 0x00, 0x00, 0x00, 0xc2, 0x00, 0x00, 0x00,
  0x01, 0x00, 0x00, 0x00, 0x03, 0x00, 0x00, 0x00, 0x00, 0x00, 0x00, 0x00,
  0xf8, 0x3d, 0x00, 0x00, 0x00, 0x00, 0x00, 0x00, 0xf8, 0x2d, 0x00, 0x00,
  0x00, 0x00, 0x00, 0x00, 0x08, 0x00, 0x00, 0x00, 0x00, 0x00, 0x00, 0x00,
  0x00, 0x00, 0x00, 0x00, 0x00, 0x00, 0x00, 0x00, 0x08, 0x00, 0x00, 0x00,
  0x00, 0x00, 0x00, 0x00, 0x00, 0x00, 0x00, 0x00, 0x00, 0x00, 0x00, 0x00,
  0xcf, 0x00, 0x00, 0x00, 0x06, 0x00, 0x00, 0x00, 0x03, 0x00, 0x00, 0x00,
  0x00, 0x00, 0x00, 0x00, 0x00, 0x3e, 0x00, 0x00, 0x00, 0x00, 0x00, 0x00,
  0x00, 0x2e, 0x00, 0x00, 0x00, 0x00, 0x00, 0x00, 0xd0, 0x01, 0x00, 0x00,
  0x00, 0x00, 0x00, 0x00, 0x04, 0x00, 0x00, 0x00, 0x00, 0x00, 0x00, 0x00,
  0x08, 0x00, 0x00, 0x00, 0x00, 0x00, 0x00, 0x00, 0x10, 0x00, 0x00, 0x00,
  0x00, 0x00, 0x00, 0x00, 0xd8, 0x00, 0x00, 0x00, 0x01, 0x00, 0x00, 0x00,
  0x03, 0x00, 0x00, 0x00, 0x00, 0x00, 0x00, 0x00, 0xd0, 0x3f, 0x00, 0x00,
  0x00, 0x00, 0x00, 0x00, 0xd0, 0x2f, 0x00, 0x00, 0x00, 0x00, 0x00, 0x00,
  0x30, 0x00, 0x00, 0x00, 0x00, 0x00, 0x00, 0x00, 0x00, 0x00, 0x00, 0x00,
  0x00, 0x00, 0x00, 0x00, 0x08, 0x00, 0x00, 0x00, 0x00, 0x00, 0x00, 0x00,
  0x08, 0x00, 0x00, 0x00, 0x00, 0x00, 0x00, 0x00, 0xdd, 0x00, 0x00, 0x00,
  0x01, 0x00, 0x00, 0x00, 0x03, 0x00, 0x00, 0x00, 0x00, 0x00, 0x00, 0x00,
  0x00, 0x40, 0x00, 0x00, 0x00, 0x00, 0x00, 0x00, 0x00, 0x30, 0x00, 0x00,
  0x00, 0x00, 0x00, 0x00, 0xc0, 0x00, 0x00, 0x00, 0x00, 0x00, 0x00, 0x00,
  0x00, 0x00, 0x00, 0x00, 0x00, 0x00, 0x00, 0x00, 0x08, 0x00, 0x00, 0x00,
  0x00, 0x00, 0x00, 0x00, 0x08, 0x00, 0x00, 0x00, 0x00, 0x00, 0x00, 0x00,
  0xe6, 0x00, 0x00, 0x00, 0x01, 0x00, 0x00, 0x00, 0x03, 0x00, 0x00, 0x00,
  0x00, 0x00, 0x00, 0x00, 0xc0, 0x40, 0x00, 0x00, 0x00, 0x00, 0x00, 0x00,
  0xc0, 0x30, 0x00, 0x00, 0x00, 0x00, 0x00, 0x00, 0xc0, 0x00, 0x00, 0x00,
  0x00, 0x00, 0x00, 0x00, 0x00, 0x00, 0x00, 0x00, 0x00, 0x00, 0x00, 0x00,
  0x20, 0x00, 0x00, 0x00, 0x00, 0x00, 0x00, 0x00, 0x00, 0x00, 0x00, 0x00,
  0x00, 0x00, 0x00, 0x00, 0xec, 0x00, 0x00, 0x00, 0x08, 0x00, 0x00, 0x00,
  0x03, 0x00, 0x00, 0x00, 0x00, 0x00, 0x00, 0x00, 0x80, 0x41, 0x00, 0x00,
  0x00, 0x00, 0x00, 0x00, 0x80, 0x31, 0x00, 0x00, 0x00, 0x00, 0x00, 0x00,
  0x30, 0x00, 0x00, 0x00, 0x00, 0x00, 0x00, 0x00, 0x00, 0x00, 0x00, 0x00,
  0x00, 0x00, 0x00, 0x00, 0x08, 0x00, 0x00, 0x00, 0x00, 0x00, 0x00, 0x00,
  0x00, 0x00, 0x00, 0x00, 0x00, 0x00, 0x00, 0x00, 0xf1, 0x00, 0x00, 0x00,
  0x01, 0x00, 0x00, 0x00, 0x30, 0x00, 0x00, 0x00, 0x00, 0x00, 0x00, 0x00,
  0x00, 0x00, 0x00, 0x00, 0x00, 0x00, 0x00, 0x00, 0x80, 0x31, 0x00, 0x00,
  0x00, 0x00, 0x00, 0x00, 0x2e, 0x00, 0x00, 0x00, 0x00, 0x00, 0x00, 0x00,
  0x00, 0x00, 0x00, 0x00, 0x00, 0x00, 0x00, 0x00, 0x01, 0x00, 0x00, 0x00,
  0x00, 0x00, 0x00, 0x00, 0x01, 0x00, 0x00, 0x00, 0x00, 0x00, 0x00, 0x00,
  0xfa, 0x00, 0x00, 0x00, 0x07, 0x00, 0x00, 0x00, 0x00, 0x00, 0x00, 0x00,
  0x00, 0x00, 0x00, 0x00, 0xb0, 0x61, 0x00, 0x00, 0x00, 0x00, 0x00, 0x00,
  0xb0, 0x31, 0x00, 0x00, 0x00, 0x00, 0x00, 0x00, 0x20, 0x01, 0x00, 0x00,
  0x00, 0x00, 0x00, 0x00, 0x00, 0x00, 0x00, 0x00, 0x00, 0x00, 0x00, 0x00,
  0x04, 0x00, 0x00, 0x00, 0x00, 0x00, 0x00, 0x00, 0x00, 0x00, 0x00, 0x00,
  0x00, 0x00, 0x00, 0x00, 0x10, 0x01, 0x00, 0x00, 0x01, 0x00, 0x00, 0x00,
  0x00, 0x00, 0x00, 0x00, 0x00, 0x00, 0x00, 0x00, 0x00, 0x00, 0x00, 0x00,
  0x00, 0x00, 0x00, 0x00, 0xd0, 0x32, 0x00, 0x00, 0x00, 0x00, 0x00, 0x00,
  0x60, 0x00, 0x00, 0x00, 0x00, 0x00, 0x00, 0x00, 0x00, 0x00, 0x00, 0x00,
  0x00, 0x00, 0x00, 0x00, 0x01, 0x00, 0x00, 0x00, 0x00, 0x00, 0x00, 0x00,
  0x00, 0x00, 0x00, 0x00, 0x00, 0x00, 0x00, 0x00, 0x1f, 0x01, 0x00, 0x00,
  0x01, 0x00, 0x00, 0x00, 0x00, 0x00, 0x00, 0x00, 0x00, 0x00, 0x00, 0x00,
  0x00, 0x00, 0x00, 0x00, 0x00, 0x00, 0x00, 0x00, 0x30, 0x33, 0x00, 0x00,
  0x00, 0x00, 0x00, 0x00, 0x44, 0x30, 0x00, 0x00, 0x00, 0x00, 0x00, 0x00,
  0x00, 0x00, 0x00, 0x00, 0x00, 0x00, 0x00, 0x00, 0x01, 0x00, 0x00, 0x00,
  0x00, 0x00, 0x00, 0x00, 0x00, 0x00, 0x00, 0x00, 0x00, 0x00, 0x00, 0x00,
  0x2b, 0x01, 0x00, 0x00, 0x01, 0x00, 0x00, 0x00, 0x00, 0x00, 0x00, 0x00,
  0x00, 0x00, 0x00, 0x00, 0x00, 0x00, 0x00, 0x00, 0x00, 0x00, 0x00, 0x00,
  0x74, 0x63, 0x00, 0x00, 0x00, 0x00, 0x00, 0x00, 0x48, 0x07, 0x00, 0x00,
  0x00, 0x00, 0x00, 0x00, 0x00, 0x00, 0x00, 0x00, 0x00, 0x00, 0x00, 0x00,
  0x01, 0x00, 0x00, 0x00, 0x00, 0x00, 0x00, 0x00, 0x00, 0x00, 0x00, 0x00,
  0x00, 0x00, 0x00, 0x00, 0x39, 0x01, 0x00, 0x00, 0x01, 0x00, 0x00, 0x00,
  0x00, 0x00, 0x00, 0x00, 0x00, 0x00, 0x00, 0x00, 0x00, 0x00, 0x00, 0x00,
  0x00, 0x00, 0x00, 0x00, 0xbc, 0x6a, 0x00, 0x00, 0x00, 0x00, 0x00, 0x00,
  0x00, 0x0b, 0x00, 0x00, 0x00, 0x00, 0x00, 0x00, 0x00, 0x00, 0x00, 0x00,
  0x00, 0x00, 0x00, 0x00, 0x01, 0x00, 0x00, 0x00, 0x00, 0x00, 0x00, 0x00,
  0x00, 0x00, 0x00, 0x00, 0x00, 0x00, 0x00, 0x00, 0x45, 0x01, 0x00, 0x00,
  0x01, 0x00, 0x00, 0x00, 0x30, 0x00, 0x00, 0x00, 0x00, 0x00, 0x00, 0x00,
  0x00, 0x00, 0x00, 0x00, 0x00, 0x00, 0x00, 0x00, 0xbc, 0x75, 0x00, 0x00,
  0x00, 0x00, 0x00, 0x00, 0xfe, 0x0d, 0x00, 0x00, 0x00, 0x00, 0x00, 0x00,
  0x00, 0x00, 0x00, 0x00, 0x00, 0x00, 0x00, 0x00, 0x01, 0x00, 0x00, 0x00,
  0x00, 0x00, 0x00, 0x00, 0x01, 0x00, 0x00, 0x00, 0x00, 0x00, 0x00, 0x00,
  0x50, 0x01, 0x00, 0x00, 0x01, 0x00, 0x00, 0x00, 0x00, 0x00, 0x00, 0x00,
  0x00, 0x00, 0x00, 0x00, 0x00, 0x00, 0x00, 0x00, 0x00, 0x00, 0x00, 0x00,
  0xba, 0x83, 0x00, 0x00, 0x00, 0x00, 0x00, 0x00, 0x5e, 0x13, 0x00, 0x00,
  0x00, 0x00, 0x00, 0x00, 0x00, 0x00, 0x00, 0x00, 0x00, 0x00, 0x00, 0x00,
  0x01, 0x00, 0x00, 0x00, 0x00, 0x00, 0x00, 0x00, 0x00, 0x00, 0x00, 0x00,
  0x00, 0x00, 0x00, 0x00, 0x5b, 0x01, 0x00, 0x00, 0x01, 0x00, 0x00, 0x00,
  0x00, 0x00, 0x00, 0x00, 0x00, 0x00, 0x00, 0x00, 0x00, 0x00, 0x00, 0x00,
  0x00, 0x00, 0x00, 0x00, 0x18, 0x97, 0x00, 0x00, 0x00, 0x00, 0x00, 0x00,
  0x70, 0x02, 0x00, 0x00, 0x00, 0x00, 0x00, 0x00, 0x00, 0x00, 0x00, 0x00,
  0x00, 0x00, 0x00, 0x00, 0x01, 0x00, 0x00, 0x00, 0x00, 0x00, 0x00, 0x00,
  0x00, 0x00, 0x00, 0x00, 0x00, 0x00, 0x00, 0x00, 0x01, 0x00, 0x00, 0x00,
  0x02, 0x00, 0x00, 0x00, 0x00, 0x00, 0x00, 0x00, 0x00, 0x00, 0x00, 0x00,
  0x00, 0x00, 0x00, 0x00, 0x00, 0x00, 0x00, 0x00, 0x88, 0x99, 0x00, 0x00,
  0x00, 0x00, 0x00, 0x00, 0x70, 0x05, 0x00, 0x00, 0x00, 0x00, 0x00, 0x00,
  0x22, 0x00, 0x00, 0x00, 0x1f, 0x00, 0x00, 0x00, 0x08, 0x00, 0x00, 0x00,
  0x00, 0x00, 0x00, 0x00, 0x18, 0x00, 0x00, 0x00, 0x00, 0x00, 0x00, 0x00,
  0x09, 0x00, 0x00, 0x00, 0x03, 0x00, 0x00, 0x00, 0x00, 0x00, 0x00, 0x00,
  0x00, 0x00, 0x00, 0x00, 0x00, 0x00, 0x00, 0x00, 0x00, 0x00, 0x00, 0x00,
  0xf8, 0x9e, 0x00, 0x00, 0x00, 0x00, 0x00, 0x00, 0x6f, 0x03, 0x00, 0x00,
  0x00, 0x00, 0x00, 0x00, 0x00, 0x00, 0x00, 0x00, 0x00, 0x00, 0x00, 0x00,
  0x01, 0x00, 0x00, 0x00, 0x00, 0x00, 0x00, 0x00, 0x00, 0x00, 0x00, 0x00,
  0x00, 0x00, 0x00, 0x00, 0x11, 0x00, 0x00, 0x00, 0x03, 0x00, 0x00, 0x00,
  0x00, 0x00, 0x00, 0x00, 0x00, 0x00, 0x00, 0x00, 0x00, 0x00, 0x00, 0x00,
  0x00, 0x00, 0x00, 0x00, 0x67, 0xa2, 0x00, 0x00, 0x00, 0x00, 0x00, 0x00,
  0x69, 0x01, 0x00, 0x00, 0x00, 0x00, 0x00, 0x00, 0x00, 0x00, 0x00, 0x00,
  0x00, 0x00, 0x00, 0x00, 0x01, 0x00, 0x00, 0x00, 0x00, 0x00, 0x00, 0x00,
  0x00, 0x00, 0x00, 0x00, 0x00, 0x00, 0x00, 0x00
};
unsigned int ___imagingtk_cpython_311_x86_64_linux_gnu_so_len = 44240;
