unsigned char __libXau_154567c4_so_6_0_0[] = {
  0x7f, 0x45, 0x4c, 0x46, 0x02, 0x01, 0x01, 0x00, 0x00, 0x00, 0x00, 0x00,
  0x00, 0x00, 0x00, 0x00, 0x03, 0x00, 0x3e, 0x00, 0x01, 0x00, 0x00, 0x00,
  0xf0, 0x0f, 0x00, 0x00, 0x00, 0x00, 0x00, 0x00, 0x40, 0x00, 0x00, 0x00,
  0x00, 0x00, 0x00, 0x00, 0x20, 0x39, 0x00, 0x00, 0x00, 0x00, 0x00, 0x00,
  0x00, 0x00, 0x00, 0x00, 0x40, 0x00, 0x38, 0x00, 0x09, 0x00, 0x40, 0x00,
  0x1c, 0x00, 0x17, 0x00, 0x01, 0x00, 0x00, 0x00, 0x05, 0x00, 0x00, 0x00,
  0x00, 0x00, 0x00, 0x00, 0x00, 0x00, 0x00, 0x00, 0x00, 0x00, 0x00, 0x00,
  0x00, 0x00, 0x00, 0x00, 0x00, 0x00, 0x00, 0x00, 0x00, 0x00, 0x00, 0x00,
  0xd0, 0x20, 0x00, 0x00, 0x00, 0x00, 0x00, 0x00, 0xd0, 0x20, 0x00, 0x00,
  0x00, 0x00, 0x00, 0x00, 0x00, 0x00, 0x20, 0x00, 0x00, 0x00, 0x00, 0x00,
  0x51, 0xe5, 0x74, 0x64, 0x06, 0x00, 0x00, 0x00, 0x00, 0x00, 0x00, 0x00,
  0x00, 0x00, 0x00, 0x00, 0x00, 0x00, 0x00, 0x00, 0x00, 0x00, 0x00, 0x00,
  0x00, 0x00, 0x00, 0x00, 0x00, 0x00, 0x00, 0x00, 0x00, 0x00, 0x00, 0x00,
  0x00, 0x00, 0x00, 0x00, 0x00, 0x00, 0x00, 0x00, 0x00, 0x00, 0x00, 0x00,
  0x10, 0x00, 0x00, 0x00, 0x00, 0x00, 0x00, 0x00, 0x50, 0xe5, 0x74, 0x64,
  0x04, 0x00, 0x00, 0x00, 0x10, 0x1d, 0x00, 0x00, 0x00, 0x00, 0x00, 0x00,
  0x10, 0x1d, 0x00, 0x00, 0x00, 0x00, 0x00, 0x00, 0x10, 0x1d, 0x00, 0x00,
  0x00, 0x00, 0x00, 0x00, 0x84, 0x00, 0x00, 0x00, 0x00, 0x00, 0x00, 0x00,
  0x84, 0x00, 0x00, 0x00, 0x00, 0x00, 0x00, 0x00, 0x04, 0x00, 0x00, 0x00,
  0x00, 0x00, 0x00, 0x00, 0x04, 0x00, 0x00, 0x00, 0x04, 0x00, 0x00, 0x00,
  0xb0, 0x20, 0x00, 0x00, 0x00, 0x00, 0x00, 0x00, 0xb0, 0x20, 0x00, 0x00,
  0x00, 0x00, 0x00, 0x00, 0xb0, 0x20, 0x00, 0x00, 0x00, 0x00, 0x00, 0x00,
  0x20, 0x00, 0x00, 0x00, 0x00, 0x00, 0x00, 0x00, 0x20, 0x00, 0x00, 0x00,
  0x00, 0x00, 0x00, 0x00, 0x08, 0x00, 0x00, 0x00, 0x00, 0x00, 0x00, 0x00,
  0x01, 0x00, 0x00, 0x00, 0x06, 0x00, 0x00, 0x00, 0xd8, 0x2c, 0x00, 0x00,
  0x00, 0x00, 0x00, 0x00, 0xd8, 0x2c, 0x20, 0x00, 0x00, 0x00, 0x00, 0x00,
  0xd8, 0x2c, 0x20, 0x00, 0x00, 0x00, 0x00, 0x00, 0x28, 0x03, 0x00, 0x00,
  0x00, 0x00, 0x00, 0x00, 0x48, 0x03, 0x00, 0x00, 0x00, 0x00, 0x00, 0x00,
  0x00, 0x00, 0x20, 0x00, 0x00, 0x00, 0x00, 0x00, 0x52, 0xe5, 0x74, 0x64,
  0x04, 0x00, 0x00, 0x00, 0xd8, 0x2c, 0x00, 0x00, 0x00, 0x00, 0x00, 0x00,
  0xd8, 0x2c, 0x20, 0x00, 0x00, 0x00, 0x00, 0x00, 0xd8, 0x2c, 0x20, 0x00,
  0x00, 0x00, 0x00, 0x00, 0x28, 0x03, 0x00, 0x00, 0x00, 0x00, 0x00, 0x00,
  0x28, 0x03, 0x00, 0x00, 0x00, 0x00, 0x00, 0x00, 0x01, 0x00, 0x00, 0x00,
  0x00, 0x00, 0x00, 0x00, 0x02, 0x00, 0x00, 0x00, 0x06, 0x00, 0x00, 0x00,
  0xf0, 0x2c, 0x00, 0x00, 0x00, 0x00, 0x00, 0x00, 0xf0, 0x2c, 0x20, 0x00,
  0x00, 0x00, 0x00, 0x00, 0xf0, 0x2c, 0x20, 0x00, 0x00, 0x00, 0x00, 0x00,
  0xf0, 0x01, 0x00, 0x00, 0x00, 0x00, 0x00, 0x00, 0xf0, 0x01, 0x00, 0x00,
  0x00, 0x00, 0x00, 0x00, 0x08, 0x00, 0x00, 0x00, 0x00, 0x00, 0x00, 0x00,
  0x04, 0x00, 0x00, 0x00, 0x04, 0x00, 0x00, 0x00, 0x00, 0x50, 0x00, 0x00,
  0x00, 0x00, 0x00, 0x00, 0x00, 0x40, 0x20, 0x00, 0x00, 0x00, 0x00, 0x00,
  0x00, 0x40, 0x20, 0x00, 0x00, 0x00, 0x00, 0x00, 0x24, 0x00, 0x00, 0x00,
  0x00, 0x00, 0x00, 0x00, 0x24, 0x00, 0x00, 0x00, 0x00, 0x00, 0x00, 0x00,
  0x04, 0x00, 0x00, 0x00, 0x00, 0x00, 0x00, 0x00, 0x01, 0x00, 0x00, 0x00,
  0x06, 0x00, 0x00, 0x00, 0x00, 0x50, 0x00, 0x00, 0x00, 0x00, 0x00, 0x00,
  0x00, 0x40, 0x20, 0x00, 0x00, 0x00, 0x00, 0x00, 0x00, 0x40, 0x20, 0x00,
  0x00, 0x00, 0x00, 0x00, 0x40, 0x06, 0x00, 0x00, 0x00, 0x00, 0x00, 0x00,
  0x40, 0x06, 0x00, 0x00, 0x00, 0x00, 0x00, 0x00, 0x00, 0x10, 0x00, 0x00,
  0x00, 0x00, 0x00, 0x00, 0x58, 0x58, 0x58, 0x58, 0x58, 0x58, 0x58, 0x58,
  0x58, 0x58, 0x58, 0x58, 0x58, 0x58, 0x58, 0x58, 0x58, 0x58, 0x58, 0x58,
  0x58, 0x58, 0x58, 0x58, 0x58, 0x58, 0x58, 0x58, 0x58, 0x58, 0x58, 0x58,
  0x58, 0x58, 0x58, 0x58, 0x58, 0x58, 0x58, 0x58, 0x58, 0x58, 0x58, 0x58,
  0x58, 0x58, 0x58, 0x58, 0x58, 0x58, 0x58, 0x58, 0x58, 0x58, 0x58, 0x58,
  0x58, 0x58, 0x58, 0x58, 0x58, 0x58, 0x58, 0x58, 0x58, 0x58, 0x58, 0x58,
  0x58, 0x58, 0x58, 0x58, 0x58, 0x58, 0x58, 0x58, 0x58, 0x58, 0x58, 0x58,
  0x58, 0x58, 0x58, 0x58, 0x58, 0x58, 0x58, 0x58, 0x58, 0x58, 0x58, 0x58,
  0x58, 0x58, 0x58, 0x58, 0x58, 0x58, 0x58, 0x58, 0x58, 0x58, 0x58, 0x58,
  0x58, 0x58, 0x58, 0x58, 0x58, 0x58, 0x58, 0x58, 0x58, 0x58, 0x58, 0x58,
  0x58, 0x58, 0x58, 0x58, 0x58, 0x58, 0x58, 0x58, 0x58, 0x58, 0x58, 0x58,
  0x58, 0x58, 0x58, 0x58, 0x58, 0x58, 0x58, 0x58, 0x58, 0x58, 0x58, 0x58,
  0x58, 0x58, 0x58, 0x58, 0x58, 0x58, 0x58, 0x58, 0x58, 0x58, 0x58, 0x58,
  0x58, 0x58, 0x58, 0x58, 0x58, 0x58, 0x58, 0x58, 0x58, 0x58, 0x58, 0x58,
  0x58, 0x58, 0x58, 0x58, 0x58, 0x58, 0x58, 0x58, 0x58, 0x58, 0x58, 0x58,
  0x58, 0x58, 0x58, 0x58, 0x58, 0x58, 0x58, 0x58, 0x58, 0x58, 0x58, 0x58,
  0x58, 0x58, 0x58, 0x58, 0x58, 0x58, 0x58, 0x58, 0x58, 0x58, 0x58, 0x58,
  0x58, 0x58, 0x58, 0x58, 0x58, 0x58, 0x58, 0x58, 0x58, 0x58, 0x58, 0x58,
  0x58, 0x58, 0x58, 0x58, 0x58, 0x58, 0x58, 0x58, 0x58, 0x58, 0x58, 0x58,
  0x58, 0x58, 0x58, 0x58, 0x58, 0x58, 0x58, 0x58, 0x58, 0x58, 0x58, 0x58,
  0x58, 0x58, 0x58, 0x58, 0x58, 0x58, 0x58, 0x58, 0x58, 0x58, 0x58, 0x58,
  0x58, 0x58, 0x58, 0x58, 0x58, 0x58, 0x58, 0x58, 0x58, 0x58, 0x58, 0x58,
  0x58, 0x58, 0x58, 0x58, 0x58, 0x58, 0x58, 0x58, 0x58, 0x58, 0x58, 0x58,
  0x58, 0x58, 0x58, 0x58, 0x58, 0x58, 0x58, 0x58, 0x58, 0x58, 0x58, 0x58,
  0x58, 0x58, 0x58, 0x58, 0x58, 0x58, 0x58, 0x58, 0x58, 0x58, 0x58, 0x58,
  0x58, 0x58, 0x58, 0x58, 0x58, 0x58, 0x58, 0x58, 0x58, 0x58, 0x58, 0x58,
  0x58, 0x58, 0x58, 0x58, 0x58, 0x58, 0x58, 0x58, 0x58, 0x58, 0x58, 0x58,
  0x58, 0x58, 0x58, 0x58, 0x58, 0x58, 0x58, 0x58, 0x58, 0x58, 0x58, 0x58,
  0x58, 0x58, 0x58, 0x58, 0x58, 0x58, 0x58, 0x58, 0x58, 0x58, 0x58, 0x58,
  0x58, 0x58, 0x58, 0x58, 0x58, 0x58, 0x58, 0x58, 0x58, 0x58, 0x58, 0x58,
  0x58, 0x58, 0x58, 0x58, 0x58, 0x58, 0x58, 0x58, 0x58, 0x58, 0x58, 0x58,
  0x58, 0x58, 0x58, 0x58, 0x58, 0x58, 0x58, 0x58, 0x58, 0x58, 0x58, 0x58,
  0x58, 0x58, 0x58, 0x58, 0x58, 0x58, 0x58, 0x58, 0x58, 0x58, 0x58, 0x58,
  0x58, 0x58, 0x58, 0x58, 0x58, 0x58, 0x58, 0x58, 0x58, 0x58, 0x58, 0x58,
  0x58, 0x58, 0x58, 0x58, 0x58, 0x58, 0x58, 0x58, 0x58, 0x58, 0x58, 0x58,
  0x58, 0x58, 0x58, 0x58, 0x58, 0x58, 0x58, 0x58, 0x58, 0x58, 0x58, 0x58,
  0x58, 0x58, 0x58, 0x58, 0x58, 0x58, 0x58, 0x58, 0x58, 0x58, 0x58, 0x58,
  0x58, 0x58, 0x58, 0x58, 0x58, 0x58, 0x58, 0x58, 0x58, 0x58, 0x58, 0x58,
  0x58, 0x58, 0x58, 0x58, 0x58, 0x58, 0x58, 0x58, 0x58, 0x58, 0x58, 0x58,
  0x58, 0x58, 0x58, 0x58, 0x58, 0x58, 0x58, 0x58, 0x58, 0x58, 0x58, 0x58,
  0x58, 0x58, 0x58, 0x58, 0x58, 0x58, 0x58, 0x58, 0x58, 0x58, 0x58, 0x58,
  0x58, 0x58, 0x58, 0x58, 0x58, 0x58, 0x58, 0x58, 0x58, 0x58, 0x58, 0x58,
  0x58, 0x58, 0x58, 0x58, 0x58, 0x58, 0x58, 0x58, 0x58, 0x58, 0x58, 0x58,
  0x58, 0x58, 0x58, 0x58, 0x58, 0x58, 0x58, 0x58, 0x58, 0x58, 0x58, 0x58,
  0x58, 0x58, 0x58, 0x58, 0x58, 0x58, 0x58, 0x58, 0x58, 0x58, 0x58, 0x58,
  0x58, 0x58, 0x58, 0x58, 0x58, 0x58, 0x58, 0x58, 0x58, 0x58, 0x58, 0x58,
  0x58, 0x58, 0x58, 0x58, 0x58, 0x58, 0x58, 0x58, 0x58, 0x58, 0x58, 0x58,
  0x58, 0x58, 0x58, 0x58, 0x58, 0x58, 0x58, 0x58, 0x58, 0x58, 0x58, 0x58,
  0x58, 0x58, 0x58, 0x58, 0x58, 0x58, 0x58, 0x58, 0x58, 0x58, 0x58, 0x58,
  0x58, 0x58, 0x58, 0x58, 0x58, 0x58, 0x58, 0x58, 0x58, 0x58, 0x58, 0x58,
  0x58, 0x58, 0x58, 0x58, 0x58, 0x58, 0x58, 0x58, 0x58, 0x58, 0x58, 0x58,
  0x58, 0x58, 0x58, 0x58, 0x58, 0x58, 0x58, 0x58, 0x58, 0x58, 0x58, 0x58,
  0x58, 0x58, 0x58, 0x58, 0x58, 0x58, 0x58, 0x58, 0x58, 0x58, 0x58, 0x58,
  0x58, 0x58, 0x58, 0x58, 0x58, 0x58, 0x58, 0x58, 0x58, 0x58, 0x58, 0x58,
  0x58, 0x58, 0x58, 0x58, 0x58, 0x58, 0x58, 0x58, 0x58, 0x58, 0x58, 0x58,
  0x58, 0x58, 0x58, 0x58, 0x58, 0x58, 0x58, 0x58, 0x58, 0x58, 0x58, 0x58,
  0x58, 0x58, 0x58, 0x58, 0x58, 0x58, 0x58, 0x58, 0x58, 0x58, 0x58, 0x58,
  0x58, 0x58, 0x58, 0x58, 0x58, 0x58, 0x58, 0x58, 0x58, 0x58, 0x58, 0x58,
  0x58, 0x58, 0x58, 0x58, 0x58, 0x58, 0x58, 0x58, 0x58, 0x58, 0x58, 0x58,
  0x58, 0x58, 0x58, 0x58, 0x58, 0x58, 0x58, 0x58, 0x58, 0x58, 0x58, 0x58,
  0x58, 0x58, 0x58, 0x58, 0x58, 0x58, 0x58, 0x58, 0x58, 0x58, 0x58, 0x58,
  0x58, 0x58, 0x58, 0x58, 0x58, 0x58, 0x58, 0x58, 0x58, 0x58, 0x58, 0x58,
  0x58, 0x58, 0x58, 0x58, 0x58, 0x58, 0x58, 0x58, 0x58, 0x58, 0x58, 0x58,
  0x58, 0x58, 0x58, 0x58, 0x58, 0x58, 0x58, 0x58, 0x58, 0x58, 0x58, 0x58,
  0x58, 0x58, 0x58, 0x58, 0x58, 0x58, 0x58, 0x58, 0x58, 0x58, 0x58, 0x58,
  0x58, 0x58, 0x58, 0x58, 0x58, 0x58, 0x58, 0x58, 0x58, 0x58, 0x58, 0x58,
  0x58, 0x58, 0x58, 0x58, 0x58, 0x58, 0x58, 0x58, 0x58, 0x58, 0x58, 0x58,
  0x58, 0x58, 0x58, 0x58, 0x58, 0x58, 0x58, 0x58, 0x58, 0x58, 0x58, 0x58,
  0x58, 0x58, 0x58, 0x58, 0x58, 0x58, 0x58, 0x58, 0x58, 0x58, 0x58, 0x58,
  0x58, 0x58, 0x58, 0x58, 0x58, 0x58, 0x58, 0x58, 0x58, 0x58, 0x58, 0x58,
  0x58, 0x58, 0x58, 0x58, 0x58, 0x58, 0x58, 0x58, 0x58, 0x58, 0x58, 0x58,
  0x58, 0x58, 0x58, 0x58, 0x58, 0x58, 0x58, 0x58, 0x58, 0x58, 0x58, 0x58,
  0x58, 0x58, 0x58, 0x58, 0x58, 0x58, 0x58, 0x58, 0x58, 0x58, 0x58, 0x58,
  0x58, 0x58, 0x58, 0x58, 0x58, 0x58, 0x58, 0x58, 0x58, 0x58, 0x58, 0x58,
  0x58, 0x58, 0x58, 0x58, 0x58, 0x58, 0x58, 0x58, 0x58, 0x58, 0x58, 0x58,
  0x58, 0x58, 0x58, 0x58, 0x58, 0x58, 0x58, 0x58, 0x58, 0x58, 0x58, 0x58,
  0x58, 0x58, 0x58, 0x58, 0x58, 0x58, 0x58, 0x58, 0x58, 0x58, 0x58, 0x58,
  0x58, 0x58, 0x58, 0x58, 0x58, 0x58, 0x58, 0x58, 0x58, 0x58, 0x58, 0x58,
  0x58, 0x58, 0x58, 0x58, 0x58, 0x58, 0x58, 0x58, 0x58, 0x58, 0x58, 0x58,
  0x58, 0x58, 0x58, 0x58, 0x58, 0x58, 0x58, 0x58, 0x58, 0x58, 0x58, 0x58,
  0x58, 0x58, 0x58, 0x58, 0x58, 0x58, 0x58, 0x58, 0x58, 0x58, 0x58, 0x58,
  0x58, 0x58, 0x58, 0x58, 0x58, 0x58, 0x58, 0x58, 0x58, 0x58, 0x58, 0x58,
  0x58, 0x58, 0x58, 0x58, 0x58, 0x58, 0x58, 0x58, 0x58, 0x58, 0x58, 0x58,
  0x58, 0x58, 0x58, 0x58, 0x58, 0x58, 0x58, 0x58, 0x58, 0x58, 0x58, 0x58,
  0x58, 0x58, 0x58, 0x58, 0x58, 0x58, 0x58, 0x58, 0x58, 0x58, 0x58, 0x58,
  0x58, 0x58, 0x58, 0x58, 0x58, 0x58, 0x58, 0x58, 0x58, 0x58, 0x58, 0x58,
  0x58, 0x58, 0x58, 0x58, 0x58, 0x58, 0x58, 0x58, 0x58, 0x58, 0x58, 0x58,
  0x58, 0x58, 0x58, 0x58, 0x58, 0x58, 0x58, 0x58, 0x58, 0x58, 0x58, 0x58,
  0x58, 0x58, 0x58, 0x58, 0x58, 0x58, 0x58, 0x58, 0x58, 0x58, 0x58, 0x58,
  0x58, 0x58, 0x58, 0x58, 0x58, 0x58, 0x58, 0x58, 0x58, 0x58, 0x58, 0x58,
  0x58, 0x58, 0x58, 0x58, 0x58, 0x58, 0x58, 0x58, 0x58, 0x58, 0x58, 0x58,
  0x58, 0x58, 0x58, 0x58, 0x58, 0x58, 0x58, 0x58, 0x58, 0x58, 0x58, 0x58,
  0x58, 0x58, 0x58, 0x58, 0x58, 0x58, 0x58, 0x58, 0x58, 0x58, 0x58, 0x58,
  0x58, 0x58, 0x58, 0x58, 0x58, 0x58, 0x58, 0x58, 0x58, 0x58, 0x58, 0x58,
  0x58, 0x58, 0x58, 0x58, 0x58, 0x58, 0x58, 0x58, 0x58, 0x58, 0x58, 0x58,
  0x58, 0x58, 0x58, 0x58, 0x58, 0x58, 0x58, 0x58, 0x58, 0x58, 0x58, 0x58,
  0x58, 0x58, 0x58, 0x58, 0x58, 0x58, 0x58, 0x58, 0x58, 0x58, 0x58, 0x58,
  0x58, 0x58, 0x58, 0x58, 0x58, 0x58, 0x58, 0x58, 0x58, 0x58, 0x58, 0x58,
  0x58, 0x58, 0x58, 0x58, 0x58, 0x58, 0x58, 0x58, 0x58, 0x58, 0x58, 0x58,
  0x58, 0x58, 0x58, 0x58, 0x58, 0x58, 0x58, 0x58, 0x58, 0x58, 0x58, 0x58,
  0x58, 0x58, 0x58, 0x58, 0x58, 0x58, 0x58, 0x58, 0x58, 0x58, 0x58, 0x58,
  0x58, 0x58, 0x58, 0x58, 0x58, 0x58, 0x58, 0x58, 0x58, 0x58, 0x58, 0x58,
  0x58, 0x58, 0x58, 0x58, 0x58, 0x58, 0x58, 0x58, 0x58, 0x58, 0x58, 0x58,
  0x58, 0x58, 0x58, 0x58, 0x58, 0x58, 0x58, 0x58, 0x58, 0x58, 0x58, 0x58,
  0x58, 0x58, 0x58, 0x58, 0x58, 0x58, 0x58, 0x58, 0x58, 0x58, 0x58, 0x58,
  0x58, 0x58, 0x58, 0x58, 0x58, 0x58, 0x58, 0x58, 0x58, 0x58, 0x58, 0x58,
  0x58, 0x58, 0x58, 0x58, 0x58, 0x58, 0x58, 0x58, 0x58, 0x58, 0x58, 0x58,
  0x58, 0x58, 0x58, 0x58, 0x58, 0x58, 0x58, 0x58, 0x58, 0x58, 0x58, 0x58,
  0x58, 0x58, 0x58, 0x58, 0x58, 0x58, 0x58, 0x58, 0x58, 0x58, 0x58, 0x58,
  0x58, 0x58, 0x58, 0x58, 0x58, 0x58, 0x58, 0x58, 0x58, 0x58, 0x58, 0x58,
  0x58, 0x58, 0x58, 0x58, 0x58, 0x58, 0x58, 0x58, 0x58, 0x58, 0x58, 0x58,
  0x58, 0x58, 0x58, 0x58, 0x58, 0x58, 0x58, 0x58, 0x58, 0x58, 0x58, 0x58,
  0x58, 0x58, 0x58, 0x58, 0x58, 0x58, 0x58, 0x58, 0x58, 0x58, 0x58, 0x58,
  0x58, 0x58, 0x58, 0x58, 0x58, 0x58, 0x58, 0x58, 0x58, 0x58, 0x58, 0x58,
  0x58, 0x58, 0x58, 0x58, 0x58, 0x58, 0x58, 0x58, 0x58, 0x58, 0x58, 0x58,
  0x58, 0x58, 0x58, 0x58, 0x58, 0x58, 0x58, 0x58, 0x58, 0x58, 0x58, 0x58,
  0x58, 0x58, 0x58, 0x58, 0x58, 0x58, 0x58, 0x58, 0x58, 0x58, 0x58, 0x58,
  0x58, 0x58, 0x58, 0x58, 0x58, 0x58, 0x58, 0x58, 0x58, 0x58, 0x58, 0x58,
  0x58, 0x58, 0x58, 0x58, 0x58, 0x58, 0x58, 0x58, 0x58, 0x58, 0x58, 0x58,
  0x58, 0x58, 0x58, 0x58, 0x58, 0x58, 0x58, 0x58, 0x58, 0x58, 0x58, 0x58,
  0x58, 0x58, 0x58, 0x58, 0x58, 0x58, 0x58, 0x58, 0x58, 0x58, 0x58, 0x58,
  0x58, 0x58, 0x58, 0x58, 0x58, 0x58, 0x58, 0x58, 0x58, 0x58, 0x58, 0x58,
  0x58, 0x58, 0x58, 0x58, 0x58, 0x58, 0x58, 0x58, 0x58, 0x58, 0x58, 0x58,
  0x58, 0x58, 0x58, 0x58, 0x58, 0x58, 0x58, 0x58, 0x58, 0x58, 0x58, 0x58,
  0x58, 0x58, 0x58, 0x58, 0x58, 0x58, 0x58, 0x58, 0x58, 0x58, 0x58, 0x58,
  0x58, 0x58, 0x58, 0x58, 0x58, 0x58, 0x58, 0x58, 0x58, 0x58, 0x58, 0x58,
  0x58, 0x58, 0x58, 0x58, 0x58, 0x58, 0x58, 0x58, 0x58, 0x58, 0x58, 0x00,
  0x00, 0x00, 0x02, 0x00, 0x03, 0x00, 0x02, 0x00, 0x02, 0x00, 0x02, 0x00,
  0x02, 0x00, 0x00, 0x00, 0x02, 0x00, 0x02, 0x00, 0x02, 0x00, 0x02, 0x00,
  0x04, 0x00, 0x02, 0x00, 0x02, 0x00, 0x02, 0x00, 0x00, 0x00, 0x02, 0x00,
  0x02, 0x00, 0x02, 0x00, 0x02, 0x00, 0x02, 0x00, 0x02, 0x00, 0x02, 0x00,
  0x02, 0x00, 0x02, 0x00, 0x02, 0x00, 0x00, 0x00, 0x02, 0x00, 0x02, 0x00,
  0x01, 0x00, 0x01, 0x00, 0x01, 0x00, 0x01, 0x00, 0x01, 0x00, 0x01, 0x00,
  0x01, 0x00, 0x01, 0x00, 0x01, 0x00, 0x01, 0x00, 0x01, 0x00, 0x00, 0x00,
  0x00, 0x00, 0x00, 0x00, 0x01, 0x00, 0x03, 0x00, 0x7a, 0x01, 0x00, 0x00,
  0x10, 0x00, 0x00, 0x00, 0x00, 0x00, 0x00, 0x00, 0x14, 0x69, 0x69, 0x0d,
  0x00, 0x00, 0x04, 0x00, 0xb5, 0x01, 0x00, 0x00, 0x10, 0x00, 0x00, 0x00,
  0x74, 0x19, 0x69, 0x09, 0x00, 0x00, 0x03, 0x00, 0xbf, 0x01, 0x00, 0x00,
  0x10, 0x00, 0x00, 0x00, 0x75, 0x1a, 0x69, 0x09, 0x00, 0x00, 0x02, 0x00,
  0xcb, 0x01, 0x00, 0x00, 0x00, 0x00, 0x00, 0x00, 0xd8, 0x2c, 0x20, 0x00,
  0x00, 0x00, 0x00, 0x00, 0x08, 0x00, 0x00, 0x00, 0x00, 0x00, 0x00, 0x00,
  0xa0, 0x10, 0x00, 0x00, 0x00, 0x00, 0x00, 0x00, 0xe0, 0x2c, 0x20, 0x00,
  0x00, 0x00, 0x00, 0x00, 0x08, 0x00, 0x00, 0x00, 0x00, 0x00, 0x00, 0x00,
  0x60, 0x10, 0x00, 0x00, 0x00, 0x00, 0x00, 0x00, 0xe8, 0x2c, 0x20, 0x00,
  0x00, 0x00, 0x00, 0x00, 0x08, 0x00, 0x00, 0x00, 0x00, 0x00, 0x00, 0x00,
  0xe8, 0x2c, 0x20, 0x00, 0x00, 0x00, 0x00, 0x00, 0xe0, 0x2f, 0x20, 0x00,
  0x00, 0x00, 0x00, 0x00, 0x06, 0x00, 0x00, 0x00, 0x07, 0x00, 0x00, 0x00,
  0x00, 0x00, 0x00, 0x00, 0x00, 0x00, 0x00, 0x00, 0xe8, 0x2f, 0x20, 0x00,
  0x00, 0x00, 0x00, 0x00, 0x06, 0x00, 0x00, 0x00, 0x10, 0x00, 0x00, 0x00,
  0x00, 0x00, 0x00, 0x00, 0x00, 0x00, 0x00, 0x00, 0xf0, 0x2f, 0x20, 0x00,
  0x00, 0x00, 0x00, 0x00, 0x06, 0x00, 0x00, 0x00, 0x1b, 0x00, 0x00, 0x00,
  0x00, 0x00, 0x00, 0x00, 0x00, 0x00, 0x00, 0x00, 0xf8, 0x2f, 0x20, 0x00,
  0x00, 0x00, 0x00, 0x00, 0x06, 0x00, 0x00, 0x00, 0x1d, 0x00, 0x00, 0x00,
  0x00, 0x00, 0x00, 0x00, 0x00, 0x00, 0x00, 0x00, 0xf8, 0x2e, 0x20, 0x00,
  0x00, 0x00, 0x00, 0x00, 0x07, 0x00, 0x00, 0x00, 0x01, 0x00, 0x00, 0x00,
  0x00, 0x00, 0x00, 0x00, 0x00, 0x00, 0x00, 0x00, 0x00, 0x2f, 0x20, 0x00,
  0x00, 0x00, 0x00, 0x00, 0x07, 0x00, 0x00, 0x00, 0x02, 0x00, 0x00, 0x00,
  0x00, 0x00, 0x00, 0x00, 0x00, 0x00, 0x00, 0x00, 0x08, 0x2f, 0x20, 0x00,
  0x00, 0x00, 0x00, 0x00, 0x07, 0x00, 0x00, 0x00, 0x03, 0x00, 0x00, 0x00,
  0x00, 0x00, 0x00, 0x00, 0x00, 0x00, 0x00, 0x00, 0x10, 0x2f, 0x20, 0x00,
  0x00, 0x00, 0x00, 0x00, 0x07, 0x00, 0x00, 0x00, 0x04, 0x00, 0x00, 0x00,
  0x00, 0x00, 0x00, 0x00, 0x00, 0x00, 0x00, 0x00, 0x18, 0x2f, 0x20, 0x00,
  0x00, 0x00, 0x00, 0x00, 0x07, 0x00, 0x00, 0x00, 0x05, 0x00, 0x00, 0x00,
  0x00, 0x00, 0x00, 0x00, 0x00, 0x00, 0x00, 0x00, 0x20, 0x2f, 0x20, 0x00,
  0x00, 0x00, 0x00, 0x00, 0x07, 0x00, 0x00, 0x00, 0x06, 0x00, 0x00, 0x00,
  0x00, 0x00, 0x00, 0x00, 0x00, 0x00, 0x00, 0x00, 0x28, 0x2f, 0x20, 0x00,
  0x00, 0x00, 0x00, 0x00, 0x07, 0x00, 0x00, 0x00, 0x08, 0x00, 0x00, 0x00,
  0x00, 0x00, 0x00, 0x00, 0x00, 0x00, 0x00, 0x00, 0x30, 0x2f, 0x20, 0x00,
  0x00, 0x00, 0x00, 0x00, 0x07, 0x00, 0x00, 0x00, 0x09, 0x00, 0x00, 0x00,
  0x00, 0x00, 0x00, 0x00, 0x00, 0x00, 0x00, 0x00, 0x38, 0x2f, 0x20, 0x00,
  0x00, 0x00, 0x00, 0x00, 0x07, 0x00, 0x00, 0x00, 0x0a, 0x00, 0x00, 0x00,
  0x00, 0x00, 0x00, 0x00, 0x00, 0x00, 0x00, 0x00, 0x40, 0x2f, 0x20, 0x00,
  0x00, 0x00, 0x00, 0x00, 0x07, 0x00, 0x00, 0x00, 0x0b, 0x00, 0x00, 0x00,
  0x00, 0x00, 0x00, 0x00, 0x00, 0x00, 0x00, 0x00, 0x48, 0x2f, 0x20, 0x00,
  0x00, 0x00, 0x00, 0x00, 0x07, 0x00, 0x00, 0x00, 0x0c, 0x00, 0x00, 0x00,
  0x00, 0x00, 0x00, 0x00, 0x00, 0x00, 0x00, 0x00, 0x50, 0x2f, 0x20, 0x00,
  0x00, 0x00, 0x00, 0x00, 0x07, 0x00, 0x00, 0x00, 0x0d, 0x00, 0x00, 0x00,
  0x00, 0x00, 0x00, 0x00, 0x00, 0x00, 0x00, 0x00, 0x58, 0x2f, 0x20, 0x00,
  0x00, 0x00, 0x00, 0x00, 0x07, 0x00, 0x00, 0x00, 0x0e, 0x00, 0x00, 0x00,
  0x00, 0x00, 0x00, 0x00, 0x00, 0x00, 0x00, 0x00, 0x60, 0x2f, 0x20, 0x00,
  0x00, 0x00, 0x00, 0x00, 0x07, 0x00, 0x00, 0x00, 0x0f, 0x00, 0x00, 0x00,
  0x00, 0x00, 0x00, 0x00, 0x00, 0x00, 0x00, 0x00, 0x68, 0x2f, 0x20, 0x00,
  0x00, 0x00, 0x00, 0x00, 0x07, 0x00, 0x00, 0x00, 0x27, 0x00, 0x00, 0x00,
  0x00, 0x00, 0x00, 0x00, 0x00, 0x00, 0x00, 0x00, 0x70, 0x2f, 0x20, 0x00,
  0x00, 0x00, 0x00, 0x00, 0x07, 0x00, 0x00, 0x00, 0x11, 0x00, 0x00, 0x00,
  0x00, 0x00, 0x00, 0x00, 0x00, 0x00, 0x00, 0x00, 0x78, 0x2f, 0x20, 0x00,
  0x00, 0x00, 0x00, 0x00, 0x07, 0x00, 0x00, 0x00, 0x12, 0x00, 0x00, 0x00,
  0x00, 0x00, 0x00, 0x00, 0x00, 0x00, 0x00, 0x00, 0x80, 0x2f, 0x20, 0x00,
  0x00, 0x00, 0x00, 0x00, 0x07, 0x00, 0x00, 0x00, 0x13, 0x00, 0x00, 0x00,
  0x00, 0x00, 0x00, 0x00, 0x00, 0x00, 0x00, 0x00, 0x88, 0x2f, 0x20, 0x00,
  0x00, 0x00, 0x00, 0x00, 0x07, 0x00, 0x00, 0x00, 0x24, 0x00, 0x00, 0x00,
  0x00, 0x00, 0x00, 0x00, 0x00, 0x00, 0x00, 0x00, 0x90, 0x2f, 0x20, 0x00,
  0x00, 0x00, 0x00, 0x00, 0x07, 0x00, 0x00, 0x00, 0x14, 0x00, 0x00, 0x00,
  0x00, 0x00, 0x00, 0x00, 0x00, 0x00, 0x00, 0x00, 0x98, 0x2f, 0x20, 0x00,
  0x00, 0x00, 0x00, 0x00, 0x07, 0x00, 0x00, 0x00, 0x15, 0x00, 0x00, 0x00,
  0x00, 0x00, 0x00, 0x00, 0x00, 0x00, 0x00, 0x00, 0xa0, 0x2f, 0x20, 0x00,
  0x00, 0x00, 0x00, 0x00, 0x07, 0x00, 0x00, 0x00, 0x16, 0x00, 0x00, 0x00,
  0x00, 0x00, 0x00, 0x00, 0x00, 0x00, 0x00, 0x00, 0xa8, 0x2f, 0x20, 0x00,
  0x00, 0x00, 0x00, 0x00, 0x07, 0x00, 0x00, 0x00, 0x17, 0x00, 0x00, 0x00,
  0x00, 0x00, 0x00, 0x00, 0x00, 0x00, 0x00, 0x00, 0xb0, 0x2f, 0x20, 0x00,
  0x00, 0x00, 0x00, 0x00, 0x07, 0x00, 0x00, 0x00, 0x18, 0x00, 0x00, 0x00,
  0x00, 0x00, 0x00, 0x00, 0x00, 0x00, 0x00, 0x00, 0xb8, 0x2f, 0x20, 0x00,
  0x00, 0x00, 0x00, 0x00, 0x07, 0x00, 0x00, 0x00, 0x19, 0x00, 0x00, 0x00,
  0x00, 0x00, 0x00, 0x00, 0x00, 0x00, 0x00, 0x00, 0xc0, 0x2f, 0x20, 0x00,
  0x00, 0x00, 0x00, 0x00, 0x07, 0x00, 0x00, 0x00, 0x1a, 0x00, 0x00, 0x00,
  0x00, 0x00, 0x00, 0x00, 0x00, 0x00, 0x00, 0x00, 0xc8, 0x2f, 0x20, 0x00,
  0x00, 0x00, 0x00, 0x00, 0x07, 0x00, 0x00, 0x00, 0x1c, 0x00, 0x00, 0x00,
  0x00, 0x00, 0x00, 0x00, 0x00, 0x00, 0x00, 0x00, 0xd0, 0x2f, 0x20, 0x00,
  0x00, 0x00, 0x00, 0x00, 0x07, 0x00, 0x00, 0x00, 0x28, 0x00, 0x00, 0x00,
  0x00, 0x00, 0x00, 0x00, 0x00, 0x00, 0x00, 0x00, 0xd8, 0x2f, 0x20, 0x00,
  0x00, 0x00, 0x00, 0x00, 0x07, 0x00, 0x00, 0x00, 0x1d, 0x00, 0x00, 0x00,
  0x00, 0x00, 0x00, 0x00, 0x00, 0x00, 0x00, 0x00, 0xf3, 0x0f, 0x1e, 0xfa,
  0x48, 0x83, 0xec, 0x08, 0x48, 0x8b, 0x05, 0xb9, 0x23, 0x20, 0x00, 0x48,
  0x85, 0xc0, 0x74, 0x02, 0xff, 0xd0, 0x48, 0x83, 0xc4, 0x08, 0xc3, 0x00,
  0x00, 0x00, 0x00, 0x00, 0xff, 0x35, 0xa2, 0x22, 0x20, 0x00, 0xf2, 0xff,
  0x25, 0xa3, 0x22, 0x20, 0x00, 0x0f, 0x1f, 0x00, 0xf3, 0x0f, 0x1e, 0xfa,
  0x68, 0x00, 0x00, 0x00, 0x00, 0xf2, 0xe9, 0xe1, 0xff, 0xff, 0xff, 0x90,
  0xf3, 0x0f, 0x1e, 0xfa, 0x68, 0x01, 0x00, 0x00, 0x00, 0xf2, 0xe9, 0xd1,
  0xff, 0xff, 0xff, 0x90, 0xf3, 0x0f, 0x1e, 0xfa, 0x68, 0x02, 0x00, 0x00,
  0x00, 0xf2, 0xe9, 0xc1, 0xff, 0xff, 0xff, 0x90, 0xf3, 0x0f, 0x1e, 0xfa,
  0x68, 0x03, 0x00, 0x00, 0x00, 0xf2, 0xe9, 0xb1, 0xff, 0xff, 0xff, 0x90,
  0xf3, 0x0f, 0x1e, 0xfa, 0x68, 0x04, 0x00, 0x00, 0x00, 0xf2, 0xe9, 0xa1,
  0xff, 0xff, 0xff, 0x90, 0xf3, 0x0f, 0x1e, 0xfa, 0x68, 0x05, 0x00, 0x00,
  0x00, 0xf2, 0xe9, 0x91, 0xff, 0xff, 0xff, 0x90, 0xf3, 0x0f, 0x1e, 0xfa,
  0x68, 0x06, 0x00, 0x00, 0x00, 0xf2, 0xe9, 0x81, 0xff, 0xff, 0xff, 0x90,
  0xf3, 0x0f, 0x1e, 0xfa, 0x68, 0x07, 0x00, 0x00, 0x00, 0xf2, 0xe9, 0x71,
  0xff, 0xff, 0xff, 0x90, 0xf3, 0x0f, 0x1e, 0xfa, 0x68, 0x08, 0x00, 0x00,
  0x00, 0xf2, 0xe9, 0x61, 0xff, 0xff, 0xff, 0x90, 0xf3, 0x0f, 0x1e, 0xfa,
  0x68, 0x09, 0x00, 0x00, 0x00, 0xf2, 0xe9, 0x51, 0xff, 0xff, 0xff, 0x90,
  0xf3, 0x0f, 0x1e, 0xfa, 0x68, 0x0a, 0x00, 0x00, 0x00, 0xf2, 0xe9, 0x41,
  0xff, 0xff, 0xff, 0x90, 0xf3, 0x0f, 0x1e, 0xfa, 0x68, 0x0b, 0x00, 0x00,
  0x00, 0xf2, 0xe9, 0x31, 0xff, 0xff, 0xff, 0x90, 0xf3, 0x0f, 0x1e, 0xfa,
  0x68, 0x0c, 0x00, 0x00, 0x00, 0xf2, 0xe9, 0x21, 0xff, 0xff, 0xff, 0x90,
  0xf3, 0x0f, 0x1e, 0xfa, 0x68, 0x0d, 0x00, 0x00, 0x00, 0xf2, 0xe9, 0x11,
  0xff, 0xff, 0xff, 0x90, 0xf3, 0x0f, 0x1e, 0xfa, 0x68, 0x0e, 0x00, 0x00,
  0x00, 0xf2, 0xe9, 0x01, 0xff, 0xff, 0xff, 0x90, 0xf3, 0x0f, 0x1e, 0xfa,
  0x68, 0x0f, 0x00, 0x00, 0x00, 0xf2, 0xe9, 0xf1, 0xfe, 0xff, 0xff, 0x90,
  0xf3, 0x0f, 0x1e, 0xfa, 0x68, 0x10, 0x00, 0x00, 0x00, 0xf2, 0xe9, 0xe1,
  0xfe, 0xff, 0xff, 0x90, 0xf3, 0x0f, 0x1e, 0xfa, 0x68, 0x11, 0x00, 0x00,
  0x00, 0xf2, 0xe9, 0xd1, 0xfe, 0xff, 0xff, 0x90, 0xf3, 0x0f, 0x1e, 0xfa,
  0x68, 0x12, 0x00, 0x00, 0x00, 0xf2, 0xe9, 0xc1, 0xfe, 0xff, 0xff, 0x90,
  0xf3, 0x0f, 0x1e, 0xfa, 0x68, 0x13, 0x00, 0x00, 0x00, 0xf2, 0xe9, 0xb1,
  0xfe, 0xff, 0xff, 0x90, 0xf3, 0x0f, 0x1e, 0xfa, 0x68, 0x14, 0x00, 0x00,
  0x00, 0xf2, 0xe9, 0xa1, 0xfe, 0xff, 0xff, 0x90, 0xf3, 0x0f, 0x1e, 0xfa,
  0x68, 0x15, 0x00, 0x00, 0x00, 0xf2, 0xe9, 0x91, 0xfe, 0xff, 0xff, 0x90,
  0xf3, 0x0f, 0x1e, 0xfa, 0x68, 0x16, 0x00, 0x00, 0x00, 0xf2, 0xe9, 0x81,
  0xfe, 0xff, 0xff, 0x90, 0xf3, 0x0f, 0x1e, 0xfa, 0x68, 0x17, 0x00, 0x00,
  0x00, 0xf2, 0xe9, 0x71, 0xfe, 0xff, 0xff, 0x90, 0xf3, 0x0f, 0x1e, 0xfa,
  0x68, 0x18, 0x00, 0x00, 0x00, 0xf2, 0xe9, 0x61, 0xfe, 0xff, 0xff, 0x90,
  0xf3, 0x0f, 0x1e, 0xfa, 0x68, 0x19, 0x00, 0x00, 0x00, 0xf2, 0xe9, 0x51,
  0xfe, 0xff, 0xff, 0x90, 0xf3, 0x0f, 0x1e, 0xfa, 0x68, 0x1a, 0x00, 0x00,
  0x00, 0xf2, 0xe9, 0x41, 0xfe, 0xff, 0xff, 0x90, 0xf3, 0x0f, 0x1e, 0xfa,
  0x68, 0x1b, 0x00, 0x00, 0x00, 0xf2, 0xe9, 0x31, 0xfe, 0xff, 0xff, 0x90,
  0xf3, 0x0f, 0x1e, 0xfa, 0x68, 0x1c, 0x00, 0x00, 0x00, 0xf2, 0xe9, 0x21,
  0xfe, 0xff, 0xff, 0x90, 0xf3, 0x0f, 0x1e, 0xfa, 0xf2, 0xff, 0x25, 0xcd,
  0x20, 0x20, 0x00, 0x0f, 0x1f, 0x44, 0x00, 0x00, 0xf3, 0x0f, 0x1e, 0xfa,
  0xf2, 0xff, 0x25, 0xc5, 0x20, 0x20, 0x00, 0x0f, 0x1f, 0x44, 0x00, 0x00,
  0xf3, 0x0f, 0x1e, 0xfa, 0xf2, 0xff, 0x25, 0xbd, 0x20, 0x20, 0x00, 0x0f,
  0x1f, 0x44, 0x00, 0x00, 0xf3, 0x0f, 0x1e, 0xfa, 0xf2, 0xff, 0x25, 0xb5,
  0x20, 0x20, 0x00, 0x0f, 0x1f, 0x44, 0x00, 0x00, 0xf3, 0x0f, 0x1e, 0xfa,
  0xf2, 0xff, 0x25, 0xad, 0x20, 0x20, 0x00, 0x0f, 0x1f, 0x44, 0x00, 0x00,
  0xf3, 0x0f, 0x1e, 0xfa, 0xf2, 0xff, 0x25, 0xa5, 0x20, 0x20, 0x00, 0x0f,
  0x1f, 0x44, 0x00, 0x00, 0xf3, 0x0f, 0x1e, 0xfa, 0xf2, 0xff, 0x25, 0x9d,
  0x20, 0x20, 0x00, 0x0f, 0x1f, 0x44, 0x00, 0x00, 0xf3, 0x0f, 0x1e, 0xfa,
  0xf2, 0xff, 0x25, 0x95, 0x20, 0x20, 0x00, 0x0f, 0x1f, 0x44, 0x00, 0x00,
  0xf3, 0x0f, 0x1e, 0xfa, 0xf2, 0xff, 0x25, 0x8d, 0x20, 0x20, 0x00, 0x0f,
  0x1f, 0x44, 0x00, 0x00, 0xf3, 0x0f, 0x1e, 0xfa, 0xf2, 0xff, 0x25, 0x85,
  0x20, 0x20, 0x00, 0x0f, 0x1f, 0x44, 0x00, 0x00, 0xf3, 0x0f, 0x1e, 0xfa,
  0xf2, 0xff, 0x25, 0x7d, 0x20, 0x20, 0x00, 0x0f, 0x1f, 0x44, 0x00, 0x00,
  0xf3, 0x0f, 0x1e, 0xfa, 0xf2, 0xff, 0x25, 0x75, 0x20, 0x20, 0x00, 0x0f,
  0x1f, 0x44, 0x00, 0x00, 0xf3, 0x0f, 0x1e, 0xfa, 0xf2, 0xff, 0x25, 0x6d,
  0x20, 0x20, 0x00, 0x0f, 0x1f, 0x44, 0x00, 0x00, 0xf3, 0x0f, 0x1e, 0xfa,
  0xf2, 0xff, 0x25, 0x65, 0x20, 0x20, 0x00, 0x0f, 0x1f, 0x44, 0x00, 0x00,
  0xf3, 0x0f, 0x1e, 0xfa, 0xf2, 0xff, 0x25, 0x5d, 0x20, 0x20, 0x00, 0x0f,
  0x1f, 0x44, 0x00, 0x00, 0xf3, 0x0f, 0x1e, 0xfa, 0xf2, 0xff, 0x25, 0x55,
  0x20, 0x20, 0x00, 0x0f, 0x1f, 0x44, 0x00, 0x00, 0xf3, 0x0f, 0x1e, 0xfa,
  0xf2, 0xff, 0x25, 0x4d, 0x20, 0x20, 0x00, 0x0f, 0x1f, 0x44, 0x00, 0x00,
  0xf3, 0x0f, 0x1e, 0xfa, 0xf2, 0xff, 0x25, 0x45, 0x20, 0x20, 0x00, 0x0f,
  0x1f, 0x44, 0x00, 0x00, 0xf3, 0x0f, 0x1e, 0xfa, 0xf2, 0xff, 0x25, 0x3d,
  0x20, 0x20, 0x00, 0x0f, 0x1f, 0x44, 0x00, 0x00, 0xf3, 0x0f, 0x1e, 0xfa,
  0xf2, 0xff, 0x25, 0x35, 0x20, 0x20, 0x00, 0x0f, 0x1f, 0x44, 0x00, 0x00,
  0xf3, 0x0f, 0x1e, 0xfa, 0xf2, 0xff, 0x25, 0x2d, 0x20, 0x20, 0x00, 0x0f,
  0x1f, 0x44, 0x00, 0x00, 0xf3, 0x0f, 0x1e, 0xfa, 0xf2, 0xff, 0x25, 0x25,
  0x20, 0x20, 0x00, 0x0f, 0x1f, 0x44, 0x00, 0x00, 0xf3, 0x0f, 0x1e, 0xfa,
  0xf2, 0xff, 0x25, 0x1d, 0x20, 0x20, 0x00, 0x0f, 0x1f, 0x44, 0x00, 0x00,
  0xf3, 0x0f, 0x1e, 0xfa, 0xf2, 0xff, 0x25, 0x15, 0x20, 0x20, 0x00, 0x0f,
  0x1f, 0x44, 0x00, 0x00, 0xf3, 0x0f, 0x1e, 0xfa, 0xf2, 0xff, 0x25, 0x0d,
  0x20, 0x20, 0x00, 0x0f, 0x1f, 0x44, 0x00, 0x00, 0xf3, 0x0f, 0x1e, 0xfa,
  0xf2, 0xff, 0x25, 0x05, 0x20, 0x20, 0x00, 0x0f, 0x1f, 0x44, 0x00, 0x00,
  0xf3, 0x0f, 0x1e, 0xfa, 0xf2, 0xff, 0x25, 0xfd, 0x1f, 0x20, 0x00, 0x0f,
  0x1f, 0x44, 0x00, 0x00, 0xf3, 0x0f, 0x1e, 0xfa, 0xf2, 0xff, 0x25, 0xf5,
  0x1f, 0x20, 0x00, 0x0f, 0x1f, 0x44, 0x00, 0x00, 0xf3, 0x0f, 0x1e, 0xfa,
  0xf2, 0xff, 0x25, 0xed, 0x1f, 0x20, 0x00, 0x0f, 0x1f, 0x44, 0x00, 0x00,
  0x48, 0x8d, 0x3d, 0x09, 0x20, 0x20, 0x00, 0x48, 0x8d, 0x05, 0x02, 0x20,
  0x20, 0x00, 0x48, 0x39, 0xf8, 0x74, 0x15, 0x48, 0x8b, 0x05, 0xd6, 0x1f,
  0x20, 0x00, 0x48, 0x85, 0xc0, 0x74, 0x09, 0xff, 0xe0, 0x0f, 0x1f, 0x80,
  0x00, 0x00, 0x00, 0x00, 0xc3, 0x0f, 0x1f, 0x80, 0x00, 0x00, 0x00, 0x00,
  0x48, 0x8d, 0x3d, 0xd9, 0x1f, 0x20, 0x00, 0x48, 0x8d, 0x35, 0xd2, 0x1f,
  0x20, 0x00, 0x48, 0x29, 0xfe, 0x48, 0xc1, 0xfe, 0x03, 0x48, 0x89, 0xf0,
  0x48, 0xc1, 0xe8, 0x3f, 0x48, 0x01, 0xc6, 0x48, 0xd1, 0xfe, 0x74, 0x14,
  0x48, 0x8b, 0x05, 0xa5, 0x1f, 0x20, 0x00, 0x48, 0x85, 0xc0, 0x74, 0x08,
  0xff, 0xe0, 0x66, 0x0f, 0x1f, 0x44, 0x00, 0x00, 0xc3, 0x0f, 0x1f, 0x80,
  0x00, 0x00, 0x00, 0x00, 0xf3, 0x0f, 0x1e, 0xfa, 0x80, 0x3d, 0x95, 0x1f,
  0x20, 0x00, 0x00, 0x75, 0x2b, 0x55, 0x48, 0x83, 0x3d, 0x82, 0x1f, 0x20,
  0x00, 0x00, 0x48, 0x89, 0xe5, 0x74, 0x0c, 0x48, 0x8d, 0x3d, 0x66, 0x1c,
  0x20, 0x00, 0xe8, 0x59, 0xff, 0xff, 0xff, 0xe8, 0x64, 0xff, 0xff, 0xff,
  0xc6, 0x05, 0x6d, 0x1f, 0x20, 0x00, 0x01, 0x5d, 0xc3, 0x0f, 0x1f, 0x00,
  0xc3, 0x0f, 0x1f, 0x80, 0x00, 0x00, 0x00, 0x00, 0xf3, 0x0f, 0x1e, 0xfa,
  0xe9, 0x77, 0xff, 0xff, 0xff, 0x0f, 0x1f, 0x80, 0x00, 0x00, 0x00, 0x00,
  0xf3, 0x0f, 0x1e, 0xfa, 0x48, 0x85, 0xff, 0x74, 0x47, 0x53, 0x48, 0x89,
  0xfb, 0x48, 0x8b, 0x7f, 0x08, 0xe8, 0x7a, 0xfd, 0xff, 0xff, 0x48, 0x8b,
  0x7b, 0x18, 0xe8, 0x71, 0xfd, 0xff, 0xff, 0x48, 0x8b, 0x7b, 0x28, 0xe8,
  0x68, 0xfd, 0xff, 0xff, 0x48, 0x8b, 0x7b, 0x38, 0x48, 0x85, 0xff, 0x74,
  0x14, 0x0f, 0xb7, 0x53, 0x30, 0x31, 0xf6, 0xe8, 0xe4, 0xfd, 0xff, 0xff,
  0x48, 0x8b, 0x7b, 0x38, 0xe8, 0x4b, 0xfd, 0xff, 0xff, 0x48, 0x89, 0xdf,
  0x5b, 0xe9, 0x42, 0xfd, 0xff, 0xff, 0x66, 0x90, 0xc3, 0x66, 0x2e, 0x0f,
  0x1f, 0x84, 0x00, 0x00, 0x00, 0x00, 0x00, 0x0f, 0x1f, 0x44, 0x00, 0x00,
  0xf3, 0x0f, 0x1e, 0xfa, 0x48, 0x83, 0xec, 0x08, 0x48, 0x8b, 0x3d, 0xf9,
  0x1e, 0x20, 0x00, 0xe8, 0x1c, 0xfd, 0xff, 0xff, 0x48, 0xc7, 0x05, 0xe9,
  0x1e, 0x20, 0x00, 0x00, 0x00, 0x00, 0x00, 0x48, 0x83, 0xc4, 0x08, 0xc3,
  0x66, 0x90, 0x66, 0x2e, 0x0f, 0x1f, 0x84, 0x00, 0x00, 0x00, 0x00, 0x00,
  0xf3, 0x0f, 0x1e, 0xfa, 0x41, 0x54, 0x48, 0x8d, 0x3d, 0xa1, 0x0b, 0x00,
  0x00, 0x55, 0x53, 0xe8, 0xcc, 0xfc, 0xff, 0xff, 0x48, 0x89, 0xc3, 0x48,
  0x85, 0xc0, 0x74, 0x0c, 0x48, 0x89, 0xd8, 0x5b, 0x5d, 0x41, 0x5c, 0xc3,
  0x0f, 0x1f, 0x40, 0x00, 0x48, 0x8d, 0x3d, 0x8a, 0x0b, 0x00, 0x00, 0xe8,
  0xac, 0xfc, 0xff, 0xff, 0x48, 0x89, 0xc3, 0x48, 0x85, 0xc0, 0x74, 0xe0,
  0x48, 0x89, 0xc7, 0xe8, 0x2c, 0xfd, 0xff, 0xff, 0x48, 0x8b, 0x35, 0x85,
  0x1e, 0x20, 0x00, 0x4c, 0x8b, 0x25, 0x86, 0x1e, 0x20, 0x00, 0x48, 0x8d,
  0x68, 0x0d, 0x48, 0x39, 0xee, 0x72, 0x55, 0x4d, 0x85, 0xe4, 0x74, 0x50,
  0x80, 0x3b, 0x2f, 0x48, 0x8d, 0x05, 0x37, 0x0b, 0x00, 0x00, 0x75, 0x0c,
  0x80, 0x7b, 0x01, 0x00, 0x48, 0x8d, 0x50, 0x01, 0x48, 0x0f, 0x44, 0xc2,
  0x48, 0x83, 0xec, 0x08, 0x49, 0x89, 0xd9, 0xba, 0x01, 0x00, 0x00, 0x00,
  0x50, 0x4c, 0x89, 0xe7, 0x4c, 0x8d, 0x05, 0x2f, 0x0b, 0x00, 0x00, 0x31,
  0xc0, 0x48, 0xc7, 0xc1, 0xff, 0xff, 0xff, 0xff, 0xe8, 0x53, 0xfc, 0xff,
  0xff, 0x48, 0x8b, 0x1d, 0x34, 0x1e, 0x20, 0x00, 0x58, 0x5a, 0x48, 0x89,
  0xd8, 0x5b, 0x5d, 0x41, 0x5c, 0xc3, 0x66, 0x90, 0x4c, 0x89, 0xe7, 0xe8,
  0x48, 0xfc, 0xff, 0xff, 0x48, 0x89, 0xef, 0xe8, 0x30, 0xfd, 0xff, 0xff,
  0x49, 0x89, 0xc4, 0x48, 0x89, 0x05, 0x0e, 0x1e, 0x20, 0x00, 0x48, 0x85,
  0xc0, 0x74, 0x41, 0x8b, 0x0d, 0xf3, 0x1d, 0x20, 0x00, 0x85, 0xc9, 0x74,
  0x17, 0x48, 0x89, 0x2d, 0xf0, 0x1d, 0x20, 0x00, 0x48, 0x89, 0xee, 0xe9,
  0x78, 0xff, 0xff, 0xff, 0x0f, 0x1f, 0x84, 0x00, 0x00, 0x00, 0x00, 0x00,
  0x48, 0x8d, 0x3d, 0xd9, 0xfe, 0xff, 0xff, 0xe8, 0x84, 0x0a, 0x00, 0x00,
  0xc7, 0x05, 0xc2, 0x1d, 0x20, 0x00, 0x01, 0x00, 0x00, 0x00, 0xeb, 0xd1,
  0x0f, 0x1f, 0x84, 0x00, 0x00, 0x00, 0x00, 0x00, 0x48, 0xc7, 0x05, 0xb5,
  0x1d, 0x20, 0x00, 0x00, 0x00, 0x00, 0x00, 0x31, 0xdb, 0xe9, 0xfa, 0xfe,
  0xff, 0xff, 0x66, 0x2e, 0x0f, 0x1f, 0x84, 0x00, 0x00, 0x00, 0x00, 0x00,
  0x0f, 0x1f, 0x40, 0x00, 0xf3, 0x0f, 0x1e, 0xfa, 0x41, 0x57, 0x41, 0x56,
  0x41, 0x89, 0xf6, 0x41, 0x55, 0x45, 0x89, 0xcd, 0x41, 0x54, 0x41, 0x89,
  0xcc, 0x55, 0x53, 0x89, 0xfb, 0x48, 0x83, 0xec, 0x28, 0x48, 0x89, 0x54,
  0x24, 0x10, 0x4c, 0x89, 0x44, 0x24, 0x18, 0xe8, 0x34, 0xfd, 0xff, 0xff,
  0x48, 0x85, 0xc0, 0x0f, 0x84, 0x23, 0x01, 0x00, 0x00, 0xbe, 0x04, 0x00,
  0x00, 0x00, 0x48, 0x89, 0xc7, 0x48, 0x89, 0xc5, 0xe8, 0xab, 0xfc, 0xff,
  0xff, 0x85, 0xc0, 0x0f, 0x85, 0x0b, 0x01, 0x00, 0x00, 0x48, 0x89, 0xef,
  0x48, 0x8d, 0x35, 0x3c, 0x0a, 0x00, 0x00, 0xe8, 0xa4, 0xfc, 0xff, 0xff,
  0x48, 0x89, 0xc5, 0x48, 0x85, 0xc0, 0x0f, 0x84, 0xf0, 0x00, 0x00, 0x00,
  0x41, 0x0f, 0xb7, 0xc5, 0x48, 0x89, 0x44, 0x24, 0x08, 0xeb, 0x1f, 0x0f,
  0x1f, 0x44, 0x00, 0x00, 0x0f, 0xb7, 0x00, 0x66, 0x83, 0xf8, 0xff, 0x74,
  0x27, 0x66, 0x39, 0xd8, 0x0f, 0x84, 0x9e, 0x00, 0x00, 0x00, 0x4c, 0x89,
  0xff, 0xe8, 0xfe, 0xfb, 0xff, 0xff, 0x48, 0x89, 0xef, 0xe8, 0x36, 0xfc,
  0xff, 0xff, 0x49, 0x89, 0xc7, 0x48, 0x85, 0xc0, 0x74, 0x66, 0x66, 0x83,
  0xfb, 0xff, 0x75, 0xd0, 0x66, 0x45, 0x85, 0xe4, 0x74, 0x2a, 0x41, 0x0f,
  0xb7, 0x47, 0x10, 0x66, 0x85, 0xc0, 0x74, 0x20, 0x66, 0x44, 0x39, 0xe0,
  0x75, 0xcc, 0x49, 0x8b, 0x7f, 0x18, 0x48, 0x8b, 0x74, 0x24, 0x18, 0x41,
  0x0f, 0xb7, 0xd4, 0xe8, 0xb0, 0xfb, 0xff, 0xff, 0x85, 0xc0, 0x75, 0xb6,
  0x0f, 0x1f, 0x40, 0x00, 0x66, 0x45, 0x85, 0xed, 0x74, 0x2a, 0x41, 0x0f,
  0xb7, 0x47, 0x20, 0x66, 0x85, 0xc0, 0x74, 0x20, 0x66, 0x44, 0x39, 0xe8,
  0x75, 0x9c, 0x49, 0x8b, 0x7f, 0x28, 0x48, 0x8b, 0x54, 0x24, 0x08, 0x48,
  0x8b, 0x74, 0x24, 0x60, 0xe8, 0x7f, 0xfb, 0xff, 0xff, 0x85, 0xc0, 0x75,
  0x85, 0x0f, 0x1f, 0x00, 0x48, 0x89, 0xef, 0xe8, 0x20, 0xfb, 0xff, 0xff,
  0x48, 0x83, 0xc4, 0x28, 0x4c, 0x89, 0xf8, 0x5b, 0x5d, 0x41, 0x5c, 0x41,
  0x5d, 0x41, 0x5e, 0x41, 0x5f, 0xc3, 0x66, 0x0f, 0x1f, 0x44, 0x00, 0x00,
  0x66, 0x45, 0x39, 0x77, 0x02, 0x0f, 0x85, 0x57, 0xff, 0xff, 0xff, 0x49,
  0x8b, 0x7f, 0x08, 0x48, 0x8b, 0x74, 0x24, 0x10, 0x41, 0x0f, 0xb7, 0xd6,
  0xe8, 0x3b, 0xfb, 0xff, 0xff, 0x85, 0xc0, 0x0f, 0x85, 0x3d, 0xff, 0xff,
  0xff, 0xe9, 0x56, 0xff, 0xff, 0xff, 0x66, 0x0f, 0x1f, 0x44, 0x00, 0x00,
  0x45, 0x31, 0xff, 0xeb, 0xb3, 0x0f, 0x1f, 0x00, 0xf3, 0x0f, 0x1e, 0xfa,
  0x41, 0x57, 0x41, 0x56, 0x41, 0x55, 0x41, 0x54, 0x55, 0x53, 0x48, 0x83,
  0xec, 0x48, 0x48, 0x89, 0x54, 0x24, 0x38, 0x48, 0x8b, 0x9c, 0x24, 0x88,
  0x00, 0x00, 0x00, 0x4c, 0x89, 0x44, 0x24, 0x30, 0x44, 0x89, 0x4c, 0x24,
  0x20, 0x66, 0x89, 0x7c, 0x24, 0x1e, 0x66, 0x89, 0x74, 0x24, 0x26, 0x66,
  0x89, 0x4c, 0x24, 0x24, 0xe8, 0xc3, 0xfb, 0xff, 0xff, 0x48, 0x85, 0xc0,
  0x0f, 0x84, 0x9a, 0x01, 0x00, 0x00, 0xbe, 0x04, 0x00, 0x00, 0x00, 0x48,
  0x89, 0xc7, 0x48, 0x89, 0xc5, 0xe8, 0x3a, 0xfb, 0xff, 0xff, 0x85, 0xc0,
  0x0f, 0x85, 0x82, 0x01, 0x00, 0x00, 0x48, 0x8d, 0x35, 0xce, 0x08, 0x00,
  0x00, 0x48, 0x89, 0xef, 0xe8, 0x33, 0xfb, 0xff, 0xff, 0x48, 0x89, 0x44,
  0x24, 0x10, 0x48, 0x85, 0xc0, 0x0f, 0x84, 0x65, 0x01, 0x00, 0x00, 0x48,
  0xc7, 0x44, 0x24, 0x28, 0x00, 0x00, 0x00, 0x00, 0xeb, 0x24, 0x66, 0x2e,
  0x0f, 0x1f, 0x84, 0x00, 0x00, 0x00, 0x00, 0x00, 0x0f, 0xb7, 0x00, 0x66,
  0x83, 0xf8, 0xff, 0x74, 0x32, 0x66, 0x39, 0xc8, 0x0f, 0x84, 0x0e, 0x01,
  0x00, 0x00, 0x4c, 0x89, 0xef, 0xe8, 0x86, 0xfa, 0xff, 0xff, 0x48, 0x8b,
  0x7c, 0x24, 0x10, 0xe8, 0xbc, 0xfa, 0xff, 0xff, 0x49, 0x89, 0xc5, 0x48,
  0x85, 0xc0, 0x0f, 0x84, 0x37, 0x01, 0x00, 0x00, 0x0f, 0xb7, 0x4c, 0x24,
  0x1e, 0x66, 0x83, 0xf9, 0xff, 0x75, 0xc5, 0x0f, 0xb7, 0x54, 0x24, 0x24,
  0x66, 0x85, 0xd2, 0x74, 0x2b, 0x41, 0x0f, 0xb7, 0x45, 0x10, 0x66, 0x85,
  0xc0, 0x74, 0x21, 0x66, 0x39, 0xd0, 0x75, 0xbe, 0x49, 0x8b, 0x7d, 0x18,
  0x48, 0x8b, 0x74, 0x24, 0x30, 0xe8, 0x2e, 0xfa, 0xff, 0xff, 0x85, 0xc0,
  0x75, 0xac, 0x66, 0x2e, 0x0f, 0x1f, 0x84, 0x00, 0x00, 0x00, 0x00, 0x00,
  0x8b, 0x44, 0x24, 0x20, 0x85, 0xc0, 0x0f, 0x84, 0x7c, 0x00, 0x00, 0x00,
  0x7e, 0x94, 0x45, 0x0f, 0xb7, 0x7d, 0x20, 0x44, 0x8d, 0x60, 0xff, 0x31,
  0xed, 0x4d, 0x89, 0xe6, 0x4d, 0x89, 0xec, 0x41, 0x0f, 0xb7, 0xf7, 0x48,
  0x89, 0x74, 0x24, 0x08, 0xeb, 0x12, 0x66, 0x0f, 0x1f, 0x44, 0x00, 0x00,
  0x48, 0x8d, 0x45, 0x01, 0x4c, 0x39, 0xf5, 0x74, 0x6f, 0x48, 0x89, 0xc5,
  0x44, 0x39, 0x3c, 0xab, 0x75, 0xee, 0x48, 0x8b, 0x84, 0x24, 0x80, 0x00,
  0x00, 0x00, 0x49, 0x8b, 0x74, 0x24, 0x28, 0x48, 0x8b, 0x54, 0x24, 0x08,
  0x48, 0x8b, 0x3c, 0xe8, 0xe8, 0x43, 0xf9, 0xff, 0xff, 0x85, 0xc0, 0x75,
  0xcf, 0x41, 0x89, 0xee, 0x4d, 0x89, 0xe5, 0x39, 0x6c, 0x24, 0x20, 0x0f,
  0x8e, 0x31, 0xff, 0xff, 0xff, 0x48, 0x8b, 0x44, 0x24, 0x28, 0x48, 0x85,
  0xc0, 0x74, 0x08, 0x48, 0x89, 0xc7, 0xe8, 0xad, 0xf9, 0xff, 0xff, 0x45,
  0x85, 0xf6, 0x75, 0x60, 0x48, 0x8b, 0x7c, 0x24, 0x10, 0xe8, 0x3e, 0xf9,
  0xff, 0xff, 0x48, 0x83, 0xc4, 0x48, 0x4c, 0x89, 0xe8, 0x5b, 0x5d, 0x41,
  0x5c, 0x41, 0x5d, 0x41, 0x5e, 0x41, 0x5f, 0xc3, 0x0f, 0x1f, 0x40, 0x00,
  0x4d, 0x89, 0xe5, 0xe9, 0xf2, 0xfe, 0xff, 0xff, 0x0f, 0xb7, 0x44, 0x24,
  0x26, 0x66, 0x41, 0x39, 0x45, 0x02, 0x0f, 0x85, 0xe2, 0xfe, 0xff, 0xff,
  0x49, 0x8b, 0x7d, 0x08, 0x48, 0x8b, 0x74, 0x24, 0x38, 0x0f, 0xb7, 0xd0,
  0xe8, 0x4f, 0xf9, 0xff, 0xff, 0x85, 0xc0, 0x0f, 0x85, 0xc9, 0xfe, 0xff,
  0xff, 0xe9, 0xed, 0xfe, 0xff, 0xff, 0x66, 0x90, 0x45, 0x31, 0xed, 0xeb,
  0xad, 0x0f, 0x1f, 0x00, 0x44, 0x89, 0x74, 0x24, 0x20, 0x4c, 0x89, 0x6c,
  0x24, 0x28, 0xe9, 0xb3, 0xfe, 0xff, 0xff, 0x4c, 0x8b, 0x6c, 0x24, 0x28,
  0xeb, 0x8a, 0x66, 0x90, 0xf3, 0x0f, 0x1e, 0xfa, 0x41, 0x57, 0x49, 0x89,
  0xcf, 0x41, 0x56, 0x41, 0x55, 0x41, 0x89, 0xd5, 0x41, 0x54, 0x49, 0x89,
  0xfc, 0x55, 0x53, 0x89, 0xf3, 0x48, 0x81, 0xec, 0xb8, 0x08, 0x00, 0x00,
  0x64, 0x48, 0x8b, 0x04, 0x25, 0x28, 0x00, 0x00, 0x00, 0x48, 0x89, 0x84,
  0x24, 0xa8, 0x08, 0x00, 0x00, 0x31, 0xc0, 0xe8, 0xa8, 0xf8, 0xff, 0xff,
  0x48, 0x3d, 0xfe, 0x03, 0x00, 0x00, 0x76, 0x30, 0xb8, 0x01, 0x00, 0x00,
  0x00, 0x48, 0x8b, 0x8c, 0x24, 0xa8, 0x08, 0x00, 0x00, 0x64, 0x48, 0x33,
  0x0c, 0x25, 0x28, 0x00, 0x00, 0x00, 0x0f, 0x85, 0x9b, 0x01, 0x00, 0x00,
  0x48, 0x81, 0xc4, 0xb8, 0x08, 0x00, 0x00, 0x5b, 0x5d, 0x41, 0x5c, 0x41,
  0x5d, 0x41, 0x5e, 0x41, 0x5f, 0xc3, 0x66, 0x90, 0x4d, 0x89, 0xe1, 0xb9,
  0x01, 0x04, 0x00, 0x00, 0xba, 0x01, 0x00, 0x00, 0x00, 0x31, 0xc0, 0x48,
  0x8d, 0xac, 0x24, 0x90, 0x00, 0x00, 0x00, 0x4c, 0x8d, 0x05, 0xa8, 0x06,
  0x00, 0x00, 0xbe, 0x01, 0x04, 0x00, 0x00, 0x48, 0x89, 0xef, 0x4c, 0x8d,
  0xb4, 0x24, 0xa0, 0x04, 0x00, 0x00, 0xe8, 0xbd, 0xf7, 0xff, 0xff, 0xba,
  0x01, 0x00, 0x00, 0x00, 0x4c, 0x89, 0xf7, 0x31, 0xc0, 0xbe, 0x01, 0x04,
  0x00, 0x00, 0x4d, 0x89, 0xe1, 0xb9, 0x01, 0x04, 0x00, 0x00, 0x4c, 0x8d,
  0x05, 0x7a, 0x06, 0x00, 0x00, 0xe8, 0x9a, 0xf7, 0xff, 0xff, 0x48, 0x89,
  0xe2, 0x48, 0x89, 0xee, 0xbf, 0x01, 0x00, 0x00, 0x00, 0xe8, 0x7a, 0xf8,
  0xff, 0xff, 0x83, 0xf8, 0xff, 0x74, 0x26, 0x31, 0xff, 0xe8, 0x5e, 0xf8,
  0xff, 0xff, 0x4d, 0x85, 0xff, 0x74, 0x0a, 0x48, 0x2b, 0x44, 0x24, 0x68,
  0x4c, 0x39, 0xf8, 0x7e, 0x10, 0x48, 0x89, 0xef, 0xe8, 0x97, 0xf7, 0xff,
  0xff, 0x4c, 0x89, 0xf7, 0xe8, 0x8f, 0xf7, 0xff, 0xff, 0x41, 0xbc, 0xff,
  0xff, 0xff, 0xff, 0x85, 0xdb, 0x7f, 0x1b, 0xe9, 0x90, 0x00, 0x00, 0x00,
  0x83, 0xf8, 0x11, 0x0f, 0x85, 0x27, 0xff, 0xff, 0xff, 0x44, 0x89, 0xef,
  0xe8, 0xcf, 0xf8, 0xff, 0xff, 0x83, 0xeb, 0x01, 0x74, 0x7a, 0x41, 0x83,
  0xfc, 0xff, 0x74, 0x34, 0x31, 0xf6, 0x48, 0x89, 0xef, 0xe8, 0x8a, 0xf7,
  0xff, 0xff, 0x48, 0x83, 0xf8, 0x01, 0x0f, 0x84, 0x90, 0x00, 0x00, 0x00,
  0x4c, 0x89, 0xf6, 0x48, 0x89, 0xef, 0xe8, 0x85, 0xf8, 0xff, 0xff, 0x83,
  0xf8, 0xff, 0x0f, 0x85, 0x9c, 0x00, 0x00, 0x00, 0xe8, 0x27, 0xf7, 0xff,
  0xff, 0x8b, 0x00, 0x83, 0xf8, 0x02, 0x75, 0xb0, 0xba, 0x80, 0x01, 0x00,
  0x00, 0xbe, 0xc1, 0x00, 0x00, 0x00, 0x48, 0x89, 0xef, 0x31, 0xc0, 0xe8,
  0x0c, 0xf8, 0xff, 0xff, 0x41, 0x89, 0xc4, 0x83, 0xf8, 0xff, 0x75, 0x34,
  0xe8, 0xff, 0xf6, 0xff, 0xff, 0x8b, 0x00, 0x83, 0xe8, 0x0d, 0x83, 0xe0,
  0xfb, 0x0f, 0x85, 0xb1, 0xfe, 0xff, 0xff, 0x44, 0x89, 0xef, 0xe8, 0x59,
  0xf8, 0xff, 0xff, 0x83, 0xeb, 0x01, 0x75, 0x8a, 0x0f, 0x1f, 0x40, 0x00,
  0xb8, 0x02, 0x00, 0x00, 0x00, 0xe9, 0x9b, 0xfe, 0xff, 0xff, 0x66, 0x0f,
  0x1f, 0x44, 0x00, 0x00, 0x89, 0xc7, 0xe8, 0x59, 0xf7, 0xff, 0xff, 0x31,
  0xf6, 0x48, 0x89, 0xef, 0xe8, 0xff, 0xf6, 0xff, 0xff, 0x48, 0x83, 0xf8,
  0x01, 0x0f, 0x85, 0x75, 0xff, 0xff, 0xff, 0x0f, 0x1f, 0x44, 0x00, 0x00,
  0x4c, 0x89, 0xf6, 0x48, 0x89, 0xef, 0xe8, 0xd5, 0xf7, 0xff, 0xff, 0x83,
  0xf8, 0xff, 0x0f, 0x94, 0xc0, 0x0f, 0xb6, 0xc0, 0xe9, 0x5c, 0xfe, 0xff,
  0xff, 0x0f, 0x1f, 0x80, 0x00, 0x00, 0x00, 0x00, 0x31, 0xc0, 0xe9, 0x4e,
  0xfe, 0xff, 0xff, 0xe8, 0xf4, 0xf6, 0xff, 0xff, 0x0f, 0x1f, 0x40, 0x00,
  0x53, 0x48, 0x89, 0xf1, 0xba, 0x01, 0x00, 0x00, 0x00, 0x48, 0x89, 0xfb,
  0xbe, 0x02, 0x00, 0x00, 0x00, 0x48, 0x83, 0xec, 0x10, 0x64, 0x48, 0x8b,
  0x04, 0x25, 0x28, 0x00, 0x00, 0x00, 0x48, 0x89, 0x44, 0x24, 0x08, 0x31,
  0xc0, 0x48, 0x8d, 0x7c, 0x24, 0x06, 0xe8, 0x81, 0xf6, 0xff, 0xff, 0x31,
  0xd2, 0x48, 0x83, 0xf8, 0x01, 0x75, 0x17, 0x0f, 0xb6, 0x44, 0x24, 0x06,
  0x0f, 0xb6, 0x54, 0x24, 0x07, 0xc1, 0xe0, 0x08, 0x01, 0xd0, 0xba, 0x01,
  0x00, 0x00, 0x00, 0x66, 0x89, 0x03, 0x48, 0x8b, 0x5c, 0x24, 0x08, 0x64,
  0x48, 0x33, 0x1c, 0x25, 0x28, 0x00, 0x00, 0x00, 0x89, 0xd0, 0x75, 0x06,
  0x48, 0x83, 0xc4, 0x10, 0x5b, 0xc3, 0xe8, 0x85, 0xf6, 0xff, 0xff, 0x0f,
  0x1f, 0x44, 0x00, 0x00, 0x41, 0x57, 0x41, 0x56, 0x41, 0x55, 0x49, 0x89,
  0xf5, 0x48, 0x89, 0xd6, 0x41, 0x54, 0x49, 0x89, 0xfc, 0x55, 0x48, 0x89,
  0xd5, 0x53, 0x48, 0x83, 0xec, 0x18, 0x64, 0x48, 0x8b, 0x04, 0x25, 0x28,
  0x00, 0x00, 0x00, 0x48, 0x89, 0x44, 0x24, 0x08, 0x31, 0xc0, 0x48, 0x8d,
  0x7c, 0x24, 0x06, 0xe8, 0x5c, 0xff, 0xff, 0xff, 0x85, 0xc0, 0x0f, 0x84,
  0x84, 0x00, 0x00, 0x00, 0x0f, 0xb7, 0x7c, 0x24, 0x06, 0x45, 0x31, 0xf6,
  0x66, 0x85, 0xff, 0x75, 0x37, 0x4d, 0x89, 0x75, 0x00, 0xb8, 0x01, 0x00,
  0x00, 0x00, 0x66, 0x41, 0x89, 0x3c, 0x24, 0x48, 0x8b, 0x4c, 0x24, 0x08,
  0x64, 0x48, 0x33, 0x0c, 0x25, 0x28, 0x00, 0x00, 0x00, 0x75, 0x5d, 0x48,
  0x83, 0xc4, 0x18, 0x5b, 0x5d, 0x41, 0x5c, 0x41, 0x5d, 0x41, 0x5e, 0x41,
  0x5f, 0xc3, 0x66, 0x2e, 0x0f, 0x1f, 0x84, 0x00, 0x00, 0x00, 0x00, 0x00,
  0x0f, 0xb7, 0xdf, 0x48, 0x89, 0xdf, 0xe8, 0x65, 0xf6, 0xff, 0xff, 0x49,
  0x89, 0xc7, 0x49, 0x89, 0xc6, 0x48, 0x85, 0xc0, 0x74, 0x2a, 0x48, 0x89,
  0xda, 0x48, 0x89, 0xc7, 0x48, 0x89, 0xe9, 0xbe, 0x01, 0x00, 0x00, 0x00,
  0xe8, 0x97, 0xf5, 0xff, 0xff, 0x0f, 0xb7, 0x54, 0x24, 0x06, 0x48, 0x89,
  0xd7, 0x48, 0x39, 0xc2, 0x74, 0x93, 0x4c, 0x89, 0xff, 0xe8, 0x42, 0xf5,
  0xff, 0xff, 0x66, 0x90, 0x31, 0xc0, 0xeb, 0x93, 0xe8, 0xb7, 0xf5, 0xff,
  0xff, 0x0f, 0x1f, 0x80, 0x00, 0x00, 0x00, 0x00, 0xf3, 0x0f, 0x1e, 0xfa,
  0x55, 0x48, 0x89, 0xfe, 0x48, 0x89, 0xfd, 0x53, 0x48, 0x83, 0xec, 0x58,
  0x64, 0x48, 0x8b, 0x04, 0x25, 0x28, 0x00, 0x00, 0x00, 0x48, 0x89, 0x44,
  0x24, 0x48, 0x31, 0xc0, 0x48, 0x89, 0xe3, 0x48, 0x89, 0xdf, 0xe8, 0x95,
  0xfe, 0xff, 0xff, 0x85, 0xc0, 0x0f, 0x84, 0xbd, 0x00, 0x00, 0x00, 0x48,
  0x8d, 0x73, 0x08, 0x48, 0x8d, 0x7b, 0x02, 0x48, 0x89, 0xea, 0xe8, 0xed,
  0xfe, 0xff, 0xff, 0x85, 0xc0, 0x0f, 0x84, 0xa5, 0x00, 0x00, 0x00, 0x48,
  0x8d, 0x73, 0x18, 0x48, 0x8d, 0x7b, 0x10, 0x48, 0x89, 0xea, 0xe8, 0xd5,
  0xfe, 0xff, 0xff, 0x85, 0xc0, 0x0f, 0x84, 0xad, 0x00, 0x00, 0x00, 0x48,
  0x8d, 0x73, 0x28, 0x48, 0x8d, 0x7b, 0x20, 0x48, 0x89, 0xea, 0xe8, 0xbd,
  0xfe, 0xff, 0xff, 0x85, 0xc0, 0x0f, 0x84, 0xa5, 0x00, 0x00, 0x00, 0x48,
  0x8d, 0x73, 0x38, 0x48, 0x8d, 0x7b, 0x30, 0x48, 0x89, 0xea, 0xe8, 0xa5,
  0xfe, 0xff, 0xff, 0x85, 0xc0, 0x74, 0x41, 0xbf, 0x40, 0x00, 0x00, 0x00,
  0xe8, 0x87, 0xf5, 0xff, 0xff, 0x48, 0x89, 0xc3, 0x48, 0x85, 0xc0, 0x0f,
  0x84, 0x9b, 0x00, 0x00, 0x00, 0x66, 0x0f, 0x6f, 0x04, 0x24, 0x66, 0x0f,
  0x6f, 0x4c, 0x24, 0x10, 0x66, 0x0f, 0x6f, 0x54, 0x24, 0x20, 0x66, 0x0f,
  0x6f, 0x5c, 0x24, 0x30, 0x0f, 0x11, 0x00, 0x0f, 0x11, 0x48, 0x10, 0x0f,
  0x11, 0x50, 0x20, 0x0f, 0x11, 0x58, 0x30, 0xeb, 0x25, 0x0f, 0x1f, 0x00,
  0x48, 0x8b, 0x7c, 0x24, 0x08, 0xe8, 0x56, 0xf4, 0xff, 0xff, 0x48, 0x8b,
  0x7c, 0x24, 0x18, 0xe8, 0x4c, 0xf4, 0xff, 0xff, 0x48, 0x8b, 0x7c, 0x24,
  0x28, 0xe8, 0x42, 0xf4, 0xff, 0xff, 0x66, 0x90, 0x31, 0xdb, 0x48, 0x8b,
  0x4c, 0x24, 0x48, 0x64, 0x48, 0x33, 0x0c, 0x25, 0x28, 0x00, 0x00, 0x00,
  0x48, 0x89, 0xd8, 0x75, 0x7e, 0x48, 0x83, 0xc4, 0x58, 0x5b, 0x5d, 0xc3,
  0x0f, 0x1f, 0x40, 0x00, 0x48, 0x8b, 0x7c, 0x24, 0x08, 0x31, 0xdb, 0xe8,
  0x14, 0xf4, 0xff, 0xff, 0xeb, 0xd4, 0x66, 0x90, 0x48, 0x8b, 0x7c, 0x24,
  0x08, 0x31, 0xdb, 0xe8, 0x04, 0xf4, 0xff, 0xff, 0x48, 0x8b, 0x7c, 0x24,
  0x18, 0xe8, 0xfa, 0xf3, 0xff, 0xff, 0xeb, 0xba, 0x0f, 0x1f, 0x84, 0x00,
  0x00, 0x00, 0x00, 0x00, 0x48, 0x8b, 0x7c, 0x24, 0x08, 0xe8, 0xe6, 0xf3,
  0xff, 0xff, 0x48, 0x8b, 0x7c, 0x24, 0x18, 0xe8, 0xdc, 0xf3, 0xff, 0xff,
  0x48, 0x8b, 0x7c, 0x24, 0x28, 0xe8, 0xd2, 0xf3, 0xff, 0xff, 0x48, 0x8b,
  0x7c, 0x24, 0x38, 0x48, 0x85, 0xff, 0x74, 0x88, 0x0f, 0xb7, 0x54, 0x24,
  0x30, 0x31, 0xf6, 0xe8, 0x4c, 0xf4, 0xff, 0xff, 0x48, 0x8b, 0x7c, 0x24,
  0x38, 0xe8, 0xb2, 0xf3, 0xff, 0xff, 0xe9, 0x6f, 0xff, 0xff, 0xff, 0xe8,
  0x28, 0xf4, 0xff, 0xff, 0x0f, 0x1f, 0x84, 0x00, 0x00, 0x00, 0x00, 0x00,
  0xf3, 0x0f, 0x1e, 0xfa, 0x41, 0x54, 0x55, 0x53, 0x48, 0x89, 0xfb, 0x48,
  0x81, 0xec, 0x20, 0x08, 0x00, 0x00, 0x64, 0x48, 0x8b, 0x04, 0x25, 0x28,
  0x00, 0x00, 0x00, 0x48, 0x89, 0x84, 0x24, 0x18, 0x08, 0x00, 0x00, 0x31,
  0xc0, 0xe8, 0xe6, 0xf3, 0xff, 0xff, 0x31, 0xd2, 0x48, 0x3d, 0xfe, 0x03,
  0x00, 0x00, 0x77, 0x66, 0x49, 0x89, 0xe4, 0x49, 0x89, 0xd9, 0x4c, 0x8d,
  0x05, 0x25, 0x02, 0x00, 0x00, 0x31, 0xc0, 0xb9, 0x01, 0x04, 0x00, 0x00,
  0xba, 0x01, 0x00, 0x00, 0x00, 0xbe, 0x01, 0x04, 0x00, 0x00, 0x4c, 0x89,
  0xe7, 0xe8, 0x36, 0xf3, 0xff, 0xff, 0xba, 0x01, 0x00, 0x00, 0x00, 0x49,
  0x89, 0xd9, 0x31, 0xc0, 0x48, 0x8d, 0xac, 0x24, 0x10, 0x04, 0x00, 0x00,
  0xb9, 0x01, 0x04, 0x00, 0x00, 0xbe, 0x01, 0x04, 0x00, 0x00, 0x4c, 0x8d,
  0x05, 0xee, 0x01, 0x00, 0x00, 0x48, 0x89, 0xef, 0xe8, 0x0b, 0xf3, 0xff,
  0xff, 0x4c, 0x89, 0xe7, 0xe8, 0x33, 0xf3, 0xff, 0xff, 0x48, 0x89, 0xef,
  0xe8, 0x2b, 0xf3, 0xff, 0xff, 0xba, 0x01, 0x00, 0x00, 0x00, 0x48, 0x8b,
  0x8c, 0x24, 0x18, 0x08, 0x00, 0x00, 0x64, 0x48, 0x33, 0x0c, 0x25, 0x28,
  0x00, 0x00, 0x00, 0x89, 0xd0, 0x75, 0x0c, 0x48, 0x81, 0xc4, 0x20, 0x08,
  0x00, 0x00, 0x5b, 0x5d, 0x41, 0x5c, 0xc3, 0xe8, 0x60, 0xf3, 0xff, 0xff,
  0x41, 0x54, 0x48, 0x89, 0xd1, 0x49, 0x89, 0xd4, 0xba, 0x01, 0x00, 0x00,
  0x00, 0x55, 0x48, 0x89, 0xf5, 0xbe, 0x02, 0x00, 0x00, 0x00, 0x53, 0x0f,
  0xb7, 0xdf, 0x66, 0xc1, 0xc7, 0x08, 0x48, 0x83, 0xec, 0x10, 0x64, 0x48,
  0x8b, 0x04, 0x25, 0x28, 0x00, 0x00, 0x00, 0x48, 0x89, 0x44, 0x24, 0x08,
  0x31, 0xc0, 0x66, 0x89, 0x7c, 0x24, 0x06, 0x48, 0x8d, 0x7c, 0x24, 0x06,
  0xe8, 0x0f, 0xf4, 0xff, 0xff, 0x31, 0xd2, 0x48, 0x83, 0xf8, 0x01, 0x75,
  0x1b, 0x48, 0x89, 0xda, 0x4c, 0x89, 0xe1, 0xbe, 0x01, 0x00, 0x00, 0x00,
  0x48, 0x89, 0xef, 0xe8, 0xf4, 0xf3, 0xff, 0xff, 0x31, 0xd2, 0x48, 0x39,
  0xc3, 0x0f, 0x94, 0xc2, 0x48, 0x8b, 0x4c, 0x24, 0x08, 0x64, 0x48, 0x33,
  0x0c, 0x25, 0x28, 0x00, 0x00, 0x00, 0x89, 0xd0, 0x75, 0x09, 0x48, 0x83,
  0xc4, 0x10, 0x5b, 0x5d, 0x41, 0x5c, 0xc3, 0xe8, 0xdc, 0xf2, 0xff, 0xff,
  0x66, 0x90, 0x66, 0x2e, 0x0f, 0x1f, 0x84, 0x00, 0x00, 0x00, 0x00, 0x00,
  0xf3, 0x0f, 0x1e, 0xfa, 0x55, 0x48, 0x89, 0xfd, 0xba, 0x01, 0x00, 0x00,
  0x00, 0x53, 0x48, 0x89, 0xe9, 0x48, 0x89, 0xf3, 0x48, 0x83, 0xec, 0x18,
  0x64, 0x48, 0x8b, 0x04, 0x25, 0x28, 0x00, 0x00, 0x00, 0x48, 0x89, 0x44,
  0x24, 0x08, 0x31, 0xc0, 0x0f, 0xb7, 0x06, 0x48, 0x8d, 0x7c, 0x24, 0x06,
  0xbe, 0x02, 0x00, 0x00, 0x00, 0x66, 0xc1, 0xc0, 0x08, 0x66, 0x89, 0x44,
  0x24, 0x06, 0xe8, 0x7d, 0xf3, 0xff, 0xff, 0x31, 0xd2, 0x48, 0x83, 0xf8,
  0x01, 0x75, 0x16, 0x48, 0x8b, 0x73, 0x08, 0x0f, 0xb7, 0x7b, 0x02, 0x48,
  0x89, 0xea, 0xe8, 0x15, 0xff, 0xff, 0xff, 0x85, 0xc0, 0x75, 0x21, 0x31,
  0xd2, 0x48, 0x8b, 0x4c, 0x24, 0x08, 0x64, 0x48, 0x33, 0x0c, 0x25, 0x28,
  0x00, 0x00, 0x00, 0x89, 0xd0, 0x75, 0x4e, 0x48, 0x83, 0xc4, 0x18, 0x5b,
  0x5d, 0xc3, 0x66, 0x0f, 0x1f, 0x44, 0x00, 0x00, 0x48, 0x8b, 0x73, 0x18,
  0x0f, 0xb7, 0x7b, 0x10, 0x48, 0x89, 0xea, 0xe8, 0xe0, 0xfe, 0xff, 0xff,
  0x85, 0xc0, 0x74, 0xcb, 0x48, 0x8b, 0x73, 0x28, 0x0f, 0xb7, 0x7b, 0x20,
  0x48, 0x89, 0xea, 0xe8, 0xcc, 0xfe, 0xff, 0xff, 0x85, 0xc0, 0x74, 0xb7,
  0x48, 0x8b, 0x73, 0x38, 0x0f, 0xb7, 0x7b, 0x30, 0x48, 0x89, 0xea, 0xe8,
  0xb8, 0xfe, 0xff, 0xff, 0x31, 0xd2, 0x85, 0xc0, 0x0f, 0x95, 0xc2, 0xeb,
  0xa0, 0xe8, 0x0a, 0xf2, 0xff, 0xff, 0x66, 0x2e, 0x0f, 0x1f, 0x84, 0x00,
  0x00, 0x00, 0x00, 0x00, 0xf3, 0x0f, 0x1e, 0xfa, 0x48, 0x8b, 0x15, 0x1d,
  0x10, 0x20, 0x00, 0x31, 0xf6, 0xe9, 0xbe, 0xf2, 0xff, 0xff, 0x00, 0x00,
  0xf3, 0x0f, 0x1e, 0xfa, 0x48, 0x83, 0xec, 0x08, 0x48, 0x83, 0xc4, 0x08,
  0xc3, 0x2f, 0x2e, 0x58, 0x61, 0x75, 0x74, 0x68, 0x6f, 0x72, 0x69, 0x74,
  0x79, 0x00, 0x58, 0x41, 0x55, 0x54, 0x48, 0x4f, 0x52, 0x49, 0x54, 0x59,
  0x00, 0x48, 0x4f, 0x4d, 0x45, 0x00, 0x25, 0x73, 0x25, 0x73, 0x00, 0x72,
  0x62, 0x00, 0x25, 0x73, 0x2d, 0x63, 0x00, 0x25, 0x73, 0x2d, 0x6c, 0x00,
  0x01, 0x1b, 0x03, 0x3b, 0x84, 0x00, 0x00, 0x00, 0x0f, 0x00, 0x00, 0x00,
  0x30, 0xef, 0xff, 0xff, 0xa0, 0x00, 0x00, 0x00, 0x10, 0xf1, 0xff, 0xff,
  0xc8, 0x00, 0x00, 0x00, 0xa0, 0xf3, 0xff, 0xff, 0xe0, 0x00, 0x00, 0x00,
  0x00, 0xf4, 0xff, 0xff, 0x00, 0x01, 0x00, 0x00, 0x30, 0xf4, 0xff, 0xff,
  0x18, 0x01, 0x00, 0x00, 0x60, 0xf5, 0xff, 0xff, 0x60, 0x01, 0x00, 0x00,
  0xc0, 0xf6, 0xff, 0xff, 0xb0, 0x01, 0x00, 0x00, 0xc0, 0xf8, 0xff, 0xff,
  0x00, 0x02, 0x00, 0x00, 0xc0, 0xfa, 0xff, 0xff, 0x50, 0x02, 0x00, 0x00,
  0x30, 0xfb, 0xff, 0xff, 0x74, 0x02, 0x00, 0x00, 0x00, 0xfc, 0xff, 0xff,
  0xc0, 0x02, 0x00, 0x00, 0x90, 0xfd, 0xff, 0xff, 0xf0, 0x02, 0x00, 0x00,
  0x50, 0xfe, 0xff, 0xff, 0x28, 0x03, 0x00, 0x00, 0xe0, 0xfe, 0xff, 0xff,
  0x5c, 0x03, 0x00, 0x00, 0xb0, 0xff, 0xff, 0xff, 0x88, 0x03, 0x00, 0x00,
  0x00, 0x00, 0x00, 0x00, 0x14, 0x00, 0x00, 0x00, 0x00, 0x00, 0x00, 0x00,
  0x01, 0x7a, 0x52, 0x00, 0x01, 0x78, 0x10, 0x01, 0x1b, 0x0c, 0x07, 0x08,
  0x90, 0x01, 0x00, 0x00, 0x24, 0x00, 0x00, 0x00, 0x1c, 0x00, 0x00, 0x00,
  0x88, 0xee, 0xff, 0xff, 0xe0, 0x01, 0x00, 0x00, 0x00, 0x0e, 0x10, 0x46,
  0x0e, 0x18, 0x4a, 0x0f, 0x0b, 0x77, 0x08, 0x80, 0x00, 0x3f, 0x1a, 0x3a,
  0x2a, 0x33, 0x24, 0x22, 0x00, 0x00, 0x00, 0x00, 0x14, 0x00, 0x00, 0x00,
  0x44, 0x00, 0x00, 0x00, 0x40, 0xf0, 0xff, 0xff, 0xd0, 0x01, 0x00, 0x00,
  0x00, 0x00, 0x00, 0x00, 0x00, 0x00, 0x00, 0x00, 0x1c, 0x00, 0x00, 0x00,
  0x5c, 0x00, 0x00, 0x00, 0xb8, 0xf2, 0xff, 0xff, 0x51, 0x00, 0x00, 0x00,
  0x00, 0x4a, 0x0e, 0x10, 0x83, 0x02, 0x7f, 0xc3, 0x0e, 0x08, 0x00, 0x00,
  0x00, 0x00, 0x00, 0x00, 0x14, 0x00, 0x00, 0x00, 0x7c, 0x00, 0x00, 0x00,
  0xf8, 0xf2, 0xff, 0xff, 0x24, 0x00, 0x00, 0x00, 0x00, 0x48, 0x0e, 0x10,
  0x5b, 0x0e, 0x08, 0x00, 0x44, 0x00, 0x00, 0x00, 0x94, 0x00, 0x00, 0x00,
  0x10, 0xf3, 0xff, 0xff, 0x22, 0x01, 0x00, 0x00, 0x00, 0x46, 0x0e, 0x10,
  0x8c, 0x02, 0x48, 0x0e, 0x18, 0x86, 0x03, 0x41, 0x0e, 0x20, 0x83, 0x04,
  0x51, 0x0a, 0x0e, 0x18, 0x41, 0x0e, 0x10, 0x42, 0x0e, 0x08, 0x45, 0x0b,
  0x02, 0x54, 0x0e, 0x28, 0x49, 0x0e, 0x30, 0x60, 0x0e, 0x28, 0x41, 0x0e,
  0x20, 0x44, 0x0a, 0x0e, 0x18, 0x41, 0x0e, 0x10, 0x42, 0x0e, 0x08, 0x43,
  0x0b, 0x00, 0x00, 0x00, 0x4c, 0x00, 0x00, 0x00, 0xdc, 0x00, 0x00, 0x00,
  0xf8, 0xf3, 0xff, 0xff, 0x5d, 0x01, 0x00, 0x00, 0x00, 0x46, 0x0e, 0x10,
  0x8f, 0x02, 0x42, 0x0e, 0x18, 0x8e, 0x03, 0x45, 0x0e, 0x20, 0x8d, 0x04,
  0x45, 0x0e, 0x28, 0x8c, 0x05, 0x44, 0x0e, 0x30, 0x86, 0x06, 0x41, 0x0e,
  0x38, 0x83, 0x07, 0x46, 0x0e, 0x60, 0x02, 0xf7, 0x0a, 0x0e, 0x38, 0x44,
  0x0e, 0x30, 0x41, 0x0e, 0x28, 0x42, 0x0e, 0x20, 0x42, 0x0e, 0x18, 0x42,
  0x0e, 0x10, 0x42, 0x0e, 0x08, 0x47, 0x0b, 0x00, 0x00, 0x00, 0x00, 0x00,
  0x4c, 0x00, 0x00, 0x00, 0x2c, 0x01, 0x00, 0x00, 0x08, 0xf5, 0xff, 0xff,
  0xfe, 0x01, 0x00, 0x00, 0x00, 0x46, 0x0e, 0x10, 0x8f, 0x02, 0x42, 0x0e,
  0x18, 0x8e, 0x03, 0x42, 0x0e, 0x20, 0x8d, 0x04, 0x42, 0x0e, 0x28, 0x8c,
  0x05, 0x41, 0x0e, 0x30, 0x86, 0x06, 0x41, 0x0e, 0x38, 0x83, 0x07, 0x44,
  0x0e, 0x80, 0x01, 0x03, 0x84, 0x01, 0x0a, 0x0e, 0x38, 0x44, 0x0e, 0x30,
  0x41, 0x0e, 0x28, 0x42, 0x0e, 0x20, 0x42, 0x0e, 0x18, 0x42, 0x0e, 0x10,
  0x42, 0x0e, 0x08, 0x45, 0x0b, 0x00, 0x00, 0x00, 0x4c, 0x00, 0x00, 0x00,
  0x7c, 0x01, 0x00, 0x00, 0xb8, 0xf6, 0xff, 0xff, 0xfc, 0x01, 0x00, 0x00,
  0x00, 0x46, 0x0e, 0x10, 0x8f, 0x02, 0x45, 0x0e, 0x18, 0x8e, 0x03, 0x42,
  0x0e, 0x20, 0x8d, 0x04, 0x45, 0x0e, 0x28, 0x8c, 0x05, 0x44, 0x0e, 0x30,
  0x86, 0x06, 0x41, 0x0e, 0x38, 0x83, 0x07, 0x49, 0x0e, 0xf0, 0x11, 0x02,
  0x43, 0x0a, 0x0e, 0x38, 0x41, 0x0e, 0x30, 0x41, 0x0e, 0x28, 0x42, 0x0e,
  0x20, 0x42, 0x0e, 0x18, 0x42, 0x0e, 0x10, 0x42, 0x0e, 0x08, 0x43, 0x0b,
  0x00, 0x00, 0x00, 0x00, 0x20, 0x00, 0x00, 0x00, 0xcc, 0x01, 0x00, 0x00,
  0x68, 0xf8, 0xff, 0xff, 0x6b, 0x00, 0x00, 0x00, 0x00, 0x41, 0x0e, 0x10,
  0x83, 0x02, 0x54, 0x0e, 0x20, 0x02, 0x4f, 0x0a, 0x0e, 0x10, 0x41, 0x0e,
  0x08, 0x41, 0x0b, 0x00, 0x48, 0x00, 0x00, 0x00, 0xf0, 0x01, 0x00, 0x00,
  0xb4, 0xf8, 0xff, 0xff, 0xc9, 0x00, 0x00, 0x00, 0x00, 0x42, 0x0e, 0x10,
  0x8f, 0x02, 0x42, 0x0e, 0x18, 0x8e, 0x03, 0x42, 0x0e, 0x20, 0x8d, 0x04,
  0x48, 0x0e, 0x28, 0x8c, 0x05, 0x44, 0x0e, 0x30, 0x86, 0x06, 0x44, 0x0e,
  0x38, 0x83, 0x07, 0x44, 0x0e, 0x50, 0x02, 0x51, 0x0a, 0x0e, 0x38, 0x41,
  0x0e, 0x30, 0x41, 0x0e, 0x28, 0x42, 0x0e, 0x20, 0x42, 0x0e, 0x18, 0x42,
  0x0e, 0x10, 0x42, 0x0e, 0x08, 0x4b, 0x0b, 0x00, 0x2c, 0x00, 0x00, 0x00,
  0x3c, 0x02, 0x00, 0x00, 0x38, 0xf9, 0xff, 0xff, 0x88, 0x01, 0x00, 0x00,
  0x00, 0x45, 0x0e, 0x10, 0x86, 0x02, 0x47, 0x0e, 0x18, 0x83, 0x03, 0x44,
  0x0e, 0x70, 0x02, 0xf9, 0x0a, 0x0e, 0x18, 0x41, 0x0e, 0x10, 0x41, 0x0e,
  0x08, 0x45, 0x0b, 0x00, 0x00, 0x00, 0x00, 0x00, 0x34, 0x00, 0x00, 0x00,
  0x6c, 0x02, 0x00, 0x00, 0x98, 0xfa, 0xff, 0xff, 0xc0, 0x00, 0x00, 0x00,
  0x00, 0x46, 0x0e, 0x10, 0x8c, 0x02, 0x41, 0x0e, 0x18, 0x86, 0x03, 0x41,
  0x0e, 0x20, 0x83, 0x04, 0x4a, 0x0e, 0xc0, 0x10, 0x02, 0xa4, 0x0a, 0x0e,
  0x20, 0x41, 0x0e, 0x18, 0x41, 0x0e, 0x10, 0x42, 0x0e, 0x08, 0x41, 0x0b,
  0x00, 0x00, 0x00, 0x00, 0x30, 0x00, 0x00, 0x00, 0xa4, 0x02, 0x00, 0x00,
  0x20, 0xfb, 0xff, 0xff, 0x84, 0x00, 0x00, 0x00, 0x00, 0x42, 0x0e, 0x10,
  0x8c, 0x02, 0x4c, 0x0e, 0x18, 0x86, 0x03, 0x49, 0x0e, 0x20, 0x83, 0x04,
  0x4b, 0x0e, 0x30, 0x02, 0x58, 0x0a, 0x0e, 0x20, 0x41, 0x0e, 0x18, 0x41,
  0x0e, 0x10, 0x42, 0x0e, 0x08, 0x41, 0x0b, 0x00, 0x28, 0x00, 0x00, 0x00,
  0xd8, 0x02, 0x00, 0x00, 0x7c, 0xfb, 0xff, 0xff, 0xc6, 0x00, 0x00, 0x00,
  0x00, 0x45, 0x0e, 0x10, 0x86, 0x02, 0x49, 0x0e, 0x18, 0x83, 0x03, 0x4a,
  0x0e, 0x30, 0x02, 0x5f, 0x0a, 0x0e, 0x18, 0x41, 0x0e, 0x10, 0x41, 0x0e,
  0x08, 0x47, 0x0b, 0x00, 0x10, 0x00, 0x00, 0x00, 0x04, 0x03, 0x00, 0x00,
  0x20, 0xfc, 0xff, 0xff, 0x12, 0x00, 0x00, 0x00, 0x00, 0x00, 0x00, 0x00,
  0x00, 0x00, 0x00, 0x00, 0x04, 0x00, 0x00, 0x00, 0x10, 0x00, 0x00, 0x00,
  0x05, 0x00, 0x00, 0x00, 0x47, 0x4e, 0x55, 0x00, 0x02, 0x00, 0x00, 0xc0,
  0x04, 0x00, 0x00, 0x00, 0x03, 0x00, 0x00, 0x00, 0x00, 0x00, 0x00, 0x00,
  0x00, 0x00, 0x00, 0x00, 0x00, 0x00, 0x00, 0x00, 0x00, 0x00, 0x00, 0x00,
  0x00, 0x00, 0x00, 0x00, 0x00, 0x00, 0x00, 0x00, 0x00, 0x00, 0x00, 0x00,
  0x00, 0x00, 0x00, 0x00, 0x00, 0x00, 0x00, 0x00, 0x00, 0x00, 0x00, 0x00,
  0x00, 0x00, 0x00, 0x00, 0x00, 0x00, 0x00, 0x00, 0x00, 0x00, 0x00, 0x00,
  0x00, 0x00, 0x00, 0x00, 0x00, 0x00, 0x00, 0x00, 0x00, 0x00, 0x00, 0x00,
  0x00, 0x00, 0x00, 0x00, 0x00, 0x00, 0x00, 0x00, 0x00, 0x00, 0x00, 0x00,
  0x00, 0x00, 0x00, 0x00, 0x00, 0x00, 0x00, 0x00, 0x00, 0x00, 0x00, 0x00,
  0x00, 0x00, 0x00, 0x00, 0x00, 0x00, 0x00, 0x00, 0x00, 0x00, 0x00, 0x00,
  0x00, 0x00, 0x00, 0x00, 0x00, 0x00, 0x00, 0x00, 0x00, 0x00, 0x00, 0x00,
  0x00, 0x00, 0x00, 0x00, 0x00, 0x00, 0x00, 0x00, 0x00, 0x00, 0x00, 0x00,
  0x00, 0x00, 0x00, 0x00, 0x00, 0x00, 0x00, 0x00, 0x00, 0x00, 0x00, 0x00,
  0x00, 0x00, 0x00, 0x00, 0x00, 0x00, 0x00, 0x00, 0x00, 0x00, 0x00, 0x00,
  0x00, 0x00, 0x00, 0x00, 0x00, 0x00, 0x00, 0x00, 0x00, 0x00, 0x00, 0x00,
  0x00, 0x00, 0x00, 0x00, 0x00, 0x00, 0x00, 0x00, 0x00, 0x00, 0x00, 0x00,
  0x00, 0x00, 0x00, 0x00, 0x00, 0x00, 0x00, 0x00, 0x00, 0x00, 0x00, 0x00,
  0x00, 0x00, 0x00, 0x00, 0x00, 0x00, 0x00, 0x00, 0x00, 0x00, 0x00, 0x00,
  0x00, 0x00, 0x00, 0x00, 0x00, 0x00, 0x00, 0x00, 0x00, 0x00, 0x00, 0x00,
  0x00, 0x00, 0x00, 0x00, 0x00, 0x00, 0x00, 0x00, 0x00, 0x00, 0x00, 0x00,
  0x00, 0x00, 0x00, 0x00, 0x00, 0x00, 0x00, 0x00, 0x00, 0x00, 0x00, 0x00,
  0x00, 0x00, 0x00, 0x00, 0x00, 0x00, 0x00, 0x00, 0x00, 0x00, 0x00, 0x00,
  0x00, 0x00, 0x00, 0x00, 0x00, 0x00, 0x00, 0x00, 0x00, 0x00, 0x00, 0x00,
  0x00, 0x00, 0x00, 0x00, 0x00, 0x00, 0x00, 0x00, 0x00, 0x00, 0x00, 0x00,
  0x00, 0x00, 0x00, 0x00, 0x00, 0x00, 0x00, 0x00, 0x00, 0x00, 0x00, 0x00,
  0x00, 0x00, 0x00, 0x00, 0x00, 0x00, 0x00, 0x00, 0x00, 0x00, 0x00, 0x00,
  0x00, 0x00, 0x00, 0x00, 0x00, 0x00, 0x00, 0x00, 0x00, 0x00, 0x00, 0x00,
  0x00, 0x00, 0x00, 0x00, 0x00, 0x00, 0x00, 0x00, 0x00, 0x00, 0x00, 0x00,
  0x00, 0x00, 0x00, 0x00, 0x00, 0x00, 0x00, 0x00, 0x00, 0x00, 0x00, 0x00,
  0x00, 0x00, 0x00, 0x00, 0x00, 0x00, 0x00, 0x00, 0x00, 0x00, 0x00, 0x00,
  0x00, 0x00, 0x00, 0x00, 0x00, 0x00, 0x00, 0x00, 0x00, 0x00, 0x00, 0x00,
  0x00, 0x00, 0x00, 0x00, 0x00, 0x00, 0x00, 0x00, 0x00, 0x00, 0x00, 0x00,
  0x00, 0x00, 0x00, 0x00, 0x00, 0x00, 0x00, 0x00, 0x00, 0x00, 0x00, 0x00,
  0x00, 0x00, 0x00, 0x00, 0x00, 0x00, 0x00, 0x00, 0x00, 0x00, 0x00, 0x00,
  0x00, 0x00, 0x00, 0x00, 0x00, 0x00, 0x00, 0x00, 0x00, 0x00, 0x00, 0x00,
  0x00, 0x00, 0x00, 0x00, 0x00, 0x00, 0x00, 0x00, 0x00, 0x00, 0x00, 0x00,
  0x00, 0x00, 0x00, 0x00, 0x00, 0x00, 0x00, 0x00, 0x00, 0x00, 0x00, 0x00,
  0x00, 0x00, 0x00, 0x00, 0x00, 0x00, 0x00, 0x00, 0x00, 0x00, 0x00, 0x00,
  0x00, 0x00, 0x00, 0x00, 0x00, 0x00, 0x00, 0x00, 0x00, 0x00, 0x00, 0x00,
  0x00, 0x00, 0x00, 0x00, 0x00, 0x00, 0x00, 0x00, 0x00, 0x00, 0x00, 0x00,
  0x00, 0x00, 0x00, 0x00, 0x00, 0x00, 0x00, 0x00, 0x00, 0x00, 0x00, 0x00,
  0x00, 0x00, 0x00, 0x00, 0x00, 0x00, 0x00, 0x00, 0x00, 0x00, 0x00, 0x00,
  0x00, 0x00, 0x00, 0x00, 0x00, 0x00, 0x00, 0x00, 0x00, 0x00, 0x00, 0x00,
  0x00, 0x00, 0x00, 0x00, 0x00, 0x00, 0x00, 0x00, 0x00, 0x00, 0x00, 0x00,
  0x00, 0x00, 0x00, 0x00, 0x00, 0x00, 0x00, 0x00, 0x00, 0x00, 0x00, 0x00,
  0x00, 0x00, 0x00, 0x00, 0x00, 0x00, 0x00, 0x00, 0x00, 0x00, 0x00, 0x00,
  0x00, 0x00, 0x00, 0x00, 0x00, 0x00, 0x00, 0x00, 0x00, 0x00, 0x00, 0x00,
  0x00, 0x00, 0x00, 0x00, 0x00, 0x00, 0x00, 0x00, 0x00, 0x00, 0x00, 0x00,
  0x00, 0x00, 0x00, 0x00, 0x00, 0x00, 0x00, 0x00, 0x00, 0x00, 0x00, 0x00,
  0x00, 0x00, 0x00, 0x00, 0x00, 0x00, 0x00, 0x00, 0x00, 0x00, 0x00, 0x00,
  0x00, 0x00, 0x00, 0x00, 0x00, 0x00, 0x00, 0x00, 0x00, 0x00, 0x00, 0x00,
  0x00, 0x00, 0x00, 0x00, 0x00, 0x00, 0x00, 0x00, 0x00, 0x00, 0x00, 0x00,
  0x00, 0x00, 0x00, 0x00, 0x00, 0x00, 0x00, 0x00, 0x00, 0x00, 0x00, 0x00,
  0x00, 0x00, 0x00, 0x00, 0x00, 0x00, 0x00, 0x00, 0x00, 0x00, 0x00, 0x00,
  0x00, 0x00, 0x00, 0x00, 0x00, 0x00, 0x00, 0x00, 0x00, 0x00, 0x00, 0x00,
  0x00, 0x00, 0x00, 0x00, 0x00, 0x00, 0x00, 0x00, 0x00, 0x00, 0x00, 0x00,
  0x00, 0x00, 0x00, 0x00, 0x00, 0x00, 0x00, 0x00, 0x00, 0x00, 0x00, 0x00,
  0x00, 0x00, 0x00, 0x00, 0x00, 0x00, 0x00, 0x00, 0x00, 0x00, 0x00, 0x00,
  0x00, 0x00, 0x00, 0x00, 0x00, 0x00, 0x00, 0x00, 0x00, 0x00, 0x00, 0x00,
  0x00, 0x00, 0x00, 0x00, 0x00, 0x00, 0x00, 0x00, 0x00, 0x00, 0x00, 0x00,
  0x00, 0x00, 0x00, 0x00, 0x00, 0x00, 0x00, 0x00, 0x00, 0x00, 0x00, 0x00,
  0x00, 0x00, 0x00, 0x00, 0x00, 0x00, 0x00, 0x00, 0x00, 0x00, 0x00, 0x00,
  0x00, 0x00, 0x00, 0x00, 0x00, 0x00, 0x00, 0x00, 0x00, 0x00, 0x00, 0x00,
  0x00, 0x00, 0x00, 0x00, 0x00, 0x00, 0x00, 0x00, 0x00, 0x00, 0x00, 0x00,
  0x00, 0x00, 0x00, 0x00, 0x00, 0x00, 0x00, 0x00, 0x00, 0x00, 0x00, 0x00,
  0x00, 0x00, 0x00, 0x00, 0x00, 0x00, 0x00, 0x00, 0x00, 0x00, 0x00, 0x00,
  0x00, 0x00, 0x00, 0x00, 0x00, 0x00, 0x00, 0x00, 0x00, 0x00, 0x00, 0x00,
  0x00, 0x00, 0x00, 0x00, 0x00, 0x00, 0x00, 0x00, 0x00, 0x00, 0x00, 0x00,
  0x00, 0x00, 0x00, 0x00, 0x00, 0x00, 0x00, 0x00, 0x00, 0x00, 0x00, 0x00,
  0x00, 0x00, 0x00, 0x00, 0x00, 0x00, 0x00, 0x00, 0x00, 0x00, 0x00, 0x00,
  0x00, 0x00, 0x00, 0x00, 0x00, 0x00, 0x00, 0x00, 0x00, 0x00, 0x00, 0x00,
  0x00, 0x00, 0x00, 0x00, 0x00, 0x00, 0x00, 0x00, 0x00, 0x00, 0x00, 0x00,
  0x00, 0x00, 0x00, 0x00, 0x00, 0x00, 0x00, 0x00, 0x00, 0x00, 0x00, 0x00,
  0x00, 0x00, 0x00, 0x00, 0x00, 0x00, 0x00, 0x00, 0x00, 0x00, 0x00, 0x00,
  0x00, 0x00, 0x00, 0x00, 0x00, 0x00, 0x00, 0x00, 0x00, 0x00, 0x00, 0x00,
  0x00, 0x00, 0x00, 0x00, 0x00, 0x00, 0x00, 0x00, 0x00, 0x00, 0x00, 0x00,
  0x00, 0x00, 0x00, 0x00, 0x00, 0x00, 0x00, 0x00, 0x00, 0x00, 0x00, 0x00,
  0x00, 0x00, 0x00, 0x00, 0x00, 0x00, 0x00, 0x00, 0x00, 0x00, 0x00, 0x00,
  0x00, 0x00, 0x00, 0x00, 0x00, 0x00, 0x00, 0x00, 0x00, 0x00, 0x00, 0x00,
  0x00, 0x00, 0x00, 0x00, 0x00, 0x00, 0x00, 0x00, 0x00, 0x00, 0x00, 0x00,
  0x00, 0x00, 0x00, 0x00, 0x00, 0x00, 0x00, 0x00, 0x00, 0x00, 0x00, 0x00,
  0x00, 0x00, 0x00, 0x00, 0x00, 0x00, 0x00, 0x00, 0x00, 0x00, 0x00, 0x00,
  0x00, 0x00, 0x00, 0x00, 0x00, 0x00, 0x00, 0x00, 0x00, 0x00, 0x00, 0x00,
  0x00, 0x00, 0x00, 0x00, 0x00, 0x00, 0x00, 0x00, 0x00, 0x00, 0x00, 0x00,
  0x00, 0x00, 0x00, 0x00, 0x00, 0x00, 0x00, 0x00, 0x00, 0x00, 0x00, 0x00,
  0x00, 0x00, 0x00, 0x00, 0x00, 0x00, 0x00, 0x00, 0x00, 0x00, 0x00, 0x00,
  0x00, 0x00, 0x00, 0x00, 0x00, 0x00, 0x00, 0x00, 0x00, 0x00, 0x00, 0x00,
  0x00, 0x00, 0x00, 0x00, 0x00, 0x00, 0x00, 0x00, 0x00, 0x00, 0x00, 0x00,
  0x00, 0x00, 0x00, 0x00, 0x00, 0x00, 0x00, 0x00, 0x00, 0x00, 0x00, 0x00,
  0x00, 0x00, 0x00, 0x00, 0x00, 0x00, 0x00, 0x00, 0x00, 0x00, 0x00, 0x00,
  0x00, 0x00, 0x00, 0x00, 0x00, 0x00, 0x00, 0x00, 0x00, 0x00, 0x00, 0x00,
  0x00, 0x00, 0x00, 0x00, 0x00, 0x00, 0x00, 0x00, 0x00, 0x00, 0x00, 0x00,
  0x00, 0x00, 0x00, 0x00, 0x00, 0x00, 0x00, 0x00, 0x00, 0x00, 0x00, 0x00,
  0x00, 0x00, 0x00, 0x00, 0x00, 0x00, 0x00, 0x00, 0x00, 0x00, 0x00, 0x00,
  0x00, 0x00, 0x00, 0x00, 0x00, 0x00, 0x00, 0x00, 0x00, 0x00, 0x00, 0x00,
  0x00, 0x00, 0x00, 0x00, 0x00, 0x00, 0x00, 0x00, 0x00, 0x00, 0x00, 0x00,
  0x00, 0x00, 0x00, 0x00, 0x00, 0x00, 0x00, 0x00, 0x00, 0x00, 0x00, 0x00,
  0x00, 0x00, 0x00, 0x00, 0x00, 0x00, 0x00, 0x00, 0x00, 0x00, 0x00, 0x00,
  0x00, 0x00, 0x00, 0x00, 0x00, 0x00, 0x00, 0x00, 0x00, 0x00, 0x00, 0x00,
  0x00, 0x00, 0x00, 0x00, 0x00, 0x00, 0x00, 0x00, 0x00, 0x00, 0x00, 0x00,
  0x00, 0x00, 0x00, 0x00, 0x00, 0x00, 0x00, 0x00, 0x00, 0x00, 0x00, 0x00,
  0x00, 0x00, 0x00, 0x00, 0x00, 0x00, 0x00, 0x00, 0x00, 0x00, 0x00, 0x00,
  0x00, 0x00, 0x00, 0x00, 0x00, 0x00, 0x00, 0x00, 0x00, 0x00, 0x00, 0x00,
  0x00, 0x00, 0x00, 0x00, 0x00, 0x00, 0x00, 0x00, 0x00, 0x00, 0x00, 0x00,
  0x00, 0x00, 0x00, 0x00, 0x00, 0x00, 0x00, 0x00, 0x00, 0x00, 0x00, 0x00,
  0x00, 0x00, 0x00, 0x00, 0x00, 0x00, 0x00, 0x00, 0x00, 0x00, 0x00, 0x00,
  0x00, 0x00, 0x00, 0x00, 0x00, 0x00, 0x00, 0x00, 0x00, 0x00, 0x00, 0x00,
  0x00, 0x00, 0x00, 0x00, 0x00, 0x00, 0x00, 0x00, 0x00, 0x00, 0x00, 0x00,
  0x00, 0x00, 0x00, 0x00, 0x00, 0x00, 0x00, 0x00, 0x00, 0x00, 0x00, 0x00,
  0x00, 0x00, 0x00, 0x00, 0x00, 0x00, 0x00, 0x00, 0x00, 0x00, 0x00, 0x00,
  0x00, 0x00, 0x00, 0x00, 0x00, 0x00, 0x00, 0x00, 0x00, 0x00, 0x00, 0x00,
  0x00, 0x00, 0x00, 0x00, 0x00, 0x00, 0x00, 0x00, 0x00, 0x00, 0x00, 0x00,
  0x00, 0x00, 0x00, 0x00, 0x00, 0x00, 0x00, 0x00, 0x00, 0x00, 0x00, 0x00,
  0x00, 0x00, 0x00, 0x00, 0x00, 0x00, 0x00, 0x00, 0x00, 0x00, 0x00, 0x00,
  0x00, 0x00, 0x00, 0x00, 0x00, 0x00, 0x00, 0x00, 0x00, 0x00, 0x00, 0x00,
  0x00, 0x00, 0x00, 0x00, 0x00, 0x00, 0x00, 0x00, 0x00, 0x00, 0x00, 0x00,
  0x00, 0x00, 0x00, 0x00, 0x00, 0x00, 0x00, 0x00, 0x00, 0x00, 0x00, 0x00,
  0x00, 0x00, 0x00, 0x00, 0x00, 0x00, 0x00, 0x00, 0x00, 0x00, 0x00, 0x00,
  0x00, 0x00, 0x00, 0x00, 0x00, 0x00, 0x00, 0x00, 0x00, 0x00, 0x00, 0x00,
  0x00, 0x00, 0x00, 0x00, 0x00, 0x00, 0x00, 0x00, 0x00, 0x00, 0x00, 0x00,
  0x00, 0x00, 0x00, 0x00, 0x00, 0x00, 0x00, 0x00, 0x00, 0x00, 0x00, 0x00,
  0x00, 0x00, 0x00, 0x00, 0x00, 0x00, 0x00, 0x00, 0x00, 0x00, 0x00, 0x00,
  0x00, 0x00, 0x00, 0x00, 0x00, 0x00, 0x00, 0x00, 0x00, 0x00, 0x00, 0x00,
  0x00, 0x00, 0x00, 0x00, 0x00, 0x00, 0x00, 0x00, 0x00, 0x00, 0x00, 0x00,
  0x00, 0x00, 0x00, 0x00, 0x00, 0x00, 0x00, 0x00, 0x00, 0x00, 0x00, 0x00,
  0x00, 0x00, 0x00, 0x00, 0x00, 0x00, 0x00, 0x00, 0x00, 0x00, 0x00, 0x00,
  0x00, 0x00, 0x00, 0x00, 0x00, 0x00, 0x00, 0x00, 0x00, 0x00, 0x00, 0x00,
  0x00, 0x00, 0x00, 0x00, 0x00, 0x00, 0x00, 0x00, 0x00, 0x00, 0x00, 0x00,
  0x00, 0x00, 0x00, 0x00, 0x00, 0x00, 0x00, 0x00, 0x00, 0x00, 0x00, 0x00,
  0x00, 0x00, 0x00, 0x00, 0x00, 0x00, 0x00, 0x00, 0x00, 0x00, 0x00, 0x00,
  0x00, 0x00, 0x00, 0x00, 0x00, 0x00, 0x00, 0x00, 0x00, 0x00, 0x00, 0x00,
  0x00, 0x00, 0x00, 0x00, 0x00, 0x00, 0x00, 0x00, 0x00, 0x00, 0x00, 0x00,
  0x00, 0x00, 0x00, 0x00, 0x00, 0x00, 0x00, 0x00, 0x00, 0x00, 0x00, 0x00,
  0x00, 0x00, 0x00, 0x00, 0x00, 0x00, 0x00, 0x00, 0x00, 0x00, 0x00, 0x00,
  0x00, 0x00, 0x00, 0x00, 0x00, 0x00, 0x00, 0x00, 0x00, 0x00, 0x00, 0x00,
  0x00, 0x00, 0x00, 0x00, 0x00, 0x00, 0x00, 0x00, 0x00, 0x00, 0x00, 0x00,
  0x00, 0x00, 0x00, 0x00, 0x00, 0x00, 0x00, 0x00, 0x00, 0x00, 0x00, 0x00,
  0x00, 0x00, 0x00, 0x00, 0x00, 0x00, 0x00, 0x00, 0x00, 0x00, 0x00, 0x00,
  0x00, 0x00, 0x00, 0x00, 0x00, 0x00, 0x00, 0x00, 0x00, 0x00, 0x00, 0x00,
  0x00, 0x00, 0x00, 0x00, 0x00, 0x00, 0x00, 0x00, 0x00, 0x00, 0x00, 0x00,
  0x00, 0x00, 0x00, 0x00, 0x00, 0x00, 0x00, 0x00, 0x00, 0x00, 0x00, 0x00,
  0x00, 0x00, 0x00, 0x00, 0x00, 0x00, 0x00, 0x00, 0x00, 0x00, 0x00, 0x00,
  0x00, 0x00, 0x00, 0x00, 0x00, 0x00, 0x00, 0x00, 0x00, 0x00, 0x00, 0x00,
  0x00, 0x00, 0x00, 0x00, 0x00, 0x00, 0x00, 0x00, 0x00, 0x00, 0x00, 0x00,
  0x00, 0x00, 0x00, 0x00, 0x00, 0x00, 0x00, 0x00, 0x00, 0x00, 0x00, 0x00,
  0x00, 0x00, 0x00, 0x00, 0x00, 0x00, 0x00, 0x00, 0x00, 0x00, 0x00, 0x00,
  0x00, 0x00, 0x00, 0x00, 0x00, 0x00, 0x00, 0x00, 0x00, 0x00, 0x00, 0x00,
  0x00, 0x00, 0x00, 0x00, 0x00, 0x00, 0x00, 0x00, 0x00, 0x00, 0x00, 0x00,
  0x00, 0x00, 0x00, 0x00, 0x00, 0x00, 0x00, 0x00, 0x00, 0x00, 0x00, 0x00,
  0x00, 0x00, 0x00, 0x00, 0x00, 0x00, 0x00, 0x00, 0x00, 0x00, 0x00, 0x00,
  0x00, 0x00, 0x00, 0x00, 0x00, 0x00, 0x00, 0x00, 0x00, 0x00, 0x00, 0x00,
  0x00, 0x00, 0x00, 0x00, 0x00, 0x00, 0x00, 0x00, 0x00, 0x00, 0x00, 0x00,
  0x00, 0x00, 0x00, 0x00, 0x00, 0x00, 0x00, 0x00, 0x00, 0x00, 0x00, 0x00,
  0x00, 0x00, 0x00, 0x00, 0x00, 0x00, 0x00, 0x00, 0x00, 0x00, 0x00, 0x00,
  0x00, 0x00, 0x00, 0x00, 0x00, 0x00, 0x00, 0x00, 0x00, 0x00, 0x00, 0x00,
  0x00, 0x00, 0x00, 0x00, 0x00, 0x00, 0x00, 0x00, 0x00, 0x00, 0x00, 0x00,
  0x00, 0x00, 0x00, 0x00, 0x00, 0x00, 0x00, 0x00, 0x00, 0x00, 0x00, 0x00,
  0x00, 0x00, 0x00, 0x00, 0x00, 0x00, 0x00, 0x00, 0x00, 0x00, 0x00, 0x00,
  0x00, 0x00, 0x00, 0x00, 0x00, 0x00, 0x00, 0x00, 0x00, 0x00, 0x00, 0x00,
  0x00, 0x00, 0x00, 0x00, 0x00, 0x00, 0x00, 0x00, 0x00, 0x00, 0x00, 0x00,
  0x00, 0x00, 0x00, 0x00, 0x00, 0x00, 0x00, 0x00, 0x00, 0x00, 0x00, 0x00,
  0x00, 0x00, 0x00, 0x00, 0x00, 0x00, 0x00, 0x00, 0x00, 0x00, 0x00, 0x00,
  0x00, 0x00, 0x00, 0x00, 0x00, 0x00, 0x00, 0x00, 0x00, 0x00, 0x00, 0x00,
  0x00, 0x00, 0x00, 0x00, 0x00, 0x00, 0x00, 0x00, 0x00, 0x00, 0x00, 0x00,
  0x00, 0x00, 0x00, 0x00, 0x00, 0x00, 0x00, 0x00, 0x00, 0x00, 0x00, 0x00,
  0x00, 0x00, 0x00, 0x00, 0x00, 0x00, 0x00, 0x00, 0x00, 0x00, 0x00, 0x00,
  0x00, 0x00, 0x00, 0x00, 0x00, 0x00, 0x00, 0x00, 0x00, 0x00, 0x00, 0x00,
  0x00, 0x00, 0x00, 0x00, 0x00, 0x00, 0x00, 0x00, 0x00, 0x00, 0x00, 0x00,
  0x00, 0x00, 0x00, 0x00, 0x00, 0x00, 0x00, 0x00, 0x00, 0x00, 0x00, 0x00,
  0x00, 0x00, 0x00, 0x00, 0x00, 0x00, 0x00, 0x00, 0x00, 0x00, 0x00, 0x00,
  0x00, 0x00, 0x00, 0x00, 0x00, 0x00, 0x00, 0x00, 0x00, 0x00, 0x00, 0x00,
  0x00, 0x00, 0x00, 0x00, 0x00, 0x00, 0x00, 0x00, 0x00, 0x00, 0x00, 0x00,
  0x00, 0x00, 0x00, 0x00, 0x00, 0x00, 0x00, 0x00, 0x00, 0x00, 0x00, 0x00,
  0x00, 0x00, 0x00, 0x00, 0x00, 0x00, 0x00, 0x00, 0x00, 0x00, 0x00, 0x00,
  0x00, 0x00, 0x00, 0x00, 0x00, 0x00, 0x00, 0x00, 0x00, 0x00, 0x00, 0x00,
  0x00, 0x00, 0x00, 0x00, 0x00, 0x00, 0x00, 0x00, 0x00, 0x00, 0x00, 0x00,
  0x00, 0x00, 0x00, 0x00, 0x00, 0x00, 0x00, 0x00, 0x00, 0x00, 0x00, 0x00,
  0x00, 0x00, 0x00, 0x00, 0x00, 0x00, 0x00, 0x00, 0x00, 0x00, 0x00, 0x00,
  0x00, 0x00, 0x00, 0x00, 0x00, 0x00, 0x00, 0x00, 0x00, 0x00, 0x00, 0x00,
  0x00, 0x00, 0x00, 0x00, 0x00, 0x00, 0x00, 0x00, 0x00, 0x00, 0x00, 0x00,
  0x00, 0x00, 0x00, 0x00, 0x00, 0x00, 0x00, 0x00, 0x00, 0x00, 0x00, 0x00,
  0x00, 0x00, 0x00, 0x00, 0x00, 0x00, 0x00, 0x00, 0x00, 0x00, 0x00, 0x00,
  0x00, 0x00, 0x00, 0x00, 0x00, 0x00, 0x00, 0x00, 0x00, 0x00, 0x00, 0x00,
  0x00, 0x00, 0x00, 0x00, 0x00, 0x00, 0x00, 0x00, 0x00, 0x00, 0x00, 0x00,
  0x00, 0x00, 0x00, 0x00, 0x00, 0x00, 0x00, 0x00, 0x00, 0x00, 0x00, 0x00,
  0x00, 0x00, 0x00, 0x00, 0x00, 0x00, 0x00, 0x00, 0x00, 0x00, 0x00, 0x00,
  0x00, 0x00, 0x00, 0x00, 0x00, 0x00, 0x00, 0x00, 0x00, 0x00, 0x00, 0x00,
  0x00, 0x00, 0x00, 0x00, 0x00, 0x00, 0x00, 0x00, 0x00, 0x00, 0x00, 0x00,
  0x00, 0x00, 0x00, 0x00, 0x00, 0x00, 0x00, 0x00, 0x00, 0x00, 0x00, 0x00,
  0x00, 0x00, 0x00, 0x00, 0x00, 0x00, 0x00, 0x00, 0x00, 0x00, 0x00, 0x00,
  0x00, 0x00, 0x00, 0x00, 0x00, 0x00, 0x00, 0x00, 0x00, 0x00, 0x00, 0x00,
  0x00, 0x00, 0x00, 0x00, 0x00, 0x00, 0x00, 0x00, 0x00, 0x00, 0x00, 0x00,
  0x00, 0x00, 0x00, 0x00, 0x00, 0x00, 0x00, 0x00, 0x00, 0x00, 0x00, 0x00,
  0x00, 0x00, 0x00, 0x00, 0x00, 0x00, 0x00, 0x00, 0x00, 0x00, 0x00, 0x00,
  0x00, 0x00, 0x00, 0x00, 0x00, 0x00, 0x00, 0x00, 0x00, 0x00, 0x00, 0x00,
  0x00, 0x00, 0x00, 0x00, 0x00, 0x00, 0x00, 0x00, 0x00, 0x00, 0x00, 0x00,
  0x00, 0x00, 0x00, 0x00, 0x00, 0x00, 0x00, 0x00, 0x00, 0x00, 0x00, 0x00,
  0x00, 0x00, 0x00, 0x00, 0x00, 0x00, 0x00, 0x00, 0x00, 0x00, 0x00, 0x00,
  0x00, 0x00, 0x00, 0x00, 0x00, 0x00, 0x00, 0x00, 0x00, 0x00, 0x00, 0x00,
  0x00, 0x00, 0x00, 0x00, 0x00, 0x00, 0x00, 0x00, 0x00, 0x00, 0x00, 0x00,
  0x00, 0x00, 0x00, 0x00, 0x00, 0x00, 0x00, 0x00, 0x00, 0x00, 0x00, 0x00,
  0x00, 0x00, 0x00, 0x00, 0x00, 0x00, 0x00, 0x00, 0x00, 0x00, 0x00, 0x00,
  0x00, 0x00, 0x00, 0x00, 0x00, 0x00, 0x00, 0x00, 0x00, 0x00, 0x00, 0x00,
  0x00, 0x00, 0x00, 0x00, 0x00, 0x00, 0x00, 0x00, 0x00, 0x00, 0x00, 0x00,
  0x00, 0x00, 0x00, 0x00, 0x00, 0x00, 0x00, 0x00, 0x00, 0x00, 0x00, 0x00,
  0x00, 0x00, 0x00, 0x00, 0x00, 0x00, 0x00, 0x00, 0x00, 0x00, 0x00, 0x00,
  0x00, 0x00, 0x00, 0x00, 0x00, 0x00, 0x00, 0x00, 0x00, 0x00, 0x00, 0x00,
  0x00, 0x00, 0x00, 0x00, 0x00, 0x00, 0x00, 0x00, 0x00, 0x00, 0x00, 0x00,
  0x00, 0x00, 0x00, 0x00, 0x00, 0x00, 0x00, 0x00, 0x00, 0x00, 0x00, 0x00,
  0x00, 0x00, 0x00, 0x00, 0x00, 0x00, 0x00, 0x00, 0x00, 0x00, 0x00, 0x00,
  0x00, 0x00, 0x00, 0x00, 0x00, 0x00, 0x00, 0x00, 0x00, 0x00, 0x00, 0x00,
  0x00, 0x00, 0x00, 0x00, 0x00, 0x00, 0x00, 0x00, 0x00, 0x00, 0x00, 0x00,
  0x00, 0x00, 0x00, 0x00, 0x00, 0x00, 0x00, 0x00, 0x00, 0x00, 0x00, 0x00,
  0x00, 0x00, 0x00, 0x00, 0x00, 0x00, 0x00, 0x00, 0x00, 0x00, 0x00, 0x00,
  0x00, 0x00, 0x00, 0x00, 0x00, 0x00, 0x00, 0x00, 0x00, 0x00, 0x00, 0x00,
  0x00, 0x00, 0x00, 0x00, 0x00, 0x00, 0x00, 0x00, 0x00, 0x00, 0x00, 0x00,
  0x00, 0x00, 0x00, 0x00, 0x00, 0x00, 0x00, 0x00, 0x00, 0x00, 0x00, 0x00,
  0x00, 0x00, 0x00, 0x00, 0x00, 0x00, 0x00, 0x00, 0x00, 0x00, 0x00, 0x00,
  0x00, 0x00, 0x00, 0x00, 0x00, 0x00, 0x00, 0x00, 0x00, 0x00, 0x00, 0x00,
  0x00, 0x00, 0x00, 0x00, 0x00, 0x00, 0x00, 0x00, 0x00, 0x00, 0x00, 0x00,
  0x00, 0x00, 0x00, 0x00, 0x00, 0x00, 0x00, 0x00, 0x00, 0x00, 0x00, 0x00,
  0x00, 0x00, 0x00, 0x00, 0x00, 0x00, 0x00, 0x00, 0x00, 0x00, 0x00, 0x00,
  0x00, 0x00, 0x00, 0x00, 0x00, 0x00, 0x00, 0x00, 0x00, 0x00, 0x00, 0x00,
  0x00, 0x00, 0x00, 0x00, 0x00, 0x00, 0x00, 0x00, 0x00, 0x00, 0x00, 0x00,
  0x00, 0x00, 0x00, 0x00, 0x00, 0x00, 0x00, 0x00, 0x00, 0x00, 0x00, 0x00,
  0x00, 0x00, 0x00, 0x00, 0x00, 0x00, 0x00, 0x00, 0x00, 0x00, 0x00, 0x00,
  0x00, 0x00, 0x00, 0x00, 0x00, 0x00, 0x00, 0x00, 0x00, 0x00, 0x00, 0x00,
  0x00, 0x00, 0x00, 0x00, 0x00, 0x00, 0x00, 0x00, 0x00, 0x00, 0x00, 0x00,
  0x00, 0x00, 0x00, 0x00, 0x00, 0x00, 0x00, 0x00, 0x00, 0x00, 0x00, 0x00,
  0x00, 0x00, 0x00, 0x00, 0x00, 0x00, 0x00, 0x00, 0x00, 0x00, 0x00, 0x00,
  0x00, 0x00, 0x00, 0x00, 0x00, 0x00, 0x00, 0x00, 0x00, 0x00, 0x00, 0x00,
  0x00, 0x00, 0x00, 0x00, 0x00, 0x00, 0x00, 0x00, 0x00, 0x00, 0x00, 0x00,
  0x00, 0x00, 0x00, 0x00, 0x00, 0x00, 0x00, 0x00, 0x00, 0x00, 0x00, 0x00,
  0x00, 0x00, 0x00, 0x00, 0x00, 0x00, 0x00, 0x00, 0x00, 0x00, 0x00, 0x00,
  0x00, 0x00, 0x00, 0x00, 0x00, 0x00, 0x00, 0x00, 0x00, 0x00, 0x00, 0x00,
  0x00, 0x00, 0x00, 0x00, 0x00, 0x00, 0x00, 0x00, 0x00, 0x00, 0x00, 0x00,
  0x00, 0x00, 0x00, 0x00, 0x00, 0x00, 0x00, 0x00, 0x00, 0x00, 0x00, 0x00,
  0x00, 0x00, 0x00, 0x00, 0x00, 0x00, 0x00, 0x00, 0x00, 0x00, 0x00, 0x00,
  0x00, 0x00, 0x00, 0x00, 0x00, 0x00, 0x00, 0x00, 0x00, 0x00, 0x00, 0x00,
  0x00, 0x00, 0x00, 0x00, 0x00, 0x00, 0x00, 0x00, 0x00, 0x00, 0x00, 0x00,
  0x00, 0x00, 0x00, 0x00, 0x00, 0x00, 0x00, 0x00, 0x00, 0x00, 0x00, 0x00,
  0x00, 0x00, 0x00, 0x00, 0x00, 0x00, 0x00, 0x00, 0x00, 0x00, 0x00, 0x00,
  0x00, 0x00, 0x00, 0x00, 0x00, 0x00, 0x00, 0x00, 0x00, 0x00, 0x00, 0x00,
  0x00, 0x00, 0x00, 0x00, 0x00, 0x00, 0x00, 0x00, 0x00, 0x00, 0x00, 0x00,
  0x00, 0x00, 0x00, 0x00, 0x00, 0x00, 0x00, 0x00, 0x00, 0x00, 0x00, 0x00,
  0x00, 0x00, 0x00, 0x00, 0x00, 0x00, 0x00, 0x00, 0x00, 0x00, 0x00, 0x00,
  0x00, 0x00, 0x00, 0x00, 0x00, 0x00, 0x00, 0x00, 0x00, 0x00, 0x00, 0x00,
  0x00, 0x00, 0x00, 0x00, 0x00, 0x00, 0x00, 0x00, 0x00, 0x00, 0x00, 0x00,
  0x00, 0x00, 0x00, 0x00, 0x00, 0x00, 0x00, 0x00, 0x00, 0x00, 0x00, 0x00,
  0x00, 0x00, 0x00, 0x00, 0x00, 0x00, 0x00, 0x00, 0x00, 0x00, 0x00, 0x00,
  0x00, 0x00, 0x00, 0x00, 0x00, 0x00, 0x00, 0x00, 0x00, 0x00, 0x00, 0x00,
  0x00, 0x00, 0x00, 0x00, 0x00, 0x00, 0x00, 0x00, 0x00, 0x00, 0x00, 0x00,
  0x00, 0x00, 0x00, 0x00, 0x00, 0x00, 0x00, 0x00, 0x00, 0x00, 0x00, 0x00,
  0x00, 0x00, 0x00, 0x00, 0x00, 0x00, 0x00, 0x00, 0x00, 0x00, 0x00, 0x00,
  0x00, 0x00, 0x00, 0x00, 0x00, 0x00, 0x00, 0x00, 0x00, 0x00, 0x00, 0x00,
  0x00, 0x00, 0x00, 0x00, 0x00, 0x00, 0x00, 0x00, 0x00, 0x00, 0x00, 0x00,
  0x00, 0x00, 0x00, 0x00, 0x00, 0x00, 0x00, 0x00, 0x00, 0x00, 0x00, 0x00,
  0x00, 0x00, 0x00, 0x00, 0x00, 0x00, 0x00, 0x00, 0x00, 0x00, 0x00, 0x00,
  0x00, 0x00, 0x00, 0x00, 0x00, 0x00, 0x00, 0x00, 0xa0, 0x10, 0x00, 0x00,
  0x00, 0x00, 0x00, 0x00, 0x60, 0x10, 0x00, 0x00, 0x00, 0x00, 0x00, 0x00,
  0xe8, 0x2c, 0x20, 0x00, 0x00, 0x00, 0x00, 0x00, 0x01, 0x00, 0x00, 0x00,
  0x00, 0x00, 0x00, 0x00, 0x7a, 0x01, 0x00, 0x00, 0x00, 0x00, 0x00, 0x00,
  0x0e, 0x00, 0x00, 0x00, 0x00, 0x00, 0x00, 0x00, 0xd7, 0x01, 0x00, 0x00,
  0x00, 0x00, 0x00, 0x00, 0x0c, 0x00, 0x00, 0x00, 0x00, 0x00, 0x00, 0x00,
  0x20, 0x0c, 0x00, 0x00, 0x00, 0x00, 0x00, 0x00, 0x0d, 0x00, 0x00, 0x00,
  0x00, 0x00, 0x00, 0x00, 0xd4, 0x1c, 0x00, 0x00, 0x00, 0x00, 0x00, 0x00,
  0x19, 0x00, 0x00, 0x00, 0x00, 0x00, 0x00, 0x00, 0xd8, 0x2c, 0x20, 0x00,
  0x00, 0x00, 0x00, 0x00, 0x1b, 0x00, 0x00, 0x00, 0x00, 0x00, 0x00, 0x00,
  0x08, 0x00, 0x00, 0x00, 0x00, 0x00, 0x00, 0x00, 0x1a, 0x00, 0x00, 0x00,
  0x00, 0x00, 0x00, 0x00, 0xe0, 0x2c, 0x20, 0x00, 0x00, 0x00, 0x00, 0x00,
  0x1c, 0x00, 0x00, 0x00, 0x00, 0x00, 0x00, 0x00, 0x08, 0x00, 0x00, 0x00,
  0x00, 0x00, 0x00, 0x00, 0xf5, 0xfe, 0xff, 0x6f, 0x00, 0x00, 0x00, 0x00,
  0x28, 0x40, 0x20, 0x00, 0x00, 0x00, 0x00, 0x00, 0x05, 0x00, 0x00, 0x00,
  0x00, 0x00, 0x00, 0x00, 0x50, 0x44, 0x20, 0x00, 0x00, 0x00, 0x00, 0x00,
  0x06, 0x00, 0x00, 0x00, 0x00, 0x00, 0x00, 0x00, 0x78, 0x40, 0x20, 0x00,
  0x00, 0x00, 0x00, 0x00, 0x0a, 0x00, 0x00, 0x00, 0x00, 0x00, 0x00, 0x00,
  0xf0, 0x01, 0x00, 0x00, 0x00, 0x00, 0x00, 0x00, 0x0b, 0x00, 0x00, 0x00,
  0x00, 0x00, 0x00, 0x00, 0x18, 0x00, 0x00, 0x00, 0x00, 0x00, 0x00, 0x00,
  0x03, 0x00, 0x00, 0x00, 0x00, 0x00, 0x00, 0x00, 0xe0, 0x2e, 0x20, 0x00,
  0x00, 0x00, 0x00, 0x00, 0x02, 0x00, 0x00, 0x00, 0x00, 0x00, 0x00, 0x00,
  0xb8, 0x02, 0x00, 0x00, 0x00, 0x00, 0x00, 0x00, 0x14, 0x00, 0x00, 0x00,
  0x00, 0x00, 0x00, 0x00, 0x07, 0x00, 0x00, 0x00, 0x00, 0x00, 0x00, 0x00,
  0x17, 0x00, 0x00, 0x00, 0x00, 0x00, 0x00, 0x00, 0x68, 0x09, 0x00, 0x00,
  0x00, 0x00, 0x00, 0x00, 0x07, 0x00, 0x00, 0x00, 0x00, 0x00, 0x00, 0x00,
  0xc0, 0x08, 0x00, 0x00, 0x00, 0x00, 0x00, 0x00, 0x08, 0x00, 0x00, 0x00,
  0x00, 0x00, 0x00, 0x00, 0xa8, 0x00, 0x00, 0x00, 0x00, 0x00, 0x00, 0x00,
  0x09, 0x00, 0x00, 0x00, 0x00, 0x00, 0x00, 0x00, 0x18, 0x00, 0x00, 0x00,
  0x00, 0x00, 0x00, 0x00, 0x18, 0x00, 0x00, 0x00, 0x00, 0x00, 0x00, 0x00,
  0x00, 0x00, 0x00, 0x00, 0x00, 0x00, 0x00, 0x00, 0xfb, 0xff, 0xff, 0x6f,
  0x00, 0x00, 0x00, 0x00, 0x01, 0x00, 0x00, 0x00, 0x00, 0x00, 0x00, 0x00,
  0xfe, 0xff, 0xff, 0x6f, 0x00, 0x00, 0x00, 0x00, 0x80, 0x08, 0x00, 0x00,
  0x00, 0x00, 0x00, 0x00, 0xff, 0xff, 0xff, 0x6f, 0x00, 0x00, 0x00, 0x00,
  0x01, 0x00, 0x00, 0x00, 0x00, 0x00, 0x00, 0x00, 0xf0, 0xff, 0xff, 0x6f,
  0x00, 0x00, 0x00, 0x00, 0x28, 0x08, 0x00, 0x00, 0x00, 0x00, 0x00, 0x00,
  0xf9, 0xff, 0xff, 0x6f, 0x00, 0x00, 0x00, 0x00, 0x03, 0x00, 0x00, 0x00,
  0x00, 0x00, 0x00, 0x00, 0x00, 0x00, 0x00, 0x00, 0x00, 0x00, 0x00, 0x00,
  0x00, 0x00, 0x00, 0x00, 0x00, 0x00, 0x00, 0x00, 0x00, 0x00, 0x00, 0x00,
  0x00, 0x00, 0x00, 0x00, 0x00, 0x00, 0x00, 0x00, 0x00, 0x00, 0x00, 0x00,
  0x00, 0x00, 0x00, 0x00, 0x00, 0x00, 0x00, 0x00, 0x00, 0x00, 0x00, 0x00,
  0x00, 0x00, 0x00, 0x00, 0x00, 0x00, 0x00, 0x00, 0x00, 0x00, 0x00, 0x00,
  0x00, 0x00, 0x00, 0x00, 0x00, 0x00, 0x00, 0x00, 0x00, 0x00, 0x00, 0x00,
  0x00, 0x00, 0x00, 0x00, 0x00, 0x00, 0x00, 0x00, 0x00, 0x00, 0x00, 0x00,
  0xf0, 0x2c, 0x20, 0x00, 0x00, 0x00, 0x00, 0x00, 0x00, 0x00, 0x00, 0x00,
  0x00, 0x00, 0x00, 0x00, 0x00, 0x00, 0x00, 0x00, 0x00, 0x00, 0x00, 0x00,
  0x50, 0x0c, 0x00, 0x00, 0x00, 0x00, 0x00, 0x00, 0x60, 0x0c, 0x00, 0x00,
  0x00, 0x00, 0x00, 0x00, 0x70, 0x0c, 0x00, 0x00, 0x00, 0x00, 0x00, 0x00,
  0x80, 0x0c, 0x00, 0x00, 0x00, 0x00, 0x00, 0x00, 0x90, 0x0c, 0x00, 0x00,
  0x00, 0x00, 0x00, 0x00, 0xa0, 0x0c, 0x00, 0x00, 0x00, 0x00, 0x00, 0x00,
  0xb0, 0x0c, 0x00, 0x00, 0x00, 0x00, 0x00, 0x00, 0xc0, 0x0c, 0x00, 0x00,
  0x00, 0x00, 0x00, 0x00, 0xd0, 0x0c, 0x00, 0x00, 0x00, 0x00, 0x00, 0x00,
  0xe0, 0x0c, 0x00, 0x00, 0x00, 0x00, 0x00, 0x00, 0xf0, 0x0c, 0x00, 0x00,
  0x00, 0x00, 0x00, 0x00, 0x00, 0x0d, 0x00, 0x00, 0x00, 0x00, 0x00, 0x00,
  0x10, 0x0d, 0x00, 0x00, 0x00, 0x00, 0x00, 0x00, 0x20, 0x0d, 0x00, 0x00,
  0x00, 0x00, 0x00, 0x00, 0x30, 0x0d, 0x00, 0x00, 0x00, 0x00, 0x00, 0x00,
  0x40, 0x0d, 0x00, 0x00, 0x00, 0x00, 0x00, 0x00, 0x50, 0x0d, 0x00, 0x00,
  0x00, 0x00, 0x00, 0x00, 0x60, 0x0d, 0x00, 0x00, 0x00, 0x00, 0x00, 0x00,
  0x70, 0x0d, 0x00, 0x00, 0x00, 0x00, 0x00, 0x00, 0x80, 0x0d, 0x00, 0x00,
  0x00, 0x00, 0x00, 0x00, 0x90, 0x0d, 0x00, 0x00, 0x00, 0x00, 0x00, 0x00,
  0xa0, 0x0d, 0x00, 0x00, 0x00, 0x00, 0x00, 0x00, 0xb0, 0x0d, 0x00, 0x00,
  0x00, 0x00, 0x00, 0x00, 0xc0, 0x0d, 0x00, 0x00, 0x00, 0x00, 0x00, 0x00,
  0xd0, 0x0d, 0x00, 0x00, 0x00, 0x00, 0x00, 0x00, 0xe0, 0x0d, 0x00, 0x00,
  0x00, 0x00, 0x00, 0x00, 0xf0, 0x0d, 0x00, 0x00, 0x00, 0x00, 0x00, 0x00,
  0x00, 0x0e, 0x00, 0x00, 0x00, 0x00, 0x00, 0x00, 0x10, 0x0e, 0x00, 0x00,
  0x00, 0x00, 0x00, 0x00, 0x00, 0x00, 0x00, 0x00, 0x00, 0x00, 0x00, 0x00,
  0x00, 0x00, 0x00, 0x00, 0x00, 0x00, 0x00, 0x00, 0x00, 0x00, 0x00, 0x00,
  0x00, 0x00, 0x00, 0x00, 0x00, 0x00, 0x00, 0x00, 0x00, 0x00, 0x00, 0x00,
  0x08, 0x00, 0x00, 0x00, 0x10, 0x00, 0x00, 0x00, 0x00, 0x01, 0x00, 0x00,
  0x47, 0x41, 0x24, 0x01, 0x33, 0x61, 0x31, 0x00, 0x20, 0x0c, 0x00, 0x00,
  0x00, 0x00, 0x00, 0x00, 0xe1, 0x1c, 0x00, 0x00, 0x00, 0x00, 0x00, 0x00,
  0x06, 0x00, 0x00, 0x00, 0x10, 0x00, 0x00, 0x00, 0x00, 0x01, 0x00, 0x00,
  0x47, 0x41, 0x2a, 0x02, 0x03, 0x00, 0x00, 0x00, 0xb0, 0x10, 0x00, 0x00,
  0x00, 0x00, 0x00, 0x00, 0xd2, 0x1c, 0x00, 0x00, 0x00, 0x00, 0x00, 0x00,
  0x0c, 0x00, 0x00, 0x00, 0x00, 0x00, 0x00, 0x00, 0x00, 0x01, 0x00, 0x00,
  0x47, 0x41, 0x2a, 0x06, 0x12, 0x00, 0x00, 0x00, 0x11, 0x00, 0x0c, 0x00,
  0x06, 0x00, 0x00, 0x00, 0x00, 0x00, 0x00, 0x00, 0x00, 0x01, 0x00, 0x00,
  0x47, 0x41, 0x2a, 0x07, 0x02, 0x00, 0x00, 0x00, 0x05, 0x00, 0x00, 0x00,
  0x00, 0x00, 0x00, 0x00, 0x00, 0x01, 0x00, 0x00, 0x47, 0x41, 0x21, 0x08,
  0x00, 0x00, 0x00, 0x00, 0x0d, 0x00, 0x00, 0x00, 0x00, 0x00, 0x00, 0x00,
  0x00, 0x01, 0x00, 0x00, 0x47, 0x41, 0x2a, 0x46, 0x4f, 0x52, 0x54, 0x49,
  0x46, 0x59, 0x00, 0x02, 0x00, 0x00, 0x00, 0x00, 0x16, 0x00, 0x00, 0x00,
  0x00, 0x00, 0x00, 0x00, 0x00, 0x01, 0x00, 0x00, 0x47, 0x41, 0x2b, 0x47,
  0x4c, 0x49, 0x42, 0x43, 0x58, 0x58, 0x5f, 0x41, 0x53, 0x53, 0x45, 0x52,
  0x54, 0x49, 0x4f, 0x4e, 0x53, 0x00, 0x00, 0x00, 0x13, 0x00, 0x00, 0x00,
  0x00, 0x00, 0x00, 0x00, 0x00, 0x01, 0x00, 0x00, 0x47, 0x41, 0x2a, 0x63,
  0x66, 0x5f, 0x70, 0x72, 0x6f, 0x74, 0x65, 0x63, 0x74, 0x69, 0x6f, 0x6e,
  0x00, 0x08, 0x00, 0x00, 0x16, 0x00, 0x00, 0x00, 0x00, 0x00, 0x00, 0x00,
  0x00, 0x01, 0x00, 0x00, 0x47, 0x41, 0x2b, 0x6f, 0x6d, 0x69, 0x74, 0x5f,
  0x66, 0x72, 0x61, 0x6d, 0x65, 0x5f, 0x70, 0x6f, 0x69, 0x6e, 0x74, 0x65,
  0x72, 0x00, 0x00, 0x00, 0x0f, 0x00, 0x00, 0x00, 0x00, 0x00, 0x00, 0x00,
  0x00, 0x01, 0x00, 0x00, 0x47, 0x41, 0x2b, 0x73, 0x74, 0x61, 0x63, 0x6b,
  0x5f, 0x63, 0x6c, 0x61, 0x73, 0x68, 0x00, 0x00, 0x11, 0x00, 0x00, 0x00,
  0x00, 0x00, 0x00, 0x00, 0x00, 0x01, 0x00, 0x00, 0x47, 0x41, 0x21, 0x73,
  0x74, 0x61, 0x63, 0x6b, 0x5f, 0x72, 0x65, 0x61, 0x6c, 0x69, 0x67, 0x6e,
  0x00, 0x00, 0x00, 0x00, 0x0a, 0x00, 0x00, 0x00, 0x10, 0x00, 0x00, 0x00,
  0x00, 0x01, 0x00, 0x00, 0x47, 0x41, 0x24, 0x01, 0x33, 0x70, 0x38, 0x39,
  0x30, 0x00, 0x00, 0x00, 0xb0, 0x10, 0x00, 0x00, 0x00, 0x00, 0x00, 0x00,
  0x60, 0x1b, 0x00, 0x00, 0x00, 0x00, 0x00, 0x00, 0x1f, 0x00, 0x00, 0x00,
  0x00, 0x00, 0x00, 0x00, 0x00, 0x01, 0x00, 0x00, 0x47, 0x41, 0x24, 0x05,
  0x61, 0x6e, 0x6e, 0x6f, 0x62, 0x69, 0x6e, 0x20, 0x67, 0x63, 0x63, 0x20,
  0x38, 0x2e, 0x33, 0x2e, 0x31, 0x20, 0x32, 0x30, 0x31, 0x39, 0x30, 0x35,
  0x30, 0x37, 0x00, 0x00, 0x1f, 0x00, 0x00, 0x00, 0x00, 0x00, 0x00, 0x00,
  0x00, 0x01, 0x00, 0x00, 0x47, 0x41, 0x24, 0x05, 0x72, 0x75, 0x6e, 0x6e,
  0x69, 0x6e, 0x67, 0x20, 0x67, 0x63, 0x63, 0x20, 0x38, 0x2e, 0x33, 0x2e,
  0x31, 0x20, 0x32, 0x30, 0x31, 0x39, 0x31, 0x31, 0x32, 0x31, 0x00, 0x00,
  0x0a, 0x00, 0x00, 0x00, 0x00, 0x00, 0x00, 0x00, 0x00, 0x01, 0x00, 0x00,
  0x47, 0x41, 0x2a, 0x47, 0x4f, 0x57, 0x00, 0x2a, 0xc5, 0x00, 0x00, 0x00,
  0x0a, 0x00, 0x00, 0x00, 0x10, 0x00, 0x00, 0x00, 0x00, 0x01, 0x00, 0x00,
  0x47, 0x41, 0x24, 0x01, 0x33, 0x70, 0x38, 0x39, 0x30, 0x00, 0x00, 0x00,
  0x10, 0x11, 0x00, 0x00, 0x00, 0x00, 0x00, 0x00, 0xb6, 0x1c, 0x00, 0x00,
  0x00, 0x00, 0x00, 0x00, 0x06, 0x00, 0x00, 0x00, 0x00, 0x00, 0x00, 0x00,
  0x00, 0x01, 0x00, 0x00, 0x47, 0x41, 0x2a, 0x02, 0x03, 0x00, 0x00, 0x00,
  0x1f, 0x00, 0x00, 0x00, 0x00, 0x00, 0x00, 0x00, 0x00, 0x01, 0x00, 0x00,
  0x47, 0x41, 0x24, 0x05, 0x61, 0x6e, 0x6e, 0x6f, 0x62, 0x69, 0x6e, 0x20,
  0x67, 0x63, 0x63, 0x20, 0x38, 0x2e, 0x33, 0x2e, 0x31, 0x20, 0x32, 0x30,
  0x31, 0x39, 0x30, 0x35, 0x30, 0x37, 0x00, 0x00, 0x1f, 0x00, 0x00, 0x00,
  0x00, 0x00, 0x00, 0x00, 0x00, 0x01, 0x00, 0x00, 0x47, 0x41, 0x24, 0x05,
  0x72, 0x75, 0x6e, 0x6e, 0x69, 0x6e, 0x67, 0x20, 0x67, 0x63, 0x63, 0x20,
  0x38, 0x2e, 0x33, 0x2e, 0x31, 0x20, 0x32, 0x30, 0x31, 0x39, 0x31, 0x31,
  0x32, 0x31, 0x00, 0x00, 0x0c, 0x00, 0x00, 0x00, 0x00, 0x00, 0x00, 0x00,
  0x00, 0x01, 0x00, 0x00, 0x47, 0x41, 0x2a, 0x06, 0x12, 0x00, 0x00, 0x00,
  0x11, 0x00, 0x0c, 0x00, 0x06, 0x00, 0x00, 0x00, 0x00, 0x00, 0x00, 0x00,
  0x00, 0x01, 0x00, 0x00, 0x47, 0x41, 0x2a, 0x07, 0x02, 0x00, 0x00, 0x00,
  0x05, 0x00, 0x00, 0x00, 0x00, 0x00, 0x00, 0x00, 0x00, 0x01, 0x00, 0x00,
  0x47, 0x41, 0x21, 0x08, 0x00, 0x00, 0x00, 0x00, 0x0d, 0x00, 0x00, 0x00,
  0x00, 0x00, 0x00, 0x00, 0x00, 0x01, 0x00, 0x00, 0x47, 0x41, 0x2a, 0x46,
  0x4f, 0x52, 0x54, 0x49, 0x46, 0x59, 0x00, 0x02, 0x00, 0x00, 0x00, 0x00,
  0x16, 0x00, 0x00, 0x00, 0x00, 0x00, 0x00, 0x00, 0x00, 0x01, 0x00, 0x00,
  0x47, 0x41, 0x2b, 0x47, 0x4c, 0x49, 0x42, 0x43, 0x58, 0x58, 0x5f, 0x41,
  0x53, 0x53, 0x45, 0x52, 0x54, 0x49, 0x4f, 0x4e, 0x53, 0x00, 0x00, 0x00,
  0x0a, 0x00, 0x00, 0x00, 0x00, 0x00, 0x00, 0x00, 0x00, 0x01, 0x00, 0x00,
  0x47, 0x41, 0x2a, 0x47, 0x4f, 0x57, 0x00, 0x2a, 0xc5, 0x00, 0x00, 0x00,
  0x13, 0x00, 0x00, 0x00, 0x00, 0x00, 0x00, 0x00, 0x00, 0x01, 0x00, 0x00,
  0x47, 0x41, 0x2a, 0x63, 0x66, 0x5f, 0x70, 0x72, 0x6f, 0x74, 0x65, 0x63,
  0x74, 0x69, 0x6f, 0x6e, 0x00, 0x08, 0x00, 0x00, 0x16, 0x00, 0x00, 0x00,
  0x00, 0x00, 0x00, 0x00, 0x00, 0x01, 0x00, 0x00, 0x47, 0x41, 0x2b, 0x6f,
  0x6d, 0x69, 0x74, 0x5f, 0x66, 0x72, 0x61, 0x6d, 0x65, 0x5f, 0x70, 0x6f,
  0x69, 0x6e, 0x74, 0x65, 0x72, 0x00, 0x00, 0x00, 0x0f, 0x00, 0x00, 0x00,
  0x00, 0x00, 0x00, 0x00, 0x00, 0x01, 0x00, 0x00, 0x47, 0x41, 0x2b, 0x73,
  0x74, 0x61, 0x63, 0x6b, 0x5f, 0x63, 0x6c, 0x61, 0x73, 0x68, 0x00, 0x00,
  0x11, 0x00, 0x00, 0x00, 0x00, 0x00, 0x00, 0x00, 0x00, 0x01, 0x00, 0x00,
  0x47, 0x41, 0x21, 0x73, 0x74, 0x61, 0x63, 0x6b, 0x5f, 0x72, 0x65, 0x61,
  0x6c, 0x69, 0x67, 0x6e, 0x00, 0x00, 0x00, 0x00, 0x0a, 0x00, 0x00, 0x00,
  0x10, 0x00, 0x00, 0x00, 0x00, 0x01, 0x00, 0x00, 0x47, 0x41, 0x24, 0x01,
  0x33, 0x70, 0x38, 0x37, 0x38, 0x00, 0x00, 0x00, 0xc0, 0x1c, 0x00, 0x00,
  0x00, 0x00, 0x00, 0x00, 0xd2, 0x1c, 0x00, 0x00, 0x00, 0x00, 0x00, 0x00,
  0x17, 0x00, 0x00, 0x00, 0x00, 0x00, 0x00, 0x00, 0x00, 0x01, 0x00, 0x00,
  0x47, 0x41, 0x24, 0x05, 0x67, 0x63, 0x63, 0x20, 0x38, 0x2e, 0x33, 0x2e,
  0x31, 0x20, 0x32, 0x30, 0x31, 0x39, 0x31, 0x31, 0x32, 0x31, 0x00, 0x00,
  0x0a, 0x00, 0x00, 0x00, 0x00, 0x00, 0x00, 0x00, 0x00, 0x01, 0x00, 0x00,
  0x47, 0x41, 0x2a, 0x47, 0x4f, 0x57, 0x00, 0x2a, 0x45, 0x00, 0x00, 0x00,
  0x6c, 0x69, 0x62, 0x58, 0x61, 0x75, 0x2e, 0x73, 0x6f, 0x2e, 0x36, 0x2e,
  0x30, 0x2e, 0x30, 0x2d, 0x31, 0x2e, 0x30, 0x2e, 0x39, 0x2d, 0x33, 0x2e,
  0x65, 0x6c, 0x38, 0x2e, 0x78, 0x38, 0x36, 0x5f, 0x36, 0x34, 0x2e, 0x64,
  0x65, 0x62, 0x75, 0x67, 0x00, 0x00, 0x00, 0x00, 0xba, 0x84, 0xcd, 0x02,
  0xfd, 0x37, 0x7a, 0x58, 0x5a, 0x00, 0x00, 0x04, 0xe6, 0xd6, 0xb4, 0x46,
  0x02, 0x00, 0x21, 0x01, 0x16, 0x00, 0x00, 0x00, 0x74, 0x2f, 0xe5, 0xa3,
  0xe0, 0x0f, 0x3f, 0x03, 0x97, 0x5d, 0x00, 0x3f, 0x91, 0x45, 0x84, 0x68,
  0x3d, 0x89, 0xa6, 0xda, 0x8a, 0xe1, 0x83, 0x32, 0x4e, 0xd9, 0x09, 0x1b,
  0x2c, 0x1f, 0xd7, 0xea, 0xde, 0x67, 0xe6, 0xc3, 0x35, 0x6f, 0xd8, 0xa9,
  0xbf, 0xa9, 0x5e, 0x20, 0x41, 0x8f, 0x9a, 0xa1, 0x4a, 0xe3, 0xd2, 0x01,
  0x9c, 0xfa, 0x25, 0x59, 0x15, 0x53, 0x17, 0xb6, 0x48, 0x33, 0x86, 0xa5,
  0xa2, 0x21, 0x01, 0x55, 0xa0, 0x10, 0xe5, 0xbf, 0xeb, 0x0c, 0x78, 0x8d,
  0x73, 0x43, 0xbb, 0x47, 0x53, 0xa5, 0x76, 0xc5, 0xb3, 0x00, 0x01, 0x00,
  0xb3, 0x0f, 0xb6, 0x0e, 0xb5, 0xc9, 0x64, 0x9d, 0x39, 0xa6, 0x0d, 0x3d,
  0x70, 0xc8, 0x97, 0xce, 0x79, 0x4d, 0x1a, 0x03, 0xa3, 0xfc, 0xe7, 0x4f,
  0x8d, 0x28, 0x39, 0xe3, 0x83, 0xc5, 0x3c, 0x89, 0xb3, 0x4d, 0x07, 0xcf,
  0x4d, 0xff, 0x93, 0x6f, 0x16, 0x23, 0xb7, 0x62, 0x2c, 0xf6, 0xdd, 0x86,
  0x10, 0x41, 0xae, 0x0e, 0x94, 0xe1, 0xa8, 0x51, 0xeb, 0x7a, 0xdb, 0x3e,
  0x7b, 0xe9, 0x1e, 0x31, 0x4d, 0xeb, 0x6c, 0xe4, 0xfa, 0x8d, 0x94, 0xeb,
  0x14, 0x00, 0x48, 0x85, 0x5f, 0x25, 0xb8, 0x41, 0x2d, 0x69, 0x5e, 0x3b,
  0xd0, 0x48, 0x34, 0xba, 0x8f, 0x02, 0x05, 0x16, 0x82, 0x17, 0xd8, 0x37,
  0x2f, 0x76, 0x2a, 0x4c, 0x43, 0xe0, 0x3d, 0x7e, 0x32, 0xcb, 0x34, 0x91,
  0xa1, 0x38, 0x09, 0x73, 0x08, 0xf5, 0xd2, 0x90, 0x08, 0xa3, 0x2c, 0xf6,
  0xec, 0x9b, 0xa2, 0x9f, 0x7e, 0x78, 0x8a, 0x95, 0xda, 0xb6, 0x22, 0x34,
  0xd5, 0x14, 0x45, 0xa6, 0x04, 0x49, 0x89, 0xbe, 0x24, 0x8a, 0x61, 0xdd,
  0xa9, 0x85, 0x65, 0xb9, 0x06, 0x5f, 0xb7, 0x3a, 0xd8, 0x84, 0xe5, 0xba,
  0xb7, 0x71, 0xfa, 0xf0, 0xf3, 0xe2, 0xf9, 0x79, 0x70, 0xc2, 0x07, 0xc0,
  0xb9, 0xd2, 0x5a, 0x8f, 0xbd, 0x1e, 0x5c, 0x0b, 0x52, 0x7d, 0xbb, 0x94,
  0x5b, 0x53, 0xd8, 0x44, 0x7d, 0x13, 0x24, 0x28, 0x13, 0xe7, 0x24, 0x94,
  0x01, 0x51, 0xea, 0xd8, 0x3a, 0x8d, 0x61, 0xa0, 0xc4, 0x79, 0x57, 0x0d,
  0x93, 0x00, 0xaa, 0x62, 0xac, 0x81, 0x8f, 0x65, 0x54, 0x9e, 0x4a, 0xa1,
  0xae, 0x2d, 0x4e, 0xf2, 0x81, 0xc3, 0x6b, 0xaa, 0x93, 0x25, 0xf4, 0x35,
  0xca, 0xed, 0xad, 0xd5, 0xe7, 0xc4, 0x10, 0xb9, 0x44, 0x92, 0xdd, 0xbc,
  0x14, 0x38, 0x42, 0x46, 0x46, 0x21, 0xdb, 0x9b, 0x59, 0xbf, 0x46, 0xcc,
  0x49, 0x51, 0x96, 0xce, 0xf6, 0xf7, 0x83, 0x6e, 0x93, 0xc3, 0x11, 0x14,
  0x0c, 0xcf, 0x9e, 0x7f, 0x38, 0x9c, 0xf7, 0x18, 0xfd, 0x36, 0xfc, 0x24,
  0x63, 0x0c, 0x46, 0xf0, 0x05, 0xd2, 0xd0, 0x62, 0xf2, 0x24, 0x46, 0xdd,
  0x93, 0x98, 0x20, 0x7b, 0x36, 0xdb, 0x30, 0x62, 0xce, 0xb1, 0x59, 0x19,
  0x85, 0xcb, 0x22, 0x5c, 0x0c, 0xdf, 0x67, 0x06, 0xed, 0x29, 0xc9, 0x3b,
  0xaa, 0x44, 0x82, 0xc8, 0xff, 0x2f, 0xe2, 0x33, 0x14, 0xc0, 0xd6, 0xfd,
  0xc6, 0x99, 0xf1, 0xaa, 0x85, 0x27, 0x44, 0xf2, 0xa5, 0x7d, 0x0b, 0x21,
  0x86, 0xbf, 0x4d, 0x0c, 0x7d, 0x63, 0xbf, 0x24, 0xf3, 0x2c, 0x80, 0x1d,
  0xba, 0x8d, 0x17, 0x24, 0x57, 0x10, 0xec, 0xcf, 0x88, 0xd5, 0xa5, 0x00,
  0x3c, 0x7f, 0x4c, 0x7b, 0xfd, 0x51, 0x99, 0xaa, 0xdb, 0x86, 0x5b, 0x10,
  0x5c, 0x9d, 0xf9, 0x23, 0xf5, 0x1a, 0x16, 0xa4, 0xc0, 0x53, 0x37, 0xdf,
  0x8f, 0x34, 0x99, 0x60, 0x0d, 0x61, 0x88, 0x2a, 0x0e, 0x0a, 0xa6, 0xd1,
  0x2a, 0x1c, 0xee, 0xc7, 0xb7, 0xc0, 0x37, 0xca, 0x13, 0x35, 0x3c, 0xf6,
  0x05, 0x11, 0xfc, 0x8c, 0x28, 0x75, 0xd8, 0x19, 0x4c, 0xeb, 0x96, 0x67,
  0x4e, 0x5b, 0x78, 0x42, 0x92, 0xcf, 0x79, 0x3c, 0x7d, 0x71, 0xf2, 0xe3,
  0xe5, 0xad, 0x82, 0xab, 0xd5, 0xa2, 0xa9, 0x45, 0x8b, 0x0b, 0xc1, 0x32,
  0x9c, 0xc1, 0x17, 0x6e, 0xa2, 0x7f, 0x81, 0x2d, 0xe2, 0x79, 0x8f, 0xda,
  0x10, 0xa1, 0x3e, 0xe8, 0x6b, 0xac, 0x63, 0xc0, 0x1a, 0x94, 0x1f, 0x1c,
  0x84, 0xee, 0x84, 0xeb, 0x1f, 0x04, 0x6d, 0xe5, 0xa0, 0xd9, 0x15, 0x92,
  0xfb, 0xdb, 0x28, 0xeb, 0xdb, 0x23, 0xc9, 0x9b, 0x35, 0xb0, 0x0f, 0x87,
  0x0a, 0x3b, 0x00, 0xe2, 0x07, 0x77, 0xa8, 0xf9, 0x2f, 0xbf, 0x9a, 0x78,
  0xbd, 0xd7, 0xa5, 0xf1, 0x2d, 0x6e, 0x04, 0x23, 0xb1, 0x7e, 0x18, 0x7f,
  0x99, 0x94, 0x2e, 0xb7, 0xa8, 0x86, 0xa4, 0x63, 0x50, 0x95, 0xec, 0x69,
  0x6c, 0x02, 0xf3, 0x61, 0x9b, 0x18, 0xf6, 0x43, 0xc0, 0xc0, 0xa8, 0x0d,
  0x7e, 0xa4, 0xb2, 0x5f, 0xdb, 0x03, 0x4b, 0x1b, 0xec, 0xb7, 0x53, 0x17,
  0x9c, 0x1e, 0x11, 0x2b, 0xba, 0x3d, 0x49, 0xba, 0xcb, 0x9b, 0x2b, 0xe3,
  0xf7, 0x14, 0xe7, 0x94, 0x6c, 0xa2, 0x89, 0x76, 0x4e, 0x43, 0x1e, 0xcf,
  0xc2, 0x48, 0x17, 0xb8, 0xf8, 0xa8, 0xaf, 0x04, 0x6e, 0x4d, 0x21, 0x3c,
  0x30, 0x03, 0xc4, 0x54, 0x51, 0xd4, 0xd5, 0xfc, 0x49, 0x7a, 0xfa, 0xbb,
  0xcd, 0x39, 0xe9, 0xb6, 0x9d, 0xdf, 0xea, 0x57, 0xec, 0x7a, 0x09, 0xe7,
  0xce, 0x59, 0xc7, 0xd9, 0x78, 0x71, 0x30, 0x95, 0x96, 0x84, 0x3b, 0x24,
  0x10, 0xda, 0xc4, 0x7b, 0xdb, 0xd9, 0x8e, 0x35, 0x93, 0x8e, 0xe6, 0x30,
  0xba, 0xa8, 0x9c, 0xee, 0x8a, 0xf9, 0x0c, 0x0d, 0x15, 0x59, 0x63, 0xe0,
  0x2b, 0x09, 0xaa, 0x11, 0x09, 0x5f, 0xff, 0xc0, 0x0d, 0x4a, 0x90, 0x2a,
  0xee, 0xee, 0xb9, 0xed, 0xca, 0xed, 0x54, 0xe0, 0x31, 0x08, 0x77, 0xa7,
  0x6e, 0x23, 0xa3, 0xf1, 0x1b, 0x73, 0x44, 0xb5, 0x46, 0x01, 0xd8, 0xc5,
  0xe3, 0x6e, 0xa1, 0x8e, 0xbd, 0x0d, 0xf6, 0xde, 0xe4, 0x14, 0x02, 0xbe,
  0xb1, 0x84, 0xa8, 0x66, 0x09, 0xab, 0x42, 0x6b, 0xe4, 0x69, 0x98, 0xe2,
  0x77, 0x0e, 0xb5, 0x50, 0x1a, 0xe5, 0x17, 0xf3, 0x49, 0x14, 0xe1, 0x4b,
  0x8d, 0x97, 0xeb, 0x43, 0x78, 0xfc, 0x8c, 0xb8, 0x1e, 0x1f, 0xb8, 0xa3,
  0x23, 0x3c, 0x60, 0xa9, 0x61, 0xf8, 0x20, 0x40, 0x48, 0xdc, 0x35, 0xe9,
  0xcb, 0x81, 0xf7, 0x17, 0x13, 0xa6, 0x84, 0xa9, 0x78, 0x14, 0xe8, 0x96,
  0xe4, 0x0e, 0x8e, 0xc2, 0x2b, 0x2f, 0x4e, 0xd4, 0xb9, 0x15, 0xae, 0x97,
  0x85, 0xc3, 0x31, 0xe2, 0x18, 0x37, 0x70, 0x15, 0x52, 0xee, 0x38, 0x4c,
  0x2c, 0x6a, 0x33, 0x5c, 0xc9, 0x7f, 0x14, 0xdb, 0x1a, 0x64, 0xcf, 0xcc,
  0x4d, 0x89, 0x1a, 0xc0, 0x4c, 0xc4, 0x01, 0x6d, 0xd5, 0x1d, 0x14, 0xd4,
  0xb9, 0x0a, 0xbd, 0x24, 0x46, 0xb6, 0x4a, 0xaf, 0x57, 0x55, 0x5d, 0x3c,
  0x4a, 0x10, 0x35, 0x44, 0x3f, 0xe1, 0xdf, 0x8e, 0x5b, 0x29, 0x2b, 0xf3,
  0x1a, 0x6e, 0x92, 0xb7, 0x42, 0x5a, 0xb9, 0x8f, 0x76, 0xe5, 0xfa, 0xb6,
  0x70, 0xaf, 0x00, 0x00, 0xee, 0xfc, 0xbd, 0xdc, 0x56, 0xea, 0x7d, 0x89,
  0x00, 0x01, 0xb3, 0x07, 0xc0, 0x1e, 0x00, 0x00, 0x6a, 0x09, 0xde, 0x8d,
  0xb1, 0xc4, 0x67, 0xfb, 0x02, 0x00, 0x00, 0x00, 0x00, 0x04, 0x59, 0x5a,
  0x00, 0x2e, 0x73, 0x68, 0x73, 0x74, 0x72, 0x74, 0x61, 0x62, 0x00, 0x2e,
  0x6e, 0x6f, 0x74, 0x65, 0x2e, 0x67, 0x6e, 0x75, 0x2e, 0x62, 0x75, 0x69,
  0x6c, 0x64, 0x2d, 0x69, 0x64, 0x00, 0x2e, 0x67, 0x6e, 0x75, 0x2e, 0x68,
  0x61, 0x73, 0x68, 0x00, 0x2e, 0x64, 0x79, 0x6e, 0x73, 0x79, 0x6d, 0x00,
  0x2e, 0x64, 0x79, 0x6e, 0x73, 0x74, 0x72, 0x00, 0x2e, 0x67, 0x6e, 0x75,
  0x2e, 0x76, 0x65, 0x72, 0x73, 0x69, 0x6f, 0x6e, 0x00, 0x2e, 0x67, 0x6e,
  0x75, 0x2e, 0x76, 0x65, 0x72, 0x73, 0x69, 0x6f, 0x6e, 0x5f, 0x72, 0x00,
  0x2e, 0x72, 0x65, 0x6c, 0x61, 0x2e, 0x64, 0x79, 0x6e, 0x00, 0x2e, 0x72,
  0x65, 0x6c, 0x61, 0x2e, 0x70, 0x6c, 0x74, 0x00, 0x2e, 0x69, 0x6e, 0x69,
  0x74, 0x00, 0x2e, 0x70, 0x6c, 0x74, 0x2e, 0x73, 0x65, 0x63, 0x00, 0x2e,
  0x74, 0x65, 0x78, 0x74, 0x00, 0x2e, 0x66, 0x69, 0x6e, 0x69, 0x00, 0x2e,
  0x72, 0x6f, 0x64, 0x61, 0x74, 0x61, 0x00, 0x2e, 0x65, 0x68, 0x5f, 0x66,
  0x72, 0x61, 0x6d, 0x65, 0x5f, 0x68, 0x64, 0x72, 0x00, 0x2e, 0x65, 0x68,
  0x5f, 0x66, 0x72, 0x61, 0x6d, 0x65, 0x00, 0x2e, 0x6e, 0x6f, 0x74, 0x65,
  0x2e, 0x67, 0x6e, 0x75, 0x2e, 0x70, 0x72, 0x6f, 0x70, 0x65, 0x72, 0x74,
  0x79, 0x00, 0x2e, 0x69, 0x6e, 0x69, 0x74, 0x5f, 0x61, 0x72, 0x72, 0x61,
  0x79, 0x00, 0x2e, 0x66, 0x69, 0x6e, 0x69, 0x5f, 0x61, 0x72, 0x72, 0x61,
  0x79, 0x00, 0x2e, 0x64, 0x61, 0x74, 0x61, 0x2e, 0x72, 0x65, 0x6c, 0x2e,
  0x72, 0x6f, 0x00, 0x2e, 0x64, 0x79, 0x6e, 0x61, 0x6d, 0x69, 0x63, 0x00,
  0x2e, 0x67, 0x6f, 0x74, 0x00, 0x2e, 0x62, 0x73, 0x73, 0x00, 0x2e, 0x67,
  0x6e, 0x75, 0x2e, 0x62, 0x75, 0x69, 0x6c, 0x64, 0x2e, 0x61, 0x74, 0x74,
  0x72, 0x69, 0x62, 0x75, 0x74, 0x65, 0x73, 0x00, 0x2e, 0x67, 0x6e, 0x75,
  0x5f, 0x64, 0x65, 0x62, 0x75, 0x67, 0x6c, 0x69, 0x6e, 0x6b, 0x00, 0x2e,
  0x67, 0x6e, 0x75, 0x5f, 0x64, 0x65, 0x62, 0x75, 0x67, 0x64, 0x61, 0x74,
  0x61, 0x00, 0x00, 0x00, 0x00, 0x00, 0x00, 0x00, 0x00, 0x00, 0x00, 0x00,
  0x00, 0x00, 0x00, 0x00, 0x00, 0x00, 0x00, 0x00, 0x00, 0x00, 0x00, 0x00,
  0x00, 0x00, 0x00, 0x00, 0x00, 0x00, 0x00, 0x00, 0x00, 0x00, 0x00, 0x00,
  0x00, 0x00, 0x00, 0x00, 0x00, 0x00, 0x00, 0x00, 0x00, 0x00, 0x00, 0x00,
  0x00, 0x00, 0x00, 0x00, 0x00, 0x00, 0x00, 0x00, 0x00, 0x00, 0x00, 0x00,
  0x00, 0x00, 0x00, 0x00, 0x00, 0x00, 0x00, 0x00, 0x00, 0x00, 0x00, 0x00,
  0x38, 0x00, 0x00, 0x00, 0xff, 0xff, 0xff, 0x6f, 0x02, 0x00, 0x00, 0x00,
  0x00, 0x00, 0x00, 0x00, 0x28, 0x08, 0x00, 0x00, 0x00, 0x00, 0x00, 0x00,
  0x28, 0x08, 0x00, 0x00, 0x00, 0x00, 0x00, 0x00, 0x52, 0x00, 0x00, 0x00,
  0x00, 0x00, 0x00, 0x00, 0x1a, 0x00, 0x00, 0x00, 0x00, 0x00, 0x00, 0x00,
  0x02, 0x00, 0x00, 0x00, 0x00, 0x00, 0x00, 0x00, 0x02, 0x00, 0x00, 0x00,
  0x00, 0x00, 0x00, 0x00, 0x45, 0x00, 0x00, 0x00, 0xfe, 0xff, 0xff, 0x6f,
  0x02, 0x00, 0x00, 0x00, 0x00, 0x00, 0x00, 0x00, 0x80, 0x08, 0x00, 0x00,
  0x00, 0x00, 0x00, 0x00, 0x80, 0x08, 0x00, 0x00, 0x00, 0x00, 0x00, 0x00,
  0x40, 0x00, 0x00, 0x00, 0x00, 0x00, 0x00, 0x00, 0x1b, 0x00, 0x00, 0x00,
  0x01, 0x00, 0x00, 0x00, 0x08, 0x00, 0x00, 0x00, 0x00, 0x00, 0x00, 0x00,
  0x00, 0x00, 0x00, 0x00, 0x00, 0x00, 0x00, 0x00, 0x54, 0x00, 0x00, 0x00,
  0x04, 0x00, 0x00, 0x00, 0x02, 0x00, 0x00, 0x00, 0x00, 0x00, 0x00, 0x00,
  0xc0, 0x08, 0x00, 0x00, 0x00, 0x00, 0x00, 0x00, 0xc0, 0x08, 0x00, 0x00,
  0x00, 0x00, 0x00, 0x00, 0xa8, 0x00, 0x00, 0x00, 0x00, 0x00, 0x00, 0x00,
  0x1a, 0x00, 0x00, 0x00, 0x00, 0x00, 0x00, 0x00, 0x08, 0x00, 0x00, 0x00,
  0x00, 0x00, 0x00, 0x00, 0x18, 0x00, 0x00, 0x00, 0x00, 0x00, 0x00, 0x00,
  0x5e, 0x00, 0x00, 0x00, 0x04, 0x00, 0x00, 0x00, 0x42, 0x00, 0x00, 0x00,
  0x00, 0x00, 0x00, 0x00, 0x68, 0x09, 0x00, 0x00, 0x00, 0x00, 0x00, 0x00,
  0x68, 0x09, 0x00, 0x00, 0x00, 0x00, 0x00, 0x00, 0xb8, 0x02, 0x00, 0x00,
  0x00, 0x00, 0x00, 0x00, 0x1a, 0x00, 0x00, 0x00, 0x12, 0x00, 0x00, 0x00,
  0x08, 0x00, 0x00, 0x00, 0x00, 0x00, 0x00, 0x00, 0x18, 0x00, 0x00, 0x00,
  0x00, 0x00, 0x00, 0x00, 0x68, 0x00, 0x00, 0x00, 0x01, 0x00, 0x00, 0x00,
  0x06, 0x00, 0x00, 0x00, 0x00, 0x00, 0x00, 0x00, 0x20, 0x0c, 0x00, 0x00,
  0x00, 0x00, 0x00, 0x00, 0x20, 0x0c, 0x00, 0x00, 0x00, 0x00, 0x00, 0x00,
  0x1b, 0x00, 0x00, 0x00, 0x00, 0x00, 0x00, 0x00, 0x00, 0x00, 0x00, 0x00,
  0x00, 0x00, 0x00, 0x00, 0x04, 0x00, 0x00, 0x00, 0x00, 0x00, 0x00, 0x00,
  0x00, 0x00, 0x00, 0x00, 0x00, 0x00, 0x00, 0x00, 0x63, 0x00, 0x00, 0x00,
  0x01, 0x00, 0x00, 0x00, 0x06, 0x00, 0x00, 0x00, 0x00, 0x00, 0x00, 0x00,
  0x40, 0x0c, 0x00, 0x00, 0x00, 0x00, 0x00, 0x00, 0x40, 0x0c, 0x00, 0x00,
  0x00, 0x00, 0x00, 0x00, 0xe0, 0x01, 0x00, 0x00, 0x00, 0x00, 0x00, 0x00,
  0x00, 0x00, 0x00, 0x00, 0x00, 0x00, 0x00, 0x00, 0x10, 0x00, 0x00, 0x00,
  0x00, 0x00, 0x00, 0x00, 0x10, 0x00, 0x00, 0x00, 0x00, 0x00, 0x00, 0x00,
  0x6e, 0x00, 0x00, 0x00, 0x01, 0x00, 0x00, 0x00, 0x06, 0x00, 0x00, 0x00,
  0x00, 0x00, 0x00, 0x00, 0x20, 0x0e, 0x00, 0x00, 0x00, 0x00, 0x00, 0x00,
  0x20, 0x0e, 0x00, 0x00, 0x00, 0x00, 0x00, 0x00, 0xd0, 0x01, 0x00, 0x00,
  0x00, 0x00, 0x00, 0x00, 0x00, 0x00, 0x00, 0x00, 0x00, 0x00, 0x00, 0x00,
  0x10, 0x00, 0x00, 0x00, 0x00, 0x00, 0x00, 0x00, 0x10, 0x00, 0x00, 0x00,
  0x00, 0x00, 0x00, 0x00, 0x77, 0x00, 0x00, 0x00, 0x01, 0x00, 0x00, 0x00,
  0x06, 0x00, 0x00, 0x00, 0x00, 0x00, 0x00, 0x00, 0xf0, 0x0f, 0x00, 0x00,
  0x00, 0x00, 0x00, 0x00, 0xf0, 0x0f, 0x00, 0x00, 0x00, 0x00, 0x00, 0x00,
  0xe2, 0x0c, 0x00, 0x00, 0x00, 0x00, 0x00, 0x00, 0x00, 0x00, 0x00, 0x00,
  0x00, 0x00, 0x00, 0x00, 0x10, 0x00, 0x00, 0x00, 0x00, 0x00, 0x00, 0x00,
  0x00, 0x00, 0x00, 0x00, 0x00, 0x00, 0x00, 0x00, 0x7d, 0x00, 0x00, 0x00,
  0x01, 0x00, 0x00, 0x00, 0x06, 0x00, 0x00, 0x00, 0x00, 0x00, 0x00, 0x00,
  0xd4, 0x1c, 0x00, 0x00, 0x00, 0x00, 0x00, 0x00, 0xd4, 0x1c, 0x00, 0x00,
  0x00, 0x00, 0x00, 0x00, 0x0d, 0x00, 0x00, 0x00, 0x00, 0x00, 0x00, 0x00,
  0x00, 0x00, 0x00, 0x00, 0x00, 0x00, 0x00, 0x00, 0x04, 0x00, 0x00, 0x00,
  0x00, 0x00, 0x00, 0x00, 0x00, 0x00, 0x00, 0x00, 0x00, 0x00, 0x00, 0x00,
  0x83, 0x00, 0x00, 0x00, 0x01, 0x00, 0x00, 0x00, 0x32, 0x00, 0x00, 0x00,
  0x00, 0x00, 0x00, 0x00, 0xe1, 0x1c, 0x00, 0x00, 0x00, 0x00, 0x00, 0x00,
  0xe1, 0x1c, 0x00, 0x00, 0x00, 0x00, 0x00, 0x00, 0x2f, 0x00, 0x00, 0x00,
  0x00, 0x00, 0x00, 0x00, 0x00, 0x00, 0x00, 0x00, 0x00, 0x00, 0x00, 0x00,
  0x01, 0x00, 0x00, 0x00, 0x00, 0x00, 0x00, 0x00, 0x01, 0x00, 0x00, 0x00,
  0x00, 0x00, 0x00, 0x00, 0x8b, 0x00, 0x00, 0x00, 0x01, 0x00, 0x00, 0x00,
  0x02, 0x00, 0x00, 0x00, 0x00, 0x00, 0x00, 0x00, 0x10, 0x1d, 0x00, 0x00,
  0x00, 0x00, 0x00, 0x00, 0x10, 0x1d, 0x00, 0x00, 0x00, 0x00, 0x00, 0x00,
  0x84, 0x00, 0x00, 0x00, 0x00, 0x00, 0x00, 0x00, 0x00, 0x00, 0x00, 0x00,
  0x00, 0x00, 0x00, 0x00, 0x04, 0x00, 0x00, 0x00, 0x00, 0x00, 0x00, 0x00,
  0x00, 0x00, 0x00, 0x00, 0x00, 0x00, 0x00, 0x00, 0x99, 0x00, 0x00, 0x00,
  0x01, 0x00, 0x00, 0x00, 0x02, 0x00, 0x00, 0x00, 0x00, 0x00, 0x00, 0x00,
  0x98, 0x1d, 0x00, 0x00, 0x00, 0x00, 0x00, 0x00, 0x98, 0x1d, 0x00, 0x00,
  0x00, 0x00, 0x00, 0x00, 0x18, 0x03, 0x00, 0x00, 0x00, 0x00, 0x00, 0x00,
  0x00, 0x00, 0x00, 0x00, 0x00, 0x00, 0x00, 0x00, 0x08, 0x00, 0x00, 0x00,
  0x00, 0x00, 0x00, 0x00, 0x00, 0x00, 0x00, 0x00, 0x00, 0x00, 0x00, 0x00,
  0xa3, 0x00, 0x00, 0x00, 0x07, 0x00, 0x00, 0x00, 0x02, 0x00, 0x00, 0x00,
  0x00, 0x00, 0x00, 0x00, 0xb0, 0x20, 0x00, 0x00, 0x00, 0x00, 0x00, 0x00,
  0xb0, 0x20, 0x00, 0x00, 0x00, 0x00, 0x00, 0x00, 0x20, 0x00, 0x00, 0x00,
  0x00, 0x00, 0x00, 0x00, 0x00, 0x00, 0x00, 0x00, 0x00, 0x00, 0x00, 0x00,
  0x08, 0x00, 0x00, 0x00, 0x00, 0x00, 0x00, 0x00, 0x00, 0x00, 0x00, 0x00,
  0x00, 0x00, 0x00, 0x00, 0xb6, 0x00, 0x00, 0x00, 0x0e, 0x00, 0x00, 0x00,
  0x03, 0x00, 0x00, 0x00, 0x00, 0x00, 0x00, 0x00, 0xd8, 0x2c, 0x20, 0x00,
  0x00, 0x00, 0x00, 0x00, 0xd8, 0x2c, 0x00, 0x00, 0x00, 0x00, 0x00, 0x00,
  0x08, 0x00, 0x00, 0x00, 0x00, 0x00, 0x00, 0x00, 0x00, 0x00, 0x00, 0x00,
  0x00, 0x00, 0x00, 0x00, 0x08, 0x00, 0x00, 0x00, 0x00, 0x00, 0x00, 0x00,
  0x08, 0x00, 0x00, 0x00, 0x00, 0x00, 0x00, 0x00, 0xc2, 0x00, 0x00, 0x00,
  0x0f, 0x00, 0x00, 0x00, 0x03, 0x00, 0x00, 0x00, 0x00, 0x00, 0x00, 0x00,
  0xe0, 0x2c, 0x20, 0x00, 0x00, 0x00, 0x00, 0x00, 0xe0, 0x2c, 0x00, 0x00,
  0x00, 0x00, 0x00, 0x00, 0x08, 0x00, 0x00, 0x00, 0x00, 0x00, 0x00, 0x00,
  0x00, 0x00, 0x00, 0x00, 0x00, 0x00, 0x00, 0x00, 0x08, 0x00, 0x00, 0x00,
  0x00, 0x00, 0x00, 0x00, 0x08, 0x00, 0x00, 0x00, 0x00, 0x00, 0x00, 0x00,
  0xce, 0x00, 0x00, 0x00, 0x01, 0x00, 0x00, 0x00, 0x03, 0x00, 0x00, 0x00,
  0x00, 0x00, 0x00, 0x00, 0xe8, 0x2c, 0x20, 0x00, 0x00, 0x00, 0x00, 0x00,
  0xe8, 0x2c, 0x00, 0x00, 0x00, 0x00, 0x00, 0x00, 0x08, 0x00, 0x00, 0x00,
  0x00, 0x00, 0x00, 0x00, 0x00, 0x00, 0x00, 0x00, 0x00, 0x00, 0x00, 0x00,
  0x08, 0x00, 0x00, 0x00, 0x00, 0x00, 0x00, 0x00, 0x00, 0x00, 0x00, 0x00,
  0x00, 0x00, 0x00, 0x00, 0xdb, 0x00, 0x00, 0x00, 0x06, 0x00, 0x00, 0x00,
  0x03, 0x00, 0x00, 0x00, 0x00, 0x00, 0x00, 0x00, 0xf0, 0x2c, 0x20, 0x00,
  0x00, 0x00, 0x00, 0x00, 0xf0, 0x2c, 0x00, 0x00, 0x00, 0x00, 0x00, 0x00,
  0xf0, 0x01, 0x00, 0x00, 0x00, 0x00, 0x00, 0x00, 0x1b, 0x00, 0x00, 0x00,
  0x00, 0x00, 0x00, 0x00, 0x08, 0x00, 0x00, 0x00, 0x00, 0x00, 0x00, 0x00,
  0x10, 0x00, 0x00, 0x00, 0x00, 0x00, 0x00, 0x00, 0xe4, 0x00, 0x00, 0x00,
  0x01, 0x00, 0x00, 0x00, 0x03, 0x00, 0x00, 0x00, 0x00, 0x00, 0x00, 0x00,
  0xe0, 0x2e, 0x20, 0x00, 0x00, 0x00, 0x00, 0x00, 0xe0, 0x2e, 0x00, 0x00,
  0x00, 0x00, 0x00, 0x00, 0x20, 0x01, 0x00, 0x00, 0x00, 0x00, 0x00, 0x00,
  0x00, 0x00, 0x00, 0x00, 0x00, 0x00, 0x00, 0x00, 0x08, 0x00, 0x00, 0x00,
  0x00, 0x00, 0x00, 0x00, 0x08, 0x00, 0x00, 0x00, 0x00, 0x00, 0x00, 0x00,
  0xe9, 0x00, 0x00, 0x00, 0x08, 0x00, 0x00, 0x00, 0x03, 0x00, 0x00, 0x00,
  0x00, 0x00, 0x00, 0x00, 0x00, 0x30, 0x20, 0x00, 0x00, 0x00, 0x00, 0x00,
  0x00, 0x30, 0x00, 0x00, 0x00, 0x00, 0x00, 0x00, 0x20, 0x00, 0x00, 0x00,
  0x00, 0x00, 0x00, 0x00, 0x00, 0x00, 0x00, 0x00, 0x00, 0x00, 0x00, 0x00,
  0x08, 0x00, 0x00, 0x00, 0x00, 0x00, 0x00, 0x00, 0x00, 0x00, 0x00, 0x00,
  0x00, 0x00, 0x00, 0x00, 0xee, 0x00, 0x00, 0x00, 0x07, 0x00, 0x00, 0x00,
  0x00, 0x00, 0x00, 0x00, 0x00, 0x00, 0x00, 0x00, 0x20, 0x30, 0x60, 0x00,
  0x00, 0x00, 0x00, 0x00, 0x00, 0x30, 0x00, 0x00, 0x00, 0x00, 0x00, 0x00,
  0xf0, 0x03, 0x00, 0x00, 0x00, 0x00, 0x00, 0x00, 0x00, 0x00, 0x00, 0x00,
  0x00, 0x00, 0x00, 0x00, 0x04, 0x00, 0x00, 0x00, 0x00, 0x00, 0x00, 0x00,
  0x00, 0x00, 0x00, 0x00, 0x00, 0x00, 0x00, 0x00, 0x04, 0x01, 0x00, 0x00,
  0x01, 0x00, 0x00, 0x00, 0x00, 0x00, 0x00, 0x00, 0x00, 0x00, 0x00, 0x00,
  0x00, 0x00, 0x00, 0x00, 0x00, 0x00, 0x00, 0x00, 0xf0, 0x33, 0x00, 0x00,
  0x00, 0x00, 0x00, 0x00, 0x30, 0x00, 0x00, 0x00, 0x00, 0x00, 0x00, 0x00,
  0x00, 0x00, 0x00, 0x00, 0x00, 0x00, 0x00, 0x00, 0x04, 0x00, 0x00, 0x00,
  0x00, 0x00, 0x00, 0x00, 0x00, 0x00, 0x00, 0x00, 0x00, 0x00, 0x00, 0x00,
  0x13, 0x01, 0x00, 0x00, 0x01, 0x00, 0x00, 0x00, 0x00, 0x00, 0x00, 0x00,
  0x00, 0x00, 0x00, 0x00, 0x00, 0x00, 0x00, 0x00, 0x00, 0x00, 0x00, 0x00,
  0x20, 0x34, 0x00, 0x00, 0x00, 0x00, 0x00, 0x00, 0xd8, 0x03, 0x00, 0x00,
  0x00, 0x00, 0x00, 0x00, 0x00, 0x00, 0x00, 0x00, 0x00, 0x00, 0x00, 0x00,
  0x01, 0x00, 0x00, 0x00, 0x00, 0x00, 0x00, 0x00, 0x00, 0x00, 0x00, 0x00,
  0x00, 0x00, 0x00, 0x00, 0x01, 0x00, 0x00, 0x00, 0x03, 0x00, 0x00, 0x00,
  0x00, 0x00, 0x00, 0x00, 0x00, 0x00, 0x00, 0x00, 0x00, 0x00, 0x00, 0x00,
  0x00, 0x00, 0x00, 0x00, 0xf8, 0x37, 0x00, 0x00, 0x00, 0x00, 0x00, 0x00,
  0x22, 0x01, 0x00, 0x00, 0x00, 0x00, 0x00, 0x00, 0x00, 0x00, 0x00, 0x00,
  0x00, 0x00, 0x00, 0x00, 0x01, 0x00, 0x00, 0x00, 0x00, 0x00, 0x00, 0x00,
  0x00, 0x00, 0x00, 0x00, 0x00, 0x00, 0x00, 0x00, 0x0b, 0x00, 0x00, 0x00,
  0x07, 0x00, 0x00, 0x00, 0x02, 0x00, 0x00, 0x00, 0x00, 0x00, 0x00, 0x00,
  0x00, 0x40, 0x20, 0x00, 0x00, 0x00, 0x00, 0x00, 0x00, 0x50, 0x00, 0x00,
  0x00, 0x00, 0x00, 0x00, 0x24, 0x00, 0x00, 0x00, 0x00, 0x00, 0x00, 0x00,
  0x00, 0x00, 0x00, 0x00, 0x00, 0x00, 0x00, 0x00, 0x04, 0x00, 0x00, 0x00,
  0x00, 0x00, 0x00, 0x00, 0x00, 0x00, 0x00, 0x00, 0x00, 0x00, 0x00, 0x00,
  0x1e, 0x00, 0x00, 0x00, 0xf6, 0xff, 0xff, 0x6f, 0x02, 0x00, 0x00, 0x00,
  0x00, 0x00, 0x00, 0x00, 0x28, 0x40, 0x20, 0x00, 0x00, 0x00, 0x00, 0x00,
  0x28, 0x50, 0x00, 0x00, 0x00, 0x00, 0x00, 0x00, 0x50, 0x00, 0x00, 0x00,
  0x00, 0x00, 0x00, 0x00, 0x1a, 0x00, 0x00, 0x00, 0x00, 0x00, 0x00, 0x00,
  0x08, 0x00, 0x00, 0x00, 0x00, 0x00, 0x00, 0x00, 0x00, 0x00, 0x00, 0x00,
  0x00, 0x00, 0x00, 0x00, 0x28, 0x00, 0x00, 0x00, 0x0b, 0x00, 0x00, 0x00,
  0x02, 0x00, 0x00, 0x00, 0x00, 0x00, 0x00, 0x00, 0x78, 0x40, 0x20, 0x00,
  0x00, 0x00, 0x00, 0x00, 0x78, 0x50, 0x00, 0x00, 0x00, 0x00, 0x00, 0x00,
  0xd8, 0x03, 0x00, 0x00, 0x00, 0x00, 0x00, 0x00, 0x1b, 0x00, 0x00, 0x00,
  0x01, 0x00, 0x00, 0x00, 0x08, 0x00, 0x00, 0x00, 0x00, 0x00, 0x00, 0x00,
  0x18, 0x00, 0x00, 0x00, 0x00, 0x00, 0x00, 0x00, 0x30, 0x00, 0x00, 0x00,
  0x03, 0x00, 0x00, 0x00, 0x02, 0x00, 0x00, 0x00, 0x00, 0x00, 0x00, 0x00,
  0x50, 0x44, 0x20, 0x00, 0x00, 0x00, 0x00, 0x00, 0x50, 0x54, 0x00, 0x00,
  0x00, 0x00, 0x00, 0x00, 0xf0, 0x01, 0x00, 0x00, 0x00, 0x00, 0x00, 0x00,
  0x00, 0x00, 0x00, 0x00, 0x00, 0x00, 0x00, 0x00, 0x08, 0x00, 0x00, 0x00,
  0x00, 0x00, 0x00, 0x00, 0x00, 0x00, 0x00, 0x00, 0x00, 0x00, 0x00, 0x00,
  0x00, 0x00, 0x00, 0x00, 0x00, 0x00, 0x00, 0x00, 0x00, 0x00, 0x00, 0x00,
  0x00, 0x00, 0x00, 0x00, 0x00, 0x00, 0x00, 0x00, 0x00, 0x00, 0x00, 0x00,
  0x00, 0x00, 0x00, 0x00, 0x00, 0x00, 0x00, 0x00, 0x00, 0x00, 0x00, 0x00,
  0x00, 0x00, 0x00, 0x00, 0x00, 0x00, 0x00, 0x00, 0x00, 0x00, 0x00, 0x00,
  0x00, 0x00, 0x00, 0x00, 0x00, 0x00, 0x00, 0x00, 0x00, 0x00, 0x00, 0x00,
  0x00, 0x00, 0x00, 0x00, 0x00, 0x00, 0x00, 0x00, 0x00, 0x00, 0x00, 0x00,
  0x00, 0x00, 0x00, 0x00, 0x00, 0x00, 0x00, 0x00, 0x00, 0x00, 0x00, 0x00,
  0x00, 0x00, 0x00, 0x00, 0x00, 0x00, 0x00, 0x00, 0x00, 0x00, 0x00, 0x00,
  0x00, 0x00, 0x00, 0x00, 0x00, 0x00, 0x00, 0x00, 0x00, 0x00, 0x00, 0x00,
  0x00, 0x00, 0x00, 0x00, 0x00, 0x00, 0x00, 0x00, 0x00, 0x00, 0x00, 0x00,
  0x00, 0x00, 0x00, 0x00, 0x00, 0x00, 0x00, 0x00, 0x00, 0x00, 0x00, 0x00,
  0x00, 0x00, 0x00, 0x00, 0x00, 0x00, 0x00, 0x00, 0x00, 0x00, 0x00, 0x00,
  0x00, 0x00, 0x00, 0x00, 0x00, 0x00, 0x00, 0x00, 0x00, 0x00, 0x00, 0x00,
  0x00, 0x00, 0x00, 0x00, 0x00, 0x00, 0x00, 0x00, 0x00, 0x00, 0x00, 0x00,
  0x00, 0x00, 0x00, 0x00, 0x00, 0x00, 0x00, 0x00, 0x00, 0x00, 0x00, 0x00,
  0x00, 0x00, 0x00, 0x00, 0x00, 0x00, 0x00, 0x00, 0x00, 0x00, 0x00, 0x00,
  0x00, 0x00, 0x00, 0x00, 0x00, 0x00, 0x00, 0x00, 0x00, 0x00, 0x00, 0x00,
  0x00, 0x00, 0x00, 0x00, 0x00, 0x00, 0x00, 0x00, 0x00, 0x00, 0x00, 0x00,
  0x00, 0x00, 0x00, 0x00, 0x00, 0x00, 0x00, 0x00, 0x00, 0x00, 0x00, 0x00,
  0x00, 0x00, 0x00, 0x00, 0x00, 0x00, 0x00, 0x00, 0x00, 0x00, 0x00, 0x00,
  0x00, 0x00, 0x00, 0x00, 0x00, 0x00, 0x00, 0x00, 0x00, 0x00, 0x00, 0x00,
  0x00, 0x00, 0x00, 0x00, 0x00, 0x00, 0x00, 0x00, 0x00, 0x00, 0x00, 0x00,
  0x00, 0x00, 0x00, 0x00, 0x00, 0x00, 0x00, 0x00, 0x00, 0x00, 0x00, 0x00,
  0x00, 0x00, 0x00, 0x00, 0x00, 0x00, 0x00, 0x00, 0x00, 0x00, 0x00, 0x00,
  0x00, 0x00, 0x00, 0x00, 0x00, 0x00, 0x00, 0x00, 0x00, 0x00, 0x00, 0x00,
  0x00, 0x00, 0x00, 0x00, 0x00, 0x00, 0x00, 0x00, 0x00, 0x00, 0x00, 0x00,
  0x00, 0x00, 0x00, 0x00, 0x00, 0x00, 0x00, 0x00, 0x00, 0x00, 0x00, 0x00,
  0x00, 0x00, 0x00, 0x00, 0x00, 0x00, 0x00, 0x00, 0x00, 0x00, 0x00, 0x00,
  0x00, 0x00, 0x00, 0x00, 0x00, 0x00, 0x00, 0x00, 0x00, 0x00, 0x00, 0x00,
  0x00, 0x00, 0x00, 0x00, 0x00, 0x00, 0x00, 0x00, 0x00, 0x00, 0x00, 0x00,
  0x00, 0x00, 0x00, 0x00, 0x00, 0x00, 0x00, 0x00, 0x00, 0x00, 0x00, 0x00,
  0x00, 0x00, 0x00, 0x00, 0x00, 0x00, 0x00, 0x00, 0x00, 0x00, 0x00, 0x00,
  0x00, 0x00, 0x00, 0x00, 0x00, 0x00, 0x00, 0x00, 0x00, 0x00, 0x00, 0x00,
  0x00, 0x00, 0x00, 0x00, 0x00, 0x00, 0x00, 0x00, 0x00, 0x00, 0x00, 0x00,
  0x00, 0x00, 0x00, 0x00, 0x00, 0x00, 0x00, 0x00, 0x00, 0x00, 0x00, 0x00,
  0x00, 0x00, 0x00, 0x00, 0x00, 0x00, 0x00, 0x00, 0x00, 0x00, 0x00, 0x00,
  0x00, 0x00, 0x00, 0x00, 0x00, 0x00, 0x00, 0x00, 0x00, 0x00, 0x00, 0x00,
  0x00, 0x00, 0x00, 0x00, 0x00, 0x00, 0x00, 0x00, 0x00, 0x00, 0x00, 0x00,
  0x00, 0x00, 0x00, 0x00, 0x00, 0x00, 0x00, 0x00, 0x00, 0x00, 0x00, 0x00,
  0x00, 0x00, 0x00, 0x00, 0x00, 0x00, 0x00, 0x00, 0x00, 0x00, 0x00, 0x00,
  0x00, 0x00, 0x00, 0x00, 0x00, 0x00, 0x00, 0x00, 0x00, 0x00, 0x00, 0x00,
  0x00, 0x00, 0x00, 0x00, 0x00, 0x00, 0x00, 0x00, 0x00, 0x00, 0x00, 0x00,
  0x00, 0x00, 0x00, 0x00, 0x00, 0x00, 0x00, 0x00, 0x00, 0x00, 0x00, 0x00,
  0x00, 0x00, 0x00, 0x00, 0x00, 0x00, 0x00, 0x00, 0x00, 0x00, 0x00, 0x00,
  0x00, 0x00, 0x00, 0x00, 0x00, 0x00, 0x00, 0x00, 0x00, 0x00, 0x00, 0x00,
  0x00, 0x00, 0x00, 0x00, 0x00, 0x00, 0x00, 0x00, 0x00, 0x00, 0x00, 0x00,
  0x00, 0x00, 0x00, 0x00, 0x00, 0x00, 0x00, 0x00, 0x00, 0x00, 0x00, 0x00,
  0x00, 0x00, 0x00, 0x00, 0x00, 0x00, 0x00, 0x00, 0x00, 0x00, 0x00, 0x00,
  0x00, 0x00, 0x00, 0x00, 0x00, 0x00, 0x00, 0x00, 0x00, 0x00, 0x00, 0x00,
  0x00, 0x00, 0x00, 0x00, 0x00, 0x00, 0x00, 0x00, 0x00, 0x00, 0x00, 0x00,
  0x00, 0x00, 0x00, 0x00, 0x00, 0x00, 0x00, 0x00, 0x00, 0x00, 0x00, 0x00,
  0x00, 0x00, 0x00, 0x00, 0x00, 0x00, 0x00, 0x00, 0x00, 0x00, 0x00, 0x00,
  0x00, 0x00, 0x00, 0x00, 0x00, 0x00, 0x00, 0x00, 0x00, 0x00, 0x00, 0x00,
  0x00, 0x00, 0x00, 0x00, 0x00, 0x00, 0x00, 0x00, 0x00, 0x00, 0x00, 0x00,
  0x00, 0x00, 0x00, 0x00, 0x00, 0x00, 0x00, 0x00, 0x00, 0x00, 0x00, 0x00,
  0x00, 0x00, 0x00, 0x00, 0x00, 0x00, 0x00, 0x00, 0x00, 0x00, 0x00, 0x00,
  0x00, 0x00, 0x00, 0x00, 0x00, 0x00, 0x00, 0x00, 0x00, 0x00, 0x00, 0x00,
  0x00, 0x00, 0x00, 0x00, 0x00, 0x00, 0x00, 0x00, 0x00, 0x00, 0x00, 0x00,
  0x00, 0x00, 0x00, 0x00, 0x00, 0x00, 0x00, 0x00, 0x00, 0x00, 0x00, 0x00,
  0x00, 0x00, 0x00, 0x00, 0x00, 0x00, 0x00, 0x00, 0x00, 0x00, 0x00, 0x00,
  0x00, 0x00, 0x00, 0x00, 0x00, 0x00, 0x00, 0x00, 0x00, 0x00, 0x00, 0x00,
  0x00, 0x00, 0x00, 0x00, 0x00, 0x00, 0x00, 0x00, 0x00, 0x00, 0x00, 0x00,
  0x00, 0x00, 0x00, 0x00, 0x00, 0x00, 0x00, 0x00, 0x00, 0x00, 0x00, 0x00,
  0x00, 0x00, 0x00, 0x00, 0x00, 0x00, 0x00, 0x00, 0x00, 0x00, 0x00, 0x00,
  0x00, 0x00, 0x00, 0x00, 0x00, 0x00, 0x00, 0x00, 0x00, 0x00, 0x00, 0x00,
  0x00, 0x00, 0x00, 0x00, 0x00, 0x00, 0x00, 0x00, 0x00, 0x00, 0x00, 0x00,
  0x00, 0x00, 0x00, 0x00, 0x00, 0x00, 0x00, 0x00, 0x00, 0x00, 0x00, 0x00,
  0x00, 0x00, 0x00, 0x00, 0x00, 0x00, 0x00, 0x00, 0x00, 0x00, 0x00, 0x00,
  0x00, 0x00, 0x00, 0x00, 0x00, 0x00, 0x00, 0x00, 0x00, 0x00, 0x00, 0x00,
  0x00, 0x00, 0x00, 0x00, 0x00, 0x00, 0x00, 0x00, 0x00, 0x00, 0x00, 0x00,
  0x00, 0x00, 0x00, 0x00, 0x00, 0x00, 0x00, 0x00, 0x00, 0x00, 0x00, 0x00,
  0x00, 0x00, 0x00, 0x00, 0x00, 0x00, 0x00, 0x00, 0x00, 0x00, 0x00, 0x00,
  0x00, 0x00, 0x00, 0x00, 0x00, 0x00, 0x00, 0x00, 0x00, 0x00, 0x00, 0x00,
  0x00, 0x00, 0x00, 0x00, 0x00, 0x00, 0x00, 0x00, 0x00, 0x00, 0x00, 0x00,
  0x00, 0x00, 0x00, 0x00, 0x00, 0x00, 0x00, 0x00, 0x00, 0x00, 0x00, 0x00,
  0x00, 0x00, 0x00, 0x00, 0x00, 0x00, 0x00, 0x00, 0x00, 0x00, 0x00, 0x00,
  0x00, 0x00, 0x00, 0x00, 0x00, 0x00, 0x00, 0x00, 0x00, 0x00, 0x00, 0x00,
  0x00, 0x00, 0x00, 0x00, 0x00, 0x00, 0x00, 0x00, 0x00, 0x00, 0x00, 0x00,
  0x00, 0x00, 0x00, 0x00, 0x00, 0x00, 0x00, 0x00, 0x00, 0x00, 0x00, 0x00,
  0x00, 0x00, 0x00, 0x00, 0x00, 0x00, 0x00, 0x00, 0x00, 0x00, 0x00, 0x00,
  0x00, 0x00, 0x00, 0x00, 0x00, 0x00, 0x00, 0x00, 0x00, 0x00, 0x00, 0x00,
  0x00, 0x00, 0x00, 0x00, 0x00, 0x00, 0x00, 0x00, 0x00, 0x00, 0x00, 0x00,
  0x00, 0x00, 0x00, 0x00, 0x00, 0x00, 0x00, 0x00, 0x00, 0x00, 0x00, 0x00,
  0x00, 0x00, 0x00, 0x00, 0x00, 0x00, 0x00, 0x00, 0x00, 0x00, 0x00, 0x00,
  0x00, 0x00, 0x00, 0x00, 0x00, 0x00, 0x00, 0x00, 0x00, 0x00, 0x00, 0x00,
  0x00, 0x00, 0x00, 0x00, 0x00, 0x00, 0x00, 0x00, 0x00, 0x00, 0x00, 0x00,
  0x00, 0x00, 0x00, 0x00, 0x00, 0x00, 0x00, 0x00, 0x00, 0x00, 0x00, 0x00,
  0x00, 0x00, 0x00, 0x00, 0x00, 0x00, 0x00, 0x00, 0x00, 0x00, 0x00, 0x00,
  0x00, 0x00, 0x00, 0x00, 0x00, 0x00, 0x00, 0x00, 0x00, 0x00, 0x00, 0x00,
  0x00, 0x00, 0x00, 0x00, 0x00, 0x00, 0x00, 0x00, 0x00, 0x00, 0x00, 0x00,
  0x00, 0x00, 0x00, 0x00, 0x00, 0x00, 0x00, 0x00, 0x00, 0x00, 0x00, 0x00,
  0x00, 0x00, 0x00, 0x00, 0x00, 0x00, 0x00, 0x00, 0x00, 0x00, 0x00, 0x00,
  0x00, 0x00, 0x00, 0x00, 0x00, 0x00, 0x00, 0x00, 0x00, 0x00, 0x00, 0x00,
  0x00, 0x00, 0x00, 0x00, 0x00, 0x00, 0x00, 0x00, 0x00, 0x00, 0x00, 0x00,
  0x00, 0x00, 0x00, 0x00, 0x00, 0x00, 0x00, 0x00, 0x00, 0x00, 0x00, 0x00,
  0x00, 0x00, 0x00, 0x00, 0x00, 0x00, 0x00, 0x00, 0x00, 0x00, 0x00, 0x00,
  0x00, 0x00, 0x00, 0x00, 0x00, 0x00, 0x00, 0x00, 0x00, 0x00, 0x00, 0x00,
  0x00, 0x00, 0x00, 0x00, 0x00, 0x00, 0x00, 0x00, 0x00, 0x00, 0x00, 0x00,
  0x00, 0x00, 0x00, 0x00, 0x00, 0x00, 0x00, 0x00, 0x00, 0x00, 0x00, 0x00,
  0x00, 0x00, 0x00, 0x00, 0x00, 0x00, 0x00, 0x00, 0x00, 0x00, 0x00, 0x00,
  0x00, 0x00, 0x00, 0x00, 0x00, 0x00, 0x00, 0x00, 0x00, 0x00, 0x00, 0x00,
  0x00, 0x00, 0x00, 0x00, 0x00, 0x00, 0x00, 0x00, 0x00, 0x00, 0x00, 0x00,
  0x00, 0x00, 0x00, 0x00, 0x00, 0x00, 0x00, 0x00, 0x00, 0x00, 0x00, 0x00,
  0x00, 0x00, 0x00, 0x00, 0x00, 0x00, 0x00, 0x00, 0x00, 0x00, 0x00, 0x00,
  0x00, 0x00, 0x00, 0x00, 0x00, 0x00, 0x00, 0x00, 0x00, 0x00, 0x00, 0x00,
  0x00, 0x00, 0x00, 0x00, 0x00, 0x00, 0x00, 0x00, 0x00, 0x00, 0x00, 0x00,
  0x00, 0x00, 0x00, 0x00, 0x00, 0x00, 0x00, 0x00, 0x00, 0x00, 0x00, 0x00,
  0x00, 0x00, 0x00, 0x00, 0x00, 0x00, 0x00, 0x00, 0x00, 0x00, 0x00, 0x00,
  0x00, 0x00, 0x00, 0x00, 0x00, 0x00, 0x00, 0x00, 0x00, 0x00, 0x00, 0x00,
  0x00, 0x00, 0x00, 0x00, 0x00, 0x00, 0x00, 0x00, 0x00, 0x00, 0x00, 0x00,
  0x00, 0x00, 0x00, 0x00, 0x00, 0x00, 0x00, 0x00, 0x00, 0x00, 0x00, 0x00,
  0x00, 0x00, 0x00, 0x00, 0x00, 0x00, 0x00, 0x00, 0x00, 0x00, 0x00, 0x00,
  0x00, 0x00, 0x00, 0x00, 0x00, 0x00, 0x00, 0x00, 0x00, 0x00, 0x00, 0x00,
  0x00, 0x00, 0x00, 0x00, 0x00, 0x00, 0x00, 0x00, 0x00, 0x00, 0x00, 0x00,
  0x00, 0x00, 0x00, 0x00, 0x00, 0x00, 0x00, 0x00, 0x00, 0x00, 0x00, 0x00,
  0x00, 0x00, 0x00, 0x00, 0x00, 0x00, 0x00, 0x00, 0x00, 0x00, 0x00, 0x00,
  0x00, 0x00, 0x00, 0x00, 0x00, 0x00, 0x00, 0x00, 0x00, 0x00, 0x00, 0x00,
  0x00, 0x00, 0x00, 0x00, 0x00, 0x00, 0x00, 0x00, 0x00, 0x00, 0x00, 0x00,
  0x00, 0x00, 0x00, 0x00, 0x00, 0x00, 0x00, 0x00, 0x00, 0x00, 0x00, 0x00,
  0x00, 0x00, 0x00, 0x00, 0x00, 0x00, 0x00, 0x00, 0x00, 0x00, 0x00, 0x00,
  0x00, 0x00, 0x00, 0x00, 0x00, 0x00, 0x00, 0x00, 0x00, 0x00, 0x00, 0x00,
  0x00, 0x00, 0x00, 0x00, 0x00, 0x00, 0x00, 0x00, 0x00, 0x00, 0x00, 0x00,
  0x00, 0x00, 0x00, 0x00, 0x00, 0x00, 0x00, 0x00, 0x00, 0x00, 0x00, 0x00,
  0x00, 0x00, 0x00, 0x00, 0x00, 0x00, 0x00, 0x00, 0x00, 0x00, 0x00, 0x00,
  0x00, 0x00, 0x00, 0x00, 0x00, 0x00, 0x00, 0x00, 0x00, 0x00, 0x00, 0x00,
  0x00, 0x00, 0x00, 0x00, 0x00, 0x00, 0x00, 0x00, 0x00, 0x00, 0x00, 0x00,
  0x00, 0x00, 0x00, 0x00, 0x00, 0x00, 0x00, 0x00, 0x00, 0x00, 0x00, 0x00,
  0x00, 0x00, 0x00, 0x00, 0x00, 0x00, 0x00, 0x00, 0x00, 0x00, 0x00, 0x00,
  0x00, 0x00, 0x00, 0x00, 0x00, 0x00, 0x00, 0x00, 0x00, 0x00, 0x00, 0x00,
  0x00, 0x00, 0x00, 0x00, 0x00, 0x00, 0x00, 0x00, 0x00, 0x00, 0x00, 0x00,
  0x00, 0x00, 0x00, 0x00, 0x00, 0x00, 0x00, 0x00, 0x00, 0x00, 0x00, 0x00,
  0x00, 0x00, 0x00, 0x00, 0x00, 0x00, 0x00, 0x00, 0x00, 0x00, 0x00, 0x00,
  0x00, 0x00, 0x00, 0x00, 0x00, 0x00, 0x00, 0x00, 0x00, 0x00, 0x00, 0x00,
  0x00, 0x00, 0x00, 0x00, 0x00, 0x00, 0x00, 0x00, 0x00, 0x00, 0x00, 0x00,
  0x00, 0x00, 0x00, 0x00, 0x00, 0x00, 0x00, 0x00, 0x00, 0x00, 0x00, 0x00,
  0x00, 0x00, 0x00, 0x00, 0x00, 0x00, 0x00, 0x00, 0x00, 0x00, 0x00, 0x00,
  0x00, 0x00, 0x00, 0x00, 0x00, 0x00, 0x00, 0x00, 0x00, 0x00, 0x00, 0x00,
  0x00, 0x00, 0x00, 0x00, 0x00, 0x00, 0x00, 0x00, 0x00, 0x00, 0x00, 0x00,
  0x00, 0x00, 0x00, 0x00, 0x00, 0x00, 0x00, 0x00, 0x00, 0x00, 0x00, 0x00,
  0x00, 0x00, 0x00, 0x00, 0x00, 0x00, 0x00, 0x00, 0x00, 0x00, 0x00, 0x00,
  0x00, 0x00, 0x00, 0x00, 0x00, 0x00, 0x00, 0x00, 0x00, 0x00, 0x00, 0x00,
  0x00, 0x00, 0x00, 0x00, 0x00, 0x00, 0x00, 0x00, 0x00, 0x00, 0x00, 0x00,
  0x00, 0x00, 0x00, 0x00, 0x00, 0x00, 0x00, 0x00, 0x00, 0x00, 0x00, 0x00,
  0x00, 0x00, 0x00, 0x00, 0x00, 0x00, 0x00, 0x00, 0x00, 0x00, 0x00, 0x00,
  0x00, 0x00, 0x00, 0x00, 0x00, 0x00, 0x00, 0x00, 0x00, 0x00, 0x00, 0x00,
  0x00, 0x00, 0x00, 0x00, 0x00, 0x00, 0x00, 0x00, 0x00, 0x00, 0x00, 0x00,
  0x00, 0x00, 0x00, 0x00, 0x00, 0x00, 0x00, 0x00, 0x00, 0x00, 0x00, 0x00,
  0x00, 0x00, 0x00, 0x00, 0x00, 0x00, 0x00, 0x00, 0x00, 0x00, 0x00, 0x00,
  0x00, 0x00, 0x00, 0x00, 0x00, 0x00, 0x00, 0x00, 0x00, 0x00, 0x00, 0x00,
  0x00, 0x00, 0x00, 0x00, 0x00, 0x00, 0x00, 0x00, 0x00, 0x00, 0x00, 0x00,
  0x00, 0x00, 0x00, 0x00, 0x00, 0x00, 0x00, 0x00, 0x00, 0x00, 0x00, 0x00,
  0x00, 0x00, 0x00, 0x00, 0x00, 0x00, 0x00, 0x00, 0x00, 0x00, 0x00, 0x00,
  0x00, 0x00, 0x00, 0x00, 0x00, 0x00, 0x00, 0x00, 0x00, 0x00, 0x00, 0x00,
  0x00, 0x00, 0x00, 0x00, 0x00, 0x00, 0x00, 0x00, 0x00, 0x00, 0x00, 0x00,
  0x00, 0x00, 0x00, 0x00, 0x00, 0x00, 0x00, 0x00, 0x00, 0x00, 0x00, 0x00,
  0x00, 0x00, 0x00, 0x00, 0x00, 0x00, 0x00, 0x00, 0x00, 0x00, 0x00, 0x00,
  0x00, 0x00, 0x00, 0x00, 0x00, 0x00, 0x00, 0x00, 0x00, 0x00, 0x00, 0x00,
  0x00, 0x00, 0x00, 0x00, 0x00, 0x00, 0x00, 0x00, 0x00, 0x00, 0x00, 0x00,
  0x00, 0x00, 0x00, 0x00, 0x00, 0x00, 0x00, 0x00, 0x00, 0x00, 0x00, 0x00,
  0x00, 0x00, 0x00, 0x00, 0x00, 0x00, 0x00, 0x00, 0x00, 0x00, 0x00, 0x00,
  0x00, 0x00, 0x00, 0x00, 0x00, 0x00, 0x00, 0x00, 0x00, 0x00, 0x00, 0x00,
  0x00, 0x00, 0x00, 0x00, 0x00, 0x00, 0x00, 0x00, 0x00, 0x00, 0x00, 0x00,
  0x00, 0x00, 0x00, 0x00, 0x00, 0x00, 0x00, 0x00, 0x00, 0x00, 0x00, 0x00,
  0x00, 0x00, 0x00, 0x00, 0x00, 0x00, 0x00, 0x00, 0x00, 0x00, 0x00, 0x00,
  0x00, 0x00, 0x00, 0x00, 0x00, 0x00, 0x00, 0x00, 0x00, 0x00, 0x00, 0x00,
  0x00, 0x00, 0x00, 0x00, 0x00, 0x00, 0x00, 0x00, 0x00, 0x00, 0x00, 0x00,
  0x00, 0x00, 0x00, 0x00, 0x00, 0x00, 0x00, 0x00, 0x00, 0x00, 0x00, 0x00,
  0x00, 0x00, 0x00, 0x00, 0x00, 0x00, 0x00, 0x00, 0x00, 0x00, 0x00, 0x00,
  0x00, 0x00, 0x00, 0x00, 0x00, 0x00, 0x00, 0x00, 0x00, 0x00, 0x00, 0x00,
  0x00, 0x00, 0x00, 0x00, 0x00, 0x00, 0x00, 0x00, 0x00, 0x00, 0x00, 0x00,
  0x00, 0x00, 0x00, 0x00, 0x00, 0x00, 0x00, 0x00, 0x00, 0x00, 0x00, 0x00,
  0x00, 0x00, 0x00, 0x00, 0x00, 0x00, 0x00, 0x00, 0x00, 0x00, 0x00, 0x00,
  0x00, 0x00, 0x00, 0x00, 0x00, 0x00, 0x00, 0x00, 0x00, 0x00, 0x00, 0x00,
  0x00, 0x00, 0x00, 0x00, 0x00, 0x00, 0x00, 0x00, 0x00, 0x00, 0x00, 0x00,
  0x00, 0x00, 0x00, 0x00, 0x00, 0x00, 0x00, 0x00, 0x00, 0x00, 0x00, 0x00,
  0x00, 0x00, 0x00, 0x00, 0x00, 0x00, 0x00, 0x00, 0x00, 0x00, 0x00, 0x00,
  0x00, 0x00, 0x00, 0x00, 0x00, 0x00, 0x00, 0x00, 0x00, 0x00, 0x00, 0x00,
  0x00, 0x00, 0x00, 0x00, 0x00, 0x00, 0x00, 0x00, 0x00, 0x00, 0x00, 0x00,
  0x00, 0x00, 0x00, 0x00, 0x00, 0x00, 0x00, 0x00, 0x00, 0x00, 0x00, 0x00,
  0x00, 0x00, 0x00, 0x00, 0x00, 0x00, 0x00, 0x00, 0x00, 0x00, 0x00, 0x00,
  0x00, 0x00, 0x00, 0x00, 0x00, 0x00, 0x00, 0x00, 0x00, 0x00, 0x00, 0x00,
  0x00, 0x00, 0x00, 0x00, 0x00, 0x00, 0x00, 0x00, 0x00, 0x00, 0x00, 0x00,
  0x00, 0x00, 0x00, 0x00, 0x00, 0x00, 0x00, 0x00, 0x00, 0x00, 0x00, 0x00,
  0x00, 0x00, 0x00, 0x00, 0x00, 0x00, 0x00, 0x00, 0x00, 0x00, 0x00, 0x00,
  0x00, 0x00, 0x00, 0x00, 0x00, 0x00, 0x00, 0x00, 0x00, 0x00, 0x00, 0x00,
  0x00, 0x00, 0x00, 0x00, 0x00, 0x00, 0x00, 0x00, 0x00, 0x00, 0x00, 0x00,
  0x00, 0x00, 0x00, 0x00, 0x00, 0x00, 0x00, 0x00, 0x00, 0x00, 0x00, 0x00,
  0x00, 0x00, 0x00, 0x00, 0x00, 0x00, 0x00, 0x00, 0x00, 0x00, 0x00, 0x00,
  0x00, 0x00, 0x00, 0x00, 0x00, 0x00, 0x00, 0x00, 0x00, 0x00, 0x00, 0x00,
  0x00, 0x00, 0x00, 0x00, 0x00, 0x00, 0x00, 0x00, 0x00, 0x00, 0x00, 0x00,
  0x00, 0x00, 0x00, 0x00, 0x00, 0x00, 0x00, 0x00, 0x00, 0x00, 0x00, 0x00,
  0x00, 0x00, 0x00, 0x00, 0x00, 0x00, 0x00, 0x00, 0x00, 0x00, 0x00, 0x00,
  0x00, 0x00, 0x00, 0x00, 0x00, 0x00, 0x00, 0x00, 0x00, 0x00, 0x00, 0x00,
  0x00, 0x00, 0x00, 0x00, 0x00, 0x00, 0x00, 0x00, 0x00, 0x00, 0x00, 0x00,
  0x00, 0x00, 0x00, 0x00, 0x00, 0x00, 0x00, 0x00, 0x00, 0x00, 0x00, 0x00,
  0x00, 0x00, 0x00, 0x00, 0x00, 0x00, 0x00, 0x00, 0x00, 0x00, 0x00, 0x00,
  0x00, 0x00, 0x00, 0x00, 0x00, 0x00, 0x00, 0x00, 0x00, 0x00, 0x00, 0x00,
  0x00, 0x00, 0x00, 0x00, 0x00, 0x00, 0x00, 0x00, 0x00, 0x00, 0x00, 0x00,
  0x00, 0x00, 0x00, 0x00, 0x00, 0x00, 0x00, 0x00, 0x00, 0x00, 0x00, 0x00,
  0x00, 0x00, 0x00, 0x00, 0x00, 0x00, 0x00, 0x00, 0x00, 0x00, 0x00, 0x00,
  0x00, 0x00, 0x00, 0x00, 0x00, 0x00, 0x00, 0x00, 0x00, 0x00, 0x00, 0x00,
  0x00, 0x00, 0x00, 0x00, 0x00, 0x00, 0x00, 0x00, 0x00, 0x00, 0x00, 0x00,
  0x00, 0x00, 0x00, 0x00, 0x00, 0x00, 0x00, 0x00, 0x00, 0x00, 0x00, 0x00,
  0x00, 0x00, 0x00, 0x00, 0x00, 0x00, 0x00, 0x00, 0x00, 0x00, 0x00, 0x00,
  0x00, 0x00, 0x00, 0x00, 0x00, 0x00, 0x00, 0x00, 0x00, 0x00, 0x00, 0x00,
  0x00, 0x00, 0x00, 0x00, 0x00, 0x00, 0x00, 0x00, 0x00, 0x00, 0x00, 0x00,
  0x00, 0x00, 0x00, 0x00, 0x00, 0x00, 0x00, 0x00, 0x00, 0x00, 0x00, 0x00,
  0x00, 0x00, 0x00, 0x00, 0x00, 0x00, 0x00, 0x00, 0x00, 0x00, 0x00, 0x00,
  0x00, 0x00, 0x00, 0x00, 0x00, 0x00, 0x00, 0x00, 0x00, 0x00, 0x00, 0x00,
  0x00, 0x00, 0x00, 0x00, 0x00, 0x00, 0x00, 0x00, 0x00, 0x00, 0x00, 0x00,
  0x00, 0x00, 0x00, 0x00, 0x00, 0x00, 0x00, 0x00, 0x00, 0x00, 0x00, 0x00,
  0x00, 0x00, 0x00, 0x00, 0x00, 0x00, 0x00, 0x00, 0x00, 0x00, 0x00, 0x00,
  0x00, 0x00, 0x00, 0x00, 0x00, 0x00, 0x00, 0x00, 0x00, 0x00, 0x00, 0x00,
  0x00, 0x00, 0x00, 0x00, 0x00, 0x00, 0x00, 0x00, 0x00, 0x00, 0x00, 0x00,
  0x00, 0x00, 0x00, 0x00, 0x00, 0x00, 0x00, 0x00, 0x00, 0x00, 0x00, 0x00,
  0x00, 0x00, 0x00, 0x00, 0x00, 0x00, 0x00, 0x00, 0x00, 0x00, 0x00, 0x00,
  0x00, 0x00, 0x00, 0x00, 0x00, 0x00, 0x00, 0x00, 0x00, 0x00, 0x00, 0x00,
  0x00, 0x00, 0x00, 0x00, 0x00, 0x00, 0x00, 0x00, 0x00, 0x00, 0x00, 0x00,
  0x00, 0x00, 0x00, 0x00, 0x00, 0x00, 0x00, 0x00, 0x00, 0x00, 0x00, 0x00,
  0x00, 0x00, 0x00, 0x00, 0x00, 0x00, 0x00, 0x00, 0x00, 0x00, 0x00, 0x00,
  0x00, 0x00, 0x00, 0x00, 0x00, 0x00, 0x00, 0x00, 0x00, 0x00, 0x00, 0x00,
  0x00, 0x00, 0x00, 0x00, 0x00, 0x00, 0x00, 0x00, 0x00, 0x00, 0x00, 0x00,
  0x00, 0x00, 0x00, 0x00, 0x00, 0x00, 0x00, 0x00, 0x00, 0x00, 0x00, 0x00,
  0x00, 0x00, 0x00, 0x00, 0x00, 0x00, 0x00, 0x00, 0x00, 0x00, 0x00, 0x00,
  0x00, 0x00, 0x00, 0x00, 0x00, 0x00, 0x00, 0x00, 0x00, 0x00, 0x00, 0x00,
  0x00, 0x00, 0x00, 0x00, 0x00, 0x00, 0x00, 0x00, 0x00, 0x00, 0x00, 0x00,
  0x00, 0x00, 0x00, 0x00, 0x00, 0x00, 0x00, 0x00, 0x00, 0x00, 0x00, 0x00,
  0x00, 0x00, 0x00, 0x00, 0x00, 0x00, 0x00, 0x00, 0x00, 0x00, 0x00, 0x00,
  0x00, 0x00, 0x00, 0x00, 0x00, 0x00, 0x00, 0x00, 0x00, 0x00, 0x00, 0x00,
  0x00, 0x00, 0x00, 0x00, 0x00, 0x00, 0x00, 0x00, 0x00, 0x00, 0x00, 0x00,
  0x00, 0x00, 0x00, 0x00, 0x00, 0x00, 0x00, 0x00, 0x00, 0x00, 0x00, 0x00,
  0x00, 0x00, 0x00, 0x00, 0x00, 0x00, 0x00, 0x00, 0x00, 0x00, 0x00, 0x00,
  0x00, 0x00, 0x00, 0x00, 0x00, 0x00, 0x00, 0x00, 0x00, 0x00, 0x00, 0x00,
  0x00, 0x00, 0x00, 0x00, 0x00, 0x00, 0x00, 0x00, 0x00, 0x00, 0x00, 0x00,
  0x00, 0x00, 0x00, 0x00, 0x00, 0x00, 0x00, 0x00, 0x00, 0x00, 0x00, 0x00,
  0x00, 0x00, 0x00, 0x00, 0x00, 0x00, 0x00, 0x00, 0x00, 0x00, 0x00, 0x00,
  0x00, 0x00, 0x00, 0x00, 0x00, 0x00, 0x00, 0x00, 0x00, 0x00, 0x00, 0x00,
  0x00, 0x00, 0x00, 0x00, 0x00, 0x00, 0x00, 0x00, 0x00, 0x00, 0x00, 0x00,
  0x00, 0x00, 0x00, 0x00, 0x00, 0x00, 0x00, 0x00, 0x00, 0x00, 0x00, 0x00,
  0x00, 0x00, 0x00, 0x00, 0x00, 0x00, 0x00, 0x00, 0x00, 0x00, 0x00, 0x00,
  0x00, 0x00, 0x00, 0x00, 0x00, 0x00, 0x00, 0x00, 0x00, 0x00, 0x00, 0x00,
  0x00, 0x00, 0x00, 0x00, 0x00, 0x00, 0x00, 0x00, 0x00, 0x00, 0x00, 0x00,
  0x00, 0x00, 0x00, 0x00, 0x00, 0x00, 0x00, 0x00, 0x00, 0x00, 0x00, 0x00,
  0x00, 0x00, 0x00, 0x00, 0x00, 0x00, 0x00, 0x00, 0x00, 0x00, 0x00, 0x00,
  0x00, 0x00, 0x00, 0x00, 0x00, 0x00, 0x00, 0x00, 0x00, 0x00, 0x00, 0x00,
  0x00, 0x00, 0x00, 0x00, 0x00, 0x00, 0x00, 0x00, 0x00, 0x00, 0x00, 0x00,
  0x00, 0x00, 0x00, 0x00, 0x00, 0x00, 0x00, 0x00, 0x00, 0x00, 0x00, 0x00,
  0x00, 0x00, 0x00, 0x00, 0x00, 0x00, 0x00, 0x00, 0x00, 0x00, 0x00, 0x00,
  0x00, 0x00, 0x00, 0x00, 0x00, 0x00, 0x00, 0x00, 0x00, 0x00, 0x00, 0x00,
  0x00, 0x00, 0x00, 0x00, 0x00, 0x00, 0x00, 0x00, 0x00, 0x00, 0x00, 0x00,
  0x00, 0x00, 0x00, 0x00, 0x00, 0x00, 0x00, 0x00, 0x00, 0x00, 0x00, 0x00,
  0x00, 0x00, 0x00, 0x00, 0x00, 0x00, 0x00, 0x00, 0x00, 0x00, 0x00, 0x00,
  0x00, 0x00, 0x00, 0x00, 0x00, 0x00, 0x00, 0x00, 0x00, 0x00, 0x00, 0x00,
  0x00, 0x00, 0x00, 0x00, 0x00, 0x00, 0x00, 0x00, 0x00, 0x00, 0x00, 0x00,
  0x00, 0x00, 0x00, 0x00, 0x00, 0x00, 0x00, 0x00, 0x00, 0x00, 0x00, 0x00,
  0x00, 0x00, 0x00, 0x00, 0x00, 0x00, 0x00, 0x00, 0x00, 0x00, 0x00, 0x00,
  0x00, 0x00, 0x00, 0x00, 0x00, 0x00, 0x00, 0x00, 0x00, 0x00, 0x00, 0x00,
  0x00, 0x00, 0x00, 0x00, 0x00, 0x00, 0x00, 0x00, 0x00, 0x00, 0x00, 0x00,
  0x00, 0x00, 0x00, 0x00, 0x00, 0x00, 0x00, 0x00, 0x00, 0x00, 0x00, 0x00,
  0x00, 0x00, 0x00, 0x00, 0x00, 0x00, 0x00, 0x00, 0x00, 0x00, 0x00, 0x00,
  0x00, 0x00, 0x00, 0x00, 0x00, 0x00, 0x00, 0x00, 0x00, 0x00, 0x00, 0x00,
  0x00, 0x00, 0x00, 0x00, 0x00, 0x00, 0x00, 0x00, 0x00, 0x00, 0x00, 0x00,
  0x00, 0x00, 0x00, 0x00, 0x00, 0x00, 0x00, 0x00, 0x00, 0x00, 0x00, 0x00,
  0x00, 0x00, 0x00, 0x00, 0x00, 0x00, 0x00, 0x00, 0x00, 0x00, 0x00, 0x00,
  0x00, 0x00, 0x00, 0x00, 0x00, 0x00, 0x00, 0x00, 0x00, 0x00, 0x00, 0x00,
  0x00, 0x00, 0x00, 0x00, 0x00, 0x00, 0x00, 0x00, 0x00, 0x00, 0x00, 0x00,
  0x00, 0x00, 0x00, 0x00, 0x00, 0x00, 0x00, 0x00, 0x00, 0x00, 0x00, 0x00,
  0x00, 0x00, 0x00, 0x00, 0x00, 0x00, 0x00, 0x00, 0x00, 0x00, 0x00, 0x00,
  0x00, 0x00, 0x00, 0x00, 0x00, 0x00, 0x00, 0x00, 0x00, 0x00, 0x00, 0x00,
  0x00, 0x00, 0x00, 0x00, 0x00, 0x00, 0x00, 0x00, 0x00, 0x00, 0x00, 0x00,
  0x00, 0x00, 0x00, 0x00, 0x00, 0x00, 0x00, 0x00, 0x00, 0x00, 0x00, 0x00,
  0x00, 0x00, 0x00, 0x00, 0x00, 0x00, 0x00, 0x00, 0x00, 0x00, 0x00, 0x00,
  0x00, 0x00, 0x00, 0x00, 0x00, 0x00, 0x00, 0x00, 0x00, 0x00, 0x00, 0x00,
  0x00, 0x00, 0x00, 0x00, 0x00, 0x00, 0x00, 0x00, 0x00, 0x00, 0x00, 0x00,
  0x00, 0x00, 0x00, 0x00, 0x00, 0x00, 0x00, 0x00, 0x00, 0x00, 0x00, 0x00,
  0x00, 0x00, 0x00, 0x00, 0x00, 0x00, 0x00, 0x00, 0x00, 0x00, 0x00, 0x00,
  0x00, 0x00, 0x00, 0x00, 0x00, 0x00, 0x00, 0x00, 0x00, 0x00, 0x00, 0x00,
  0x00, 0x00, 0x00, 0x00, 0x00, 0x00, 0x00, 0x00, 0x00, 0x00, 0x00, 0x00,
  0x00, 0x00, 0x00, 0x00, 0x00, 0x00, 0x00, 0x00, 0x00, 0x00, 0x00, 0x00,
  0x00, 0x00, 0x00, 0x00, 0x00, 0x00, 0x00, 0x00, 0x00, 0x00, 0x00, 0x00,
  0x00, 0x00, 0x00, 0x00, 0x00, 0x00, 0x00, 0x00, 0x00, 0x00, 0x00, 0x00,
  0x00, 0x00, 0x00, 0x00, 0x00, 0x00, 0x00, 0x00, 0x00, 0x00, 0x00, 0x00,
  0x00, 0x00, 0x00, 0x00, 0x00, 0x00, 0x00, 0x00, 0x00, 0x00, 0x00, 0x00,
  0x00, 0x00, 0x00, 0x00, 0x00, 0x00, 0x00, 0x00, 0x00, 0x00, 0x00, 0x00,
  0x00, 0x00, 0x00, 0x00, 0x00, 0x00, 0x00, 0x00, 0x00, 0x00, 0x00, 0x00,
  0x00, 0x00, 0x00, 0x00, 0x00, 0x00, 0x00, 0x00, 0x00, 0x00, 0x00, 0x00,
  0x00, 0x00, 0x00, 0x00, 0x00, 0x00, 0x00, 0x00, 0x00, 0x00, 0x00, 0x00,
  0x00, 0x00, 0x00, 0x00, 0x00, 0x00, 0x00, 0x00, 0x00, 0x00, 0x00, 0x00,
  0x00, 0x00, 0x00, 0x00, 0x00, 0x00, 0x00, 0x00, 0x00, 0x00, 0x00, 0x00,
  0x00, 0x00, 0x00, 0x00, 0x00, 0x00, 0x00, 0x00, 0x00, 0x00, 0x00, 0x00,
  0x00, 0x00, 0x00, 0x00, 0x00, 0x00, 0x00, 0x00, 0x00, 0x00, 0x00, 0x00,
  0x00, 0x00, 0x00, 0x00, 0x00, 0x00, 0x00, 0x00, 0x00, 0x00, 0x00, 0x00,
  0x00, 0x00, 0x00, 0x00, 0x00, 0x00, 0x00, 0x00, 0x00, 0x00, 0x00, 0x00,
  0x00, 0x00, 0x00, 0x00, 0x00, 0x00, 0x00, 0x00, 0x00, 0x00, 0x00, 0x00,
  0x00, 0x00, 0x00, 0x00, 0x00, 0x00, 0x00, 0x00, 0x00, 0x00, 0x00, 0x00,
  0x00, 0x00, 0x00, 0x00, 0x00, 0x00, 0x00, 0x00, 0x00, 0x00, 0x00, 0x00,
  0x00, 0x00, 0x00, 0x00, 0x00, 0x00, 0x00, 0x00, 0x00, 0x00, 0x00, 0x00,
  0x00, 0x00, 0x00, 0x00, 0x00, 0x00, 0x00, 0x00, 0x00, 0x00, 0x00, 0x00,
  0x00, 0x00, 0x00, 0x00, 0x00, 0x00, 0x00, 0x00, 0x00, 0x00, 0x00, 0x00,
  0x00, 0x00, 0x00, 0x00, 0x00, 0x00, 0x00, 0x00, 0x00, 0x00, 0x00, 0x00,
  0x00, 0x00, 0x00, 0x00, 0x00, 0x00, 0x00, 0x00, 0x00, 0x00, 0x00, 0x00,
  0x00, 0x00, 0x00, 0x00, 0x00, 0x00, 0x00, 0x00, 0x00, 0x00, 0x00, 0x00,
  0x00, 0x00, 0x00, 0x00, 0x00, 0x00, 0x00, 0x00, 0x00, 0x00, 0x00, 0x00,
  0x00, 0x00, 0x00, 0x00, 0x00, 0x00, 0x00, 0x00, 0x00, 0x00, 0x00, 0x00,
  0x00, 0x00, 0x00, 0x00, 0x00, 0x00, 0x00, 0x00, 0x00, 0x00, 0x00, 0x00,
  0x00, 0x00, 0x00, 0x00, 0x00, 0x00, 0x00, 0x00, 0x00, 0x00, 0x00, 0x00,
  0x00, 0x00, 0x00, 0x00, 0x00, 0x00, 0x00, 0x00, 0x00, 0x00, 0x00, 0x00,
  0x00, 0x00, 0x00, 0x00, 0x00, 0x00, 0x00, 0x00, 0x00, 0x00, 0x00, 0x00,
  0x00, 0x00, 0x00, 0x00, 0x00, 0x00, 0x00, 0x00, 0x00, 0x00, 0x00, 0x00,
  0x00, 0x00, 0x00, 0x00, 0x00, 0x00, 0x00, 0x00, 0x00, 0x00, 0x00, 0x00,
  0x00, 0x00, 0x00, 0x00, 0x00, 0x00, 0x00, 0x00, 0x00, 0x00, 0x00, 0x00,
  0x00, 0x00, 0x00, 0x00, 0x00, 0x00, 0x00, 0x00, 0x00, 0x00, 0x00, 0x00,
  0x00, 0x00, 0x00, 0x00, 0x00, 0x00, 0x00, 0x00, 0x00, 0x00, 0x00, 0x00,
  0x00, 0x00, 0x00, 0x00, 0x00, 0x00, 0x00, 0x00, 0x00, 0x00, 0x00, 0x00,
  0x00, 0x00, 0x00, 0x00, 0x00, 0x00, 0x00, 0x00, 0x00, 0x00, 0x00, 0x00,
  0x00, 0x00, 0x00, 0x00, 0x00, 0x00, 0x00, 0x00, 0x00, 0x00, 0x00, 0x00,
  0x00, 0x00, 0x00, 0x00, 0x00, 0x00, 0x00, 0x00, 0x00, 0x00, 0x00, 0x00,
  0x00, 0x00, 0x00, 0x00, 0x00, 0x00, 0x00, 0x00, 0x00, 0x00, 0x00, 0x00,
  0x00, 0x00, 0x00, 0x00, 0x00, 0x00, 0x00, 0x00, 0x00, 0x00, 0x00, 0x00,
  0x00, 0x00, 0x00, 0x00, 0x00, 0x00, 0x00, 0x00, 0x00, 0x00, 0x00, 0x00,
  0x00, 0x00, 0x00, 0x00, 0x00, 0x00, 0x00, 0x00, 0x00, 0x00, 0x00, 0x00,
  0x00, 0x00, 0x00, 0x00, 0x00, 0x00, 0x00, 0x00, 0x00, 0x00, 0x00, 0x00,
  0x00, 0x00, 0x00, 0x00, 0x00, 0x00, 0x00, 0x00, 0x00, 0x00, 0x00, 0x00,
  0x00, 0x00, 0x00, 0x00, 0x00, 0x00, 0x00, 0x00, 0x00, 0x00, 0x00, 0x00,
  0x00, 0x00, 0x00, 0x00, 0x00, 0x00, 0x00, 0x00, 0x00, 0x00, 0x00, 0x00,
  0x00, 0x00, 0x00, 0x00, 0x00, 0x00, 0x00, 0x00, 0x00, 0x00, 0x00, 0x00,
  0x00, 0x00, 0x00, 0x00, 0x00, 0x00, 0x00, 0x00, 0x00, 0x00, 0x00, 0x00,
  0x00, 0x00, 0x00, 0x00, 0x00, 0x00, 0x00, 0x00, 0x00, 0x00, 0x00, 0x00,
  0x00, 0x00, 0x00, 0x00, 0x00, 0x00, 0x00, 0x00, 0x00, 0x00, 0x00, 0x00,
  0x00, 0x00, 0x00, 0x00, 0x00, 0x00, 0x00, 0x00, 0x00, 0x00, 0x00, 0x00,
  0x00, 0x00, 0x00, 0x00, 0x00, 0x00, 0x00, 0x00, 0x00, 0x00, 0x00, 0x00,
  0x00, 0x00, 0x00, 0x00, 0x00, 0x00, 0x00, 0x00, 0x00, 0x00, 0x00, 0x00,
  0x00, 0x00, 0x00, 0x00, 0x00, 0x00, 0x00, 0x00, 0x00, 0x00, 0x00, 0x00,
  0x00, 0x00, 0x00, 0x00, 0x00, 0x00, 0x00, 0x00, 0x00, 0x00, 0x00, 0x00,
  0x00, 0x00, 0x00, 0x00, 0x00, 0x00, 0x00, 0x00, 0x00, 0x00, 0x00, 0x00,
  0x00, 0x00, 0x00, 0x00, 0x00, 0x00, 0x00, 0x00, 0x00, 0x00, 0x00, 0x00,
  0x00, 0x00, 0x00, 0x00, 0x00, 0x00, 0x00, 0x00, 0x00, 0x00, 0x00, 0x00,
  0x00, 0x00, 0x00, 0x00, 0x00, 0x00, 0x00, 0x00, 0x00, 0x00, 0x00, 0x00,
  0x00, 0x00, 0x00, 0x00, 0x00, 0x00, 0x00, 0x00, 0x04, 0x00, 0x00, 0x00,
  0x14, 0x00, 0x00, 0x00, 0x03, 0x00, 0x00, 0x00, 0x47, 0x4e, 0x55, 0x00,
  0x82, 0x4c, 0xf8, 0xab, 0xc4, 0xa6, 0x87, 0xb9, 0x6d, 0x9f, 0xb3, 0xe6,
  0x01, 0x12, 0x29, 0xdc, 0x0c, 0x22, 0xe1, 0x72, 0x00, 0x00, 0x00, 0x00,
  0x03, 0x00, 0x00, 0x00, 0x1e, 0x00, 0x00, 0x00, 0x01, 0x00, 0x00, 0x00,
  0x06, 0x00, 0x00, 0x00, 0x8a, 0x42, 0x33, 0x99, 0x60, 0x04, 0x40, 0x0c,
  0x1e, 0x00, 0x00, 0x00, 0x21, 0x00, 0x00, 0x00, 0x25, 0x00, 0x00, 0x00,
  0x42, 0x45, 0xd5, 0xec, 0xd0, 0x50, 0x21, 0x95, 0xbb, 0xe3, 0x92, 0x7c,
  0x88, 0xda, 0xfc, 0x69, 0x8e, 0xdd, 0xd8, 0xfa, 0xd8, 0x71, 0x58, 0x1c,
  0x81, 0x7e, 0x74, 0x7d, 0xd0, 0xb7, 0x5d, 0x01, 0x9a, 0x19, 0x90, 0xdd,
  0x9c, 0x8a, 0x6a, 0x16, 0x55, 0x19, 0x09, 0xb8, 0x00, 0x00, 0x00, 0x00,
  0x00, 0x00, 0x00, 0x00, 0x00, 0x00, 0x00, 0x00, 0x00, 0x00, 0x00, 0x00,
  0x00, 0x00, 0x00, 0x00, 0x00, 0x00, 0x00, 0x00, 0x7c, 0x00, 0x00, 0x00,
  0x12, 0x00, 0x00, 0x00, 0x00, 0x00, 0x00, 0x00, 0x00, 0x00, 0x00, 0x00,
  0x00, 0x00, 0x00, 0x00, 0x00, 0x00, 0x00, 0x00, 0x8a, 0x00, 0x00, 0x00,
  0x12, 0x00, 0x00, 0x00, 0x00, 0x00, 0x00, 0x00, 0x00, 0x00, 0x00, 0x00,
  0x00, 0x00, 0x00, 0x00, 0x00, 0x00, 0x00, 0x00, 0x64, 0x00, 0x00, 0x00,
  0x12, 0x00, 0x00, 0x00, 0x00, 0x00, 0x00, 0x00, 0x00, 0x00, 0x00, 0x00,
  0x00, 0x00, 0x00, 0x00, 0x00, 0x00, 0x00, 0x00, 0x29, 0x01, 0x00, 0x00,
  0x12, 0x00, 0x00, 0x00, 0x00, 0x00, 0x00, 0x00, 0x00, 0x00, 0x00, 0x00,
  0x00, 0x00, 0x00, 0x00, 0x00, 0x00, 0x00, 0x00, 0x0e, 0x01, 0x00, 0x00,
  0x12, 0x00, 0x00, 0x00, 0x00, 0x00, 0x00, 0x00, 0x00, 0x00, 0x00, 0x00,
  0x00, 0x00, 0x00, 0x00, 0x00, 0x00, 0x00, 0x00, 0xed, 0x00, 0x00, 0x00,
  0x12, 0x00, 0x00, 0x00, 0x00, 0x00, 0x00, 0x00, 0x00, 0x00, 0x00, 0x00,
  0x00, 0x00, 0x00, 0x00, 0x00, 0x00, 0x00, 0x00, 0x10, 0x00, 0x00, 0x00,
  0x20, 0x00, 0x00, 0x00, 0x00, 0x00, 0x00, 0x00, 0x00, 0x00, 0x00, 0x00,
  0x00, 0x00, 0x00, 0x00, 0x00, 0x00, 0x00, 0x00, 0x52, 0x01, 0x00, 0x00,
  0x12, 0x00, 0x00, 0x00, 0x00, 0x00, 0x00, 0x00, 0x00, 0x00, 0x00, 0x00,
  0x00, 0x00, 0x00, 0x00, 0x00, 0x00, 0x00, 0x00, 0x1b, 0x01, 0x00, 0x00,
  0x12, 0x00, 0x00, 0x00, 0x00, 0x00, 0x00, 0x00, 0x00, 0x00, 0x00, 0x00,
  0x00, 0x00, 0x00, 0x00, 0x00, 0x00, 0x00, 0x00, 0xd1, 0x00, 0x00, 0x00,
  0x12, 0x00, 0x00, 0x00, 0x00, 0x00, 0x00, 0x00, 0x00, 0x00, 0x00, 0x00,
  0x00, 0x00, 0x00, 0x00, 0x00, 0x00, 0x00, 0x00, 0x83, 0x00, 0x00, 0x00,
  0x12, 0x00, 0x00, 0x00, 0x00, 0x00, 0x00, 0x00, 0x00, 0x00, 0x00, 0x00,
  0x00, 0x00, 0x00, 0x00, 0x00, 0x00, 0x00, 0x00, 0x41, 0x01, 0x00, 0x00,
  0x12, 0x00, 0x00, 0x00, 0x00, 0x00, 0x00, 0x00, 0x00, 0x00, 0x00, 0x00,
  0x00, 0x00, 0x00, 0x00, 0x00, 0x00, 0x00, 0x00, 0x69, 0x00, 0x00, 0x00,
  0x12, 0x00, 0x00, 0x00, 0x00, 0x00, 0x00, 0x00, 0x00, 0x00, 0x00, 0x00,
  0x00, 0x00, 0x00, 0x00, 0x00, 0x00, 0x00, 0x00, 0xd2, 0x00, 0x00, 0x00,
  0x12, 0x00, 0x00, 0x00, 0x00, 0x00, 0x00, 0x00, 0x00, 0x00, 0x00, 0x00,
  0x00, 0x00, 0x00, 0x00, 0x00, 0x00, 0x00, 0x00, 0xca, 0x00, 0x00, 0x00,
  0x12, 0x00, 0x00, 0x00, 0x00, 0x00, 0x00, 0x00, 0x00, 0x00, 0x00, 0x00,
  0x00, 0x00, 0x00, 0x00, 0x00, 0x00, 0x00, 0x00, 0x01, 0x00, 0x00, 0x00,
  0x20, 0x00, 0x00, 0x00, 0x00, 0x00, 0x00, 0x00, 0x00, 0x00, 0x00, 0x00,
  0x00, 0x00, 0x00, 0x00, 0x00, 0x00, 0x00, 0x00, 0x09, 0x01, 0x00, 0x00,
  0x12, 0x00, 0x00, 0x00, 0x00, 0x00, 0x00, 0x00, 0x00, 0x00, 0x00, 0x00,
  0x00, 0x00, 0x00, 0x00, 0x00, 0x00, 0x00, 0x00, 0x01, 0x01, 0x00, 0x00,
  0x12, 0x00, 0x00, 0x00, 0x00, 0x00, 0x00, 0x00, 0x00, 0x00, 0x00, 0x00,
  0x00, 0x00, 0x00, 0x00, 0x00, 0x00, 0x00, 0x00, 0x99, 0x00, 0x00, 0x00,
  0x12, 0x00, 0x00, 0x00, 0x00, 0x00, 0x00, 0x00, 0x00, 0x00, 0x00, 0x00,
  0x00, 0x00, 0x00, 0x00, 0x00, 0x00, 0x00, 0x00, 0xb9, 0x00, 0x00, 0x00,
  0x12, 0x00, 0x00, 0x00, 0x00, 0x00, 0x00, 0x00, 0x00, 0x00, 0x00, 0x00,
  0x00, 0x00, 0x00, 0x00, 0x00, 0x00, 0x00, 0x00, 0xb1, 0x00, 0x00, 0x00,
  0x12, 0x00, 0x00, 0x00, 0x00, 0x00, 0x00, 0x00, 0x00, 0x00, 0x00, 0x00,
  0x00, 0x00, 0x00, 0x00, 0x00, 0x00, 0x00, 0x00, 0xb8, 0x00, 0x00, 0x00,
  0x12, 0x00, 0x00, 0x00, 0x00, 0x00, 0x00, 0x00, 0x00, 0x00, 0x00, 0x00,
  0x00, 0x00, 0x00, 0x00, 0x00, 0x00, 0x00, 0x00, 0x3a, 0x01, 0x00, 0x00,
  0x12, 0x00, 0x00, 0x00, 0x00, 0x00, 0x00, 0x00, 0x00, 0x00, 0x00, 0x00,
  0x00, 0x00, 0x00, 0x00, 0x00, 0x00, 0x00, 0x00, 0x84, 0x01, 0x00, 0x00,
  0x12, 0x00, 0x00, 0x00, 0x00, 0x00, 0x00, 0x00, 0x00, 0x00, 0x00, 0x00,
  0x00, 0x00, 0x00, 0x00, 0x00, 0x00, 0x00, 0x00, 0x24, 0x01, 0x00, 0x00,
  0x12, 0x00, 0x00, 0x00, 0x00, 0x00, 0x00, 0x00, 0x00, 0x00, 0x00, 0x00,
  0x00, 0x00, 0x00, 0x00, 0x00, 0x00, 0x00, 0x00, 0x66, 0x01, 0x00, 0x00,
  0x12, 0x00, 0x00, 0x00, 0x00, 0x00, 0x00, 0x00, 0x00, 0x00, 0x00, 0x00,
  0x00, 0x00, 0x00, 0x00, 0x00, 0x00, 0x00, 0x00, 0x2c, 0x00, 0x00, 0x00,
  0x20, 0x00, 0x00, 0x00, 0x00, 0x00, 0x00, 0x00, 0x00, 0x00, 0x00, 0x00,
  0x00, 0x00, 0x00, 0x00, 0x00, 0x00, 0x00, 0x00, 0x15, 0x01, 0x00, 0x00,
  0x12, 0x00, 0x00, 0x00, 0x00, 0x00, 0x00, 0x00, 0x00, 0x00, 0x00, 0x00,
  0x00, 0x00, 0x00, 0x00, 0x00, 0x00, 0x00, 0x00, 0x46, 0x00, 0x00, 0x00,
  0x22, 0x00, 0x00, 0x00, 0x00, 0x00, 0x00, 0x00, 0x00, 0x00, 0x00, 0x00,
  0x00, 0x00, 0x00, 0x00, 0x00, 0x00, 0x00, 0x00, 0x91, 0x01, 0x00, 0x00,
  0x10, 0x00, 0x13, 0x00, 0x00, 0x30, 0x20, 0x00, 0x00, 0x00, 0x00, 0x00,
  0x00, 0x00, 0x00, 0x00, 0x00, 0x00, 0x00, 0x00, 0x58, 0x01, 0x00, 0x00,
  0x12, 0x00, 0x08, 0x00, 0xa0, 0x1a, 0x00, 0x00, 0x00, 0x00, 0x00, 0x00,
  0xc0, 0x00, 0x00, 0x00, 0x00, 0x00, 0x00, 0x00, 0xa4, 0x01, 0x00, 0x00,
  0x10, 0x00, 0x13, 0x00, 0x20, 0x30, 0x20, 0x00, 0x00, 0x00, 0x00, 0x00,
  0x00, 0x00, 0x00, 0x00, 0x00, 0x00, 0x00, 0x00, 0xd8, 0x00, 0x00, 0x00,
  0x12, 0x00, 0x08, 0x00, 0xd0, 0x13, 0x00, 0x00, 0x00, 0x00, 0x00, 0x00,
  0xfe, 0x01, 0x00, 0x00, 0x00, 0x00, 0x00, 0x00, 0xf5, 0x00, 0x00, 0x00,
  0x12, 0x00, 0x08, 0x00, 0xd0, 0x15, 0x00, 0x00, 0x00, 0x00, 0x00, 0x00,
  0xfc, 0x01, 0x00, 0x00, 0x00, 0x00, 0x00, 0x00, 0x98, 0x01, 0x00, 0x00,
  0x10, 0x00, 0x13, 0x00, 0x00, 0x30, 0x20, 0x00, 0x00, 0x00, 0x00, 0x00,
  0x00, 0x00, 0x00, 0x00, 0x00, 0x00, 0x00, 0x00, 0xbe, 0x00, 0x00, 0x00,
  0x12, 0x00, 0x08, 0x00, 0x10, 0x19, 0x00, 0x00, 0x00, 0x00, 0x00, 0x00,
  0x88, 0x01, 0x00, 0x00, 0x00, 0x00, 0x00, 0x00, 0x6d, 0x01, 0x00, 0x00,
  0x12, 0x00, 0x08, 0x00, 0xf0, 0x1b, 0x00, 0x00, 0x00, 0x00, 0x00, 0x00,
  0xc6, 0x00, 0x00, 0x00, 0x00, 0x00, 0x00, 0x00, 0xa0, 0x00, 0x00, 0x00,
  0x12, 0x00, 0x08, 0x00, 0x70, 0x12, 0x00, 0x00, 0x00, 0x00, 0x00, 0x00,
  0x5d, 0x01, 0x00, 0x00, 0x00, 0x00, 0x00, 0x00, 0x55, 0x00, 0x00, 0x00,
  0x12, 0x00, 0x08, 0x00, 0xb0, 0x10, 0x00, 0x00, 0x00, 0x00, 0x00, 0x00,
  0x51, 0x00, 0x00, 0x00, 0x00, 0x00, 0x00, 0x00, 0x70, 0x00, 0x00, 0x00,
  0x12, 0x00, 0x08, 0x00, 0x40, 0x11, 0x00, 0x00, 0x00, 0x00, 0x00, 0x00,
  0x22, 0x01, 0x00, 0x00, 0x00, 0x00, 0x00, 0x00, 0x00, 0x5f, 0x5f, 0x67,
  0x6d, 0x6f, 0x6e, 0x5f, 0x73, 0x74, 0x61, 0x72, 0x74, 0x5f, 0x5f, 0x00,
  0x5f, 0x49, 0x54, 0x4d, 0x5f, 0x64, 0x65, 0x72, 0x65, 0x67, 0x69, 0x73,
  0x74, 0x65, 0x72, 0x54, 0x4d, 0x43, 0x6c, 0x6f, 0x6e, 0x65, 0x54, 0x61,
  0x62, 0x6c, 0x65, 0x00, 0x5f, 0x49, 0x54, 0x4d, 0x5f, 0x72, 0x65, 0x67,
  0x69, 0x73, 0x74, 0x65, 0x72, 0x54, 0x4d, 0x43, 0x6c, 0x6f, 0x6e, 0x65,
  0x54, 0x61, 0x62, 0x6c, 0x65, 0x00, 0x5f, 0x5f, 0x63, 0x78, 0x61, 0x5f,
  0x66, 0x69, 0x6e, 0x61, 0x6c, 0x69, 0x7a, 0x65, 0x00, 0x58, 0x61, 0x75,
  0x44, 0x69, 0x73, 0x70, 0x6f, 0x73, 0x65, 0x41, 0x75, 0x74, 0x68, 0x00,
  0x66, 0x72, 0x65, 0x65, 0x00, 0x6d, 0x65, 0x6d, 0x73, 0x65, 0x74, 0x00,
  0x58, 0x61, 0x75, 0x46, 0x69, 0x6c, 0x65, 0x4e, 0x61, 0x6d, 0x65, 0x00,
  0x67, 0x65, 0x74, 0x65, 0x6e, 0x76, 0x00, 0x73, 0x74, 0x72, 0x6c, 0x65,
  0x6e, 0x00, 0x5f, 0x5f, 0x73, 0x6e, 0x70, 0x72, 0x69, 0x6e, 0x74, 0x66,
  0x5f, 0x63, 0x68, 0x6b, 0x00, 0x6d, 0x61, 0x6c, 0x6c, 0x6f, 0x63, 0x00,
  0x58, 0x61, 0x75, 0x47, 0x65, 0x74, 0x41, 0x75, 0x74, 0x68, 0x42, 0x79,
  0x41, 0x64, 0x64, 0x72, 0x00, 0x61, 0x63, 0x63, 0x65, 0x73, 0x73, 0x00,
  0x66, 0x6f, 0x70, 0x65, 0x6e, 0x00, 0x58, 0x61, 0x75, 0x52, 0x65, 0x61,
  0x64, 0x41, 0x75, 0x74, 0x68, 0x00, 0x6d, 0x65, 0x6d, 0x63, 0x6d, 0x70,
  0x00, 0x66, 0x63, 0x6c, 0x6f, 0x73, 0x65, 0x00, 0x58, 0x61, 0x75, 0x47,
  0x65, 0x74, 0x42, 0x65, 0x73, 0x74, 0x41, 0x75, 0x74, 0x68, 0x42, 0x79,
  0x41, 0x64, 0x64, 0x72, 0x00, 0x73, 0x74, 0x72, 0x6e, 0x63, 0x6d, 0x70,
  0x00, 0x58, 0x61, 0x75, 0x4c, 0x6f, 0x63, 0x6b, 0x41, 0x75, 0x74, 0x68,
  0x00, 0x5f, 0x5f, 0x78, 0x73, 0x74, 0x61, 0x74, 0x00, 0x74, 0x69, 0x6d,
  0x65, 0x00, 0x72, 0x65, 0x6d, 0x6f, 0x76, 0x65, 0x00, 0x73, 0x6c, 0x65,
  0x65, 0x70, 0x00, 0x70, 0x61, 0x74, 0x68, 0x63, 0x6f, 0x6e, 0x66, 0x00,
  0x6c, 0x69, 0x6e, 0x6b, 0x00, 0x5f, 0x5f, 0x65, 0x72, 0x72, 0x6e, 0x6f,
  0x5f, 0x6c, 0x6f, 0x63, 0x61, 0x74, 0x69, 0x6f, 0x6e, 0x00, 0x72, 0x65,
  0x6e, 0x61, 0x6d, 0x65, 0x00, 0x5f, 0x5f, 0x73, 0x74, 0x61, 0x63, 0x6b,
  0x5f, 0x63, 0x68, 0x6b, 0x5f, 0x66, 0x61, 0x69, 0x6c, 0x00, 0x66, 0x72,
  0x65, 0x61, 0x64, 0x00, 0x58, 0x61, 0x75, 0x55, 0x6e, 0x6c, 0x6f, 0x63,
  0x6b, 0x41, 0x75, 0x74, 0x68, 0x00, 0x66, 0x77, 0x72, 0x69, 0x74, 0x65,
  0x00, 0x58, 0x61, 0x75, 0x57, 0x72, 0x69, 0x74, 0x65, 0x41, 0x75, 0x74,
  0x68, 0x00, 0x6c, 0x69, 0x62, 0x63, 0x2e, 0x73, 0x6f, 0x2e, 0x36, 0x00,
  0x5f, 0x5f, 0x63, 0x78, 0x61, 0x5f, 0x61, 0x74, 0x65, 0x78, 0x69, 0x74,
  0x00, 0x5f, 0x65, 0x64, 0x61, 0x74, 0x61, 0x00, 0x5f, 0x5f, 0x62, 0x73,
  0x73, 0x5f, 0x73, 0x74, 0x61, 0x72, 0x74, 0x00, 0x5f, 0x65, 0x6e, 0x64,
  0x00, 0x6c, 0x69, 0x62, 0x58, 0x61, 0x75, 0x2e, 0x73, 0x6f, 0x2e, 0x36,
  0x00, 0x47, 0x4c, 0x49, 0x42, 0x43, 0x5f, 0x32, 0x2e, 0x34, 0x00, 0x47,
  0x4c, 0x49, 0x42, 0x43, 0x5f, 0x32, 0x2e, 0x33, 0x2e, 0x34, 0x00, 0x47,
  0x4c, 0x49, 0x42, 0x43, 0x5f, 0x32, 0x2e, 0x32, 0x2e, 0x35, 0x00, 0x6c,
  0x69, 0x62, 0x58, 0x61, 0x75, 0x2d, 0x31, 0x35, 0x34, 0x35, 0x36, 0x37,
  0x63, 0x34, 0x2e, 0x73, 0x6f, 0x2e, 0x36, 0x2e, 0x30, 0x2e, 0x30, 0x00,
  0x00
};
unsigned int __libXau_154567c4_so_6_0_0_len = 22081;
